league_id,team,source_team,rating_date,fifa_version,sofifa_player_count,sofifa_top11_overall,sofifa_top15_overall,sofifa_best_gk,sofifa_top4_def,sofifa_top4_mid,sofifa_top3_att
2,AC Milan,Milan,2014-09-18,15,27,80.0,79.06666666666666,83.0,78.5,80.0,79.66666666666667
2,AC Milan,Milan,2015-09-21,16,28,80.0909090909091,79.33333333333333,82.0,79.0,79.0,81.0
2,AC Milan,Milan,2016-09-20,17,27,79.54545454545455,79.06666666666666,76.0,78.0,80.5,80.33333333333333
2,AC Milan,Milan,2017-09-18,18,31,81.9090909090909,80.86666666666666,82.0,83.0,80.75,80.33333333333333
2,AC Milan,Milan,2018-08-21,19,29,82.18181818181819,81.33333333333333,83.0,80.5,81.75,82.33333333333333
2,AC Milan,Milan,2019-09-19,20,29,81.45454545454545,80.86666666666666,85.0,80.75,81.0,80.33333333333333
2,AC Milan,Milan,2020-09-23,21,30,80.0909090909091,79.2,85.0,80.25,78.5,77.0
2,AC Milan,Milan,2021-09-23,22,28,82.0,80.93333333333334,84.0,82.5,81.25,77.0
2,AC Milan,Milan,2022-09-26,23,31,82.9090909090909,81.66666666666667,87.0,82.75,82.5,80.66666666666667
2,AC Milan,Milan,2023-09-22,24,27,82.54545454545455,81.2,87.0,82.75,80.5,81.66666666666667
2,AC Milan,Milano FC,2024-09-27,25,26,83.27272727272727,82.06666666666666,87.0,82.0,81.75,84.0
5,Ajaccio,Ajaccio,2022-09-26,23,28,71.27272727272727,70.8,73.0,70.5,72.0,67.33333333333333
4,Alaves,Deportivo Alavés,2016-09-20,17,30,75.45454545454545,74.86666666666666,76.0,76.25,74.5,72.66666666666667
4,Alaves,Deportivo Alavés,2017-09-18,18,31,76.0909090909091,75.53333333333333,77.0,75.0,77.0,65.66666666666667
4,Alaves,Deportivo Alavés,2018-08-21,19,23,76.81818181818181,76.26666666666667,79.0,75.25,77.5,79.0
4,Alaves,Deportivo Alavés,2019-09-19,20,33,77.27272727272727,76.66666666666667,82.0,77.25,77.0,72.33333333333333
4,Alaves,Deportivo Alavés,2020-09-23,21,33,76.81818181818181,76.13333333333334,82.0,76.75,75.25,76.33333333333333
4,Alaves,Deportivo Alavés,2021-09-23,22,27,75.9090909090909,75.0,80.0,76.75,74.25,72.66666666666667
4,Alaves,Deportivo Alavés,2023-09-22,24,28,74.0909090909091,73.13333333333334,73.0,74.75,74.0,71.33333333333333
4,Alaves,D. Alavés,2024-09-27,25,25,74.54545454545455,74.0,74.0,73.25,75.25,74.33333333333333
4,Almeria,Almería,2014-09-18,15,30,72.81818181818181,72.13333333333334,74.0,72.0,73.0,67.33333333333333
4,Almeria,Almería,2022-09-26,23,31,75.0909090909091,74.26666666666667,78.0,73.5,75.25,71.66666666666667
4,Almeria,Almería,2023-09-22,24,30,76.45454545454545,75.6,78.0,75.75,76.5,65.66666666666667
5,Amiens,Amiens SC,2017-09-18,18,33,73.72727272727273,73.06666666666666,73.0,72.75,74.5,72.33333333333333
5,Amiens,Amiens SC,2018-08-21,19,28,74.0909090909091,73.06666666666666,77.0,73.75,73.75,69.0
5,Amiens,Amiens SC,2019-09-19,20,32,74.36363636363636,73.73333333333333,77.0,72.5,75.0,69.0
5,Angers,Angers SCO,2015-09-21,16,30,69.54545454545455,68.4,71.0,68.0,70.25,68.0
5,Angers,Angers SCO,2016-09-20,17,31,74.18181818181819,73.26666666666667,73.0,73.5,75.5,68.66666666666667
5,Angers,Angers SCO,2017-09-18,18,29,75.72727272727273,74.66666666666667,76.0,75.5,76.25,68.66666666666667
5,Angers,Angers SCO,2018-08-21,19,29,74.72727272727273,74.0,75.0,74.75,75.0,68.0
5,Angers,Angers SCO,2019-09-19,20,31,74.81818181818181,74.33333333333333,74.0,74.5,76.0,72.66666666666667
5,Angers,Angers SCO,2020-09-23,21,33,74.63636363636364,74.06666666666666,78.0,75.25,74.0,68.0
5,Angers,Angers SCO,2021-09-23,22,30,75.0,74.26666666666667,77.0,75.0,75.0,68.0
5,Angers,Angers SCO,2022-09-26,23,31,73.45454545454545,72.73333333333333,76.0,73.0,74.25,65.0
5,Angers,Angers SCO,2024-09-27,25,29,71.45454545454545,70.73333333333333,72.0,70.0,71.75,70.66666666666667
3,Arminia Bielefeld,DSC Arminia Bielefeld,2020-09-23,21,29,72.72727272727273,71.93333333333334,75.0,72.75,70.75,73.0
3,Arminia Bielefeld,DSC Arminia Bielefeld,2021-09-23,22,25,73.36363636363636,72.6,78.0,73.5,72.0,72.5
1,Arsenal,Arsenal,2014-09-18,15,33,82.0909090909091,81.2,80.0,80.5,83.5,77.33333333333333
1,Arsenal,Arsenal,2015-09-21,16,33,83.18181818181819,82.33333333333333,85.0,81.5,83.75,74.0
1,Arsenal,Arsenal,2016-09-20,17,33,84.81818181818181,83.73333333333333,88.0,83.0,86.5,77.66666666666667
1,Arsenal,Arsenal,2017-09-18,18,33,84.18181818181819,83.2,86.0,82.5,85.5,82.33333333333333
1,Arsenal,Arsenal,2018-08-21,19,33,83.45454545454545,82.53333333333333,84.0,82.0,83.25,78.66666666666667
1,Arsenal,Arsenal,2019-09-19,20,33,83.36363636363636,82.26666666666667,84.0,81.5,84.25,71.0
1,Arsenal,Arsenal,2020-09-23,21,33,82.0,81.0,85.0,79.25,81.75,80.33333333333333
1,Arsenal,Arsenal,2021-09-23,22,33,81.0,79.73333333333333,83.0,79.0,82.75,73.33333333333333
1,Arsenal,Arsenal,2022-09-26,23,29,81.36363636363636,80.53333333333333,82.0,80.25,82.5,76.33333333333333
1,Arsenal,Arsenal,2023-09-22,24,31,84.27272727272727,83.2,84.0,81.75,85.75,80.0
1,Arsenal,Arsenal,2024-09-27,25,28,85.18181818181819,84.26666666666667,83.0,84.0,85.75,84.33333333333333
1,Aston Villa,Aston Villa,2014-09-18,15,33,75.72727272727273,75.0,78.0,74.75,75.0,75.66666666666667
1,Aston Villa,Aston Villa,2015-09-21,16,30,76.45454545454545,75.8,78.0,77.0,76.25,73.33333333333333
1,Aston Villa,Aston Villa,2019-09-19,20,33,76.27272727272727,75.6,80.0,75.0,75.5,76.66666666666667
1,Aston Villa,Aston Villa,2020-09-23,21,33,76.63636363636364,76.2,78.0,75.5,76.75,76.0
1,Aston Villa,Aston Villa,2021-09-23,22,31,79.18181818181819,78.46666666666667,84.0,78.0,79.0,76.0
1,Aston Villa,Aston Villa,2022-09-26,23,32,80.63636363636364,79.93333333333334,84.0,80.75,80.5,75.66666666666667
1,Aston Villa,Aston Villa,2023-09-22,24,33,81.27272727272727,80.66666666666667,85.0,80.75,81.5,67.33333333333333
1,Aston Villa,Aston Villa,2024-09-27,25,28,81.81818181818181,80.93333333333334,87.0,80.5,81.75,79.5
2,Atalanta,Atalanta,2014-09-18,15,29,74.27272727272727,73.4,72.0,72.75,75.25,73.0
2,Atalanta,Atalanta,2015-09-21,16,28,75.9090909090909,75.33333333333333,75.0,75.75,76.0,72.33333333333333
2,Atalanta,Atalanta,2016-09-20,17,29,76.54545454545455,75.6,82.0,75.25,73.25,78.0
2,Atalanta,Atalanta,2017-09-18,18,28,77.0909090909091,75.93333333333334,78.0,76.5,76.5,76.66666666666667
2,Atalanta,Atalanta,2018-08-21,19,29,78.18181818181819,76.93333333333334,78.0,77.0,77.75,79.0
2,Atalanta,Atalanta,2019-09-19,20,28,79.9090909090909,79.06666666666666,77.0,78.25,80.0,82.0
2,Atalanta,Atalanta,2020-09-23,21,33,80.72727272727273,79.73333333333333,79.0,76.75,82.0,82.0
2,Atalanta,Atalanta,2021-09-23,22,25,81.45454545454545,80.66666666666667,81.0,80.75,80.25,83.0
2,Atalanta,Atalanta,2022-09-26,23,25,80.72727272727273,79.66666666666667,81.0,80.0,80.0,77.33333333333333
2,Atalanta,Atalanta,2023-09-22,24,25,79.36363636363636,78.8,79.0,79.25,79.5,76.0
2,Atalanta,Bergamo Calcio,2024-09-27,25,26,79.9090909090909,79.4,82.0,79.5,79.5,79.0
4,Athletic Club,Athletic Club,2014-09-18,15,33,79.54545454545455,78.73333333333333,78.0,79.5,80.25,76.0
4,Athletic Club,Athletic Club,2015-09-21,16,25,80.0909090909091,79.26666666666667,79.0,80.5,79.0,80.0
4,Athletic Club,Athletic Club,2016-09-20,17,30,81.0909090909091,80.13333333333334,79.0,81.5,80.5,80.66666666666667
4,Athletic Club,Athletic Club,2017-09-18,18,28,81.0,80.06666666666666,80.0,80.5,81.0,81.0
4,Athletic Club,Athletic Club,2018-08-21,19,33,80.0909090909091,79.33333333333333,78.0,78.25,80.75,81.33333333333333
4,Athletic Club,Athletic Club,2019-09-19,20,33,80.54545454545455,79.8,79.0,79.25,81.0,80.33333333333333
4,Athletic Club,Athletic Club,2020-09-23,21,31,80.36363636363636,79.6,80.0,81.0,79.75,79.0
4,Athletic Club,Athletic Club,2021-09-23,22,30,80.72727272727273,79.33333333333333,82.0,81.0,80.25,73.66666666666667
4,Athletic Club,Athletic Club,2022-09-26,23,30,80.45454545454545,79.26666666666667,83.0,80.25,80.0,77.33333333333333
4,Athletic Club,Athletic Club,2023-09-22,24,27,80.27272727272727,79.4,83.0,79.75,80.75,75.0
4,Athletic Club,Athletic Club,2024-09-27,25,26,81.45454545454545,80.33333333333333,86.0,80.25,82.5,72.5
4,Atletico Madrid,Atlético Madrid,2014-09-18,15,29,81.63636363636364,80.8,78.0,81.0,82.5,79.0
4,Atletico Madrid,Atlético Madrid,2015-09-21,16,25,82.0,81.13333333333334,81.0,82.25,81.75,80.66666666666667
4,Atletico Madrid,Atlético Madrid,2016-09-20,17,29,84.54545454545455,83.66666666666667,87.0,84.75,83.25,84.0
4,Atletico Madrid,Atlético Madrid,2017-09-18,18,32,84.72727272727273,83.8,88.0,84.75,83.5,84.0
4,Atletico Madrid,Atlético Madrid,2018-08-21,19,30,85.63636363636364,84.66666666666667,90.0,85.5,83.75,84.33333333333333
4,Atletico Madrid,Atlético Madrid,2019-09-19,20,33,84.0909090909091,83.2,91.0,82.75,83.75,82.0
4,Atletico Madrid,Atlético Madrid,2020-09-23,21,33,83.9090909090909,83.13333333333334,91.0,83.75,83.25,81.0
4,Atletico Madrid,Atlético Madrid,2021-09-23,22,32,85.27272727272727,84.53333333333333,91.0,84.0,84.5,85.33333333333333
4,Atletico Madrid,Atlético Madrid,2022-09-26,23,33,84.0909090909091,83.26666666666667,89.0,83.25,83.75,82.33333333333333
4,Atletico Madrid,Atlético Madrid,2023-09-22,24,33,84.0,83.4,88.0,82.75,83.0,85.0
4,Atletico Madrid,Atlético de Madrid,2024-09-27,25,27,83.81818181818181,82.86666666666666,88.0,82.0,82.75,84.66666666666667
3,Augsburg,FC Augsburg,2014-09-18,15,31,73.63636363636364,73.13333333333334,73.0,73.75,74.0,72.66666666666667
3,Augsburg,FC Augsburg,2015-09-21,16,31,75.72727272727273,74.8,75.0,75.75,76.75,66.33333333333333
3,Augsburg,FC Augsburg,2016-09-20,17,32,77.45454545454545,76.73333333333333,80.0,76.25,78.25,67.0
3,Augsburg,FC Augsburg,2017-09-18,18,33,76.0,75.13333333333334,79.0,75.75,76.0,66.66666666666667
3,Augsburg,FC Augsburg,2018-08-21,19,30,76.81818181818181,75.66666666666667,72.0,77.25,77.75,72.66666666666667
3,Augsburg,FC Augsburg,2019-09-19,20,33,76.36363636363636,75.33333333333333,77.0,77.0,75.5,74.66666666666667
3,Augsburg,FC Augsburg,2020-09-23,21,32,75.72727272727273,74.93333333333334,77.0,76.0,73.75,75.0
3,Augsburg,FC Augsburg,2021-09-23,22,31,75.63636363636364,74.66666666666667,79.0,76.25,74.75,72.66666666666667
3,Augsburg,FC Augsburg,2022-09-26,23,30,75.72727272727273,75.06666666666666,77.0,75.75,76.0,73.33333333333333
3,Augsburg,FC Augsburg,2023-09-22,24,32,74.81818181818181,74.46666666666667,73.0,75.25,75.0,72.0
3,Augsburg,FC Augsburg,2024-09-27,25,26,74.72727272727273,74.2,74.0,74.25,75.0,74.33333333333333
5,Auxerre,Auxerre,2022-09-26,23,30,72.18181818181819,71.6,75.0,71.25,72.5,67.0
5,Auxerre,AJ Auxerre,2024-09-27,25,27,72.0,71.33333333333333,70.0,72.75,72.25,69.33333333333333
4,Barcelona,FC Barcelona,2014-09-18,15,25,85.81818181818181,84.66666666666667,83.0,82.75,85.75,89.33333333333333
4,Barcelona,FC Barcelona,2015-09-21,16,30,86.27272727272727,85.13333333333334,83.0,84.0,85.25,90.66666666666667
4,Barcelona,FC Barcelona,2016-09-20,17,33,87.63636363636364,86.06666666666666,83.0,84.75,86.5,92.33333333333333
4,Barcelona,FC Barcelona,2017-09-18,18,25,86.45454545454545,85.2,85.0,84.5,85.75,89.0
4,Barcelona,FC Barcelona,2018-08-21,19,30,87.9090909090909,86.4,89.0,86.25,87.0,89.33333333333333
4,Barcelona,FC Barcelona,2019-09-19,20,33,88.0,87.0,90.0,86.5,86.0,90.66666666666667
4,Barcelona,FC Barcelona,2020-09-23,21,33,86.72727272727273,85.73333333333333,90.0,85.0,85.0,89.0
4,Barcelona,FC Barcelona,2021-09-23,22,33,84.9090909090909,83.66666666666667,90.0,84.75,83.5,83.0
4,Barcelona,FC Barcelona,2022-09-26,23,33,85.45454545454545,84.66666666666667,88.0,83.75,85.25,86.33333333333333
4,Barcelona,FC Barcelona,2023-09-22,24,32,85.9090909090909,84.73333333333333,89.0,85.0,85.5,85.33333333333333
4,Barcelona,FC Barcelona,2024-09-27,25,25,85.0,83.66666666666667,89.0,83.5,85.0,84.33333333333333
3,Bayer Leverkusen,Bayer 04 Leverkusen,2014-09-18,15,25,79.0,77.8,82.0,78.75,78.25,81.0
3,Bayer Leverkusen,Bayer 04 Leverkusen,2015-09-21,16,28,80.18181818181819,79.2,84.0,78.5,80.75,80.0
3,Bayer Leverkusen,Bayer 04 Leverkusen,2016-09-20,17,29,81.54545454545455,80.73333333333333,86.0,80.0,81.5,80.66666666666667
3,Bayer Leverkusen,Bayer 04 Leverkusen,2017-09-18,18,26,80.0,78.93333333333334,85.0,78.75,80.5,76.0
3,Bayer Leverkusen,Bayer 04 Leverkusen,2018-08-21,19,27,81.27272727272727,80.33333333333333,84.0,81.0,81.25,77.33333333333333
3,Bayer Leverkusen,Bayer 04 Leverkusen,2019-09-19,20,25,81.81818181818181,80.66666666666667,83.0,80.0,81.75,82.0
3,Bayer Leverkusen,Bayer 04 Leverkusen,2020-09-23,21,29,80.63636363636364,79.66666666666667,83.0,80.0,81.5,75.66666666666667
3,Bayer Leverkusen,Bayer 04 Leverkusen,2021-09-23,22,27,79.45454545454545,78.8,83.0,77.0,79.0,79.33333333333333
3,Bayer Leverkusen,Bayer 04 Leverkusen,2022-09-26,23,29,81.72727272727273,80.8,83.0,80.25,82.0,85.0
3,Bayer Leverkusen,Bayer 04 Leverkusen,2023-09-22,24,27,82.27272727272727,81.0,81.0,82.25,83.0,78.5
3,Bayer Leverkusen,Leverkusen,2024-09-27,25,24,84.54545454545455,83.6,84.0,82.25,86.0,81.0
3,Bayern Munich,FC Bayern München,2014-09-18,15,29,86.81818181818181,85.6,90.0,85.25,88.0,73.5
3,Bayern Munich,FC Bayern München,2015-09-21,16,30,86.63636363636364,85.66666666666667,90.0,85.75,87.25,72.33333333333333
3,Bayern Munich,FC Bayern München,2016-09-20,17,27,87.72727272727273,86.53333333333333,92.0,88.0,86.75,85.5
3,Bayern Munich,FC Bayern München,2017-09-18,18,26,87.81818181818181,86.53333333333333,92.0,87.0,87.25,76.0
3,Bayern Munich,FC Bayern München,2018-08-21,19,31,86.81818181818181,85.93333333333334,90.0,86.25,86.25,84.0
3,Bayern Munich,FC Bayern München,2019-09-19,20,23,85.81818181818181,85.33333333333333,88.0,85.0,85.75,89.0
3,Bayern Munich,FC Bayern München,2020-09-23,21,22,85.63636363636364,84.46666666666667,89.0,84.5,85.0,91.0
3,Bayern Munich,FC Bayern München,2021-09-23,22,28,86.27272727272727,84.8,90.0,84.0,86.25,76.33333333333333
3,Bayern Munich,FC Bayern München,2022-09-26,23,23,86.36363636363636,84.93333333333334,90.0,85.5,87.25,
3,Bayern Munich,FC Bayern München,2023-09-22,24,25,85.72727272727273,84.86666666666666,87.0,85.25,85.0,84.0
3,Bayern Munich,FC Bayern München,2024-09-27,25,27,84.9090909090909,84.13333333333334,86.0,83.25,85.25,76.33333333333333
2,Benevento,Benevento,2017-09-18,18,28,73.0909090909091,72.4,73.0,73.25,73.25,72.0
2,Benevento,Benevento,2020-09-23,21,33,72.81818181818181,72.26666666666667,72.0,73.5,72.5,71.66666666666667
3,Bochum,VfL Bochum 1848,2021-09-23,22,31,72.63636363636364,72.26666666666667,74.0,72.75,72.5,67.0
3,Bochum,VfL Bochum 1848,2022-09-26,23,29,74.54545454545455,73.86666666666666,79.0,75.25,72.5,73.66666666666667
3,Bochum,VfL Bochum 1848,2023-09-22,24,30,74.36363636363636,73.8,77.0,74.5,73.75,72.0
3,Bochum,VfL Bochum 1848,2024-09-27,25,30,73.72727272727273,73.0,76.0,73.75,73.5,71.66666666666667
2,Bologna,Bologna,2015-09-21,16,32,74.81818181818181,73.8,77.0,74.0,74.75,72.33333333333333
2,Bologna,Bologna,2016-09-20,17,31,76.54545454545455,75.93333333333334,81.0,76.25,75.5,76.0
2,Bologna,Bologna,2017-09-18,18,30,76.27272727272727,75.6,80.0,74.75,76.25,75.66666666666667
2,Bologna,Bologna,2018-08-21,19,28,76.63636363636364,76.0,76.0,76.75,76.75,75.66666666666667
2,Bologna,Bologna,2019-09-19,20,31,76.0909090909091,75.53333333333333,76.0,74.75,76.75,74.0
2,Bologna,Bologna,2020-09-23,21,33,75.27272727272727,74.53333333333333,76.0,74.5,76.0,68.0
2,Bologna,Bologna,2021-09-23,22,29,76.18181818181819,75.26666666666667,75.0,74.5,76.5,74.0
2,Bologna,Bologna,2022-09-26,23,31,76.27272727272727,75.53333333333333,76.0,74.5,75.75,78.33333333333333
2,Bologna,Bologna,2023-09-22,24,27,76.0,75.13333333333334,77.0,74.5,78.0,72.5
2,Bologna,Bologna,2024-09-27,25,32,78.0,77.26666666666667,79.0,77.25,79.25,75.66666666666667
5,Bordeaux,Bordeaux,2014-09-18,15,32,75.18181818181819,74.2,81.0,73.75,75.0,68.33333333333333
5,Bordeaux,Bordeaux,2015-09-21,16,30,76.9090909090909,75.86666666666666,80.0,76.25,77.0,71.0
5,Bordeaux,Bordeaux,2016-09-20,17,30,77.0,75.86666666666666,81.0,75.0,78.0,71.0
5,Bordeaux,Bordeaux,2017-09-18,18,26,76.63636363636364,75.6,82.0,75.0,77.5,73.33333333333333
5,Bordeaux,Bordeaux,2018-08-21,19,31,75.45454545454545,74.66666666666667,78.0,74.5,75.0,75.66666666666667
5,Bordeaux,Bordeaux,2019-09-19,20,32,76.45454545454545,75.66666666666667,80.0,77.25,75.5,74.0
5,Bordeaux,Bordeaux,2020-09-23,21,29,76.18181818181819,75.26666666666667,79.0,76.75,75.25,73.66666666666667
5,Bordeaux,Bordeaux,2021-09-23,22,31,75.63636363636364,74.66666666666667,79.0,74.0,76.25,73.0
3,Borussia Dortmund,Borussia Dortmund,2014-09-18,15,33,82.81818181818181,82.0,83.0,83.0,83.5,79.5
3,Borussia Dortmund,Borussia Dortmund,2015-09-21,16,31,82.27272727272727,81.46666666666667,80.0,82.75,83.0,72.0
3,Borussia Dortmund,Borussia Dortmund,2016-09-20,17,33,83.0909090909091,82.2,81.0,82.25,85.25,71.0
3,Borussia Dortmund,Borussia Dortmund,2017-09-18,18,33,83.45454545454545,82.66666666666667,84.0,83.25,83.0,77.66666666666667
3,Borussia Dortmund,Borussia Dortmund,2018-08-21,19,32,81.18181818181819,80.53333333333333,81.0,79.75,83.0,69.0
3,Borussia Dortmund,Borussia Dortmund,2019-09-19,20,31,84.0909090909091,83.26666666666667,85.0,83.25,85.25,83.0
3,Borussia Dortmund,Borussia Dortmund,2020-09-23,21,31,84.0,82.93333333333334,84.0,82.75,85.0,84.0
3,Borussia Dortmund,Borussia Dortmund,2021-09-23,22,31,82.81818181818181,81.73333333333333,80.0,83.0,82.75,78.0
3,Borussia Dortmund,Borussia Dortmund,2022-09-26,23,33,82.81818181818181,81.86666666666666,83.0,83.25,82.75,78.66666666666667
3,Borussia Dortmund,Borussia Dortmund,2023-09-22,24,28,82.9090909090909,81.86666666666666,87.0,83.25,82.25,80.0
3,Borussia Dortmund,Borussia Dortmund,2024-09-27,25,23,83.18181818181819,81.93333333333334,88.0,81.75,83.5,81.0
3,Borussia M.Gladbach,Borussia Mönchengladbach,2014-09-18,15,28,77.0909090909091,76.4,79.0,76.0,77.25,78.0
3,Borussia M.Gladbach,Borussia Mönchengladbach,2015-09-21,16,29,79.63636363636364,78.73333333333333,82.0,78.75,79.75,76.0
3,Borussia M.Gladbach,Borussia Mönchengladbach,2016-09-20,17,32,80.18181818181819,79.6,84.0,79.0,80.25,70.5
3,Borussia M.Gladbach,Borussia Mönchengladbach,2017-09-18,18,29,79.9090909090909,79.13333333333334,83.0,78.5,80.25,68.66666666666667
3,Borussia M.Gladbach,Borussia Mönchengladbach,2018-08-21,19,31,79.72727272727273,78.93333333333334,82.0,77.5,79.75,80.66666666666667
3,Borussia M.Gladbach,Borussia Mönchengladbach,2019-09-19,20,33,79.36363636363636,78.73333333333333,84.0,78.25,78.5,79.66666666666667
3,Borussia M.Gladbach,Borussia Mönchengladbach,2020-09-23,21,33,80.54545454545455,79.8,86.0,81.0,78.75,74.0
3,Borussia M.Gladbach,Borussia Mönchengladbach,2021-09-23,22,33,80.72727272727273,79.4,85.0,80.75,80.5,70.0
3,Borussia M.Gladbach,Borussia Mönchengladbach,2022-09-26,23,31,79.0,78.06666666666666,85.0,77.25,79.75,70.0
3,Borussia M.Gladbach,Borussia Mönchengladbach,2023-09-22,24,33,77.36363636363636,76.53333333333333,80.0,76.25,78.25,70.33333333333333
3,Borussia M.Gladbach,M'gladbach,2024-09-27,25,25,77.0,76.13333333333334,79.0,75.0,77.75,76.33333333333333
1,Bournemouth,AFC Bournemouth,2015-09-21,16,30,74.45454545454545,73.53333333333333,76.0,73.0,74.0,74.0
1,Bournemouth,AFC Bournemouth,2016-09-20,17,33,75.27272727272727,74.4,76.0,72.75,75.75,76.33333333333333
1,Bournemouth,AFC Bournemouth,2017-09-18,18,33,76.9090909090909,75.93333333333334,82.0,75.75,75.5,76.33333333333333
1,Bournemouth,AFC Bournemouth,2018-08-21,19,33,77.36363636363636,76.73333333333333,79.0,76.75,77.5,75.0
1,Bournemouth,AFC Bournemouth,2019-09-19,20,33,78.0,77.2,75.0,77.25,78.5,76.33333333333333
1,Bournemouth,AFC Bournemouth,2022-09-26,23,28,75.54545454545455,74.86666666666666,81.0,75.25,75.0,73.33333333333333
1,Bournemouth,AFC Bournemouth,2023-09-22,24,31,76.27272727272727,75.6,78.0,74.5,77.5,72.66666666666667
1,Bournemouth,AFC Bournemouth,2024-09-27,25,28,77.63636363636364,77.06666666666666,79.0,76.5,77.0,79.0
1,Brentford,Brentford,2021-09-23,22,33,74.45454545454545,74.0,74.0,74.5,74.25,72.66666666666667
1,Brentford,Brentford,2022-09-26,23,30,76.0,75.6,78.0,75.75,75.25,71.0
1,Brentford,Brentford,2023-09-22,24,31,77.63636363636364,76.86666666666666,82.0,78.0,76.25,76.33333333333333
1,Brentford,Brentford,2024-09-27,25,30,78.0909090909091,77.46666666666667,79.0,77.75,76.0,79.66666666666667
2,Brescia,Brescia,2019-09-19,20,28,73.18181818181819,72.33333333333333,73.0,70.25,72.75,76.33333333333333
5,Brest,Brest,2019-09-19,20,25,72.54545454545455,71.8,73.0,71.5,73.25,70.0
5,Brest,Brest,2020-09-23,21,28,73.18181818181819,72.46666666666667,77.0,73.75,72.0,67.66666666666667
5,Brest,Brest,2021-09-23,22,26,74.45454545454545,73.66666666666667,77.0,73.0,75.0,71.33333333333333
5,Brest,Brest,2022-09-26,23,25,74.63636363636364,74.0,76.0,73.25,75.5,73.33333333333333
5,Brest,Brest,2023-09-22,24,23,73.0909090909091,72.8,76.0,72.25,73.5,72.33333333333333
5,Brest,Stade Brestois 29,2024-09-27,25,25,76.72727272727273,75.86666666666666,79.0,76.0,76.75,76.0
1,Brighton,Brighton & Hove Albion,2017-09-18,18,33,75.63636363636364,74.86666666666666,77.0,74.25,75.75,74.33333333333333
1,Brighton,Brighton & Hove Albion,2018-08-21,19,33,77.0,76.53333333333333,78.0,76.25,77.5,76.33333333333333
1,Brighton,Brighton & Hove Albion,2019-09-19,20,33,77.36363636363636,76.86666666666666,80.0,76.75,76.75,77.33333333333333
1,Brighton,Brighton & Hove Albion,2020-09-23,21,33,76.81818181818181,76.33333333333333,80.0,76.25,77.0,73.66666666666667
1,Brighton,Brighton & Hove Albion,2021-09-23,22,33,76.9090909090909,76.33333333333333,76.0,77.75,76.75,68.66666666666667
1,Brighton,Brighton & Hove Albion,2022-09-26,23,31,77.18181818181819,76.53333333333333,77.0,78.0,77.0,70.33333333333333
1,Brighton,Brighton & Hove Albion,2023-09-22,24,29,78.45454545454545,77.66666666666667,75.0,79.25,78.25,76.0
1,Brighton,Brighton,2024-09-27,25,33,78.54545454545455,77.86666666666666,76.0,79.25,79.5,75.66666666666667
1,Burnley,Burnley,2014-09-18,15,33,70.81818181818181,70.26666666666667,72.0,70.75,70.0,70.0
1,Burnley,Burnley,2016-09-20,17,33,74.18181818181819,73.4,76.0,74.25,73.75,67.0
1,Burnley,Burnley,2017-09-18,18,33,76.63636363636364,75.73333333333333,81.0,76.25,76.5,74.33333333333333
1,Burnley,Burnley,2018-08-21,19,33,79.0,78.33333333333333,80.0,78.75,78.75,77.0
1,Burnley,Burnley,2019-09-19,20,33,77.63636363636364,77.13333333333334,79.0,77.0,77.5,77.0
1,Burnley,Burnley,2020-09-23,21,30,78.0909090909091,77.06666666666666,82.0,77.75,77.5,77.0
1,Burnley,Burnley,2021-09-23,22,33,77.81818181818181,77.0,83.0,78.0,76.75,76.0
1,Burnley,Burnley,2023-09-22,24,33,75.27272727272727,74.66666666666667,75.0,74.0,76.5,71.0
4,Cadiz,Cádiz,2020-09-23,21,33,73.45454545454545,72.6,74.0,72.0,74.25,72.0
4,Cadiz,Cádiz,2021-09-23,22,32,75.18181818181819,74.6,77.0,74.0,75.25,75.5
4,Cadiz,Cádiz,2022-09-26,23,33,76.54545454545455,75.73333333333333,80.0,76.0,75.5,74.33333333333333
4,Cadiz,Cádiz,2023-09-22,24,32,76.0909090909091,75.53333333333333,82.0,74.75,76.0,75.0
5,Caen,Caen,2014-09-18,15,25,69.63636363636364,68.8,71.0,68.0,70.5,68.66666666666667
5,Caen,Caen,2015-09-21,16,26,72.63636363636364,71.93333333333334,76.0,72.75,72.25,71.5
5,Caen,Caen,2016-09-20,17,28,74.27272727272727,73.53333333333333,77.0,74.5,74.25,70.0
5,Caen,Caen,2017-09-18,18,27,73.9090909090909,73.33333333333333,76.0,74.5,73.25,74.0
5,Caen,Caen,2018-08-21,19,30,73.9090909090909,72.8,71.0,75.0,74.0,70.33333333333333
2,Cagliari,Cagliari,2014-09-18,15,32,72.9090909090909,72.2,67.0,72.0,73.25,73.66666666666667
2,Cagliari,Cagliari,2016-09-20,17,24,75.0,74.33333333333333,76.0,75.0,74.25,74.0
2,Cagliari,Cagliari,2017-09-18,18,24,75.0,74.13333333333334,75.0,74.5,75.0,74.66666666666667
2,Cagliari,Cagliari,2018-08-21,19,23,75.27272727272727,74.33333333333333,75.0,73.75,75.75,74.33333333333333
2,Cagliari,Cagliari,2019-09-19,20,31,77.36363636363636,76.2,81.0,73.5,78.75,73.33333333333333
2,Cagliari,Cagliari,2020-09-23,21,32,75.63636363636364,74.66666666666667,81.0,72.75,76.5,74.0
2,Cagliari,Cagliari,2021-09-23,22,29,76.72727272727273,75.6,81.0,75.0,77.25,70.0
2,Cagliari,Cagliari,2023-09-22,24,30,73.45454545454545,72.93333333333334,72.0,72.75,73.25,74.66666666666667
2,Cagliari,Cagliari,2024-09-27,25,24,73.63636363636364,72.93333333333334,73.0,74.25,73.5,72.33333333333333
1,Cardiff,Cardiff City,2018-08-21,19,33,74.36363636363636,73.6,73.0,74.25,75.25,71.66666666666667
2,Carpi,Carpi,2015-09-21,16,28,73.36363636363636,72.73333333333333,75.0,73.0,73.0,72.33333333333333
4,Celta Vigo,Celta de Vigo,2014-09-18,15,30,75.0,74.13333333333334,72.0,73.25,76.0,72.66666666666667
4,Celta Vigo,Celta de Vigo,2015-09-21,16,32,77.9090909090909,76.73333333333333,76.0,77.0,79.5,70.0
4,Celta Vigo,Celta de Vigo,2016-09-20,17,33,79.45454545454545,78.73333333333333,77.0,78.75,80.25,78.66666666666667
4,Celta Vigo,Celta de Vigo,2017-09-18,18,31,78.9090909090909,78.06666666666666,77.0,78.75,78.75,78.33333333333333
4,Celta Vigo,Celta de Vigo,2018-08-21,19,33,78.54545454545455,77.8,78.0,77.5,77.5,80.0
4,Celta Vigo,Celta de Vigo,2019-09-19,20,33,78.0909090909091,77.13333333333334,76.0,76.75,77.75,79.0
4,Celta Vigo,Celta de Vigo,2020-09-23,21,33,77.18181818181819,76.4,76.0,76.75,76.5,76.0
4,Celta Vigo,Celta de Vigo,2021-09-23,22,33,77.36363636363636,76.73333333333333,75.0,76.25,77.25,76.0
4,Celta Vigo,Celta de Vigo,2022-09-26,23,33,79.0,77.8,79.0,78.5,78.75,77.33333333333333
4,Celta Vigo,Celta de Vigo,2023-09-22,24,33,78.18181818181819,77.06666666666666,78.0,77.25,77.5,77.33333333333333
4,Celta Vigo,RC Celta,2024-09-27,25,26,76.9090909090909,75.66666666666667,78.0,75.0,75.75,78.66666666666667
1,Chelsea,Chelsea,2014-09-18,15,33,83.81818181818181,83.06666666666666,86.0,81.75,84.5,82.0
1,Chelsea,Chelsea,2015-09-21,16,28,84.72727272727273,83.8,86.0,82.5,86.0,84.0
1,Chelsea,Chelsea,2016-09-20,17,33,85.0,84.2,89.0,83.75,85.75,78.33333333333333
1,Chelsea,Chelsea,2017-09-18,18,33,85.9090909090909,84.73333333333333,89.0,84.25,84.75,86.66666666666667
1,Chelsea,Chelsea,2018-08-21,19,33,84.72727272727273,83.93333333333334,83.0,83.25,85.25,85.33333333333333
1,Chelsea,Chelsea,2019-09-19,20,33,82.81818181818181,81.93333333333334,84.0,81.75,83.5,82.0
1,Chelsea,Chelsea,2020-09-23,21,33,83.81818181818181,82.93333333333334,82.0,82.75,85.25,80.66666666666667
1,Chelsea,Chelsea,2021-09-23,22,33,84.72727272727273,84.06666666666666,83.0,83.25,85.75,83.0
1,Chelsea,Chelsea,2022-09-26,23,31,85.45454545454545,84.6,86.0,84.75,85.5,82.0
1,Chelsea,Chelsea,2023-09-22,24,33,81.54545454545455,80.53333333333333,79.0,82.0,81.75,78.66666666666667
1,Chelsea,Chelsea,2024-09-27,25,33,81.54545454545455,80.8,79.0,80.75,83.25,79.33333333333333
2,Chievo,Chievo,2014-09-18,15,32,73.45454545454545,72.86666666666666,74.0,72.0,74.0,73.0
2,Chievo,Chievo,2015-09-21,16,29,75.54545454545455,74.8,74.0,75.5,75.75,74.33333333333333
2,Chievo,Chievo,2016-09-20,17,30,76.9090909090909,76.2,80.0,76.5,77.0,74.33333333333333
2,Chievo,Chievo,2017-09-18,18,30,77.0,76.06666666666666,79.0,76.25,78.0,74.66666666666667
2,Chievo,Chievo,2018-08-21,19,33,76.18181818181819,75.4,80.0,75.25,77.0,74.0
5,Clermont Foot,Clermont,2021-09-23,22,27,72.0909090909091,71.33333333333333,72.0,71.75,72.5,72.0
5,Clermont Foot,Clermont,2022-09-26,23,27,71.27272727272727,70.6,69.0,69.75,73.5,69.0
5,Clermont Foot,Clermont,2023-09-22,24,25,73.0,72.33333333333333,74.0,72.5,73.75,71.0
2,Como,Como,2024-09-27,25,29,76.0909090909091,75.0,79.0,76.0,73.5,76.0
2,Cremonese,Cremonese,2022-09-26,23,31,73.54545454545455,73.0,74.0,72.25,74.25,72.33333333333333
2,Crotone,Crotone,2016-09-20,17,32,71.54545454545455,71.06666666666666,68.0,71.75,70.75,71.0
2,Crotone,Crotone,2017-09-18,18,30,71.27272727272727,70.66666666666667,72.0,71.5,71.5,69.0
2,Crotone,Crotone,2020-09-23,21,33,71.27272727272727,70.4,72.0,71.5,71.25,68.0
1,Crystal Palace,Crystal Palace,2014-09-18,15,33,74.0,73.46666666666667,75.0,73.75,74.5,72.0
1,Crystal Palace,Crystal Palace,2015-09-21,16,33,76.45454545454545,75.86666666666666,77.0,76.0,77.0,72.66666666666667
1,Crystal Palace,Crystal Palace,2016-09-20,17,33,79.0909090909091,78.13333333333334,85.0,76.75,78.75,77.66666666666667
1,Crystal Palace,Crystal Palace,2017-09-18,18,33,77.81818181818181,76.8,74.0,77.5,78.75,71.66666666666667
1,Crystal Palace,Crystal Palace,2018-08-21,19,33,78.54545454545455,77.66666666666667,81.0,77.5,79.5,73.33333333333333
1,Crystal Palace,Crystal Palace,2019-09-19,20,33,78.27272727272727,77.46666666666667,79.0,77.5,80.0,75.0
1,Crystal Palace,Crystal Palace,2020-09-23,21,33,77.9090909090909,77.33333333333333,80.0,76.5,79.0,73.0
1,Crystal Palace,Crystal Palace,2021-09-23,22,33,76.9090909090909,76.4,80.0,76.25,77.75,75.0
1,Crystal Palace,Crystal Palace,2022-09-26,23,29,77.0909090909091,76.53333333333333,79.0,76.25,76.0,78.0
1,Crystal Palace,Crystal Palace,2023-09-22,24,33,77.36363636363636,76.6,79.0,77.0,77.5,76.0
1,Crystal Palace,Crystal Palace,2024-09-27,25,29,79.27272727272727,78.4,79.0,79.0,80.0,77.0
3,Darmstadt,Darmstadt 98,2015-09-21,16,28,71.72727272727273,71.0,69.0,73.25,71.0,68.66666666666667
3,Darmstadt,Darmstadt 98,2016-09-20,17,30,74.0,73.2,69.0,74.5,74.5,71.66666666666667
3,Darmstadt,Darmstadt 98,2023-09-22,24,30,72.18181818181819,71.46666666666667,75.0,73.0,71.25,68.33333333333333
5,Dijon,Dijon,2016-09-20,17,27,71.9090909090909,71.4,73.0,71.0,73.25,68.66666666666667
5,Dijon,Dijon,2017-09-18,18,28,72.9090909090909,72.26666666666667,78.0,72.5,72.5,71.5
5,Dijon,Dijon,2018-08-21,19,25,74.0,73.2,69.0,72.25,75.5,70.33333333333333
5,Dijon,Dijon,2019-09-19,20,24,71.9090909090909,70.73333333333333,70.0,72.75,72.0,69.66666666666667
5,Dijon,Dijon,2020-09-23,21,27,73.18181818181819,72.26666666666667,76.0,71.5,73.75,65.66666666666667
4,Eibar,SD Eibar,2014-09-18,15,23,72.45454545454545,71.86666666666666,74.0,72.25,72.25,68.33333333333333
4,Eibar,SD Eibar,2015-09-21,16,27,74.0909090909091,73.6,75.0,73.75,74.5,72.0
4,Eibar,SD Eibar,2016-09-20,17,26,76.36363636363636,75.93333333333334,74.0,76.25,77.25,66.0
4,Eibar,SD Eibar,2017-09-18,18,29,78.0909090909091,77.33333333333333,77.0,77.25,79.0,77.33333333333333
4,Eibar,SD Eibar,2018-08-21,19,30,78.72727272727273,78.26666666666667,79.0,77.5,78.75,79.66666666666667
4,Eibar,SD Eibar,2019-09-19,20,28,78.9090909090909,78.13333333333334,80.0,77.25,79.25,80.0
4,Eibar,SD Eibar,2020-09-23,21,30,77.36363636363636,76.53333333333333,81.0,76.25,77.75,75.33333333333333
3,Eintracht Frankfurt,Eintracht Frankfurt,2014-09-18,15,28,75.72727272727273,75.06666666666666,80.0,75.25,75.25,75.0
3,Eintracht Frankfurt,Eintracht Frankfurt,2015-09-21,16,28,76.36363636363636,75.73333333333333,70.0,76.75,76.75,66.5
3,Eintracht Frankfurt,Eintracht Frankfurt,2016-09-20,17,30,76.18181818181819,75.46666666666667,78.0,76.25,76.5,64.5
3,Eintracht Frankfurt,Eintracht Frankfurt,2017-09-18,18,33,77.81818181818181,77.13333333333334,81.0,77.25,78.25,68.66666666666667
3,Eintracht Frankfurt,Eintracht Frankfurt,2018-08-21,19,33,77.0909090909091,76.53333333333333,75.0,77.25,77.5,76.0
3,Eintracht Frankfurt,Eintracht Frankfurt,2019-09-19,20,33,79.0909090909091,78.2,83.0,80.25,78.0,72.5
3,Eintracht Frankfurt,Eintracht Frankfurt,2020-09-23,21,31,78.45454545454545,77.46666666666667,83.0,79.5,75.5,74.66666666666667
3,Eintracht Frankfurt,Eintracht Frankfurt,2021-09-23,22,31,78.63636363636364,77.6,82.0,79.5,77.75,75.66666666666667
3,Eintracht Frankfurt,Eintracht Frankfurt,2022-09-26,23,31,79.36363636363636,78.2,86.0,77.0,79.75,78.0
3,Eintracht Frankfurt,Eintracht Frankfurt,2023-09-22,24,33,77.9090909090909,77.06666666666666,85.0,76.25,79.25,68.0
3,Eintracht Frankfurt,Frankfurt,2024-09-27,25,27,78.0909090909091,77.2,82.0,77.0,78.5,75.33333333333333
4,Elche,Elche,2014-09-18,15,29,73.63636363636364,72.86666666666666,76.0,72.75,73.75,69.33333333333333
4,Elche,Elche,2020-09-23,21,30,71.72727272727273,70.6,73.0,69.75,72.75,61.333333333333336
4,Elche,Elche,2021-09-23,22,30,75.9090909090909,75.13333333333334,79.0,73.5,76.5,75.0
4,Elche,Elche,2022-09-26,23,30,75.81818181818181,75.06666666666666,80.0,75.0,75.0,75.66666666666667
2,Empoli,Empoli,2014-09-18,15,30,68.81818181818181,68.33333333333333,69.0,67.5,68.75,69.66666666666667
2,Empoli,Empoli,2015-09-21,16,25,73.27272727272727,72.2,71.0,74.5,73.25,70.66666666666667
2,Empoli,Empoli,2016-09-20,17,26,75.0,74.2,76.0,73.5,75.25,75.33333333333333
2,Empoli,Empoli,2018-08-21,19,33,73.36363636363636,72.6,70.0,74.25,72.75,72.0
2,Empoli,Empoli,2021-09-23,22,28,71.9090909090909,71.26666666666667,71.0,71.75,70.25,73.33333333333333
2,Empoli,Empoli,2022-09-26,23,28,74.36363636363636,73.66666666666667,78.0,73.0,74.5,74.0
2,Empoli,Empoli,2023-09-22,24,31,74.0909090909091,73.53333333333333,72.0,73.25,75.5,70.0
2,Empoli,Empoli,2024-09-27,25,27,72.72727272727273,72.06666666666666,69.0,73.25,72.75,71.0
4,Espanyol,Espanyol,2014-09-18,15,33,75.36363636363636,74.2,80.0,74.25,75.5,64.0
4,Espanyol,Espanyol,2015-09-21,16,30,75.9090909090909,75.33333333333333,74.0,75.5,76.25,71.66666666666667
4,Espanyol,Espanyol,2016-09-20,17,28,78.72727272727273,78.33333333333333,81.0,78.25,78.0,76.66666666666667
4,Espanyol,Espanyol,2017-09-18,18,30,79.18181818181819,78.66666666666667,83.0,77.25,79.5,70.0
4,Espanyol,Espanyol,2018-08-21,19,31,78.0,77.2,80.0,76.5,78.75,76.5
4,Espanyol,Espanyol,2019-09-19,20,30,78.72727272727273,78.06666666666666,80.0,77.75,79.5,69.0
4,Espanyol,Espanyol,2021-09-23,22,33,77.63636363636364,77.06666666666666,77.0,76.75,78.75,76.33333333333333
4,Espanyol,Espanyol,2022-09-26,23,33,76.9090909090909,76.06666666666666,77.0,75.5,78.0,72.0
4,Espanyol,RCD Espanyol,2024-09-27,25,30,74.27272727272727,73.93333333333334,76.0,73.5,74.5,74.0
1,Everton,Everton,2014-09-18,15,33,79.9090909090909,79.06666666666666,82.0,79.25,79.5,79.0
1,Everton,Everton,2015-09-21,16,30,79.81818181818181,78.93333333333334,80.0,80.5,79.5,73.33333333333333
1,Everton,Everton,2016-09-20,17,33,81.45454545454545,80.4,76.0,82.5,81.0,79.0
1,Everton,Everton,2017-09-18,18,33,81.72727272727273,80.93333333333334,77.0,81.5,82.5,76.0
1,Everton,Everton,2018-08-21,19,33,80.27272727272727,79.66666666666667,83.0,79.0,81.0,77.0
1,Everton,Everton,2019-09-19,20,33,80.27272727272727,79.46666666666667,83.0,80.25,80.5,76.66666666666667
1,Everton,Everton,2020-09-23,21,33,80.27272727272727,79.6,81.0,79.75,81.25,76.33333333333333
1,Everton,Everton,2021-09-23,22,33,80.81818181818181,79.8,83.0,80.25,81.25,77.33333333333333
1,Everton,Everton,2022-09-26,23,31,79.18181818181819,78.33333333333333,82.0,78.5,79.5,76.66666666666667
1,Everton,Everton,2023-09-22,24,28,78.18181818181819,77.46666666666667,82.0,76.75,78.0,76.66666666666667
1,Everton,Everton,2024-09-27,25,28,77.54545454545455,76.86666666666666,83.0,77.75,76.25,76.33333333333333
3,FC Cologne,FC Köln,2014-09-18,15,28,72.63636363636364,72.2,73.0,72.5,71.75,73.33333333333333
3,FC Cologne,FC Köln,2015-09-21,16,24,75.72727272727273,74.93333333333334,79.0,75.5,75.0,75.5
3,FC Cologne,FC Köln,2016-09-20,17,25,77.54545454545455,76.66666666666667,82.0,77.5,76.5,74.0
3,FC Cologne,FC Köln,2017-09-18,18,28,78.18181818181819,77.26666666666667,84.0,78.25,77.25,73.0
3,FC Cologne,FC Köln,2019-09-19,20,31,77.0,76.26666666666667,81.0,76.0,76.0,77.0
3,FC Cologne,FC Köln,2020-09-23,21,30,75.27272727272727,74.46666666666667,77.0,74.5,75.0,70.0
3,FC Cologne,FC Köln,2021-09-23,22,31,74.54545454545455,73.86666666666666,76.0,73.5,75.5,73.0
3,FC Cologne,FC Köln,2022-09-26,23,31,75.81818181818181,74.8,77.0,75.75,76.5,67.66666666666667
3,FC Cologne,FC Köln,2023-09-22,24,33,75.18181818181819,74.33333333333333,77.0,75.0,75.75,72.0
3,FC Heidenheim,Heidenheim,2023-09-22,24,29,71.9090909090909,71.26666666666667,73.0,72.0,71.0,71.33333333333333
3,FC Heidenheim,Heidenheim,2024-09-27,25,29,73.18181818181819,72.4,75.0,73.5,73.0,70.0
2,Fiorentina,Fiorentina,2014-09-18,15,33,79.54545454545455,78.6,76.0,77.5,80.5,80.66666666666667
2,Fiorentina,Fiorentina,2015-09-21,16,27,78.72727272727273,77.73333333333333,75.0,77.75,79.5,77.66666666666667
2,Fiorentina,Fiorentina,2016-09-20,17,27,79.45454545454545,78.66666666666667,77.0,79.25,80.0,77.66666666666667
2,Fiorentina,Fiorentina,2017-09-18,18,31,78.0909090909091,77.6,78.0,78.25,78.5,73.33333333333333
2,Fiorentina,Fiorentina,2018-08-21,19,27,77.0909090909091,76.4,77.0,76.0,77.0,77.0
2,Fiorentina,Fiorentina,2019-09-19,20,30,77.18181818181819,76.13333333333334,73.0,76.0,78.25,77.0
2,Fiorentina,Fiorentina,2020-09-23,21,33,77.36363636363636,76.73333333333333,75.0,76.0,79.0,76.0
2,Fiorentina,Fiorentina,2021-09-23,22,27,77.63636363636364,77.0,77.0,76.75,78.75,76.66666666666667
2,Fiorentina,Fiorentina,2022-09-26,23,28,78.54545454545455,77.86666666666666,78.0,78.0,78.5,78.66666666666667
2,Fiorentina,Fiorentina,2023-09-22,24,27,78.63636363636364,78.2,79.0,78.25,78.25,78.66666666666667
2,Fiorentina,Fiorentina,2024-09-27,25,28,78.0909090909091,77.66666666666667,79.0,78.0,77.5,78.33333333333333
3,Fortuna Duesseldorf,Fortuna Düsseldorf,2018-08-21,19,32,73.18181818181819,72.73333333333333,73.0,72.75,73.5,71.0
3,Fortuna Duesseldorf,Fortuna Düsseldorf,2019-09-19,20,33,74.0909090909091,73.53333333333333,76.0,74.0,74.0,74.0
3,Freiburg,SC Freiburg,2014-09-18,15,28,73.63636363636364,72.73333333333333,74.0,72.75,74.5,70.33333333333333
3,Freiburg,SC Freiburg,2016-09-20,17,30,73.54545454545455,73.0,72.0,73.25,73.5,74.0
3,Freiburg,SC Freiburg,2017-09-18,18,32,73.9090909090909,73.33333333333333,75.0,73.0,73.5,72.33333333333333
3,Freiburg,SC Freiburg,2018-08-21,19,29,75.18181818181819,74.2,77.0,74.5,74.5,75.0
3,Freiburg,SC Freiburg,2019-09-19,20,31,75.36363636363636,74.46666666666667,78.0,75.25,73.75,75.0
3,Freiburg,SC Freiburg,2020-09-23,21,31,76.0909090909091,75.13333333333334,76.0,76.0,76.5,72.33333333333333
3,Freiburg,SC Freiburg,2021-09-23,22,26,75.63636363636364,74.8,75.0,76.25,75.75,73.33333333333333
3,Freiburg,SC Freiburg,2022-09-26,23,28,77.63636363636364,76.66666666666667,80.0,78.5,77.25,73.5
3,Freiburg,SC Freiburg,2023-09-22,24,25,78.0,76.73333333333333,72.0,79.25,78.0,74.33333333333333
3,Freiburg,SC Freiburg,2024-09-27,25,29,77.54545454545455,76.46666666666667,73.0,78.25,77.75,74.0
2,Frosinone,Frosinone,2015-09-21,16,28,70.45454545454545,69.8,72.0,70.25,68.5,71.66666666666667
2,Frosinone,Frosinone,2018-08-21,19,31,73.9090909090909,73.2,78.0,72.25,74.25,72.66666666666667
2,Frosinone,Frosinone,2023-09-22,24,29,71.63636363636364,71.0,72.0,70.5,72.0,70.66666666666667
1,Fulham,Fulham,2018-08-21,19,33,77.36363636363636,76.73333333333333,80.0,75.0,78.5,74.33333333333333
1,Fulham,Fulham,2020-09-23,21,33,76.36363636363636,75.53333333333333,82.0,74.25,76.75,68.33333333333333
1,Fulham,Fulham,2022-09-26,23,28,77.36363636363636,76.73333333333333,80.0,76.0,77.75,70.66666666666667
1,Fulham,Fulham,2023-09-22,24,33,77.72727272727273,77.26666666666667,81.0,77.0,78.5,73.33333333333333
1,Fulham,Fulham,2024-09-27,25,25,77.72727272727273,77.0,82.0,78.25,77.0,74.66666666666667
5,GFC Ajaccio,GFC Ajaccio,2015-09-21,16,24,69.45454545454545,68.73333333333333,68.0,70.75,69.0,66.66666666666667
2,Genoa,Genoa,2014-09-18,15,33,74.27272727272727,73.6,76.0,73.75,72.75,75.0
2,Genoa,Genoa,2015-09-21,16,32,77.0909090909091,76.26666666666667,81.0,77.25,75.75,71.33333333333333
2,Genoa,Genoa,2016-09-20,17,29,76.63636363636364,75.93333333333334,83.0,76.0,76.25,69.33333333333333
2,Genoa,Genoa,2017-09-18,18,27,76.81818181818181,75.8,83.0,75.75,77.0,74.33333333333333
2,Genoa,Genoa,2018-08-21,19,27,76.0909090909091,75.06666666666666,77.0,77.25,75.0,72.33333333333333
2,Genoa,Genoa,2019-09-19,20,32,76.45454545454545,75.73333333333333,75.0,77.0,76.25,74.0
2,Genoa,Genoa,2020-09-23,21,33,75.9090909090909,74.93333333333334,82.0,76.25,75.25,71.0
2,Genoa,Genoa,2021-09-23,22,33,75.72727272727273,75.0,82.0,74.75,74.75,75.33333333333333
2,Genoa,Genoa,2023-09-22,24,28,74.36363636363636,73.4,72.0,72.75,76.0,72.5
2,Genoa,Genoa,2024-09-27,25,25,74.27272727272727,73.46666666666667,76.0,72.5,75.5,72.66666666666667
4,Getafe,Getafe,2014-09-18,15,26,74.0909090909091,73.0,79.0,72.75,74.75,67.33333333333333
4,Getafe,Getafe,2015-09-21,16,30,76.0,75.46666666666667,77.0,75.0,76.75,68.33333333333333
4,Getafe,Getafe,2017-09-18,18,31,75.0,74.2,73.0,75.5,75.5,68.66666666666667
4,Getafe,Getafe,2018-08-21,19,31,77.63636363636364,77.13333333333334,78.0,77.75,76.75,77.66666666666667
4,Getafe,Getafe,2019-09-19,20,30,79.45454545454545,78.6,82.0,80.25,77.0,79.66666666666667
4,Getafe,Getafe,2020-09-23,21,33,79.18181818181819,78.0,82.0,80.0,77.5,77.66666666666667
4,Getafe,Getafe,2021-09-23,22,30,77.81818181818181,76.8,81.0,77.5,77.5,76.33333333333333
4,Getafe,Getafe,2022-09-26,23,28,78.54545454545455,77.53333333333333,82.0,77.25,79.25,75.66666666666667
4,Getafe,Getafe,2023-09-22,24,27,77.9090909090909,76.93333333333334,80.0,77.0,77.75,76.0
4,Getafe,Getafe CF,2024-09-27,25,23,76.72727272727273,74.93333333333334,81.0,76.5,76.0,70.0
4,Girona,Girona,2017-09-18,18,29,75.45454545454545,74.8,77.0,76.0,75.0,71.0
4,Girona,Girona,2018-08-21,19,28,77.9090909090909,77.06666666666666,77.0,77.0,79.5,
4,Girona,Girona,2022-09-26,23,32,75.45454545454545,74.53333333333333,74.0,73.25,76.0,77.0
4,Girona,Girona,2023-09-22,24,31,77.54545454545455,76.53333333333333,78.0,77.75,78.25,69.0
4,Girona,Girona FC,2024-09-27,25,26,80.0909090909091,79.06666666666666,82.0,79.75,81.0,76.33333333333333
4,Granada,Granada,2014-09-18,15,32,74.54545454545455,73.33333333333333,76.0,73.75,75.5,69.33333333333333
4,Granada,Granada,2015-09-21,16,30,75.0,74.46666666666667,77.0,74.75,75.0,74.0
4,Granada,Granada,2016-09-20,17,33,75.81818181818181,75.06666666666666,80.0,76.25,75.5,72.33333333333333
4,Granada,Granada,2019-09-19,20,27,73.9090909090909,73.26666666666667,71.0,72.75,74.5,74.33333333333333
4,Granada,Granada,2020-09-23,21,33,77.27272727272727,76.86666666666666,79.0,77.25,77.0,73.66666666666667
4,Granada,Granada,2021-09-23,22,33,78.36363636363636,77.93333333333334,76.0,78.5,79.0,77.0
4,Granada,Granada,2023-09-22,24,28,75.0,74.0,71.0,74.0,76.0,74.0
3,Greuther Fuerth,SpVgg Greuther Fürth,2021-09-23,22,32,72.36363636363636,71.53333333333333,72.0,72.0,72.25,69.33333333333333
5,Guingamp,Guingamp,2014-09-18,15,26,71.54545454545455,70.86666666666666,71.0,71.25,72.5,68.66666666666667
5,Guingamp,Guingamp,2015-09-21,16,26,73.81818181818181,73.06666666666666,75.0,73.5,74.5,68.66666666666667
5,Guingamp,Guingamp,2016-09-20,17,29,74.9090909090909,74.33333333333333,76.0,74.75,75.25,67.33333333333333
5,Guingamp,Guingamp,2017-09-18,18,29,75.18181818181819,74.4,75.0,74.75,76.5,67.0
5,Guingamp,Guingamp,2018-08-21,19,28,75.27272727272727,74.6,75.0,74.5,75.75,64.5
3,Hamburger SV,Hamburger SV,2014-09-18,15,28,77.27272727272727,76.26666666666667,82.0,74.75,78.5,73.0
3,Hamburger SV,Hamburger SV,2015-09-21,16,29,76.0,75.33333333333333,79.0,76.0,75.25,73.66666666666667
3,Hamburger SV,Hamburger SV,2016-09-20,17,30,77.81818181818181,76.86666666666666,81.0,76.5,78.5,70.66666666666667
3,Hamburger SV,Hamburger SV,2017-09-18,18,33,76.45454545454545,75.86666666666666,75.0,76.0,77.25,70.33333333333333
3,Hannover 96,Hannover 96,2014-09-18,15,33,75.18181818181819,74.46666666666667,79.0,74.0,75.75,68.0
3,Hannover 96,Hannover 96,2015-09-21,16,32,76.0,75.2,80.0,75.75,74.25,73.33333333333333
3,Hannover 96,Hannover 96,2017-09-18,18,33,75.36363636363636,74.66666666666667,75.0,75.5,75.0,76.0
3,Hannover 96,Hannover 96,2018-08-21,19,30,75.63636363636364,74.93333333333334,76.0,75.5,75.5,71.66666666666667
3,Hertha Berlin,Hertha BSC,2014-09-18,15,31,75.54545454545455,75.06666666666666,75.0,75.25,75.75,73.5
3,Hertha Berlin,Hertha BSC,2015-09-21,16,27,75.81818181818181,75.33333333333333,76.0,75.75,76.5,75.0
3,Hertha Berlin,Hertha BSC,2016-09-20,17,26,77.9090909090909,77.26666666666667,77.0,77.75,78.75,76.5
3,Hertha Berlin,Hertha BSC,2017-09-18,18,29,78.45454545454545,77.6,82.0,78.0,78.25,75.33333333333333
3,Hertha Berlin,Hertha BSC,2018-08-21,19,33,78.0,77.2,82.0,77.75,77.75,75.0
3,Hertha Berlin,Hertha BSC,2019-09-19,20,33,77.9090909090909,77.26666666666667,83.0,77.5,77.25,73.0
3,Hertha Berlin,Hertha BSC,2020-09-23,21,32,77.18181818181819,76.73333333333333,79.0,76.25,77.0,74.0
3,Hertha Berlin,Hertha BSC,2021-09-23,22,32,76.36363636363636,75.73333333333333,77.0,75.5,76.75,73.66666666666667
3,Hertha Berlin,Hertha BSC,2022-09-26,23,33,75.0909090909091,74.66666666666667,72.0,74.25,76.25,69.5
3,Hoffenheim,TSG Hoffenheim,2014-09-18,15,32,76.9090909090909,75.86666666666666,78.0,75.25,78.25,75.0
3,Hoffenheim,TSG Hoffenheim,2015-09-21,16,30,77.72727272727273,76.86666666666666,78.0,77.5,78.25,75.33333333333333
3,Hoffenheim,TSG Hoffenheim,2016-09-20,17,29,77.63636363636364,77.06666666666666,80.0,78.25,77.0,75.66666666666667
3,Hoffenheim,TSG Hoffenheim,2017-09-18,18,29,79.0,78.13333333333334,82.0,78.5,78.25,78.33333333333333
3,Hoffenheim,TSG Hoffenheim,2018-08-21,19,33,79.18181818181819,78.33333333333333,83.0,79.0,78.5,73.66666666666667
3,Hoffenheim,TSG Hoffenheim,2019-09-19,20,30,79.36363636363636,78.6,82.0,79.0,79.75,77.33333333333333
3,Hoffenheim,TSG Hoffenheim,2020-09-23,21,32,78.0909090909091,77.13333333333334,82.0,77.5,77.75,75.0
3,Hoffenheim,TSG Hoffenheim,2021-09-23,22,33,77.72727272727273,76.93333333333334,82.0,77.0,78.5,70.5
3,Hoffenheim,TSG Hoffenheim,2022-09-26,23,31,77.9090909090909,77.06666666666666,83.0,77.75,78.25,70.33333333333333
3,Hoffenheim,TSG Hoffenheim,2023-09-22,24,32,77.0909090909091,76.53333333333333,80.0,76.0,77.25,71.33333333333333
3,Hoffenheim,TSG Hoffenheim,2024-09-27,25,30,77.0,76.2,82.0,75.0,75.5,78.33333333333333
3,Holstein Kiel,Holstein Kiel,2024-09-27,25,26,70.36363636363636,69.73333333333333,71.0,70.0,70.0,70.33333333333333
1,Huddersfield,Huddersfield Town,2017-09-18,18,33,74.18181818181819,73.46666666666667,75.0,73.25,74.25,75.0
1,Huddersfield,Huddersfield Town,2018-08-21,19,33,76.0,75.33333333333333,75.0,76.5,76.0,69.66666666666667
3,Ingolstadt,Ingolstadt,2015-09-21,16,26,72.0909090909091,71.46666666666667,73.0,72.75,72.0,68.5
3,Ingolstadt,Ingolstadt,2016-09-20,17,27,73.81818181818181,73.26666666666667,74.0,73.75,74.0,73.0
2,Inter,Inter,2014-09-18,15,33,79.36363636363636,78.4,83.0,78.75,79.0,78.33333333333333
2,Inter,Inter,2015-09-21,16,31,80.72727272727273,79.93333333333334,83.0,81.25,80.0,79.33333333333333
2,Inter,Inter,2016-09-20,17,33,82.72727272727273,81.8,87.0,81.0,83.25,80.33333333333333
2,Inter,Inter,2017-09-18,18,24,82.27272727272727,80.8,87.0,79.5,82.75,75.33333333333333
2,Inter,Inter,2018-08-21,19,29,84.0,82.93333333333334,88.0,83.75,83.25,82.0
2,Inter,Inter,2019-09-19,20,30,83.72727272727273,82.53333333333333,88.0,84.25,81.0,83.66666666666667
2,Inter,Inter,2020-09-23,21,33,84.45454545454545,83.53333333333333,88.0,84.0,83.75,79.0
2,Inter,Inter,2021-09-23,22,28,83.63636363636364,82.8,86.0,83.5,83.0,82.66666666666667
2,Inter,Inter,2022-09-26,23,26,84.72727272727273,83.93333333333334,84.0,84.0,84.25,85.33333333333333
2,Inter,Inter,2023-09-22,24,25,83.54545454545455,82.66666666666667,84.0,83.25,83.0,82.66666666666667
2,Inter,Lombardia FC,2024-09-27,25,27,85.18181818181819,84.13333333333334,87.0,84.75,84.25,84.0
1,Ipswich,Ipswich,2024-09-27,25,27,75.0,74.46666666666667,75.0,74.5,75.75,69.33333333333333
2,Juventus,Juventus,2014-09-18,15,33,82.63636363636364,81.4,82.0,81.5,83.75,81.0
2,Juventus,Juventus,2015-09-21,16,29,83.63636363636364,82.93333333333334,84.0,84.0,83.75,80.66666666666667
2,Juventus,Juventus,2016-09-20,17,27,85.9090909090909,85.06666666666666,88.0,86.5,84.0,85.33333333333333
2,Juventus,Juventus,2017-09-18,18,26,86.36363636363636,85.33333333333333,89.0,86.0,85.75,83.0
2,Juventus,Juventus,2018-08-21,19,26,86.9090909090909,86.13333333333334,84.0,86.75,86.5,83.33333333333333
2,Juventus,Juventus,2019-09-19,20,33,86.54545454545455,85.66666666666667,86.0,86.25,85.75,87.33333333333333
2,Juventus,Juventus,2020-09-23,21,31,85.54545454545455,84.26666666666667,87.0,85.5,84.5,79.0
2,Juventus,Juventus,2021-09-23,22,26,84.27272727272727,83.33333333333333,87.0,84.75,83.75,81.0
2,Juventus,Juventus,2022-09-26,23,30,83.63636363636364,82.66666666666667,86.0,83.75,81.75,84.0
2,Juventus,Juventus,2023-09-22,24,25,82.27272727272727,80.8,86.0,79.75,83.25,80.66666666666667
2,Juventus,Juventus,2024-09-27,25,24,82.0909090909091,81.0,80.0,81.0,82.75,81.66666666666667
4,Las Palmas,Las Palmas,2015-09-21,16,29,73.9090909090909,73.26666666666667,75.0,72.75,74.5,76.0
4,Las Palmas,Las Palmas,2016-09-20,17,32,77.81818181818181,77.2,78.0,77.25,79.0,72.33333333333333
4,Las Palmas,Las Palmas,2017-09-18,18,33,77.9090909090909,77.13333333333334,73.0,77.0,80.25,71.33333333333333
4,Las Palmas,Las Palmas,2023-09-22,24,27,75.54545454545455,74.53333333333333,76.0,74.25,77.0,70.0
4,Las Palmas,UD Las Palmas,2024-09-27,25,29,76.63636363636364,75.73333333333333,81.0,74.5,77.0,74.66666666666667
2,Lazio,Lazio,2014-09-18,15,33,78.18181818181819,77.4,79.0,77.5,76.75,80.0
2,Lazio,Lazio,2015-09-21,16,30,80.72727272727273,79.93333333333334,80.0,80.25,80.5,81.33333333333333
2,Lazio,Lazio,2016-09-20,17,31,79.81818181818181,78.93333333333334,82.0,79.75,79.75,78.33333333333333
2,Lazio,Lazio,2017-09-18,18,33,80.63636363636364,79.73333333333333,80.0,80.25,81.25,78.0
2,Lazio,Lazio,2018-08-21,19,33,81.54545454545455,80.53333333333333,80.0,80.75,82.25,77.0
2,Lazio,Lazio,2019-09-19,20,33,82.27272727272727,81.2,82.0,79.75,83.5,78.33333333333333
2,Lazio,Lazio,2020-09-23,21,33,82.27272727272727,81.0,83.0,78.75,83.75,80.33333333333333
2,Lazio,Lazio,2021-09-23,22,32,81.27272727272727,80.26666666666667,80.0,80.25,82.0,80.66666666666667
2,Lazio,Lazio,2022-09-26,23,24,80.54545454545455,79.26666666666667,79.0,78.5,80.5,81.33333333333333
2,Lazio,Lazio,2023-09-22,24,27,81.36363636363636,80.46666666666667,82.0,80.25,80.25,82.66666666666667
2,Lazio,Latium,2024-09-27,25,28,79.81818181818181,78.93333333333334,83.0,79.5,78.25,80.33333333333333
5,Le Havre,Le Havre,2023-09-22,24,32,71.45454545454545,70.6,72.0,71.5,70.5,69.33333333333333
5,Le Havre,Havre AC,2024-09-27,25,27,72.9090909090909,72.2,75.0,73.25,72.75,65.0
2,Lecce,Lecce,2019-09-19,20,33,72.0,71.33333333333333,75.0,72.0,71.5,70.33333333333333
2,Lecce,Lecce,2022-09-26,23,33,73.36363636363636,72.13333333333334,69.0,74.75,71.25,73.66666666666667
2,Lecce,Lecce,2023-09-22,24,32,73.54545454545455,72.6,76.0,73.25,71.25,74.0
2,Lecce,Lecce,2024-09-27,25,29,74.27272727272727,73.26666666666667,80.0,74.25,73.0,73.0
1,Leeds,Leeds United,2020-09-23,21,33,74.9090909090909,74.0,74.0,75.0,73.75,73.66666666666667
1,Leeds,Leeds United,2021-09-23,22,31,78.18181818181819,77.26666666666667,77.0,78.25,79.0,78.0
1,Leeds,Leeds United,2022-09-26,23,28,76.9090909090909,76.46666666666667,77.0,76.25,77.5,78.0
4,Leganes,Leganés,2016-09-20,17,25,75.45454545454545,74.73333333333333,76.0,75.25,76.25,71.33333333333333
4,Leganes,Leganés,2017-09-18,18,29,75.81818181818181,75.4,76.0,76.25,75.75,72.33333333333333
4,Leganes,Leganés,2018-08-21,19,32,75.63636363636364,75.06666666666666,76.0,74.25,76.5,68.66666666666667
4,Leganes,Leganés,2019-09-19,20,33,76.0909090909091,75.53333333333333,77.0,75.75,76.5,75.0
4,Leganes,CD Leganés,2024-09-27,25,21,74.0,73.13333333333334,78.0,72.25,73.0,74.0
1,Leicester,Leicester City,2014-09-18,15,33,72.0909090909091,71.26666666666667,74.0,71.75,72.25,70.66666666666667
1,Leicester,Leicester City,2015-09-21,16,33,75.72727272727273,74.86666666666666,76.0,75.0,76.5,74.0
1,Leicester,Leicester City,2016-09-20,17,33,80.45454545454545,79.33333333333333,81.0,78.5,81.25,78.0
1,Leicester,Leicester City,2017-09-18,18,33,79.45454545454545,78.53333333333333,83.0,77.25,79.75,80.0
1,Leicester,Leicester City,2018-08-21,19,33,79.54545454545455,78.46666666666667,84.0,79.25,79.0,82.0
1,Leicester,Leicester City,2019-09-19,20,33,79.72727272727273,78.6,83.0,79.0,79.5,77.0
1,Leicester,Leicester City,2020-09-23,21,33,81.54545454545455,80.2,84.0,79.75,81.25,79.0
1,Leicester,Leicester City,2021-09-23,22,33,82.18181818181819,81.06666666666666,85.0,80.75,83.0,80.33333333333333
1,Leicester,Leicester City,2022-09-26,23,32,80.72727272727273,79.6,75.0,79.5,82.5,79.66666666666667
1,Leicester,Leicester City,2024-09-27,25,32,76.54545454545455,76.13333333333334,76.0,76.25,76.75,76.33333333333333
5,Lens,Lens,2014-09-18,15,26,69.0,67.86666666666666,68.0,69.25,68.75,65.66666666666667
5,Lens,Lens,2020-09-23,21,33,72.63636363636364,72.0,75.0,71.5,73.5,65.0
5,Lens,Lens,2021-09-23,22,27,75.27272727272727,74.53333333333333,75.0,75.0,76.25,73.66666666666667
5,Lens,Lens,2022-09-26,23,25,75.81818181818181,75.26666666666667,75.0,75.5,76.0,75.0
5,Lens,Lens,2023-09-22,24,31,78.27272727272727,77.53333333333333,81.0,79.25,77.5,75.0
5,Lens,RC Lens,2024-09-27,25,25,77.81818181818181,77.06666666666666,82.0,79.0,75.0,76.66666666666667
4,Levante,Levante,2014-09-18,15,30,74.9090909090909,74.33333333333333,72.0,74.5,75.75,68.0
4,Levante,Levante,2015-09-21,16,28,75.72727272727273,75.06666666666666,75.0,75.5,75.0,71.33333333333333
4,Levante,Levante,2017-09-18,18,32,75.27272727272727,74.73333333333333,74.0,74.75,75.75,74.33333333333333
4,Levante,Levante,2018-08-21,19,33,77.0,76.33333333333333,75.0,75.75,78.75,74.0
4,Levante,Levante,2019-09-19,20,32,77.72727272727273,77.06666666666666,76.0,77.0,79.25,74.33333333333333
4,Levante,Levante,2020-09-23,21,33,77.81818181818181,77.06666666666666,83.0,76.25,78.75,73.66666666666667
4,Levante,Levante,2021-09-23,22,33,78.54545454545455,77.53333333333333,81.0,75.5,80.0,76.66666666666667
5,Lille,Lille,2014-09-18,15,26,76.72727272727273,75.73333333333333,80.0,77.25,76.5,73.66666666666667
5,Lille,Lille,2015-09-21,16,29,77.0,75.66666666666667,81.0,77.0,77.0,68.33333333333333
5,Lille,Lille,2016-09-20,17,25,77.18181818181819,76.4,83.0,76.75,76.5,73.5
5,Lille,Lille,2017-09-18,18,27,74.9090909090909,74.0,81.0,74.5,73.75,72.66666666666667
5,Lille,Lille,2018-08-21,19,33,75.45454545454545,74.73333333333333,76.0,73.75,76.0,
5,Lille,Lille,2019-09-19,20,31,77.72727272727273,76.66666666666667,80.0,77.0,78.0,71.66666666666667
5,Lille,Lille,2020-09-23,21,33,78.0909090909091,77.46666666666667,82.0,76.5,78.75,66.66666666666667
5,Lille,Lille,2021-09-23,22,30,79.45454545454545,78.26666666666667,74.0,79.25,80.0,79.5
5,Lille,Lille,2022-09-26,23,23,76.45454545454545,75.8,73.0,77.0,76.25,75.66666666666667
5,Lille,Lille,2023-09-22,24,28,77.36363636363636,76.33333333333333,78.0,77.0,77.25,71.5
5,Lille,LOSC Lille,2024-09-27,25,26,78.0909090909091,77.33333333333333,80.0,77.0,78.5,77.0
1,Liverpool,Liverpool,2014-09-18,15,33,80.9090909090909,80.13333333333334,82.0,80.0,80.5,80.33333333333333
1,Liverpool,Liverpool,2015-09-21,16,31,81.0909090909091,80.26666666666667,78.0,80.5,81.5,80.33333333333333
1,Liverpool,Liverpool,2016-09-20,17,33,82.0909090909091,81.53333333333333,82.0,81.75,82.25,79.66666666666667
1,Liverpool,Liverpool,2017-09-18,18,33,82.81818181818181,82.13333333333334,81.0,81.5,83.5,83.0
1,Liverpool,Liverpool,2018-08-21,19,33,84.0,83.2,85.0,82.0,83.0,86.66666666666667
1,Liverpool,Liverpool,2019-09-19,20,33,85.9090909090909,84.66666666666667,89.0,85.0,85.75,77.33333333333333
1,Liverpool,Liverpool,2020-09-23,21,33,87.63636363636364,86.13333333333334,90.0,86.75,85.75,89.0
1,Liverpool,Liverpool,2021-09-23,22,33,86.72727272727273,85.13333333333334,89.0,87.25,82.25,87.66666666666667
1,Liverpool,Liverpool,2022-09-26,23,30,86.54545454545455,85.26666666666667,89.0,87.75,83.5,86.0
1,Liverpool,Liverpool,2023-09-22,24,32,85.36363636363636,84.13333333333334,89.0,85.5,83.0,85.66666666666667
1,Liverpool,Liverpool,2024-09-27,25,33,85.72727272727273,84.4,89.0,85.75,81.5,86.0
5,Lorient,Lorient,2014-09-18,15,32,71.72727272727273,71.06666666666666,69.0,70.25,73.25,66.0
5,Lorient,Lorient,2015-09-21,16,26,73.63636363636364,72.86666666666666,75.0,73.75,74.0,69.33333333333333
5,Lorient,Lorient,2016-09-20,17,29,74.9090909090909,74.33333333333333,79.0,73.75,75.5,74.0
5,Lorient,Lorient,2020-09-23,21,26,71.63636363636364,70.73333333333333,73.0,71.5,71.25,70.66666666666667
5,Lorient,Lorient,2021-09-23,22,26,72.54545454545455,71.66666666666667,73.0,72.0,73.0,72.0
5,Lorient,Lorient,2022-09-26,23,27,72.0909090909091,71.2,75.0,71.0,73.0,69.66666666666667
5,Lorient,Lorient,2023-09-22,24,30,74.54545454545455,73.8,78.0,74.25,74.75,71.66666666666667
1,Luton,Luton Town,2023-09-22,24,25,73.18181818181819,72.6,73.0,73.25,73.25,71.0
5,Lyon,Olympique Lyonnais,2014-09-18,15,33,76.54545454545455,75.4,76.0,77.25,75.0,71.33333333333333
5,Lyon,Olympique Lyonnais,2015-09-21,16,30,79.72727272727273,78.8,81.0,79.5,79.25,69.33333333333333
5,Lyon,Olympique Lyonnais,2016-09-20,17,33,80.45454545454545,79.46666666666667,83.0,80.5,77.75,81.66666666666667
5,Lyon,Olympique Lyonnais,2017-09-18,18,33,78.45454545454545,77.4,83.0,77.75,78.5,75.66666666666667
5,Lyon,Olympique Lyonnais,2018-08-21,19,32,80.36363636363636,79.46666666666667,84.0,78.75,80.0,80.66666666666667
5,Lyon,Olympique Lyonnais,2019-09-19,20,29,80.18181818181819,79.46666666666667,85.0,78.5,81.0,74.66666666666667
5,Lyon,Olympique Lyonnais,2020-09-23,21,25,79.36363636363636,78.26666666666667,83.0,77.5,80.5,77.5
5,Lyon,Olympique Lyonnais,2021-09-23,22,30,79.72727272727273,79.2,82.0,79.75,80.0,77.66666666666667
5,Lyon,Olympique Lyonnais,2022-09-26,23,31,79.45454545454545,78.33333333333333,82.0,78.0,79.25,78.0
5,Lyon,Olympique Lyonnais,2023-09-22,24,27,77.9090909090909,76.66666666666667,82.0,77.75,76.75,77.5
5,Lyon,OL,2024-09-27,25,29,78.45454545454545,77.6,79.0,76.25,78.75,79.0
3,Mainz 05,FSV Mainz 05,2014-09-18,15,32,74.81818181818181,74.2,72.0,74.25,76.0,64.0
3,Mainz 05,FSV Mainz 05,2015-09-21,16,31,75.27272727272727,74.73333333333333,78.0,75.5,75.0,72.5
3,Mainz 05,FSV Mainz 05,2016-09-20,17,32,76.63636363636364,76.2,77.0,76.0,77.0,73.5
3,Mainz 05,FSV Mainz 05,2017-09-18,18,30,76.36363636363636,76.0,79.0,75.75,76.5,72.5
3,Mainz 05,FSV Mainz 05,2018-08-21,19,33,76.0,75.2,79.0,77.0,75.25,72.0
3,Mainz 05,FSV Mainz 05,2019-09-19,20,33,75.9090909090909,75.26666666666667,75.0,75.5,76.25,71.0
3,Mainz 05,FSV Mainz 05,2020-09-23,21,33,75.0909090909091,74.4,75.0,74.75,75.5,71.0
3,Mainz 05,FSV Mainz 05,2021-09-23,22,32,74.54545454545455,73.73333333333333,74.0,75.25,74.5,63.333333333333336
3,Mainz 05,FSV Mainz 05,2022-09-26,23,28,75.72727272727273,75.2,76.0,75.5,76.25,72.66666666666667
3,Mainz 05,FSV Mainz 05,2023-09-22,24,27,76.27272727272727,75.73333333333333,76.0,75.5,76.5,76.33333333333333
3,Mainz 05,1. FSV Mainz 05,2024-09-27,25,24,75.18181818181819,74.46666666666667,75.0,74.75,75.0,73.33333333333333
4,Malaga,Málaga,2014-09-18,15,32,76.18181818181819,75.33333333333333,80.0,76.25,75.75,68.33333333333333
4,Malaga,Málaga,2015-09-21,16,31,77.0909090909091,76.4,80.0,76.25,77.5,74.0
4,Malaga,Málaga,2016-09-20,17,29,78.45454545454545,77.73333333333333,80.0,77.5,79.25,74.66666666666667
4,Malaga,Málaga,2017-09-18,18,33,77.45454545454545,76.73333333333333,79.0,76.75,77.5,74.66666666666667
4,Mallorca,Mallorca,2019-09-19,20,27,72.72727272727273,72.0,70.0,71.75,74.25,71.33333333333333
4,Mallorca,Mallorca,2021-09-23,22,33,75.45454545454545,74.8,73.0,75.0,75.25,73.33333333333333
4,Mallorca,Mallorca,2022-09-26,23,32,75.45454545454545,74.86666666666666,78.0,76.0,74.75,70.33333333333333
4,Mallorca,Mallorca,2023-09-22,24,25,77.36363636363636,76.33333333333333,78.0,76.75,77.0,75.33333333333333
4,Mallorca,RCD Mallorca,2024-09-27,25,26,77.0909090909091,76.26666666666667,73.0,77.25,77.25,76.0
1,Manchester City,Manchester City,2014-09-18,15,33,83.72727272727273,82.66666666666667,82.0,82.0,85.0,83.33333333333333
1,Manchester City,Manchester City,2015-09-21,16,31,84.27272727272727,83.2,84.0,83.0,85.5,78.33333333333333
1,Manchester City,Manchester City,2016-09-20,17,33,85.0909090909091,83.93333333333334,85.0,83.75,86.0,82.0
1,Manchester City,Manchester City,2017-09-18,18,33,84.81818181818181,84.0,83.0,83.25,86.25,77.33333333333333
1,Manchester City,Manchester City,2018-08-21,19,33,86.54545454545455,85.73333333333333,86.0,84.5,87.75,86.66666666666667
1,Manchester City,Manchester City,2019-09-19,20,33,87.27272727272727,86.33333333333333,88.0,84.5,88.25,87.66666666666667
1,Manchester City,Manchester City,2020-09-23,21,33,86.54545454545455,85.33333333333333,88.0,84.75,87.0,86.66666666666667
1,Manchester City,Manchester City,2021-09-23,22,32,86.81818181818181,85.93333333333334,89.0,86.0,87.25,84.33333333333333
1,Manchester City,Manchester City,2022-09-26,23,27,87.36363636363636,86.26666666666667,89.0,86.75,88.0,77.33333333333333
1,Manchester City,Manchester City,2023-09-22,24,29,87.0,85.46666666666667,88.0,85.0,88.25,81.0
1,Manchester City,Manchester City,2024-09-27,25,28,87.63636363636364,86.53333333333333,88.0,85.25,89.0,87.66666666666667
1,Manchester United,Manchester United,2014-09-18,15,33,82.9090909090909,81.8,83.0,79.25,84.0,79.66666666666667
1,Manchester United,Manchester United,2015-09-21,16,31,82.72727272727273,81.93333333333334,86.0,80.5,84.5,57.0
1,Manchester United,Manchester United,2016-09-20,17,32,84.9090909090909,83.93333333333334,90.0,82.0,85.25,83.0
1,Manchester United,Manchester United,2017-09-18,18,33,85.0909090909091,83.93333333333334,90.0,82.5,85.0,81.0
1,Manchester United,Manchester United,2018-08-21,19,33,84.81818181818181,83.8,91.0,81.25,86.0,77.33333333333333
1,Manchester United,Manchester United,2019-09-19,20,33,83.0909090909091,82.2,89.0,81.0,84.0,
1,Manchester United,Manchester United,2020-09-23,21,33,83.45454545454545,82.46666666666667,86.0,81.5,85.25,80.5
1,Manchester United,Manchester United,2021-09-23,22,33,85.81818181818181,84.6,84.0,84.25,86.75,88.0
1,Manchester United,Manchester United,2022-09-26,23,33,84.27272727272727,83.13333333333334,87.0,81.5,85.25,85.5
1,Manchester United,Manchester United,2023-09-22,24,33,84.18181818181819,83.06666666666666,85.0,83.0,86.25,75.66666666666667
1,Manchester United,Man Utd,2024-09-27,25,32,82.63636363636364,81.53333333333333,83.0,83.0,83.25,73.66666666666667
5,Marseille,Olympique de Marseille,2014-09-18,15,28,77.0909090909091,76.06666666666666,82.0,76.0,77.25,71.66666666666667
5,Marseille,Olympique de Marseille,2015-09-21,16,26,77.9090909090909,77.06666666666666,83.0,77.5,77.5,72.33333333333333
5,Marseille,Olympique de Marseille,2016-09-20,17,31,76.9090909090909,75.86666666666666,74.0,74.75,79.25,71.0
5,Marseille,Olympique de Marseille,2017-09-18,18,26,80.36363636363636,79.0,82.0,79.5,80.75,78.0
5,Marseille,Olympique de Marseille,2018-08-21,19,30,80.36363636363636,79.06666666666666,83.0,80.0,81.25,76.66666666666667
5,Marseille,Olympique de Marseille,2019-09-19,20,27,79.27272727272727,78.06666666666666,80.0,78.25,80.75,75.66666666666667
5,Marseille,Olympique de Marseille,2020-09-23,21,33,79.72727272727273,78.73333333333333,83.0,78.5,80.75,75.66666666666667
5,Marseille,Olympique de Marseille,2021-09-23,22,33,79.0909090909091,78.26666666666667,81.0,78.5,78.5,73.66666666666667
5,Marseille,Olympique de Marseille,2022-09-26,23,33,79.18181818181819,78.26666666666667,79.0,78.75,80.0,72.33333333333333
5,Marseille,Olympique de Marseille,2023-09-22,24,26,79.36363636363636,78.46666666666667,80.0,79.5,79.5,77.66666666666667
5,Marseille,OM,2024-09-27,25,29,78.63636363636364,77.53333333333333,79.0,78.0,79.5,75.0
5,Metz,Metz,2014-09-18,15,30,70.81818181818181,69.86666666666666,70.0,69.25,72.75,68.66666666666667
5,Metz,Metz,2016-09-20,17,32,72.36363636363636,71.4,69.0,73.0,72.5,67.33333333333333
5,Metz,Metz,2017-09-18,18,31,73.0909090909091,72.46666666666667,72.0,72.75,73.75,71.66666666666667
5,Metz,Metz,2019-09-19,20,27,72.9090909090909,72.06666666666666,73.0,73.0,72.5,72.0
5,Metz,Metz,2020-09-23,21,32,73.63636363636364,72.8,76.0,72.75,72.75,74.33333333333333
5,Metz,Metz,2021-09-23,22,30,74.81818181818181,73.66666666666667,78.0,75.25,73.75,71.33333333333333
5,Metz,Metz,2023-09-22,24,31,71.63636363636364,70.93333333333334,73.0,72.5,70.0,69.66666666666667
1,Middlesbrough,Middlesbrough,2016-09-20,17,33,76.63636363636364,75.66666666666667,82.0,75.25,76.0,76.0
5,Monaco,Monaco,2014-09-18,15,28,78.18181818181819,76.93333333333334,77.0,76.25,80.5,76.0
5,Monaco,Monaco,2015-09-21,16,32,79.18181818181819,77.8,81.0,78.75,80.0,75.66666666666667
5,Monaco,Monaco,2016-09-20,17,33,80.18181818181819,78.93333333333334,83.0,79.75,79.5,77.33333333333333
5,Monaco,Monaco,2017-09-18,18,33,82.18181818181819,80.73333333333333,85.0,80.25,82.25,80.0
5,Monaco,Monaco,2018-08-21,19,33,80.0909090909091,78.73333333333333,83.0,79.25,78.5,77.33333333333333
5,Monaco,Monaco,2019-09-19,20,33,80.81818181818181,79.73333333333333,82.0,78.5,80.5,81.33333333333333
5,Monaco,Monaco,2020-09-23,21,33,78.72727272727273,77.66666666666667,80.0,76.75,78.25,77.0
5,Monaco,Monaco,2021-09-23,22,27,79.0,78.26666666666667,75.0,77.75,78.5,81.0
5,Monaco,Monaco,2022-09-26,23,27,78.72727272727273,78.06666666666666,78.0,77.5,79.25,78.0
5,Monaco,Monaco,2023-09-22,24,27,78.54545454545455,77.6,72.0,77.0,79.0,80.0
5,Monaco,AS Monaco,2024-09-27,25,24,78.0,77.33333333333333,77.0,78.0,78.75,74.66666666666667
5,Montpellier,Montpellier,2014-09-18,15,28,73.36363636363636,72.73333333333333,74.0,72.25,71.75,73.66666666666667
5,Montpellier,Montpellier,2015-09-21,16,31,74.36363636363636,73.6,77.0,73.5,75.0,71.66666666666667
5,Montpellier,Montpellier,2016-09-20,17,26,75.27272727272727,74.2,78.0,75.0,76.25,71.66666666666667
5,Montpellier,Montpellier,2017-09-18,18,29,75.0,74.2,78.0,75.25,74.25,64.66666666666667
5,Montpellier,Montpellier,2018-08-21,19,30,76.36363636363636,75.13333333333334,81.0,76.5,74.5,75.66666666666667
5,Montpellier,Montpellier,2019-09-19,20,27,77.0909090909091,75.8,81.0,76.25,76.5,75.33333333333333
5,Montpellier,Montpellier,2020-09-23,21,29,76.54545454545455,75.26666666666667,77.0,75.75,76.75,74.33333333333333
5,Montpellier,Montpellier,2021-09-23,22,26,75.9090909090909,74.8,77.0,75.0,77.5,61.0
5,Montpellier,Montpellier,2022-09-26,23,28,75.9090909090909,75.33333333333333,79.0,74.5,77.25,74.0
5,Montpellier,Montpellier,2023-09-22,24,24,75.0,74.13333333333334,76.0,74.25,76.25,66.33333333333333
5,Montpellier,Montpellier,2024-09-27,25,23,75.0,74.26666666666667,77.0,73.5,76.5,73.0
2,Monza,Monza,2022-09-26,23,33,76.0909090909091,75.33333333333333,80.0,74.5,75.75,76.0
2,Monza,Monza,2023-09-22,24,28,76.0909090909091,75.4,79.0,75.25,76.5,74.33333333333333
2,Monza,Monza,2024-09-27,25,25,75.36363636363636,74.53333333333333,74.0,74.5,76.75,73.0
5,Nancy,Nancy,2016-09-20,17,27,72.0909090909091,71.46666666666667,71.0,72.5,71.25,72.33333333333333
5,Nantes,Nantes,2014-09-18,15,33,73.27272727272727,72.13333333333334,74.0,74.25,73.25,68.0
5,Nantes,Nantes,2015-09-21,16,27,73.72727272727273,72.8,79.0,73.25,73.0,72.66666666666667
5,Nantes,Nantes,2016-09-20,17,28,74.27272727272727,73.26666666666667,78.0,75.5,72.75,70.33333333333333
5,Nantes,Nantes,2017-09-18,18,33,75.36363636363636,74.6,77.0,75.5,74.75,74.66666666666667
5,Nantes,Nantes,2018-08-21,19,33,76.0,74.73333333333333,78.0,75.75,76.0,73.0
5,Nantes,Nantes,2019-09-19,20,33,75.45454545454545,74.53333333333333,79.0,74.5,76.25,69.0
5,Nantes,Nantes,2020-09-23,21,33,75.27272727272727,74.46666666666667,78.0,75.0,75.75,68.66666666666667
5,Nantes,Nantes,2021-09-23,22,31,74.54545454545455,73.53333333333333,78.0,74.25,74.5,71.0
5,Nantes,Nantes,2022-09-26,23,28,76.27272727272727,75.13333333333334,80.0,75.5,77.5,72.33333333333333
5,Nantes,Nantes,2023-09-22,24,33,74.27272727272727,73.93333333333334,78.0,74.25,73.75,72.0
5,Nantes,FC Nantes,2024-09-27,25,21,74.27272727272727,73.53333333333333,76.0,73.25,75.0,73.0
2,Napoli,Napoli,2014-09-18,15,32,79.27272727272727,78.13333333333334,74.0,76.75,80.75,71.0
2,Napoli,Napoli,2015-09-21,16,26,80.63636363636364,79.66666666666667,80.0,78.5,81.75,84.0
2,Napoli,Napoli,2016-09-20,17,27,82.18181818181819,81.33333333333333,84.0,81.0,82.5,81.0
2,Napoli,Napoli,2017-09-18,18,27,82.72727272727273,81.73333333333333,83.0,81.0,82.0,84.66666666666667
2,Napoli,Napoli,2018-08-21,19,27,83.9090909090909,82.66666666666667,79.0,83.25,82.75,86.33333333333333
2,Napoli,Napoli,2019-09-19,20,31,84.0,82.73333333333333,80.0,83.5,83.25,85.66666666666667
2,Napoli,Napoli,2020-09-23,21,33,82.0909090909091,81.13333333333334,79.0,82.25,80.25,83.66666666666667
2,Napoli,Napoli,2021-09-23,22,26,82.18181818181819,81.13333333333334,79.0,81.75,82.0,82.33333333333333
2,Napoli,Napoli,2022-09-26,23,25,80.81818181818181,80.06666666666666,78.0,79.75,81.5,80.66666666666667
2,Napoli,Napoli,2023-09-22,24,27,83.18181818181819,81.8,83.0,81.25,82.75,84.33333333333333
2,Napoli,SSC Napoli,2024-09-27,25,26,81.72727272727273,80.86666666666666,81.0,80.25,80.25,84.66666666666667
1,Newcastle United,Newcastle United,2014-09-18,15,33,76.63636363636364,75.86666666666666,79.0,76.0,77.25,73.66666666666667
1,Newcastle United,Newcastle United,2015-09-21,16,31,77.72727272727273,77.13333333333334,79.0,77.25,78.25,75.33333333333333
1,Newcastle United,Newcastle United,2017-09-18,18,33,76.0909090909091,75.53333333333333,71.0,76.75,76.0,75.0
1,Newcastle United,Newcastle United,2018-08-21,19,33,76.81818181818181,76.46666666666667,77.0,77.0,76.75,75.66666666666667
1,Newcastle United,Newcastle United,2019-09-19,20,33,77.9090909090909,77.26666666666667,80.0,77.75,76.75,78.33333333333333
1,Newcastle United,Newcastle United,2020-09-23,21,33,78.27272727272727,77.6,83.0,77.25,78.5,75.33333333333333
1,Newcastle United,Newcastle United,2021-09-23,22,33,76.9090909090909,76.26666666666667,81.0,76.0,76.5,76.0
1,Newcastle United,Newcastle United,2022-09-26,23,33,79.54545454545455,78.6,81.0,79.5,79.25,78.33333333333333
1,Newcastle United,Newcastle United,2023-09-22,24,32,82.72727272727273,81.53333333333333,84.0,82.25,83.25,79.66666666666667
1,Newcastle United,Newcastle Utd,2024-09-27,25,32,82.72727272727273,81.4,83.0,81.25,82.25,82.66666666666667
5,Nice,Nice,2014-09-18,15,33,73.0,71.8,73.0,71.25,74.25,68.0
5,Nice,Nice,2015-09-21,16,31,74.0909090909091,73.46666666666667,72.0,73.5,75.25,66.0
5,Nice,Nice,2016-09-20,17,33,78.27272727272727,77.06666666666666,75.0,78.75,78.5,73.66666666666667
5,Nice,Nice,2017-09-18,18,33,79.27272727272727,78.13333333333334,79.0,77.5,80.75,72.66666666666667
5,Nice,Nice,2018-08-21,19,32,77.36363636363636,76.26666666666667,76.0,77.0,77.25,75.33333333333333
5,Nice,Nice,2019-09-19,20,29,76.36363636363636,75.13333333333334,80.0,77.5,76.0,72.0
5,Nice,Nice,2020-09-23,21,30,77.27272727272727,76.06666666666666,81.0,76.5,77.25,72.66666666666667
5,Nice,Nice,2021-09-23,22,27,77.54545454545455,76.86666666666666,80.0,76.25,77.0,75.66666666666667
5,Nice,Nice,2022-09-26,23,27,78.54545454545455,77.66666666666667,83.0,77.25,77.5,80.5
5,Nice,Nice,2023-09-22,24,25,77.0909090909091,76.46666666666667,73.0,76.75,77.0,76.0
5,Nice,OGC Nice,2024-09-27,25,26,77.54545454545455,76.93333333333334,79.0,77.0,76.0,77.33333333333333
5,Nimes,Nîmes,2018-08-21,19,31,70.63636363636364,69.93333333333334,72.0,69.0,71.5,70.0
5,Nimes,Nîmes,2019-09-19,20,23,72.9090909090909,71.33333333333333,77.0,74.0,71.75,62.666666666666664
5,Nimes,Nîmes,2020-09-23,21,27,73.0909090909091,72.26666666666667,75.0,73.25,73.5,67.66666666666667
1,Norwich,Norwich City,2015-09-21,16,32,75.0,74.26666666666667,75.0,73.75,75.5,72.66666666666667
1,Norwich,Norwich City,2019-09-19,20,33,74.9090909090909,74.26666666666667,80.0,74.0,73.5,73.33333333333333
1,Norwich,Norwich City,2021-09-23,22,33,75.63636363636364,75.0,77.0,75.25,76.0,71.33333333333333
1,Nottingham Forest,Nottingham Forest,2022-09-26,23,33,77.81818181818181,76.93333333333334,79.0,78.5,77.0,76.0
1,Nottingham Forest,Nottingham Forest,2023-09-22,24,33,78.0,77.4,81.0,78.0,77.75,75.66666666666667
1,Nottingham Forest,Nott'm Forest,2024-09-27,25,29,77.81818181818181,77.33333333333333,77.0,78.25,78.0,74.66666666666667
3,Nuernberg,Nürnberg,2018-08-21,19,25,72.27272727272727,71.4,73.0,73.5,70.75,67.66666666666667
4,Osasuna,Osasuna,2016-09-20,17,33,74.18181818181819,73.53333333333333,73.0,74.25,74.25,73.33333333333333
4,Osasuna,Osasuna,2019-09-19,20,30,74.36363636363636,73.73333333333333,72.0,73.5,75.0,
4,Osasuna,Osasuna,2020-09-23,21,31,76.9090909090909,76.13333333333334,76.0,75.75,78.25,73.66666666666667
4,Osasuna,Osasuna,2021-09-23,22,33,77.72727272727273,76.86666666666666,78.0,76.75,78.25,74.66666666666667
4,Osasuna,Osasuna,2022-09-26,23,32,77.0909090909091,76.46666666666667,78.0,77.0,77.25,73.66666666666667
4,Osasuna,Osasuna,2023-09-22,24,32,78.54545454545455,77.66666666666667,79.0,79.0,78.5,75.5
4,Osasuna,CA Osasuna,2024-09-27,25,27,77.18181818181819,76.53333333333333,78.0,76.0,78.0,71.33333333333333
3,Paderborn,Paderborn,2014-09-18,15,29,69.0909090909091,68.6,68.0,69.25,69.5,59.0
3,Paderborn,Paderborn,2019-09-19,20,33,70.9090909090909,70.4,71.0,71.0,71.5,65.66666666666667
2,Palermo,Palermo,2014-09-18,15,30,71.0909090909091,70.26666666666667,74.0,71.25,70.0,69.66666666666667
2,Palermo,Palermo,2015-09-21,16,29,74.9090909090909,73.93333333333334,77.0,75.0,75.25,68.0
2,Palermo,Palermo,2016-09-20,17,27,74.27272727272727,73.53333333333333,61.0,75.0,74.25,70.33333333333333
5,Paris Saint Germain,Paris Saint Germain,2014-09-18,15,24,83.45454545454545,81.93333333333334,84.0,81.0,82.0,85.66666666666667
5,Paris Saint Germain,Paris Saint Germain,2015-09-21,16,28,84.36363636363636,83.33333333333333,82.0,83.0,84.25,84.66666666666667
5,Paris Saint Germain,Paris Saint Germain,2016-09-20,17,30,84.81818181818181,83.93333333333334,83.0,83.75,85.75,82.33333333333333
5,Paris Saint Germain,Paris Saint Germain,2017-09-18,18,28,85.27272727272727,84.2,82.0,84.0,83.75,88.0
5,Paris Saint Germain,Paris Saint Germain,2018-08-21,19,33,86.0909090909091,84.93333333333334,88.0,84.25,83.0,89.33333333333333
5,Paris Saint Germain,Paris Saint Germain,2019-09-19,20,33,85.9090909090909,84.73333333333333,82.0,84.25,86.0,87.66666666666667
5,Paris Saint Germain,Paris Saint Germain,2020-09-23,21,29,85.45454545454545,83.93333333333334,87.0,82.5,85.5,87.33333333333333
5,Paris Saint Germain,Paris Saint Germain,2021-09-23,22,33,88.18181818181819,86.66666666666667,89.0,85.75,86.0,90.33333333333333
5,Paris Saint Germain,Paris Saint Germain,2022-09-26,23,26,86.9090909090909,85.33333333333333,88.0,84.75,83.5,90.33333333333333
5,Paris Saint Germain,Paris Saint Germain,2023-09-22,24,32,85.18181818181819,84.13333333333334,87.0,84.75,81.5,86.66666666666667
5,Paris Saint Germain,Paris SG,2024-09-27,25,27,83.9090909090909,82.86666666666666,89.0,84.25,81.5,83.0
2,Parma Calcio 1913,Parma,2014-09-18,15,33,75.0,73.86666666666666,78.0,74.5,71.75,77.33333333333333
2,Parma Calcio 1913,Parma,2018-08-21,19,30,74.0,72.93333333333334,74.0,70.5,74.25,75.33333333333333
2,Parma Calcio 1913,Parma,2019-09-19,20,33,75.0,74.33333333333333,75.0,71.5,75.5,76.0
2,Parma Calcio 1913,Parma,2020-09-23,21,31,75.27272727272727,74.46666666666667,77.0,73.75,75.25,75.66666666666667
2,Parma Calcio 1913,Parma,2024-09-27,25,26,73.72727272727273,73.26666666666667,72.0,73.25,75.25,71.0
2,Pescara,Pescara,2016-09-20,17,33,73.54545454545455,72.6,76.0,71.75,75.0,67.0
3,RasenBallsport Leipzig,RB Leipzig,2016-09-20,17,31,74.36363636363636,73.8,73.0,74.75,75.0,70.0
3,RasenBallsport Leipzig,RB Leipzig,2017-09-18,18,31,79.36363636363636,78.06666666666666,76.0,76.25,82.0,76.66666666666667
3,RasenBallsport Leipzig,RB Leipzig,2018-08-21,19,28,79.63636363636364,78.53333333333333,79.0,77.5,81.0,78.66666666666667
3,RasenBallsport Leipzig,RB Leipzig,2019-09-19,20,33,81.0909090909091,80.0,85.0,79.75,81.0,80.0
3,RasenBallsport Leipzig,RB Leipzig,2020-09-23,21,29,81.0,80.33333333333333,85.0,81.0,80.75,76.0
3,RasenBallsport Leipzig,RB Leipzig,2021-09-23,22,32,81.81818181818181,80.66666666666667,85.0,81.5,81.25,78.0
3,RasenBallsport Leipzig,RB Leipzig,2022-09-26,23,24,82.27272727272727,81.46666666666667,85.0,81.0,83.0,80.33333333333333
3,RasenBallsport Leipzig,RB Leipzig,2023-09-22,24,26,81.0,80.26666666666667,84.0,79.75,80.75,80.0
3,RasenBallsport Leipzig,RB Leipzig,2024-09-27,25,24,81.36363636363636,80.73333333333333,82.0,81.0,81.0,81.33333333333333
4,Rayo Vallecano,Rayo Vallecano,2014-09-18,15,32,75.45454545454545,74.8,75.0,75.5,76.0,72.0
4,Rayo Vallecano,Rayo Vallecano,2015-09-21,16,29,76.63636363636364,76.06666666666666,75.0,76.5,77.75,74.5
4,Rayo Vallecano,Rayo Vallecano,2018-08-21,19,27,74.81818181818181,73.86666666666666,74.0,74.5,76.0,63.0
4,Rayo Vallecano,Rayo Vallecano,2021-09-23,22,31,75.0,74.46666666666667,75.0,73.5,75.75,72.66666666666667
4,Rayo Vallecano,Rayo Vallecano,2022-09-26,23,29,76.63636363636364,76.0,79.0,75.75,76.75,76.0
4,Rayo Vallecano,Rayo Vallecano,2023-09-22,24,27,78.0,77.06666666666666,79.0,77.0,79.0,76.33333333333333
4,Rayo Vallecano,Rayo Vallecano,2024-09-27,25,24,77.36363636363636,76.53333333333333,76.0,77.0,78.5,73.66666666666667
4,Real Betis,Real Betis,2015-09-21,16,32,75.63636363636364,75.0,75.0,75.25,76.5,73.0
4,Real Betis,Real Betis,2016-09-20,17,29,78.0909090909091,77.46666666666667,80.0,77.5,77.75,76.33333333333333
4,Real Betis,Real Betis,2017-09-18,18,24,78.36363636363636,77.33333333333333,81.0,76.25,79.25,77.5
4,Real Betis,Real Betis,2018-08-21,19,28,80.9090909090909,80.33333333333333,82.0,80.0,82.0,75.0
4,Real Betis,Real Betis,2019-09-19,20,31,81.63636363636364,80.53333333333333,78.0,80.25,83.0,76.33333333333333
4,Real Betis,Real Betis,2020-09-23,21,33,79.63636363636364,79.0,77.0,79.0,81.25,77.0
4,Real Betis,Real Betis,2021-09-23,22,33,80.0,79.4,81.0,78.5,81.75,74.66666666666667
4,Real Betis,Real Betis,2022-09-26,23,32,80.54545454545455,79.73333333333333,80.0,78.5,82.5,77.0
4,Real Betis,Real Betis,2023-09-22,24,31,80.36363636363636,79.4,81.0,77.75,81.75,79.5
4,Real Betis,Real Betis,2024-09-27,25,28,78.9090909090909,78.2,81.0,77.25,80.0,76.66666666666667
4,Real Madrid,Real Madrid,2014-09-18,15,33,85.72727272727273,84.4,84.0,83.25,88.0,76.66666666666667
4,Real Madrid,Real Madrid,2015-09-21,16,31,86.0909090909091,84.53333333333333,81.0,84.0,88.5,75.0
4,Real Madrid,Real Madrid,2016-09-20,17,33,87.9090909090909,86.53333333333333,85.0,86.75,89.5,86.33333333333333
4,Real Madrid,Real Madrid,2017-09-18,18,26,87.81818181818181,86.53333333333333,85.0,86.5,87.5,89.66666666666667
4,Real Madrid,Real Madrid,2018-08-21,19,33,88.45454545454545,87.13333333333334,90.0,87.25,89.5,83.0
4,Real Madrid,Real Madrid,2019-09-19,20,33,87.54545454545455,86.73333333333333,88.0,86.0,87.75,87.66666666666667
4,Real Madrid,Real Madrid,2020-09-23,21,32,87.0909090909091,85.93333333333334,89.0,86.0,87.0,86.33333333333333
4,Real Madrid,Real Madrid,2021-09-23,22,33,85.9090909090909,84.8,89.0,83.5,86.75,85.66666666666667
4,Real Madrid,Real Madrid,2022-09-26,23,33,86.54545454545455,85.46666666666667,90.0,85.25,85.5,87.0
4,Real Madrid,Real Madrid,2023-09-22,24,33,86.45454545454545,85.33333333333333,90.0,84.75,86.75,85.33333333333333
4,Real Madrid,Real Madrid,2024-09-27,25,25,87.63636363636364,86.53333333333333,89.0,86.0,87.25,89.0
4,Real Sociedad,Real Sociedad,2014-09-18,15,31,78.0,77.26666666666667,76.0,77.5,78.75,76.66666666666667
4,Real Sociedad,Real Sociedad,2015-09-21,16,33,78.72727272727273,78.13333333333334,79.0,78.25,79.5,77.33333333333333
4,Real Sociedad,Real Sociedad,2016-09-20,17,33,79.0,78.26666666666667,82.0,77.5,79.25,73.66666666666667
4,Real Sociedad,Real Sociedad,2017-09-18,18,31,80.36363636363636,79.53333333333333,83.0,79.0,79.5,81.0
4,Real Sociedad,Real Sociedad,2018-08-21,19,32,78.9090909090909,77.86666666666666,81.0,75.75,79.0,78.66666666666667
4,Real Sociedad,Real Sociedad,2019-09-19,20,30,79.36363636363636,78.26666666666667,80.0,76.25,81.0,74.33333333333333
4,Real Sociedad,Real Sociedad,2020-09-23,21,33,81.0,80.0,80.0,78.5,82.25,81.0
4,Real Sociedad,Real Sociedad,2021-09-23,22,25,81.45454545454545,80.33333333333333,81.0,79.0,82.75,81.0
4,Real Sociedad,Real Sociedad,2022-09-26,23,31,80.27272727272727,79.2,82.0,79.5,80.5,79.0
4,Real Sociedad,Real Sociedad,2023-09-22,24,33,81.27272727272727,80.13333333333334,84.0,80.5,82.0,76.66666666666667
4,Real Sociedad,Real Sociedad,2024-09-27,25,29,80.0,78.6,84.0,79.5,77.5,80.0
4,Real Valladolid,Real Valladolid,2018-08-21,19,29,72.9090909090909,72.26666666666667,74.0,71.5,74.25,62.666666666666664
4,Real Valladolid,Real Valladolid,2019-09-19,20,33,76.72727272727273,75.93333333333334,81.0,75.0,76.25,74.33333333333333
4,Real Valladolid,Real Valladolid,2020-09-23,21,33,76.9090909090909,76.0,81.0,75.25,77.5,73.66666666666667
4,Real Valladolid,Real Valladolid,2022-09-26,23,32,75.9090909090909,75.26666666666667,79.0,75.5,76.0,74.0
4,Real Valladolid,R. Valladolid CF,2024-09-27,25,27,73.45454545454545,72.66666666666667,70.0,72.5,74.5,71.66666666666667
5,Reims,Stade de Reims,2014-09-18,15,29,72.45454545454545,71.8,77.0,72.5,71.25,70.33333333333333
5,Reims,Stade de Reims,2015-09-21,16,30,74.0909090909091,73.33333333333333,76.0,74.5,73.5,66.33333333333333
5,Reims,Stade de Reims,2018-08-21,19,28,72.0909090909091,71.2,72.0,73.0,71.5,68.33333333333333
5,Reims,Stade de Reims,2019-09-19,20,26,74.36363636363636,73.13333333333334,73.0,73.75,75.0,70.33333333333333
5,Reims,Stade de Reims,2020-09-23,21,30,75.27272727272727,73.93333333333334,79.0,75.0,74.75,69.33333333333333
5,Reims,Stade de Reims,2021-09-23,22,29,74.54545454545455,73.73333333333333,78.0,75.25,74.0,68.66666666666667
5,Reims,Stade de Reims,2022-09-26,23,28,73.9090909090909,73.13333333333334,73.0,74.75,72.75,72.66666666666667
5,Reims,Stade de Reims,2023-09-22,24,26,75.72727272727273,74.26666666666667,77.0,74.75,77.5,69.0
5,Reims,Stade de Reims,2024-09-27,25,24,75.63636363636364,74.86666666666666,77.0,75.0,76.75,67.66666666666667
5,Rennes,Rennes,2014-09-18,15,28,74.9090909090909,74.26666666666667,78.0,74.5,74.25,70.0
5,Rennes,Rennes,2015-09-21,16,28,77.0,76.2,81.0,76.0,78.0,73.33333333333333
5,Rennes,Rennes,2016-09-20,17,33,77.36363636363636,76.6,82.0,75.75,78.0,72.33333333333333
5,Rennes,Rennes,2017-09-18,18,33,75.45454545454545,74.53333333333333,70.0,76.0,76.75,61.5
5,Rennes,Rennes,2018-08-21,19,32,76.0,75.2,78.0,75.5,77.0,72.0
5,Rennes,Rennes,2019-09-19,20,23,76.0,75.13333333333334,77.0,75.25,77.5,72.5
5,Rennes,Rennes,2020-09-23,21,33,77.81818181818181,76.73333333333333,79.0,76.25,78.5,76.0
5,Rennes,Rennes,2021-09-23,22,27,77.27272727272727,76.66666666666667,76.0,76.25,78.25,76.66666666666667
5,Rennes,Rennes,2022-09-26,23,26,78.36363636363636,77.46666666666667,79.0,76.5,79.25,75.0
5,Rennes,Rennes,2023-09-22,24,23,78.36363636363636,77.13333333333334,79.0,75.25,80.5,68.33333333333333
5,Rennes,Stade Rennais FC,2024-09-27,25,27,76.45454545454545,75.73333333333333,78.0,75.5,77.0,65.33333333333333
2,Roma,Roma,2014-09-18,15,33,80.54545454545455,79.53333333333333,79.0,79.75,81.75,79.33333333333333
2,Roma,Roma,2015-09-21,16,28,81.36363636363636,80.73333333333333,79.0,80.25,82.5,80.33333333333333
2,Roma,Roma,2016-09-20,17,26,81.63636363636364,81.0,80.0,82.0,81.0,80.66666666666667
2,Roma,Roma,2017-09-18,18,27,82.36363636363636,81.4,80.0,82.0,83.25,81.66666666666667
2,Roma,Roma,2018-08-21,19,28,82.63636363636364,81.73333333333333,80.0,82.75,82.5,82.33333333333333
2,Roma,Roma,2019-09-19,20,31,80.36363636363636,79.73333333333333,83.0,80.5,78.5,80.66666666666667
2,Roma,Roma,2021-09-23,22,32,80.18181818181819,79.4,82.0,79.75,81.25,76.33333333333333
2,Roma,Roma,2022-09-26,23,29,81.72727272727273,80.93333333333334,82.0,81.0,82.75,79.0
2,Roma,Roma,2023-09-22,24,29,81.63636363636364,80.66666666666667,81.0,81.25,82.0,80.66666666666667
2,Roma,AS Roma,2024-09-27,25,22,80.45454545454545,79.53333333333333,78.0,78.5,82.5,78.0
4,SD Huesca,Huesca,2018-08-21,19,22,74.63636363636364,73.73333333333333,72.0,74.75,74.75,74.5
4,SD Huesca,Huesca,2020-09-23,21,30,74.27272727272727,73.6,78.0,74.75,73.75,65.66666666666667
2,SPAL 2013,SPAL,2017-09-18,18,29,74.72727272727273,73.66666666666667,74.0,72.5,73.75,76.33333333333333
2,SPAL 2013,SPAL,2018-08-21,19,31,75.27272727272727,74.46666666666667,75.0,72.75,75.5,75.66666666666667
2,SPAL 2013,SPAL,2019-09-19,20,27,74.72727272727273,74.0,76.0,72.5,74.25,76.0
5,Saint-Etienne,Saint-Étienne,2014-09-18,15,29,76.81818181818181,75.93333333333334,83.0,76.5,76.25,71.0
5,Saint-Etienne,Saint-Étienne,2015-09-21,16,32,77.0909090909091,76.2,83.0,77.75,76.25,74.0
5,Saint-Etienne,Saint-Étienne,2016-09-20,17,31,77.45454545454545,76.73333333333333,85.0,77.25,77.0,74.33333333333333
5,Saint-Etienne,Saint-Étienne,2017-09-18,18,30,77.0,75.66666666666667,85.0,77.5,75.75,73.66666666666667
5,Saint-Etienne,Saint-Étienne,2018-08-21,19,27,77.81818181818181,76.4,84.0,77.5,78.0,68.33333333333333
5,Saint-Etienne,Saint-Étienne,2019-09-19,20,32,77.63636363636364,76.4,84.0,76.5,78.25,69.5
5,Saint-Etienne,Saint-Étienne,2020-09-23,21,33,75.45454545454545,74.2,81.0,75.0,76.25,63.0
5,Saint-Etienne,Saint-Étienne,2021-09-23,22,29,74.54545454545455,73.86666666666666,72.0,73.75,75.5,67.5
5,Saint-Etienne,AS Saint-Étienne,2024-09-27,25,26,72.18181818181819,71.6,74.0,72.25,71.75,68.66666666666667
2,Salernitana,Salernitana,2021-09-23,22,27,72.36363636363636,71.0,73.0,71.0,70.25,74.0
2,Salernitana,Salernitana,2022-09-26,23,32,75.45454545454545,74.8,74.0,73.25,77.25,75.66666666666667
2,Salernitana,Salernitana,2023-09-22,24,26,75.27272727272727,74.13333333333334,81.0,72.25,75.75,73.33333333333333
2,Sampdoria,Sampdoria,2014-09-18,15,28,73.72727272727273,72.86666666666666,77.0,72.25,74.0,70.33333333333333
2,Sampdoria,Sampdoria,2015-09-21,16,28,76.36363636363636,75.4,78.0,75.25,75.25,78.0
2,Sampdoria,Sampdoria,2016-09-20,17,29,77.0,76.13333333333334,82.0,73.25,77.0,77.33333333333333
2,Sampdoria,Sampdoria,2017-09-18,18,28,76.45454545454545,75.66666666666667,82.0,74.25,76.0,74.66666666666667
2,Sampdoria,Sampdoria,2018-08-21,19,32,76.63636363636364,75.6,74.0,75.25,77.25,75.0
2,Sampdoria,Sampdoria,2019-09-19,20,32,76.72727272727273,75.46666666666667,77.0,75.5,76.25,75.66666666666667
2,Sampdoria,Sampdoria,2020-09-23,21,30,75.0909090909091,74.2,77.0,73.25,75.0,76.0
2,Sampdoria,Sampdoria,2021-09-23,22,25,76.45454545454545,75.46666666666667,78.0,74.75,76.0,77.0
2,Sampdoria,Sampdoria,2022-09-26,23,27,75.27272727272727,74.53333333333333,78.0,73.75,74.5,76.33333333333333
2,Sassuolo,Sassuolo,2014-09-18,15,30,74.0909090909091,73.06666666666666,78.0,73.0,71.0,75.0
2,Sassuolo,Sassuolo,2015-09-21,16,27,74.81818181818181,73.93333333333334,79.0,74.25,72.0,76.0
2,Sassuolo,Sassuolo,2016-09-20,17,27,77.54545454545455,76.2,83.0,76.75,75.75,78.0
2,Sassuolo,Sassuolo,2017-09-18,18,26,77.27272727272727,76.33333333333333,82.0,76.25,75.75,78.0
2,Sassuolo,Sassuolo,2018-08-21,19,28,76.72727272727273,75.86666666666666,82.0,74.75,76.75,76.66666666666667
2,Sassuolo,Sassuolo,2019-09-19,20,28,75.63636363636364,74.8,81.0,73.5,75.5,75.66666666666667
2,Sassuolo,Sassuolo,2020-09-23,21,33,76.9090909090909,75.66666666666667,81.0,73.5,77.75,75.66666666666667
2,Sassuolo,Sassuolo,2021-09-23,22,27,76.54545454545455,75.66666666666667,81.0,73.5,78.0,74.0
2,Sassuolo,Sassuolo,2022-09-26,23,31,76.72727272727273,75.73333333333333,80.0,73.5,79.25,74.33333333333333
2,Sassuolo,Sassuolo,2023-09-22,24,27,76.36363636363636,75.4,79.0,73.25,77.5,75.66666666666667
3,Schalke 04,Schalke 04,2014-09-18,15,33,79.18181818181819,78.26666666666667,77.0,77.75,80.75,72.0
3,Schalke 04,Schalke 04,2015-09-21,16,33,79.45454545454545,78.66666666666667,81.0,79.75,78.25,74.66666666666667
3,Schalke 04,Schalke 04,2016-09-20,17,33,81.0909090909091,80.0,84.0,82.0,80.25,79.0
3,Schalke 04,Schalke 04,2017-09-18,18,24,79.9090909090909,78.93333333333334,84.0,79.75,80.0,76.33333333333333
3,Schalke 04,Schalke 04,2018-08-21,19,27,80.45454545454545,79.53333333333333,83.0,82.0,79.25,76.0
3,Schalke 04,Schalke 04,2019-09-19,20,30,77.81818181818181,77.13333333333334,75.0,79.25,77.25,72.5
3,Schalke 04,Schalke 04,2020-09-23,21,29,77.36363636363636,76.66666666666667,77.0,77.5,77.5,74.66666666666667
3,Schalke 04,Schalke 04,2022-09-26,23,29,74.36363636363636,73.6,75.0,73.5,74.25,74.33333333333333
4,Sevilla,Sevilla,2014-09-18,15,33,79.0,78.33333333333333,81.0,77.75,79.25,78.66666666666667
4,Sevilla,Sevilla,2015-09-21,16,32,80.54545454545455,80.13333333333334,78.0,80.0,81.5,79.33333333333333
4,Sevilla,Sevilla,2016-09-20,17,27,81.72727272727273,81.2,82.0,81.0,82.0,79.5
4,Sevilla,Sevilla,2017-09-18,18,27,81.0,80.46666666666667,82.0,79.75,82.0,80.5
4,Sevilla,Sevilla,2018-08-21,19,33,80.0909090909091,79.46666666666667,78.0,79.5,81.5,75.33333333333333
4,Sevilla,Sevilla,2019-09-19,20,33,81.0,80.33333333333333,81.0,80.75,81.25,82.0
4,Sevilla,Sevilla,2020-09-23,21,33,81.72727272727273,80.93333333333334,82.0,82.5,81.25,80.33333333333333
4,Sevilla,Sevilla,2021-09-23,22,33,83.0,82.2,82.0,83.25,83.0,82.33333333333333
4,Sevilla,Sevilla,2022-09-26,23,30,82.27272727272727,81.53333333333333,84.0,82.75,82.25,80.0
4,Sevilla,Sevilla,2023-09-22,24,33,81.18181818181819,80.53333333333333,80.0,82.5,80.25,79.66666666666667
4,Sevilla,Sevilla FC,2024-09-27,25,29,78.0,77.13333333333334,76.0,78.75,78.0,75.33333333333333
1,Sheffield United,Sheffield United,2019-09-19,20,33,74.36363636363636,73.86666666666666,75.0,74.5,74.25,73.33333333333333
1,Sheffield United,Sheffield United,2020-09-23,21,31,77.0,76.13333333333334,75.0,77.75,77.25,74.33333333333333
1,Sheffield United,Sheffield United,2023-09-22,24,33,74.0,73.53333333333333,75.0,74.25,73.5,71.0
1,Southampton,Southampton,2014-09-18,15,33,76.54545454545455,76.0,76.0,75.5,77.75,74.33333333333333
1,Southampton,Southampton,2015-09-21,16,31,78.0,77.46666666666667,77.0,78.5,78.25,69.5
1,Southampton,Southampton,2016-09-20,17,33,78.72727272727273,78.0,78.0,79.75,78.5,66.33333333333333
1,Southampton,Southampton,2017-09-18,18,33,79.0,78.4,77.0,79.75,79.0,77.66666666666667
1,Southampton,Southampton,2018-08-21,19,33,77.72727272727273,77.2,77.0,78.0,78.0,76.66666666666667
1,Southampton,Southampton,2019-09-19,20,33,77.18181818181819,76.8,76.0,77.25,77.75,75.0
1,Southampton,Southampton,2020-09-23,21,33,77.18181818181819,76.6,77.0,77.0,77.0,76.0
1,Southampton,Southampton,2021-09-23,22,33,76.9090909090909,76.33333333333333,75.0,76.5,78.0,74.66666666666667
1,Southampton,Southampton,2022-09-26,23,27,76.63636363636364,76.0,75.0,77.25,77.0,73.0
1,Southampton,Southampton,2024-09-27,25,34,75.72727272727273,75.2,81.0,75.5,74.5,75.33333333333333
2,Spezia,Spezia,2021-09-23,22,24,72.27272727272727,71.33333333333333,75.0,71.0,70.25,72.66666666666667
2,Spezia,Spezia,2022-09-26,23,27,73.36363636363636,72.66666666666667,75.0,73.5,73.5,67.33333333333333
4,Sporting Gijon,Sporting Gijón,2015-09-21,16,27,74.45454545454545,73.6,76.0,74.5,75.25,66.66666666666667
4,Sporting Gijon,Sporting Gijón,2016-09-20,17,27,75.63636363636364,75.13333333333334,78.0,75.75,75.5,73.0
3,St. Pauli,FC St. Pauli,2024-09-27,25,28,71.45454545454545,70.73333333333333,70.0,71.75,70.25,71.66666666666667
5,Strasbourg,Strasbourg,2017-09-18,18,30,72.72727272727273,71.8,70.0,72.5,74.0,70.0
5,Strasbourg,Strasbourg,2018-08-21,19,24,73.45454545454545,72.73333333333333,75.0,73.75,74.0,70.33333333333333
5,Strasbourg,Strasbourg,2019-09-19,20,28,75.72727272727273,74.73333333333333,78.0,76.5,73.5,74.33333333333333
5,Strasbourg,Strasbourg,2020-09-23,21,24,75.54545454545455,74.46666666666667,79.0,76.0,74.0,71.66666666666667
5,Strasbourg,Strasbourg,2021-09-23,22,25,75.54545454545455,74.6,77.0,74.5,75.0,75.33333333333333
5,Strasbourg,Strasbourg,2022-09-26,23,24,76.63636363636364,75.93333333333334,79.0,75.75,75.75,77.66666666666667
5,Strasbourg,Strasbourg,2023-09-22,24,28,74.18181818181819,73.0,79.0,74.25,72.0,71.0
5,Strasbourg,Strasbourg,2024-09-27,25,29,73.27272727272727,72.4,79.0,71.5,73.5,70.33333333333333
1,Sunderland,Sunderland,2014-09-18,15,33,75.27272727272727,74.53333333333333,74.0,73.5,76.25,75.0
1,Sunderland,Sunderland,2015-09-21,16,32,77.0909090909091,76.33333333333333,76.0,75.75,77.25,78.0
1,Sunderland,Sunderland,2016-09-20,17,33,77.27272727272727,76.66666666666667,75.0,77.0,77.5,72.33333333333333
2,Torino,Torino,2014-09-18,15,33,75.0909090909091,74.66666666666667,74.0,76.0,74.25,74.33333333333333
2,Torino,Torino,2015-09-21,16,29,77.81818181818181,77.06666666666666,76.0,79.75,76.0,77.0
2,Torino,Torino,2016-09-20,17,26,78.36363636363636,77.86666666666666,84.0,77.75,77.75,77.66666666666667
2,Torino,Torino,2017-09-18,18,27,78.72727272727273,77.73333333333333,79.0,77.5,78.0,80.33333333333333
2,Torino,Torino,2018-08-21,19,28,79.54545454545455,78.6,82.0,77.75,78.5,81.33333333333333
2,Torino,Torino,2019-09-19,20,29,79.63636363636364,78.33333333333333,84.0,79.25,77.0,80.33333333333333
2,Torino,Torino,2020-09-23,21,33,78.45454545454545,77.46666666666667,84.0,78.75,76.25,78.0
2,Torino,Torino,2021-09-23,22,31,76.9090909090909,76.33333333333333,75.0,77.25,76.25,77.0
2,Torino,Torino,2022-09-26,23,28,75.45454545454545,75.06666666666666,73.0,75.0,76.75,72.66666666666667
2,Torino,Torino,2023-09-22,24,28,76.9090909090909,76.0,76.0,76.5,76.0,78.0
2,Torino,Torino,2024-09-27,25,28,77.45454545454545,76.66666666666667,77.0,76.75,77.0,78.33333333333333
1,Tottenham,Tottenham Hotspur,2014-09-18,15,33,80.63636363636364,79.86666666666666,85.0,79.75,80.25,77.33333333333333
1,Tottenham,Tottenham Hotspur,2015-09-21,16,32,80.36363636363636,79.33333333333333,85.0,80.0,80.25,73.5
1,Tottenham,Tottenham Hotspur,2016-09-20,17,33,82.54545454545455,81.53333333333333,88.0,82.25,81.75,74.0
1,Tottenham,Tottenham Hotspur,2017-09-18,18,33,84.27272727272727,83.2,88.0,83.75,84.0,74.66666666666667
1,Tottenham,Tottenham Hotspur,2018-08-21,19,33,85.18181818181819,83.93333333333334,88.0,84.5,85.0,80.66666666666667
1,Tottenham,Tottenham Hotspur,2019-09-19,20,33,85.45454545454545,84.06666666666666,88.0,84.25,85.5,76.5
1,Tottenham,Tottenham Hotspur,2020-09-23,21,33,84.0,83.0,87.0,82.25,84.0,85.5
1,Tottenham,Tottenham Hotspur,2021-09-23,22,33,83.45454545454545,82.33333333333333,87.0,80.25,83.75,76.5
1,Tottenham,Tottenham Hotspur,2022-09-26,23,29,83.45454545454545,82.2,87.0,81.5,83.0,83.66666666666667
1,Tottenham,Tottenham Hotspur,2023-09-22,24,31,82.45454545454545,81.4,83.0,80.0,82.75,82.66666666666667
1,Tottenham,Spurs,2024-09-27,25,30,82.9090909090909,81.93333333333334,84.0,82.75,82.0,83.0
5,Toulouse,Toulouse,2014-09-18,15,33,73.63636363636364,72.53333333333333,74.0,72.25,72.5,72.66666666666667
5,Toulouse,Toulouse,2015-09-21,16,33,74.81818181818181,74.2,74.0,74.0,75.25,71.66666666666667
5,Toulouse,Toulouse,2016-09-20,17,31,74.18181818181819,73.26666666666667,74.0,72.5,75.0,69.5
5,Toulouse,Toulouse,2017-09-18,18,27,75.54545454545455,74.8,77.0,74.75,76.0,73.5
5,Toulouse,Toulouse,2018-08-21,19,33,75.18181818181819,74.33333333333333,78.0,73.5,76.0,68.0
5,Toulouse,Toulouse,2019-09-19,20,29,75.0909090909091,74.06666666666666,77.0,73.0,76.75,73.33333333333333
5,Toulouse,Toulouse,2022-09-26,23,26,72.18181818181819,71.66666666666667,73.0,71.5,72.0,72.33333333333333
5,Toulouse,Toulouse,2023-09-22,24,29,72.45454545454545,71.86666666666666,71.0,73.0,72.0,69.0
5,Toulouse,Toulouse FC,2024-09-27,25,20,74.18181818181819,73.53333333333333,78.0,73.75,74.5,72.0
5,Troyes,Troyes,2015-09-21,16,33,71.72727272727273,70.73333333333333,71.0,72.75,72.0,66.33333333333333
5,Troyes,Troyes,2017-09-18,18,33,71.72727272727273,70.73333333333333,74.0,70.5,71.0,72.66666666666667
5,Troyes,Troyes,2021-09-23,22,33,73.0909090909091,72.4,73.0,71.5,74.75,67.66666666666667
5,Troyes,Troyes,2022-09-26,23,31,72.9090909090909,72.26666666666667,74.0,70.75,74.0,65.66666666666667
2,Udinese,Udinese,2014-09-18,15,32,75.0,74.4,75.0,74.75,74.5,75.0
2,Udinese,Udinese,2015-09-21,16,31,76.45454545454545,75.8,78.0,76.5,74.75,77.33333333333333
2,Udinese,Udinese,2016-09-20,17,29,77.54545454545455,76.86666666666666,82.0,77.0,76.75,77.0
2,Udinese,Udinese,2017-09-18,18,32,75.63636363636364,75.06666666666666,75.0,75.75,75.75,73.66666666666667
2,Udinese,Udinese,2018-08-21,19,33,75.45454545454545,75.0,74.0,73.5,75.75,76.0
2,Udinese,Udinese,2019-09-19,20,33,76.36363636363636,75.73333333333333,78.0,75.0,76.75,75.33333333333333
2,Udinese,Udinese,2020-09-23,21,33,74.9090909090909,74.2,80.0,73.0,75.0,74.33333333333333
2,Udinese,Udinese,2021-09-23,22,26,75.45454545454545,74.8,79.0,74.0,77.0,71.66666666666667
2,Udinese,Udinese,2022-09-26,23,26,76.18181818181819,75.33333333333333,79.0,74.75,75.0,77.66666666666667
2,Udinese,Udinese,2023-09-22,24,33,75.63636363636364,74.93333333333334,79.0,74.5,75.25,75.66666666666667
2,Udinese,Udinese,2024-09-27,25,26,72.72727272727273,72.33333333333333,74.0,73.0,72.5,72.0
3,Union Berlin,FC Union Berlin,2019-09-19,20,33,73.36363636363636,72.6,75.0,74.0,71.5,73.0
3,Union Berlin,FC Union Berlin,2020-09-23,21,29,74.0,73.0,74.0,74.25,74.75,71.33333333333333
3,Union Berlin,FC Union Berlin,2021-09-23,22,31,75.36363636363636,74.4,76.0,76.25,75.0,71.66666666666667
3,Union Berlin,FC Union Berlin,2022-09-26,23,31,74.9090909090909,74.46666666666667,75.0,75.75,74.25,73.33333333333333
3,Union Berlin,FC Union Berlin,2023-09-22,24,28,77.9090909090909,77.4,79.0,78.5,77.5,71.0
3,Union Berlin,Union Berlin,2024-09-27,25,25,75.72727272727273,75.2,79.0,76.0,74.75,74.33333333333333
4,Valencia,Valencia,2014-09-18,15,31,79.63636363636364,78.26666666666667,81.0,77.5,79.25,80.66666666666667
4,Valencia,Valencia,2015-09-21,16,32,80.81818181818181,80.2,83.0,80.5,80.75,80.0
4,Valencia,Valencia,2016-09-20,17,31,80.72727272727273,79.93333333333334,83.0,81.0,80.5,76.0
4,Valencia,Valencia,2017-09-18,18,27,79.54545454545455,78.6,80.0,80.0,79.0,79.5
4,Valencia,Valencia,2018-08-21,19,30,82.27272727272727,81.4,84.0,81.0,82.5,82.0
4,Valencia,Valencia,2019-09-19,20,33,82.0909090909091,81.33333333333333,83.0,81.5,82.5,81.33333333333333
4,Valencia,Valencia,2020-09-23,21,33,79.81818181818181,78.53333333333333,81.0,79.75,79.0,74.0
4,Valencia,Valencia,2021-09-23,22,33,79.45454545454545,78.26666666666667,81.0,80.5,79.0,69.0
4,Valencia,Valencia,2022-09-26,23,33,77.45454545454545,76.46666666666667,78.0,78.75,75.75,81.0
4,Valencia,Valencia,2023-09-22,24,29,77.0,75.66666666666667,80.0,78.25,76.5,71.33333333333333
4,Valencia,Valencia CF,2024-09-27,25,31,78.72727272727273,77.53333333333333,85.0,78.25,77.0,75.0
2,Venezia,Venezia,2021-09-23,22,33,71.72727272727273,70.86666666666666,70.0,72.5,70.5,71.66666666666667
2,Venezia,Venezia,2024-09-27,25,28,71.9090909090909,71.13333333333334,74.0,70.75,72.0,71.33333333333333
2,Verona,Hellas Verona,2014-09-18,15,31,73.0909090909091,72.66666666666667,74.0,73.0,72.5,73.33333333333333
2,Verona,Hellas Verona,2015-09-21,16,26,75.27272727272727,74.53333333333333,75.0,75.0,73.75,76.33333333333333
2,Verona,Hellas Verona,2017-09-18,18,28,73.72727272727273,72.66666666666667,69.0,75.0,71.75,71.66666666666667
2,Verona,Hellas Verona,2019-09-19,20,33,74.36363636363636,73.53333333333333,74.0,72.25,75.25,73.66666666666667
2,Verona,Hellas Verona,2020-09-23,21,33,74.45454545454545,73.66666666666667,77.0,72.25,75.5,73.33333333333333
2,Verona,Hellas Verona,2021-09-23,22,27,75.81818181818181,75.26666666666667,74.0,75.5,76.75,75.0
2,Verona,Hellas Verona,2022-09-26,23,30,76.0909090909091,75.26666666666667,76.0,76.0,76.5,73.0
2,Verona,Hellas Verona,2023-09-22,24,31,75.0,74.2,77.0,74.75,75.5,72.66666666666667
2,Verona,Hellas Verona,2024-09-27,25,31,74.45454545454545,73.73333333333333,77.0,73.75,75.0,70.33333333333333
3,VfB Stuttgart,VfB Stuttgart,2014-09-18,15,30,76.0,75.26666666666667,79.0,74.0,76.25,76.33333333333333
3,VfB Stuttgart,VfB Stuttgart,2015-09-21,16,30,76.45454545454545,75.6,76.0,75.5,77.25,77.0
3,VfB Stuttgart,VfB Stuttgart,2017-09-18,18,28,75.9090909090909,74.93333333333334,79.0,75.75,75.0,74.33333333333333
3,VfB Stuttgart,VfB Stuttgart,2018-08-21,19,27,78.45454545454545,77.4,79.0,78.25,78.5,74.66666666666667
3,VfB Stuttgart,VfB Stuttgart,2020-09-23,21,33,73.9090909090909,73.13333333333334,75.0,73.5,75.0,62.333333333333336
3,VfB Stuttgart,VfB Stuttgart,2021-09-23,22,33,75.45454545454545,74.26666666666667,77.0,75.25,75.5,69.66666666666667
3,VfB Stuttgart,VfB Stuttgart,2022-09-26,23,28,75.9090909090909,74.53333333333333,76.0,77.0,74.0,74.0
3,VfB Stuttgart,VfB Stuttgart,2023-09-22,24,31,74.54545454545455,74.0,76.0,74.5,73.75,70.66666666666667
3,VfB Stuttgart,VfB Stuttgart,2024-09-27,25,30,77.9090909090909,76.8,80.0,77.0,77.25,77.33333333333333
4,Villarreal,Villarreal,2014-09-18,15,33,77.18181818181819,76.13333333333334,79.0,76.5,76.0,77.33333333333333
4,Villarreal,Villarreal,2015-09-21,16,31,79.18181818181819,78.53333333333333,80.0,79.25,79.0,77.33333333333333
4,Villarreal,Villarreal,2016-09-20,17,33,80.81818181818181,80.33333333333333,81.0,80.75,81.0,79.33333333333333
4,Villarreal,Villarreal,2017-09-18,18,33,81.27272727272727,80.26666666666667,84.0,80.0,81.75,73.66666666666667
4,Villarreal,Villarreal,2018-08-21,19,33,81.36363636363636,80.53333333333333,84.0,80.0,81.25,81.0
4,Villarreal,Villarreal,2019-09-19,20,32,80.0,79.13333333333334,82.0,79.5,79.75,74.66666666666667
4,Villarreal,Villarreal,2020-09-23,21,32,81.18181818181819,80.33333333333333,82.0,80.25,81.75,74.33333333333333
4,Villarreal,Villarreal,2021-09-23,22,33,81.63636363636364,80.86666666666666,83.0,80.75,82.75,79.0
4,Villarreal,Villarreal,2022-09-26,23,25,81.81818181818181,81.0,82.0,80.5,82.25,85.0
4,Villarreal,Villarreal,2023-09-22,24,25,80.36363636363636,79.33333333333333,77.0,78.75,82.5,79.0
4,Villarreal,Villarreal CF,2024-09-27,25,25,79.0909090909091,78.0,76.0,78.25,80.0,75.0
1,Watford,Watford,2015-09-21,16,30,76.0,75.26666666666667,75.0,76.75,74.75,76.0
1,Watford,Watford,2016-09-20,17,33,77.9090909090909,77.6,78.0,77.0,79.0,77.0
1,Watford,Watford,2017-09-18,18,33,78.45454545454545,77.8,82.0,77.25,78.0,77.33333333333333
1,Watford,Watford,2018-08-21,19,33,77.9090909090909,77.33333333333333,77.0,77.0,79.5,75.33333333333333
1,Watford,Watford,2019-09-19,20,33,78.9090909090909,78.2,80.0,77.25,79.75,78.66666666666667
1,Watford,Watford,2021-09-23,22,30,76.0909090909091,75.46666666666667,78.0,74.75,77.25,71.33333333333333
3,Werder Bremen,Werder Bremen,2014-09-18,15,28,74.54545454545455,74.06666666666666,72.0,74.0,75.25,70.33333333333333
3,Werder Bremen,Werder Bremen,2015-09-21,16,31,75.27272727272727,74.2,74.0,75.75,74.75,71.0
3,Werder Bremen,Werder Bremen,2016-09-20,17,33,76.9090909090909,76.4,77.0,76.25,78.25,69.33333333333333
3,Werder Bremen,Werder Bremen,2017-09-18,18,26,76.81818181818181,76.13333333333334,74.0,75.75,79.25,68.66666666666667
3,Werder Bremen,Werder Bremen,2018-08-21,19,33,77.9090909090909,77.33333333333333,82.0,76.75,78.75,70.66666666666667
3,Werder Bremen,Werder Bremen,2019-09-19,20,32,78.54545454545455,77.6,84.0,77.5,78.5,77.0
3,Werder Bremen,Werder Bremen,2020-09-23,21,33,76.81818181818181,75.73333333333333,82.0,75.75,76.25,76.0
3,Werder Bremen,Werder Bremen,2022-09-26,23,28,74.27272727272727,73.26666666666667,78.0,74.25,71.75,71.66666666666667
3,Werder Bremen,Werder Bremen,2023-09-22,24,27,75.18181818181819,74.53333333333333,77.0,74.75,74.5,73.33333333333333
3,Werder Bremen,SV Werder Bremen,2024-09-27,25,27,75.27272727272727,74.73333333333333,76.0,75.25,75.0,72.33333333333333
1,West Bromwich Albion,West Bromwich Albion,2014-09-18,15,33,76.18181818181819,75.2,78.0,75.5,76.0,75.33333333333333
1,West Bromwich Albion,West Bromwich Albion,2015-09-21,16,30,76.81818181818181,76.13333333333334,79.0,76.25,76.0,77.0
1,West Bromwich Albion,West Bromwich Albion,2016-09-20,17,32,77.81818181818181,76.8,80.0,77.25,77.5,73.66666666666667
1,West Bromwich Albion,West Bromwich Albion,2017-09-18,18,30,78.63636363636364,77.8,80.0,77.75,79.25,67.5
1,West Bromwich Albion,West Bromwich Albion,2020-09-23,21,32,74.54545454545455,73.8,75.0,75.0,74.75,70.66666666666667
1,West Ham,West Ham United,2014-09-18,15,33,76.0,75.33333333333333,76.0,73.25,77.25,74.0
1,West Ham,West Ham United,2015-09-21,16,31,77.54545454545455,76.8,78.0,76.75,78.0,76.66666666666667
1,West Ham,West Ham United,2016-09-20,17,33,80.0,79.2,80.0,78.75,81.25,78.33333333333333
1,West Ham,West Ham United,2017-09-18,18,33,80.0909090909091,79.26666666666667,82.0,79.25,79.75,78.33333333333333
1,West Ham,West Ham United,2018-08-21,19,33,79.9090909090909,79.2,80.0,78.0,81.25,78.0
1,West Ham,West Ham United,2019-09-19,20,33,80.0909090909091,79.26666666666667,82.0,78.0,81.0,78.33333333333333
1,West Ham,West Ham United,2020-09-23,21,33,79.0,78.46666666666667,81.0,77.0,80.0,69.5
1,West Ham,West Ham United,2021-09-23,22,33,80.54545454545455,79.66666666666667,82.0,80.0,80.75,
1,West Ham,West Ham United,2022-09-26,23,29,80.81818181818181,80.26666666666667,82.0,79.75,81.75,71.66666666666667
1,West Ham,West Ham United,2023-09-22,24,33,79.0909090909091,78.73333333333333,79.0,79.25,79.5,70.66666666666667
1,West Ham,West Ham,2024-09-27,25,27,80.81818181818181,80.06666666666666,81.0,78.75,82.25,78.0
3,Wolfsburg,VfL Wolfsburg,2014-09-18,15,29,79.0,78.06666666666666,80.0,78.25,79.75,76.66666666666667
3,Wolfsburg,VfL Wolfsburg,2015-09-21,16,26,80.45454545454545,79.4,81.0,81.25,80.5,71.0
3,Wolfsburg,VfL Wolfsburg,2016-09-20,17,33,80.9090909090909,80.2,79.0,80.5,81.75,72.33333333333333
3,Wolfsburg,VfL Wolfsburg,2017-09-18,18,33,79.54545454545455,78.53333333333333,78.0,78.0,80.0,77.33333333333333
3,Wolfsburg,VfL Wolfsburg,2018-08-21,19,33,78.36363636363636,77.6,82.0,78.5,78.25,73.66666666666667
3,Wolfsburg,VfL Wolfsburg,2019-09-19,20,33,79.27272727272727,78.53333333333333,83.0,79.0,78.0,79.0
3,Wolfsburg,VfL Wolfsburg,2020-09-23,21,30,78.36363636363636,77.66666666666667,83.0,78.25,77.25,74.33333333333333
3,Wolfsburg,VfL Wolfsburg,2021-09-23,22,32,79.81818181818181,79.0,86.0,79.0,79.0,78.0
3,Wolfsburg,VfL Wolfsburg,2022-09-26,23,29,78.36363636363636,77.66666666666667,84.0,77.25,78.75,76.33333333333333
3,Wolfsburg,VfL Wolfsburg,2023-09-22,24,31,78.0909090909091,77.33333333333333,84.0,76.75,78.25,77.0
3,Wolfsburg,VfL Wolfsburg,2024-09-27,25,31,77.18181818181819,76.46666666666667,75.0,75.75,78.0,76.66666666666667
1,Wolverhampton Wanderers,Wolverhampton Wanderers,2018-08-21,19,33,77.9090909090909,76.73333333333333,83.0,76.75,75.75,77.0
1,Wolverhampton Wanderers,Wolverhampton Wanderers,2019-09-19,20,33,79.72727272727273,78.53333333333333,83.0,78.5,75.25,79.0
1,Wolverhampton Wanderers,Wolverhampton Wanderers,2020-09-23,21,33,80.54545454545455,78.66666666666667,84.0,79.75,73.5,78.0
1,Wolverhampton Wanderers,Wolverhampton Wanderers,2021-09-23,22,33,79.63636363636364,78.8,79.0,79.5,79.0,78.66666666666667
1,Wolverhampton Wanderers,Wolverhampton Wanderers,2022-09-26,23,33,80.18181818181819,79.33333333333333,81.0,78.0,81.25,79.66666666666667
1,Wolverhampton Wanderers,Wolverhampton Wanderers,2023-09-22,24,27,77.36363636363636,76.86666666666666,79.0,77.0,77.75,69.66666666666667
1,Wolverhampton Wanderers,Wolves,2024-09-27,25,31,78.0909090909091,77.6,79.0,77.75,77.25,78.0
