batch_id,kickoff_time,model,train_size,validation_size,n_validation_folds,validation_step_size,primary_metric,history_size,test_group_size,n_candidate_features,n_features_after_missing,n_features_after_corr,n_selected_features,dropped_corr_features,best_params,val_accuracy,val_macro_f1,val_weighted_f1
1,2025-08-22 18:30:00,logistic_regression,594,18,4,18,accuracy,612,1,159,159,159,159,,{'model__C': 0.1},0.4861111111111111,0.4494854682354682,0.4748845290511957
2,2025-08-23 13:30:00,logistic_regression,595,18,4,18,accuracy,613,5,159,159,159,159,,{'model__C': 0.1},0.4583333333333333,0.4276190176925471,0.4629882757946483
3,2025-08-23 16:30:00,logistic_regression,600,18,4,18,accuracy,618,1,159,159,159,159,,{'model__C': 0.1},0.41666666666666663,0.38089737060325296,0.4188351953057835
4,2025-08-24 13:30:00,logistic_regression,601,18,4,18,accuracy,619,1,159,159,159,159,,{'model__C': 1.0},0.41666666666666663,0.3839821398644928,0.4239027947361281
5,2025-08-24 15:30:00,logistic_regression,602,18,4,18,accuracy,620,1,159,159,159,159,,{'model__C': 1.0},0.4305555555555556,0.405386674871969,0.4421797927925379
6,2025-08-29 18:30:00,logistic_regression,603,18,4,18,accuracy,621,1,159,159,159,159,,{'model__C': 0.1},0.4305555555555555,0.39859873242226185,0.445801738203699
7,2025-08-30 13:30:00,logistic_regression,604,18,4,18,accuracy,622,4,159,159,159,159,,{'model__C': 0.1},0.41666666666666663,0.39734228190110543,0.4285605960851059
8,2025-08-30 16:30:00,logistic_regression,608,18,4,18,accuracy,626,1,159,159,159,159,,{'model__C': 0.1},0.4027777777777778,0.39715284715284715,0.4013819513819513
9,2025-08-31 13:30:00,logistic_regression,609,18,4,18,accuracy,627,1,159,159,159,159,,{'model__C': 0.1},0.41666666666666663,0.4092606467606467,0.41440812274145605
10,2025-08-31 15:30:00,logistic_regression,610,18,4,18,accuracy,628,1,159,159,159,159,,{'model__C': 0.1},0.4305555555555555,0.4201631701631702,0.42975427350427353
11,2025-08-31 17:30:00,logistic_regression,611,18,4,18,accuracy,629,1,159,159,159,159,,{'model__C': 0.1},0.4444444444444444,0.4329059829059829,0.4374033374033374
12,2025-09-12 18:30:00,logistic_regression,612,18,4,18,accuracy,630,1,159,159,159,159,,{'model__C': 0.1},0.4583333333333333,0.4407018907018907,0.4455397997064664
13,2025-09-13 13:30:00,logistic_regression,613,18,4,18,accuracy,631,5,159,159,159,159,,{'model__C': 0.1},0.4305555555555555,0.41843457468457473,0.4321983957400624
14,2025-09-13 16:30:00,logistic_regression,618,18,4,18,accuracy,636,1,159,159,159,159,,{'model__C': 0.1},0.41666666666666663,0.3919267823679588,0.4084185286391169
15,2025-09-14 13:30:00,logistic_regression,619,18,4,18,accuracy,637,1,159,159,159,159,,{'model__C': 1.0},0.4305555555555555,0.40394401350283704,0.4349412842059901
16,2025-09-14 15:30:00,logistic_regression,620,18,4,18,accuracy,638,1,159,159,159,159,,{'model__C': 1.0},0.4305555555555556,0.4138100869718517,0.4406114446555623
17,2025-09-19 18:30:00,logistic_regression,621,18,4,18,accuracy,639,1,159,159,159,159,,{'model__C': 0.1},0.4305555555555555,0.4091360028860029,0.44369538640371975
18,2025-09-20 13:30:00,logistic_regression,622,18,4,18,accuracy,640,4,159,159,159,159,,{'model__C': 1.0},0.4444444444444444,0.432503947577477,0.45927406607553667
19,2025-09-20 16:30:00,logistic_regression,626,18,4,18,accuracy,644,1,159,159,159,159,,{'model__C': 1.0},0.4305555555555555,0.40530083951136575,0.4326038240511924
20,2025-09-21 13:30:00,logistic_regression,627,18,4,18,accuracy,645,1,159,159,159,159,,{'model__C': 1.0},0.4444444444444444,0.41530691530691527,0.4494336681836681
21,2025-09-21 15:30:00,logistic_regression,628,18,4,18,accuracy,646,1,159,159,159,159,,{'model__C': 0.1},0.41666666666666663,0.39337745587745593,0.4312423687423687
22,2025-09-21 17:30:00,logistic_regression,629,18,4,18,accuracy,647,1,159,159,159,159,,{'model__C': 1.0},0.4444444444444444,0.43383005883005876,0.4506845006845006
23,2025-09-26 18:30:00,logistic_regression,630,18,4,18,accuracy,648,1,159,159,159,159,,{'model__C': 1.0},0.4583333333333333,0.4434297184297184,0.46562434479101145
24,2025-09-27 13:30:00,logistic_regression,631,18,4,18,accuracy,649,4,159,159,159,159,,{'model__C': 1.0},0.4861111111111111,0.4625381562881563,0.49738163071496405
25,2025-09-27 16:30:00,logistic_regression,635,18,4,18,accuracy,653,1,159,159,159,159,,{'model__C': 0.1},0.4722222222222222,0.4426994574053398,0.4865767402532108
26,2025-09-28 13:30:00,logistic_regression,636,18,4,18,accuracy,654,1,159,159,159,159,,{'model__C': 1.0},0.48611111111111116,0.4604626310508664,0.5000729934553464
27,2025-09-28 15:30:00,logistic_regression,637,18,4,18,accuracy,655,1,159,159,159,159,,{'model__C': 1.0},0.48611111111111105,0.4713145514616103,0.4961110512581101
28,2025-09-28 17:30:00,logistic_regression,638,18,4,18,accuracy,656,1,159,159,159,159,,{'model__C': 1.0},0.4722222222222222,0.4589038820656468,0.4836680612415907
29,2025-10-03 18:30:00,logistic_regression,639,18,4,18,accuracy,657,1,159,159,159,159,,{'model__C': 1.0},0.4444444444444444,0.4328537475596299,0.4552542229012817
30,2025-10-04 13:30:00,logistic_regression,640,18,4,18,accuracy,658,4,159,159,159,159,,{'model__C': 1.0},0.4583333333333333,0.44837961602667487,0.4709923518747048
31,2025-10-04 16:30:00,logistic_regression,644,18,4,18,accuracy,662,1,159,159,159,159,,{'model__C': 1.0},0.41666666666666663,0.39151370072422703,0.4165188287995305
32,2025-10-05 13:30:00,logistic_regression,645,18,4,18,accuracy,663,1,159,159,159,159,,{'model__C': 1.0},0.4444444444444444,0.414057239057239,0.4471630992464325
33,2025-10-05 15:30:00,logistic_regression,646,18,4,18,accuracy,664,1,159,159,159,159,,{'model__C': 1.0},0.4305555555555555,0.4097027972027972,0.4416148666148666
34,2025-10-05 17:30:00,logistic_regression,647,18,4,18,accuracy,665,1,159,159,159,159,,{'model__C': 1.0},0.4444444444444444,0.42622655122655123,0.4460016835016835
35,2025-10-17 18:30:00,logistic_regression,648,18,4,18,accuracy,666,1,159,159,159,159,,{'model__C': 1.0},0.4305555555555555,0.41003256003256,0.43061999728666395
36,2025-10-18 13:30:00,logistic_regression,649,18,4,18,accuracy,667,5,159,159,159,159,,{'model__C': 1.0},0.4583333333333333,0.42825854700854704,0.4601665309998643
37,2025-10-18 16:30:00,logistic_regression,654,18,4,18,accuracy,672,1,159,159,159,159,,{'model__C': 1.0},0.47222222222222215,0.44194411253234783,0.4792396601220131
38,2025-10-19 13:30:00,logistic_regression,655,18,4,18,accuracy,673,1,159,159,159,159,,{'model__C': 1.0},0.4861111111111111,0.45584826393649924,0.4832808349965213
39,2025-10-19 15:30:00,logistic_regression,656,18,4,18,accuracy,674,1,159,159,159,159,,{'model__C': 1.0},0.4861111111111111,0.4534579756328983,0.48034203784977775
40,2025-10-24 18:30:00,logistic_regression,657,18,4,18,accuracy,675,1,159,159,159,159,,{'model__C': 1.0},0.4583333333333333,0.42015533486121726,0.45842882607588487
41,2025-10-25 13:30:00,logistic_regression,658,18,4,18,accuracy,676,5,159,159,159,159,,{'model__C': 1.0},0.4722222222222222,0.42855869620575504,0.47661913250148535
42,2025-10-25 16:30:00,logistic_regression,663,18,4,18,accuracy,681,1,159,159,159,159,,{'model__C': 1.0},0.4722222222222222,0.40435305435305435,0.46272346480679816
43,2025-10-26 13:30:00,logistic_regression,664,18,4,18,accuracy,682,1,159,159,159,159,,{'model__C': 1.0},0.4444444444444445,0.3865675990675991,0.4436933436933437
44,2025-10-26 15:30:00,logistic_regression,665,18,4,18,accuracy,683,1,159,159,159,159,,{'model__C': 1.0},0.4722222222222222,0.41854256854256855,0.46173039923039927
45,2025-10-31 19:30:00,logistic_regression,666,18,4,18,accuracy,684,1,159,159,159,159,,{'model__C': 1.0},0.4583333333333333,0.4165140415140415,0.46132987382987384
46,2025-11-01 14:30:00,logistic_regression,667,18,4,18,accuracy,685,5,159,159,159,159,,{'model__C': 1.0},0.4861111111111111,0.43741605616605617,0.48633326549993217
47,2025-11-01 17:30:00,logistic_regression,672,18,4,18,accuracy,690,1,159,159,159,159,,{'model__C': 1.0},0.48611111111111105,0.4533521489403842,0.48903495741731035
48,2025-11-02 14:30:00,logistic_regression,673,18,4,18,accuracy,691,1,159,159,159,159,,{'model__C': 0.1},0.4861111111111111,0.43660737410737405,0.48481996398663063
49,2025-11-02 16:30:00,logistic_regression,674,18,4,18,accuracy,692,1,159,159,159,159,,{'model__C': 1.0},0.4722222222222222,0.41958641418780745,0.46803813124440063
50,2025-11-07 19:30:00,logistic_regression,675,18,4,18,accuracy,693,1,159,159,159,159,,{'model__C': 1.0},0.4861111111111111,0.42542865631100923,0.4765140904846787
51,2025-11-08 14:30:00,logistic_regression,676,18,4,18,accuracy,694,4,159,159,159,159,,{'model__C': 1.0},0.5,0.437800271623801,0.4986726508785332
52,2025-11-08 17:30:00,logistic_regression,680,18,4,18,accuracy,698,1,159,159,159,159,,{'model__C': 1.0},0.4444444444444444,0.37398608944661577,0.4358964419271437
53,2025-11-09 14:30:00,logistic_regression,681,18,4,18,accuracy,699,1,159,159,159,159,,{'model__C': 1.0},0.4444444444444444,0.37087542087542086,0.437591189674523
54,2025-11-09 16:30:00,logistic_regression,682,18,4,18,accuracy,700,1,159,159,159,159,,{'model__C': 1.0},0.4444444444444444,0.3760246697746698,0.4441352628852629
55,2025-11-09 18:30:00,logistic_regression,683,18,4,18,accuracy,701,1,159,159,159,159,,{'model__C': 1.0},0.4583333333333333,0.40036075036075036,0.4543229918229918
56,2025-11-21 19:30:00,logistic_regression,684,18,4,18,accuracy,702,1,159,159,159,159,,{'model__C': 0.1},0.4305555555555556,0.3674150060179472,0.43657150311562076
57,2025-11-22 14:30:00,logistic_regression,685,18,4,18,accuracy,703,5,159,159,159,159,,{'model__C': 0.1},0.4444444444444444,0.36273092590817047,0.4440395870994426
58,2025-11-22 17:30:00,logistic_regression,690,18,4,18,accuracy,708,1,159,159,159,159,,{'model__C': 0.1},0.4722222222222222,0.4092722092722093,0.4778322757489424
59,2025-11-23 14:30:00,logistic_regression,691,18,4,18,accuracy,709,1,159,159,159,159,,{'model__C': 0.1},0.4583333333333333,0.39748445998445997,0.464970214970215
60,2025-11-23 16:30:00,logistic_regression,692,18,4,18,accuracy,710,1,159,159,159,159,,{'model__C': 0.1},0.4305555555555556,0.3782625111959477,0.4359764105958636
61,2025-11-28 19:30:00,logistic_regression,693,18,4,18,accuracy,711,1,159,159,159,159,,{'model__C': 1.0},0.4305555555555556,0.3705052980788275,0.42773115138311213
62,2025-11-29 14:30:00,logistic_regression,694,18,4,18,accuracy,712,4,159,159,159,159,,{'model__C': 1.0},0.45833333333333337,0.3990556828792123,0.45577943298531526
63,2025-11-29 17:30:00,logistic_regression,698,18,4,18,accuracy,716,1,159,159,159,159,,{'model__C': 0.1},0.4722222222222222,0.41642934951758487,0.47780112044817935
64,2025-11-30 14:30:00,logistic_regression,699,18,4,18,accuracy,717,1,159,159,159,159,,{'model__C': 0.1},0.4583333333333333,0.4045900858400858,0.46496165871165873
65,2025-11-30 16:30:00,logistic_regression,700,18,4,18,accuracy,718,1,159,159,159,159,,{'model__C': 0.1},0.4583333333333333,0.404800986050986,0.46398208273208275
66,2025-11-30 18:30:00,logistic_regression,701,18,4,18,accuracy,719,1,159,159,159,159,,{'model__C': 0.1},0.4444444444444444,0.3740022526206736,0.44305206245995715
67,2025-12-05 19:30:00,logistic_regression,702,18,4,18,accuracy,720,1,159,159,159,159,,{'model__C': 0.1},0.4305555555555555,0.36704364535246886,0.43597923046452464
68,2025-12-06 14:30:00,logistic_regression,703,18,4,18,accuracy,721,5,159,159,159,159,,{'model__C': 0.1},0.4444444444444444,0.36071373014097474,0.4424302396567618
69,2025-12-06 17:30:00,logistic_regression,708,18,4,18,accuracy,726,1,159,159,159,159,,{'model__C': 0.1},0.3888888888888889,0.33767158767158767,0.38907288698955367
70,2025-12-07 14:30:00,logistic_regression,709,18,4,18,accuracy,727,1,159,159,159,159,,{'model__C': 0.1},0.38888888888888884,0.3393648018648019,0.38918673918673924
71,2025-12-07 16:30:00,logistic_regression,710,18,4,18,accuracy,728,1,159,159,159,159,,{'model__C': 0.1},0.37499999999999994,0.3331678397854868,0.3751672392603765
72,2025-12-12 19:30:00,logistic_regression,711,18,4,18,accuracy,729,1,159,159,159,159,,{'model__C': 0.1},0.375,0.33674982424982425,0.37921515213181883
73,2025-12-13 14:30:00,logistic_regression,712,18,4,18,accuracy,730,4,159,159,159,159,,{'model__C': 0.1},0.4027777777777778,0.3602469655101234,0.4047838126785495
74,2025-12-13 17:30:00,logistic_regression,716,18,4,18,accuracy,734,1,159,159,159,159,,{'model__C': 0.1},0.3888888888888889,0.34023887332710867,0.4017429193899782
75,2025-12-14 14:30:00,logistic_regression,717,18,4,18,accuracy,735,1,159,159,159,159,,{'model__C': 0.1},0.3888888888888889,0.3387787185581303,0.406814468211527
76,2025-12-14 16:30:00,logistic_regression,718,18,4,18,accuracy,736,1,159,159,159,159,,{'model__C': 1.0},0.38888888888888884,0.33608359233359236,0.38888727013727015
77,2025-12-14 18:30:00,logistic_regression,719,18,4,18,accuracy,737,1,159,159,159,159,,{'model__C': 0.1},0.375,0.3272429933614144,0.38610761801551274
78,2025-12-19 19:30:00,logistic_regression,720,18,4,18,accuracy,738,1,159,159,159,159,,{'model__C': 0.1},0.375,0.33010716135716134,0.398442221358888
79,2025-12-20 14:30:00,logistic_regression,721,18,4,18,accuracy,739,5,159,159,159,159,,{'model__C': 0.1},0.375,0.30386983873825973,0.39347347746470557
80,2025-12-20 17:30:00,logistic_regression,726,18,4,18,accuracy,744,1,159,159,159,159,,{'model__C': 0.1},0.40277777777777773,0.3602143227143227,0.4189161918328585
81,2025-12-21 14:30:00,logistic_regression,727,18,4,18,accuracy,745,1,159,159,159,159,,{'model__C': 0.1},0.38888888888888884,0.3528466903466903,0.3988190821524155
82,2025-12-21 16:30:00,logistic_regression,728,18,4,18,accuracy,746,1,159,159,159,159,,{'model__C': 0.1},0.3888888888888889,0.35969289425171774,0.40173768225238815
83,2026-01-09 19:30:00,logistic_regression,729,18,4,18,accuracy,747,1,159,159,159,159,,{'model__C': 0.1},0.38888888888888884,0.36598262848262847,0.40073190698190697
84,2026-01-10 14:30:00,logistic_regression,730,18,4,18,accuracy,748,3,159,159,159,159,,{'model__C': 0.1},0.4166666666666667,0.39172401672401674,0.4238007363007363
85,2026-01-10 17:30:00,logistic_regression,733,18,4,18,accuracy,751,1,159,159,159,159,,{'model__C': 0.1},0.3888888888888889,0.35252542936366466,0.39805975841515057
86,2026-01-11 14:30:00,logistic_regression,734,18,4,18,accuracy,752,1,159,159,159,159,,{'model__C': 0.1},0.375,0.34861730045553574,0.3990598385818974
87,2026-01-11 16:30:00,logistic_regression,735,18,4,18,accuracy,753,1,159,159,159,159,,{'model__C': 0.1},0.375,0.34963730441671614,0.40471009110714995
88,2026-01-13 17:30:00,logistic_regression,736,18,4,18,accuracy,754,1,159,159,159,159,,{'model__C': 0.1},0.38888888888888884,0.3654010341510342,0.4135972823472823
89,2026-01-13 19:30:00,logistic_regression,737,18,4,18,accuracy,755,2,159,159,159,159,,{'model__C': 0.1},0.375,0.3547283734783735,0.3948086635586635
90,2026-01-14 17:30:00,logistic_regression,739,18,4,18,accuracy,757,1,159,159,159,159,,{'model__C': 0.1},0.375,0.33505892255892256,0.39802188552188555
91,2026-01-14 19:30:00,logistic_regression,740,18,4,18,accuracy,758,3,159,159,159,159,,{'model__C': 0.1},0.38888888888888884,0.3488997113997114,0.4141654641654642
92,2026-01-15 19:30:00,logistic_regression,743,18,4,18,accuracy,761,1,159,159,159,159,,{'model__C': 0.1},0.3888888888888889,0.3371509209744504,0.40990507314036717
93,2026-01-16 19:30:00,logistic_regression,744,18,4,18,accuracy,762,1,159,159,159,159,,{'model__C': 0.1},0.3888888888888889,0.3531312369547664,0.40439846555042636
94,2026-01-17 14:30:00,logistic_regression,745,18,4,18,accuracy,763,5,159,159,159,159,,{'model__C': 0.1},0.375,0.34512362637362637,0.385810524352191
95,2026-01-17 17:30:00,logistic_regression,750,18,4,18,accuracy,768,1,159,159,159,159,,{'model__C': 0.1},0.3611111111111111,0.3300681888917183,0.36094617981872884
96,2026-01-18 14:30:00,logistic_regression,751,18,4,18,accuracy,769,1,159,159,159,159,,{'model__C': 0.1},0.37499999999999994,0.3437018999519,0.3811933822350489
97,2026-01-18 16:30:00,logistic_regression,752,18,4,18,accuracy,770,1,159,159,159,159,,{'model__C': 0.1},0.3888888888888889,0.3755978906714201,0.4068831699346406
98,2026-01-23 19:30:00,logistic_regression,753,18,4,18,accuracy,771,1,159,159,159,159,,{'model__C': 0.1},0.3888888888888889,0.3731431966726084,0.41021654453027
99,2026-01-24 14:30:00,logistic_regression,754,18,4,18,accuracy,772,5,159,159,159,159,,{'model__C': 0.1},0.40277777777777773,0.39086052836052837,0.4166108582775249
100,2026-01-24 17:30:00,logistic_regression,759,18,4,18,accuracy,777,1,159,159,159,159,,{'model__C': 0.1},0.4027777777777778,0.3841269841269841,0.41620370370370363
101,2026-01-25 14:30:00,logistic_regression,760,18,4,18,accuracy,778,1,159,159,159,159,,{'model__C': 0.1},0.4027777777777778,0.38786144411144413,0.4208115958115959
102,2026-01-25 16:30:00,logistic_regression,761,18,4,18,accuracy,779,1,159,159,159,159,,{'model__C': 0.1},0.4166666666666667,0.39991315873668815,0.427698390933685
103,2026-01-27 19:30:00,logistic_regression,762,18,4,18,accuracy,780,2,159,159,159,159,,{'model__C': 1.0},0.4305555555555556,0.41200859325859324,0.4392826694910028
104,2026-01-30 19:30:00,logistic_regression,764,18,4,18,accuracy,782,1,159,159,159,159,,{'model__C': 0.1},0.4444444444444445,0.4315658878158878,0.44661411119744454
105,2026-01-31 14:30:00,logistic_regression,765,18,4,18,accuracy,783,5,159,159,159,159,,{'model__C': 1.0},0.4444444444444445,0.42879955012307946,0.4473502260266966
106,2026-01-31 17:30:00,logistic_regression,770,18,4,18,accuracy,788,1,159,159,159,159,,{'model__C': 0.1},0.4027777777777778,0.3937017775253069,0.4123933619031659
107,2026-02-01 14:30:00,logistic_regression,771,18,4,18,accuracy,789,1,159,159,159,159,,{'model__C': 5.0},0.4027777777777778,0.3812289562289562,0.41480479397146064
108,2026-02-01 16:30:00,logistic_regression,772,18,4,18,accuracy,790,1,159,159,159,159,,{'model__C': 0.1},0.4305555555555555,0.4110986235986236,0.437642604309271
109,2026-02-06 19:30:00,logistic_regression,773,18,4,18,accuracy,791,1,159,159,159,159,,{'model__C': 0.1},0.41666666666666663,0.399025974025974,0.4258527737694404
110,2026-02-07 14:30:00,logistic_regression,774,18,4,18,accuracy,792,5,159,159,159,159,,{'model__C': 0.1},0.41666666666666663,0.40141617641617644,0.43051023051023046
111,2026-02-07 17:30:00,logistic_regression,779,18,4,18,accuracy,797,1,159,159,159,159,,{'model__C': 0.1},0.4444444444444444,0.4216899930135224,0.45596179419708827
112,2026-02-08 14:30:00,logistic_regression,780,18,4,18,accuracy,798,1,159,159,159,159,,{'model__C': 0.1},0.4444444444444444,0.4314219277454572,0.4552856185209126
113,2026-02-08 16:30:00,logistic_regression,781,18,4,18,accuracy,799,1,159,159,159,159,,{'model__C': 0.1},0.4861111111111111,0.46481735856735856,0.49010777031610364
114,2026-02-13 19:30:00,logistic_regression,782,18,4,18,accuracy,800,1,159,159,159,159,,{'model__C': 0.1},0.5,0.47778078403078406,0.5038790684624017
115,2026-02-14 14:30:00,logistic_regression,783,18,4,18,accuracy,801,5,159,159,159,159,,{'model__C': 0.1},0.5,0.4715845429080723,0.5017620179384885
116,2026-02-14 17:30:00,logistic_regression,788,18,4,18,accuracy,806,1,159,159,159,159,,{'model__C': 0.1},0.5,0.46245177752530686,0.5041757693105733
117,2026-02-15 14:30:00,logistic_regression,789,18,4,18,accuracy,807,1,159,159,159,159,,{'model__C': 0.1},0.5,0.461031561031561,0.5095460095460096
118,2026-02-15 16:30:00,logistic_regression,790,18,4,18,accuracy,808,1,159,159,159,159,,{'model__C': 0.1},0.5138888888888888,0.4683854272089566,0.5165019258156514
119,2026-02-20 19:30:00,logistic_regression,791,18,4,18,accuracy,809,1,159,159,159,159,,{'model__C': 0.1},0.5,0.456312777636307,0.4965421606352979
120,2026-02-21 14:30:00,logistic_regression,792,18,4,18,accuracy,810,4,159,159,159,159,,{'model__C': 0.1},0.5,0.45825378325378324,0.49648838815505475
121,2026-02-21 17:30:00,logistic_regression,796,18,4,18,accuracy,814,1,159,159,159,159,,{'model__C': 0.1},0.5,0.45884272890851835,0.4943820799083957
122,2026-02-22 14:30:00,logistic_regression,797,18,4,18,accuracy,815,1,159,159,159,159,,{'model__C': 0.1},0.4861111111111111,0.4466880943274132,0.4807902795518894
123,2026-02-22 16:30:00,logistic_regression,798,18,4,18,accuracy,816,1,159,159,159,159,,{'model__C': 0.1},0.4583333333333333,0.42709781618450354,0.4622619268130104
124,2026-02-22 18:30:00,logistic_regression,799,18,4,18,accuracy,817,1,159,159,159,159,,{'model__C': 0.1},0.4861111111111111,0.444212962962963,0.4930585232668566
125,2026-02-27 19:30:00,logistic_regression,800,18,4,18,accuracy,818,1,159,159,159,159,,{'model__C': 0.1},0.4722222222222222,0.4379659692159692,0.479959315375982
126,2026-02-28 14:30:00,logistic_regression,801,18,4,18,accuracy,819,4,159,159,159,159,,{'model__C': 0.1},0.45833333333333337,0.42361535523300226,0.467191523073876
127,2026-02-28 17:30:00,logistic_regression,805,18,4,18,accuracy,823,1,159,159,159,159,,{'model__C': 0.1},0.41666666666666663,0.3725817891259068,0.4179479448474547
128,2026-03-01 14:30:00,logistic_regression,806,18,4,18,accuracy,824,1,159,159,159,159,,{'model__C': 0.1},0.4305555555555556,0.39035581792934737,0.4293651632499672
129,2026-03-01 16:30:00,logistic_regression,807,18,4,18,accuracy,825,1,159,159,159,159,,{'model__C': 0.1},0.4305555555555556,0.38893560143560146,0.4347354034854035
130,2026-03-01 18:30:00,logistic_regression,808,18,4,18,accuracy,826,1,159,159,159,159,,{'model__C': 0.1},0.4305555555555556,0.3819722760899231,0.43216839442329635
131,2026-03-04 19:30:00,logistic_regression,809,18,4,18,accuracy,827,1,159,159,159,159,,{'model__C': 0.1},0.4305555555555556,0.3809971210706505,0.42590874312688043
132,2026-03-06 19:30:00,logistic_regression,810,18,4,18,accuracy,828,1,159,159,159,159,,{'model__C': 0.1},0.4444444444444444,0.39578939578939576,0.4411939911939911
133,2026-03-07 14:30:00,logistic_regression,811,18,4,18,accuracy,829,5,159,159,159,159,,{'model__C': 0.1},0.4583333333333333,0.4002270390428285,0.45108478266373003
134,2026-03-07 17:30:00,logistic_regression,816,18,4,18,accuracy,834,1,159,159,159,159,,{'model__C': 0.1},0.4583333333333333,0.422787203050361,0.4546937143428371
135,2026-03-08 14:30:00,logistic_regression,817,18,4,18,accuracy,835,1,159,159,159,159,,{'model__C': 0.1},0.5138888888888888,0.463558201058201,0.5141398724732058
136,2026-03-08 16:30:00,logistic_regression,818,18,4,18,accuracy,836,1,159,159,159,159,,{'model__C': 0.1},0.5277777777777778,0.4974821474821475,0.5289087455754122
137,2026-03-13 19:30:00,logistic_regression,819,18,4,18,accuracy,837,1,159,159,159,159,,{'model__C': 0.1},0.5138888888888888,0.4869694847636024,0.5109501881560705
138,2026-03-14 14:30:00,logistic_regression,820,18,4,18,accuracy,838,4,159,159,159,159,,{'model__C': 0.1},0.513888888888889,0.48882110536522294,0.5132455439440734
139,2026-03-14 17:30:00,logistic_regression,824,18,4,18,accuracy,842,1,159,159,159,159,,{'model__C': 0.1},0.5,0.4638109575609575,0.4971137273220606
140,2026-03-15 14:30:00,logistic_regression,825,18,4,18,accuracy,843,1,159,159,159,159,,{'model__C': 0.1},0.5,0.4610088985088985,0.5018704289537623
141,2026-03-15 16:30:00,logistic_regression,826,18,4,18,accuracy,844,1,159,159,159,159,,{'model__C': 0.1},0.5,0.45281069692834397,0.502087672675908
142,2026-03-15 18:30:00,logistic_regression,827,18,4,18,accuracy,845,1,159,159,159,159,,{'model__C': 0.1},0.48611111111111105,0.44157913165266105,0.4824784080298786
143,2026-03-20 19:30:00,logistic_regression,828,18,4,18,accuracy,846,1,159,159,159,159,,{'model__C': 0.1},0.4861111111111111,0.4413882413882414,0.4835941835941835
144,2026-03-21 14:30:00,logistic_regression,829,18,4,18,accuracy,847,4,159,159,159,159,,{'model__C': 0.1},0.5138888888888888,0.45736434618013566,0.5072832138621612
145,2026-03-21 17:30:00,logistic_regression,833,18,4,18,accuracy,851,1,159,159,159,159,,{'model__C': 0.1},0.4722222222222222,0.4300791313949209,0.46561362613994195
146,2026-03-22 14:30:00,logistic_regression,834,18,4,18,accuracy,852,1,159,159,159,159,,{'model__C': 0.1},0.4583333333333333,0.41997057523373316,0.45751034215946496
147,2026-03-22 16:30:00,logistic_regression,835,18,4,18,accuracy,853,1,159,159,159,159,,{'model__C': 0.1},0.4722222222222222,0.418523606023606,0.4827737077737078
148,2026-03-22 18:30:00,logistic_regression,836,18,4,18,accuracy,854,1,159,159,159,159,,{'model__C': 0.1},0.4861111111111111,0.44903337403337407,0.4973731515398182
149,2026-04-04 13:30:00,logistic_regression,837,18,4,18,accuracy,855,6,159,159,159,159,,{'model__C': 0.1},0.4583333333333333,0.42665202444614214,0.4690189712248536
150,2026-04-04 16:30:00,logistic_regression,843,18,4,18,accuracy,861,1,159,159,159,159,,{'model__C': 0.1},0.4583333333333333,0.42852009102009103,0.4731294168794169
151,2026-04-05 13:30:00,logistic_regression,844,18,4,18,accuracy,862,1,159,159,159,159,,{'model__C': 0.1},0.4583333333333333,0.43098530010294717,0.47245804304627836
152,2026-04-05 15:30:00,logistic_regression,845,18,4,18,accuracy,863,1,159,159,159,159,,{'model__C': 0.1},0.4722222222222222,0.44345642102995053,0.4729469672484379
153,2026-04-10 18:30:00,logistic_regression,846,18,4,18,accuracy,864,1,159,159,159,159,,{'model__C': 0.1},0.4861111111111111,0.4582380582380582,0.4822646489313156
154,2026-04-11 13:30:00,logistic_regression,847,18,4,18,accuracy,865,4,159,159,159,159,,{'model__C': 0.1},0.4861111111111111,0.45770775277354225,0.48040210885605616
155,2026-04-11 16:30:00,logistic_regression,851,18,4,18,accuracy,869,1,159,159,159,159,,{'model__C': 0.1},0.4583333333333333,0.4321395709553604,0.4465863571126729
156,2026-04-12 13:30:00,logistic_regression,852,18,4,18,accuracy,870,1,159,159,159,159,,{'model__C': 0.1},0.4583333333333333,0.4311223863855443,0.45544820676399617
157,2026-04-12 15:30:00,logistic_regression,853,18,4,18,accuracy,871,1,159,159,159,159,,{'model__C': 0.1},0.4583333333333333,0.419294363044363,0.4667366198616199
158,2026-04-12 17:30:00,logistic_regression,854,18,4,18,accuracy,872,1,159,159,159,159,,{'model__C': 0.1},0.4722222222222222,0.4526048026048026,0.48394722561389225
159,2026-04-17 18:30:00,logistic_regression,855,18,4,18,accuracy,873,1,159,159,159,159,,{'model__C': 0.1},0.4444444444444444,0.43022345301757065,0.4555930452989276
160,2026-04-18 13:30:00,logistic_regression,856,18,4,18,accuracy,874,4,159,159,159,159,,{'model__C': 0.1},0.4722222222222222,0.45011282290694055,0.4715945637514265
161,2026-04-18 16:30:00,logistic_regression,860,18,4,18,accuracy,878,1,159,159,159,159,,{'model__C': 0.1},0.4305555555555555,0.42588383838383836,0.4269991582491582
162,2026-04-19 13:30:00,logistic_regression,861,18,4,18,accuracy,879,1,159,159,159,159,,{'model__C': 0.1},0.4305555555555555,0.4338036963036963,0.4359110796610796
163,2026-04-19 15:30:00,logistic_regression,862,18,4,18,accuracy,880,1,159,159,159,159,,{'model__C': 0.1},0.4583333333333333,0.4617275970217147,0.4662839067250832
164,2026-04-19 17:30:00,logistic_regression,863,18,4,18,accuracy,881,1,159,159,159,159,,{'model__C': 0.1},0.4722222222222222,0.4718177655677656,0.477323717948718
1,2025-08-22 18:30:00,naive_bayes,594,18,4,18,accuracy,612,1,20,20,20,20,,{'model__var_smoothing': 1e-09},0.48611111111111105,0.4877280127280127,0.49274398441065104
2,2025-08-23 13:30:00,naive_bayes,595,18,4,18,accuracy,613,5,20,20,20,20,,{'model__var_smoothing': 1e-09},0.48611111111111116,0.4824915824915825,0.4969135802469136
3,2025-08-23 16:30:00,naive_bayes,600,18,4,18,accuracy,618,1,20,20,20,20,,{'model__var_smoothing': 1e-09},0.5,0.4844061031561032,0.5135252479002479
4,2025-08-24 13:30:00,naive_bayes,601,18,4,18,accuracy,619,1,20,20,20,20,,{'model__var_smoothing': 1e-09},0.5,0.484057486631016,0.5103013385488876
5,2025-08-24 15:30:00,naive_bayes,602,18,4,18,accuracy,620,1,20,20,20,20,,{'model__var_smoothing': 1e-09},0.5,0.48080507455507454,0.5140717692801027
6,2025-08-29 18:30:00,naive_bayes,603,18,4,18,accuracy,621,1,20,20,20,20,,{'model__var_smoothing': 1e-09},0.5,0.4997985810485811,0.5057664943081609
7,2025-08-30 13:30:00,naive_bayes,604,18,4,18,accuracy,622,4,20,20,20,20,,{'model__var_smoothing': 1e-09},0.4861111111111111,0.4986999520087755,0.49511861368479015
8,2025-08-30 16:30:00,naive_bayes,608,18,4,18,accuracy,626,1,20,20,20,20,,{'model__var_smoothing': 1e-09},0.48611111111111105,0.4925676175676176,0.48586675670009005
9,2025-08-31 13:30:00,naive_bayes,609,18,4,18,accuracy,627,1,20,20,20,20,,{'model__var_smoothing': 1e-09},0.4861111111111111,0.48967523704365806,0.4885501924975608
10,2025-08-31 15:30:00,naive_bayes,610,18,4,18,accuracy,628,1,20,20,20,20,,{'model__var_smoothing': 1e-09},0.48611111111111105,0.4893430643430643,0.4886576386576386
11,2025-08-31 17:30:00,naive_bayes,611,18,4,18,accuracy,629,1,20,20,20,20,,{'model__var_smoothing': 1e-09},0.4861111111111111,0.48968161468161464,0.49118782452115783
12,2025-09-12 18:30:00,naive_bayes,612,18,4,18,accuracy,630,1,20,20,20,20,,{'model__var_smoothing': 1e-09},0.4861111111111111,0.48818588818588815,0.48911150577817236
13,2025-09-13 13:30:00,naive_bayes,613,18,4,18,accuracy,631,5,20,20,20,20,,{'model__var_smoothing': 1e-09},0.48611111111111105,0.48360990860990866,0.49257856341189676
14,2025-09-13 16:30:00,naive_bayes,618,18,4,18,accuracy,636,1,20,20,20,20,,{'model__var_smoothing': 1e-09},0.5,0.4891409516409517,0.5036522119855453
15,2025-09-14 13:30:00,naive_bayes,619,18,4,18,accuracy,637,1,20,20,20,20,,{'model__var_smoothing': 1e-09},0.5138888888888888,0.5020434358669652,0.517255765294981
16,2025-09-14 15:30:00,naive_bayes,620,18,4,18,accuracy,638,1,20,20,20,20,,{'model__var_smoothing': 1e-09},0.5277777777777778,0.5109247234247234,0.5331649831649832
17,2025-09-19 18:30:00,naive_bayes,621,18,4,18,accuracy,639,1,20,20,20,20,,{'model__var_smoothing': 1e-09},0.5138888888888888,0.502934102934103,0.5132194965528298
18,2025-09-20 13:30:00,naive_bayes,622,18,4,18,accuracy,640,4,20,20,20,20,,{'model__var_smoothing': 1e-09},0.5138888888888888,0.5098110631198867,0.5162826348488112
19,2025-09-20 16:30:00,naive_bayes,626,18,4,18,accuracy,644,1,20,20,20,20,,{'model__var_smoothing': 1e-09},0.49999999999999994,0.4824380412615707,0.5022266223246615
20,2025-09-21 13:30:00,naive_bayes,627,18,4,18,accuracy,645,1,20,20,20,20,,{'model__var_smoothing': 1e-09},0.49999999999999994,0.4854183827868038,0.5095578885052569
21,2025-09-21 15:30:00,naive_bayes,628,18,4,18,accuracy,646,1,20,20,20,20,,{'model__var_smoothing': 1e-09},0.5,0.4808654308654308,0.5137778887778888
22,2025-09-21 17:30:00,naive_bayes,629,18,4,18,accuracy,647,1,20,20,20,20,,{'model__var_smoothing': 1e-09},0.5138888888888888,0.5088291338291338,0.5211717295050629
23,2025-09-26 18:30:00,naive_bayes,630,18,4,18,accuracy,648,1,20,20,20,20,,{'model__var_smoothing': 1e-09},0.5277777777777777,0.518006068006068,0.5391855058521724
24,2025-09-27 13:30:00,naive_bayes,631,18,4,18,accuracy,649,4,20,20,20,20,,{'model__var_smoothing': 1e-09},0.5277777777777778,0.516348003848004,0.5478034311367646
25,2025-09-27 16:30:00,naive_bayes,635,18,4,18,accuracy,653,1,20,20,20,20,,{'model__var_smoothing': 1e-09},0.5138888888888888,0.49328424843130725,0.5388711370329018
26,2025-09-28 13:30:00,naive_bayes,636,18,4,18,accuracy,654,1,20,20,20,20,,{'model__var_smoothing': 1e-09},0.5277777777777778,0.5127714877714878,0.5510897281730615
27,2025-09-28 15:30:00,naive_bayes,637,18,4,18,accuracy,655,1,20,20,20,20,,{'model__var_smoothing': 1e-09},0.5138888888888888,0.5064626277861572,0.5313550918943075
28,2025-09-28 17:30:00,naive_bayes,638,18,4,18,accuracy,656,1,20,20,20,20,,{'model__var_smoothing': 1e-09},0.5277777777777778,0.5102785558667912,0.5486564996368919
29,2025-10-03 18:30:00,naive_bayes,639,18,4,18,accuracy,657,1,20,20,20,20,,{'model__var_smoothing': 1e-09},0.5416666666666667,0.5295755170755171,0.5525082170915504
30,2025-10-04 13:30:00,naive_bayes,640,18,4,18,accuracy,658,4,20,20,20,20,,{'model__var_smoothing': 1e-09},0.5416666666666667,0.5285700818789054,0.5486900422562186
31,2025-10-04 16:30:00,naive_bayes,644,18,4,18,accuracy,662,1,20,20,20,20,,{'model__var_smoothing': 1e-09},0.5277777777777778,0.5043106131341426,0.5366218567198959
32,2025-10-05 13:30:00,naive_bayes,645,18,4,18,accuracy,663,1,20,20,20,20,,{'model__var_smoothing': 1e-09},0.5277777777777778,0.508605380973802,0.5434631807438824
33,2025-10-05 15:30:00,naive_bayes,646,18,4,18,accuracy,664,1,20,20,20,20,,{'model__var_smoothing': 1e-09},0.5416666666666666,0.5184297184297184,0.5598691432024765
34,2025-10-05 17:30:00,naive_bayes,647,18,4,18,accuracy,665,1,20,20,20,20,,{'model__var_smoothing': 1e-09},0.5555555555555556,0.5328995078995079,0.5665050998384331
35,2025-10-17 18:30:00,naive_bayes,648,18,4,18,accuracy,666,1,20,20,20,20,,{'model__var_smoothing': 1e-09},0.5555555555555556,0.528981203981204,0.5667609396776063
36,2025-10-18 13:30:00,naive_bayes,649,18,4,18,accuracy,667,5,20,20,20,20,,{'model__var_smoothing': 1e-09},0.5277777777777778,0.4973665223665224,0.5426617364117364
37,2025-10-18 16:30:00,naive_bayes,654,18,4,18,accuracy,672,1,20,20,20,20,,{'model__var_smoothing': 1e-09},0.5138888888888888,0.4777185777185778,0.5268732039565373
38,2025-10-19 13:30:00,naive_bayes,655,18,4,18,accuracy,673,1,20,20,20,20,,{'model__var_smoothing': 1e-09},0.5138888888888888,0.4816610404845699,0.5257003299895456
39,2025-10-19 15:30:00,naive_bayes,656,18,4,18,accuracy,674,1,20,20,20,20,,{'model__var_smoothing': 1e-09},0.5138888888888888,0.4828569034451387,0.5292731052534975
40,2025-10-24 18:30:00,naive_bayes,657,18,4,18,accuracy,675,1,20,20,20,20,,{'model__var_smoothing': 1e-09},0.5,0.4613215488215488,0.5056828202661536
41,2025-10-25 13:30:00,naive_bayes,658,18,4,18,accuracy,676,5,20,20,20,20,,{'model__var_smoothing': 1e-09},0.4861111111111111,0.45270774976657324,0.49537426081543723
42,2025-10-25 16:30:00,naive_bayes,663,18,4,18,accuracy,681,1,20,20,20,20,,{'model__var_smoothing': 1e-09},0.4722222222222222,0.44134106634106635,0.49362705196038525
43,2025-10-26 13:30:00,naive_bayes,664,18,4,18,accuracy,682,1,20,20,20,20,,{'model__var_smoothing': 1e-09},0.4722222222222222,0.43563288563288566,0.4974732058065391
44,2025-10-26 15:30:00,naive_bayes,665,18,4,18,accuracy,683,1,20,20,20,20,,{'model__var_smoothing': 1e-09},0.5,0.462007437007437,0.5155344655344656
45,2025-10-31 19:30:00,naive_bayes,666,18,4,18,accuracy,684,1,20,20,20,20,,{'model__var_smoothing': 1e-09},0.5138888888888888,0.4653388278388278,0.5312220187220187
46,2025-11-01 14:30:00,naive_bayes,667,18,4,18,accuracy,685,5,20,20,20,20,,{'model__var_smoothing': 1e-09},0.5,0.44763107263107266,0.5142666746833413
47,2025-11-01 17:30:00,naive_bayes,672,18,4,18,accuracy,690,1,20,20,20,20,,{'model__var_smoothing': 1e-09},0.4861111111111111,0.45389379139379143,0.49756408714742045
48,2025-11-02 14:30:00,naive_bayes,673,18,4,18,accuracy,691,1,20,20,20,20,,{'model__var_smoothing': 1e-09},0.5,0.46668701668701673,0.5142289038122372
49,2025-11-02 16:30:00,naive_bayes,674,18,4,18,accuracy,692,1,20,20,20,20,,{'model__var_smoothing': 1e-09},0.5,0.46182515741339264,0.5157810417614339
50,2025-11-07 19:30:00,naive_bayes,675,18,4,18,accuracy,693,1,20,20,20,20,,{'model__var_smoothing': 1e-09},0.5,0.44261803011803014,0.5078627391127392
51,2025-11-08 14:30:00,naive_bayes,676,18,4,18,accuracy,694,4,20,20,20,20,,{'model__var_smoothing': 1e-09},0.5,0.4436100936100936,0.5117979242979243
52,2025-11-08 17:30:00,naive_bayes,680,18,4,18,accuracy,698,1,20,20,20,20,,{'model__var_smoothing': 1e-09},0.4861111111111111,0.433542723616253,0.5057335706232765
53,2025-11-09 14:30:00,naive_bayes,681,18,4,18,accuracy,699,1,20,20,20,20,,{'model__var_smoothing': 1e-09},0.4722222222222222,0.4262820512820513,0.4985788902455569
54,2025-11-09 16:30:00,naive_bayes,682,18,4,18,accuracy,700,1,20,20,20,20,,{'model__var_smoothing': 1e-09},0.4722222222222222,0.4280932030932031,0.5001187084520418
55,2025-11-09 18:30:00,naive_bayes,683,18,4,18,accuracy,701,1,20,20,20,20,,{'model__var_smoothing': 1e-09},0.4861111111111111,0.4449023199023199,0.5057387057387057
56,2025-11-21 19:30:00,naive_bayes,684,18,4,18,accuracy,702,1,20,20,20,20,,{'model__var_smoothing': 1e-09},0.5,0.45099206349206344,0.52255291005291
57,2025-11-22 14:30:00,naive_bayes,685,18,4,18,accuracy,703,5,20,20,20,20,,{'model__var_smoothing': 1e-09},0.4861111111111111,0.43150553150553156,0.512444885361552
58,2025-11-22 17:30:00,naive_bayes,690,18,4,18,accuracy,708,1,20,20,20,20,,{'model__var_smoothing': 1e-09},0.5138888888888888,0.47946197321197326,0.5337769098185765
59,2025-11-23 14:30:00,naive_bayes,691,18,4,18,accuracy,709,1,20,20,20,20,,{'model__var_smoothing': 1e-09},0.5138888888888888,0.4803673178673179,0.5295151607651607
60,2025-11-23 16:30:00,naive_bayes,692,18,4,18,accuracy,710,1,20,20,20,20,,{'model__var_smoothing': 1e-09},0.5138888888888888,0.47362308171131695,0.5336992346796269
61,2025-11-28 19:30:00,naive_bayes,693,18,4,18,accuracy,711,1,20,20,20,20,,{'model__var_smoothing': 1e-09},0.5277777777777778,0.4814000814000814,0.5374211436711437
62,2025-11-29 14:30:00,naive_bayes,694,18,4,18,accuracy,712,4,20,20,20,20,,{'model__var_smoothing': 1e-09},0.5277777777777778,0.4823005698005698,0.5400717338217338
63,2025-11-29 17:30:00,naive_bayes,698,18,4,18,accuracy,716,1,20,20,20,20,,{'model__var_smoothing': 1e-09},0.5416666666666666,0.5053208365708366,0.5600796965380299
64,2025-11-30 14:30:00,naive_bayes,699,18,4,18,accuracy,717,1,20,20,20,20,,{'model__var_smoothing': 1e-09},0.5416666666666666,0.5053825803825804,0.5622914122914122
65,2025-11-30 16:30:00,naive_bayes,700,18,4,18,accuracy,718,1,20,20,20,20,,{'model__var_smoothing': 1e-09},0.5416666666666666,0.5103276353276354,0.5589404422737756
66,2025-11-30 18:30:00,naive_bayes,701,18,4,18,accuracy,719,1,20,20,20,20,,{'model__var_smoothing': 1e-09},0.5277777777777778,0.4888074888074888,0.5425552842219509
67,2025-12-05 19:30:00,naive_bayes,702,18,4,18,accuracy,720,1,20,20,20,20,,{'model__var_smoothing': 1e-09},0.5138888888888888,0.4710164835164835,0.5307539682539683
68,2025-12-06 14:30:00,naive_bayes,703,18,4,18,accuracy,721,5,20,20,20,20,,{'model__var_smoothing': 1e-09},0.5138888888888888,0.4632770007770008,0.5324811762311763
69,2025-12-06 17:30:00,naive_bayes,708,18,4,18,accuracy,726,1,20,20,20,20,,{'model__var_smoothing': 1e-09},0.4861111111111111,0.4559576997076997,0.4877222700139367
70,2025-12-07 14:30:00,naive_bayes,709,18,4,18,accuracy,727,1,20,20,20,20,,{'model__var_smoothing': 1e-09},0.4861111111111111,0.45814509564509565,0.4884657780491114
71,2025-12-07 16:30:00,naive_bayes,710,18,4,18,accuracy,728,1,20,20,20,20,,{'model__var_smoothing': 1e-09},0.4722222222222222,0.44509055759055755,0.4777014652014652
72,2025-12-12 19:30:00,naive_bayes,711,18,4,18,accuracy,729,1,20,20,20,20,,{'model__var_smoothing': 1e-09},0.45833333333333337,0.42294048544048546,0.463031413031413
73,2025-12-13 14:30:00,naive_bayes,712,18,4,18,accuracy,730,4,20,20,20,20,,{'model__var_smoothing': 1e-09},0.4444444444444444,0.4142450142450143,0.4514143264143265
74,2025-12-13 17:30:00,naive_bayes,716,18,4,18,accuracy,734,1,20,20,20,20,,{'model__var_smoothing': 1e-09},0.45833333333333337,0.4193342741136859,0.477617061134218
75,2025-12-14 14:30:00,naive_bayes,717,18,4,18,accuracy,735,1,20,20,20,20,,{'model__var_smoothing': 1e-09},0.45833333333333326,0.4211233211233212,0.48389635056301716
76,2025-12-14 16:30:00,naive_bayes,718,18,4,18,accuracy,736,1,20,20,20,20,,{'model__var_smoothing': 1e-09},0.4444444444444444,0.4133250736191913,0.46657688716512247
77,2025-12-14 18:30:00,naive_bayes,719,18,4,18,accuracy,737,1,20,20,20,20,,{'model__var_smoothing': 1e-09},0.4444444444444444,0.4134573487514664,0.46487087712577907
78,2025-12-19 19:30:00,naive_bayes,720,18,4,18,accuracy,738,1,20,20,20,20,,{'model__var_smoothing': 1e-09},0.4444444444444444,0.4075695138195138,0.4728309884559884
79,2025-12-20 14:30:00,naive_bayes,721,18,4,18,accuracy,739,5,20,20,20,20,,{'model__var_smoothing': 1e-09},0.4444444444444444,0.3998857351798528,0.4799480838696525
80,2025-12-20 17:30:00,naive_bayes,726,18,4,18,accuracy,744,1,20,20,20,20,,{'model__var_smoothing': 1e-09},0.4305555555555556,0.4001375938875939,0.45093960823127494
81,2025-12-21 14:30:00,naive_bayes,727,18,4,18,accuracy,745,1,20,20,20,20,,{'model__var_smoothing': 1e-09},0.41666666666666663,0.39243996743996745,0.4291327499660833
82,2025-12-21 16:30:00,naive_bayes,728,18,4,18,accuracy,746,1,20,20,20,20,,{'model__var_smoothing': 1e-09},0.41666666666666663,0.3899420024420024,0.4301841676841677
83,2026-01-09 19:30:00,naive_bayes,729,18,4,18,accuracy,747,1,20,20,20,20,,{'model__var_smoothing': 1e-09},0.4305555555555555,0.41016159766159765,0.44231601731601733
84,2026-01-10 14:30:00,naive_bayes,730,18,4,18,accuracy,748,3,20,20,20,20,,{'model__var_smoothing': 1e-09},0.4444444444444444,0.42358844858844863,0.4504042254042255
85,2026-01-10 17:30:00,naive_bayes,733,18,4,18,accuracy,751,1,20,20,20,20,,{'model__var_smoothing': 1e-09},0.4305555555555556,0.395352138115296,0.4443901168681871
86,2026-01-11 14:30:00,naive_bayes,734,18,4,18,accuracy,752,1,20,20,20,20,,{'model__var_smoothing': 1e-09},0.4305555555555556,0.39490688619945585,0.44676301629990994
87,2026-01-11 16:30:00,naive_bayes,735,18,4,18,accuracy,753,1,20,20,20,20,,{'model__var_smoothing': 1e-09},0.4305555555555555,0.38240740740740736,0.44891975308641974
88,2026-01-13 17:30:00,naive_bayes,736,18,4,18,accuracy,754,1,20,20,20,20,,{'model__var_smoothing': 1e-09},0.4305555555555556,0.3976354756927512,0.44224031567942823
89,2026-01-13 19:30:00,naive_bayes,737,18,4,18,accuracy,755,2,20,20,20,20,,{'model__var_smoothing': 1e-09},0.41666666666666663,0.38586298892026444,0.42165876922068873
90,2026-01-14 17:30:00,naive_bayes,739,18,4,18,accuracy,757,1,20,20,20,20,,{'model__var_smoothing': 1e-09},0.40277777777777773,0.374104109398227,0.4257713963596317
91,2026-01-14 19:30:00,naive_bayes,740,18,4,18,accuracy,758,3,20,20,20,20,,{'model__var_smoothing': 1e-09},0.4166666666666667,0.3832232310173487,0.44079248638072166
92,2026-01-15 19:30:00,naive_bayes,743,18,4,18,accuracy,761,1,20,20,20,20,,{'model__var_smoothing': 1e-09},0.4305555555555556,0.40420482295482296,0.45125025437525434
93,2026-01-16 19:30:00,naive_bayes,744,18,4,18,accuracy,762,1,20,20,20,20,,{'model__var_smoothing': 1e-09},0.4305555555555556,0.40865407740407744,0.44219418698585367
94,2026-01-17 14:30:00,naive_bayes,745,18,4,18,accuracy,763,5,20,20,20,20,,{'model__var_smoothing': 1e-09},0.4305555555555555,0.4176536426536427,0.43297890381223714
95,2026-01-17 17:30:00,naive_bayes,750,18,4,18,accuracy,768,1,20,20,20,20,,{'model__var_smoothing': 1e-09},0.4444444444444445,0.42114913953149247,0.44318993461150324
96,2026-01-18 14:30:00,naive_bayes,751,18,4,18,accuracy,769,1,20,20,20,20,,{'model__var_smoothing': 1e-09},0.45833333333333337,0.43586358745027476,0.4637724774270182
97,2026-01-18 16:30:00,naive_bayes,752,18,4,18,accuracy,770,1,20,20,20,20,,{'model__var_smoothing': 1e-09},0.4722222222222222,0.45557607811864775,0.47987539003728374
98,2026-01-23 19:30:00,naive_bayes,753,18,4,18,accuracy,771,1,20,20,20,20,,{'model__var_smoothing': 1e-09},0.4722222222222222,0.4361111111111111,0.48256172839506173
99,2026-01-24 14:30:00,naive_bayes,754,18,4,18,accuracy,772,5,20,20,20,20,,{'model__var_smoothing': 1e-09},0.4722222222222222,0.4461397491970247,0.47650466244377493
100,2026-01-24 17:30:00,naive_bayes,759,18,4,18,accuracy,777,1,20,20,20,20,,{'model__var_smoothing': 1e-09},0.47222222222222227,0.4546021108521108,0.48228411249244585
101,2026-01-25 14:30:00,naive_bayes,760,18,4,18,accuracy,778,1,20,20,20,20,,{'model__var_smoothing': 1e-09},0.4722222222222222,0.45140594699418235,0.48137703799468506
102,2026-01-25 16:30:00,naive_bayes,761,18,4,18,accuracy,779,1,20,20,20,20,,{'model__var_smoothing': 1e-09},0.4722222222222222,0.4509310134310135,0.4805657305657306
103,2026-01-27 19:30:00,naive_bayes,762,18,4,18,accuracy,780,2,20,20,20,20,,{'model__var_smoothing': 1e-09},0.45833333333333337,0.4413563288563289,0.46039377289377287
104,2026-01-30 19:30:00,naive_bayes,764,18,4,18,accuracy,782,1,20,20,20,20,,{'model__var_smoothing': 1e-09},0.4444444444444445,0.4244429181929182,0.4357142857142857
105,2026-01-31 14:30:00,naive_bayes,765,18,4,18,accuracy,783,5,20,20,20,20,,{'model__var_smoothing': 1e-09},0.4305555555555556,0.41306805939158875,0.42383415876062935
106,2026-01-31 17:30:00,naive_bayes,770,18,4,18,accuracy,788,1,20,20,20,20,,{'model__var_smoothing': 1e-09},0.4305555555555556,0.40699220012300513,0.43299812061099463
107,2026-02-01 14:30:00,naive_bayes,771,18,4,18,accuracy,789,1,20,20,20,20,,{'model__var_smoothing': 1e-09},0.4305555555555556,0.38752723311546844,0.43753631082062455
108,2026-02-01 16:30:00,naive_bayes,772,18,4,18,accuracy,790,1,20,20,20,20,,{'model__var_smoothing': 1e-09},0.45833333333333337,0.42411593967321515,0.46362309956221204
109,2026-02-06 19:30:00,naive_bayes,773,18,4,18,accuracy,791,1,20,20,20,20,,{'model__var_smoothing': 1e-09},0.47222222222222227,0.43513547569275124,0.47500295589820873
110,2026-02-07 14:30:00,naive_bayes,774,18,4,18,accuracy,792,5,20,20,20,20,,{'model__var_smoothing': 1e-09},0.48611111111111105,0.45861430236430234,0.4899955368705369
111,2026-02-07 17:30:00,naive_bayes,779,18,4,18,accuracy,797,1,20,20,20,20,,{'model__var_smoothing': 1e-09},0.5,0.4810721685721686,0.5133103778937113
112,2026-02-08 14:30:00,naive_bayes,780,18,4,18,accuracy,798,1,20,20,20,20,,{'model__var_smoothing': 1e-09},0.5,0.4825600325600326,0.5057420974087641
113,2026-02-08 16:30:00,naive_bayes,781,18,4,18,accuracy,799,1,20,20,20,20,,{'model__var_smoothing': 1e-09},0.5138888888888888,0.5013532763532764,0.5129833129833129
114,2026-02-13 19:30:00,naive_bayes,782,18,4,18,accuracy,800,1,20,20,20,20,,{'model__var_smoothing': 1e-09},0.5277777777777778,0.49804872415166535,0.5227644087938206
115,2026-02-14 14:30:00,naive_bayes,783,18,4,18,accuracy,801,5,20,20,20,20,,{'model__var_smoothing': 1e-09},0.5416666666666666,0.5095086558321853,0.5352098201362907
116,2026-02-14 17:30:00,naive_bayes,788,18,4,18,accuracy,806,1,20,20,20,20,,{'model__var_smoothing': 1e-09},0.5416666666666666,0.501066289088735,0.5474734801327938
117,2026-02-15 14:30:00,naive_bayes,789,18,4,18,accuracy,807,1,20,20,20,20,,{'model__var_smoothing': 1e-09},0.5416666666666666,0.4811780267662621,0.5498378981222118
118,2026-02-15 16:30:00,naive_bayes,790,18,4,18,accuracy,808,1,20,20,20,20,,{'model__var_smoothing': 1e-09},0.5555555555555556,0.5074025876657456,0.566439781790659
119,2026-02-20 19:30:00,naive_bayes,791,18,4,18,accuracy,809,1,20,20,20,20,,{'model__var_smoothing': 1e-09},0.5555555555555556,0.5101827753143543,0.5595395629386857
120,2026-02-21 14:30:00,naive_bayes,792,18,4,18,accuracy,810,4,20,20,20,20,,{'model__var_smoothing': 1e-09},0.5555555555555556,0.510950160950161,0.5564833314833315
121,2026-02-21 17:30:00,naive_bayes,796,18,4,18,accuracy,814,1,20,20,20,20,,{'model__var_smoothing': 1e-09},0.5555555555555556,0.5370550745550745,0.5621402517235851
122,2026-02-22 14:30:00,naive_bayes,797,18,4,18,accuracy,815,1,20,20,20,20,,{'model__var_smoothing': 1e-09},0.5416666666666667,0.5217989856147751,0.5454741205837697
123,2026-02-22 16:30:00,naive_bayes,798,18,4,18,accuracy,816,1,20,20,20,20,,{'model__var_smoothing': 1e-09},0.5416666666666667,0.5274318274318275,0.5489757156423823
124,2026-02-22 18:30:00,naive_bayes,799,18,4,18,accuracy,817,1,20,20,20,20,,{'model__var_smoothing': 1e-09},0.5416666666666666,0.5283679283679283,0.5509869759869759
125,2026-02-27 19:30:00,naive_bayes,800,18,4,18,accuracy,818,1,20,20,20,20,,{'model__var_smoothing': 1e-09},0.5416666666666667,0.5129706443367434,0.5456035579487591
126,2026-02-28 14:30:00,naive_bayes,801,18,4,18,accuracy,819,4,20,20,20,20,,{'model__var_smoothing': 1e-09},0.5277777777777778,0.4974198187433481,0.5317629583560957
127,2026-02-28 17:30:00,naive_bayes,805,18,4,18,accuracy,823,1,20,20,20,20,,{'model__var_smoothing': 1e-09},0.4861111111111111,0.4616701095029269,0.49839731538002957
128,2026-03-01 14:30:00,naive_bayes,806,18,4,18,accuracy,824,1,20,20,20,20,,{'model__var_smoothing': 1e-09},0.4861111111111111,0.4624976452569332,0.4959035831681601
129,2026-03-01 16:30:00,naive_bayes,807,18,4,18,accuracy,825,1,20,20,20,20,,{'model__var_smoothing': 1e-09},0.5,0.465635698723934,0.5119741415084552
130,2026-03-01 18:30:00,naive_bayes,808,18,4,18,accuracy,826,1,20,20,20,20,,{'model__var_smoothing': 1e-09},0.5,0.4688339438339439,0.5179359991859992
131,2026-03-04 19:30:00,naive_bayes,809,18,4,18,accuracy,827,1,20,20,20,20,,{'model__var_smoothing': 1e-09},0.513888888888889,0.48623053359895463,0.5301292315546702
132,2026-03-06 19:30:00,naive_bayes,810,18,4,18,accuracy,828,1,20,20,20,20,,{'model__var_smoothing': 1e-09},0.513888888888889,0.47980537980537974,0.5259197592530925
133,2026-03-07 14:30:00,naive_bayes,811,18,4,18,accuracy,829,5,20,20,20,20,,{'model__var_smoothing': 1e-09},0.5277777777777778,0.4969909719909719,0.5394372602705936
134,2026-03-07 17:30:00,naive_bayes,816,18,4,18,accuracy,834,1,20,20,20,20,,{'model__var_smoothing': 1e-09},0.513888888888889,0.4857651607651608,0.5215795007461674
135,2026-03-08 14:30:00,naive_bayes,817,18,4,18,accuracy,835,1,20,20,20,20,,{'model__var_smoothing': 1e-09},0.5138888888888888,0.47767348392348397,0.5214730870980872
136,2026-03-08 16:30:00,naive_bayes,818,18,4,18,accuracy,836,1,20,20,20,20,,{'model__var_smoothing': 1e-09},0.5,0.45146270782880693,0.5007126849328862
137,2026-03-13 19:30:00,naive_bayes,819,18,4,18,accuracy,837,1,20,20,20,20,,{'model__var_smoothing': 1e-09},0.49999999999999994,0.4567632530867825,0.5017817739631465
138,2026-03-14 14:30:00,naive_bayes,820,18,4,18,accuracy,838,4,20,20,20,20,,{'model__var_smoothing': 1e-09},0.5,0.46430799592564304,0.5062471705854058
139,2026-03-14 17:30:00,naive_bayes,824,18,4,18,accuracy,842,1,20,20,20,20,,{'model__var_smoothing': 1e-09},0.4722222222222222,0.4183508198601078,0.4721105937501706
140,2026-03-15 14:30:00,naive_bayes,825,18,4,18,accuracy,843,1,20,20,20,20,,{'model__var_smoothing': 1e-09},0.48611111111111116,0.4438103018985372,0.4901487446830584
141,2026-03-15 16:30:00,naive_bayes,826,18,4,18,accuracy,844,1,20,20,20,20,,{'model__var_smoothing': 1e-09},0.5,0.4651348651348651,0.5081786269286269
142,2026-03-15 18:30:00,naive_bayes,827,18,4,18,accuracy,845,1,20,20,20,20,,{'model__var_smoothing': 1e-09},0.48611111111111116,0.46126660863502966,0.4930681444935831
143,2026-03-20 19:30:00,naive_bayes,828,18,4,18,accuracy,846,1,20,20,20,20,,{'model__var_smoothing': 1e-09},0.4861111111111111,0.4526492026492026,0.49509549092882427
144,2026-03-21 14:30:00,naive_bayes,829,18,4,18,accuracy,847,4,20,20,20,20,,{'model__var_smoothing': 1e-09},0.4861111111111111,0.454053354053354,0.4959705418038751
145,2026-03-21 17:30:00,naive_bayes,833,18,4,18,accuracy,851,1,20,20,20,20,,{'model__var_smoothing': 1e-09},0.4861111111111111,0.4572385460543355,0.48915543926508837
146,2026-03-22 14:30:00,naive_bayes,834,18,4,18,accuracy,852,1,20,20,20,20,,{'model__var_smoothing': 1e-09},0.5,0.46904114404114405,0.5117097408764075
147,2026-03-22 16:30:00,naive_bayes,835,18,4,18,accuracy,853,1,20,20,20,20,,{'model__var_smoothing': 1e-09},0.5138888888888888,0.4643893143893144,0.5263216336133003
148,2026-03-22 18:30:00,naive_bayes,836,18,4,18,accuracy,854,1,20,20,20,20,,{'model__var_smoothing': 1e-09},0.5,0.44842986104596017,0.5074000562035907
149,2026-04-04 13:30:00,naive_bayes,837,18,4,18,accuracy,855,6,20,20,20,20,,{'model__var_smoothing': 1e-09},0.5138888888888888,0.47157552414905357,0.5233400767714493
150,2026-04-04 16:30:00,naive_bayes,843,18,4,18,accuracy,861,1,20,20,20,20,,{'model__var_smoothing': 1e-09},0.5277777777777778,0.5001984126984127,0.5323082010582011
151,2026-04-05 13:30:00,naive_bayes,844,18,4,18,accuracy,862,1,20,20,20,20,,{'model__var_smoothing': 1e-09},0.5138888888888888,0.4946067821067821,0.5193813131313131
152,2026-04-05 15:30:00,naive_bayes,845,18,4,18,accuracy,863,1,20,20,20,20,,{'model__var_smoothing': 1e-09},0.5,0.48905964892806997,0.5035992800247187
153,2026-04-10 18:30:00,naive_bayes,846,18,4,18,accuracy,864,1,20,20,20,20,,{'model__var_smoothing': 1e-09},0.5,0.473945498945499,0.5060522810522811
154,2026-04-11 13:30:00,naive_bayes,847,18,4,18,accuracy,865,4,20,20,20,20,,{'model__var_smoothing': 1e-09},0.48611111111111105,0.4626207126207126,0.49191410441410444
155,2026-04-11 16:30:00,naive_bayes,851,18,4,18,accuracy,869,1,20,20,20,20,,{'model__var_smoothing': 1e-09},0.4722222222222222,0.4511358524516419,0.46940936743568323
156,2026-04-12 13:30:00,naive_bayes,852,18,4,18,accuracy,870,1,20,20,20,20,,{'model__var_smoothing': 1e-09},0.4861111111111111,0.4629564879564879,0.49671855921855923
157,2026-04-12 15:30:00,naive_bayes,853,18,4,18,accuracy,871,1,20,20,20,20,,{'model__var_smoothing': 1e-09},0.4722222222222222,0.4279220779220779,0.4844531625781626
158,2026-04-12 17:30:00,naive_bayes,854,18,4,18,accuracy,872,1,20,20,20,20,,{'model__var_smoothing': 1e-09},0.4722222222222222,0.4312093364724944,0.4780519533260762
159,2026-04-17 18:30:00,naive_bayes,855,18,4,18,accuracy,873,1,20,20,20,20,,{'model__var_smoothing': 1e-09},0.45833333333333337,0.430010607584137,0.46648720741857996
160,2026-04-18 13:30:00,naive_bayes,856,18,4,18,accuracy,874,4,20,20,20,20,,{'model__var_smoothing': 1e-09},0.4444444444444445,0.41761788048552756,0.45459072517896043
161,2026-04-18 16:30:00,naive_bayes,860,18,4,18,accuracy,878,1,20,20,20,20,,{'model__var_smoothing': 1e-09},0.41666666666666663,0.3989274614274615,0.41052581677581673
162,2026-04-19 13:30:00,naive_bayes,861,18,4,18,accuracy,879,1,20,20,20,20,,{'model__var_smoothing': 1e-09},0.41666666666666663,0.4140068265068265,0.415221583971584
163,2026-04-19 15:30:00,naive_bayes,862,18,4,18,accuracy,880,1,20,20,20,20,,{'model__var_smoothing': 1e-09},0.41666666666666663,0.4171453546453547,0.4134973822473822
164,2026-04-19 17:30:00,naive_bayes,863,18,4,18,accuracy,881,1,20,20,20,20,,{'model__var_smoothing': 1e-09},0.4305555555555555,0.4314259814259814,0.43193226526559864
1,2025-08-22 18:30:00,knn,594,18,4,18,accuracy,612,1,73,73,73,73,,"{'model__n_neighbors': 5, 'model__weights': 'uniform'}",0.5277777777777778,0.45680153180153177,0.4940675065675066
2,2025-08-23 13:30:00,knn,595,18,4,18,accuracy,613,5,73,73,73,73,,"{'model__n_neighbors': 5, 'model__weights': 'uniform'}",0.5277777777777778,0.44543951418951416,0.49173029902196574
3,2025-08-23 16:30:00,knn,600,18,4,18,accuracy,618,1,73,73,73,73,,"{'model__n_neighbors': 5, 'model__weights': 'uniform'}",0.5416666666666667,0.4752112288296499,0.5221362275638591
4,2025-08-24 13:30:00,knn,601,18,4,18,accuracy,619,1,73,73,73,73,,"{'model__n_neighbors': 5, 'model__weights': 'uniform'}",0.5277777777777778,0.45991351484772536,0.5135592295131769
5,2025-08-24 15:30:00,knn,602,18,4,18,accuracy,620,1,73,73,73,73,,"{'model__n_neighbors': 5, 'model__weights': 'uniform'}",0.5277777777777778,0.457936507936508,0.5141534391534391
6,2025-08-29 18:30:00,knn,603,18,4,18,accuracy,621,1,73,73,73,73,,"{'model__n_neighbors': 5, 'model__weights': 'uniform'}",0.5138888888888888,0.4533309283309283,0.4897767356100689
7,2025-08-30 13:30:00,knn,604,18,4,18,accuracy,622,4,73,73,73,73,,"{'model__n_neighbors': 5, 'model__weights': 'uniform'}",0.5138888888888888,0.4534970633654844,0.48388052412175214
8,2025-08-30 16:30:00,knn,608,18,4,18,accuracy,626,1,73,73,73,73,,"{'model__n_neighbors': 15, 'model__weights': 'uniform'}",0.4722222222222222,0.3827471548059784,0.4129222085104438
9,2025-08-31 13:30:00,knn,609,18,4,18,accuracy,627,1,73,73,73,73,,"{'model__n_neighbors': 15, 'model__weights': 'uniform'}",0.4722222222222222,0.37318705259881735,0.41204741155721547
10,2025-08-31 15:30:00,knn,610,18,4,18,accuracy,628,1,73,73,73,73,,"{'model__n_neighbors': 5, 'model__weights': 'uniform'}",0.48611111111111105,0.43837494061952265,0.4507774747325831
11,2025-08-31 17:30:00,knn,611,18,4,18,accuracy,629,1,73,73,73,73,,"{'model__n_neighbors': 5, 'model__weights': 'uniform'}",0.49999999999999994,0.42863668194550547,0.4620548977166624
12,2025-09-12 18:30:00,knn,612,18,4,18,accuracy,630,1,73,73,73,73,,"{'model__n_neighbors': 5, 'model__weights': 'uniform'}",0.4861111111111111,0.414066489066489,0.45788517038517035
13,2025-09-13 13:30:00,knn,613,18,4,18,accuracy,631,5,73,73,73,73,,"{'model__n_neighbors': 5, 'model__weights': 'uniform'}",0.4861111111111111,0.3988160396248631,0.44983624536320616
14,2025-09-13 16:30:00,knn,618,18,4,18,accuracy,636,1,73,73,73,73,,"{'model__n_neighbors': 5, 'model__weights': 'uniform'}",0.5,0.4281219146350725,0.4683217671704514
15,2025-09-14 13:30:00,knn,619,18,4,18,accuracy,637,1,73,73,73,73,,"{'model__n_neighbors': 5, 'model__weights': 'uniform'}",0.5138888888888888,0.43800754557333504,0.4915243280923105
16,2025-09-14 15:30:00,knn,620,18,4,18,accuracy,638,1,73,73,73,73,,"{'model__n_neighbors': 5, 'model__weights': 'uniform'}",0.4861111111111111,0.4169934640522876,0.47056489262371615
17,2025-09-19 18:30:00,knn,621,18,4,18,accuracy,639,1,73,73,73,73,,"{'model__n_neighbors': 5, 'model__weights': 'uniform'}",0.4861111111111111,0.42799635005517356,0.4634825142178083
18,2025-09-20 13:30:00,knn,622,18,4,18,accuracy,640,4,73,73,73,73,,"{'model__n_neighbors': 5, 'model__weights': 'uniform'}",0.5,0.436401833460657,0.47509832215714565
19,2025-09-20 16:30:00,knn,626,18,4,18,accuracy,644,1,73,73,73,73,,"{'model__n_neighbors': 5, 'model__weights': 'uniform'}",0.4722222222222222,0.4076361274890686,0.4489111786905904
20,2025-09-21 13:30:00,knn,627,18,4,18,accuracy,645,1,73,73,73,73,,"{'model__n_neighbors': 5, 'model__weights': 'uniform'}",0.4722222222222222,0.4056251740462266,0.4537976886661097
21,2025-09-21 15:30:00,knn,628,18,4,18,accuracy,646,1,73,73,73,73,,"{'model__n_neighbors': 5, 'model__weights': 'uniform'}",0.49999999999999994,0.43102199944305203,0.4795356446672236
22,2025-09-21 17:30:00,knn,629,18,4,18,accuracy,647,1,73,73,73,73,,"{'model__n_neighbors': 5, 'model__weights': 'uniform'}",0.4861111111111111,0.4002102472690708,0.4554029848147495
23,2025-09-26 18:30:00,knn,630,18,4,18,accuracy,648,1,73,73,73,73,,"{'model__n_neighbors': 5, 'model__weights': 'uniform'}",0.4861111111111111,0.39327894327894325,0.4658165908165909
24,2025-09-27 13:30:00,knn,631,18,4,18,accuracy,649,4,73,73,73,73,,"{'model__n_neighbors': 5, 'model__weights': 'uniform'}",0.5,0.3900858808947044,0.4738441818711427
25,2025-09-27 16:30:00,knn,635,18,4,18,accuracy,653,1,73,73,73,73,,"{'model__n_neighbors': 5, 'model__weights': 'uniform'}",0.5277777777777778,0.4199817726133515,0.5070802005012531
26,2025-09-28 13:30:00,knn,636,18,4,18,accuracy,654,1,73,73,73,73,,"{'model__n_neighbors': 5, 'model__weights': 'uniform'}",0.5,0.4079649882281461,0.4820077339814182
27,2025-09-28 15:30:00,knn,637,18,4,18,accuracy,655,1,73,73,73,73,,"{'model__n_neighbors': 5, 'model__weights': 'uniform'}",0.4861111111111111,0.39767634899213844,0.4664620061549886
28,2025-09-28 17:30:00,knn,638,18,4,18,accuracy,656,1,73,73,73,73,,"{'model__n_neighbors': 9, 'model__weights': 'distance'}",0.5,0.4208048716562649,0.4858712685854069
29,2025-10-03 18:30:00,knn,639,18,4,18,accuracy,657,1,73,73,73,73,,"{'model__n_neighbors': 9, 'model__weights': 'distance'}",0.4861111111111111,0.420066915655151,0.4638370162879967
30,2025-10-04 13:30:00,knn,640,18,4,18,accuracy,658,4,73,73,73,73,,"{'model__n_neighbors': 3, 'model__weights': 'uniform'}",0.5138888888888888,0.4332216394716395,0.49547477984977983
31,2025-10-04 16:30:00,knn,644,18,4,18,accuracy,662,1,73,73,73,73,,"{'model__n_neighbors': 3, 'model__weights': 'uniform'}",0.5,0.4180341581076875,0.4803636269322544
32,2025-10-05 13:30:00,knn,645,18,4,18,accuracy,663,1,73,73,73,73,,"{'model__n_neighbors': 3, 'model__weights': 'uniform'}",0.4861111111111111,0.41003420599008833,0.47612089707677946
33,2025-10-05 15:30:00,knn,646,18,4,18,accuracy,664,1,73,73,73,73,,"{'model__n_neighbors': 3, 'model__weights': 'uniform'}",0.5,0.4185593681917211,0.4869446389666978
34,2025-10-05 17:30:00,knn,647,18,4,18,accuracy,665,1,73,73,73,73,,"{'model__n_neighbors': 5, 'model__weights': 'uniform'}",0.5,0.3831016614104849,0.46406249659926135
35,2025-10-17 18:30:00,knn,648,18,4,18,accuracy,666,1,73,73,73,73,,"{'model__n_neighbors': 3, 'model__weights': 'uniform'}",0.4861111111111111,0.38819176681018785,0.4672608113945833
36,2025-10-18 13:30:00,knn,649,18,4,18,accuracy,667,5,73,73,73,73,,"{'model__n_neighbors': 5, 'model__weights': 'uniform'}",0.49999999999999994,0.36952345040580337,0.4638487873781991
37,2025-10-18 16:30:00,knn,654,18,4,18,accuracy,672,1,73,73,73,73,,"{'model__n_neighbors': 3, 'model__weights': 'uniform'}",0.4861111111111111,0.3883790830772255,0.46357462125650983
38,2025-10-19 13:30:00,knn,655,18,4,18,accuracy,673,1,73,73,73,73,,"{'model__n_neighbors': 3, 'model__weights': 'uniform'}",0.4722222222222222,0.386397208456032,0.44955239930730123
39,2025-10-19 15:30:00,knn,656,18,4,18,accuracy,674,1,73,73,73,73,,"{'model__n_neighbors': 3, 'model__weights': 'uniform'}",0.4722222222222222,0.3954319194450774,0.4611863729188291
40,2025-10-24 18:30:00,knn,657,18,4,18,accuracy,675,1,73,73,73,73,,"{'model__n_neighbors': 3, 'model__weights': 'uniform'}",0.4583333333333333,0.3909040399171978,0.4443645758886987
41,2025-10-25 13:30:00,knn,658,18,4,18,accuracy,676,5,73,73,73,73,,"{'model__n_neighbors': 3, 'model__weights': 'uniform'}",0.4722222222222222,0.3899457432545668,0.4599660982626669
42,2025-10-25 16:30:00,knn,663,18,4,18,accuracy,681,1,73,73,73,73,,"{'model__n_neighbors': 3, 'model__weights': 'uniform'}",0.4722222222222222,0.39885441356029594,0.453417905623788
43,2025-10-26 13:30:00,knn,664,18,4,18,accuracy,682,1,73,73,73,73,,"{'model__n_neighbors': 3, 'model__weights': 'uniform'}",0.4722222222222222,0.3926894048217578,0.4522033386003974
44,2025-10-26 15:30:00,knn,665,18,4,18,accuracy,683,1,73,73,73,73,,"{'model__n_neighbors': 3, 'model__weights': 'uniform'}",0.4722222222222222,0.39775132275132274,0.4567901234567901
45,2025-10-31 19:30:00,knn,666,18,4,18,accuracy,684,1,73,73,73,73,,"{'model__n_neighbors': 3, 'model__weights': 'uniform'}",0.4722222222222222,0.401788258038258,0.45329882309048974
46,2025-11-01 14:30:00,knn,667,18,4,18,accuracy,685,5,73,73,73,73,,"{'model__n_neighbors': 5, 'model__weights': 'uniform'}",0.4722222222222222,0.35878582202111614,0.4394167923579688
47,2025-11-01 17:30:00,knn,672,18,4,18,accuracy,690,1,73,73,73,73,,"{'model__n_neighbors': 5, 'model__weights': 'uniform'}",0.4722222222222222,0.38437191463507253,0.4272698792435634
48,2025-11-02 14:30:00,knn,673,18,4,18,accuracy,691,1,73,73,73,73,,"{'model__n_neighbors': 5, 'model__weights': 'uniform'}",0.4861111111111111,0.39926365057944,0.44923142971388585
49,2025-11-02 16:30:00,knn,674,18,4,18,accuracy,692,1,73,73,73,73,,"{'model__n_neighbors': 5, 'model__weights': 'uniform'}",0.48611111111111105,0.398527616174675,0.4532589959060547
50,2025-11-07 19:30:00,knn,675,18,4,18,accuracy,693,1,73,73,73,73,,"{'model__n_neighbors': 5, 'model__weights': 'uniform'}",0.5,0.4061200237670826,0.46556602438955375
51,2025-11-08 14:30:00,knn,676,18,4,18,accuracy,694,4,73,73,73,73,,"{'model__n_neighbors': 5, 'model__weights': 'uniform'}",0.5138888888888888,0.4150558183646419,0.4822736699574935
52,2025-11-08 17:30:00,knn,680,18,4,18,accuracy,698,1,73,73,73,73,,"{'model__n_neighbors': 5, 'model__weights': 'uniform'}",0.5,0.3875095922309544,0.46585472920612236
53,2025-11-09 14:30:00,knn,681,18,4,18,accuracy,699,1,73,73,73,73,,"{'model__n_neighbors': 5, 'model__weights': 'uniform'}",0.5,0.39284517225693694,0.46645339047299833
54,2025-11-09 16:30:00,knn,682,18,4,18,accuracy,700,1,73,73,73,73,,"{'model__n_neighbors': 5, 'model__weights': 'uniform'}",0.5,0.3907657293686706,0.4683765920898274
55,2025-11-09 18:30:00,knn,683,18,4,18,accuracy,701,1,73,73,73,73,,"{'model__n_neighbors': 5, 'model__weights': 'uniform'}",0.5,0.39493239603533714,0.47399828521152054
56,2025-11-21 19:30:00,knn,684,18,4,18,accuracy,702,1,73,73,73,73,,"{'model__n_neighbors': 5, 'model__weights': 'uniform'}",0.5,0.39493239603533725,0.4754533116665469
57,2025-11-22 14:30:00,knn,685,18,4,18,accuracy,703,5,73,73,73,73,,"{'model__n_neighbors': 5, 'model__weights': 'uniform'}",0.5,0.387215453391924,0.47577132381053955
58,2025-11-22 17:30:00,knn,690,18,4,18,accuracy,708,1,73,73,73,73,,"{'model__n_neighbors': 5, 'model__weights': 'uniform'}",0.5,0.3918831168831169,0.46371452621452625
59,2025-11-23 14:30:00,knn,691,18,4,18,accuracy,709,1,73,73,73,73,,"{'model__n_neighbors': 5, 'model__weights': 'uniform'}",0.5,0.4047554784396889,0.4655069832701411
60,2025-11-23 16:30:00,knn,692,18,4,18,accuracy,710,1,73,73,73,73,,"{'model__n_neighbors': 5, 'model__weights': 'uniform'}",0.5138888888888888,0.41476305771971406,0.4806682052038089
61,2025-11-28 19:30:00,knn,693,18,4,18,accuracy,711,1,73,73,73,73,,"{'model__n_neighbors': 5, 'model__weights': 'uniform'}",0.5277777777777777,0.4419442099008663,0.5016148511504548
62,2025-11-29 14:30:00,knn,694,18,4,18,accuracy,712,4,73,73,73,73,,"{'model__n_neighbors': 5, 'model__weights': 'uniform'}",0.5277777777777778,0.44180651864475395,0.5029863994937525
63,2025-11-29 17:30:00,knn,698,18,4,18,accuracy,716,1,73,73,73,73,,"{'model__n_neighbors': 5, 'model__weights': 'uniform'}",0.5277777777777778,0.4356882654096277,0.5015435773949706
64,2025-11-30 14:30:00,knn,699,18,4,18,accuracy,717,1,73,73,73,73,,"{'model__n_neighbors': 5, 'model__weights': 'uniform'}",0.5277777777777777,0.44052706552706555,0.4996822803195352
65,2025-11-30 16:30:00,knn,700,18,4,18,accuracy,718,1,73,73,73,73,,"{'model__n_neighbors': 5, 'model__weights': 'uniform'}",0.5277777777777778,0.4408285750197515,0.49823246606334837
66,2025-11-30 18:30:00,knn,701,18,4,18,accuracy,719,1,73,73,73,73,,"{'model__n_neighbors': 5, 'model__weights': 'uniform'}",0.5277777777777778,0.4439632263161674,0.5059668953051306
67,2025-12-05 19:30:00,knn,702,18,4,18,accuracy,720,1,73,73,73,73,,"{'model__n_neighbors': 5, 'model__weights': 'uniform'}",0.5138888888888888,0.43334814695108814,0.49602972599296125
68,2025-12-06 14:30:00,knn,703,18,4,18,accuracy,721,5,73,73,73,73,,"{'model__n_neighbors': 5, 'model__weights': 'uniform'}",0.5,0.3987233898998605,0.47630042433964
69,2025-12-06 17:30:00,knn,708,18,4,18,accuracy,726,1,73,73,73,73,,"{'model__n_neighbors': 5, 'model__weights': 'uniform'}",0.4722222222222222,0.3814664502164502,0.4324645262145262
70,2025-12-07 14:30:00,knn,709,18,4,18,accuracy,727,1,73,73,73,73,,"{'model__n_neighbors': 5, 'model__weights': 'uniform'}",0.4861111111111111,0.40292397660818713,0.4554337231968811
71,2025-12-07 16:30:00,knn,710,18,4,18,accuracy,728,1,73,73,73,73,,"{'model__n_neighbors': 5, 'model__weights': 'uniform'}",0.4861111111111111,0.4048424227990791,0.45586661790222155
72,2025-12-12 19:30:00,knn,711,18,4,18,accuracy,729,1,73,73,73,73,,"{'model__n_neighbors': 5, 'model__weights': 'uniform'}",0.5,0.43132982428648065,0.48642171095731457
73,2025-12-13 14:30:00,knn,712,18,4,18,accuracy,730,4,73,73,73,73,,"{'model__n_neighbors': 5, 'model__weights': 'uniform'}",0.4861111111111111,0.420299594196653,0.47581422526275463
74,2025-12-13 17:30:00,knn,716,18,4,18,accuracy,734,1,73,73,73,73,,"{'model__n_neighbors': 15, 'model__weights': 'uniform'}",0.5277777777777778,0.3928240490159995,0.4961004853419714
75,2025-12-14 14:30:00,knn,717,18,4,18,accuracy,735,1,73,73,73,73,,"{'model__n_neighbors': 15, 'model__weights': 'uniform'}",0.5138888888888888,0.37835710041592396,0.48339027530204004
76,2025-12-14 16:30:00,knn,718,18,4,18,accuracy,736,1,73,73,73,73,,"{'model__n_neighbors': 5, 'model__weights': 'distance'}",0.5,0.4254298941798942,0.48390652557319225
77,2025-12-14 18:30:00,knn,719,18,4,18,accuracy,737,1,73,73,73,73,,"{'model__n_neighbors': 15, 'model__weights': 'uniform'}",0.5,0.37912647781068837,0.4623638220129448
78,2025-12-19 19:30:00,knn,720,18,4,18,accuracy,738,1,73,73,73,73,,"{'model__n_neighbors': 5, 'model__weights': 'distance'}",0.5,0.4377104377104377,0.491321949655283
79,2025-12-20 14:30:00,knn,721,18,4,18,accuracy,739,5,73,73,73,73,,"{'model__n_neighbors': 5, 'model__weights': 'distance'}",0.5138888888888888,0.43346519894507507,0.5113879469916621
80,2025-12-20 17:30:00,knn,726,18,4,18,accuracy,744,1,73,73,73,73,,"{'model__n_neighbors': 15, 'model__weights': 'uniform'}",0.5138888888888888,0.4154912217412217,0.48223504890171554
81,2025-12-21 14:30:00,knn,727,18,4,18,accuracy,745,1,73,73,73,73,,"{'model__n_neighbors': 5, 'model__weights': 'distance'}",0.5,0.4385291723527018,0.4882731012632973
82,2025-12-21 16:30:00,knn,728,18,4,18,accuracy,746,1,73,73,73,73,,"{'model__n_neighbors': 15, 'model__weights': 'uniform'}",0.5,0.4115660168291747,0.4670286665900701
83,2026-01-09 19:30:00,knn,729,18,4,18,accuracy,747,1,73,73,73,73,,"{'model__n_neighbors': 15, 'model__weights': 'uniform'}",0.5138888888888888,0.4254930254930255,0.4846380471380471
84,2026-01-10 14:30:00,knn,730,18,4,18,accuracy,748,3,73,73,73,73,,"{'model__n_neighbors': 15, 'model__weights': 'uniform'}",0.5138888888888888,0.4284360133044343,0.48296848943778764
85,2026-01-10 17:30:00,knn,733,18,4,18,accuracy,751,1,73,73,73,73,,"{'model__n_neighbors': 15, 'model__weights': 'uniform'}",0.4861111111111111,0.38755269784681545,0.4548190825151609
86,2026-01-11 14:30:00,knn,734,18,4,18,accuracy,752,1,73,73,73,73,,"{'model__n_neighbors': 15, 'model__weights': 'uniform'}",0.4861111111111111,0.38247546513800385,0.46380201039643765
87,2026-01-11 16:30:00,knn,735,18,4,18,accuracy,753,1,73,73,73,73,,"{'model__n_neighbors': 15, 'model__weights': 'uniform'}",0.5,0.38892354921766686,0.4745122796593385
88,2026-01-13 17:30:00,knn,736,18,4,18,accuracy,754,1,73,73,73,73,,"{'model__n_neighbors': 15, 'model__weights': 'uniform'}",0.5,0.3954102427786639,0.46771516332919844
89,2026-01-13 19:30:00,knn,737,18,4,18,accuracy,755,2,73,73,73,73,,"{'model__n_neighbors': 15, 'model__weights': 'uniform'}",0.5,0.3988459152932837,0.4628134414318624
90,2026-01-14 17:30:00,knn,739,18,4,18,accuracy,757,1,73,73,73,73,,"{'model__n_neighbors': 15, 'model__weights': 'uniform'}",0.4861111111111111,0.3768604901328013,0.46180221433367885
91,2026-01-14 19:30:00,knn,740,18,4,18,accuracy,758,3,73,73,73,73,,"{'model__n_neighbors': 15, 'model__weights': 'uniform'}",0.5,0.3894957983193277,0.4887682850918146
92,2026-01-15 19:30:00,knn,743,18,4,18,accuracy,761,1,73,73,73,73,,"{'model__n_neighbors': 15, 'model__weights': 'uniform'}",0.5555555555555556,0.4522599487752941,0.5317176607138244
93,2026-01-16 19:30:00,knn,744,18,4,18,accuracy,762,1,73,73,73,73,,"{'model__n_neighbors': 15, 'model__weights': 'uniform'}",0.5416666666666667,0.43010906163080076,0.49908575053502585
94,2026-01-17 14:30:00,knn,745,18,4,18,accuracy,763,5,73,73,73,73,,"{'model__n_neighbors': 15, 'model__weights': 'uniform'}",0.5138888888888888,0.4207275075124045,0.47131323065724284
95,2026-01-17 17:30:00,knn,750,18,4,18,accuracy,768,1,73,73,73,73,,"{'model__n_neighbors': 15, 'model__weights': 'uniform'}",0.5138888888888888,0.3844491927825261,0.45386198163975944
96,2026-01-18 14:30:00,knn,751,18,4,18,accuracy,769,1,73,73,73,73,,"{'model__n_neighbors': 15, 'model__weights': 'uniform'}",0.5138888888888888,0.3962900715841892,0.46305140574748416
97,2026-01-18 16:30:00,knn,752,18,4,18,accuracy,770,1,73,73,73,73,,"{'model__n_neighbors': 15, 'model__weights': 'uniform'}",0.5138888888888888,0.39619821899233665,0.46384077523783407
98,2026-01-23 19:30:00,knn,753,18,4,18,accuracy,771,1,73,73,73,73,,"{'model__n_neighbors': 15, 'model__weights': 'uniform'}",0.5,0.386037546331664,0.44880280394986277
99,2026-01-24 14:30:00,knn,754,18,4,18,accuracy,772,5,73,73,73,73,,"{'model__n_neighbors': 15, 'model__weights': 'uniform'}",0.5,0.39107744107744113,0.4360409652076319
100,2026-01-24 17:30:00,knn,759,18,4,18,accuracy,777,1,73,73,73,73,,"{'model__n_neighbors': 15, 'model__weights': 'uniform'}",0.5138888888888888,0.4186038011695907,0.45816276803118905
101,2026-01-25 14:30:00,knn,760,18,4,18,accuracy,778,1,73,73,73,73,,"{'model__n_neighbors': 15, 'model__weights': 'uniform'}",0.5138888888888888,0.42363445378151265,0.46133675692499226
102,2026-01-25 16:30:00,knn,761,18,4,18,accuracy,779,1,73,73,73,73,,"{'model__n_neighbors': 15, 'model__weights': 'uniform'}",0.5138888888888888,0.4354670194823647,0.4692176607138244
103,2026-01-27 19:30:00,knn,762,18,4,18,accuracy,780,2,73,73,73,73,,"{'model__n_neighbors': 15, 'model__weights': 'uniform'}",0.5138888888888888,0.43623279900453815,0.46505797275724814
104,2026-01-30 19:30:00,knn,764,18,4,18,accuracy,782,1,73,73,73,73,,"{'model__n_neighbors': 15, 'model__weights': 'uniform'}",0.5138888888888888,0.43750535526851314,0.46376803832944186
105,2026-01-31 14:30:00,knn,765,18,4,18,accuracy,783,5,73,73,73,73,,"{'model__n_neighbors': 15, 'model__weights': 'uniform'}",0.5416666666666666,0.45765114515114513,0.5003075628075628
106,2026-01-31 17:30:00,knn,770,18,4,18,accuracy,788,1,73,73,73,73,,"{'model__n_neighbors': 15, 'model__weights': 'uniform'}",0.5277777777777778,0.4385412925854103,0.49011542651248535
107,2026-02-01 14:30:00,knn,771,18,4,18,accuracy,789,1,73,73,73,73,,"{'model__n_neighbors': 15, 'model__weights': 'uniform'}",0.5277777777777778,0.43732722887134645,0.48874989389695267
108,2026-02-01 16:30:00,knn,772,18,4,18,accuracy,790,1,73,73,73,73,,"{'model__n_neighbors': 15, 'model__weights': 'uniform'}",0.5277777777777778,0.4160774410774411,0.47111040965207635
109,2026-02-06 19:30:00,knn,773,18,4,18,accuracy,791,1,73,73,73,73,,"{'model__n_neighbors': 15, 'model__weights': 'uniform'}",0.5416666666666666,0.42521486797802593,0.4825829567605884
110,2026-02-07 14:30:00,knn,774,18,4,18,accuracy,792,5,73,73,73,73,,"{'model__n_neighbors': 15, 'model__weights': 'uniform'}",0.5416666666666666,0.4253073451602863,0.4699132430750078
111,2026-02-07 17:30:00,knn,779,18,4,18,accuracy,797,1,73,73,73,73,,"{'model__n_neighbors': 15, 'model__weights': 'uniform'}",0.5694444444444444,0.4740291109856327,0.5179104711713407
112,2026-02-08 14:30:00,knn,780,18,4,18,accuracy,798,1,73,73,73,73,,"{'model__n_neighbors': 15, 'model__weights': 'uniform'}",0.5694444444444444,0.4795783423500815,0.5091157668150421
113,2026-02-08 16:30:00,knn,781,18,4,18,accuracy,799,1,73,73,73,73,,"{'model__n_neighbors': 15, 'model__weights': 'uniform'}",0.5694444444444444,0.4809461874679266,0.508829401945344
114,2026-02-13 19:30:00,knn,782,18,4,18,accuracy,800,1,73,73,73,73,,"{'model__n_neighbors': 15, 'model__weights': 'uniform'}",0.5694444444444444,0.47740638990638995,0.5122235788902455
115,2026-02-14 14:30:00,knn,783,18,4,18,accuracy,801,5,73,73,73,73,,"{'model__n_neighbors': 15, 'model__weights': 'uniform'}",0.5972222222222222,0.5019512894512894,0.5470367595367596
116,2026-02-14 17:30:00,knn,788,18,4,18,accuracy,806,1,73,73,73,73,,"{'model__n_neighbors': 15, 'model__weights': 'uniform'}",0.5972222222222222,0.48882434286846055,0.5485292349262938
117,2026-02-15 14:30:00,knn,789,18,4,18,accuracy,807,1,73,73,73,73,,"{'model__n_neighbors': 15, 'model__weights': 'uniform'}",0.5972222222222222,0.48568581472993244,0.5502397928868517
118,2026-02-15 16:30:00,knn,790,18,4,18,accuracy,808,1,73,73,73,73,,"{'model__n_neighbors': 15, 'model__weights': 'distance'}",0.5972222222222222,0.4895513102034841,0.5512652186112331
119,2026-02-20 19:30:00,knn,791,18,4,18,accuracy,809,1,73,73,73,73,,"{'model__n_neighbors': 15, 'model__weights': 'distance'}",0.5972222222222222,0.494406787169945,0.5428102294878611
120,2026-02-21 14:30:00,knn,792,18,4,18,accuracy,810,4,73,73,73,73,,"{'model__n_neighbors': 15, 'model__weights': 'distance'}",0.6111111111111112,0.4990687689217101,0.5473984122268436
121,2026-02-21 17:30:00,knn,796,18,4,18,accuracy,814,1,73,73,73,73,,"{'model__n_neighbors': 15, 'model__weights': 'distance'}",0.6388888888888888,0.5370066208301503,0.5842649180884475
122,2026-02-22 14:30:00,knn,797,18,4,18,accuracy,815,1,73,73,73,73,,"{'model__n_neighbors': 15, 'model__weights': 'distance'}",0.6249999999999999,0.5171717171717172,0.5642255892255892
123,2026-02-22 16:30:00,knn,798,18,4,18,accuracy,816,1,73,73,73,73,,"{'model__n_neighbors': 15, 'model__weights': 'distance'}",0.625,0.512617062888802,0.5607782247275
124,2026-02-22 18:30:00,knn,799,18,4,18,accuracy,817,1,73,73,73,73,,"{'model__n_neighbors': 15, 'model__weights': 'distance'}",0.625,0.5055900621118012,0.5633233647726401
125,2026-02-27 19:30:00,knn,800,18,4,18,accuracy,818,1,73,73,73,73,,"{'model__n_neighbors': 15, 'model__weights': 'distance'}",0.625,0.5042639928509494,0.5655410008670878
126,2026-02-28 14:30:00,knn,801,18,4,18,accuracy,819,4,73,73,73,73,,"{'model__n_neighbors': 15, 'model__weights': 'distance'}",0.625,0.49329328079328083,0.56419244335911
127,2026-02-28 17:30:00,knn,805,18,4,18,accuracy,823,1,73,73,73,73,,"{'model__n_neighbors': 15, 'model__weights': 'distance'}",0.5972222222222222,0.4765869218500798,0.5474224703172071
128,2026-03-01 14:30:00,knn,806,18,4,18,accuracy,824,1,73,73,73,73,,"{'model__n_neighbors': 15, 'model__weights': 'distance'}",0.611111111111111,0.5051493316624895,0.5574032302979671
129,2026-03-01 16:30:00,knn,807,18,4,18,accuracy,825,1,73,73,73,73,,"{'model__n_neighbors': 15, 'model__weights': 'distance'}",0.6111111111111112,0.4846695336826916,0.5570833649781017
130,2026-03-01 18:30:00,knn,808,18,4,18,accuracy,826,1,73,73,73,73,,"{'model__n_neighbors': 15, 'model__weights': 'distance'}",0.6111111111111112,0.48029205094422484,0.55651213219148
131,2026-03-04 19:30:00,knn,809,18,4,18,accuracy,827,1,73,73,73,73,,"{'model__n_neighbors': 15, 'model__weights': 'distance'}",0.6111111111111112,0.4869750132908027,0.5516430754917597
132,2026-03-06 19:30:00,knn,810,18,4,18,accuracy,828,1,73,73,73,73,,"{'model__n_neighbors': 15, 'model__weights': 'distance'}",0.625,0.4897433720963133,0.5613865074649389
133,2026-03-07 14:30:00,knn,811,18,4,18,accuracy,829,5,73,73,73,73,,"{'model__n_neighbors': 15, 'model__weights': 'distance'}",0.638888888888889,0.5008545304597936,0.5740422670247232
134,2026-03-07 17:30:00,knn,816,18,4,18,accuracy,834,1,73,73,73,73,,"{'model__n_neighbors': 15, 'model__weights': 'distance'}",0.5972222222222222,0.4727132752868046,0.5287314446628171
135,2026-03-08 14:30:00,knn,817,18,4,18,accuracy,835,1,73,73,73,73,,"{'model__n_neighbors': 15, 'model__weights': 'distance'}",0.6111111111111112,0.4724206349206349,0.5463073192239859
136,2026-03-08 16:30:00,knn,818,18,4,18,accuracy,836,1,73,73,73,73,,"{'model__n_neighbors': 15, 'model__weights': 'distance'}",0.6111111111111112,0.49940288173983827,0.5582493342004211
137,2026-03-13 19:30:00,knn,819,18,4,18,accuracy,837,1,73,73,73,73,,"{'model__n_neighbors': 15, 'model__weights': 'distance'}",0.625,0.5111351611351611,0.5707451499118166
138,2026-03-14 14:30:00,knn,820,18,4,18,accuracy,838,4,73,73,73,73,,"{'model__n_neighbors': 15, 'model__weights': 'distance'}",0.6388888888888888,0.5307167491378018,0.5859721865204321
139,2026-03-14 17:30:00,knn,824,18,4,18,accuracy,842,1,73,73,73,73,,"{'model__n_neighbors': 15, 'model__weights': 'distance'}",0.625,0.5122280862412442,0.57648595313069
140,2026-03-15 14:30:00,knn,825,18,4,18,accuracy,843,1,73,73,73,73,,"{'model__n_neighbors': 15, 'model__weights': 'distance'}",0.625,0.5089993705125284,0.5780461984409353
141,2026-03-15 16:30:00,knn,826,18,4,18,accuracy,844,1,73,73,73,73,,"{'model__n_neighbors': 15, 'model__weights': 'distance'}",0.625,0.4801852133373873,0.5728582860376339
142,2026-03-15 18:30:00,knn,827,18,4,18,accuracy,845,1,73,73,73,73,,"{'model__n_neighbors': 15, 'model__weights': 'distance'}",0.6111111111111112,0.47606231487810435,0.5566033929520772
143,2026-03-20 19:30:00,knn,828,18,4,18,accuracy,846,1,73,73,73,73,,"{'model__n_neighbors': 15, 'model__weights': 'distance'}",0.6111111111111112,0.47618517103811225,0.5540011459129107
144,2026-03-21 14:30:00,knn,829,18,4,18,accuracy,847,4,73,73,73,73,,"{'model__n_neighbors': 15, 'model__weights': 'distance'}",0.6111111111111112,0.47094374923322296,0.5531064695538379
145,2026-03-21 17:30:00,knn,833,18,4,18,accuracy,851,1,73,73,73,73,,"{'model__n_neighbors': 15, 'model__weights': 'distance'}",0.5972222222222222,0.46935944172786276,0.5332650293176608
146,2026-03-22 14:30:00,knn,834,18,4,18,accuracy,852,1,73,73,73,73,,"{'model__n_neighbors': 15, 'model__weights': 'distance'}",0.5972222222222223,0.4780132993368287,0.53270871739009
147,2026-03-22 16:30:00,knn,835,18,4,18,accuracy,853,1,73,73,73,73,,"{'model__n_neighbors': 15, 'model__weights': 'uniform'}",0.5972222222222222,0.4680886243386243,0.542471340388007
148,2026-03-22 18:30:00,knn,836,18,4,18,accuracy,854,1,73,73,73,73,,"{'model__n_neighbors': 15, 'model__weights': 'uniform'}",0.5972222222222223,0.48930976430976436,0.5506558641975308
149,2026-04-04 13:30:00,knn,837,18,4,18,accuracy,855,6,73,73,73,73,,"{'model__n_neighbors': 15, 'model__weights': 'distance'}",0.6111111111111112,0.499726430976431,0.563966049382716
150,2026-04-04 16:30:00,knn,843,18,4,18,accuracy,861,1,73,73,73,73,,"{'model__n_neighbors': 15, 'model__weights': 'distance'}",0.6111111111111112,0.4956065133696712,0.5681255635203004
151,2026-04-05 13:30:00,knn,844,18,4,18,accuracy,862,1,73,73,73,73,,"{'model__n_neighbors': 15, 'model__weights': 'distance'}",0.6111111111111112,0.49308203873421264,0.5678152966196445
152,2026-04-05 15:30:00,knn,845,18,4,18,accuracy,863,1,73,73,73,73,,"{'model__n_neighbors': 15, 'model__weights': 'distance'}",0.5972222222222223,0.4891575529733424,0.5473275993012836
153,2026-04-10 18:30:00,knn,846,18,4,18,accuracy,864,1,73,73,73,73,,"{'model__n_neighbors': 15, 'model__weights': 'distance'}",0.5972222222222222,0.4861291486291487,0.5457611832611833
154,2026-04-11 13:30:00,knn,847,18,4,18,accuracy,865,4,73,73,73,73,,"{'model__n_neighbors': 15, 'model__weights': 'distance'}",0.5972222222222223,0.48399480636322745,0.5402550300576616
155,2026-04-11 16:30:00,knn,851,18,4,18,accuracy,869,1,73,73,73,73,,"{'model__n_neighbors': 15, 'model__weights': 'distance'}",0.5833333333333333,0.4865221401405612,0.5328847383123698
156,2026-04-12 13:30:00,knn,852,18,4,18,accuracy,870,1,73,73,73,73,,"{'model__n_neighbors': 15, 'model__weights': 'distance'}",0.5972222222222223,0.49981325863678805,0.5521981014628073
157,2026-04-12 15:30:00,knn,853,18,4,18,accuracy,871,1,73,73,73,73,,"{'model__n_neighbors': 15, 'model__weights': 'distance'}",0.5694444444444444,0.4626134214369509,0.5333505909486302
158,2026-04-12 17:30:00,knn,854,18,4,18,accuracy,872,1,73,73,73,73,,"{'model__n_neighbors': 15, 'model__weights': 'distance'}",0.5694444444444444,0.49094154460203054,0.5380977945635874
159,2026-04-17 18:30:00,knn,855,18,4,18,accuracy,873,1,73,73,73,73,,"{'model__n_neighbors': 15, 'model__weights': 'distance'}",0.5694444444444444,0.49426245051245055,0.5406093135259802
160,2026-04-18 13:30:00,knn,856,18,4,18,accuracy,874,4,73,73,73,73,,"{'model__n_neighbors': 15, 'model__weights': 'distance'}",0.5833333333333334,0.5237840862840862,0.5560982227648894
161,2026-04-18 16:30:00,knn,860,18,4,18,accuracy,878,1,73,73,73,73,,"{'model__n_neighbors': 15, 'model__weights': 'distance'}",0.5277777777777778,0.47470704247020035,0.4966198315979018
162,2026-04-19 13:30:00,knn,861,18,4,18,accuracy,879,1,73,73,73,73,,"{'model__n_neighbors': 15, 'model__weights': 'distance'}",0.5138888888888888,0.46458799485115276,0.4844835882116584
163,2026-04-19 15:30:00,knn,862,18,4,18,accuracy,880,1,73,73,73,73,,"{'model__n_neighbors': 15, 'model__weights': 'distance'}",0.5277777777777778,0.46959826665709015,0.4918156008842284
164,2026-04-19 17:30:00,knn,863,18,4,18,accuracy,881,1,73,73,73,73,,"{'model__n_neighbors': 15, 'model__weights': 'distance'}",0.5277777777777778,0.46137218045112777,0.49119674185463663
1,2025-08-22 18:30:00,svm,594,18,4,18,accuracy,612,1,20,20,20,20,,"{'model__C': 1.0, 'model__gamma': 'scale', 'model__kernel': 'rbf'}",0.5694444444444444,0.5407883782883783,0.5604954459121125
2,2025-08-23 13:30:00,svm,595,18,4,18,accuracy,613,5,20,20,20,20,,"{'model__C': 1.0, 'model__gamma': 'scale', 'model__kernel': 'rbf'}",0.5555555555555556,0.520757252007252,0.5521654271654272
3,2025-08-23 16:30:00,svm,600,18,4,18,accuracy,618,1,20,20,20,20,,"{'model__C': 5.0, 'model__gamma': 'scale', 'model__kernel': 'rbf'}",0.5694444444444444,0.5371693121693122,0.563425925925926
4,2025-08-24 13:30:00,svm,601,18,4,18,accuracy,619,1,20,20,20,20,,"{'model__C': 1.0, 'model__gamma': 'scale', 'model__kernel': 'rbf'}",0.5416666666666667,0.5002256458138812,0.5333035065878203
5,2025-08-24 15:30:00,svm,602,18,4,18,accuracy,620,1,20,20,20,20,,"{'model__C': 5.0, 'model__gamma': 'scale', 'model__kernel': 'rbf'}",0.5555555555555556,0.5171994671994672,0.5489960656627324
6,2025-08-29 18:30:00,svm,603,18,4,18,accuracy,621,1,20,20,20,20,,"{'model__C': 5.0, 'model__gamma': 'scale', 'model__kernel': 'rbf'}",0.5555555555555556,0.5265836015836016,0.5455905205905206
7,2025-08-30 13:30:00,svm,604,18,4,18,accuracy,622,4,20,20,20,20,,"{'model__C': 5.0, 'model__gamma': 'scale', 'model__kernel': 'rbf'}",0.5416666666666667,0.5177919302919303,0.5276959151959152
8,2025-08-30 16:30:00,svm,608,18,4,18,accuracy,626,1,20,20,20,20,,"{'model__C': 5.0, 'model__gamma': 'scale', 'model__kernel': 'rbf'}",0.5277777777777778,0.5111420442302795,0.5263151926142122
9,2025-08-31 13:30:00,svm,609,18,4,18,accuracy,627,1,20,20,20,20,,"{'model__C': 1.0, 'model__gamma': 'scale', 'model__kernel': 'rbf'}",0.5277777777777777,0.5099338569926806,0.5214248170130523
10,2025-08-31 15:30:00,svm,610,18,4,18,accuracy,628,1,20,20,20,20,,"{'model__C': 1.0, 'model__gamma': 'scale', 'model__kernel': 'rbf'}",0.5277777777777777,0.5090403060991296,0.5137100780483134
11,2025-08-31 17:30:00,svm,611,18,4,18,accuracy,629,1,20,20,20,20,,"{'model__C': 5.0, 'model__gamma': 'scale', 'model__kernel': 'rbf'}",0.5277777777777778,0.5157444135385312,0.5268490405745307
12,2025-09-12 18:30:00,svm,612,18,4,18,accuracy,630,1,20,20,20,20,,"{'model__C': 1.0, 'model__gamma': 'scale', 'model__kernel': 'rbf'}",0.5277777777777777,0.5047614422614424,0.5172294526461194
13,2025-09-13 13:30:00,svm,613,18,4,18,accuracy,631,5,20,20,20,20,,"{'model__C': 1.0, 'model__gamma': 'scale', 'model__kernel': 'rbf'}",0.5138888888888888,0.48409900284900276,0.5087416056166056
14,2025-09-13 16:30:00,svm,618,18,4,18,accuracy,636,1,20,20,20,20,,"{'model__C': 5.0, 'model__gamma': 'scale', 'model__kernel': 'rbf'}",0.49999999999999994,0.4670660358160358,0.48695690883190884
15,2025-09-14 13:30:00,svm,619,18,4,18,accuracy,637,1,20,20,20,20,,"{'model__C': 1.0, 'model__gamma': 'scale', 'model__kernel': 'rbf'}",0.5138888888888888,0.48379300438123973,0.5053137494313964
16,2025-09-14 15:30:00,svm,620,18,4,18,accuracy,638,1,20,20,20,20,,"{'model__C': 1.0, 'model__gamma': 'scale', 'model__kernel': 'rbf'}",0.5277777777777778,0.48531746031746026,0.522420634920635
17,2025-09-19 18:30:00,svm,621,18,4,18,accuracy,639,1,20,20,20,20,,"{'model__C': 5.0, 'model__gamma': 'scale', 'model__kernel': 'rbf'}",0.5416666666666666,0.4968995057230352,0.5239129606776666
18,2025-09-20 13:30:00,svm,622,18,4,18,accuracy,640,4,20,20,20,20,,"{'model__C': 1.0, 'model__gamma': 'scale', 'model__kernel': 'rbf'}",0.5138888888888888,0.502332498656028,0.502424631468749
19,2025-09-20 16:30:00,svm,626,18,4,18,accuracy,644,1,20,20,20,20,,"{'model__C': 5.0, 'model__gamma': 'scale', 'model__kernel': 'rbf'}",0.5555555555555556,0.4971273065313313,0.5446150376684432
20,2025-09-21 13:30:00,svm,627,18,4,18,accuracy,645,1,20,20,20,20,,"{'model__C': 5.0, 'model__gamma': 'scale', 'model__kernel': 'rbf'}",0.5555555555555556,0.5054438616938617,0.552798012173012
21,2025-09-21 15:30:00,svm,628,18,4,18,accuracy,646,1,20,20,20,20,,"{'model__C': 1.0, 'model__gamma': 'scale', 'model__kernel': 'rbf'}",0.5416666666666667,0.48520376252574393,0.5249058754283212
22,2025-09-21 17:30:00,svm,629,18,4,18,accuracy,647,1,20,20,20,20,,"{'model__C': 5.0, 'model__gamma': 'scale', 'model__kernel': 'rbf'}",0.5555555555555556,0.5517842995784171,0.5560988031576266
23,2025-09-26 18:30:00,svm,630,18,4,18,accuracy,648,1,20,20,20,20,,"{'model__C': 1.0, 'model__gamma': 'scale', 'model__kernel': 'rbf'}",0.5555555555555556,0.546458633958634,0.5554603575436909
24,2025-09-27 13:30:00,svm,631,18,4,18,accuracy,649,4,20,20,20,20,,"{'model__C': 1.0, 'model__gamma': 'scale', 'model__kernel': 'rbf'}",0.5555555555555556,0.5361583949819244,0.560788777761817
25,2025-09-27 16:30:00,svm,635,18,4,18,accuracy,653,1,20,20,20,20,,"{'model__C': 1.0, 'model__gamma': 'scale', 'model__kernel': 'rbf'}",0.5138888888888888,0.49862804106225156,0.5233806053433245
26,2025-09-28 13:30:00,svm,636,18,4,18,accuracy,654,1,20,20,20,20,,"{'model__C': 1.0, 'model__gamma': 'scale', 'model__kernel': 'rbf'}",0.5138888888888888,0.5013208526366422,0.5193253546323722
27,2025-09-28 15:30:00,svm,637,18,4,18,accuracy,655,1,20,20,20,20,,"{'model__C': 1.0, 'model__gamma': 'scale', 'model__kernel': 'rbf'}",0.5138888888888888,0.49225306856885803,0.5100269370006212
28,2025-09-28 17:30:00,svm,638,18,4,18,accuracy,656,1,20,20,20,20,,"{'model__C': 1.0, 'model__gamma': 'scale', 'model__kernel': 'rbf'}",0.5277777777777778,0.48784271284271274,0.5272607022607023
29,2025-10-03 18:30:00,svm,639,18,4,18,accuracy,657,1,20,20,20,20,,"{'model__C': 1.0, 'model__gamma': 'scale', 'model__kernel': 'rbf'}",0.5277777777777778,0.49548229548229544,0.5165038665038666
30,2025-10-04 13:30:00,svm,640,18,4,18,accuracy,658,4,20,20,20,20,,"{'model__C': 1.0, 'model__gamma': 'scale', 'model__kernel': 'rbf'}",0.5277777777777778,0.4987851201086495,0.5148544855652698
31,2025-10-04 16:30:00,svm,644,18,4,18,accuracy,662,1,20,20,20,20,,"{'model__C': 1.0, 'model__gamma': 'scale', 'model__kernel': 'rbf'}",0.5277777777777778,0.4611831308812733,0.5076802132336188
32,2025-10-05 13:30:00,svm,645,18,4,18,accuracy,663,1,20,20,20,20,,"{'model__C': 1.0, 'model__gamma': 'scale', 'model__kernel': 'rbf'}",0.5277777777777778,0.4588164558752794,0.510232459987362
33,2025-10-05 15:30:00,svm,646,18,4,18,accuracy,664,1,20,20,20,20,,"{'model__C': 1.0, 'model__gamma': 'scale', 'model__kernel': 'rbf'}",0.5416666666666667,0.4710114189216356,0.5199222152976023
34,2025-10-05 17:30:00,svm,647,18,4,18,accuracy,665,1,20,20,20,20,,"{'model__C': 5.0, 'model__gamma': 'scale', 'model__kernel': 'rbf'}",0.5416666666666667,0.5132922360863537,0.5434665280253516
35,2025-10-17 18:30:00,svm,648,18,4,18,accuracy,666,1,20,20,20,20,,"{'model__C': 1.0, 'model__gamma': 'scale', 'model__kernel': 'rbf'}",0.5416666666666666,0.4990902129060024,0.5284800279317823
36,2025-10-18 13:30:00,svm,649,18,4,18,accuracy,667,5,20,20,20,20,,"{'model__C': 1.0, 'model__gamma': 'scale', 'model__kernel': 'rbf'}",0.513888888888889,0.4545751633986928,0.49533632897603486
37,2025-10-18 16:30:00,svm,654,18,4,18,accuracy,672,1,20,20,20,20,,"{'model__C': 0.5, 'model__gamma': 'scale', 'model__kernel': 'rbf'}",0.5138888888888888,0.45702070833649777,0.5110942339012514
38,2025-10-19 13:30:00,svm,655,18,4,18,accuracy,673,1,20,20,20,20,,"{'model__C': 0.5, 'model__gamma': 'scale', 'model__kernel': 'rbf'}",0.5138888888888888,0.46431553769015066,0.5089366783123233
39,2025-10-19 15:30:00,svm,656,18,4,18,accuracy,674,1,20,20,20,20,,"{'model__C': 0.5, 'model__gamma': 'scale', 'model__kernel': 'rbf'}",0.5138888888888888,0.4598901098901099,0.5146418396418396
40,2025-10-24 18:30:00,svm,657,18,4,18,accuracy,675,1,20,20,20,20,,"{'model__C': 0.5, 'model__gamma': 'scale', 'model__kernel': 'rbf'}",0.5277777777777778,0.489751221001221,0.5207430301180301
41,2025-10-25 13:30:00,svm,658,18,4,18,accuracy,676,5,20,20,20,20,,"{'model__C': 0.5, 'model__gamma': 'scale', 'model__kernel': 'rbf'}",0.5138888888888888,0.48112026862026863,0.510944071360738
42,2025-10-25 16:30:00,svm,663,18,4,18,accuracy,681,1,20,20,20,20,,"{'model__C': 1.0, 'model__gamma': 'scale', 'model__kernel': 'rbf'}",0.5,0.4336360806949042,0.48254486979977174
43,2025-10-26 13:30:00,svm,664,18,4,18,accuracy,682,1,20,20,20,20,,"{'model__C': 1.0, 'model__gamma': 'scale', 'model__kernel': 'rbf'}",0.5138888888888888,0.4458310437412605,0.499873513998901
44,2025-10-26 15:30:00,svm,665,18,4,18,accuracy,683,1,20,20,20,20,,"{'model__C': 1.0, 'model__gamma': 'scale', 'model__kernel': 'rbf'}",0.5138888888888888,0.48097155682295,0.5041310484034942
45,2025-10-31 19:30:00,svm,666,18,4,18,accuracy,684,1,20,20,20,20,,"{'model__C': 1.0, 'model__gamma': 'scale', 'model__kernel': 'rbf'}",0.5277777777777778,0.4911537049694945,0.5160792342809886
46,2025-11-01 14:30:00,svm,667,18,4,18,accuracy,685,5,20,20,20,20,,"{'model__C': 1.0, 'model__gamma': 'scale', 'model__kernel': 'rbf'}",0.5277777777777778,0.48174962292609347,0.5080939961454667
47,2025-11-01 17:30:00,svm,672,18,4,18,accuracy,690,1,20,20,20,20,,"{'model__C': 1.0, 'model__gamma': 'scale', 'model__kernel': 'rbf'}",0.4861111111111111,0.4516869081497565,0.4651830916665798
48,2025-11-02 14:30:00,svm,673,18,4,18,accuracy,691,1,20,20,20,20,,"{'model__C': 1.0, 'model__gamma': 'scale', 'model__kernel': 'rbf'}",0.5,0.45576847473132304,0.48640415455430935
49,2025-11-02 16:30:00,svm,674,18,4,18,accuracy,692,1,20,20,20,20,,"{'model__C': 1.0, 'model__gamma': 'scale', 'model__kernel': 'rbf'}",0.5,0.4509303196803197,0.4937671125171125
50,2025-11-07 19:30:00,svm,675,18,4,18,accuracy,693,1,20,20,20,20,,"{'model__C': 1.0, 'model__gamma': 'scale', 'model__kernel': 'rbf'}",0.5138888888888888,0.4567500718236012,0.5035862421891834
51,2025-11-08 14:30:00,svm,676,18,4,18,accuracy,694,4,20,20,20,20,,"{'model__C': 1.0, 'model__gamma': 'scale', 'model__kernel': 'rbf'}",0.5138888888888888,0.4667517667517668,0.5113309529976195
52,2025-11-08 17:30:00,svm,680,18,4,18,accuracy,698,1,20,20,20,20,,"{'model__C': 1.0, 'model__gamma': 'scale', 'model__kernel': 'rbf'}",0.5,0.4171273772666961,0.48629355250872275
53,2025-11-09 14:30:00,svm,681,18,4,18,accuracy,699,1,20,20,20,20,,"{'model__C': 1.0, 'model__gamma': 'scale', 'model__kernel': 'rbf'}",0.4861111111111111,0.4036472786472786,0.47421020337687
54,2025-11-09 16:30:00,svm,682,18,4,18,accuracy,700,1,20,20,20,20,,"{'model__C': 1.0, 'model__gamma': 'scale', 'model__kernel': 'rbf'}",0.4861111111111111,0.40790573375712696,0.47831133434848605
55,2025-11-09 18:30:00,svm,683,18,4,18,accuracy,701,1,20,20,20,20,,"{'model__C': 1.0, 'model__gamma': 'scale', 'model__kernel': 'rbf'}",0.4861111111111111,0.44059526644665964,0.48167017594262174
56,2025-11-21 19:30:00,svm,684,18,4,18,accuracy,702,1,20,20,20,20,,"{'model__C': 1.0, 'model__gamma': 'scale', 'model__kernel': 'rbf'}",0.49999999999999994,0.4522925661083556,0.49412341232516666
57,2025-11-22 14:30:00,svm,685,18,4,18,accuracy,703,5,20,20,20,20,,"{'model__C': 1.0, 'model__gamma': 'scale', 'model__kernel': 'rbf'}",0.5,0.4453408927673633,0.4945192606957313
58,2025-11-22 17:30:00,svm,690,18,4,18,accuracy,708,1,20,20,20,20,,"{'model__C': 1.0, 'model__gamma': 'scale', 'model__kernel': 'rbf'}",0.5,0.45122359150996927,0.48253152935815474
59,2025-11-23 14:30:00,svm,691,18,4,18,accuracy,709,1,20,20,20,20,,"{'model__C': 1.0, 'model__gamma': 'scale', 'model__kernel': 'rbf'}",0.5,0.44389423785708615,0.4860429416930965
60,2025-11-23 16:30:00,svm,692,18,4,18,accuracy,710,1,20,20,20,20,,"{'model__C': 0.5, 'model__gamma': 'scale', 'model__kernel': 'rbf'}",0.5,0.43552754435107377,0.49141378773731714
61,2025-11-28 19:30:00,svm,693,18,4,18,accuracy,711,1,20,20,20,20,,"{'model__C': 0.5, 'model__gamma': 'scale', 'model__kernel': 'rbf'}",0.5138888888888888,0.4524918300653595,0.498672385620915
62,2025-11-29 14:30:00,svm,694,18,4,18,accuracy,712,4,20,20,20,20,,"{'model__C': 0.5, 'model__gamma': 'scale', 'model__kernel': 'rbf'}",0.5138888888888888,0.45357397232397234,0.49669142585809256
63,2025-11-29 17:30:00,svm,698,18,4,18,accuracy,716,1,20,20,20,20,,"{'model__C': 0.5, 'model__gamma': 'scale', 'model__kernel': 'rbf'}",0.5,0.4574124949124949,0.4989638447971781
64,2025-11-30 14:30:00,svm,699,18,4,18,accuracy,717,1,20,20,20,20,,"{'model__C': 0.5, 'model__gamma': 'scale', 'model__kernel': 'rbf'}",0.5,0.45406445406445406,0.5025052108385442
65,2025-11-30 16:30:00,svm,700,18,4,18,accuracy,718,1,20,20,20,20,,"{'model__C': 0.5, 'model__gamma': 'scale', 'model__kernel': 'rbf'}",0.5138888888888888,0.4693963443963444,0.5140672599005933
66,2025-11-30 18:30:00,svm,701,18,4,18,accuracy,719,1,20,20,20,20,,"{'model__C': 0.5, 'model__gamma': 'scale', 'model__kernel': 'rbf'}",0.5138888888888888,0.4621660202542555,0.5098740992123345
67,2025-12-05 19:30:00,svm,702,18,4,18,accuracy,720,1,20,20,20,20,,"{'model__C': 0.5, 'model__gamma': 'scale', 'model__kernel': 'rbf'}",0.4861111111111111,0.4355398686281039,0.48210217070511185
68,2025-12-06 14:30:00,svm,703,18,4,18,accuracy,721,5,20,20,20,20,,"{'model__C': 0.5, 'model__gamma': 'scale', 'model__kernel': 'rbf'}",0.4861111111111111,0.4286625547654959,0.48429689183365654
69,2025-12-06 17:30:00,svm,708,18,4,18,accuracy,726,1,20,20,20,20,,"{'model__C': 0.5, 'model__gamma': 'scale', 'model__kernel': 'rbf'}",0.4583333333333333,0.41072295079648025,0.4441249269067896
70,2025-12-07 14:30:00,svm,709,18,4,18,accuracy,727,1,20,20,20,20,,"{'model__C': 0.5, 'model__gamma': 'scale', 'model__kernel': 'rbf'}",0.4722222222222222,0.42923198805551754,0.459798643622173
71,2025-12-07 16:30:00,svm,710,18,4,18,accuracy,728,1,20,20,20,20,,"{'model__C': 0.5, 'model__gamma': 'scale', 'model__kernel': 'rbf'}",0.4583333333333333,0.41074121956474896,0.4471117934353228
72,2025-12-12 19:30:00,svm,711,18,4,18,accuracy,729,1,20,20,20,20,,"{'model__C': 1.0, 'model__gamma': 'scale', 'model__kernel': 'rbf'}",0.4583333333333333,0.40227676735029677,0.4475617111646523
73,2025-12-13 14:30:00,svm,712,18,4,18,accuracy,730,4,20,20,20,20,,"{'model__C': 1.0, 'model__gamma': 'scale', 'model__kernel': 'rbf'}",0.4583333333333333,0.4093654031154031,0.44676515614015616
74,2025-12-13 17:30:00,svm,716,18,4,18,accuracy,734,1,20,20,20,20,,"{'model__C': 1.0, 'model__gamma': 'scale', 'model__kernel': 'rbf'}",0.45833333333333337,0.4183105293399411,0.4570168665756901
75,2025-12-14 14:30:00,svm,717,18,4,18,accuracy,735,1,20,20,20,20,,"{'model__C': 1.0, 'model__gamma': 'scale', 'model__kernel': 'rbf'}",0.4583333333333333,0.41588272838272844,0.4615939615939616
76,2025-12-14 16:30:00,svm,718,18,4,18,accuracy,736,1,20,20,20,20,,"{'model__C': 0.5, 'model__gamma': 'scale', 'model__kernel': 'rbf'}",0.4444444444444444,0.4040975228475228,0.4498977873977874
77,2025-12-14 18:30:00,svm,719,18,4,18,accuracy,737,1,20,20,20,20,,"{'model__C': 0.5, 'model__gamma': 'scale', 'model__kernel': 'rbf'}",0.4583333333333333,0.41746650680474207,0.46068139376962913
78,2025-12-19 19:30:00,svm,720,18,4,18,accuracy,738,1,20,20,20,20,,"{'model__C': 0.5, 'model__gamma': 'scale', 'model__kernel': 'rbf'}",0.4583333333333333,0.41820818070818067,0.4614010989010989
79,2025-12-20 14:30:00,svm,721,18,4,18,accuracy,739,5,20,20,20,20,,"{'model__C': 1.0, 'model__gamma': 'scale', 'model__kernel': 'rbf'}",0.4722222222222222,0.427748653851595,0.48781328285004755
80,2025-12-20 17:30:00,svm,726,18,4,18,accuracy,744,1,20,20,20,20,,"{'model__C': 1.0, 'model__gamma': 'scale', 'model__kernel': 'rbf'}",0.4305555555555555,0.3807833234303823,0.4303731762065095
81,2025-12-21 14:30:00,svm,727,18,4,18,accuracy,745,1,20,20,20,20,,"{'model__C': 1.0, 'model__gamma': 'scale', 'model__kernel': 'rbf'}",0.41666666666666663,0.37386883269236215,0.41527403243089517
82,2025-12-21 16:30:00,svm,728,18,4,18,accuracy,746,1,20,20,20,20,,"{'model__C': 1.0, 'model__gamma': 'scale', 'model__kernel': 'rbf'}",0.41666666666666663,0.3683032245532245,0.4155610593110593
83,2026-01-09 19:30:00,svm,729,18,4,18,accuracy,747,1,20,20,20,20,,"{'model__C': 1.0, 'model__gamma': 'scale', 'model__kernel': 'rbf'}",0.4027777777777778,0.3570450382950383,0.4005792818292818
84,2026-01-10 14:30:00,svm,730,18,4,18,accuracy,748,3,20,20,20,20,,"{'model__C': 1.0, 'model__gamma': 'scale', 'model__kernel': 'rbf'}",0.41666666666666663,0.37645942020942025,0.4092448061198061
85,2026-01-10 17:30:00,svm,733,18,4,18,accuracy,751,1,20,20,20,20,,"{'model__C': 1.0, 'model__gamma': 'scale', 'model__kernel': 'rbf'}",0.40277777777777773,0.3746508121508122,0.40149780774780774
86,2026-01-11 14:30:00,svm,734,18,4,18,accuracy,752,1,20,20,20,20,,"{'model__C': 1.0, 'model__gamma': 'scale', 'model__kernel': 'rbf'}",0.3888888888888889,0.37148513251454435,0.3924666020254255
87,2026-01-11 16:30:00,svm,735,18,4,18,accuracy,753,1,20,20,20,20,,"{'model__C': 1.0, 'model__gamma': 'scale', 'model__kernel': 'rbf'}",0.38888888888888884,0.3609043734043734,0.39860694860694856
88,2026-01-13 17:30:00,svm,736,18,4,18,accuracy,754,1,20,20,20,20,,"{'model__C': 0.5, 'model__gamma': 'scale', 'model__kernel': 'rbf'}",0.375,0.3479744792244792,0.3870226995226995
89,2026-01-13 19:30:00,svm,737,18,4,18,accuracy,755,2,20,20,20,20,,"{'model__C': 0.5, 'model__gamma': 'scale', 'model__kernel': 'rbf'}",0.375,0.3479744792244792,0.3808388370888371
90,2026-01-14 17:30:00,svm,739,18,4,18,accuracy,757,1,20,20,20,20,,"{'model__C': 0.5, 'model__gamma': 'scale', 'model__kernel': 'rbf'}",0.375,0.3523014023014023,0.39163070725570726
91,2026-01-14 19:30:00,svm,740,18,4,18,accuracy,758,3,20,20,20,20,,"{'model__C': 0.5, 'model__gamma': 'scale', 'model__kernel': 'rbf'}",0.36111111111111116,0.33288442222265746,0.3843743493253297
92,2026-01-15 19:30:00,svm,743,18,4,18,accuracy,761,1,20,20,20,20,,"{'model__C': 1.0, 'model__gamma': 'scale', 'model__kernel': 'rbf'}",0.40277777777777773,0.3646648422383717,0.41436881700362094
93,2026-01-16 19:30:00,svm,744,18,4,18,accuracy,762,1,20,20,20,20,,"{'model__C': 1.0, 'model__gamma': 'scale', 'model__kernel': 'rbf'}",0.40277777777777773,0.3671269634504929,0.4084012891610931
94,2026-01-17 14:30:00,svm,745,18,4,18,accuracy,763,5,20,20,20,20,,"{'model__C': 1.0, 'model__gamma': 'scale', 'model__kernel': 'rbf'}",0.40277777777777773,0.37802382802382806,0.4108311441644775
95,2026-01-17 17:30:00,svm,750,18,4,18,accuracy,768,1,20,20,20,20,,"{'model__C': 1.0, 'model__gamma': 'scale', 'model__kernel': 'rbf'}",0.4166666666666667,0.39553721061074,0.40584998244311965
96,2026-01-18 14:30:00,svm,751,18,4,18,accuracy,769,1,20,20,20,20,,"{'model__C': 1.0, 'model__gamma': 'scale', 'model__kernel': 'rbf'}",0.4305555555555555,0.4236704199939495,0.4265522739787446
97,2026-01-18 16:30:00,svm,752,18,4,18,accuracy,770,1,20,20,20,20,,"{'model__C': 1.0, 'model__gamma': 'scale', 'model__kernel': 'rbf'}",0.4305555555555556,0.43955235940530063,0.42783852857382265
98,2026-01-23 19:30:00,svm,753,18,4,18,accuracy,771,1,20,20,20,20,,"{'model__C': 1.0, 'model__gamma': 'scale', 'model__kernel': 'rbf'}",0.4305555555555555,0.42306096681096683,0.434232202982203
99,2026-01-24 14:30:00,svm,754,18,4,18,accuracy,772,5,20,20,20,20,,"{'model__C': 0.5, 'model__gamma': 'scale', 'model__kernel': 'rbf'}",0.41666666666666663,0.4051173363673364,0.42194333444333443
100,2026-01-24 17:30:00,svm,759,18,4,18,accuracy,777,1,20,20,20,20,,"{'model__C': 0.5, 'model__gamma': 'scale', 'model__kernel': 'rbf'}",0.4305555555555555,0.4126854626854627,0.4336436711436711
101,2026-01-25 14:30:00,svm,760,18,4,18,accuracy,778,1,20,20,20,20,,"{'model__C': 1.0, 'model__gamma': 'scale', 'model__kernel': 'rbf'}",0.4444444444444444,0.4198347948347948,0.45073290906624236
102,2026-01-25 16:30:00,svm,761,18,4,18,accuracy,779,1,20,20,20,20,,"{'model__C': 1.0, 'model__gamma': 'scale', 'model__kernel': 'rbf'}",0.4444444444444444,0.42462791837791847,0.45229535125368464
103,2026-01-27 19:30:00,svm,762,18,4,18,accuracy,780,2,20,20,20,20,,"{'model__C': 1.0, 'model__gamma': 'scale', 'model__kernel': 'rbf'}",0.4305555555555555,0.4148439523439523,0.43610193818527143
104,2026-01-30 19:30:00,svm,764,18,4,18,accuracy,782,1,20,20,20,20,,"{'model__C': 0.5, 'model__gamma': 'scale', 'model__kernel': 'rbf'}",0.4027777777777778,0.3929014884897238,0.4010488875684954
105,2026-01-31 14:30:00,svm,765,18,4,18,accuracy,783,5,20,20,20,20,,"{'model__C': 0.5, 'model__gamma': 'scale', 'model__kernel': 'rbf'}",0.375,0.35987525546349075,0.37375303527264314
106,2026-01-31 17:30:00,svm,770,18,4,18,accuracy,788,1,20,20,20,20,,"{'model__C': 0.5, 'model__gamma': 'scale', 'model__kernel': 'rbf'}",0.4027777777777778,0.40040849673202616,0.3993269530034236
107,2026-02-01 14:30:00,svm,771,18,4,18,accuracy,789,1,20,20,20,20,,"{'model__C': 0.5, 'model__gamma': 'scale', 'model__kernel': 'rbf'}",0.4166666666666667,0.3977380598704129,0.41837539729696593
108,2026-02-01 16:30:00,svm,772,18,4,18,accuracy,790,1,20,20,20,20,,"{'model__C': 0.5, 'model__gamma': 'scale', 'model__kernel': 'rbf'}",0.4166666666666667,0.4016392784775138,0.42120804032568737
109,2026-02-06 19:30:00,svm,773,18,4,18,accuracy,791,1,20,20,20,20,,"{'model__C': 0.5, 'model__gamma': 'scale', 'model__kernel': 'rbf'}",0.4305555555555556,0.4119567387949741,0.4356590985267456
110,2026-02-07 14:30:00,svm,774,18,4,18,accuracy,792,5,20,20,20,20,,"{'model__C': 0.5, 'model__gamma': 'scale', 'model__kernel': 'rbf'}",0.45833333333333337,0.4475404225404225,0.45805845389178723
111,2026-02-07 17:30:00,svm,779,18,4,18,accuracy,797,1,20,20,20,20,,"{'model__C': 1.0, 'model__gamma': 'scale', 'model__kernel': 'rbf'}",0.4305555555555555,0.4168983793983794,0.44557618307618313
112,2026-02-08 14:30:00,svm,780,18,4,18,accuracy,798,1,20,20,20,20,,"{'model__C': 1.0, 'model__gamma': 'scale', 'model__kernel': 'rbf'}",0.4305555555555555,0.41669580419580415,0.4433550246050246
113,2026-02-08 16:30:00,svm,781,18,4,18,accuracy,799,1,20,20,20,20,,"{'model__C': 1.0, 'model__gamma': 'scale', 'model__kernel': 'rbf'}",0.4305555555555556,0.42137584637584635,0.4419386169386169
114,2026-02-13 19:30:00,svm,782,18,4,18,accuracy,800,1,20,20,20,20,,"{'model__C': 0.5, 'model__gamma': 'scale', 'model__kernel': 'rbf'}",0.4305555555555556,0.41884221443044967,0.43782322434283216
115,2026-02-14 14:30:00,svm,783,18,4,18,accuracy,801,5,20,20,20,20,,"{'model__C': 0.5, 'model__gamma': 'scale', 'model__kernel': 'rbf'}",0.4305555555555556,0.4098031053913407,0.4371007986204065
116,2026-02-14 17:30:00,svm,788,18,4,18,accuracy,806,1,20,20,20,20,,"{'model__C': 0.5, 'model__gamma': 'scale', 'model__kernel': 'rbf'}",0.47222222222222227,0.458306100217865,0.48263305322128847
117,2026-02-15 14:30:00,svm,789,18,4,18,accuracy,807,1,20,20,20,20,,"{'model__C': 0.5, 'model__gamma': 'scale', 'model__kernel': 'rbf'}",0.48611111111111116,0.4549823291889856,0.49934244653026905
118,2026-02-15 16:30:00,svm,790,18,4,18,accuracy,808,1,20,20,20,20,,"{'model__C': 0.5, 'model__gamma': 'scale', 'model__kernel': 'rbf'}",0.47222222222222227,0.45119735928559457,0.48861825356923394
119,2026-02-20 19:30:00,svm,791,18,4,18,accuracy,809,1,20,20,20,20,,"{'model__C': 0.5, 'model__gamma': 'scale', 'model__kernel': 'rbf'}",0.4722222222222222,0.4531270200387847,0.4839879755320932
120,2026-02-21 14:30:00,svm,792,18,4,18,accuracy,810,4,20,20,20,20,,"{'model__C': 0.5, 'model__gamma': 'scale', 'model__kernel': 'rbf'}",0.4722222222222222,0.4512085137085136,0.4790995270161937
121,2026-02-21 17:30:00,svm,796,18,4,18,accuracy,814,1,20,20,20,20,,"{'model__C': 0.5, 'model__gamma': 'scale', 'model__kernel': 'rbf'}",0.45833333333333337,0.43356643356643354,0.45933695933695934
122,2026-02-22 14:30:00,svm,797,18,4,18,accuracy,815,1,20,20,20,20,,"{'model__C': 0.5, 'model__gamma': 'scale', 'model__kernel': 'rbf'}",0.4583333333333333,0.43716093847672793,0.4607254587517745
123,2026-02-22 16:30:00,svm,798,18,4,18,accuracy,816,1,20,20,20,20,,"{'model__C': 0.5, 'model__gamma': 'scale', 'model__kernel': 'rbf'}",0.4583333333333333,0.43932178932178934,0.4653138528138528
124,2026-02-22 18:30:00,svm,799,18,4,18,accuracy,817,1,20,20,20,20,,"{'model__C': 0.5, 'model__gamma': 'scale', 'model__kernel': 'rbf'}",0.4583333333333333,0.4295343545343545,0.4665020165020165
125,2026-02-27 19:30:00,svm,800,18,4,18,accuracy,818,1,20,20,20,20,,"{'model__C': 0.5, 'model__gamma': 'scale', 'model__kernel': 'rbf'}",0.4583333333333333,0.4294989553503485,0.466420966756364
126,2026-02-28 14:30:00,svm,801,18,4,18,accuracy,819,4,20,20,20,20,,"{'model__C': 0.5, 'model__gamma': 'scale', 'model__kernel': 'rbf'}",0.4444444444444444,0.41550111108934645,0.45778998597626047
127,2026-02-28 17:30:00,svm,805,18,4,18,accuracy,823,1,20,20,20,20,,"{'model__C': 0.5, 'model__gamma': 'scale', 'model__kernel': 'rbf'}",0.4305555555555556,0.39744103935280406,0.43675832609656134
128,2026-03-01 14:30:00,svm,806,18,4,18,accuracy,824,1,20,20,20,20,,"{'model__C': 0.5, 'model__gamma': 'scale', 'model__kernel': 'rbf'}",0.4444444444444445,0.42781668222844693,0.4540946934329287
129,2026-03-01 16:30:00,svm,807,18,4,18,accuracy,825,1,20,20,20,20,,"{'model__C': 0.5, 'model__gamma': 'scale', 'model__kernel': 'rbf'}",0.47222222222222227,0.4496913238979803,0.48479218198000446
130,2026-03-01 18:30:00,svm,808,18,4,18,accuracy,826,1,20,20,20,20,,"{'model__C': 0.5, 'model__gamma': 'scale', 'model__kernel': 'rbf'}",0.4444444444444445,0.42185262994086525,0.459967968668949
131,2026-03-04 19:30:00,svm,809,18,4,18,accuracy,827,1,20,20,20,20,,"{'model__C': 0.5, 'model__gamma': 'scale', 'model__kernel': 'rbf'}",0.45833333333333337,0.43695569136745604,0.46859526638938404
132,2026-03-06 19:30:00,svm,810,18,4,18,accuracy,828,1,20,20,20,20,,"{'model__C': 0.5, 'model__gamma': 'scale', 'model__kernel': 'rbf'}",0.45833333333333337,0.42855894105894105,0.4626058355225022
133,2026-03-07 14:30:00,svm,811,18,4,18,accuracy,829,5,20,20,20,20,,"{'model__C': 0.5, 'model__gamma': 'scale', 'model__kernel': 'rbf'}",0.4722222222222222,0.4391700404858299,0.47292590450485184
134,2026-03-07 17:30:00,svm,816,18,4,18,accuracy,834,1,20,20,20,20,,"{'model__C': 0.5, 'model__gamma': 'scale', 'model__kernel': 'rbf'}",0.4722222222222222,0.442069042069042,0.4750615125615125
135,2026-03-08 14:30:00,svm,817,18,4,18,accuracy,835,1,20,20,20,20,,"{'model__C': 0.5, 'model__gamma': 'scale', 'model__kernel': 'rbf'}",0.4722222222222222,0.426742007992008,0.47525541588041587
136,2026-03-08 16:30:00,svm,818,18,4,18,accuracy,836,1,20,20,20,20,,"{'model__C': 0.5, 'model__gamma': 'scale', 'model__kernel': 'rbf'}",0.4583333333333333,0.41398969609108927,0.46005522601562326
137,2026-03-13 19:30:00,svm,819,18,4,18,accuracy,837,1,20,20,20,20,,"{'model__C': 0.5, 'model__gamma': 'scale', 'model__kernel': 'rbf'}",0.4722222222222222,0.4253939959822313,0.47162568731196186
138,2026-03-14 14:30:00,svm,820,18,4,18,accuracy,838,4,20,20,20,20,,"{'model__C': 0.5, 'model__gamma': 'scale', 'model__kernel': 'rbf'}",0.45833333333333337,0.4098983532807062,0.4577735218666591
139,2026-03-14 17:30:00,svm,824,18,4,18,accuracy,842,1,20,20,20,20,,"{'model__C': 0.5, 'model__gamma': 'scale', 'model__kernel': 'rbf'}",0.4305555555555556,0.3875272331154684,0.4326116557734204
140,2026-03-15 14:30:00,svm,825,18,4,18,accuracy,843,1,20,20,20,20,,"{'model__C': 0.5, 'model__gamma': 'scale', 'model__kernel': 'rbf'}",0.45833333333333337,0.4270452200018764,0.4644608928987154
141,2026-03-15 16:30:00,svm,826,18,4,18,accuracy,844,1,20,20,20,20,,"{'model__C': 0.5, 'model__gamma': 'scale', 'model__kernel': 'rbf'}",0.4444444444444445,0.41607160540984073,0.45598919281517314
142,2026-03-15 18:30:00,svm,827,18,4,18,accuracy,845,1,20,20,20,20,,"{'model__C': 0.5, 'model__gamma': 'scale', 'model__kernel': 'rbf'}",0.4305555555555555,0.411955691367456,0.4397592875534052
143,2026-03-20 19:30:00,svm,828,18,4,18,accuracy,846,1,20,20,20,20,,"{'model__C': 0.5, 'model__gamma': 'scale', 'model__kernel': 'rbf'}",0.4305555555555556,0.4031621156621156,0.43621694663361327
144,2026-03-21 14:30:00,svm,829,18,4,18,accuracy,847,4,20,20,20,20,,"{'model__C': 0.5, 'model__gamma': 'scale', 'model__kernel': 'rbf'}",0.4305555555555556,0.39902962534541475,0.43449489107383843
145,2026-03-21 17:30:00,svm,833,18,4,18,accuracy,851,1,20,20,20,20,,"{'model__C': 0.5, 'model__gamma': 'scale', 'model__kernel': 'rbf'}",0.41666666666666663,0.3889286152444047,0.4154993885257043
146,2026-03-22 14:30:00,svm,834,18,4,18,accuracy,852,1,20,20,20,20,,"{'model__C': 0.5, 'model__gamma': 'scale', 'model__kernel': 'rbf'}",0.4305555555555555,0.40080475080475075,0.4366462241462241
147,2026-03-22 16:30:00,svm,835,18,4,18,accuracy,853,1,20,20,20,20,,"{'model__C': 0.5, 'model__gamma': 'scale', 'model__kernel': 'rbf'}",0.4444444444444444,0.39737692862692864,0.45563059625559627
148,2026-03-22 18:30:00,svm,836,18,4,18,accuracy,854,1,20,20,20,20,,"{'model__C': 0.5, 'model__gamma': 'scale', 'model__kernel': 'rbf'}",0.4305555555555555,0.3897741512873092,0.4444741114149009
149,2026-04-04 13:30:00,svm,837,18,4,18,accuracy,855,6,20,20,20,20,,"{'model__C': 0.5, 'model__gamma': 'scale', 'model__kernel': 'rbf'}",0.4444444444444445,0.4011784511784512,0.4560445727112394
150,2026-04-04 16:30:00,svm,843,18,4,18,accuracy,861,1,20,20,20,20,,"{'model__C': 0.5, 'model__gamma': 'scale', 'model__kernel': 'rbf'}",0.4722222222222222,0.44877724614566716,0.4813998907200661
151,2026-04-05 13:30:00,svm,844,18,4,18,accuracy,862,1,20,20,20,20,,"{'model__C': 0.5, 'model__gamma': 'scale', 'model__kernel': 'rbf'}",0.45833333333333337,0.4419855607355607,0.4681815483898817
152,2026-04-05 15:30:00,svm,845,18,4,18,accuracy,863,1,20,20,20,20,,"{'model__C': 0.5, 'model__gamma': 'scale', 'model__kernel': 'rbf'}",0.45833333333333326,0.4549331387566681,0.4667664579429285
153,2026-04-10 18:30:00,svm,846,18,4,18,accuracy,864,1,20,20,20,20,,"{'model__C': 0.5, 'model__gamma': 'scale', 'model__kernel': 'rbf'}",0.45833333333333337,0.4395030895030894,0.463884109717443
154,2026-04-11 13:30:00,svm,847,18,4,18,accuracy,865,4,20,20,20,20,,"{'model__C': 0.5, 'model__gamma': 'scale', 'model__kernel': 'rbf'}",0.45833333333333337,0.43434708566287505,0.4620081185870659
155,2026-04-11 16:30:00,svm,851,18,4,18,accuracy,869,1,20,20,20,20,,"{'model__C': 0.5, 'model__gamma': 'scale', 'model__kernel': 'rbf'}",0.4722222222222222,0.44707602339181285,0.46675368978000553
156,2026-04-12 13:30:00,svm,852,18,4,18,accuracy,870,1,20,20,20,20,,"{'model__C': 0.5, 'model__gamma': 'scale', 'model__kernel': 'rbf'}",0.48611111111111105,0.45844363969363977,0.4902341871091871
157,2026-04-12 15:30:00,svm,853,18,4,18,accuracy,871,1,20,20,20,20,,"{'model__C': 0.5, 'model__gamma': 'scale', 'model__kernel': 'rbf'}",0.4722222222222222,0.42684849192202134,0.4823672945609221
158,2026-04-12 17:30:00,svm,854,18,4,18,accuracy,872,1,20,20,20,20,,"{'model__C': 0.5, 'model__gamma': 'scale', 'model__kernel': 'rbf'}",0.4722222222222222,0.4380094807726387,0.4840163592904821
159,2026-04-17 18:30:00,svm,855,18,4,18,accuracy,873,1,20,20,20,20,,"{'model__C': 0.5, 'model__gamma': 'scale', 'model__kernel': 'rbf'}",0.45833333333333337,0.42702020202020197,0.46832010582010586
160,2026-04-18 13:30:00,svm,856,18,4,18,accuracy,874,4,20,20,20,20,,"{'model__C': 1.0, 'model__gamma': 'scale', 'model__kernel': 'rbf'}",0.45833333333333337,0.4214031066972243,0.46932985315338255
161,2026-04-18 16:30:00,svm,860,18,4,18,accuracy,878,1,20,20,20,20,,"{'model__C': 1.0, 'model__gamma': 'scale', 'model__kernel': 'rbf'}",0.4305555555555555,0.42049015799015793,0.422333916083916
162,2026-04-19 13:30:00,svm,861,18,4,18,accuracy,879,1,20,20,20,20,,"{'model__C': 1.0, 'model__gamma': 'scale', 'model__kernel': 'rbf'}",0.4305555555555555,0.42765151515151517,0.42387065095398424
163,2026-04-19 15:30:00,svm,862,18,4,18,accuracy,880,1,20,20,20,20,,"{'model__C': 1.0, 'model__gamma': 'scale', 'model__kernel': 'rbf'}",0.4305555555555555,0.42584799459799455,0.42126796814296813
164,2026-04-19 17:30:00,svm,863,18,4,18,accuracy,881,1,20,20,20,20,,"{'model__C': 1.0, 'model__gamma': 'scale', 'model__kernel': 'rbf'}",0.4444444444444444,0.4467865467865468,0.4416458541458541
1,2025-08-22 18:30:00,decision_tree,594,18,4,18,accuracy,612,1,20,20,20,20,,"{'model__max_depth': 3, 'model__min_samples_leaf': 1}",0.5277777777777778,0.4777741564346425,0.5010688920935085
2,2025-08-23 13:30:00,decision_tree,595,18,4,18,accuracy,613,5,20,20,20,20,,"{'model__max_depth': 3, 'model__min_samples_leaf': 1}",0.5416666666666666,0.4956085581085581,0.5382656695156695
3,2025-08-23 16:30:00,decision_tree,600,18,4,18,accuracy,618,1,20,20,20,20,,"{'model__max_depth': 3, 'model__min_samples_leaf': 1}",0.45833333333333337,0.40735865441747793,0.4504438372085431
4,2025-08-24 13:30:00,decision_tree,601,18,4,18,accuracy,619,1,20,20,20,20,,"{'model__max_depth': 3, 'model__min_samples_leaf': 1}",0.4444444444444444,0.4071183446183446,0.4356183939517273
5,2025-08-24 15:30:00,decision_tree,602,18,4,18,accuracy,620,1,20,20,20,20,,"{'model__max_depth': 5, 'model__min_samples_leaf': 3}",0.4861111111111111,0.40369274902943636,0.4592611021016594
6,2025-08-29 18:30:00,decision_tree,603,18,4,18,accuracy,621,1,20,20,20,20,,"{'model__max_depth': 5, 'model__min_samples_leaf': 3}",0.4861111111111111,0.44281682369917663,0.46662422544775484
7,2025-08-30 13:30:00,decision_tree,604,18,4,18,accuracy,622,4,20,20,20,20,,"{'model__max_depth': 5, 'model__min_samples_leaf': 3}",0.4722222222222222,0.4484411421911422,0.4607549857549857
8,2025-08-30 16:30:00,decision_tree,608,18,4,18,accuracy,626,1,20,20,20,20,,"{'model__max_depth': 5, 'model__min_samples_leaf': 1}",0.5138888888888888,0.5044028139616374,0.5092400881616569
9,2025-08-31 13:30:00,decision_tree,609,18,4,18,accuracy,627,1,20,20,20,20,,"{'model__max_depth': 5, 'model__min_samples_leaf': 5}",0.5416666666666667,0.5021703199334778,0.5215813669761038
10,2025-08-31 15:30:00,decision_tree,610,18,4,18,accuracy,628,1,20,20,20,20,,"{'model__max_depth': 5, 'model__min_samples_leaf': 1}",0.5416666666666667,0.49220814588461653,0.5116176942157333
11,2025-08-31 17:30:00,decision_tree,611,18,4,18,accuracy,629,1,20,20,20,20,,"{'model__max_depth': 5, 'model__min_samples_leaf': 3}",0.5416666666666667,0.48773065384907494,0.5138489677963362
12,2025-09-12 18:30:00,decision_tree,612,18,4,18,accuracy,630,1,20,20,20,20,,"{'model__max_depth': 3, 'model__min_samples_leaf': 1}",0.5138888888888888,0.43566557057605654,0.4565718382214546
13,2025-09-13 13:30:00,decision_tree,613,18,4,18,accuracy,631,5,20,20,20,20,,"{'model__max_depth': 3, 'model__min_samples_leaf': 1}",0.5138888888888888,0.45017205017205014,0.48988603988603985
14,2025-09-13 16:30:00,decision_tree,618,18,4,18,accuracy,636,1,20,20,20,20,,"{'model__max_depth': 3, 'model__min_samples_leaf': 1}",0.49999999999999994,0.4208090928679164,0.45954445880916467
15,2025-09-14 13:30:00,decision_tree,619,18,4,18,accuracy,637,1,20,20,20,20,,"{'model__max_depth': 3, 'model__min_samples_leaf': 1}",0.5,0.4312830687830688,0.46298500881834215
16,2025-09-14 15:30:00,decision_tree,620,18,4,18,accuracy,638,1,20,20,20,20,,"{'model__max_depth': 5, 'model__min_samples_leaf': 5}",0.5555555555555556,0.4838830029619503,0.5271613376876534
17,2025-09-19 18:30:00,decision_tree,621,18,4,18,accuracy,639,1,20,20,20,20,,"{'model__max_depth': 5, 'model__min_samples_leaf': 5}",0.5277777777777778,0.47531760178819005,0.5034952701619368
18,2025-09-20 13:30:00,decision_tree,622,18,4,18,accuracy,640,4,20,20,20,20,,"{'model__max_depth': 5, 'model__min_samples_leaf': 3}",0.4722222222222222,0.4209650235385529,0.4568627450980392
19,2025-09-20 16:30:00,decision_tree,626,18,4,18,accuracy,644,1,20,20,20,20,,"{'model__max_depth': 3, 'model__min_samples_leaf': 1}",0.5277777777777778,0.46213878713878714,0.5054928096594764
20,2025-09-21 13:30:00,decision_tree,627,18,4,18,accuracy,645,1,20,20,20,20,,"{'model__max_depth': 5, 'model__min_samples_leaf': 5}",0.5277777777777778,0.4842587108453981,0.5192509903810214
21,2025-09-21 15:30:00,decision_tree,628,18,4,18,accuracy,646,1,20,20,20,20,,"{'model__max_depth': 5, 'model__min_samples_leaf': 1}",0.5555555555555556,0.5088026624791331,0.5427504503484896
22,2025-09-21 17:30:00,decision_tree,629,18,4,18,accuracy,647,1,20,20,20,20,,"{'model__max_depth': 5, 'model__min_samples_leaf': 1}",0.5416666666666667,0.4925188237688238,0.5292446750780083
23,2025-09-26 18:30:00,decision_tree,630,18,4,18,accuracy,648,1,20,20,20,20,,"{'model__max_depth': 3, 'model__min_samples_leaf': 5}",0.513888888888889,0.42975357975357975,0.4781995781995782
24,2025-09-27 13:30:00,decision_tree,631,18,4,18,accuracy,649,4,20,20,20,20,,"{'model__max_depth': 3, 'model__min_samples_leaf': 1}",0.5277777777777778,0.43796739323055117,0.5005430242272347
25,2025-09-27 16:30:00,decision_tree,635,18,4,18,accuracy,653,1,20,20,20,20,,"{'model__max_depth': 3, 'model__min_samples_leaf': 1}",0.5138888888888888,0.4115759347217148,0.48873766898063575
26,2025-09-28 13:30:00,decision_tree,636,18,4,18,accuracy,654,1,20,20,20,20,,"{'model__max_depth': 3, 'model__min_samples_leaf': 1}",0.5277777777777777,0.4231900452488687,0.496846046110752
27,2025-09-28 15:30:00,decision_tree,637,18,4,18,accuracy,655,1,20,20,20,20,,"{'model__max_depth': 3, 'model__min_samples_leaf': 1}",0.5,0.4156542531542532,0.46406355989689324
28,2025-09-28 17:30:00,decision_tree,638,18,4,18,accuracy,656,1,20,20,20,20,,"{'model__max_depth': 3, 'model__min_samples_leaf': 1}",0.5,0.40502969252969256,0.47759747968081306
29,2025-10-03 18:30:00,decision_tree,639,18,4,18,accuracy,657,1,20,20,20,20,,"{'model__max_depth': 3, 'model__min_samples_leaf': 1}",0.5,0.4311887649387649,0.47655362384529054
30,2025-10-04 13:30:00,decision_tree,640,18,4,18,accuracy,658,4,20,20,20,20,,"{'model__max_depth': 5, 'model__min_samples_leaf': 5}",0.5,0.4545664983164983,0.48989898989898994
31,2025-10-04 16:30:00,decision_tree,644,18,4,18,accuracy,662,1,20,20,20,20,,"{'model__max_depth': 3, 'model__min_samples_leaf': 1}",0.4722222222222222,0.39796499796499796,0.44755460588793927
32,2025-10-05 13:30:00,decision_tree,645,18,4,18,accuracy,663,1,20,20,20,20,,"{'model__max_depth': 3, 'model__min_samples_leaf': 1}",0.5,0.42548762082430813,0.4755632797428463
33,2025-10-05 15:30:00,decision_tree,646,18,4,18,accuracy,664,1,20,20,20,20,,"{'model__max_depth': 5, 'model__min_samples_leaf': 1}",0.48611111111111116,0.4519682931447638,0.4854574347221406
34,2025-10-05 17:30:00,decision_tree,647,18,4,18,accuracy,665,1,20,20,20,20,,"{'model__max_depth': 5, 'model__min_samples_leaf': 5}",0.5416666666666667,0.4656903145873734,0.525302033206445
35,2025-10-17 18:30:00,decision_tree,648,18,4,18,accuracy,666,1,20,20,20,20,,"{'model__max_depth': 3, 'model__min_samples_leaf': 1}",0.48611111111111105,0.3812360948230514,0.43903209310818003
36,2025-10-18 13:30:00,decision_tree,649,18,4,18,accuracy,667,5,20,20,20,20,,"{'model__max_depth': 3, 'model__min_samples_leaf': 1}",0.48611111111111105,0.3710361762993342,0.4426506080014852
37,2025-10-18 16:30:00,decision_tree,654,18,4,18,accuracy,672,1,20,20,20,20,,"{'model__max_depth': 3, 'model__min_samples_leaf': 1}",0.5138888888888888,0.3857142857142857,0.4801587301587302
38,2025-10-19 13:30:00,decision_tree,655,18,4,18,accuracy,673,1,20,20,20,20,,"{'model__max_depth': 3, 'model__min_samples_leaf': 1}",0.5138888888888888,0.39550773300773306,0.4797500339167006
39,2025-10-19 15:30:00,decision_tree,656,18,4,18,accuracy,674,1,20,20,20,20,,"{'model__max_depth': 5, 'model__min_samples_leaf': 5}",0.513888888888889,0.45849425628837387,0.5161913250148544
40,2025-10-24 18:30:00,decision_tree,657,18,4,18,accuracy,675,1,20,20,20,20,,"{'model__max_depth': 3, 'model__min_samples_leaf': 1}",0.5138888888888888,0.425986790986791,0.49473085556418894
41,2025-10-25 13:30:00,decision_tree,658,18,4,18,accuracy,676,5,20,20,20,20,,"{'model__max_depth': 5, 'model__min_samples_leaf': 5}",0.5,0.4462195212195212,0.5110059693393026
42,2025-10-25 16:30:00,decision_tree,663,18,4,18,accuracy,681,1,20,20,20,20,,"{'model__max_depth': 3, 'model__min_samples_leaf': 1}",0.4722222222222222,0.3887335252466831,0.45152386599755023
43,2025-10-26 13:30:00,decision_tree,664,18,4,18,accuracy,682,1,20,20,20,20,,"{'model__max_depth': 3, 'model__min_samples_leaf': 1}",0.4444444444444444,0.362223974008871,0.42961545474894064
44,2025-10-26 15:30:00,decision_tree,665,18,4,18,accuracy,683,1,20,20,20,20,,"{'model__max_depth': 3, 'model__min_samples_leaf': 1}",0.5,0.42211723461723466,0.48388995263995266
45,2025-10-31 19:30:00,decision_tree,666,18,4,18,accuracy,684,1,20,20,20,20,,"{'model__max_depth': 5, 'model__min_samples_leaf': 5}",0.4583333333333333,0.41657000407000405,0.47558167141500474
46,2025-11-01 14:30:00,decision_tree,667,18,4,18,accuracy,685,5,20,20,20,20,,"{'model__max_depth': 5, 'model__min_samples_leaf': 5}",0.4861111111111111,0.41637159137159135,0.4951583909917243
47,2025-11-01 17:30:00,decision_tree,672,18,4,18,accuracy,690,1,20,20,20,20,,"{'model__max_depth': 5, 'model__min_samples_leaf': 5}",0.5277777777777778,0.4963575776075776,0.5448257760757762
48,2025-11-02 14:30:00,decision_tree,673,18,4,18,accuracy,691,1,20,20,20,20,,"{'model__max_depth': 5, 'model__min_samples_leaf': 5}",0.5277777777777778,0.5010302197802198,0.5433582621082621
49,2025-11-02 16:30:00,decision_tree,674,18,4,18,accuracy,692,1,20,20,20,20,,"{'model__max_depth': None, 'model__min_samples_leaf': 1}",0.5416666666666666,0.48566350803192904,0.5235373950286231
50,2025-11-07 19:30:00,decision_tree,675,18,4,18,accuracy,693,1,20,20,20,20,,"{'model__max_depth': 3, 'model__min_samples_leaf': 1}",0.5138888888888888,0.45695317754141285,0.4957369246584933
51,2025-11-08 14:30:00,decision_tree,676,18,4,18,accuracy,694,4,20,20,20,20,,"{'model__max_depth': 5, 'model__min_samples_leaf': 5}",0.5138888888888888,0.4784359159359159,0.5319315715149048
52,2025-11-08 17:30:00,decision_tree,680,18,4,18,accuracy,698,1,20,20,20,20,,"{'model__max_depth': 3, 'model__min_samples_leaf': 1}",0.4444444444444444,0.3979344729344729,0.4450702075702076
53,2025-11-09 14:30:00,decision_tree,681,18,4,18,accuracy,699,1,20,20,20,20,,"{'model__max_depth': 3, 'model__min_samples_leaf': 1}",0.4583333333333333,0.40999929651245437,0.4590703318773494
54,2025-11-09 16:30:00,decision_tree,682,18,4,18,accuracy,700,1,20,20,20,20,,"{'model__max_depth': 3, 'model__min_samples_leaf': 1}",0.41666666666666663,0.37403317929633717,0.4200398853907626
55,2025-11-09 18:30:00,decision_tree,683,18,4,18,accuracy,701,1,20,20,20,20,,"{'model__max_depth': 3, 'model__min_samples_leaf': 1}",0.4722222222222222,0.42311438561438564,0.47000106375106376
56,2025-11-21 19:30:00,decision_tree,684,18,4,18,accuracy,702,1,20,20,20,20,,"{'model__max_depth': 5, 'model__min_samples_leaf': 1}",0.4305555555555556,0.3820379912485175,0.4476162604452078
57,2025-11-22 14:30:00,decision_tree,685,18,4,18,accuracy,703,5,20,20,20,20,,"{'model__max_depth': 5, 'model__min_samples_leaf': 5}",0.4722222222222222,0.417012617012617,0.49099172432505767
58,2025-11-22 17:30:00,decision_tree,690,18,4,18,accuracy,708,1,20,20,20,20,,"{'model__max_depth': 5, 'model__min_samples_leaf': 5}",0.4583333333333333,0.40459174110489904,0.4830828406486301
59,2025-11-23 14:30:00,decision_tree,691,18,4,18,accuracy,709,1,20,20,20,20,,"{'model__max_depth': 5, 'model__min_samples_leaf': 5}",0.4444444444444444,0.3989138176638176,0.46403727445394105
60,2025-11-23 16:30:00,decision_tree,692,18,4,18,accuracy,710,1,20,20,20,20,,"{'model__max_depth': 3, 'model__min_samples_leaf': 1}",0.4583333333333333,0.3967772967772968,0.4757114798781466
61,2025-11-28 19:30:00,decision_tree,693,18,4,18,accuracy,711,1,20,20,20,20,,"{'model__max_depth': 3, 'model__min_samples_leaf': 1}",0.5,0.4629055584937938,0.5083030622246307
62,2025-11-29 14:30:00,decision_tree,694,18,4,18,accuracy,712,4,20,20,20,20,,"{'model__max_depth': 5, 'model__min_samples_leaf': 5}",0.5,0.4724173974173974,0.5256815715149048
63,2025-11-29 17:30:00,decision_tree,698,18,4,18,accuracy,716,1,20,20,20,20,,"{'model__max_depth': 3, 'model__min_samples_leaf': 1}",0.40277777777777773,0.3841482591482591,0.4290334665334665
64,2025-11-30 14:30:00,decision_tree,699,18,4,18,accuracy,717,1,20,20,20,20,,"{'model__max_depth': 3, 'model__min_samples_leaf': 1}",0.4305555555555555,0.4051006863506863,0.4488459071792405
65,2025-11-30 16:30:00,decision_tree,700,18,4,18,accuracy,718,1,20,20,20,20,,"{'model__max_depth': 3, 'model__min_samples_leaf': 1}",0.38888888888888884,0.3715155215155215,0.4060769477436144
66,2025-11-30 18:30:00,decision_tree,701,18,4,18,accuracy,719,1,20,20,20,20,,"{'model__max_depth': 3, 'model__min_samples_leaf': 1}",0.4444444444444444,0.4222402597402597,0.455238048988049
67,2025-12-05 19:30:00,decision_tree,702,18,4,18,accuracy,720,1,20,20,20,20,,"{'model__max_depth': 5, 'model__min_samples_leaf': 1}",0.38888888888888884,0.3406918374023637,0.4026376279665753
68,2025-12-06 14:30:00,decision_tree,703,18,4,18,accuracy,721,5,20,20,20,20,,"{'model__max_depth': 5, 'model__min_samples_leaf': 5}",0.4444444444444444,0.37812372812372813,0.4481345814679148
69,2025-12-06 17:30:00,decision_tree,708,18,4,18,accuracy,726,1,20,20,20,20,,"{'model__max_depth': 5, 'model__min_samples_leaf': 5}",0.4583333333333333,0.4139171379302959,0.4621833697491592
70,2025-12-07 14:30:00,decision_tree,709,18,4,18,accuracy,727,1,20,20,20,20,,"{'model__max_depth': 5, 'model__min_samples_leaf': 5}",0.4444444444444444,0.4069266381766381,0.4492936847103513
71,2025-12-07 16:30:00,decision_tree,710,18,4,18,accuracy,728,1,20,20,20,20,,"{'model__max_depth': 5, 'model__min_samples_leaf': 5}",0.4305555555555556,0.3863721439379334,0.423593994536977
72,2025-12-12 19:30:00,decision_tree,711,18,4,18,accuracy,729,1,20,20,20,20,,"{'model__max_depth': 5, 'model__min_samples_leaf': 5}",0.4444444444444444,0.40379886997534054,0.43884958541821284
73,2025-12-13 14:30:00,decision_tree,712,18,4,18,accuracy,730,4,20,20,20,20,,"{'model__max_depth': 5, 'model__min_samples_leaf': 5}",0.4027777777777778,0.37366198616198615,0.4179885700719034
74,2025-12-13 17:30:00,decision_tree,716,18,4,18,accuracy,734,1,20,20,20,20,,"{'model__max_depth': 3, 'model__min_samples_leaf': 1}",0.375,0.3653855403855404,0.3914028872362206
75,2025-12-14 14:30:00,decision_tree,717,18,4,18,accuracy,735,1,20,20,20,20,,"{'model__max_depth': 5, 'model__min_samples_leaf': 5}",0.40277777777777773,0.3488116458704694,0.4213414785105961
76,2025-12-14 16:30:00,decision_tree,718,18,4,18,accuracy,736,1,20,20,20,20,,"{'model__max_depth': 5, 'model__min_samples_leaf': 5}",0.4027777777777778,0.37081136456136454,0.4175214446047779
77,2025-12-14 18:30:00,decision_tree,719,18,4,18,accuracy,737,1,20,20,20,20,,"{'model__max_depth': 3, 'model__min_samples_leaf': 1}",0.37499999999999994,0.3436026936026936,0.3901256151256151
78,2025-12-19 19:30:00,decision_tree,720,18,4,18,accuracy,738,1,20,20,20,20,,"{'model__max_depth': 3, 'model__min_samples_leaf': 1}",0.375,0.3441253599341835,0.38745486539604185
79,2025-12-20 14:30:00,decision_tree,721,18,4,18,accuracy,739,5,20,20,20,20,,"{'model__max_depth': 3, 'model__min_samples_leaf': 1}",0.4444444444444444,0.38706366732682523,0.4542698772961931
80,2025-12-20 17:30:00,decision_tree,726,18,4,18,accuracy,744,1,20,20,20,20,,"{'model__max_depth': None, 'model__min_samples_leaf': 1}",0.4166666666666667,0.3735535298035298,0.4257571132571133
81,2025-12-21 14:30:00,decision_tree,727,18,4,18,accuracy,745,1,20,20,20,20,,"{'model__max_depth': 5, 'model__min_samples_leaf': 5}",0.40277777777777773,0.36393722018722013,0.4049221611721612
82,2025-12-21 16:30:00,decision_tree,728,18,4,18,accuracy,746,1,20,20,20,20,,"{'model__max_depth': 5, 'model__min_samples_leaf': 5}",0.4166666666666667,0.37292818049397,0.41240472084770324
83,2026-01-09 19:30:00,decision_tree,729,18,4,18,accuracy,747,1,20,20,20,20,,"{'model__max_depth': 3, 'model__min_samples_leaf': 1}",0.4305555555555555,0.4035554178936531,0.4329137139186159
84,2026-01-10 14:30:00,decision_tree,730,18,4,18,accuracy,748,3,20,20,20,20,,"{'model__max_depth': 5, 'model__min_samples_leaf': 5}",0.4444444444444445,0.4154685592185592,0.4423992673992674
85,2026-01-10 17:30:00,decision_tree,733,18,4,18,accuracy,751,1,20,20,20,20,,"{'model__max_depth': 3, 'model__min_samples_leaf': 1}",0.40277777777777773,0.3868471805971807,0.40829806767306775
86,2026-01-11 14:30:00,decision_tree,734,18,4,18,accuracy,752,1,20,20,20,20,,"{'model__max_depth': 5, 'model__min_samples_leaf': 5}",0.4027777777777778,0.3690503396385749,0.39844423913051363
87,2026-01-11 16:30:00,decision_tree,735,18,4,18,accuracy,753,1,20,20,20,20,,"{'model__max_depth': 5, 'model__min_samples_leaf': 1}",0.41666666666666663,0.35869053332288625,0.42147894997159696
88,2026-01-13 17:30:00,decision_tree,736,18,4,18,accuracy,754,1,20,20,20,20,,"{'model__max_depth': 5, 'model__min_samples_leaf': 1}",0.4444444444444444,0.4097603785103785,0.4485144485144485
89,2026-01-13 19:30:00,decision_tree,737,18,4,18,accuracy,755,2,20,20,20,20,,"{'model__max_depth': 5, 'model__min_samples_leaf': 1}",0.4027777777777778,0.3786112852289323,0.40247373813550286
90,2026-01-14 17:30:00,decision_tree,739,18,4,18,accuracy,757,1,20,20,20,20,,"{'model__max_depth': None, 'model__min_samples_leaf': 1}",0.4166666666666667,0.3699280117438685,0.4317069285739362
91,2026-01-14 19:30:00,decision_tree,740,18,4,18,accuracy,758,3,20,20,20,20,,"{'model__max_depth': 3, 'model__min_samples_leaf': 1}",0.41666666666666663,0.37740753398648136,0.4250544290017974
92,2026-01-15 19:30:00,decision_tree,743,18,4,18,accuracy,761,1,20,20,20,20,,"{'model__max_depth': 3, 'model__min_samples_leaf': 1}",0.41666666666666663,0.39509934509934513,0.4200780700780701
93,2026-01-16 19:30:00,decision_tree,744,18,4,18,accuracy,762,1,20,20,20,20,,"{'model__max_depth': None, 'model__min_samples_leaf': 1}",0.4027777777777778,0.33703721387544916,0.40586596591498547
94,2026-01-17 14:30:00,decision_tree,745,18,4,18,accuracy,763,5,20,20,20,20,,"{'model__max_depth': 5, 'model__min_samples_leaf': 5}",0.3888888888888889,0.33187022672316785,0.38170593023534205
95,2026-01-17 17:30:00,decision_tree,750,18,4,18,accuracy,768,1,20,20,20,20,,"{'model__max_depth': 8, 'model__min_samples_leaf': 1}",0.4444444444444444,0.4171299582483793,0.4558868073122459
96,2026-01-18 14:30:00,decision_tree,751,18,4,18,accuracy,769,1,20,20,20,20,,"{'model__max_depth': 5, 'model__min_samples_leaf': 5}",0.4305555555555556,0.39164331039331035,0.4275633702717036
97,2026-01-18 16:30:00,decision_tree,752,18,4,18,accuracy,770,1,20,20,20,20,,"{'model__max_depth': 5, 'model__min_samples_leaf': 5}",0.4722222222222222,0.4301445816538696,0.46522242926396695
98,2026-01-23 19:30:00,decision_tree,753,18,4,18,accuracy,771,1,20,20,20,20,,"{'model__max_depth': 5, 'model__min_samples_leaf': 5}",0.513888888888889,0.44744714707949995,0.5115783567376704
99,2026-01-24 14:30:00,decision_tree,754,18,4,18,accuracy,772,5,20,20,20,20,,"{'model__max_depth': 5, 'model__min_samples_leaf': 5}",0.5277777777777778,0.48980002840296955,0.5263115560909678
100,2026-01-24 17:30:00,decision_tree,759,18,4,18,accuracy,777,1,20,20,20,20,,"{'model__max_depth': 3, 'model__min_samples_leaf': 1}",0.4583333333333333,0.4127562252562252,0.4437077582910916
101,2026-01-25 14:30:00,decision_tree,760,18,4,18,accuracy,778,1,20,20,20,20,,"{'model__max_depth': 3, 'model__min_samples_leaf': 1}",0.4722222222222222,0.4187984401219695,0.4504030963589787
102,2026-01-25 16:30:00,decision_tree,761,18,4,18,accuracy,779,1,20,20,20,20,,"{'model__max_depth': 8, 'model__min_samples_leaf': 1}",0.4722222222222222,0.45649628149628146,0.4733900358900358
103,2026-01-27 19:30:00,decision_tree,762,18,4,18,accuracy,780,2,20,20,20,20,,"{'model__max_depth': 3, 'model__min_samples_leaf': 1}",0.45833333333333337,0.43343628049510396,0.43985332024547713
104,2026-01-30 19:30:00,decision_tree,764,18,4,18,accuracy,782,1,20,20,20,20,,"{'model__max_depth': 5, 'model__min_samples_leaf': 5}",0.4583333333333333,0.4062985747196273,0.43321287224796
105,2026-01-31 14:30:00,decision_tree,765,18,4,18,accuracy,783,5,20,20,20,20,,"{'model__max_depth': None, 'model__min_samples_leaf': 1}",0.4583333333333333,0.43221680853259803,0.4716231948688089
106,2026-01-31 17:30:00,decision_tree,770,18,4,18,accuracy,788,1,20,20,20,20,,"{'model__max_depth': 8, 'model__min_samples_leaf': 1}",0.5277777777777778,0.4940336953494849,0.5229311705188897
107,2026-02-01 14:30:00,decision_tree,771,18,4,18,accuracy,789,1,20,20,20,20,,"{'model__max_depth': 5, 'model__min_samples_leaf': 1}",0.5833333333333333,0.5098607568615309,0.5717325300497385
108,2026-02-01 16:30:00,decision_tree,772,18,4,18,accuracy,790,1,20,20,20,20,,"{'model__max_depth': 5, 'model__min_samples_leaf': 1}",0.6111111111111112,0.5646770032799444,0.6038476002936787
109,2026-02-06 19:30:00,decision_tree,773,18,4,18,accuracy,791,1,20,20,20,20,,"{'model__max_depth': 5, 'model__min_samples_leaf': 1}",0.5833333333333334,0.5414644179350061,0.5763254084332515
110,2026-02-07 14:30:00,decision_tree,774,18,4,18,accuracy,792,5,20,20,20,20,,"{'model__max_depth': 5, 'model__min_samples_leaf': 1}",0.5694444444444444,0.5551860176860177,0.5605697543197543
111,2026-02-07 17:30:00,decision_tree,779,18,4,18,accuracy,797,1,20,20,20,20,,"{'model__max_depth': 5, 'model__min_samples_leaf': 1}",0.48611111111111105,0.4531226126814362,0.47973260853162814
112,2026-02-08 14:30:00,decision_tree,780,18,4,18,accuracy,798,1,20,20,20,20,,"{'model__max_depth': 3, 'model__min_samples_leaf': 1}",0.4305555555555556,0.40096662596662597,0.4171720255053588
113,2026-02-08 16:30:00,decision_tree,781,18,4,18,accuracy,799,1,20,20,20,20,,"{'model__max_depth': 5, 'model__min_samples_leaf': 5}",0.4583333333333333,0.4044268367797779,0.4397444966072417
114,2026-02-13 19:30:00,decision_tree,782,18,4,18,accuracy,800,1,20,20,20,20,,"{'model__max_depth': 5, 'model__min_samples_leaf': 5}",0.4861111111111111,0.42522806570794186,0.4689583994150558
115,2026-02-14 14:30:00,decision_tree,783,18,4,18,accuracy,801,5,20,20,20,20,,"{'model__max_depth': 5, 'model__min_samples_leaf': 1}",0.4861111111111111,0.4254265342500636,0.47986058059587466
116,2026-02-14 17:30:00,decision_tree,788,18,4,18,accuracy,806,1,20,20,20,20,,"{'model__max_depth': 8, 'model__min_samples_leaf': 1}",0.5972222222222223,0.5453361940204046,0.5917332261630507
117,2026-02-15 14:30:00,decision_tree,789,18,4,18,accuracy,807,1,20,20,20,20,,"{'model__max_depth': 5, 'model__min_samples_leaf': 1}",0.611111111111111,0.5393950705870211,0.6044735431216339
118,2026-02-15 16:30:00,decision_tree,790,18,4,18,accuracy,808,1,20,20,20,20,,"{'model__max_depth': 8, 'model__min_samples_leaf': 1}",0.625,0.5720328282828283,0.6356661856661856
119,2026-02-20 19:30:00,decision_tree,791,18,4,18,accuracy,809,1,20,20,20,20,,"{'model__max_depth': 5, 'model__min_samples_leaf': 1}",0.5833333333333334,0.5350671115376997,0.5758005520260422
120,2026-02-21 14:30:00,decision_tree,792,18,4,18,accuracy,810,4,20,20,20,20,,"{'model__max_depth': 5, 'model__min_samples_leaf': 1}",0.5833333333333334,0.5680016742516742,0.5796459327709328
121,2026-02-21 17:30:00,decision_tree,796,18,4,18,accuracy,814,1,20,20,20,20,,"{'model__max_depth': 5, 'model__min_samples_leaf': 1}",0.5138888888888888,0.4638468013468014,0.5096029741863075
122,2026-02-22 14:30:00,decision_tree,797,18,4,18,accuracy,815,1,20,20,20,20,,"{'model__max_depth': 5, 'model__min_samples_leaf': 1}",0.5277777777777778,0.4742483436755882,0.5230440120404
123,2026-02-22 16:30:00,decision_tree,798,18,4,18,accuracy,816,1,20,20,20,20,,"{'model__max_depth': 5, 'model__min_samples_leaf': 1}",0.4722222222222222,0.42011483886483886,0.468207872374539
124,2026-02-22 18:30:00,decision_tree,799,18,4,18,accuracy,817,1,20,20,20,20,,"{'model__max_depth': 5, 'model__min_samples_leaf': 5}",0.4861111111111111,0.41193090678384797,0.47620494973436145
125,2026-02-27 19:30:00,decision_tree,800,18,4,18,accuracy,818,1,20,20,20,20,,"{'model__max_depth': 5, 'model__min_samples_leaf': 5}",0.5,0.42428821608388173,0.4894575639931677
126,2026-02-28 14:30:00,decision_tree,801,18,4,18,accuracy,819,4,20,20,20,20,,"{'model__max_depth': 5, 'model__min_samples_leaf': 1}",0.4861111111111111,0.41512109894462834,0.48721187128049875
127,2026-02-28 17:30:00,decision_tree,805,18,4,18,accuracy,823,1,20,20,20,20,,"{'model__max_depth': 5, 'model__min_samples_leaf': 1}",0.5,0.4357510545010545,0.49056556869056867
128,2026-03-01 14:30:00,decision_tree,806,18,4,18,accuracy,824,1,20,20,20,20,,"{'model__max_depth': 8, 'model__min_samples_leaf': 1}",0.5555555555555556,0.49903989772410823,0.5570110039408285
129,2026-03-01 16:30:00,decision_tree,807,18,4,18,accuracy,825,1,20,20,20,20,,"{'model__max_depth': 5, 'model__min_samples_leaf': 5}",0.5694444444444445,0.5067587505087505,0.5746765194681861
130,2026-03-01 18:30:00,decision_tree,808,18,4,18,accuracy,826,1,20,20,20,20,,"{'model__max_depth': 5, 'model__min_samples_leaf': 1}",0.5555555555555556,0.4787649255915509,0.558286010324194
131,2026-03-04 19:30:00,decision_tree,809,18,4,18,accuracy,827,1,20,20,20,20,,"{'model__max_depth': 5, 'model__min_samples_leaf': 1}",0.5277777777777778,0.46626635891341767,0.5248870047889655
132,2026-03-06 19:30:00,decision_tree,810,18,4,18,accuracy,828,1,20,20,20,20,,"{'model__max_depth': 5, 'model__min_samples_leaf': 1}",0.5416666666666666,0.5184547342635578,0.5435410110042463
133,2026-03-07 14:30:00,decision_tree,811,18,4,18,accuracy,829,5,20,20,20,20,,"{'model__max_depth': 5, 'model__min_samples_leaf': 1}",0.4722222222222222,0.4491525903290609,0.47164950155146235
134,2026-03-07 17:30:00,decision_tree,816,18,4,18,accuracy,834,1,20,20,20,20,,"{'model__max_depth': 8, 'model__min_samples_leaf': 1}",0.5138888888888888,0.4820956820956821,0.5149482461982462
135,2026-03-08 14:30:00,decision_tree,817,18,4,18,accuracy,835,1,20,20,20,20,,"{'model__max_depth': 8, 'model__min_samples_leaf': 1}",0.5,0.4772871013002592,0.5069504914351406
136,2026-03-08 16:30:00,decision_tree,818,18,4,18,accuracy,836,1,20,20,20,20,,"{'model__max_depth': 8, 'model__min_samples_leaf': 1}",0.48611111111111105,0.4574407074407074,0.4875248208581542
137,2026-03-13 19:30:00,decision_tree,819,18,4,18,accuracy,837,1,20,20,20,20,,"{'model__max_depth': None, 'model__min_samples_leaf': 1}",0.5,0.471488233988234,0.5038735955402622
138,2026-03-14 14:30:00,decision_tree,820,18,4,18,accuracy,838,4,20,20,20,20,,"{'model__max_depth': None, 'model__min_samples_leaf': 1}",0.5138888888888888,0.4814606145488498,0.5263521064991653
139,2026-03-14 17:30:00,decision_tree,824,18,4,18,accuracy,842,1,20,20,20,20,,"{'model__max_depth': 8, 'model__min_samples_leaf': 1}",0.5138888888888888,0.46285756154177204,0.5152493705125284
140,2026-03-15 14:30:00,decision_tree,825,18,4,18,accuracy,843,1,20,20,20,20,,"{'model__max_depth': 5, 'model__min_samples_leaf': 3}",0.4861111111111111,0.44410381285381284,0.49041664354164344
141,2026-03-15 16:30:00,decision_tree,826,18,4,18,accuracy,844,1,20,20,20,20,,"{'model__max_depth': 5, 'model__min_samples_leaf': 3}",0.5,0.4582627841141773,0.5073724120163748
142,2026-03-15 18:30:00,decision_tree,827,18,4,18,accuracy,845,1,20,20,20,20,,"{'model__max_depth': 8, 'model__min_samples_leaf': 1}",0.5,0.47301886566592455,0.509039997765488
143,2026-03-20 19:30:00,decision_tree,828,18,4,18,accuracy,846,1,20,20,20,20,,"{'model__max_depth': 5, 'model__min_samples_leaf': 1}",0.4861111111111111,0.4603859511947747,0.47832937079260607
144,2026-03-21 14:30:00,decision_tree,829,18,4,18,accuracy,847,4,20,20,20,20,,"{'model__max_depth': 5, 'model__min_samples_leaf': 1}",0.4722222222222222,0.4354354795531266,0.45958453311394487
145,2026-03-21 17:30:00,decision_tree,833,18,4,18,accuracy,851,1,20,20,20,20,,"{'model__max_depth': 8, 'model__min_samples_leaf': 3}",0.5,0.48183385814964763,0.5077606766203258
146,2026-03-22 14:30:00,decision_tree,834,18,4,18,accuracy,852,1,20,20,20,20,,"{'model__max_depth': 8, 'model__min_samples_leaf': 1}",0.47222222222222227,0.43776963776963784,0.4700117012617012
147,2026-03-22 16:30:00,decision_tree,835,18,4,18,accuracy,853,1,20,20,20,20,,"{'model__max_depth': 8, 'model__min_samples_leaf': 3}",0.5,0.46605107855107863,0.5089951329534663
148,2026-03-22 18:30:00,decision_tree,836,18,4,18,accuracy,854,1,20,20,20,20,,"{'model__max_depth': 8, 'model__min_samples_leaf': 3}",0.5138888888888888,0.47731481481481486,0.5212577160493828
149,2026-04-04 13:30:00,decision_tree,837,18,4,18,accuracy,855,6,20,20,20,20,,"{'model__max_depth': 8, 'model__min_samples_leaf': 1}",0.5277777777777778,0.4963757432797681,0.5245257752223695
150,2026-04-04 16:30:00,decision_tree,843,18,4,18,accuracy,861,1,20,20,20,20,,"{'model__max_depth': 3, 'model__min_samples_leaf': 1}",0.4861111111111111,0.4642857142857143,0.5033068783068784
151,2026-04-05 13:30:00,decision_tree,844,18,4,18,accuracy,862,1,20,20,20,20,,"{'model__max_depth': None, 'model__min_samples_leaf': 1}",0.5,0.4922048947784242,0.5180827138547727
152,2026-04-05 15:30:00,decision_tree,845,18,4,18,accuracy,863,1,20,20,20,20,,"{'model__max_depth': 8, 'model__min_samples_leaf': 1}",0.45833333333333337,0.4445899416487652,0.46585532296316606
153,2026-04-10 18:30:00,decision_tree,846,18,4,18,accuracy,864,1,20,20,20,20,,"{'model__max_depth': 3, 'model__min_samples_leaf': 1}",0.4444444444444445,0.4149117086617087,0.4364644229227563
154,2026-04-11 13:30:00,decision_tree,847,18,4,18,accuracy,865,4,20,20,20,20,,"{'model__max_depth': 8, 'model__min_samples_leaf': 5}",0.5,0.4837863933452169,0.49563580482698133
155,2026-04-11 16:30:00,decision_tree,851,18,4,18,accuracy,869,1,20,20,20,20,,"{'model__max_depth': 3, 'model__min_samples_leaf': 1}",0.5,0.45972222222222225,0.4955908289241623
156,2026-04-12 13:30:00,decision_tree,852,18,4,18,accuracy,870,1,20,20,20,20,,"{'model__max_depth': 8, 'model__min_samples_leaf': 1}",0.5555555555555556,0.5314648314648315,0.5565668128168128
157,2026-04-12 15:30:00,decision_tree,853,18,4,18,accuracy,871,1,20,20,20,20,,"{'model__max_depth': 8, 'model__min_samples_leaf': 1}",0.5555555555555556,0.5389987692619271,0.5607815369328527
158,2026-04-12 17:30:00,decision_tree,854,18,4,18,accuracy,872,1,20,20,20,20,,"{'model__max_depth': None, 'model__min_samples_leaf': 5}",0.5694444444444444,0.5371821283005493,0.5757686514265462
159,2026-04-17 18:30:00,decision_tree,855,18,4,18,accuracy,873,1,20,20,20,20,,"{'model__max_depth': 8, 'model__min_samples_leaf': 1}",0.5555555555555556,0.5229630448670697,0.55739614559274
160,2026-04-18 13:30:00,decision_tree,856,18,4,18,accuracy,874,4,20,20,20,20,,"{'model__max_depth': 8, 'model__min_samples_leaf': 3}",0.5555555555555556,0.531283422459893,0.5586254703901763
161,2026-04-18 16:30:00,decision_tree,860,18,4,18,accuracy,878,1,20,20,20,20,,"{'model__max_depth': 8, 'model__min_samples_leaf': 1}",0.4444444444444444,0.41765364265364263,0.4410866910866911
162,2026-04-19 13:30:00,decision_tree,861,18,4,18,accuracy,879,1,20,20,20,20,,"{'model__max_depth': 5, 'model__min_samples_leaf': 3}",0.4305555555555555,0.41084828842181786,0.44060857216494476
163,2026-04-19 15:30:00,decision_tree,862,18,4,18,accuracy,880,1,20,20,20,20,,"{'model__max_depth': None, 'model__min_samples_leaf': 1}",0.5,0.49001068376068374,0.4913397944647944
164,2026-04-19 17:30:00,decision_tree,863,18,4,18,accuracy,881,1,20,20,20,20,,"{'model__max_depth': None, 'model__min_samples_leaf': 1}",0.5138888888888888,0.5140574703074703,0.5136530136530136
1,2025-08-22 18:30:00,random_forest,594,18,4,18,accuracy,612,1,20,20,20,20,,"{'model__max_depth': 5, 'model__min_samples_leaf': 5, 'model__n_estimators': 200}",0.5416666666666667,0.504129763998185,0.5445003542591262
2,2025-08-23 13:30:00,random_forest,595,18,4,18,accuracy,613,5,20,20,20,20,,"{'model__max_depth': 5, 'model__min_samples_leaf': 5, 'model__n_estimators': 200}",0.5277777777777778,0.4967475628659839,0.5328185175772895
3,2025-08-23 16:30:00,random_forest,600,18,4,18,accuracy,618,1,20,20,20,20,,"{'model__max_depth': 5, 'model__min_samples_leaf': 5, 'model__n_estimators': 200}",0.5416666666666667,0.4823210171894382,0.5405690678716994
4,2025-08-24 13:30:00,random_forest,601,18,4,18,accuracy,619,1,20,20,20,20,,"{'model__max_depth': 5, 'model__min_samples_leaf': 5, 'model__n_estimators': 200}",0.5277777777777778,0.4724140668413114,0.5223151676325051
5,2025-08-24 15:30:00,random_forest,602,18,4,18,accuracy,620,1,20,20,20,20,,"{'model__max_depth': 5, 'model__min_samples_leaf': 5, 'model__n_estimators': 200}",0.5138888888888888,0.4521467932652143,0.5102956375982691
6,2025-08-29 18:30:00,random_forest,603,18,4,18,accuracy,621,1,20,20,20,20,,"{'model__max_depth': 5, 'model__min_samples_leaf': 5, 'model__n_estimators': 200}",0.5138888888888888,0.45409970146812245,0.4965471175997492
7,2025-08-30 13:30:00,random_forest,604,18,4,18,accuracy,622,4,20,20,20,20,,"{'model__max_depth': 8, 'model__min_samples_leaf': 5, 'model__n_estimators': 200}",0.5138888888888888,0.47014790764790765,0.49776936026936025
8,2025-08-30 16:30:00,random_forest,608,18,4,18,accuracy,626,1,20,20,20,20,,"{'model__max_depth': 5, 'model__min_samples_leaf': 3, 'model__n_estimators': 200}",0.5277777777777778,0.5190953654188949,0.53004095577625
9,2025-08-31 13:30:00,random_forest,609,18,4,18,accuracy,627,1,20,20,20,20,,"{'model__max_depth': 5, 'model__min_samples_leaf': 5, 'model__n_estimators': 200}",0.5277777777777778,0.5100464894582541,0.5187166183489713
10,2025-08-31 15:30:00,random_forest,610,18,4,18,accuracy,628,1,20,20,20,20,,"{'model__max_depth': 5, 'model__min_samples_leaf': 5, 'model__n_estimators': 200}",0.5277777777777777,0.5176792570174923,0.518255621012974
11,2025-08-31 17:30:00,random_forest,611,18,4,18,accuracy,629,1,20,20,20,20,,"{'model__max_depth': 5, 'model__min_samples_leaf': 5, 'model__n_estimators': 200}",0.5555555555555556,0.5404149213359739,0.5461271184955396
12,2025-09-12 18:30:00,random_forest,612,18,4,18,accuracy,630,1,20,20,20,20,,"{'model__max_depth': 5, 'model__min_samples_leaf': 5, 'model__n_estimators': 200}",0.5277777777777778,0.5051218274902485,0.525320460079232
13,2025-09-13 13:30:00,random_forest,613,18,4,18,accuracy,631,5,20,20,20,20,,"{'model__max_depth': 5, 'model__min_samples_leaf': 3, 'model__n_estimators': 200}",0.5138888888888888,0.4943090291774502,0.5109144956732676
14,2025-09-13 16:30:00,random_forest,618,18,4,18,accuracy,636,1,20,20,20,20,,"{'model__max_depth': 5, 'model__min_samples_leaf': 3, 'model__n_estimators': 200}",0.5138888888888888,0.48502013265945154,0.511355271978337
15,2025-09-14 13:30:00,random_forest,619,18,4,18,accuracy,637,1,20,20,20,20,,"{'model__max_depth': 5, 'model__min_samples_leaf': 5, 'model__n_estimators': 200}",0.5416666666666667,0.5105592664416194,0.5358562370817272
16,2025-09-14 15:30:00,random_forest,620,18,4,18,accuracy,638,1,20,20,20,20,,"{'model__max_depth': 5, 'model__min_samples_leaf': 3, 'model__n_estimators': 200}",0.5416666666666667,0.5066124099212335,0.5371543489190549
17,2025-09-19 18:30:00,random_forest,621,18,4,18,accuracy,639,1,20,20,20,20,,"{'model__max_depth': 5, 'model__min_samples_leaf': 3, 'model__n_estimators': 200}",0.5138888888888888,0.4892239704739705,0.5090714840714841
18,2025-09-20 13:30:00,random_forest,622,18,4,18,accuracy,640,4,20,20,20,20,,"{'model__max_depth': 5, 'model__min_samples_leaf': 5, 'model__n_estimators': 200}",0.5138888888888888,0.492753651577181,0.5079926337279279
19,2025-09-20 16:30:00,random_forest,626,18,4,18,accuracy,644,1,20,20,20,20,,"{'model__max_depth': 5, 'model__min_samples_leaf': 3, 'model__n_estimators': 200}",0.5416666666666667,0.5042248558115432,0.5357427101622148
20,2025-09-21 13:30:00,random_forest,627,18,4,18,accuracy,645,1,20,20,20,20,,"{'model__max_depth': 5, 'model__min_samples_leaf': 3, 'model__n_estimators': 200}",0.5416666666666667,0.5065622422240068,0.5306719855126717
21,2025-09-21 15:30:00,random_forest,628,18,4,18,accuracy,646,1,20,20,20,20,,"{'model__max_depth': 5, 'model__min_samples_leaf': 5, 'model__n_estimators': 200}",0.5555555555555556,0.5136693780076134,0.5480961508535038
22,2025-09-21 17:30:00,random_forest,629,18,4,18,accuracy,647,1,20,20,20,20,,"{'model__max_depth': 5, 'model__min_samples_leaf': 5, 'model__n_estimators': 200}",0.5555555555555556,0.5606563757879548,0.5489639502797399
23,2025-09-26 18:30:00,random_forest,630,18,4,18,accuracy,648,1,20,20,20,20,,"{'model__max_depth': 5, 'model__min_samples_leaf': 3, 'model__n_estimators': 200}",0.5416666666666667,0.5360663459347669,0.5428697317951704
24,2025-09-27 13:30:00,random_forest,631,18,4,18,accuracy,649,4,20,20,20,20,,"{'model__max_depth': 5, 'model__min_samples_leaf': 3, 'model__n_estimators': 200}",0.5555555555555556,0.5382449951722397,0.5570637712343078
25,2025-09-27 16:30:00,random_forest,635,18,4,18,accuracy,653,1,20,20,20,20,,"{'model__max_depth': 5, 'model__min_samples_leaf': 3, 'model__n_estimators': 200}",0.5416666666666667,0.5370943384101279,0.5463517233254075
26,2025-09-28 13:30:00,random_forest,636,18,4,18,accuracy,654,1,20,20,20,20,,"{'model__max_depth': 5, 'model__min_samples_leaf': 3, 'model__n_estimators': 200}",0.5555555555555556,0.5607998597549682,0.5583581959549451
27,2025-09-28 15:30:00,random_forest,637,18,4,18,accuracy,655,1,20,20,20,20,,"{'model__max_depth': 5, 'model__min_samples_leaf': 3, 'model__n_estimators': 200}",0.5416666666666667,0.5262935572339598,0.5395849044746104
28,2025-09-28 17:30:00,random_forest,638,18,4,18,accuracy,656,1,20,20,20,20,,"{'model__max_depth': 5, 'model__min_samples_leaf': 3, 'model__n_estimators': 200}",0.5555555555555556,0.5297605580693816,0.5556728674375733
29,2025-10-03 18:30:00,random_forest,639,18,4,18,accuracy,657,1,20,20,20,20,,"{'model__max_depth': 5, 'model__min_samples_leaf': 3, 'model__n_estimators': 200}",0.5416666666666667,0.5212752525252525,0.5372474747474747
30,2025-10-04 13:30:00,random_forest,640,18,4,18,accuracy,658,4,20,20,20,20,,"{'model__max_depth': 5, 'model__min_samples_leaf': 5, 'model__n_estimators': 200}",0.5555555555555556,0.5329939668174963,0.5519634776987719
31,2025-10-04 16:30:00,random_forest,644,18,4,18,accuracy,662,1,20,20,20,20,,"{'model__max_depth': 5, 'model__min_samples_leaf': 3, 'model__n_estimators': 200}",0.5555555555555556,0.5130178601927828,0.5444139136863595
32,2025-10-05 13:30:00,random_forest,645,18,4,18,accuracy,663,1,20,20,20,20,,"{'model__max_depth': 5, 'model__min_samples_leaf': 3, 'model__n_estimators': 200}",0.5555555555555556,0.51877405002405,0.5483280222863556
33,2025-10-05 15:30:00,random_forest,646,18,4,18,accuracy,664,1,20,20,20,20,,"{'model__max_depth': 5, 'model__min_samples_leaf': 5, 'model__n_estimators': 200}",0.5833333333333334,0.5391730410112764,0.577545174052527
34,2025-10-05 17:30:00,random_forest,647,18,4,18,accuracy,665,1,20,20,20,20,,"{'model__max_depth': 5, 'model__min_samples_leaf': 5, 'model__n_estimators': 200}",0.5833333333333334,0.5738089095287238,0.5770791357478664
35,2025-10-17 18:30:00,random_forest,648,18,4,18,accuracy,666,1,20,20,20,20,,"{'model__max_depth': 5, 'model__min_samples_leaf': 3, 'model__n_estimators': 200}",0.5416666666666667,0.5203320802005011,0.5367022881277267
36,2025-10-18 13:30:00,random_forest,649,18,4,18,accuracy,667,5,20,20,20,20,,"{'model__max_depth': 5, 'model__min_samples_leaf': 3, 'model__n_estimators': 200}",0.5416666666666666,0.5082231164661505,0.5363641979031555
37,2025-10-18 16:30:00,random_forest,654,18,4,18,accuracy,672,1,20,20,20,20,,"{'model__max_depth': 5, 'model__min_samples_leaf': 3, 'model__n_estimators': 200}",0.5555555555555556,0.5503831930883014,0.556622084843834
38,2025-10-19 13:30:00,random_forest,655,18,4,18,accuracy,673,1,20,20,20,20,,"{'model__max_depth': 5, 'model__min_samples_leaf': 3, 'model__n_estimators': 200}",0.5694444444444444,0.5440452091767882,0.5687067562067563
39,2025-10-19 15:30:00,random_forest,656,18,4,18,accuracy,674,1,20,20,20,20,,"{'model__max_depth': 5, 'model__min_samples_leaf': 3, 'model__n_estimators': 200}",0.5694444444444444,0.5339209401709402,0.5730056980056981
40,2025-10-24 18:30:00,random_forest,657,18,4,18,accuracy,675,1,20,20,20,20,,"{'model__max_depth': 5, 'model__min_samples_leaf': 3, 'model__n_estimators': 200}",0.5555555555555556,0.5187991338726633,0.5501769200298612
41,2025-10-25 13:30:00,random_forest,658,18,4,18,accuracy,676,5,20,20,20,20,,"{'model__max_depth': 5, 'model__min_samples_leaf': 5, 'model__n_estimators': 200}",0.5555555555555556,0.5212418300653595,0.5567966075319016
42,2025-10-25 16:30:00,random_forest,663,18,4,18,accuracy,681,1,20,20,20,20,,"{'model__max_depth': 8, 'model__min_samples_leaf': 3, 'model__n_estimators': 200}",0.5555555555555556,0.4942412120043699,0.536787213760898
43,2025-10-26 13:30:00,random_forest,664,18,4,18,accuracy,682,1,20,20,20,20,,"{'model__max_depth': 8, 'model__min_samples_leaf': 3, 'model__n_estimators': 200}",0.5555555555555555,0.4966032870638134,0.5468637539361223
44,2025-10-26 15:30:00,random_forest,665,18,4,18,accuracy,683,1,20,20,20,20,,"{'model__max_depth': 8, 'model__min_samples_leaf': 3, 'model__n_estimators': 200}",0.5833333333333334,0.5102454870837224,0.5659112719161739
45,2025-10-31 19:30:00,random_forest,666,18,4,18,accuracy,684,1,20,20,20,20,,"{'model__max_depth': 8, 'model__min_samples_leaf': 3, 'model__n_estimators': 200}",0.5833333333333334,0.5580629474011827,0.5727555374001452
46,2025-11-01 14:30:00,random_forest,667,18,4,18,accuracy,685,5,20,20,20,20,,"{'model__max_depth': 8, 'model__min_samples_leaf': 3, 'model__n_estimators': 200}",0.5833333333333334,0.5318627450980391,0.5589869281045752
47,2025-11-01 17:30:00,random_forest,672,18,4,18,accuracy,690,1,20,20,20,20,,"{'model__max_depth': 8, 'model__min_samples_leaf': 5, 'model__n_estimators': 200}",0.5833333333333334,0.5289351851851851,0.5545910493827161
48,2025-11-02 14:30:00,random_forest,673,18,4,18,accuracy,691,1,20,20,20,20,,"{'model__max_depth': 5, 'model__min_samples_leaf': 3, 'model__n_estimators': 200}",0.5833333333333334,0.5482588683246579,0.5727533309770152
49,2025-11-02 16:30:00,random_forest,674,18,4,18,accuracy,692,1,20,20,20,20,,"{'model__max_depth': 5, 'model__min_samples_leaf': 3, 'model__n_estimators': 200}",0.5694444444444444,0.5288614163614164,0.5671525234025234
50,2025-11-07 19:30:00,random_forest,675,18,4,18,accuracy,693,1,20,20,20,20,,"{'model__max_depth': 8, 'model__min_samples_leaf': 3, 'model__n_estimators': 200}",0.6111111111111112,0.5474130036630037,0.5865852965117672
51,2025-11-08 14:30:00,random_forest,676,18,4,18,accuracy,694,4,20,20,20,20,,"{'model__max_depth': 8, 'model__min_samples_leaf': 3, 'model__n_estimators': 200}",0.5972222222222222,0.5438375350140057,0.5905578898225957
52,2025-11-08 17:30:00,random_forest,680,18,4,18,accuracy,698,1,20,20,20,20,,"{'model__max_depth': 8, 'model__min_samples_leaf': 3, 'model__n_estimators': 200}",0.5694444444444444,0.48773290549606335,0.5513316645992085
53,2025-11-09 14:30:00,random_forest,681,18,4,18,accuracy,699,1,20,20,20,20,,"{'model__max_depth': 8, 'model__min_samples_leaf': 3, 'model__n_estimators': 200}",0.5416666666666667,0.4619475252989184,0.5265388836596268
54,2025-11-09 16:30:00,random_forest,682,18,4,18,accuracy,700,1,20,20,20,20,,"{'model__max_depth': 8, 'model__min_samples_leaf': 3, 'model__n_estimators': 200}",0.5277777777777778,0.4577678169783433,0.5231992240215924
55,2025-11-09 18:30:00,random_forest,683,18,4,18,accuracy,701,1,20,20,20,20,,"{'model__max_depth': 8, 'model__min_samples_leaf': 3, 'model__n_estimators': 200}",0.5416666666666666,0.46098571907395436,0.5306167053716073
56,2025-11-21 19:30:00,random_forest,684,18,4,18,accuracy,702,1,20,20,20,20,,"{'model__max_depth': 8, 'model__min_samples_leaf': 3, 'model__n_estimators': 200}",0.5416666666666666,0.5059261952644305,0.5375436428132506
57,2025-11-22 14:30:00,random_forest,685,18,4,18,accuracy,703,5,20,20,20,20,,"{'model__max_depth': 8, 'model__min_samples_leaf': 3, 'model__n_estimators': 200}",0.5555555555555556,0.5154820261437908,0.5543436819172114
58,2025-11-22 17:30:00,random_forest,690,18,4,18,accuracy,708,1,20,20,20,20,,"{'model__max_depth': 8, 'model__min_samples_leaf': 5, 'model__n_estimators': 200}",0.5833333333333333,0.514564479638009,0.5587528280542986
59,2025-11-23 14:30:00,random_forest,691,18,4,18,accuracy,709,1,20,20,20,20,,"{'model__max_depth': 5, 'model__min_samples_leaf': 3, 'model__n_estimators': 200}",0.5555555555555556,0.5072866461024356,0.541619071717756
60,2025-11-23 16:30:00,random_forest,692,18,4,18,accuracy,710,1,20,20,20,20,,"{'model__max_depth': 8, 'model__min_samples_leaf': 5, 'model__n_estimators': 200}",0.5555555555555556,0.4844386607544502,0.5441270109033267
61,2025-11-28 19:30:00,random_forest,693,18,4,18,accuracy,711,1,20,20,20,20,,"{'model__max_depth': 8, 'model__min_samples_leaf': 3, 'model__n_estimators': 200}",0.5972222222222222,0.5119846656611363,0.5678547487371017
62,2025-11-29 14:30:00,random_forest,694,18,4,18,accuracy,712,4,20,20,20,20,,"{'model__max_depth': 8, 'model__min_samples_leaf': 3, 'model__n_estimators': 200}",0.5833333333333333,0.5087068160597572,0.5647136632430751
63,2025-11-29 17:30:00,random_forest,698,18,4,18,accuracy,716,1,20,20,20,20,,"{'model__max_depth': 8, 'model__min_samples_leaf': 3, 'model__n_estimators': 200}",0.6111111111111112,0.5481314981314982,0.6007657465990799
64,2025-11-30 14:30:00,random_forest,699,18,4,18,accuracy,717,1,20,20,20,20,,"{'model__max_depth': 8, 'model__min_samples_leaf': 3, 'model__n_estimators': 200}",0.5833333333333333,0.5223461179343531,0.5758576935047524
65,2025-11-30 16:30:00,random_forest,700,18,4,18,accuracy,718,1,20,20,20,20,,"{'model__max_depth': 8, 'model__min_samples_leaf': 3, 'model__n_estimators': 200}",0.5833333333333333,0.5293269230769231,0.5790114977614977
66,2025-11-30 18:30:00,random_forest,701,18,4,18,accuracy,719,1,20,20,20,20,,"{'model__max_depth': 8, 'model__min_samples_leaf': 3, 'model__n_estimators': 200}",0.5833333333333333,0.5196828090210444,0.5718424549306902
67,2025-12-05 19:30:00,random_forest,702,18,4,18,accuracy,720,1,20,20,20,20,,"{'model__max_depth': 8, 'model__min_samples_leaf': 3, 'model__n_estimators': 200}",0.5555555555555556,0.4958732852115205,0.5450392336421748
68,2025-12-06 14:30:00,random_forest,703,18,4,18,accuracy,721,5,20,20,20,20,,"{'model__max_depth': 8, 'model__min_samples_leaf': 3, 'model__n_estimators': 200}",0.5694444444444444,0.5089052287581699,0.5628199891067538
69,2025-12-06 17:30:00,random_forest,708,18,4,18,accuracy,726,1,20,20,20,20,,"{'model__max_depth': 8, 'model__min_samples_leaf': 5, 'model__n_estimators': 200}",0.5277777777777778,0.46099305106658045,0.503197272498743
70,2025-12-07 14:30:00,random_forest,709,18,4,18,accuracy,727,1,20,20,20,20,,"{'model__max_depth': 5, 'model__min_samples_leaf': 3, 'model__n_estimators': 200}",0.5416666666666667,0.4879578754578755,0.5289822446072445
71,2025-12-07 16:30:00,random_forest,710,18,4,18,accuracy,728,1,20,20,20,20,,"{'model__max_depth': 8, 'model__min_samples_leaf': 5, 'model__n_estimators': 200}",0.5277777777777778,0.4623931623931624,0.5145731583231583
72,2025-12-12 19:30:00,random_forest,711,18,4,18,accuracy,729,1,20,20,20,20,,"{'model__max_depth': 8, 'model__min_samples_leaf': 3, 'model__n_estimators': 200}",0.5416666666666667,0.4596037132801839,0.5216907275730805
73,2025-12-13 14:30:00,random_forest,712,18,4,18,accuracy,730,4,20,20,20,20,,"{'model__max_depth': 8, 'model__min_samples_leaf': 3, 'model__n_estimators': 200}",0.5277777777777777,0.45982726423902903,0.5120059134765017
74,2025-12-13 17:30:00,random_forest,716,18,4,18,accuracy,734,1,20,20,20,20,,"{'model__max_depth': 8, 'model__min_samples_leaf': 3, 'model__n_estimators': 200}",0.5277777777777778,0.46920903170903167,0.5190171711005045
75,2025-12-14 14:30:00,random_forest,717,18,4,18,accuracy,735,1,20,20,20,20,,"{'model__max_depth': 8, 'model__min_samples_leaf': 3, 'model__n_estimators': 200}",0.5277777777777778,0.47205613014436537,0.5275518326988915
76,2025-12-14 16:30:00,random_forest,718,18,4,18,accuracy,736,1,20,20,20,20,,"{'model__max_depth': 8, 'model__min_samples_leaf': 3, 'model__n_estimators': 200}",0.513888888888889,0.45976222851222853,0.5134751822251822
77,2025-12-14 18:30:00,random_forest,719,18,4,18,accuracy,737,1,20,20,20,20,,"{'model__max_depth': 8, 'model__min_samples_leaf': 3, 'model__n_estimators': 200}",0.513888888888889,0.4594435112817466,0.5093153986536338
78,2025-12-19 19:30:00,random_forest,720,18,4,18,accuracy,738,1,20,20,20,20,,"{'model__max_depth': 8, 'model__min_samples_leaf': 3, 'model__n_estimators': 200}",0.5138888888888888,0.4615523773612009,0.5100593442505208
79,2025-12-20 14:30:00,random_forest,721,18,4,18,accuracy,739,5,20,20,20,20,,"{'model__max_depth': 8, 'model__min_samples_leaf': 3, 'model__n_estimators': 200}",0.5555555555555556,0.495016339869281,0.5614311002178649
80,2025-12-20 17:30:00,random_forest,726,18,4,18,accuracy,744,1,20,20,20,20,,"{'model__max_depth': 8, 'model__min_samples_leaf': 5, 'model__n_estimators': 200}",0.5,0.426481266554796,0.48327583591063983
81,2025-12-21 14:30:00,random_forest,727,18,4,18,accuracy,745,1,20,20,20,20,,"{'model__max_depth': 5, 'model__min_samples_leaf': 3, 'model__n_estimators': 200}",0.4861111111111111,0.427714183964184,0.47536036494369827
82,2025-12-21 16:30:00,random_forest,728,18,4,18,accuracy,746,1,20,20,20,20,,"{'model__max_depth': 8, 'model__min_samples_leaf': 5, 'model__n_estimators': 200}",0.5138888888888888,0.44537037037037036,0.49990079365079365
83,2026-01-09 19:30:00,random_forest,729,18,4,18,accuracy,747,1,20,20,20,20,,"{'model__max_depth': 5, 'model__min_samples_leaf': 3, 'model__n_estimators': 200}",0.5,0.43750000000000006,0.4952380952380952
84,2026-01-10 14:30:00,random_forest,730,18,4,18,accuracy,748,3,20,20,20,20,,"{'model__max_depth': 8, 'model__min_samples_leaf': 5, 'model__n_estimators': 200}",0.5138888888888888,0.4667950513538749,0.493996394854238
85,2026-01-10 17:30:00,random_forest,733,18,4,18,accuracy,751,1,20,20,20,20,,"{'model__max_depth': 5, 'model__min_samples_leaf': 5, 'model__n_estimators': 200}",0.4722222222222222,0.42555728585140346,0.46930826526414754
86,2026-01-11 14:30:00,random_forest,734,18,4,18,accuracy,752,1,20,20,20,20,,"{'model__max_depth': 5, 'model__min_samples_leaf': 5, 'model__n_estimators': 200}",0.4722222222222222,0.4453416953416953,0.48056072014405343
87,2026-01-11 16:30:00,random_forest,735,18,4,18,accuracy,753,1,20,20,20,20,,"{'model__max_depth': 5, 'model__min_samples_leaf': 5, 'model__n_estimators': 200}",0.4583333333333333,0.41175827096879725,0.4655287938182675
88,2026-01-13 17:30:00,random_forest,736,18,4,18,accuracy,754,1,20,20,20,20,,"{'model__max_depth': 5, 'model__min_samples_leaf': 3, 'model__n_estimators': 200}",0.4583333333333333,0.42145585895585896,0.4667863001196334
89,2026-01-13 19:30:00,random_forest,737,18,4,18,accuracy,755,2,20,20,20,20,,"{'model__max_depth': 5, 'model__min_samples_leaf': 5, 'model__n_estimators': 200}",0.4583333333333333,0.4262533762533762,0.4638185888185888
90,2026-01-14 17:30:00,random_forest,739,18,4,18,accuracy,757,1,20,20,20,20,,"{'model__max_depth': 8, 'model__min_samples_leaf': 5, 'model__n_estimators': 200}",0.4583333333333333,0.42206057831057836,0.47615497927997924
91,2026-01-14 19:30:00,random_forest,740,18,4,18,accuracy,758,3,20,20,20,20,,"{'model__max_depth': 8, 'model__min_samples_leaf': 3, 'model__n_estimators': 200}",0.4583333333333333,0.4118847340596566,0.4753661920199588
92,2026-01-15 19:30:00,random_forest,743,18,4,18,accuracy,761,1,20,20,20,20,,"{'model__max_depth': 5, 'model__min_samples_leaf': 3, 'model__n_estimators': 200}",0.4722222222222222,0.43183551198257075,0.4837599854756718
93,2026-01-16 19:30:00,random_forest,744,18,4,18,accuracy,762,1,20,20,20,20,,"{'model__max_depth': 5, 'model__min_samples_leaf': 3, 'model__n_estimators': 200}",0.4722222222222222,0.43238207870560813,0.47443232602546337
94,2026-01-17 14:30:00,random_forest,745,18,4,18,accuracy,763,5,20,20,20,20,,"{'model__max_depth': 5, 'model__min_samples_leaf': 3, 'model__n_estimators': 200}",0.4583333333333333,0.42457264957264956,0.4576685660018993
95,2026-01-17 17:30:00,random_forest,750,18,4,18,accuracy,768,1,20,20,20,20,,"{'model__max_depth': 8, 'model__min_samples_leaf': 3, 'model__n_estimators': 200}",0.4861111111111111,0.433399647737883,0.47475578615284497
96,2026-01-18 14:30:00,random_forest,751,18,4,18,accuracy,769,1,20,20,20,20,,"{'model__max_depth': 5, 'model__min_samples_leaf': 5, 'model__n_estimators': 200}",0.4861111111111111,0.44618444134698004,0.48525268471733896
97,2026-01-18 16:30:00,random_forest,752,18,4,18,accuracy,770,1,20,20,20,20,,"{'model__max_depth': 5, 'model__min_samples_leaf': 5, 'model__n_estimators': 200}",0.5,0.4668243793243793,0.49933777642110977
98,2026-01-23 19:30:00,random_forest,753,18,4,18,accuracy,771,1,20,20,20,20,,"{'model__max_depth': 5, 'model__min_samples_leaf': 5, 'model__n_estimators': 200}",0.4861111111111111,0.44676539347591976,0.4871218612446683
99,2026-01-24 14:30:00,random_forest,754,18,4,18,accuracy,772,5,20,20,20,20,,"{'model__max_depth': 5, 'model__min_samples_leaf': 5, 'model__n_estimators': 200}",0.4861111111111111,0.45494782994782995,0.48514564139564137
100,2026-01-24 17:30:00,random_forest,759,18,4,18,accuracy,777,1,20,20,20,20,,"{'model__max_depth': 5, 'model__min_samples_leaf': 3, 'model__n_estimators': 200}",0.4861111111111111,0.45376654935478467,0.4825997350507155
101,2026-01-25 14:30:00,random_forest,760,18,4,18,accuracy,778,1,20,20,20,20,,"{'model__max_depth': 5, 'model__min_samples_leaf': 3, 'model__n_estimators': 200}",0.5,0.4670663214780862,0.49850453649473253
102,2026-01-25 16:30:00,random_forest,761,18,4,18,accuracy,779,1,20,20,20,20,,"{'model__max_depth': 5, 'model__min_samples_leaf': 3, 'model__n_estimators': 200}",0.5,0.47257625272331155,0.4969226579520697
103,2026-01-27 19:30:00,random_forest,762,18,4,18,accuracy,780,2,20,20,20,20,,"{'model__max_depth': 5, 'model__min_samples_leaf': 3, 'model__n_estimators': 200}",0.4861111111111111,0.4609573297073298,0.4813886730553397
104,2026-01-30 19:30:00,random_forest,764,18,4,18,accuracy,782,1,20,20,20,20,,"{'model__max_depth': 5, 'model__min_samples_leaf': 3, 'model__n_estimators': 200}",0.4722222222222222,0.44371548930372456,0.4684402652539908
105,2026-01-31 14:30:00,random_forest,765,18,4,18,accuracy,783,5,20,20,20,20,,"{'model__max_depth': 5, 'model__min_samples_leaf': 3, 'model__n_estimators': 200}",0.4583333333333333,0.42467532467532465,0.4612153278819945
106,2026-01-31 17:30:00,random_forest,770,18,4,18,accuracy,788,1,20,20,20,20,,"{'model__max_depth': 5, 'model__min_samples_leaf': 5, 'model__n_estimators': 200}",0.4722222222222222,0.44528920153920154,0.4742243867243867
107,2026-02-01 14:30:00,random_forest,771,18,4,18,accuracy,789,1,20,20,20,20,,"{'model__max_depth': 5, 'model__min_samples_leaf': 5, 'model__n_estimators': 200}",0.47222222222222227,0.43428522658398816,0.4744082676487217
108,2026-02-01 16:30:00,random_forest,772,18,4,18,accuracy,790,1,20,20,20,20,,"{'model__max_depth': 5, 'model__min_samples_leaf': 5, 'model__n_estimators': 200}",0.4861111111111111,0.4546425796425796,0.49074189699189696
109,2026-02-06 19:30:00,random_forest,773,18,4,18,accuracy,791,1,20,20,20,20,,"{'model__max_depth': 5, 'model__min_samples_leaf': 5, 'model__n_estimators': 200}",0.4861111111111111,0.4604321604321604,0.4942225983892651
110,2026-02-07 14:30:00,random_forest,774,18,4,18,accuracy,792,5,20,20,20,20,,"{'model__max_depth': 8, 'model__min_samples_leaf': 5, 'model__n_estimators': 200}",0.5138888888888888,0.48587477337477336,0.5121007079340413
111,2026-02-07 17:30:00,random_forest,779,18,4,18,accuracy,797,1,20,20,20,20,,"{'model__max_depth': 5, 'model__min_samples_leaf': 3, 'model__n_estimators': 200}",0.4861111111111111,0.4614797103767692,0.48396050436491617
112,2026-02-08 14:30:00,random_forest,780,18,4,18,accuracy,798,1,20,20,20,20,,"{'model__max_depth': 5, 'model__min_samples_leaf': 3, 'model__n_estimators': 200}",0.4861111111111111,0.45963642838642843,0.4814275230941898
113,2026-02-08 16:30:00,random_forest,781,18,4,18,accuracy,799,1,20,20,20,20,,"{'model__max_depth': 5, 'model__min_samples_leaf': 3, 'model__n_estimators': 200}",0.4861111111111111,0.4616913179413179,0.4808271204104538
114,2026-02-13 19:30:00,random_forest,782,18,4,18,accuracy,800,1,20,20,20,20,,"{'model__max_depth': 5, 'model__min_samples_leaf': 3, 'model__n_estimators': 200}",0.5,0.4695091400973753,0.49787148218520766
115,2026-02-14 14:30:00,random_forest,783,18,4,18,accuracy,801,5,20,20,20,20,,"{'model__max_depth': 5, 'model__min_samples_leaf': 3, 'model__n_estimators': 200}",0.5,0.4644901394901395,0.5016474266474266
116,2026-02-14 17:30:00,random_forest,788,18,4,18,accuracy,806,1,20,20,20,20,,"{'model__max_depth': 5, 'model__min_samples_leaf': 5, 'model__n_estimators': 200}",0.5416666666666667,0.5001444769827122,0.5476759895877542
117,2026-02-15 14:30:00,random_forest,789,18,4,18,accuracy,807,1,20,20,20,20,,"{'model__max_depth': 5, 'model__min_samples_leaf': 5, 'model__n_estimators': 200}",0.5416666666666666,0.48556114364937897,0.5499000273510077
118,2026-02-15 16:30:00,random_forest,790,18,4,18,accuracy,808,1,20,20,20,20,,"{'model__max_depth': 5, 'model__min_samples_leaf': 5, 'model__n_estimators': 200}",0.5416666666666667,0.48243238243238246,0.5466822529322529
119,2026-02-20 19:30:00,random_forest,791,18,4,18,accuracy,809,1,20,20,20,20,,"{'model__max_depth': 5, 'model__min_samples_leaf': 3, 'model__n_estimators': 200}",0.5138888888888888,0.46066747007149483,0.5060363171495783
120,2026-02-21 14:30:00,random_forest,792,18,4,18,accuracy,810,4,20,20,20,20,,"{'model__max_depth': 8, 'model__min_samples_leaf': 5, 'model__n_estimators': 200}",0.5277777777777778,0.47597073978652926,0.5184447375236849
121,2026-02-21 17:30:00,random_forest,796,18,4,18,accuracy,814,1,20,20,20,20,,"{'model__max_depth': 8, 'model__min_samples_leaf': 5, 'model__n_estimators': 200}",0.5138888888888888,0.4579236552920763,0.4843752008225692
122,2026-02-22 14:30:00,random_forest,797,18,4,18,accuracy,815,1,20,20,20,20,,"{'model__max_depth': 5, 'model__min_samples_leaf': 3, 'model__n_estimators': 200}",0.5,0.4669435333328522,0.4847335426250545
123,2026-02-22 16:30:00,random_forest,798,18,4,18,accuracy,816,1,20,20,20,20,,"{'model__max_depth': 5, 'model__min_samples_leaf': 3, 'model__n_estimators': 200}",0.4861111111111111,0.4503982128982129,0.48016840412673745
124,2026-02-22 18:30:00,random_forest,799,18,4,18,accuracy,817,1,20,20,20,20,,"{'model__max_depth': 5, 'model__min_samples_leaf': 3, 'model__n_estimators': 200}",0.4861111111111111,0.43940295815295816,0.485170153920154
125,2026-02-27 19:30:00,random_forest,800,18,4,18,accuracy,818,1,20,20,20,20,,"{'model__max_depth': 5, 'model__min_samples_leaf': 3, 'model__n_estimators': 200}",0.4722222222222222,0.4248392631906564,0.47194504507456003
126,2026-02-28 14:30:00,random_forest,801,18,4,18,accuracy,819,4,20,20,20,20,,"{'model__max_depth': 5, 'model__min_samples_leaf': 3, 'model__n_estimators': 200}",0.45833333333333337,0.4093314093314093,0.465007215007215
127,2026-02-28 17:30:00,random_forest,805,18,4,18,accuracy,823,1,20,20,20,20,,"{'model__max_depth': 5, 'model__min_samples_leaf': 3, 'model__n_estimators': 200}",0.4444444444444445,0.3908078462645026,0.4472470447509147
128,2026-03-01 14:30:00,random_forest,806,18,4,18,accuracy,824,1,20,20,20,20,,"{'model__max_depth': 5, 'model__min_samples_leaf': 5, 'model__n_estimators': 200}",0.47222222222222227,0.4264010907393261,0.4780662012279659
129,2026-03-01 16:30:00,random_forest,807,18,4,18,accuracy,825,1,20,20,20,20,,"{'model__max_depth': 8, 'model__min_samples_leaf': 5, 'model__n_estimators': 200}",0.48611111111111116,0.40433926095690803,0.48267337237925473
130,2026-03-01 18:30:00,random_forest,808,18,4,18,accuracy,826,1,20,20,20,20,,"{'model__max_depth': 5, 'model__min_samples_leaf': 5, 'model__n_estimators': 200}",0.47222222222222227,0.4105713730713731,0.4764195680862347
131,2026-03-04 19:30:00,random_forest,809,18,4,18,accuracy,827,1,20,20,20,20,,"{'model__max_depth': 5, 'model__min_samples_leaf': 3, 'model__n_estimators': 200}",0.45833333333333337,0.3997006591046839,0.449783310896572
132,2026-03-06 19:30:00,random_forest,810,18,4,18,accuracy,828,1,20,20,20,20,,"{'model__max_depth': 5, 'model__min_samples_leaf': 5, 'model__n_estimators': 200}",0.45833333333333337,0.4119958744958745,0.4529593862927196
133,2026-03-07 14:30:00,random_forest,811,18,4,18,accuracy,829,5,20,20,20,20,,"{'model__max_depth': 5, 'model__min_samples_leaf': 5, 'model__n_estimators': 200}",0.48611111111111116,0.4293077293077293,0.4717210258876925
134,2026-03-07 17:30:00,random_forest,816,18,4,18,accuracy,834,1,20,20,20,20,,"{'model__max_depth': 5, 'model__min_samples_leaf': 3, 'model__n_estimators': 200}",0.4583333333333333,0.4138807951307951,0.44782601657601656
135,2026-03-08 14:30:00,random_forest,817,18,4,18,accuracy,835,1,20,20,20,20,,"{'model__max_depth': 5, 'model__min_samples_leaf': 5, 'model__n_estimators': 200}",0.4861111111111111,0.43477332852332856,0.48131212922879596
136,2026-03-08 16:30:00,random_forest,818,18,4,18,accuracy,836,1,20,20,20,20,,"{'model__max_depth': 5, 'model__min_samples_leaf': 3, 'model__n_estimators': 200}",0.4583333333333333,0.40606203007518793,0.4508734219808781
137,2026-03-13 19:30:00,random_forest,819,18,4,18,accuracy,837,1,20,20,20,20,,"{'model__max_depth': 8, 'model__min_samples_leaf': 5, 'model__n_estimators': 200}",0.4722222222222222,0.40606503632819424,0.4542133690708252
138,2026-03-14 14:30:00,random_forest,820,18,4,18,accuracy,838,4,20,20,20,20,,"{'model__max_depth': 8, 'model__min_samples_leaf': 5, 'model__n_estimators': 200}",0.45833333333333337,0.4016987097869451,0.45185311919380544
139,2026-03-14 17:30:00,random_forest,824,18,4,18,accuracy,842,1,20,20,20,20,,"{'model__max_depth': 5, 'model__min_samples_leaf': 3, 'model__n_estimators': 200}",0.4305555555555556,0.3885854341736694,0.43009842826019296
140,2026-03-15 14:30:00,random_forest,825,18,4,18,accuracy,843,1,20,20,20,20,,"{'model__max_depth': 5, 'model__min_samples_leaf': 5, 'model__n_estimators': 200}",0.45833333333333337,0.41856378915202447,0.46479200265964965
141,2026-03-15 16:30:00,random_forest,826,18,4,18,accuracy,844,1,20,20,20,20,,"{'model__max_depth': 5, 'model__min_samples_leaf': 5, 'model__n_estimators': 200}",0.45833333333333337,0.40977170977170974,0.4646841584341584
142,2026-03-15 18:30:00,random_forest,827,18,4,18,accuracy,845,1,20,20,20,20,,"{'model__max_depth': 8, 'model__min_samples_leaf': 3, 'model__n_estimators': 200}",0.4583333333333333,0.4193357081514977,0.45545749328644064
143,2026-03-20 19:30:00,random_forest,828,18,4,18,accuracy,846,1,20,20,20,20,,"{'model__max_depth': 5, 'model__min_samples_leaf': 3, 'model__n_estimators': 200}",0.4305555555555555,0.4026265401265401,0.43214601756268417
144,2026-03-21 14:30:00,random_forest,829,18,4,18,accuracy,847,4,20,20,20,20,,"{'model__max_depth': 8, 'model__min_samples_leaf': 5, 'model__n_estimators': 200}",0.47222222222222227,0.415491452991453,0.46046499796499796
145,2026-03-21 17:30:00,random_forest,833,18,4,18,accuracy,851,1,20,20,20,20,,"{'model__max_depth': 8, 'model__min_samples_leaf': 3, 'model__n_estimators': 200}",0.4305555555555555,0.3810226323384218,0.42334940887572464
146,2026-03-22 14:30:00,random_forest,834,18,4,18,accuracy,852,1,20,20,20,20,,"{'model__max_depth': 8, 'model__min_samples_leaf': 3, 'model__n_estimators': 200}",0.4444444444444444,0.38758579383579383,0.4343839031339031
147,2026-03-22 16:30:00,random_forest,835,18,4,18,accuracy,853,1,20,20,20,20,,"{'model__max_depth': 5, 'model__min_samples_leaf': 5, 'model__n_estimators': 200}",0.4583333333333333,0.4087962962962963,0.469620811287478
148,2026-03-22 18:30:00,random_forest,836,18,4,18,accuracy,854,1,20,20,20,20,,"{'model__max_depth': 8, 'model__min_samples_leaf': 3, 'model__n_estimators': 200}",0.4444444444444444,0.369913596751832,0.436207045949693
149,2026-04-04 13:30:00,random_forest,837,18,4,18,accuracy,855,6,20,20,20,20,,"{'model__max_depth': 8, 'model__min_samples_leaf': 5, 'model__n_estimators': 200}",0.4583333333333333,0.39880493531809325,0.4556864330438892
150,2026-04-04 16:30:00,random_forest,843,18,4,18,accuracy,861,1,20,20,20,20,,"{'model__max_depth': 8, 'model__min_samples_leaf': 5, 'model__n_estimators': 200}",0.4861111111111111,0.4119450810627282,0.47076861047449287
151,2026-04-05 13:30:00,random_forest,844,18,4,18,accuracy,862,1,20,20,20,20,,"{'model__max_depth': 8, 'model__min_samples_leaf': 3, 'model__n_estimators': 200}",0.47222222222222227,0.40347682002093765,0.4519474330136095
152,2026-04-05 15:30:00,random_forest,845,18,4,18,accuracy,863,1,20,20,20,20,,"{'model__max_depth': 8, 'model__min_samples_leaf': 3, 'model__n_estimators': 200}",0.47222222222222227,0.43055365686944636,0.4571694387483861
153,2026-04-10 18:30:00,random_forest,846,18,4,18,accuracy,864,1,20,20,20,20,,"{'model__max_depth': 5, 'model__min_samples_leaf': 3, 'model__n_estimators': 200}",0.45833333333333337,0.4389675139675139,0.4598131806465139
154,2026-04-11 13:30:00,random_forest,847,18,4,18,accuracy,865,4,20,20,20,20,,"{'model__max_depth': 5, 'model__min_samples_leaf': 5, 'model__n_estimators': 200}",0.45833333333333337,0.4262376512376512,0.4529021904021903
155,2026-04-11 16:30:00,random_forest,851,18,4,18,accuracy,869,1,20,20,20,20,,"{'model__max_depth': 5, 'model__min_samples_leaf': 5, 'model__n_estimators': 200}",0.45833333333333326,0.4313047576205471,0.45329723882355455
156,2026-04-12 13:30:00,random_forest,852,18,4,18,accuracy,870,1,20,20,20,20,,"{'model__max_depth': 5, 'model__min_samples_leaf': 3, 'model__n_estimators': 200}",0.4583333333333333,0.4263700351935646,0.463237388972683
157,2026-04-12 15:30:00,random_forest,853,18,4,18,accuracy,871,1,20,20,20,20,,"{'model__max_depth': 5, 'model__min_samples_leaf': 5, 'model__n_estimators': 200}",0.4583333333333333,0.4131613756613757,0.4727513227513228
158,2026-04-12 17:30:00,random_forest,854,18,4,18,accuracy,872,1,20,20,20,20,,"{'model__max_depth': 5, 'model__min_samples_leaf': 3, 'model__n_estimators': 200}",0.4444444444444444,0.4054965008331881,0.45687844183393717
159,2026-04-17 18:30:00,random_forest,855,18,4,18,accuracy,873,1,20,20,20,20,,"{'model__max_depth': 5, 'model__min_samples_leaf': 5, 'model__n_estimators': 200}",0.4444444444444445,0.42473845598845605,0.4616953262786596
160,2026-04-18 13:30:00,random_forest,856,18,4,18,accuracy,874,4,20,20,20,20,,"{'model__max_depth': 5, 'model__min_samples_leaf': 3, 'model__n_estimators': 200}",0.41666666666666663,0.3841453753218459,0.43167789001122336
161,2026-04-18 16:30:00,random_forest,860,18,4,18,accuracy,878,1,20,20,20,20,,"{'model__max_depth': 8, 'model__min_samples_leaf': 3, 'model__n_estimators': 200}",0.41666666666666663,0.40087340491752255,0.414267558875402
162,2026-04-19 13:30:00,random_forest,861,18,4,18,accuracy,879,1,20,20,20,20,,"{'model__max_depth': 5, 'model__min_samples_leaf': 3, 'model__n_estimators': 200}",0.4027777777777778,0.40062830687830686,0.4017085537918871
163,2026-04-19 15:30:00,random_forest,862,18,4,18,accuracy,880,1,20,20,20,20,,"{'model__max_depth': 8, 'model__min_samples_leaf': 3, 'model__n_estimators': 200}",0.41666666666666663,0.3824450739891916,0.3946723007384772
164,2026-04-19 17:30:00,random_forest,863,18,4,18,accuracy,881,1,20,20,20,20,,"{'model__max_depth': 8, 'model__min_samples_leaf': 3, 'model__n_estimators': 200}",0.4305555555555556,0.3973665223665224,0.4180856180856181
1,2025-08-22 18:30:00,hist_gradient_boosting,594,18,4,18,accuracy,612,1,20,20,20,20,,"{'model__learning_rate': 0.05, 'model__max_depth': 3, 'model__max_leaf_nodes': 15, 'model__min_samples_leaf': 20}",0.4444444444444444,0.39227392977392983,0.4315796857463524
2,2025-08-23 13:30:00,hist_gradient_boosting,595,18,4,18,accuracy,613,5,20,20,20,20,,"{'model__learning_rate': 0.05, 'model__max_depth': 3, 'model__max_leaf_nodes': 15, 'model__min_samples_leaf': 20}",0.4305555555555555,0.3577052032934386,0.39003197238491355
3,2025-08-23 16:30:00,hist_gradient_boosting,600,18,4,18,accuracy,618,1,20,20,20,20,,"{'model__learning_rate': 0.1, 'model__max_depth': 3, 'model__max_leaf_nodes': 15, 'model__min_samples_leaf': 20}",0.4444444444444444,0.40548381357204893,0.4339081397904927
4,2025-08-24 13:30:00,hist_gradient_boosting,601,18,4,18,accuracy,619,1,20,20,20,20,,"{'model__learning_rate': 0.05, 'model__max_depth': 3, 'model__max_leaf_nodes': 15, 'model__min_samples_leaf': 20}",0.41666666666666663,0.3323167573167573,0.38007316757316756
5,2025-08-24 15:30:00,hist_gradient_boosting,602,18,4,18,accuracy,620,1,20,20,20,20,,"{'model__learning_rate': 0.1, 'model__max_depth': 3, 'model__max_leaf_nodes': 15, 'model__min_samples_leaf': 20}",0.4305555555555555,0.3586008762479351,0.4196189159424454
6,2025-08-29 18:30:00,hist_gradient_boosting,603,18,4,18,accuracy,621,1,20,20,20,20,,"{'model__learning_rate': 0.1, 'model__max_depth': 3, 'model__max_leaf_nodes': 15, 'model__min_samples_leaf': 20}",0.4305555555555555,0.39799338733162254,0.42754216779952076
7,2025-08-30 13:30:00,hist_gradient_boosting,604,18,4,18,accuracy,622,4,20,20,20,20,,"{'model__learning_rate': 0.05, 'model__max_depth': 3, 'model__max_leaf_nodes': 15, 'model__min_samples_leaf': 20}",0.41666666666666663,0.36067313677607793,0.3852859127981677
8,2025-08-30 16:30:00,hist_gradient_boosting,608,18,4,18,accuracy,626,1,20,20,20,20,,"{'model__learning_rate': 0.1, 'model__max_depth': 3, 'model__max_leaf_nodes': 15, 'model__min_samples_leaf': 20}",0.41666666666666663,0.38307063307063305,0.4008846092179425
9,2025-08-31 13:30:00,hist_gradient_boosting,609,18,4,18,accuracy,627,1,20,20,20,20,,"{'model__learning_rate': 0.05, 'model__max_depth': 3, 'model__max_leaf_nodes': 15, 'model__min_samples_leaf': 20}",0.38888888888888884,0.3630748880748881,0.36343949260615926
10,2025-08-31 15:30:00,hist_gradient_boosting,610,18,4,18,accuracy,628,1,20,20,20,20,,"{'model__learning_rate': 0.1, 'model__max_depth': 3, 'model__max_leaf_nodes': 15, 'model__min_samples_leaf': 20}",0.3888888888888889,0.35947293447293444,0.3603191561524895
11,2025-08-31 17:30:00,hist_gradient_boosting,611,18,4,18,accuracy,629,1,20,20,20,20,,"{'model__learning_rate': 0.1, 'model__max_depth': 3, 'model__max_leaf_nodes': 15, 'model__min_samples_leaf': 20}",0.4305555555555555,0.38921274803627737,0.39905845788198724
12,2025-09-12 18:30:00,hist_gradient_boosting,612,18,4,18,accuracy,630,1,20,20,20,20,,"{'model__learning_rate': 0.05, 'model__max_depth': 3, 'model__max_leaf_nodes': 15, 'model__min_samples_leaf': 20}",0.40277777777777773,0.37552077552077556,0.3849510057843391
13,2025-09-13 13:30:00,hist_gradient_boosting,613,18,4,18,accuracy,631,5,20,20,20,20,,"{'model__learning_rate': 0.1, 'model__max_depth': 3, 'model__max_leaf_nodes': 15, 'model__min_samples_leaf': 20}",0.40277777777777773,0.36666666666666664,0.38062169312169314
14,2025-09-13 16:30:00,hist_gradient_boosting,618,18,4,18,accuracy,636,1,20,20,20,20,,"{'model__learning_rate': 0.1, 'model__max_depth': 3, 'model__max_leaf_nodes': 15, 'model__min_samples_leaf': 20}",0.4305555555555555,0.393485680985681,0.4126040626040626
15,2025-09-14 13:30:00,hist_gradient_boosting,619,18,4,18,accuracy,637,1,20,20,20,20,,"{'model__learning_rate': 0.1, 'model__max_depth': 3, 'model__max_leaf_nodes': 15, 'model__min_samples_leaf': 20}",0.4444444444444445,0.39348544973544974,0.4308476631393299
16,2025-09-14 15:30:00,hist_gradient_boosting,620,18,4,18,accuracy,638,1,20,20,20,20,,"{'model__learning_rate': 0.1, 'model__max_depth': 3, 'model__max_leaf_nodes': 15, 'model__min_samples_leaf': 20}",0.4444444444444445,0.39461861667744025,0.4395846800258565
17,2025-09-19 18:30:00,hist_gradient_boosting,621,18,4,18,accuracy,639,1,20,20,20,20,,"{'model__learning_rate': 0.1, 'model__max_depth': 3, 'model__max_leaf_nodes': 15, 'model__min_samples_leaf': 20}",0.4583333333333333,0.4325171968554321,0.45140226739491446
18,2025-09-20 13:30:00,hist_gradient_boosting,622,18,4,18,accuracy,640,4,20,20,20,20,,"{'model__learning_rate': 0.1, 'model__max_depth': 3, 'model__max_leaf_nodes': 15, 'model__min_samples_leaf': 20}",0.4166666666666667,0.38948435823435823,0.40601624455791124
19,2025-09-20 16:30:00,hist_gradient_boosting,626,18,4,18,accuracy,644,1,20,20,20,20,,"{'model__learning_rate': 0.1, 'model__max_depth': 3, 'model__max_leaf_nodes': 15, 'model__min_samples_leaf': 20}",0.4305555555555555,0.35741688866688864,0.40564990564990566
20,2025-09-21 13:30:00,hist_gradient_boosting,627,18,4,18,accuracy,645,1,20,20,20,20,,"{'model__learning_rate': 0.05, 'model__max_depth': 3, 'model__max_leaf_nodes': 15, 'model__min_samples_leaf': 20}",0.40277777777777773,0.36082621082621086,0.3881969881969882
21,2025-09-21 15:30:00,hist_gradient_boosting,628,18,4,18,accuracy,646,1,20,20,20,20,,"{'model__learning_rate': 0.1, 'model__max_depth': 3, 'model__max_leaf_nodes': 15, 'model__min_samples_leaf': 20}",0.41666666666666663,0.3648022456845986,0.4096404231208153
22,2025-09-21 17:30:00,hist_gradient_boosting,629,18,4,18,accuracy,647,1,20,20,20,20,,"{'model__learning_rate': 0.1, 'model__max_depth': 3, 'model__max_leaf_nodes': 15, 'model__min_samples_leaf': 20}",0.4444444444444444,0.387757721581251,0.42383799932819544
23,2025-09-26 18:30:00,hist_gradient_boosting,630,18,4,18,accuracy,648,1,20,20,20,20,,"{'model__learning_rate': 0.1, 'model__max_depth': 3, 'model__max_leaf_nodes': 15, 'model__min_samples_leaf': 20}",0.4444444444444444,0.42844214608920494,0.4353339198927434
24,2025-09-27 13:30:00,hist_gradient_boosting,631,18,4,18,accuracy,649,4,20,20,20,20,,"{'model__learning_rate': 0.1, 'model__max_depth': 3, 'model__max_leaf_nodes': 15, 'model__min_samples_leaf': 20}",0.4444444444444444,0.3854575163398693,0.4334539371304077
25,2025-09-27 16:30:00,hist_gradient_boosting,635,18,4,18,accuracy,653,1,20,20,20,20,,"{'model__learning_rate': 0.1, 'model__max_depth': 3, 'model__max_leaf_nodes': 15, 'model__min_samples_leaf': 20}",0.4444444444444445,0.3813677607795255,0.42600104144221795
26,2025-09-28 13:30:00,hist_gradient_boosting,636,18,4,18,accuracy,654,1,20,20,20,20,,"{'model__learning_rate': 0.1, 'model__max_depth': 3, 'model__max_leaf_nodes': 15, 'model__min_samples_leaf': 20}",0.4583333333333333,0.43775206275206274,0.4395390103723438
27,2025-09-28 15:30:00,hist_gradient_boosting,637,18,4,18,accuracy,655,1,20,20,20,20,,"{'model__learning_rate': 0.05, 'model__max_depth': 3, 'model__max_leaf_nodes': 15, 'model__min_samples_leaf': 20}",0.4444444444444445,0.42181001188354134,0.4300956872648049
28,2025-09-28 17:30:00,hist_gradient_boosting,638,18,4,18,accuracy,656,1,20,20,20,20,,"{'model__learning_rate': 0.1, 'model__max_depth': 3, 'model__max_leaf_nodes': 15, 'model__min_samples_leaf': 20}",0.4305555555555555,0.36109943977591036,0.4199229691876751
29,2025-10-03 18:30:00,hist_gradient_boosting,639,18,4,18,accuracy,657,1,20,20,20,20,,"{'model__learning_rate': 0.1, 'model__max_depth': 3, 'model__max_leaf_nodes': 15, 'model__min_samples_leaf': 20}",0.45833333333333337,0.4330028223410576,0.4450243860170331
30,2025-10-04 13:30:00,hist_gradient_boosting,640,18,4,18,accuracy,658,4,20,20,20,20,,"{'model__learning_rate': 0.05, 'model__max_depth': 3, 'model__max_leaf_nodes': 15, 'model__min_samples_leaf': 20}",0.4444444444444445,0.4209558823529411,0.43474264705882354
31,2025-10-04 16:30:00,hist_gradient_boosting,644,18,4,18,accuracy,662,1,20,20,20,20,,"{'model__learning_rate': 0.05, 'model__max_depth': 3, 'model__max_leaf_nodes': 15, 'model__min_samples_leaf': 20}",0.41666666666666663,0.34571658847974635,0.3878200219208991
32,2025-10-05 13:30:00,hist_gradient_boosting,645,18,4,18,accuracy,663,1,20,20,20,20,,"{'model__learning_rate': 0.1, 'model__max_depth': 3, 'model__max_leaf_nodes': 15, 'model__min_samples_leaf': 20}",0.40277777777777773,0.3723268969592499,0.39672316381875206
33,2025-10-05 15:30:00,hist_gradient_boosting,646,18,4,18,accuracy,664,1,20,20,20,20,,"{'model__learning_rate': 0.1, 'model__max_depth': 3, 'model__max_leaf_nodes': 15, 'model__min_samples_leaf': 20}",0.41666666666666663,0.35904438698556346,0.40353342191577485
34,2025-10-05 17:30:00,hist_gradient_boosting,647,18,4,18,accuracy,665,1,20,20,20,20,,"{'model__learning_rate': 0.05, 'model__max_depth': 3, 'model__max_leaf_nodes': 15, 'model__min_samples_leaf': 20}",0.41666666666666663,0.3870789341377577,0.40345092452935594
35,2025-10-17 18:30:00,hist_gradient_boosting,648,18,4,18,accuracy,666,1,20,20,20,20,,"{'model__learning_rate': 0.05, 'model__max_depth': 3, 'model__max_leaf_nodes': 15, 'model__min_samples_leaf': 20}",0.41666666666666663,0.38568615480380186,0.4004846097983353
36,2025-10-18 13:30:00,hist_gradient_boosting,649,18,4,18,accuracy,667,5,20,20,20,20,,"{'model__learning_rate': 0.05, 'model__max_depth': 3, 'model__max_leaf_nodes': 15, 'model__min_samples_leaf': 20}",0.41666666666666663,0.3373930127606598,0.3995824255628177
37,2025-10-18 16:30:00,hist_gradient_boosting,654,18,4,18,accuracy,672,1,20,20,20,20,,"{'model__learning_rate': 0.05, 'model__max_depth': 3, 'model__max_leaf_nodes': 15, 'model__min_samples_leaf': 20}",0.4305555555555555,0.3678912590677296,0.3878510378510378
38,2025-10-19 13:30:00,hist_gradient_boosting,655,18,4,18,accuracy,673,1,20,20,20,20,,"{'model__learning_rate': 0.05, 'model__max_depth': 3, 'model__max_leaf_nodes': 15, 'model__min_samples_leaf': 20}",0.4583333333333333,0.41595965309200605,0.43366379671526734
39,2025-10-19 15:30:00,hist_gradient_boosting,656,18,4,18,accuracy,674,1,20,20,20,20,,"{'model__learning_rate': 0.05, 'model__max_depth': 3, 'model__max_leaf_nodes': 15, 'model__min_samples_leaf': 20}",0.4444444444444444,0.3801995798319328,0.40439328509181455
40,2025-10-24 18:30:00,hist_gradient_boosting,657,18,4,18,accuracy,675,1,20,20,20,20,,"{'model__learning_rate': 0.1, 'model__max_depth': 3, 'model__max_leaf_nodes': 15, 'model__min_samples_leaf': 20}",0.4583333333333333,0.4352124183006536,0.4534313725490196
41,2025-10-25 13:30:00,hist_gradient_boosting,658,18,4,18,accuracy,676,5,20,20,20,20,,"{'model__learning_rate': 0.05, 'model__max_depth': 3, 'model__max_leaf_nodes': 15, 'model__min_samples_leaf': 20}",0.41666666666666663,0.3772058823529411,0.4084694989106753
42,2025-10-25 16:30:00,hist_gradient_boosting,663,18,4,18,accuracy,681,1,20,20,20,20,,"{'model__learning_rate': 0.1, 'model__max_depth': 3, 'model__max_leaf_nodes': 15, 'model__min_samples_leaf': 20}",0.4444444444444444,0.4068988065311595,0.43484245193804016
43,2025-10-26 13:30:00,hist_gradient_boosting,664,18,4,18,accuracy,682,1,20,20,20,20,,"{'model__learning_rate': 0.05, 'model__max_depth': 3, 'model__max_leaf_nodes': 15, 'model__min_samples_leaf': 20}",0.4444444444444444,0.35444887356652066,0.41025411589137084
44,2025-10-26 15:30:00,hist_gradient_boosting,665,18,4,18,accuracy,683,1,20,20,20,20,,"{'model__learning_rate': 0.05, 'model__max_depth': 3, 'model__max_leaf_nodes': 15, 'model__min_samples_leaf': 20}",0.4444444444444444,0.4193209976298211,0.42990595098438233
45,2025-10-31 19:30:00,hist_gradient_boosting,666,18,4,18,accuracy,684,1,20,20,20,20,,"{'model__learning_rate': 0.1, 'model__max_depth': 3, 'model__max_leaf_nodes': 15, 'model__min_samples_leaf': 20}",0.4722222222222222,0.44203341593047474,0.4583663273001508
46,2025-11-01 14:30:00,hist_gradient_boosting,667,18,4,18,accuracy,685,5,20,20,20,20,,"{'model__learning_rate': 0.05, 'model__max_depth': 3, 'model__max_leaf_nodes': 15, 'model__min_samples_leaf': 20}",0.48611111111111105,0.3796315748521631,0.4528912490922295
47,2025-11-01 17:30:00,hist_gradient_boosting,672,18,4,18,accuracy,690,1,20,20,20,20,,"{'model__learning_rate': 0.05, 'model__max_depth': 3, 'model__max_leaf_nodes': 15, 'model__min_samples_leaf': 20}",0.4722222222222222,0.4022866839043309,0.42183796595561296
48,2025-11-02 14:30:00,hist_gradient_boosting,673,18,4,18,accuracy,691,1,20,20,20,20,,"{'model__learning_rate': 0.05, 'model__max_depth': 3, 'model__max_leaf_nodes': 15, 'model__min_samples_leaf': 20}",0.4722222222222222,0.4287572721396251,0.4485447490962197
49,2025-11-02 16:30:00,hist_gradient_boosting,674,18,4,18,accuracy,692,1,20,20,20,20,,"{'model__learning_rate': 0.05, 'model__max_depth': 3, 'model__max_leaf_nodes': 15, 'model__min_samples_leaf': 20}",0.5277777777777778,0.46597237185472484,0.49143922526275474
50,2025-11-07 19:30:00,hist_gradient_boosting,675,18,4,18,accuracy,693,1,20,20,20,20,,"{'model__learning_rate': 0.1, 'model__max_depth': 3, 'model__max_leaf_nodes': 15, 'model__min_samples_leaf': 20}",0.5277777777777778,0.48331464502130134,0.5173047981000767
51,2025-11-08 14:30:00,hist_gradient_boosting,676,18,4,18,accuracy,694,4,20,20,20,20,,"{'model__learning_rate': 0.05, 'model__max_depth': 3, 'model__max_leaf_nodes': 15, 'model__min_samples_leaf': 20}",0.5,0.4607706971677559,0.49562227668845316
52,2025-11-08 17:30:00,hist_gradient_boosting,680,18,4,18,accuracy,698,1,20,20,20,20,,"{'model__learning_rate': 0.1, 'model__max_depth': 3, 'model__max_leaf_nodes': 15, 'model__min_samples_leaf': 20}",0.4861111111111111,0.4167785917785918,0.4718843270926604
53,2025-11-09 14:30:00,hist_gradient_boosting,681,18,4,18,accuracy,699,1,20,20,20,20,,"{'model__learning_rate': 0.1, 'model__max_depth': 3, 'model__max_leaf_nodes': 15, 'model__min_samples_leaf': 20}",0.4861111111111111,0.4187908496732026,0.47637981118373274
54,2025-11-09 16:30:00,hist_gradient_boosting,682,18,4,18,accuracy,700,1,20,20,20,20,,"{'model__learning_rate': 0.05, 'model__max_depth': 3, 'model__max_leaf_nodes': 15, 'model__min_samples_leaf': 20}",0.4583333333333333,0.34721688986394866,0.432828600230561
55,2025-11-09 18:30:00,hist_gradient_boosting,683,18,4,18,accuracy,701,1,20,20,20,20,,"{'model__learning_rate': 0.05, 'model__max_depth': 3, 'model__max_leaf_nodes': 15, 'model__min_samples_leaf': 20}",0.4444444444444444,0.4006516495487083,0.439127502852993
56,2025-11-21 19:30:00,hist_gradient_boosting,684,18,4,18,accuracy,702,1,20,20,20,20,,"{'model__learning_rate': 0.1, 'model__max_depth': 3, 'model__max_leaf_nodes': 15, 'model__min_samples_leaf': 20}",0.4861111111111111,0.4347128497863792,0.4759199428929821
57,2025-11-22 14:30:00,hist_gradient_boosting,685,18,4,18,accuracy,703,5,20,20,20,20,,"{'model__learning_rate': 0.1, 'model__max_depth': 3, 'model__max_leaf_nodes': 15, 'model__min_samples_leaf': 20}",0.5,0.403573988074762,0.4862285240606964
58,2025-11-22 17:30:00,hist_gradient_boosting,690,18,4,18,accuracy,708,1,20,20,20,20,,"{'model__learning_rate': 0.05, 'model__max_depth': 3, 'model__max_leaf_nodes': 15, 'model__min_samples_leaf': 20}",0.4861111111111111,0.4180429864253393,0.45107466063348417
59,2025-11-23 14:30:00,hist_gradient_boosting,691,18,4,18,accuracy,709,1,20,20,20,20,,"{'model__learning_rate': 0.05, 'model__max_depth': 3, 'model__max_leaf_nodes': 15, 'model__min_samples_leaf': 20}",0.4583333333333333,0.39820171658406955,0.4295632676147382
60,2025-11-23 16:30:00,hist_gradient_boosting,692,18,4,18,accuracy,710,1,20,20,20,20,,"{'model__learning_rate': 0.05, 'model__max_depth': 3, 'model__max_leaf_nodes': 15, 'model__min_samples_leaf': 20}",0.5416666666666667,0.4789508965979554,0.5114205511264335
61,2025-11-28 19:30:00,hist_gradient_boosting,693,18,4,18,accuracy,711,1,20,20,20,20,,"{'model__learning_rate': 0.05, 'model__max_depth': 3, 'model__max_leaf_nodes': 15, 'model__min_samples_leaf': 20}",0.5,0.4116286899375135,0.46795904259139554
62,2025-11-29 14:30:00,hist_gradient_boosting,694,18,4,18,accuracy,712,4,20,20,20,20,,"{'model__learning_rate': 0.05, 'model__max_depth': 3, 'model__max_leaf_nodes': 15, 'model__min_samples_leaf': 20}",0.4861111111111111,0.42729596111949053,0.4716922238981062
63,2025-11-29 17:30:00,hist_gradient_boosting,698,18,4,18,accuracy,716,1,20,20,20,20,,"{'model__learning_rate': 0.05, 'model__max_depth': 3, 'model__max_leaf_nodes': 15, 'model__min_samples_leaf': 20}",0.4861111111111111,0.4083013721171616,0.4661303405820949
64,2025-11-30 14:30:00,hist_gradient_boosting,699,18,4,18,accuracy,717,1,20,20,20,20,,"{'model__learning_rate': 0.1, 'model__max_depth': 3, 'model__max_leaf_nodes': 15, 'model__min_samples_leaf': 20}",0.4861111111111111,0.4414021164021164,0.4766754850088183
65,2025-11-30 16:30:00,hist_gradient_boosting,700,18,4,18,accuracy,718,1,20,20,20,20,,"{'model__learning_rate': 0.05, 'model__max_depth': 3, 'model__max_leaf_nodes': 15, 'model__min_samples_leaf': 20}",0.4861111111111111,0.3983145939028292,0.45938018952724835
66,2025-11-30 18:30:00,hist_gradient_boosting,701,18,4,18,accuracy,719,1,20,20,20,20,,"{'model__learning_rate': 0.05, 'model__max_depth': 3, 'model__max_leaf_nodes': 15, 'model__min_samples_leaf': 20}",0.4583333333333333,0.3892215219421101,0.445479302832244
67,2025-12-05 19:30:00,hist_gradient_boosting,702,18,4,18,accuracy,720,1,20,20,20,20,,"{'model__learning_rate': 0.05, 'model__max_depth': 3, 'model__max_leaf_nodes': 15, 'model__min_samples_leaf': 20}",0.4444444444444444,0.35723951186412484,0.4209876674466458
68,2025-12-06 14:30:00,hist_gradient_boosting,703,18,4,18,accuracy,721,5,20,20,20,20,,"{'model__learning_rate': 0.05, 'model__max_depth': 3, 'model__max_leaf_nodes': 15, 'model__min_samples_leaf': 20}",0.4722222222222222,0.3698867853279618,0.4478532315542119
69,2025-12-06 17:30:00,hist_gradient_boosting,708,18,4,18,accuracy,726,1,20,20,20,20,,"{'model__learning_rate': 0.05, 'model__max_depth': 3, 'model__max_leaf_nodes': 15, 'model__min_samples_leaf': 20}",0.4722222222222222,0.40693187531422825,0.44181540137422487
70,2025-12-07 14:30:00,hist_gradient_boosting,709,18,4,18,accuracy,727,1,20,20,20,20,,"{'model__learning_rate': 0.1, 'model__max_depth': 3, 'model__max_leaf_nodes': 15, 'model__min_samples_leaf': 20}",0.4444444444444445,0.37074459338391225,0.4170010086805752
71,2025-12-07 16:30:00,hist_gradient_boosting,710,18,4,18,accuracy,728,1,20,20,20,20,,"{'model__learning_rate': 0.05, 'model__max_depth': 3, 'model__max_leaf_nodes': 15, 'model__min_samples_leaf': 20}",0.5277777777777778,0.4515197221079574,0.4966857851661773
72,2025-12-12 19:30:00,hist_gradient_boosting,711,18,4,18,accuracy,729,1,20,20,20,20,,"{'model__learning_rate': 0.05, 'model__max_depth': 3, 'model__max_leaf_nodes': 15, 'model__min_samples_leaf': 20}",0.4722222222222222,0.3582661168380982,0.4345769763145924
73,2025-12-13 14:30:00,hist_gradient_boosting,712,18,4,18,accuracy,730,4,20,20,20,20,,"{'model__learning_rate': 0.05, 'model__max_depth': 3, 'model__max_leaf_nodes': 15, 'model__min_samples_leaf': 20}",0.4444444444444444,0.3616096866096866,0.4270299145299145
74,2025-12-13 17:30:00,hist_gradient_boosting,716,18,4,18,accuracy,734,1,20,20,20,20,,"{'model__learning_rate': 0.05, 'model__max_depth': 3, 'model__max_leaf_nodes': 15, 'model__min_samples_leaf': 20}",0.5,0.4131090644248539,0.4936410243427787
75,2025-12-14 14:30:00,hist_gradient_boosting,717,18,4,18,accuracy,735,1,20,20,20,20,,"{'model__learning_rate': 0.05, 'model__max_depth': 3, 'model__max_leaf_nodes': 15, 'model__min_samples_leaf': 20}",0.5138888888888888,0.4351763432645785,0.5196812310782899
76,2025-12-14 16:30:00,hist_gradient_boosting,718,18,4,18,accuracy,736,1,20,20,20,20,,"{'model__learning_rate': 0.05, 'model__max_depth': 3, 'model__max_leaf_nodes': 15, 'model__min_samples_leaf': 20}",0.5,0.40109237168060696,0.4857690784161372
77,2025-12-14 18:30:00,hist_gradient_boosting,719,18,4,18,accuracy,737,1,20,20,20,20,,"{'model__learning_rate': 0.05, 'model__max_depth': 3, 'model__max_leaf_nodes': 15, 'model__min_samples_leaf': 20}",0.4722222222222222,0.3863694720312367,0.46869677163794815
78,2025-12-19 19:30:00,hist_gradient_boosting,720,18,4,18,accuracy,738,1,20,20,20,20,,"{'model__learning_rate': 0.05, 'model__max_depth': 3, 'model__max_leaf_nodes': 15, 'model__min_samples_leaf': 20}",0.4861111111111111,0.3846904922562817,0.471069366793051
79,2025-12-20 14:30:00,hist_gradient_boosting,721,18,4,18,accuracy,739,5,20,20,20,20,,"{'model__learning_rate': 0.05, 'model__max_depth': 3, 'model__max_leaf_nodes': 15, 'model__min_samples_leaf': 20}",0.5138888888888888,0.3948988103399868,0.5031282034958505
80,2025-12-20 17:30:00,hist_gradient_boosting,726,18,4,18,accuracy,744,1,20,20,20,20,,"{'model__learning_rate': 0.05, 'model__max_depth': 3, 'model__max_leaf_nodes': 15, 'model__min_samples_leaf': 20}",0.5,0.42540849673202613,0.47644335511982566
81,2025-12-21 14:30:00,hist_gradient_boosting,727,18,4,18,accuracy,745,1,20,20,20,20,,"{'model__learning_rate': 0.1, 'model__max_depth': 3, 'model__max_leaf_nodes': 15, 'model__min_samples_leaf': 20}",0.4861111111111111,0.39649245663177546,0.45581867249823904
82,2025-12-21 16:30:00,hist_gradient_boosting,728,18,4,18,accuracy,746,1,20,20,20,20,,"{'model__learning_rate': 0.05, 'model__max_depth': 3, 'model__max_leaf_nodes': 15, 'model__min_samples_leaf': 20}",0.5277777777777778,0.4579350660233013,0.5100235276705865
83,2026-01-09 19:30:00,hist_gradient_boosting,729,18,4,18,accuracy,747,1,20,20,20,20,,"{'model__learning_rate': 0.05, 'model__max_depth': 3, 'model__max_leaf_nodes': 15, 'model__min_samples_leaf': 20}",0.4861111111111111,0.392595404108562,0.4635374493927126
84,2026-01-10 14:30:00,hist_gradient_boosting,730,18,4,18,accuracy,748,3,20,20,20,20,,"{'model__learning_rate': 0.05, 'model__max_depth': 3, 'model__max_leaf_nodes': 15, 'model__min_samples_leaf': 20}",0.4722222222222222,0.3986256798756799,0.45197029051195714
85,2026-01-10 17:30:00,hist_gradient_boosting,733,18,4,18,accuracy,751,1,20,20,20,20,,"{'model__learning_rate': 0.1, 'model__max_depth': 3, 'model__max_leaf_nodes': 15, 'model__min_samples_leaf': 20}",0.4305555555555556,0.3371007647323436,0.39713600239916025
86,2026-01-11 14:30:00,hist_gradient_boosting,734,18,4,18,accuracy,752,1,20,20,20,20,,"{'model__learning_rate': 0.05, 'model__max_depth': 3, 'model__max_leaf_nodes': 15, 'model__min_samples_leaf': 20}",0.4444444444444444,0.3698986198986199,0.43513508096841425
87,2026-01-11 16:30:00,hist_gradient_boosting,735,18,4,18,accuracy,753,1,20,20,20,20,,"{'model__learning_rate': 0.05, 'model__max_depth': 3, 'model__max_leaf_nodes': 15, 'model__min_samples_leaf': 20}",0.4722222222222222,0.3992816823699176,0.4695970559941148
88,2026-01-13 17:30:00,hist_gradient_boosting,736,18,4,18,accuracy,754,1,20,20,20,20,,"{'model__learning_rate': 0.05, 'model__max_depth': 3, 'model__max_leaf_nodes': 15, 'model__min_samples_leaf': 20}",0.4583333333333333,0.3905751111633464,0.4513035439506027
89,2026-01-13 19:30:00,hist_gradient_boosting,737,18,4,18,accuracy,755,2,20,20,20,20,,"{'model__learning_rate': 0.05, 'model__max_depth': 3, 'model__max_leaf_nodes': 15, 'model__min_samples_leaf': 20}",0.4722222222222222,0.38998599439775905,0.4605077384489149
90,2026-01-14 17:30:00,hist_gradient_boosting,739,18,4,18,accuracy,757,1,20,20,20,20,,"{'model__learning_rate': 0.05, 'model__max_depth': 3, 'model__max_leaf_nodes': 15, 'model__min_samples_leaf': 20}",0.4305555555555555,0.35483889748595626,0.4273066711792202
91,2026-01-14 19:30:00,hist_gradient_boosting,740,18,4,18,accuracy,758,3,20,20,20,20,,"{'model__learning_rate': 0.05, 'model__max_depth': 3, 'model__max_leaf_nodes': 15, 'model__min_samples_leaf': 20}",0.4722222222222222,0.3786687362345257,0.4681723247512721
92,2026-01-15 19:30:00,hist_gradient_boosting,743,18,4,18,accuracy,761,1,20,20,20,20,,"{'model__learning_rate': 0.05, 'model__max_depth': 3, 'model__max_leaf_nodes': 15, 'model__min_samples_leaf': 20}",0.5,0.3673821548821549,0.46412237453904126
93,2026-01-16 19:30:00,hist_gradient_boosting,744,18,4,18,accuracy,762,1,20,20,20,20,,"{'model__learning_rate': 0.05, 'model__max_depth': 3, 'model__max_leaf_nodes': 15, 'model__min_samples_leaf': 20}",0.4861111111111111,0.4282384883778073,0.4696764378265926
94,2026-01-17 14:30:00,hist_gradient_boosting,745,18,4,18,accuracy,763,5,20,20,20,20,,"{'model__learning_rate': 0.1, 'model__max_depth': 3, 'model__max_leaf_nodes': 15, 'model__min_samples_leaf': 20}",0.4861111111111111,0.40899245663177547,0.45396682064638716
95,2026-01-17 17:30:00,hist_gradient_boosting,750,18,4,18,accuracy,768,1,20,20,20,20,,"{'model__learning_rate': 0.05, 'model__max_depth': 3, 'model__max_leaf_nodes': 15, 'model__min_samples_leaf': 20}",0.4722222222222222,0.4151559454191033,0.4709389213775178
96,2026-01-18 14:30:00,hist_gradient_boosting,751,18,4,18,accuracy,769,1,20,20,20,20,,"{'model__learning_rate': 0.05, 'model__max_depth': 3, 'model__max_leaf_nodes': 15, 'model__min_samples_leaf': 20}",0.4444444444444444,0.3443841246472825,0.4255692893850788
97,2026-01-18 16:30:00,hist_gradient_boosting,752,18,4,18,accuracy,770,1,20,20,20,20,,"{'model__learning_rate': 0.05, 'model__max_depth': 3, 'model__max_leaf_nodes': 15, 'model__min_samples_leaf': 20}",0.4722222222222222,0.40308765308765315,0.46385481802148465
98,2026-01-23 19:30:00,hist_gradient_boosting,753,18,4,18,accuracy,771,1,20,20,20,20,,"{'model__learning_rate': 0.05, 'model__max_depth': 3, 'model__max_leaf_nodes': 15, 'model__min_samples_leaf': 20}",0.4861111111111111,0.40786815523657627,0.4763050302523987
99,2026-01-24 14:30:00,hist_gradient_boosting,754,18,4,18,accuracy,772,5,20,20,20,20,,"{'model__learning_rate': 0.05, 'model__max_depth': 3, 'model__max_leaf_nodes': 15, 'model__min_samples_leaf': 20}",0.4722222222222222,0.41117077367077365,0.45686281311281307
100,2026-01-24 17:30:00,hist_gradient_boosting,759,18,4,18,accuracy,777,1,20,20,20,20,,"{'model__learning_rate': 0.1, 'model__max_depth': 3, 'model__max_leaf_nodes': 15, 'model__min_samples_leaf': 20}",0.4722222222222222,0.40793460925039876,0.4442177624195168
101,2026-01-25 14:30:00,hist_gradient_boosting,760,18,4,18,accuracy,778,1,20,20,20,20,,"{'model__learning_rate': 0.05, 'model__max_depth': 3, 'model__max_leaf_nodes': 15, 'model__min_samples_leaf': 20}",0.4583333333333333,0.3906301544459439,0.42098859149297746
102,2026-01-25 16:30:00,hist_gradient_boosting,761,18,4,18,accuracy,779,1,20,20,20,20,,"{'model__learning_rate': 0.05, 'model__max_depth': 3, 'model__max_leaf_nodes': 15, 'model__min_samples_leaf': 20}",0.4861111111111111,0.37928691678691684,0.4268207872374539
103,2026-01-27 19:30:00,hist_gradient_boosting,762,18,4,18,accuracy,780,2,20,20,20,20,,"{'model__learning_rate': 0.05, 'model__max_depth': 3, 'model__max_leaf_nodes': 15, 'model__min_samples_leaf': 20}",0.5,0.43725459482038437,0.45867620439988854
104,2026-01-30 19:30:00,hist_gradient_boosting,764,18,4,18,accuracy,782,1,20,20,20,20,,"{'model__learning_rate': 0.05, 'model__max_depth': 3, 'model__max_leaf_nodes': 15, 'model__min_samples_leaf': 20}",0.4583333333333333,0.3813296003513395,0.4075190308885961
105,2026-01-31 14:30:00,hist_gradient_boosting,765,18,4,18,accuracy,783,5,20,20,20,20,,"{'model__learning_rate': 0.05, 'model__max_depth': 3, 'model__max_leaf_nodes': 15, 'model__min_samples_leaf': 20}",0.4305555555555555,0.3401799954431533,0.3997749002134967
106,2026-01-31 17:30:00,hist_gradient_boosting,770,18,4,18,accuracy,788,1,20,20,20,20,,"{'model__learning_rate': 0.05, 'model__max_depth': 3, 'model__max_leaf_nodes': 15, 'model__min_samples_leaf': 20}",0.4444444444444445,0.3703315203315204,0.43470618887285556
107,2026-02-01 14:30:00,hist_gradient_boosting,771,18,4,18,accuracy,789,1,20,20,20,20,,"{'model__learning_rate': 0.05, 'model__max_depth': 3, 'model__max_leaf_nodes': 15, 'model__min_samples_leaf': 20}",0.4722222222222222,0.3827509113693324,0.4564787916761601
108,2026-02-01 16:30:00,hist_gradient_boosting,772,18,4,18,accuracy,790,1,20,20,20,20,,"{'model__learning_rate': 0.05, 'model__max_depth': 3, 'model__max_leaf_nodes': 15, 'model__min_samples_leaf': 20}",0.4722222222222222,0.39026292335115864,0.45422449282743393
109,2026-02-06 19:30:00,hist_gradient_boosting,773,18,4,18,accuracy,791,1,20,20,20,20,,"{'model__learning_rate': 0.1, 'model__max_depth': 3, 'model__max_leaf_nodes': 15, 'model__min_samples_leaf': 20}",0.4583333333333333,0.3702411014911015,0.4357879389129389
110,2026-02-07 14:30:00,hist_gradient_boosting,774,18,4,18,accuracy,792,5,20,20,20,20,,"{'model__learning_rate': 0.05, 'model__max_depth': 3, 'model__max_leaf_nodes': 15, 'model__min_samples_leaf': 20}",0.4861111111111111,0.39477333668510145,0.44977550136863864
111,2026-02-07 17:30:00,hist_gradient_boosting,779,18,4,18,accuracy,797,1,20,20,20,20,,"{'model__learning_rate': 0.05, 'model__max_depth': 3, 'model__max_leaf_nodes': 15, 'model__min_samples_leaf': 20}",0.4722222222222222,0.37712241462241464,0.42457611832611836
112,2026-02-08 14:30:00,hist_gradient_boosting,780,18,4,18,accuracy,798,1,20,20,20,20,,"{'model__learning_rate': 0.05, 'model__max_depth': 3, 'model__max_leaf_nodes': 15, 'model__min_samples_leaf': 20}",0.4583333333333333,0.3761434837092732,0.40821324143692567
113,2026-02-08 16:30:00,hist_gradient_boosting,781,18,4,18,accuracy,799,1,20,20,20,20,,"{'model__learning_rate': 0.1, 'model__max_depth': 3, 'model__max_leaf_nodes': 15, 'model__min_samples_leaf': 20}",0.4583333333333333,0.38905423280423285,0.41760361552028213
114,2026-02-13 19:30:00,hist_gradient_boosting,782,18,4,18,accuracy,800,1,20,20,20,20,,"{'model__learning_rate': 0.05, 'model__max_depth': 3, 'model__max_leaf_nodes': 15, 'model__min_samples_leaf': 20}",0.4583333333333333,0.36407370809544726,0.4023983799346118
115,2026-02-14 14:30:00,hist_gradient_boosting,783,18,4,18,accuracy,801,5,20,20,20,20,,"{'model__learning_rate': 0.05, 'model__max_depth': 3, 'model__max_leaf_nodes': 15, 'model__min_samples_leaf': 20}",0.4583333333333333,0.38385005517358456,0.43345405502268247
116,2026-02-14 17:30:00,hist_gradient_boosting,788,18,4,18,accuracy,806,1,20,20,20,20,,"{'model__learning_rate': 0.05, 'model__max_depth': 3, 'model__max_leaf_nodes': 15, 'model__min_samples_leaf': 20}",0.4861111111111111,0.40681170681170686,0.4715263131929799
117,2026-02-15 14:30:00,hist_gradient_boosting,789,18,4,18,accuracy,807,1,20,20,20,20,,"{'model__learning_rate': 0.05, 'model__max_depth': 3, 'model__max_leaf_nodes': 15, 'model__min_samples_leaf': 20}",0.5277777777777778,0.46002363864205975,0.51127677147414
118,2026-02-15 16:30:00,hist_gradient_boosting,790,18,4,18,accuracy,808,1,20,20,20,20,,"{'model__learning_rate': 0.05, 'model__max_depth': 3, 'model__max_leaf_nodes': 15, 'model__min_samples_leaf': 20}",0.5138888888888888,0.42637403446226974,0.4940393076422488
119,2026-02-20 19:30:00,hist_gradient_boosting,791,18,4,18,accuracy,809,1,20,20,20,20,,"{'model__learning_rate': 0.05, 'model__max_depth': 3, 'model__max_leaf_nodes': 15, 'model__min_samples_leaf': 20}",0.4722222222222222,0.3945232520890416,0.44060787531182277
120,2026-02-21 14:30:00,hist_gradient_boosting,792,18,4,18,accuracy,810,4,20,20,20,20,,"{'model__learning_rate': 0.1, 'model__max_depth': 3, 'model__max_leaf_nodes': 15, 'model__min_samples_leaf': 20}",0.48611111111111116,0.39247090055913586,0.43730190923818374
121,2026-02-21 17:30:00,hist_gradient_boosting,796,18,4,18,accuracy,814,1,20,20,20,20,,"{'model__learning_rate': 0.05, 'model__max_depth': 3, 'model__max_leaf_nodes': 15, 'model__min_samples_leaf': 20}",0.4583333333333333,0.3786173134857345,0.42069636422706597
122,2026-02-22 14:30:00,hist_gradient_boosting,797,18,4,18,accuracy,815,1,20,20,20,20,,"{'model__learning_rate': 0.05, 'model__max_depth': 3, 'model__max_leaf_nodes': 15, 'model__min_samples_leaf': 20}",0.5,0.4037878787878788,0.45011423761423763
123,2026-02-22 16:30:00,hist_gradient_boosting,798,18,4,18,accuracy,816,1,20,20,20,20,,"{'model__learning_rate': 0.05, 'model__max_depth': 3, 'model__max_leaf_nodes': 15, 'model__min_samples_leaf': 20}",0.4861111111111111,0.3867495443153338,0.4387687969924812
124,2026-02-22 18:30:00,hist_gradient_boosting,799,18,4,18,accuracy,817,1,20,20,20,20,,"{'model__learning_rate': 0.1, 'model__max_depth': 3, 'model__max_leaf_nodes': 15, 'model__min_samples_leaf': 20}",0.5,0.40314153439153444,0.46257716049382713
125,2026-02-27 19:30:00,hist_gradient_boosting,800,18,4,18,accuracy,818,1,20,20,20,20,,"{'model__learning_rate': 0.05, 'model__max_depth': 3, 'model__max_leaf_nodes': 15, 'model__min_samples_leaf': 20}",0.4722222222222222,0.3524996340213732,0.4210712194407846
126,2026-02-28 14:30:00,hist_gradient_boosting,801,18,4,18,accuracy,819,4,20,20,20,20,,"{'model__learning_rate': 0.05, 'model__max_depth': 3, 'model__max_leaf_nodes': 15, 'model__min_samples_leaf': 20}",0.4444444444444444,0.33974231106584046,0.42091196748059495
127,2026-02-28 17:30:00,hist_gradient_boosting,805,18,4,18,accuracy,823,1,20,20,20,20,,"{'model__learning_rate': 0.1, 'model__max_depth': 3, 'model__max_leaf_nodes': 15, 'model__min_samples_leaf': 20}",0.4722222222222222,0.39723121592316646,0.4627755521911869
128,2026-03-01 14:30:00,hist_gradient_boosting,806,18,4,18,accuracy,824,1,20,20,20,20,,"{'model__learning_rate': 0.05, 'model__max_depth': 3, 'model__max_leaf_nodes': 15, 'model__min_samples_leaf': 20}",0.4722222222222222,0.3763468013468014,0.4602112393779061
129,2026-03-01 16:30:00,hist_gradient_boosting,807,18,4,18,accuracy,825,1,20,20,20,20,,"{'model__learning_rate': 0.05, 'model__max_depth': 3, 'model__max_leaf_nodes': 15, 'model__min_samples_leaf': 20}",0.5138888888888888,0.4290940419229893,0.4978910344041923
130,2026-03-01 18:30:00,hist_gradient_boosting,808,18,4,18,accuracy,826,1,20,20,20,20,,"{'model__learning_rate': 0.05, 'model__max_depth': 3, 'model__max_leaf_nodes': 15, 'model__min_samples_leaf': 20}",0.48611111111111116,0.3822422403304756,0.46770453130747247
131,2026-03-04 19:30:00,hist_gradient_boosting,809,18,4,18,accuracy,827,1,20,20,20,20,,"{'model__learning_rate': 0.1, 'model__max_depth': 3, 'model__max_leaf_nodes': 15, 'model__min_samples_leaf': 20}",0.4583333333333333,0.3612862276755466,0.4293776023168438
132,2026-03-06 19:30:00,hist_gradient_boosting,810,18,4,18,accuracy,828,1,20,20,20,20,,"{'model__learning_rate': 0.05, 'model__max_depth': 3, 'model__max_leaf_nodes': 15, 'model__min_samples_leaf': 20}",0.5,0.40351351291753773,0.4661811196963416
133,2026-03-07 14:30:00,hist_gradient_boosting,811,18,4,18,accuracy,829,5,20,20,20,20,,"{'model__learning_rate': 0.05, 'model__max_depth': 3, 'model__max_leaf_nodes': 15, 'model__min_samples_leaf': 20}",0.513888888888889,0.4216211484593837,0.4770590180516652
134,2026-03-07 17:30:00,hist_gradient_boosting,816,18,4,18,accuracy,834,1,20,20,20,20,,"{'model__learning_rate': 0.05, 'model__max_depth': 3, 'model__max_leaf_nodes': 15, 'model__min_samples_leaf': 20}",0.4861111111111111,0.3936417748917749,0.4399801587301587
135,2026-03-08 14:30:00,hist_gradient_boosting,817,18,4,18,accuracy,835,1,20,20,20,20,,"{'model__learning_rate': 0.1, 'model__max_depth': 3, 'model__max_leaf_nodes': 15, 'model__min_samples_leaf': 20}",0.5138888888888888,0.4181216931216932,0.48074845679012346
136,2026-03-08 16:30:00,hist_gradient_boosting,818,18,4,18,accuracy,836,1,20,20,20,20,,"{'model__learning_rate': 0.05, 'model__max_depth': 3, 'model__max_leaf_nodes': 15, 'model__min_samples_leaf': 20}",0.4861111111111111,0.4036556036556037,0.45573593073593077
137,2026-03-13 19:30:00,hist_gradient_boosting,819,18,4,18,accuracy,837,1,20,20,20,20,,"{'model__learning_rate': 0.1, 'model__max_depth': 3, 'model__max_leaf_nodes': 15, 'model__min_samples_leaf': 20}",0.5,0.42933605065958014,0.4851068775088383
138,2026-03-14 14:30:00,hist_gradient_boosting,820,18,4,18,accuracy,838,4,20,20,20,20,,"{'model__learning_rate': 0.05, 'model__max_depth': 3, 'model__max_leaf_nodes': 15, 'model__min_samples_leaf': 20}",0.5,0.4217141475655407,0.47664363786654806
139,2026-03-14 17:30:00,hist_gradient_boosting,824,18,4,18,accuracy,842,1,20,20,20,20,,"{'model__learning_rate': 0.1, 'model__max_depth': 3, 'model__max_leaf_nodes': 15, 'model__min_samples_leaf': 20}",0.48611111111111116,0.40595748420825817,0.46845754721141714
140,2026-03-15 14:30:00,hist_gradient_boosting,825,18,4,18,accuracy,843,1,20,20,20,20,,"{'model__learning_rate': 0.05, 'model__max_depth': 3, 'model__max_leaf_nodes': 15, 'model__min_samples_leaf': 20}",0.5138888888888888,0.43987205533258167,0.48995559752138707
141,2026-03-15 16:30:00,hist_gradient_boosting,826,18,4,18,accuracy,844,1,20,20,20,20,,"{'model__learning_rate': 0.1, 'model__max_depth': 3, 'model__max_leaf_nodes': 15, 'model__min_samples_leaf': 20}",0.5277777777777778,0.45600606751922534,0.5202245062442431
142,2026-03-15 18:30:00,hist_gradient_boosting,827,18,4,18,accuracy,845,1,20,20,20,20,,"{'model__learning_rate': 0.1, 'model__max_depth': 3, 'model__max_leaf_nodes': 15, 'model__min_samples_leaf': 20}",0.4861111111111111,0.40776382415314305,0.4707723187115602
143,2026-03-20 19:30:00,hist_gradient_boosting,828,18,4,18,accuracy,846,1,20,20,20,20,,"{'model__learning_rate': 0.05, 'model__max_depth': 3, 'model__max_leaf_nodes': 15, 'model__min_samples_leaf': 20}",0.5138888888888888,0.42616817307219784,0.4865981255300141
144,2026-03-21 14:30:00,hist_gradient_boosting,829,18,4,18,accuracy,847,4,20,20,20,20,,"{'model__learning_rate': 0.05, 'model__max_depth': 3, 'model__max_leaf_nodes': 15, 'model__min_samples_leaf': 20}",0.5277777777777778,0.4410655929038282,0.5004386476812948
145,2026-03-21 17:30:00,hist_gradient_boosting,833,18,4,18,accuracy,851,1,20,20,20,20,,"{'model__learning_rate': 0.1, 'model__max_depth': 3, 'model__max_leaf_nodes': 15, 'model__min_samples_leaf': 20}",0.5138888888888888,0.42568124957830844,0.47192977003026015
146,2026-03-22 14:30:00,hist_gradient_boosting,834,18,4,18,accuracy,852,1,20,20,20,20,,"{'model__learning_rate': 0.05, 'model__max_depth': 3, 'model__max_leaf_nodes': 15, 'model__min_samples_leaf': 20}",0.4722222222222222,0.3976787101787102,0.445014245014245
147,2026-03-22 16:30:00,hist_gradient_boosting,835,18,4,18,accuracy,853,1,20,20,20,20,,"{'model__learning_rate': 0.1, 'model__max_depth': 3, 'model__max_leaf_nodes': 15, 'model__min_samples_leaf': 20}",0.5,0.39249338624338626,0.4674658289241623
148,2026-03-22 18:30:00,hist_gradient_boosting,836,18,4,18,accuracy,854,1,20,20,20,20,,"{'model__learning_rate': 0.05, 'model__max_depth': 3, 'model__max_leaf_nodes': 15, 'model__min_samples_leaf': 20}",0.4861111111111111,0.4067501455659351,0.4698156903200763
149,2026-04-04 13:30:00,hist_gradient_boosting,837,18,4,18,accuracy,855,6,20,20,20,20,,"{'model__learning_rate': 0.1, 'model__max_depth': 3, 'model__max_leaf_nodes': 15, 'model__min_samples_leaf': 20}",0.5138888888888888,0.42893922526275474,0.4980698404718013
150,2026-04-04 16:30:00,hist_gradient_boosting,843,18,4,18,accuracy,861,1,20,20,20,20,,"{'model__learning_rate': 0.05, 'model__max_depth': 3, 'model__max_leaf_nodes': 15, 'model__min_samples_leaf': 20}",0.5138888888888888,0.43408501829554463,0.48416856048435
151,2026-04-05 13:30:00,hist_gradient_boosting,844,18,4,18,accuracy,862,1,20,20,20,20,,"{'model__learning_rate': 0.05, 'model__max_depth': 3, 'model__max_leaf_nodes': 15, 'model__min_samples_leaf': 20}",0.5,0.4073843912079206,0.47433040815393757
152,2026-04-05 15:30:00,hist_gradient_boosting,845,18,4,18,accuracy,863,1,20,20,20,20,,"{'model__learning_rate': 0.1, 'model__max_depth': 3, 'model__max_leaf_nodes': 15, 'model__min_samples_leaf': 20}",0.5,0.4361408801037284,0.478513182150953
153,2026-04-10 18:30:00,hist_gradient_boosting,846,18,4,18,accuracy,864,1,20,20,20,20,,"{'model__learning_rate': 0.05, 'model__max_depth': 3, 'model__max_leaf_nodes': 15, 'model__min_samples_leaf': 20}",0.5,0.41636425150357037,0.45882034775223635
154,2026-04-11 13:30:00,hist_gradient_boosting,847,18,4,18,accuracy,865,4,20,20,20,20,,"{'model__learning_rate': 0.05, 'model__max_depth': 3, 'model__max_leaf_nodes': 15, 'model__min_samples_leaf': 20}",0.5,0.4196352258852259,0.45405855718355725
155,2026-04-11 16:30:00,hist_gradient_boosting,851,18,4,18,accuracy,869,1,20,20,20,20,,"{'model__learning_rate': 0.1, 'model__max_depth': 3, 'model__max_leaf_nodes': 15, 'model__min_samples_leaf': 20}",0.5138888888888888,0.4153075274398804,0.4593327084135908
156,2026-04-12 13:30:00,hist_gradient_boosting,852,18,4,18,accuracy,870,1,20,20,20,20,,"{'model__learning_rate': 0.1, 'model__max_depth': 3, 'model__max_leaf_nodes': 15, 'model__min_samples_leaf': 20}",0.5,0.42279341029341033,0.47461820586820586
157,2026-04-12 15:30:00,hist_gradient_boosting,853,18,4,18,accuracy,871,1,20,20,20,20,,"{'model__learning_rate': 0.1, 'model__max_depth': 3, 'model__max_leaf_nodes': 15, 'model__min_samples_leaf': 20}",0.4861111111111111,0.367228835978836,0.4534005731922399
158,2026-04-12 17:30:00,hist_gradient_boosting,854,18,4,18,accuracy,872,1,20,20,20,20,,"{'model__learning_rate': 0.05, 'model__max_depth': 3, 'model__max_leaf_nodes': 15, 'model__min_samples_leaf': 20}",0.4861111111111111,0.4038881927039822,0.46434430984869585
159,2026-04-17 18:30:00,hist_gradient_boosting,855,18,4,18,accuracy,873,1,20,20,20,20,,"{'model__learning_rate': 0.1, 'model__max_depth': 3, 'model__max_leaf_nodes': 15, 'model__min_samples_leaf': 20}",0.5138888888888888,0.41695665445665453,0.4862688237688238
160,2026-04-18 13:30:00,hist_gradient_boosting,856,18,4,18,accuracy,874,4,20,20,20,20,,"{'model__learning_rate': 0.05, 'model__max_depth': 3, 'model__max_leaf_nodes': 15, 'model__min_samples_leaf': 20}",0.4722222222222222,0.4021855280369212,0.45064756603714295
161,2026-04-18 16:30:00,hist_gradient_boosting,860,18,4,18,accuracy,878,1,20,20,20,20,,"{'model__learning_rate': 0.1, 'model__max_depth': 3, 'model__max_leaf_nodes': 15, 'model__min_samples_leaf': 20}",0.41666666666666663,0.3828785049373285,0.40813209122032656
162,2026-04-19 13:30:00,hist_gradient_boosting,861,18,4,18,accuracy,879,1,20,20,20,20,,"{'model__learning_rate': 0.05, 'model__max_depth': 3, 'model__max_leaf_nodes': 15, 'model__min_samples_leaf': 20}",0.4166666666666667,0.3404432434037697,0.3781891232549128
163,2026-04-19 15:30:00,hist_gradient_boosting,862,18,4,18,accuracy,880,1,20,20,20,20,,"{'model__learning_rate': 0.1, 'model__max_depth': 3, 'model__max_leaf_nodes': 15, 'model__min_samples_leaf': 20}",0.4444444444444444,0.38421373947689735,0.42533363322837003
164,2026-04-19 17:30:00,hist_gradient_boosting,863,18,4,18,accuracy,881,1,20,20,20,20,,"{'model__learning_rate': 0.1, 'model__max_depth': 3, 'model__max_leaf_nodes': 15, 'model__min_samples_leaf': 20}",0.4722222222222222,0.4172394598865187,0.4560960281548517
