batch_id,kickoff_time,model,train_size,validation_size,n_validation_folds,validation_step_size,primary_metric,history_size,test_group_size,n_candidate_features,n_features_after_missing,n_features_after_corr,n_selected_features,dropped_corr_features,best_params,val_accuracy,val_macro_f1,val_weighted_f1,val_log_loss,val_brier_score,val_multiclass_brier,feature_set,evaluation_split,evaluation_season
1,2024-08-23 18:30:00,logistic_regression,288,18,4,18,log_loss,306,1,5,5,4,4,benchmark_away_not_lose_prob,{'model__C': 0.3},0.5972222222222222,0.5579626623376623,0.589186507936508,0.6433621362659951,0.2265153411556792,,market_only,development,2024
2,2024-08-24 13:30:00,logistic_regression,289,18,4,18,log_loss,307,5,5,5,4,4,benchmark_away_not_lose_prob,{'model__C': 0.3},0.611111111111111,0.568661963036963,0.6006006493506494,0.6271840629695618,0.21927611549275125,,market_only,development,2024
3,2024-08-24 16:30:00,logistic_regression,294,18,4,18,log_loss,312,1,5,5,4,4,benchmark_away_not_lose_prob,{'model__C': 0.3},0.6111111111111112,0.5691122534872535,0.5976873563679119,0.636944243427016,0.2236044522251991,,market_only,development,2024
4,2024-08-25 13:30:00,logistic_regression,295,18,4,18,log_loss,313,1,5,5,4,4,benchmark_away_not_lose_prob,{'model__C': 0.3},0.5972222222222222,0.5530206455394064,0.5842018463561198,0.6382347702773495,0.2242608841804822,,market_only,development,2024
5,2024-08-25 15:30:00,logistic_regression,296,18,4,18,log_loss,314,1,5,5,4,4,benchmark_away_not_lose_prob,{'model__C': 0.3},0.611111111111111,0.5786213786213786,0.5939097939097938,0.6198812027056517,0.21611953671441317,,market_only,development,2024
6,2024-08-30 18:30:00,logistic_regression,297,18,4,18,log_loss,315,1,5,5,4,4,benchmark_away_not_lose_prob,{'model__C': 3.0},0.625,0.5836538461538461,0.6062143874643874,0.6161197226803752,0.21423731864045156,,market_only,development,2024
7,2024-08-31 13:30:00,logistic_regression,298,18,4,18,log_loss,316,5,5,5,4,4,benchmark_away_not_lose_prob,{'model__C': 3.0},0.6111111111111112,0.56852237545736,0.5929485776235002,0.6180722624129112,0.2152552190167778,,market_only,development,2024
8,2024-08-31 16:30:00,logistic_regression,303,18,4,18,log_loss,321,1,5,5,4,4,benchmark_away_not_lose_prob,{'model__C': 3.0},0.625,0.5884172077922079,0.6065337902837903,0.6005307156236632,0.20819240565993316,,market_only,development,2024
9,2024-09-01 13:30:00,logistic_regression,304,18,4,18,log_loss,322,1,5,5,4,4,benchmark_away_not_lose_prob,{'model__C': 3.0},0.6111111111111112,0.5752689879779662,0.5957076142525058,0.6059410157623226,0.21082172996490053,,market_only,development,2024
10,2024-09-01 15:30:00,logistic_regression,305,18,4,18,log_loss,323,1,5,5,4,4,benchmark_away_not_lose_prob,{'model__C': 3.0},0.6111111111111112,0.5788452580028667,0.5959036555232208,0.6065981989105372,0.2112732592559105,,market_only,development,2024
11,2024-09-13 18:30:00,logistic_regression,306,18,4,18,log_loss,324,1,5,5,4,4,benchmark_away_not_lose_prob,{'model__C': 3.0},0.611111111111111,0.5848457792207793,0.5984361471861471,0.600758720321453,0.20878843185129603,,market_only,development,2024
12,2024-09-14 13:30:00,logistic_regression,307,18,4,18,log_loss,325,5,5,5,4,4,benchmark_away_not_lose_prob,{'model__C': 3.0},0.6111111111111112,0.5832074175824177,0.6002976190476191,0.6029462017900634,0.20986374074830882,,market_only,development,2024
13,2024-09-14 16:30:00,logistic_regression,312,18,4,18,log_loss,330,1,5,5,4,4,benchmark_away_not_lose_prob,{'model__C': 1.0},0.6111111111111112,0.5637610829186916,0.5969874926245698,0.6077849385104447,0.21186270796802287,,market_only,development,2024
14,2024-09-15 13:30:00,logistic_regression,313,18,4,18,log_loss,331,1,5,5,4,4,benchmark_away_not_lose_prob,{'model__C': 0.3},0.5972222222222222,0.5436456455394065,0.5852435130227864,0.6049401437070715,0.21095610719133107,,market_only,development,2024
15,2024-09-15 15:30:00,logistic_regression,314,18,4,18,log_loss,332,1,5,5,4,4,benchmark_away_not_lose_prob,{'model__C': 0.3},0.5833333333333334,0.5446987794813881,0.566490353446875,0.6106847566445543,0.21371112653618615,,market_only,development,2024
16,2024-09-20 18:30:00,logistic_regression,315,18,4,18,log_loss,333,1,5,5,4,4,benchmark_away_not_lose_prob,{'model__C': 0.3},0.5972222222222222,0.5458062368388454,0.5756118646517197,0.6154115642172915,0.2155438139543721,,market_only,development,2024
17,2024-09-21 13:30:00,logistic_regression,316,18,4,18,log_loss,334,4,5,5,4,4,benchmark_away_not_lose_prob,{'model__C': 0.3},0.5972222222222222,0.5444318181818182,0.5801346801346801,0.6104116848397395,0.21312185161070302,,market_only,development,2024
18,2024-09-21 16:30:00,logistic_regression,320,18,4,18,log_loss,338,1,5,5,4,4,benchmark_away_not_lose_prob,{'model__C': 1.0},0.625,0.5720526755852843,0.6036409946736034,0.5939332915128597,0.205582752451554,,market_only,development,2024
19,2024-09-22 13:30:00,logistic_regression,321,18,4,18,log_loss,339,1,5,5,4,4,benchmark_away_not_lose_prob,{'model__C': 1.0},0.625,0.5790422077922078,0.6051449013949015,0.59916987657248,0.20801442268208223,,market_only,development,2024
20,2024-09-22 15:30:00,logistic_regression,322,18,4,18,log_loss,340,1,5,5,4,4,benchmark_away_not_lose_prob,{'model__C': 3.0},0.638888888888889,0.5975413716718064,0.6215065449848058,0.5831794589473998,0.20094497688172913,,market_only,development,2024
21,2024-09-22 17:30:00,logistic_regression,323,18,4,18,log_loss,341,1,5,5,4,4,benchmark_away_not_lose_prob,{'model__C': 3.0},0.625,0.5879694218824654,0.6083920427398688,0.5890560422139361,0.20392746128290828,,market_only,development,2024
22,2024-09-27 18:30:00,logistic_regression,324,18,4,18,log_loss,342,1,5,5,4,4,benchmark_away_not_lose_prob,{'model__C': 3.0},0.625,0.5874025974025974,0.6091053391053391,0.586076699808594,0.2027444960378897,,market_only,development,2024
23,2024-09-28 13:30:00,logistic_regression,325,18,4,18,log_loss,343,5,5,5,4,4,benchmark_away_not_lose_prob,{'model__C': 1.0},0.625,0.5857642357642358,0.6109668109668109,0.5889573259393817,0.20409127492117426,,market_only,development,2024
24,2024-09-28 16:30:00,logistic_regression,330,18,4,18,log_loss,348,1,5,5,4,4,benchmark_away_not_lose_prob,{'model__C': 3.0},0.6388888888888888,0.5868941998018085,0.623592831729909,0.5883678499488512,0.20361468448321768,,market_only,development,2024
25,2024-09-29 13:30:00,logistic_regression,331,18,4,18,log_loss,349,1,5,5,4,4,benchmark_away_not_lose_prob,{'model__C': 1.0},0.625,0.5737459799875669,0.6144148248027939,0.5949854482272743,0.20670003626243208,,market_only,development,2024
26,2024-09-29 15:30:00,logistic_regression,332,18,4,18,log_loss,350,1,5,5,4,4,benchmark_away_not_lose_prob,{'model__C': 3.0},0.6388888888888888,0.5970526755852842,0.6221811903877121,0.5835674702900474,0.20144095664045283,,market_only,development,2024
27,2024-10-04 18:30:00,logistic_regression,333,18,4,18,log_loss,351,1,5,5,4,4,benchmark_away_not_lose_prob,{'model__C': 3.0},0.6388888888888888,0.5970526755852842,0.6221811903877121,0.584553968647102,0.20188937845856714,,market_only,development,2024
28,2024-10-05 13:30:00,logistic_regression,334,18,4,18,log_loss,352,4,5,5,4,4,benchmark_away_not_lose_prob,{'model__C': 3.0},0.625,0.5863533748859836,0.6062169070864722,0.5953820965141073,0.2069366841116118,,market_only,development,2024
29,2024-10-05 16:30:00,logistic_regression,338,18,4,18,log_loss,356,1,5,5,4,4,benchmark_away_not_lose_prob,{'model__C': 0.3},0.625,0.5801695587021674,0.60538462141723,0.6189069100949791,0.2121018726629149,,market_only,development,2024
30,2024-10-06 13:30:00,logistic_regression,339,18,4,18,log_loss,357,1,5,5,4,4,benchmark_away_not_lose_prob,{'model__C': 0.3},0.625,0.5790422077922078,0.6051449013949014,0.6186501455767106,0.21207898434605577,,market_only,development,2024
31,2024-10-06 15:30:00,logistic_regression,340,18,4,18,log_loss,358,1,5,5,4,4,benchmark_away_not_lose_prob,{'model__C': 0.3},0.625,0.5736252877557225,0.6032547967330577,0.6138600243583637,0.2098659014127182,,market_only,development,2024
32,2024-10-06 17:30:00,logistic_regression,341,18,4,18,log_loss,359,1,5,5,4,4,benchmark_away_not_lose_prob,{'model__C': 0.3},0.625,0.5728852467982902,0.6072659671693488,0.6099182719543639,0.20842787644463898,,market_only,development,2024
33,2024-10-18 18:30:00,logistic_regression,342,18,4,18,log_loss,360,1,5,5,4,4,benchmark_away_not_lose_prob,{'model__C': 0.3},0.6111111111111112,0.5634865134865136,0.5976911976911977,0.6229411725179488,0.21452053852337966,,market_only,development,2024
34,2024-10-19 13:30:00,logistic_regression,343,18,4,18,log_loss,361,5,5,5,4,4,benchmark_away_not_lose_prob,{'model__C': 0.3},0.5972222222222223,0.5511488511488511,0.5831890331890333,0.6314605503177784,0.21859920879235017,,market_only,development,2024
35,2024-10-19 16:30:00,logistic_regression,348,18,4,18,log_loss,366,1,5,5,4,4,benchmark_away_not_lose_prob,{'model__C': 3.0},0.6388888888888888,0.6111726588628762,0.6255678651059086,0.6087017525908789,0.20734922186283175,,market_only,development,2024
36,2024-10-20 13:30:00,logistic_regression,349,18,4,18,log_loss,367,1,5,5,4,4,benchmark_away_not_lose_prob,{'model__C': 0.3},0.6388888888888888,0.6157132719548589,0.6297400345724481,0.6102872041133135,0.2081944198964657,,market_only,development,2024
37,2024-10-20 15:30:00,logistic_regression,350,18,4,18,log_loss,368,1,5,5,4,4,benchmark_away_not_lose_prob,{'model__C': 0.3},0.6388888888888888,0.6132364917691004,0.625144893351415,0.6067378536769462,0.20672844680717142,,market_only,development,2024
38,2024-10-25 18:30:00,logistic_regression,351,18,4,18,log_loss,369,1,5,5,4,4,benchmark_away_not_lose_prob,{'model__C': 0.3},0.6388888888888888,0.6132364917691004,0.625144893351415,0.6112226084668332,0.20864663713157935,,market_only,development,2024
39,2024-10-26 13:30:00,logistic_regression,352,18,4,18,log_loss,370,4,5,5,4,4,benchmark_away_not_lose_prob,{'model__C': 0.3},0.6527777777777778,0.6256479933110368,0.6402576489533011,0.6055137551583575,0.20587699230527112,,market_only,development,2024
40,2024-10-26 16:30:00,logistic_regression,356,18,4,18,log_loss,374,1,5,5,4,4,benchmark_away_not_lose_prob,{'model__C': 3.0},0.6527777777777778,0.6277657125483213,0.6375961598787686,0.6096449944260354,0.20764356216112062,,market_only,development,2024
41,2024-10-27 14:30:00,logistic_regression,357,18,4,18,log_loss,375,1,5,5,4,4,benchmark_away_not_lose_prob,{'model__C': 3.0},0.6666666666666666,0.6373376623376623,0.653541366041366,0.5925748630352273,0.20025076065483907,,market_only,development,2024
42,2024-10-27 16:30:00,logistic_regression,358,18,4,18,log_loss,376,1,5,5,4,4,benchmark_away_not_lose_prob,{'model__C': 3.0},0.6805555555555556,0.6423752877557225,0.667375167103428,0.5821484224832935,0.1957684724021184,,market_only,development,2024
43,2024-10-27 18:30:00,logistic_regression,359,18,4,18,log_loss,377,1,5,5,4,4,benchmark_away_not_lose_prob,{'model__C': 3.0},0.6805555555555556,0.6335183636814071,0.6678990840524657,0.5851425352094599,0.19699424126782789,,market_only,development,2024
44,2024-11-01 19:30:00,logistic_regression,360,18,4,18,log_loss,378,1,5,5,4,4,benchmark_away_not_lose_prob,{'model__C': 3.0},0.6944444444444444,0.6492007992007992,0.6857864357864358,0.5799476312443714,0.19441450921871248,,market_only,development,2024
45,2024-11-02 14:30:00,logistic_regression,361,18,4,18,log_loss,379,5,5,5,4,4,benchmark_away_not_lose_prob,{'model__C': 3.0},0.6805555555555556,0.6368631368631368,0.6720779220779222,0.5888877983755343,0.19860636377932647,,market_only,development,2024
46,2024-11-02 17:30:00,logistic_regression,366,18,4,18,log_loss,384,1,5,5,4,4,benchmark_away_not_lose_prob,{'model__C': 0.3},0.6805555555555556,0.6503971571906353,0.6696627647714604,0.585452529111189,0.1975073579753128,,market_only,development,2024
47,2024-11-03 14:30:00,logistic_regression,367,18,4,18,log_loss,385,1,5,5,4,4,benchmark_away_not_lose_prob,{'model__C': 0.3},0.6805555555555555,0.6507364917691004,0.6711988695684348,0.5851286368326214,0.19732244817073918,,market_only,development,2024
48,2024-11-03 16:30:00,logistic_regression,368,18,4,18,log_loss,386,1,5,5,4,4,benchmark_away_not_lose_prob,{'model__C': 0.3},0.6666666666666666,0.6379856556486991,0.6582428742754829,0.5924016437836614,0.20056798333815298,,market_only,development,2024
49,2024-11-08 19:30:00,logistic_regression,369,18,4,18,log_loss,387,1,5,5,4,4,benchmark_away_not_lose_prob,{'model__C': 0.3},0.6527777777777777,0.6255741541067628,0.6433507615572833,0.5961108533601991,0.20233967827187457,,market_only,development,2024
50,2024-11-09 14:30:00,logistic_regression,370,18,4,18,log_loss,388,4,5,5,4,4,benchmark_away_not_lose_prob,{'model__C': 0.3},0.6666666666666666,0.6379856556486991,0.6584635171591693,0.5914373094261383,0.2000684959257636,,market_only,development,2024
51,2024-11-09 17:30:00,logistic_regression,374,18,4,18,log_loss,392,1,5,5,4,4,benchmark_away_not_lose_prob,{'model__C': 0.3},0.6666666666666666,0.6393668831168831,0.6561417748917749,0.5831314030961517,0.19800779924775558,,market_only,development,2024
52,2024-11-10 14:30:00,logistic_regression,375,18,4,18,log_loss,393,1,5,5,4,4,benchmark_away_not_lose_prob,{'model__C': 0.3},0.6527777777777778,0.6196488294314381,0.6423556918122135,0.5866454927304197,0.19980683771111454,,market_only,development,2024
53,2024-11-10 16:30:00,logistic_regression,376,18,4,18,log_loss,394,1,5,5,4,4,benchmark_away_not_lose_prob,{'model__C': 0.3},0.6666666666666666,0.6246864548494983,0.6540249907097733,0.5846194130005743,0.19856881363789977,,market_only,development,2024
54,2024-11-10 18:30:00,logistic_regression,377,18,4,18,log_loss,395,1,5,5,4,4,benchmark_away_not_lose_prob,{'model__C': 0.3},0.6666666666666667,0.6219864173668521,0.6588875641713805,0.5814333270397218,0.19704770525518814,,market_only,development,2024
55,2024-11-22 19:30:00,logistic_regression,378,18,4,18,log_loss,396,1,5,5,4,4,benchmark_away_not_lose_prob,{'model__C': 0.3},0.6666666666666667,0.61998001998002,0.6601731601731602,0.5858408682063532,0.19878518448129653,,market_only,development,2024
56,2024-11-23 14:30:00,logistic_regression,379,18,4,18,log_loss,397,5,5,5,4,4,benchmark_away_not_lose_prob,{'model__C': 0.3},0.6805555555555556,0.6368631368631369,0.673929773929774,0.5745007049796101,0.19373820566589617,,market_only,development,2024
57,2024-11-23 17:30:00,logistic_regression,384,18,4,18,log_loss,402,1,5,5,4,4,benchmark_away_not_lose_prob,{'model__C': 0.3},0.6527777777777778,0.6303613308551724,0.6423497859508762,0.5880484457380621,0.20011129274861106,,market_only,development,2024
58,2024-11-24 14:30:00,logistic_regression,385,18,4,18,log_loss,403,1,5,5,4,4,benchmark_away_not_lose_prob,{'model__C': 0.3},0.6527777777777777,0.6333753806579894,0.6434210917906571,0.5952341224151103,0.2028942827013383,,market_only,development,2024
59,2024-11-24 16:30:00,logistic_regression,386,18,4,18,log_loss,404,1,5,5,4,4,benchmark_away_not_lose_prob,{'model__C': 0.3},0.6666666666666666,0.6458136064030195,0.6589656711686931,0.5882762102367282,0.19961191753200383,,market_only,development,2024
60,2024-11-30 14:30:00,logistic_regression,387,18,4,18,log_loss,405,6,5,5,4,4,benchmark_away_not_lose_prob,{'model__C': 0.3},0.6527777777777778,0.6334021048610832,0.6440735584504934,0.5907531303634668,0.200748940468538,,market_only,development,2024
61,2024-11-30 17:30:00,logistic_regression,393,18,4,18,log_loss,411,1,5,5,4,4,benchmark_away_not_lose_prob,{'model__C': 0.3},0.625,0.602287718320327,0.618050136256658,0.5998384952354877,0.205226950336812,,market_only,development,2024
62,2024-12-01 16:30:00,logistic_regression,394,18,4,18,log_loss,412,2,5,5,4,4,benchmark_away_not_lose_prob,{'model__C': 0.3},0.625,0.5888261798587886,0.6158421590486808,0.6048047987941145,0.20723332322465834,,market_only,development,2024
63,2024-12-06 19:30:00,logistic_regression,396,18,4,18,log_loss,414,1,5,5,4,4,benchmark_away_not_lose_prob,{'model__C': 0.3},0.625,0.5906870906870907,0.6238095238095238,0.6073467197480962,0.20831296247568037,,market_only,development,2024
64,2024-12-07 14:30:00,logistic_regression,397,18,4,18,log_loss,415,5,5,5,4,4,benchmark_away_not_lose_prob,{'model__C': 3.0},0.625,0.5932943217772939,0.6209682703490753,0.6039968190446325,0.20620771849875497,,market_only,development,2024
65,2024-12-07 17:30:00,logistic_regression,402,18,4,18,log_loss,420,1,5,5,4,4,benchmark_away_not_lose_prob,{'model__C': 0.3},0.638888888888889,0.6241113308551726,0.632627563728654,0.5819392417963243,0.19708116195830697,,market_only,development,2024
66,2024-12-08 14:30:00,logistic_regression,403,18,4,18,log_loss,421,1,5,5,4,4,benchmark_away_not_lose_prob,{'model__C': 0.3},0.6527777777777778,0.6333753806579894,0.643421091790657,0.5777347047711546,0.19501851116275473,,market_only,development,2024
67,2024-12-08 16:30:00,logistic_regression,404,18,4,18,log_loss,422,1,5,5,4,4,benchmark_away_not_lose_prob,{'model__C': 0.3},0.6388888888888888,0.6226804895199026,0.6288881098411317,0.5854744159996049,0.19873938764435817,,market_only,development,2024
68,2024-12-13 19:30:00,logistic_regression,405,18,4,18,log_loss,423,1,5,5,4,4,benchmark_away_not_lose_prob,{'model__C': 0.3},0.6388888888888888,0.6218009342925213,0.6287795227760229,0.5844477100835492,0.1981597107718565,,market_only,development,2024
69,2024-12-14 14:30:00,logistic_regression,406,18,4,18,log_loss,424,4,5,5,4,4,benchmark_away_not_lose_prob,{'model__C': 0.3},0.6388888888888888,0.620624544537588,0.6274341600428557,0.583319459302576,0.19764253885609423,,market_only,development,2024
70,2024-12-14 17:30:00,logistic_regression,410,18,4,18,log_loss,428,1,5,5,4,4,benchmark_away_not_lose_prob,{'model__C': 1.0},0.6388888888888888,0.622005772005772,0.6289502164502164,0.5653047293331491,0.19371324418356892,,market_only,development,2024
71,2024-12-15 14:30:00,logistic_regression,411,18,4,18,log_loss,429,1,5,5,4,4,benchmark_away_not_lose_prob,{'model__C': 1.0},0.6388888888888888,0.6219365477517651,0.6316912857673727,0.5637731355687983,0.1930045376362731,,market_only,development,2024
72,2024-12-15 16:30:00,logistic_regression,412,18,4,18,log_loss,430,1,5,5,4,4,benchmark_away_not_lose_prob,{'model__C': 1.0},0.6388888888888888,0.6219365477517651,0.6316912857673727,0.5638209022951168,0.19304935426131353,,market_only,development,2024
73,2024-12-15 18:30:00,logistic_regression,413,18,4,18,log_loss,431,1,5,5,4,4,benchmark_away_not_lose_prob,{'model__C': 1.0},0.638888888888889,0.6239924927340796,0.6318120874765443,0.5700413918842755,0.19561836002213823,,market_only,development,2024
74,2024-12-20 19:30:00,logistic_regression,414,18,4,18,log_loss,432,1,5,5,4,4,benchmark_away_not_lose_prob,{'model__C': 3.0},0.6388888888888888,0.6237974585800673,0.6328210436906089,0.5669244567549027,0.19416674102836867,,market_only,development,2024
75,2024-12-21 14:30:00,logistic_regression,415,18,4,18,log_loss,433,5,5,5,4,4,benchmark_away_not_lose_prob,{'model__C': 3.0},0.6527777777777778,0.6440935225764947,0.6465815459623508,0.5568533489470933,0.1895190799532968,,market_only,development,2024
76,2024-12-21 17:30:00,logistic_regression,420,18,4,18,log_loss,438,1,5,5,4,4,benchmark_away_not_lose_prob,{'model__C': 0.3},0.625,0.6044625014237344,0.6111052052497739,0.5820845831529724,0.20151469557697194,,market_only,development,2024
77,2024-12-22 14:30:00,logistic_regression,421,18,4,18,log_loss,439,1,5,5,4,4,benchmark_away_not_lose_prob,{'model__C': 0.3},0.625,0.6041546014372101,0.6120358104053756,0.5821968982617322,0.201541883057048,,market_only,development,2024
78,2024-12-22 16:30:00,logistic_regression,422,18,4,18,log_loss,440,1,5,5,4,4,benchmark_away_not_lose_prob,{'model__C': 0.3},0.6111111111111112,0.5934597102991234,0.5975028284558503,0.5896666610692539,0.20510261929248547,,market_only,development,2024
79,2025-01-10 19:30:00,logistic_regression,423,18,4,18,log_loss,441,1,5,5,4,4,benchmark_away_not_lose_prob,{'model__C': 0.3},0.6111111111111112,0.592580155071742,0.5973942413907415,0.5888777453351437,0.20465165945859093,,market_only,development,2024
80,2025-01-11 14:30:00,logistic_regression,424,18,4,18,log_loss,442,5,5,5,4,4,benchmark_away_not_lose_prob,{'model__C': 0.3},0.6111111111111112,0.5905242100894275,0.5959402915924655,0.5889087024312484,0.20487641444885737,,market_only,development,2024
81,2025-01-11 17:30:00,logistic_regression,429,18,4,18,log_loss,447,1,5,5,4,4,benchmark_away_not_lose_prob,{'model__C': 0.3},0.6111111111111112,0.5905242100894275,0.600278948105035,0.5965570011410022,0.20783482295175323,,market_only,development,2024
82,2025-01-12 14:30:00,logistic_regression,430,18,4,18,log_loss,448,1,5,5,4,4,benchmark_away_not_lose_prob,{'model__C': 0.3},0.6111111111111112,0.5905242100894275,0.600278948105035,0.5978352213477752,0.20811949623169151,,market_only,development,2024
83,2025-01-12 16:30:00,logistic_regression,431,18,4,18,log_loss,449,1,5,5,4,4,benchmark_away_not_lose_prob,{'model__C': 0.3},0.6111111111111112,0.5958674927340797,0.6026454208098777,0.6017594013367689,0.2099653904692078,,market_only,development,2024
84,2025-01-14 17:30:00,logistic_regression,432,18,4,18,log_loss,450,1,5,5,4,4,benchmark_away_not_lose_prob,{'model__C': 0.3},0.6111111111111112,0.5952260300086387,0.6042496151191804,0.600081797723942,0.20935799128818072,,market_only,development,2024
85,2025-01-14 19:30:00,logistic_regression,433,18,4,18,log_loss,451,3,5,5,4,4,benchmark_away_not_lose_prob,{'model__C': 0.3},0.611111111111111,0.5992883277712999,0.6009827003635053,0.5995264329662794,0.20903672348864138,,market_only,development,2024
86,2025-01-15 17:30:00,logistic_regression,436,18,4,18,log_loss,454,1,5,5,4,4,benchmark_away_not_lose_prob,{'model__C': 0.3},0.5972222222222222,0.5819323792149879,0.5855495350060567,0.6069573779191718,0.21224989017650878,,market_only,development,2024
87,2025-01-15 19:30:00,logistic_regression,437,18,4,18,log_loss,455,4,5,5,4,4,benchmark_away_not_lose_prob,{'model__C': 0.3},0.5833333333333334,0.5662796697626419,0.5729130833619998,0.6115016828138407,0.21444059219703615,,market_only,development,2024
88,2025-01-17 19:30:00,logistic_regression,441,18,4,18,log_loss,459,1,5,5,4,4,benchmark_away_not_lose_prob,{'model__C': 0.3},0.638888888888889,0.6239924927340796,0.6280309657774659,0.5902025496015157,0.2046735302241175,,market_only,development,2024
89,2025-01-18 14:30:00,logistic_regression,442,18,4,18,log_loss,460,5,5,5,4,4,benchmark_away_not_lose_prob,{'model__C': 0.3},0.625,0.6067579763231937,0.6139778096299836,0.595170200712567,0.2073362529684773,,market_only,development,2024
90,2025-01-18 17:30:00,logistic_regression,447,18,4,18,log_loss,465,1,5,5,4,4,benchmark_away_not_lose_prob,{'model__C': 1.0},0.6527777777777778,0.6396253806579894,0.644265848885414,0.5868264499337643,0.20178636452021573,,market_only,development,2024
91,2025-01-19 14:30:00,logistic_regression,448,18,4,18,log_loss,466,1,5,5,4,4,benchmark_away_not_lose_prob,{'model__C': 1.0},0.6527777777777778,0.637433822216431,0.6450144058839711,0.5819807709815452,0.19977851335294183,,market_only,development,2024
92,2025-01-19 16:30:00,logistic_regression,449,18,4,18,log_loss,467,1,5,5,4,4,benchmark_away_not_lose_prob,{'model__C': 1.0},0.6527777777777778,0.6413220381886252,0.6462962144606714,0.5871329588001178,0.20222029456786875,,market_only,development,2024
93,2025-01-24 19:30:00,logistic_regression,450,18,4,18,log_loss,468,1,5,5,4,4,benchmark_away_not_lose_prob,{'model__C': 0.3},0.6388888888888888,0.624446809229418,0.6341918950614602,0.5917953028984604,0.20462475072311334,,market_only,development,2024
94,2025-01-25 14:30:00,logistic_regression,451,18,4,18,log_loss,469,5,5,5,4,4,benchmark_away_not_lose_prob,{'model__C': 0.3},0.6249999999999999,0.6116259901089622,0.61579751517832,0.6066197998756017,0.2112290118520465,,market_only,development,2024
95,2025-01-25 17:30:00,logistic_regression,456,18,4,18,log_loss,474,1,5,5,4,4,benchmark_away_not_lose_prob,{'model__C': 0.3},0.625,0.6078173374613003,0.6143389519550511,0.6000129002096608,0.20843390219065264,,market_only,development,2024
96,2025-01-26 14:30:00,logistic_regression,457,18,4,18,log_loss,475,1,5,5,4,4,benchmark_away_not_lose_prob,{'model__C': 0.3},0.625,0.6105830500096214,0.6157266142122784,0.5967270045774967,0.20679128577039674,,market_only,development,2024
97,2025-01-26 16:30:00,logistic_regression,458,18,4,18,log_loss,476,1,5,5,4,4,benchmark_away_not_lose_prob,{'model__C': 0.3},0.6527777777777778,0.6385551948051947,0.6412668350168349,0.5951206094317949,0.20602763147525924,,market_only,development,2024
98,2025-01-31 19:30:00,logistic_regression,459,18,4,18,log_loss,477,1,5,5,4,4,benchmark_away_not_lose_prob,{'model__C': 0.3},0.6527777777777778,0.6371407125483213,0.641781180775746,0.5970121047017211,0.20691385125143807,,market_only,development,2024
99,2025-02-01 14:30:00,logistic_regression,460,18,4,18,log_loss,478,5,5,5,4,4,benchmark_away_not_lose_prob,{'model__C': 0.3},0.6527777777777778,0.6334940874343049,0.6407139207410947,0.5978644075015593,0.207558056652435,,market_only,development,2024
100,2025-02-01 17:30:00,logistic_regression,465,18,4,18,log_loss,483,1,5,5,4,4,benchmark_away_not_lose_prob,{'model__C': 0.3},0.6666666666666666,0.6507364917691004,0.6572288118483771,0.5931591740871959,0.20581968241116777,,market_only,development,2024
101,2025-02-02 14:30:00,logistic_regression,466,18,4,18,log_loss,484,1,5,5,4,4,benchmark_away_not_lose_prob,{'model__C': 0.3},0.6666666666666666,0.6431937627589801,0.6572775051035921,0.5910550699336162,0.20486206299659038,,market_only,development,2024
102,2025-02-02 16:30:00,logistic_regression,467,18,4,18,log_loss,485,1,5,5,4,4,benchmark_away_not_lose_prob,{'model__C': 0.3},0.6666666666666666,0.6450952580028667,0.6616900913096565,0.5979507741551375,0.20795562639491771,,market_only,development,2024
103,2025-02-07 19:30:00,logistic_regression,468,18,4,18,log_loss,486,1,5,5,4,4,benchmark_away_not_lose_prob,{'model__C': 0.3},0.6805555555555556,0.6603070842201277,0.6746972833929356,0.5873079694920976,0.2034515239109029,,market_only,development,2024
104,2025-02-08 14:30:00,logistic_regression,469,18,4,18,log_loss,487,5,5,5,4,4,benchmark_away_not_lose_prob,{'model__C': 0.3},0.6944444444444444,0.6785714285714286,0.6865079365079364,0.5780752215264706,0.1996585941029751,,market_only,development,2024
105,2025-02-08 17:30:00,logistic_regression,474,18,4,18,log_loss,492,1,5,5,4,4,benchmark_away_not_lose_prob,{'model__C': 0.3},0.6666666666666666,0.6493757790197419,0.6587833963994955,0.596041647115893,0.2069724561400528,,market_only,development,2024
106,2025-02-09 13:30:00,logistic_regression,475,18,4,18,log_loss,493,1,5,5,4,4,benchmark_away_not_lose_prob,{'model__C': 0.3},0.6666666666666666,0.6534342205781833,0.6622706498867489,0.594126087888978,0.20600290641042548,,market_only,development,2024
107,2025-02-09 16:30:00,logistic_regression,476,18,4,18,log_loss,494,1,5,5,4,4,benchmark_away_not_lose_prob,{'model__C': 0.3},0.7083333333333334,0.6929383116883117,0.7025943963443962,0.5869031325871652,0.2025158793706436,,market_only,development,2024
108,2025-02-14 19:30:00,logistic_regression,477,18,4,18,log_loss,495,1,5,5,4,4,benchmark_away_not_lose_prob,{'model__C': 0.3},0.7083333333333334,0.6973413814446423,0.7029108723402201,0.5883987614050996,0.20316405221607797,,market_only,development,2024
109,2025-02-15 14:30:00,logistic_regression,478,18,4,18,log_loss,496,4,5,5,4,4,benchmark_away_not_lose_prob,{'model__C': 0.3},0.7222222222222222,0.7075952580028667,0.7194447209392862,0.5811570380779537,0.19986477820444828,,market_only,development,2024
110,2025-02-15 17:30:00,logistic_regression,482,18,4,18,log_loss,500,1,5,5,4,4,benchmark_away_not_lose_prob,{'model__C': 0.3},0.7222222222222222,0.7069967532467532,0.7187223424723425,0.5699489982722801,0.19567870054818842,,market_only,development,2024
111,2025-02-16 14:30:00,logistic_regression,483,18,4,18,log_loss,501,1,5,5,4,4,benchmark_away_not_lose_prob,{'model__C': 0.3},0.7222222222222222,0.7069967532467532,0.7187223424723425,0.5692399128216347,0.19539236364504226,,market_only,development,2024
112,2025-02-16 16:30:00,logistic_regression,484,18,4,18,log_loss,502,1,5,5,4,4,benchmark_away_not_lose_prob,{'model__C': 0.3},0.7083333333333333,0.686044933327542,0.7061363555928772,0.5766335117182311,0.19875453086899508,,market_only,development,2024
113,2025-02-16 18:30:00,logistic_regression,485,18,4,18,log_loss,503,1,5,5,4,4,benchmark_away_not_lose_prob,{'model__C': 0.3},0.7083333333333333,0.6920048701298702,0.7096771284271285,0.5743932348306328,0.19775333543882356,,market_only,development,2024
114,2025-02-21 19:30:00,logistic_regression,486,18,4,18,log_loss,504,1,5,5,4,4,benchmark_away_not_lose_prob,{'model__C': 0.3},0.7222222222222222,0.7031582547886897,0.7235561338822207,0.5642933383039315,0.1931054232951659,,market_only,development,2024
115,2025-02-22 14:30:00,logistic_regression,487,18,4,18,log_loss,505,4,5,5,4,4,benchmark_away_not_lose_prob,{'model__C': 0.3},0.7083333333333334,0.6844155844155845,0.7043290043290042,0.571113094083183,0.1961358018610172,,market_only,development,2024
116,2025-02-22 17:30:00,logistic_regression,491,18,4,18,log_loss,509,1,5,5,4,4,benchmark_away_not_lose_prob,{'model__C': 1.0},0.7222222222222222,0.7081067222699675,0.7260726688433984,0.5638694621314301,0.19350247659481634,,market_only,development,2024
117,2025-02-23 14:30:00,logistic_regression,492,18,4,18,log_loss,510,1,5,5,4,4,benchmark_away_not_lose_prob,{'model__C': 3.0},0.6944444444444444,0.6806257790197419,0.6958204334365324,0.556905792523986,0.1904076493699042,,market_only,development,2024
118,2025-02-23 16:30:00,logistic_regression,493,18,4,18,log_loss,511,1,5,5,4,4,benchmark_away_not_lose_prob,{'model__C': 1.0},0.6805555555555556,0.6649661668927384,0.6835573342169114,0.5721077545770219,0.19723314231922798,,market_only,development,2024
119,2025-02-23 18:30:00,logistic_regression,494,18,4,18,log_loss,512,1,5,5,4,4,benchmark_away_not_lose_prob,{'model__C': 1.0},0.7222222222222222,0.7098214285714286,0.7231812169312168,0.560610236555936,0.19202952151034025,,market_only,development,2024
120,2025-02-28 19:30:00,logistic_regression,495,18,4,18,log_loss,513,1,5,5,4,4,benchmark_away_not_lose_prob,{'model__C': 1.0},0.7222222222222222,0.7088733277591972,0.7241975566703827,0.5566134026229649,0.19024161388253125,,market_only,development,2024
121,2025-03-01 14:30:00,logistic_regression,496,18,4,18,log_loss,514,5,5,5,4,4,benchmark_away_not_lose_prob,{'model__C': 1.0},0.7222222222222222,0.7075952580028667,0.7259478796163579,0.5529927732149611,0.18881973616095213,,market_only,development,2024
122,2025-03-01 17:30:00,logistic_regression,501,18,4,18,log_loss,519,1,5,5,4,4,benchmark_away_not_lose_prob,{'model__C': 1.0},0.7361111111111112,0.7128409090909091,0.7387079124579125,0.5436594744373877,0.18430195788466588,,market_only,development,2024
123,2025-03-02 14:30:00,logistic_regression,502,18,4,18,log_loss,520,1,5,5,4,4,benchmark_away_not_lose_prob,{'model__C': 1.0},0.736111111111111,0.7044765017591105,0.7382431376996593,0.5450058313688836,0.18463547117855908,,market_only,development,2024
124,2025-03-02 16:30:00,logistic_regression,503,18,4,18,log_loss,521,1,5,5,4,4,benchmark_away_not_lose_prob,{'model__C': 1.0},0.7222222222222222,0.6837872775372776,0.728221367110256,0.5501659560366364,0.18716892719551312,,market_only,development,2024
125,2025-03-07 19:30:00,logistic_regression,504,18,4,18,log_loss,522,1,5,5,4,4,benchmark_away_not_lose_prob,{'model__C': 1.0},0.7222222222222222,0.6819942336246685,0.7281122773272531,0.5517232341533349,0.18781102319792775,,market_only,development,2024
126,2025-03-08 14:30:00,logistic_regression,505,18,4,18,log_loss,523,5,5,5,4,4,benchmark_away_not_lose_prob,{'model__C': 1.0},0.736111111111111,0.6917207792207793,0.7413961038961039,0.5445723472391035,0.18434669064867742,,market_only,development,2024
127,2025-03-08 17:30:00,logistic_regression,510,18,4,18,log_loss,528,1,5,5,4,4,benchmark_away_not_lose_prob,{'model__C': 0.3},0.6944444444444444,0.6394477833205547,0.7135604392997368,0.5720847973415719,0.19573056338164435,,market_only,development,2024
128,2025-03-09 14:30:00,logistic_regression,511,18,4,18,log_loss,529,1,5,5,4,4,benchmark_away_not_lose_prob,{'model__C': 0.3},0.6944444444444444,0.6346256096171966,0.7111860465205464,0.5758781714350569,0.19708884351370104,,market_only,development,2024
129,2025-03-09 16:30:00,logistic_regression,512,18,4,18,log_loss,530,1,5,5,4,4,benchmark_away_not_lose_prob,{'model__C': 0.3},0.7222222222222222,0.6254464285714286,0.746792328042328,0.5706048893529536,0.1944803952747461,,market_only,development,2024
130,2025-03-14 19:30:00,logistic_regression,513,18,4,18,log_loss,531,1,5,5,4,4,benchmark_away_not_lose_prob,{'model__C': 0.3},0.7222222222222222,0.6244983277591973,0.7478086677814939,0.5711666411235556,0.19474649347643894,,market_only,development,2024
131,2025-03-15 14:30:00,logistic_regression,514,18,4,18,log_loss,532,4,5,5,4,4,benchmark_away_not_lose_prob,{'model__C': 0.3},0.7222222222222222,0.6338625391088575,0.7414368709118008,0.5736015943213532,0.1959025033694246,,market_only,development,2024
132,2025-03-15 17:30:00,logistic_regression,518,18,4,18,log_loss,536,1,5,5,4,4,benchmark_away_not_lose_prob,{'model__C': 0.3},0.6944444444444445,0.6139184952978056,0.7121513990479508,0.5836843280355501,0.201103573394541,,market_only,development,2024
133,2025-03-16 15:30:00,logistic_regression,519,18,4,18,log_loss,537,1,5,5,4,4,benchmark_away_not_lose_prob,{'model__C': 0.3},0.6805555555555556,0.6083766233766233,0.6923785473785474,0.5897895277554553,0.20408961654721613,,market_only,development,2024
134,2025-03-16 16:30:00,logistic_regression,520,18,4,18,log_loss,538,1,5,5,4,4,benchmark_away_not_lose_prob,{'model__C': 0.3},0.6805555555555556,0.6022037744863832,0.6911652156217373,0.5925756332548509,0.20516077914916991,,market_only,development,2024
135,2025-03-16 18:30:00,logistic_regression,521,18,4,18,log_loss,539,1,5,5,4,4,benchmark_away_not_lose_prob,{'model__C': 0.3},0.6805555555555556,0.5945015632515633,0.6845705734594623,0.5892579416239823,0.20358225556967974,,market_only,development,2024
136,2025-03-28 19:30:00,logistic_regression,522,18,4,18,log_loss,540,1,5,5,4,4,benchmark_away_not_lose_prob,{'model__C': 0.3},0.6944444444444444,0.6089422855727203,0.6981699973849731,0.5831387324684274,0.20074670605898037,,market_only,development,2024
137,2025-03-29 14:30:00,logistic_regression,523,18,4,18,log_loss,541,5,5,5,4,4,benchmark_away_not_lose_prob,{'model__C': 0.3},0.7083333333333333,0.6409215784215785,0.713618326118326,0.5685984543124124,0.19416353603445938,,market_only,development,2024
138,2025-03-29 17:30:00,logistic_regression,528,18,4,18,log_loss,546,1,5,5,4,4,benchmark_away_not_lose_prob,{'model__C': 0.3},0.6944444444444444,0.6224255485893417,0.7058351992834752,0.5718869615174234,0.19540038698385942,,market_only,development,2024
139,2025-03-30 14:30:00,logistic_regression,529,18,4,18,log_loss,547,1,5,5,4,4,benchmark_away_not_lose_prob,{'model__C': 0.3},0.6805555555555556,0.6071488294314381,0.6877369007803791,0.5792706779252703,0.19913980415534915,,market_only,development,2024
140,2025-03-30 16:30:00,logistic_regression,530,18,4,18,log_loss,548,1,5,5,4,4,benchmark_away_not_lose_prob,{'model__C': 0.3},0.6805555555555556,0.571875,0.6965277777777779,0.5836291646478095,0.20120827582846423,,market_only,development,2024
141,2025-04-04 18:30:00,logistic_regression,531,18,4,18,log_loss,549,1,5,5,4,4,benchmark_away_not_lose_prob,{'model__C': 0.3},0.6805555555555556,0.5734218227424749,0.6967321627647715,0.5847678502745784,0.20174323090153648,,market_only,development,2024
142,2025-04-05 13:30:00,logistic_regression,532,18,4,18,log_loss,550,5,5,5,4,4,benchmark_away_not_lose_prob,{'model__C': 0.3},0.6944444444444444,0.5932375391088575,0.7054415005414304,0.5748025708294614,0.1974573076967002,,market_only,development,2024
143,2025-04-05 16:30:00,logistic_regression,537,18,4,18,log_loss,555,1,5,5,4,4,benchmark_away_not_lose_prob,{'model__C': 0.3},0.6944444444444444,0.6146266233766233,0.70372113997114,0.5771453589318895,0.1978478890575727,,market_only,development,2024
144,2025-04-06 13:30:00,logistic_regression,538,18,4,18,log_loss,556,1,5,5,4,4,benchmark_away_not_lose_prob,{'model__C': 0.3},0.6805555555555556,0.6022037744863832,0.6879136362832015,0.5842730579993666,0.2013186394632243,,market_only,development,2024
145,2025-04-06 15:30:00,logistic_regression,539,18,4,18,log_loss,557,1,5,5,4,4,benchmark_away_not_lose_prob,{'model__C': 0.3},0.6805555555555555,0.5945015632515633,0.6810983512372402,0.5813853609069993,0.19993386217797915,,market_only,development,2024
146,2025-04-11 18:30:00,logistic_regression,540,18,4,18,log_loss,558,1,5,5,4,4,benchmark_away_not_lose_prob,{'model__C': 0.3},0.6666666666666666,0.5788419511245598,0.6666761289345831,0.59294992057453,0.20500649488761896,,market_only,development,2024
147,2025-04-12 13:30:00,logistic_regression,541,18,4,18,log_loss,559,5,5,5,4,4,benchmark_away_not_lose_prob,{'model__C': 0.3},0.6666666666666666,0.5848176823176823,0.6659704184704185,0.5977983197931911,0.20669388576226597,,market_only,development,2024
148,2025-04-12 16:30:00,logistic_regression,546,18,4,18,log_loss,564,1,5,5,4,4,benchmark_away_not_lose_prob,{'model__C': 0.3},0.6527777777777778,0.5512374774012705,0.6533660634810061,0.6140863815547815,0.21402722725029208,,market_only,development,2024
149,2025-04-13 13:30:00,logistic_regression,547,18,4,18,log_loss,565,1,5,5,4,4,benchmark_away_not_lose_prob,{'model__C': 0.3},0.6527777777777778,0.5491131151457238,0.652518646812125,0.6146396650338044,0.21439333687488402,,market_only,development,2024
150,2025-04-13 15:30:00,logistic_regression,548,18,4,18,log_loss,566,1,5,5,4,4,benchmark_away_not_lose_prob,{'model__C': 0.3},0.6388888888888888,0.5047453703703704,0.6512602880658436,0.6184214109064281,0.21633390955067766,,market_only,development,2024
151,2025-04-19 13:30:00,logistic_regression,549,18,4,18,log_loss,567,5,5,5,4,4,benchmark_away_not_lose_prob,{'model__C': 0.3},0.6388888888888888,0.514726170568562,0.65436872909699,0.6193901101078307,0.21679472862908916,,market_only,development,2024
152,2025-04-19 16:30:00,logistic_regression,554,18,4,18,log_loss,572,1,5,5,4,4,benchmark_away_not_lose_prob,{'model__C': 0.3},0.638888888888889,0.5431127792746984,0.6491090468751638,0.6161482080602703,0.21599154661162054,,market_only,development,2024
153,2025-04-20 13:30:00,logistic_regression,555,18,4,18,log_loss,573,1,5,5,4,4,benchmark_away_not_lose_prob,{'model__C': 0.3},0.6388888888888888,0.5491720779220779,0.644630230880231,0.6161231404498333,0.21597885248666843,,market_only,development,2024
154,2025-04-20 15:30:00,logistic_regression,556,18,4,18,log_loss,574,1,5,5,4,4,benchmark_away_not_lose_prob,{'model__C': 0.3},0.6527777777777778,0.5608576206402294,0.6578210436906089,0.6126066321517627,0.2141848377379433,,market_only,development,2024
155,2025-04-20 17:30:00,logistic_regression,557,18,4,18,log_loss,575,1,5,5,4,4,benchmark_away_not_lose_prob,{'model__C': 0.3},0.6388888888888888,0.5383976671476671,0.6355139356528245,0.6198538653666517,0.21769029821203623,,market_only,development,2024
156,2025-04-25 18:30:00,logistic_regression,558,18,4,18,log_loss,576,1,5,5,4,4,benchmark_away_not_lose_prob,{'model__C': 0.3},0.6388888888888888,0.537495797278406,0.6365835363419904,0.6192197030452833,0.2175240522874862,,market_only,development,2024
157,2025-04-26 13:30:00,logistic_regression,559,18,4,18,log_loss,577,5,5,5,4,4,benchmark_away_not_lose_prob,{'model__C': 0.3},0.638888888888889,0.5520904095904096,0.6388997113997114,0.6238023611957897,0.21978941746853334,,market_only,development,2024
158,2025-04-26 16:30:00,logistic_regression,564,18,4,18,log_loss,582,1,5,5,4,4,benchmark_away_not_lose_prob,{'model__C': 0.3},0.6527777777777778,0.5573251397389328,0.653366063481006,0.6202628168602886,0.21704845044891963,,market_only,development,2024
159,2025-04-27 13:30:00,logistic_regression,565,18,4,18,log_loss,583,1,5,5,4,4,benchmark_away_not_lose_prob,{'model__C': 0.3},0.6527777777777778,0.5544642857142857,0.6499669312169312,0.6109761191965757,0.21311787597535767,,market_only,development,2024
160,2025-04-27 15:30:00,logistic_regression,566,18,4,18,log_loss,584,1,5,5,4,4,benchmark_away_not_lose_prob,{'model__C': 0.3},0.6527777777777778,0.5170830327080327,0.6620587488643044,0.6151315077982141,0.2148730775471253,,market_only,development,2024
161,2025-05-02 18:30:00,logistic_regression,567,18,4,18,log_loss,585,1,5,5,4,4,benchmark_away_not_lose_prob,{'model__C': 0.3},0.6527777777777777,0.5263273411371238,0.6631596060943887,0.6195155010973439,0.21681504542999305,,market_only,development,2024
162,2025-05-03 13:30:00,logistic_regression,568,18,4,18,log_loss,586,4,5,5,4,4,benchmark_away_not_lose_prob,{'model__C': 0.3},0.6527777777777778,0.533475073313783,0.6581633539698055,0.6236597163871389,0.21846301674920368,,market_only,development,2024
163,2025-05-03 16:30:00,logistic_regression,572,18,4,18,log_loss,590,1,5,5,4,4,benchmark_away_not_lose_prob,{'model__C': 0.3},0.6527777777777778,0.5445738182357373,0.6562699415360584,0.6142466854131062,0.21426275305196316,,market_only,development,2024
164,2025-05-04 13:30:00,logistic_regression,573,18,4,18,log_loss,591,1,5,5,4,4,benchmark_away_not_lose_prob,{'model__C': 0.3},0.638888888888889,0.5383976671476671,0.635146504729838,0.6200790179761609,0.21714193146115618,,market_only,development,2024
165,2025-05-04 15:30:00,logistic_regression,574,18,4,18,log_loss,592,1,5,5,4,4,benchmark_away_not_lose_prob,{'model__C': 0.3},0.625,0.5262422360248447,0.624915060784626,0.6277031718853519,0.2205134877051283,,market_only,development,2024
166,2025-05-04 17:30:00,logistic_regression,575,18,4,18,log_loss,593,1,5,5,4,4,benchmark_away_not_lose_prob,{'model__C': 0.3},0.638888888888889,0.5383976671476671,0.6303699027310138,0.618196775571205,0.2160082612133163,,market_only,development,2024
167,2025-05-09 18:30:00,logistic_regression,576,18,4,18,log_loss,594,1,5,5,4,4,benchmark_away_not_lose_prob,{'model__C': 0.3},0.638888888888889,0.537495797278406,0.6314395034201796,0.6191468906666397,0.21638969902759173,,market_only,development,2024
168,2025-05-10 13:30:00,logistic_regression,577,18,4,18,log_loss,595,4,5,5,4,4,benchmark_away_not_lose_prob,{'model__C': 0.3},0.638888888888889,0.5520904095904096,0.6289790764790765,0.6190289703065341,0.21641592356162537,,market_only,development,2024
169,2025-05-10 16:30:00,logistic_regression,581,18,4,18,log_loss,599,1,5,5,4,4,benchmark_away_not_lose_prob,{'model__C': 1.0},0.6805555555555556,0.5399490797045144,0.6513373445529242,0.5782021799461342,0.19912209765523253,,market_only,development,2024
170,2025-05-11 13:30:00,logistic_regression,582,18,4,18,log_loss,600,1,5,5,4,4,benchmark_away_not_lose_prob,{'model__C': 0.3},0.6805555555555556,0.5810658039690297,0.6588342203395967,0.5787384370334815,0.19927950477062525,,market_only,development,2024
171,2025-05-11 15:30:00,logistic_regression,583,18,4,18,log_loss,601,1,5,5,4,4,benchmark_away_not_lose_prob,{'model__C': 0.3},0.6805555555555556,0.5841517857142857,0.6629298941798941,0.581384262700412,0.20046433631768174,,market_only,development,2024
172,2025-05-11 17:30:00,logistic_regression,584,18,4,18,log_loss,602,1,5,5,4,4,benchmark_away_not_lose_prob,{'model__C': 0.3},0.6666666666666667,0.5706112585144842,0.6551367058535517,0.5846404431621698,0.20222247239601027,,market_only,development,2024
173,2025-05-17 13:30:00,logistic_regression,585,18,4,18,log_loss,603,9,5,5,4,4,benchmark_away_not_lose_prob,{'model__C': 0.3},0.6666666666666666,0.6004498780829366,0.6550007390993149,0.5812234720577942,0.2005506012382421,,market_only,development,2024
1,2025-08-22 18:30:00,logistic_regression,594,18,4,18,log_loss,612,1,5,5,4,4,benchmark_away_not_lose_prob,{'model__C': 3.0},0.7083333333333334,0.6317076199385045,0.7031417475362169,0.5655103901923915,0.1924390331861276,,market_only,test,2025
2,2025-08-23 13:30:00,logistic_regression,595,18,4,18,log_loss,613,5,5,5,4,4,benchmark_away_not_lose_prob,{'model__C': 3.0},0.7083333333333334,0.6349963924963924,0.6999667308000641,0.567321849310022,0.19311095753390156,,market_only,test,2025
3,2025-08-23 16:30:00,logistic_regression,600,18,4,18,log_loss,618,1,5,5,4,4,benchmark_away_not_lose_prob,{'model__C': 3.0},0.7361111111111112,0.6400557029589287,0.7202708084428515,0.5801722477320506,0.19724274652611584,,market_only,test,2025
4,2025-08-24 13:30:00,logistic_regression,601,18,4,18,log_loss,619,1,5,5,4,4,benchmark_away_not_lose_prob,{'model__C': 3.0},0.75,0.6535962301587301,0.7400903880070546,0.5738073482613008,0.1940713263753785,,market_only,test,2025
5,2025-08-24 15:30:00,logistic_regression,602,18,4,18,log_loss,620,1,5,5,4,4,benchmark_away_not_lose_prob,{'model__C': 3.0},0.7361111111111112,0.6291087954602972,0.727067010542477,0.5704788673433017,0.19250317839371417,,market_only,test,2025
6,2025-08-29 18:30:00,logistic_regression,603,18,4,18,log_loss,621,1,5,5,4,4,benchmark_away_not_lose_prob,{'model__C': 3.0},0.7638888888888888,0.685901383099659,0.7589707626345559,0.5625122972788765,0.18869439124737236,,market_only,test,2025
7,2025-08-30 13:30:00,logistic_regression,604,18,4,18,log_loss,622,4,5,5,4,4,benchmark_away_not_lose_prob,{'model__C': 3.0},0.7500000000000001,0.650037126388628,0.738945645875568,0.5658104282238006,0.18973160254060842,,market_only,test,2025
8,2025-08-30 16:30:00,logistic_regression,608,18,4,18,log_loss,626,1,5,5,4,4,benchmark_away_not_lose_prob,{'model__C': 3.0},0.763888888888889,0.6720924764890283,0.7474226252674528,0.5530068530628882,0.18369860597205512,,market_only,test,2025
9,2025-08-31 13:30:00,logistic_regression,609,18,4,18,log_loss,627,1,5,5,4,4,benchmark_away_not_lose_prob,{'model__C': 3.0},0.763888888888889,0.6763594898077656,0.746924693016647,0.5475062653335738,0.18197590672081143,,market_only,test,2025
10,2025-08-31 15:30:00,logistic_regression,610,18,4,18,log_loss,628,1,5,5,4,4,benchmark_away_not_lose_prob,{'model__C': 3.0},0.763888888888889,0.6758052292535051,0.7519872847459054,0.5401681987313944,0.17838011033733325,,market_only,test,2025
11,2025-08-31 17:30:00,logistic_regression,611,18,4,18,log_loss,629,1,5,5,4,4,benchmark_away_not_lose_prob,{'model__C': 3.0},0.75,0.66250481000481,0.7350326011437122,0.5465818422690407,0.18148504695840345,,market_only,test,2025
12,2025-09-12 18:30:00,logistic_regression,612,18,4,18,log_loss,630,1,5,5,4,4,benchmark_away_not_lose_prob,{'model__C': 3.0},0.7361111111111112,0.6444661979144738,0.7229368120172717,0.5573627112761819,0.18578012871340077,,market_only,test,2025
13,2025-09-13 13:30:00,logistic_regression,613,18,4,18,log_loss,631,5,5,5,4,4,benchmark_away_not_lose_prob,{'model__C': 3.0},0.7222222222222222,0.6290061327561327,0.6989584335417669,0.5669435372612717,0.19052021422101872,,market_only,test,2025
14,2025-09-13 16:30:00,logistic_regression,618,18,4,18,log_loss,636,1,5,5,4,4,benchmark_away_not_lose_prob,{'model__C': 3.0},0.763888888888889,0.6588478941649131,0.7400360580931585,0.5534266248787376,0.18460244003834855,,market_only,test,2025
15,2025-09-14 13:30:00,logistic_regression,619,18,4,18,log_loss,637,1,5,5,4,4,benchmark_away_not_lose_prob,{'model__C': 3.0},0.763888888888889,0.6815393518518519,0.7485596707818929,0.5484777615924875,0.18285903180151097,,market_only,test,2025
16,2025-09-14 15:30:00,logistic_regression,620,18,4,18,log_loss,638,1,5,5,4,4,benchmark_away_not_lose_prob,{'model__C': 3.0},0.75,0.6548922712437729,0.7291721070920181,0.5563932696801634,0.18639970396802336,,market_only,test,2025
17,2025-09-19 18:30:00,logistic_regression,621,18,4,18,log_loss,639,1,5,5,4,4,benchmark_away_not_lose_prob,{'model__C': 3.0},0.7638888888888888,0.6859013830996591,0.7435861472499404,0.5540718552829782,0.18525824547902617,,market_only,test,2025
18,2025-09-20 13:30:00,logistic_regression,622,18,4,18,log_loss,640,4,5,5,4,4,benchmark_away_not_lose_prob,{'model__C': 3.0},0.75,0.6500371263886282,0.7191476660775882,0.5560167597530783,0.18597217679895411,,market_only,test,2025
19,2025-09-20 16:30:00,logistic_regression,626,18,4,18,log_loss,644,1,5,5,4,4,benchmark_away_not_lose_prob,{'model__C': 3.0},0.763888888888889,0.6570083014048532,0.7246916114253279,0.5476836975817649,0.18219245649891416,,market_only,test,2025
20,2025-09-21 13:30:00,logistic_regression,627,18,4,18,log_loss,645,1,5,5,4,4,benchmark_away_not_lose_prob,{'model__C': 3.0},0.75,0.6524434058916818,0.7081601242520783,0.5578161496121818,0.1870477878212495,,market_only,test,2025
21,2025-09-21 15:30:00,logistic_regression,628,18,4,18,log_loss,646,1,5,5,4,4,benchmark_away_not_lose_prob,{'model__C': 0.3},0.7361111111111112,0.6411898446381206,0.6968590796177003,0.5618731558792218,0.18896856618374708,,market_only,test,2025
22,2025-09-21 17:30:00,logistic_regression,629,18,4,18,log_loss,647,1,5,5,4,4,benchmark_away_not_lose_prob,{'model__C': 0.3},0.75,0.647420634920635,0.7123015873015872,0.5588379031751135,0.1874125548557259,,market_only,test,2025
23,2025-09-26 18:30:00,logistic_regression,630,18,4,18,log_loss,648,1,5,5,4,4,benchmark_away_not_lose_prob,{'model__C': 1.0},0.7083333333333333,0.6098508132990892,0.6746462137266735,0.5666089799981998,0.19093304857749235,,market_only,test,2025
24,2025-09-27 13:30:00,logistic_regression,631,18,4,18,log_loss,649,4,5,5,4,4,benchmark_away_not_lose_prob,{'model__C': 3.0},0.7222222222222222,0.6290061327561328,0.684109948693282,0.5520011048243392,0.18445481156960794,,market_only,test,2025
25,2025-09-27 16:30:00,logistic_regression,635,18,4,18,log_loss,653,1,5,5,4,4,benchmark_away_not_lose_prob,{'model__C': 3.0},0.75,0.6153814935064935,0.7144922438672439,0.5612087312454086,0.18896725459763053,,market_only,test,2025
26,2025-09-28 13:30:00,logistic_regression,636,18,4,18,log_loss,654,1,5,5,4,4,benchmark_away_not_lose_prob,{'model__C': 3.0},0.75,0.6319647772817962,0.7137734318305323,0.5508411502009918,0.18414211269712444,,market_only,test,2025
27,2025-09-28 15:30:00,logistic_regression,637,18,4,18,log_loss,655,1,5,5,4,4,benchmark_away_not_lose_prob,{'model__C': 3.0},0.763888888888889,0.6519097222222222,0.7314814814814815,0.5454343979310283,0.1815114775262613,,market_only,test,2025
28,2025-09-28 17:30:00,logistic_regression,638,18,4,18,log_loss,656,1,5,5,4,4,benchmark_away_not_lose_prob,{'model__C': 3.0},0.7361111111111112,0.6129249792764809,0.7066452512318289,0.5465404387735195,0.18184784778013563,,market_only,test,2025
29,2025-10-03 18:30:00,logistic_regression,639,18,4,18,log_loss,657,1,5,5,4,4,benchmark_away_not_lose_prob,{'model__C': 3.0},0.7638888888888888,0.6591156688139447,0.7321774170912102,0.5443865253831612,0.1808436759303967,,market_only,test,2025
30,2025-10-04 13:30:00,logistic_regression,640,18,4,18,log_loss,658,4,5,5,4,4,benchmark_away_not_lose_prob,{'model__C': 1.0},0.736111111111111,0.6113195939210956,0.7031213313012534,0.5511095141861488,0.18378405798275274,,market_only,test,2025
31,2025-10-04 16:30:00,logistic_regression,644,18,4,18,log_loss,662,1,5,5,4,4,benchmark_away_not_lose_prob,{'model__C': 0.3},0.7083333333333333,0.5989039058004575,0.6604211596548761,0.5774725707340364,0.19635322614927442,,market_only,test,2025
32,2025-10-05 13:30:00,logistic_regression,645,18,4,18,log_loss,663,1,5,5,4,4,benchmark_away_not_lose_prob,{'model__C': 0.3},0.7222222222222222,0.6154063688546447,0.677295926721214,0.5702256300703734,0.1934882775079056,,market_only,test,2025
33,2025-10-05 15:30:00,logistic_regression,646,18,4,18,log_loss,664,1,5,5,4,4,benchmark_away_not_lose_prob,{'model__C': 0.3},0.736111111111111,0.6411898446381206,0.6917308744894951,0.5659711676798933,0.19119933859119193,,market_only,test,2025
34,2025-10-05 17:30:00,logistic_regression,647,18,4,18,log_loss,665,1,5,5,4,4,benchmark_away_not_lose_prob,{'model__C': 0.3},0.736111111111111,0.6361670736670737,0.6856000994889884,0.581684116568195,0.1979832348622496,,market_only,test,2025
35,2025-10-17 18:30:00,logistic_regression,648,18,4,18,log_loss,666,1,5,5,4,4,benchmark_away_not_lose_prob,{'model__C': 0.3},0.7083333333333334,0.6098508132990892,0.664358147883052,0.5771736361289037,0.1960765860553882,,market_only,test,2025
36,2025-10-18 13:30:00,logistic_regression,649,18,4,18,log_loss,667,5,5,5,4,4,benchmark_away_not_lose_prob,{'model__C': 0.3},0.6944444444444444,0.5888275613275613,0.6389710598043932,0.5860520990561289,0.20044980229051607,,market_only,test,2025
37,2025-10-18 16:30:00,logistic_regression,654,18,4,18,log_loss,672,1,5,5,4,4,benchmark_away_not_lose_prob,{'model__C': 0.3},0.7222222222222223,0.626468958882752,0.6766301954041418,0.5844800897267903,0.19966215841324014,,market_only,test,2025
38,2025-10-19 13:30:00,logistic_regression,655,18,4,18,log_loss,673,1,5,5,4,4,benchmark_away_not_lose_prob,{'model__C': 0.3},0.7083333333333334,0.6183760683760684,0.6605413105413105,0.5906222719677834,0.20267086874381138,,market_only,test,2025
39,2025-10-19 15:30:00,logistic_regression,656,18,4,18,log_loss,674,1,5,5,4,4,benchmark_away_not_lose_prob,{'model__C': 0.3},0.6944444444444444,0.5961755996238756,0.6460993455246329,0.5871618100880123,0.20069277950798928,,market_only,test,2025
40,2025-10-24 18:30:00,logistic_regression,657,18,4,18,log_loss,675,1,5,5,4,4,benchmark_away_not_lose_prob,{'model__C': 0.3},0.7222222222222221,0.621771978021978,0.6728683353683355,0.5858092504291217,0.20014955950644164,,market_only,test,2025
41,2025-10-25 13:30:00,logistic_regression,658,18,4,18,log_loss,676,5,5,5,4,4,benchmark_away_not_lose_prob,{'model__C': 0.3},0.6805555555555556,0.5632766024298281,0.6279847437508728,0.6023073813353417,0.20763184263814605,,market_only,test,2025
42,2025-10-25 16:30:00,logistic_regression,663,18,4,18,log_loss,681,1,5,5,4,4,benchmark_away_not_lose_prob,{'model__C': 0.3},0.6805555555555556,0.583588187036463,0.6267908762161636,0.5905331194816948,0.20310500301660497,,market_only,test,2025
43,2025-10-26 13:30:00,logistic_regression,664,18,4,18,log_loss,682,1,5,5,4,4,benchmark_away_not_lose_prob,{'model__C': 0.3},0.6944444444444444,0.6093716628199387,0.6412258239844446,0.5971667206966135,0.2060822314979431,,market_only,test,2025
44,2025-10-26 15:30:00,logistic_regression,665,18,4,18,log_loss,683,1,5,5,4,4,benchmark_away_not_lose_prob,{'model__C': 0.3},0.6944444444444444,0.6043488918488918,0.6350950489839379,0.6029443915594673,0.2085238593304572,,market_only,test,2025
45,2025-10-31 19:30:00,logistic_regression,666,18,4,18,log_loss,684,1,5,5,4,4,benchmark_away_not_lose_prob,{'model__C': 0.3},0.6666666666666666,0.5826032763532764,0.6100170148781259,0.6036661813845607,0.20914787258810688,,market_only,test,2025
46,2025-11-01 14:30:00,logistic_regression,667,18,4,18,log_loss,685,5,5,5,4,4,benchmark_away_not_lose_prob,{'model__C': 0.3},0.6666666666666666,0.5625649350649351,0.6008116883116884,0.6055156694430229,0.2099230606823997,,market_only,test,2025
47,2025-11-01 17:30:00,logistic_regression,672,18,4,18,log_loss,690,1,5,5,4,4,benchmark_away_not_lose_prob,{'model__C': 3.0},0.6805555555555556,0.5781783605921538,0.6211221232294029,0.5831189836286705,0.20143370209909123,,market_only,test,2025
48,2025-11-02 14:30:00,logistic_regression,673,18,4,18,log_loss,691,1,5,5,4,4,benchmark_away_not_lose_prob,{'model__C': 3.0},0.6805555555555556,0.5921134421134422,0.625468358801692,0.580411955103798,0.20023124687526206,,market_only,test,2025
49,2025-11-02 16:30:00,logistic_regression,674,18,4,18,log_loss,692,1,5,5,4,4,benchmark_away_not_lose_prob,{'model__C': 1.0},0.6527777777777777,0.5689280626780627,0.6007894112060779,0.5940392549537463,0.20657544678998907,,market_only,test,2025
50,2025-11-07 19:30:00,logistic_regression,675,18,4,18,log_loss,693,1,5,5,4,4,benchmark_away_not_lose_prob,{'model__C': 0.3},0.6666666666666666,0.5780219780219781,0.6105998168498169,0.5939893862933477,0.20664363900602348,,market_only,test,2025
51,2025-11-08 14:30:00,logistic_regression,676,18,4,18,log_loss,694,4,5,5,4,4,benchmark_away_not_lose_prob,{'model__C': 0.3},0.6388888888888888,0.5566233766233766,0.5863852813852812,0.6123223999791105,0.21495162214562538,,market_only,test,2025
52,2025-11-08 17:30:00,logistic_regression,680,18,4,18,log_loss,698,1,5,5,4,4,benchmark_away_not_lose_prob,{'model__C': 0.3},0.625,0.5339650687476774,0.5618784150185117,0.6097548180159411,0.2146966707061353,,market_only,test,2025
53,2025-11-09 14:30:00,logistic_regression,681,18,4,18,log_loss,699,1,5,5,4,4,benchmark_away_not_lose_prob,{'model__C': 0.3},0.6111111111111112,0.5250906500906501,0.5456013122679789,0.6248475139890993,0.22117040418585995,,market_only,test,2025
54,2025-11-09 16:30:00,logistic_regression,682,18,4,18,log_loss,700,1,5,5,4,4,benchmark_away_not_lose_prob,{'model__C': 0.3},0.625,0.5508741258741259,0.5600362600362601,0.62932325973092,0.2230775869805135,,market_only,test,2025
55,2025-11-09 18:30:00,logistic_regression,683,18,4,18,log_loss,701,1,5,5,4,4,benchmark_away_not_lose_prob,{'model__C': 0.3},0.6527777777777778,0.5793548641374728,0.5919684895530306,0.6217130500740448,0.2189941097505849,,market_only,test,2025
56,2025-11-21 19:30:00,logistic_regression,684,18,4,18,log_loss,702,1,5,5,4,4,benchmark_away_not_lose_prob,{'model__C': 1.0},0.6388888888888888,0.5698446983773071,0.5837187917199994,0.6050975797061838,0.2119487291347802,,market_only,test,2025
57,2025-11-22 14:30:00,logistic_regression,685,18,4,18,log_loss,703,5,5,5,4,4,benchmark_away_not_lose_prob,{'model__C': 3.0},0.6527777777777778,0.5777494787820876,0.5978637003093525,0.5942153356184705,0.20660321326808248,,market_only,test,2025
58,2025-11-22 17:30:00,logistic_regression,690,18,4,18,log_loss,708,1,5,5,4,4,benchmark_away_not_lose_prob,{'model__C': 3.0},0.6527777777777778,0.589015799015799,0.6056778612334168,0.5854183848145605,0.20346637449906266,,market_only,test,2025
59,2025-11-23 14:30:00,logistic_regression,691,18,4,18,log_loss,709,1,5,5,4,4,benchmark_away_not_lose_prob,{'model__C': 3.0},0.6527777777777778,0.5793548641374728,0.5991701356435656,0.5880502013440165,0.20412702136794691,,market_only,test,2025
60,2025-11-23 16:30:00,logistic_regression,692,18,4,18,log_loss,710,1,5,5,4,4,benchmark_away_not_lose_prob,{'model__C': 3.0},0.6527777777777777,0.5851118788618789,0.6096805200971869,0.5795172530662367,0.19993111996252844,,market_only,test,2025
61,2025-11-28 19:30:00,logistic_regression,693,18,4,18,log_loss,711,1,5,5,4,4,benchmark_away_not_lose_prob,{'model__C': 3.0},0.6666666666666666,0.5942057942057942,0.6194909257409258,0.5793022969581656,0.19997823760604005,,market_only,test,2025
62,2025-11-29 14:30:00,logistic_regression,694,18,4,18,log_loss,712,4,5,5,4,4,benchmark_away_not_lose_prob,{'model__C': 3.0},0.6666666666666666,0.5959179950484298,0.6256798998103346,0.5747816753727916,0.1975356951877519,,market_only,test,2025
63,2025-11-29 17:30:00,logistic_regression,698,18,4,18,log_loss,716,1,5,5,4,4,benchmark_away_not_lose_prob,{'model__C': 3.0},0.6805555555555556,0.6307065217391303,0.6479677629134151,0.5772249510996488,0.19867019720368315,,market_only,test,2025
64,2025-11-30 14:30:00,logistic_regression,699,18,4,18,log_loss,717,1,5,5,4,4,benchmark_away_not_lose_prob,{'model__C': 3.0},0.6944444444444444,0.6464785214785214,0.6615625115625116,0.5733266950375958,0.19677695529696443,,market_only,test,2025
65,2025-11-30 16:30:00,logistic_regression,700,18,4,18,log_loss,718,1,5,5,4,4,benchmark_away_not_lose_prob,{'model__C': 3.0},0.6805555555555556,0.6308941058941059,0.6414992414992415,0.5795751959503821,0.19967811840528676,,market_only,test,2025
66,2025-11-30 18:30:00,logistic_regression,701,18,4,18,log_loss,719,1,5,5,4,4,benchmark_away_not_lose_prob,{'model__C': 3.0},0.7083333333333334,0.6638339920948617,0.6720330394243438,0.5785713414591509,0.19880285874263642,,market_only,test,2025
67,2025-12-05 19:30:00,logistic_regression,702,18,4,18,log_loss,720,1,5,5,4,4,benchmark_away_not_lose_prob,{'model__C': 3.0},0.7083333333333334,0.6631557351666048,0.6729792896761495,0.5734626152833917,0.19639348818025726,,market_only,test,2025
68,2025-12-06 14:30:00,logistic_regression,703,18,4,18,log_loss,721,5,5,5,4,4,benchmark_away_not_lose_prob,{'model__C': 3.0},0.7083333333333334,0.6471444316553012,0.6650962262375306,0.5767888945631743,0.1974208726510575,,market_only,test,2025
69,2025-12-06 17:30:00,logistic_regression,708,18,4,18,log_loss,726,1,5,5,4,4,benchmark_away_not_lose_prob,{'model__C': 3.0},0.6805555555555556,0.6283104174408523,0.6423455413793577,0.6058433658435473,0.21056734304829022,,market_only,test,2025
70,2025-12-07 14:30:00,logistic_regression,709,18,4,18,log_loss,727,1,5,5,4,4,benchmark_away_not_lose_prob,{'model__C': 3.0},0.6805555555555556,0.6375559223385311,0.6429679016635539,0.6080751037946865,0.21155255986671345,,market_only,test,2025
71,2025-12-07 16:30:00,logistic_regression,710,18,4,18,log_loss,728,1,5,5,4,4,benchmark_away_not_lose_prob,{'model__C': 3.0},0.6666666666666666,0.6270791708291709,0.6300428737928738,0.6180794775964669,0.21631045721303307,,market_only,test,2025
72,2025-12-12 19:30:00,logistic_regression,711,18,4,18,log_loss,729,1,5,5,4,4,benchmark_away_not_lose_prob,{'model__C': 3.0},0.6527777777777778,0.6147415084915085,0.6158533596033596,0.6258301912679259,0.2201369724025105,,market_only,test,2025
73,2025-12-13 14:30:00,logistic_regression,712,18,4,18,log_loss,730,4,5,5,4,4,benchmark_away_not_lose_prob,{'model__C': 0.3},0.6388888888888888,0.603953709334144,0.6011759315563663,0.639155382788907,0.22626212695338455,,market_only,test,2025
74,2025-12-13 17:30:00,logistic_regression,716,18,4,18,log_loss,734,1,5,5,4,4,benchmark_away_not_lose_prob,{'model__C': 3.0},0.6805555555555556,0.6566680602006689,0.6560874210330732,0.619898767024831,0.2170747008143376,,market_only,test,2025
75,2025-12-14 14:30:00,logistic_regression,717,18,4,18,log_loss,735,1,5,5,4,4,benchmark_away_not_lose_prob,{'model__C': 3.0},0.6666666666666667,0.6392135642135641,0.6389129389129389,0.6279621572248381,0.22027217670503202,,market_only,test,2025
76,2025-12-14 16:30:00,logistic_regression,718,18,4,18,log_loss,736,1,5,5,4,4,benchmark_away_not_lose_prob,{'model__C': 3.0},0.6805555555555555,0.6514069264069264,0.6517556517556518,0.6267002616568418,0.2198233322721918,,market_only,test,2025
77,2025-12-14 18:30:00,logistic_regression,719,18,4,18,log_loss,737,1,5,5,4,4,benchmark_away_not_lose_prob,{'model__C': 3.0},0.6944444444444445,0.6701569261267739,0.6750337538801666,0.6434260141273753,0.22373481982331012,,market_only,test,2025
78,2025-12-19 19:30:00,logistic_regression,720,18,4,18,log_loss,738,1,5,5,4,4,benchmark_away_not_lose_prob,{'model__C': 3.0},0.6805555555555556,0.6582251079449558,0.6565566062428022,0.6422670419376353,0.2232439997039904,,market_only,test,2025
79,2025-12-20 14:30:00,logistic_regression,721,18,4,18,log_loss,739,5,5,5,4,4,benchmark_away_not_lose_prob,{'model__C': 3.0},0.6805555555555556,0.6565690348299043,0.6596398770311813,0.6405973135060369,0.22239597663293129,,market_only,test,2025
80,2025-12-20 17:30:00,logistic_regression,726,18,4,18,log_loss,744,1,5,5,4,4,benchmark_away_not_lose_prob,{'model__C': 3.0},0.6805555555555556,0.6494744386048734,0.6532214966997576,0.6495821844682932,0.22636844423303992,,market_only,test,2025
81,2025-12-21 14:30:00,logistic_regression,727,18,4,18,log_loss,745,1,5,5,4,4,benchmark_away_not_lose_prob,{'model__C': 3.0},0.6944444444444445,0.6661512400642835,0.668757570931484,0.6441632464640772,0.2236448949570827,,market_only,test,2025
82,2025-12-21 16:30:00,logistic_regression,728,18,4,18,log_loss,746,1,5,5,4,4,benchmark_away_not_lose_prob,{'model__C': 3.0},0.6944444444444444,0.6684253246753247,0.6708904521404522,0.6500405159780341,0.22635763842955542,,market_only,test,2025
83,2026-01-09 19:30:00,logistic_regression,729,18,4,18,log_loss,747,1,5,5,4,4,benchmark_away_not_lose_prob,{'model__C': 3.0},0.6944444444444444,0.6694967532467533,0.6718440355940356,0.6466271525684797,0.2256459314460612,,market_only,test,2025
84,2026-01-10 14:30:00,logistic_regression,730,18,4,18,log_loss,748,3,5,5,4,4,benchmark_away_not_lose_prob,{'model__C': 3.0},0.6805555555555556,0.6559991638795987,0.6624806453610801,0.6398116474649084,0.22193785616672734,,market_only,test,2025
85,2026-01-10 17:30:00,logistic_regression,733,18,4,18,log_loss,751,1,5,5,4,4,benchmark_away_not_lose_prob,{'model__C': 3.0},0.6944444444444444,0.6691680602006689,0.6793067942524464,0.6494267076444662,0.22532230434812803,,market_only,test,2025
86,2026-01-11 14:30:00,logistic_regression,734,18,4,18,log_loss,752,1,5,5,4,4,benchmark_away_not_lose_prob,{'model__C': 3.0},0.6805555555555556,0.6455416865742953,0.6678853453309974,0.6557914695014055,0.22828254096895428,,market_only,test,2025
87,2026-01-11 16:30:00,logistic_regression,735,18,4,18,log_loss,753,1,5,5,4,4,benchmark_away_not_lose_prob,{'model__C': 3.0},0.6805555555555556,0.6406746031746031,0.6666005291005291,0.6586235044865679,0.2296205358629114,,market_only,test,2025
88,2026-01-13 17:30:00,logistic_regression,736,18,4,18,log_loss,754,1,5,5,4,4,benchmark_away_not_lose_prob,{'model__C': 3.0},0.6944444444444444,0.663994338994339,0.6779017279017279,0.6454472723373195,0.22403847726146017,,market_only,test,2025
89,2026-01-13 19:30:00,logistic_regression,737,18,4,18,log_loss,755,2,5,5,4,4,benchmark_away_not_lose_prob,{'model__C': 3.0},0.7222222222222223,0.7028841988540466,0.7127105215569343,0.637031823380099,0.2205912973164837,,market_only,test,2025
90,2026-01-14 17:30:00,logistic_regression,739,18,4,18,log_loss,757,1,5,5,4,4,benchmark_away_not_lose_prob,{'model__C': 3.0},0.7083333333333334,0.6932367149758454,0.6969528056484579,0.6349958220105215,0.21970408207086156,,market_only,test,2025
91,2026-01-14 19:30:00,logistic_regression,740,18,4,18,log_loss,758,3,5,5,4,4,benchmark_away_not_lose_prob,{'model__C': 3.0},0.7083333333333334,0.6978986291486291,0.6971861471861471,0.6423903188507781,0.22284793188873142,,market_only,test,2025
92,2026-01-15 19:30:00,logistic_regression,743,18,4,18,log_loss,761,1,5,5,4,4,benchmark_away_not_lose_prob,{'model__C': 3.0},0.75,0.7391931114551085,0.7390773707143675,0.6297153142797991,0.21743694368545133,,market_only,test,2025
93,2026-01-16 19:30:00,logistic_regression,744,18,4,18,log_loss,762,1,5,5,4,4,benchmark_away_not_lose_prob,{'model__C': 3.0},0.75,0.7393887039061355,0.7380075568728146,0.6316181657987632,0.21811083658886019,,market_only,test,2025
94,2026-01-17 14:30:00,logistic_regression,745,18,4,18,log_loss,763,5,5,5,4,4,benchmark_away_not_lose_prob,{'model__C': 3.0},0.7222222222222223,0.7051122790253226,0.7041832563571695,0.6328630590819088,0.21855983094781362,,market_only,test,2025
95,2026-01-17 17:30:00,logistic_regression,750,18,4,18,log_loss,768,1,5,5,4,4,benchmark_away_not_lose_prob,{'model__C': 3.0},0.6805555555555556,0.6668436633026416,0.6713184848633764,0.6453544322067912,0.2243265822728509,,market_only,test,2025
96,2026-01-18 14:30:00,logistic_regression,751,18,4,18,log_loss,769,1,5,5,4,4,benchmark_away_not_lose_prob,{'model__C': 3.0},0.6944444444444444,0.6769960109549893,0.6891823339772255,0.6328398142939596,0.21852965592206547,,market_only,test,2025
97,2026-01-18 16:30:00,logistic_regression,752,18,4,18,log_loss,770,1,5,5,4,4,benchmark_away_not_lose_prob,{'model__C': 3.0},0.6666666666666667,0.6397817460317461,0.6653769841269841,0.6501647431238088,0.22590237301424237,,market_only,test,2025
98,2026-01-23 19:30:00,logistic_regression,753,18,4,18,log_loss,771,1,5,5,4,4,benchmark_away_not_lose_prob,{'model__C': 3.0},0.6944444444444444,0.6681513833603616,0.6981049437318787,0.6444012311150316,0.22299296400049326,,market_only,test,2025
99,2026-01-24 14:30:00,logistic_regression,754,18,4,18,log_loss,772,5,5,5,4,4,benchmark_away_not_lose_prob,{'model__C': 3.0},0.7083333333333334,0.688994338994339,0.7075313575313575,0.6370274917405533,0.21977215039508957,,market_only,test,2025
100,2026-01-24 17:30:00,logistic_regression,759,18,4,18,log_loss,777,1,5,5,4,4,benchmark_away_not_lose_prob,{'model__C': 3.0},0.7500000000000001,0.7329845333022071,0.7455763606429914,0.6457712189988414,0.22233798231398955,,market_only,test,2025
101,2026-01-25 14:30:00,logistic_regression,760,18,4,18,log_loss,778,1,5,5,4,4,benchmark_away_not_lose_prob,{'model__C': 3.0},0.75,0.7242938311688312,0.7429948292448292,0.6443492596369393,0.22155576654723336,,market_only,test,2025
102,2026-01-25 16:30:00,logistic_regression,761,18,4,18,log_loss,779,1,5,5,4,4,benchmark_away_not_lose_prob,{'model__C': 3.0},0.75,0.7095634818254787,0.7419580291505815,0.6455656415585789,0.22202990076526097,,market_only,test,2025
103,2026-01-27 19:30:00,logistic_regression,762,18,4,18,log_loss,780,2,5,5,4,4,benchmark_away_not_lose_prob,{'model__C': 3.0},0.7361111111111112,0.7009271654445972,0.7237625426278005,0.6517819020289837,0.22473292512051235,,market_only,test,2025
104,2026-01-30 19:30:00,logistic_regression,764,18,4,18,log_loss,782,1,5,5,4,4,benchmark_away_not_lose_prob,{'model__C': 3.0},0.7083333333333334,0.6639580327080327,0.6966998022553578,0.6482918222205863,0.22358755541352426,,market_only,test,2025
105,2026-01-31 14:30:00,logistic_regression,765,18,4,18,log_loss,783,5,5,5,4,4,benchmark_away_not_lose_prob,{'model__C': 3.0},0.6944444444444445,0.6516200185550031,0.6840783943088724,0.6545188073630512,0.2265089716016202,,market_only,test,2025
106,2026-01-31 17:30:00,logistic_regression,770,18,4,18,log_loss,788,1,5,5,4,4,benchmark_away_not_lose_prob,{'model__C': 3.0},0.638888888888889,0.5921855921855922,0.6331654456654456,0.6753232621299948,0.23571400264857387,,market_only,test,2025
107,2026-02-01 14:30:00,logistic_regression,771,18,4,18,log_loss,789,1,5,5,4,4,benchmark_away_not_lose_prob,{'model__C': 3.0},0.6527777777777778,0.6071623723713506,0.6517068973338322,0.6697740229860477,0.2338129440096194,,market_only,test,2025
108,2026-02-01 16:30:00,logistic_regression,772,18,4,18,log_loss,790,1,5,5,4,4,benchmark_away_not_lose_prob,{'model__C': 3.0},0.6805555555555555,0.6536858974358974,0.6777243589743591,0.6570306201389245,0.22808744328033365,,market_only,test,2025
109,2026-02-06 19:30:00,logistic_regression,773,18,4,18,log_loss,791,1,5,5,4,4,benchmark_away_not_lose_prob,{'model__C': 3.0},0.6666666666666667,0.6388404165493948,0.6590302404853489,0.6576633605183934,0.2289936652495129,,market_only,test,2025
110,2026-02-07 14:30:00,logistic_regression,774,18,4,18,log_loss,792,5,5,5,4,4,benchmark_away_not_lose_prob,{'model__C': 3.0},0.6666666666666666,0.6361306263396047,0.6539793425242342,0.6543659436565289,0.22752511527886504,,market_only,test,2025
111,2026-02-07 17:30:00,logistic_regression,779,18,4,18,log_loss,797,1,5,5,4,4,benchmark_away_not_lose_prob,{'model__C': 3.0},0.6944444444444444,0.6470634818254788,0.674828399520952,0.6642682778558264,0.23040632671617067,,market_only,test,2025
112,2026-02-08 14:30:00,logistic_regression,780,18,4,18,log_loss,798,1,5,5,4,4,benchmark_away_not_lose_prob,{'model__C': 3.0},0.7083333333333334,0.661632547019544,0.6870948624818595,0.6420804014928314,0.22091234315026248,,market_only,test,2025
113,2026-02-08 16:30:00,logistic_regression,781,18,4,18,log_loss,799,1,5,5,4,4,benchmark_away_not_lose_prob,{'model__C': 3.0},0.6805555555555556,0.6288850280154629,0.6566699001481611,0.6380677958958445,0.21916816278287404,,market_only,test,2025
114,2026-02-13 19:30:00,logistic_regression,782,18,4,18,log_loss,800,1,5,5,4,4,benchmark_away_not_lose_prob,{'model__C': 3.0},0.6944444444444445,0.6462691998018084,0.6790109693491335,0.6294454215977063,0.2151556498653446,,market_only,test,2025
115,2026-02-14 14:30:00,logistic_regression,783,18,4,18,log_loss,801,5,5,5,4,4,benchmark_away_not_lose_prob,{'model__C': 3.0},0.6944444444444445,0.6462688479864411,0.6805790755921624,0.6293511347970906,0.21508109287479582,,market_only,test,2025
116,2026-02-14 17:30:00,logistic_regression,788,18,4,18,log_loss,806,1,5,5,4,4,benchmark_away_not_lose_prob,{'model__C': 3.0},0.6527777777777778,0.6046855921855921,0.6461284086284086,0.6224413964992167,0.2125440231471396,,market_only,test,2025
117,2026-02-15 14:30:00,logistic_regression,789,18,4,18,log_loss,807,1,5,5,4,4,benchmark_away_not_lose_prob,{'model__C': 3.0},0.6666666666666666,0.6207502636682203,0.6634888030785864,0.6197620790896491,0.21124022045166446,,market_only,test,2025
118,2026-02-15 16:30:00,logistic_regression,790,18,4,18,log_loss,808,1,5,5,4,4,benchmark_away_not_lose_prob,{'model__C': 3.0},0.6666666666666666,0.6394960109549892,0.6617284869413353,0.6206924898342959,0.21193177230596777,,market_only,test,2025
119,2026-02-20 19:30:00,logistic_regression,791,18,4,18,log_loss,809,1,5,5,4,4,benchmark_away_not_lose_prob,{'model__C': 3.0},0.6666666666666667,0.6388404165493948,0.6560202645651562,0.5949217093356846,0.2045516047241303,,market_only,test,2025
120,2026-02-21 14:30:00,logistic_regression,792,18,4,18,log_loss,810,4,5,5,4,4,benchmark_away_not_lose_prob,{'model__C': 3.0},0.6666666666666666,0.6361306263396047,0.6539793425242342,0.5973682150257269,0.20578210975006522,,market_only,test,2025
121,2026-02-21 17:30:00,logistic_regression,796,18,4,18,log_loss,814,1,5,5,4,4,benchmark_away_not_lose_prob,{'model__C': 3.0},0.7083333333333334,0.6765093884443729,0.6911924269973805,0.5923838745847455,0.20360046398674675,,market_only,test,2025
122,2026-02-22 14:30:00,logistic_regression,797,18,4,18,log_loss,815,1,5,5,4,4,benchmark_away_not_lose_prob,{'model__C': 3.0},0.7083333333333334,0.6617790391010205,0.6901556269031328,0.5909774902639858,0.2028206260367543,,market_only,test,2025
123,2026-02-22 16:30:00,logistic_regression,798,18,4,18,log_loss,816,1,5,5,4,4,benchmark_away_not_lose_prob,{'model__C': 3.0},0.6944444444444444,0.649727785114782,0.6751901005770975,0.5940022636751106,0.20440777305219224,,market_only,test,2025
124,2026-02-22 18:30:00,logistic_regression,799,18,4,18,log_loss,817,1,5,5,4,4,benchmark_away_not_lose_prob,{'model__C': 3.0},0.6527777777777778,0.6066126443216227,0.6338809453360538,0.6010234254168223,0.2078667364391794,,market_only,test,2025
125,2026-02-27 19:30:00,logistic_regression,800,18,4,18,log_loss,818,1,5,5,4,4,benchmark_away_not_lose_prob,{'model__C': 3.0},0.6527777777777778,0.6112459799875669,0.6381541295371853,0.5950565617453928,0.20532411184274796,,market_only,test,2025
126,2026-02-28 14:30:00,logistic_regression,801,18,4,18,log_loss,819,4,5,5,4,4,benchmark_away_not_lose_prob,{'model__C': 3.0},0.638888888888889,0.5978365372631087,0.6245791381371165,0.606197505240393,0.20972682023549313,,market_only,test,2025
127,2026-02-28 17:30:00,logistic_regression,805,18,4,18,log_loss,823,1,5,5,4,4,benchmark_away_not_lose_prob,{'model__C': 3.0},0.5972222222222223,0.5754313256403039,0.5853721164170079,0.6244176215218564,0.21865600037055805,,market_only,test,2025
128,2026-03-01 14:30:00,logistic_regression,806,18,4,18,log_loss,824,1,5,5,4,4,benchmark_away_not_lose_prob,{'model__C': 3.0},0.5972222222222223,0.572542735042735,0.5842236467236467,0.6243258196271868,0.21875840342470657,,market_only,test,2025
129,2026-03-01 16:30:00,logistic_regression,807,18,4,18,log_loss,825,1,5,5,4,4,benchmark_away_not_lose_prob,{'model__C': 3.0},0.6111111111111112,0.5886074065253631,0.6015840411738244,0.618117826480808,0.2158764260162674,,market_only,test,2025
130,2026-03-01 18:30:00,logistic_regression,808,18,4,18,log_loss,826,1,5,5,4,4,benchmark_away_not_lose_prob,{'model__C': 3.0},0.5972222222222222,0.58015535161433,0.5852938105066589,0.6272627887651637,0.2199291603929175,,market_only,test,2025
131,2026-03-04 19:30:00,logistic_regression,809,18,4,18,log_loss,827,1,5,5,4,4,benchmark_away_not_lose_prob,{'model__C': 3.0},0.5972222222222223,0.5710482087571871,0.5797432082880999,0.6226813018180988,0.21784774831205492,,market_only,test,2025
132,2026-03-06 19:30:00,logistic_regression,810,18,4,18,log_loss,828,1,5,5,4,4,benchmark_away_not_lose_prob,{'model__C': 3.0},0.6111111111111112,0.5817475094564877,0.5926517811966728,0.6137165920495447,0.21369914239575608,,market_only,test,2025
133,2026-03-07 14:30:00,logistic_regression,811,18,4,18,log_loss,829,5,5,5,4,4,benchmark_away_not_lose_prob,{'model__C': 3.0},0.625,0.5975757575757575,0.6068542568542568,0.6082601518972898,0.21132560635773256,,market_only,test,2025
134,2026-03-07 17:30:00,logistic_regression,816,18,4,18,log_loss,834,1,5,5,4,4,benchmark_away_not_lose_prob,{'model__C': 3.0},0.625,0.575997335997336,0.6036241536241536,0.5952795849807361,0.20485672283180403,,market_only,test,2025
135,2026-03-08 14:30:00,logistic_regression,817,18,4,18,log_loss,835,1,5,5,4,4,benchmark_away_not_lose_prob,{'model__C': 3.0},0.625,0.5742189510583642,0.6061323654135607,0.5971597012160308,0.20572672774011375,,market_only,test,2025
136,2026-03-08 16:30:00,logistic_regression,818,18,4,18,log_loss,836,1,5,5,4,4,benchmark_away_not_lose_prob,{'model__C': 3.0},0.638888888888889,0.5922451438671656,0.624492851201994,0.5904600166770892,0.20247207771986578,,market_only,test,2025
137,2026-03-13 19:30:00,logistic_regression,819,18,4,18,log_loss,837,1,5,5,4,4,benchmark_away_not_lose_prob,{'model__C': 3.0},0.6527777777777778,0.604995979987567,0.6395430184260743,0.5878175131475438,0.20101961261418522,,market_only,test,2025
138,2026-03-14 14:30:00,logistic_regression,820,18,4,18,log_loss,838,4,5,5,4,4,benchmark_away_not_lose_prob,{'model__C': 3.0},0.6527777777777778,0.6162256222038831,0.638136621832274,0.5881436156976396,0.2012942254032955,,market_only,test,2025
139,2026-03-14 17:30:00,logistic_regression,824,18,4,18,log_loss,842,1,5,5,4,4,benchmark_away_not_lose_prob,{'model__C': 3.0},0.6666666666666666,0.6385033444816053,0.6529713241669762,0.587729943482752,0.20092239781154184,,market_only,test,2025
140,2026-03-15 14:30:00,logistic_regression,825,18,4,18,log_loss,843,1,5,5,4,4,benchmark_away_not_lose_prob,{'model__C': 3.0},0.6666666666666666,0.6370397172486955,0.6569819834448317,0.5905218740135566,0.2022453727347855,,market_only,test,2025
141,2026-03-15 16:30:00,logistic_regression,826,18,4,18,log_loss,844,1,5,5,4,4,benchmark_away_not_lose_prob,{'model__C': 3.0},0.6666666666666666,0.6455399669989453,0.657516032728881,0.5945432801636678,0.20418805507422932,,market_only,test,2025
142,2026-03-15 18:30:00,logistic_regression,827,18,4,18,log_loss,845,1,5,5,4,4,benchmark_away_not_lose_prob,{'model__C': 3.0},0.6527777777777778,0.6219572996662779,0.6391371476820392,0.5982139464601359,0.20600463265404678,,market_only,test,2025
143,2026-03-20 19:30:00,logistic_regression,828,18,4,18,log_loss,846,1,5,5,4,4,benchmark_away_not_lose_prob,{'model__C': 3.0},0.6527777777777778,0.6192475094564878,0.6352443737892653,0.581467253990378,0.2001931390624662,,market_only,test,2025
144,2026-03-21 14:30:00,logistic_regression,829,18,4,18,log_loss,847,4,5,5,4,4,benchmark_away_not_lose_prob,{'model__C': 3.0},0.6527777777777778,0.6227380952380952,0.6346320346320345,0.5851213454255179,0.20186219496679514,,market_only,test,2025
145,2026-03-21 17:30:00,logistic_regression,833,18,4,18,log_loss,851,1,5,5,4,4,benchmark_away_not_lose_prob,{'model__C': 3.0},0.6666666666666666,0.6428405572755418,0.6493550051599587,0.5758588081838648,0.1978117715090283,,market_only,test,2025
146,2026-03-22 14:30:00,logistic_regression,834,18,4,18,log_loss,852,1,5,5,4,4,benchmark_away_not_lose_prob,{'model__C': 3.0},0.6666666666666666,0.6392080383384731,0.6509671487932357,0.5776176684356824,0.198689242936369,,market_only,test,2025
147,2026-03-22 16:30:00,logistic_regression,835,18,4,18,log_loss,853,1,5,5,4,4,benchmark_away_not_lose_prob,{'model__C': 3.0},0.6527777777777778,0.625018151857565,0.6385832478644432,0.5872542776031899,0.20288403573877192,,market_only,test,2025
148,2026-03-22 18:30:00,logistic_regression,836,18,4,18,log_loss,854,1,5,5,4,4,benchmark_away_not_lose_prob,{'model__C': 3.0},0.6527777777777778,0.6342124358344576,0.6398180609716482,0.5896231513165564,0.20385386459791102,,market_only,test,2025
149,2026-04-04 13:30:00,logistic_regression,837,18,4,18,log_loss,855,6,5,5,4,4,benchmark_away_not_lose_prob,{'model__C': 3.0},0.6666666666666666,0.646963271954859,0.6548682281957284,0.5837133911515895,0.20109392821089056,,market_only,test,2025
150,2026-04-04 16:30:00,logistic_regression,843,18,4,18,log_loss,861,1,5,5,4,4,benchmark_away_not_lose_prob,{'model__C': 3.0},0.6666666666666666,0.6471358710948494,0.6621101885730368,0.5809651072526395,0.19954873839014084,,market_only,test,2025
151,2026-04-05 13:30:00,logistic_regression,844,18,4,18,log_loss,862,1,5,5,4,4,benchmark_away_not_lose_prob,{'model__C': 3.0},0.6666666666666666,0.6455399669989453,0.6609882549511032,0.5820908697577458,0.2000987721335617,,market_only,test,2025
152,2026-04-05 15:30:00,logistic_regression,845,18,4,18,log_loss,863,1,5,5,4,4,benchmark_away_not_lose_prob,{'model__C': 3.0},0.6805555555555556,0.6546845723935506,0.6725714911163827,0.5771315818417379,0.19777302884646178,,market_only,test,2025
153,2026-04-10 18:30:00,logistic_regression,846,18,4,18,log_loss,864,1,5,5,4,4,benchmark_away_not_lose_prob,{'model__C': 3.0},0.6666666666666667,0.6412754814844598,0.6611573497022413,0.5793172067050982,0.19885822063178796,,market_only,test,2025
154,2026-04-11 13:30:00,logistic_regression,847,18,4,18,log_loss,865,4,5,5,4,4,benchmark_away_not_lose_prob,{'model__C': 3.0},0.6805555555555556,0.6446909571909571,0.677355566244455,0.5716187267083711,0.1951825172186863,,market_only,test,2025
155,2026-04-11 16:30:00,logistic_regression,851,18,4,18,log_loss,869,1,5,5,4,4,benchmark_away_not_lose_prob,{'model__C': 3.0},0.6944444444444444,0.663994403429388,0.6910216718266253,0.5559311189773928,0.18913083072285447,,market_only,test,2025
156,2026-04-12 13:30:00,logistic_regression,852,18,4,18,log_loss,870,1,5,5,4,4,benchmark_away_not_lose_prob,{'model__C': 3.0},0.6944444444444444,0.661160900291335,0.6936906804056562,0.553301465595965,0.18842707257824956,,market_only,test,2025
157,2026-04-12 15:30:00,logistic_regression,853,18,4,18,log_loss,871,1,5,5,4,4,benchmark_away_not_lose_prob,{'model__C': 3.0},0.6805555555555556,0.6469710138104269,0.6813067794768637,0.5629835417221101,0.19289743313706886,,market_only,test,2025
158,2026-04-12 17:30:00,logistic_regression,854,18,4,18,log_loss,872,1,5,5,4,4,benchmark_away_not_lose_prob,{'model__C': 3.0},0.6805555555555556,0.6577454245848376,0.6774924638634424,0.5626011750795741,0.19274302246487066,,market_only,test,2025
159,2026-04-17 18:30:00,logistic_regression,855,18,4,18,log_loss,873,1,5,5,4,4,benchmark_away_not_lose_prob,{'model__C': 3.0},0.6944444444444444,0.670496260705239,0.6925426310875227,0.5585946781932066,0.19075130736221746,,market_only,test,2025
160,2026-04-18 13:30:00,logistic_regression,856,18,4,18,log_loss,874,4,5,5,4,4,benchmark_away_not_lose_prob,{'model__C': 3.0},0.6944444444444444,0.662094568072829,0.6913774139619551,0.5573349419698223,0.19016791838604102,,market_only,test,2025
161,2026-04-18 16:30:00,logistic_regression,860,18,4,18,log_loss,878,1,5,5,4,4,benchmark_away_not_lose_prob,{'model__C': 0.3},0.6944444444444444,0.6667813165095774,0.6905911117867639,0.5720975648853814,0.19619499372417398,,market_only,test,2025
162,2026-04-19 13:30:00,logistic_regression,861,18,4,18,log_loss,879,1,5,5,4,4,benchmark_away_not_lose_prob,{'model__C': 0.3},0.6944444444444444,0.6628409090909091,0.6902272727272727,0.5716383758197006,0.19598525591652793,,market_only,test,2025
163,2026-04-19 15:30:00,logistic_regression,862,18,4,18,log_loss,880,1,5,5,4,4,benchmark_away_not_lose_prob,{'model__C': 0.3},0.6944444444444444,0.6678123506927856,0.6897117375378244,0.5706512777590586,0.19548186130555362,,market_only,test,2025
164,2026-04-19 17:30:00,logistic_regression,863,18,4,18,log_loss,881,1,5,5,4,4,benchmark_away_not_lose_prob,{'model__C': 3.0},0.7083333333333334,0.6807792207792208,0.7011928811928811,0.5598452117610098,0.19049923925583423,,market_only,test,2025
1,2024-08-23 18:30:00,naive_bayes,288,18,4,18,log_loss,306,1,5,5,4,4,benchmark_away_not_lose_prob,{'model__var_smoothing': 1e-07},0.5694444444444444,0.5331168831168831,0.5607864357864358,0.9088531697225601,0.26551893559337447,,market_only,development,2024
2,2024-08-24 13:30:00,naive_bayes,289,18,4,18,log_loss,307,5,5,5,4,4,benchmark_away_not_lose_prob,{'model__var_smoothing': 1e-07},0.5833333333333334,0.5435714285714286,0.5725204425204424,0.859296718204627,0.2525137542609258,,market_only,development,2024
3,2024-08-24 16:30:00,naive_bayes,294,18,4,18,log_loss,312,1,5,5,4,4,benchmark_away_not_lose_prob,{'model__var_smoothing': 1e-07},0.5833333333333334,0.5477803446553446,0.5744363275613276,0.892060610970786,0.2592005240402746,,market_only,development,2024
4,2024-08-25 13:30:00,naive_bayes,295,18,4,18,log_loss,313,1,5,5,4,4,benchmark_away_not_lose_prob,{'model__var_smoothing': 1e-07},0.5833333333333334,0.5414920219099786,0.57166609333792,0.8958016914811516,0.2606409312751728,,market_only,development,2024
5,2024-08-25 15:30:00,naive_bayes,296,18,4,18,log_loss,314,1,5,5,4,4,benchmark_away_not_lose_prob,{'model__var_smoothing': 1e-07},0.5972222222222222,0.565628040437823,0.5809534235892931,0.8280247993233303,0.24654792621395827,,market_only,development,2024
6,2024-08-30 18:30:00,naive_bayes,297,18,4,18,log_loss,315,1,5,5,4,4,benchmark_away_not_lose_prob,{'model__var_smoothing': 1e-07},0.6111111111111112,0.5694318181818181,0.5935353535353536,0.8163243773440123,0.24171884320287967,,market_only,development,2024
7,2024-08-31 13:30:00,naive_bayes,298,18,4,18,log_loss,316,5,5,5,4,4,benchmark_away_not_lose_prob,{'model__var_smoothing': 1e-07},0.5972222222222222,0.5543790188140034,0.5805133276882504,0.8197009421524752,0.24314223137462168,,market_only,development,2024
8,2024-08-31 16:30:00,naive_bayes,303,18,4,18,log_loss,321,1,5,5,4,4,benchmark_away_not_lose_prob,{'model__var_smoothing': 1e-07},0.5972222222222223,0.5604545454545455,0.5777609427609428,0.6820634136578304,0.23058302684728466,,market_only,development,2024
9,2024-09-01 13:30:00,naive_bayes,304,18,4,18,log_loss,322,1,5,5,4,4,benchmark_away_not_lose_prob,{'model__var_smoothing': 1e-07},0.5833333333333334,0.5479545454545455,0.566506734006734,0.6879193851725591,0.2345095447865767,,market_only,development,2024
10,2024-09-01 15:30:00,naive_bayes,305,18,4,18,log_loss,323,1,5,5,4,4,benchmark_away_not_lose_prob,{'model__var_smoothing': 1e-07},0.5833333333333334,0.5527657125483213,0.5676887524713612,0.6907431431259493,0.23817280091209198,,market_only,development,2024
11,2024-09-13 18:30:00,naive_bayes,306,18,4,18,log_loss,324,1,5,5,4,4,benchmark_away_not_lose_prob,{'model__var_smoothing': 1e-07},0.5833333333333334,0.5581168831168831,0.5691197691197691,0.6833797917569059,0.23584807598310617,,market_only,development,2024
12,2024-09-14 13:30:00,naive_bayes,307,18,4,18,log_loss,325,5,5,5,4,4,benchmark_away_not_lose_prob,{'model__var_smoothing': 1e-07},0.5833333333333334,0.5560714285714285,0.5711315536315535,0.6875482259309013,0.23733326706458918,,market_only,development,2024
13,2024-09-14 16:30:00,naive_bayes,312,18,4,18,log_loss,330,1,5,5,4,4,benchmark_away_not_lose_prob,{'model__var_smoothing': 1e-07},0.5833333333333333,0.5433972277722278,0.5744363275613276,0.7078489416825413,0.24070142376860895,,market_only,development,2024
14,2024-09-15 13:30:00,naive_bayes,313,18,4,18,log_loss,331,1,5,5,4,4,benchmark_away_not_lose_prob,{'model__var_smoothing': 1e-07},0.5833333333333334,0.5336640711556582,0.5735928805992071,0.7097284493189343,0.2410832089890372,,market_only,development,2024
15,2024-09-15 15:30:00,naive_bayes,314,18,4,18,log_loss,332,1,5,5,4,4,benchmark_away_not_lose_prob,{'model__var_smoothing': 1e-07},0.5694444444444444,0.533119923554706,0.554217312478182,0.7235540520072612,0.24711737947206663,,market_only,development,2024
16,2024-09-20 18:30:00,naive_bayes,315,18,4,18,log_loss,333,1,5,5,4,4,benchmark_away_not_lose_prob,{'model__var_smoothing': 1e-07},0.5694444444444444,0.5203306476132563,0.5516317860883078,0.7294880926092653,0.24872038415792663,,market_only,development,2024
17,2024-09-21 13:30:00,naive_bayes,316,18,4,18,log_loss,334,4,5,5,4,4,benchmark_away_not_lose_prob,{'model__var_smoothing': 1e-07},0.5833333333333334,0.5302884615384615,0.5676994301994303,0.7211091125411819,0.2443899465088688,,market_only,development,2024
18,2024-09-21 16:30:00,naive_bayes,320,18,4,18,log_loss,338,1,5,5,4,4,benchmark_away_not_lose_prob,{'model__var_smoothing': 1e-07},0.6111111111111112,0.5605207292707293,0.5921090483590483,0.6790901728290296,0.2279532119905917,,market_only,development,2024
19,2024-09-22 13:30:00,naive_bayes,321,18,4,18,log_loss,339,1,5,5,4,4,benchmark_away_not_lose_prob,{'model__var_smoothing': 1e-07},0.6111111111111112,0.5667045454545455,0.5928072390572392,0.6874085425488362,0.23106535589400357,,market_only,development,2024
20,2024-09-22 15:30:00,naive_bayes,322,18,4,18,log_loss,340,1,5,5,4,4,benchmark_away_not_lose_prob,{'model__var_smoothing': 1e-07},0.625,0.585203709334144,0.6088562323344932,0.6382772930629392,0.21815349636933135,,market_only,development,2024
21,2024-09-22 17:30:00,naive_bayes,323,18,4,18,log_loss,341,1,5,5,4,4,benchmark_away_not_lose_prob,{'model__var_smoothing': 1e-07},0.6111111111111112,0.5775148764279199,0.5966123248731945,0.6492053386933614,0.22579513666316728,,market_only,development,2024
22,2024-09-27 18:30:00,naive_bayes,324,18,4,18,log_loss,342,1,5,5,4,4,benchmark_away_not_lose_prob,{'model__var_smoothing': 1e-07},0.6111111111111112,0.5762987012987013,0.5962241462241462,0.644721186393381,0.22464590094274708,,market_only,development,2024
23,2024-09-28 13:30:00,naive_bayes,325,18,4,18,log_loss,343,5,5,5,4,4,benchmark_away_not_lose_prob,{'model__var_smoothing': 1e-07},0.6111111111111112,0.5742532467532467,0.5982359307359306,0.6509035575417431,0.22701790004075298,,market_only,development,2024
24,2024-09-28 16:30:00,naive_bayes,330,18,4,18,log_loss,348,1,5,5,4,4,benchmark_away_not_lose_prob,{'model__var_smoothing': 1e-07},0.6111111111111112,0.5665303446553447,0.6010416666666667,0.6633068584397281,0.22815998685409478,,market_only,development,2024
25,2024-09-29 13:30:00,naive_bayes,331,18,4,18,log_loss,349,1,5,5,4,4,benchmark_away_not_lose_prob,{'model__var_smoothing': 1e-07},0.5972222222222223,0.5533129005870963,0.5918636597395515,0.6749292448788858,0.2328242147686842,,market_only,development,2024
26,2024-09-29 15:30:00,naive_bayes,332,18,4,18,log_loss,350,1,5,5,4,4,benchmark_away_not_lose_prob,{'model__var_smoothing': 1e-07},0.6111111111111112,0.5748214285714285,0.5986826599326599,0.6578714928765975,0.22596871249814887,,market_only,development,2024
27,2024-10-04 18:30:00,naive_bayes,333,18,4,18,log_loss,351,1,5,5,4,4,benchmark_away_not_lose_prob,{'model__var_smoothing': 1e-07},0.6111111111111112,0.5738533748859835,0.5993716850782068,0.6600001763112157,0.22676500775020123,,market_only,development,2024
28,2024-10-05 13:30:00,naive_bayes,334,18,4,18,log_loss,352,4,5,5,4,4,benchmark_away_not_lose_prob,{'model__var_smoothing': 1e-07},0.5972222222222222,0.5633988294314382,0.5835485569181221,0.6803209728075045,0.23486032523400474,,market_only,development,2024
29,2024-10-05 16:30:00,naive_bayes,338,18,4,18,log_loss,356,1,5,5,4,4,benchmark_away_not_lose_prob,{'model__var_smoothing': 1e-07},0.6111111111111112,0.5686376123876125,0.5938526751026751,0.9361735009160603,0.23580992251014038,,market_only,development,2024
30,2024-10-06 13:30:00,naive_bayes,339,18,4,18,log_loss,357,1,5,5,4,4,benchmark_away_not_lose_prob,{'model__var_smoothing': 1e-07},0.6111111111111112,0.5667045454545454,0.5928072390572391,0.9368338961668119,0.23642805099381048,,market_only,development,2024
31,2024-10-06 15:30:00,naive_bayes,340,18,4,18,log_loss,358,1,5,5,4,4,benchmark_away_not_lose_prob,{'model__var_smoothing': 1e-07},0.6111111111111112,0.5612876254180602,0.5906044840827449,0.9313601643558558,0.2348461696804544,,market_only,development,2024
32,2024-10-06 17:30:00,naive_bayes,341,18,4,18,log_loss,359,1,5,5,4,4,benchmark_away_not_lose_prob,{'model__var_smoothing': 1e-07},0.625,0.5728852467982903,0.6069003907168158,0.9143851024911787,0.23040206853419015,,market_only,development,2024
33,2024-10-18 18:30:00,naive_bayes,342,18,4,18,log_loss,360,1,5,5,4,4,benchmark_away_not_lose_prob,{'model__var_smoothing': 1e-07},0.6111111111111112,0.5628371628371629,0.5962241462241462,0.969018974154743,0.2440275181523361,,market_only,development,2024
34,2024-10-19 13:30:00,naive_bayes,343,18,4,18,log_loss,361,5,5,5,4,4,benchmark_away_not_lose_prob,{'model__var_smoothing': 1e-07},0.5972222222222223,0.5503371628371629,0.5818722943722944,0.9854959488653169,0.25057959997151513,,market_only,development,2024
35,2024-10-19 16:30:00,naive_bayes,348,18,4,18,log_loss,366,1,5,5,4,4,benchmark_away_not_lose_prob,{'model__var_smoothing': 1e-07},0.625,0.5996407125483212,0.6133047658862876,0.9008446253820508,0.22667110347218977,,market_only,development,2024
36,2024-10-20 13:30:00,naive_bayes,349,18,4,18,log_loss,367,1,5,5,4,4,benchmark_away_not_lose_prob,{'model__var_smoothing': 1e-07},0.625,0.604112101386297,0.6174769353528271,0.8986518965830542,0.22583126724704883,,market_only,development,2024
37,2024-10-20 15:30:00,naive_bayes,350,18,4,18,log_loss,368,1,5,5,4,4,benchmark_away_not_lose_prob,{'model__var_smoothing': 1e-07},0.625,0.6017045454545454,0.6128817941317941,0.8995681329271296,0.22611747666680404,,market_only,development,2024
38,2024-10-25 18:30:00,naive_bayes,351,18,4,18,log_loss,369,1,5,5,4,4,benchmark_away_not_lose_prob,{'model__var_smoothing': 1e-07},0.625,0.6007364917691005,0.613570819277341,0.9066886114462375,0.22834252065562058,,market_only,development,2024
39,2024-10-26 13:30:00,naive_bayes,352,18,4,18,log_loss,370,4,5,5,4,4,benchmark_away_not_lose_prob,{'model__var_smoothing': 1e-07},0.638888888888889,0.6131479933110369,0.6286835748792271,0.8950924185977835,0.22287410673449012,,market_only,development,2024
40,2024-10-26 16:30:00,naive_bayes,356,18,4,18,log_loss,374,1,5,5,4,4,benchmark_away_not_lose_prob,{'model__var_smoothing': 1e-07},0.638888888888889,0.6162337662337662,0.6260642135642136,0.891056174751944,0.22485034620794392,,market_only,development,2024
41,2024-10-27 14:30:00,naive_bayes,357,18,4,18,log_loss,375,1,5,5,4,4,benchmark_away_not_lose_prob,{'model__var_smoothing': 1e-07},0.6527777777777778,0.625,0.6412037037037037,0.8568546369270755,0.21300116453014648,,market_only,development,2024
42,2024-10-27 16:30:00,naive_bayes,358,18,4,18,log_loss,376,1,5,5,4,4,benchmark_away_not_lose_prob,{'model__var_smoothing': 1e-07},0.6666666666666667,0.6300376254180602,0.6547248544531152,0.840772490298994,0.2064160304101585,,market_only,development,2024
43,2024-10-27 18:30:00,naive_bayes,359,18,4,18,log_loss,377,1,5,5,4,4,benchmark_away_not_lose_prob,{'model__var_smoothing': 1e-07},0.6666666666666666,0.6219864173668521,0.6560015612853777,0.8459287875584844,0.20762016031158753,,market_only,development,2024
44,2024-11-01 19:30:00,naive_bayes,360,18,4,18,log_loss,378,1,5,5,4,4,benchmark_away_not_lose_prob,{'model__var_smoothing': 1e-07},0.6805555555555556,0.6368631368631368,0.6731361231361231,0.8458250714055134,0.20288421352232963,,market_only,development,2024
45,2024-11-02 14:30:00,naive_bayes,361,18,4,18,log_loss,379,5,5,5,4,4,benchmark_away_not_lose_prob,{'model__var_smoothing': 1e-07},0.6666666666666666,0.6243631368631368,0.6595779220779221,0.8647476832451269,0.21058697844356283,,market_only,development,2024
46,2024-11-02 17:30:00,naive_bayes,366,18,4,18,log_loss,384,1,5,5,4,4,benchmark_away_not_lose_prob,{'model__var_smoothing': 1e-07},0.6527777777777778,0.6255741541067628,0.6442075436640654,0.8502830312703863,0.20826471793819212,,market_only,development,2024
47,2024-11-03 14:30:00,naive_bayes,367,18,4,18,log_loss,385,1,5,5,4,4,benchmark_away_not_lose_prob,{'model__var_smoothing': 1e-07},0.6527777777777778,0.6263844850801372,0.6462004179395483,0.8443632293682015,0.2057136053118734,,market_only,development,2024
48,2024-11-03 16:30:00,naive_bayes,368,18,4,18,log_loss,386,1,5,5,4,4,benchmark_away_not_lose_prob,{'model__var_smoothing': 1e-07},0.6388888888888888,0.6140422077922078,0.6332521645021645,0.8573079285048477,0.21068241347016564,,market_only,development,2024
49,2024-11-08 19:30:00,naive_bayes,369,18,4,18,log_loss,387,1,5,5,4,4,benchmark_away_not_lose_prob,{'model__var_smoothing': 1e-07},0.6527777777777777,0.6255741541067628,0.6433507615572833,0.8589726070227629,0.21143007846207565,,market_only,development,2024
50,2024-11-09 14:30:00,naive_bayes,370,18,4,18,log_loss,388,4,5,5,4,4,benchmark_away_not_lose_prob,{'model__var_smoothing': 1e-07},0.6666666666666666,0.6379856556486991,0.6584635171591693,0.850976994332682,0.2074527047547532,,market_only,development,2024
51,2024-11-09 17:30:00,naive_bayes,374,18,4,18,log_loss,392,1,5,5,4,4,benchmark_away_not_lose_prob,{'model__var_smoothing': 1e-07},0.6666666666666666,0.6393668831168831,0.6561417748917749,0.8371286964439044,0.2071523125307055,,market_only,development,2024
52,2024-11-10 14:30:00,naive_bayes,375,18,4,18,log_loss,393,1,5,5,4,4,benchmark_away_not_lose_prob,{'model__var_smoothing': 1e-07},0.6388888888888888,0.6081168831168831,0.6300925925925926,0.8494415706244735,0.21271635596182642,,market_only,development,2024
53,2024-11-10 16:30:00,naive_bayes,376,18,4,18,log_loss,394,1,5,5,4,4,benchmark_away_not_lose_prob,{'model__var_smoothing': 1e-07},0.6527777777777777,0.6131545085349432,0.6417618914901524,0.8466059322955319,0.21108324586186322,,market_only,development,2024
54,2024-11-10 18:30:00,naive_bayes,377,18,4,18,log_loss,395,1,5,5,4,4,benchmark_away_not_lose_prob,{'model__var_smoothing': 1e-07},0.6527777777777778,0.6102981056785405,0.6461891514729678,0.8407042969195024,0.20850629198805964,,market_only,development,2024
55,2024-11-22 19:30:00,naive_bayes,378,18,4,18,log_loss,396,1,5,5,4,4,benchmark_away_not_lose_prob,{'model__var_smoothing': 1e-07},0.6527777777777778,0.6082917082917083,0.6474747474747475,0.8556670171454728,0.20989984870905815,,market_only,development,2024
56,2024-11-23 14:30:00,naive_bayes,379,18,4,18,log_loss,397,5,5,5,4,4,benchmark_away_not_lose_prob,{'model__var_smoothing': 1e-07},0.6666666666666667,0.6243631368631368,0.660966810966811,0.8391642727622606,0.2031904806081428,,market_only,development,2024
57,2024-11-23 17:30:00,naive_bayes,384,18,4,18,log_loss,402,1,5,5,4,4,benchmark_away_not_lose_prob,{'model__var_smoothing': 1e-07},0.6388888888888888,0.6170702740858549,0.6291576640631021,0.8546090452975411,0.21142171252342984,,market_only,development,2024
58,2024-11-24 14:30:00,naive_bayes,385,18,4,18,log_loss,403,1,5,5,4,4,benchmark_away_not_lose_prob,{'model__var_smoothing': 1e-07},0.6388888888888888,0.620624544537588,0.6306857393813916,0.8591564648761005,0.2126778200792494,,market_only,development,2024
59,2024-11-24 16:30:00,naive_bayes,386,18,4,18,log_loss,404,1,5,5,4,4,benchmark_away_not_lose_prob,{'model__var_smoothing': 1e-07},0.6527777777777778,0.6334021048610832,0.6462380606149956,0.8470461941664189,0.20716540412810613,,market_only,development,2024
60,2024-11-30 14:30:00,naive_bayes,387,18,4,18,log_loss,405,6,5,5,4,4,benchmark_away_not_lose_prob,{'model__var_smoothing': 1e-07},0.6666666666666666,0.6475919913419913,0.6588654401154401,0.8493058462138616,0.20813945224789038,,market_only,development,2024
61,2024-11-30 17:30:00,naive_bayes,393,18,4,18,log_loss,411,1,5,5,4,4,benchmark_away_not_lose_prob,{'model__var_smoothing': 1e-07},0.625,0.6043436633026416,0.6205789187019837,0.8502264956076047,0.21281854111805873,,market_only,development,2024
62,2024-12-01 16:30:00,naive_bayes,394,18,4,18,log_loss,412,2,5,5,4,4,benchmark_away_not_lose_prob,{'model__var_smoothing': 1e-07},0.625,0.5908821248411031,0.6183709414940065,0.8594605060459194,0.21579447504189206,,market_only,development,2024
63,2024-12-06 19:30:00,naive_bayes,396,18,4,18,log_loss,414,1,5,5,4,4,benchmark_away_not_lose_prob,{'model__var_smoothing': 1e-07},0.625,0.5925866702956486,0.6265049879600963,0.8672742580244588,0.21429048352712227,,market_only,development,2024
64,2024-12-07 14:30:00,naive_bayes,397,18,4,18,log_loss,415,5,5,5,4,4,benchmark_away_not_lose_prob,{'model__var_smoothing': 1e-07},0.6388888888888888,0.6086580988670771,0.6399970514521598,0.8611165930673241,0.21138843992655304,,market_only,development,2024
65,2024-12-07 17:30:00,naive_bayes,402,18,4,18,log_loss,420,1,5,5,4,4,benchmark_away_not_lose_prob,{'model__var_smoothing': 1e-07},0.6527777777777778,0.6411608313613967,0.6497759991164217,0.8285867535316894,0.20012339532842569,,market_only,development,2024
66,2024-12-08 14:30:00,naive_bayes,403,18,4,18,log_loss,421,1,5,5,4,4,benchmark_away_not_lose_prob,{'model__var_smoothing': 1e-07},0.6666666666666666,0.6545471436775785,0.6626795105055974,0.8208146372674779,0.1966285657538264,,market_only,development,2024
67,2024-12-08 16:30:00,naive_bayes,404,18,4,18,log_loss,422,1,5,5,4,4,benchmark_away_not_lose_prob,{'model__var_smoothing': 1e-07},0.6527777777777778,0.6427771048610832,0.648668616170551,0.8317030641060368,0.20110415378307583,,market_only,development,2024
68,2024-12-13 19:30:00,naive_bayes,405,18,4,18,log_loss,423,1,5,5,4,4,benchmark_away_not_lose_prob,{'model__var_smoothing': 1e-07},0.6666666666666666,0.6536796536796536,0.6601731601731601,0.8307701983006822,0.20056996769033675,,market_only,development,2024
69,2024-12-14 14:30:00,naive_bayes,406,18,4,18,log_loss,424,4,5,5,4,4,benchmark_away_not_lose_prob,{'model__var_smoothing': 1e-07},0.6805555555555556,0.6681350349744481,0.6755466456637542,0.8196328032345476,0.19545489741001337,,market_only,development,2024
70,2024-12-14 17:30:00,naive_bayes,410,18,4,18,log_loss,428,1,5,5,4,4,benchmark_away_not_lose_prob,{'model__var_smoothing': 1e-07},0.6805555555555555,0.6681017801857585,0.6756482198142415,0.6401599583384218,0.19705948377731886,,market_only,development,2024
71,2024-12-15 14:30:00,naive_bayes,411,18,4,18,log_loss,429,1,5,5,4,4,benchmark_away_not_lose_prob,{'model__var_smoothing': 1e-07},0.6666666666666667,0.6579150918740702,0.6662138393369044,0.637818890686479,0.1957645397689455,,market_only,development,2024
72,2024-12-15 16:30:00,naive_bayes,412,18,4,18,log_loss,430,1,5,5,4,4,benchmark_away_not_lose_prob,{'model__var_smoothing': 1e-07},0.6666666666666667,0.6579150918740702,0.6662138393369044,0.6384680998788741,0.19595454281395097,,market_only,development,2024
73,2024-12-15 18:30:00,naive_bayes,413,18,4,18,log_loss,431,1,5,5,4,4,benchmark_away_not_lose_prob,{'model__var_smoothing': 1e-07},0.6666666666666666,0.6604166666666667,0.6665013227513227,0.6477625415367708,0.19841698200064234,,market_only,development,2024
74,2024-12-20 19:30:00,naive_bayes,414,18,4,18,log_loss,432,1,5,5,4,4,benchmark_away_not_lose_prob,{'model__var_smoothing': 1e-07},0.6666666666666667,0.6596196373286156,0.6675102789653873,0.6171048488737553,0.19077514892040295,,market_only,development,2024
75,2024-12-21 14:30:00,naive_bayes,415,18,4,18,log_loss,433,5,5,5,4,4,benchmark_away_not_lose_prob,{'model__var_smoothing': 1e-07},0.6805555555555556,0.6756910659000442,0.6810023424574508,0.6039676234790112,0.18529996331698087,,market_only,development,2024
76,2024-12-21 17:30:00,naive_bayes,420,18,4,18,log_loss,438,1,5,5,4,4,benchmark_away_not_lose_prob,{'model__var_smoothing': 1e-07},0.6527777777777778,0.6411608313613967,0.6465244197778859,0.6722789565379506,0.21112792646970424,,market_only,development,2024
77,2024-12-22 14:30:00,naive_bayes,421,18,4,18,log_loss,439,1,5,5,4,4,benchmark_away_not_lose_prob,{'model__var_smoothing': 1e-07},0.6527777777777778,0.6422094813399162,0.648177346003433,0.672118487972,0.21105762600239397,,market_only,development,2024
78,2024-12-22 16:30:00,naive_bayes,422,18,4,18,log_loss,440,1,5,5,4,4,benchmark_away_not_lose_prob,{'model__var_smoothing': 1e-07},0.6527777777777777,0.6460644425234209,0.6497914516683867,0.6799435916319194,0.21381369376660198,,market_only,development,2024
79,2025-01-10 19:30:00,naive_bayes,423,18,4,18,log_loss,441,1,5,5,4,4,benchmark_away_not_lose_prob,{'model__var_smoothing': 1e-07},0.6666666666666666,0.6569669913419913,0.6612959956709956,0.6795237277865995,0.21356502091274854,,market_only,development,2024
80,2025-01-11 14:30:00,naive_bayes,424,18,4,18,log_loss,442,5,5,5,4,4,benchmark_away_not_lose_prob,{'model__var_smoothing': 1e-07},0.6527777777777778,0.6433858710948495,0.6480042202952419,0.6799011528527107,0.2140593604388445,,market_only,development,2024
81,2025-01-11 17:30:00,naive_bayes,429,18,4,18,log_loss,447,1,5,5,4,4,benchmark_away_not_lose_prob,{'model__var_smoothing': 1e-07},0.6388888888888888,0.6297900918740702,0.6380888393369044,0.6883304958078392,0.21834899688475612,,market_only,development,2024
82,2025-01-12 14:30:00,naive_bayes,430,18,4,18,log_loss,448,1,5,5,4,4,benchmark_away_not_lose_prob,{'model__var_smoothing': 1e-07},0.6388888888888888,0.6297900918740702,0.6380888393369044,0.688886669075157,0.21882666557037797,,market_only,development,2024
83,2025-01-12 16:30:00,naive_bayes,431,18,4,18,log_loss,449,1,5,5,4,4,benchmark_away_not_lose_prob,{'model__var_smoothing': 1e-07},0.6388888888888888,0.6333333333333333,0.6394179894179893,0.6911155261503655,0.21907877867616526,,market_only,development,2024
84,2025-01-14 17:30:00,naive_bayes,432,18,4,18,log_loss,450,1,5,5,4,4,benchmark_away_not_lose_prob,{'model__var_smoothing': 1e-07},0.638888888888889,0.6328173374613003,0.6407079790980719,0.6889231853561396,0.21831788047129014,,market_only,development,2024
85,2025-01-14 19:30:00,naive_bayes,433,18,4,18,log_loss,451,3,5,5,4,4,benchmark_away_not_lose_prob,{'model__var_smoothing': 1e-07},0.6388888888888888,0.6341732087571871,0.6386908345209429,0.685012347847692,0.21609835222492724,,market_only,development,2024
86,2025-01-15 17:30:00,naive_bayes,436,18,4,18,log_loss,454,1,5,5,4,4,benchmark_away_not_lose_prob,{'model__var_smoothing': 1e-07},0.6527777777777778,0.6440340909090909,0.6512896825396826,0.6921484081804685,0.21810926021637975,,market_only,development,2024
87,2025-01-15 19:30:00,naive_bayes,437,18,4,18,log_loss,455,4,5,5,4,4,benchmark_away_not_lose_prob,{'model__var_smoothing': 1e-07},0.638888888888889,0.6281738183743837,0.6374412406516323,0.6961373706618637,0.2202241918683314,,market_only,development,2024
88,2025-01-17 19:30:00,naive_bayes,441,18,4,18,log_loss,459,1,5,5,4,4,benchmark_away_not_lose_prob,{'model__var_smoothing': 1e-07},0.6666666666666666,0.6569669913419913,0.6634604978354978,0.6755838403423744,0.21126401121964905,,market_only,development,2024
89,2025-01-18 14:30:00,naive_bayes,442,18,4,18,log_loss,460,5,5,5,4,4,benchmark_away_not_lose_prob,{'model__var_smoothing': 1e-07},0.638888888888889,0.6256970381886252,0.6379056232401231,0.6826969840116623,0.2150140140539121,,market_only,development,2024
90,2025-01-18 17:30:00,naive_bayes,447,18,4,18,log_loss,465,1,5,5,4,4,benchmark_away_not_lose_prob,{'model__var_smoothing': 1e-07},0.6805555555555556,0.6752446373286157,0.6804168816649467,0.6559718064034983,0.20304361863015302,,market_only,development,2024
91,2025-01-19 14:30:00,naive_bayes,448,18,4,18,log_loss,466,1,5,5,4,4,benchmark_away_not_lose_prob,{'model__var_smoothing': 1e-07},0.6805555555555556,0.6714223726367858,0.6809167843387623,0.6473320105577104,0.20042036016322023,,market_only,development,2024
92,2025-01-19 16:30:00,naive_bayes,449,18,4,18,log_loss,467,1,5,5,4,4,benchmark_away_not_lose_prob,{'model__var_smoothing': 1e-07},0.6805555555555555,0.6742424242424242,0.682058682058682,0.6525233644579634,0.201804412566539,,market_only,development,2024
93,2025-01-24 19:30:00,naive_bayes,450,18,4,18,log_loss,468,1,5,5,4,4,benchmark_away_not_lose_prob,{'model__var_smoothing': 1e-07},0.6666666666666667,0.656037595464167,0.6689210703546415,0.6607672039698415,0.20534955307970076,,market_only,development,2024
94,2025-01-25 14:30:00,naive_bayes,451,18,4,18,log_loss,469,5,5,5,4,4,benchmark_away_not_lose_prob,{'model__var_smoothing': 1e-07},0.6527777777777778,0.6413220381886252,0.6509539337405639,0.6976500654426485,0.21760657080613766,,market_only,development,2024
95,2025-01-25 17:30:00,naive_bayes,456,18,4,18,log_loss,474,1,5,5,4,4,benchmark_away_not_lose_prob,{'model__var_smoothing': 1e-07},0.6805555555555556,0.66902460845118,0.6772071873027588,0.6923355262093142,0.21424998317464913,,market_only,development,2024
96,2025-01-26 14:30:00,naive_bayes,457,18,4,18,log_loss,475,1,5,5,4,4,benchmark_away_not_lose_prob,{'model__var_smoothing': 1e-07},0.6805555555555556,0.6726066503156286,0.6788604011514228,0.6851647677053609,0.21143544318016225,,market_only,development,2024
97,2025-01-26 16:30:00,naive_bayes,458,18,4,18,log_loss,476,1,5,5,4,4,benchmark_away_not_lose_prob,{'model__var_smoothing': 1e-07},0.6805555555555555,0.6754464285714287,0.6791335978835978,0.6824689696293222,0.21053293296149392,,market_only,development,2024
98,2025-01-31 19:30:00,naive_bayes,459,18,4,18,log_loss,477,1,5,5,4,4,benchmark_away_not_lose_prob,{'model__var_smoothing': 1e-07},0.6666666666666666,0.6559253246753247,0.6624188311688312,0.6874486249551347,0.21297447340738748,,market_only,development,2024
99,2025-02-01 14:30:00,naive_bayes,460,18,4,18,log_loss,478,5,5,5,4,4,benchmark_away_not_lose_prob,{'model__var_smoothing': 1e-07},0.6527777777777778,0.6388452580028667,0.6504518478703261,0.686372242848521,0.21278880632567046,,market_only,development,2024
100,2025-02-01 17:30:00,naive_bayes,465,18,4,18,log_loss,483,1,5,5,4,4,benchmark_away_not_lose_prob,{'model__var_smoothing': 1e-07},0.6805555555555556,0.6727678571428573,0.678587962962963,0.6922933262454469,0.21609596758540864,,market_only,development,2024
101,2025-02-02 14:30:00,naive_bayes,466,18,4,18,log_loss,484,1,5,5,4,4,benchmark_away_not_lose_prob,{'model__var_smoothing': 1e-07},0.6805555555555556,0.6635944218824654,0.6783880018934366,0.6873881909811353,0.2142628976220708,,market_only,development,2024
102,2025-02-02 16:30:00,naive_bayes,467,18,4,18,log_loss,485,1,5,5,4,4,benchmark_away_not_lose_prob,{'model__var_smoothing': 1e-07},0.6666666666666666,0.6522245870071957,0.6697955828390609,0.6987639159538301,0.21798109456466283,,market_only,development,2024
103,2025-02-07 19:30:00,naive_bayes,468,18,4,18,log_loss,486,1,5,5,4,4,benchmark_away_not_lose_prob,{'model__var_smoothing': 1e-07},0.6805555555555555,0.6658984776160708,0.6813049712834339,0.6879124885289154,0.21372210745339157,,market_only,development,2024
104,2025-02-08 14:30:00,naive_bayes,469,18,4,18,log_loss,487,5,5,5,4,4,benchmark_away_not_lose_prob,{'model__var_smoothing': 1e-07},0.6944444444444444,0.6804036995613083,0.6896726110041327,0.679982116972793,0.21062365364327842,,market_only,development,2024
105,2025-02-08 17:30:00,naive_bayes,474,18,4,18,log_loss,492,1,5,5,4,4,benchmark_away_not_lose_prob,{'model__var_smoothing': 1e-07},0.6805555555555556,0.6672554797470668,0.6780835612441481,0.696081467394751,0.21493038977524695,,market_only,development,2024
106,2025-02-09 13:30:00,naive_bayes,475,18,4,18,log_loss,493,1,5,5,4,4,benchmark_away_not_lose_prob,{'model__var_smoothing': 1e-07},0.6805555555555556,0.6687843856237987,0.6806830551479899,0.690064668144867,0.21254316808510726,,market_only,development,2024
107,2025-02-09 16:30:00,naive_bayes,476,18,4,18,log_loss,494,1,5,5,4,4,benchmark_away_not_lose_prob,{'model__var_smoothing': 1e-07},0.6944444444444444,0.6845705924510272,0.6952254317743448,0.6805195767997839,0.2085504356470103,,market_only,development,2024
108,2025-02-14 19:30:00,naive_bayes,477,18,4,18,log_loss,495,1,5,5,4,4,benchmark_away_not_lose_prob,{'model__var_smoothing': 1e-07},0.6944444444444444,0.685146103896104,0.6938041125541126,0.6806545812097399,0.20863653997343679,,market_only,development,2024
109,2025-02-15 14:30:00,naive_bayes,478,18,4,18,log_loss,496,4,5,5,4,4,benchmark_away_not_lose_prob,{'model__var_smoothing': 1e-07},0.6805555555555556,0.6651233277591974,0.6823040536355753,0.6755126349871574,0.20672555580682828,,market_only,development,2024
110,2025-02-15 17:30:00,naive_bayes,482,18,4,18,log_loss,500,1,5,5,4,4,benchmark_away_not_lose_prob,{'model__var_smoothing': 1e-07},0.6944444444444445,0.6819572996662779,0.694939502648481,0.5719340183196039,0.19740217090855527,,market_only,development,2024
111,2025-02-16 14:30:00,naive_bayes,483,18,4,18,log_loss,501,1,5,5,4,4,benchmark_away_not_lose_prob,{'model__var_smoothing': 1e-07},0.7083333333333334,0.6951055194805196,0.7080877224627224,0.5700123800151438,0.19702114769665807,,market_only,development,2024
112,2025-02-16 16:30:00,naive_bayes,484,18,4,18,log_loss,502,1,5,5,4,4,benchmark_away_not_lose_prob,{'model__var_smoothing': 1e-07},0.6944444444444444,0.6725229933110368,0.6952530812585159,0.5810401146576585,0.2014644596582603,,market_only,development,2024
113,2025-02-16 18:30:00,naive_bayes,485,18,4,18,log_loss,503,1,5,5,4,4,benchmark_away_not_lose_prob,{'model__var_smoothing': 1e-07},0.6805555555555556,0.6652115999942086,0.685788848832327,0.5752514010844707,0.1994562206523509,,market_only,development,2024
114,2025-02-21 19:30:00,naive_bayes,486,18,4,18,log_loss,504,1,5,5,4,4,benchmark_away_not_lose_prob,{'model__var_smoothing': 1e-07},0.6944444444444444,0.6748270490446422,0.6981700506485133,0.5622386855110774,0.1942225564423383,,market_only,development,2024
115,2025-02-22 14:30:00,naive_bayes,487,18,4,18,log_loss,505,4,5,5,4,4,benchmark_away_not_lose_prob,{'model__var_smoothing': 1e-07},0.6944444444444444,0.6700140891716979,0.6921016634331851,0.5716667070272977,0.19762274433196877,,market_only,development,2024
116,2025-02-22 17:30:00,naive_bayes,491,18,4,18,log_loss,509,1,5,5,4,4,benchmark_away_not_lose_prob,{'model__var_smoothing': 1e-07},0.6944444444444444,0.6788566503156287,0.6995997960587744,0.5463767323974085,0.19006648860843106,,market_only,development,2024
117,2025-02-23 14:30:00,naive_bayes,492,18,4,18,log_loss,510,1,5,5,4,4,benchmark_away_not_lose_prob,{'model__var_smoothing': 1e-07},0.6944444444444444,0.6788566503156287,0.6968498191408408,0.5361400521948918,0.18654832390480308,,market_only,development,2024
118,2025-02-23 16:30:00,naive_bayes,493,18,4,18,log_loss,511,1,5,5,4,4,benchmark_away_not_lose_prob,{'model__var_smoothing': 1e-07},0.6805555555555556,0.6634332150552369,0.6850866225950356,0.593480662151884,0.1992013859048357,,market_only,development,2024
119,2025-02-23 18:30:00,naive_bayes,494,18,4,18,log_loss,512,1,5,5,4,4,benchmark_away_not_lose_prob,{'model__var_smoothing': 1e-07},0.6805555555555556,0.6689455924510272,0.6833041354780485,0.5810303938629514,0.19530628589871077,,market_only,development,2024
120,2025-02-28 19:30:00,naive_bayes,495,18,4,18,log_loss,513,1,5,5,4,4,benchmark_away_not_lose_prob,{'model__var_smoothing': 1e-07},0.6805555555555556,0.664169933327542,0.6825826800011583,0.574361666457035,0.19277957197345025,,market_only,development,2024
121,2025-03-01 14:30:00,naive_bayes,496,18,4,18,log_loss,514,5,5,5,4,4,benchmark_away_not_lose_prob,{'model__var_smoothing': 1e-07},0.6805555555555556,0.6597721571906354,0.6848557692307693,0.5691046360695856,0.1911705997396916,,market_only,development,2024
122,2025-03-01 17:30:00,naive_bayes,501,18,4,18,log_loss,519,1,5,5,4,4,benchmark_away_not_lose_prob,{'model__var_smoothing': 1e-07},0.7222222222222223,0.6976623376623377,0.7247859547859548,0.5547834344092779,0.18315942505410118,,market_only,development,2024
123,2025-03-02 14:30:00,naive_bayes,502,18,4,18,log_loss,520,1,5,5,4,4,benchmark_away_not_lose_prob,{'model__var_smoothing': 1e-07},0.7222222222222222,0.6876672240802676,0.7240725257029603,0.5554380111052538,0.18332154394537056,,market_only,development,2024
124,2025-03-02 16:30:00,naive_bayes,503,18,4,18,log_loss,521,1,5,5,4,4,benchmark_away_not_lose_prob,{'model__var_smoothing': 1e-07},0.6944444444444444,0.6559523407349495,0.7022497541821213,0.5712946515839308,0.19031054720288512,,market_only,development,2024
125,2025-03-07 19:30:00,naive_bayes,504,18,4,18,log_loss,522,1,5,5,4,4,benchmark_away_not_lose_prob,{'model__var_smoothing': 1e-07},0.6944444444444444,0.6518938991765079,0.7009570653894325,0.5734355455578348,0.19078503443455336,,market_only,development,2024
126,2025-03-08 14:30:00,naive_bayes,505,18,4,18,log_loss,523,5,5,5,4,4,benchmark_away_not_lose_prob,{'model__var_smoothing': 1e-07},0.7222222222222222,0.674031946314555,0.725881425337947,0.5625825508482633,0.18584706989489516,,market_only,development,2024
127,2025-03-08 17:30:00,naive_bayes,510,18,4,18,log_loss,528,1,5,5,4,4,benchmark_away_not_lose_prob,{'model__var_smoothing': 1e-07},0.6805555555555556,0.6264607703335417,0.7003329260722235,0.7821176461177057,0.2121342329614463,,market_only,development,2024
128,2025-03-09 14:30:00,naive_bayes,511,18,4,18,log_loss,529,1,5,5,4,4,benchmark_away_not_lose_prob,{'model__var_smoothing': 1e-07},0.6805555555555556,0.6218747734967953,0.6984584359668489,0.7798332001829986,0.2131434692154831,,market_only,development,2024
129,2025-03-09 16:30:00,naive_bayes,512,18,4,18,log_loss,530,1,5,5,4,4,benchmark_away_not_lose_prob,{'model__var_smoothing': 1e-07},0.6944444444444444,0.5997491638795986,0.7208372042611173,0.7619687111249782,0.20598573824573607,,market_only,development,2024
130,2025-03-14 19:30:00,naive_bayes,513,18,4,18,log_loss,531,1,5,5,4,4,benchmark_away_not_lose_prob,{'model__var_smoothing': 1e-07},0.6944444444444444,0.6066709806672991,0.7255934326893303,0.760553100311532,0.20487605677976314,,market_only,development,2024
131,2025-03-15 14:30:00,naive_bayes,514,18,4,18,log_loss,532,4,5,5,4,4,benchmark_away_not_lose_prob,{'model__var_smoothing': 1e-07},0.6944444444444444,0.6151233277591973,0.7193410906726125,0.7661087177778911,0.20692547874187261,,market_only,development,2024
132,2025-03-15 17:30:00,naive_bayes,518,18,4,18,log_loss,536,1,5,5,4,4,benchmark_away_not_lose_prob,{'model__var_smoothing': 1e-07},0.6944444444444445,0.6139184952978056,0.7121513990479508,0.7867105460268391,0.214954653106673,,market_only,development,2024
133,2025-03-16 15:30:00,naive_bayes,519,18,4,18,log_loss,537,1,5,5,4,4,benchmark_away_not_lose_prob,{'model__var_smoothing': 1e-07},0.6805555555555556,0.6083766233766233,0.6923785473785474,0.7970757242094835,0.2194723016670505,,market_only,development,2024
134,2025-03-16 16:30:00,naive_bayes,520,18,4,18,log_loss,538,1,5,5,4,4,benchmark_away_not_lose_prob,{'model__var_smoothing': 1e-07},0.6805555555555556,0.6022037744863832,0.6911652156217373,0.8021616407598298,0.22048773988171005,,market_only,development,2024
135,2025-03-16 18:30:00,naive_bayes,521,18,4,18,log_loss,539,1,5,5,4,4,benchmark_away_not_lose_prob,{'model__var_smoothing': 1e-07},0.6666666666666667,0.5829003926830014,0.6723074742398414,0.7972433053576515,0.21857709529333316,,market_only,development,2024
136,2025-03-28 19:30:00,naive_bayes,522,18,4,18,log_loss,540,1,5,5,4,4,benchmark_away_not_lose_prob,{'model__var_smoothing': 1e-07},0.6805555555555556,0.5965307840307841,0.6854423868312756,0.7879378039222921,0.21426867547891884,,market_only,development,2024
137,2025-03-29 14:30:00,naive_bayes,523,18,4,18,log_loss,541,5,5,5,4,4,benchmark_away_not_lose_prob,{'model__var_smoothing': 1e-07},0.7083333333333333,0.6409215784215785,0.713618326118326,0.7530420315113051,0.20205875463275164,,market_only,development,2024
138,2025-03-29 17:30:00,naive_bayes,528,18,4,18,log_loss,546,1,5,5,4,4,benchmark_away_not_lose_prob,{'model__var_smoothing': 1e-07},0.6805555555555556,0.6094385356023287,0.6926076860559619,0.7601833962922461,0.20670821770410353,,market_only,development,2024
139,2025-03-30 14:30:00,naive_bayes,529,18,4,18,log_loss,547,1,5,5,4,4,benchmark_away_not_lose_prob,{'model__var_smoothing': 1e-07},0.6666666666666667,0.5943979933110368,0.6750092902266815,0.7702316867018997,0.2141547040828891,,market_only,development,2024
140,2025-03-30 16:30:00,naive_bayes,530,18,4,18,log_loss,548,1,5,5,4,4,benchmark_away_not_lose_prob,{'model__var_smoothing': 1e-07},0.6527777777777778,0.5486726588628762,0.6728996345844173,0.7808033210656136,0.2188182315721513,,market_only,development,2024
141,2025-04-04 18:30:00,naive_bayes,531,18,4,18,log_loss,549,1,5,5,4,4,benchmark_away_not_lose_prob,{'model__var_smoothing': 1e-07},0.6388888888888888,0.544942084563403,0.6638645365854342,0.7830881083531367,0.2194330961240875,,market_only,development,2024
142,2025-04-05 13:30:00,naive_bayes,532,18,4,18,log_loss,550,5,5,5,4,4,benchmark_away_not_lose_prob,{'model__var_smoothing': 1e-07},0.6527777777777778,0.564046822742475,0.672445187662579,0.771371174926527,0.21440517031182343,,market_only,development,2024
143,2025-04-05 16:30:00,naive_bayes,537,18,4,18,log_loss,555,1,5,5,4,4,benchmark_away_not_lose_prob,{'model__var_smoothing': 1e-07},0.6805555555555556,0.6030254528080614,0.6916786836352053,0.7943556874717208,0.21483629060738604,,market_only,development,2024
144,2025-04-06 13:30:00,naive_bayes,538,18,4,18,log_loss,556,1,5,5,4,4,benchmark_away_not_lose_prob,{'model__var_smoothing': 1e-07},0.6666666666666667,0.5906718281718282,0.6760161135161135,0.8046395722254819,0.2192826694374574,,market_only,development,2024
145,2025-04-06 15:30:00,naive_bayes,539,18,4,18,log_loss,557,1,5,5,4,4,benchmark_away_not_lose_prob,{'model__var_smoothing': 1e-07},0.6666666666666666,0.5829003926830014,0.6690558949013056,0.7999351923379886,0.21739428195073016,,market_only,development,2024
146,2025-04-11 18:30:00,naive_bayes,540,18,4,18,log_loss,558,1,5,5,4,4,benchmark_away_not_lose_prob,{'model__var_smoothing': 1e-07},0.6527777777777777,0.5673100048100048,0.6547786061674951,0.8165067925569651,0.2236024272068823,,market_only,development,2024
147,2025-04-12 13:30:00,naive_bayes,541,18,4,18,log_loss,559,5,5,5,4,4,benchmark_away_not_lose_prob,{'model__var_smoothing': 1e-07},0.6527777777777777,0.5743631368631368,0.6548761423761424,0.8248216723715059,0.2256257812726153,,market_only,development,2024
148,2025-04-12 16:30:00,naive_bayes,546,18,4,18,log_loss,564,1,5,5,4,4,benchmark_away_not_lose_prob,{'model__var_smoothing': 1e-07},0.6388888888888888,0.5424055685693617,0.6434420368903129,0.9037024607583202,0.24172121212877784,,market_only,development,2024
149,2025-04-13 13:30:00,naive_bayes,547,18,4,18,log_loss,565,1,5,5,4,4,benchmark_away_not_lose_prob,{'model__var_smoothing': 1e-07},0.6388888888888888,0.5400191998018085,0.6424694110684448,0.8988389132130099,0.2424608082257103,,market_only,development,2024
150,2025-04-13 15:30:00,naive_bayes,548,18,4,18,log_loss,566,1,5,5,4,4,benchmark_away_not_lose_prob,{'model__var_smoothing': 1e-07},0.625,0.49429386535364794,0.6403597554261805,0.9071715927017896,0.24738690257018997,,market_only,development,2024
151,2025-04-19 13:30:00,naive_bayes,549,18,4,18,log_loss,567,5,5,5,4,4,benchmark_away_not_lose_prob,{'model__var_smoothing': 1e-07},0.6111111111111112,0.4995374891588076,0.634643757364655,0.9065851609431324,0.2469623985781844,,market_only,development,2024
152,2025-04-19 16:30:00,naive_bayes,554,18,4,18,log_loss,572,1,5,5,4,4,benchmark_away_not_lose_prob,{'model__var_smoothing': 1e-07},0.638888888888889,0.5523762875055979,0.6535751604717122,0.9086366477232013,0.24676118104537342,,market_only,development,2024
153,2025-04-20 13:30:00,naive_bayes,555,18,4,18,log_loss,573,1,5,5,4,4,benchmark_away_not_lose_prob,{'model__var_smoothing': 1e-07},0.6388888888888888,0.5583663618989706,0.6489514109079326,0.9120373798929575,0.24826600983233632,,market_only,development,2024
154,2025-04-20 15:30:00,naive_bayes,556,18,4,18,log_loss,574,1,5,5,4,4,benchmark_away_not_lose_prob,{'model__var_smoothing': 1e-07},0.6527777777777778,0.5713536463536464,0.6615800865800866,0.9078571085476004,0.24541236341579054,,market_only,development,2024
155,2025-04-20 17:30:00,naive_bayes,557,18,4,18,log_loss,575,1,5,5,4,4,benchmark_away_not_lose_prob,{'model__var_smoothing': 1e-07},0.6388888888888888,0.5475919511245598,0.6398351156805263,0.9205967713374229,0.25075901226326025,,market_only,development,2024
156,2025-04-25 18:30:00,naive_bayes,558,18,4,18,log_loss,576,1,5,5,4,4,benchmark_away_not_lose_prob,{'model__var_smoothing': 1e-07},0.6388888888888888,0.547991822991823,0.6403425792314681,0.9211791817144241,0.2508399439132495,,market_only,development,2024
157,2025-04-26 13:30:00,naive_bayes,559,18,4,18,log_loss,577,5,5,5,4,4,benchmark_away_not_lose_prob,{'model__var_smoothing': 1e-07},0.638888888888889,0.5624313186813187,0.6426917989417991,0.9465968071134081,0.2589916203809576,,market_only,development,2024
158,2025-04-26 16:30:00,naive_bayes,564,18,4,18,log_loss,582,1,5,5,4,4,benchmark_away_not_lose_prob,{'model__var_smoothing': 1e-07},0.6527777777777778,0.5647269971407903,0.6579923014405773,0.9375040764397942,0.25222385910948464,,market_only,development,2024
159,2025-04-27 13:30:00,naive_bayes,565,18,4,18,log_loss,583,1,5,5,4,4,benchmark_away_not_lose_prob,{'model__var_smoothing': 1e-07},0.6527777777777778,0.5609953703703704,0.6547325102880658,0.8815191240192705,0.24271367674063998,,market_only,development,2024
160,2025-04-27 15:30:00,naive_bayes,566,18,4,18,log_loss,584,1,5,5,4,4,benchmark_away_not_lose_prob,{'model__var_smoothing': 1e-07},0.6527777777777778,0.5228652939250765,0.6665502316166567,0.8863628283322651,0.24506227064975666,,market_only,development,2024
161,2025-05-02 18:30:00,naive_bayes,567,18,4,18,log_loss,585,1,5,5,4,4,benchmark_away_not_lose_prob,{'model__var_smoothing': 1e-07},0.6249999999999999,0.5172263220650317,0.6469068565842758,0.8959459689088294,0.24851070632489966,,market_only,development,2024
162,2025-05-03 13:30:00,naive_bayes,568,18,4,18,log_loss,586,4,5,5,4,4,benchmark_away_not_lose_prob,{'model__var_smoothing': 1e-07},0.625,0.5247522043174218,0.6422647883517448,0.9041416701487934,0.2503156336484179,,market_only,development,2024
163,2025-05-03 16:30:00,naive_bayes,572,18,4,18,log_loss,590,1,5,5,4,4,benchmark_away_not_lose_prob,{'model__var_smoothing': 1e-07},0.638888888888889,0.5416018767311871,0.64923546724313,0.8889830162062293,0.24592664570578665,,market_only,development,2024
164,2025-05-04 13:30:00,naive_bayes,573,18,4,18,log_loss,591,1,5,5,4,4,benchmark_away_not_lose_prob,{'model__var_smoothing': 1e-07},0.625,0.5363383898709986,0.6281666401231618,0.8960944320601645,0.2500237553244292,,market_only,development,2024
165,2025-05-04 15:30:00,naive_bayes,574,18,4,18,log_loss,592,1,5,5,4,4,benchmark_away_not_lose_prob,{'model__var_smoothing': 1e-07},0.625,0.5367382617382617,0.6286741036741037,0.9103141833751405,0.2550581538209975,,market_only,development,2024
166,2025-05-04 17:30:00,naive_bayes,575,18,4,18,log_loss,593,1,5,5,4,4,benchmark_away_not_lose_prob,{'model__var_smoothing': 1e-07},0.625,0.5363383898709986,0.623374210330732,0.8923720048047896,0.24743851991348922,,market_only,development,2024
167,2025-05-09 18:30:00,naive_bayes,576,18,4,18,log_loss,594,1,5,5,4,4,benchmark_away_not_lose_prob,{'model__var_smoothing': 1e-07},0.638888888888889,0.547991822991823,0.6351985463096574,0.8947100363625271,0.24808542189627866,,market_only,development,2024
168,2025-05-10 13:30:00,naive_bayes,577,18,4,18,log_loss,595,4,5,5,4,4,benchmark_away_not_lose_prob,{'model__var_smoothing': 1e-07},0.6388888888888888,0.5624313186813187,0.6327711640211641,0.8991098223517889,0.24883550426230455,,market_only,development,2024
169,2025-05-10 16:30:00,naive_bayes,581,18,4,18,log_loss,599,1,5,5,4,4,benchmark_away_not_lose_prob,{'model__var_smoothing': 1e-07},0.6527777777777778,0.5385514485514485,0.6399589299589301,0.6852858966449273,0.22257774652057075,,market_only,development,2024
170,2025-05-11 13:30:00,naive_bayes,582,18,4,18,log_loss,600,1,5,5,4,4,benchmark_away_not_lose_prob,{'model__var_smoothing': 1e-07},0.6527777777777778,0.5647269971407902,0.6429403036299589,0.6844516897870546,0.2226003952161094,,market_only,development,2024
171,2025-05-11 15:30:00,naive_bayes,583,18,4,18,log_loss,601,1,5,5,4,4,benchmark_away_not_lose_prob,{'model__var_smoothing': 1e-07},0.6527777777777778,0.5609953703703704,0.6473251028806584,0.6877982366413972,0.22406356088950707,,market_only,development,2024
172,2025-05-11 17:30:00,naive_bayes,584,18,4,18,log_loss,602,1,5,5,4,4,benchmark_away_not_lose_prob,{'model__var_smoothing': 1e-07},0.638888888888889,0.5526528555014312,0.6396447855301761,0.699933248076666,0.2306939465775547,,market_only,development,2024
173,2025-05-17 13:30:00,naive_bayes,585,18,4,18,log_loss,603,9,5,5,4,4,benchmark_away_not_lose_prob,{'model__var_smoothing': 1e-07},0.6527777777777778,0.5958851493334252,0.6478205702343633,0.691396430913334,0.2269438687270192,,market_only,development,2024
1,2025-08-22 18:30:00,naive_bayes,594,18,4,18,log_loss,612,1,5,5,4,4,benchmark_away_not_lose_prob,{'model__var_smoothing': 1e-07},0.6944444444444444,0.6283489658489658,0.6957144193255304,0.6631110127363655,0.21588573515495857,,market_only,test,2025
2,2025-08-23 13:30:00,naive_bayes,595,18,4,18,log_loss,613,5,5,5,4,4,benchmark_away_not_lose_prob,{'model__var_smoothing': 1e-07},0.6944444444444444,0.6316620879120879,0.691745522995523,0.6666451848814062,0.2166062679839734,,market_only,test,2025
3,2025-08-23 16:30:00,naive_bayes,600,18,4,18,log_loss,618,1,5,5,4,4,benchmark_away_not_lose_prob,{'model__var_smoothing': 1e-07},0.6666666666666666,0.5855224516862448,0.6677256571653124,0.7025093524814509,0.22255534031065097,,market_only,test,2025
4,2025-08-24 13:30:00,naive_bayes,601,18,4,18,log_loss,619,1,5,5,4,4,benchmark_away_not_lose_prob,{'model__var_smoothing': 1e-07},0.6805555555555555,0.5922453703703704,0.6878343621399178,0.6910135379239611,0.21745234142626008,,market_only,test,2025
5,2025-08-24 15:30:00,naive_bayes,602,18,4,18,log_loss,620,1,5,5,4,4,benchmark_away_not_lose_prob,{'model__var_smoothing': 1e-07},0.7083333333333334,0.6188735912873844,0.715360132984654,0.6867302622352038,0.21532533325887385,,market_only,test,2025
6,2025-08-29 18:30:00,naive_bayes,603,18,4,18,log_loss,621,1,5,5,4,4,benchmark_away_not_lose_prob,{'model__var_smoothing': 1e-07},0.6944444444444444,0.6274435908918669,0.7041264865402797,0.6879396250839787,0.2179117377757454,,market_only,test,2025
7,2025-08-30 13:30:00,naive_bayes,604,18,4,18,log_loss,622,4,5,5,4,4,benchmark_away_not_lose_prob,{'model__var_smoothing': 1e-07},0.6805555555555556,0.6153011119315467,0.6942535845796715,0.6932792463736193,0.2183164901780052,,market_only,test,2025
8,2025-08-30 16:30:00,naive_bayes,608,18,4,18,log_loss,626,1,5,5,4,4,benchmark_away_not_lose_prob,{'model__var_smoothing': 1e-07},0.75,0.6842093554593555,0.7484885895997007,0.6259141252697683,0.19656524157727198,,market_only,test,2025
9,2025-08-31 13:30:00,naive_bayes,609,18,4,18,log_loss,627,1,5,5,4,4,benchmark_away_not_lose_prob,{'model__var_smoothing': 1e-07},0.7361111111111112,0.6729557942057942,0.7370038295038294,0.6169285079777367,0.1939402438034438,,market_only,test,2025
10,2025-08-31 15:30:00,naive_bayes,610,18,4,18,log_loss,628,1,5,5,4,4,benchmark_away_not_lose_prob,{'model__var_smoothing': 1e-07},0.763888888888889,0.6987422921905679,0.7638467662605594,0.6104424991159731,0.19021905141046885,,market_only,test,2025
11,2025-08-31 17:30:00,naive_bayes,611,18,4,18,log_loss,629,1,5,5,4,4,benchmark_away_not_lose_prob,{'model__var_smoothing': 1e-07},0.736111111111111,0.673401383099659,0.7383689107827038,0.6178016133851204,0.1929695721612728,,market_only,test,2025
12,2025-09-12 18:30:00,naive_bayes,612,18,4,18,log_loss,630,1,5,5,4,4,benchmark_away_not_lose_prob,{'model__var_smoothing': 1e-07},0.75,0.6827320827320827,0.751841162952274,0.6239812514008425,0.19515444085235437,,market_only,test,2025
13,2025-09-13 13:30:00,naive_bayes,613,18,4,18,log_loss,631,5,5,5,4,4,benchmark_away_not_lose_prob,{'model__var_smoothing': 1e-07},0.7083333333333334,0.6591388680978464,0.7111670342900994,0.6435510794072081,0.2096923317443984,,market_only,test,2025
14,2025-09-13 16:30:00,naive_bayes,618,18,4,18,log_loss,636,1,5,5,4,4,benchmark_away_not_lose_prob,{'model__var_smoothing': 1e-07},0.6805555555555556,0.6094385356023286,0.6859774054170606,0.578183415198245,0.19474756645420602,,market_only,test,2025
15,2025-09-14 13:30:00,naive_bayes,619,18,4,18,log_loss,637,1,5,5,4,4,benchmark_away_not_lose_prob,{'model__var_smoothing': 1e-07},0.6805555555555556,0.6165238294314381,0.6898093955159172,0.5740273773113954,0.1940485950439447,,market_only,test,2025
16,2025-09-14 15:30:00,naive_bayes,620,18,4,18,log_loss,638,1,5,5,4,4,benchmark_away_not_lose_prob,{'model__var_smoothing': 1e-07},0.7361111111111112,0.6666850390988323,0.7379003499693154,0.57442604924925,0.1921294575466854,,market_only,test,2025
17,2025-09-19 18:30:00,naive_bayes,621,18,4,18,log_loss,639,1,5,5,4,4,benchmark_away_not_lose_prob,{'model__var_smoothing': 1e-07},0.7083333333333334,0.6494715629198389,0.7091769915907847,0.6067993797362374,0.20531429190556535,,market_only,test,2025
18,2025-09-20 13:30:00,naive_bayes,622,18,4,18,log_loss,640,4,5,5,4,4,benchmark_away_not_lose_prob,{'model__var_smoothing': 1e-07},0.6805555555555556,0.6153011119315468,0.6744556047816916,0.6261231000335788,0.2091195722542794,,market_only,test,2025
19,2025-09-20 16:30:00,naive_bayes,626,18,4,18,log_loss,644,1,5,5,4,4,benchmark_away_not_lose_prob,{'model__var_smoothing': 1e-07},0.7361111111111112,0.6483297258297257,0.7093939393939392,0.5893842041977183,0.19575478081185044,,market_only,test,2025
20,2025-09-21 13:30:00,naive_bayes,627,18,4,18,log_loss,645,1,5,5,4,4,benchmark_away_not_lose_prob,{'model__var_smoothing': 1e-07},0.7083333333333333,0.6282442557442558,0.6818756243756243,0.618677742315993,0.20537824730991305,,market_only,test,2025
21,2025-09-21 15:30:00,naive_bayes,628,18,4,18,log_loss,646,1,5,5,4,4,benchmark_away_not_lose_prob,{'model__var_smoothing': 1e-07},0.7222222222222223,0.6420989355472114,0.6930619954757886,0.6526613580987017,0.212846544497921,,market_only,test,2025
22,2025-09-21 17:30:00,naive_bayes,629,18,4,18,log_loss,647,1,5,5,4,4,benchmark_away_not_lose_prob,{'model__var_smoothing': 1e-07},0.7222222222222222,0.6375217534700294,0.6992742605769425,0.6483062180660324,0.20919776850000013,,market_only,test,2025
23,2025-09-26 18:30:00,naive_bayes,630,18,4,18,log_loss,648,1,5,5,4,4,benchmark_away_not_lose_prob,{'model__var_smoothing': 1e-07},0.6944444444444444,0.6172775372775372,0.6786088397199508,0.5867766850032976,0.197802384553249,,market_only,test,2025
24,2025-09-27 13:30:00,naive_bayes,631,18,4,18,log_loss,649,4,5,5,4,4,benchmark_away_not_lose_prob,{'model__var_smoothing': 1e-07},0.7083333333333334,0.6652265304355087,0.705530309903375,0.5551505916528922,0.1919718783112549,,market_only,test,2025
25,2025-09-27 16:30:00,naive_bayes,635,18,4,18,log_loss,653,1,5,5,4,4,benchmark_away_not_lose_prob,{'model__var_smoothing': 1e-07},0.6111111111111112,0.5243621669755739,0.6049481147071671,0.6073200356204522,0.21258519377049984,,market_only,test,2025
26,2025-09-28 13:30:00,naive_bayes,636,18,4,18,log_loss,654,1,5,5,4,4,benchmark_away_not_lose_prob,{'model__var_smoothing': 1e-07},0.6388888888888888,0.5558671070309001,0.634390103829759,0.5652588324519624,0.19364113721958287,,market_only,test,2025
27,2025-09-28 15:30:00,naive_bayes,637,18,4,18,log_loss,655,1,5,5,4,4,benchmark_away_not_lose_prob,{'model__var_smoothing': 1e-07},0.6527777777777777,0.5624372909698996,0.6483564040629258,0.5573148572930362,0.19030453915046394,,market_only,test,2025
28,2025-09-28 17:30:00,naive_bayes,638,18,4,18,log_loss,656,1,5,5,4,4,benchmark_away_not_lose_prob,{'model__var_smoothing': 1e-07},0.75,0.6756136105274037,0.75245061451958,0.5545616209107949,0.18594952900751363,,market_only,test,2025
29,2025-10-03 18:30:00,naive_bayes,639,18,4,18,log_loss,657,1,5,5,4,4,benchmark_away_not_lose_prob,{'model__var_smoothing': 1e-07},0.7083333333333334,0.6332877467360227,0.7040487864625796,0.5794862512453944,0.1966437857051619,,market_only,test,2025
30,2025-10-04 13:30:00,naive_bayes,640,18,4,18,log_loss,658,4,5,5,4,4,benchmark_away_not_lose_prob,{'model__var_smoothing': 1e-07},0.6666666666666666,0.596801948051948,0.6652002164502164,0.6438975378780414,0.21702886056692638,,market_only,test,2025
31,2025-10-04 16:30:00,naive_bayes,644,18,4,18,log_loss,662,1,5,5,4,4,benchmark_away_not_lose_prob,{'model__var_smoothing': 1e-07},0.7222222222222222,0.6471723184223184,0.6946048447437336,0.630436264426051,0.21440304724866222,,market_only,test,2025
32,2025-10-05 13:30:00,naive_bayes,645,18,4,18,log_loss,663,1,5,5,4,4,benchmark_away_not_lose_prob,{'model__var_smoothing': 1e-07},0.6805555555555556,0.6070904095904095,0.6592260517260515,0.6521416472964323,0.2204883445230278,,market_only,test,2025
33,2025-10-05 15:30:00,naive_bayes,646,18,4,18,log_loss,664,1,5,5,4,4,benchmark_away_not_lose_prob,{'model__var_smoothing': 1e-07},0.7222222222222222,0.6521950893933652,0.6947179783817714,0.6561508318451026,0.21490019024184615,,market_only,test,2025
34,2025-10-05 17:30:00,naive_bayes,647,18,4,18,log_loss,665,1,5,5,4,4,benchmark_away_not_lose_prob,{'model__var_smoothing': 1e-07},0.7361111111111112,0.6595497254980014,0.7043247656274476,0.6668227301913532,0.21702859412354067,,market_only,test,2025
35,2025-10-17 18:30:00,naive_bayes,648,18,4,18,log_loss,666,1,5,5,4,4,benchmark_away_not_lose_prob,{'model__var_smoothing': 1e-07},0.7083333333333333,0.6406393606393606,0.6882321382321382,0.5897052519656802,0.19927804690996687,,market_only,test,2025
36,2025-10-18 13:30:00,naive_bayes,649,18,4,18,log_loss,667,5,5,5,4,4,benchmark_away_not_lose_prob,{'model__var_smoothing': 1e-07},0.6805555555555555,0.6417375194464978,0.6724564393295044,0.5974849130784026,0.20943137845772772,,market_only,test,2025
37,2025-10-18 16:30:00,naive_bayes,654,18,4,18,log_loss,672,1,5,5,4,4,benchmark_away_not_lose_prob,{'model__var_smoothing': 1e-07},0.6527777777777778,0.5974737762237762,0.6376783864283865,0.6038677422327565,0.20797834821401992,,market_only,test,2025
38,2025-10-19 13:30:00,naive_bayes,655,18,4,18,log_loss,673,1,5,5,4,4,benchmark_away_not_lose_prob,{'model__var_smoothing': 1e-07},0.6388888888888888,0.5806191091517178,0.6182217239282457,0.612377525800011,0.2117749529292529,,market_only,test,2025
39,2025-10-19 15:30:00,naive_bayes,656,18,4,18,log_loss,674,1,5,5,4,4,benchmark_away_not_lose_prob,{'model__var_smoothing': 1e-07},0.75,0.7046328671328672,0.7323232323232323,0.5999323392205349,0.20182783010898656,,market_only,test,2025
40,2025-10-24 18:30:00,naive_bayes,657,18,4,18,log_loss,675,1,5,5,4,4,benchmark_away_not_lose_prob,{'model__var_smoothing': 1e-07},0.6666666666666666,0.595944055944056,0.6447397047397048,0.6367973136736658,0.21682657644711703,,market_only,test,2025
41,2025-10-25 13:30:00,naive_bayes,658,18,4,18,log_loss,676,5,5,5,4,4,benchmark_away_not_lose_prob,{'model__var_smoothing': 1e-07},0.625,0.5626136363636363,0.6012500000000001,0.7254445444429453,0.246091455980847,,market_only,test,2025
42,2025-10-25 16:30:00,naive_bayes,663,18,4,18,log_loss,681,1,5,5,4,4,benchmark_away_not_lose_prob,{'model__var_smoothing': 1e-07},0.6805555555555556,0.6249475524475524,0.6496361046361045,0.6656808100714435,0.22394702203438155,,market_only,test,2025
43,2025-10-26 13:30:00,naive_bayes,664,18,4,18,log_loss,682,1,5,5,4,4,benchmark_away_not_lose_prob,{'model__var_smoothing': 1e-07},0.6944444444444444,0.6368793706293706,0.6558440170940171,0.6888415115244242,0.22743668129533906,,market_only,test,2025
44,2025-10-26 15:30:00,naive_bayes,665,18,4,18,log_loss,683,1,5,5,4,4,benchmark_away_not_lose_prob,{'model__var_smoothing': 1e-07},0.7083333333333334,0.6442340067340068,0.6654508043396932,0.6787173995847868,0.22220011407310147,,market_only,test,2025
45,2025-10-31 19:30:00,naive_bayes,666,18,4,18,log_loss,684,1,5,5,4,4,benchmark_away_not_lose_prob,{'model__var_smoothing': 1e-07},0.6805555555555555,0.6272465034965035,0.6450773763273763,0.6042858639899027,0.20569952425253113,,market_only,test,2025
46,2025-11-01 14:30:00,naive_bayes,667,18,4,18,log_loss,685,5,5,5,4,4,benchmark_away_not_lose_prob,{'model__var_smoothing': 1e-07},0.6666666666666666,0.6291501068590851,0.6463103631834282,0.6056921734206191,0.21164528810825908,,market_only,test,2025
47,2025-11-01 17:30:00,naive_bayes,672,18,4,18,log_loss,690,1,5,5,4,4,benchmark_away_not_lose_prob,{'model__var_smoothing': 1e-07},0.6527777777777778,0.5873776223776224,0.6188215488215488,0.573852039200916,0.2016238153007609,,market_only,test,2025
48,2025-11-02 14:30:00,naive_bayes,673,18,4,18,log_loss,691,1,5,5,4,4,benchmark_away_not_lose_prob,{'model__var_smoothing': 1e-07},0.6527777777777778,0.5925509273335361,0.6198000067565285,0.5677862219119693,0.1993199218549155,,market_only,test,2025
49,2025-11-02 16:30:00,naive_bayes,674,18,4,18,log_loss,692,1,5,5,4,4,benchmark_away_not_lose_prob,{'model__var_smoothing': 1e-07},0.7222222222222222,0.6801136363636364,0.6941287878787878,0.5864517683750796,0.20448913288604684,,market_only,test,2025
50,2025-11-07 19:30:00,naive_bayes,675,18,4,18,log_loss,693,1,5,5,4,4,benchmark_away_not_lose_prob,{'model__var_smoothing': 1e-07},0.6805555555555555,0.6167395104895105,0.6407876845376845,0.6107231775708736,0.2117076886460355,,market_only,test,2025
51,2025-11-08 14:30:00,naive_bayes,676,18,4,18,log_loss,694,4,5,5,4,4,benchmark_away_not_lose_prob,{'model__var_smoothing': 1e-07},0.6388888888888888,0.5834090909090909,0.5972979797979798,0.6982944569544949,0.2411860055913767,,market_only,test,2025
52,2025-11-08 17:30:00,naive_bayes,680,18,4,18,log_loss,698,1,5,5,4,4,benchmark_away_not_lose_prob,{'model__var_smoothing': 1e-07},0.6666666666666666,0.6020384305710392,0.6197705486050896,0.6480968582048889,0.23010777195277166,,market_only,test,2025
53,2025-11-09 14:30:00,naive_bayes,681,18,4,18,log_loss,699,1,5,5,4,4,benchmark_away_not_lose_prob,{'model__var_smoothing': 1e-07},0.6111111111111112,0.5490384615384616,0.5606125356125355,0.6963665875596255,0.24711569227997862,,market_only,test,2025
54,2025-11-09 16:30:00,naive_bayes,682,18,4,18,log_loss,700,1,5,5,4,4,benchmark_away_not_lose_prob,{'model__var_smoothing': 1e-07},0.625,0.5609702797202797,0.5668204480704481,0.7143441240005574,0.24830458098090163,,market_only,test,2025
55,2025-11-09 18:30:00,naive_bayes,683,18,4,18,log_loss,701,1,5,5,4,4,benchmark_away_not_lose_prob,{'model__var_smoothing': 1e-07},0.6805555555555556,0.6190716690716691,0.6311795200684089,0.682812691144404,0.23380332000594017,,market_only,test,2025
56,2025-11-21 19:30:00,naive_bayes,684,18,4,18,log_loss,702,1,5,5,4,4,benchmark_away_not_lose_prob,{'model__var_smoothing': 1e-09},0.6527777777777777,0.6020841658341658,0.6131209068709069,0.5885172800721618,0.2090440639934346,,market_only,test,2025
57,2025-11-22 14:30:00,naive_bayes,685,18,4,18,log_loss,703,5,5,5,4,4,benchmark_away_not_lose_prob,{'model__var_smoothing': 1e-09},0.6805555555555555,0.639010989010989,0.6528027528027528,0.5632209344685988,0.19774088520125477,,market_only,test,2025
58,2025-11-22 17:30:00,naive_bayes,690,18,4,18,log_loss,708,1,5,5,4,4,benchmark_away_not_lose_prob,{'model__var_smoothing': 1e-07},0.6527777777777778,0.6019230769230769,0.6148148148148147,0.5764357298648048,0.20474535813767658,,market_only,test,2025
59,2025-11-23 14:30:00,naive_bayes,691,18,4,18,log_loss,709,1,5,5,4,4,benchmark_away_not_lose_prob,{'model__var_smoothing': 1e-07},0.6666666666666666,0.6102397602397602,0.6288211788211788,0.5736025152792495,0.20226116733013588,,market_only,test,2025
60,2025-11-23 16:30:00,naive_bayes,692,18,4,18,log_loss,710,1,5,5,4,4,benchmark_away_not_lose_prob,{'model__var_smoothing': 1e-07},0.7222222222222222,0.6905032467532468,0.6996602934102933,0.5678914948415749,0.19719689734206547,,market_only,test,2025
61,2025-11-28 19:30:00,naive_bayes,693,18,4,18,log_loss,711,1,5,5,4,4,benchmark_away_not_lose_prob,{'model__var_smoothing': 1e-07},0.6805555555555556,0.6271291208791209,0.64631919006919,0.575240458757412,0.20018398924343864,,market_only,test,2025
62,2025-11-29 14:30:00,naive_bayes,694,18,4,18,log_loss,712,4,5,5,4,4,benchmark_away_not_lose_prob,{'model__var_smoothing': 1e-07},0.6805555555555555,0.639512987012987,0.6534018759018759,0.5968077956679522,0.20705381985035493,,market_only,test,2025
63,2025-11-29 17:30:00,naive_bayes,698,18,4,18,log_loss,716,1,5,5,4,4,benchmark_away_not_lose_prob,{'model__var_smoothing': 1e-07},0.7222222222222222,0.6898723945659939,0.7004028665095094,0.5654070938350779,0.19808737958716097,,market_only,test,2025
64,2025-11-30 14:30:00,naive_bayes,699,18,4,18,log_loss,717,1,5,5,4,4,benchmark_away_not_lose_prob,{'model__var_smoothing': 1e-07},0.6944444444444444,0.659375,0.6712962962962963,0.5704650660505358,0.19954143853989592,,market_only,test,2025
65,2025-11-30 16:30:00,naive_bayes,700,18,4,18,log_loss,718,1,5,5,4,4,benchmark_away_not_lose_prob,{'model__var_smoothing': 1e-07},0.6944444444444444,0.6565746753246753,0.6632184944684946,0.5677275806272303,0.19910079820821638,,market_only,test,2025
66,2025-11-30 18:30:00,naive_bayes,701,18,4,18,log_loss,719,1,5,5,4,4,benchmark_away_not_lose_prob,{'model__var_smoothing': 1e-09},0.7222222222222222,0.6902597402597402,0.698051948051948,0.547473179392638,0.19048610421888254,,market_only,test,2025
67,2025-12-05 19:30:00,naive_bayes,702,18,4,18,log_loss,720,1,5,5,4,4,benchmark_away_not_lose_prob,{'model__var_smoothing': 1e-09},0.7222222222222222,0.6909153346653346,0.6984744422244422,0.5348152565791442,0.1847327339705311,,market_only,test,2025
68,2025-12-06 14:30:00,naive_bayes,703,18,4,18,log_loss,721,5,5,5,4,4,benchmark_away_not_lose_prob,{'model__var_smoothing': 1e-09},0.7083333333333333,0.6682317682317682,0.6827450327450327,0.5325569123107587,0.1834894975922464,,market_only,test,2025
69,2025-12-06 17:30:00,naive_bayes,708,18,4,18,log_loss,726,1,5,5,4,4,benchmark_away_not_lose_prob,{'model__var_smoothing': 1e-07},0.6805555555555555,0.6392607392607392,0.6496873496873496,0.6404438958869755,0.2118675695491728,,market_only,test,2025
70,2025-12-07 14:30:00,naive_bayes,709,18,4,18,log_loss,727,1,5,5,4,4,benchmark_away_not_lose_prob,{'model__var_smoothing': 1e-07},0.6944444444444444,0.6643262987012988,0.6692325036075036,0.6390619771439879,0.21018320625418446,,market_only,test,2025
71,2025-12-07 16:30:00,naive_bayes,710,18,4,18,log_loss,728,1,5,5,4,4,benchmark_away_not_lose_prob,{'model__var_smoothing': 1e-07},0.6805555555555556,0.6530032467532468,0.655215848965849,0.6572420991351453,0.21733378576034576,,market_only,test,2025
72,2025-12-12 19:30:00,naive_bayes,711,18,4,18,log_loss,729,1,5,5,4,4,benchmark_away_not_lose_prob,{'model__var_smoothing': 1e-07},0.6527777777777777,0.6184752747252749,0.6208918396418397,0.6780355605456565,0.22552267272577348,,market_only,test,2025
73,2025-12-13 14:30:00,naive_bayes,712,18,4,18,log_loss,730,4,5,5,4,4,benchmark_away_not_lose_prob,{'model__var_smoothing': 1e-07},0.6388888888888888,0.6078759901089622,0.6063280024928631,0.7068197774508744,0.23529063802734085,,market_only,test,2025
74,2025-12-13 17:30:00,naive_bayes,716,18,4,18,log_loss,734,1,5,5,4,4,benchmark_away_not_lose_prob,{'model__var_smoothing': 1e-07},0.7083333333333334,0.6860991747517524,0.687879216698708,0.6593596048316659,0.21752521050746515,,market_only,test,2025
75,2025-12-14 14:30:00,naive_bayes,717,18,4,18,log_loss,735,1,5,5,4,4,benchmark_away_not_lose_prob,{'model__var_smoothing': 1e-07},0.7083333333333334,0.6868517801857585,0.68729216832932,0.6664404987018295,0.2195109748524106,,market_only,test,2025
76,2025-12-14 16:30:00,naive_bayes,718,18,4,18,log_loss,736,1,5,5,4,4,benchmark_away_not_lose_prob,{'model__var_smoothing': 1e-07},0.6805555555555556,0.6528014555104338,0.6543068157619242,0.66576915072735,0.22015869947248973,,market_only,test,2025
77,2025-12-14 18:30:00,naive_bayes,719,18,4,18,log_loss,737,1,5,5,4,4,benchmark_away_not_lose_prob,{'model__var_smoothing': 1e-07},0.6944444444444444,0.6745547022636806,0.6806175420726505,0.9228652127155794,0.22204476550370839,,market_only,test,2025
78,2025-12-19 19:30:00,naive_bayes,720,18,4,18,log_loss,738,1,5,5,4,4,benchmark_away_not_lose_prob,{'model__var_smoothing': 1e-07},0.6666666666666667,0.6490349927849928,0.6497564935064934,0.9138495939308229,0.2189398082590471,,market_only,test,2025
79,2025-12-20 14:30:00,naive_bayes,721,18,4,18,log_loss,739,5,5,5,4,4,benchmark_away_not_lose_prob,{'model__var_smoothing': 1e-07},0.6805555555555556,0.660966810966811,0.6652236652236652,0.9154248341116163,0.2188447244984099,,market_only,test,2025
80,2025-12-20 17:30:00,naive_bayes,726,18,4,18,log_loss,744,1,5,5,4,4,benchmark_away_not_lose_prob,{'model__var_smoothing': 1e-07},0.6388888888888888,0.6109682886772669,0.6145572922662705,0.9387863499311138,0.23073367154555693,,market_only,test,2025
81,2025-12-21 14:30:00,naive_bayes,727,18,4,18,log_loss,745,1,5,5,4,4,benchmark_away_not_lose_prob,{'model__var_smoothing': 1e-07},0.6666666666666666,0.6461444805194806,0.6493671837421837,0.9280423044201407,0.22554217524787196,,market_only,test,2025
82,2025-12-21 16:30:00,naive_bayes,728,18,4,18,log_loss,746,1,5,5,4,4,benchmark_away_not_lose_prob,{'model__var_smoothing': 1e-07},0.6527777777777778,0.6348214285714286,0.637202380952381,0.9367631129866141,0.22986347110734184,,market_only,test,2025
83,2026-01-09 19:30:00,naive_bayes,729,18,4,18,log_loss,747,1,5,5,4,4,benchmark_away_not_lose_prob,{'model__var_smoothing': 1e-07},0.6527777777777778,0.634659090909091,0.6384409571909573,0.9398474640628487,0.2316684984579428,,market_only,test,2025
84,2026-01-10 14:30:00,naive_bayes,730,18,4,18,log_loss,748,3,5,5,4,4,benchmark_away_not_lose_prob,{'model__var_smoothing': 1e-07},0.6527777777777778,0.634759106992079,0.6418691280339888,0.9268271686813571,0.22491322390022372,,market_only,test,2025
85,2026-01-10 17:30:00,naive_bayes,733,18,4,18,log_loss,751,1,5,5,4,4,benchmark_away_not_lose_prob,{'model__var_smoothing': 1e-07},0.6805555555555556,0.6585349819785814,0.6701823925390354,0.9383659069757788,0.22809657983073048,,market_only,test,2025
86,2026-01-11 14:30:00,naive_bayes,734,18,4,18,log_loss,752,1,5,5,4,4,benchmark_away_not_lose_prob,{'model__var_smoothing': 1e-07},0.6944444444444445,0.6627373513899291,0.6885439840301419,0.9548569846770691,0.23499756796475943,,market_only,test,2025
87,2026-01-11 16:30:00,naive_bayes,735,18,4,18,log_loss,753,1,5,5,4,4,benchmark_away_not_lose_prob,{'model__var_smoothing': 1e-07},0.6805555555555555,0.6455056263396046,0.6744004304375821,0.9585401458575182,0.2369688408689286,,market_only,test,2025
88,2026-01-13 17:30:00,naive_bayes,736,18,4,18,log_loss,754,1,5,5,4,4,benchmark_away_not_lose_prob,{'model__var_smoothing': 1e-07},0.6666666666666666,0.6408696373286156,0.6562007551558635,0.9420242308007456,0.23122268798485682,,market_only,test,2025
89,2026-01-13 19:30:00,naive_bayes,737,18,4,18,log_loss,755,2,5,5,4,4,benchmark_away_not_lose_prob,{'model__var_smoothing': 1e-07},0.6805555555555555,0.6687105464195248,0.6798960413511498,0.9357707429919763,0.22782446549467072,,market_only,test,2025
90,2026-01-14 17:30:00,naive_bayes,739,18,4,18,log_loss,757,1,5,5,4,4,benchmark_away_not_lose_prob,{'model__var_smoothing': 1e-07},0.6805555555555556,0.6713564213564214,0.676046176046176,0.9247659906634738,0.22307525316092544,,market_only,test,2025
91,2026-01-14 19:30:00,naive_bayes,740,18,4,18,log_loss,758,3,5,5,4,4,benchmark_away_not_lose_prob,{'model__var_smoothing': 1e-07},0.6944444444444444,0.687488387216648,0.6893541744085221,0.9373569834836873,0.22695186327817407,,market_only,test,2025
92,2026-01-15 19:30:00,naive_bayes,743,18,4,18,log_loss,761,1,5,5,4,4,benchmark_away_not_lose_prob,{'model__var_smoothing': 1e-07},0.7222222222222222,0.7188954309794093,0.7188556051075401,0.9107775656585203,0.21693138237342316,,market_only,test,2025
93,2026-01-16 19:30:00,naive_bayes,744,18,4,18,log_loss,762,1,5,5,4,4,benchmark_away_not_lose_prob,{'model__var_smoothing': 1e-07},0.6944444444444444,0.6870366647456431,0.6854974632064414,0.9134503726273687,0.21855311640432973,,market_only,test,2025
94,2026-01-17 14:30:00,naive_bayes,745,18,4,18,log_loss,763,5,5,5,4,4,benchmark_away_not_lose_prob,{'model__var_smoothing': 1e-07},0.7083333333333333,0.7001848845598846,0.6998722342472343,0.9138216097188376,0.21759137974948595,,market_only,test,2025
95,2026-01-17 17:30:00,naive_bayes,750,18,4,18,log_loss,768,1,5,5,4,4,benchmark_away_not_lose_prob,{'model__var_smoothing': 1e-07},0.6805555555555556,0.6726690555204655,0.680825166274924,0.9296921337265163,0.22410756165455356,,market_only,test,2025
96,2026-01-18 14:30:00,naive_bayes,751,18,4,18,log_loss,769,1,5,5,4,4,benchmark_away_not_lose_prob,{'model__var_smoothing': 1e-07},0.7083333333333334,0.6942267098226851,0.70998569284173,0.9101887670885423,0.21610171753005464,,market_only,test,2025
97,2026-01-18 16:30:00,naive_bayes,752,18,4,18,log_loss,770,1,5,5,4,4,benchmark_away_not_lose_prob,{'model__var_smoothing': 1e-07},0.7083333333333334,0.683713521958491,0.7148550672705729,0.9412593496682969,0.22893324632652942,,market_only,test,2025
98,2026-01-23 19:30:00,naive_bayes,753,18,4,18,log_loss,771,1,5,5,4,4,benchmark_away_not_lose_prob,{'model__var_smoothing': 1e-07},0.7083333333333333,0.6871722930062713,0.7206967267338783,0.9345285679315192,0.22547589083948125,,market_only,test,2025
99,2026-01-24 14:30:00,naive_bayes,754,18,4,18,log_loss,772,5,5,5,4,4,benchmark_away_not_lose_prob,{'model__var_smoothing': 1e-07},0.6944444444444444,0.6814946373286156,0.7014553847854932,0.9257395801875064,0.22244188652813543,,market_only,test,2025
100,2026-01-24 17:30:00,naive_bayes,759,18,4,18,log_loss,777,1,5,5,4,4,benchmark_away_not_lose_prob,{'model__var_smoothing': 1e-07},0.7083333333333334,0.6957251079449558,0.7065937671495283,1.1527803859425791,0.22649175556036683,,market_only,test,2025
101,2026-01-25 14:30:00,naive_bayes,760,18,4,18,log_loss,778,1,5,5,4,4,benchmark_away_not_lose_prob,{'model__var_smoothing': 1e-07},0.6944444444444444,0.6739342116431899,0.6910667041936391,1.1459298136897256,0.22459987927709546,,market_only,test,2025
102,2026-01-25 16:30:00,naive_bayes,761,18,4,18,log_loss,779,1,5,5,4,4,benchmark_away_not_lose_prob,{'model__var_smoothing': 1e-07},0.7222222222222222,0.6994242771332555,0.72198060510754,1.1482211092097963,0.22473297053002478,,market_only,test,2025
103,2026-01-27 19:30:00,naive_bayes,762,18,4,18,log_loss,780,2,5,5,4,4,benchmark_away_not_lose_prob,{'model__var_smoothing': 1e-07},0.6944444444444444,0.6724912102001885,0.6895041972131755,1.1529875297753926,0.22702073554327692,,market_only,test,2025
104,2026-01-30 19:30:00,naive_bayes,764,18,4,18,log_loss,782,1,5,5,4,4,benchmark_away_not_lose_prob,{'model__var_smoothing': 1e-07},0.6944444444444444,0.6683760683760684,0.6925925925925925,1.1504610180257966,0.22752978308117192,,market_only,test,2025
105,2026-01-31 14:30:00,naive_bayes,765,18,4,18,log_loss,783,5,5,5,4,4,benchmark_away_not_lose_prob,{'model__var_smoothing': 1e-07},0.6944444444444445,0.6762238148848057,0.6959858425028704,1.1578593253295741,0.23024657095542672,,market_only,test,2025
106,2026-01-31 17:30:00,naive_bayes,770,18,4,18,log_loss,788,1,5,5,4,4,benchmark_away_not_lose_prob,{'model__var_smoothing': 1e-07},0.6805555555555556,0.6436910057749841,0.6854386116931267,1.193014783752241,0.24419463104572714,,market_only,test,2025
107,2026-02-01 14:30:00,naive_bayes,771,18,4,18,log_loss,789,1,5,5,4,4,benchmark_away_not_lose_prob,{'model__var_smoothing': 1e-07},0.6666666666666666,0.6334791111880894,0.6772623832995349,1.1884051869442833,0.24302126695379403,,market_only,test,2025
108,2026-02-01 16:30:00,naive_bayes,772,18,4,18,log_loss,790,1,5,5,4,4,benchmark_away_not_lose_prob,{'model__var_smoothing': 1e-07},0.6527777777777777,0.6306017801857585,0.6567133212934297,1.1679664792717768,0.23471402943764771,,market_only,test,2025
109,2026-02-06 19:30:00,naive_bayes,773,18,4,18,log_loss,791,1,5,5,4,4,benchmark_away_not_lose_prob,{'model__var_smoothing': 1e-07},0.6527777777777777,0.6366894425234209,0.6540978811779896,1.1758648872564361,0.2377459054629321,,market_only,test,2025
110,2026-02-07 14:30:00,naive_bayes,774,18,4,18,log_loss,792,5,5,5,4,4,benchmark_away_not_lose_prob,{'model__var_smoothing': 1e-07},0.6527777777777778,0.6350333694083694,0.6496392496392496,1.1658122702470493,0.2348650033713907,,market_only,test,2025
111,2026-02-07 17:30:00,naive_bayes,779,18,4,18,log_loss,797,1,5,5,4,4,benchmark_away_not_lose_prob,{'model__var_smoothing': 1e-07},0.6944444444444444,0.665501677993265,0.685412503322047,1.2146177636513102,0.23374609363815896,,market_only,test,2025
112,2026-02-08 14:30:00,naive_bayes,780,18,4,18,log_loss,798,1,5,5,4,4,benchmark_away_not_lose_prob,{'model__var_smoothing': 1e-07},0.6944444444444444,0.6664035478625261,0.6847242549332332,1.1387445717284248,0.21891459571934163,,market_only,test,2025
113,2026-02-08 16:30:00,naive_bayes,781,18,4,18,log_loss,799,1,5,5,4,4,benchmark_away_not_lose_prob,{'model__var_smoothing': 1e-07},0.6944444444444444,0.6639267676767677,0.6840993265993266,1.135528612513236,0.2180707108638573,,market_only,test,2025
114,2026-02-13 19:30:00,naive_bayes,782,18,4,18,log_loss,800,1,5,5,4,4,benchmark_away_not_lose_prob,{'model__var_smoothing': 1e-07},0.7083333333333333,0.6807137307137308,0.7049302549302549,1.1235595735041706,0.21361444518006598,,market_only,test,2025
115,2026-02-14 14:30:00,naive_bayes,783,18,4,18,log_loss,801,5,5,5,4,4,benchmark_away_not_lose_prob,{'model__var_smoothing': 1e-07},0.7222222222222222,0.7010614772224679,0.7222123937294216,1.121368150573208,0.2123112703010402,,market_only,test,2025
116,2026-02-14 17:30:00,naive_bayes,788,18,4,18,log_loss,806,1,5,5,4,4,benchmark_away_not_lose_prob,{'model__var_smoothing': 1e-07},0.6944444444444444,0.6568392255892256,0.6983094837261505,1.113151255373392,0.21087275577614667,,market_only,test,2025
117,2026-02-15 14:30:00,naive_bayes,789,18,4,18,log_loss,807,1,5,5,4,4,benchmark_away_not_lose_prob,{'model__var_smoothing': 1e-07},0.6805555555555555,0.6476689976689975,0.6890442890442889,1.111415000061233,0.2099864643514591,,market_only,test,2025
118,2026-02-15 16:30:00,naive_bayes,790,18,4,18,log_loss,808,1,5,5,4,4,benchmark_away_not_lose_prob,{'model__var_smoothing': 1e-07},0.6666666666666666,0.6447916666666667,0.6690972222222222,1.1131359765634767,0.21074582221871174,,market_only,test,2025
119,2026-02-20 19:30:00,naive_bayes,791,18,4,18,log_loss,809,1,5,5,4,4,benchmark_away_not_lose_prob,{'model__var_smoothing': 1e-07},0.6666666666666666,0.650879329004329,0.6664817821067821,0.8520689047260761,0.2071319050350461,,market_only,test,2025
120,2026-02-21 14:30:00,naive_bayes,792,18,4,18,log_loss,810,4,5,5,4,4,benchmark_away_not_lose_prob,{'model__var_smoothing': 1e-07},0.6805555555555555,0.6628111471861472,0.6774170274170274,0.8505969930460513,0.2073746918015958,,market_only,test,2025
121,2026-02-21 17:30:00,naive_bayes,796,18,4,18,log_loss,814,1,5,5,4,4,benchmark_away_not_lose_prob,{'model__var_smoothing': 1e-07},0.6944444444444444,0.672577209512194,0.6869956978006513,0.8396771758033634,0.20283275144996712,,market_only,test,2025
122,2026-02-22 14:30:00,naive_bayes,797,18,4,18,log_loss,815,1,5,5,4,4,benchmark_away_not_lose_prob,{'model__var_smoothing': 1e-07},0.7222222222222222,0.6933654550830483,0.7134482790358412,0.8371269608232946,0.20119985740483126,,market_only,test,2025
123,2026-02-22 16:30:00,naive_bayes,798,18,4,18,log_loss,816,1,5,5,4,4,benchmark_away_not_lose_prob,{'model__var_smoothing': 1e-07},0.7083333333333333,0.6805934343434342,0.6989141414141413,0.8396786895413298,0.20240315037198092,,market_only,test,2025
124,2026-02-22 18:30:00,naive_bayes,799,18,4,18,log_loss,817,1,5,5,4,4,benchmark_away_not_lose_prob,{'model__var_smoothing': 1e-07},0.6944444444444444,0.6664035478625261,0.6865302404853488,0.8501684824546867,0.20720754300239116,,market_only,test,2025
125,2026-02-27 19:30:00,naive_bayes,800,18,4,18,log_loss,818,1,5,5,4,4,benchmark_away_not_lose_prob,{'model__var_smoothing': 1e-07},0.7083333333333333,0.6831905108994892,0.7024993410442326,0.8406351265191261,0.20379713105347586,,market_only,test,2025
126,2026-02-28 14:30:00,naive_bayes,801,18,4,18,log_loss,819,4,5,5,4,4,benchmark_away_not_lose_prob,{'model__var_smoothing': 1e-07},0.7083333333333334,0.6912005950705641,0.7046540147159343,0.8516288887523631,0.20767320518331991,,market_only,test,2025
127,2026-02-28 17:30:00,naive_bayes,805,18,4,18,log_loss,823,1,5,5,4,4,benchmark_away_not_lose_prob,{'model__var_smoothing': 1e-07},0.6666666666666666,0.6546923374613003,0.6638856639146886,0.8850945824245278,0.22191497350502914,,market_only,test,2025
128,2026-03-01 14:30:00,naive_bayes,806,18,4,18,log_loss,824,1,5,5,4,4,benchmark_away_not_lose_prob,{'model__var_smoothing': 1e-07},0.6666666666666666,0.6519085983675768,0.6625146589736374,0.886009776269767,0.2228209321509424,,market_only,test,2025
129,2026-03-01 16:30:00,naive_bayes,807,18,4,18,log_loss,825,1,5,5,4,4,benchmark_away_not_lose_prob,{'model__var_smoothing': 1e-07},0.6527777777777777,0.6404040404040403,0.651010101010101,0.8786579449397718,0.21963135719391336,,market_only,test,2025
130,2026-03-01 18:30:00,naive_bayes,808,18,4,18,log_loss,826,1,5,5,4,4,benchmark_away_not_lose_prob,{'model__var_smoothing': 1e-07},0.6388888888888888,0.6274305555555555,0.6343750000000001,0.8895081361842738,0.2235447224726938,,market_only,test,2025
131,2026-03-04 19:30:00,naive_bayes,809,18,4,18,log_loss,827,1,5,5,4,4,benchmark_away_not_lose_prob,{'model__var_smoothing': 1e-07},0.6388888888888888,0.6260416666666666,0.6329861111111111,0.8840204824900502,0.22170005969224074,,market_only,test,2025
132,2026-03-06 19:30:00,naive_bayes,810,18,4,18,log_loss,828,1,5,5,4,4,benchmark_away_not_lose_prob,{'model__var_smoothing': 1e-07},0.6666666666666666,0.6504734848484849,0.6585858585858586,0.8692641531204938,0.21633618641271837,,market_only,test,2025
133,2026-03-07 14:30:00,naive_bayes,811,18,4,18,log_loss,829,5,5,5,4,4,benchmark_away_not_lose_prob,{'model__var_smoothing': 1e-07},0.6805555555555555,0.6645532196132041,0.6732144392844857,0.8626453475638052,0.21404585134181464,,market_only,test,2025
134,2026-03-07 17:30:00,naive_bayes,816,18,4,18,log_loss,834,1,5,5,4,4,benchmark_away_not_lose_prob,{'model__var_smoothing': 1e-07},0.6666666666666666,0.6369426406926406,0.656586099086099,0.8451963225843547,0.20761729819068206,,market_only,test,2025
135,2026-03-08 14:30:00,naive_bayes,817,18,4,18,log_loss,835,1,5,5,4,4,benchmark_away_not_lose_prob,{'model__var_smoothing': 1e-07},0.6666666666666666,0.6357397671987455,0.658752462707571,0.8495710231052427,0.20934780580054083,,market_only,test,2025
136,2026-03-08 16:30:00,naive_bayes,818,18,4,18,log_loss,836,1,5,5,4,4,benchmark_away_not_lose_prob,{'model__var_smoothing': 1e-07},0.6805555555555556,0.6525267302357086,0.6747215632664548,0.8413279942624726,0.20549879900704524,,market_only,test,2025
137,2026-03-13 19:30:00,naive_bayes,819,18,4,18,log_loss,837,1,5,5,4,4,benchmark_away_not_lose_prob,{'model__var_smoothing': 1e-07},0.6944444444444444,0.670496260705239,0.6903781289230205,0.8401796313021255,0.20443846287030115,,market_only,test,2025
138,2026-03-14 14:30:00,naive_bayes,820,18,4,18,log_loss,838,4,5,5,4,4,benchmark_away_not_lose_prob,{'model__var_smoothing': 1e-07},0.6805555555555556,0.6563754723537332,0.6726221363177884,0.8375051132960222,0.20344256513086417,,market_only,test,2025
139,2026-03-14 17:30:00,naive_bayes,824,18,4,18,log_loss,842,1,5,5,4,4,benchmark_away_not_lose_prob,{'model__var_smoothing': 1e-07},0.7083333333333334,0.691133096695336,0.7024428919725225,0.8440084695118453,0.20219567698251964,,market_only,test,2025
140,2026-03-15 14:30:00,naive_bayes,825,18,4,18,log_loss,843,1,5,5,4,4,benchmark_away_not_lose_prob,{'model__var_smoothing': 1e-07},0.7083333333333333,0.6924873737373738,0.7065656565656566,0.8512015781827212,0.20491058403258292,,market_only,test,2025
141,2026-03-15 16:30:00,naive_bayes,826,18,4,18,log_loss,844,1,5,5,4,4,benchmark_away_not_lose_prob,{'model__var_smoothing': 1e-07},0.6944444444444444,0.6771901709401709,0.6909722222222223,0.8590625830772098,0.20822297117209476,,market_only,test,2025
142,2026-03-15 18:30:00,naive_bayes,827,18,4,18,log_loss,845,1,5,5,4,4,benchmark_away_not_lose_prob,{'model__var_smoothing': 1e-07},0.6805555555555556,0.6613257575757575,0.6767550505050505,0.8674556691004496,0.2122695973275922,,market_only,test,2025
143,2026-03-20 19:30:00,naive_bayes,828,18,4,18,log_loss,846,1,5,5,4,4,benchmark_away_not_lose_prob,{'model__var_smoothing': 1e-07},0.6944444444444444,0.6723484848484849,0.6863636363636364,0.6278335863878959,0.20264404666813837,,market_only,test,2025
144,2026-03-21 14:30:00,naive_bayes,829,18,4,18,log_loss,847,4,5,5,4,4,benchmark_away_not_lose_prob,{'model__var_smoothing': 1e-07},0.7083333333333333,0.6897155572755418,0.7009922170622634,0.6301180308959957,0.20341416431824227,,market_only,test,2025
145,2026-03-21 17:30:00,naive_bayes,833,18,4,18,log_loss,851,1,5,5,4,4,benchmark_away_not_lose_prob,{'model__var_smoothing': 1e-07},0.6944444444444444,0.6781143867069799,0.6846288345913969,0.6195732941825949,0.2000288006446943,,market_only,test,2025
146,2026-03-22 14:30:00,naive_bayes,834,18,4,18,log_loss,852,1,5,5,4,4,benchmark_away_not_lose_prob,{'model__var_smoothing': 1e-07},0.6944444444444444,0.676237259117694,0.6856773460034329,0.6222417595163475,0.20129337491674085,,market_only,test,2025
147,2026-03-22 16:30:00,naive_bayes,835,18,4,18,log_loss,853,1,5,5,4,4,benchmark_away_not_lose_prob,{'model__var_smoothing': 1e-07},0.6805555555555555,0.6626228840818624,0.6729515969067053,0.6354763274449164,0.20608610320307855,,market_only,test,2025
148,2026-03-22 18:30:00,naive_bayes,836,18,4,18,log_loss,854,1,5,5,4,4,benchmark_away_not_lose_prob,{'model__var_smoothing': 1e-07},0.6805555555555555,0.6687105464195248,0.6725570611019527,0.6391674854379465,0.20715731566618553,,market_only,test,2025
149,2026-04-04 13:30:00,naive_bayes,837,18,4,18,log_loss,855,6,5,5,4,4,benchmark_away_not_lose_prob,{'model__var_smoothing': 1e-07},0.6805555555555555,0.6646521048610832,0.6725570611019527,0.6324001574862567,0.2043441543939922,,market_only,test,2025
150,2026-04-04 16:30:00,naive_bayes,843,18,4,18,log_loss,861,1,5,5,4,4,benchmark_away_not_lose_prob,{'model__var_smoothing': 1e-07},0.6944444444444444,0.6805555555555556,0.6944444444444444,0.6273241247202032,0.20268769417354987,,market_only,test,2025
151,2026-04-05 13:30:00,naive_bayes,844,18,4,18,log_loss,862,1,5,5,4,4,benchmark_away_not_lose_prob,{'model__var_smoothing': 1e-07},0.6944444444444444,0.677190170940171,0.6944444444444444,0.6320925133641164,0.2047404087393529,,market_only,test,2025
152,2026-04-05 15:30:00,naive_bayes,845,18,4,18,log_loss,863,1,5,5,4,4,benchmark_away_not_lose_prob,{'model__var_smoothing': 1e-07},0.6944444444444445,0.6732575757575757,0.6923484848484848,0.6274185796093286,0.20304295331615674,,market_only,test,2025
153,2026-04-10 18:30:00,naive_bayes,846,18,4,18,log_loss,864,1,5,5,4,4,benchmark_away_not_lose_prob,{'model__var_smoothing': 1e-07},0.6805555555555555,0.6604166666666667,0.68125,0.6298750394874217,0.20431186815617014,,market_only,test,2025
154,2026-04-11 13:30:00,naive_bayes,847,18,4,18,log_loss,865,4,5,5,4,4,benchmark_away_not_lose_prob,{'model__var_smoothing': 1e-07},0.7083333333333333,0.6796194034293879,0.713064866634913,0.6190124298233429,0.1995195693811016,,market_only,test,2025
155,2026-04-11 16:30:00,naive_bayes,851,18,4,18,log_loss,869,1,5,5,4,4,benchmark_away_not_lose_prob,{'model__var_smoothing': 1e-07},0.7083333333333333,0.679619403429388,0.7066466718266253,0.5456617860319696,0.19094272226304707,,market_only,test,2025
156,2026-04-12 13:30:00,naive_bayes,852,18,4,18,log_loss,870,1,5,5,4,4,benchmark_away_not_lose_prob,{'model__var_smoothing': 1e-07},0.6944444444444444,0.66614110527154,0.6977499955760824,0.5445939278726585,0.19082513317864908,,market_only,test,2025
157,2026-04-12 15:30:00,naive_bayes,853,18,4,18,log_loss,871,1,5,5,4,4,benchmark_away_not_lose_prob,{'model__var_smoothing': 1e-07},0.6805555555555555,0.6525267302357085,0.6850242464793548,0.5583663387933004,0.1965188365095964,,market_only,test,2025
158,2026-04-12 17:30:00,naive_bayes,854,18,4,18,log_loss,872,1,5,5,4,4,benchmark_away_not_lose_prob,{'model__var_smoothing': 1e-07},0.6805555555555555,0.6626228840818624,0.6803582876531793,0.5571416146110995,0.19607651953360292,,market_only,test,2025
159,2026-04-17 18:30:00,naive_bayes,855,18,4,18,log_loss,873,1,5,5,4,4,benchmark_away_not_lose_prob,{'model__var_smoothing': 1e-07},0.6944444444444444,0.670496260705239,0.6925426310875227,0.5538346340938203,0.1943062434425248,,market_only,test,2025
160,2026-04-18 13:30:00,naive_bayes,856,18,4,18,log_loss,874,4,5,5,4,4,benchmark_away_not_lose_prob,{'model__var_smoothing': 1e-07},0.6805555555555555,0.6508410068192676,0.6800447137403659,0.5525884396112548,0.19373982086546096,,market_only,test,2025
161,2026-04-18 16:30:00,naive_bayes,860,18,4,18,log_loss,878,1,5,5,4,4,benchmark_away_not_lose_prob,{'model__var_smoothing': 1e-07},0.7083333333333334,0.6817580966953358,0.7055678919725225,0.5914552097919972,0.2050067917719855,,market_only,test,2025
162,2026-04-19 13:30:00,naive_bayes,861,18,4,18,log_loss,879,1,5,5,4,4,benchmark_away_not_lose_prob,{'model__var_smoothing': 1e-07},0.7083333333333334,0.682070707070707,0.7065656565656566,0.5928350212465261,0.20529127111417675,,market_only,test,2025
163,2026-04-19 15:30:00,naive_bayes,862,18,4,18,log_loss,880,1,5,5,4,4,benchmark_away_not_lose_prob,{'model__var_smoothing': 1e-07},0.7083333333333334,0.685272668153103,0.707172054998142,0.5926225671434577,0.20509066782153645,,market_only,test,2025
164,2026-04-19 17:30:00,naive_bayes,863,18,4,18,log_loss,881,1,5,5,4,4,benchmark_away_not_lose_prob,{'model__var_smoothing': 1e-07},0.7083333333333334,0.6851623376623377,0.705575998075998,0.5683503024710286,0.19577635593508208,,market_only,test,2025
1,2024-08-23 18:30:00,hist_gradient_boosting,288,18,4,18,log_loss,306,1,5,5,4,4,benchmark_away_not_lose_prob,"{'model__learning_rate': 0.05, 'model__max_depth': 3, 'model__max_leaf_nodes': 15, 'model__min_samples_leaf': 20}",0.5694444444444444,0.5342397016094687,0.5617730943171783,0.6816782910497411,0.2415503751826779,,market_only,development,2024
2,2024-08-24 13:30:00,hist_gradient_boosting,289,18,4,18,log_loss,307,5,5,5,4,4,benchmark_away_not_lose_prob,"{'model__learning_rate': 0.05, 'model__max_depth': 3, 'model__max_leaf_nodes': 15, 'model__min_samples_leaf': 20}",0.5833333333333333,0.5449390023087695,0.5739561286741257,0.643499963486743,0.22771163341320763,,market_only,development,2024
3,2024-08-24 16:30:00,hist_gradient_boosting,294,18,4,18,log_loss,312,1,5,5,4,4,benchmark_away_not_lose_prob,"{'model__learning_rate': 0.05, 'model__max_depth': 3, 'model__max_leaf_nodes': 15, 'model__min_samples_leaf': 20}",0.5833333333333333,0.540437918920891,0.5642464913190747,0.6643459324500223,0.23675330726968302,,market_only,development,2024
4,2024-08-25 13:30:00,hist_gradient_boosting,295,18,4,18,log_loss,313,1,5,5,4,4,benchmark_away_not_lose_prob,"{'model__learning_rate': 0.05, 'model__max_depth': 3, 'model__max_leaf_nodes': 15, 'model__min_samples_leaf': 20}",0.5694444444444444,0.5253366601192688,0.5502519666770874,0.6702835691687541,0.24023806712549275,,market_only,development,2024
5,2024-08-25 15:30:00,hist_gradient_boosting,296,18,4,18,log_loss,314,1,5,5,4,4,benchmark_away_not_lose_prob,"{'model__learning_rate': 0.05, 'model__max_depth': 3, 'model__max_leaf_nodes': 15, 'model__min_samples_leaf': 20}",0.5972222222222223,0.5656970381886252,0.5780250966036401,0.642770245799607,0.22859131131303,,market_only,development,2024
6,2024-08-30 18:30:00,hist_gradient_boosting,297,18,4,18,log_loss,315,1,5,5,4,4,benchmark_away_not_lose_prob,"{'model__learning_rate': 0.05, 'model__max_depth': 3, 'model__max_leaf_nodes': 15, 'model__min_samples_leaf': 20}",0.6111111111111112,0.5706926406926407,0.5896681096681096,0.6410095029758294,0.2277848510888632,,market_only,development,2024
7,2024-08-31 13:30:00,hist_gradient_boosting,298,18,4,18,log_loss,316,5,5,5,4,4,benchmark_away_not_lose_prob,"{'model__learning_rate': 0.05, 'model__max_depth': 3, 'model__max_leaf_nodes': 15, 'model__min_samples_leaf': 20}",0.6111111111111112,0.5709373959373959,0.5898092648092648,0.6433792997776561,0.2286527919701425,,market_only,development,2024
8,2024-08-31 16:30:00,hist_gradient_boosting,303,18,4,18,log_loss,321,1,5,5,4,4,benchmark_away_not_lose_prob,"{'model__learning_rate': 0.05, 'model__max_depth': 3, 'model__max_leaf_nodes': 15, 'model__min_samples_leaf': 20}",0.5972222222222223,0.534924332633311,0.557896541023476,0.6243826327980324,0.22129542854709838,,market_only,development,2024
9,2024-09-01 13:30:00,hist_gradient_boosting,304,18,4,18,log_loss,322,1,5,5,4,4,benchmark_away_not_lose_prob,"{'model__learning_rate': 0.05, 'model__max_depth': 3, 'model__max_leaf_nodes': 15, 'model__min_samples_leaf': 20}",0.5972222222222222,0.5339238539238539,0.5608003108003108,0.6238060688530855,0.22162941807019063,,market_only,development,2024
10,2024-09-01 15:30:00,hist_gradient_boosting,305,18,4,18,log_loss,323,1,5,5,4,4,benchmark_away_not_lose_prob,"{'model__learning_rate': 0.1, 'model__max_depth': 3, 'model__max_leaf_nodes': 15, 'model__min_samples_leaf': 20}",0.5555555555555556,0.507101232101232,0.5278277278277278,0.6260751168579108,0.22331747906471752,,market_only,development,2024
11,2024-09-13 18:30:00,hist_gradient_boosting,306,18,4,18,log_loss,324,1,5,5,4,4,benchmark_away_not_lose_prob,"{'model__learning_rate': 0.05, 'model__max_depth': 3, 'model__max_leaf_nodes': 15, 'model__min_samples_leaf': 20}",0.5972222222222223,0.5551457520807366,0.5709062317111853,0.6117265312009528,0.21614836181436387,,market_only,development,2024
12,2024-09-14 13:30:00,hist_gradient_boosting,307,18,4,18,log_loss,325,5,5,5,4,4,benchmark_away_not_lose_prob,"{'model__learning_rate': 0.05, 'model__max_depth': 3, 'model__max_leaf_nodes': 15, 'model__min_samples_leaf': 20}",0.5972222222222222,0.5553905073254919,0.5718658276707812,0.6124763675765177,0.21624035855079948,,market_only,development,2024
13,2024-09-14 16:30:00,hist_gradient_boosting,312,18,4,18,log_loss,330,1,5,5,4,4,benchmark_away_not_lose_prob,"{'model__learning_rate': 0.05, 'model__max_depth': 3, 'model__max_leaf_nodes': 15, 'model__min_samples_leaf': 20}",0.625,0.561978761978762,0.5952697508253063,0.6306445411090413,0.22367420772524216,,market_only,development,2024
14,2024-09-15 13:30:00,hist_gradient_boosting,313,18,4,18,log_loss,331,1,5,5,4,4,benchmark_away_not_lose_prob,"{'model__learning_rate': 0.05, 'model__max_depth': 3, 'model__max_leaf_nodes': 15, 'model__min_samples_leaf': 20}",0.5972222222222222,0.5159120569446656,0.5631487920739129,0.634020461497278,0.22573612381242347,,market_only,development,2024
15,2024-09-15 15:30:00,hist_gradient_boosting,314,18,4,18,log_loss,332,1,5,5,4,4,benchmark_away_not_lose_prob,"{'model__learning_rate': 0.05, 'model__max_depth': 3, 'model__max_leaf_nodes': 15, 'model__min_samples_leaf': 20}",0.5972222222222223,0.533590628373237,0.5603219789693219,0.6430871648811791,0.22988526447076202,,market_only,development,2024
16,2024-09-20 18:30:00,hist_gradient_boosting,315,18,4,18,log_loss,333,1,5,5,4,4,benchmark_away_not_lose_prob,"{'model__learning_rate': 0.05, 'model__max_depth': 3, 'model__max_leaf_nodes': 15, 'model__min_samples_leaf': 20}",0.5972222222222223,0.5243963443963443,0.5577751055528832,0.6509629052234194,0.23325564450874742,,market_only,development,2024
17,2024-09-21 13:30:00,hist_gradient_boosting,316,18,4,18,log_loss,334,4,5,5,4,4,benchmark_away_not_lose_prob,"{'model__learning_rate': 0.05, 'model__max_depth': 3, 'model__max_leaf_nodes': 15, 'model__min_samples_leaf': 20}",0.6111111111111112,0.533735014985015,0.5749283124283124,0.646141248127917,0.23094306014734986,,market_only,development,2024
18,2024-09-21 16:30:00,hist_gradient_boosting,320,18,4,18,log_loss,338,1,5,5,4,4,benchmark_away_not_lose_prob,"{'model__learning_rate': 0.05, 'model__max_depth': 3, 'model__max_leaf_nodes': 15, 'model__min_samples_leaf': 20}",0.5972222222222223,0.5028179228179228,0.5479970646637313,0.6341888970264569,0.2240411030706168,,market_only,development,2024
19,2024-09-22 13:30:00,hist_gradient_boosting,321,18,4,18,log_loss,339,1,5,5,4,4,benchmark_away_not_lose_prob,"{'model__learning_rate': 0.05, 'model__max_depth': 3, 'model__max_leaf_nodes': 15, 'model__min_samples_leaf': 20}",0.5972222222222223,0.517902097902098,0.5513752913752914,0.6371615579633523,0.22660065108387523,,market_only,development,2024
20,2024-09-22 15:30:00,hist_gradient_boosting,322,18,4,18,log_loss,340,1,5,5,4,4,benchmark_away_not_lose_prob,"{'model__learning_rate': 0.05, 'model__max_depth': 3, 'model__max_leaf_nodes': 15, 'model__min_samples_leaf': 20}",0.5972222222222221,0.520034965034965,0.5515410515410516,0.6159692016980027,0.2177121535198009,,market_only,development,2024
21,2024-09-22 17:30:00,hist_gradient_boosting,323,18,4,18,log_loss,341,1,5,5,4,4,benchmark_away_not_lose_prob,"{'model__learning_rate': 0.05, 'model__max_depth': 3, 'model__max_leaf_nodes': 15, 'model__min_samples_leaf': 20}",0.5972222222222222,0.5257215409389322,0.5515593817526184,0.6266828970569965,0.2227569193015992,,market_only,development,2024
22,2024-09-27 18:30:00,hist_gradient_boosting,324,18,4,18,log_loss,342,1,5,5,4,4,benchmark_away_not_lose_prob,"{'model__learning_rate': 0.05, 'model__max_depth': 3, 'model__max_leaf_nodes': 15, 'model__min_samples_leaf': 20}",0.5555555555555556,0.48634365634365634,0.5162093462093462,0.6140162154994306,0.21728704943706922,,market_only,development,2024
23,2024-09-28 13:30:00,hist_gradient_boosting,325,18,4,18,log_loss,343,5,5,5,4,4,benchmark_away_not_lose_prob,"{'model__learning_rate': 0.05, 'model__max_depth': 3, 'model__max_leaf_nodes': 15, 'model__min_samples_leaf': 20}",0.5694444444444444,0.5105044955044955,0.5373088023088023,0.617606069808607,0.2189152930188086,,market_only,development,2024
24,2024-09-28 16:30:00,hist_gradient_boosting,330,18,4,18,log_loss,348,1,5,5,4,4,benchmark_away_not_lose_prob,"{'model__learning_rate': 0.05, 'model__max_depth': 3, 'model__max_leaf_nodes': 15, 'model__min_samples_leaf': 20}",0.5972222222222223,0.5246410996410996,0.5625617181172736,0.6158875505464717,0.21791589296012512,,market_only,development,2024
25,2024-09-29 13:30:00,hist_gradient_boosting,331,18,4,18,log_loss,349,1,5,5,4,4,benchmark_away_not_lose_prob,"{'model__learning_rate': 0.05, 'model__max_depth': 3, 'model__max_leaf_nodes': 15, 'model__min_samples_leaf': 20}",0.5833333333333333,0.4962632275132275,0.5448780129335685,0.6245373985966278,0.22219415495202108,,market_only,development,2024
26,2024-09-29 15:30:00,hist_gradient_boosting,332,18,4,18,log_loss,350,1,5,5,4,4,benchmark_away_not_lose_prob,"{'model__learning_rate': 0.05, 'model__max_depth': 3, 'model__max_leaf_nodes': 15, 'model__min_samples_leaf': 20}",0.5833333333333334,0.5139417989417989,0.5466808294586072,0.6185008870118337,0.21949156423398586,,market_only,development,2024
27,2024-10-04 18:30:00,hist_gradient_boosting,333,18,4,18,log_loss,351,1,5,5,4,4,benchmark_away_not_lose_prob,"{'model__learning_rate': 0.05, 'model__max_depth': 3, 'model__max_leaf_nodes': 15, 'model__min_samples_leaf': 20}",0.5833333333333334,0.5139417989417989,0.5466808294586072,0.6232700709535853,0.22136605576835025,,market_only,development,2024
28,2024-10-05 13:30:00,hist_gradient_boosting,334,18,4,18,log_loss,352,4,5,5,4,4,benchmark_away_not_lose_prob,"{'model__learning_rate': 0.05, 'model__max_depth': 3, 'model__max_leaf_nodes': 15, 'model__min_samples_leaf': 20}",0.5694444444444444,0.5021296638144463,0.5321189478798175,0.6348642109826975,0.2263745748403748,,market_only,development,2024
29,2024-10-05 16:30:00,hist_gradient_boosting,338,18,4,18,log_loss,356,1,5,5,4,4,benchmark_away_not_lose_prob,"{'model__learning_rate': 0.05, 'model__max_depth': 3, 'model__max_leaf_nodes': 15, 'model__min_samples_leaf': 20}",0.5694444444444444,0.48191187234665495,0.5213726263001626,0.649642712457721,0.22942679418874812,,market_only,development,2024
30,2024-10-06 13:30:00,hist_gradient_boosting,339,18,4,18,log_loss,357,1,5,5,4,4,benchmark_away_not_lose_prob,"{'model__learning_rate': 0.05, 'model__max_depth': 3, 'model__max_leaf_nodes': 15, 'model__min_samples_leaf': 20}",0.5833333333333334,0.5074475524475525,0.5402810152810154,0.6405743705327338,0.2268627806715082,,market_only,development,2024
31,2024-10-06 15:30:00,hist_gradient_boosting,340,18,4,18,log_loss,358,1,5,5,4,4,benchmark_away_not_lose_prob,"{'model__learning_rate': 0.05, 'model__max_depth': 3, 'model__max_leaf_nodes': 15, 'model__min_samples_leaf': 20}",0.5694444444444444,0.48541958041958044,0.5220538720538721,0.6361875458623847,0.22455092744036292,,market_only,development,2024
32,2024-10-06 17:30:00,hist_gradient_boosting,341,18,4,18,log_loss,359,1,5,5,4,4,benchmark_away_not_lose_prob,"{'model__learning_rate': 0.05, 'model__max_depth': 3, 'model__max_leaf_nodes': 15, 'model__min_samples_leaf': 20}",0.5833333333333334,0.49993806515545647,0.5391978749466672,0.6379886415668887,0.22488283064534498,,market_only,development,2024
33,2024-10-18 18:30:00,hist_gradient_boosting,342,18,4,18,log_loss,360,1,5,5,4,4,benchmark_away_not_lose_prob,"{'model__learning_rate': 0.05, 'model__max_depth': 3, 'model__max_leaf_nodes': 15, 'model__min_samples_leaf': 20}",0.5416666666666667,0.46242757242757243,0.5047952047952049,0.6403072585423775,0.2263830823771497,,market_only,development,2024
34,2024-10-19 13:30:00,hist_gradient_boosting,343,18,4,18,log_loss,361,5,5,5,4,4,benchmark_away_not_lose_prob,"{'model__learning_rate': 0.05, 'model__max_depth': 3, 'model__max_leaf_nodes': 15, 'model__min_samples_leaf': 20}",0.5416666666666667,0.4758891108891109,0.5095310245310245,0.6507811657592836,0.231468808969383,,market_only,development,2024
35,2024-10-19 16:30:00,hist_gradient_boosting,348,18,4,18,log_loss,366,1,5,5,4,4,benchmark_away_not_lose_prob,"{'model__learning_rate': 0.05, 'model__max_depth': 3, 'model__max_leaf_nodes': 15, 'model__min_samples_leaf': 20}",0.5833333333333334,0.5158091908091909,0.5385984385984386,0.6315295923280282,0.22303882736511657,,market_only,development,2024
36,2024-10-20 13:30:00,hist_gradient_boosting,349,18,4,18,log_loss,367,1,5,5,4,4,benchmark_away_not_lose_prob,"{'model__learning_rate': 0.05, 'model__max_depth': 3, 'model__max_leaf_nodes': 15, 'model__min_samples_leaf': 20}",0.5972222222222222,0.5382305194805195,0.5602032227032228,0.6344555774501537,0.22418516339639097,,market_only,development,2024
37,2024-10-20 15:30:00,hist_gradient_boosting,350,18,4,18,log_loss,368,1,5,5,4,4,benchmark_away_not_lose_prob,"{'model__learning_rate': 0.05, 'model__max_depth': 3, 'model__max_leaf_nodes': 15, 'model__min_samples_leaf': 20}",0.5833333333333334,0.5231360829186915,0.5442782079255509,0.6317119678529031,0.22296174122052217,,market_only,development,2024
38,2024-10-25 18:30:00,hist_gradient_boosting,351,18,4,18,log_loss,369,1,5,5,4,4,benchmark_away_not_lose_prob,"{'model__learning_rate': 0.05, 'model__max_depth': 3, 'model__max_leaf_nodes': 15, 'model__min_samples_leaf': 20}",0.5694444444444444,0.5034872534872534,0.5260074287852066,0.6345017709756893,0.22379407073976357,,market_only,development,2024
39,2024-10-26 13:30:00,hist_gradient_boosting,352,18,4,18,log_loss,370,4,5,5,4,4,benchmark_away_not_lose_prob,"{'model__learning_rate': 0.05, 'model__max_depth': 3, 'model__max_leaf_nodes': 15, 'model__min_samples_leaf': 20}",0.5833333333333334,0.5125842092689918,0.5432132239740936,0.6286287638186863,0.2207776614181002,,market_only,development,2024
40,2024-10-26 16:30:00,hist_gradient_boosting,356,18,4,18,log_loss,374,1,5,5,4,4,benchmark_away_not_lose_prob,"{'model__learning_rate': 0.05, 'model__max_depth': 3, 'model__max_leaf_nodes': 15, 'model__min_samples_leaf': 20}",0.5972222222222222,0.5401129305477131,0.5579687462296158,0.6363055009154283,0.2232374718215307,,market_only,development,2024
41,2024-10-27 14:30:00,hist_gradient_boosting,357,18,4,18,log_loss,375,1,5,5,4,4,benchmark_away_not_lose_prob,"{'model__learning_rate': 0.1, 'model__max_depth': 3, 'model__max_leaf_nodes': 15, 'model__min_samples_leaf': 20}",0.638888888888889,0.5941293489119576,0.6105314974880193,0.6117215543853121,0.2143730246086281,,market_only,development,2024
42,2024-10-27 16:30:00,hist_gradient_boosting,358,18,4,18,log_loss,376,1,5,5,4,4,benchmark_away_not_lose_prob,"{'model__learning_rate': 0.05, 'model__max_depth': 3, 'model__max_leaf_nodes': 15, 'model__min_samples_leaf': 20}",0.6111111111111112,0.5450299700299701,0.5753006253006254,0.5953420573110512,0.2072584850907157,,market_only,development,2024
43,2024-10-27 18:30:00,hist_gradient_boosting,359,18,4,18,log_loss,377,1,5,5,4,4,benchmark_away_not_lose_prob,"{'model__learning_rate': 0.05, 'model__max_depth': 3, 'model__max_leaf_nodes': 15, 'model__min_samples_leaf': 20}",0.625,0.5477272325098412,0.5869870423010519,0.6064641000483267,0.2107973433386268,,market_only,development,2024
44,2024-11-01 19:30:00,hist_gradient_boosting,360,18,4,18,log_loss,378,1,5,5,4,4,benchmark_away_not_lose_prob,"{'model__learning_rate': 0.05, 'model__max_depth': 3, 'model__max_leaf_nodes': 15, 'model__min_samples_leaf': 20}",0.6111111111111112,0.5332806324110673,0.5792557683862032,0.5923985464639915,0.20458943401847182,,market_only,development,2024
45,2024-11-02 14:30:00,hist_gradient_boosting,361,18,4,18,log_loss,379,5,5,5,4,4,benchmark_away_not_lose_prob,"{'model__learning_rate': 0.05, 'model__max_depth': 3, 'model__max_leaf_nodes': 15, 'model__min_samples_leaf': 20}",0.625,0.5657430069930071,0.6036868686868687,0.5999729263381786,0.20824415229502105,,market_only,development,2024
46,2024-11-02 17:30:00,hist_gradient_boosting,366,18,4,18,log_loss,384,1,5,5,4,4,benchmark_away_not_lose_prob,"{'model__learning_rate': 0.05, 'model__max_depth': 3, 'model__max_leaf_nodes': 15, 'model__min_samples_leaf': 20}",0.638888888888889,0.5764423076923076,0.6063924501424501,0.5833525078742215,0.2015641979472485,,market_only,development,2024
47,2024-11-03 14:30:00,hist_gradient_boosting,367,18,4,18,log_loss,385,1,5,5,4,4,benchmark_away_not_lose_prob,"{'model__learning_rate': 0.05, 'model__max_depth': 3, 'model__max_leaf_nodes': 15, 'model__min_samples_leaf': 20}",0.6527777777777778,0.5915511119315466,0.6253117856378726,0.5743460882857745,0.19719184204613902,,market_only,development,2024
48,2024-11-03 16:30:00,hist_gradient_boosting,368,18,4,18,log_loss,386,1,5,5,4,4,benchmark_away_not_lose_prob,"{'model__learning_rate': 0.05, 'model__max_depth': 3, 'model__max_leaf_nodes': 15, 'model__min_samples_leaf': 20}",0.625,0.5647683636814071,0.5963276078010378,0.5985353076400037,0.2076548953639108,,market_only,development,2024
49,2024-11-08 19:30:00,hist_gradient_boosting,369,18,4,18,log_loss,387,1,5,5,4,4,benchmark_away_not_lose_prob,"{'model__learning_rate': 0.05, 'model__max_depth': 3, 'model__max_leaf_nodes': 15, 'model__min_samples_leaf': 20}",0.6111111111111112,0.5451195342499691,0.5757342719903107,0.5934092979491219,0.20484525457944175,,market_only,development,2024
50,2024-11-09 14:30:00,hist_gradient_boosting,370,18,4,18,log_loss,388,4,5,5,4,4,benchmark_away_not_lose_prob,"{'model__learning_rate': 0.05, 'model__max_depth': 3, 'model__max_leaf_nodes': 15, 'model__min_samples_leaf': 20}",0.5972222222222222,0.5294673261521088,0.567720198481068,0.5935363898777445,0.2049055283861072,,market_only,development,2024
51,2024-11-09 17:30:00,hist_gradient_boosting,374,18,4,18,log_loss,392,1,5,5,4,4,benchmark_away_not_lose_prob,"{'model__learning_rate': 0.05, 'model__max_depth': 3, 'model__max_leaf_nodes': 15, 'model__min_samples_leaf': 20}",0.5972222222222222,0.5401129305477131,0.5678677361286057,0.5922777760213171,0.20514330342166107,,market_only,development,2024
52,2024-11-10 14:30:00,hist_gradient_boosting,375,18,4,18,log_loss,393,1,5,5,4,4,benchmark_away_not_lose_prob,"{'model__learning_rate': 0.1, 'model__max_depth': 3, 'model__max_leaf_nodes': 15, 'model__min_samples_leaf': 20}",0.6527777777777778,0.6149248034574122,0.6382713964779183,0.5907168768053463,0.20445288120277633,,market_only,development,2024
53,2024-11-10 16:30:00,hist_gradient_boosting,376,18,4,18,log_loss,394,1,5,5,4,4,benchmark_away_not_lose_prob,"{'model__learning_rate': 0.05, 'model__max_depth': 3, 'model__max_leaf_nodes': 15, 'model__min_samples_leaf': 20}",0.5833333333333333,0.5238761238761239,0.5582778332778333,0.5887480889061921,0.20371822984052834,,market_only,development,2024
54,2024-11-10 18:30:00,hist_gradient_boosting,377,18,4,18,log_loss,395,1,5,5,4,4,benchmark_away_not_lose_prob,"{'model__learning_rate': 0.05, 'model__max_depth': 3, 'model__max_leaf_nodes': 15, 'model__min_samples_leaf': 20}",0.5972222222222222,0.5419053571227485,0.5823247248368021,0.5957002255921462,0.2058359458568672,,market_only,development,2024
55,2024-11-22 19:30:00,hist_gradient_boosting,378,18,4,18,log_loss,396,1,5,5,4,4,benchmark_away_not_lose_prob,"{'model__learning_rate': 0.05, 'model__max_depth': 3, 'model__max_leaf_nodes': 15, 'model__min_samples_leaf': 20}",0.5694444444444444,0.5017221908526256,0.5499628390932738,0.6016917917226312,0.20873832167051212,,market_only,development,2024
56,2024-11-23 14:30:00,hist_gradient_boosting,379,18,4,18,log_loss,397,5,5,5,4,4,benchmark_away_not_lose_prob,"{'model__learning_rate': 0.05, 'model__max_depth': 3, 'model__max_leaf_nodes': 15, 'model__min_samples_leaf': 20}",0.625,0.5738598901098901,0.6146897546897547,0.5844088825286267,0.20146000922929178,,market_only,development,2024
57,2024-11-23 17:30:00,hist_gradient_boosting,384,18,4,18,log_loss,402,1,5,5,4,4,benchmark_away_not_lose_prob,"{'model__learning_rate': 0.05, 'model__max_depth': 3, 'model__max_leaf_nodes': 15, 'model__min_samples_leaf': 20}",0.5833333333333333,0.5396634615384615,0.5576210826210826,0.5983828609852277,0.20776572786236008,,market_only,development,2024
58,2024-11-24 14:30:00,hist_gradient_boosting,385,18,4,18,log_loss,403,1,5,5,4,4,benchmark_away_not_lose_prob,"{'model__learning_rate': 0.05, 'model__max_depth': 3, 'model__max_leaf_nodes': 15, 'model__min_samples_leaf': 20}",0.6111111111111112,0.5866998293132362,0.597365080640084,0.5952608609914678,0.20617271244463825,,market_only,development,2024
59,2024-11-24 16:30:00,hist_gradient_boosting,386,18,4,18,log_loss,404,1,5,5,4,4,benchmark_away_not_lose_prob,"{'model__learning_rate': 0.05, 'model__max_depth': 3, 'model__max_leaf_nodes': 15, 'model__min_samples_leaf': 20}",0.5972222222222222,0.569010996407012,0.5853929545375232,0.597488936195735,0.20694254210385768,,market_only,development,2024
60,2024-11-30 14:30:00,hist_gradient_boosting,387,18,4,18,log_loss,405,6,5,5,4,4,benchmark_away_not_lose_prob,"{'model__learning_rate': 0.1, 'model__max_depth': 3, 'model__max_leaf_nodes': 15, 'model__min_samples_leaf': 20}",0.6527777777777778,0.6296718227424749,0.6407074507617987,0.5887382836085161,0.2025647024844348,,market_only,development,2024
61,2024-11-30 17:30:00,hist_gradient_boosting,393,18,4,18,log_loss,411,1,5,5,4,4,benchmark_away_not_lose_prob,"{'model__learning_rate': 0.05, 'model__max_depth': 3, 'model__max_leaf_nodes': 15, 'model__min_samples_leaf': 20}",0.6111111111111112,0.5779148629148629,0.5970731120731121,0.6020541759185531,0.20911026031300514,,market_only,development,2024
62,2024-12-01 16:30:00,hist_gradient_boosting,394,18,4,18,log_loss,412,2,5,5,4,4,benchmark_away_not_lose_prob,"{'model__learning_rate': 0.1, 'model__max_depth': 3, 'model__max_leaf_nodes': 15, 'model__min_samples_leaf': 20}",0.6527777777777778,0.6253414701240788,0.6466931136496353,0.5926133352389691,0.20506063801680016,,market_only,development,2024
63,2024-12-06 19:30:00,hist_gradient_boosting,396,18,4,18,log_loss,414,1,5,5,4,4,benchmark_away_not_lose_prob,"{'model__learning_rate': 0.05, 'model__max_depth': 3, 'model__max_leaf_nodes': 15, 'model__min_samples_leaf': 20}",0.5555555555555556,0.5147967324101392,0.5470401855514253,0.6182412998567511,0.215876293803165,,market_only,development,2024
64,2024-12-07 14:30:00,hist_gradient_boosting,397,18,4,18,log_loss,415,5,5,5,4,4,benchmark_away_not_lose_prob,"{'model__learning_rate': 0.05, 'model__max_depth': 3, 'model__max_leaf_nodes': 15, 'model__min_samples_leaf': 20}",0.5833333333333334,0.5423014485514486,0.5624098124098125,0.6116084018784875,0.21336403156048517,,market_only,development,2024
65,2024-12-07 17:30:00,hist_gradient_boosting,402,18,4,18,log_loss,420,1,5,5,4,4,benchmark_away_not_lose_prob,"{'model__learning_rate': 0.05, 'model__max_depth': 3, 'model__max_leaf_nodes': 15, 'model__min_samples_leaf': 20}",0.5833333333333334,0.5396634615384615,0.552991452991453,0.5908996784388447,0.2044605026741372,,market_only,development,2024
66,2024-12-08 14:30:00,hist_gradient_boosting,403,18,4,18,log_loss,421,1,5,5,4,4,benchmark_away_not_lose_prob,"{'model__learning_rate': 0.05, 'model__max_depth': 3, 'model__max_leaf_nodes': 15, 'model__min_samples_leaf': 20}",0.625,0.5971543747677817,0.6081394914144947,0.5811952347998947,0.20006689965420138,,market_only,development,2024
67,2024-12-08 16:30:00,hist_gradient_boosting,404,18,4,18,log_loss,422,1,5,5,4,4,benchmark_away_not_lose_prob,"{'model__learning_rate': 0.05, 'model__max_depth': 3, 'model__max_leaf_nodes': 15, 'model__min_samples_leaf': 20}",0.5833333333333334,0.5585594913902896,0.5656821902615414,0.5958943843528698,0.20659201891284243,,market_only,development,2024
68,2024-12-13 19:30:00,hist_gradient_boosting,405,18,4,18,log_loss,423,1,5,5,4,4,benchmark_away_not_lose_prob,"{'model__learning_rate': 0.05, 'model__max_depth': 3, 'model__max_leaf_nodes': 15, 'model__min_samples_leaf': 20}",0.6111111111111112,0.5727037093341442,0.5832165016947626,0.5910113063148147,0.20436205657825768,,market_only,development,2024
69,2024-12-14 14:30:00,hist_gradient_boosting,406,18,4,18,log_loss,424,4,5,5,4,4,benchmark_away_not_lose_prob,"{'model__learning_rate': 0.05, 'model__max_depth': 3, 'model__max_leaf_nodes': 15, 'model__min_samples_leaf': 20}",0.5833333333333334,0.5455220940050661,0.5564989419478583,0.5986395502289422,0.20837101961245585,,market_only,development,2024
70,2024-12-14 17:30:00,hist_gradient_boosting,410,18,4,18,log_loss,428,1,5,5,4,4,benchmark_away_not_lose_prob,"{'model__learning_rate': 0.05, 'model__max_depth': 3, 'model__max_leaf_nodes': 15, 'model__min_samples_leaf': 20}",0.638888888888889,0.6091648629148629,0.6190638528138528,0.5859046690477039,0.2017239561153271,,market_only,development,2024
71,2024-12-15 14:30:00,hist_gradient_boosting,411,18,4,18,log_loss,429,1,5,5,4,4,benchmark_away_not_lose_prob,"{'model__learning_rate': 0.05, 'model__max_depth': 3, 'model__max_leaf_nodes': 15, 'model__min_samples_leaf': 20}",0.6527777777777778,0.6210966810966811,0.6345310245310245,0.5878108704779001,0.2020676915462227,,market_only,development,2024
72,2024-12-15 16:30:00,hist_gradient_boosting,412,18,4,18,log_loss,430,1,5,5,4,4,benchmark_away_not_lose_prob,"{'model__learning_rate': 0.05, 'model__max_depth': 3, 'model__max_leaf_nodes': 15, 'model__min_samples_leaf': 20}",0.625,0.5944083694083694,0.6072029822029823,0.5747206866155301,0.19654506435148794,,market_only,development,2024
73,2024-12-15 18:30:00,hist_gradient_boosting,413,18,4,18,log_loss,431,1,5,5,4,4,benchmark_away_not_lose_prob,"{'model__learning_rate': 0.05, 'model__max_depth': 3, 'model__max_leaf_nodes': 15, 'model__min_samples_leaf': 20}",0.5972222222222222,0.57063615732094,0.5796918057787623,0.5940582865760404,0.20443217931552027,,market_only,development,2024
74,2024-12-20 19:30:00,hist_gradient_boosting,414,18,4,18,log_loss,432,1,5,5,4,4,benchmark_away_not_lose_prob,"{'model__learning_rate': 0.05, 'model__max_depth': 3, 'model__max_leaf_nodes': 15, 'model__min_samples_leaf': 20}",0.5972222222222222,0.571440089053496,0.5798684683797081,0.589440150917069,0.2033774543516684,,market_only,development,2024
75,2024-12-21 14:30:00,hist_gradient_boosting,415,18,4,18,log_loss,433,5,5,5,4,4,benchmark_away_not_lose_prob,"{'model__learning_rate': 0.05, 'model__max_depth': 3, 'model__max_leaf_nodes': 15, 'model__min_samples_leaf': 20}",0.638888888888889,0.618262987012987,0.6133357383357383,0.5717240874077899,0.19626019254938884,,market_only,development,2024
76,2024-12-21 17:30:00,hist_gradient_boosting,420,18,4,18,log_loss,438,1,5,5,4,4,benchmark_away_not_lose_prob,"{'model__learning_rate': 0.05, 'model__max_depth': 3, 'model__max_leaf_nodes': 15, 'model__min_samples_leaf': 20}",0.5972222222222223,0.5635795454545455,0.5681818181818181,0.6009849628464029,0.20832514536469005,,market_only,development,2024
77,2024-12-22 14:30:00,hist_gradient_boosting,421,18,4,18,log_loss,439,1,5,5,4,4,benchmark_away_not_lose_prob,"{'model__learning_rate': 0.05, 'model__max_depth': 3, 'model__max_leaf_nodes': 15, 'model__min_samples_leaf': 20}",0.6111111111111112,0.5794655418615575,0.5882861563437684,0.595663242171277,0.20613822375603844,,market_only,development,2024
78,2024-12-22 16:30:00,hist_gradient_boosting,422,18,4,18,log_loss,440,1,5,5,4,4,benchmark_away_not_lose_prob,"{'model__learning_rate': 0.05, 'model__max_depth': 3, 'model__max_leaf_nodes': 15, 'model__min_samples_leaf': 20}",0.5833333333333334,0.5585594913902896,0.5624306109230055,0.6092833180639461,0.2123149516786998,,market_only,development,2024
79,2025-01-10 19:30:00,hist_gradient_boosting,423,18,4,18,log_loss,441,1,5,5,4,4,benchmark_away_not_lose_prob,"{'model__learning_rate': 0.05, 'model__max_depth': 3, 'model__max_leaf_nodes': 15, 'model__min_samples_leaf': 20}",0.625,0.5923525387655824,0.598235701496571,0.6063354365549585,0.21018990799495865,,market_only,development,2024
80,2025-01-11 14:30:00,hist_gradient_boosting,424,18,4,18,log_loss,442,5,5,5,4,4,benchmark_away_not_lose_prob,"{'model__learning_rate': 0.05, 'model__max_depth': 3, 'model__max_leaf_nodes': 15, 'model__min_samples_leaf': 20}",0.625,0.6016259901089622,0.6041468495957659,0.6147274311250241,0.214858890086333,,market_only,development,2024
81,2025-01-11 17:30:00,hist_gradient_boosting,429,18,4,18,log_loss,447,1,5,5,4,4,benchmark_away_not_lose_prob,"{'model__learning_rate': 0.05, 'model__max_depth': 3, 'model__max_leaf_nodes': 15, 'model__min_samples_leaf': 20}",0.625,0.5871740819566906,0.6006084253910341,0.6256103248382489,0.2186192863822611,,market_only,development,2024
82,2025-01-12 14:30:00,hist_gradient_boosting,430,18,4,18,log_loss,448,1,5,5,4,4,benchmark_away_not_lose_prob,"{'model__learning_rate': 0.05, 'model__max_depth': 3, 'model__max_leaf_nodes': 15, 'model__min_samples_leaf': 20}",0.625,0.5944083694083694,0.6072029822029822,0.6218448743862004,0.215907664579527,,market_only,development,2024
83,2025-01-12 16:30:00,hist_gradient_boosting,431,18,4,18,log_loss,449,1,5,5,4,4,benchmark_away_not_lose_prob,"{'model__learning_rate': 0.05, 'model__max_depth': 3, 'model__max_leaf_nodes': 15, 'model__min_samples_leaf': 20}",0.5694444444444444,0.5414153781001607,0.5475850236719801,0.636191916822935,0.22232613079864144,,market_only,development,2024
84,2025-01-14 17:30:00,hist_gradient_boosting,432,18,4,18,log_loss,450,1,5,5,4,4,benchmark_away_not_lose_prob,"{'model__learning_rate': 0.05, 'model__max_depth': 3, 'model__max_leaf_nodes': 15, 'model__min_samples_leaf': 20}",0.5833333333333333,0.5590285875115596,0.5674569668377718,0.6359193449630918,0.22309366834516658,,market_only,development,2024
85,2025-01-14 19:30:00,hist_gradient_boosting,433,18,4,18,log_loss,451,3,5,5,4,4,benchmark_away_not_lose_prob,"{'model__learning_rate': 0.05, 'model__max_depth': 3, 'model__max_leaf_nodes': 15, 'model__min_samples_leaf': 20}",0.5972222222222222,0.5691618164444252,0.563540123322732,0.6281097817656802,0.2203590341053776,,market_only,development,2024
86,2025-01-15 17:30:00,hist_gradient_boosting,436,18,4,18,log_loss,454,1,5,5,4,4,benchmark_away_not_lose_prob,"{'model__learning_rate': 0.05, 'model__max_depth': 3, 'model__max_leaf_nodes': 15, 'model__min_samples_leaf': 20}",0.5694444444444444,0.5441558441558442,0.5411976911976912,0.6542466504385125,0.23029576425542636,,market_only,development,2024
87,2025-01-15 19:30:00,hist_gradient_boosting,437,18,4,18,log_loss,455,4,5,5,4,4,benchmark_away_not_lose_prob,"{'model__learning_rate': 0.05, 'model__max_depth': 3, 'model__max_leaf_nodes': 15, 'model__min_samples_leaf': 20}",0.5555555555555556,0.5304030721600381,0.5336949714658693,0.6588708892143763,0.23410673812212557,,market_only,development,2024
88,2025-01-17 19:30:00,hist_gradient_boosting,441,18,4,18,log_loss,459,1,5,5,4,4,benchmark_away_not_lose_prob,"{'model__learning_rate': 0.05, 'model__max_depth': 3, 'model__max_leaf_nodes': 15, 'model__min_samples_leaf': 20}",0.5833333333333334,0.5551033748859836,0.5558862031688119,0.6338179544004764,0.22194119256129474,,market_only,development,2024
89,2025-01-18 14:30:00,hist_gradient_boosting,442,18,4,18,log_loss,460,5,5,5,4,4,benchmark_away_not_lose_prob,"{'model__learning_rate': 0.05, 'model__max_depth': 3, 'model__max_leaf_nodes': 15, 'model__min_samples_leaf': 20}",0.6111111111111112,0.5905148789978512,0.591183886632803,0.6372544043731754,0.22433966921791137,,market_only,development,2024
90,2025-01-18 17:30:00,hist_gradient_boosting,447,18,4,18,log_loss,465,1,5,5,4,4,benchmark_away_not_lose_prob,"{'model__learning_rate': 0.05, 'model__max_depth': 3, 'model__max_leaf_nodes': 15, 'model__min_samples_leaf': 20}",0.5972222222222222,0.5763325395981205,0.5814158807495731,0.6299296234769447,0.22075718369020284,,market_only,development,2024
91,2025-01-19 14:30:00,hist_gradient_boosting,448,18,4,18,log_loss,466,1,5,5,4,4,benchmark_away_not_lose_prob,"{'model__learning_rate': 0.05, 'model__max_depth': 3, 'model__max_leaf_nodes': 15, 'model__min_samples_leaf': 20}",0.6527777777777777,0.6350333694083694,0.641693722943723,0.6107044367665027,0.21175582948510957,,market_only,development,2024
92,2025-01-19 16:30:00,hist_gradient_boosting,449,18,4,18,log_loss,467,1,5,5,4,4,benchmark_away_not_lose_prob,"{'model__learning_rate': 0.05, 'model__max_depth': 3, 'model__max_leaf_nodes': 15, 'model__min_samples_leaf': 20}",0.5972222222222223,0.5793436633026416,0.5789580904131988,0.6296298005621939,0.21962561201883316,,market_only,development,2024
93,2025-01-24 19:30:00,hist_gradient_boosting,450,18,4,18,log_loss,468,1,5,5,4,4,benchmark_away_not_lose_prob,"{'model__learning_rate': 0.05, 'model__max_depth': 3, 'model__max_leaf_nodes': 15, 'model__min_samples_leaf': 20}",0.5972222222222222,0.579745486711431,0.5832808402467845,0.6305033136177149,0.2205568660851102,,market_only,development,2024
94,2025-01-25 14:30:00,hist_gradient_boosting,451,18,4,18,log_loss,469,5,5,5,4,4,benchmark_away_not_lose_prob,"{'model__learning_rate': 0.05, 'model__max_depth': 3, 'model__max_leaf_nodes': 15, 'model__min_samples_leaf': 20}",0.5972222222222223,0.573544933327542,0.5678150150976238,0.6479544058557213,0.2286431801777686,,market_only,development,2024
95,2025-01-25 17:30:00,hist_gradient_boosting,456,18,4,18,log_loss,474,1,5,5,4,4,benchmark_away_not_lose_prob,"{'model__learning_rate': 0.05, 'model__max_depth': 3, 'model__max_leaf_nodes': 15, 'model__min_samples_leaf': 20}",0.5833333333333334,0.5479545454545455,0.5505892255892255,0.6574313804599927,0.23287119835231435,,market_only,development,2024
96,2025-01-26 14:30:00,hist_gradient_boosting,457,18,4,18,log_loss,475,1,5,5,4,4,benchmark_away_not_lose_prob,"{'model__learning_rate': 0.05, 'model__max_depth': 3, 'model__max_leaf_nodes': 15, 'model__min_samples_leaf': 20}",0.5833333333333334,0.5551033748859836,0.5572750920577008,0.6563289906962455,0.2329904962561592,,market_only,development,2024
97,2025-01-26 16:30:00,hist_gradient_boosting,458,18,4,18,log_loss,476,1,5,5,4,4,benchmark_away_not_lose_prob,"{'model__learning_rate': 0.05, 'model__max_depth': 3, 'model__max_leaf_nodes': 15, 'model__min_samples_leaf': 20}",0.5833333333333333,0.557939207531599,0.5587418770842684,0.6525977441958115,0.23123574530240792,,market_only,development,2024
98,2025-01-31 19:30:00,hist_gradient_boosting,459,18,4,18,log_loss,477,1,5,5,4,4,benchmark_away_not_lose_prob,"{'model__learning_rate': 0.05, 'model__max_depth': 3, 'model__max_leaf_nodes': 15, 'model__min_samples_leaf': 20}",0.5833333333333334,0.5507202580028667,0.5528919751745839,0.6586002360418755,0.23255063501698137,,market_only,development,2024
99,2025-02-01 14:30:00,hist_gradient_boosting,460,18,4,18,log_loss,478,5,5,5,4,4,benchmark_away_not_lose_prob,"{'model__learning_rate': 0.05, 'model__max_depth': 3, 'model__max_leaf_nodes': 15, 'model__min_samples_leaf': 20}",0.625,0.599018759018759,0.6004617604617605,0.6492673337524202,0.2293144492921114,,market_only,development,2024
100,2025-02-01 17:30:00,hist_gradient_boosting,465,18,4,18,log_loss,483,1,5,5,4,4,benchmark_away_not_lose_prob,"{'model__learning_rate': 0.05, 'model__max_depth': 3, 'model__max_leaf_nodes': 15, 'model__min_samples_leaf': 20}",0.5833333333333334,0.558872222137803,0.5663365156702079,0.6464108507382174,0.22824645247829867,,market_only,development,2024
101,2025-02-02 14:30:00,hist_gradient_boosting,466,18,4,18,log_loss,484,1,5,5,4,4,benchmark_away_not_lose_prob,"{'model__learning_rate': 0.05, 'model__max_depth': 3, 'model__max_leaf_nodes': 15, 'model__min_samples_leaf': 20}",0.6388888888888888,0.6106929755027581,0.6257145330514896,0.6395246518375277,0.22448705638325506,,market_only,development,2024
102,2025-02-02 16:30:00,hist_gradient_boosting,467,18,4,18,log_loss,485,1,5,5,4,4,benchmark_away_not_lose_prob,"{'model__learning_rate': 0.05, 'model__max_depth': 3, 'model__max_leaf_nodes': 15, 'model__min_samples_leaf': 20}",0.5833333333333334,0.5563921582859191,0.571326169194321,0.655618341168885,0.23225280377579838,,market_only,development,2024
103,2025-02-07 19:30:00,hist_gradient_boosting,468,18,4,18,log_loss,486,1,5,5,4,4,benchmark_away_not_lose_prob,"{'model__learning_rate': 0.05, 'model__max_depth': 3, 'model__max_leaf_nodes': 15, 'model__min_samples_leaf': 20}",0.6111111111111112,0.5882493667323389,0.5998787074638467,0.6367498609170601,0.2237100552339923,,market_only,development,2024
104,2025-02-08 14:30:00,hist_gradient_boosting,469,18,4,18,log_loss,487,5,5,5,4,4,benchmark_away_not_lose_prob,"{'model__learning_rate': 0.05, 'model__max_depth': 3, 'model__max_leaf_nodes': 15, 'model__min_samples_leaf': 20}",0.6388888888888888,0.6196488294314382,0.6265932738758825,0.6207895055723571,0.21768260680797652,,market_only,development,2024
105,2025-02-08 17:30:00,hist_gradient_boosting,474,18,4,18,log_loss,492,1,5,5,4,4,benchmark_away_not_lose_prob,"{'model__learning_rate': 0.05, 'model__max_depth': 3, 'model__max_leaf_nodes': 15, 'model__min_samples_leaf': 20}",0.5972222222222223,0.5729545454545455,0.5792929292929293,0.6463842494462995,0.22798730399761408,,market_only,development,2024
106,2025-02-09 13:30:00,hist_gradient_boosting,475,18,4,18,log_loss,493,1,5,5,4,4,benchmark_away_not_lose_prob,"{'model__learning_rate': 0.05, 'model__max_depth': 3, 'model__max_leaf_nodes': 15, 'model__min_samples_leaf': 20}",0.5972222222222222,0.5819864917691004,0.5857022204848292,0.644603555686227,0.22773450453242672,,market_only,development,2024
107,2025-02-09 16:30:00,hist_gradient_boosting,476,18,4,18,log_loss,494,1,5,5,4,4,benchmark_away_not_lose_prob,"{'model__learning_rate': 0.05, 'model__max_depth': 3, 'model__max_leaf_nodes': 15, 'model__min_samples_leaf': 20}",0.625,0.6057283748859836,0.6130245509321597,0.6330795791422514,0.22255879554821975,,market_only,development,2024
108,2025-02-14 19:30:00,hist_gradient_boosting,477,18,4,18,log_loss,495,1,5,5,4,4,benchmark_away_not_lose_prob,"{'model__learning_rate': 0.05, 'model__max_depth': 3, 'model__max_leaf_nodes': 15, 'model__min_samples_leaf': 20}",0.5972222222222222,0.5808907125483213,0.5812379347705434,0.6383529580786471,0.22351231269075672,,market_only,development,2024
109,2025-02-15 14:30:00,hist_gradient_boosting,478,18,4,18,log_loss,496,4,5,5,4,4,benchmark_away_not_lose_prob,"{'model__learning_rate': 0.05, 'model__max_depth': 3, 'model__max_leaf_nodes': 15, 'model__min_samples_leaf': 20}",0.638888888888889,0.6259018759018758,0.636002886002886,0.6307226283897149,0.2207863929924285,,market_only,development,2024
110,2025-02-15 17:30:00,hist_gradient_boosting,482,18,4,18,log_loss,500,1,5,5,4,4,benchmark_away_not_lose_prob,"{'model__learning_rate': 0.05, 'model__max_depth': 3, 'model__max_leaf_nodes': 15, 'model__min_samples_leaf': 20}",0.625,0.6053822338652061,0.6229863875374712,0.6177621517372061,0.21829019115358786,,market_only,development,2024
111,2025-02-16 14:30:00,hist_gradient_boosting,483,18,4,18,log_loss,501,1,5,5,4,4,benchmark_away_not_lose_prob,"{'model__learning_rate': 0.05, 'model__max_depth': 3, 'model__max_leaf_nodes': 15, 'model__min_samples_leaf': 20}",0.5972222222222222,0.5714596347252155,0.5890637883974806,0.6140389516754847,0.21653391038373304,,market_only,development,2024
112,2025-02-16 16:30:00,hist_gradient_boosting,484,18,4,18,log_loss,502,1,5,5,4,4,benchmark_away_not_lose_prob,"{'model__learning_rate': 0.05, 'model__max_depth': 3, 'model__max_leaf_nodes': 15, 'model__min_samples_leaf': 20}",0.625,0.5987611573209399,0.6241362502232068,0.6288631899021786,0.22269514896543496,,market_only,development,2024
113,2025-02-16 18:30:00,hist_gradient_boosting,485,18,4,18,log_loss,503,1,5,5,4,4,benchmark_away_not_lose_prob,"{'model__learning_rate': 0.05, 'model__max_depth': 3, 'model__max_leaf_nodes': 15, 'model__min_samples_leaf': 20}",0.5972222222222222,0.5683239764677374,0.5903918257599776,0.6280953358524838,0.22257485303873714,,market_only,development,2024
114,2025-02-21 19:30:00,hist_gradient_boosting,486,18,4,18,log_loss,504,1,5,5,4,4,benchmark_away_not_lose_prob,"{'model__learning_rate': 0.05, 'model__max_depth': 3, 'model__max_leaf_nodes': 15, 'model__min_samples_leaf': 20}",0.5972222222222222,0.5662213947043668,0.5948282024133418,0.6198371738618492,0.21835982124852832,,market_only,development,2024
115,2025-02-22 14:30:00,hist_gradient_boosting,487,18,4,18,log_loss,505,4,5,5,4,4,benchmark_away_not_lose_prob,"{'model__learning_rate': 0.05, 'model__max_depth': 3, 'model__max_leaf_nodes': 15, 'model__min_samples_leaf': 20}",0.6111111111111112,0.5616131151457239,0.5960046495372582,0.6275758100371245,0.22190859338657726,,market_only,development,2024
116,2025-02-22 17:30:00,hist_gradient_boosting,491,18,4,18,log_loss,509,1,5,5,4,4,benchmark_away_not_lose_prob,"{'model__learning_rate': 0.05, 'model__max_depth': 3, 'model__max_leaf_nodes': 15, 'model__min_samples_leaf': 20}",0.5833333333333334,0.559905210888183,0.5798655283485004,0.6328849763296781,0.22417910543844555,,market_only,development,2024
117,2025-02-23 14:30:00,hist_gradient_boosting,492,18,4,18,log_loss,510,1,5,5,4,4,benchmark_away_not_lose_prob,"{'model__learning_rate': 0.05, 'model__max_depth': 3, 'model__max_leaf_nodes': 15, 'model__min_samples_leaf': 20}",0.5972222222222223,0.5729545454545455,0.5891919191919192,0.6039354426232401,0.21170159216106776,,market_only,development,2024
118,2025-02-23 16:30:00,hist_gradient_boosting,493,18,4,18,log_loss,511,1,5,5,4,4,benchmark_away_not_lose_prob,"{'model__learning_rate': 0.05, 'model__max_depth': 3, 'model__max_leaf_nodes': 15, 'model__min_samples_leaf': 20}",0.5972222222222222,0.5727922077922079,0.5913564213564213,0.6295221590750494,0.2230995361210156,,market_only,development,2024
119,2025-02-23 18:30:00,hist_gradient_boosting,494,18,4,18,log_loss,512,1,5,5,4,4,benchmark_away_not_lose_prob,"{'model__learning_rate': 0.05, 'model__max_depth': 3, 'model__max_leaf_nodes': 15, 'model__min_samples_leaf': 20}",0.625,0.6057283748859836,0.6195277096092313,0.6107326332372596,0.21495321102574377,,market_only,development,2024
120,2025-02-28 19:30:00,hist_gradient_boosting,495,18,4,18,log_loss,513,1,5,5,4,4,benchmark_away_not_lose_prob,"{'model__learning_rate': 0.05, 'model__max_depth': 3, 'model__max_leaf_nodes': 15, 'model__min_samples_leaf': 20}",0.5972222222222222,0.5716964285714285,0.5868921356421357,0.602840914518779,0.2108902440930191,,market_only,development,2024
121,2025-03-01 14:30:00,hist_gradient_boosting,496,18,4,18,log_loss,514,5,5,5,4,4,benchmark_away_not_lose_prob,"{'model__learning_rate': 0.05, 'model__max_depth': 3, 'model__max_leaf_nodes': 15, 'model__min_samples_leaf': 20}",0.5972222222222222,0.5697979797979797,0.5933044733044733,0.600558996609669,0.21064260207555946,,market_only,development,2024
122,2025-03-01 17:30:00,hist_gradient_boosting,501,18,4,18,log_loss,519,1,5,5,4,4,benchmark_away_not_lose_prob,"{'model__learning_rate': 0.05, 'model__max_depth': 3, 'model__max_leaf_nodes': 15, 'model__min_samples_leaf': 20}",0.611111111111111,0.5830608052937774,0.6145538478549315,0.5798399939318654,0.20120139205763465,,market_only,development,2024
123,2025-03-02 14:30:00,hist_gradient_boosting,502,18,4,18,log_loss,520,1,5,5,4,4,benchmark_away_not_lose_prob,"{'model__learning_rate': 0.05, 'model__max_depth': 3, 'model__max_leaf_nodes': 15, 'model__min_samples_leaf': 20}",0.6388888888888888,0.6046053131650958,0.6441218202087768,0.5794625450376949,0.20103794048267326,,market_only,development,2024
124,2025-03-02 16:30:00,hist_gradient_boosting,503,18,4,18,log_loss,521,1,5,5,4,4,benchmark_away_not_lose_prob,"{'model__learning_rate': 0.05, 'model__max_depth': 3, 'model__max_leaf_nodes': 15, 'model__min_samples_leaf': 20}",0.625,0.56467137906514,0.6268276121957641,0.5746398470201047,0.1993053497084433,,market_only,development,2024
125,2025-03-07 19:30:00,hist_gradient_boosting,504,18,4,18,log_loss,522,1,5,5,4,4,benchmark_away_not_lose_prob,"{'model__learning_rate': 0.05, 'model__max_depth': 3, 'model__max_leaf_nodes': 15, 'model__min_samples_leaf': 20}",0.5972222222222222,0.5333480180809902,0.5991572067423461,0.5829857826112995,0.20231705888377827,,market_only,development,2024
126,2025-03-08 14:30:00,hist_gradient_boosting,505,18,4,18,log_loss,523,5,5,5,4,4,benchmark_away_not_lose_prob,"{'model__learning_rate': 0.05, 'model__max_depth': 3, 'model__max_leaf_nodes': 15, 'model__min_samples_leaf': 20}",0.638888888888889,0.5561268472906404,0.6356743751140304,0.571133395040705,0.1979646783241417,,market_only,development,2024
127,2025-03-08 17:30:00,hist_gradient_boosting,510,18,4,18,log_loss,528,1,5,5,4,4,benchmark_away_not_lose_prob,"{'model__learning_rate': 0.05, 'model__max_depth': 3, 'model__max_leaf_nodes': 15, 'model__min_samples_leaf': 20}",0.6527777777777778,0.5854545454545454,0.6651178451178451,0.5945098327932766,0.2030202422508349,,market_only,development,2024
128,2025-03-09 14:30:00,hist_gradient_boosting,511,18,4,18,log_loss,529,1,5,5,4,4,benchmark_away_not_lose_prob,"{'model__learning_rate': 0.05, 'model__max_depth': 3, 'model__max_leaf_nodes': 15, 'model__min_samples_leaf': 20}",0.6666666666666667,0.5981954335986595,0.6768402923241632,0.6040131218847623,0.20774972951808202,,market_only,development,2024
129,2025-03-09 16:30:00,hist_gradient_boosting,512,18,4,18,log_loss,530,1,5,5,4,4,benchmark_away_not_lose_prob,"{'model__learning_rate': 0.05, 'model__max_depth': 3, 'model__max_leaf_nodes': 15, 'model__min_samples_leaf': 20}",0.6666666666666667,0.5537397385223473,0.6832587702152919,0.6022397902455409,0.20811802788291114,,market_only,development,2024
130,2025-03-14 19:30:00,hist_gradient_boosting,513,18,4,18,log_loss,531,1,5,5,4,4,benchmark_away_not_lose_prob,"{'model__learning_rate': 0.05, 'model__max_depth': 3, 'model__max_leaf_nodes': 15, 'model__min_samples_leaf': 20}",0.6527777777777778,0.5435714285714286,0.6709199134199134,0.6016613211197843,0.2067024820335595,,market_only,development,2024
131,2025-03-15 14:30:00,hist_gradient_boosting,514,18,4,18,log_loss,532,4,5,5,4,4,benchmark_away_not_lose_prob,"{'model__learning_rate': 0.05, 'model__max_depth': 3, 'model__max_leaf_nodes': 15, 'model__min_samples_leaf': 20}",0.638888888888889,0.5357478005865102,0.6524442582507098,0.6059583409437306,0.20936967379327615,,market_only,development,2024
132,2025-03-15 17:30:00,hist_gradient_boosting,518,18,4,18,log_loss,536,1,5,5,4,4,benchmark_away_not_lose_prob,"{'model__learning_rate': 0.05, 'model__max_depth': 3, 'model__max_leaf_nodes': 15, 'model__min_samples_leaf': 20}",0.6666666666666666,0.5632865118752215,0.6747727854582694,0.6175649647247146,0.2140834960713996,,market_only,development,2024
133,2025-03-16 15:30:00,hist_gradient_boosting,519,18,4,18,log_loss,537,1,5,5,4,4,benchmark_away_not_lose_prob,"{'model__learning_rate': 0.05, 'model__max_depth': 3, 'model__max_leaf_nodes': 15, 'model__min_samples_leaf': 20}",0.6388888888888888,0.5532753884046987,0.6464388341543514,0.6179105273883492,0.21508542107841627,,market_only,development,2024
134,2025-03-16 16:30:00,hist_gradient_boosting,520,18,4,18,log_loss,538,1,5,5,4,4,benchmark_away_not_lose_prob,"{'model__learning_rate': 0.05, 'model__max_depth': 3, 'model__max_leaf_nodes': 15, 'model__min_samples_leaf': 20}",0.6388888888888888,0.5389803131650958,0.6420384868754434,0.619252278195958,0.2161129553413826,,market_only,development,2024
135,2025-03-16 18:30:00,hist_gradient_boosting,521,18,4,18,log_loss,539,1,5,5,4,4,benchmark_away_not_lose_prob,"{'model__learning_rate': 0.05, 'model__max_depth': 3, 'model__max_leaf_nodes': 15, 'model__min_samples_leaf': 20}",0.6111111111111112,0.5014803131650958,0.6114337353467789,0.6118926509338221,0.2129090854075818,,market_only,development,2024
136,2025-03-28 19:30:00,hist_gradient_boosting,522,18,4,18,log_loss,540,1,5,5,4,4,benchmark_away_not_lose_prob,"{'model__learning_rate': 0.05, 'model__max_depth': 3, 'model__max_leaf_nodes': 15, 'model__min_samples_leaf': 20}",0.625,0.5035626011919115,0.6197318007662835,0.614147611790826,0.2128363753855163,,market_only,development,2024
137,2025-03-29 14:30:00,hist_gradient_boosting,523,18,4,18,log_loss,541,5,5,5,4,4,benchmark_away_not_lose_prob,"{'model__learning_rate': 0.05, 'model__max_depth': 3, 'model__max_leaf_nodes': 15, 'model__min_samples_leaf': 20}",0.6388888888888888,0.530165308829102,0.6342854862251414,0.5948275045281942,0.20529939572497166,,market_only,development,2024
138,2025-03-29 17:30:00,hist_gradient_boosting,528,18,4,18,log_loss,546,1,5,5,4,4,benchmark_away_not_lose_prob,"{'model__learning_rate': 0.05, 'model__max_depth': 3, 'model__max_leaf_nodes': 15, 'model__min_samples_leaf': 20}",0.6527777777777778,0.5709090909090909,0.6586195286195285,0.5806457057837852,0.19720350631509015,,market_only,development,2024
139,2025-03-30 14:30:00,hist_gradient_boosting,529,18,4,18,log_loss,547,1,5,5,4,4,benchmark_away_not_lose_prob,"{'model__learning_rate': 0.05, 'model__max_depth': 3, 'model__max_leaf_nodes': 15, 'model__min_samples_leaf': 20}",0.6666666666666667,0.5938123167155425,0.6739542894381604,0.596277497982476,0.20474607130974348,,market_only,development,2024
140,2025-03-30 16:30:00,hist_gradient_boosting,530,18,4,18,log_loss,548,1,5,5,4,4,benchmark_away_not_lose_prob,"{'model__learning_rate': 0.05, 'model__max_depth': 3, 'model__max_leaf_nodes': 15, 'model__min_samples_leaf': 20}",0.6527777777777778,0.5420514268340355,0.6710654080219297,0.6001820009099013,0.20799725714952577,,market_only,development,2024
141,2025-04-04 18:30:00,hist_gradient_boosting,531,18,4,18,log_loss,549,1,5,5,4,4,benchmark_away_not_lose_prob,"{'model__learning_rate': 0.05, 'model__max_depth': 3, 'model__max_leaf_nodes': 15, 'model__min_samples_leaf': 20}",0.611111111111111,0.5072037714607374,0.6345522563092223,0.5984558751872029,0.20646003812628105,,market_only,development,2024
142,2025-04-05 13:30:00,hist_gradient_boosting,532,18,4,18,log_loss,550,5,5,5,4,4,benchmark_away_not_lose_prob,"{'model__learning_rate': 0.05, 'model__max_depth': 3, 'model__max_leaf_nodes': 15, 'model__min_samples_leaf': 20}",0.5972222222222222,0.49548806032677,0.6150945709010225,0.5967415724129348,0.20642175835180337,,market_only,development,2024
143,2025-04-05 16:30:00,hist_gradient_boosting,537,18,4,18,log_loss,555,1,5,5,4,4,benchmark_away_not_lose_prob,"{'model__learning_rate': 0.05, 'model__max_depth': 3, 'model__max_leaf_nodes': 15, 'model__min_samples_leaf': 20}",0.6666666666666666,0.5764956464075655,0.6737812984533375,0.6011057455839826,0.20816265374724402,,market_only,development,2024
144,2025-04-06 13:30:00,hist_gradient_boosting,538,18,4,18,log_loss,556,1,5,5,4,4,benchmark_away_not_lose_prob,"{'model__learning_rate': 0.05, 'model__max_depth': 3, 'model__max_leaf_nodes': 15, 'model__min_samples_leaf': 20}",0.6666666666666666,0.5744318181818182,0.6709806397306399,0.5949462791741887,0.20618133411228057,,market_only,development,2024
145,2025-04-06 15:30:00,hist_gradient_boosting,539,18,4,18,log_loss,557,1,5,5,4,4,benchmark_away_not_lose_prob,"{'model__learning_rate': 0.05, 'model__max_depth': 3, 'model__max_leaf_nodes': 15, 'model__min_samples_leaf': 20}",0.6388888888888888,0.5369318181818182,0.6380471380471381,0.5908200438128604,0.2037023013902716,,market_only,development,2024
146,2025-04-11 18:30:00,hist_gradient_boosting,540,18,4,18,log_loss,558,1,5,5,4,4,benchmark_away_not_lose_prob,"{'model__learning_rate': 0.05, 'model__max_depth': 3, 'model__max_leaf_nodes': 15, 'model__min_samples_leaf': 20}",0.625,0.5079457180750284,0.6197318007662835,0.6135471476197806,0.21230207210402038,,market_only,development,2024
147,2025-04-12 13:30:00,hist_gradient_boosting,541,18,4,18,log_loss,559,5,5,5,4,4,benchmark_away_not_lose_prob,"{'model__learning_rate': 0.05, 'model__max_depth': 3, 'model__max_leaf_nodes': 15, 'model__min_samples_leaf': 20}",0.625,0.513282191945985,0.6213225232621784,0.6195587777701697,0.21505762282339103,,market_only,development,2024
148,2025-04-12 16:30:00,hist_gradient_boosting,546,18,4,18,log_loss,564,1,5,5,4,4,benchmark_away_not_lose_prob,"{'model__learning_rate': 0.05, 'model__max_depth': 3, 'model__max_leaf_nodes': 15, 'model__min_samples_leaf': 20}",0.625,0.5354575858923685,0.6320061259191694,0.6254613047866635,0.2164170045641304,,market_only,development,2024
149,2025-04-13 13:30:00,hist_gradient_boosting,547,18,4,18,log_loss,565,1,5,5,4,4,benchmark_away_not_lose_prob,"{'model__learning_rate': 0.05, 'model__max_depth': 3, 'model__max_leaf_nodes': 15, 'model__min_samples_leaf': 20}",0.6388888888888888,0.5564746543778802,0.64864163912551,0.6326068572246677,0.21990872970236972,,market_only,development,2024
150,2025-04-13 15:30:00,hist_gradient_boosting,548,18,4,18,log_loss,566,1,5,5,4,4,benchmark_away_not_lose_prob,"{'model__learning_rate': 0.05, 'model__max_depth': 3, 'model__max_leaf_nodes': 15, 'model__min_samples_leaf': 20}",0.625,0.4912522260348347,0.6411231280796499,0.6380563688185716,0.2236283566187614,,market_only,development,2024
151,2025-04-19 13:30:00,hist_gradient_boosting,549,18,4,18,log_loss,567,5,5,5,4,4,benchmark_away_not_lose_prob,"{'model__learning_rate': 0.05, 'model__max_depth': 3, 'model__max_leaf_nodes': 15, 'model__min_samples_leaf': 20}",0.611111111111111,0.48773261761458353,0.6324689229758889,0.6295006013204403,0.21893640050978336,,market_only,development,2024
152,2025-04-19 16:30:00,hist_gradient_boosting,554,18,4,18,log_loss,572,1,5,5,4,4,benchmark_away_not_lose_prob,"{'model__learning_rate': 0.05, 'model__max_depth': 3, 'model__max_leaf_nodes': 15, 'model__min_samples_leaf': 20}",0.625,0.505744054332764,0.6245729852584692,0.63808523272741,0.22370349843228282,,market_only,development,2024
153,2025-04-20 13:30:00,hist_gradient_boosting,555,18,4,18,log_loss,573,1,5,5,4,4,benchmark_away_not_lose_prob,"{'model__learning_rate': 0.05, 'model__max_depth': 3, 'model__max_leaf_nodes': 15, 'model__min_samples_leaf': 20}",0.6111111111111112,0.5072648771767962,0.6113881360601752,0.6379400921591557,0.2246105307740806,,market_only,development,2024
154,2025-04-20 15:30:00,hist_gradient_boosting,556,18,4,18,log_loss,574,1,5,5,4,4,benchmark_away_not_lose_prob,"{'model__learning_rate': 0.05, 'model__max_depth': 3, 'model__max_leaf_nodes': 15, 'model__min_samples_leaf': 20}",0.6111111111111112,0.5119318181818182,0.617739898989899,0.6215048839731944,0.217631896213823,,market_only,development,2024
155,2025-04-20 17:30:00,hist_gradient_boosting,557,18,4,18,log_loss,575,1,5,5,4,4,benchmark_away_not_lose_prob,"{'model__learning_rate': 0.05, 'model__max_depth': 3, 'model__max_leaf_nodes': 15, 'model__min_samples_leaf': 20}",0.5555555555555556,0.4531981605351171,0.5590362938189025,0.6271659100400302,0.2197468968868742,,market_only,development,2024
156,2025-04-25 18:30:00,hist_gradient_boosting,558,18,4,18,log_loss,576,1,5,5,4,4,benchmark_away_not_lose_prob,"{'model__learning_rate': 0.05, 'model__max_depth': 3, 'model__max_leaf_nodes': 15, 'model__min_samples_leaf': 20}",0.6111111111111112,0.4821622422915526,0.6022420888321272,0.6350008726000497,0.22250535074318933,,market_only,development,2024
157,2025-04-26 13:30:00,hist_gradient_boosting,559,18,4,18,log_loss,577,5,5,5,4,4,benchmark_away_not_lose_prob,"{'model__learning_rate': 0.05, 'model__max_depth': 3, 'model__max_leaf_nodes': 15, 'model__min_samples_leaf': 20}",0.5972222222222222,0.49535636777016084,0.6009852216748769,0.6387786205960736,0.22509043069135823,,market_only,development,2024
158,2025-04-26 16:30:00,hist_gradient_boosting,564,18,4,18,log_loss,582,1,5,5,4,4,benchmark_away_not_lose_prob,"{'model__learning_rate': 0.05, 'model__max_depth': 3, 'model__max_leaf_nodes': 15, 'model__min_samples_leaf': 20}",0.6388888888888888,0.5562530404378231,0.6448975400605836,0.6377703950850104,0.22289558142556642,,market_only,development,2024
159,2025-04-27 13:30:00,hist_gradient_boosting,565,18,4,18,log_loss,583,1,5,5,4,4,benchmark_away_not_lose_prob,"{'model__learning_rate': 0.05, 'model__max_depth': 3, 'model__max_leaf_nodes': 15, 'model__min_samples_leaf': 20}",0.6388888888888888,0.5656689383547728,0.6462390175924538,0.621487390705917,0.2166668134054616,,market_only,development,2024
160,2025-04-27 15:30:00,hist_gradient_boosting,566,18,4,18,log_loss,584,1,5,5,4,4,benchmark_away_not_lose_prob,"{'model__learning_rate': 0.05, 'model__max_depth': 3, 'model__max_leaf_nodes': 15, 'model__min_samples_leaf': 20}",0.5972222222222223,0.46115189158667413,0.6087002369611065,0.6347341151410405,0.223547965327526,,market_only,development,2024
161,2025-05-02 18:30:00,hist_gradient_boosting,567,18,4,18,log_loss,585,1,5,5,4,4,benchmark_away_not_lose_prob,"{'model__learning_rate': 0.05, 'model__max_depth': 3, 'model__max_leaf_nodes': 15, 'model__min_samples_leaf': 20}",0.6111111111111112,0.48773261761458364,0.6275194280263939,0.6378509188379159,0.22389793176400366,,market_only,development,2024
162,2025-05-03 13:30:00,hist_gradient_boosting,568,18,4,18,log_loss,586,4,5,5,4,4,benchmark_away_not_lose_prob,"{'model__learning_rate': 0.05, 'model__max_depth': 3, 'model__max_leaf_nodes': 15, 'model__min_samples_leaf': 20}",0.5972222222222222,0.4793042441429539,0.6058160716225233,0.6478845778004104,0.22880270060608576,,market_only,development,2024
163,2025-05-03 16:30:00,hist_gradient_boosting,572,18,4,18,log_loss,590,1,5,5,4,4,benchmark_away_not_lose_prob,"{'model__learning_rate': 0.05, 'model__max_depth': 3, 'model__max_leaf_nodes': 15, 'model__min_samples_leaf': 20}",0.6527777777777778,0.5191369114756212,0.6439182233537073,0.6316584954735566,0.22107506427557516,,market_only,development,2024
164,2025-05-04 13:30:00,hist_gradient_boosting,573,18,4,18,log_loss,591,1,5,5,4,4,benchmark_away_not_lose_prob,"{'model__learning_rate': 0.05, 'model__max_depth': 3, 'model__max_leaf_nodes': 15, 'model__min_samples_leaf': 20}",0.625,0.5084222845842037,0.6140887533441257,0.6373408864865914,0.22488024022150163,,market_only,development,2024
165,2025-05-04 15:30:00,hist_gradient_boosting,574,18,4,18,log_loss,592,1,5,5,4,4,benchmark_away_not_lose_prob,"{'model__learning_rate': 0.05, 'model__max_depth': 3, 'model__max_leaf_nodes': 15, 'model__min_samples_leaf': 20}",0.5972222222222222,0.48990384615384613,0.5969551282051282,0.6365341559719679,0.22491782498520652,,market_only,development,2024
166,2025-05-04 17:30:00,hist_gradient_boosting,575,18,4,18,log_loss,593,1,5,5,4,4,benchmark_away_not_lose_prob,"{'model__learning_rate': 0.05, 'model__max_depth': 3, 'model__max_leaf_nodes': 15, 'model__min_samples_leaf': 20}",0.5694444444444444,0.4811412822282387,0.570353166246886,0.6364801598969831,0.2239645911496636,,market_only,development,2024
167,2025-05-09 18:30:00,hist_gradient_boosting,576,18,4,18,log_loss,594,1,5,5,4,4,benchmark_away_not_lose_prob,"{'model__learning_rate': 0.05, 'model__max_depth': 3, 'model__max_leaf_nodes': 15, 'model__min_samples_leaf': 20}",0.625,0.5101053639846743,0.6135589612601106,0.6440926874732125,0.22680429981243916,,market_only,development,2024
168,2025-05-10 13:30:00,hist_gradient_boosting,577,18,4,18,log_loss,595,4,5,5,4,4,benchmark_away_not_lose_prob,"{'model__learning_rate': 0.05, 'model__max_depth': 3, 'model__max_leaf_nodes': 15, 'model__min_samples_leaf': 20}",0.5972222222222222,0.4953563677701609,0.5859332238642584,0.6509633557474289,0.22998879171736178,,market_only,development,2024
169,2025-05-10 16:30:00,hist_gradient_boosting,581,18,4,18,log_loss,599,1,5,5,4,4,benchmark_away_not_lose_prob,"{'model__learning_rate': 0.05, 'model__max_depth': 3, 'model__max_leaf_nodes': 15, 'model__min_samples_leaf': 20}",0.6666666666666667,0.5264735264735265,0.6391219891219893,0.5891510934302286,0.20533849740878213,,market_only,development,2024
170,2025-05-11 13:30:00,hist_gradient_boosting,582,18,4,18,log_loss,600,1,5,5,4,4,benchmark_away_not_lose_prob,"{'model__learning_rate': 0.05, 'model__max_depth': 3, 'model__max_leaf_nodes': 15, 'model__min_samples_leaf': 20}",0.6527777777777778,0.5691562662442746,0.6404769904787437,0.5930971749877867,0.20718347158072437,,market_only,development,2024
171,2025-05-11 15:30:00,hist_gradient_boosting,583,18,4,18,log_loss,601,1,5,5,4,4,benchmark_away_not_lose_prob,"{'model__learning_rate': 0.05, 'model__max_depth': 3, 'model__max_leaf_nodes': 15, 'model__min_samples_leaf': 20}",0.6527777777777778,0.5824532125483213,0.6496440355136007,0.5939761130105043,0.2073183463706414,,market_only,development,2024
172,2025-05-11 17:30:00,hist_gradient_boosting,584,18,4,18,log_loss,602,1,5,5,4,4,benchmark_away_not_lose_prob,"{'model__learning_rate': 0.05, 'model__max_depth': 3, 'model__max_leaf_nodes': 15, 'model__min_samples_leaf': 20}",0.6111111111111112,0.5272030279503106,0.6036497319106015,0.599782422929779,0.21022040995919675,,market_only,development,2024
173,2025-05-17 13:30:00,hist_gradient_boosting,585,18,4,18,log_loss,603,9,5,5,4,4,benchmark_away_not_lose_prob,"{'model__learning_rate': 0.05, 'model__max_depth': 3, 'model__max_leaf_nodes': 15, 'model__min_samples_leaf': 20}",0.6388888888888888,0.5580451176145835,0.6249152613597273,0.5994731272629577,0.2095436036810922,,market_only,development,2024
1,2025-08-22 18:30:00,hist_gradient_boosting,594,18,4,18,log_loss,612,1,5,5,4,4,benchmark_away_not_lose_prob,"{'model__learning_rate': 0.05, 'model__max_depth': 3, 'model__max_leaf_nodes': 15, 'model__min_samples_leaf': 20}",0.6388888888888888,0.5447420634920636,0.6401565255731922,0.5979390346883621,0.2088173962014309,,market_only,test,2025
2,2025-08-23 13:30:00,hist_gradient_boosting,595,18,4,18,log_loss,613,5,5,5,4,4,benchmark_away_not_lose_prob,"{'model__learning_rate': 0.05, 'model__max_depth': 3, 'model__max_leaf_nodes': 15, 'model__min_samples_leaf': 20}",0.638888888888889,0.5412253136391068,0.6301719069918303,0.5983945621276969,0.20928678845552184,,market_only,test,2025
3,2025-08-23 16:30:00,hist_gradient_boosting,600,18,4,18,log_loss,618,1,5,5,4,4,benchmark_away_not_lose_prob,"{'model__learning_rate': 0.05, 'model__max_depth': 3, 'model__max_leaf_nodes': 15, 'model__min_samples_leaf': 20}",0.6805555555555556,0.5728642823660839,0.6643900123228,0.6080445146022877,0.21053363734471975,,market_only,test,2025
4,2025-08-24 13:30:00,hist_gradient_boosting,601,18,4,18,log_loss,619,1,5,5,4,4,benchmark_away_not_lose_prob,"{'model__learning_rate': 0.05, 'model__max_depth': 3, 'model__max_leaf_nodes': 15, 'model__min_samples_leaf': 20}",0.6944444444444444,0.5884988910077927,0.6829077067083064,0.598627897090927,0.20591236771169166,,market_only,test,2025
5,2025-08-24 15:30:00,hist_gradient_boosting,602,18,4,18,log_loss,620,1,5,5,4,4,benchmark_away_not_lose_prob,"{'model__learning_rate': 0.05, 'model__max_depth': 3, 'model__max_leaf_nodes': 15, 'model__min_samples_leaf': 20}",0.6527777777777778,0.5352387422360249,0.6390663985772681,0.6040426530891274,0.20803978864558864,,market_only,test,2025
6,2025-08-29 18:30:00,hist_gradient_boosting,603,18,4,18,log_loss,621,1,5,5,4,4,benchmark_away_not_lose_prob,"{'model__learning_rate': 0.05, 'model__max_depth': 3, 'model__max_leaf_nodes': 15, 'model__min_samples_leaf': 20}",0.736111111111111,0.6112958916083916,0.7152030723905723,0.5792084566741337,0.1970230685243049,,market_only,test,2025
7,2025-08-30 13:30:00,hist_gradient_boosting,604,18,4,18,log_loss,622,4,5,5,4,4,benchmark_away_not_lose_prob,"{'model__learning_rate': 0.05, 'model__max_depth': 3, 'model__max_leaf_nodes': 15, 'model__min_samples_leaf': 20}",0.7222222222222222,0.5945116174148433,0.7038959487346584,0.5896191898319426,0.20190969697506841,,market_only,test,2025
8,2025-08-30 16:30:00,hist_gradient_boosting,608,18,4,18,log_loss,626,1,5,5,4,4,benchmark_away_not_lose_prob,"{'model__learning_rate': 0.05, 'model__max_depth': 3, 'model__max_leaf_nodes': 15, 'model__min_samples_leaf': 20}",0.6944444444444445,0.5595064418340281,0.6675945223359017,0.5719508960034638,0.19463571528536075,,market_only,test,2025
9,2025-08-31 13:30:00,hist_gradient_boosting,609,18,4,18,log_loss,627,1,5,5,4,4,benchmark_away_not_lose_prob,"{'model__learning_rate': 0.05, 'model__max_depth': 3, 'model__max_leaf_nodes': 15, 'model__min_samples_leaf': 20}",0.6944444444444444,0.5581084305222236,0.6686017898661577,0.5624256731937404,0.19162863537190847,,market_only,test,2025
10,2025-08-31 15:30:00,hist_gradient_boosting,610,18,4,18,log_loss,628,1,5,5,4,4,benchmark_away_not_lose_prob,"{'model__learning_rate': 0.05, 'model__max_depth': 3, 'model__max_leaf_nodes': 15, 'model__min_samples_leaf': 20}",0.6666666666666667,0.5419696335366524,0.6525418765616207,0.5595725097239285,0.19000141848733074,,market_only,test,2025
11,2025-08-31 17:30:00,hist_gradient_boosting,611,18,4,18,log_loss,629,1,5,5,4,4,benchmark_away_not_lose_prob,"{'model__learning_rate': 0.05, 'model__max_depth': 3, 'model__max_leaf_nodes': 15, 'model__min_samples_leaf': 20}",0.6388888888888888,0.5213198536568102,0.6239907323844521,0.5596558087820744,0.1905683212530603,,market_only,test,2025
12,2025-09-12 18:30:00,hist_gradient_boosting,612,18,4,18,log_loss,630,1,5,5,4,4,benchmark_away_not_lose_prob,"{'model__learning_rate': 0.05, 'model__max_depth': 3, 'model__max_leaf_nodes': 15, 'model__min_samples_leaf': 20}",0.6666666666666666,0.5367063492063492,0.6456128747795414,0.574400923690735,0.19653557360887036,,market_only,test,2025
13,2025-09-13 13:30:00,hist_gradient_boosting,613,18,4,18,log_loss,631,5,5,5,4,4,benchmark_away_not_lose_prob,"{'model__learning_rate': 0.05, 'model__max_depth': 3, 'model__max_leaf_nodes': 15, 'model__min_samples_leaf': 20}",0.6527777777777778,0.5029360167291202,0.6071834012447039,0.5927451564544612,0.20531009879437123,,market_only,test,2025
14,2025-09-13 16:30:00,hist_gradient_boosting,618,18,4,18,log_loss,636,1,5,5,4,4,benchmark_away_not_lose_prob,"{'model__learning_rate': 0.05, 'model__max_depth': 3, 'model__max_leaf_nodes': 15, 'model__min_samples_leaf': 20}",0.7222222222222222,0.5583157873828063,0.6706330446527888,0.5837598788502738,0.1991700922644805,,market_only,test,2025
15,2025-09-14 13:30:00,hist_gradient_boosting,619,18,4,18,log_loss,637,1,5,5,4,4,benchmark_away_not_lose_prob,"{'model__learning_rate': 0.05, 'model__max_depth': 3, 'model__max_leaf_nodes': 15, 'model__min_samples_leaf': 20}",0.7361111111111112,0.6209062984152002,0.7070846614408166,0.5766488205816968,0.1959289329580893,,market_only,test,2025
16,2025-09-14 15:30:00,hist_gradient_boosting,620,18,4,18,log_loss,638,1,5,5,4,4,benchmark_away_not_lose_prob,"{'model__learning_rate': 0.05, 'model__max_depth': 3, 'model__max_leaf_nodes': 15, 'model__min_samples_leaf': 20}",0.6666666666666666,0.5440706510679336,0.6277495261492846,0.6007056280954048,0.2061807323948171,,market_only,test,2025
17,2025-09-19 18:30:00,hist_gradient_boosting,621,18,4,18,log_loss,639,1,5,5,4,4,benchmark_away_not_lose_prob,"{'model__learning_rate': 0.05, 'model__max_depth': 3, 'model__max_leaf_nodes': 15, 'model__min_samples_leaf': 20}",0.7222222222222222,0.5855124158249159,0.676108422184811,0.5867881746434529,0.20000163330637996,,market_only,test,2025
18,2025-09-20 13:30:00,hist_gradient_boosting,622,18,4,18,log_loss,640,4,5,5,4,4,benchmark_away_not_lose_prob,"{'model__learning_rate': 0.05, 'model__max_depth': 3, 'model__max_leaf_nodes': 15, 'model__min_samples_leaf': 20}",0.6944444444444444,0.5598962327994587,0.6487677436064534,0.6076648526545464,0.2084885939694492,,market_only,test,2025
19,2025-09-20 16:30:00,hist_gradient_boosting,626,18,4,18,log_loss,644,1,5,5,4,4,benchmark_away_not_lose_prob,"{'model__learning_rate': 0.05, 'model__max_depth': 3, 'model__max_leaf_nodes': 15, 'model__min_samples_leaf': 20}",0.7083333333333334,0.5683383506659369,0.663115256745525,0.582557789265251,0.1981369978955735,,market_only,test,2025
20,2025-09-21 13:30:00,hist_gradient_boosting,627,18,4,18,log_loss,645,1,5,5,4,4,benchmark_away_not_lose_prob,"{'model__learning_rate': 0.05, 'model__max_depth': 3, 'model__max_leaf_nodes': 15, 'model__min_samples_leaf': 20}",0.6944444444444444,0.5581084305222236,0.6480889693533372,0.6033256982851976,0.2070223936685578,,market_only,test,2025
21,2025-09-21 15:30:00,hist_gradient_boosting,628,18,4,18,log_loss,646,1,5,5,4,4,benchmark_away_not_lose_prob,"{'model__learning_rate': 0.05, 'model__max_depth': 3, 'model__max_leaf_nodes': 15, 'model__min_samples_leaf': 20}",0.6944444444444444,0.559758095075114,0.6471821899519341,0.6099700351543391,0.2085263341601868,,market_only,test,2025
22,2025-09-21 17:30:00,hist_gradient_boosting,629,18,4,18,log_loss,647,1,5,5,4,4,benchmark_away_not_lose_prob,"{'model__learning_rate': 0.05, 'model__max_depth': 3, 'model__max_leaf_nodes': 15, 'model__min_samples_leaf': 20}",0.6805555555555556,0.5484101546601546,0.6425897662008773,0.6088215713564763,0.20888851255401814,,market_only,test,2025
23,2025-09-26 18:30:00,hist_gradient_boosting,630,18,4,18,log_loss,648,1,5,5,4,4,benchmark_away_not_lose_prob,"{'model__learning_rate': 0.05, 'model__max_depth': 3, 'model__max_leaf_nodes': 15, 'model__min_samples_leaf': 20}",0.6527777777777777,0.5278744403744404,0.6148119884230996,0.6133839904379124,0.21187181360258556,,market_only,test,2025
24,2025-09-27 13:30:00,hist_gradient_boosting,631,18,4,18,log_loss,649,4,5,5,4,4,benchmark_away_not_lose_prob,"{'model__learning_rate': 0.05, 'model__max_depth': 3, 'model__max_leaf_nodes': 15, 'model__min_samples_leaf': 20}",0.6666666666666666,0.5268521006452042,0.6086985527598554,0.5869426688367858,0.20234694490461808,,market_only,test,2025
25,2025-09-27 16:30:00,hist_gradient_boosting,635,18,4,18,log_loss,653,1,5,5,4,4,benchmark_away_not_lose_prob,"{'model__learning_rate': 0.05, 'model__max_depth': 3, 'model__max_leaf_nodes': 15, 'model__min_samples_leaf': 20}",0.7222222222222222,0.5456608780746712,0.6643780442631018,0.6012397804479728,0.205343702997555,,market_only,test,2025
26,2025-09-28 13:30:00,hist_gradient_boosting,636,18,4,18,log_loss,654,1,5,5,4,4,benchmark_away_not_lose_prob,"{'model__learning_rate': 0.05, 'model__max_depth': 3, 'model__max_leaf_nodes': 15, 'model__min_samples_leaf': 20}",0.7083333333333334,0.5375203328373518,0.6478426406123848,0.5972709473936278,0.20340841951225674,,market_only,test,2025
27,2025-09-28 15:30:00,hist_gradient_boosting,637,18,4,18,log_loss,655,1,5,5,4,4,benchmark_away_not_lose_prob,"{'model__learning_rate': 0.05, 'model__max_depth': 3, 'model__max_leaf_nodes': 15, 'model__min_samples_leaf': 20}",0.7361111111111112,0.5966278393541324,0.6939579152222829,0.5918836961596959,0.20055653123992825,,market_only,test,2025
28,2025-09-28 17:30:00,hist_gradient_boosting,638,18,4,18,log_loss,656,1,5,5,4,4,benchmark_away_not_lose_prob,"{'model__learning_rate': 0.05, 'model__max_depth': 3, 'model__max_leaf_nodes': 15, 'model__min_samples_leaf': 20}",0.7083333333333333,0.5589864417989417,0.6608061434450323,0.600698683684199,0.20397673246725773,,market_only,test,2025
29,2025-10-03 18:30:00,hist_gradient_boosting,639,18,4,18,log_loss,657,1,5,5,4,4,benchmark_away_not_lose_prob,"{'model__learning_rate': 0.05, 'model__max_depth': 3, 'model__max_leaf_nodes': 15, 'model__min_samples_leaf': 20}",0.736111111111111,0.5795221560846561,0.68254060111699,0.5798649068284045,0.1956065805534719,,market_only,test,2025
30,2025-10-04 13:30:00,hist_gradient_boosting,640,18,4,18,log_loss,658,4,5,5,4,4,benchmark_away_not_lose_prob,"{'model__learning_rate': 0.05, 'model__max_depth': 3, 'model__max_leaf_nodes': 15, 'model__min_samples_leaf': 20}",0.7222222222222223,0.5636042489212678,0.6726807654505096,0.5897675712993399,0.1991954899443595,,market_only,test,2025
31,2025-10-04 16:30:00,hist_gradient_boosting,644,18,4,18,log_loss,662,1,5,5,4,4,benchmark_away_not_lose_prob,"{'model__learning_rate': 0.05, 'model__max_depth': 3, 'model__max_leaf_nodes': 15, 'model__min_samples_leaf': 20}",0.6666666666666666,0.5190658638934501,0.6084047923128383,0.6155053446538955,0.21249129251168383,,market_only,test,2025
32,2025-10-05 13:30:00,hist_gradient_boosting,645,18,4,18,log_loss,663,1,5,5,4,4,benchmark_away_not_lose_prob,"{'model__learning_rate': 0.05, 'model__max_depth': 3, 'model__max_leaf_nodes': 15, 'model__min_samples_leaf': 20}",0.6666666666666666,0.5210713934851866,0.617224771822473,0.6246286249089537,0.2161902535535908,,market_only,test,2025
33,2025-10-05 15:30:00,hist_gradient_boosting,646,18,4,18,log_loss,664,1,5,5,4,4,benchmark_away_not_lose_prob,"{'model__learning_rate': 0.05, 'model__max_depth': 3, 'model__max_leaf_nodes': 15, 'model__min_samples_leaf': 20}",0.6944444444444444,0.559758095075114,0.642053984823729,0.6321918783264522,0.21669506679354952,,market_only,test,2025
34,2025-10-05 17:30:00,hist_gradient_boosting,647,18,4,18,log_loss,665,1,5,5,4,4,benchmark_away_not_lose_prob,"{'model__learning_rate': 0.05, 'model__max_depth': 3, 'model__max_leaf_nodes': 15, 'model__min_samples_leaf': 20}",0.6666666666666666,0.5371565934065934,0.6158882783882784,0.6428182621739156,0.22218998525403735,,market_only,test,2025
35,2025-10-17 18:30:00,hist_gradient_boosting,648,18,4,18,log_loss,666,1,5,5,4,4,benchmark_away_not_lose_prob,"{'model__learning_rate': 0.05, 'model__max_depth': 3, 'model__max_leaf_nodes': 15, 'model__min_samples_leaf': 20}",0.6527777777777778,0.5278744403744403,0.6045239225794781,0.634365749230405,0.21923159971849754,,market_only,test,2025
36,2025-10-18 13:30:00,hist_gradient_boosting,649,18,4,18,log_loss,667,5,5,5,4,4,benchmark_away_not_lose_prob,"{'model__learning_rate': 0.05, 'model__max_depth': 3, 'model__max_leaf_nodes': 15, 'model__min_samples_leaf': 20}",0.6527777777777778,0.5171538247831351,0.5837772336575019,0.62779486397407,0.21851509992802562,,market_only,test,2025
37,2025-10-18 16:30:00,hist_gradient_boosting,654,18,4,18,log_loss,672,1,5,5,4,4,benchmark_away_not_lose_prob,"{'model__learning_rate': 0.05, 'model__max_depth': 3, 'model__max_leaf_nodes': 15, 'model__min_samples_leaf': 20}",0.6805555555555556,0.5320245144383076,0.6106994041859943,0.6364882241420462,0.22065447204171842,,market_only,test,2025
38,2025-10-19 13:30:00,hist_gradient_boosting,655,18,4,18,log_loss,673,1,5,5,4,4,benchmark_away_not_lose_prob,"{'model__learning_rate': 0.05, 'model__max_depth': 3, 'model__max_leaf_nodes': 15, 'model__min_samples_leaf': 20}",0.6805555555555555,0.5630941855079786,0.6230177442821121,0.6407370482286316,0.22219763283014965,,market_only,test,2025
39,2025-10-19 15:30:00,hist_gradient_boosting,656,18,4,18,log_loss,674,1,5,5,4,4,benchmark_away_not_lose_prob,"{'model__learning_rate': 0.05, 'model__max_depth': 3, 'model__max_leaf_nodes': 15, 'model__min_samples_leaf': 20}",0.6527777777777777,0.5254527879527879,0.5898659725048614,0.6539010600843137,0.2276129721208056,,market_only,test,2025
40,2025-10-24 18:30:00,hist_gradient_boosting,657,18,4,18,log_loss,675,1,5,5,4,4,benchmark_away_not_lose_prob,"{'model__learning_rate': 0.05, 'model__max_depth': 3, 'model__max_leaf_nodes': 15, 'model__min_samples_leaf': 20}",0.6805555555555555,0.5459885022385023,0.6176768190657079,0.6298651605528802,0.21797865221422047,,market_only,test,2025
41,2025-10-25 13:30:00,hist_gradient_boosting,658,18,4,18,log_loss,676,5,5,5,4,4,benchmark_away_not_lose_prob,"{'model__learning_rate': 0.05, 'model__max_depth': 3, 'model__max_leaf_nodes': 15, 'model__min_samples_leaf': 20}",0.6666666666666667,0.5361555685693618,0.6032966012276357,0.6413789481811881,0.22225631907146037,,market_only,test,2025
42,2025-10-25 16:30:00,hist_gradient_boosting,663,18,4,18,log_loss,681,1,5,5,4,4,benchmark_away_not_lose_prob,"{'model__learning_rate': 0.05, 'model__max_depth': 3, 'model__max_leaf_nodes': 15, 'model__min_samples_leaf': 20}",0.6388888888888888,0.5172252396390328,0.5740623786600798,0.6412689428843743,0.22359745306352607,,market_only,test,2025
43,2025-10-26 13:30:00,hist_gradient_boosting,664,18,4,18,log_loss,682,1,5,5,4,4,benchmark_away_not_lose_prob,"{'model__learning_rate': 0.05, 'model__max_depth': 3, 'model__max_leaf_nodes': 15, 'model__min_samples_leaf': 20}",0.6388888888888888,0.5172252396390328,0.564787291607215,0.6546143490389031,0.22689088084150894,,market_only,test,2025
44,2025-10-26 15:30:00,hist_gradient_boosting,665,18,4,18,log_loss,683,1,5,5,4,4,benchmark_away_not_lose_prob,"{'model__learning_rate': 0.05, 'model__max_depth': 3, 'model__max_leaf_nodes': 15, 'model__min_samples_leaf': 20}",0.625,0.5075269637769637,0.5490158504047393,0.6613777380933825,0.2306272597433769,,market_only,test,2025
45,2025-10-31 19:30:00,hist_gradient_boosting,666,18,4,18,log_loss,684,1,5,5,4,4,benchmark_away_not_lose_prob,"{'model__learning_rate': 0.05, 'model__max_depth': 3, 'model__max_leaf_nodes': 15, 'model__min_samples_leaf': 20}",0.625,0.5099486161986162,0.5419552412607969,0.6558318292906058,0.22897679276663002,,market_only,test,2025
46,2025-11-01 14:30:00,hist_gradient_boosting,667,18,4,18,log_loss,685,5,5,5,4,4,benchmark_away_not_lose_prob,"{'model__learning_rate': 0.05, 'model__max_depth': 3, 'model__max_leaf_nodes': 15, 'model__min_samples_leaf': 20}",0.6388888888888888,0.505900263529574,0.5519317129230923,0.6480812727270404,0.2274506910353073,,market_only,test,2025
47,2025-11-01 17:30:00,hist_gradient_boosting,672,18,4,18,log_loss,690,1,5,5,4,4,benchmark_away_not_lose_prob,"{'model__learning_rate': 0.05, 'model__max_depth': 3, 'model__max_leaf_nodes': 15, 'model__min_samples_leaf': 20}",0.6388888888888888,0.5044004144004144,0.559808915364471,0.6305073525137312,0.2212144792359575,,market_only,test,2025
48,2025-11-02 14:30:00,hist_gradient_boosting,673,18,4,18,log_loss,691,1,5,5,4,4,benchmark_away_not_lose_prob,"{'model__learning_rate': 0.05, 'model__max_depth': 3, 'model__max_leaf_nodes': 15, 'model__min_samples_leaf': 20}",0.6527777777777778,0.5443019943019943,0.5813232035454257,0.6179010661669775,0.21553390123631103,,market_only,test,2025
49,2025-11-02 16:30:00,hist_gradient_boosting,674,18,4,18,log_loss,692,1,5,5,4,4,benchmark_away_not_lose_prob,"{'model__learning_rate': 0.05, 'model__max_depth': 3, 'model__max_leaf_nodes': 15, 'model__min_samples_leaf': 20}",0.625,0.5075269637769638,0.5421782435671325,0.6412783112196491,0.22582008320765454,,market_only,test,2025
50,2025-11-07 19:30:00,hist_gradient_boosting,675,18,4,18,log_loss,693,1,5,5,4,4,benchmark_away_not_lose_prob,"{'model__learning_rate': 0.05, 'model__max_depth': 3, 'model__max_leaf_nodes': 15, 'model__min_samples_leaf': 20}",0.6388888888888888,0.5314430476930476,0.5660943274832164,0.6404443130643611,0.22589545037038583,,market_only,test,2025
51,2025-11-08 14:30:00,hist_gradient_boosting,676,18,4,18,log_loss,694,4,5,5,4,4,benchmark_away_not_lose_prob,"{'model__learning_rate': 0.05, 'model__max_depth': 3, 'model__max_leaf_nodes': 15, 'model__min_samples_leaf': 20}",0.625,0.5216101140239071,0.5517141096451441,0.658860045707169,0.23361466450183316,,market_only,test,2025
52,2025-11-08 17:30:00,hist_gradient_boosting,680,18,4,18,log_loss,698,1,5,5,4,4,benchmark_away_not_lose_prob,"{'model__learning_rate': 0.05, 'model__max_depth': 3, 'model__max_leaf_nodes': 15, 'model__min_samples_leaf': 20}",0.6111111111111112,0.5126966431314257,0.540409045239963,0.6642216884727976,0.23546610892730419,,market_only,test,2025
53,2025-11-09 14:30:00,hist_gradient_boosting,681,18,4,18,log_loss,699,1,5,5,4,4,benchmark_away_not_lose_prob,"{'model__learning_rate': 0.05, 'model__max_depth': 3, 'model__max_leaf_nodes': 15, 'model__min_samples_leaf': 20}",0.5833333333333334,0.4926111730459557,0.5151637144390768,0.6899564904951212,0.24575510028175612,,market_only,test,2025
54,2025-11-09 16:30:00,hist_gradient_boosting,682,18,4,18,log_loss,700,1,5,5,4,4,benchmark_away_not_lose_prob,"{'model__learning_rate': 0.05, 'model__max_depth': 3, 'model__max_leaf_nodes': 15, 'model__min_samples_leaf': 20}",0.5972222222222223,0.5111795611795611,0.5257516146405035,0.7061048684883657,0.2500032176141001,,market_only,test,2025
55,2025-11-09 18:30:00,hist_gradient_boosting,683,18,4,18,log_loss,701,1,5,5,4,4,benchmark_away_not_lose_prob,"{'model__learning_rate': 0.05, 'model__max_depth': 3, 'model__max_leaf_nodes': 15, 'model__min_samples_leaf': 20}",0.6111111111111112,0.528062678062678,0.5453782842671732,0.6872035790854277,0.24186707127768567,,market_only,test,2025
56,2025-11-21 19:30:00,hist_gradient_boosting,684,18,4,18,log_loss,702,1,5,5,4,4,benchmark_away_not_lose_prob,"{'model__learning_rate': 0.05, 'model__max_depth': 3, 'model__max_leaf_nodes': 15, 'model__min_samples_leaf': 20}",0.625,0.5461093304843305,0.562193336498892,0.6750315454216748,0.23717870921690898,,market_only,test,2025
57,2025-11-22 14:30:00,hist_gradient_boosting,685,18,4,18,log_loss,703,5,5,5,4,4,benchmark_away_not_lose_prob,"{'model__learning_rate': 0.05, 'model__max_depth': 3, 'model__max_leaf_nodes': 15, 'model__min_samples_leaf': 20}",0.6527777777777777,0.5766976773226774,0.6006146631146632,0.6439091315598713,0.22536272527132983,,market_only,test,2025
58,2025-11-22 17:30:00,hist_gradient_boosting,690,18,4,18,log_loss,708,1,5,5,4,4,benchmark_away_not_lose_prob,"{'model__learning_rate': 0.05, 'model__max_depth': 3, 'model__max_leaf_nodes': 15, 'model__min_samples_leaf': 20}",0.638888888888889,0.5700254144004144,0.5900172486978043,0.6337276374724287,0.2221407556442358,,market_only,test,2025
59,2025-11-23 14:30:00,hist_gradient_boosting,691,18,4,18,log_loss,709,1,5,5,4,4,benchmark_away_not_lose_prob,"{'model__learning_rate': 0.05, 'model__max_depth': 3, 'model__max_leaf_nodes': 15, 'model__min_samples_leaf': 20}",0.6527777777777778,0.5654660154660155,0.5908764075430741,0.6293095630855954,0.21916922371410258,,market_only,test,2025
60,2025-11-23 16:30:00,hist_gradient_boosting,692,18,4,18,log_loss,710,1,5,5,4,4,benchmark_away_not_lose_prob,"{'model__learning_rate': 0.05, 'model__max_depth': 3, 'model__max_leaf_nodes': 15, 'model__min_samples_leaf': 20}",0.6527777777777778,0.565728021978022,0.5918549043549044,0.6246382821334772,0.2179535895662406,,market_only,test,2025
61,2025-11-28 19:30:00,hist_gradient_boosting,693,18,4,18,log_loss,711,1,5,5,4,4,benchmark_away_not_lose_prob,"{'model__learning_rate': 0.05, 'model__max_depth': 3, 'model__max_leaf_nodes': 15, 'model__min_samples_leaf': 20}",0.6666666666666666,0.5896441058941059,0.6157709882709883,0.6142267104248202,0.21368279226477266,,market_only,test,2025
62,2025-11-29 14:30:00,hist_gradient_boosting,694,18,4,18,log_loss,712,4,5,5,4,4,benchmark_away_not_lose_prob,"{'model__learning_rate': 0.05, 'model__max_depth': 3, 'model__max_leaf_nodes': 15, 'model__min_samples_leaf': 20}",0.6805555555555556,0.6016300940438871,0.6317340896651241,0.5998010926950346,0.20748820994549783,,market_only,test,2025
63,2025-11-29 17:30:00,hist_gradient_boosting,698,18,4,18,log_loss,716,1,5,5,4,4,benchmark_away_not_lose_prob,"{'model__learning_rate': 0.05, 'model__max_depth': 3, 'model__max_leaf_nodes': 15, 'model__min_samples_leaf': 20}",0.6527777777777778,0.5860762727610553,0.6065870287790577,0.6128175867725568,0.2137192277457956,,market_only,test,2025
64,2025-11-30 14:30:00,hist_gradient_boosting,699,18,4,18,log_loss,717,1,5,5,4,4,benchmark_away_not_lose_prob,"{'model__learning_rate': 0.05, 'model__max_depth': 3, 'model__max_leaf_nodes': 15, 'model__min_samples_leaf': 20}",0.625,0.5596441400789227,0.5835194327947951,0.6164389500771,0.21564597948163827,,market_only,test,2025
65,2025-11-30 16:30:00,hist_gradient_boosting,700,18,4,18,log_loss,718,1,5,5,4,4,benchmark_away_not_lose_prob,"{'model__learning_rate': 0.05, 'model__max_depth': 3, 'model__max_leaf_nodes': 15, 'model__min_samples_leaf': 20}",0.625,0.561978761978762,0.5787153176042064,0.636212236075349,0.22267603955193718,,market_only,test,2025
66,2025-11-30 18:30:00,hist_gradient_boosting,701,18,4,18,log_loss,719,1,5,5,4,4,benchmark_away_not_lose_prob,"{'model__learning_rate': 0.05, 'model__max_depth': 3, 'model__max_leaf_nodes': 15, 'model__min_samples_leaf': 20}",0.6527777777777778,0.5912733804038153,0.6063964931114689,0.6149110350143422,0.21306354479841116,,market_only,test,2025
67,2025-12-05 19:30:00,hist_gradient_boosting,702,18,4,18,log_loss,720,1,5,5,4,4,benchmark_away_not_lose_prob,"{'model__learning_rate': 0.05, 'model__max_depth': 3, 'model__max_leaf_nodes': 15, 'model__min_samples_leaf': 20}",0.6805555555555555,0.6261293105043105,0.6382617125672682,0.6196985052082797,0.21402881410111546,,market_only,test,2025
68,2025-12-06 14:30:00,hist_gradient_boosting,703,18,4,18,log_loss,721,5,5,5,4,4,benchmark_away_not_lose_prob,"{'model__learning_rate': 0.05, 'model__max_depth': 3, 'model__max_leaf_nodes': 15, 'model__min_samples_leaf': 20}",0.6944444444444444,0.6328015734265735,0.6546550671550673,0.6191171512794862,0.21372209260167274,,market_only,test,2025
69,2025-12-06 17:30:00,hist_gradient_boosting,708,18,4,18,log_loss,726,1,5,5,4,4,benchmark_away_not_lose_prob,"{'model__learning_rate': 0.05, 'model__max_depth': 3, 'model__max_leaf_nodes': 15, 'model__min_samples_leaf': 20}",0.6527777777777777,0.5969085312835313,0.6141153727959283,0.6422966152949199,0.22347321053810765,,market_only,test,2025
70,2025-12-07 14:30:00,hist_gradient_boosting,709,18,4,18,log_loss,727,1,5,5,4,4,benchmark_away_not_lose_prob,"{'model__learning_rate': 0.05, 'model__max_depth': 3, 'model__max_leaf_nodes': 15, 'model__min_samples_leaf': 20}",0.6666666666666666,0.6107206450956452,0.6217277449916339,0.6328235657964816,0.2190737486709613,,market_only,test,2025
71,2025-12-07 16:30:00,hist_gradient_boosting,710,18,4,18,log_loss,728,1,5,5,4,4,benchmark_away_not_lose_prob,"{'model__learning_rate': 0.05, 'model__max_depth': 3, 'model__max_leaf_nodes': 15, 'model__min_samples_leaf': 20}",0.638888888888889,0.5862637362637363,0.5900691900691901,0.6530373731751699,0.2294000370504456,,market_only,test,2025
72,2025-12-12 19:30:00,hist_gradient_boosting,711,18,4,18,log_loss,729,1,5,5,4,4,benchmark_away_not_lose_prob,"{'model__learning_rate': 0.1, 'model__max_depth': 3, 'model__max_leaf_nodes': 15, 'model__min_samples_leaf': 20}",0.625,0.5872252747252749,0.5896418396418397,0.6603827940542518,0.2327308741675598,,market_only,test,2025
73,2025-12-13 14:30:00,hist_gradient_boosting,712,18,4,18,log_loss,730,4,5,5,4,4,benchmark_away_not_lose_prob,"{'model__learning_rate': 0.05, 'model__max_depth': 3, 'model__max_leaf_nodes': 15, 'model__min_samples_leaf': 20}",0.625,0.5870805355635076,0.5855325479474086,0.673764153824083,0.238833056470724,,market_only,test,2025
74,2025-12-13 17:30:00,hist_gradient_boosting,716,18,4,18,log_loss,734,1,5,5,4,4,benchmark_away_not_lose_prob,"{'model__learning_rate': 0.05, 'model__max_depth': 3, 'model__max_leaf_nodes': 15, 'model__min_samples_leaf': 20}",0.6388888888888888,0.6045947912795739,0.6107022551165062,0.6520767371952751,0.22826226139681638,,market_only,test,2025
75,2025-12-14 14:30:00,hist_gradient_boosting,717,18,4,18,log_loss,735,1,5,5,4,4,benchmark_away_not_lose_prob,"{'model__learning_rate': 0.05, 'model__max_depth': 3, 'model__max_leaf_nodes': 15, 'model__min_samples_leaf': 20}",0.625,0.5917505498943109,0.5964288850747324,0.6642050586618056,0.23362776755703824,,market_only,test,2025
76,2025-12-14 16:30:00,hist_gradient_boosting,718,18,4,18,log_loss,736,1,5,5,4,4,benchmark_away_not_lose_prob,"{'model__learning_rate': 0.05, 'model__max_depth': 3, 'model__max_leaf_nodes': 15, 'model__min_samples_leaf': 20}",0.6111111111111112,0.5683016960106744,0.5765878269318241,0.6680582467972391,0.23410481014880763,,market_only,test,2025
77,2025-12-14 18:30:00,hist_gradient_boosting,719,18,4,18,log_loss,737,1,5,5,4,4,benchmark_away_not_lose_prob,"{'model__learning_rate': 0.05, 'model__max_depth': 3, 'model__max_leaf_nodes': 15, 'model__min_samples_leaf': 20}",0.625,0.582619534249969,0.5967811084960843,0.6735947820594878,0.2320351149691685,,market_only,test,2025
78,2025-12-19 19:30:00,hist_gradient_boosting,720,18,4,18,log_loss,738,1,5,5,4,4,benchmark_away_not_lose_prob,"{'model__learning_rate': 0.05, 'model__max_depth': 3, 'model__max_leaf_nodes': 15, 'model__min_samples_leaf': 20}",0.6388888888888888,0.607610791985792,0.6094551282051281,0.6733738754234785,0.23119996661281678,,market_only,test,2025
79,2025-12-20 14:30:00,hist_gradient_boosting,721,18,4,18,log_loss,739,5,5,5,4,4,benchmark_away_not_lose_prob,"{'model__learning_rate': 0.05, 'model__max_depth': 3, 'model__max_leaf_nodes': 15, 'model__min_samples_leaf': 20}",0.6527777777777778,0.627950290808263,0.637244813579953,0.6726753726903075,0.23199620122131698,,market_only,test,2025
80,2025-12-20 17:30:00,hist_gradient_boosting,726,18,4,18,log_loss,744,1,5,5,4,4,benchmark_away_not_lose_prob,"{'model__learning_rate': 0.05, 'model__max_depth': 3, 'model__max_leaf_nodes': 15, 'model__min_samples_leaf': 20}",0.6111111111111112,0.5783900127650128,0.5853087884337884,0.6831578962888664,0.23632639791627558,,market_only,test,2025
81,2025-12-21 14:30:00,hist_gradient_boosting,727,18,4,18,log_loss,745,1,5,5,4,4,benchmark_away_not_lose_prob,"{'model__learning_rate': 0.05, 'model__max_depth': 3, 'model__max_leaf_nodes': 15, 'model__min_samples_leaf': 20}",0.6527777777777778,0.614566798941799,0.6222975455614345,0.6697467141629989,0.2304947453227214,,market_only,test,2025
82,2025-12-21 16:30:00,hist_gradient_boosting,728,18,4,18,log_loss,746,1,5,5,4,4,benchmark_away_not_lose_prob,"{'model__learning_rate': 0.05, 'model__max_depth': 3, 'model__max_leaf_nodes': 15, 'model__min_samples_leaf': 20}",0.5972222222222222,0.5647228932058653,0.5649481294992131,0.6834175213934852,0.23821986690665758,,market_only,test,2025
83,2026-01-09 19:30:00,hist_gradient_boosting,729,18,4,18,log_loss,747,1,5,5,4,4,benchmark_away_not_lose_prob,"{'model__learning_rate': 0.05, 'model__max_depth': 3, 'model__max_leaf_nodes': 15, 'model__min_samples_leaf': 20}",0.5833333333333334,0.5626370851370851,0.5599254449254449,0.6810047489119482,0.23697311526299664,,market_only,test,2025
84,2026-01-10 14:30:00,hist_gradient_boosting,730,18,4,18,log_loss,748,3,5,5,4,4,benchmark_away_not_lose_prob,"{'model__learning_rate': 0.05, 'model__max_depth': 3, 'model__max_leaf_nodes': 15, 'model__min_samples_leaf': 20}",0.6111111111111112,0.5891259901089623,0.5931335580484187,0.6740515110725256,0.23447092701076722,,market_only,test,2025
85,2026-01-10 17:30:00,hist_gradient_boosting,733,18,4,18,log_loss,751,1,5,5,4,4,benchmark_away_not_lose_prob,"{'model__learning_rate': 0.05, 'model__max_depth': 3, 'model__max_leaf_nodes': 15, 'model__min_samples_leaf': 20}",0.5694444444444444,0.5508498097675645,0.5595512345747908,0.6757183192141047,0.23481179975531258,,market_only,test,2025
86,2026-01-11 14:30:00,hist_gradient_boosting,734,18,4,18,log_loss,752,1,5,5,4,4,benchmark_away_not_lose_prob,"{'model__learning_rate': 0.05, 'model__max_depth': 3, 'model__max_leaf_nodes': 15, 'model__min_samples_leaf': 20}",0.6111111111111112,0.5826419293267119,0.6081582970169926,0.6963023539298164,0.24411179055382293,,market_only,test,2025
87,2026-01-11 16:30:00,hist_gradient_boosting,735,18,4,18,log_loss,753,1,5,5,4,4,benchmark_away_not_lose_prob,"{'model__learning_rate': 0.05, 'model__max_depth': 3, 'model__max_leaf_nodes': 15, 'model__min_samples_leaf': 20}",0.6111111111111112,0.5810512491950102,0.6102983489441962,0.7020361231713947,0.24747662672707063,,market_only,test,2025
88,2026-01-13 17:30:00,hist_gradient_boosting,736,18,4,18,log_loss,754,1,5,5,4,4,benchmark_away_not_lose_prob,"{'model__learning_rate': 0.05, 'model__max_depth': 3, 'model__max_leaf_nodes': 15, 'model__min_samples_leaf': 20}",0.6111111111111112,0.592580155071742,0.6099225365950363,0.6926930624985705,0.24301016493777294,,market_only,test,2025
89,2026-01-13 19:30:00,hist_gradient_boosting,737,18,4,18,log_loss,755,2,5,5,4,4,benchmark_away_not_lose_prob,"{'model__learning_rate': 0.05, 'model__max_depth': 3, 'model__max_leaf_nodes': 15, 'model__min_samples_leaf': 20}",0.638888888888889,0.6184991638795987,0.6393479809240679,0.6606912504352154,0.22671609942551102,,market_only,test,2025
90,2026-01-14 17:30:00,hist_gradient_boosting,739,18,4,18,log_loss,757,1,5,5,4,4,benchmark_away_not_lose_prob,"{'model__learning_rate': 0.05, 'model__max_depth': 3, 'model__max_leaf_nodes': 15, 'model__min_samples_leaf': 20}",0.6527777777777778,0.6441341069920792,0.6547939311290705,0.6571053300579146,0.22595063967766266,,market_only,test,2025
91,2026-01-14 19:30:00,hist_gradient_boosting,740,18,4,18,log_loss,758,3,5,5,4,4,benchmark_away_not_lose_prob,"{'model__learning_rate': 0.1, 'model__max_depth': 3, 'model__max_leaf_nodes': 15, 'model__min_samples_leaf': 20}",0.6666666666666666,0.6594625935658543,0.6714970315513793,0.6445664553647835,0.21992478081593952,,market_only,test,2025
92,2026-01-15 19:30:00,hist_gradient_boosting,743,18,4,18,log_loss,761,1,5,5,4,4,benchmark_away_not_lose_prob,"{'model__learning_rate': 0.05, 'model__max_depth': 3, 'model__max_leaf_nodes': 15, 'model__min_samples_leaf': 20}",0.6388888888888888,0.6300897211551404,0.6343876122736838,0.6406971120661717,0.21894846484175903,,market_only,test,2025
93,2026-01-16 19:30:00,hist_gradient_boosting,744,18,4,18,log_loss,762,1,5,5,4,4,benchmark_away_not_lose_prob,"{'model__learning_rate': 0.05, 'model__max_depth': 3, 'model__max_leaf_nodes': 15, 'model__min_samples_leaf': 20}",0.6666666666666666,0.6612959956709957,0.6613771645021645,0.6408439421200031,0.2177590249315569,,market_only,test,2025
94,2026-01-17 14:30:00,hist_gradient_boosting,745,18,4,18,log_loss,763,5,5,5,4,4,benchmark_away_not_lose_prob,"{'model__learning_rate': 0.05, 'model__max_depth': 3, 'model__max_leaf_nodes': 15, 'model__min_samples_leaf': 20}",0.6944444444444444,0.6879464285714286,0.6884755291005291,0.6361040899863453,0.21549650954622218,,market_only,test,2025
95,2026-01-17 17:30:00,hist_gradient_boosting,750,18,4,18,log_loss,768,1,5,5,4,4,benchmark_away_not_lose_prob,"{'model__learning_rate': 0.05, 'model__max_depth': 3, 'model__max_leaf_nodes': 15, 'model__min_samples_leaf': 20}",0.625,0.6143353174603174,0.6205357142857142,0.653830301424073,0.22596432429003974,,market_only,test,2025
96,2026-01-18 14:30:00,hist_gradient_boosting,751,18,4,18,log_loss,769,1,5,5,4,4,benchmark_away_not_lose_prob,"{'model__learning_rate': 0.05, 'model__max_depth': 3, 'model__max_leaf_nodes': 15, 'model__min_samples_leaf': 20}",0.5833333333333334,0.5751902036731757,0.5880722304870911,0.6341093485132989,0.21851832359653095,,market_only,test,2025
97,2026-01-18 16:30:00,hist_gradient_boosting,752,18,4,18,log_loss,770,1,5,5,4,4,benchmark_away_not_lose_prob,"{'model__learning_rate': 0.05, 'model__max_depth': 3, 'model__max_leaf_nodes': 15, 'model__min_samples_leaf': 20}",0.625,0.6069823232323233,0.6366792929292929,0.6509271291199368,0.22604247396720792,,market_only,test,2025
98,2026-01-23 19:30:00,hist_gradient_boosting,753,18,4,18,log_loss,771,1,5,5,4,4,benchmark_away_not_lose_prob,"{'model__learning_rate': 0.05, 'model__max_depth': 3, 'model__max_leaf_nodes': 15, 'model__min_samples_leaf': 20}",0.638888888888889,0.6189795343974911,0.6518052409693276,0.6457965365425697,0.223404755824267,,market_only,test,2025
99,2026-01-24 14:30:00,hist_gradient_boosting,754,18,4,18,log_loss,772,5,5,5,4,4,benchmark_away_not_lose_prob,"{'model__learning_rate': 0.05, 'model__max_depth': 3, 'model__max_leaf_nodes': 15, 'model__min_samples_leaf': 20}",0.6388888888888888,0.6250882719548589,0.6453166563641561,0.6405077117638849,0.22116422330633007,,market_only,test,2025
100,2026-01-24 17:30:00,hist_gradient_boosting,759,18,4,18,log_loss,777,1,5,5,4,4,benchmark_away_not_lose_prob,"{'model__learning_rate': 0.05, 'model__max_depth': 3, 'model__max_leaf_nodes': 15, 'model__min_samples_leaf': 20}",0.6388888888888888,0.6156844316674038,0.6360816256327093,0.6453553897069629,0.22137763197512447,,market_only,test,2025
101,2026-01-25 14:30:00,hist_gradient_boosting,760,18,4,18,log_loss,778,1,5,5,4,4,benchmark_away_not_lose_prob,"{'model__learning_rate': 0.05, 'model__max_depth': 3, 'model__max_leaf_nodes': 15, 'model__min_samples_leaf': 20}",0.638888888888889,0.6151572697056611,0.6358548582629885,0.6448881000668095,0.22098316069500715,,market_only,test,2025
102,2026-01-25 16:30:00,hist_gradient_boosting,761,18,4,18,log_loss,779,1,5,5,4,4,benchmark_away_not_lose_prob,"{'model__learning_rate': 0.05, 'model__max_depth': 3, 'model__max_leaf_nodes': 15, 'model__min_samples_leaf': 20}",0.625,0.5848350915255108,0.6200229003395273,0.6517834905370391,0.22327271258483078,,market_only,test,2025
103,2026-01-27 19:30:00,hist_gradient_boosting,762,18,4,18,log_loss,780,2,5,5,4,4,benchmark_away_not_lose_prob,"{'model__learning_rate': 0.05, 'model__max_depth': 3, 'model__max_leaf_nodes': 15, 'model__min_samples_leaf': 20}",0.6388888888888888,0.6072094572094573,0.62988677988678,0.6668794497747779,0.22868025363012204,,market_only,test,2025
104,2026-01-30 19:30:00,hist_gradient_boosting,764,18,4,18,log_loss,782,1,5,5,4,4,benchmark_away_not_lose_prob,"{'model__learning_rate': 0.05, 'model__max_depth': 3, 'model__max_leaf_nodes': 15, 'model__min_samples_leaf': 20}",0.6111111111111112,0.5753239307418874,0.6052485061600988,0.6562096872827318,0.2255820190802045,,market_only,test,2025
105,2026-01-31 14:30:00,hist_gradient_boosting,765,18,4,18,log_loss,783,5,5,5,4,4,benchmark_away_not_lose_prob,"{'model__learning_rate': 0.05, 'model__max_depth': 3, 'model__max_leaf_nodes': 15, 'model__min_samples_leaf': 20}",0.5694444444444444,0.5356481481481481,0.5630658436213991,0.6599507413448136,0.22671132709158015,,market_only,test,2025
106,2026-01-31 17:30:00,hist_gradient_boosting,770,18,4,18,log_loss,788,1,5,5,4,4,benchmark_away_not_lose_prob,"{'model__learning_rate': 0.05, 'model__max_depth': 3, 'model__max_leaf_nodes': 15, 'model__min_samples_leaf': 20}",0.625,0.6007323232323232,0.6373737373737374,0.6712613055237681,0.2315703038641544,,market_only,test,2025
107,2026-02-01 14:30:00,hist_gradient_boosting,771,18,4,18,log_loss,789,1,5,5,4,4,benchmark_away_not_lose_prob,"{'model__learning_rate': 0.05, 'model__max_depth': 3, 'model__max_leaf_nodes': 15, 'model__min_samples_leaf': 20}",0.6527777777777778,0.6279081058260625,0.6663555055195922,0.653883944879269,0.22520172170894176,,market_only,test,2025
108,2026-02-01 16:30:00,hist_gradient_boosting,772,18,4,18,log_loss,790,1,5,5,4,4,benchmark_away_not_lose_prob,"{'model__learning_rate': 0.05, 'model__max_depth': 3, 'model__max_leaf_nodes': 15, 'model__min_samples_leaf': 20}",0.6805555555555556,0.6709549439825218,0.6895348220993497,0.6384406279308452,0.21777985162389185,,market_only,test,2025
109,2026-02-06 19:30:00,hist_gradient_boosting,773,18,4,18,log_loss,791,1,5,5,4,4,benchmark_away_not_lose_prob,"{'model__learning_rate': 0.05, 'model__max_depth': 3, 'model__max_leaf_nodes': 15, 'model__min_samples_leaf': 20}",0.6666666666666666,0.6509334415584416,0.671875,0.6503973222034287,0.2197845141872341,,market_only,test,2025
110,2026-02-07 14:30:00,hist_gradient_boosting,774,18,4,18,log_loss,792,5,5,5,4,4,benchmark_away_not_lose_prob,"{'model__learning_rate': 0.05, 'model__max_depth': 3, 'model__max_leaf_nodes': 15, 'model__min_samples_leaf': 20}",0.6527777777777778,0.6366627183203271,0.6520887526322309,0.6493166322774516,0.22074756108228732,,market_only,test,2025
111,2026-02-07 17:30:00,hist_gradient_boosting,779,18,4,18,log_loss,797,1,5,5,4,4,benchmark_away_not_lose_prob,"{'model__learning_rate': 0.05, 'model__max_depth': 3, 'model__max_leaf_nodes': 15, 'model__min_samples_leaf': 20}",0.611111111111111,0.5767525943125787,0.6072952897858298,0.6765036187145143,0.23315267158302183,,market_only,test,2025
112,2026-02-08 14:30:00,hist_gradient_boosting,780,18,4,18,log_loss,798,1,5,5,4,4,benchmark_away_not_lose_prob,"{'model__learning_rate': 0.05, 'model__max_depth': 3, 'model__max_leaf_nodes': 15, 'model__min_samples_leaf': 20}",0.638888888888889,0.610496794871795,0.6320512820512821,0.6518534696528419,0.22325116007602047,,market_only,test,2025
113,2026-02-08 16:30:00,hist_gradient_boosting,781,18,4,18,log_loss,799,1,5,5,4,4,benchmark_away_not_lose_prob,"{'model__learning_rate': 0.05, 'model__max_depth': 3, 'model__max_leaf_nodes': 15, 'model__min_samples_leaf': 20}",0.6527777777777778,0.6209134615384616,0.6443198005698005,0.6393757471331482,0.21789163286325797,,market_only,test,2025
114,2026-02-13 19:30:00,hist_gradient_boosting,782,18,4,18,log_loss,800,1,5,5,4,4,benchmark_away_not_lose_prob,"{'model__learning_rate': 0.05, 'model__max_depth': 3, 'model__max_leaf_nodes': 15, 'model__min_samples_leaf': 20}",0.625,0.591990597408554,0.6219151728267654,0.6346379627318371,0.21627199977065395,,market_only,test,2025
115,2026-02-14 14:30:00,hist_gradient_boosting,783,18,4,18,log_loss,801,5,5,5,4,4,benchmark_away_not_lose_prob,"{'model__learning_rate': 0.05, 'model__max_depth': 3, 'model__max_leaf_nodes': 15, 'model__min_samples_leaf': 20}",0.5833333333333334,0.5506249283339066,0.5794315126960465,0.632163034032589,0.215516878116789,,market_only,test,2025
116,2026-02-14 17:30:00,hist_gradient_boosting,788,18,4,18,log_loss,806,1,5,5,4,4,benchmark_away_not_lose_prob,"{'model__learning_rate': 0.05, 'model__max_depth': 3, 'model__max_leaf_nodes': 15, 'model__min_samples_leaf': 20}",0.6527777777777778,0.628510101010101,0.6651515151515152,0.6062723589947029,0.2053113209564164,,market_only,test,2025
117,2026-02-15 14:30:00,hist_gradient_boosting,789,18,4,18,log_loss,807,1,5,5,4,4,benchmark_away_not_lose_prob,"{'model__learning_rate': 0.05, 'model__max_depth': 3, 'model__max_leaf_nodes': 15, 'model__min_samples_leaf': 20}",0.6527777777777778,0.6279081058260625,0.6657535103355537,0.5913139673166989,0.19945020787855094,,market_only,test,2025
118,2026-02-15 16:30:00,hist_gradient_boosting,790,18,4,18,log_loss,808,1,5,5,4,4,benchmark_away_not_lose_prob,"{'model__learning_rate': 0.05, 'model__max_depth': 3, 'model__max_leaf_nodes': 15, 'model__min_samples_leaf': 20}",0.6805555555555556,0.6709549439825218,0.6895348220993497,0.592784236347565,0.20048586813306346,,market_only,test,2025
119,2026-02-20 19:30:00,hist_gradient_boosting,791,18,4,18,log_loss,809,1,5,5,4,4,benchmark_away_not_lose_prob,"{'model__learning_rate': 0.05, 'model__max_depth': 3, 'model__max_leaf_nodes': 15, 'model__min_samples_leaf': 20}",0.6805555555555556,0.6659102217442001,0.683889103887169,0.5809012132890419,0.1965497701186122,,market_only,test,2025
120,2026-02-21 14:30:00,hist_gradient_boosting,792,18,4,18,log_loss,810,4,5,5,4,4,benchmark_away_not_lose_prob,"{'model__learning_rate': 0.05, 'model__max_depth': 3, 'model__max_leaf_nodes': 15, 'model__min_samples_leaf': 20}",0.6805555555555555,0.6633988294314381,0.6809081970766754,0.5801510036522615,0.19715301640425256,,market_only,test,2025
121,2026-02-21 17:30:00,hist_gradient_boosting,796,18,4,18,log_loss,814,1,5,5,4,4,benchmark_away_not_lose_prob,"{'model__learning_rate': 0.05, 'model__max_depth': 3, 'model__max_leaf_nodes': 15, 'model__min_samples_leaf': 20}",0.6666666666666666,0.6480867693967539,0.6644069174719328,0.595410299221939,0.20398327775137604,,market_only,test,2025
122,2026-02-22 14:30:00,hist_gradient_boosting,797,18,4,18,log_loss,815,1,5,5,4,4,benchmark_away_not_lose_prob,"{'model__learning_rate': 0.1, 'model__max_depth': 3, 'model__max_leaf_nodes': 15, 'model__min_samples_leaf': 20}",0.6527777777777778,0.6188127078316706,0.6486609588604771,0.5950137535812356,0.20613983447667122,,market_only,test,2025
123,2026-02-22 16:30:00,hist_gradient_boosting,798,18,4,18,log_loss,816,1,5,5,4,4,benchmark_away_not_lose_prob,"{'model__learning_rate': 0.05, 'model__max_depth': 3, 'model__max_leaf_nodes': 15, 'model__min_samples_leaf': 20}",0.6666666666666666,0.6339455683205684,0.6598290598290598,0.5981440289477793,0.20567599304185427,,market_only,test,2025
124,2026-02-22 18:30:00,hist_gradient_boosting,799,18,4,18,log_loss,817,1,5,5,4,4,benchmark_away_not_lose_prob,"{'model__learning_rate': 0.05, 'model__max_depth': 3, 'model__max_leaf_nodes': 15, 'model__min_samples_leaf': 20}",0.6527777777777778,0.6155622909698997,0.6468715161649945,0.6073830032253309,0.20841604592529236,,market_only,test,2025
125,2026-02-27 19:30:00,hist_gradient_boosting,800,18,4,18,log_loss,818,1,5,5,4,4,benchmark_away_not_lose_prob,"{'model__learning_rate': 0.05, 'model__max_depth': 3, 'model__max_leaf_nodes': 15, 'model__min_samples_leaf': 20}",0.6527777777777778,0.6173775943125788,0.6494578858183949,0.6182324724367841,0.21252477850196616,,market_only,test,2025
126,2026-02-28 14:30:00,hist_gradient_boosting,801,18,4,18,log_loss,819,4,5,5,4,4,benchmark_away_not_lose_prob,"{'model__learning_rate': 0.05, 'model__max_depth': 3, 'model__max_leaf_nodes': 15, 'model__min_samples_leaf': 20}",0.6388888888888888,0.6018514795604578,0.634987068251602,0.6174975726190757,0.21147087793467018,,market_only,test,2025
127,2026-02-28 17:30:00,hist_gradient_boosting,805,18,4,18,log_loss,823,1,5,5,4,4,benchmark_away_not_lose_prob,"{'model__learning_rate': 0.05, 'model__max_depth': 3, 'model__max_leaf_nodes': 15, 'model__min_samples_leaf': 20}",0.5972222222222223,0.5840277777777778,0.5944444444444446,0.6587967945674232,0.22881747820192908,,market_only,test,2025
128,2026-03-01 14:30:00,hist_gradient_boosting,806,18,4,18,log_loss,824,1,5,5,4,4,benchmark_away_not_lose_prob,"{'model__learning_rate': 0.05, 'model__max_depth': 3, 'model__max_leaf_nodes': 15, 'model__min_samples_leaf': 20}",0.6388888888888888,0.6305555555555555,0.6375,0.6526123010627842,0.22408115706058773,,market_only,test,2025
129,2026-03-01 16:30:00,hist_gradient_boosting,807,18,4,18,log_loss,825,1,5,5,4,4,benchmark_away_not_lose_prob,"{'model__learning_rate': 0.05, 'model__max_depth': 3, 'model__max_leaf_nodes': 15, 'model__min_samples_leaf': 20}",0.6527777777777778,0.642453560371517,0.6506019951840386,0.624146983437806,0.21225920102407775,,market_only,test,2025
130,2026-03-01 18:30:00,hist_gradient_boosting,808,18,4,18,log_loss,826,1,5,5,4,4,benchmark_away_not_lose_prob,"{'model__learning_rate': 0.05, 'model__max_depth': 3, 'model__max_leaf_nodes': 15, 'model__min_samples_leaf': 20}",0.6805555555555556,0.6763061145510837,0.6786280959752323,0.6322504006820981,0.21642482705350743,,market_only,test,2025
131,2026-03-04 19:30:00,hist_gradient_boosting,809,18,4,18,log_loss,827,1,5,5,4,4,benchmark_away_not_lose_prob,"{'model__learning_rate': 0.05, 'model__max_depth': 3, 'model__max_leaf_nodes': 15, 'model__min_samples_leaf': 20}",0.6527777777777777,0.6471602217442001,0.65125021499828,0.6449160257834898,0.22195772523035234,,market_only,test,2025
132,2026-03-06 19:30:00,hist_gradient_boosting,810,18,4,18,log_loss,828,1,5,5,4,4,benchmark_away_not_lose_prob,"{'model__learning_rate': 0.05, 'model__max_depth': 3, 'model__max_leaf_nodes': 15, 'model__min_samples_leaf': 20}",0.6944444444444444,0.6854166666666667,0.6931712962962963,0.6171080117935971,0.20989793321745703,,market_only,test,2025
133,2026-03-07 14:30:00,hist_gradient_boosting,811,18,4,18,log_loss,829,5,5,5,4,4,benchmark_away_not_lose_prob,"{'model__learning_rate': 0.05, 'model__max_depth': 3, 'model__max_leaf_nodes': 15, 'model__min_samples_leaf': 20}",0.6388888888888888,0.6220072239422084,0.6316964797614952,0.6249215600873137,0.21396038824132244,,market_only,test,2025
134,2026-03-07 17:30:00,hist_gradient_boosting,816,18,4,18,log_loss,834,1,5,5,4,4,benchmark_away_not_lose_prob,"{'model__learning_rate': 0.05, 'model__max_depth': 3, 'model__max_leaf_nodes': 15, 'model__min_samples_leaf': 20}",0.6527777777777778,0.6180725524475524,0.6452787952787953,0.6332549145927433,0.2190006356997995,,market_only,test,2025
135,2026-03-08 14:30:00,hist_gradient_boosting,817,18,4,18,log_loss,835,1,5,5,4,4,benchmark_away_not_lose_prob,"{'model__learning_rate': 0.05, 'model__max_depth': 3, 'model__max_leaf_nodes': 15, 'model__min_samples_leaf': 20}",0.6805555555555556,0.6436872909698997,0.675690960609439,0.6255448129809551,0.21417158233818412,,market_only,test,2025
136,2026-03-08 16:30:00,hist_gradient_boosting,818,18,4,18,log_loss,836,1,5,5,4,4,benchmark_away_not_lose_prob,"{'model__learning_rate': 0.05, 'model__max_depth': 3, 'model__max_leaf_nodes': 15, 'model__min_samples_leaf': 20}",0.6944444444444444,0.658912037037037,0.6921167695473252,0.6315248637134774,0.2154846081774962,,market_only,test,2025
137,2026-03-13 19:30:00,hist_gradient_boosting,819,18,4,18,log_loss,837,1,5,5,4,4,benchmark_away_not_lose_prob,"{'model__learning_rate': 0.05, 'model__max_depth': 3, 'model__max_leaf_nodes': 15, 'model__min_samples_leaf': 20}",0.6944444444444444,0.6559640336730119,0.6912641245286584,0.6112177361752957,0.20622325458801247,,market_only,test,2025
138,2026-03-14 14:30:00,hist_gradient_boosting,820,18,4,18,log_loss,838,4,5,5,4,4,benchmark_away_not_lose_prob,"{'model__learning_rate': 0.05, 'model__max_depth': 3, 'model__max_leaf_nodes': 15, 'model__min_samples_leaf': 20}",0.6805555555555556,0.6522063076242643,0.673850223850224,0.6231871677247712,0.2124031922986481,,market_only,test,2025
139,2026-03-14 17:30:00,hist_gradient_boosting,824,18,4,18,log_loss,842,1,5,5,4,4,benchmark_away_not_lose_prob,"{'model__learning_rate': 0.05, 'model__max_depth': 3, 'model__max_leaf_nodes': 15, 'model__min_samples_leaf': 20}",0.7222222222222222,0.7124458874458874,0.7208333333333332,0.6198111011943808,0.20721019913751787,,market_only,test,2025
140,2026-03-15 14:30:00,hist_gradient_boosting,825,18,4,18,log_loss,843,1,5,5,4,4,benchmark_away_not_lose_prob,"{'model__learning_rate': 0.05, 'model__max_depth': 3, 'model__max_leaf_nodes': 15, 'model__min_samples_leaf': 20}",0.7083333333333334,0.6948262785135177,0.7077573105167667,0.6175072965506339,0.20829452423713246,,market_only,test,2025
141,2026-03-15 16:30:00,hist_gradient_boosting,826,18,4,18,log_loss,844,1,5,5,4,4,benchmark_away_not_lose_prob,"{'model__learning_rate': 0.05, 'model__max_depth': 3, 'model__max_leaf_nodes': 15, 'model__min_samples_leaf': 20}",0.7083333333333334,0.6981811145510836,0.7097623552344915,0.6308563183484925,0.21516884338721143,,market_only,test,2025
142,2026-03-15 18:30:00,hist_gradient_boosting,827,18,4,18,log_loss,845,1,5,5,4,4,benchmark_away_not_lose_prob,"{'model__learning_rate': 0.05, 'model__max_depth': 3, 'model__max_leaf_nodes': 15, 'model__min_samples_leaf': 20}",0.6666666666666666,0.6562843856237988,0.6696646055594095,0.6456121751553209,0.2216557592001293,,market_only,test,2025
143,2026-03-20 19:30:00,hist_gradient_boosting,828,18,4,18,log_loss,846,1,5,5,4,4,benchmark_away_not_lose_prob,"{'model__learning_rate': 0.05, 'model__max_depth': 3, 'model__max_leaf_nodes': 15, 'model__min_samples_leaf': 20}",0.6944444444444444,0.682129329004329,0.6953357984607984,0.6030284228976197,0.20516893262849517,,market_only,test,2025
144,2026-03-21 14:30:00,hist_gradient_boosting,829,18,4,18,log_loss,847,4,5,5,4,4,benchmark_away_not_lose_prob,"{'model__learning_rate': 0.05, 'model__max_depth': 3, 'model__max_leaf_nodes': 15, 'model__min_samples_leaf': 20}",0.6666666666666666,0.6593448862798708,0.6662683893334047,0.6167530713133671,0.21126116482420698,,market_only,test,2025
145,2026-03-21 17:30:00,hist_gradient_boosting,833,18,4,18,log_loss,851,1,5,5,4,4,benchmark_away_not_lose_prob,"{'model__learning_rate': 0.05, 'model__max_depth': 3, 'model__max_leaf_nodes': 15, 'model__min_samples_leaf': 20}",0.6388888888888888,0.6354166666666667,0.640625,0.632912746986915,0.22101693324438104,,market_only,test,2025
146,2026-03-22 14:30:00,hist_gradient_boosting,834,18,4,18,log_loss,852,1,5,5,4,4,benchmark_away_not_lose_prob,"{'model__learning_rate': 0.05, 'model__max_depth': 3, 'model__max_leaf_nodes': 15, 'model__min_samples_leaf': 20}",0.6388888888888888,0.6311470940050662,0.6393885039395876,0.6203962758967247,0.21563420324586685,,market_only,test,2025
147,2026-03-22 16:30:00,hist_gradient_boosting,835,18,4,18,log_loss,853,1,5,5,4,4,benchmark_away_not_lose_prob,"{'model__learning_rate': 0.05, 'model__max_depth': 3, 'model__max_leaf_nodes': 15, 'model__min_samples_leaf': 20}",0.6666666666666666,0.6567618325274134,0.6674786878460826,0.6295176436038858,0.217741703959834,,market_only,test,2025
148,2026-03-22 18:30:00,hist_gradient_boosting,836,18,4,18,log_loss,854,1,5,5,4,4,benchmark_away_not_lose_prob,"{'model__learning_rate': 0.05, 'model__max_depth': 3, 'model__max_leaf_nodes': 15, 'model__min_samples_leaf': 20}",0.6666666666666666,0.6631546697626419,0.6667788241027405,0.6319511955286955,0.2180527176325239,,market_only,test,2025
149,2026-04-04 13:30:00,hist_gradient_boosting,837,18,4,18,log_loss,855,6,5,5,4,4,benchmark_away_not_lose_prob,"{'model__learning_rate': 0.05, 'model__max_depth': 3, 'model__max_leaf_nodes': 15, 'model__min_samples_leaf': 20}",0.6805555555555556,0.6744825521915305,0.6809760586850371,0.6174653297804016,0.212076805773546,,market_only,test,2025
150,2026-04-04 16:30:00,hist_gradient_boosting,843,18,4,18,log_loss,861,1,5,5,4,4,benchmark_away_not_lose_prob,"{'model__learning_rate': 0.05, 'model__max_depth': 3, 'model__max_leaf_nodes': 15, 'model__min_samples_leaf': 20}",0.6527777777777779,0.6448262785135177,0.6549795327389889,0.6276008209351045,0.21565089341255478,,market_only,test,2025
151,2026-04-05 13:30:00,hist_gradient_boosting,844,18,4,18,log_loss,862,1,5,5,4,4,benchmark_away_not_lose_prob,"{'model__learning_rate': 0.05, 'model__max_depth': 3, 'model__max_leaf_nodes': 15, 'model__min_samples_leaf': 20}",0.6527777777777778,0.6399767801857585,0.6565975805526889,0.6343713298625482,0.22048076770297456,,market_only,test,2025
152,2026-04-05 15:30:00,hist_gradient_boosting,845,18,4,18,log_loss,863,1,5,5,4,4,benchmark_away_not_lose_prob,"{'model__learning_rate': 0.05, 'model__max_depth': 3, 'model__max_leaf_nodes': 15, 'model__min_samples_leaf': 20}",0.6388888888888888,0.6270636064030195,0.644051329946134,0.6356897149374562,0.22190722903397192,,market_only,test,2025
153,2026-04-10 18:30:00,hist_gradient_boosting,846,18,4,18,log_loss,864,1,5,5,4,4,benchmark_away_not_lose_prob,"{'model__learning_rate': 0.05, 'model__max_depth': 3, 'model__max_leaf_nodes': 15, 'model__min_samples_leaf': 20}",0.6527777777777778,0.644629329004329,0.6606135762385763,0.6135261351311314,0.21169190379686395,,market_only,test,2025
154,2026-04-11 13:30:00,hist_gradient_boosting,847,18,4,18,log_loss,865,4,5,5,4,4,benchmark_away_not_lose_prob,"{'model__learning_rate': 0.05, 'model__max_depth': 3, 'model__max_leaf_nodes': 15, 'model__min_samples_leaf': 20}",0.6388888888888888,0.6236531584357672,0.6464045616219529,0.6183435723181787,0.21351781549223442,,market_only,test,2025
155,2026-04-11 16:30:00,hist_gradient_boosting,851,18,4,18,log_loss,869,1,5,5,4,4,benchmark_away_not_lose_prob,"{'model__learning_rate': 0.05, 'model__max_depth': 3, 'model__max_leaf_nodes': 15, 'model__min_samples_leaf': 20}",0.625,0.6042045454545455,0.6292108585858586,0.6209765690840308,0.21683199687634724,,market_only,test,2025
156,2026-04-12 13:30:00,hist_gradient_boosting,852,18,4,18,log_loss,870,1,5,5,4,4,benchmark_away_not_lose_prob,"{'model__learning_rate': 0.05, 'model__max_depth': 3, 'model__max_leaf_nodes': 15, 'model__min_samples_leaf': 20}",0.6527777777777778,0.6337039121868844,0.6585804231315067,0.6031439850719056,0.209859358781128,,market_only,test,2025
157,2026-04-12 15:30:00,hist_gradient_boosting,853,18,4,18,log_loss,871,1,5,5,4,4,benchmark_away_not_lose_prob,"{'model__learning_rate': 0.05, 'model__max_depth': 3, 'model__max_leaf_nodes': 15, 'model__min_samples_leaf': 20}",0.6666666666666666,0.6372906786812595,0.6726068929742877,0.6134893792081878,0.2132749210339163,,market_only,test,2025
158,2026-04-12 17:30:00,hist_gradient_boosting,854,18,4,18,log_loss,872,1,5,5,4,4,benchmark_away_not_lose_prob,"{'model__learning_rate': 0.05, 'model__max_depth': 3, 'model__max_leaf_nodes': 15, 'model__min_samples_leaf': 20}",0.6666666666666666,0.6527380030959753,0.6702510463249628,0.6153566952396428,0.21281776706565408,,market_only,test,2025
159,2026-04-17 18:30:00,hist_gradient_boosting,855,18,4,18,log_loss,873,1,5,5,4,4,benchmark_away_not_lose_prob,"{'model__learning_rate': 0.05, 'model__max_depth': 3, 'model__max_leaf_nodes': 15, 'model__min_samples_leaf': 20}",0.6944444444444443,0.6843434343434344,0.6994949494949496,0.5953968931737476,0.20488205021174444,,market_only,test,2025
160,2026-04-18 13:30:00,hist_gradient_boosting,856,18,4,18,log_loss,874,4,5,5,4,4,benchmark_away_not_lose_prob,"{'model__learning_rate': 0.05, 'model__max_depth': 3, 'model__max_leaf_nodes': 15, 'model__min_samples_leaf': 20}",0.6666666666666666,0.6482586144505649,0.6733631911031293,0.6132098369696501,0.21319069447825884,,market_only,test,2025
161,2026-04-18 16:30:00,hist_gradient_boosting,860,18,4,18,log_loss,878,1,5,5,4,4,benchmark_away_not_lose_prob,"{'model__learning_rate': 0.1, 'model__max_depth': 3, 'model__max_leaf_nodes': 15, 'model__min_samples_leaf': 20}",0.6527777777777778,0.6405311127640849,0.6547127622979017,0.6468834369781766,0.2221461724203285,,market_only,test,2025
162,2026-04-19 13:30:00,hist_gradient_boosting,861,18,4,18,log_loss,879,1,5,5,4,4,benchmark_away_not_lose_prob,"{'model__learning_rate': 0.05, 'model__max_depth': 3, 'model__max_leaf_nodes': 15, 'model__min_samples_leaf': 20}",0.6527777777777778,0.6423494983277591,0.6562523225566704,0.6334488220767375,0.2196970798883573,,market_only,test,2025
163,2026-04-19 15:30:00,hist_gradient_boosting,862,18,4,18,log_loss,880,1,5,5,4,4,benchmark_away_not_lose_prob,"{'model__learning_rate': 0.05, 'model__max_depth': 3, 'model__max_leaf_nodes': 15, 'model__min_samples_leaf': 20}",0.6527777777777778,0.6399767801857585,0.6559955853686503,0.6383390132187526,0.22342873280139966,,market_only,test,2025
164,2026-04-19 17:30:00,hist_gradient_boosting,863,18,4,18,log_loss,881,1,5,5,4,4,benchmark_away_not_lose_prob,"{'model__learning_rate': 0.05, 'model__max_depth': 3, 'model__max_leaf_nodes': 15, 'model__min_samples_leaf': 20}",0.6388888888888888,0.6270636064030195,0.6434493347620955,0.6196950450348268,0.21557368915371677,,market_only,test,2025
