batch_id,date,season_id,game_id,home_win,target,target_col,y_pred,model,n_selected_features,home_team,away_team,round,week,matchday,benchmark_home_prob,benchmark_draw_prob,benchmark_away_prob,benchmark_home_not_lose_prob,benchmark_away_not_lose_prob,benchmark_home_odds,benchmark_draw_odds,benchmark_away_odds,benchmark_home_not_lose_fair_odds,benchmark_away_not_lose_fair_odds,benchmark_overround,benchmark_stage,benchmark_odds_source,prob_class_0,prob_class_1,p_home_win_model,p_away_not_lose_model,feature_set,evaluation_split,evaluation_season,away_not_lose,home_win_edge,away_not_lose_edge
1,2024-08-23 18:30:00,2024,27742,0,0,home_win,0,logistic_regression,4,Borussia M.Gladbach,Bayer Leverkusen,Bundesliga,1,1,0.1878814367032284,0.2144207427846261,0.5976978205121454,0.4023021794878546,0.8121185632967716,5.09,4.46,1.6,2.4856937172774867,1.2313472997594457,1.04567890086074,closing,market_average_close,0.7911038309141927,0.20889616908580727,0.20889616908580727,0.7911038309141927,market_only,development,2024,1,0.021014732382578866,-0.021014732382578893
2,2024-08-24 13:30:00,2024,27743,1,1,home_win,1,logistic_regression,4,RasenBallsport Leipzig,Bochum,Bundesliga,1,1,0.7841739888657858,0.1357010306973416,0.0801249804368725,0.9198750195631274,0.2158260111342142,1.22,7.05,11.94,1.0871042029980615,4.633361821148318,1.0452681965810915,closing,market_average_close,0.19166396656053952,0.8083360334394605,0.8083360334394605,0.19166396656053952,market_only,development,2024,0,0.024162044573674657,-0.024162044573674685
2,2024-08-24 13:30:00,2024,27744,1,1,home_win,1,logistic_regression,4,Hoffenheim,Holstein Kiel,Bundesliga,1,1,0.5918991272688333,0.2112062965144295,0.1968945762167371,0.8031054237832629,0.4081008727311667,1.62,4.54,4.87,1.2451665377743406,2.450374568688419,1.0428870768328082,closing,market_average_close,0.4375259597092567,0.5624740402907433,0.5624740402907433,0.4375259597092567,market_only,development,2024,0,-0.029425086978089987,0.029425086978089987
2,2024-08-24 13:30:00,2024,27745,1,1,home_win,0,logistic_regression,4,Freiburg,VfB Stuttgart,Bundesliga,1,1,0.2646613059403023,0.251462973098135,0.4838757209615628,0.5161242790384373,0.7353386940596978,3.62,3.81,1.98,1.937517843305192,1.3599175564652333,1.0437607905742068,closing,market_average_close,0.7362513307640542,0.26374866923594575,0.26374866923594575,0.7362513307640542,market_only,development,2024,0,-0.0009126367043565398,0.0009126367043564843
2,2024-08-24 13:30:00,2024,27746,0,0,home_win,0,logistic_regression,4,Augsburg,Werder Bremen,Bundesliga,1,1,0.3895210001404691,0.2706840848433768,0.3397949150161539,0.6602050849838459,0.6104789998595308,2.46,3.54,2.82,1.51468085106383,1.6380579843534284,1.0435998698248794,closing,market_average_close,0.6316190366539787,0.3683809633460214,0.3683809633460214,0.6316190366539787,market_only,development,2024,1,-0.021140036794447703,0.02114003679444787
2,2024-08-24 13:30:00,2024,27747,0,0,home_win,0,logistic_regression,4,Mainz 05,Union Berlin,Bundesliga,1,1,0.4608033924888902,0.28696738214877,0.2522292253623399,0.7477707746376602,0.5391966075111099,2.08,3.34,3.8,1.337308215187415,1.8546110751993103,1.0433283231108632,closing,market_average_close,0.568029669111402,0.43197033088859804,0.43197033088859804,0.568029669111402,market_only,development,2024,1,-0.028833061600292142,0.028833061600292087
3,2024-08-24 16:30:00,2024,27748,1,1,home_win,0,logistic_regression,4,Borussia Dortmund,Eintracht Frankfurt,,,,,,,,,,,,,,,,,0.5884165220769093,0.41158347792309075,0.41158347792309075,0.5884165220769093,market_only,development,2024,0,,
4,2024-08-25 13:30:00,2024,27749,0,0,home_win,0,logistic_regression,4,Wolfsburg,Bayern Munich,Bundesliga,1,1,0.1508218112142604,0.2054018670926545,0.6437763216930851,0.356223678306915,0.8491781887857396,6.36,4.67,1.49,2.8072249569508414,1.1776091440006533,1.042506406312465,closing,market_average_close,0.8332397030166256,0.16676029698337433,0.16676029698337433,0.8332397030166256,market_only,development,2024,1,0.01593848576911394,-0.01593848576911394
5,2024-08-25 15:30:00,2024,27750,0,0,home_win,0,logistic_regression,4,St. Pauli,FC Heidenheim,Bundesliga,1,1,0.4770727519851206,0.2718363259174476,0.2510909220974319,0.7489090779025682,0.5229272480148796,2.0,3.51,3.8,1.3352755755086445,1.912311901504788,1.0480581796371269,closing,market_average_close,0.5247039612419768,0.47529603875802323,0.47529603875802323,0.5247039612419768,market_only,development,2024,1,-0.0017767132270973818,0.0017767132270972708
6,2024-08-30 18:30:00,2024,27751,1,1,home_win,0,logistic_regression,4,Union Berlin,St. Pauli,Bundesliga,2,2,0.4874858478067111,0.27998458314263,0.2325295690506588,0.7674704309493412,0.5125141521932889,1.97,3.43,4.13,1.3029817953546767,1.9511656326377136,1.0412901533076695,closing,market_average_close,0.5497413113101159,0.45025868868988406,0.45025868868988406,0.5497413113101159,market_only,development,2024,0,-0.03722715911682706,0.03722715911682706
7,2024-08-31 13:30:00,2024,27752,0,0,home_win,0,logistic_regression,4,Bochum,Borussia M.Gladbach,Bundesliga,2,2,0.3350208457415128,0.2555092316855271,0.40946992257296,0.5905300774270399,0.6649791542584871,2.86,3.75,2.34,1.6933938477054968,1.5038065382892971,1.0436674436674438,closing,market_average_close,0.6821631597833581,0.31783684021664194,0.31783684021664194,0.6821631597833581,market_only,development,2024,1,-0.01718400552487087,0.017184005524870982
7,2024-08-31 13:30:00,2024,27753,0,0,home_win,0,logistic_regression,4,Werder Bremen,Borussia Dortmund,,,,,,,,,,,,,,,,,0.5866290980945656,0.4133709019054344,0.4133709019054344,0.5866290980945656,market_only,development,2024,1,,
7,2024-08-31 13:30:00,2024,27754,0,0,home_win,0,logistic_regression,4,Holstein Kiel,Wolfsburg,Bundesliga,2,2,0.3229863076570029,0.2635355312476095,0.4134781610953875,0.5865218389046125,0.677013692342997,2.97,3.64,2.32,1.7049663519223748,1.4770750005649331,1.042460094184232,closing,market_average_close,0.6958119782221535,0.3041880217778466,0.3041880217778466,0.6958119782221535,market_only,development,2024,1,-0.01879828587915633,0.01879828587915644
7,2024-08-31 13:30:00,2024,27755,0,0,home_win,1,logistic_regression,4,VfB Stuttgart,Mainz 05,Bundesliga,2,2,0.577783473275425,0.2256754272087542,0.1965410995158207,0.8034589004841792,0.422216526724575,1.66,4.25,4.88,1.2446187345704696,2.3684530014911784,1.042621788988161,closing,market_average_close,0.44528080511652357,0.5547191948834764,0.5547191948834764,0.44528080511652357,market_only,development,2024,1,-0.02306427839194858,0.02306427839194858
7,2024-08-31 13:30:00,2024,27756,1,1,home_win,1,logistic_regression,4,Eintracht Frankfurt,Hoffenheim,Bundesliga,2,2,0.5743768260085784,0.2180021135078013,0.2076210604836203,0.7923789395163797,0.4256231739914216,1.67,4.4,4.62,1.2620224366517612,2.349496129691836,1.0425253389325246,closing,market_average_close,0.44941376668670263,0.5505862333132974,0.5505862333132974,0.44941376668670263,market_only,development,2024,0,-0.023790592695281054,0.023790592695281054
8,2024-08-31 16:30:00,2024,27757,0,0,home_win,1,logistic_regression,4,Bayer Leverkusen,RasenBallsport Leipzig,Bundesliga,2,2,0.5736702369065989,0.2207440773350276,0.2055856857583734,0.7944143142416266,0.4263297630934011,1.67,4.34,4.66,1.2587889997357766,2.345602129075183,1.0438094164314713,closing,market_average_close,0.44858171011724035,0.5514182898827596,0.5514182898827596,0.44858171011724035,market_only,development,2024,1,-0.022251947023839258,0.022251947023839258
9,2024-09-01 13:30:00,2024,27758,1,1,home_win,0,logistic_regression,4,FC Heidenheim,Augsburg,Bundesliga,2,2,0.3958556348207937,0.2760722294715622,0.3280721357076441,0.6719278642923558,0.6041443651792062,2.42,3.47,2.92,1.4882549945345025,1.6552335131080331,1.043873331960871,closing,market_average_close,0.6346005290655883,0.36539947093441166,0.36539947093441166,0.6346005290655883,market_only,development,2024,0,-0.03045616388638206,0.03045616388638206
10,2024-09-01 15:30:00,2024,27759,1,1,home_win,1,logistic_regression,4,Bayern Munich,Freiburg,Bundesliga,2,2,0.8013796845328063,0.1226601557958377,0.075960159671356,0.924039840328644,0.1986203154671937,1.2,7.84,12.66,1.082204420584658,5.034731707317073,1.03987329528968,closing,market_average_close,0.1660650384940272,0.8339349615059728,0.8339349615059728,0.1660650384940272,market_only,development,2024,0,0.032555276973166514,-0.032555276973166486
11,2024-09-13 18:30:00,2024,27760,1,1,home_win,0,logistic_regression,4,Borussia Dortmund,FC Heidenheim,,,,,,,,,,,,,,,,,0.5901958968328234,0.40980410316717664,0.40980410316717664,0.5901958968328234,market_only,development,2024,0,,
12,2024-09-14 13:30:00,2024,27761,0,0,home_win,0,logistic_regression,4,Hoffenheim,Bayer Leverkusen,Bundesliga,3,3,0.1435543470682562,0.1831555462594993,0.6732901066722442,0.3267098933277556,0.8564456529317436,6.66,5.22,1.42,3.0608194622279137,1.167616411592315,1.04594638348888,closing,market_average_close,0.8396512494738939,0.16034875052610612,0.16034875052610612,0.8396512494738939,market_only,development,2024,1,0.01679440345784991,-0.01679440345784966
12,2024-09-14 13:30:00,2024,27762,1,1,home_win,1,logistic_regression,4,Freiburg,Bochum,Bundesliga,3,3,0.6055275619232637,0.2230148130160272,0.1714576250607091,0.828542374939291,0.3944724380767363,1.58,4.29,5.58,1.2069388727079555,2.535031357008195,1.0452230950393464,closing,market_average_close,0.4089860345278118,0.5910139654721882,0.5910139654721882,0.4089860345278118,market_only,development,2024,0,-0.014513596451075528,0.014513596451075472
12,2024-09-14 13:30:00,2024,27763,0,0,home_win,1,logistic_regression,4,RasenBallsport Leipzig,Union Berlin,Bundesliga,3,3,0.6557505106320708,0.2007118963360217,0.1435375930319075,0.8564624069680925,0.3442494893679293,1.46,4.77,6.67,1.1675935707908485,2.9048699588083142,1.0445001502005953,closing,market_average_close,0.350711750386579,0.649288249613421,0.649288249613421,0.350711750386579,market_only,development,2024,1,-0.006462261018649773,0.006462261018649662
12,2024-09-14 13:30:00,2024,27764,0,0,home_win,0,logistic_regression,4,Wolfsburg,Eintracht Frankfurt,Bundesliga,3,3,0.3480404725745054,0.2766217628843612,0.3753377645411333,0.6246622354588667,0.6519595274254946,2.75,3.46,2.55,1.6008651447696631,1.533837543488126,1.044810567421924,closing,market_average_close,0.6688466745792421,0.331153325420758,0.331153325420758,0.6688466745792421,market_only,development,2024,1,-0.016887147153747395,0.016887147153747506
12,2024-09-14 13:30:00,2024,27765,0,0,home_win,0,logistic_regression,4,Borussia M.Gladbach,VfB Stuttgart,Bundesliga,3,3,0.357618320610687,0.2495877862595419,0.392793893129771,0.607206106870229,0.6423816793893129,2.68,3.84,2.44,1.6468872573669917,1.556706911303356,1.0433870605986462,closing,market_average_close,0.6641321832224512,0.33586781677754884,0.33586781677754884,0.6641321832224512,market_only,development,2024,1,-0.021750503833138146,0.021750503833138257
13,2024-09-14 16:30:00,2024,27766,0,0,home_win,0,logistic_regression,4,Holstein Kiel,Bayern Munich,Bundesliga,3,3,0.0765175947734762,0.1257864797130339,0.79769592551349,0.2023040744865101,0.923482405226524,12.51,7.61,1.2,4.943054174950297,1.0828576639256131,1.0446754291704612,closing,market_average_close,0.9199394880500007,0.08006051194999933,0.08006051194999933,0.9199394880500007,market_only,development,2024,1,0.003542917176523136,-0.0035429171765233303
14,2024-09-15 13:30:00,2024,27767,1,1,home_win,0,logistic_regression,4,Augsburg,St. Pauli,Bundesliga,3,3,0.463096207064952,0.285300341852515,0.2516034510825329,0.7483965489174671,0.536903792935048,2.07,3.36,3.81,1.336190020446339,1.862531077557456,1.043178026659711,closing,market_average_close,0.5688165819522303,0.4311834180477697,0.4311834180477697,0.5688165819522303,market_only,development,2024,0,-0.03191278901718231,0.03191278901718231
15,2024-09-15 15:30:00,2024,27768,0,0,home_win,0,logistic_regression,4,Mainz 05,Werder Bremen,Bundesliga,3,3,0.4421385689393346,0.2680001940218871,0.2898612370387782,0.7101387629612217,0.5578614310606653,2.17,3.58,3.31,1.4081754892946277,1.7925598442944763,1.0422739056514827,closing,market_average_close,0.587885444522221,0.412114555477779,0.412114555477779,0.587885444522221,market_only,development,2024,1,-0.030024013461555643,0.0300240134615557
16,2024-09-20 18:30:00,2024,27769,0,0,home_win,0,logistic_regression,4,Augsburg,Mainz 05,Bundesliga,4,4,0.4047737905894099,0.273308798774046,0.3219174106365441,0.6780825893634559,0.5952262094105902,2.37,3.51,2.98,1.4747466100534177,1.6800335472294277,1.042411682968985,closing,market_average_close,0.6236034365202043,0.3763965634797957,0.3763965634797957,0.6236034365202043,market_only,development,2024,1,-0.028377227109614156,0.0283772271096141
17,2024-09-21 13:30:00,2024,27770,1,1,home_win,0,logistic_regression,4,Union Berlin,Hoffenheim,Bundesliga,4,4,0.5234236245232294,0.2468724827003892,0.2297038927763813,0.7702961072236186,0.4765763754767705,1.83,3.88,4.17,1.2982020688178004,2.0982995621627123,1.0439881996717988,closing,market_average_close,0.508274249002598,0.49172575099740207,0.49172575099740207,0.508274249002598,market_only,development,2024,0,-0.03169787352582737,0.03169787352582748
17,2024-09-21 13:30:00,2024,27771,0,0,home_win,0,logistic_regression,4,Bochum,Holstein Kiel,Bundesliga,4,4,0.5237560177068299,0.2463942191268634,0.2298497631663066,0.7701502368336933,0.4762439822931701,1.83,3.89,4.17,1.2984479549227752,2.099764064597486,1.043325649649272,closing,market_average_close,0.5093026296035521,0.4906973703964479,0.4906973703964479,0.5093026296035521,market_only,development,2024,1,-0.033058647310381994,0.033058647310381994
17,2024-09-21 13:30:00,2024,27772,0,0,home_win,0,logistic_regression,4,FC Heidenheim,Freiburg,Bundesliga,4,4,0.2972902167598784,0.2759331609581629,0.4267766222819587,0.5732233777180413,0.7027097832401217,3.23,3.48,2.25,1.7445206159960258,1.4230625840857147,1.0413982895033391,closing,market_average_close,0.7198639242676738,0.28013607573232624,0.28013607573232624,0.7198639242676738,market_only,development,2024,1,-0.01715414102755214,0.017154141027552083
17,2024-09-21 13:30:00,2024,27773,0,0,home_win,0,logistic_regression,4,Werder Bremen,Bayern Munich,Bundesliga,4,4,0.1054937920960805,0.1592956260650815,0.7352105818388379,0.2647894181611621,0.8945062079039194,9.06,6.0,1.3,3.77658596383696,1.1179352263449152,1.0462727118356256,closing,market_average_close,0.8881304197247709,0.11186958027522907,0.11186958027522907,0.8881304197247709,market_only,development,2024,1,0.006375788179148578,-0.006375788179148523
18,2024-09-21 16:30:00,2024,27774,1,1,home_win,1,logistic_regression,4,Eintracht Frankfurt,Borussia M.Gladbach,Bundesliga,4,4,0.5455128871177718,0.2269746291553849,0.2275124837268432,0.7724875162731567,0.4544871128822281,1.76,4.23,4.22,1.2945193015214933,2.200282409897795,1.0415552622117108,closing,market_average_close,0.4892152335549773,0.5107847664450227,0.5107847664450227,0.4892152335549773,market_only,development,2024,0,-0.03472812067274911,0.03472812067274922
19,2024-09-22 13:30:00,2024,27775,1,1,home_win,1,logistic_regression,4,Bayer Leverkusen,Wolfsburg,Bundesliga,4,4,0.7527745221110999,0.1524758601405258,0.0947496177483743,0.9052503822516256,0.2472254778889001,1.27,6.27,10.09,1.104666752542765,4.044890553106289,1.045999235727241,closing,market_average_close,0.22430025468462056,0.7756997453153794,0.7756997453153794,0.22430025468462056,market_only,development,2024,0,0.022925223204279588,-0.022925223204279532
20,2024-09-22 15:30:00,2024,27776,1,1,home_win,0,logistic_regression,4,VfB Stuttgart,Borussia Dortmund,,,,,,,,,,,,,,,,,0.5902989856459424,0.40970101435405754,0.40970101435405754,0.5902989856459424,market_only,development,2024,0,,
21,2024-09-22 17:30:00,2024,27777,0,0,home_win,0,logistic_regression,4,St. Pauli,RasenBallsport Leipzig,Bundesliga,4,4,0.1868526446623394,0.2333379367490678,0.5798094185885927,0.4201905814114072,0.8131473553376605,5.12,4.1,1.65,2.3798724774863604,1.229789402173913,1.0452755450849964,closing,market_average_close,0.8153631273021055,0.18463687269789456,0.18463687269789456,0.8153631273021055,market_only,development,2024,1,-0.002215771964444835,0.0022157719644450014
22,2024-09-27 18:30:00,2024,27778,1,1,home_win,0,logistic_regression,4,Borussia Dortmund,Bochum,,,,,,,,,,,,,,,,,0.5883907567725659,0.4116092432274341,0.4116092432274341,0.5883907567725659,market_only,development,2024,0,,
23,2024-09-28 13:30:00,2024,27779,0,0,home_win,1,logistic_regression,4,Freiburg,St. Pauli,Bundesliga,5,5,0.6069083872461316,0.2279536287024944,0.1651379840513737,0.8348620159486261,0.3930916127538683,1.57,4.18,5.77,1.1978027277522418,2.5439362417181446,1.0494873502232942,closing,market_average_close,0.3939534363383852,0.6060465636616148,0.6060465636616148,0.3939534363383852,market_only,development,2024,1,-0.0008618235845168076,0.0008618235845169187
23,2024-09-28 13:30:00,2024,27780,0,0,home_win,0,logistic_regression,4,Wolfsburg,VfB Stuttgart,Bundesliga,5,5,0.2753748061347578,0.254868171635361,0.4697570222298811,0.5302429777701189,0.7246251938652422,3.48,3.76,2.04,1.885927851803705,1.3800237812128415,1.0435098470789637,closing,market_average_close,0.7399519758039705,0.26004802419602946,0.26004802419602946,0.7399519758039705,market_only,development,2024,1,-0.015326781938728329,0.015326781938728384
23,2024-09-28 13:30:00,2024,27781,0,0,home_win,0,logistic_regression,4,Mainz 05,FC Heidenheim,Bundesliga,5,5,0.5183026800642825,0.2612697433566547,0.2204275765790627,0.7795724234209372,0.4816973199357175,1.85,3.67,4.35,1.2827544561052808,2.075992451304172,1.0429051620445025,closing,market_average_close,0.5063517939765709,0.493648206023429,0.493648206023429,0.5063517939765709,market_only,development,2024,1,-0.02465447404085347,0.024654474040853414
23,2024-09-28 13:30:00,2024,27782,1,1,home_win,0,logistic_regression,4,Borussia M.Gladbach,Union Berlin,Bundesliga,5,5,0.437353574756571,0.2784314909060728,0.2842149343373562,0.7157850656626438,0.5626464252434289,2.19,3.44,3.37,1.397067427041443,1.777315122134385,1.0440545840293252,closing,market_average_close,0.5878560719550678,0.41214392804493216,0.41214392804493216,0.5878560719550678,market_only,development,2024,0,-0.025209646711638833,0.025209646711638944
23,2024-09-28 13:30:00,2024,27783,1,1,home_win,1,logistic_regression,4,RasenBallsport Leipzig,Augsburg,Bundesliga,5,5,0.6378186450554961,0.2005719009608478,0.1616094539836561,0.838390546016344,0.362181354944504,1.5,4.77,5.92,1.1927615414457515,2.7610477081384466,1.0452291914556064,closing,market_average_close,0.36583232790402354,0.6341676720959765,0.6341676720959765,0.36583232790402354,market_only,development,2024,0,-0.0036509729595196605,0.0036509729595195495
24,2024-09-28 16:30:00,2024,27784,0,0,home_win,1,logistic_regression,4,Bayern Munich,Bayer Leverkusen,Bundesliga,5,5,0.5846177883890563,0.2135352278303011,0.2018469837806425,0.7981530162193575,0.4153822116109438,1.64,4.49,4.75,1.252892590366618,2.4074213388237777,1.0429995625709392,closing,market_average_close,0.4335272994747994,0.5664727005252006,0.5664727005252006,0.4335272994747994,market_only,development,2024,1,-0.018145087863855713,0.018145087863855602
25,2024-09-29 13:30:00,2024,27785,0,0,home_win,0,logistic_regression,4,Holstein Kiel,Eintracht Frankfurt,Bundesliga,5,5,0.262086549253814,0.2485069353028392,0.4894065154433467,0.5105934845566533,0.737913450746186,3.66,3.86,1.96,1.958505210594876,1.3551724785458097,1.0424954828614534,closing,market_average_close,0.7526831950938649,0.24731680490613503,0.24731680490613503,0.7526831950938649,market_only,development,2024,1,-0.014769744347678998,0.01476974434767897
26,2024-09-29 15:30:00,2024,27786,0,0,home_win,0,logistic_regression,4,Hoffenheim,Werder Bremen,Bundesliga,5,5,0.419438207815079,0.2563858213990295,0.3241759707858915,0.6758240292141086,0.5805617921849211,2.28,3.73,2.95,1.479675117741617,1.7224695346149803,1.045676056820836,closing,market_average_close,0.611041841143722,0.38895815885627805,0.38895815885627805,0.611041841143722,market_only,development,2024,1,-0.030480048958800965,0.030480048958800854
27,2024-10-04 18:30:00,2024,27790,1,1,home_win,0,logistic_regression,4,Augsburg,Borussia M.Gladbach,Bundesliga,6,6,0.3980787704130643,0.2592891450528337,0.3426320845341018,0.657367915465898,0.6019212295869356,2.41,3.7,2.8,1.5212181435585694,1.6613469518033834,1.042350886749227,closing,market_average_close,0.6346848056114709,0.3653151943885291,0.3653151943885291,0.6346848056114709,market_only,development,2024,0,-0.03276357602453517,0.03276357602453528
28,2024-10-05 13:30:00,2024,27789,0,0,home_win,0,logistic_regression,4,Werder Bremen,Freiburg,Bundesliga,6,6,0.3562291970401343,0.2737875828679889,0.3699832200918769,0.6300167799081233,0.6437708029598659,2.69,3.5,2.59,1.5872593110072912,1.5533478613852922,1.0435618837105824,closing,market_average_close,0.670950366401302,0.329049633598698,0.329049633598698,0.670950366401302,market_only,development,2024,1,-0.027179563441436294,0.027179563441436128
28,2024-10-05 13:30:00,2024,27791,1,1,home_win,0,logistic_regression,4,Union Berlin,Borussia Dortmund,,,,,,,,,,,,,,,,,0.5889928797319339,0.41100712026806613,0.41100712026806613,0.5889928797319339,market_only,development,2024,0,,
28,2024-10-05 13:30:00,2024,27792,0,0,home_win,0,logistic_regression,4,Bochum,Wolfsburg,Bundesliga,6,6,0.3137671350403233,0.2584965014966349,0.4277363634630416,0.5722636365369582,0.6862328649596766,3.04,3.69,2.23,1.7474463449250064,1.4572312855618776,1.0483805717216956,closing,market_average_close,0.7104039479808776,0.2895960520191224,0.2895960520191224,0.7104039479808776,market_only,development,2024,1,-0.024171083021200856,0.024171083021200968
28,2024-10-05 13:30:00,2024,27794,0,0,home_win,1,logistic_regression,4,Bayer Leverkusen,Holstein Kiel,Bundesliga,6,6,0.8844258347013995,0.0798033244887852,0.0357708408098154,0.9642291591901848,0.1155741652986006,1.09,12.08,26.95,1.037097862545308,8.652452712216194,1.0373184010056584,closing,market_average_close,0.04610639993607979,0.9538936000639202,0.9538936000639202,0.04610639993607979,market_only,development,2024,1,0.06946776536252075,-0.0694677653625208
29,2024-10-05 16:30:00,2024,27793,0,0,home_win,0,logistic_regression,4,St. Pauli,Mainz 05,Bundesliga,6,6,0.4403059926046797,0.2806628841749127,0.2790311232204074,0.7209688767795924,0.5596940073953203,2.18,3.42,3.44,1.3870224252491696,1.786690560890149,1.0418109315675934,closing,market_average_close,0.5852958698060325,0.41470413019396746,0.41470413019396746,0.5852958698060325,market_only,development,2024,1,-0.025601862410712217,0.025601862410712273
30,2024-10-06 13:30:00,2024,27788,0,0,home_win,0,logistic_regression,4,FC Heidenheim,RasenBallsport Leipzig,Bundesliga,6,6,0.2003200465522258,0.2364271166715159,0.5632528367762585,0.4367471632237417,0.7996799534477743,4.78,4.05,1.7,2.2896542535473983,1.250500272876114,1.0443538952850626,closing,market_average_close,0.8101333192104421,0.18986668078955787,0.18986668078955787,0.8101333192104421,market_only,development,2024,1,-0.010453365762667921,0.010453365762667755
31,2024-10-06 15:30:00,2024,27787,0,0,home_win,0,logistic_regression,4,Eintracht Frankfurt,Bayern Munich,Bundesliga,6,6,0.170714026821312,0.2033345415005436,0.6259514316781443,0.3740485683218557,0.8292859731786879,5.61,4.71,1.53,2.673449612403101,1.205856643356643,1.044162115724499,closing,market_average_close,0.8393110690665364,0.16068893093346362,0.16068893093346362,0.8393110690665364,market_only,development,2024,1,-0.01002509588784839,0.0100250958878485
32,2024-10-06 17:30:00,2024,27795,0,0,home_win,1,logistic_regression,4,VfB Stuttgart,Hoffenheim,Bundesliga,6,6,0.7203629320934158,0.1583607768073129,0.1212762910992712,0.8787237089007287,0.2796370679065841,1.33,6.05,7.9,1.13801413330589,3.5760638154526103,1.04375123392748,closing,market_average_close,0.29310937601107445,0.7068906239889255,0.7068906239889255,0.29310937601107445,market_only,development,2024,1,-0.013472308104490294,0.01347230810449035
33,2024-10-18 18:30:00,2024,27798,1,1,home_win,0,logistic_regression,4,Borussia Dortmund,St. Pauli,,,,,,,,,,,,,,,,,0.5878796406077873,0.41212035939221275,0.41212035939221275,0.5878796406077873,market_only,development,2024,0,,
34,2024-10-19 13:30:00,2024,27796,1,1,home_win,1,logistic_regression,4,Bayer Leverkusen,Eintracht Frankfurt,Bundesliga,7,7,0.6471434278865362,0.1991210547343188,0.153735517379145,0.8462644826208551,0.3528565721134639,1.48,4.81,6.23,1.1816636767066375,2.83401268115942,1.0440895272355946,closing,market_average_close,0.3758386111079378,0.6241613888920622,0.6241613888920622,0.3758386111079378,market_only,development,2024,0,-0.02298203899447404,0.02298203899447393
34,2024-10-19 13:30:00,2024,27799,1,1,home_win,1,logistic_regression,4,Hoffenheim,Bochum,Bundesliga,7,7,0.6287198665072959,0.1946342560266985,0.1766458774660055,0.8233541225339944,0.371280133492704,1.52,4.91,5.41,1.214544231493433,2.693384077927377,1.0464036081711294,closing,market_average_close,0.39446646479888525,0.6055335352011147,0.6055335352011147,0.39446646479888525,market_only,development,2024,0,-0.023186331306181196,0.02318633130618125
34,2024-10-19 13:30:00,2024,27800,1,1,home_win,1,logistic_regression,4,Freiburg,Augsburg,Bundesliga,7,7,0.5773118433989152,0.2383924527468157,0.184295703854269,0.8157042961457309,0.4226881566010848,1.66,4.02,5.2,1.2259344528710725,2.3658103128348538,1.043473549767382,closing,market_average_close,0.44757501771647723,0.5524249822835228,0.5524249822835228,0.44757501771647723,market_only,development,2024,0,-0.0248868611153924,0.024886861115392456
34,2024-10-19 13:30:00,2024,27802,0,0,home_win,0,logistic_regression,4,Mainz 05,RasenBallsport Leipzig,Bundesliga,7,7,0.2421512223154306,0.2464975263057076,0.5113512513788616,0.4886487486211384,0.7578487776845693,3.97,3.9,1.88,2.0464597583065234,1.3195244611402126,1.0402143187930208,closing,market_average_close,0.7736370094829766,0.22636299051702335,0.22636299051702335,0.7736370094829766,market_only,development,2024,1,-0.015788231798407243,0.01578823179840738
34,2024-10-19 13:30:00,2024,27803,1,1,home_win,0,logistic_regression,4,Borussia M.Gladbach,FC Heidenheim,Bundesliga,7,7,0.4992100245164805,0.256278943067284,0.2445110324162353,0.7554889675837646,0.5007899754835194,1.92,3.74,3.92,1.3236460662003318,1.996845082680592,1.043315053294045,closing,market_average_close,0.5269587777733207,0.47304122222667927,0.47304122222667927,0.5269587777733207,market_only,development,2024,0,-0.02616880228980123,0.02616880228980123
35,2024-10-19 16:30:00,2024,27797,1,1,home_win,1,logistic_regression,4,Bayern Munich,VfB Stuttgart,Bundesliga,7,7,0.7393960189437314,0.1550928234857583,0.1055111575705103,0.8944888424294897,0.2606039810562687,1.29,6.15,9.04,1.117956929774479,3.837239922225453,1.0484148934924211,closing,market_average_close,0.2523141840041737,0.7476858159958263,0.7476858159958263,0.2523141840041737,market_only,development,2024,0,0.008289797052094872,-0.008289797052094983
36,2024-10-20 13:30:00,2024,27804,0,0,home_win,0,logistic_regression,4,Holstein Kiel,Union Berlin,Bundesliga,7,7,0.2578036944554175,0.2756344975301438,0.4665618080144386,0.5334381919855614,0.7421963055445825,3.71,3.47,2.05,1.874631428765541,1.3473524356420172,1.0455310950648675,closing,market_average_close,0.7571314630956039,0.24286853690439608,0.24286853690439608,0.7571314630956039,market_only,development,2024,1,-0.014935157551021427,0.014935157551021372
37,2024-10-20 15:30:00,2024,27801,0,0,home_win,0,logistic_regression,4,Wolfsburg,Werder Bremen,Bundesliga,7,7,0.4767985681767336,0.2562473588329503,0.266954072990316,0.7330459270096841,0.5232014318232664,2.01,3.74,3.59,1.364171006418796,1.9113097540944664,1.0434436489887564,closing,market_average_close,0.5420365777613197,0.45796342223868025,0.45796342223868025,0.5420365777613197,market_only,development,2024,1,-0.018835145938053355,0.018835145938053355
38,2024-10-25 18:30:00,2024,27810,0,0,home_win,0,logistic_regression,4,Mainz 05,Borussia M.Gladbach,Bundesliga,8,8,0.4232504443195455,0.2557609636797253,0.3209885920007291,0.6790114079992708,0.5767495556804545,2.26,3.74,2.98,1.4727293064876958,1.7338548251158872,1.0454280250492374,closing,market_average_close,0.5963419169863762,0.40365808301362377,0.40365808301362377,0.5963419169863762,market_only,development,2024,1,-0.019592361305921735,0.01959236130592168
39,2024-10-26 13:30:00,2024,27805,1,1,home_win,1,logistic_regression,4,VfB Stuttgart,Holstein Kiel,Bundesliga,8,8,0.7915110519392742,0.1282099562043536,0.0802789918563723,0.9197210081436278,0.2084889480607259,1.21,7.47,11.93,1.0872862434863897,4.7964173127715775,1.0441373862902696,closing,market_average_close,0.2121179552770338,0.7878820447229662,0.7878820447229662,0.2121179552770338,market_only,development,2024,0,-0.003629007216307989,0.0036290072163079057
39,2024-10-26 13:30:00,2024,27806,1,1,home_win,1,logistic_regression,4,RasenBallsport Leipzig,Freiburg,Bundesliga,8,8,0.5300970374984748,0.2421763115475265,0.2277266509539987,0.7722733490460013,0.4699029625015252,1.8,3.94,4.19,1.2948782982545133,2.1280989476561434,1.0480261466414138,closing,market_average_close,0.48175384158120493,0.5182461584187951,0.5182461584187951,0.48175384158120493,market_only,development,2024,0,-0.011850879079679744,0.011850879079679744
39,2024-10-26 13:30:00,2024,27809,1,1,home_win,0,logistic_regression,4,Augsburg,Borussia Dortmund,,,,,,,,,,,,,,,,,0.5831749440487934,0.4168250559512065,0.4168250559512065,0.5831749440487934,market_only,development,2024,0,,
39,2024-10-26 13:30:00,2024,27813,0,0,home_win,0,logistic_regression,4,St. Pauli,Wolfsburg,Bundesliga,8,8,0.377382284786481,0.2802780711572111,0.3423396440563078,0.6576603559436922,0.6226177152135189,2.54,3.42,2.8,1.520541706615532,1.606121983948148,1.0432413053631453,closing,market_average_close,0.6494000637163728,0.3505999362836272,0.3505999362836272,0.6494000637163728,market_only,development,2024,1,-0.026782348502853826,0.02678234850285388
40,2024-10-26 16:30:00,2024,27808,0,0,home_win,0,logistic_regression,4,Werder Bremen,Bayer Leverkusen,Bundesliga,8,8,0.1519354225943302,0.1868835314951703,0.6611810459104993,0.3388189540895006,0.8480645774056697,6.31,5.13,1.45,2.951428743670123,1.179155487261499,1.0430655516812082,closing,market_average_close,0.8675190835081035,0.1324809164918965,0.1324809164918965,0.8675190835081035,market_only,development,2024,1,-0.01945450610243371,0.01945450610243382
41,2024-10-27 14:30:00,2024,27812,0,0,home_win,0,logistic_regression,4,Bochum,Bayern Munich,Bundesliga,8,8,0.0609937518595656,0.1020658965370037,0.8369403516034306,0.1630596483965693,0.9390062481404344,15.78,9.43,1.15,6.132725109083697,1.0649556400506972,1.038981112244583,closing,market_average_close,0.943132526855263,0.05686747314473694,0.05686747314473694,0.943132526855263,market_only,development,2024,1,-0.004126278714828659,0.004126278714828624
42,2024-10-27 16:30:00,2024,27811,0,0,home_win,0,logistic_regression,4,Union Berlin,Eintracht Frankfurt,Bundesliga,8,8,0.3850539967044821,0.2932062543713029,0.321739748924215,0.678260251075785,0.6149460032955179,2.49,3.27,2.98,1.4743603187919463,1.6261590361445784,1.0429872930549855,closing,market_average_close,0.6482016593587041,0.3517983406412959,0.3517983406412959,0.6482016593587041,market_only,development,2024,1,-0.0332556560631862,0.033255656063186256
43,2024-10-27 18:30:00,2024,27807,0,0,home_win,0,logistic_regression,4,FC Heidenheim,Hoffenheim,Bundesliga,8,8,0.3555453485496236,0.2766491184680069,0.3678055329823693,0.6321944670176305,0.6444546514503762,2.7,3.47,2.61,1.58179176214162,1.551699561403509,1.0416965708628236,closing,market_average_close,0.6852145420386249,0.3147854579613751,0.3147854579613751,0.6852145420386249,market_only,development,2024,1,-0.040759890588248526,0.04075989058824869
44,2024-11-01 19:30:00,2024,27814,0,0,home_win,1,logistic_regression,4,Bayer Leverkusen,VfB Stuttgart,Bundesliga,9,9,0.5981518777396043,0.2085061011728468,0.1933420210875488,0.8066579789124512,0.4018481222603957,1.6,4.59,4.95,1.239682772800705,2.488502358490566,1.0448851257674787,closing,market_average_close,0.39056830394538755,0.6094316960546124,0.6094316960546124,0.39056830394538755,market_only,development,2024,1,0.011279818315008128,-0.011279818315008128
45,2024-11-02 14:30:00,2024,27815,1,1,home_win,1,logistic_regression,4,Bayern Munich,Union Berlin,Bundesliga,9,9,0.8346110358167391,0.1113460198595417,0.054042944323719,0.9459570556762807,0.1653889641832607,1.15,8.62,17.76,1.0571304415982,6.046352638692028,1.0418808044400705,closing,market_average_close,0.17213957782528078,0.8278604221747192,0.8278604221747192,0.17213957782528078,market_only,development,2024,0,-0.006750613642019898,0.006750613642020065
45,2024-11-02 14:30:00,2024,27817,1,1,home_win,1,logistic_regression,4,Eintracht Frankfurt,Bochum,Bundesliga,9,9,0.6597919881018348,0.1890708266299724,0.1511371852681928,0.8488628147318072,0.3402080118981652,1.45,5.06,6.33,1.1780466556494686,2.939378159910387,1.0452615140081831,closing,market_average_close,0.3271481945310317,0.6728518054689683,0.6728518054689683,0.3271481945310317,market_only,development,2024,0,0.013059817367133464,-0.013059817367133464
45,2024-11-02 14:30:00,2024,27818,0,0,home_win,0,logistic_regression,4,Hoffenheim,St. Pauli,Bundesliga,9,9,0.5018949464707257,0.252933864844086,0.2451711886851882,0.7548288113148118,0.4981050535292743,1.91,3.79,3.91,1.324803697222596,2.0076086217447475,1.043166927871472,closing,market_average_close,0.5136038711709434,0.4863961288290566,0.4863961288290566,0.5136038711709434,market_only,development,2024,1,-0.01549881764166916,0.015498817641669105
45,2024-11-02 14:30:00,2024,27820,0,0,home_win,0,logistic_regression,4,Wolfsburg,Augsburg,Bundesliga,9,9,0.4607665830464967,0.2669622542442098,0.2722711627092935,0.7277288372907065,0.5392334169535034,2.08,3.59,3.52,1.374138207471541,1.854484474737639,1.043411671893566,closing,market_average_close,0.5627247026045528,0.4372752973954472,0.4372752973954472,0.5627247026045528,market_only,development,2024,1,-0.02349128565104952,0.02349128565104941
45,2024-11-02 14:30:00,2024,27822,1,1,home_win,0,logistic_regression,4,Holstein Kiel,FC Heidenheim,Bundesliga,9,9,0.3849823883515732,0.2786645776149469,0.3363530340334798,0.6636469659665202,0.6150176116484267,2.49,3.44,2.85,1.5068252418567498,1.625969697550137,1.043181293103872,closing,market_average_close,0.6516214515127146,0.34837854848728544,0.34837854848728544,0.6516214515127146,market_only,development,2024,0,-0.03660383986428778,0.036603839864287835
46,2024-11-02 17:30:00,2024,27816,1,1,home_win,0,logistic_regression,4,Borussia Dortmund,RasenBallsport Leipzig,,,,,,,,,,,,,,,,,0.5846760594838357,0.4153239405161643,0.4153239405161643,0.5846760594838357,market_only,development,2024,0,,
47,2024-11-03 14:30:00,2024,27819,0,0,home_win,1,logistic_regression,4,Freiburg,Mainz 05,Bundesliga,9,9,0.5362565116862132,0.2559731082448858,0.2077703800689008,0.7922296199310991,0.4637434883137866,1.79,3.75,4.62,1.2622603028740214,2.156364510121944,1.041776100993978,closing,market_average_close,0.48481578608527587,0.5151842139147241,0.5151842139147241,0.48481578608527587,market_only,development,2024,1,-0.021072297771489112,0.02107229777148928
48,2024-11-03 16:30:00,2024,27821,1,1,home_win,0,logistic_regression,4,Borussia M.Gladbach,Werder Bremen,Bundesliga,9,9,0.4250575785401395,0.2568529752675708,0.3180894461922898,0.6819105538077104,0.5749424214598606,2.26,3.74,3.02,1.4664679911699776,1.7393046028171963,1.0409833830651491,closing,market_average_close,0.608978655724052,0.39102134427594804,0.39102134427594804,0.608978655724052,market_only,development,2024,0,-0.034036234264191445,0.034036234264191334
49,2024-11-08 19:30:00,2024,27829,0,0,home_win,0,logistic_regression,4,Union Berlin,Freiburg,Bundesliga,10,10,0.396117420521083,0.299563799269069,0.3043187802098479,0.6956812197901521,0.603882579478917,2.42,3.2,3.15,1.4374399819239676,1.6559510639682435,1.0431834579561852,closing,market_average_close,0.6296619175469426,0.37033808245305744,0.37033808245305744,0.6296619175469426,market_only,development,2024,1,-0.02577933806802557,0.02577933806802557
50,2024-11-09 14:30:00,2024,27826,1,1,home_win,1,logistic_regression,4,Werder Bremen,Holstein Kiel,Bundesliga,10,10,0.5924139739240285,0.222670681614136,0.1849153444618355,0.8150846555381646,0.4075860260759715,1.62,4.31,5.19,1.2268664281745605,2.453469785575048,1.041980739462511,closing,market_average_close,0.4239444580910995,0.5760555419089005,0.5760555419089005,0.4239444580910995,market_only,development,2024,0,-0.01635843201512799,0.01635843201512799
50,2024-11-09 14:30:00,2024,27828,1,1,home_win,0,logistic_regression,4,Mainz 05,Borussia Dortmund,,,,,,,,,,,,,,,,,0.5837246977482158,0.4162753022517842,0.4162753022517842,0.5837246977482158,market_only,development,2024,0,,
50,2024-11-09 14:30:00,2024,27830,0,0,home_win,0,logistic_regression,4,Bochum,Bayer Leverkusen,Bundesliga,10,10,0.0923577431695635,0.1460573746623691,0.7615848821680674,0.2384151178319326,0.9076422568304364,10.39,6.57,1.26,4.194364892183288,1.101755666921111,1.04210418593321,closing,market_average_close,0.929032841096892,0.07096715890310802,0.07096715890310802,0.929032841096892,market_only,development,2024,1,-0.021390584266455473,0.02139058426645557
50,2024-11-09 14:30:00,2024,27831,0,0,home_win,0,logistic_regression,4,St. Pauli,Bayern Munich,Bundesliga,10,10,0.065663769207998,0.1315966522242256,0.8027395785677764,0.1972604214322237,0.934336230792002,14.67,7.32,1.2,5.069440654843111,1.0702785218468274,1.0381116810262945,closing,market_average_close,0.9612148104050579,0.03878518959494211,0.03878518959494211,0.9612148104050579,market_only,development,2024,1,-0.026878579613055897,0.026878579613055842
51,2024-11-09 17:30:00,2024,27824,0,0,home_win,1,logistic_regression,4,RasenBallsport Leipzig,Borussia M.Gladbach,Bundesliga,10,10,0.5852897478092844,0.2188124515892508,0.1958978006014648,0.8041021993985353,0.4147102521907156,1.63,4.36,4.87,1.24362301302993,2.4113221091532675,1.0481935397153823,closing,market_average_close,0.41201797491171355,0.5879820250882865,0.5879820250882865,0.41201797491171355,market_only,development,2024,1,0.002692277279002009,-0.0026922772790020644
52,2024-11-10 14:30:00,2024,27827,0,0,home_win,0,logistic_regression,4,Augsburg,Hoffenheim,Bundesliga,10,10,0.4537090727779728,0.2750937194142306,0.2711972078077967,0.7288027921922033,0.5462909272220273,2.11,3.48,3.53,1.3721132941766712,1.830526465239232,1.0445760901083498,closing,market_average_close,0.5679845925899158,0.4320154074100842,0.4320154074100842,0.5679845925899158,market_only,development,2024,1,-0.02169366536788858,0.021693665367888526
53,2024-11-10 16:30:00,2024,27823,0,0,home_win,1,logistic_regression,4,VfB Stuttgart,Eintracht Frankfurt,Bundesliga,10,10,0.5371620350040776,0.2445392384417539,0.2182987265541685,0.7817012734458315,0.4628379649959224,1.78,3.91,4.38,1.2792610604200272,2.160583348016427,1.0458627307954187,closing,market_average_close,0.4797002328381399,0.5202997671618601,0.5202997671618601,0.4797002328381399,market_only,development,2024,1,-0.01686226784221745,0.016862267842217504
54,2024-11-10 18:30:00,2024,27825,0,0,home_win,0,logistic_regression,4,FC Heidenheim,Wolfsburg,Bundesliga,10,10,0.329319902247124,0.2948679740120403,0.3758121237408356,0.6241878762591644,0.670680097752876,2.91,3.25,2.55,1.602081741787624,1.4910238179879132,1.0434917821212546,closing,market_average_close,0.6998815653551904,0.30011843464480964,0.30011843464480964,0.6998815653551904,market_only,development,2024,1,-0.029201467602314346,0.029201467602314457
55,2024-11-22 19:30:00,2024,27834,1,1,home_win,1,logistic_regression,4,Bayern Munich,Augsburg,Bundesliga,11,11,0.8570161907422477,0.0926503989991619,0.0503334102585903,0.9496665897414096,0.1429838092577522,1.12,10.36,19.07,1.0530011382966478,6.993798844716276,1.0418206242799846,closing,market_average_close,0.13455574554786065,0.8654442544521393,0.8654442544521393,0.13455574554786065,market_only,development,2024,0,0.008428063709891687,-0.008428063709891548
56,2024-11-23 14:30:00,2024,27832,1,1,home_win,1,logistic_regression,4,Bayer Leverkusen,FC Heidenheim,Bundesliga,11,11,0.7898938436917017,0.1379179727080749,0.0721881836002234,0.9278118163997766,0.2101061563082983,1.21,6.93,13.24,1.0778047685147385,4.759498805606887,1.0462751261982242,closing,market_average_close,0.20763097945377296,0.792369020546227,0.792369020546227,0.20763097945377296,market_only,development,2024,0,0.0024751768545253627,-0.002475176854525335
56,2024-11-23 14:30:00,2024,27833,1,1,home_win,1,logistic_regression,4,VfB Stuttgart,Bochum,Bundesliga,11,11,0.7289042243464929,0.1596763434605193,0.1114194321929878,0.8885805678070123,0.2710957756535072,1.31,5.98,8.57,1.1253903542680066,3.688733244143647,1.0472689732459046,closing,market_average_close,0.27520792604802624,0.7247920739519738,0.7247920739519738,0.27520792604802624,market_only,development,2024,0,-0.004112150394519176,0.004112150394519065
56,2024-11-23 14:30:00,2024,27835,1,1,home_win,0,logistic_regression,4,Borussia Dortmund,Freiburg,,,,,,,,,,,,,,,,,0.585722035858221,0.414277964141779,0.414277964141779,0.585722035858221,market_only,development,2024,0,,
56,2024-11-23 14:30:00,2024,27837,1,1,home_win,0,logistic_regression,4,Hoffenheim,RasenBallsport Leipzig,Bundesliga,11,11,0.2926697372592164,0.2622000111883938,0.4451302515523896,0.5548697484476103,0.7073302627407836,3.27,3.65,2.15,1.8022247613926603,1.4137667404829697,1.0448992793630103,closing,market_average_close,0.7372261734358506,0.2627738265641494,0.2627738265641494,0.7372261734358506,market_only,development,2024,0,-0.02989591069506703,0.02989591069506703
56,2024-11-23 14:30:00,2024,27838,1,1,home_win,0,logistic_regression,4,Wolfsburg,Union Berlin,Bundesliga,11,11,0.4457381787610158,0.2895278200411432,0.2647340011978409,0.735265998802159,0.554261821238984,2.15,3.31,3.62,1.3600520106044969,1.804201483271251,1.043474176617797,closing,market_average_close,0.5827449050301359,0.4172550949698642,0.4172550949698642,0.5827449050301359,market_only,development,2024,0,-0.02848308379115161,0.02848308379115183
57,2024-11-23 17:30:00,2024,27836,1,1,home_win,1,logistic_regression,4,Eintracht Frankfurt,Werder Bremen,Bundesliga,11,11,0.5415912445347963,0.2349550252025954,0.2234537302626082,0.7765462697373917,0.4584087554652036,1.77,4.08,4.29,1.287753272368657,2.181459206609562,1.0431700237283488,closing,market_average_close,0.47321262855934054,0.5267873714406595,0.5267873714406595,0.47321262855934054,market_only,development,2024,0,-0.014803873094136888,0.014803873094136943
58,2024-11-24 14:30:00,2024,27840,0,0,home_win,0,logistic_regression,4,Holstein Kiel,Mainz 05,Bundesliga,11,11,0.29841755288339,0.2850953407010959,0.416487106415514,0.583512893584486,0.7015824471166099,3.21,3.36,2.3,1.7137581893984517,1.4253492288894023,1.0439281360654786,closing,market_average_close,0.7233916203445145,0.27660837965548546,0.27660837965548546,0.7233916203445145,market_only,development,2024,1,-0.021809173227904544,0.021809173227904655
59,2024-11-24 16:30:00,2024,27839,1,1,home_win,0,logistic_regression,4,Borussia M.Gladbach,St. Pauli,Bundesliga,11,11,0.505315962612569,0.2587871506641188,0.2358968867233122,0.7641031132766878,0.494684037387431,1.9,3.71,4.07,1.308723891611592,2.0214923555675823,1.041557814149671,closing,market_average_close,0.513533331516716,0.486466668483284,0.486466668483284,0.513533331516716,market_only,development,2024,0,-0.018849294129284933,0.018849294129284988
60,2024-11-30 14:30:00,2024,27841,0,0,home_win,1,logistic_regression,4,RasenBallsport Leipzig,Wolfsburg,Bundesliga,12,12,0.5501312335958005,0.2435695538057742,0.2062992125984252,0.7937007874015748,0.4498687664041995,1.74,3.93,4.64,1.2599206349206349,2.2228704784130686,1.0446828112661226,closing,market_average_close,0.45797453112425,0.54202546887575,0.54202546887575,0.45797453112425,market_only,development,2024,1,-0.008105764720050534,0.008105764720050534
60,2024-11-30 14:30:00,2024,27844,0,0,home_win,0,logistic_regression,4,Werder Bremen,VfB Stuttgart,Bundesliga,12,12,0.3695719706651462,0.2719293761428206,0.3584986531920332,0.6415013468079669,0.6304280293348539,2.59,3.52,2.67,1.5588431808847776,1.5862238883240498,1.0447231303972877,closing,market_average_close,0.6518591780639721,0.3481408219360279,0.3481408219360279,0.6518591780639721,market_only,development,2024,1,-0.021431148729118277,0.02143114872911822
60,2024-11-30 14:30:00,2024,27845,1,1,home_win,0,logistic_regression,4,Freiburg,Borussia M.Gladbach,Bundesliga,12,12,0.4745750029396149,0.2583939369105181,0.2670310601498669,0.7329689398501331,0.525424997060385,2.02,3.71,3.59,1.3643142916867197,1.903221212532212,1.0431428159596623,closing,market_average_close,0.5423771825466341,0.4576228174533659,0.4576228174533659,0.5423771825466341,market_only,development,2024,0,-0.016952185486248994,0.016952185486249105
60,2024-11-30 14:30:00,2024,27846,1,1,home_win,1,logistic_regression,4,Augsburg,Bochum,Bundesliga,12,12,0.5370943996599225,0.2509259924920372,0.2119796078480403,0.7880203921519597,0.4629056003400775,1.78,3.81,4.51,1.269002693279494,2.160267664217805,1.0459944344322116,closing,market_average_close,0.4706270086548334,0.5293729913451666,0.5293729913451666,0.4706270086548334,market_only,development,2024,0,-0.007721408314755873,0.007721408314755929
60,2024-11-30 14:30:00,2024,27848,0,0,home_win,0,logistic_regression,4,Union Berlin,Bayer Leverkusen,Bundesliga,12,12,0.2070671922054347,0.2747051862209635,0.5182276215736015,0.4817723784263983,0.792932807794565,4.63,3.49,1.85,2.075669018772468,1.261140906480291,1.0430562132122283,closing,market_average_close,0.8146026879339547,0.18539731206604526,0.18539731206604526,0.8146026879339547,market_only,development,2024,1,-0.021669880139389447,0.021669880139389752
60,2024-11-30 14:30:00,2024,27849,1,1,home_win,0,logistic_regression,4,St. Pauli,Holstein Kiel,,,,,,,,,,,,,,,,,0.5742611981485795,0.4257388018514205,0.4257388018514205,0.5742611981485795,market_only,development,2024,0,,
61,2024-11-30 17:30:00,2024,27842,0,0,home_win,0,logistic_regression,4,Borussia Dortmund,Bayern Munich,,,,,,,,,,,,,,,,,0.5717029053321211,0.4282970946678789,0.4282970946678789,0.5717029053321211,market_only,development,2024,1,,
62,2024-12-01 16:30:00,2024,27843,0,0,home_win,0,logistic_regression,4,FC Heidenheim,Eintracht Frankfurt,Bundesliga,12,12,0.2470828797141501,0.2612986070401696,0.4916185132456801,0.5083814867543197,0.7529171202858498,3.86,3.65,1.94,1.96702678215987,1.3281674344452994,1.0485038777784528,closing,market_average_close,0.7725496754102442,0.22745032458975578,0.22745032458975578,0.7725496754102442,market_only,development,2024,1,-0.019632555124394324,0.019632555124394435
62,2024-12-01 16:30:00,2024,27847,1,1,home_win,0,logistic_regression,4,Mainz 05,Hoffenheim,Bundesliga,12,12,0.4671744466415307,0.2682654385476576,0.2645601148108116,0.7354398851891883,0.5328255533584693,2.05,3.57,3.62,1.3597304417923362,1.8767868652260933,1.0441600167893597,closing,market_average_close,0.5483557592947859,0.4516442407052141,0.4516442407052141,0.5483557592947859,market_only,development,2024,0,-0.015530205936316599,0.015530205936316599
63,2024-12-06 19:30:00,2024,27851,1,1,home_win,0,logistic_regression,4,VfB Stuttgart,Union Berlin,Bundesliga,13,13,0.5039744883974355,0.2743700653166554,0.2216554462859091,0.778344553714091,0.4960255116025645,1.9,3.49,4.32,1.2847780526351953,2.016025338634679,1.0443302222445638,closing,market_average_close,0.506442521897155,0.493557478102845,0.493557478102845,0.506442521897155,market_only,development,2024,0,-0.010417010294590523,0.010417010294590523
64,2024-12-07 14:30:00,2024,27850,1,1,home_win,1,logistic_regression,4,Bayer Leverkusen,St. Pauli,Bundesliga,13,13,0.746946192415116,0.1626005316822021,0.0904532759026819,0.909546724097318,0.2530538075848841,1.28,5.88,10.57,1.0994487402419624,3.951728723404255,1.0459254065864756,closing,market_average_close,0.2306287884537962,0.7693712115462038,0.7693712115462038,0.2306287884537962,market_only,development,2024,0,0.022425019131087853,-0.02242501913108791
64,2024-12-07 14:30:00,2024,27855,0,0,home_win,0,logistic_regression,4,Bochum,Werder Bremen,Bundesliga,13,13,0.269858787529158,0.2582206727031026,0.4719205397677393,0.5280794602322606,0.730141212470842,3.55,3.71,2.03,1.89365441246319,1.369598076262453,1.0438427572592357,closing,market_average_close,0.767960048888881,0.23203995111111897,0.23203995111111897,0.767960048888881,market_only,development,2024,1,-0.037818836418039015,0.03781883641803907
64,2024-12-07 14:30:00,2024,27856,0,0,home_win,0,logistic_regression,4,Holstein Kiel,RasenBallsport Leipzig,Bundesliga,13,13,0.1504866734738874,0.2018105494797185,0.6477027770463939,0.352297222953606,0.8495133265261124,6.37,4.75,1.48,2.838512298269493,1.177144570632303,1.043187862736735,closing,market_average_close,0.8789030709055906,0.1210969290944094,0.1210969290944094,0.8789030709055906,market_only,development,2024,1,-0.029389744379477986,0.029389744379478167
64,2024-12-07 14:30:00,2024,27857,1,1,home_win,1,logistic_regression,4,Bayern Munich,FC Heidenheim,Bundesliga,13,13,0.861346450090827,0.0926712799329228,0.04598226997625,0.9540177300237498,0.1386535499091728,1.12,10.41,20.98,1.04819854865287,7.212220679925363,1.0365830645299496,closing,market_average_close,0.1375758081947298,0.8624241918052702,0.8624241918052702,0.1375758081947298,market_only,development,2024,0,0.0010777417144431922,-0.001077741714442998
64,2024-12-07 14:30:00,2024,27858,0,0,home_win,1,logistic_regression,4,Eintracht Frankfurt,Augsburg,Bundesliga,13,13,0.6190400572619044,0.2226246145605457,0.1583353281775498,0.8416646718224501,0.3809599427380955,1.55,4.31,6.06,1.1881216278624451,2.6249478956045667,1.0421963534576646,closing,market_average_close,0.36351619743830377,0.6364838025616962,0.6364838025616962,0.36351619743830377,market_only,development,2024,1,0.01744374529979187,-0.017443745299791757
65,2024-12-07 17:30:00,2024,27854,0,0,home_win,0,logistic_regression,4,Borussia M.Gladbach,Borussia Dortmund,,,,,,,,,,,,,,,,,0.5726369035411841,0.42736309645881587,0.42736309645881587,0.5726369035411841,market_only,development,2024,1,,
66,2024-12-08 14:30:00,2024,27853,1,1,home_win,0,logistic_regression,4,Wolfsburg,Mainz 05,Bundesliga,13,13,0.4519940915805022,0.2818316100443132,0.2661742983751847,0.7338257016248154,0.5480059084194979,2.12,3.4,3.6,1.362721417069243,1.824797843665768,1.0435935380441483,closing,market_average_close,0.5664710692187885,0.43352893078121146,0.43352893078121146,0.5664710692187885,market_only,development,2024,0,-0.018465160799290725,0.018465160799290614
67,2024-12-08 16:30:00,2024,27852,0,0,home_win,0,logistic_regression,4,Hoffenheim,Freiburg,Bundesliga,13,13,0.3827699537970564,0.29174539161361,0.3254846545893337,0.6745153454106665,0.6172300462029437,2.5,3.28,2.94,1.4825459595602943,1.6201414790996782,1.0450141032022564,closing,market_average_close,0.637606996708669,0.36239300329133095,0.36239300329133095,0.637606996708669,market_only,development,2024,1,-0.020376950505725466,0.0203769505057253
68,2024-12-13 19:30:00,2024,27862,1,1,home_win,0,logistic_regression,4,Freiburg,Wolfsburg,Bundesliga,14,14,0.4179236912156167,0.2786157941437444,0.3034605146406388,0.6965394853593612,0.5820763087843832,2.28,3.42,3.14,1.435668789808917,1.717987804878049,1.0494654896264015,closing,market_average_close,0.5963372444783892,0.40366275552161085,0.40366275552161085,0.5963372444783892,market_only,development,2024,0,-0.014260935694005827,0.014260935694005994
69,2024-12-14 14:30:00,2024,27863,0,0,home_win,0,logistic_regression,4,Augsburg,Bayer Leverkusen,Bundesliga,14,14,0.1587939698492462,0.2381909547738693,0.6030150753768844,0.3969849246231156,0.8412060301507538,6.0,4.0,1.58,2.518987341772152,1.188769414575866,1.04957805907173,closing,market_average_close,0.8574734378976946,0.14252656210230544,0.14252656210230544,0.8574734378976946,market_only,development,2024,1,-0.01626740774694077,0.0162674077469408
69,2024-12-14 14:30:00,2024,27864,1,1,home_win,0,logistic_regression,4,Mainz 05,Bayern Munich,Bundesliga,14,14,0.154772178814122,0.2148643114462417,0.6303635097396363,0.3696364902603637,0.845227821185878,6.15,4.43,1.51,2.705360607919478,1.1831129725438667,1.0505869159569117,closing,market_average_close,0.8602475737083491,0.13975242629165088,0.13975242629165088,0.8602475737083491,market_only,development,2024,0,-0.01501975252247112,0.01501975252247112
69,2024-12-14 14:30:00,2024,27865,1,1,home_win,1,logistic_regression,4,Borussia M.Gladbach,Holstein Kiel,Bundesliga,14,14,0.6705716660961417,0.1908240011736515,0.1386043327302068,0.8613956672697932,0.3294283339038583,1.42,4.99,6.87,1.1609066982766645,3.035561598935943,1.0501865612850236,closing,market_average_close,0.3030122165805349,0.6969877834194651,0.6969877834194651,0.3030122165805349,market_only,development,2024,0,0.026416117323323385,-0.026416117323323385
69,2024-12-14 14:30:00,2024,27866,0,0,home_win,1,logistic_regression,4,Union Berlin,Bochum,Bundesliga,14,14,0.5812624933095938,0.2431812472009525,0.1755562594894537,0.8244437405105463,0.4187375066904062,1.64,3.92,5.43,1.2129390410323675,2.388130950828225,1.0490202009924037,closing,market_average_close,0.40255996138885,0.59744003861115,0.59744003861115,0.40255996138885,market_only,development,2024,1,0.01617754530155624,-0.01617754530155624
70,2024-12-14 17:30:00,2024,27867,0,0,home_win,0,logistic_regression,4,St. Pauli,Werder Bremen,Bundesliga,14,14,0.334834564342761,0.2909385696270942,0.3742268660301447,0.6257731339698553,0.665165435657239,2.85,3.28,2.55,1.5980232223395066,1.5033853931569918,1.047912104508042,closing,market_average_close,0.6725370206515959,0.327462979348404,0.327462979348404,0.6725370206515959,market_only,development,2024,1,-0.007371584994356972,0.007371584994356972
71,2024-12-15 14:30:00,2024,27861,0,0,home_win,0,logistic_regression,4,FC Heidenheim,VfB Stuttgart,Bundesliga,14,14,0.2140063068145038,0.2386787131139203,0.547314980071576,0.4526850199284242,0.7859936931854963,4.45,3.99,1.74,2.2090415100506617,1.2722748396964525,1.0500583112177964,closing,market_average_close,0.7945848251071358,0.20541517489286418,0.20541517489286418,0.7945848251071358,market_only,development,2024,1,-0.008591131921639628,0.008591131921639517
72,2024-12-15 16:30:00,2024,27860,0,0,home_win,0,logistic_regression,4,Borussia Dortmund,Hoffenheim,,,,,,,,,,,,,,,,,0.5742489964694446,0.42575100353055534,0.42575100353055534,0.5742489964694446,market_only,development,2024,1,,
73,2024-12-15 18:30:00,2024,27859,1,1,home_win,0,logistic_regression,4,RasenBallsport Leipzig,Eintracht Frankfurt,Bundesliga,14,14,0.4227935019259756,0.2554848434098141,0.3217216546642103,0.6782783453357897,0.5772064980740244,2.26,3.74,2.97,1.4743209876543208,1.7324822283475994,1.0465578919509164,closing,market_average_close,0.5896965939484915,0.41030340605150856,0.41030340605150856,0.5896965939484915,market_only,development,2024,0,-0.012490095874467033,0.012490095874467144
74,2024-12-20 19:30:00,2024,27870,1,1,home_win,1,logistic_regression,4,Bayern Munich,RasenBallsport Leipzig,Bundesliga,15,15,0.7876035482011187,0.1321775718895081,0.0802188799093732,0.9197811200906268,0.2123964517988813,1.21,7.21,11.88,1.0872151843054456,4.708176579837135,1.0493176203679293,closing,market_average_close,0.17505643201283883,0.8249435679871612,0.8249435679871612,0.17505643201283883,market_only,development,2024,0,0.03734001978604251,-0.03734001978604248
75,2024-12-21 14:30:00,2024,27869,0,0,home_win,1,logistic_regression,4,VfB Stuttgart,St. Pauli,Bundesliga,15,15,0.6478183236319802,0.2065711357351433,0.1456105406328763,0.8543894593671235,0.3521816763680196,1.47,4.61,6.54,1.1704264244326414,2.8394435801226323,1.0500970473166082,closing,market_average_close,0.3045762430902069,0.6954237569097931,0.6954237569097931,0.3045762430902069,market_only,development,2024,1,0.04760543327781286,-0.04760543327781269
75,2024-12-21 14:30:00,2024,27871,0,0,home_win,0,logistic_regression,4,Eintracht Frankfurt,Mainz 05,Bundesliga,15,15,0.461905197155549,0.2641281099756868,0.2739666928687639,0.7260333071312359,0.5380948028444508,2.07,3.62,3.49,1.3773472789441086,1.858408582862812,1.045867832651664,closing,market_average_close,0.5408810333328282,0.4591189666671717,0.4591189666671717,0.5408810333328282,market_only,development,2024,1,-0.0027862304883772837,0.0027862304883774502
75,2024-12-21 14:30:00,2024,27872,0,0,home_win,0,logistic_regression,4,Hoffenheim,Borussia M.Gladbach,Bundesliga,15,15,0.4182978575805576,0.2627325386456394,0.318969603773803,0.681030396226197,0.5817021424194425,2.28,3.63,2.99,1.4683632412610563,1.719092860550167,1.048526745427099,closing,market_average_close,0.5800554895584142,0.41994451044158576,0.41994451044158576,0.5800554895584142,market_only,development,2024,1,0.0016466528610281639,-0.001646652861028275
75,2024-12-21 14:30:00,2024,27873,1,1,home_win,0,logistic_regression,4,Werder Bremen,Union Berlin,Bundesliga,15,15,0.4223189840523442,0.2927732834227907,0.284907732524865,0.715092267475135,0.5776810159476558,2.26,3.26,3.35,1.3984209387843392,1.7310591353942135,1.0477338050504306,closing,market_average_close,0.5790649579793394,0.42093504202066057,0.42093504202066057,0.5790649579793394,market_only,development,2024,0,-0.001383942031683627,0.0013839420316836826
75,2024-12-21 14:30:00,2024,27876,1,1,home_win,0,logistic_regression,4,Holstein Kiel,Augsburg,Bundesliga,15,15,0.2780259551463573,0.2804791253388253,0.4414949195148175,0.5585050804851827,0.7219740448536428,3.43,3.4,2.16,1.7904940079171408,1.3850913438345531,1.0486257995261594,closing,market_average_close,0.7364491819938185,0.2635508180061815,0.2635508180061815,0.7364491819938185,market_only,development,2024,0,-0.014475137140175787,0.014475137140175676
76,2024-12-21 17:30:00,2024,27868,1,1,home_win,1,logistic_regression,4,Bayer Leverkusen,Freiburg,Bundesliga,15,15,0.6847464170245621,0.192282327204877,0.1229712557705608,0.8770287442294391,0.3152535829754379,1.39,4.95,7.74,1.1402134839703617,3.17204959436706,1.0506436288601255,closing,market_average_close,0.2850052856404438,0.7149947143595562,0.7149947143595562,0.2850052856404438,market_only,development,2024,0,0.030248297334994123,-0.030248297334994068
77,2024-12-22 14:30:00,2024,27875,1,1,home_win,0,logistic_regression,4,Bochum,FC Heidenheim,Bundesliga,15,15,0.4541905257678293,0.2732951587714732,0.2725143154606976,0.7274856845393025,0.5458094742321709,2.1,3.49,3.5,1.374597495527728,1.8321411540295656,1.04843771319416,closing,market_average_close,0.5349177192602925,0.4650822807397074,0.4650822807397074,0.5349177192602925,market_only,development,2024,0,0.01089175497187811,-0.010891754971878331
78,2024-12-22 16:30:00,2024,27874,0,0,home_win,0,logistic_regression,4,Wolfsburg,Borussia Dortmund,,,,,,,,,,,,,,,,,0.57102698847737,0.42897301152263007,0.42897301152263007,0.57102698847737,market_only,development,2024,1,,
79,2025-01-10 19:30:00,2024,27878,0,0,home_win,0,logistic_regression,4,Borussia Dortmund,Bayer Leverkusen,,,,,,,,,,,,,,,,,0.5724420328589839,0.4275579671410161,0.4275579671410161,0.5724420328589839,market_only,development,2024,1,,
80,2025-01-11 14:30:00,2024,27879,0,0,home_win,0,logistic_regression,4,Hoffenheim,Wolfsburg,Bundesliga,16,16,0.408355148856552,0.2765893886150483,0.3150554625283994,0.6849445374716003,0.5916448511434478,2.33,3.44,3.02,1.4599722244539584,1.6902031650699587,1.0510080515893976,closing,market_average_close,0.5621038303213008,0.4378961696786992,0.4378961696786992,0.5621038303213008,market_only,development,2024,1,0.029541020822147213,-0.029541020822146935
80,2025-01-11 14:30:00,2024,27880,1,1,home_win,0,logistic_regression,4,FC Heidenheim,Union Berlin,Bundesliga,16,16,0.3014850262789685,0.2860938988112735,0.4124210749097579,0.5875789250902421,0.6985149737210314,3.16,3.33,2.31,1.7018990254737558,1.4316085375706975,1.0496564294032649,closing,market_average_close,0.6832819987121095,0.31671800128789046,0.31671800128789046,0.6832819987121095,market_only,development,2024,0,0.015232975008921956,-0.015232975008921956
80,2025-01-11 14:30:00,2024,27881,1,1,home_win,1,logistic_regression,4,Freiburg,Holstein Kiel,Bundesliga,16,16,0.6605588300574613,0.1953192433845471,0.1441219265579915,0.8558780734420084,0.3394411699425387,1.44,4.87,6.6,1.1683907217980118,2.946018599244405,1.0512984049945036,closing,market_average_close,0.29275479258217296,0.707245207417827,0.707245207417827,0.29275479258217296,market_only,development,2024,0,0.04668637736036574,-0.04668637736036574
80,2025-01-11 14:30:00,2024,27883,1,1,home_win,1,logistic_regression,4,Mainz 05,Bochum,Bundesliga,16,16,0.5744760899350868,0.2414253947575301,0.184098515307383,0.8159014846926169,0.4255239100649131,1.66,3.95,5.18,1.2256381668146374,2.35004420749812,1.0486243885664353,closing,market_average_close,0.3994639021427495,0.6005360978572505,0.6005360978572505,0.3994639021427495,market_only,development,2024,0,0.026060007922163675,-0.026060007922163564
80,2025-01-11 14:30:00,2024,27885,0,0,home_win,0,logistic_regression,4,St. Pauli,Eintracht Frankfurt,Bundesliga,16,16,0.2761669395910641,0.2793969622763397,0.4444360981325961,0.5555639018674039,0.7238330604089358,3.46,3.42,2.15,1.7999729583558677,1.381534023100632,1.046531280928943,closing,market_average_close,0.7265022040151026,0.2734977959848974,0.2734977959848974,0.7265022040151026,market_only,development,2024,1,-0.002669143606166713,0.0026691436061667684
81,2025-01-11 17:30:00,2024,27884,0,0,home_win,0,logistic_regression,4,Borussia M.Gladbach,Bayern Munich,Bundesliga,16,16,0.1182041586130878,0.1690424073617256,0.7127534340251865,0.2872465659748135,0.8817958413869122,8.08,5.65,1.34,3.481329695296279,1.1340493491409225,1.0470221833965194,closing,market_average_close,0.8868394773953764,0.11316052260462361,0.11316052260462361,0.8868394773953764,market_only,development,2024,1,-0.005043636008464192,0.005043636008464136
82,2025-01-12 14:30:00,2024,27877,1,1,home_win,1,logistic_regression,4,RasenBallsport Leipzig,Werder Bremen,Bundesliga,16,16,0.5065549692650818,0.248000870369363,0.2454441603655551,0.7545558396344448,0.4934450307349182,1.88,3.84,3.88,1.3252829644582222,2.0265681843236685,1.0500635190465746,closing,market_average_close,0.45023532339852756,0.5497646766014724,0.5497646766014724,0.45023532339852756,market_only,development,2024,0,0.043209707336390624,-0.043209707336390624
83,2025-01-12 16:30:00,2024,27882,0,0,home_win,0,logistic_regression,4,Augsburg,VfB Stuttgart,Bundesliga,16,16,0.2415760354366672,0.2614315999931057,0.496992364570227,0.503007635429773,0.7584239645633328,3.95,3.65,1.92,1.98804139254386,1.3185237370179304,1.0479704930350846,closing,market_average_close,0.7451756375949681,0.2548243624050319,0.2548243624050319,0.7451756375949681,market_only,development,2024,1,0.013248326968364726,-0.013248326968364754
84,2025-01-14 17:30:00,2024,27894,1,1,home_win,0,logistic_regression,4,Holstein Kiel,Borussia Dortmund,,,,,,,,,,,,,,,,,0.5726295223826414,0.4273704776173586,0.4273704776173586,0.5726295223826414,market_only,development,2024,0,,
85,2025-01-14 19:30:00,2024,27886,1,1,home_win,1,logistic_regression,4,Bayer Leverkusen,Mainz 05,Bundesliga,17,17,0.7031601672675933,0.1864128318682119,0.1104270008641948,0.8895729991358052,0.2968398327324066,1.36,5.13,8.66,1.1241348388175805,3.368820116879239,1.045699332634746,closing,market_average_close,0.2680882073881724,0.7319117926118276,0.7319117926118276,0.2680882073881724,market_only,development,2024,0,0.028751625344234255,-0.0287516253442342
85,2025-01-14 19:30:00,2024,27889,1,1,home_win,1,logistic_regression,4,Eintracht Frankfurt,Freiburg,Bundesliga,17,17,0.561794936074204,0.2301328653797943,0.2080721985460015,0.7919278014539984,0.4382050639257959,1.7,4.15,4.59,1.262741373852485,2.2820366132723118,1.0470640732866106,closing,market_average_close,0.4090729600900167,0.5909270399099833,0.5909270399099833,0.4090729600900167,market_only,development,2024,0,0.029132103835779244,-0.02913210383577919
85,2025-01-14 19:30:00,2024,27891,1,1,home_win,1,logistic_regression,4,Wolfsburg,Borussia M.Gladbach,Bundesliga,17,17,0.5024804377844831,0.2545900884774714,0.2429294737380453,0.7570705262619546,0.4975195622155167,1.9,3.75,3.93,1.3208809025197596,2.0099712171052637,1.0474353823490024,closing,market_average_close,0.4704527868557804,0.5295472131442196,0.5295472131442196,0.4704527868557804,market_only,development,2024,0,0.02706677535973645,-0.027066775359736284
86,2025-01-15 17:30:00,2024,27893,1,1,home_win,0,logistic_regression,4,Bochum,St. Pauli,Bundesliga,17,17,0.3726725291147275,0.2972092444030225,0.3301182264822499,0.66988177351775,0.6273274708852725,2.56,3.21,2.89,1.492800729222263,1.594063780737705,1.0481722409964536,closing,market_average_close,0.597308650478347,0.402691349521653,0.402691349521653,0.597308650478347,market_only,development,2024,0,0.030018820406925495,-0.030018820406925495
87,2025-01-15 19:30:00,2024,27887,1,1,home_win,1,logistic_regression,4,VfB Stuttgart,RasenBallsport Leipzig,Bundesliga,17,17,0.4786921854645919,0.2506835392301416,0.2706242753052665,0.7293757246947334,0.5213078145354081,1.99,3.8,3.52,1.3710354843774537,1.9182524645083336,1.0497613666418215,closing,market_average_close,0.4548737172800339,0.5451262827199661,0.5451262827199661,0.4548737172800339,market_only,development,2024,0,0.06643409725537419,-0.06643409725537419
87,2025-01-15 19:30:00,2024,27888,1,1,home_win,1,logistic_regression,4,Bayern Munich,Hoffenheim,Bundesliga,17,17,0.8622956152352159,0.0913309287128902,0.0463734560518938,0.9536265439481062,0.1377043847647841,1.11,10.48,20.64,1.0486285290045547,7.261932884040853,1.0447703606322458,closing,market_average_close,0.09688258740220146,0.9031174125977985,0.9031174125977985,0.09688258740220146,market_only,development,2024,0,0.040821797362582624,-0.04082179736258265
87,2025-01-15 19:30:00,2024,27890,0,0,home_win,1,logistic_regression,4,Werder Bremen,FC Heidenheim,Bundesliga,17,17,0.5470513034294926,0.2385637263075982,0.2143849702629092,0.7856150297370909,0.4529486965705075,1.74,3.99,4.44,1.2728880713173905,2.207755552828568,1.050564435319426,closing,market_average_close,0.3727979362478415,0.6272020637521585,0.6272020637521585,0.3727979362478415,market_only,development,2024,1,0.08015076032266588,-0.08015076032266599
87,2025-01-15 19:30:00,2024,27892,0,0,home_win,0,logistic_regression,4,Union Berlin,Augsburg,Bundesliga,17,17,0.4457123980840553,0.290800162164597,0.2634874397513476,0.7365125602486523,0.5542876019159446,2.14,3.28,3.62,1.3577500968379852,1.804117567384532,1.048410862329308,closing,market_average_close,0.5064519636980684,0.4935480363019316,0.4935480363019316,0.5064519636980684,market_only,development,2024,1,0.04783563821787634,-0.047835638217876175
88,2025-01-17 19:30:00,2024,27898,1,1,home_win,0,logistic_regression,4,Eintracht Frankfurt,Borussia Dortmund,,,,,,,,,,,,,,,,,0.5668257926153728,0.43317420738462714,0.43317420738462714,0.5668257926153728,market_only,development,2024,0,,
89,2025-01-18 14:30:00,2024,27896,1,1,home_win,1,logistic_regression,4,VfB Stuttgart,Freiburg,Bundesliga,18,18,0.6033223757205448,0.2201499661982588,0.1765276580811964,0.8234723419188037,0.3966776242794553,1.58,4.33,5.4,1.2143698690229991,2.5209387643592174,1.0490434598073384,closing,market_average_close,0.3376840966519684,0.6623159033480316,0.6623159033480316,0.3376840966519684,market_only,development,2024,0,0.058993527627486775,-0.058993527627486886
89,2025-01-18 14:30:00,2024,27897,1,1,home_win,1,logistic_regression,4,Bayern Munich,Wolfsburg,Bundesliga,18,18,0.834430378643991,0.1118409015665022,0.0537287197895067,0.9462712802104932,0.1655696213560089,1.15,8.58,17.86,1.0567794045039125,6.039755311451688,1.0421063753747917,closing,market_average_close,0.13895728891204662,0.8610427110879534,0.8610427110879534,0.13895728891204662,market_only,development,2024,0,0.026612332443962328,-0.026612332443962272
89,2025-01-18 14:30:00,2024,27899,0,0,home_win,0,logistic_regression,4,FC Heidenheim,St. Pauli,Bundesliga,18,18,0.3996367653244542,0.2809211379780723,0.3194420966974735,0.6805579033025265,0.6003632346755458,2.39,3.4,2.99,1.4693826860981625,1.665658291917942,1.0469758494349448,closing,market_average_close,0.5781773473138765,0.42182265268612357,0.42182265268612357,0.5781773473138765,market_only,development,2024,1,0.022185887361669376,-0.022185887361669265
89,2025-01-18 14:30:00,2024,27902,0,0,home_win,0,logistic_regression,4,Bochum,RasenBallsport Leipzig,Bundesliga,18,18,0.2865013774104683,0.2718089990817264,0.4416896235078053,0.5583103764921947,0.7134986225895317,3.33,3.51,2.16,1.7911184210526314,1.4015444015444016,1.048163548163548,closing,market_average_close,0.6902034378655036,0.30979656213449636,0.30979656213449636,0.6902034378655036,market_only,development,2024,1,0.02329518472402803,-0.02329518472402803
89,2025-01-18 14:30:00,2024,27903,0,0,home_win,0,logistic_regression,4,Holstein Kiel,Hoffenheim,Bundesliga,18,18,0.3324342575516442,0.2765467591806431,0.3910189832677126,0.6089810167322873,0.6675657424483559,2.87,3.45,2.44,1.6420873106453622,1.4979798039552066,1.0481231937866675,closing,market_average_close,0.6404434790915281,0.35955652090847184,0.35955652090847184,0.6404434790915281,market_only,development,2024,1,0.02712226335682766,-0.02712226335682777
90,2025-01-18 17:30:00,2024,27895,1,1,home_win,1,logistic_regression,4,Bayer Leverkusen,Borussia M.Gladbach,Bundesliga,18,18,0.7572429321132784,0.1526601751140369,0.0900968927726846,0.9099031072273154,0.2427570678867216,1.26,6.25,10.59,1.0990181174864109,4.119344531161633,1.048079499977517,closing,market_average_close,0.18285289665132565,0.8171471033486744,0.8171471033486744,0.18285289665132565,market_only,development,2024,0,0.05990417123539593,-0.05990417123539596
91,2025-01-19 14:30:00,2024,27901,1,1,home_win,0,logistic_regression,4,Union Berlin,Mainz 05,Bundesliga,18,18,0.3431373340980508,0.3009216999345682,0.355940965967381,0.644059034032619,0.6568626659019492,2.78,3.17,2.68,1.5526527028721937,1.5223882432515528,1.0483039718232476,closing,market_average_close,0.6409425681684688,0.3590574318315311,0.3590574318315311,0.6409425681684688,market_only,development,2024,0,0.0159200977334803,-0.015920097733480354
92,2025-01-19 16:30:00,2024,27900,0,0,home_win,1,logistic_regression,4,Werder Bremen,Augsburg,Bundesliga,18,18,0.4982120103580089,0.2571416827654239,0.244646306876567,0.7553536931234328,0.501787989641991,1.92,3.72,3.91,1.3238831147630192,1.992873525557012,1.0454050133377335,closing,market_average_close,0.48188333339301637,0.5181166666069836,0.5181166666069836,0.48188333339301637,market_only,development,2024,1,0.01990465624897475,-0.01990465624897464
93,2025-01-24 19:30:00,2024,27910,0,0,home_win,1,logistic_regression,4,Wolfsburg,Holstein Kiel,Bundesliga,19,19,0.6535612077286506,0.1959341608385687,0.1505046314327807,0.8494953685672193,0.3464387922713494,1.46,4.87,6.34,1.1771694549513856,2.8865127760194547,1.0479990225088285,closing,market_average_close,0.29173567247057064,0.7082643275294294,0.7082643275294294,0.29173567247057064,market_only,development,2024,1,0.0547031198007788,-0.05470311980077874
94,2025-01-25 14:30:00,2024,27904,0,0,home_win,0,logistic_regression,4,RasenBallsport Leipzig,Bayer Leverkusen,Bundesliga,19,19,0.268218374560898,0.2704978508319537,0.4612837746071482,0.5387162253928517,0.7317816254391021,3.56,3.53,2.07,1.8562648623971985,1.3665278892455857,1.047276782824278,closing,market_average_close,0.7224842676007487,0.2775157323992513,0.2775157323992513,0.7224842676007487,market_only,development,2024,1,0.009297357838353337,-0.009297357838353393
94,2025-01-25 14:30:00,2024,27905,0,0,home_win,0,logistic_regression,4,Borussia Dortmund,Werder Bremen,,,,,,,,,,,,,,,,,0.5676436526632789,0.4323563473367211,0.4323563473367211,0.5676436526632789,market_only,development,2024,1,,
94,2025-01-25 14:30:00,2024,27909,1,1,home_win,0,logistic_regression,4,Mainz 05,VfB Stuttgart,Bundesliga,19,19,0.2948073894400441,0.2768625918219545,0.4283300187380014,0.5716699812619986,0.705192610559956,3.24,3.45,2.23,1.7492609945906814,1.4180522952529993,1.0469275410459526,closing,market_average_close,0.6970240515094894,0.30297594849051057,0.30297594849051057,0.6970240515094894,market_only,development,2024,0,0.008168559050466484,-0.00816855905046654
94,2025-01-25 14:30:00,2024,27911,1,1,home_win,1,logistic_regression,4,Augsburg,FC Heidenheim,Bundesliga,19,19,0.4843786927980076,0.2703189871988881,0.2453023200031041,0.7546976799968959,0.5156213072019923,1.97,3.53,3.89,1.3250338864220612,1.9394078290256815,1.0479697409184994,closing,market_average_close,0.48308109058340365,0.5169189094165964,0.5169189094165964,0.48308109058340365,market_only,development,2024,0,0.032540216618588746,-0.032540216618588635
94,2025-01-25 14:30:00,2024,27912,0,0,home_win,0,logistic_regression,4,Freiburg,Bayern Munich,Bundesliga,19,19,0.0817514462754495,0.1426067829647976,0.7756417707597529,0.2243582292402471,0.9182485537245504,11.67,6.69,1.23,4.457157659811893,1.089029757731557,1.048174764085935,closing,market_average_close,0.9352871584923728,0.06471284150762724,0.06471284150762724,0.9352871584923728,market_only,development,2024,1,-0.017038604767822263,0.017038604767822374
95,2025-01-25 17:30:00,2024,27908,1,1,home_win,1,logistic_regression,4,Borussia M.Gladbach,Bochum,Bundesliga,19,19,0.5477006179003678,0.240050144873209,0.2122492372264231,0.7877507627735769,0.4522993820996323,1.74,3.97,4.49,1.2694370443757093,2.210924974864813,1.049318961664394,closing,market_average_close,0.3951664971266864,0.6048335028733136,0.6048335028733136,0.3951664971266864,market_only,development,2024,0,0.057132884972945774,-0.057132884972945885
96,2025-01-26 14:30:00,2024,27906,0,0,home_win,0,logistic_regression,4,Hoffenheim,Eintracht Frankfurt,Bundesliga,19,19,0.2904985112467202,0.2514076825565284,0.4580938061967512,0.5419061938032487,0.7095014887532796,3.28,3.79,2.08,1.8453378304863453,1.4094403124610464,1.049499522293782,closing,market_average_close,0.6698596167518993,0.3301403832481007,0.3301403832481007,0.6698596167518993,market_only,development,2024,1,0.039641872001380474,-0.03964187200138025
97,2025-01-26 16:30:00,2024,27907,1,1,home_win,0,logistic_regression,4,St. Pauli,Union Berlin,Bundesliga,19,19,0.4015865146256817,0.3034209221616261,0.294992563212692,0.7050074367873078,0.5984134853743182,2.38,3.15,3.24,1.418424753867792,1.6710853355426682,1.0462703599958505,closing,market_average_close,0.5842941238948556,0.4157058761051444,0.4157058761051444,0.5842941238948556,market_only,development,2024,0,0.014119361479462744,-0.014119361479462578
98,2025-01-31 19:30:00,2024,27921,1,1,home_win,0,logistic_regression,4,Werder Bremen,Mainz 05,Bundesliga,20,20,0.4048688419956222,0.2818555950176012,0.3132755629867765,0.6867244370132235,0.5951311580043778,2.36,3.39,3.05,1.4561881682109763,1.6803018738814612,1.0465829167558016,closing,market_average_close,0.5741541631786382,0.42584583682136185,0.42584583682136185,0.5741541631786382,market_only,development,2024,0,0.02097699482573967,-0.02097699482573956
99,2025-02-01 14:30:00,2024,27914,0,0,home_win,0,logistic_regression,4,Bochum,Freiburg,Bundesliga,20,20,0.3429610131133332,0.2889186716530504,0.3681203152336163,0.6318796847663837,0.6570389868866667,2.78,3.3,2.59,1.5825797602113392,1.521979699771592,1.0488429193465163,closing,market_average_close,0.6137020002758209,0.3862979997241791,0.3862979997241791,0.6137020002758209,market_only,development,2024,1,0.043336986610845896,-0.04333698661084584
99,2025-02-01 14:30:00,2024,27915,0,0,home_win,0,logistic_regression,4,St. Pauli,Augsburg,Bundesliga,20,20,0.4486216284570867,0.2931178124581579,0.2582605590847553,0.7417394409152447,0.5513783715429132,2.13,3.26,3.7,1.348182319610891,1.813636608925584,1.0465023046030564,closing,market_average_close,0.523872929279896,0.476127070720104,0.476127070720104,0.523872929279896,market_only,development,2024,1,0.02750544226301732,-0.02750544226301721
99,2025-02-01 14:30:00,2024,27917,0,0,home_win,1,logistic_regression,4,VfB Stuttgart,Borussia M.Gladbach,Bundesliga,20,20,0.5755401387512389,0.2237462834489593,0.2007135777998017,0.7992864222001983,0.4244598612487611,1.66,4.27,4.76,1.2511159607181823,2.355935369384515,1.0466857096383884,closing,market_average_close,0.3840493376240287,0.6159506623759713,0.6159506623759713,0.3840493376240287,market_only,development,2024,1,0.04041052362473241,-0.04041052362473241
99,2025-02-01 14:30:00,2024,27918,1,1,home_win,1,logistic_regression,4,Bayern Munich,Holstein Kiel,Bundesliga,20,20,0.924822886041101,0.0531977766306828,0.0219793373282162,0.9780206626717838,0.0751771139588991,1.04,18.08,43.76,1.0224732852455003,13.301920589113342,1.0397001156129788,closing,market_average_close,0.030499128696143685,0.9695008713038563,0.9695008713038563,0.030499128696143685,market_only,development,2024,0,0.04467798526275535,-0.04467798526275542
99,2025-02-01 14:30:00,2024,27920,0,0,home_win,0,logistic_regression,4,FC Heidenheim,Borussia Dortmund,,,,,,,,,,,,,,,,,0.5628854476384645,0.4371145523615355,0.4371145523615355,0.5628854476384645,market_only,development,2024,1,,
100,2025-02-01 17:30:00,2024,27913,0,0,home_win,0,logistic_regression,4,Union Berlin,RasenBallsport Leipzig,Bundesliga,20,20,0.3132212279558395,0.2785203338965919,0.4082584381475685,0.5917415618524314,0.6867787720441605,3.05,3.43,2.34,1.6899269283528544,1.4560729607637015,1.046764469313817,closing,market_average_close,0.6767821366323674,0.32321786336763264,0.32321786336763264,0.6767821366323674,market_only,development,2024,1,0.009996635411793131,-0.009996635411793076
101,2025-02-02 14:30:00,2024,27919,0,0,home_win,0,logistic_regression,4,Eintracht Frankfurt,Wolfsburg,Bundesliga,20,20,0.4638862932897272,0.2669289844069379,0.2691847223033347,0.7308152776966652,0.5361137067102726,2.06,3.58,3.55,1.3683348316851465,1.865275943299882,1.0464566429875015,closing,market_average_close,0.5195450495576113,0.4804549504423887,0.4804549504423887,0.5195450495576113,market_only,development,2024,1,0.01656865715266148,-0.016568657152661315
102,2025-02-02 16:30:00,2024,27916,1,1,home_win,1,logistic_regression,4,Bayer Leverkusen,Hoffenheim,Bundesliga,20,20,0.8388984202227358,0.1025020577764114,0.0585995220008528,0.9414004779991472,0.1611015797772643,1.14,9.33,16.32,1.0622471768076858,6.20726377346876,1.0456486283801047,closing,market_average_close,0.11525643331383373,0.8847435666861663,0.8847435666861663,0.11525643331383373,market_only,development,2024,0,0.04584514646343052,-0.045845146463430575
103,2025-02-07 19:30:00,2024,27922,1,1,home_win,1,logistic_regression,4,Bayern Munich,Werder Bremen,Bundesliga,21,21,0.8724196216643889,0.0803064086887722,0.0472739696468388,0.9527260303531612,0.127580378335611,1.1,11.95,20.3,1.0496196893343148,7.838195912614516,1.0420340012029523,closing,market_average_close,0.08473596910381209,0.9152640308961879,0.9152640308961879,0.08473596910381209,market_only,development,2024,0,0.042844409231799,-0.04284440923179891
104,2025-02-08 14:30:00,2024,27924,0,0,home_win,0,logistic_regression,4,Borussia Dortmund,VfB Stuttgart,,,,,,,,,,,,,,,,,0.5699856470268794,0.4300143529731207,0.4300143529731207,0.5699856470268794,market_only,development,2024,1,,
104,2025-02-08 14:30:00,2024,27925,0,0,home_win,0,logistic_regression,4,Hoffenheim,Union Berlin,Bundesliga,21,21,0.4096935700709285,0.2739094154188493,0.316397014510222,0.6836029854897778,0.5903064299290713,2.34,3.5,3.03,1.462837379628374,1.6940354183845765,1.0430977163650432,closing,market_average_close,0.6106996816226617,0.3893003183773382,0.3893003183773382,0.6106996816226617,market_only,development,2024,1,-0.020393251693590297,0.02039325169359041
104,2025-02-08 14:30:00,2024,27926,1,1,home_win,1,logistic_regression,4,Freiburg,FC Heidenheim,Bundesliga,21,21,0.5621529692692829,0.2508294088603099,0.1870176218704072,0.8129823781295928,0.4378470307307172,1.7,3.81,5.11,1.2300389613618363,2.283902664204695,1.0463972019613583,closing,market_average_close,0.41426906306462974,0.5857309369353703,0.5857309369353703,0.41426906306462974,market_only,development,2024,0,0.02357796766608733,-0.02357796766608744
104,2025-02-08 14:30:00,2024,27927,0,0,home_win,0,logistic_regression,4,Wolfsburg,Bayer Leverkusen,Bundesliga,21,21,0.2643151183700159,0.2864732720058257,0.4492116096241585,0.5507883903758416,0.7356848816299841,3.62,3.34,2.13,1.8155792995521016,1.3592776268344662,1.0451278596025595,closing,market_average_close,0.7441348278675536,0.2558651721324464,0.2558651721324464,0.7441348278675536,market_only,development,2024,1,-0.008449946237569506,0.00844994623756945
104,2025-02-08 14:30:00,2024,27928,0,0,home_win,1,logistic_regression,4,Mainz 05,Augsburg,Bundesliga,21,21,0.529021174139585,0.2689686306720924,0.2020101951883225,0.7979898048116775,0.4709788258604149,1.81,3.56,4.74,1.2531488422160937,2.1232377021899755,1.0443555283848194,closing,market_average_close,0.4695182234999653,0.5304817765000347,0.5304817765000347,0.4695182234999653,market_only,development,2024,1,0.0014606023604496476,-0.0014606023604495921
105,2025-02-08 17:30:00,2024,27929,0,0,home_win,0,logistic_regression,4,Borussia M.Gladbach,Eintracht Frankfurt,Bundesliga,21,21,0.3706922878150767,0.2656628062674717,0.3636449059174517,0.6363550940825484,0.6293077121849234,2.58,3.6,2.63,1.5714496659160542,1.5890477434767998,1.045602813884713,closing,market_average_close,0.6336579778358392,0.3663420221641608,0.3663420221641608,0.6336579778358392,market_only,development,2024,1,-0.0043502656509158966,0.0043502656509157855
106,2025-02-09 13:30:00,2024,27930,0,0,home_win,0,logistic_regression,4,Holstein Kiel,Bochum,Bundesliga,21,21,0.4164321631222033,0.2705632698251603,0.3130045670526364,0.6869954329473636,0.5835678368777968,2.3,3.54,3.06,1.455613752350255,1.713596837944664,1.0440658700227818,closing,market_average_close,0.5998813443753477,0.4001186556246523,0.4001186556246523,0.5998813443753477,market_only,development,2024,1,-0.016313507497551005,0.016313507497550894
107,2025-02-09 16:30:00,2024,27923,1,1,home_win,1,logistic_regression,4,RasenBallsport Leipzig,St. Pauli,Bundesliga,21,21,0.573292533453751,0.239349632716941,0.187357833829308,0.812642166170692,0.426707466546249,1.67,4.0,5.11,1.2305539161377388,2.343525900997128,1.0444971114522423,closing,market_average_close,0.4218877526477105,0.5781122473522895,0.5781122473522895,0.4218877526477105,market_only,development,2024,0,0.004819713898538525,-0.004819713898538525
108,2025-02-14 19:30:00,2024,27936,0,0,home_win,0,logistic_regression,4,Augsburg,RasenBallsport Leipzig,Bundesliga,22,22,0.3128419369503535,0.2866156667868508,0.4005423962627956,0.5994576037372044,0.6871580630496464,3.06,3.34,2.39,1.6681746861924684,1.4552692513887464,1.0446086250667097,closing,market_average_close,0.704776602210254,0.295223397789746,0.295223397789746,0.704776602210254,market_only,development,2024,1,-0.017618539160607516,0.017618539160607516
109,2025-02-15 14:30:00,2024,27932,0,0,home_win,1,logistic_regression,4,VfB Stuttgart,Wolfsburg,Bundesliga,22,22,0.6070447265753479,0.2126675538778381,0.1802877195468138,0.819712280453186,0.392955273424652,1.58,4.51,5.32,1.219940244700421,2.5448188830369447,1.0426108072392664,closing,market_average_close,0.3974003701756329,0.6025996298243671,0.6025996298243671,0.3974003701756329,market_only,development,2024,1,-0.004445096750980815,0.004445096750980926
109,2025-02-15 14:30:00,2024,27937,0,0,home_win,0,logistic_regression,4,Union Berlin,Borussia M.Gladbach,Bundesliga,22,22,0.4464580512325871,0.2703900873662147,0.2831518614011983,0.7168481385988018,0.553541948767413,2.15,3.55,3.39,1.394995601097138,1.8065478185108237,1.041791670652301,closing,market_average_close,0.5885628607983675,0.41143713920163244,0.41143713920163244,0.5885628607983675,market_only,development,2024,1,-0.03502091203095464,0.035020912030954476
109,2025-02-15 14:30:00,2024,27938,1,1,home_win,0,logistic_regression,4,Bochum,Borussia Dortmund,,,,,,,,,,,,,,,,,0.5751994322912288,0.4248005677087711,0.4248005677087711,0.5751994322912288,market_only,development,2024,0,,
109,2025-02-15 14:30:00,2024,27939,0,0,home_win,0,logistic_regression,4,St. Pauli,Freiburg,Bundesliga,22,22,0.3838564454747569,0.308566274497393,0.30757728002785,0.69242271997215,0.616143554525243,2.5,3.11,3.12,1.4442044883221352,1.6229983948635636,1.0420562288729491,closing,market_average_close,0.6532761288332967,0.3467238711667033,0.3467238711667033,0.6532761288332967,market_only,development,2024,1,-0.03713257430805361,0.03713257430805361
110,2025-02-15 17:30:00,2024,27931,0,0,home_win,0,logistic_regression,4,Bayer Leverkusen,Bayern Munich,Bundesliga,22,22,0.3141751053792688,0.2745656365062377,0.4112592581144935,0.5887407418855065,0.6858248946207313,3.05,3.49,2.33,1.6985405100339936,1.45809813531632,1.043586353104638,closing,market_average_close,0.7131312994489879,0.2868687005510121,0.2868687005510121,0.7131312994489879,market_only,development,2024,1,-0.027306404828256692,0.027306404828256636
111,2025-02-16 14:30:00,2024,27935,0,0,home_win,1,logistic_regression,4,Werder Bremen,Hoffenheim,Bundesliga,22,22,0.5083910043324672,0.2508596031876741,0.2407493924798585,0.7592506075201413,0.4916089956675326,1.88,3.81,3.97,1.317088178916567,2.03413690313406,1.0462712539838144,closing,market_average_close,0.4798068847012398,0.5201931152987602,0.5201931152987602,0.4798068847012398,market_only,development,2024,1,0.011802110966293022,-0.0118021109662928
112,2025-02-16 16:30:00,2024,27933,1,1,home_win,1,logistic_regression,4,Eintracht Frankfurt,Holstein Kiel,Bundesliga,22,22,0.7167731466789612,0.1696954092844184,0.1135314440366203,0.8864685559633796,0.2832268533210387,1.34,5.66,8.46,1.1280715974332995,3.530738657984864,1.041150411638771,closing,market_average_close,0.28219518120403486,0.7178048187959651,0.7178048187959651,0.28219518120403486,market_only,development,2024,0,0.0010316721170039456,-0.0010316721170038345
113,2025-02-16 18:30:00,2024,27934,0,0,home_win,0,logistic_regression,4,FC Heidenheim,Mainz 05,Bundesliga,22,22,0.2576224324294904,0.2794039208856281,0.4629736466848814,0.5370263533151185,0.7423775675705095,3.72,3.43,2.07,1.8621060099320967,1.347023460410557,1.043454181245062,closing,market_average_close,0.7716933087588903,0.2283066912411097,0.2283066912411097,0.7716933087588903,market_only,development,2024,1,-0.029315741188380706,0.02931574118838076
114,2025-02-21 19:30:00,2024,27944,1,1,home_win,0,logistic_regression,4,Freiburg,Werder Bremen,Bundesliga,23,23,0.4815652265505679,0.274588768147745,0.2438460053016871,0.7561539946983129,0.5184347734494321,1.99,3.49,3.93,1.3224819375568806,1.928882959270747,1.04349844031212,closing,market_average_close,0.5382006400684995,0.46179935993150045,0.46179935993150045,0.5382006400684995,market_only,development,2024,0,-0.01976586661906743,0.01976586661906743
115,2025-02-22 14:30:00,2024,27945,0,0,home_win,1,logistic_regression,4,Wolfsburg,Bochum,Bundesliga,23,23,0.5884756954993856,0.2230733450381392,0.1884509594624751,0.8115490405375247,0.4115243045006144,1.63,4.3,5.09,1.2322114253719725,2.429990134394376,1.0425187262741895,closing,market_average_close,0.42127040819283823,0.5787295918071618,0.5787295918071618,0.42127040819283823,market_only,development,2024,1,-0.00974610369222384,0.00974610369222384
115,2025-02-22 14:30:00,2024,27946,1,1,home_win,1,logistic_regression,4,Mainz 05,St. Pauli,Bundesliga,23,23,0.5452588513730481,0.2658325701984944,0.1889085784284575,0.8110914215715425,0.4547411486269519,1.76,3.61,5.08,1.2329066408598366,2.1990532482477247,1.0420405221319131,closing,market_average_close,0.47643756553812067,0.5235624344618793,0.5235624344618793,0.47643756553812067,market_only,development,2024,0,-0.021696416911168748,0.021696416911168748
115,2025-02-22 14:30:00,2024,27947,0,0,home_win,0,logistic_regression,4,Borussia M.Gladbach,Augsburg,Bundesliga,23,23,0.4940982706560527,0.2662640680757617,0.2396376612681855,0.7603623387318145,0.5059017293439473,1.94,3.6,4.0,1.3151624548736462,1.9766684753119916,1.043241695303551,closing,market_average_close,0.5246514682464232,0.4753485317535768,0.4753485317535768,0.5246514682464232,market_only,development,2024,1,-0.018749738902475943,0.018749738902475888
115,2025-02-22 14:30:00,2024,27948,0,0,home_win,0,logistic_regression,4,Holstein Kiel,Bayer Leverkusen,Bundesliga,23,23,0.0659600270896004,0.137022978911061,0.7970169939993386,0.2029830060006615,0.9340399729103996,14.5,6.98,1.2,4.926520794537554,1.0706179917376275,1.0455653262194118,closing,market_average_close,0.9616377735969104,0.03836222640308956,0.03836222640308956,0.9616377735969104,market_only,development,2024,1,-0.02759780068651084,0.027597800686510743
116,2025-02-22 17:30:00,2024,27942,1,1,home_win,0,logistic_regression,4,Borussia Dortmund,Union Berlin,,,,,,,,,,,,,,,,,0.5794420545102621,0.42055794548973796,0.42055794548973796,0.5794420545102621,market_only,development,2024,0,,
117,2025-02-23 14:30:00,2024,27941,0,0,home_win,1,logistic_regression,4,RasenBallsport Leipzig,FC Heidenheim,Bundesliga,23,23,0.7299035325957348,0.1692342703894535,0.1008621970148114,0.8991378029851884,0.270096467404265,1.31,5.65,9.48,1.1121765725786896,3.702380892317473,1.0458351611359429,closing,market_average_close,0.22361525377380775,0.7763847462261922,0.7763847462261922,0.22361525377380775,market_only,development,2024,1,0.04648121363045743,-0.04648121363045726
118,2025-02-23 16:30:00,2024,27940,1,1,home_win,1,logistic_regression,4,Bayern Munich,Eintracht Frankfurt,Bundesliga,23,23,0.7620923593275144,0.1436825715172538,0.0942250691552317,0.9057749308447682,0.2379076406724856,1.25,6.63,10.11,1.1040270225489162,4.203311827956989,1.0497415309424387,closing,market_average_close,0.17685754610243132,0.8231424538975687,0.8231424538975687,0.17685754610243132,market_only,development,2024,0,0.06105009457005428,-0.06105009457005428
119,2025-02-23 18:30:00,2024,27943,0,0,home_win,0,logistic_regression,4,Hoffenheim,VfB Stuttgart,Bundesliga,23,23,0.2805220410175085,0.2491910078649036,0.4702869511175878,0.5297130488824121,0.7194779589824915,3.42,3.85,2.04,1.8878145481025976,1.3898966431358533,1.0423339989903455,closing,market_average_close,0.7604164515395482,0.23958354846045177,0.23958354846045177,0.7604164515395482,market_only,development,2024,1,-0.04093849255705673,0.04093849255705673
120,2025-02-28 19:30:00,2024,27949,0,0,home_win,0,logistic_regression,4,VfB Stuttgart,Bayern Munich,Bundesliga,24,24,0.2152508377271471,0.233014256374533,0.5517349058983196,0.4482650941016802,0.7847491622728527,4.46,4.12,1.74,2.230822817029713,1.2742925358514825,1.041646336916874,closing,market_average_close,0.8269072077547653,0.17309279224523466,0.17309279224523466,0.8269072077547653,market_only,development,2024,1,-0.04215804548191243,0.0421580454819126
121,2025-03-01 14:30:00,2024,27950,0,0,home_win,0,logistic_regression,4,RasenBallsport Leipzig,Mainz 05,Bundesliga,24,24,0.4962874810087077,0.2574824834265606,0.2462300355647315,0.7537699644352683,0.5037125189912922,1.93,3.72,3.89,1.3266646950428829,1.985259373744664,1.044021328067342,closing,market_average_close,0.5156656459252331,0.4843343540747668,0.4843343540747668,0.5156656459252331,market_only,development,2024,1,-0.01195312693394085,0.011953126933940905
121,2025-03-01 14:30:00,2024,27952,0,0,home_win,0,logistic_regression,4,FC Heidenheim,Borussia M.Gladbach,Bundesliga,24,24,0.3535565762399933,0.2793406185453008,0.3671028052147057,0.6328971947852942,0.6464434237600065,2.71,3.43,2.61,1.580035443733074,1.546925783827375,1.043690641993381,closing,market_average_close,0.6784879174716762,0.3215120825283237,0.3215120825283237,0.6784879174716762,market_only,development,2024,1,-0.03204449371166962,0.03204449371166973
121,2025-03-01 14:30:00,2024,27953,0,0,home_win,0,logistic_regression,4,Werder Bremen,Wolfsburg,Bundesliga,24,24,0.3154369674543642,0.2747645791006496,0.409798453444986,0.5902015465550139,0.6845630325456357,3.04,3.49,2.34,1.6943364615646397,1.4607858625981764,1.0428307470608784,closing,market_average_close,0.7246218382945077,0.27537816170549234,0.27537816170549234,0.7246218382945077,market_only,development,2024,1,-0.040058805748871884,0.040058805748871995
121,2025-03-01 14:30:00,2024,27956,0,0,home_win,0,logistic_regression,4,St. Pauli,Borussia Dortmund,,,,,,,,,,,,,,,,,0.5793826876319272,0.4206173123680728,0.4206173123680728,0.5793826876319272,market_only,development,2024,1,,
121,2025-03-01 14:30:00,2024,27957,0,0,home_win,0,logistic_regression,4,Bochum,Hoffenheim,Bundesliga,24,24,0.3915729218322315,0.2764707949535929,0.3319562832141755,0.6680437167858244,0.6084270781677684,2.45,3.47,2.89,1.496908023940896,1.6435823385958157,1.042368464592143,closing,market_average_close,0.6486511987516115,0.35134880124838846,0.35134880124838846,0.6486511987516115,market_only,development,2024,1,-0.04022412058384306,0.04022412058384306
122,2025-03-01 17:30:00,2024,27951,0,0,home_win,0,logistic_regression,4,Eintracht Frankfurt,Bayer Leverkusen,Bundesliga,24,24,0.2294260400988775,0.246529780877457,0.5240441790236655,0.4759558209763345,0.7705739599011225,4.18,3.89,1.83,2.101035339684861,1.2977339645999932,1.0427519459328194,closing,market_average_close,0.8126685273983749,0.18733147260162505,0.18733147260162505,0.8126685273983749,market_only,development,2024,1,-0.04209456749725243,0.04209456749725238
123,2025-03-02 14:30:00,2024,27955,0,0,home_win,1,logistic_regression,4,Union Berlin,Holstein Kiel,Bundesliga,24,24,0.6102366568069927,0.225428600279289,0.1643347429137184,0.8356652570862817,0.3897633431930075,1.57,4.25,5.83,1.196651400211019,2.565659437872813,1.0437633794272203,closing,market_average_close,0.3853570884807309,0.6146429115192691,0.6146429115192691,0.3853570884807309,market_only,development,2024,1,0.004406254712276403,-0.004406254712276569
124,2025-03-02 16:30:00,2024,27954,0,0,home_win,0,logistic_regression,4,Augsburg,Freiburg,Bundesliga,24,24,0.3804492882562277,0.3082740213523132,0.311276690391459,0.6887233096085409,0.6195507117437722,2.52,3.11,3.08,1.451961892459228,1.614072877400826,1.0430441298608502,closing,market_average_close,0.6615144820705411,0.3384855179294589,0.3384855179294589,0.6615144820705411,market_only,development,2024,1,-0.04196377032676879,0.0419637703267689
125,2025-03-07 19:30:00,2024,27965,0,0,home_win,0,logistic_regression,4,Borussia M.Gladbach,Mainz 05,Bundesliga,25,25,0.3537633050124759,0.2803212153753829,0.3659154796121411,0.6340845203878589,0.646236694987524,2.71,3.42,2.62,1.5770768215384232,1.5474206397693118,1.0430807401685909,closing,market_average_close,0.6905433584754836,0.3094566415245163,0.3094566415245163,0.6905433584754836,market_only,development,2024,1,-0.044306663487959586,0.04430666348795964
126,2025-03-08 14:30:00,2024,27958,0,0,home_win,1,logistic_regression,4,Bayer Leverkusen,Werder Bremen,Bundesliga,25,25,0.7180333959421246,0.1749055708064149,0.1070610332514603,0.8929389667485396,0.2819666040578752,1.33,5.46,8.92,1.1198973695159726,3.5465192884854697,1.0471375057166892,closing,market_average_close,0.23559500369673414,0.7644049963032659,0.7644049963032659,0.23559500369673414,market_only,development,2024,1,0.046371600361141296,-0.046371600361141074
126,2025-03-08 14:30:00,2024,27959,0,0,home_win,1,logistic_regression,4,Bayern Munich,Bochum,Bundesliga,25,25,0.8175486683378902,0.1169354452268131,0.0655158864352966,0.9344841135647032,0.1824513316621098,1.17,8.18,14.6,1.0701091495128563,5.480913681967238,1.0454433941388426,closing,market_average_close,0.13491773089241632,0.8650822691075837,0.8650822691075837,0.13491773089241632,market_only,development,2024,1,0.047533600769693485,-0.047533600769693485
126,2025-03-08 14:30:00,2024,27960,0,0,home_win,0,logistic_regression,4,Borussia Dortmund,Augsburg,,,,,,,,,,,,,,,,,0.5885410395091482,0.4114589604908519,0.4114589604908519,0.5885410395091482,market_only,development,2024,1,,
126,2025-03-08 14:30:00,2024,27964,0,0,home_win,1,logistic_regression,4,Wolfsburg,St. Pauli,Bundesliga,25,25,0.5232840284796908,0.2689915090218636,0.2077244624984456,0.7922755375015544,0.4767159715203092,1.83,3.56,4.61,1.2621871465999135,2.0976851201583826,1.0442667035325006,closing,market_average_close,0.4891291379208117,0.5108708620791883,0.5108708620791883,0.4891291379208117,market_only,development,2024,1,-0.012413166400502496,0.012413166400502496
126,2025-03-08 14:30:00,2024,27966,0,0,home_win,0,logistic_regression,4,Holstein Kiel,VfB Stuttgart,Bundesliga,25,25,0.1609485779480075,0.2016950533778828,0.6373563686741097,0.3626436313258903,0.8390514220519926,5.94,4.74,1.5,2.75752808988764,1.1918220668220667,1.045987299151856,closing,market_average_close,0.8618794450312446,0.1381205549687554,0.1381205549687554,0.8618794450312446,market_only,development,2024,1,-0.0228280229792521,0.022828022979252016
127,2025-03-08 17:30:00,2024,27963,0,0,home_win,0,logistic_regression,4,Freiburg,RasenBallsport Leipzig,Bundesliga,25,25,0.3738566042538299,0.2891458933201826,0.3369975024259876,0.6630024975740125,0.6261433957461702,2.56,3.31,2.84,1.5082899440938646,1.5970782520325202,1.0448524796817156,closing,market_average_close,0.6549559947368524,0.34504400526314755,0.34504400526314755,0.6549559947368524,market_only,development,2024,1,-0.028812598990682337,0.028812598990682226
128,2025-03-09 14:30:00,2024,27961,0,0,home_win,0,logistic_regression,4,Eintracht Frankfurt,Union Berlin,Bundesliga,25,25,0.4838757209615627,0.2646613059403022,0.2514629730981349,0.748537026901865,0.5161242790384372,1.98,3.62,3.81,1.335939257592801,1.9375178433051925,1.043760790574207,closing,market_average_close,0.5471876953390209,0.4528123046609791,0.4528123046609791,0.5471876953390209,market_only,development,2024,1,-0.031063416300583624,0.031063416300583735
129,2025-03-09 16:30:00,2024,27962,0,0,home_win,0,logistic_regression,4,Hoffenheim,FC Heidenheim,Bundesliga,25,25,0.5066666666666667,0.2533333333333333,0.2399999999999999,0.76,0.4933333333333333,1.89,3.78,3.99,1.3157894736842106,2.027027027027027,1.0442773600668338,closing,market_average_close,0.5194861877784799,0.4805138122215201,0.4805138122215201,0.5194861877784799,market_only,development,2024,1,-0.02615285444514659,0.02615285444514659
130,2025-03-14 19:30:00,2024,27975,1,1,home_win,0,logistic_regression,4,St. Pauli,Hoffenheim,Bundesliga,26,26,0.414791780281494,0.2957311766821763,0.2894770430363296,0.7105229569636704,0.585208219718506,2.31,3.24,3.31,1.407414060586266,1.708793496579756,1.0436572118344525,closing,market_average_close,0.6242732800799603,0.3757267199200397,0.3757267199200397,0.6242732800799603,market_only,development,2024,0,-0.039065060361454296,0.039065060361454296
131,2025-03-15 14:30:00,2024,27970,0,0,home_win,0,logistic_regression,4,Werder Bremen,Borussia M.Gladbach,Bundesliga,26,26,0.4279098276918885,0.2618901677677132,0.3102000045403982,0.6897999954596017,0.5720901723081114,2.24,3.66,3.09,1.4496955734737538,1.7479761904761904,1.043277210613674,closing,market_average_close,0.6115610270833345,0.38843897291666557,0.38843897291666557,0.6115610270833345,market_only,development,2024,1,-0.03947085477522294,0.03947085477522305
131,2025-03-15 14:30:00,2024,27971,1,1,home_win,0,logistic_regression,4,Augsburg,Wolfsburg,Bundesliga,26,26,0.3868017234862801,0.2957895532542142,0.3174087232595056,0.6825912767404944,0.6131982765137198,2.47,3.23,3.01,1.4650055370985604,1.630793885601578,1.0466817364362184,closing,market_average_close,0.6302164301434832,0.3697835698565169,0.3697835698565169,0.6302164301434832,market_only,development,2024,0,-0.017018153629763222,0.017018153629763333
131,2025-03-15 14:30:00,2024,27972,0,0,home_win,1,logistic_regression,4,Mainz 05,Freiburg,Bundesliga,26,26,0.5186685361167368,0.2711221893337488,0.2102092745495144,0.7897907254504857,0.4813314638832633,1.84,3.52,4.54,1.2661581958051151,2.077570395943467,1.047833487141091,closing,market_average_close,0.4793154648133411,0.5206845351866589,0.5206845351866589,0.4793154648133411,market_only,development,2024,1,0.002015999069922114,-0.0020159990699222252
131,2025-03-15 14:30:00,2024,27973,0,0,home_win,0,logistic_regression,4,Union Berlin,Bayern Munich,Bundesliga,26,26,0.1036374046951752,0.1763553626857125,0.7200072326191123,0.2799927673808878,0.8963625953048249,9.24,5.43,1.33,3.5715208266063927,1.1156199569661107,1.0442668700883295,closing,market_average_close,0.9264922465569,0.07350775344309998,0.07350775344309998,0.9264922465569,market_only,development,2024,1,-0.030129651252075215,0.030129651252075118
132,2025-03-15 17:30:00,2024,27968,1,1,home_win,0,logistic_regression,4,RasenBallsport Leipzig,Borussia Dortmund,,,,,,,,,,,,,,,,,0.5924977922588539,0.4075022077411461,0.4075022077411461,0.5924977922588539,market_only,development,2024,0,,
133,2025-03-16 15:30:00,2024,27974,0,0,home_win,0,logistic_regression,4,Bochum,Eintracht Frankfurt,Bundesliga,26,26,0.352779165797788,0.2708304643943358,0.3763903698078761,0.6236096301921239,0.647220834202212,2.71,3.53,2.54,1.6035672824550775,1.545067691204095,1.0459905964186451,closing,market_average_close,0.668787194505526,0.33121280549447396,0.33121280549447396,0.668787194505526,market_only,development,2024,1,-0.021566360303314047,0.021566360303314047
134,2025-03-16 16:30:00,2024,27969,1,1,home_win,0,logistic_regression,4,FC Heidenheim,Holstein Kiel,Bundesliga,26,26,0.4686808178148196,0.2700872509441334,0.261231931241047,0.7387680687589531,0.5313191821851804,2.04,3.54,3.66,1.353604794641283,1.8821078431372549,1.0459059978534342,closing,market_average_close,0.5491973355836286,0.45080266441637146,0.45080266441637146,0.5491973355836286,market_only,development,2024,0,-0.017878153398448116,0.017878153398448227
135,2025-03-16 18:30:00,2024,27967,0,0,home_win,0,logistic_regression,4,VfB Stuttgart,Bayer Leverkusen,Bundesliga,26,26,0.2921854709342296,0.2818730425483157,0.4259414865174548,0.5740585134825453,0.7078145290657705,3.28,3.4,2.25,1.7419827012641382,1.4127994819771206,1.0434401402837556,closing,market_average_close,0.7451483292688645,0.25485167073113546,0.25485167073113546,0.7451483292688645,market_only,development,2024,1,-0.037333800203094125,0.03733380020309407
136,2025-03-28 19:30:00,2024,27976,1,1,home_win,1,logistic_regression,4,Bayer Leverkusen,Bochum,Bundesliga,27,27,0.7812898483325582,0.1418413117508513,0.0768688399165904,0.9231311600834096,0.2187101516674417,1.22,6.72,12.4,1.0832696839197204,4.572261471980246,1.0491268162473877,closing,market_average_close,0.1824770410214559,0.8175229589785441,0.8175229589785441,0.1824770410214559,market_only,development,2024,0,0.03623311064598589,-0.036233110645985805
137,2025-03-29 14:30:00,2024,27977,1,1,home_win,1,logistic_regression,4,Bayern Munich,St. Pauli,Bundesliga,27,27,0.8544098824254048,0.1033411520860101,0.0422489654885851,0.957751034511415,0.1455901175745952,1.12,9.26,22.65,1.0441126806092544,6.868598065989166,1.0449986139235634,closing,market_average_close,0.11169499402068972,0.8883050059793103,0.8883050059793103,0.11169499402068972,market_only,development,2024,0,0.03389512355390545,-0.033895123553905476
137,2025-03-29 14:30:00,2024,27980,1,1,home_win,0,logistic_regression,4,Borussia M.Gladbach,RasenBallsport Leipzig,Bundesliga,27,27,0.3313317673412877,0.2643311606490052,0.4043370720097071,0.595662927990293,0.6686682326587123,2.88,3.61,2.36,1.6788018072131832,1.495509957193374,1.0479593460308518,closing,market_average_close,0.6775049277795575,0.32249507222044244,0.32249507222044244,0.6775049277795575,market_only,development,2024,0,-0.008836695120845284,0.008836695120845173
137,2025-03-29 14:30:00,2024,27981,0,0,home_win,1,logistic_regression,4,Wolfsburg,FC Heidenheim,Bundesliga,27,27,0.5611564817422323,0.2433586783065803,0.1954848399511874,0.8045151600488126,0.4388435182577678,1.7,3.92,4.88,1.242984656671139,2.2787165775401066,1.0482553677208588,closing,market_average_close,0.42590064645394643,0.5740993535460536,0.5740993535460536,0.42590064645394643,market_only,development,2024,1,0.012942871803821254,-0.012942871803821365
137,2025-03-29 14:30:00,2024,27983,0,0,home_win,0,logistic_regression,4,Hoffenheim,Augsburg,Bundesliga,27,27,0.4028349390912628,0.2841425016804443,0.3130225592282928,0.6869774407717072,0.5971650609087372,2.37,3.36,3.05,1.4556518753755043,1.6745788818894525,1.047428828348106,closing,market_average_close,0.6058082147522111,0.39419178524778886,0.39419178524778886,0.6058082147522111,market_only,development,2024,1,-0.008643153843473916,0.008643153843473916
137,2025-03-29 14:30:00,2024,27984,0,0,home_win,0,logistic_regression,4,Holstein Kiel,Werder Bremen,Bundesliga,27,27,0.3071146647365504,0.2567544643362021,0.4361308709272474,0.5638691290727524,0.6928853352634495,3.11,3.72,2.19,1.773461160472533,1.4432402435242464,1.046981617227414,closing,market_average_close,0.7092284594179654,0.29077154058203464,0.29077154058203464,0.7092284594179654,market_only,development,2024,1,-0.016343124154515776,0.016343124154515887
138,2025-03-29 17:30:00,2024,27978,1,1,home_win,0,logistic_regression,4,Eintracht Frankfurt,VfB Stuttgart,Bundesliga,27,27,0.3736098400831382,0.2571078469389338,0.3692823129779281,0.630717687022072,0.626390159916862,2.56,3.72,2.59,1.5854954135208912,1.5964490887480187,1.0455425904014612,closing,market_average_close,0.6521581004828785,0.3478418995171215,0.3478418995171215,0.6521581004828785,market_only,development,2024,0,-0.025767940566016667,0.0257679405660165
139,2025-03-30 14:30:00,2024,27982,0,0,home_win,0,logistic_regression,4,Freiburg,Union Berlin,Bundesliga,27,27,0.4864149092692496,0.2787641000490436,0.2348209906817067,0.7651790093182932,0.5135850907307503,1.96,3.42,4.06,1.3068837328547624,1.9470970206264329,1.0489071611705785,closing,market_average_close,0.5043330516386735,0.4956669483613266,0.4956669483613266,0.5043330516386735,market_only,development,2024,1,0.009252039092077002,-0.009252039092076836
140,2025-03-30 16:30:00,2024,27979,1,1,home_win,0,logistic_regression,4,Borussia Dortmund,Mainz 05,,,,,,,,,,,,,,,,,0.5913977082399483,0.4086022917600517,0.4086022917600517,0.5913977082399483,market_only,development,2024,0,,
141,2025-04-04 18:30:00,2024,27989,0,0,home_win,0,logistic_regression,4,Augsburg,Bayern Munich,Bundesliga,28,28,0.1229957157576962,0.1961351434407708,0.6808691408015329,0.319130859198467,0.8770042842423037,7.75,4.86,1.4,3.1335108190778294,1.1402452849634137,1.0490792892226584,closing,market_average_close,0.8946182803420872,0.10538171965791278,0.10538171965791278,0.8946182803420872,market_only,development,2024,1,-0.017613996099783424,0.017613996099783535
142,2025-04-05 13:30:00,2024,27985,1,1,home_win,1,logistic_regression,4,RasenBallsport Leipzig,Hoffenheim,Bundesliga,28,28,0.5721866422689845,0.2253659652333028,0.2024473924977127,0.7975526075022874,0.4278133577310156,1.67,4.24,4.72,1.2538357853680917,2.3374679213002563,1.0465158585930154,closing,market_average_close,0.431733321734733,0.568266678265267,0.568266678265267,0.431733321734733,market_only,development,2024,0,-0.003919964003717524,0.003919964003717413
142,2025-04-05 13:30:00,2024,27986,0,0,home_win,0,logistic_regression,4,FC Heidenheim,Bayer Leverkusen,Bundesliga,28,28,0.1546969777742752,0.2152457948669215,0.6300572273588033,0.3699427726411968,0.8453030222257248,6.15,4.42,1.51,2.7031207904415218,1.1830077187787054,1.051097625536802,closing,market_average_close,0.8525808909395953,0.14741910906040467,0.14741910906040467,0.8525808909395953,market_only,development,2024,1,-0.007277868713870539,0.007277868713870483
142,2025-04-05 13:30:00,2024,27988,0,0,home_win,0,logistic_regression,4,Freiburg,Borussia Dortmund,,,,,,,,,,,,,,,,,0.5897506568143613,0.4102493431856387,0.4102493431856387,0.5897506568143613,market_only,development,2024,1,,
142,2025-04-05 13:30:00,2024,27990,0,0,home_win,1,logistic_regression,4,Mainz 05,Holstein Kiel,Bundesliga,28,28,0.6695491572214554,0.1976631607597643,0.1327876820187802,0.8672123179812197,0.3304508427785446,1.42,4.81,7.16,1.1531201520844356,3.0261687081553648,1.0517903644821578,closing,market_average_close,0.2921416712926447,0.7078583287073553,0.7078583287073553,0.2921416712926447,market_only,development,2024,1,0.03830917148589996,-0.03830917148589991
142,2025-04-05 13:30:00,2024,27992,0,0,home_win,0,logistic_regression,4,Bochum,VfB Stuttgart,Bundesliga,28,28,0.3754057206112,0.2701219632726482,0.3544723161161517,0.6455276838838482,0.6245942793888,2.54,3.53,2.69,1.5491202390940884,1.601039319441983,1.0487341182776555,closing,market_average_close,0.6284497427981832,0.3715502572018168,0.3715502572018168,0.6284497427981832,market_only,development,2024,1,-0.0038554634093831974,0.003855463409383253
143,2025-04-05 16:30:00,2024,27987,1,1,home_win,0,logistic_regression,4,Werder Bremen,Eintracht Frankfurt,Bundesliga,28,28,0.4094064298587291,0.2627870472646939,0.3278065228765769,0.672193477123423,0.5905935701412708,2.33,3.63,2.91,1.4876669203625543,1.6932117966688982,1.0483092547039838,closing,market_average_close,0.6065710504207787,0.39342894957922125,0.39342894957922125,0.6065710504207787,market_only,development,2024,0,-0.01597748027950785,0.01597748027950796
144,2025-04-06 13:30:00,2024,27993,0,0,home_win,0,logistic_regression,4,St. Pauli,Borussia M.Gladbach,Bundesliga,28,28,0.4179737291040092,0.2742578337100805,0.3077684371859103,0.6922315628140898,0.5820262708959909,2.29,3.49,3.11,1.4446032999922116,1.7181355035066823,1.0447575823569504,closing,market_average_close,0.6117492871883881,0.3882507128116119,0.3882507128116119,0.6117492871883881,market_only,development,2024,1,-0.02972301629239732,0.029723016292397153
145,2025-04-06 15:30:00,2024,27991,1,1,home_win,0,logistic_regression,4,Union Berlin,Wolfsburg,Bundesliga,28,28,0.4160990712074304,0.2848297213622291,0.2990712074303405,0.7009287925696595,0.5839009287925696,2.3,3.36,3.2,1.426678445229682,1.7126193001060448,1.0449016563146998,closing,market_average_close,0.6139832201277635,0.3860167798722364,0.3860167798722364,0.6139832201277635,market_only,development,2024,0,-0.030082291335193967,0.03008229133519391
146,2025-04-11 18:30:00,2024,27999,0,0,home_win,0,logistic_regression,4,Wolfsburg,RasenBallsport Leipzig,Bundesliga,29,29,0.3462170571081694,0.2587219856107244,0.3950609572811061,0.6049390427188939,0.6537829428918305,2.75,3.68,2.41,1.653059117337687,1.5295596357665326,1.050313253407246,closing,market_average_close,0.6556508799006342,0.3443491200993658,0.3443491200993658,0.6556508799006342,market_only,development,2024,1,-0.0018679370088036107,0.0018679370088037217
147,2025-04-12 13:30:00,2024,27994,0,0,home_win,1,logistic_regression,4,Bayer Leverkusen,Union Berlin,Bundesliga,29,29,0.6968303410291031,0.189537852759916,0.1136318062109808,0.8863681937890192,0.3031696589708969,1.36,5.0,8.34,1.1281993273305884,3.298483111385483,1.055198194385668,closing,market_average_close,0.26278042546151714,0.7372195745384829,0.7372195745384829,0.26278042546151714,market_only,development,2024,1,0.04038923350937973,-0.040389233509379785
147,2025-04-12 13:30:00,2024,27998,1,1,home_win,0,logistic_regression,4,Hoffenheim,Mainz 05,Bundesliga,29,29,0.3897316864240515,0.277570532482246,0.3326977810937025,0.6673022189062976,0.6102683135759486,2.45,3.44,2.87,1.4985713694148823,1.6386235001131988,1.047292995473856,closing,market_average_close,0.6294227459738936,0.3705772540261064,0.3705772540261064,0.6294227459738936,market_only,development,2024,0,-0.019154432397945065,0.01915443239794501
147,2025-04-12 13:30:00,2024,28000,0,0,home_win,0,logistic_regression,4,Borussia M.Gladbach,Freiburg,Bundesliga,29,29,0.4220946013295405,0.2599274656688723,0.3179779330015871,0.682022066998413,0.5779053986704595,2.26,3.67,3.0,1.466228218100056,1.7303870188799404,1.0482907734722255,closing,market_average_close,0.5906652612256137,0.4093347387743863,0.4093347387743863,0.5906652612256137,market_only,development,2024,1,-0.012759862555154211,0.012759862555154156
147,2025-04-12 13:30:00,2024,28001,0,0,home_win,0,logistic_regression,4,Bochum,Augsburg,Bundesliga,29,29,0.4009720534629404,0.2891859052247874,0.3098420413122721,0.6901579586877278,0.5990279465370596,2.38,3.3,3.08,1.448943661971831,1.6693711967545637,1.0478736949325185,closing,market_average_close,0.6149093525509283,0.38509064744907173,0.38509064744907173,0.6149093525509283,market_only,development,2024,1,-0.01588140601386867,0.01588140601386867
147,2025-04-12 13:30:00,2024,28002,0,0,home_win,0,logistic_regression,4,Holstein Kiel,St. Pauli,Bundesliga,29,29,0.2767534372967495,0.2783718784505316,0.4448746842527188,0.5551253157472811,0.7232465627032505,3.44,3.42,2.14,1.8013950573553856,1.3826543416429646,1.0503850548634863,closing,market_average_close,0.7323110380783875,0.2676889619216125,0.2676889619216125,0.7323110380783875,market_only,development,2024,1,-0.009064475375136993,0.009064475375136993
148,2025-04-12 16:30:00,2024,27996,0,0,home_win,0,logistic_regression,4,Bayern Munich,Borussia Dortmund,,,,,,,,,,,,,,,,,0.5938815659166157,0.4061184340833843,0.4061184340833843,0.5938815659166157,market_only,development,2024,1,,
149,2025-04-13 13:30:00,2024,27995,0,0,home_win,1,logistic_regression,4,VfB Stuttgart,Werder Bremen,Bundesliga,29,29,0.5515226655862651,0.2245021674033502,0.2239751670103846,0.7760248329896153,0.4484773344137349,1.73,4.25,4.26,1.2886185563772827,2.2297670880229314,1.0480705837655424,closing,market_average_close,0.46864870469506614,0.5313512953049339,0.5313512953049339,0.46864870469506614,market_only,development,2024,1,-0.020171370281331202,0.020171370281331258
150,2025-04-13 15:30:00,2024,27997,1,1,home_win,1,logistic_regression,4,Eintracht Frankfurt,FC Heidenheim,Bundesliga,29,29,0.5473308686018307,0.2357316117245508,0.2169375196736185,0.7830624803263815,0.4526691313981694,1.74,4.04,4.39,1.277037305609635,2.209119046645123,1.0500278289552307,closing,market_average_close,0.47421699017767516,0.5257830098223248,0.5257830098223248,0.47421699017767516,market_only,development,2024,0,-0.021547858779505824,0.02154785877950577
151,2025-04-19 13:30:00,2024,28003,0,0,home_win,1,logistic_regression,4,RasenBallsport Leipzig,Holstein Kiel,Bundesliga,30,30,0.656458325854631,0.190754423344532,0.152787250800837,0.847212749199163,0.343541674145369,1.45,4.99,6.23,1.180341066568298,2.910855000307333,1.0505696176767103,closing,market_average_close,0.34700119130317353,0.6529988086968265,0.6529988086968265,0.34700119130317353,market_only,development,2024,1,-0.0034595171578045703,0.0034595171578045147
151,2025-04-19 13:30:00,2024,28005,0,0,home_win,0,logistic_regression,4,FC Heidenheim,Bayern Munich,Bundesliga,30,30,0.0983052291439733,0.1500854992119467,0.75160927164408,0.2483907283559201,0.9016947708560268,9.71,6.36,1.27,4.025915164462562,1.1090227339908458,1.0476208909461389,closing,market_average_close,0.9364673433256893,0.06353265667431075,0.06353265667431075,0.9364673433256893,market_only,development,2024,1,-0.03477257246966255,0.03477257246966248
151,2025-04-19 13:30:00,2024,28006,1,1,home_win,1,logistic_regression,4,Werder Bremen,Bochum,Bundesliga,30,30,0.5988480030466035,0.2144523254153377,0.1866996715380587,0.8133003284619412,0.4011519969533965,1.59,4.44,5.1,1.229558091893474,2.4928206953838847,1.050234474207837,closing,market_average_close,0.4115022285292619,0.5884977714707381,0.5884977714707381,0.4115022285292619,market_only,development,2024,0,-0.010350231575865343,0.010350231575865398
151,2025-04-19 13:30:00,2024,28007,1,1,home_win,0,logistic_regression,4,Freiburg,Hoffenheim,Bundesliga,30,30,0.4996205943449673,0.2537966317018318,0.2465827739532009,0.7534172260467991,0.5003794056550327,1.91,3.76,3.87,1.327285819103218,1.9984835280959012,1.0479155890491318,closing,market_average_close,0.5244664214901749,0.4755335785098251,0.4755335785098251,0.5244664214901749,market_only,development,2024,0,-0.024087015835142223,0.024087015835142167
151,2025-04-19 13:30:00,2024,28009,0,0,home_win,0,logistic_regression,4,Mainz 05,Wolfsburg,Bundesliga,30,30,0.4728904821549403,0.2602830446738364,0.2668264731712232,0.7331735268287767,0.5271095178450597,2.02,3.67,3.58,1.3639335892627469,1.897138955274838,1.04685867792174,closing,market_average_close,0.5552848182003183,0.44471518179968167,0.44471518179968167,0.5552848182003183,market_only,development,2024,1,-0.028175300355258615,0.028175300355258615
152,2025-04-19 16:30:00,2024,28010,0,0,home_win,0,logistic_regression,4,Union Berlin,VfB Stuttgart,Bundesliga,30,30,0.3093051471021293,0.2760368609312608,0.4146579919666101,0.5853420080333902,0.6906948528978709,3.07,3.44,2.29,1.7084029273069976,1.4478173621888335,1.0531117961488294,closing,market_average_close,0.7116504655480496,0.2883495344519504,0.2883495344519504,0.7116504655480496,market_only,development,2024,1,-0.020955612650178923,0.020955612650178645
153,2025-04-20 13:30:00,2024,28008,0,0,home_win,0,logistic_regression,4,Augsburg,Eintracht Frankfurt,Bundesliga,30,30,0.3695331871922952,0.2812376468897114,0.3492291659179933,0.6507708340820066,0.6304668128077047,2.58,3.39,2.73,1.5366392401568283,1.5861263109895123,1.0488825162626356,closing,market_average_close,0.6628053210456533,0.3371946789543467,0.3371946789543467,0.6628053210456533,market_only,development,2024,1,-0.03233850823794854,0.03233850823794859
154,2025-04-20 15:30:00,2024,28004,1,1,home_win,0,logistic_regression,4,Borussia Dortmund,Borussia M.Gladbach,,,,,,,,,,,,,,,,,0.5945790327853078,0.4054209672146922,0.4054209672146922,0.5945790327853078,market_only,development,2024,0,,
155,2025-04-20 17:30:00,2024,28011,0,0,home_win,0,logistic_regression,4,St. Pauli,Bayer Leverkusen,Bundesliga,30,30,0.1924558250274269,0.2460260031278448,0.5615181718447281,0.4384818281552718,0.8075441749725729,4.96,3.88,1.7,2.280596220388608,1.2383223494045557,1.0475801561063405,closing,market_average_close,0.8404251529158497,0.15957484708415026,0.15957484708415026,0.8404251529158497,market_only,development,2024,1,-0.03288097794327663,0.03288097794327682
156,2025-04-25 18:30:00,2024,28013,0,0,home_win,1,logistic_regression,4,VfB Stuttgart,FC Heidenheim,Bundesliga,31,31,0.65144685935121,0.1949000849698292,0.1536530556789607,0.8463469443210393,0.3485531406487899,1.46,4.88,6.19,1.1815485442583185,2.8690029822672654,1.0514004281660871,closing,market_average_close,0.3610335754699393,0.6389664245300607,0.6389664245300607,0.3610335754699393,market_only,development,2024,1,-0.012480434821149355,0.012480434821149411
157,2025-04-26 13:30:00,2024,28012,1,1,home_win,1,logistic_regression,4,Bayer Leverkusen,Augsburg,Bundesliga,31,31,0.6434609032052925,0.2039233697524267,0.1526157270422808,0.8473842729577192,0.3565390967947076,1.48,4.67,6.24,1.1801021471753177,2.804741496767161,1.0500648482447197,closing,market_average_close,0.38042828985862076,0.6195717101413792,0.6195717101413792,0.38042828985862076,market_only,development,2024,0,-0.02388919306391324,0.023889193063913183
157,2025-04-26 13:30:00,2024,28014,1,1,home_win,1,logistic_regression,4,Bayern Munich,Mainz 05,Bundesliga,31,31,0.7731743779697008,0.1354707243451185,0.0913548976851807,0.9086451023148192,0.2268256220302993,1.23,7.02,10.41,1.1005396908566936,4.40867301960455,1.051519751878225,closing,market_average_close,0.22981672862135494,0.7701832713786451,0.7701832713786451,0.22981672862135494,market_only,development,2024,0,-0.0029911065910557255,0.0029911065910556422
157,2025-04-26 13:30:00,2024,28016,0,0,home_win,0,logistic_regression,4,Hoffenheim,Borussia Dortmund,,,,,,,,,,,,,,,,,0.5937323221160961,0.40626767788390394,0.40626767788390394,0.5937323221160961,market_only,development,2024,1,,
157,2025-04-26 13:30:00,2024,28018,0,0,home_win,0,logistic_regression,4,Wolfsburg,Freiburg,Bundesliga,31,31,0.4039893844705076,0.2626487458265559,0.3333618697029363,0.6666381302970634,0.5960106155294922,2.36,3.63,2.86,1.5000642095800698,1.6778224648089632,1.0488612568735838,closing,market_average_close,0.636049886890961,0.3639501131090391,0.3639501131090391,0.636049886890961,market_only,development,2024,1,-0.04003927136146851,0.04003927136146879
157,2025-04-26 13:30:00,2024,28020,1,1,home_win,0,logistic_regression,4,Holstein Kiel,Borussia M.Gladbach,Bundesliga,31,31,0.3764964611500875,0.2556954575725193,0.3678080812773932,0.6321919187226068,0.6235035388499125,2.54,3.74,2.6,1.581798138167565,1.6038401351250653,1.0456958511613443,closing,market_average_close,0.6627699426223947,0.3372300573776053,0.3372300573776053,0.6627699426223947,market_only,development,2024,0,-0.039266403772482195,0.03926640377248225
158,2025-04-26 16:30:00,2024,28015,1,1,home_win,0,logistic_regression,4,Eintracht Frankfurt,RasenBallsport Leipzig,Bundesliga,31,31,0.4726622930155273,0.2423293989571993,0.2850083080272732,0.7149916919727266,0.5273377069844725,2.02,3.94,3.35,1.3986176500050087,1.8963180268644155,1.047364074236047,closing,market_average_close,0.5612874627180211,0.4387125372819789,0.4387125372819789,0.5612874627180211,market_only,development,2024,0,-0.033949755733548415,0.03394975573354864
159,2025-04-27 13:30:00,2024,28019,0,0,home_win,0,logistic_regression,4,Bochum,Union Berlin,Bundesliga,31,31,0.4027598136536079,0.2832465158335462,0.3139936705128457,0.6860063294871542,0.597240186346392,2.37,3.37,3.04,1.457712497707684,1.674368240552407,1.0476242017356052,closing,market_average_close,0.6312778877893068,0.36872211221069323,0.36872211221069323,0.6312778877893068,market_only,development,2024,1,-0.03403770144291468,0.03403770144291485
160,2025-04-27 15:30:00,2024,28017,0,0,home_win,0,logistic_regression,4,Werder Bremen,St. Pauli,Bundesliga,31,31,0.4785477956332065,0.2675028408174385,0.253949363549355,0.7460506364506451,0.5214522043667935,1.99,3.56,3.75,1.3403915915915916,1.9177213014456689,1.050078105885231,closing,market_average_close,0.5523677940490959,0.4476322059509041,0.4476322059509041,0.5523677940490959,market_only,development,2024,1,-0.030915589682302402,0.030915589682302347
161,2025-05-02 18:30:00,2024,28023,0,0,home_win,0,logistic_regression,4,FC Heidenheim,Bochum,Bundesliga,32,32,0.403277548633828,0.2815784067384124,0.3151440446277596,0.6848559553722404,0.5967224513661721,2.36,3.38,3.02,1.4601610632946442,1.675820974576271,1.050712629539572,closing,market_average_close,0.6357879965419571,0.3642120034580429,0.3642120034580429,0.6357879965419571,market_only,development,2024,1,-0.03906554517578509,0.03906554517578498
162,2025-05-03 13:30:00,2024,28021,0,0,home_win,0,logistic_regression,4,RasenBallsport Leipzig,Bayern Munich,Bundesliga,32,32,0.2314353470991232,0.2109543429310592,0.5576103099698174,0.4423896900301826,0.7685646529008767,4.12,4.52,1.71,2.2604505089885203,1.3011267122753978,1.048752706292466,closing,market_average_close,0.8076232118435882,0.19237678815641177,0.19237678815641177,0.8076232118435882,market_only,development,2024,1,-0.03905855894271143,0.039058558942711485
162,2025-05-03 13:30:00,2024,28027,0,0,home_win,0,logistic_regression,4,Borussia M.Gladbach,Hoffenheim,Bundesliga,32,32,0.4223103970124306,0.2416256955058463,0.336063907481723,0.663936092518277,0.5776896029875693,2.26,3.95,2.84,1.5061690594452384,1.731033404147171,1.047755109124558,closing,market_average_close,0.6190725202565945,0.3809274797434055,0.3809274797434055,0.6190725202565945,market_only,development,2024,1,-0.0413829172690251,0.04138291726902521
162,2025-05-03 13:30:00,2024,28028,0,0,home_win,0,logistic_regression,4,Union Berlin,Werder Bremen,Bundesliga,32,32,0.3055516710949517,0.2763249895119564,0.4181233393930919,0.5818766606069081,0.6944483289050483,3.12,3.45,2.28,1.7185772650805096,1.4399919452275474,1.0489643842046588,closing,market_average_close,0.7364558431545739,0.2635441568454261,0.2635441568454261,0.7364558431545739,market_only,development,2024,1,-0.04200751424952559,0.042007514249525646
162,2025-05-03 13:30:00,2024,28029,0,0,home_win,0,logistic_regression,4,St. Pauli,VfB Stuttgart,Bundesliga,32,32,0.3421893790746249,0.2759272738780935,0.3818833470472814,0.6181166529527184,0.6578106209253749,2.79,3.46,2.5,1.6178176000000002,1.5201943662649446,1.047440280108563,closing,market_average_close,0.6999382123939113,0.30006178760608876,0.30006178760608876,0.6999382123939113,market_only,development,2024,1,-0.04212759146853612,0.042127591468536396
163,2025-05-03 16:30:00,2024,28022,1,1,home_win,0,logistic_regression,4,Borussia Dortmund,Wolfsburg,,,,,,,,,,,,,,,,,0.5986752033835443,0.4013247966164557,0.4013247966164557,0.5986752033835443,market_only,development,2024,0,,
164,2025-05-04 13:30:00,2024,28025,0,0,home_win,0,logistic_regression,4,Augsburg,Holstein Kiel,Bundesliga,32,32,0.5349978177137924,0.2398730769598363,0.2251291053263712,0.7748708946736288,0.4650021822862076,1.78,3.97,4.23,1.2905375680953848,2.150527541792272,1.050093540960075,closing,market_average_close,0.5067600969507962,0.4932399030492038,0.4932399030492038,0.5067600969507962,market_only,development,2024,1,-0.04175791466458861,0.04175791466458856
165,2025-05-04 15:30:00,2024,28024,0,0,home_win,0,logistic_regression,4,Freiburg,Bayer Leverkusen,Bundesliga,32,32,0.3037133090613335,0.2686365606908696,0.4276501302477969,0.5723498697522031,0.6962866909386666,3.14,3.55,2.23,1.7471830655486067,1.4361900249046788,1.0485919716982308,closing,market_average_close,0.747284707403842,0.252715292596158,0.252715292596158,0.747284707403842,market_only,development,2024,1,-0.05099801646517549,0.05099801646517543
166,2025-05-04 17:30:00,2024,28026,0,0,home_win,0,logistic_regression,4,Mainz 05,Eintracht Frankfurt,Bundesliga,32,32,0.4041655968691891,0.2634891736495265,0.3323452294812843,0.6676547705187157,0.5958344031308109,2.36,3.62,2.87,1.4977800566347754,1.6783186649604347,1.0484039632311029,closing,market_average_close,0.6492793565677174,0.3507206434322826,0.3507206434322826,0.6492793565677174,market_only,development,2024,1,-0.05344495343690653,0.05344495343690647
167,2025-05-09 18:30:00,2024,28035,0,0,home_win,0,logistic_regression,4,Wolfsburg,Hoffenheim,Bundesliga,33,33,0.3456226040592344,0.2652007238903267,0.3891766720504387,0.6108233279495612,0.6543773959407655,2.77,3.61,2.46,1.6371345923490583,1.5281701449396037,1.0445232056148677,closing,market_average_close,0.7005086888413303,0.2994913111586696,0.2994913111586696,0.7005086888413303,market_only,development,2024,1,-0.04613129290056478,0.046131292900564835
168,2025-05-10 13:30:00,2024,28034,0,0,home_win,0,logistic_regression,4,Werder Bremen,RasenBallsport Leipzig,Bundesliga,33,33,0.4839468493208484,0.2348215007788354,0.281231649900316,0.7187683500996839,0.5160531506791515,1.97,4.06,3.39,1.3912688279350545,1.9377848942186489,1.0489048826546443,closing,market_average_close,0.5693883059666676,0.4306116940333325,0.4306116940333325,0.5693883059666676,market_only,development,2024,1,-0.05333515528751592,0.05333515528751609
168,2025-05-10 13:30:00,2024,28036,0,0,home_win,0,logistic_regression,4,Union Berlin,FC Heidenheim,Bundesliga,33,33,0.4711734248647391,0.2673512129850486,0.2614753621502123,0.7385246378497877,0.528826575135261,2.02,3.56,3.64,1.3540509669541927,1.890979097909791,1.050673656080264,closing,market_average_close,0.5883764198380139,0.4116235801619861,0.4116235801619861,0.5883764198380139,market_only,development,2024,1,-0.05954984470275304,0.05954984470275293
168,2025-05-10 13:30:00,2024,28037,0,0,home_win,0,logistic_regression,4,Bochum,Mainz 05,Bundesliga,33,33,0.3102831359870378,0.2487125920313853,0.4410042719815768,0.5589957280184232,0.6897168640129622,3.07,3.83,2.16,1.788922436929683,1.4498703050143291,1.0497924677298895,closing,market_average_close,0.7484421003990833,0.25155789960091673,0.25155789960091673,0.7484421003990833,market_only,development,2024,1,-0.05872523638612104,0.05872523638612115
168,2025-05-10 13:30:00,2024,28038,0,0,home_win,0,logistic_regression,4,Holstein Kiel,Freiburg,Bundesliga,33,33,0.2777049886315113,0.2553694667576632,0.4669255446108253,0.5330744553891745,0.7222950113684886,3.43,3.73,2.04,1.875910559754628,1.3844758502559231,1.049837782681054,closing,market_average_close,0.7790947365291238,0.22090526347087625,0.22090526347087625,0.7790947365291238,market_only,development,2024,1,-0.05679972516063503,0.05679972516063514
169,2025-05-10 16:30:00,2024,28032,1,1,home_win,1,logistic_regression,4,Bayern Munich,Borussia M.Gladbach,Bundesliga,33,33,0.8383209073059548,0.0982205379577377,0.0634585547363073,0.9365414452636924,0.1616790926940451,1.14,9.73,15.06,1.067758405201641,6.185091611643066,1.046368967791947,closing,market_average_close,0.14902195147461061,0.8509780485253894,0.8509780485253894,0.14902195147461061,market_only,development,2024,0,0.01265714121943462,-0.012657141219434481
170,2025-05-11 13:30:00,2024,28030,0,0,home_win,0,logistic_regression,4,Bayer Leverkusen,Borussia Dortmund,,,,,,,,,,,,,,,,,0.6028828173576812,0.39711718264231877,0.39711718264231877,0.6028828173576812,market_only,development,2024,1,,
171,2025-05-11 15:30:00,2024,28033,0,0,home_win,1,logistic_regression,4,Eintracht Frankfurt,St. Pauli,Bundesliga,33,33,0.6100333137370174,0.2218302959043699,0.1681363903586125,0.8318636096413874,0.3899666862629826,1.56,4.29,5.66,1.2021201413427562,2.564321608040201,1.050804319355556,closing,market_average_close,0.4449220166256018,0.5550779833743982,0.5550779833743982,0.4449220166256018,market_only,development,2024,1,-0.05495533036261924,0.05495533036261924
172,2025-05-11 17:30:00,2024,28031,1,1,home_win,1,logistic_regression,4,VfB Stuttgart,Augsburg,Bundesliga,33,33,0.6214804340340107,0.2062614021848234,0.172258163781166,0.8277418362188341,0.3785195659659894,1.53,4.61,5.52,1.2081061464381817,2.6418713586125464,1.0516739312279977,closing,market_average_close,0.44329016227924456,0.5567098377207554,0.5567098377207554,0.44329016227924456,market_only,development,2024,0,-0.06477059631325521,0.06477059631325516
173,2025-05-17 13:30:00,2024,28039,0,0,home_win,0,logistic_regression,4,RasenBallsport Leipzig,VfB Stuttgart,Bundesliga,34,34,0.4991230421109411,0.2196601406525109,0.2812168172365479,0.7187831827634521,0.500876957889059,1.91,4.34,3.39,1.3912401179941003,1.9964983101129072,1.0489602067053256,closing,market_average_close,0.5642621963460236,0.4357378036539764,0.4357378036539764,0.5642621963460236,market_only,development,2024,1,-0.0633852384569647,0.06338523845696464
173,2025-05-17 13:30:00,2024,28040,1,1,home_win,0,logistic_regression,4,Borussia Dortmund,Holstein Kiel,,,,,,,,,,,,,,,,,0.603070453292271,0.39692954670772895,0.39692954670772895,0.603070453292271,market_only,development,2024,0,,
173,2025-05-17 13:30:00,2024,28041,0,0,home_win,0,logistic_regression,4,Hoffenheim,Bayern Munich,Bundesliga,34,34,0.2128743124872682,0.2091396754260881,0.5779860120866436,0.4220139879133564,0.7871256875127317,4.48,4.56,1.65,2.369589702333065,1.2704451345755694,1.0485731373889269,closing,market_average_close,0.8428209010482934,0.15717909895170656,0.15717909895170656,0.8428209010482934,market_only,development,2024,1,-0.055695213535561644,0.05569521353556173
173,2025-05-17 13:30:00,2024,28042,0,0,home_win,0,logistic_regression,4,FC Heidenheim,Werder Bremen,Bundesliga,34,34,0.3650619024745494,0.2507398856469932,0.3841982118784573,0.6158017881215426,0.6349380975254505,2.61,3.8,2.48,1.6238991495143678,1.5749566830173023,1.0495254636405624,closing,market_average_close,0.7061968987733926,0.2938031012266073,0.2938031012266073,0.7061968987733926,market_only,development,2024,1,-0.0712588012479421,0.07125880124794215
173,2025-05-17 13:30:00,2024,28043,0,0,home_win,0,logistic_regression,4,Freiburg,Eintracht Frankfurt,Bundesliga,34,34,0.4070175438596491,0.2645614035087719,0.328421052631579,0.671578947368421,0.5929824561403509,2.34,3.6,2.9,1.4890282131661443,1.6863905325443784,1.0499557913351016,closing,market_average_close,0.6661653432676579,0.33383465673234214,0.33383465673234214,0.6661653432676579,market_only,development,2024,1,-0.07318288712730697,0.07318288712730692
173,2025-05-17 13:30:00,2024,28044,0,0,home_win,0,logistic_regression,4,Augsburg,Union Berlin,Bundesliga,34,34,0.5068973453004644,0.2589584264034981,0.2341442282960376,0.7658557717039625,0.4931026546995357,1.88,3.68,4.07,1.3057288812684495,2.027975291695264,1.0493542697520497,closing,market_average_close,0.5574402620251535,0.4425597379748465,0.4425597379748465,0.5574402620251535,market_only,development,2024,1,-0.06433760732561788,0.06433760732561783
173,2025-05-17 13:30:00,2024,28045,0,0,home_win,0,logistic_regression,4,Mainz 05,Bayer Leverkusen,Bundesliga,34,34,0.3912438979175678,0.252548971142557,0.3562071309398751,0.6437928690601249,0.6087561020824321,2.44,3.78,2.68,1.553294620146854,1.642694005988936,1.047520658482244,closing,market_average_close,0.6723461094799026,0.32765389052009747,0.32765389052009747,0.6723461094799026,market_only,development,2024,1,-0.06359000739747034,0.06359000739747045
173,2025-05-17 13:30:00,2024,28046,0,0,home_win,0,logistic_regression,4,Borussia M.Gladbach,Wolfsburg,Bundesliga,34,34,0.4177644920460861,0.2346066605579005,0.3476288473960132,0.6523711526039867,0.5822355079539139,2.28,4.06,2.74,1.5328697414170256,1.717518059855521,1.0498654135969172,closing,market_average_close,0.6548433883490572,0.34515661165094275,0.34515661165094275,0.6548433883490572,market_only,development,2024,1,-0.07260788039514338,0.07260788039514332
173,2025-05-17 13:30:00,2024,28047,0,0,home_win,0,logistic_regression,4,St. Pauli,Bochum,Bundesliga,34,34,0.5481379615190992,0.2360792210503051,0.2157828174305956,0.7842171825694043,0.4518620384809007,1.74,4.04,4.42,1.2751569619064025,2.2130648623678706,1.0484817400448112,closing,market_average_close,0.507078694825204,0.49292130517479604,0.49292130517479604,0.507078694825204,market_only,development,2024,1,-0.05521665634430317,0.05521665634430328
1,2025-08-22 18:30:00,2025,30224,1,1,home_win,1,logistic_regression,4,Bayern Munich,RasenBallsport Leipzig,,1,1,0.7687353335989047,0.1354648223963686,0.0957998440047267,0.9042001559952731,0.2312646664010953,1.23,6.98,9.87,1.1059498202577478,4.324050083230802,1.0575917283197185,closing,market_average_close,0.30504187142618666,0.6949581285738133,0.6949581285738133,0.30504187142618666,market_only,test,2025,0,-0.07377720502509133,0.07377720502509136
2,2025-08-23 13:30:00,2025,30225,0,0,home_win,0,logistic_regression,4,FC Heidenheim,Wolfsburg,,1,1,0.3440385648909663,0.2788951679885348,0.377066267120499,0.622933732879501,0.6559614351090339,2.74,3.38,2.5,1.6053071895424835,1.5244798649386757,1.0608214918153154,closing,market_average_close,0.8011454996634123,0.19885450033658766,0.19885450033658766,0.8011454996634123,market_only,test,2025,1,-0.14518406455437863,0.14518406455437838
2,2025-08-23 13:30:00,2025,30226,0,0,home_win,0,logistic_regression,4,Bayer Leverkusen,Hoffenheim,,1,1,0.5508579371315692,0.2269800174686706,0.2221620453997602,0.7778379546002399,0.4491420628684308,1.71,4.15,4.24,1.285614817438341,2.226467041660568,1.0616082336628871,closing,market_average_close,0.6033235162389721,0.39667648376102793,0.39667648376102793,0.6033235162389721,market_only,test,2025,1,-0.15418145337054123,0.1541814533705413
2,2025-08-23 13:30:00,2025,30227,1,1,home_win,0,logistic_regression,4,Union Berlin,VfB Stuttgart,,1,1,0.2410855572754884,0.2493768595098306,0.5095375832146809,0.4904624167853191,0.7589144427245116,3.91,3.78,1.85,2.038892208203001,1.3176715894481972,1.0608452807941298,closing,market_average_close,0.875569302723696,0.124430697276304,0.124430697276304,0.875569302723696,market_only,test,2025,0,-0.11665485999918439,0.11665485999918446
2,2025-08-23 13:30:00,2025,30228,1,1,home_win,0,logistic_regression,4,Eintracht Frankfurt,Werder Bremen,,1,1,0.6149923586738651,0.2067996283013216,0.1782080130248131,0.8217919869751869,0.3850076413261348,1.53,4.55,5.28,1.2168529455741626,2.597351046217063,1.0627689304159893,closing,market_average_close,0.534068977539971,0.4659310224600291,0.4659310224600291,0.534068977539971,market_only,test,2025,0,-0.14906133621383605,0.14906133621383616
2,2025-08-23 13:30:00,2025,30229,0,0,home_win,0,logistic_regression,4,Freiburg,Augsburg,,1,1,0.4880783800685753,0.2691403638663858,0.2427812560650387,0.7572187439349611,0.5119216199314246,1.93,3.5,3.88,1.3206223538569613,1.953424042012441,1.0615809595030792,closing,market_average_close,0.6723527803881449,0.32764721961185506,0.32764721961185506,0.6723527803881449,market_only,test,2025,1,-0.16043116045672023,0.16043116045672035
3,2025-08-23 16:30:00,2025,30230,0,0,home_win,0,logistic_regression,4,St. Pauli,Borussia Dortmund,,,,,,,,,,,,,,,,,0.6078931017315815,0.3921068982684185,0.3921068982684185,0.6078931017315815,market_only,test,2025,1,,
4,2025-08-24 13:30:00,2025,30231,0,0,home_win,0,logistic_regression,4,Mainz 05,FC Cologne,,1,1,0.4833968426782798,0.2618399564507349,0.2547632008709852,0.7452367991290147,0.5166031573217202,1.95,3.6,3.7,1.3418553688823958,1.935721812434141,1.0608685608685609,closing,market_average_close,0.6505500034149856,0.34944999658501436,0.34944999658501436,0.6505500034149856,market_only,test,2025,1,-0.13394684609326546,0.13394684609326535
5,2025-08-24 15:30:00,2025,30232,0,0,home_win,0,logistic_regression,4,Borussia M.Gladbach,Hamburger SV,,1,1,0.4984596817734303,0.2434337980753961,0.2581065201511734,0.7418934798488266,0.5015403182265696,1.89,3.87,3.65,1.3479023972602735,1.993857649442756,1.0614710646567926,closing,market_average_close,0.6526401514201433,0.3473598485798567,0.3473598485798567,0.6526401514201433,market_only,test,2025,1,-0.15109983319357362,0.15109983319357367
6,2025-08-29 18:30:00,2025,30233,0,0,home_win,0,logistic_regression,4,Hamburger SV,St. Pauli,,2,2,0.389655790605952,0.292846898529939,0.317497310864109,0.6825026891358911,0.6103442093940481,2.42,3.22,2.97,1.4651956921460465,1.6384197385812893,1.0604824834073845,closing,market_average_close,0.7648940345120069,0.23510596548799315,0.23510596548799315,0.7648940345120069,market_only,test,2025,1,-0.15454982511795887,0.15454982511795878
7,2025-08-30 13:30:00,2025,30234,0,0,home_win,0,logistic_regression,4,Hoffenheim,Eintracht Frankfurt,,2,2,0.3575809038588545,0.2490801018964052,0.39333899424474,0.6066610057552598,0.6424190961411453,2.64,3.79,2.4,1.6483670295489894,1.5566162432075197,1.059306788198609,closing,market_average_close,0.7922511273885596,0.20774887261144034,0.20774887261144034,0.7922511273885596,market_only,test,2025,1,-0.14983203124741415,0.1498320312474143
7,2025-08-30 13:30:00,2025,30235,1,1,home_win,1,logistic_regression,4,RasenBallsport Leipzig,FC Heidenheim,,2,2,0.6435806447227094,0.1938654810947505,0.16255387418254,0.8374461258174599,0.3564193552772906,1.47,4.88,5.82,1.1941066645019889,2.805683768834637,1.057011447472347,closing,market_average_close,0.47131070478860126,0.5286892952113987,0.5286892952113987,0.47131070478860126,market_only,test,2025,0,-0.11489134951131064,0.11489134951131069
7,2025-08-30 13:30:00,2025,30236,0,0,home_win,0,logistic_regression,4,Werder Bremen,Bayer Leverkusen,,2,2,0.2665641419966679,0.2419582211969755,0.4914776368063566,0.5085223631936435,0.7334358580033321,3.54,3.9,1.92,1.9664818548387093,1.3634457452385111,1.0597294654498044,closing,market_average_close,0.8603788718262588,0.13962112817374114,0.13962112817374114,0.8603788718262588,market_only,test,2025,1,-0.12694301382292675,0.12694301382292672
7,2025-08-30 13:30:00,2025,30237,1,1,home_win,0,logistic_regression,4,VfB Stuttgart,Borussia M.Gladbach,,2,2,0.601519645469547,0.2057485497575574,0.1927318047728956,0.8072681952271044,0.3984803545304531,1.57,4.59,4.9,1.238745693082428,2.509534004953253,1.0588892315595737,closing,market_average_close,0.5396184935907442,0.46038150640925585,0.46038150640925585,0.5396184935907442,market_only,test,2025,0,-0.1411381390602911,0.1411381390602911
8,2025-08-30 16:30:00,2025,30238,0,0,home_win,0,logistic_regression,4,Augsburg,Bayern Munich,,2,2,0.1013950095979545,0.1595304282544546,0.7390745621475907,0.2609254378524092,0.8986049904020454,9.33,5.93,1.28,3.83251249180865,1.112836018807985,1.0570652002009873,closing,market_average_close,0.9522210244978525,0.047778975502147505,0.047778975502147505,0.9522210244978525,market_only,test,2025,1,-0.053616034095806994,0.053616034095807064
9,2025-08-31 13:30:00,2025,30239,0,0,home_win,0,logistic_regression,4,Wolfsburg,Mainz 05,,2,2,0.440767271138807,0.2672073541748008,0.2920253746863923,0.7079746253136079,0.5592327288611931,2.14,3.53,3.23,1.4124800017472874,1.788164297959409,1.0601733618261524,closing,market_average_close,0.7109667595203051,0.2890332404796949,0.2890332404796949,0.7109667595203051,market_only,test,2025,1,-0.15173403065911206,0.15173403065911195
10,2025-08-31 15:30:00,2025,30240,1,1,home_win,0,logistic_regression,4,Borussia Dortmund,Union Berlin,,,,,,,,,,,,,,,,,0.6103911353295319,0.38960886467046807,0.38960886467046807,0.6103911353295319,market_only,test,2025,0,,
11,2025-08-31 17:30:00,2025,30241,1,1,home_win,0,logistic_regression,4,FC Cologne,Freiburg,,2,2,0.371126711213524,0.2836708699003672,0.3452024188861086,0.6547975811138913,0.6288732887864759,2.53,3.31,2.72,1.527189514504432,1.5901454519235183,1.0650187794449546,closing,market_average_close,0.806110984415151,0.19388901558484894,0.19388901558484894,0.806110984415151,market_only,test,2025,0,-0.17723769562867503,0.1772376956286752
12,2025-09-12 18:30:00,2025,30242,1,1,home_win,0,logistic_regression,4,Bayer Leverkusen,Eintracht Frankfurt,,3,3,0.444996483933103,0.2536001467575748,0.3014033693093222,0.6985966306906779,0.5550035160668971,2.12,3.72,3.13,1.4314412009278303,1.8017903869990357,1.060004135399996,closing,market_average_close,0.6835554081997101,0.31644459180028994,0.31644459180028994,0.6835554081997101,market_only,test,2025,0,-0.12855189213281304,0.12855189213281293
13,2025-09-13 13:30:00,2025,30243,1,1,home_win,0,logistic_regression,4,Freiburg,VfB Stuttgart,,3,3,0.3602712835282948,0.2666414584305459,0.3730872580411591,0.6269127419588407,0.639728716471705,2.62,3.54,2.53,1.5951183204147634,1.563162594162255,1.0594221820152394,closing,market_average_close,0.7463640761498822,0.2536359238501178,0.2536359238501178,0.7463640761498822,market_only,test,2025,0,-0.106635359678177,0.10663535967817717
13,2025-09-13 13:30:00,2025,30244,0,0,home_win,0,logistic_regression,4,FC Heidenheim,Borussia Dortmund,,,,,,,,,,,,,,,,,0.6082734206806482,0.3917265793193518,0.3917265793193518,0.6082734206806482,market_only,test,2025,1,,
13,2025-09-13 13:30:00,2025,30245,0,0,home_win,0,logistic_regression,4,Mainz 05,RasenBallsport Leipzig,,3,3,0.4069510965465087,0.2558608520292412,0.33718805142425,0.66281194857575,0.5930489034534914,2.32,3.69,2.8,1.5087235559781316,1.6862015833377608,1.0591800499285782,closing,market_average_close,0.7006375620218064,0.2993624379781937,0.2993624379781937,0.7006375620218064,market_only,test,2025,1,-0.10758865856831501,0.10758865856831501
13,2025-09-13 13:30:00,2025,30246,0,0,home_win,0,logistic_regression,4,Wolfsburg,FC Cologne,,3,3,0.49099859755574,0.2582787143306906,0.2507226881135693,0.7492773118864307,0.50900140244426,1.92,3.65,3.76,1.3346193513885174,1.9646311291048133,1.06076338288157,closing,market_average_close,0.617561281689884,0.382438718310116,0.382438718310116,0.617561281689884,market_only,test,2025,1,-0.10855987924562399,0.10855987924562405
13,2025-09-13 13:30:00,2025,30247,0,0,home_win,0,logistic_regression,4,Union Berlin,Hoffenheim,,3,3,0.344082000926656,0.2772896125114816,0.3786283865618624,0.6213716134381376,0.6559179990733439,2.74,3.4,2.49,1.609342909095666,1.524580818658372,1.0606875764112698,closing,market_average_close,0.7648381663087985,0.23516183369120147,0.23516183369120147,0.7648381663087985,market_only,test,2025,1,-0.1089201672354545,0.10892016723545461
14,2025-09-13 16:30:00,2025,30248,1,1,home_win,1,logistic_regression,4,Bayern Munich,Hamburger SV,,3,3,0.8867317367186944,0.0753616329061956,0.0379066303751099,0.96209336962489,0.1132682632813056,1.07,12.59,25.03,1.0394001575854217,8.828598329582096,1.0539596143369132,closing,market_average_close,0.08712577890496298,0.912874221095037,0.912874221095037,0.08712577890496298,market_only,test,2025,0,0.02614248437634259,-0.026142484376342617
15,2025-09-14 13:30:00,2025,30249,1,1,home_win,0,logistic_regression,4,St. Pauli,Augsburg,,3,3,0.4461749867796858,0.2793558522567172,0.2744691609635968,0.725530839036403,0.553825013220314,2.11,3.37,3.43,1.3783011640526912,1.805624477279064,1.0622147438379832,closing,market_average_close,0.6746191593364552,0.3253808406635448,0.3253808406635448,0.6746191593364552,market_only,test,2025,0,-0.12079414611614103,0.12079414611614125
16,2025-09-14 15:30:00,2025,30250,0,0,home_win,0,logistic_regression,4,Borussia M.Gladbach,Werder Bremen,,3,3,0.4517425013999391,0.2427099814719467,0.3055475171281142,0.6944524828718859,0.5482574986000609,2.09,3.89,3.09,1.4399833317097983,1.823960461194664,1.0591629037311467,closing,market_average_close,0.6395267284582378,0.3604732715417623,0.3604732715417623,0.6395267284582378,market_only,test,2025,1,-0.09126922985817681,0.09126922985817687
17,2025-09-19 18:30:00,2025,30251,1,1,home_win,0,logistic_regression,4,VfB Stuttgart,St. Pauli,,4,4,0.516278656112962,0.2421719469395853,0.2415493969474526,0.7584506030525473,0.4837213438870379,1.82,3.88,3.89,1.3184774275019169,2.0673059244487817,1.064251916953796,closing,market_average_close,0.5932403203826875,0.40675967961731246,0.40675967961731246,0.5932403203826875,market_only,test,2025,0,-0.10951897649564951,0.10951897649564957
18,2025-09-20 13:30:00,2025,30252,0,0,home_win,0,logistic_regression,4,Werder Bremen,Freiburg,,4,4,0.3972876379345615,0.265231465325327,0.3374808967401114,0.6625191032598885,0.6027123620654384,2.37,3.55,2.79,1.509390438825923,1.659166234077387,1.062054008183213,closing,market_average_close,0.6938867795005501,0.3061132204994499,0.3061132204994499,0.6938867795005501,market_only,test,2025,1,-0.09117441743511162,0.09117441743511168
18,2025-09-20 13:30:00,2025,30253,0,0,home_win,0,logistic_regression,4,Augsburg,Mainz 05,,4,4,0.3618220837324344,0.2721485990033584,0.3660293172642069,0.6339706827357929,0.6381779162675654,2.61,3.47,2.58,1.5773600061199513,1.5669611475254113,1.0589230997172594,closing,market_average_close,0.7230514062909223,0.2769485937090776,0.2769485937090776,0.7230514062909223,market_only,test,2025,1,-0.08487349002335681,0.08487349002335698
18,2025-09-20 13:30:00,2025,30254,1,1,home_win,0,logistic_regression,4,Hamburger SV,FC Heidenheim,,4,4,0.5322566384721935,0.2434352067430962,0.2243081547847101,0.7756918452152898,0.4677433615278064,1.77,3.87,4.2,1.2891717325227965,2.1379245164135847,1.061464922324205,closing,market_average_close,0.5451956466688368,0.45480435333116315,0.45480435333116315,0.5451956466688368,market_only,test,2025,0,-0.07745228514103036,0.07745228514103042
18,2025-09-20 13:30:00,2025,30255,0,0,home_win,0,logistic_regression,4,Hoffenheim,Bayern Munich,,4,4,0.1352319120033969,0.1757763027530187,0.6889917852435844,0.3110082147564156,0.8647680879966031,6.98,5.37,1.37,3.215349153343775,1.1563793968353837,1.0594132222363342,closing,market_average_close,0.9168146039918448,0.08318539600815526,0.08318539600815526,0.9168146039918448,market_only,test,2025,1,-0.05204651599524164,0.05204651599524168
19,2025-09-20 16:30:00,2025,30256,1,1,home_win,0,logistic_regression,4,RasenBallsport Leipzig,FC Cologne,,4,4,0.5063728517210516,0.2348761855863232,0.2587509626926252,0.7412490373073748,0.4936271482789485,1.86,4.01,3.64,1.3490742647471778,2.025820507414435,1.0617362419309164,closing,market_average_close,0.5773137223810823,0.4226862776189178,0.4226862776189178,0.5773137223810823,market_only,test,2025,0,-0.08368657410213381,0.08368657410213376
20,2025-09-21 13:30:00,2025,30257,0,0,home_win,1,logistic_regression,4,Eintracht Frankfurt,Union Berlin,,4,4,0.5821543490474489,0.2261606823637571,0.1916849685887941,0.808315031411206,0.4178456509525513,1.62,4.17,4.92,1.2371414128649056,2.3932282117100594,1.0603441366148272,closing,market_average_close,0.4683493539982575,0.5316506460017425,0.5316506460017425,0.4683493539982575,market_only,test,2025,1,-0.050503703045706394,0.05050370304570623
21,2025-09-21 15:30:00,2025,30258,0,0,home_win,1,logistic_regression,4,Bayer Leverkusen,Borussia M.Gladbach,,4,4,0.6240670023625761,0.2117620614758404,0.1641709361615835,0.8358290638384165,0.3759329976374239,1.51,4.45,5.74,1.1964168790777072,2.6600484828003044,1.061186784627299,closing,market_average_close,0.43588200168562696,0.564117998314373,0.564117998314373,0.43588200168562696,market_only,test,2025,1,-0.059949004048203025,0.05994900404820308
22,2025-09-21 17:30:00,2025,30259,1,1,home_win,0,logistic_regression,4,Borussia Dortmund,Wolfsburg,,,,,,,,,,,,,,,,,0.6078261506256627,0.3921738493743373,0.3921738493743373,0.6078261506256627,market_only,test,2025,0,,
23,2025-09-26 18:30:00,2025,30260,1,1,home_win,1,logistic_regression,4,Bayern Munich,Werder Bremen,,5,5,0.8586108162591763,0.0897786975175945,0.0516104862232291,0.9483895137767708,0.1413891837408236,1.1,10.52,18.3,1.0544190814781371,7.072676802725379,1.0587927520546108,closing,market_average_close,0.12457975233778851,0.8754202476622115,0.8754202476622115,0.12457975233778851,market_only,test,2025,0,0.016809431403035147,-0.01680943140303509
24,2025-09-27 13:30:00,2025,30261,1,1,home_win,0,logistic_regression,4,FC Heidenheim,Augsburg,,5,5,0.3338959235092706,0.2721348278312552,0.3939692486594741,0.6060307513405259,0.6661040764907293,2.82,3.46,2.39,1.650081283479466,1.501266897011578,1.0620373119594808,closing,market_average_close,0.7622849852105279,0.2377150147894721,0.2377150147894721,0.7622849852105279,market_only,test,2025,0,-0.09618090871979851,0.09618090871979856
24,2025-09-27 13:30:00,2025,30262,0,0,home_win,0,logistic_regression,4,Mainz 05,Borussia Dortmund,,,,,,,,,,,,,,,,,0.6063052614879197,0.39369473851208026,0.39369473851208026,0.6063052614879197,market_only,test,2025,1,,
24,2025-09-27 13:30:00,2025,30263,0,0,home_win,0,logistic_regression,4,St. Pauli,Bayer Leverkusen,,5,5,0.3176021327184955,0.2758123784134303,0.4065854888680741,0.5934145111319259,0.6823978672815045,2.97,3.42,2.32,1.685162700339971,1.4654207581036849,1.0601324802776708,closing,market_average_close,0.7729674603658686,0.2270325396341314,0.2270325396341314,0.7729674603658686,market_only,test,2025,1,-0.09056959308436413,0.09056959308436408
24,2025-09-27 13:30:00,2025,30264,0,0,home_win,0,logistic_regression,4,Wolfsburg,RasenBallsport Leipzig,,5,5,0.3631156057074777,0.2576628544609225,0.3792215398315998,0.6207784601684003,0.6368843942925223,2.59,3.65,2.48,1.610880634822167,1.5701436696542732,1.063298795291725,closing,market_average_close,0.7382517506827656,0.2617482493172344,0.2617482493172344,0.7382517506827656,market_only,test,2025,1,-0.1013673563902433,0.1013673563902433
25,2025-09-27 16:30:00,2025,30265,0,0,home_win,0,logistic_regression,4,Borussia M.Gladbach,Eintracht Frankfurt,,5,5,0.3244557995317345,0.2592071125735619,0.4163370878947035,0.5836629121052964,0.6755442004682655,2.9,3.63,2.26,1.713317703180691,1.480288039341959,1.0627875559770033,closing,market_average_close,0.7659092700233654,0.23409072997663463,0.23409072997663463,0.7659092700233654,market_only,test,2025,1,-0.09036506955509985,0.09036506955509993
26,2025-09-28 13:30:00,2025,30266,0,0,home_win,0,logistic_regression,4,Freiburg,Hoffenheim,,5,5,0.41201627620025,0.2816469470144992,0.3063367767852508,0.6936632232147493,0.5879837237997501,2.29,3.35,3.08,1.4416217647600624,1.7007273492838564,1.0598640100693153,closing,market_average_close,0.6813702805851345,0.31862971941486556,0.31862971941486556,0.6813702805851345,market_only,test,2025,1,-0.09338655678538443,0.09338655678538443
27,2025-09-28 15:30:00,2025,30267,0,0,home_win,0,logistic_regression,4,FC Cologne,VfB Stuttgart,,5,5,0.3716019016871233,0.2597107213448679,0.3686873769680086,0.6313126230319912,0.6283980983128765,2.53,3.62,2.55,1.584001275306871,1.591347909366372,1.0636568736637977,closing,market_average_close,0.7356890225154544,0.2643109774845456,0.2643109774845456,0.7356890225154544,market_only,test,2025,1,-0.10729092420257774,0.10729092420257791
28,2025-09-28 17:30:00,2025,30268,0,0,home_win,0,logistic_regression,4,Union Berlin,Hamburger SV,,5,5,0.4781150587622322,0.2638337999332206,0.2580511413045472,0.7419488586954528,0.5218849412377679,1.97,3.57,3.65,1.34780179021809,1.9161311641379697,1.0616988607556226,closing,market_average_close,0.6290602625954506,0.37093973740454944,0.37093973740454944,0.6290602625954506,market_only,test,2025,1,-0.10717532135768276,0.1071753213576827
29,2025-10-03 18:30:00,2025,30274,0,0,home_win,0,logistic_regression,4,Hoffenheim,FC Cologne,,6,6,0.4852246034277759,0.2503552475132674,0.2644201490589565,0.7355798509410434,0.5147753965722239,1.94,3.76,3.56,1.359471712990341,1.9425947833924853,1.0623202407387784,closing,market_average_close,0.6315723344928634,0.3684276655071365,0.3684276655071365,0.6315723344928634,market_only,test,2025,1,-0.11679693792063939,0.1167969379206395
30,2025-10-04 13:30:00,2025,30269,1,1,home_win,0,logistic_regression,4,Bayer Leverkusen,Union Berlin,,6,6,0.5557125930167742,0.2428564031178704,0.2014310038653552,0.7985689961346447,0.4442874069832257,1.7,3.89,4.69,1.2522399502614705,2.2507952831482245,1.0585243190626978,closing,market_average_close,0.543935114430589,0.45606488556941105,0.45606488556941105,0.543935114430589,market_only,test,2025,0,-0.09964770744736318,0.09964770744736323
30,2025-10-04 13:30:00,2025,30271,0,0,home_win,0,logistic_regression,4,Borussia Dortmund,RasenBallsport Leipzig,,,,,,,,,,,,,,,,,0.6104144895504826,0.3895855104495174,0.3895855104495174,0.6104144895504826,market_only,test,2025,1,,
30,2025-10-04 13:30:00,2025,30276,1,1,home_win,0,logistic_regression,4,Augsburg,Wolfsburg,,6,6,0.3775607633643142,0.2689179226241555,0.3535213140115302,0.6464786859884697,0.6224392366356857,2.5,3.51,2.67,1.546841406644357,1.6065825242718448,1.0594321201062775,closing,market_average_close,0.7352322423140847,0.26476775768591526,0.26476775768591526,0.7352322423140847,market_only,test,2025,0,-0.11279300567839895,0.112793005678399
30,2025-10-04 13:30:00,2025,30277,1,1,home_win,0,logistic_regression,4,Werder Bremen,St. Pauli,,6,6,0.4073865068978352,0.268109068642165,0.3245044244599998,0.6754955755400003,0.5926134931021648,2.31,3.51,2.9,1.4803945965161749,1.6874404846323725,1.0626283040076143,closing,market_average_close,0.7187502096502514,0.2812497903497486,0.2812497903497486,0.7187502096502514,market_only,test,2025,0,-0.12613671654808656,0.12613671654808656
31,2025-10-04 16:30:00,2025,30272,0,0,home_win,0,logistic_regression,4,Eintracht Frankfurt,Bayern Munich,,6,6,0.1406427000124242,0.1664851749263679,0.6928721250612078,0.3071278749387922,0.8593572999875757,6.7,5.66,1.36,3.2559727774604985,1.16366033082451,1.0612262942200243,closing,market_average_close,0.9118879957105078,0.0881120042894922,0.0881120042894922,0.9118879957105078,market_only,test,2025,1,-0.05253069572293201,0.05253069572293212
32,2025-10-05 13:30:00,2025,30275,1,1,home_win,1,logistic_regression,4,VfB Stuttgart,FC Heidenheim,,6,6,0.678629057789017,0.1864218162701054,0.1349491259408774,0.8650508740591225,0.3213709422109829,1.39,5.06,6.99,1.1560013751649645,3.1116690050449267,1.0601144353817529,closing,market_average_close,0.3696964829827022,0.6303035170172978,0.6303035170172978,0.3696964829827022,market_only,test,2025,0,-0.048325540771719244,0.0483255407717193
33,2025-10-05 15:30:00,2025,30273,1,1,home_win,0,logistic_regression,4,Hamburger SV,Mainz 05,,6,6,0.3050185252790443,0.2559828495529854,0.4389986251679703,0.5610013748320297,0.6949814747209557,3.08,3.67,2.14,1.7825268258913118,1.4388872745155017,1.0644446083341903,closing,market_average_close,0.7755920430165653,0.22440795698343471,0.22440795698343471,0.7755920430165653,market_only,test,2025,0,-0.08061056829560956,0.08061056829560953
34,2025-10-05 17:30:00,2025,30270,0,0,home_win,0,logistic_regression,4,Borussia M.Gladbach,Freiburg,,6,6,0.3643627646823811,0.2808629644426688,0.35477427087495,0.6452257291250499,0.6356372353176187,2.59,3.36,2.66,1.54984520123839,1.573224387177876,1.059659283343494,closing,market_average_close,0.7003059553525335,0.2996940446474665,0.2996940446474665,0.7003059553525335,market_only,test,2025,1,-0.06466872003491458,0.06466872003491475
35,2025-10-17 18:30:00,2025,30285,1,1,home_win,0,logistic_regression,4,Union Berlin,Borussia M.Gladbach,,7,7,0.4206850523204538,0.2829833384978428,0.2963316091817033,0.7036683908182966,0.5793149476795462,2.24,3.33,3.18,1.4211239456657974,1.7261767610269914,1.0611942805339032,closing,market_average_close,0.6502282322788024,0.3497717677211975,0.3497717677211975,0.6502282322788024,market_only,test,2025,0,-0.07091328459925628,0.07091328459925628
36,2025-10-18 13:30:00,2025,30279,0,0,home_win,0,logistic_regression,4,FC Cologne,Augsburg,,7,7,0.4759481961147087,0.2493061979648474,0.274745605920444,0.7252543940795562,0.5240518038852915,1.98,3.78,3.43,1.3788265306122445,1.9082082965578109,1.0611459591051426,closing,market_average_close,0.5811577499341416,0.4188422500658584,0.4188422500658584,0.5811577499341416,market_only,test,2025,1,-0.057105946048850276,0.05710594604885011
36,2025-10-18 13:30:00,2025,30281,0,0,home_win,0,logistic_regression,4,FC Heidenheim,Werder Bremen,,7,7,0.3526812727161972,0.2721557798127881,0.3751629474710146,0.6248370525289854,0.6473187272838028,2.67,3.46,2.51,1.600417254310653,1.5448340328358394,1.061955550748447,closing,market_average_close,0.7074862981357741,0.29251370186422593,0.29251370186422593,0.7074862981357741,market_only,test,2025,1,-0.060167570851971275,0.06016757085197133
36,2025-10-18 13:30:00,2025,30282,0,0,home_win,0,logistic_regression,4,Mainz 05,Bayer Leverkusen,,7,7,0.376246878958956,0.2715520952486378,0.3522010257924062,0.6477989742075938,0.6237531210410441,2.49,3.45,2.66,1.543688767372978,1.6031983909451224,1.0674013477906394,closing,market_average_close,0.6868624468834615,0.31313755311653846,0.31313755311653846,0.6868624468834615,market_only,test,2025,1,-0.06310932584241752,0.06310932584241746
36,2025-10-18 13:30:00,2025,30283,1,1,home_win,1,logistic_regression,4,RasenBallsport Leipzig,Hamburger SV,,7,7,0.6492655038542866,0.1898054396348217,0.1609290565108915,0.8390709434891084,0.3507344961457133,1.45,4.96,5.85,1.1917943384402043,2.851159526619669,1.0622082465797706,closing,market_average_close,0.38205167591085276,0.6179483240891472,0.6179483240891472,0.38205167591085276,market_only,test,2025,0,-0.03131717976513937,0.03131717976513948
36,2025-10-18 13:30:00,2025,30286,0,0,home_win,0,logistic_regression,4,Wolfsburg,VfB Stuttgart,,7,7,0.3324211042392531,0.2672590127832632,0.4003198829774835,0.5996801170225163,0.6675788957607467,2.83,3.52,2.35,1.6675557044731113,1.497950289246995,1.0629797144438902,closing,market_average_close,0.7273123687117027,0.2726876312882973,0.2726876312882973,0.7273123687117027,market_only,test,2025,1,-0.05973347295095577,0.05973347295095599
37,2025-10-18 16:30:00,2025,30278,1,1,home_win,0,logistic_regression,4,Bayern Munich,Borussia Dortmund,,,,,,,,,,,,,,,,,0.6113898589392528,0.38861014106074715,0.38861014106074715,0.6113898589392528,market_only,test,2025,0,,
38,2025-10-19 13:30:00,2025,30280,0,0,home_win,0,logistic_regression,4,Freiburg,Eintracht Frankfurt,,7,7,0.3832278939489061,0.2663109093543246,0.3504611966967692,0.6495388033032308,0.6167721060510938,2.46,3.54,2.69,1.539553903345725,1.6213443996398231,1.060737152642776,closing,market_average_close,0.6920334049811723,0.3079665950188277,0.3079665950188277,0.6920334049811723,market_only,test,2025,1,-0.07526129893007838,0.07526129893007849
39,2025-10-19 15:30:00,2025,30284,0,0,home_win,0,logistic_regression,4,St. Pauli,Hoffenheim,,7,7,0.3558034896268095,0.2773174257385427,0.3668790846346479,0.6331209153653522,0.6441965103731906,2.65,3.4,2.57,1.579477119979419,1.5523213552036914,1.06058119599062,closing,market_average_close,0.7223992182850256,0.2776007817149744,0.2776007817149744,0.7223992182850256,market_only,test,2025,1,-0.07820270791183515,0.07820270791183503
40,2025-10-24 18:30:00,2025,30295,1,1,home_win,0,logistic_regression,4,Werder Bremen,Union Berlin,,8,8,0.4119064019206956,0.2726201330631194,0.3154734650161849,0.684526534983815,0.5880935980793043,2.29,3.46,2.99,1.460863748727643,1.7004096002166482,1.0601467242830032,closing,market_average_close,0.6703768663252837,0.3296231336747163,0.3296231336747163,0.6703768663252837,market_only,test,2025,0,-0.08228326824597931,0.08228326824597942
41,2025-10-25 13:30:00,2025,30287,0,0,home_win,0,logistic_regression,4,Augsburg,RasenBallsport Leipzig,,8,8,0.2912621359223301,0.2475728155339805,0.4611650485436893,0.5388349514563107,0.7087378640776698,3.23,3.8,2.04,1.855855855855856,1.4109589041095891,1.0629514963880289,closing,market_average_close,0.7800760866944015,0.21992391330559843,0.21992391330559843,0.7800760866944015,market_only,test,2025,1,-0.07133822261673164,0.07133822261673173
41,2025-10-25 13:30:00,2025,30289,0,0,home_win,0,logistic_regression,4,Borussia M.Gladbach,Bayern Munich,,8,8,0.1005153925185578,0.1399449075629847,0.7595396999184574,0.2404603000815425,0.8994846074814421,9.37,6.73,1.24,4.158690643157684,1.1117477627549417,1.0617636089197244,closing,market_average_close,0.9453960300458665,0.054603969954133566,0.054603969954133566,0.9453960300458665,market_only,test,2025,1,-0.04591142256442424,0.045911422564424376
41,2025-10-25 13:30:00,2025,30291,1,1,home_win,1,logistic_regression,4,Eintracht Frankfurt,St. Pauli,,8,8,0.5739622043361102,0.2209619753782208,0.205075820285669,0.794924179714331,0.4260377956638898,1.64,4.26,4.59,1.2579816107233854,2.347209590739975,1.062362805345811,closing,market_average_close,0.48635867594285465,0.5136413240571454,0.5136413240571454,0.48635867594285465,market_only,test,2025,0,-0.06032088027896487,0.06032088027896487
41,2025-10-25 13:30:00,2025,30292,0,0,home_win,0,logistic_regression,4,Hamburger SV,Wolfsburg,,8,8,0.4364024900120784,0.2575490104989315,0.3060484994889901,0.69395150051101,0.5635975099879216,2.16,3.66,3.08,1.441022894631142,1.7743158588855918,1.0608623313541343,closing,market_average_close,0.6374106802806205,0.3625893197193794,0.3625893197193794,0.6374106802806205,market_only,test,2025,1,-0.07381317029269902,0.07381317029269896
41,2025-10-25 13:30:00,2025,30293,1,1,home_win,1,logistic_regression,4,Hoffenheim,FC Heidenheim,,8,8,0.6004885744821619,0.2157361697796325,0.1837752557382055,0.8162247442617944,0.399511425517838,1.57,4.37,5.13,1.2251527621897995,2.5030573248407646,1.060707400983458,closing,market_average_close,0.4521831820928013,0.5478168179071987,0.5478168179071987,0.4521831820928013,market_only,test,2025,0,-0.05267175657496315,0.05267175657496326
42,2025-10-25 16:30:00,2025,30290,1,1,home_win,0,logistic_regression,4,Borussia Dortmund,FC Cologne,,,,,,,,,,,,,,,,,0.611505237571583,0.3884947624284169,0.3884947624284169,0.611505237571583,market_only,test,2025,0,,
43,2025-10-26 13:30:00,2025,30288,1,1,home_win,0,logistic_regression,4,Bayer Leverkusen,Freiburg,,8,8,0.4814513315501803,0.2621235027328759,0.2564251657169438,0.7435748342830563,0.5185486684498197,1.96,3.6,3.68,1.3448545511416952,1.9284592958062348,1.0597209898452131,closing,market_average_close,0.5822454601090585,0.41775453989094147,0.41775453989094147,0.5822454601090585,market_only,test,2025,0,-0.0636967916592388,0.0636967916592388
44,2025-10-26 15:30:00,2025,30294,1,1,home_win,0,logistic_regression,4,VfB Stuttgart,Mainz 05,,8,8,0.4567762380451178,0.2606534765576019,0.2825702853972801,0.7174297146027198,0.5432237619548821,2.06,3.61,3.33,1.3938647642351347,1.840862035197672,1.0627455037534914,closing,market_average_close,0.6050627342366257,0.39493726576337423,0.39493726576337423,0.6050627342366257,market_only,test,2025,0,-0.061838972281743565,0.06183897228174362
45,2025-10-31 19:30:00,2025,30296,0,0,home_win,0,logistic_regression,4,Augsburg,Borussia Dortmund,,,,,,,,,,,,,,,,,0.6086225310677411,0.3913774689322589,0.3913774689322589,0.6086225310677411,market_only,test,2025,1,,
46,2025-11-01 14:30:00,2025,30299,0,0,home_win,0,logistic_regression,4,FC Heidenheim,Eintracht Frankfurt,,9,9,0.2351589517721564,0.2334083888557384,0.531432659372105,0.4685673406278949,0.7648410482278435,4.0,4.03,1.77,2.1341649604941924,1.3074612068965517,1.0631107092288066,closing,market_average_close,0.8181469944266668,0.1818530055733332,0.1818530055733332,0.8181469944266668,market_only,test,2025,1,-0.0533059461988232,0.05330594619882334
46,2025-11-01 14:30:00,2025,30300,0,0,home_win,0,logistic_regression,4,Mainz 05,Werder Bremen,,9,9,0.5056474088975503,0.2468514909578592,0.2475011001445904,0.7524988998554096,0.4943525911024496,1.86,3.81,3.8,1.32890559732665,2.022847696155313,1.0632594949400425,closing,market_average_close,0.5404244405346342,0.45957555946536577,0.45957555946536577,0.5404244405346342,market_only,test,2025,1,-0.046071849432184564,0.04607184943218462
46,2025-11-01 14:30:00,2025,30301,1,1,home_win,0,logistic_regression,4,RasenBallsport Leipzig,VfB Stuttgart,,9,9,0.4514352590056395,0.2509307689685602,0.2976339720258001,0.7023660279741998,0.5485647409943604,2.09,3.76,3.17,1.4237590660303594,1.822938889924536,1.0598837595792532,closing,market_average_close,0.6004871646070258,0.3995128353929742,0.3995128353929742,0.6004871646070258,market_only,test,2025,0,-0.0519224236126653,0.051922423612665414
46,2025-11-01 14:30:00,2025,30302,0,0,home_win,0,logistic_regression,4,St. Pauli,Borussia M.Gladbach,,9,9,0.4083536431632911,0.2782586771997647,0.3133876796369443,0.6866123203630559,0.591646356836709,2.31,3.39,3.01,1.456425948592411,1.6901988636363636,1.0601115972591584,closing,market_average_close,0.6472168924678168,0.3527831075321832,0.3527831075321832,0.6472168924678168,market_only,test,2025,1,-0.055570535631107865,0.05557053563110781
46,2025-11-01 14:30:00,2025,30303,0,0,home_win,0,logistic_regression,4,Union Berlin,Freiburg,,9,9,0.3601214541494084,0.3004835063284873,0.3393950395221044,0.6606049604778957,0.6398785458505918,2.62,3.14,2.78,1.513763988808953,1.5627965752011548,1.0598629571084222,closing,market_average_close,0.6973324993538497,0.3026675006461503,0.3026675006461503,0.6973324993538497,market_only,test,2025,1,-0.057453953503258104,0.05745395350325788
47,2025-11-01 17:30:00,2025,30297,1,1,home_win,1,logistic_regression,4,Bayern Munich,Bayer Leverkusen,,9,9,0.7479522367875091,0.1520031965084292,0.1000445667040617,0.8999554332959384,0.252047763212491,1.26,6.2,9.42,1.1111661344580863,3.967501981586488,1.061098228757978,closing,market_average_close,0.24797354551392303,0.752026454486077,0.752026454486077,0.24797354551392303,market_only,test,2025,0,0.004074217698567861,-0.004074217698567972
48,2025-11-02 14:30:00,2025,30298,1,1,home_win,0,logistic_regression,4,FC Cologne,Hamburger SV,,9,9,0.3886057692307692,0.2667548076923077,0.3446394230769231,0.6553605769230769,0.6113942307692308,2.43,3.54,2.74,1.525877562997469,1.6356058818903827,1.0589720131007057,closing,market_average_close,0.6768650219980168,0.3231349780019832,0.3231349780019832,0.6768650219980168,market_only,test,2025,0,-0.06547079122878602,0.06547079122878596
49,2025-11-02 16:30:00,2025,30304,0,0,home_win,0,logistic_regression,4,Wolfsburg,Hoffenheim,,9,9,0.3485571190078702,0.2543524922489864,0.3970903887431433,0.6029096112568566,0.6514428809921297,2.7,3.7,2.37,1.658623417721519,1.535053999633901,1.0625815689106828,closing,market_average_close,0.71221048572583,0.28778951427417004,0.28778951427417004,0.71221048572583,market_only,test,2025,1,-0.06076760473370013,0.06076760473370035
50,2025-11-07 19:30:00,2025,30313,1,1,home_win,0,logistic_regression,4,Werder Bremen,Wolfsburg,,10,10,0.4406371921600074,0.2590559316545098,0.3003068761854827,0.6996931238145173,0.5593628078399926,2.14,3.64,3.14,1.4291979811782336,1.7877484630441376,1.060486331931061,closing,market_average_close,0.6154520743236818,0.3845479256763182,0.3845479256763182,0.6154520743236818,market_only,test,2025,0,-0.056089266483689226,0.05608926648368917
51,2025-11-08 14:30:00,2025,30305,1,1,home_win,1,logistic_regression,4,Bayer Leverkusen,FC Heidenheim,,10,10,0.6805695308110046,0.1907241225458258,0.1287063466431695,0.8712936533568304,0.3194304691889954,1.39,4.96,7.35,1.14771867802239,3.130571740820179,1.0570917854261688,closing,market_average_close,0.32471908877080613,0.6752809112291939,0.6752809112291939,0.32471908877080613,market_only,test,2025,0,-0.005288619581810705,0.005288619581810705
51,2025-11-08 14:30:00,2025,30309,0,0,home_win,0,logistic_regression,4,Hamburger SV,Borussia Dortmund,,,,,,,,,,,,,,,,,0.6095558412542573,0.3904441587457427,0.3904441587457427,0.6095558412542573,market_only,test,2025,1,,
51,2025-11-08 14:30:00,2025,30310,1,1,home_win,0,logistic_regression,4,Hoffenheim,RasenBallsport Leipzig,,10,10,0.3493873436860175,0.2508898478596402,0.3997228084543421,0.6002771915456577,0.6506126563139825,2.7,3.76,2.36,1.6658970457049906,1.5370128298232872,1.060056630738203,closing,market_average_close,0.7055697764506149,0.2944302235493851,0.2944302235493851,0.7055697764506149,market_only,test,2025,0,-0.0549571201366324,0.054957120136632454
51,2025-11-08 14:30:00,2025,30312,0,0,home_win,0,logistic_regression,4,Union Berlin,Bayern Munich,,10,10,0.0803999487499863,0.1408501344319641,0.7787499168180496,0.2212500831819504,0.9196000512500138,11.72,6.69,1.21,4.519772312029485,1.087429256491122,1.0612473441648276,closing,market_average_close,0.9624371495617623,0.037562850438237656,0.037562850438237656,0.9624371495617623,market_only,test,2025,1,-0.04283709831174864,0.042837098311748534
52,2025-11-08 17:30:00,2025,30306,1,1,home_win,0,logistic_regression,4,Borussia M.Gladbach,FC Cologne,,10,10,0.4635423519195853,0.2564008104623319,0.2800568376180827,0.7199431623819172,0.5364576480804146,2.03,3.67,3.36,1.3889985380116958,1.8640800510129003,1.062709449090169,closing,market_average_close,0.5713537413290182,0.42864625867098183,0.42864625867098183,0.5713537413290182,market_only,test,2025,0,-0.03489609324860349,0.034896093248603544
53,2025-11-09 14:30:00,2025,30308,1,1,home_win,1,logistic_regression,4,Freiburg,St. Pauli,,10,10,0.5319866952415124,0.2637581094054557,0.2042551953530318,0.7957448046469682,0.4680133047584875,1.77,3.57,4.61,1.256684296473226,2.1366913928142224,1.0620035359266689,closing,market_average_close,0.48481713592128484,0.5151828640787152,0.5151828640787152,0.48481713592128484,market_only,test,2025,0,-0.016803831162797267,0.016803831162797322
54,2025-11-09 16:30:00,2025,30311,1,1,home_win,1,logistic_regression,4,VfB Stuttgart,Augsburg,,10,10,0.6231771618329438,0.2081852907893241,0.168637547377732,0.8313624526222679,0.3768228381670562,1.51,4.52,5.58,1.2028447963289883,2.653766966100584,1.062702063216287,closing,market_average_close,0.36915125623746825,0.6308487437625317,0.6308487437625317,0.36915125623746825,market_only,test,2025,0,0.007671581929587945,-0.007671581929587945
55,2025-11-09 18:30:00,2025,30307,1,1,home_win,1,logistic_regression,4,Eintracht Frankfurt,Mainz 05,,10,10,0.5125677673730902,0.2418268440939708,0.245605388532939,0.754394611467061,0.4874322326269098,1.84,3.9,3.84,1.3255662020905925,2.051567239635996,1.0603051839464883,closing,market_average_close,0.498240484822861,0.501759515177139,0.501759515177139,0.498240484822861,market_only,test,2025,0,-0.010808252195951162,0.010808252195951162
56,2025-11-21 19:30:00,2025,30319,0,0,home_win,0,logistic_regression,4,Mainz 05,Hoffenheim,,11,11,0.3787920923765189,0.2679523608004353,0.3532555468230458,0.6467444531769542,0.6212079076234811,2.49,3.52,2.67,1.54620576193236,1.6097670163691924,1.0602291699997128,closing,market_average_close,0.6484762167335184,0.3515237832664816,0.3515237832664816,0.6484762167335184,market_only,test,2025,1,-0.027268309110037303,0.027268309110037303
57,2025-11-22 14:30:00,2025,30314,1,1,home_win,0,logistic_regression,4,Augsburg,Hamburger SV,,11,11,0.3863851155395293,0.2781061008603102,0.3355087836001607,0.6644912163998395,0.6136148844604709,2.44,3.39,2.81,1.50491078786251,1.6296866737176094,1.06069320243223,closing,market_average_close,0.6434750511107384,0.35652494888926156,0.35652494888926156,0.6434750511107384,market_only,test,2025,0,-0.02986016665026775,0.029860166650267583
57,2025-11-22 14:30:00,2025,30315,1,1,home_win,1,logistic_regression,4,Bayern Munich,Freiburg,,11,11,0.8136863300810712,0.1225813172589665,0.0637323526599623,0.9362676473400378,0.1863136699189289,1.16,7.7,14.81,1.0680706556944777,5.367292697498431,1.059461040019377,closing,market_average_close,0.14077779609055474,0.8592222039094453,0.8592222039094453,0.14077779609055474,market_only,test,2025,0,0.045535873828374096,-0.04553587382837415
57,2025-11-22 14:30:00,2025,30316,0,0,home_win,0,logistic_regression,4,Borussia Dortmund,VfB Stuttgart,,,,,,,,,,,,,,,,,0.6090679457156518,0.39093205428434824,0.39093205428434824,0.6090679457156518,market_only,test,2025,1,,
57,2025-11-22 14:30:00,2025,30318,0,0,home_win,0,logistic_regression,4,FC Heidenheim,Borussia M.Gladbach,,11,11,0.289410392828511,0.2605495226295459,0.450040084541943,0.549959915458057,0.710589607171489,3.25,3.61,2.09,1.818314338722502,1.4072820512820512,1.0631695174631464,closing,market_average_close,0.7469302276005709,0.253069772399429,0.253069772399429,0.7469302276005709,market_only,test,2025,1,-0.03634062042908198,0.03634062042908193
57,2025-11-22 14:30:00,2025,30322,0,0,home_win,0,logistic_regression,4,Wolfsburg,Bayer Leverkusen,,11,11,0.2801501487148755,0.2477968507005592,0.4720530005845653,0.5279469994154348,0.7198498512851246,3.37,3.81,2.0,1.8941295264623956,1.3891785880273957,1.05920309664556,closing,market_average_close,0.7620797804536463,0.23792021954635373,0.23792021954635373,0.7620797804536463,market_only,test,2025,1,-0.04222992916852175,0.04222992916852175
58,2025-11-22 17:30:00,2025,30317,0,0,home_win,0,logistic_regression,4,FC Cologne,Eintracht Frankfurt,,11,11,0.3483917600289121,0.2612938200216841,0.3903144199494036,0.6096855800505963,0.6516082399710877,2.7,3.6,2.41,1.6401896858328395,1.5346644481419858,1.0630859074842478,closing,market_average_close,0.680330307987437,0.319669692012563,0.319669692012563,0.680330307987437,market_only,test,2025,1,-0.028722068016349078,0.028722068016349245
59,2025-11-23 14:30:00,2025,30320,1,1,home_win,1,logistic_regression,4,RasenBallsport Leipzig,Werder Bremen,,11,11,0.6239522321848526,0.1996118369913405,0.1764359308238066,0.8235640691761932,0.3760477678151472,1.51,4.72,5.34,1.2142346144366094,2.659236633181046,1.0613819800117965,closing,market_average_close,0.3540656237410358,0.6459343762589642,0.6459343762589642,0.3540656237410358,market_only,test,2025,0,0.021982144074111587,-0.02198214407411142
60,2025-11-23 16:30:00,2025,30321,0,0,home_win,0,logistic_regression,4,St. Pauli,Union Berlin,,11,11,0.3581125187621357,0.3171164728432379,0.3247710083946264,0.6752289916053735,0.6418874812378643,2.63,2.97,2.9,1.480979064039409,1.5579054417318194,1.0617560597893625,closing,market_average_close,0.6728386985133883,0.32716130148661177,0.32716130148661177,0.6728386985133883,market_only,test,2025,1,-0.030951217275523912,0.030951217275523968
61,2025-11-28 19:30:00,2025,30325,0,0,home_win,0,logistic_regression,4,Borussia M.Gladbach,RasenBallsport Leipzig,,12,12,0.3349830255695756,0.2503463568751349,0.4146706175552896,0.5853293824447106,0.6650169744304246,2.81,3.76,2.27,1.7084397776570848,1.5037210153266876,1.0623579672907404,closing,market_average_close,0.7016561086974087,0.29834389130259137,0.29834389130259137,0.7016561086974087,market_only,test,2025,1,-0.03663913426698423,0.036639134266984064
62,2025-11-29 14:30:00,2025,30324,1,1,home_win,1,logistic_regression,4,Bayern Munich,St. Pauli,,12,12,0.8549893334774407,0.0996888823697436,0.0453217841528156,0.9546782158471844,0.1450106665225592,1.11,9.52,20.94,1.0474733616002718,6.896044435768664,1.05369840958919,closing,market_average_close,0.09935196153450176,0.9006480384654982,0.9006480384654982,0.09935196153450176,market_only,test,2025,0,0.045658704988057575,-0.045658704988057436
62,2025-11-29 14:30:00,2025,30329,1,1,home_win,1,logistic_regression,4,Hoffenheim,Augsburg,,12,12,0.5515859807822119,0.2340476494137921,0.214366369803996,0.7856336301960041,0.4484140192177881,1.71,4.03,4.4,1.2728579347481783,2.23008192684162,1.0602070067265312,closing,market_average_close,0.4460167364875546,0.5539832635124454,0.5539832635124454,0.4460167364875546,market_only,test,2025,0,0.002397282730233541,-0.002397282730233541
62,2025-11-29 14:30:00,2025,30330,0,0,home_win,1,logistic_regression,4,Union Berlin,FC Heidenheim,,12,12,0.5970891901977857,0.2456773230501306,0.1572334867520836,0.8427665132479163,0.4029108098022142,1.58,3.84,6.0,1.186568265682657,2.481938870021612,1.0599947257383966,closing,market_average_close,0.38932338942500333,0.6106766105749967,0.6106766105749967,0.38932338942500333,market_only,test,2025,1,0.013587420377210946,-0.01358742037721089
62,2025-11-29 14:30:00,2025,30331,0,0,home_win,0,logistic_regression,4,Werder Bremen,FC Cologne,,12,12,0.4316488254361081,0.2536373152158263,0.3147138593480655,0.6852861406519345,0.5683511745638918,2.18,3.71,2.99,1.4592444537819895,1.759475557989867,1.0627055358411337,closing,market_average_close,0.5917081173880436,0.4082918826119563,0.4082918826119563,0.5917081173880436,market_only,test,2025,1,-0.023356942824151794,0.023356942824151794
63,2025-11-29 17:30:00,2025,30323,0,0,home_win,0,logistic_regression,4,Bayer Leverkusen,Borussia Dortmund,,,,,,,,,,,,,,,,,0.6117914601823344,0.3882085398176656,0.3882085398176656,0.6117914601823344,market_only,test,2025,1,,
64,2025-11-30 14:30:00,2025,30328,1,1,home_win,0,logistic_regression,4,Hamburger SV,VfB Stuttgart,,12,12,0.3446808510638298,0.2680851063829788,0.3872340425531915,0.6127659574468085,0.6553191489361703,2.73,3.51,2.43,1.6319444444444444,1.5259740259740258,1.062723284945507,closing,market_average_close,0.6988738106027259,0.30112618939727404,0.30112618939727404,0.6988738106027259,market_only,test,2025,0,-0.04355466166655575,0.04355466166655564
65,2025-11-30 16:30:00,2025,30326,0,0,home_win,0,logistic_regression,4,Eintracht Frankfurt,Wolfsburg,,12,12,0.4909254633748914,0.2435599198138996,0.2655146168112089,0.7344853831887911,0.5090745366251085,1.92,3.87,3.55,1.3614974823031454,1.9643488881401616,1.0609214069949413,closing,market_average_close,0.5199421262878265,0.48005787371217346,0.48005787371217346,0.5199421262878265,market_only,test,2025,1,-0.010867589662717947,0.010867589662718058
66,2025-11-30 18:30:00,2025,30327,1,1,home_win,1,logistic_regression,4,Freiburg,Mainz 05,,12,12,0.543356479576658,0.2540558674777346,0.2025876529456074,0.7974123470543926,0.456643520423342,1.73,3.7,4.64,1.2540563281894963,2.1898920170222205,1.0638221937305057,closing,market_average_close,0.4554276056597749,0.5445723943402251,0.5445723943402251,0.4554276056597749,market_only,test,2025,0,0.001215914763567083,-0.001215914763567083
67,2025-12-05 19:30:00,2025,30339,0,0,home_win,0,logistic_regression,4,Mainz 05,Borussia M.Gladbach,,13,13,0.3519736302661572,0.2780383410682366,0.3699880286656062,0.6300119713343939,0.6480263697338429,2.67,3.38,2.54,1.587271425782521,1.5431470796639335,1.0640906107732475,closing,market_average_close,0.6798214680079447,0.32017853199205526,0.32017853199205526,0.6798214680079447,market_only,test,2025,1,-0.03179509827410193,0.031795098274101874
68,2025-12-06 14:30:00,2025,30332,0,0,home_win,0,logistic_regression,4,VfB Stuttgart,Bayern Munich,,13,13,0.2007585651473597,0.2020482347307474,0.5971932001218928,0.4028067998781072,0.7992414348526403,4.7,4.67,1.58,2.482579738729854,1.2511863829787233,1.0598101121645056,closing,market_average_close,0.8448991743909303,0.1551008256090697,0.1551008256090697,0.8448991743909303,market_only,test,2025,1,-0.04565773953829,0.04565773953829
68,2025-12-06 14:30:00,2025,30333,1,1,home_win,0,logistic_regression,4,Wolfsburg,Union Berlin,,13,13,0.4709897610921501,0.273037542662116,0.2559726962457337,0.7440273037542662,0.5290102389078498,2.0,3.45,3.68,1.3440366972477065,1.8903225806451611,1.0615942028985508,closing,market_average_close,0.5465456273242085,0.4534543726757915,0.4534543726757915,0.5465456273242085,market_only,test,2025,0,-0.017535388416358655,0.01753538841635871
68,2025-12-06 14:30:00,2025,30334,1,1,home_win,0,logistic_regression,4,Augsburg,Bayer Leverkusen,,13,13,0.2827770564423738,0.2645077522340182,0.452715191323608,0.547284808676392,0.7172229435576262,3.33,3.56,2.08,1.8272021882326672,1.3942666070325649,1.0619684074740254,closing,market_average_close,0.7617481608384626,0.23825183916153736,0.23825183916153736,0.7617481608384626,market_only,test,2025,0,-0.044525217280836416,0.04452521728083647
68,2025-12-06 14:30:00,2025,30336,0,0,home_win,0,logistic_regression,4,FC Cologne,St. Pauli,,13,13,0.4736362529650685,0.271624248818584,0.2547394982163476,0.7452605017836524,0.5263637470349316,1.99,3.47,3.7,1.3418126918126916,1.8998268889776635,1.0609672711246865,closing,market_average_close,0.5442892433354405,0.4557107566645595,0.4557107566645595,0.5442892433354405,market_only,test,2025,1,-0.017925496300508992,0.01792549630050888
68,2025-12-06 14:30:00,2025,30338,1,1,home_win,0,logistic_regression,4,FC Heidenheim,Freiburg,,13,13,0.2049023412658294,0.2685329828555029,0.5265646758786677,0.4734353241213324,0.7950976587341707,4.6,3.51,1.79,2.112220928710675,1.2577071369975388,1.0609508071252058,closing,market_average_close,0.8399324747637549,0.16006752523624512,0.16006752523624512,0.8399324747637549,market_only,test,2025,0,-0.04483481602958428,0.04483481602958417
69,2025-12-06 17:30:00,2025,30340,1,1,home_win,1,logistic_regression,4,RasenBallsport Leipzig,Eintracht Frankfurt,,13,13,0.5466793529971455,0.2356612749762131,0.2176593720266412,0.7823406279733587,0.4533206470028543,1.72,3.99,4.32,1.2782156061490564,2.205944085299304,1.063503396734731,closing,market_average_close,0.43526086427210464,0.5647391357278954,0.5647391357278954,0.43526086427210464,market_only,test,2025,0,0.018059782730749818,-0.01805978273074965
70,2025-12-07 14:30:00,2025,30337,1,1,home_win,0,logistic_regression,4,Hamburger SV,Werder Bremen,,13,13,0.3996139848242267,0.271783574693134,0.3286024404826393,0.6713975595173607,0.6003860151757734,2.36,3.47,2.87,1.4894304958732016,1.6655950916965192,1.0603453073487967,closing,market_average_close,0.6155768577254613,0.38442314227453867,0.38442314227453867,0.6155768577254613,market_only,test,2025,0,-0.015190842549688055,0.015190842549687944
71,2025-12-07 16:30:00,2025,30335,1,1,home_win,0,logistic_regression,4,Borussia Dortmund,Hoffenheim,,,,,,,,,,,,,,,,,0.6122005414288139,0.3877994585711862,0.3877994585711862,0.6122005414288139,market_only,test,2025,0,,
72,2025-12-12 19:30:00,2025,30348,1,1,home_win,0,logistic_regression,4,Union Berlin,RasenBallsport Leipzig,,14,14,0.3106858774746285,0.2835476532373868,0.4057664692879846,0.5942335307120153,0.6893141225253715,3.03,3.32,2.32,1.6828400760249798,1.4507174121667483,1.0622723053360592,closing,market_average_close,0.7052716008888562,0.29472839911114374,0.29472839911114374,0.7052716008888562,market_only,test,2025,0,-0.015957478363484767,0.01595747836348471
73,2025-12-13 14:30:00,2025,30343,0,0,home_win,0,logistic_regression,4,Borussia M.Gladbach,Wolfsburg,,14,14,0.4722820406963986,0.2560875370533605,0.2716304222502408,0.7283695777497592,0.5277179593036014,1.99,3.67,3.46,1.3729293898976695,1.8949516164271567,1.0640094678872305,closing,market_average_close,0.5064298652632544,0.4935701347367456,0.4935701347367456,0.5064298652632544,market_only,test,2025,1,0.021288094040346983,-0.02128809404034704
73,2025-12-13 14:30:00,2025,30344,1,1,home_win,1,logistic_regression,4,Eintracht Frankfurt,Augsburg,,14,14,0.5142804439388815,0.2550496510591202,0.2306699050019983,0.7693300949980018,0.4857195560611185,1.83,3.69,4.08,1.2998321611253196,2.0588011899487304,1.0625488366744804,closing,market_average_close,0.4627691605339257,0.5372308394660743,0.5372308394660743,0.4627691605339257,market_only,test,2025,0,0.022950395527192802,-0.022950395527192802
73,2025-12-13 14:30:00,2025,30346,1,1,home_win,1,logistic_regression,4,Hoffenheim,Hamburger SV,,14,14,0.5596377526932486,0.2276492553328468,0.2127129919739044,0.7872870080260954,0.4403622473067513,1.68,4.13,4.42,1.2701848116447694,2.2708576998050685,1.0636131897348249,closing,market_average_close,0.40664474018907315,0.5933552598109268,0.5933552598109268,0.40664474018907315,market_only,test,2025,0,0.03371750711767829,-0.033717507117678125
73,2025-12-13 14:30:00,2025,30347,1,1,home_win,1,logistic_regression,4,St. Pauli,FC Heidenheim,,14,14,0.5078555928461482,0.2771483323791665,0.2149960747746852,0.7850039252253147,0.4921444071538517,1.85,3.39,4.37,1.2738789805579334,2.0319239342435216,1.0643587432230837,closing,market_average_close,0.4641106532509731,0.5358893467490269,0.5358893467490269,0.4641106532509731,market_only,test,2025,0,0.028033753902878655,-0.0280337539028786
74,2025-12-13 17:30:00,2025,30341,1,1,home_win,1,logistic_regression,4,Bayer Leverkusen,FC Cologne,,14,14,0.5415019762845851,0.2292490118577075,0.2292490118577075,0.7707509881422926,0.458498023715415,1.74,4.11,4.11,1.2974358974358973,2.181034482758621,1.0613306485443408,closing,market_average_close,0.4210718106936233,0.5789281893063767,0.5789281893063767,0.4210718106936233,market_only,test,2025,0,0.03742621302179161,-0.037426213021791666
75,2025-12-14 14:30:00,2025,30345,0,0,home_win,0,logistic_regression,4,Freiburg,Borussia Dortmund,,,,,,,,,,,,,,,,,0.6082481303252588,0.3917518696747412,0.3917518696747412,0.6082481303252588,market_only,test,2025,1,,
76,2025-12-14 16:30:00,2025,30342,0,0,home_win,1,logistic_regression,4,Bayern Munich,Mainz 05,,14,14,0.8740270484745132,0.0825130430378037,0.0434599084876829,0.9565400915123168,0.1259729515254867,1.08,11.44,21.72,1.0454344871410164,7.938212035920117,1.0593790289922886,closing,market_average_close,0.06124837837500352,0.9387516216249965,0.9387516216249965,0.06124837837500352,market_only,test,2025,1,0.0647245731504833,-0.06472457315048319
77,2025-12-14 18:30:00,2025,30349,0,0,home_win,0,logistic_regression,4,Werder Bremen,VfB Stuttgart,,14,14,0.3343861034346624,0.2588498486642979,0.4067640479010396,0.5932359520989604,0.6656138965653375,2.81,3.63,2.31,1.6856699201419698,1.5023724792408066,1.0642544126853413,closing,market_average_close,0.6655265174499885,0.33447348255001147,0.33447348255001147,0.6655265174499885,market_only,test,2025,1,8.737911534906218e-05,-8.737911534906218e-05
78,2025-12-19 19:30:00,2025,30351,1,1,home_win,0,logistic_regression,4,Borussia Dortmund,Borussia M.Gladbach,,,,,,,,,,,,,,,,,0.6063221328610797,0.39367786713892033,0.39367786713892033,0.6063221328610797,market_only,test,2025,0,,
79,2025-12-20 14:30:00,2025,30350,0,0,home_win,0,logistic_regression,4,Augsburg,Werder Bremen,,15,15,0.4258015019634673,0.2735527091102508,0.3006457889262819,0.6993542110737181,0.5741984980365328,2.21,3.44,3.13,1.4298905821482086,1.7415580211712365,1.0626751800927838,closing,market_average_close,0.562803676254807,0.437196323745193,0.437196323745193,0.562803676254807,market_only,test,2025,1,0.011394821781725739,-0.011394821781725795
79,2025-12-20 14:30:00,2025,30352,0,0,home_win,0,logistic_regression,4,FC Cologne,Union Berlin,,15,15,0.3730747455378728,0.2947173538418305,0.3322079006202966,0.6677920993797033,0.6269252544621272,2.52,3.19,2.83,1.4974720439623006,1.5950864842060857,1.0636619111092125,closing,market_average_close,0.6246667108662134,0.37533328913378655,0.37533328913378655,0.6246667108662134,market_only,test,2025,1,0.0022585435959137645,-0.00225854359591382
79,2025-12-20 14:30:00,2025,30353,0,0,home_win,0,logistic_regression,4,Hamburger SV,Eintracht Frankfurt,,15,15,0.3849912169614772,0.2771028228277299,0.337905960210793,0.6620940397892071,0.6150087830385229,2.44,3.39,2.78,1.5103594654293715,1.6259930387650448,1.064533546527061,closing,market_average_close,0.6072100181732172,0.39278998182678276,0.39278998182678276,0.6072100181732172,market_only,test,2025,1,0.007798764865305563,-0.0077987648653057295
79,2025-12-20 14:30:00,2025,30357,0,0,home_win,1,logistic_regression,4,VfB Stuttgart,Hoffenheim,,15,15,0.4826157436012998,0.2438084715084286,0.2735757848902716,0.7264242151097284,0.5173842563987002,1.95,3.86,3.44,1.3766060921426568,1.9327994380049176,1.062585544752071,closing,market_average_close,0.49202801630946735,0.5079719836905326,0.5079719836905326,0.49202801630946735,market_only,test,2025,1,0.025356240089232873,-0.025356240089232873
79,2025-12-20 14:30:00,2025,30358,0,0,home_win,0,logistic_regression,4,Wolfsburg,Freiburg,,15,15,0.3902432079531725,0.2774295372174472,0.3323272548293802,0.6676727451706197,0.6097567920468274,2.41,3.39,2.83,1.4977397343730965,1.6399981321129804,1.0632799005329268,closing,market_average_close,0.6048695954128621,0.3951304045871379,0.3951304045871379,0.6048695954128621,market_only,test,2025,1,0.004887196633965363,-0.004887196633965307
80,2025-12-20 17:30:00,2025,30356,0,0,home_win,0,logistic_regression,4,RasenBallsport Leipzig,Bayer Leverkusen,,15,15,0.4591618530781286,0.2457654827180583,0.295072664203813,0.7049273357961869,0.5408381469218714,2.05,3.83,3.19,1.4185859296696737,1.8489820026405397,1.0623811076173573,closing,market_average_close,0.5428173724775027,0.4571826275224972,0.4571826275224972,0.5428173724775027,market_only,test,2025,1,-0.001979225555631403,0.0019792255556313476
81,2025-12-21 14:30:00,2025,30355,0,0,home_win,0,logistic_regression,4,Mainz 05,St. Pauli,,15,15,0.4799908413259725,0.2842241839875848,0.2357849746864426,0.7642150253135573,0.5200091586740274,1.96,3.31,3.99,1.308532241419488,1.9230430528375737,1.0629454516740708,closing,market_average_close,0.5198340626888728,0.4801659373111272,0.4801659373111272,0.5198340626888728,market_only,test,2025,1,0.00017509598515474956,-0.00017509598515463853
82,2025-12-21 16:30:00,2025,30354,0,0,home_win,0,logistic_regression,4,FC Heidenheim,Bayern Munich,,15,15,0.0721136767317939,0.1159857904085257,0.8119005328596803,0.1880994671403197,0.927886323268206,13.06,8.12,1.16,5.316336166194523,1.0777182235834608,1.061791353284198,closing,market_average_close,0.9571277010725188,0.04287229892748123,0.04287229892748123,0.9571277010725188,market_only,test,2025,1,-0.029241377804312678,0.029241377804312796
83,2026-01-09 19:30:00,2025,30362,0,0,home_win,0,logistic_regression,4,Eintracht Frankfurt,Borussia Dortmund,,,,,,,,,,,,,,,,,0.6069505262940408,0.3930494737059592,0.3930494737059592,0.6069505262940408,market_only,test,2025,1,,
84,2026-01-10 14:30:00,2025,30363,1,1,home_win,1,logistic_regression,4,Freiburg,Hamburger SV,,16,16,0.5335527850496359,0.2623052798009382,0.2041419351494258,0.7958580648505742,0.4664472149503641,1.76,3.58,4.6,1.2565054551375996,2.143865303400756,1.0649027314681918,closing,market_average_close,0.4543932573773506,0.5456067426226494,0.5456067426226494,0.4543932573773506,market_only,test,2025,0,0.01205395757301353,-0.01205395757301353
84,2026-01-10 14:30:00,2025,30364,0,0,home_win,0,logistic_regression,4,FC Heidenheim,FC Cologne,,16,16,0.3468519070747838,0.2756506358277607,0.3774974570974554,0.6225025429025446,0.6531480929252161,2.71,3.41,2.49,1.6064191406147463,1.5310463443617488,1.063865247704521,closing,market_average_close,0.6851657273390535,0.3148342726609465,0.3148342726609465,0.6851657273390535,market_only,test,2025,1,-0.032017634413837315,0.032017634413837315
84,2026-01-10 14:30:00,2025,30366,0,0,home_win,0,logistic_regression,4,Union Berlin,Mainz 05,,16,16,0.4490392743722726,0.297470812675638,0.2534899129520894,0.7465100870479107,0.5509607256277274,2.1,3.17,3.72,1.339566627899859,1.815011403690649,1.0604650937407627,closing,market_average_close,0.5682734118825723,0.43172658811742776,0.43172658811742776,0.5682734118825723,market_only,test,2025,1,-0.017312686254844833,0.017312686254844945
85,2026-01-10 17:30:00,2025,30359,0,0,home_win,0,logistic_regression,4,Bayer Leverkusen,VfB Stuttgart,,16,16,0.4397385823117676,0.2557175451486909,0.3045438725395413,0.6954561274604585,0.5602614176882323,2.14,3.68,3.09,1.4379052258143443,1.7848810723505293,1.0626534455302066,closing,market_average_close,0.5778747313705823,0.42212526862941774,0.42212526862941774,0.5778747313705823,market_only,test,2025,1,-0.017613313682349863,0.017613313682349974
86,2026-01-11 14:30:00,2025,30361,1,1,home_win,0,logistic_regression,4,Borussia M.Gladbach,Augsburg,,16,16,0.4925142249420797,0.2605823184596599,0.2469034565982604,0.7530965434017396,0.5074857750579204,1.91,3.61,3.81,1.327851002320362,1.9704985817304297,1.063035711274441,closing,market_average_close,0.5147013473244825,0.48529865267551753,0.48529865267551753,0.5147013473244825,market_only,test,2025,0,-0.007215572266562165,0.007215572266562109
87,2026-01-11 16:30:00,2025,30360,1,1,home_win,1,logistic_regression,4,Bayern Munich,Wolfsburg,,16,16,0.8421713578954156,0.1013138475663658,0.0565147945382184,0.9434852054617816,0.1578286421045842,1.12,9.31,16.69,1.059900032571849,6.335985576923077,1.0601846458996074,closing,market_average_close,0.12885397159302847,0.8711460284069715,0.8711460284069715,0.12885397159302847,market_only,test,2025,0,0.02897467051155589,-0.028974670511555722
88,2026-01-13 17:30:00,2025,30375,1,1,home_win,1,logistic_regression,4,VfB Stuttgart,Eintracht Frankfurt,,17,17,0.5703239829323261,0.221942115999608,0.2077339010680658,0.7922660989319341,0.4296760170676738,1.65,4.24,4.53,1.2622021835190411,2.3273349227739195,1.062660214540759,closing,market_average_close,0.4111118072366031,0.5888881927633969,0.5888881927633969,0.4111118072366031,market_only,test,2025,0,0.018564209831070766,-0.018564209831070655
89,2026-01-13 19:30:00,2025,30369,1,1,home_win,0,logistic_regression,4,Borussia Dortmund,Werder Bremen,,,,,,,,,,,,,,,,,0.6074342335877012,0.39256576641229873,0.39256576641229873,0.6074342335877012,market_only,test,2025,0,,
89,2026-01-13 19:30:00,2025,30373,1,1,home_win,1,logistic_regression,4,Mainz 05,FC Heidenheim,,17,17,0.5401190468562789,0.2519590191769236,0.2079219339667976,0.7920780660332025,0.4598809531437213,1.74,3.73,4.52,1.2625018200643896,2.1744757924068265,1.0640480964765664,closing,market_average_close,0.4416979840276841,0.5583020159723159,0.5583020159723159,0.4416979840276841,market_only,test,2025,0,0.018182969116037007,-0.018182969116037173
90,2026-01-14 17:30:00,2025,30376,1,1,home_win,1,logistic_regression,4,Wolfsburg,St. Pauli,,17,17,0.5125093896554758,0.2702055234859815,0.2172850868585427,0.7827149131414572,0.4874906103445242,1.84,3.49,4.34,1.2776043783124822,2.051321561441501,1.0604259587027425,closing,market_average_close,0.4797784823753942,0.5202215176246058,0.5202215176246058,0.4797784823753942,market_only,test,2025,0,0.0077121279691300115,-0.007712127969129956
91,2026-01-14 19:30:00,2025,30370,0,0,home_win,0,logistic_regression,4,FC Cologne,Bayern Munich,,17,17,0.0973109202574078,0.1384423401600235,0.7642467395825687,0.2357532604174313,0.9026890797425922,9.66,6.79,1.23,4.241722885313959,1.1078011493006614,1.0638032038257246,closing,market_average_close,0.9309354817889867,0.06906451821101332,0.06906451821101332,0.9309354817889867,market_only,test,2025,1,-0.028246402046394475,0.028246402046394503
91,2026-01-14 19:30:00,2025,30372,1,1,home_win,1,logistic_regression,4,Hoffenheim,Borussia M.Gladbach,,17,17,0.495236908174712,0.2469685368850269,0.257794554940261,0.742205445059739,0.504763091825288,1.9,3.81,3.65,1.347335844349015,1.9811274163962185,1.06275558381446,closing,market_average_close,0.4926644328403341,0.5073355671596659,0.5073355671596659,0.4926644328403341,market_only,test,2025,0,0.01209865898495388,-0.01209865898495388
91,2026-01-14 19:30:00,2025,30374,1,1,home_win,1,logistic_regression,4,RasenBallsport Leipzig,Freiburg,,17,17,0.5511811023622047,0.241671714112659,0.2071471835251363,0.7928528164748638,0.4488188976377953,1.71,3.9,4.55,1.2612681436210846,2.228070175438596,1.060985797827903,closing,market_average_close,0.4255249569869619,0.5744750430130381,0.5744750430130381,0.4255249569869619,market_only,test,2025,0,0.023293940650833345,-0.0232939406508334
92,2026-01-15 19:30:00,2025,30368,0,0,home_win,0,logistic_regression,4,Augsburg,Union Berlin,,17,17,0.3628721613928652,0.3002680185327543,0.3368598200743803,0.6631401799256196,0.6371278386071346,2.59,3.13,2.79,1.5079767902348549,1.5695437232599396,1.0640121430598604,closing,market_average_close,0.6508492739684962,0.34915072603150377,0.34915072603150377,0.6508492739684962,market_only,test,2025,1,-0.013721435361361445,0.013721435361361611
93,2026-01-16 19:30:00,2025,30384,0,0,home_win,0,logistic_regression,4,Werder Bremen,Eintracht Frankfurt,,18,18,0.3648234903537571,0.2717670638287408,0.3634094458175022,0.6365905541824979,0.635176509646243,2.57,3.45,2.58,1.570868423085838,1.5743655264533365,1.066557030054333,closing,market_average_close,0.6458225209893838,0.3541774790106162,0.3541774790106162,0.6458225209893838,market_only,test,2025,1,-0.010646011343140915,0.010646011343140804
94,2026-01-17 14:30:00,2025,30378,1,1,home_win,0,logistic_regression,4,Borussia Dortmund,St. Pauli,,,,,,,,,,,,,,,,,0.60527492820315,0.39472507179685,0.39472507179685,0.60527492820315,market_only,test,2025,0,,
94,2026-01-17 14:30:00,2025,30379,1,1,home_win,0,logistic_regression,4,FC Cologne,Mainz 05,,18,18,0.4518767214323854,0.2708655851813722,0.2772576933862424,0.7227423066137577,0.5481232785676147,2.08,3.47,3.39,1.3836190172473355,1.8244070980040368,1.0639389195470397,closing,market_average_close,0.5451568525549071,0.45484314744509297,0.45484314744509297,0.5451568525549071,market_only,test,2025,0,0.0029664260127075792,-0.0029664260127075792
94,2026-01-17 14:30:00,2025,30380,0,0,home_win,0,logistic_regression,4,Hamburger SV,Borussia M.Gladbach,,18,18,0.3899553562344591,0.2755989467815385,0.3344456969840023,0.6655543030159976,0.6100446437655409,2.41,3.41,2.81,1.5025070012596156,1.6392242932048935,1.0640647774219054,closing,market_average_close,0.624539516129946,0.37546048387005404,0.37546048387005404,0.624539516129946,market_only,test,2025,1,-0.014494872364405054,0.014494872364405054
94,2026-01-17 14:30:00,2025,30381,1,1,home_win,0,logistic_regression,4,Hoffenheim,Bayer Leverkusen,,18,18,0.4070705670317482,0.2534590323027866,0.3394704006654651,0.6605295993345348,0.5929294329682517,2.31,3.71,2.77,1.513936697170683,1.686541339319117,1.063453042201084,closing,market_average_close,0.6042458451451831,0.3957541548548169,0.3957541548548169,0.6042458451451831,market_only,test,2025,0,-0.0113164121769313,0.011316412176931356
94,2026-01-17 14:30:00,2025,30385,0,0,home_win,1,logistic_regression,4,Wolfsburg,FC Heidenheim,,18,18,0.5655987671001019,0.2355486137299676,0.1988526191699305,0.8011473808300695,0.4344012328998981,1.67,4.01,4.75,1.248209785025945,2.3020192491728872,1.058705269602546,closing,market_average_close,0.4105076713670419,0.5894923286329581,0.5894923286329581,0.4105076713670419,market_only,test,2025,1,0.023893561532856156,-0.02389356153285621
95,2026-01-17 17:30:00,2025,30382,0,0,home_win,0,logistic_regression,4,RasenBallsport Leipzig,Bayern Munich,,18,18,0.2285698316389584,0.2174844587419188,0.5539457096191228,0.4460542903808773,0.7714301683610417,4.12,4.33,1.7,2.2418795683954054,1.296293612841939,1.0619006229366788,closing,market_average_close,0.8094578657961248,0.19054213420387522,0.19054213420387522,0.8094578657961248,market_only,test,2025,1,-0.03802769743508316,0.03802769743508305
96,2026-01-18 14:30:00,2025,30383,0,0,home_win,1,logistic_regression,4,VfB Stuttgart,Union Berlin,,18,18,0.5966219864943619,0.2310447888875225,0.1723332246181155,0.8276667753818845,0.403378013505638,1.58,4.08,5.47,1.208215709200845,2.4790642189674594,1.0608247881106947,closing,market_average_close,0.36649221459562453,0.6335077854043755,0.6335077854043755,0.36649221459562453,market_only,test,2025,1,0.036885798910013534,-0.03688579891001348
97,2026-01-18 16:30:00,2025,30377,0,0,home_win,0,logistic_regression,4,Augsburg,Freiburg,,18,18,0.3634786559550608,0.2941905371636273,0.3423308068813118,0.6576691931186882,0.6365213440449392,2.59,3.2,2.75,1.52052127492542,1.5710392265014113,1.0622367497367498,closing,market_average_close,0.6625227024062452,0.3374772975937547,0.3374772975937547,0.6625227024062452,market_only,test,2025,1,-0.02600135836130607,0.026001358361306015
98,2026-01-23 19:30:00,2025,30393,0,0,home_win,0,logistic_regression,4,St. Pauli,Hamburger SV,,19,19,0.3347331964144543,0.3232303374311397,0.342036466154406,0.657963533845594,0.6652668035855458,2.81,2.91,2.75,1.5198410680228862,1.5031563195553486,1.0631508614412088,closing,market_average_close,0.6976663688844658,0.3023336311155343,0.3023336311155343,0.6976663688844658,market_only,test,2025,1,-0.03239956529892002,0.03239956529891996
99,2026-01-24 14:30:00,2025,30386,1,1,home_win,1,logistic_regression,4,Bayer Leverkusen,Werder Bremen,,19,19,0.6102472597501912,0.2131022176905429,0.1766505225592658,0.8233494774407342,0.3897527402498087,1.54,4.41,5.32,1.2145510835913311,2.5657292347939835,1.064077943777192,closing,market_average_close,0.3529427394136484,0.6470572605863516,0.6470572605863516,0.3529427394136484,market_only,test,2025,0,0.03681000083616037,-0.03681000083616032
99,2026-01-24 14:30:00,2025,30387,0,0,home_win,1,logistic_regression,4,Bayern Munich,Augsburg,,19,19,0.8414541081793584,0.101010568184446,0.0575353236361954,0.9424646763638044,0.1585458918206415,1.12,9.33,16.38,1.061047724205619,6.3073220536756125,1.0610883400272468,closing,market_average_close,0.12676978935714533,0.8732302106428547,0.8732302106428547,0.12676978935714533,market_only,test,2025,1,0.03177610246349627,-0.03177610246349616
99,2026-01-24 14:30:00,2025,30389,0,0,home_win,0,logistic_regression,4,Eintracht Frankfurt,Hoffenheim,,19,19,0.3136628356439725,0.2619697984847703,0.424367365871257,0.575632634128743,0.6863371643560274,2.99,3.58,2.21,1.7372190885486614,1.4570098370503868,1.06626645725647,closing,market_average_close,0.7195675478377341,0.2804324521622658,0.2804324521622658,0.7195675478377341,market_only,test,2025,1,-0.033230383481706705,0.033230383481706705
99,2026-01-24 14:30:00,2025,30391,0,0,home_win,0,logistic_regression,4,FC Heidenheim,RasenBallsport Leipzig,,19,19,0.2040041181226479,0.2167249291834135,0.5792709526939386,0.4207290473060614,0.795995881877352,4.6,4.33,1.62,2.376826621320836,1.2562879064669346,1.0656221371822,closing,market_average_close,0.8360492819995544,0.16395071800044558,0.16395071800044558,0.8360492819995544,market_only,test,2025,1,-0.04005340012220232,0.040053400122202376
99,2026-01-24 14:30:00,2025,30392,1,1,home_win,0,logistic_regression,4,Mainz 05,Wolfsburg,,19,19,0.4104999818715782,0.2822957833291034,0.3072042347993184,0.6927957652006816,0.5895000181284218,2.29,3.33,3.06,1.4434268369269416,1.6963527892244294,1.0637789086286389,closing,market_average_close,0.6068472809799832,0.39315271902001675,0.39315271902001675,0.6068472809799832,market_only,test,2025,0,-0.017347262851561462,0.017347262851561407
100,2026-01-24 17:30:00,2025,30394,0,0,home_win,0,logistic_regression,4,Union Berlin,Borussia Dortmund,,,,,,,,,,,,,,,,,0.6028721694458365,0.3971278305541635,0.3971278305541635,0.6028721694458365,market_only,test,2025,1,,
101,2026-01-25 14:30:00,2025,30388,0,0,home_win,0,logistic_regression,4,Borussia M.Gladbach,VfB Stuttgart,,19,19,0.3272866197657063,0.261104006904497,0.4116093733297966,0.5883906266702034,0.6727133802342937,2.88,3.61,2.29,1.6995512074336736,1.4865171845574388,1.0609117551789533,closing,market_average_close,0.7154590266098504,0.2845409733901496,0.2845409733901496,0.7154590266098504,market_only,test,2025,1,-0.04274564637555667,0.04274564637555667
102,2026-01-25 16:30:00,2025,30390,1,1,home_win,0,logistic_regression,4,Freiburg,FC Cologne,,19,19,0.4751447394689559,0.2613296067079257,0.2635256538231184,0.7364743461768817,0.5248552605310441,1.98,3.6,3.57,1.357820547573868,1.905287181437809,1.06294032764621,closing,market_average_close,0.5285191807272216,0.4714808192727784,0.4714808192727784,0.5285191807272216,market_only,test,2025,0,-0.003663920196177506,0.0036639201961774504
103,2026-01-27 19:30:00,2025,30365,0,0,home_win,0,logistic_regression,4,St. Pauli,RasenBallsport Leipzig,,16,16,0.1983693501147787,0.263199556716536,0.5384310931686852,0.4615689068313148,0.8016306498852213,4.75,3.58,1.75,2.1665237523580863,1.2474572923866891,1.0612844961565926,closing,market_average_close,0.8491840705840213,0.15081592941597863,0.15081592941597863,0.8491840705840213,market_only,test,2025,1,-0.04755342069880006,0.047553420698800086
103,2026-01-27 19:30:00,2025,30367,0,0,home_win,0,logistic_regression,4,Werder Bremen,Hoffenheim,,16,16,0.2573630112301238,0.2545807084060143,0.4880562803638618,0.511943719636138,0.7426369887698762,3.66,3.7,1.93,1.9533397161522872,1.3465529122868318,1.061629029012024,closing,market_average_close,0.7906696990458388,0.2093303009541612,0.2093303009541612,0.7906696990458388,market_only,test,2025,1,-0.04803271027596259,0.048032710275962676
104,2026-01-30 19:30:00,2025,30398,1,1,home_win,0,logistic_regression,4,FC Cologne,Wolfsburg,,20,20,0.4634280421407755,0.2598781562281144,0.27669380163111,0.72330619836889,0.5365719578592245,2.03,3.62,3.4,1.3825403435710566,1.8636829326484496,1.0629715784198992,closing,market_average_close,0.5418222317112096,0.4581777682887905,0.4581777682887905,0.5418222317112096,market_only,test,2025,0,-0.00525027385198501,0.005250273851985066
105,2026-01-31 14:30:00,2025,30395,1,1,home_win,0,logistic_regression,4,Augsburg,St. Pauli,,20,20,0.4457622647136417,0.3073720191326092,0.246865716153749,0.7531342838462509,0.5542377352863583,2.11,3.06,3.81,1.3277844621453263,1.8042798898983836,1.0631982265110644,closing,market_average_close,0.5603612134284378,0.4396387865715622,0.4396387865715622,0.5603612134284378,market_only,test,2025,0,-0.00612347814207953,0.006123478142079475
105,2026-01-31 14:30:00,2025,30397,0,0,home_win,0,logistic_regression,4,Eintracht Frankfurt,Bayer Leverkusen,,20,20,0.2781059710987912,0.2611106061983095,0.4607834227028991,0.5392165772971007,0.7218940289012087,3.38,3.6,2.04,1.854542390021912,1.3852448696965884,1.063831844374831,closing,market_average_close,0.7656672024535293,0.23433279754647074,0.23433279754647074,0.7656672024535293,market_only,test,2025,1,-0.043773173552320466,0.04377317355232058
105,2026-01-31 14:30:00,2025,30400,1,1,home_win,1,logistic_regression,4,Hoffenheim,Union Berlin,,20,20,0.5190710410222606,0.2588205466254247,0.2221084123523148,0.7778915876476853,0.4809289589777394,1.81,3.63,4.23,1.2855261785565288,2.0793091813926026,1.0643749008945584,closing,market_average_close,0.4614491535872677,0.5385508464127323,0.5385508464127323,0.4614491535872677,market_only,test,2025,0,0.01947980539047167,-0.019479805390471727
105,2026-01-31 14:30:00,2025,30401,0,0,home_win,1,logistic_regression,4,RasenBallsport Leipzig,Mainz 05,,20,20,0.6189287152637939,0.208135320177205,0.1729359645590012,0.8270640354409989,0.3810712847362062,1.52,4.52,5.44,1.2090962212699647,2.6241809342633693,1.0629572043069673,closing,market_average_close,0.340359239652131,0.659640760347869,0.659640760347869,0.340359239652131,market_only,test,2025,1,0.04071204508407511,-0.04071204508407522
105,2026-01-31 14:30:00,2025,30403,0,0,home_win,0,logistic_regression,4,Werder Bremen,Borussia M.Gladbach,,20,20,0.4382871536523929,0.269521410579345,0.2921914357682619,0.707808564231738,0.561712846347607,2.14,3.48,3.21,1.412811387900356,1.7802690582959644,1.0661725212160276,closing,market_average_close,0.5643182576034549,0.43568174239654517,0.43568174239654517,0.5643182576034549,market_only,test,2025,1,-0.002605411255847734,0.0026054112558479003
106,2026-01-31 17:30:00,2025,30399,0,0,home_win,0,logistic_regression,4,Hamburger SV,Bayern Munich,,20,20,0.1040439467684699,0.1578175017481336,0.7381385514833966,0.2618614485166035,0.8959560532315302,9.01,5.94,1.27,3.81881336739262,1.1161261720295372,1.06673953449627,closing,market_average_close,0.9323768774515373,0.06762312254846273,0.06762312254846273,0.9323768774515373,market_only,test,2025,1,-0.03642082422000717,0.03642082422000714
107,2026-02-01 14:30:00,2025,30402,1,1,home_win,1,logistic_regression,4,VfB Stuttgart,Freiburg,,20,20,0.5770848613281306,0.2277598847372525,0.1951552539346167,0.8048447460653831,0.4229151386718693,1.63,4.13,4.82,1.2424756512217612,2.3645405627720466,1.063096562788714,closing,market_average_close,0.3935769473504117,0.6064230526495883,0.6064230526495883,0.3935769473504117,market_only,test,2025,0,0.029338191321457652,-0.029338191321457596
108,2026-02-01 16:30:00,2025,30396,1,1,home_win,0,logistic_regression,4,Borussia Dortmund,FC Heidenheim,,,,,,,,,,,,,,,,,0.602820766243708,0.397179233756292,0.397179233756292,0.602820766243708,market_only,test,2025,0,,
109,2026-02-06 19:30:00,2025,30411,0,0,home_win,0,logistic_regression,4,Union Berlin,Eintracht Frankfurt,,21,21,0.4390212411332256,0.2771402525147796,0.2838385063519948,0.7161614936480052,0.5609787588667744,2.14,3.39,3.31,1.3963331020579863,1.7825986887989955,1.064389773989009,closing,market_average_close,0.5662705388904221,0.4337294611095779,0.4337294611095779,0.5662705388904221,market_only,test,2025,1,-0.005291780023647719,0.005291780023647719
110,2026-02-07 14:30:00,2025,30407,1,1,home_win,0,logistic_regression,4,Freiburg,Werder Bremen,,21,21,0.4476416333214887,0.2814513263398582,0.2709070403386531,0.7290929596613469,0.5523583666785113,2.1,3.34,3.47,1.3715672147821665,1.8104188518285436,1.0637761118356124,closing,market_average_close,0.5596716605185242,0.44032833948147576,0.44032833948147576,0.5596716605185242,market_only,test,2025,0,-0.007313293840012947,0.007313293840012891
110,2026-02-07 14:30:00,2025,30408,0,0,home_win,0,logistic_regression,4,FC Heidenheim,Hamburger SV,,21,21,0.3281415455272051,0.2794558562798453,0.3924025981929495,0.6075974018070505,0.6718584544727948,2.87,3.37,2.4,1.645826655982906,1.4884087464296285,1.061834627460306,closing,market_average_close,0.714193951408066,0.285806048591934,0.285806048591934,0.714193951408066,market_only,test,2025,1,-0.04233549693527111,0.042335496935271166
110,2026-02-07 14:30:00,2025,30409,1,1,home_win,0,logistic_regression,4,Mainz 05,Augsburg,,21,21,0.4852600558932591,0.2636987418579615,0.2510412022487793,0.7489587977512207,0.5147399441067408,1.94,3.57,3.75,1.3351869328493648,1.9427285786716244,1.062242629010367,closing,market_average_close,0.5126863601077991,0.48731363989220094,0.48731363989220094,0.5126863601077991,market_only,test,2025,0,0.0020535839989418436,-0.0020535839989417326
110,2026-02-07 14:30:00,2025,30410,1,1,home_win,0,logistic_regression,4,St. Pauli,VfB Stuttgart,,21,21,0.1965329972432022,0.2497063811127159,0.5537606216440817,0.4462393783559182,0.8034670027567976,4.79,3.77,1.7,2.240949697636064,1.2446061836626428,1.0622555507309497,closing,market_average_close,0.8536684009161501,0.14633159908384988,0.14633159908384988,0.8536684009161501,market_only,test,2025,0,-0.05020139815935232,0.05020139815935254
110,2026-02-07 14:30:00,2025,30412,0,0,home_win,0,logistic_regression,4,Wolfsburg,Borussia Dortmund,,,,,,,,,,,,,,,,,0.6020219629671886,0.3979780370328114,0.3979780370328114,0.6020219629671886,market_only,test,2025,1,,
111,2026-02-07 17:30:00,2025,30405,0,0,home_win,0,logistic_regression,4,Borussia M.Gladbach,Bayer Leverkusen,,21,21,0.2707514279356131,0.2581410874564201,0.4711074846079668,0.5288925153920332,0.7292485720643869,3.48,3.65,2.0,1.8907433380084155,1.37127453972129,1.0613289245788065,closing,market_average_close,0.7702467153566289,0.22975328464337105,0.22975328464337105,0.7702467153566289,market_only,test,2025,1,-0.04099814329224202,0.04099814329224205
112,2026-02-08 14:30:00,2025,30406,0,0,home_win,0,logistic_regression,4,FC Cologne,RasenBallsport Leipzig,,21,21,0.2845160455964675,0.2446098989413785,0.4708740554621538,0.5291259445378461,0.7154839544035324,3.31,3.85,2.0,1.889909217877095,1.3976553825496425,1.0618550633656374,closing,market_average_close,0.7557939636148607,0.2442060363851392,0.2442060363851392,0.7557939636148607,market_only,test,2025,1,-0.04031000921132827,0.040310009211328324
113,2026-02-08 16:30:00,2025,30404,1,1,home_win,1,logistic_regression,4,Bayern Munich,Hoffenheim,,21,21,0.7705476852740659,0.1337223578996245,0.0957299568263096,0.9042700431736904,0.229452314725934,1.22,7.03,9.82,1.1058643461087452,4.358204018096027,1.0637526357061249,closing,market_average_close,0.18630652796983238,0.8136934720301676,0.8136934720301676,0.18630652796983238,market_only,test,2025,0,0.0431457867561017,-0.04314578675610162
114,2026-02-13 19:30:00,2025,30415,1,1,home_win,0,logistic_regression,4,Borussia Dortmund,Mainz 05,,,,,,,,,,,,,,,,,0.6031483664615513,0.3968516335384487,0.3968516335384487,0.6031483664615513,market_only,test,2025,0,,
115,2026-02-14 14:30:00,2025,30414,1,1,home_win,1,logistic_regression,4,Bayer Leverkusen,St. Pauli,,22,22,0.6238683285732474,0.2227047697743743,0.1534269016523784,0.8465730983476216,0.3761316714267527,1.51,4.23,6.14,1.1812329046975905,2.658643437833281,1.0615247245258823,closing,market_average_close,0.3309170252626623,0.6690829747373377,0.6690829747373377,0.3309170252626623,market_only,test,2025,0,0.04521464616409032,-0.04521464616409038
115,2026-02-14 14:30:00,2025,30416,1,1,home_win,0,logistic_regression,4,Eintracht Frankfurt,Borussia M.Gladbach,,22,22,0.4441612882019234,0.2713607870282645,0.284477924769812,0.715522075230188,0.5558387117980765,2.12,3.47,3.31,1.3975809197477154,1.7990830411309622,1.0619973548732706,closing,market_average_close,0.5582379944992184,0.44176200550078165,0.44176200550078165,0.5582379944992184,market_only,test,2025,0,-0.0023992827011417583,0.0023992827011418694
115,2026-02-14 14:30:00,2025,30417,1,1,home_win,0,logistic_regression,4,Hamburger SV,Union Berlin,,22,22,0.4025641025641026,0.2987179487179487,0.2987179487179487,0.7012820512820515,0.5974358974358975,2.33,3.14,3.14,1.4259597806215718,1.67381974248927,1.0661272245154587,closing,market_average_close,0.6036746377959583,0.3963253622040417,0.3963253622040417,0.6036746377959583,market_only,test,2025,0,-0.00623874036006089,0.006238740360060779
115,2026-02-14 14:30:00,2025,30418,1,1,home_win,1,logistic_regression,4,Hoffenheim,Freiburg,,22,22,0.5528070579591938,0.2397377547272013,0.2074551873136047,0.7925448126863952,0.447192942040806,1.7,3.92,4.53,1.2617583056413155,2.236171249564915,1.0640878868103534,closing,market_average_close,0.41121856006289037,0.5887814399371096,0.5887814399371096,0.41121856006289037,market_only,test,2025,0,0.035974381977915804,-0.03597438197791564
115,2026-02-14 14:30:00,2025,30421,0,0,home_win,0,logistic_regression,4,Werder Bremen,Bayern Munich,,22,22,0.1195186266148152,0.1615449018395787,0.7189364715456061,0.281063528454394,0.8804813733851848,7.88,5.83,1.31,3.55791448822668,1.135742368013195,1.0617889185463727,closing,market_average_close,0.9175943082903886,0.08240569170961143,0.08240569170961143,0.9175943082903886,market_only,test,2025,1,-0.03711293490520377,0.03711293490520373
116,2026-02-14 17:30:00,2025,30420,1,1,home_win,1,logistic_regression,4,VfB Stuttgart,FC Cologne,,22,22,0.6326981200831708,0.2001529084764171,0.1671489714404121,0.8328510285595879,0.3673018799168292,1.49,4.71,5.64,1.2006949210706932,2.72255617157864,1.060760129189401,closing,market_average_close,0.31101762868563565,0.6889823713143644,0.6889823713143644,0.31101762868563565,market_only,test,2025,0,0.056284251231193516,-0.05628425123119357
117,2026-02-15 14:30:00,2025,30413,1,1,home_win,1,logistic_regression,4,Augsburg,FC Heidenheim,,22,22,0.5022299786697693,0.2538297459763428,0.2439402753538879,0.756059724646112,0.4977700213302307,1.87,3.7,3.85,1.322646832521159,2.008959875340865,1.0647698882993,closing,market_average_close,0.45725747256308247,0.5427425274369175,0.5427425274369175,0.45725747256308247,market_only,test,2025,0,0.04051254876714827,-0.040512548767148215
118,2026-02-15 16:30:00,2025,30419,0,0,home_win,1,logistic_regression,4,RasenBallsport Leipzig,Wolfsburg,,22,22,0.6233703704622899,0.2019934033043042,0.1746362262334058,0.8253637737665942,0.3766296295377101,1.51,4.66,5.39,1.211586977505014,2.65512833185068,1.0623726872645791,closing,market_average_close,0.3112908652039431,0.6887091347960569,0.6887091347960569,0.3112908652039431,market_only,test,2025,1,0.06533876433376695,-0.06533876433376701
119,2026-02-20 19:30:00,2025,30426,0,0,home_win,0,logistic_regression,4,Mainz 05,Hamburger SV,,23,23,0.4568180261625916,0.2727667054767938,0.2704152683606146,0.7295847316393855,0.5431819738374084,2.06,3.45,3.48,1.3706427185681205,1.841003656537637,1.062648287506732,closing,market_average_close,0.5258087111277014,0.47419128887229856,0.47419128887229856,0.5258087111277014,market_only,test,2025,1,0.01737326270970696,-0.01737326270970696
120,2026-02-21 14:30:00,2025,30422,1,1,home_win,1,logistic_regression,4,Bayern Munich,Eintracht Frankfurt,,23,23,0.8656552587990014,0.085929014660195,0.0484157265408038,0.9515842734591964,0.1343447412009988,1.08,10.88,19.31,1.0508790738678382,7.443536613791663,1.0696243296789338,closing,market_average_close,0.10823783484226623,0.8917621651577338,0.8917621651577338,0.10823783484226623,market_only,test,2025,0,0.026106906358732362,-0.026106906358732557
120,2026-02-21 14:30:00,2025,30423,0,0,home_win,0,logistic_regression,4,FC Cologne,Hoffenheim,,23,23,0.2741118070535644,0.253424123502352,0.4724640694440835,0.5275359305559165,0.7258881929464356,3.43,3.71,1.99,1.8956054783722531,1.3776226279985675,1.0635995312941846,closing,market_average_close,0.7581629647490021,0.24183703525099784,0.24183703525099784,0.7581629647490021,market_only,test,2025,1,-0.032274771802566576,0.03227477180256655
120,2026-02-21 14:30:00,2025,30429,1,1,home_win,0,logistic_regression,4,Union Berlin,Bayer Leverkusen,,23,23,0.3031454677771489,0.2882671626101722,0.408587369612679,0.5914126303873212,0.6968545322228512,3.1,3.26,2.3,1.6908668307355754,1.43501972615456,1.064111720114611,closing,market_average_close,0.7230700820738301,0.27692991792617,0.27692991792617,0.7230700820738301,market_only,test,2025,0,-0.026215549850978903,0.026215549850978848
120,2026-02-21 14:30:00,2025,30430,0,0,home_win,0,logistic_regression,4,Wolfsburg,Augsburg,,23,23,0.4279229234610376,0.2764457824128827,0.2956312941260796,0.7043687058739204,0.5720770765389624,2.19,3.39,3.17,1.4197110003052813,1.748016204477113,1.0670636685528845,closing,market_average_close,0.5547977931024755,0.44520220689752454,0.44520220689752454,0.5547977931024755,market_only,test,2025,1,0.017279283436486936,-0.017279283436486992
121,2026-02-21 17:30:00,2025,30427,0,0,home_win,0,logistic_regression,4,RasenBallsport Leipzig,Borussia Dortmund,,,,,,,,,,,,,,,,,0.6004116419018672,0.3995883580981328,0.3995883580981328,0.6004116419018672,market_only,test,2025,1,,
122,2026-02-22 14:30:00,2025,30424,1,1,home_win,0,logistic_regression,4,Freiburg,Borussia M.Gladbach,,23,23,0.4561657841327006,0.2813477590758572,0.2624864567914422,0.7375135432085578,0.5438342158672995,2.06,3.34,3.58,1.3559073039519969,1.8387956675458776,1.0641676997472214,closing,market_average_close,0.5249399693709436,0.47506003062905644,0.47506003062905644,0.5249399693709436,market_only,test,2025,0,0.01889424649635585,-0.01889424649635596
123,2026-02-22 16:30:00,2025,30428,1,1,home_win,0,logistic_regression,4,St. Pauli,Werder Bremen,,23,23,0.354259939999082,0.3018613636648126,0.3438786963361052,0.6561213036638947,0.6457400600009179,2.65,3.11,2.73,1.524108414733415,1.548610752132334,1.0652022652265327,closing,market_average_close,0.651855053474672,0.348144946525328,0.348144946525328,0.651855053474672,market_only,test,2025,0,-0.0061149934737539935,0.0061149934737541045
124,2026-02-22 18:30:00,2025,30425,0,0,home_win,0,logistic_regression,4,FC Heidenheim,VfB Stuttgart,,23,23,0.2129205367607199,0.2235412761240812,0.5635381871151989,0.4364618128848012,0.7870794632392801,4.42,4.21,1.67,2.2911511854622155,1.2705197463600824,1.062576430312385,closing,market_average_close,0.8194092931687198,0.18059070683128026,0.18059070683128026,0.8194092931687198,market_only,test,2025,1,-0.03232982992943964,0.03232982992943967
125,2026-02-27 19:30:00,2025,30431,1,1,home_win,0,logistic_regression,4,Augsburg,FC Cologne,,24,24,0.4336703777194253,0.2763209486353861,0.2900086736451885,0.7099913263548114,0.5663296222805746,2.16,3.39,3.23,1.4084679106350937,1.7657561262168513,1.0675457369202404,closing,market_average_close,0.5353013843148522,0.46469861568514775,0.46469861568514775,0.5353013843148522,market_only,test,2025,0,0.03102823796572246,-0.031028237965722405
126,2026-02-28 14:30:00,2025,30432,0,0,home_win,1,logistic_regression,4,Bayer Leverkusen,Mainz 05,,24,24,0.5583906515790252,0.2345240736631906,0.2070852747577842,0.7929147252422158,0.4416093484209748,1.68,4.0,4.53,1.2611696670086745,2.2644448166136324,1.0659886471144748,closing,market_average_close,0.3748070403331565,0.6251929596668435,0.6251929596668435,0.3748070403331565,market_only,test,2025,1,0.06680230808781829,-0.06680230808781834
126,2026-02-28 14:30:00,2025,30433,1,1,home_win,0,logistic_regression,4,Borussia M.Gladbach,Union Berlin,,24,24,0.4004150481562284,0.2882988346724844,0.3112861171712872,0.6887138828287129,0.5995849518437717,2.34,3.25,3.01,1.4519817662056709,1.6678203762868298,1.0672686486639975,closing,market_average_close,0.5752080463152695,0.42479195368473055,0.42479195368473055,0.5752080463152695,market_only,test,2025,0,0.024376905528502135,-0.024376905528502246
126,2026-02-28 14:30:00,2025,30437,0,0,home_win,1,logistic_regression,4,Hoffenheim,St. Pauli,,24,24,0.6224093562712679,0.2237709828499081,0.1538196608788239,0.8461803391211761,0.3775906437287321,1.51,4.2,6.11,1.1817811804024867,2.6483707067657583,1.0640130148373068,closing,market_average_close,0.3072409024499235,0.6927590975500765,0.6927590975500765,0.3072409024499235,market_only,test,2025,1,0.07034974127880855,-0.07034974127880855
126,2026-02-28 14:30:00,2025,30439,1,1,home_win,1,logistic_regression,4,Werder Bremen,FC Heidenheim,,24,24,0.5875512823032879,0.2232973994501806,0.1891513182465313,0.8108486817534686,0.412448717696712,1.6,4.21,4.97,1.2332757301121706,2.4245438453159043,1.063736934672166,closing,market_average_close,0.34763611920478865,0.6523638807952113,0.6523638807952113,0.34763611920478865,market_only,test,2025,0,0.06481259849192345,-0.06481259849192333
127,2026-02-28 17:30:00,2025,30434,0,0,home_win,0,logistic_regression,4,Borussia Dortmund,Bayern Munich,,,,,,,,,,,,,,,,,0.5998809068152954,0.4001190931847046,0.4001190931847046,0.5998809068152954,market_only,test,2025,1,,
128,2026-03-01 14:30:00,2025,30438,1,1,home_win,1,logistic_regression,4,VfB Stuttgart,Wolfsburg,,24,24,0.6844788936041284,0.1736548304143807,0.141866275981491,0.8581337240185091,0.3155211063958717,1.37,5.4,6.61,1.165319544041636,3.1693600831423936,1.0663981228929271,closing,market_average_close,0.24214257119380844,0.7578574288061916,0.7578574288061916,0.24214257119380844,market_only,test,2025,0,0.07337853520206317,-0.07337853520206328
129,2026-03-01 16:30:00,2025,30435,1,1,home_win,0,logistic_regression,4,Eintracht Frankfurt,Freiburg,,24,24,0.4221246581258097,0.2716280408809558,0.3062473009932345,0.6937526990067655,0.5778753418741903,2.22,3.45,3.06,1.4414358335926964,1.7304770207996014,1.0671029085351336,closing,market_average_close,0.5472383159713556,0.4527616840286443,0.4527616840286443,0.5472383159713556,market_only,test,2025,0,0.030637025902834625,-0.03063702590283468
130,2026-03-01 18:30:00,2025,30436,0,0,home_win,0,logistic_regression,4,Hamburger SV,RasenBallsport Leipzig,,24,24,0.2524461839530332,0.2426614481409001,0.5048923679060665,0.4951076320939334,0.7475538160469667,3.72,3.87,1.86,2.0197628458498027,1.337696335078534,1.064849545719763,closing,market_average_close,0.7644643922721002,0.2355356077278998,0.2355356077278998,0.7644643922721002,market_only,test,2025,1,-0.016910576225133395,0.016910576225133478
131,2026-03-04 19:30:00,2025,30371,0,0,home_win,0,logistic_regression,4,Hamburger SV,Bayer Leverkusen,,17,17,0.2651000367005127,0.2585273085178554,0.4763726547816319,0.5236273452183682,0.7348999632994873,3.54,3.63,1.97,1.909755113310536,1.3607294188861987,1.065582182568096,closing,market_average_close,0.7494732352220088,0.25052676477799113,0.25052676477799113,0.7494732352220088,market_only,test,2025,1,-0.014573271922521558,0.014573271922521558
132,2026-03-06 19:30:00,2025,30440,1,1,home_win,1,logistic_regression,4,Bayern Munich,Borussia M.Gladbach,,25,25,0.7783720052332466,0.1330268540017271,0.0886011407650261,0.9113988592349738,0.2216279947667533,1.21,7.08,10.63,1.097214452121871,4.512065369054231,1.0617625960790855,closing,market_average_close,0.16914260889484045,0.8308573911051595,0.8308573911051595,0.16914260889484045,market_only,test,2025,0,0.05248538587191298,-0.05248538587191284
133,2026-03-07 14:30:00,2025,30442,0,0,home_win,0,logistic_regression,4,Freiburg,Bayer Leverkusen,,25,25,0.3196099411507222,0.2788288507368318,0.4015612081124459,0.598438791887554,0.6803900588492777,2.94,3.37,2.34,1.6710146694298835,1.4697451660173702,1.0642223868167064,closing,market_average_close,0.6889902271598773,0.3110097728401226,0.3110097728401226,0.6889902271598773,market_only,test,2025,1,-0.00860016831059962,0.00860016831059962
133,2026-03-07 14:30:00,2025,30443,0,0,home_win,0,logistic_regression,4,FC Heidenheim,Hoffenheim,,25,25,0.1726215044564349,0.2054838039919051,0.6218946915516599,0.3781053084483401,0.827378495543565,5.44,4.57,1.51,2.644765830196294,1.2086366824690402,1.0648935657848864,closing,market_average_close,0.8559244433119584,0.1440755566880416,0.1440755566880416,0.8559244433119584,market_only,test,2025,1,-0.02854594776839331,0.028545947768393365
133,2026-03-07 14:30:00,2025,30444,0,0,home_win,0,logistic_regression,4,Mainz 05,VfB Stuttgart,,25,25,0.2702767289585623,0.2487692969459446,0.480953974095493,0.519046025904507,0.7297232710414377,3.47,3.77,1.95,1.9266114180478824,1.370382499345035,1.066256940250779,closing,market_average_close,0.7430676715268236,0.25693232847317643,0.25693232847317643,0.7430676715268236,market_only,test,2025,1,-0.013344400485385877,0.013344400485385877
133,2026-03-07 14:30:00,2025,30445,1,1,home_win,1,logistic_regression,4,RasenBallsport Leipzig,Augsburg,,25,25,0.7043744709262815,0.1728446579948255,0.1227808710788931,0.877219128921107,0.2956255290737186,1.33,5.42,7.63,1.1399660210669385,3.382657793910062,1.0674431432180775,closing,market_average_close,0.21519430651126092,0.7848056934887391,0.7848056934887391,0.21519430651126092,market_only,test,2025,0,0.0804312225624576,-0.08043122256245766
133,2026-03-07 14:30:00,2025,30448,0,0,home_win,0,logistic_regression,4,Wolfsburg,Hamburger SV,,25,25,0.3668807026625092,0.2786986940106895,0.3544206033268013,0.6455793966731986,0.6331192973374908,2.56,3.37,2.65,1.5489961500524994,1.5794811565614617,1.064719395610548,closing,market_average_close,0.6268810992748552,0.3731189007251448,0.3731189007251448,0.6268810992748552,market_only,test,2025,1,0.0062381980626355915,-0.0062381980626355915
134,2026-03-07 17:30:00,2025,30441,0,0,home_win,0,logistic_regression,4,FC Cologne,Borussia Dortmund,,,,,,,,,,,,,,,,,0.6021718359200625,0.39782816407993754,0.39782816407993754,0.6021718359200625,market_only,test,2025,1,,
135,2026-03-08 14:30:00,2025,30446,0,0,home_win,0,logistic_regression,4,St. Pauli,Eintracht Frankfurt,,25,25,0.3701787626657879,0.2866628223082626,0.3431584150259494,0.6568415849740505,0.629821237334212,2.54,3.28,2.74,1.522437103368701,1.5877521123813012,1.0635423398316977,closing,market_average_close,0.6337690858288596,0.3662309141711404,0.3662309141711404,0.6337690858288596,market_only,test,2025,1,-0.003947848494647521,0.003947848494647577
136,2026-03-08 16:30:00,2025,30447,0,0,home_win,0,logistic_regression,4,Union Berlin,Werder Bremen,,25,25,0.3960571274059143,0.295174651557238,0.3087682210368477,0.6912317789631524,0.6039428725940857,2.37,3.18,3.04,1.4466927453769558,1.6557857462656191,1.0653537054961262,closing,market_average_close,0.5959006618302036,0.40409933816979643,0.40409933816979643,0.5959006618302036,market_only,test,2025,1,0.008042210763882118,-0.008042210763882118
137,2026-03-13 19:30:00,2025,30450,1,1,home_win,1,logistic_regression,4,Borussia M.Gladbach,St. Pauli,,26,26,0.4909610506373823,0.2841623050658788,0.2248766442967386,0.7751233557032612,0.5090389493626175,1.91,3.3,4.17,1.2901172344274294,1.9644862171197883,1.0663986659316051,closing,market_average_close,0.46743253865447665,0.5325674613455234,0.5325674613455234,0.46743253865447665,market_only,test,2025,0,0.04160641070814103,-0.04160641070814086
138,2026-03-14 14:30:00,2025,30449,0,0,home_win,0,logistic_regression,4,Bayer Leverkusen,Bayern Munich,,26,26,0.1908504918676641,0.2006586541906276,0.6084908539417083,0.3915091460582917,0.8091495081323359,4.91,4.67,1.54,2.554218745763631,1.2358655476516098,1.067149399443324,closing,market_average_close,0.8395347442750535,0.1604652557249465,0.1604652557249465,0.8395347442750535,market_only,test,2025,1,-0.030385236142717598,0.030385236142717598
138,2026-03-14 14:30:00,2025,30451,1,1,home_win,0,logistic_regression,4,Borussia Dortmund,Augsburg,,,,,,,,,,,,,,,,,0.6034536449372209,0.39654635506277913,0.39654635506277913,0.6034536449372209,market_only,test,2025,0,,
138,2026-03-14 14:30:00,2025,30452,1,1,home_win,1,logistic_regression,4,Eintracht Frankfurt,FC Heidenheim,,26,26,0.5829338611816343,0.2203106846249838,0.1967554541933818,0.8032445458066182,0.4170661388183657,1.61,4.26,4.77,1.244950874824553,2.39770124429954,1.06550340232994,closing,market_average_close,0.3490500895562161,0.6509499104437839,0.6509499104437839,0.3490500895562161,market_only,test,2025,0,0.06801604926214966,-0.0680160492621496
138,2026-03-14 14:30:00,2025,30455,0,0,home_win,1,logistic_regression,4,Hoffenheim,Wolfsburg,,26,26,0.6657929389807662,0.188886930374825,0.1453201306444087,0.8546798693555913,0.3342070610192337,1.41,4.97,6.46,1.1700287275444743,2.992157008742702,1.0652258632267002,closing,market_average_close,0.2582243005343394,0.7417756994656606,0.7417756994656606,0.2582243005343394,market_only,test,2025,1,0.07598276048489438,-0.07598276048489427
139,2026-03-14 17:30:00,2025,30454,0,0,home_win,0,logistic_regression,4,Hamburger SV,FC Cologne,,26,26,0.403230007814535,0.2719458192237562,0.3248241729617087,0.6751758270382913,0.596769992185465,2.32,3.44,2.88,1.4810956790123455,1.6756874727193365,1.0689543793994476,closing,market_average_close,0.5774471698283665,0.4225528301716334,0.4225528301716334,0.5774471698283665,market_only,test,2025,1,0.019322822357098424,-0.01932282235709848
140,2026-03-15 14:30:00,2025,30457,0,0,home_win,0,logistic_regression,4,Werder Bremen,Mainz 05,,26,26,0.4192169001499825,0.2698407633149312,0.3109423365350864,0.6890576634649137,0.5807830998500176,2.24,3.48,3.02,1.4512573519196037,1.7218131868131863,1.0649107210822213,closing,market_average_close,0.5721150351513062,0.4278849648486938,0.4278849648486938,0.5721150351513062,market_only,test,2025,1,0.008668064698711342,-0.008668064698711397
141,2026-03-15 16:30:00,2025,30453,0,0,home_win,1,logistic_regression,4,Freiburg,Union Berlin,,26,26,0.4966245086310032,0.2651469834216373,0.2382285079473594,0.7617714920526406,0.5033754913689967,1.89,3.54,3.94,1.3127296183077657,1.986588574823869,1.065393511405729,closing,market_average_close,0.4696231592458895,0.5303768407541105,0.5303768407541105,0.4696231592458895,market_only,test,2025,1,0.0337523321231073,-0.03375233212310724
142,2026-03-15 18:30:00,2025,30456,1,1,home_win,0,logistic_regression,4,VfB Stuttgart,RasenBallsport Leipzig,,26,26,0.390824590538105,0.2398923317880951,0.3692830776737999,0.6307169223262001,0.6091754094618951,2.4,3.91,2.54,1.585497335812421,1.64156330749354,1.0661219297715665,closing,market_average_close,0.6131888457632588,0.3868111542367411,0.3868111542367411,0.6131888457632588,market_only,test,2025,0,-0.00401343630136386,0.004013436301363749
143,2026-03-20 19:30:00,2025,30464,1,1,home_win,1,logistic_regression,4,RasenBallsport Leipzig,Hoffenheim,,27,27,0.4930695202528009,0.2353849468543521,0.2715455328928469,0.7284544671071531,0.5069304797471991,1.9,3.98,3.45,1.3727693976141182,1.972657080116172,1.0674271433444875,closing,market_average_close,0.4680808370777032,0.5319191629222968,0.5319191629222968,0.4680808370777032,market_only,test,2025,0,0.03884964266949592,-0.038849642669495865
144,2026-03-21 14:30:00,2025,30459,1,1,home_win,1,logistic_regression,4,Bayern Munich,Union Berlin,,27,27,0.8301656274712479,0.1081992109622272,0.0616351615665249,0.9383648384334752,0.1698343725287522,1.13,8.67,15.22,1.0656835796079271,5.8880895846375525,1.0659990282999752,closing,market_average_close,0.1297097414249868,0.8702902585750132,0.8702902585750132,0.1297097414249868,market_only,test,2025,0,0.040124631103765296,-0.04012463110376538
144,2026-03-21 14:30:00,2025,30461,0,0,home_win,0,logistic_regression,4,FC Cologne,Borussia M.Gladbach,,27,27,0.4079650315687227,0.2792617775619233,0.312773190869354,0.687226809130646,0.5920349684312773,2.3,3.36,3.0,1.4551236749116605,1.6890894175553732,1.065734989648033,closing,market_average_close,0.5833108651763919,0.4166891348236081,0.4166891348236081,0.5833108651763919,market_only,test,2025,1,0.008724103254885374,-0.008724103254885485
144,2026-03-21 14:30:00,2025,30462,0,0,home_win,0,logistic_regression,4,FC Heidenheim,Bayer Leverkusen,,27,27,0.1785639168329631,0.2046857125268682,0.6167503706401687,0.3832496293598313,0.8214360831670369,5.25,4.58,1.52,2.6092654066498904,1.2173801717408277,1.0667115386720076,closing,market_average_close,0.8564163952266871,0.14358360477331286,0.14358360477331286,0.8564163952266871,market_only,test,2025,1,-0.03498031205965024,0.03498031205965024
144,2026-03-21 14:30:00,2025,30466,0,0,home_win,0,logistic_regression,4,Wolfsburg,Werder Bremen,,27,27,0.4017120048731225,0.2625715339114822,0.3357164612153951,0.6642835387846047,0.5982879951268774,2.34,3.58,2.8,1.5053812741312744,1.6714358438496373,1.063822893431832,closing,market_average_close,0.597411524928829,0.402588475071171,0.402588475071171,0.597411524928829,market_only,test,2025,1,0.0008764701980485401,-0.0008764701980483736
145,2026-03-21 17:30:00,2025,30460,1,1,home_win,0,logistic_regression,4,Borussia Dortmund,Hamburger SV,,,,,,,,,,,,,,,,,0.6029925452219689,0.3970074547780311,0.3970074547780311,0.6029925452219689,market_only,test,2025,0,,
146,2026-03-22 14:30:00,2025,30463,1,1,home_win,0,logistic_regression,4,Mainz 05,Eintracht Frankfurt,,27,27,0.436941433453512,0.2676421885826355,0.2954163779638524,0.7045836220361475,0.563058566546488,2.15,3.51,3.18,1.4192779518634575,1.7760141829179268,1.0644819727750838,closing,market_average_close,0.5532009436661818,0.44679905633381817,0.44679905633381817,0.5532009436661818,market_only,test,2025,0,0.009857622880306172,-0.009857622880306227
147,2026-03-22 16:30:00,2025,30465,0,0,home_win,0,logistic_regression,4,St. Pauli,Freiburg,,27,27,0.3525264394829612,0.3125734430082256,0.3349001175088131,0.6650998824911868,0.6474735605170387,2.66,3.0,2.8,1.5035335689045937,1.5444646098003632,1.0664160401002507,closing,market_average_close,0.6565823969757814,0.3434176030242187,0.3434176030242187,0.6565823969757814,market_only,test,2025,1,-0.009108836458742497,0.009108836458742608
148,2026-03-22 18:30:00,2025,30458,0,0,home_win,0,logistic_regression,4,Augsburg,VfB Stuttgart,,27,27,0.2781999573874786,0.2506775017101077,0.4711225409024135,0.5288774590975864,0.7218000426125213,3.37,3.74,1.99,1.890797164443879,1.385425243784341,1.0666281470029657,closing,market_average_close,0.7511313112874204,0.24886868871257958,0.24886868871257958,0.7511313112874204,market_only,test,2025,1,-0.02933126867489902,0.029331268674899102
149,2026-04-04 13:30:00,2025,30467,1,1,home_win,1,logistic_regression,4,Bayer Leverkusen,Wolfsburg,,28,28,0.6608486307553415,0.1922961179656936,0.1468552512789648,0.8531447487210351,0.3391513692446584,1.42,4.88,6.39,1.1721340388007055,2.948535936113577,1.0656379075912672,closing,market_average_close,0.2713150263236749,0.7286849736763251,0.7286849736763251,0.2713150263236749,market_only,test,2025,0,0.06783634292098362,-0.0678363429209835
149,2026-04-04 13:30:00,2025,30468,0,0,home_win,1,logistic_regression,4,Borussia M.Gladbach,FC Heidenheim,,28,28,0.5911462595318208,0.2227304627145959,0.1861232777535832,0.8138767222464167,0.4088537404681792,1.59,4.22,5.05,1.2286873093505566,2.4458624222317207,1.0639174442348107,closing,market_average_close,0.3535088266038102,0.6464911733961898,0.6464911733961898,0.3535088266038102,market_only,test,2025,1,0.055344913864369016,-0.05534491386436896
149,2026-04-04 13:30:00,2025,30470,0,0,home_win,0,logistic_regression,4,Freiburg,Bayern Munich,,28,28,0.1724770093010378,0.203156217029205,0.624366773669757,0.3756332263302429,0.8275229906989621,5.43,4.61,1.5,2.662171314741036,1.2084256404228193,1.0677484689780803,closing,market_average_close,0.8662505064339822,0.1337494935660178,0.1337494935660178,0.8662505064339822,market_only,test,2025,1,-0.03872751573501998,0.03872751573502009
149,2026-04-04 13:30:00,2025,30471,0,0,home_win,0,logistic_regression,4,Hamburger SV,Augsburg,,28,28,0.3958544911718282,0.2783902504680215,0.3257552583601503,0.6742447416398498,0.6041455088281719,2.37,3.37,2.88,1.483140969802555,1.6552303797468353,1.0658990555367749,closing,market_average_close,0.605249482458984,0.394750517541016,0.394750517541016,0.605249482458984,market_only,test,2025,1,-0.0011039736308122161,0.0011039736308121606
149,2026-04-04 13:30:00,2025,30472,0,0,home_win,1,logistic_regression,4,Hoffenheim,Mainz 05,,28,28,0.5535609090627229,0.2382414039004123,0.2081976870368648,0.7918023129631353,0.4464390909372772,1.7,3.95,4.52,1.262941498942752,2.239947218556844,1.0626387891327695,closing,market_average_close,0.40339944950797946,0.5966005504920205,0.5966005504920205,0.40339944950797946,market_only,test,2025,1,0.043039641429297615,-0.043039641429297726
149,2026-04-04 13:30:00,2025,30475,0,0,home_win,0,logistic_regression,4,Werder Bremen,RasenBallsport Leipzig,,28,28,0.2514424536896447,0.2374734284846644,0.5110841178256909,0.4889158821743091,0.7485575463103553,3.74,3.96,1.84,2.045341614906832,1.3359026369168356,1.0633831925392028,closing,market_average_close,0.7901141258275457,0.20988587417245425,0.20988587417245425,0.7901141258275457,market_only,test,2025,1,-0.04155657951719044,0.041556579517190384
150,2026-04-04 16:30:00,2025,30473,0,0,home_win,0,logistic_regression,4,VfB Stuttgart,Borussia Dortmund,,,,,,,,,,,,,,,,,0.6024785790806659,0.3975214209193341,0.3975214209193341,0.6024785790806659,market_only,test,2025,1,,
151,2026-04-05 13:30:00,2025,30474,0,0,home_win,0,logistic_regression,4,Union Berlin,St. Pauli,,28,28,0.460536709774979,0.2954386440065903,0.2440246462184304,0.7559753537815694,0.5394632902250208,2.04,3.18,3.85,1.322794446932378,1.853694251527069,1.0644017469766638,closing,market_average_close,0.53169222661092,0.46830777338908003,0.46830777338908003,0.53169222661092,market_only,test,2025,1,0.007771063614101015,-0.007771063614100848
152,2026-04-05 15:30:00,2025,30469,0,0,home_win,1,logistic_regression,4,Eintracht Frankfurt,FC Cologne,,28,28,0.4940061732826071,0.2536788457397171,0.2523149809776757,0.7476850190223243,0.5059938267173929,1.9,3.7,3.72,1.3374615975422428,1.9763086962689744,1.0654032640450295,closing,market_average_close,0.48729407285094695,0.512705927149053,0.512705927149053,0.48729407285094695,market_only,test,2025,1,0.018699753866445956,-0.018699753866445956
153,2026-04-10 18:30:00,2025,30476,0,0,home_win,0,logistic_regression,4,Augsburg,Hoffenheim,,29,29,0.2714037976712667,0.244546130193381,0.4840500721353521,0.5159499278646478,0.7285962023287331,3.46,3.84,1.94,1.938172574495128,1.3725023501410083,1.0648979252329025,closing,market_average_close,0.7751842325506886,0.22481576744931142,0.22481576744931142,0.7751842325506886,market_only,test,2025,1,-0.04658803022195529,0.046588030221955457
154,2026-04-11 13:30:00,2025,30477,0,0,home_win,0,logistic_regression,4,Borussia Dortmund,Bayer Leverkusen,,,,,,,,,,,,,,,,,0.603720531500785,0.39627946849921497,0.39627946849921497,0.603720531500785,market_only,test,2025,1,,
154,2026-04-11 13:30:00,2025,30479,1,1,home_win,0,logistic_regression,4,FC Heidenheim,Union Berlin,,29,29,0.3427508319791074,0.2770316459064172,0.3802175221144754,0.6197824778855245,0.6572491680208926,2.74,3.39,2.47,1.6134692987959924,1.521492987220049,1.0648070539822398,closing,market_average_close,0.6926654749449719,0.3073345250550282,0.3073345250550282,0.6926654749449719,market_only,test,2025,0,-0.03541630692407921,0.035416306924079266
154,2026-04-11 13:30:00,2025,30481,1,1,home_win,1,logistic_regression,4,RasenBallsport Leipzig,Borussia M.Gladbach,,29,29,0.6433104976828531,0.198569413661092,0.1581200886560548,0.8418799113439451,0.3566895023171469,1.46,4.73,5.94,1.187817866331598,2.803558819375794,1.0646981656857413,closing,market_average_close,0.30657036493121004,0.69342963506879,0.69342963506879,0.30657036493121004,market_only,test,2025,0,0.050119137385936874,-0.050119137385936874
154,2026-04-11 13:30:00,2025,30484,0,0,home_win,0,logistic_regression,4,Wolfsburg,Eintracht Frankfurt,,29,29,0.3808491008853568,0.2588090575077287,0.3603418416069145,0.6396581583930856,0.6191508991146433,2.46,3.62,2.6,1.5633350202429146,1.6151151543669775,1.0673625435786869,closing,market_average_close,0.639601886603667,0.36039811339633293,0.36039811339633293,0.639601886603667,market_only,test,2025,1,-0.020450987489023853,0.020450987489023742
155,2026-04-11 16:30:00,2025,30482,0,0,home_win,0,logistic_regression,4,St. Pauli,Bayern Munich,,29,29,0.1141390062250764,0.1696605119656652,0.7162004818092583,0.2837995181907417,0.8858609937749236,8.22,5.53,1.31,3.5236141568355306,1.1288452782402072,1.0658451062439458,closing,market_average_close,0.9282760599888586,0.07172394001114132,0.07172394001114132,0.9282760599888586,market_only,test,2025,1,-0.04241506621393508,0.04241506621393509
156,2026-04-12 13:30:00,2025,30478,1,1,home_win,0,logistic_regression,4,FC Cologne,Werder Bremen,,29,29,0.4101197650653649,0.2778622076922146,0.3120180272424204,0.6879819727575796,0.589880234934635,2.29,3.38,3.01,1.4535264579561369,1.6952593777121734,1.0647651244943666,closing,market_average_close,0.6029062032054022,0.3970937967945977,0.3970937967945977,0.6029062032054022,market_only,test,2025,0,-0.013025968270767185,0.013025968270767185
157,2026-04-12 15:30:00,2025,30483,1,1,home_win,1,logistic_regression,4,VfB Stuttgart,Hamburger SV,,29,29,0.734943948137306,0.1586388286029935,0.1064172232597004,0.8935827767402995,0.265056051862694,1.28,5.93,8.84,1.1190905040134054,3.772786899119837,1.0630062360266457,closing,market_average_close,0.21277652744201558,0.7872234725579844,0.7872234725579844,0.21277652744201558,market_only,test,2025,0,0.0522795244206784,-0.0522795244206784
158,2026-04-12 17:30:00,2025,30480,0,0,home_win,0,logistic_regression,4,Mainz 05,Freiburg,,29,29,0.4272921784610508,0.2937633726919724,0.2789444488469767,0.7210555511530232,0.5727078215389492,2.2,3.2,3.37,1.3868556984283986,1.7460910474609106,1.063781359589965,closing,market_average_close,0.5776551082454323,0.4223448917545677,0.4223448917545677,0.5776551082454323,market_only,test,2025,1,-0.0049472867064830894,0.004947286706483145
159,2026-04-17 18:30:00,2025,30491,0,0,home_win,0,logistic_regression,4,St. Pauli,FC Cologne,,30,30,0.3328020612256694,0.2887697885096578,0.3784281502646726,0.6215718497353273,0.6671979387743304,2.82,3.25,2.48,1.608824467237073,1.498805589593158,1.065528043221935,closing,market_average_close,0.6994599709015576,0.3005400290984423,0.3005400290984423,0.6994599709015576,market_only,test,2025,1,-0.032262032127227114,0.032262032127227225
160,2026-04-18 13:30:00,2025,30485,0,0,home_win,1,logistic_regression,4,Bayer Leverkusen,Augsburg,,30,30,0.6802108482839465,0.180517494352278,0.1392716573637753,0.8607283426362246,0.3197891517160534,1.38,5.2,6.74,1.161806751869256,3.1270604228873844,1.065313325989368,closing,market_average_close,0.2615017096584158,0.7384982903415842,0.7384982903415842,0.2615017096584158,market_only,test,2025,1,0.058287442057637695,-0.058287442057637584
160,2026-04-18 13:30:00,2025,30490,1,1,home_win,0,logistic_regression,4,Hoffenheim,Borussia Dortmund,,,,,,,,,,,,,,,,,0.6053936747213843,0.3946063252786157,0.3946063252786157,0.6053936747213843,market_only,test,2025,0,,
160,2026-04-18 13:30:00,2025,30492,0,0,home_win,0,logistic_regression,4,Union Berlin,Wolfsburg,,30,30,0.4385025065106712,0.2635942033519203,0.2979032901374083,0.7020967098625917,0.5614974934893286,2.14,3.56,3.15,1.4243052074631022,1.7809518503558648,1.06564891349098,closing,market_average_close,0.5625285824194026,0.4374714175805974,0.4374714175805974,0.5625285824194026,market_only,test,2025,1,-0.001031088930073809,0.0010310889300739756
160,2026-04-18 13:30:00,2025,30493,1,1,home_win,1,logistic_regression,4,Werder Bremen,Hamburger SV,,30,30,0.5258246585554166,0.2490016240249195,0.225173717419664,0.7748262825803361,0.4741753414445836,1.79,3.78,4.18,1.2906118732443967,2.108924510822267,1.062443932188125,closing,market_average_close,0.4514776476651057,0.5485223523348943,0.5485223523348943,0.4514776476651057,market_only,test,2025,0,0.022697693779477723,-0.022697693779477945
161,2026-04-18 16:30:00,2025,30488,0,0,home_win,0,logistic_regression,4,Eintracht Frankfurt,RasenBallsport Leipzig,,30,30,0.3238243523435875,0.2414114708988183,0.4347641767575941,0.5652358232424058,0.6761756476564125,2.9,3.89,2.16,1.7691730758741069,1.4789056711313766,1.0648599579102194,closing,market_average_close,0.7096601693917945,0.2903398306082054,0.2903398306082054,0.7096601693917945,market_only,test,2025,1,-0.03348452173538208,0.03348452173538208
162,2026-04-19 13:30:00,2025,30489,1,1,home_win,1,logistic_regression,4,Freiburg,FC Heidenheim,,30,30,0.5794237066899233,0.22783165165963,0.1927446416504467,0.8072553583495533,0.4205762933100768,1.62,4.12,4.87,1.2387653914673495,2.377689888627968,1.0653412062541332,closing,market_average_close,0.3918938845694233,0.6081061154305767,0.6081061154305767,0.3918938845694233,market_only,test,2025,0,0.02868240874065342,-0.028682408740653476
163,2026-04-19 15:30:00,2025,30486,1,1,home_win,1,logistic_regression,4,Bayern Munich,VfB Stuttgart,,30,30,0.6448136547694931,0.1824472744115232,0.1727390708189835,0.8272609291810165,0.3551863452305067,1.46,5.16,5.45,1.2088084481277197,2.8154235471834537,1.0622161949938282,closing,market_average_close,0.31842079083727426,0.6815792091627257,0.6815792091627257,0.31842079083727426,market_only,test,2025,0,0.03676555439323259,-0.036765554393232425
164,2026-04-19 17:30:00,2025,30487,0,0,home_win,0,logistic_regression,4,Borussia M.Gladbach,Mainz 05,,30,30,0.4222626688380112,0.269374461155283,0.3083628700067056,0.6916371299932942,0.5777373311619887,2.22,3.48,3.04,1.4458448753462607,1.7308903996020562,1.0667541407105836,closing,market_average_close,0.5846116082866967,0.41538839171330333,0.41538839171330333,0.5846116082866967,market_only,test,2025,1,-0.006874277124707895,0.006874277124708006
1,2024-08-23 18:30:00,2024,27742,0,0,home_win,0,naive_bayes,4,Borussia M.Gladbach,Bayer Leverkusen,Bundesliga,1,1,0.1878814367032284,0.2144207427846261,0.5976978205121454,0.4023021794878546,0.8121185632967716,5.09,4.46,1.6,2.4856937172774867,1.2313472997594457,1.04567890086074,closing,market_average_close,0.9895938483433504,0.010406151656650032,0.010406151656650032,0.9895938483433504,market_only,development,2024,1,-0.17747528504657836,0.17747528504657883
2,2024-08-24 13:30:00,2024,27743,1,1,home_win,1,naive_bayes,4,RasenBallsport Leipzig,Bochum,Bundesliga,1,1,0.7841739888657858,0.1357010306973416,0.0801249804368725,0.9198750195631274,0.2158260111342142,1.22,7.05,11.94,1.0871042029980615,4.633361821148318,1.0452681965810915,closing,market_average_close,0.00032794930585691484,0.9996720506941431,0.9996720506941431,0.00032794930585691484,market_only,development,2024,0,0.2154980618283573,-0.2154980618283573
2,2024-08-24 13:30:00,2024,27744,1,1,home_win,1,naive_bayes,4,Hoffenheim,Holstein Kiel,Bundesliga,1,1,0.5918991272688333,0.2112062965144295,0.1968945762167371,0.8031054237832629,0.4081008727311667,1.62,4.54,4.87,1.2451665377743406,2.450374568688419,1.0428870768328082,closing,market_average_close,0.35753002062344125,0.6424699793765587,0.6424699793765587,0.35753002062344125,market_only,development,2024,0,0.050570852107725384,-0.05057085210772544
2,2024-08-24 13:30:00,2024,27745,1,1,home_win,0,naive_bayes,4,Freiburg,VfB Stuttgart,Bundesliga,1,1,0.2646613059403023,0.251462973098135,0.4838757209615628,0.5161242790384373,0.7353386940596978,3.62,3.81,1.98,1.937517843305192,1.3599175564652333,1.0437607905742068,closing,market_average_close,0.9196608466350606,0.08033915336493913,0.08033915336493913,0.9196608466350606,market_only,development,2024,0,-0.18432215257536316,0.18432215257536289
2,2024-08-24 13:30:00,2024,27746,0,0,home_win,0,naive_bayes,4,Augsburg,Werder Bremen,Bundesliga,1,1,0.3895210001404691,0.2706840848433768,0.3397949150161539,0.6602050849838459,0.6104789998595308,2.46,3.54,2.82,1.51468085106383,1.6380579843534284,1.0435998698248794,closing,market_average_close,0.7622180042875447,0.2377819957124553,0.2377819957124553,0.7622180042875447,market_only,development,2024,1,-0.15173900442801377,0.1517390044280139
2,2024-08-24 13:30:00,2024,27747,0,0,home_win,0,naive_bayes,4,Mainz 05,Union Berlin,Bundesliga,1,1,0.4608033924888902,0.28696738214877,0.2522292253623399,0.7477707746376602,0.5391966075111099,2.08,3.34,3.8,1.337308215187415,1.8546110751993103,1.0433283231108632,closing,market_average_close,0.6622348148984378,0.33776518510156217,0.33776518510156217,0.6622348148984378,market_only,development,2024,1,-0.12303820738732801,0.12303820738732796
3,2024-08-24 16:30:00,2024,27748,1,1,home_win,0,naive_bayes,4,Borussia Dortmund,Eintracht Frankfurt,,,,,,,,,,,,,,,,,0.6946329684169618,0.3053670315830381,0.3053670315830381,0.6946329684169618,market_only,development,2024,0,,
4,2024-08-25 13:30:00,2024,27749,0,0,home_win,0,naive_bayes,4,Wolfsburg,Bayern Munich,Bundesliga,1,1,0.1508218112142604,0.2054018670926545,0.6437763216930851,0.356223678306915,0.8491781887857396,6.36,4.67,1.49,2.8072249569508414,1.1776091440006533,1.042506406312465,closing,market_average_close,0.9995521495710331,0.00044785042896701617,0.00044785042896701617,0.9995521495710331,market_only,development,2024,1,-0.15037396078529336,0.15037396078529353
5,2024-08-25 15:30:00,2024,27750,0,0,home_win,1,naive_bayes,4,St. Pauli,FC Heidenheim,Bundesliga,1,1,0.4770727519851206,0.2718363259174476,0.2510909220974319,0.7489090779025682,0.5229272480148796,2.0,3.51,3.8,1.3352755755086445,1.912311901504788,1.0480581796371269,closing,market_average_close,0.46838311806904764,0.5316168819309521,0.5316168819309521,0.46838311806904764,market_only,development,2024,1,0.05454412994583152,-0.05454412994583191
6,2024-08-30 18:30:00,2024,27751,1,1,home_win,0,naive_bayes,4,Union Berlin,St. Pauli,Bundesliga,2,2,0.4874858478067111,0.27998458314263,0.2325295690506588,0.7674704309493412,0.5125141521932889,1.97,3.43,4.13,1.3029817953546767,1.9511656326377136,1.0412901533076695,closing,market_average_close,0.6001208913750239,0.39987910862497583,0.39987910862497583,0.6001208913750239,market_only,development,2024,0,-0.08760673918173528,0.087606739181735
7,2024-08-31 13:30:00,2024,27752,0,0,home_win,0,naive_bayes,4,Bochum,Borussia M.Gladbach,Bundesliga,2,2,0.3350208457415128,0.2555092316855271,0.40946992257296,0.5905300774270399,0.6649791542584871,2.86,3.75,2.34,1.6933938477054968,1.5038065382892971,1.0436674436674438,closing,market_average_close,0.827099845257855,0.17290015474214476,0.17290015474214476,0.827099845257855,market_only,development,2024,1,-0.16212069099936804,0.16212069099936788
7,2024-08-31 13:30:00,2024,27753,0,0,home_win,0,naive_bayes,4,Werder Bremen,Borussia Dortmund,,,,,,,,,,,,,,,,,0.6833620099175394,0.3166379900824608,0.3166379900824608,0.6833620099175394,market_only,development,2024,1,,
7,2024-08-31 13:30:00,2024,27754,0,0,home_win,0,naive_bayes,4,Holstein Kiel,Wolfsburg,Bundesliga,2,2,0.3229863076570029,0.2635355312476095,0.4134781610953875,0.5865218389046125,0.677013692342997,2.97,3.64,2.32,1.7049663519223748,1.4770750005649331,1.042460094184232,closing,market_average_close,0.8440437764268938,0.15595622357310626,0.15595622357310626,0.8440437764268938,market_only,development,2024,1,-0.16703008408389666,0.16703008408389675
7,2024-08-31 13:30:00,2024,27755,0,0,home_win,1,naive_bayes,4,VfB Stuttgart,Mainz 05,Bundesliga,2,2,0.577783473275425,0.2256754272087542,0.1965410995158207,0.8034589004841792,0.422216526724575,1.66,4.25,4.88,1.2446187345704696,2.3684530014911784,1.042621788988161,closing,market_average_close,0.38844226854932046,0.6115577314506796,0.6115577314506796,0.38844226854932046,market_only,development,2024,1,0.03377425817525459,-0.033774258175254535
7,2024-08-31 13:30:00,2024,27756,1,1,home_win,1,naive_bayes,4,Eintracht Frankfurt,Hoffenheim,Bundesliga,2,2,0.5743768260085784,0.2180021135078013,0.2076210604836203,0.7923789395163797,0.4256231739914216,1.67,4.4,4.62,1.2620224366517612,2.349496129691836,1.0425253389325246,closing,market_average_close,0.3982091642463635,0.6017908357536365,0.6017908357536365,0.3982091642463635,market_only,development,2024,0,0.027414009745058032,-0.027414009745058088
8,2024-08-31 16:30:00,2024,27757,0,0,home_win,1,naive_bayes,4,Bayer Leverkusen,RasenBallsport Leipzig,Bundesliga,2,2,0.5736702369065989,0.2207440773350276,0.2055856857583734,0.7944143142416266,0.4263297630934011,1.67,4.34,4.66,1.2587889997357766,2.345602129075183,1.0438094164314713,closing,market_average_close,0.40334882954920565,0.5966511704507943,0.5966511704507943,0.40334882954920565,market_only,development,2024,1,0.022980933544195392,-0.022980933544195448
9,2024-09-01 13:30:00,2024,27758,1,1,home_win,0,naive_bayes,4,FC Heidenheim,Augsburg,Bundesliga,2,2,0.3958556348207937,0.2760722294715622,0.3280721357076441,0.6719278642923558,0.6041443651792062,2.42,3.47,2.92,1.4882549945345025,1.6552335131080331,1.043873331960871,closing,market_average_close,0.7563622261762376,0.24363777382376253,0.24363777382376253,0.7563622261762376,market_only,development,2024,0,-0.1522178609970312,0.15221786099703138
10,2024-09-01 15:30:00,2024,27759,1,1,home_win,1,naive_bayes,4,Bayern Munich,Freiburg,Bundesliga,2,2,0.8013796845328063,0.1226601557958377,0.075960159671356,0.924039840328644,0.1986203154671937,1.2,7.84,12.66,1.082204420584658,5.034731707317073,1.03987329528968,closing,market_average_close,3.257327045956942e-05,0.9999674267295404,0.9999674267295404,3.257327045956942e-05,market_only,development,2024,0,0.19858774219673414,-0.1985877421967341
11,2024-09-13 18:30:00,2024,27760,1,1,home_win,0,naive_bayes,4,Borussia Dortmund,FC Heidenheim,,,,,,,,,,,,,,,,,0.6909042426108961,0.3090957573891037,0.3090957573891037,0.6909042426108961,market_only,development,2024,0,,
12,2024-09-14 13:30:00,2024,27761,0,0,home_win,0,naive_bayes,4,Hoffenheim,Bayer Leverkusen,Bundesliga,3,3,0.1435543470682562,0.1831555462594993,0.6732901066722442,0.3267098933277556,0.8564456529317436,6.66,5.22,1.42,3.0608194622279137,1.167616411592315,1.04594638348888,closing,market_average_close,0.9998152994994522,0.00018470050054768814,0.00018470050054768814,0.9998152994994522,market_only,development,2024,1,-0.1433696465677085,0.14336964656770868
12,2024-09-14 13:30:00,2024,27762,1,1,home_win,1,naive_bayes,4,Freiburg,Bochum,Bundesliga,3,3,0.6055275619232637,0.2230148130160272,0.1714576250607091,0.828542374939291,0.3944724380767363,1.58,4.29,5.58,1.2069388727079555,2.535031357008195,1.0452230950393464,closing,market_average_close,0.2827163404318897,0.7172836595681102,0.7172836595681102,0.2827163404318897,market_only,development,2024,0,0.11175609764484651,-0.11175609764484662
12,2024-09-14 13:30:00,2024,27763,0,0,home_win,1,naive_bayes,4,RasenBallsport Leipzig,Union Berlin,Bundesliga,3,3,0.6557505106320708,0.2007118963360217,0.1435375930319075,0.8564624069680925,0.3442494893679293,1.46,4.77,6.67,1.1675935707908485,2.9048699588083142,1.0445001502005953,closing,market_average_close,0.1400830251431419,0.8599169748568579,0.8599169748568579,0.1400830251431419,market_only,development,2024,1,0.20416646422478713,-0.20416646422478743
12,2024-09-14 13:30:00,2024,27764,0,0,home_win,0,naive_bayes,4,Wolfsburg,Eintracht Frankfurt,Bundesliga,3,3,0.3480404725745054,0.2766217628843612,0.3753377645411333,0.6246622354588667,0.6519595274254946,2.75,3.46,2.55,1.6008651447696631,1.533837543488126,1.044810567421924,closing,market_average_close,0.8042870801747812,0.1957129198252186,0.1957129198252186,0.8042870801747812,market_only,development,2024,1,-0.15232755274928678,0.15232755274928667
12,2024-09-14 13:30:00,2024,27765,0,0,home_win,0,naive_bayes,4,Borussia M.Gladbach,VfB Stuttgart,Bundesliga,3,3,0.357618320610687,0.2495877862595419,0.392793893129771,0.607206106870229,0.6423816793893129,2.68,3.84,2.44,1.6468872573669917,1.556706911303356,1.0433870605986462,closing,market_average_close,0.8031178814527188,0.1968821185472813,0.1968821185472813,0.8031178814527188,market_only,development,2024,1,-0.1607362020634057,0.1607362020634059
13,2024-09-14 16:30:00,2024,27766,0,0,home_win,0,naive_bayes,4,Holstein Kiel,Bayern Munich,Bundesliga,3,3,0.0765175947734762,0.1257864797130339,0.79769592551349,0.2023040744865101,0.923482405226524,12.51,7.61,1.2,4.943054174950297,1.0828576639256131,1.0446754291704612,closing,market_average_close,1.0,1.8243508309876982e-16,1.8243508309876982e-16,1.0,market_only,development,2024,1,-0.07651759477347601,0.07651759477347597
14,2024-09-15 13:30:00,2024,27767,1,1,home_win,0,naive_bayes,4,Augsburg,St. Pauli,Bundesliga,3,3,0.463096207064952,0.285300341852515,0.2516034510825329,0.7483965489174671,0.536903792935048,2.07,3.36,3.81,1.336190020446339,1.862531077557456,1.043178026659711,closing,market_average_close,0.6451441262822751,0.3548558737177248,0.3548558737177248,0.6451441262822751,market_only,development,2024,0,-0.10824033334722721,0.10824033334722716
15,2024-09-15 15:30:00,2024,27768,0,0,home_win,0,naive_bayes,4,Mainz 05,Werder Bremen,Bundesliga,3,3,0.4421385689393346,0.2680001940218871,0.2898612370387782,0.7101387629612217,0.5578614310606653,2.17,3.58,3.31,1.4081754892946277,1.7925598442944763,1.0422739056514827,closing,market_average_close,0.6712191779214731,0.3287808220785271,0.3287808220785271,0.6712191779214731,market_only,development,2024,1,-0.11335774686080752,0.1133577468608078
16,2024-09-20 18:30:00,2024,27769,0,0,home_win,0,naive_bayes,4,Augsburg,Mainz 05,Bundesliga,4,4,0.4047737905894099,0.273308798774046,0.3219174106365441,0.6780825893634559,0.5952262094105902,2.37,3.51,2.98,1.4747466100534177,1.6800335472294277,1.042411682968985,closing,market_average_close,0.731299186422596,0.26870081357740405,0.26870081357740405,0.731299186422596,market_only,development,2024,1,-0.13607297701200582,0.1360729770120057
17,2024-09-21 13:30:00,2024,27770,1,1,home_win,0,naive_bayes,4,Union Berlin,Hoffenheim,Bundesliga,4,4,0.5234236245232294,0.2468724827003892,0.2297038927763813,0.7702961072236186,0.4765763754767705,1.83,3.88,4.17,1.2982020688178004,2.0982995621627123,1.0439881996717988,closing,market_average_close,0.5231211624608774,0.47687883753912236,0.47687883753912236,0.5231211624608774,market_only,development,2024,0,-0.04654478698410708,0.046544786984106856
17,2024-09-21 13:30:00,2024,27771,0,0,home_win,0,naive_bayes,4,Bochum,Holstein Kiel,Bundesliga,4,4,0.5237560177068299,0.2463942191268634,0.2298497631663066,0.7701502368336933,0.4762439822931701,1.83,3.89,4.17,1.2984479549227752,2.099764064597486,1.043325649649272,closing,market_average_close,0.526446429736796,0.47355357026320377,0.47355357026320377,0.526446429736796,market_only,development,2024,1,-0.05020244744362612,0.0502024474436259
17,2024-09-21 13:30:00,2024,27772,0,0,home_win,0,naive_bayes,4,FC Heidenheim,Freiburg,Bundesliga,4,4,0.2972902167598784,0.2759331609581629,0.4267766222819587,0.5732233777180413,0.7027097832401217,3.23,3.48,2.25,1.7445206159960258,1.4230625840857147,1.0413982895033391,closing,market_average_close,0.8740568795133133,0.12594312048668654,0.12594312048668654,0.8740568795133133,market_only,development,2024,1,-0.17134709627319183,0.17134709627319167
17,2024-09-21 13:30:00,2024,27773,0,0,home_win,0,naive_bayes,4,Werder Bremen,Bayern Munich,Bundesliga,4,4,0.1054937920960805,0.1592956260650815,0.7352105818388379,0.2647894181611621,0.8945062079039194,9.06,6.0,1.3,3.77658596383696,1.1179352263449152,1.0462727118356256,closing,market_average_close,0.9999999850625231,1.493747677444646e-08,1.493747677444646e-08,0.9999999850625231,market_only,development,2024,1,-0.10549377715860372,0.10549377715860364
18,2024-09-21 16:30:00,2024,27774,1,1,home_win,1,naive_bayes,4,Eintracht Frankfurt,Borussia M.Gladbach,Bundesliga,4,4,0.5455128871177718,0.2269746291553849,0.2275124837268432,0.7724875162731567,0.4544871128822281,1.76,4.23,4.22,1.2945193015214933,2.200282409897795,1.0415552622117108,closing,market_average_close,0.4526410210349721,0.5473589789650282,0.5473589789650282,0.4526410210349721,market_only,development,2024,0,0.0018460918472563703,-0.0018460918472559817
19,2024-09-22 13:30:00,2024,27775,1,1,home_win,1,naive_bayes,4,Bayer Leverkusen,Wolfsburg,Bundesliga,4,4,0.7527745221110999,0.1524758601405258,0.0947496177483743,0.9052503822516256,0.2472254778889001,1.27,6.27,10.09,1.104666752542765,4.044890553106289,1.045999235727241,closing,market_average_close,0.002718658629222458,0.9972813413707771,0.9972813413707771,0.002718658629222458,market_only,development,2024,0,0.2445068192596772,-0.24450681925967763
20,2024-09-22 15:30:00,2024,27776,1,1,home_win,0,naive_bayes,4,VfB Stuttgart,Borussia Dortmund,,,,,,,,,,,,,,,,,0.6719358986090366,0.3280641013909632,0.3280641013909632,0.6719358986090366,market_only,development,2024,0,,
21,2024-09-22 17:30:00,2024,27777,0,0,home_win,0,naive_bayes,4,St. Pauli,RasenBallsport Leipzig,Bundesliga,4,4,0.1868526446623394,0.2333379367490678,0.5798094185885927,0.4201905814114072,0.8131473553376605,5.12,4.1,1.65,2.3798724774863604,1.229789402173913,1.0452755450849964,closing,market_average_close,0.9940823725786754,0.005917627421324242,0.005917627421324242,0.9940823725786754,market_only,development,2024,1,-0.18093501724101516,0.1809350172410149
22,2024-09-27 18:30:00,2024,27778,1,1,home_win,0,naive_bayes,4,Borussia Dortmund,Bochum,,,,,,,,,,,,,,,,,0.6679386451654068,0.33206135483459337,0.33206135483459337,0.6679386451654068,market_only,development,2024,0,,
23,2024-09-28 13:30:00,2024,27779,0,0,home_win,1,naive_bayes,4,Freiburg,St. Pauli,Bundesliga,5,5,0.6069083872461316,0.2279536287024944,0.1651379840513737,0.8348620159486261,0.3930916127538683,1.57,4.18,5.77,1.1978027277522418,2.5439362417181446,1.0494873502232942,closing,market_average_close,0.13841122691517188,0.8615887730848283,0.8615887730848283,0.13841122691517188,market_only,development,2024,1,0.2546803858386967,-0.2546803858386964
23,2024-09-28 13:30:00,2024,27780,0,0,home_win,0,naive_bayes,4,Wolfsburg,VfB Stuttgart,Bundesliga,5,5,0.2753748061347578,0.254868171635361,0.4697570222298811,0.5302429777701189,0.7246251938652422,3.48,3.76,2.04,1.885927851803705,1.3800237812128415,1.0435098470789637,closing,market_average_close,0.9106091859927963,0.08939081400720335,0.08939081400720335,0.9106091859927963,market_only,development,2024,1,-0.18598399212755445,0.18598399212755412
23,2024-09-28 13:30:00,2024,27781,0,0,home_win,0,naive_bayes,4,Mainz 05,FC Heidenheim,Bundesliga,5,5,0.5183026800642825,0.2612697433566547,0.2204275765790627,0.7795724234209372,0.4816973199357175,1.85,3.67,4.35,1.2827544561052808,2.075992451304172,1.0429051620445025,closing,market_average_close,0.5164139163803609,0.483586083619639,0.483586083619639,0.5164139163803609,market_only,development,2024,1,-0.03471659644464348,0.03471659644464342
23,2024-09-28 13:30:00,2024,27782,1,1,home_win,0,naive_bayes,4,Borussia M.Gladbach,Union Berlin,Bundesliga,5,5,0.437353574756571,0.2784314909060728,0.2842149343373562,0.7157850656626438,0.5626464252434289,2.19,3.44,3.37,1.397067427041443,1.777315122134385,1.0440545840293252,closing,market_average_close,0.6692795337689864,0.33072046623101364,0.33072046623101364,0.6692795337689864,market_only,development,2024,0,-0.10663310852555735,0.10663310852555752
23,2024-09-28 13:30:00,2024,27783,1,1,home_win,1,naive_bayes,4,RasenBallsport Leipzig,Augsburg,Bundesliga,5,5,0.6378186450554961,0.2005719009608478,0.1616094539836561,0.838390546016344,0.362181354944504,1.5,4.77,5.92,1.1927615414457515,2.7610477081384466,1.0452291914556064,closing,market_average_close,0.16527443376324574,0.8347255662367546,0.8347255662367546,0.16527443376324574,market_only,development,2024,0,0.19690692118125852,-0.19690692118125824
24,2024-09-28 16:30:00,2024,27784,0,0,home_win,1,naive_bayes,4,Bayern Munich,Bayer Leverkusen,Bundesliga,5,5,0.5846177883890563,0.2135352278303011,0.2018469837806425,0.7981530162193575,0.4153822116109438,1.64,4.49,4.75,1.252892590366618,2.4074213388237777,1.0429995625709392,closing,market_average_close,0.3377612092274796,0.6622387907725203,0.6622387907725203,0.3377612092274796,market_only,development,2024,1,0.07762100238346403,-0.0776210023834642
25,2024-09-29 13:30:00,2024,27785,0,0,home_win,0,naive_bayes,4,Holstein Kiel,Eintracht Frankfurt,Bundesliga,5,5,0.262086549253814,0.2485069353028392,0.4894065154433467,0.5105934845566533,0.737913450746186,3.66,3.86,1.96,1.958505210594876,1.3551724785458097,1.0424954828614534,closing,market_average_close,0.9282579413656901,0.07174205863430978,0.07174205863430978,0.9282579413656901,market_only,development,2024,1,-0.19034449061950426,0.1903444906195041
26,2024-09-29 15:30:00,2024,27786,0,0,home_win,0,naive_bayes,4,Hoffenheim,Werder Bremen,Bundesliga,5,5,0.419438207815079,0.2563858213990295,0.3241759707858915,0.6758240292141086,0.5805617921849211,2.28,3.73,2.95,1.479675117741617,1.7224695346149803,1.045676056820836,closing,market_average_close,0.6797469229606872,0.32025307703931283,0.32025307703931283,0.6797469229606872,market_only,development,2024,1,-0.09918513077576618,0.09918513077576607
27,2024-10-04 18:30:00,2024,27790,1,1,home_win,0,naive_bayes,4,Augsburg,Borussia M.Gladbach,Bundesliga,6,6,0.3980787704130643,0.2592891450528337,0.3426320845341018,0.657367915465898,0.6019212295869356,2.41,3.7,2.8,1.5212181435585694,1.6613469518033834,1.042350886749227,closing,market_average_close,0.7336712620045847,0.2663287379954154,0.2663287379954154,0.7336712620045847,market_only,development,2024,0,-0.13175003241764888,0.13175003241764904
28,2024-10-05 13:30:00,2024,27789,0,0,home_win,0,naive_bayes,4,Werder Bremen,Freiburg,Bundesliga,6,6,0.3562291970401343,0.2737875828679889,0.3699832200918769,0.6300167799081233,0.6437708029598659,2.69,3.5,2.59,1.5872593110072912,1.5533478613852922,1.0435618837105824,closing,market_average_close,0.7939959679391412,0.20600403206085868,0.20600403206085868,0.7939959679391412,market_only,development,2024,1,-0.1502251649792756,0.1502251649792753
28,2024-10-05 13:30:00,2024,27791,1,1,home_win,0,naive_bayes,4,Union Berlin,Borussia Dortmund,,,,,,,,,,,,,,,,,0.6635106335636295,0.33648936643637034,0.33648936643637034,0.6635106335636295,market_only,development,2024,0,,
28,2024-10-05 13:30:00,2024,27792,0,0,home_win,0,naive_bayes,4,Bochum,Wolfsburg,Bundesliga,6,6,0.3137671350403233,0.2584965014966349,0.4277363634630416,0.5722636365369582,0.6862328649596766,3.04,3.69,2.23,1.7474463449250064,1.4572312855618776,1.0483805717216956,closing,market_average_close,0.7876202768506979,0.21237972314930223,0.21237972314930223,0.7876202768506979,market_only,development,2024,1,-0.10138741189102105,0.1013874118910213
28,2024-10-05 13:30:00,2024,27794,0,0,home_win,1,naive_bayes,4,Bayer Leverkusen,Holstein Kiel,Bundesliga,6,6,0.8844258347013995,0.0798033244887852,0.0357708408098154,0.9642291591901848,0.1155741652986006,1.09,12.08,26.95,1.037097862545308,8.652452712216194,1.0373184010056584,closing,market_average_close,3.197395741782554e-18,1.0,1.0,3.197395741782554e-18,market_only,development,2024,1,0.11557416529860054,-0.1155741652986006
29,2024-10-05 16:30:00,2024,27793,0,0,home_win,0,naive_bayes,4,St. Pauli,Mainz 05,Bundesliga,6,6,0.4403059926046797,0.2806628841749127,0.2790311232204074,0.7209688767795924,0.5596940073953203,2.18,3.42,3.44,1.3870224252491696,1.786690560890149,1.0418109315675934,closing,market_average_close,0.6099499462347313,0.39005005376526874,0.39005005376526874,0.6099499462347313,market_only,development,2024,1,-0.05025593883941093,0.05025593883941104
30,2024-10-06 13:30:00,2024,27788,0,0,home_win,0,naive_bayes,4,FC Heidenheim,RasenBallsport Leipzig,Bundesliga,6,6,0.2003200465522258,0.2364271166715159,0.5632528367762585,0.4367471632237417,0.7996799534477743,4.78,4.05,1.7,2.2896542535473983,1.250500272876114,1.0443538952850626,closing,market_average_close,0.9880760533776363,0.011923946622363539,0.011923946622363539,0.9880760533776363,market_only,development,2024,1,-0.18839609992986225,0.18839609992986195
31,2024-10-06 15:30:00,2024,27787,0,0,home_win,0,naive_bayes,4,Eintracht Frankfurt,Bayern Munich,Bundesliga,6,6,0.170714026821312,0.2033345415005436,0.6259514316781443,0.3740485683218557,0.8292859731786879,5.61,4.71,1.53,2.673449612403101,1.205856643356643,1.044162115724499,closing,market_average_close,0.9983575508612094,0.0016424491387909506,0.0016424491387909506,0.9983575508612094,market_only,development,2024,1,-0.16907157768252107,0.16907157768252146
32,2024-10-06 17:30:00,2024,27795,0,0,home_win,1,naive_bayes,4,VfB Stuttgart,Hoffenheim,Bundesliga,6,6,0.7203629320934158,0.1583607768073129,0.1212762910992712,0.8787237089007287,0.2796370679065841,1.33,6.05,7.9,1.13801413330589,3.5760638154526103,1.04375123392748,closing,market_average_close,0.040108034785716264,0.959891965214284,0.959891965214284,0.040108034785716264,market_only,development,2024,1,0.23952903312086815,-0.23952903312086785
33,2024-10-18 18:30:00,2024,27798,1,1,home_win,0,naive_bayes,4,Borussia Dortmund,St. Pauli,,,,,,,,,,,,,,,,,0.621840599892642,0.378159400107358,0.378159400107358,0.621840599892642,market_only,development,2024,0,,
34,2024-10-19 13:30:00,2024,27796,1,1,home_win,1,naive_bayes,4,Bayer Leverkusen,Eintracht Frankfurt,Bundesliga,7,7,0.6471434278865362,0.1991210547343188,0.153735517379145,0.8462644826208551,0.3528565721134639,1.48,4.81,6.23,1.1816636767066375,2.83401268115942,1.0440895272355946,closing,market_average_close,0.18594367069300874,0.8140563293069916,0.8140563293069916,0.18594367069300874,market_only,development,2024,0,0.16691290142045534,-0.16691290142045515
34,2024-10-19 13:30:00,2024,27799,1,1,home_win,1,naive_bayes,4,Hoffenheim,Bochum,Bundesliga,7,7,0.6287198665072959,0.1946342560266985,0.1766458774660055,0.8233541225339944,0.371280133492704,1.52,4.91,5.41,1.214544231493433,2.693384077927377,1.0464036081711294,closing,market_average_close,0.21130849749109765,0.7886915025089022,0.7886915025089022,0.21130849749109765,market_only,development,2024,0,0.15997163600160624,-0.15997163600160635
34,2024-10-19 13:30:00,2024,27800,1,1,home_win,1,naive_bayes,4,Freiburg,Augsburg,Bundesliga,7,7,0.5773118433989152,0.2383924527468157,0.184295703854269,0.8157042961457309,0.4226881566010848,1.66,4.02,5.2,1.2259344528710725,2.3658103128348538,1.043473549767382,closing,market_average_close,0.3541852184218353,0.6458147815781647,0.6458147815781647,0.3541852184218353,market_only,development,2024,0,0.06850293817924957,-0.06850293817924946
34,2024-10-19 13:30:00,2024,27802,0,0,home_win,0,naive_bayes,4,Mainz 05,RasenBallsport Leipzig,Bundesliga,7,7,0.2421512223154306,0.2464975263057076,0.5113512513788616,0.4886487486211384,0.7578487776845693,3.97,3.9,1.88,2.0464597583065234,1.3195244611402126,1.0402143187930208,closing,market_average_close,0.9389705403482471,0.06102945965175279,0.06102945965175279,0.9389705403482471,market_only,development,2024,1,-0.1811217626636778,0.18112176266367785
34,2024-10-19 13:30:00,2024,27803,1,1,home_win,0,naive_bayes,4,Borussia M.Gladbach,FC Heidenheim,Bundesliga,7,7,0.4992100245164805,0.256278943067284,0.2445110324162353,0.7554889675837646,0.5007899754835194,1.92,3.74,3.92,1.3236460662003318,1.996845082680592,1.043315053294045,closing,market_average_close,0.5166428209207546,0.4833571790792452,0.4833571790792452,0.5166428209207546,market_only,development,2024,0,-0.015852845437235308,0.015852845437235197
35,2024-10-19 16:30:00,2024,27797,1,1,home_win,1,naive_bayes,4,Bayern Munich,VfB Stuttgart,Bundesliga,7,7,0.7393960189437314,0.1550928234857583,0.1055111575705103,0.8944888424294897,0.2606039810562687,1.29,6.15,9.04,1.117956929774479,3.837239922225453,1.0484148934924211,closing,market_average_close,0.015340350171744779,0.9846596498282554,0.9846596498282554,0.015340350171744779,market_only,development,2024,0,0.24526363088452396,-0.2452636308845239
36,2024-10-20 13:30:00,2024,27804,0,0,home_win,0,naive_bayes,4,Holstein Kiel,Union Berlin,Bundesliga,7,7,0.2578036944554175,0.2756344975301438,0.4665618080144386,0.5334381919855614,0.7421963055445825,3.71,3.47,2.05,1.874631428765541,1.3473524356420172,1.0455310950648675,closing,market_average_close,0.9218363288707244,0.07816367112927544,0.07816367112927544,0.9218363288707244,market_only,development,2024,1,-0.17964002332614207,0.17964002332614193
37,2024-10-20 15:30:00,2024,27801,0,0,home_win,0,naive_bayes,4,Wolfsburg,Werder Bremen,Bundesliga,7,7,0.4767985681767336,0.2562473588329503,0.266954072990316,0.7330459270096841,0.5232014318232664,2.01,3.74,3.59,1.364171006418796,1.9113097540944664,1.0434436489887564,closing,market_average_close,0.545542334521666,0.45445766547833394,0.45445766547833394,0.545542334521666,market_only,development,2024,1,-0.022340902698399667,0.022340902698399612
38,2024-10-25 18:30:00,2024,27810,0,0,home_win,0,naive_bayes,4,Mainz 05,Borussia M.Gladbach,Bundesliga,8,8,0.4232504443195455,0.2557609636797253,0.3209885920007291,0.6790114079992708,0.5767495556804545,2.26,3.74,2.98,1.4727293064876958,1.7338548251158872,1.0454280250492374,closing,market_average_close,0.6264772630157389,0.37352273698426114,0.37352273698426114,0.6264772630157389,market_only,development,2024,1,-0.049727707335284366,0.04972770733528442
39,2024-10-26 13:30:00,2024,27805,1,1,home_win,1,naive_bayes,4,VfB Stuttgart,Holstein Kiel,Bundesliga,8,8,0.7915110519392742,0.1282099562043536,0.0802789918563723,0.9197210081436278,0.2084889480607259,1.21,7.47,11.93,1.0872862434863897,4.7964173127715775,1.0441373862902696,closing,market_average_close,0.0011986681192399974,0.9988013318807598,0.9988013318807598,0.0011986681192399974,market_only,development,2024,0,0.20729027994148563,-0.2072902799414859
39,2024-10-26 13:30:00,2024,27806,1,1,home_win,1,naive_bayes,4,RasenBallsport Leipzig,Freiburg,Bundesliga,8,8,0.5300970374984748,0.2421763115475265,0.2277266509539987,0.7722733490460013,0.4699029625015252,1.8,3.94,4.19,1.2948782982545133,2.1280989476561434,1.0480261466414138,closing,market_average_close,0.36072681808432894,0.6392731819156714,0.6392731819156714,0.36072681808432894,market_only,development,2024,0,0.10917614441719659,-0.10917614441719625
39,2024-10-26 13:30:00,2024,27809,1,1,home_win,0,naive_bayes,4,Augsburg,Borussia Dortmund,,,,,,,,,,,,,,,,,0.6141228735702197,0.38587712642978056,0.38587712642978056,0.6141228735702197,market_only,development,2024,0,,
39,2024-10-26 13:30:00,2024,27813,0,0,home_win,0,naive_bayes,4,St. Pauli,Wolfsburg,Bundesliga,8,8,0.377382284786481,0.2802780711572111,0.3423396440563078,0.6576603559436922,0.6226177152135189,2.54,3.42,2.8,1.520541706615532,1.606121983948148,1.0432413053631453,closing,market_average_close,0.7257678898479334,0.2742321101520667,0.2742321101520667,0.7257678898479334,market_only,development,2024,1,-0.10315017463441428,0.10315017463441445
40,2024-10-26 16:30:00,2024,27808,0,0,home_win,0,naive_bayes,4,Werder Bremen,Bayer Leverkusen,Bundesliga,8,8,0.1519354225943302,0.1868835314951703,0.6611810459104993,0.3388189540895006,0.8480645774056697,6.31,5.13,1.45,2.951428743670123,1.179155487261499,1.0430655516812082,closing,market_average_close,0.999862584321297,0.00013741567870274602,0.00013741567870274602,0.999862584321297,market_only,development,2024,1,-0.15179800691562748,0.1517980069156274
41,2024-10-27 14:30:00,2024,27812,0,0,home_win,0,naive_bayes,4,Bochum,Bayern Munich,Bundesliga,8,8,0.0609937518595656,0.1020658965370037,0.8369403516034306,0.1630596483965693,0.9390062481404344,15.78,9.43,1.15,6.132725109083697,1.0649556400506972,1.038981112244583,closing,market_average_close,1.0,2.392848640908413e-31,2.392848640908413e-31,1.0,market_only,development,2024,1,-0.0609937518595656,0.06099375185956557
42,2024-10-27 16:30:00,2024,27811,0,0,home_win,0,naive_bayes,4,Union Berlin,Eintracht Frankfurt,Bundesliga,8,8,0.3850539967044821,0.2932062543713029,0.321739748924215,0.678260251075785,0.6149460032955179,2.49,3.27,2.98,1.4743603187919463,1.6261590361445784,1.0429872930549855,closing,market_average_close,0.6957874715990271,0.304212528400973,0.304212528400973,0.6957874715990271,market_only,development,2024,1,-0.08084146830350908,0.08084146830350925
43,2024-10-27 18:30:00,2024,27807,0,0,home_win,0,naive_bayes,4,FC Heidenheim,Hoffenheim,Bundesliga,8,8,0.3555453485496236,0.2766491184680069,0.3678055329823693,0.6321944670176305,0.6444546514503762,2.7,3.47,2.61,1.58179176214162,1.551699561403509,1.0416965708628236,closing,market_average_close,0.746765650012329,0.25323434998767075,0.25323434998767075,0.746765650012329,market_only,development,2024,1,-0.10231099856195286,0.1023109985619528
44,2024-11-01 19:30:00,2024,27814,0,0,home_win,1,naive_bayes,4,Bayer Leverkusen,VfB Stuttgart,Bundesliga,9,9,0.5981518777396043,0.2085061011728468,0.1933420210875488,0.8066579789124512,0.4018481222603957,1.6,4.59,4.95,1.239682772800705,2.488502358490566,1.0448851257674787,closing,market_average_close,0.26289889677894,0.7371011032210598,0.7371011032210598,0.26289889677894,market_only,development,2024,1,0.1389492254814555,-0.13894922548145566
45,2024-11-02 14:30:00,2024,27815,1,1,home_win,1,naive_bayes,4,Bayern Munich,Union Berlin,Bundesliga,9,9,0.8346110358167391,0.1113460198595417,0.054042944323719,0.9459570556762807,0.1653889641832607,1.15,8.62,17.76,1.0571304415982,6.046352638692028,1.0418808044400705,closing,market_average_close,6.978934610621001e-06,0.9999930210653901,0.9999930210653901,6.978934610621001e-06,market_only,development,2024,0,0.165381985248651,-0.16538198524865008
45,2024-11-02 14:30:00,2024,27817,1,1,home_win,1,naive_bayes,4,Eintracht Frankfurt,Bochum,Bundesliga,9,9,0.6597919881018348,0.1890708266299724,0.1511371852681928,0.8488628147318072,0.3402080118981652,1.45,5.06,6.33,1.1780466556494686,2.939378159910387,1.0452615140081831,closing,market_average_close,0.1270781106382022,0.8729218893617975,0.8729218893617975,0.1270781106382022,market_only,development,2024,0,0.21312990125996267,-0.21312990125996298
45,2024-11-02 14:30:00,2024,27818,0,0,home_win,1,naive_bayes,4,Hoffenheim,St. Pauli,Bundesliga,9,9,0.5018949464707257,0.252933864844086,0.2451711886851882,0.7548288113148118,0.4981050535292743,1.91,3.79,3.91,1.324803697222596,2.0076086217447475,1.043166927871472,closing,market_average_close,0.4896231836391104,0.5103768163608897,0.5103768163608897,0.4896231836391104,market_only,development,2024,1,0.008481869890163973,-0.008481869890163918
45,2024-11-02 14:30:00,2024,27820,0,0,home_win,0,naive_bayes,4,Wolfsburg,Augsburg,Bundesliga,9,9,0.4607665830464967,0.2669622542442098,0.2722711627092935,0.7277288372907065,0.5392334169535034,2.08,3.59,3.52,1.374138207471541,1.854484474737639,1.043411671893566,closing,market_average_close,0.567256097931538,0.43274390206846197,0.43274390206846197,0.567256097931538,market_only,development,2024,1,-0.02802268097803473,0.02802268097803462
45,2024-11-02 14:30:00,2024,27822,1,1,home_win,0,naive_bayes,4,Holstein Kiel,FC Heidenheim,Bundesliga,9,9,0.3849823883515732,0.2786645776149469,0.3363530340334798,0.6636469659665202,0.6150176116484267,2.49,3.44,2.85,1.5068252418567498,1.625969697550137,1.043181293103872,closing,market_average_close,0.7027472791871878,0.2972527208128123,0.2972527208128123,0.7027472791871878,market_only,development,2024,0,-0.08772966753876094,0.0877296675387611
46,2024-11-02 17:30:00,2024,27816,1,1,home_win,0,naive_bayes,4,Borussia Dortmund,RasenBallsport Leipzig,,,,,,,,,,,,,,,,,0.6052343880780094,0.3947656119219905,0.3947656119219905,0.6052343880780094,market_only,development,2024,0,,
47,2024-11-03 14:30:00,2024,27819,0,0,home_win,1,naive_bayes,4,Freiburg,Mainz 05,Bundesliga,9,9,0.5362565116862132,0.2559731082448858,0.2077703800689008,0.7922296199310991,0.4637434883137866,1.79,3.75,4.62,1.2622603028740214,2.156364510121944,1.041776100993978,closing,market_average_close,0.4110246916086406,0.5889753083913596,0.5889753083913596,0.4110246916086406,market_only,development,2024,1,0.05271879670514634,-0.05271879670514601
48,2024-11-03 16:30:00,2024,27821,1,1,home_win,0,naive_bayes,4,Borussia M.Gladbach,Werder Bremen,Bundesliga,9,9,0.4250575785401395,0.2568529752675708,0.3180894461922898,0.6819105538077104,0.5749424214598606,2.26,3.74,3.02,1.4664679911699776,1.7393046028171963,1.0409833830651491,closing,market_average_close,0.6178290885033074,0.38217091149669286,0.38217091149669286,0.6178290885033074,market_only,development,2024,0,-0.042886667043446625,0.04288666704344679
49,2024-11-08 19:30:00,2024,27829,0,0,home_win,0,naive_bayes,4,Union Berlin,Freiburg,Bundesliga,10,10,0.396117420521083,0.299563799269069,0.3043187802098479,0.6956812197901521,0.603882579478917,2.42,3.2,3.15,1.4374399819239676,1.6559510639682435,1.0431834579561852,closing,market_average_close,0.6817938929065039,0.31820610709349595,0.31820610709349595,0.6817938929065039,market_only,development,2024,1,-0.07791131342758706,0.07791131342758695
50,2024-11-09 14:30:00,2024,27826,1,1,home_win,1,naive_bayes,4,Werder Bremen,Holstein Kiel,Bundesliga,10,10,0.5924139739240285,0.222670681614136,0.1849153444618355,0.8150846555381646,0.4075860260759715,1.62,4.31,5.19,1.2268664281745605,2.453469785575048,1.041980739462511,closing,market_average_close,0.2886728786697136,0.7113271213302862,0.7113271213302862,0.2886728786697136,market_only,development,2024,0,0.11891314740625769,-0.11891314740625791
50,2024-11-09 14:30:00,2024,27828,1,1,home_win,0,naive_bayes,4,Mainz 05,Borussia Dortmund,,,,,,,,,,,,,,,,,0.603503320270343,0.39649667972965685,0.39649667972965685,0.603503320270343,market_only,development,2024,0,,
50,2024-11-09 14:30:00,2024,27830,0,0,home_win,0,naive_bayes,4,Bochum,Bayer Leverkusen,Bundesliga,10,10,0.0923577431695635,0.1460573746623691,0.7615848821680674,0.2384151178319326,0.9076422568304364,10.39,6.57,1.26,4.194364892183288,1.101755666921111,1.04210418593321,closing,market_average_close,0.9999999999998224,1.7805256844182804e-13,1.7805256844182804e-13,0.9999999999998224,market_only,development,2024,1,-0.09235774316938544,0.09235774316938594
50,2024-11-09 14:30:00,2024,27831,0,0,home_win,0,naive_bayes,4,St. Pauli,Bayern Munich,Bundesliga,10,10,0.065663769207998,0.1315966522242256,0.8027395785677764,0.1972604214322237,0.934336230792002,14.67,7.32,1.2,5.069440654843111,1.0702785218468274,1.0381116810262945,closing,market_average_close,1.0,3.1736567832306796e-28,3.1736567832306796e-28,1.0,market_only,development,2024,1,-0.065663769207998,0.06566376920799799
51,2024-11-09 17:30:00,2024,27824,0,0,home_win,1,naive_bayes,4,RasenBallsport Leipzig,Borussia M.Gladbach,Bundesliga,10,10,0.5852897478092844,0.2188124515892508,0.1958978006014648,0.8041021993985353,0.4147102521907156,1.63,4.36,4.87,1.24362301302993,2.4113221091532675,1.0481935397153823,closing,market_average_close,0.20592075954461866,0.7940792404553815,0.7940792404553815,0.20592075954461866,market_only,development,2024,1,0.20878949264609703,-0.20878949264609695
52,2024-11-10 14:30:00,2024,27827,0,0,home_win,0,naive_bayes,4,Augsburg,Hoffenheim,Bundesliga,10,10,0.4537090727779728,0.2750937194142306,0.2711972078077967,0.7288027921922033,0.5462909272220273,2.11,3.48,3.53,1.3721132941766712,1.830526465239232,1.0445760901083498,closing,market_average_close,0.5463686556568831,0.4536313443431171,0.4536313443431171,0.5463686556568831,market_only,development,2024,1,-7.772843485570613e-05,7.772843485576164e-05
53,2024-11-10 16:30:00,2024,27823,0,0,home_win,1,naive_bayes,4,VfB Stuttgart,Eintracht Frankfurt,Bundesliga,10,10,0.5371620350040776,0.2445392384417539,0.2182987265541685,0.7817012734458315,0.4628379649959224,1.78,3.91,4.38,1.2792610604200272,2.160583348016427,1.0458627307954187,closing,market_average_close,0.37020667397075857,0.6297933260292414,0.6297933260292414,0.37020667397075857,market_only,development,2024,1,0.09263129102516388,-0.09263129102516382
54,2024-11-10 18:30:00,2024,27825,0,0,home_win,0,naive_bayes,4,FC Heidenheim,Wolfsburg,Bundesliga,10,10,0.329319902247124,0.2948679740120403,0.3758121237408356,0.6241878762591644,0.670680097752876,2.91,3.25,2.55,1.602081741787624,1.4910238179879132,1.0434917821212546,closing,market_average_close,0.7917790583538565,0.2082209416461436,0.2082209416461436,0.7917790583538565,market_only,development,2024,1,-0.12109896060098038,0.12109896060098058
55,2024-11-22 19:30:00,2024,27834,1,1,home_win,1,naive_bayes,4,Bayern Munich,Augsburg,Bundesliga,11,11,0.8570161907422477,0.0926503989991619,0.0503334102585903,0.9496665897414096,0.1429838092577522,1.12,10.36,19.07,1.0530011382966478,6.993798844716276,1.0418206242799846,closing,market_average_close,3.510638771854604e-08,0.9999999648936118,0.9999999648936118,3.510638771854604e-08,market_only,development,2024,0,0.1429837741513641,-0.14298377415136448
56,2024-11-23 14:30:00,2024,27832,1,1,home_win,1,naive_bayes,4,Bayer Leverkusen,FC Heidenheim,Bundesliga,11,11,0.7898938436917017,0.1379179727080749,0.0721881836002234,0.9278118163997766,0.2101061563082983,1.21,6.93,13.24,1.0778047685147385,4.759498805606887,1.0462751261982242,closing,market_average_close,0.0007615028853954121,0.9992384971146048,0.9992384971146048,0.0007615028853954121,market_only,development,2024,0,0.2093446534229031,-0.20934465342290287
56,2024-11-23 14:30:00,2024,27833,1,1,home_win,1,naive_bayes,4,VfB Stuttgart,Bochum,Bundesliga,11,11,0.7289042243464929,0.1596763434605193,0.1114194321929878,0.8885805678070123,0.2710957756535072,1.31,5.98,8.57,1.1253903542680066,3.688733244143647,1.0472689732459046,closing,market_average_close,0.019126157413039586,0.9808738425869599,0.9808738425869599,0.019126157413039586,market_only,development,2024,0,0.25196961824046693,-0.2519696182404676
56,2024-11-23 14:30:00,2024,27835,1,1,home_win,0,naive_bayes,4,Borussia Dortmund,Freiburg,,,,,,,,,,,,,,,,,0.5883799632215541,0.41162003677844566,0.41162003677844566,0.5883799632215541,market_only,development,2024,0,,
56,2024-11-23 14:30:00,2024,27837,1,1,home_win,0,naive_bayes,4,Hoffenheim,RasenBallsport Leipzig,Bundesliga,11,11,0.2926697372592164,0.2622000111883938,0.4451302515523896,0.5548697484476103,0.7073302627407836,3.27,3.65,2.15,1.8022247613926603,1.4137667404829697,1.0448992793630103,closing,market_average_close,0.8652782271306654,0.1347217728693344,0.1347217728693344,0.8652782271306654,market_only,development,2024,0,-0.157947964389882,0.1579479643898818
56,2024-11-23 14:30:00,2024,27838,1,1,home_win,0,naive_bayes,4,Wolfsburg,Union Berlin,Bundesliga,11,11,0.4457381787610158,0.2895278200411432,0.2647340011978409,0.735265998802159,0.554261821238984,2.15,3.31,3.62,1.3600520106044969,1.804201483271251,1.043474176617797,closing,market_average_close,0.5832699542292187,0.4167300457707815,0.4167300457707815,0.5832699542292187,market_only,development,2024,0,-0.029008132990234303,0.029008132990234636
57,2024-11-23 17:30:00,2024,27836,1,1,home_win,1,naive_bayes,4,Eintracht Frankfurt,Werder Bremen,Bundesliga,11,11,0.5415912445347963,0.2349550252025954,0.2234537302626082,0.7765462697373917,0.4584087554652036,1.77,4.08,4.29,1.287753272368657,2.181459206609562,1.0431700237283488,closing,market_average_close,0.3863092790857353,0.6136907209142646,0.6136907209142646,0.3863092790857353,market_only,development,2024,0,0.07209947637946823,-0.07209947637946829
58,2024-11-24 14:30:00,2024,27840,0,0,home_win,0,naive_bayes,4,Holstein Kiel,Mainz 05,Bundesliga,11,11,0.29841755288339,0.2850953407010959,0.416487106415514,0.583512893584486,0.7015824471166099,3.21,3.36,2.3,1.7137581893984517,1.4253492288894023,1.0439281360654786,closing,market_average_close,0.8533696967658106,0.14663030323418877,0.14663030323418877,0.8533696967658106,market_only,development,2024,1,-0.15178724964920123,0.15178724964920076
59,2024-11-24 16:30:00,2024,27839,1,1,home_win,1,naive_bayes,4,Borussia M.Gladbach,St. Pauli,Bundesliga,11,11,0.505315962612569,0.2587871506641188,0.2358968867233122,0.7641031132766878,0.494684037387431,1.9,3.71,4.07,1.308723891611592,2.0214923555675823,1.041557814149671,closing,market_average_close,0.4513549431120361,0.5486450568879638,0.5486450568879638,0.4513549431120361,market_only,development,2024,0,0.043329094275394886,-0.043329094275394886
60,2024-11-30 14:30:00,2024,27841,0,0,home_win,1,naive_bayes,4,RasenBallsport Leipzig,Wolfsburg,Bundesliga,12,12,0.5501312335958005,0.2435695538057742,0.2062992125984252,0.7937007874015748,0.4498687664041995,1.74,3.93,4.64,1.2599206349206349,2.2228704784130686,1.0446828112661226,closing,market_average_close,0.3531573630120521,0.6468426369879479,0.6468426369879479,0.3531573630120521,market_only,development,2024,1,0.09671140339214734,-0.0967114033921474
60,2024-11-30 14:30:00,2024,27844,0,0,home_win,0,naive_bayes,4,Werder Bremen,VfB Stuttgart,Bundesliga,12,12,0.3695719706651462,0.2719293761428206,0.3584986531920332,0.6415013468079669,0.6304280293348539,2.59,3.52,2.67,1.5588431808847776,1.5862238883240498,1.0447231303972877,closing,market_average_close,0.7038545507834668,0.2961454492165331,0.2961454492165331,0.7038545507834668,market_only,development,2024,1,-0.07342652144861311,0.07342652144861295
60,2024-11-30 14:30:00,2024,27845,1,1,home_win,0,naive_bayes,4,Freiburg,Borussia M.Gladbach,Bundesliga,12,12,0.4745750029396149,0.2583939369105181,0.2670310601498669,0.7329689398501331,0.525424997060385,2.02,3.71,3.59,1.3643142916867197,1.903221212532212,1.0431428159596623,closing,market_average_close,0.5148373747311986,0.48516262526880133,0.48516262526880133,0.5148373747311986,market_only,development,2024,0,0.010587622329186419,-0.010587622329186419
60,2024-11-30 14:30:00,2024,27846,1,1,home_win,1,naive_bayes,4,Augsburg,Bochum,Bundesliga,12,12,0.5370943996599225,0.2509259924920372,0.2119796078480403,0.7880203921519597,0.4629056003400775,1.78,3.81,4.51,1.269002693279494,2.160267664217805,1.0459944344322116,closing,market_average_close,0.3609490678986771,0.6390509321013228,0.6390509321013228,0.3609490678986771,market_only,development,2024,0,0.10195653244140035,-0.1019565324414004
60,2024-11-30 14:30:00,2024,27848,0,0,home_win,0,naive_bayes,4,Union Berlin,Bayer Leverkusen,Bundesliga,12,12,0.2070671922054347,0.2747051862209635,0.5182276215736015,0.4817723784263983,0.792932807794565,4.63,3.49,1.85,2.075669018772468,1.261140906480291,1.0430562132122283,closing,market_average_close,0.9895094875616302,0.010490512438370075,0.010490512438370075,0.9895094875616302,market_only,development,2024,1,-0.19657667976706464,0.19657667976706517
60,2024-11-30 14:30:00,2024,27849,1,1,home_win,0,naive_bayes,4,St. Pauli,Holstein Kiel,,,,,,,,,,,,,,,,,0.5703230433500859,0.4296769566499141,0.4296769566499141,0.5703230433500859,market_only,development,2024,0,,
61,2024-11-30 17:30:00,2024,27842,0,0,home_win,0,naive_bayes,4,Borussia Dortmund,Bayern Munich,,,,,,,,,,,,,,,,,0.5649372365689768,0.43506276343102324,0.43506276343102324,0.5649372365689768,market_only,development,2024,1,,
62,2024-12-01 16:30:00,2024,27843,0,0,home_win,0,naive_bayes,4,FC Heidenheim,Eintracht Frankfurt,Bundesliga,12,12,0.2470828797141501,0.2612986070401696,0.4916185132456801,0.5083814867543197,0.7529171202858498,3.86,3.65,1.94,1.96702678215987,1.3281674344452994,1.0485038777784528,closing,market_average_close,0.9232365736006444,0.07676342639935545,0.07676342639935545,0.9232365736006444,market_only,development,2024,1,-0.17031945331479464,0.1703194533147946
62,2024-12-01 16:30:00,2024,27847,1,1,home_win,0,naive_bayes,4,Mainz 05,Hoffenheim,Bundesliga,12,12,0.4671744466415307,0.2682654385476576,0.2645601148108116,0.7354398851891883,0.5328255533584693,2.05,3.57,3.62,1.3597304417923362,1.8767868652260933,1.0441600167893597,closing,market_average_close,0.5228679690014225,0.47713203099857754,0.47713203099857754,0.5228679690014225,market_only,development,2024,0,0.009957584357046856,-0.009957584357046745
63,2024-12-06 19:30:00,2024,27851,1,1,home_win,1,naive_bayes,4,VfB Stuttgart,Union Berlin,Bundesliga,13,13,0.5039744883974355,0.2743700653166554,0.2216554462859091,0.778344553714091,0.4960255116025645,1.9,3.49,4.32,1.2847780526351953,2.016025338634679,1.0443302222445638,closing,market_average_close,0.44626229384122296,0.5537377061587769,0.5537377061587769,0.44626229384122296,market_only,development,2024,0,0.049763217761341405,-0.049763217761341516
64,2024-12-07 14:30:00,2024,27850,1,1,home_win,1,naive_bayes,4,Bayer Leverkusen,St. Pauli,Bundesliga,13,13,0.746946192415116,0.1626005316822021,0.0904532759026819,0.909546724097318,0.2530538075848841,1.28,5.88,10.57,1.0994487402419624,3.951728723404255,1.0459254065864756,closing,market_average_close,0.009157260101904175,0.9908427398980961,0.9908427398980961,0.009157260101904175,market_only,development,2024,0,0.24389654748298017,-0.24389654748297993
64,2024-12-07 14:30:00,2024,27855,0,0,home_win,0,naive_bayes,4,Bochum,Werder Bremen,Bundesliga,13,13,0.269858787529158,0.2582206727031026,0.4719205397677393,0.5280794602322606,0.730141212470842,3.55,3.71,2.03,1.89365441246319,1.369598076262453,1.0438427572592357,closing,market_average_close,0.9118835518757397,0.08811644812425994,0.08811644812425994,0.9118835518757397,market_only,development,2024,1,-0.18174233940489803,0.1817423394048977
64,2024-12-07 14:30:00,2024,27856,0,0,home_win,0,naive_bayes,4,Holstein Kiel,RasenBallsport Leipzig,Bundesliga,13,13,0.1504866734738874,0.2018105494797185,0.6477027770463939,0.352297222953606,0.8495133265261124,6.37,4.75,1.48,2.838512298269493,1.177144570632303,1.043187862736735,closing,market_average_close,0.999961005681422,3.899431857807463e-05,3.899431857807463e-05,0.999961005681422,market_only,development,2024,1,-0.15044767915530932,0.15044767915530954
64,2024-12-07 14:30:00,2024,27857,1,1,home_win,1,naive_bayes,4,Bayern Munich,FC Heidenheim,Bundesliga,13,13,0.861346450090827,0.0926712799329228,0.04598226997625,0.9540177300237498,0.1386535499091728,1.12,10.41,20.98,1.04819854865287,7.212220679925363,1.0365830645299496,closing,market_average_close,3.4841705573307717e-09,0.9999999965158288,0.9999999965158288,3.4841705573307717e-09,market_only,development,2024,0,0.13865354642500183,-0.13865354642500224
64,2024-12-07 14:30:00,2024,27858,0,0,home_win,1,naive_bayes,4,Eintracht Frankfurt,Augsburg,Bundesliga,13,13,0.6190400572619044,0.2226246145605457,0.1583353281775498,0.8416646718224501,0.3809599427380955,1.55,4.31,6.06,1.1881216278624451,2.6249478956045667,1.0421963534576646,closing,market_average_close,0.19722947780141206,0.8027705221985877,0.8027705221985877,0.19722947780141206,market_only,development,2024,1,0.18373046493668332,-0.18373046493668346
65,2024-12-07 17:30:00,2024,27854,0,0,home_win,0,naive_bayes,4,Borussia M.Gladbach,Borussia Dortmund,,,,,,,,,,,,,,,,,0.5742957477617449,0.42570425223825514,0.42570425223825514,0.5742957477617449,market_only,development,2024,1,,
66,2024-12-08 14:30:00,2024,27853,1,1,home_win,0,naive_bayes,4,Wolfsburg,Mainz 05,Bundesliga,13,13,0.4519940915805022,0.2818316100443132,0.2661742983751847,0.7338257016248154,0.5480059084194979,2.12,3.4,3.6,1.362721417069243,1.824797843665768,1.0435935380441483,closing,market_average_close,0.5649274087792272,0.43507259122077285,0.43507259122077285,0.5649274087792272,market_only,development,2024,0,-0.016921500359729336,0.01692150035972928
67,2024-12-08 16:30:00,2024,27852,0,0,home_win,0,naive_bayes,4,Hoffenheim,Freiburg,Bundesliga,13,13,0.3827699537970564,0.29174539161361,0.3254846545893337,0.6745153454106665,0.6172300462029437,2.5,3.28,2.94,1.4825459595602943,1.6201414790996782,1.0450141032022564,closing,market_average_close,0.6827070993787107,0.31729290062128956,0.31729290062128956,0.6827070993787107,market_only,development,2024,1,-0.06547705317576685,0.06547705317576691
68,2024-12-13 19:30:00,2024,27862,1,1,home_win,1,naive_bayes,4,Freiburg,Wolfsburg,Bundesliga,14,14,0.4179236912156167,0.2786157941437444,0.3034605146406388,0.6965394853593612,0.5820763087843832,2.28,3.42,3.14,1.435668789808917,1.717987804878049,1.0494654896264015,closing,market_average_close,0.4790872726380731,0.5209127273619267,0.5209127273619267,0.4790872726380731,market_only,development,2024,0,0.10298903614631005,-0.10298903614631011
69,2024-12-14 14:30:00,2024,27863,0,0,home_win,0,naive_bayes,4,Augsburg,Bayer Leverkusen,Bundesliga,14,14,0.1587939698492462,0.2381909547738693,0.6030150753768844,0.3969849246231156,0.8412060301507538,6.0,4.0,1.58,2.518987341772152,1.188769414575866,1.04957805907173,closing,market_average_close,0.9997292351773651,0.0002707648226356059,0.0002707648226356059,0.9997292351773651,market_only,development,2024,1,-0.1585232050266106,0.15852320502661132
69,2024-12-14 14:30:00,2024,27864,1,1,home_win,0,naive_bayes,4,Mainz 05,Bayern Munich,Bundesliga,14,14,0.154772178814122,0.2148643114462417,0.6303635097396363,0.3696364902603637,0.845227821185878,6.15,4.43,1.51,2.705360607919478,1.1831129725438667,1.0505869159569117,closing,market_average_close,0.9997992973779627,0.00020070262203691463,0.00020070262203691463,0.9997992973779627,market_only,development,2024,0,-0.15457147619208508,0.15457147619208467
69,2024-12-14 14:30:00,2024,27865,1,1,home_win,1,naive_bayes,4,Borussia M.Gladbach,Holstein Kiel,Bundesliga,14,14,0.6705716660961417,0.1908240011736515,0.1386043327302068,0.8613956672697932,0.3294283339038583,1.42,4.99,6.87,1.1609066982766645,3.035561598935943,1.0501865612850236,closing,market_average_close,0.04158327535758719,0.9584167246424121,0.9584167246424121,0.04158327535758719,market_only,development,2024,0,0.2878450585462704,-0.28784505854627107
69,2024-12-14 14:30:00,2024,27866,0,0,home_win,1,naive_bayes,4,Union Berlin,Bochum,Bundesliga,14,14,0.5812624933095938,0.2431812472009525,0.1755562594894537,0.8244437405105463,0.4187375066904062,1.64,3.92,5.43,1.2129390410323675,2.388130950828225,1.0490202009924037,closing,market_average_close,0.18025843549555343,0.8197415645044462,0.8197415645044462,0.18025843549555343,market_only,development,2024,1,0.23847907119485245,-0.2384790711948528
70,2024-12-14 17:30:00,2024,27867,0,0,home_win,0,naive_bayes,4,St. Pauli,Werder Bremen,Bundesliga,14,14,0.334834564342761,0.2909385696270942,0.3742268660301447,0.6257731339698553,0.665165435657239,2.85,3.28,2.55,1.5980232223395066,1.5033853931569918,1.047912104508042,closing,market_average_close,0.7060935322877037,0.29390646771229634,0.29390646771229634,0.7060935322877037,market_only,development,2024,1,-0.04092809663046465,0.040928096630464705
71,2024-12-15 14:30:00,2024,27861,0,0,home_win,0,naive_bayes,4,FC Heidenheim,VfB Stuttgart,Bundesliga,14,14,0.2140063068145038,0.2386787131139203,0.547314980071576,0.4526850199284242,0.7859936931854963,4.45,3.99,1.74,2.2090415100506617,1.2722748396964525,1.0500583112177964,closing,market_average_close,0.9620995636648508,0.03790043633514948,0.03790043633514948,0.9620995636648508,market_only,development,2024,1,-0.17610587047935433,0.17610587047935455
72,2024-12-15 16:30:00,2024,27860,0,0,home_win,0,naive_bayes,4,Borussia Dortmund,Hoffenheim,,,,,,,,,,,,,,,,,0.5853642699001314,0.41463573009986876,0.41463573009986876,0.5853642699001314,market_only,development,2024,1,,
73,2024-12-15 18:30:00,2024,27859,1,1,home_win,0,naive_bayes,4,RasenBallsport Leipzig,Eintracht Frankfurt,Bundesliga,14,14,0.4227935019259756,0.2554848434098141,0.3217216546642103,0.6782783453357897,0.5772064980740244,2.26,3.74,2.97,1.4743209876543208,1.7324822283475994,1.0465578919509164,closing,market_average_close,0.5903797907581172,0.40962020924188264,0.40962020924188264,0.5903797907581172,market_only,development,2024,0,-0.013173292684092952,0.013173292684092841
74,2024-12-20 19:30:00,2024,27870,1,1,home_win,1,naive_bayes,4,Bayern Munich,RasenBallsport Leipzig,Bundesliga,15,15,0.7876035482011187,0.1321775718895081,0.0802188799093732,0.9197811200906268,0.2123964517988813,1.21,7.21,11.88,1.0872151843054456,4.708176579837135,1.0493176203679293,closing,market_average_close,0.0004109194464874121,0.9995890805535121,0.9995890805535121,0.0004109194464874121,market_only,development,2024,0,0.21198553235239348,-0.2119855323523939
75,2024-12-21 14:30:00,2024,27869,0,0,home_win,1,naive_bayes,4,VfB Stuttgart,St. Pauli,Bundesliga,15,15,0.6478183236319802,0.2065711357351433,0.1456105406328763,0.8543894593671235,0.3521816763680196,1.47,4.61,6.54,1.1704264244326414,2.8394435801226323,1.0500970473166082,closing,market_average_close,0.0685020638397639,0.9314979361602361,0.9314979361602361,0.0685020638397639,market_only,development,2024,1,0.2836796125282559,-0.2836796125282557
75,2024-12-21 14:30:00,2024,27871,0,0,home_win,0,naive_bayes,4,Eintracht Frankfurt,Mainz 05,Bundesliga,15,15,0.461905197155549,0.2641281099756868,0.2739666928687639,0.7260333071312359,0.5380948028444508,2.07,3.62,3.49,1.3773472789441086,1.858408582862812,1.045867832651664,closing,market_average_close,0.5244244040070737,0.47557559599292654,0.47557559599292654,0.5244244040070737,market_only,development,2024,1,0.013670398837377529,-0.013670398837377085
75,2024-12-21 14:30:00,2024,27872,0,0,home_win,0,naive_bayes,4,Hoffenheim,Borussia M.Gladbach,Bundesliga,15,15,0.4182978575805576,0.2627325386456394,0.318969603773803,0.681030396226197,0.5817021424194425,2.28,3.63,2.99,1.4683632412610563,1.719092860550167,1.048526745427099,closing,market_average_close,0.515521535979666,0.48447846402033434,0.48447846402033434,0.515521535979666,market_only,development,2024,1,0.06618060643977675,-0.06618060643977652
75,2024-12-21 14:30:00,2024,27873,1,1,home_win,0,naive_bayes,4,Werder Bremen,Union Berlin,Bundesliga,15,15,0.4223189840523442,0.2927732834227907,0.284907732524865,0.715092267475135,0.5776810159476558,2.26,3.26,3.35,1.3984209387843392,1.7310591353942135,1.0477338050504306,closing,market_average_close,0.5415581126225111,0.45844188737748903,0.45844188737748903,0.5415581126225111,market_only,development,2024,0,0.03612290332514484,-0.03612290332514467
75,2024-12-21 14:30:00,2024,27876,1,1,home_win,0,naive_bayes,4,Holstein Kiel,Augsburg,Bundesliga,15,15,0.2780259551463573,0.2804791253388253,0.4414949195148175,0.5585050804851827,0.7219740448536428,3.43,3.4,2.16,1.7904940079171408,1.3850913438345531,1.0486257995261594,closing,market_average_close,0.8401869123436134,0.15981308765638616,0.15981308765638616,0.8401869123436134,market_only,development,2024,0,-0.11821286748997115,0.11821286748997062
76,2024-12-21 17:30:00,2024,27868,1,1,home_win,1,naive_bayes,4,Bayer Leverkusen,Freiburg,Bundesliga,15,15,0.6847464170245621,0.192282327204877,0.1229712557705608,0.8770287442294391,0.3152535829754379,1.39,4.95,7.74,1.1402134839703617,3.17204959436706,1.0506436288601255,closing,market_average_close,0.03429371478890276,0.9657062852110977,0.9657062852110977,0.03429371478890276,market_only,development,2024,0,0.2809598681865356,-0.2809598681865351
77,2024-12-22 14:30:00,2024,27875,1,1,home_win,1,naive_bayes,4,Bochum,FC Heidenheim,Bundesliga,15,15,0.4541905257678293,0.2732951587714732,0.2725143154606976,0.7274856845393025,0.5458094742321709,2.1,3.49,3.5,1.374597495527728,1.8321411540295656,1.04843771319416,closing,market_average_close,0.44981720809623355,0.5501827919037667,0.5501827919037667,0.44981720809623355,market_only,development,2024,0,0.09599226613593742,-0.09599226613593731
78,2024-12-22 16:30:00,2024,27874,0,0,home_win,0,naive_bayes,4,Wolfsburg,Borussia Dortmund,,,,,,,,,,,,,,,,,0.5878115849103808,0.41218841508961906,0.41218841508961906,0.5878115849103808,market_only,development,2024,1,,
79,2025-01-10 19:30:00,2024,27878,0,0,home_win,0,naive_bayes,4,Borussia Dortmund,Bayer Leverkusen,,,,,,,,,,,,,,,,,0.590798249063574,0.409201750936426,0.409201750936426,0.590798249063574,market_only,development,2024,1,,
80,2025-01-11 14:30:00,2024,27879,0,0,home_win,1,naive_bayes,4,Hoffenheim,Wolfsburg,Bundesliga,16,16,0.408355148856552,0.2765893886150483,0.3150554625283994,0.6849445374716003,0.5916448511434478,2.33,3.44,3.02,1.4599722244539584,1.6902031650699587,1.0510080515893976,closing,market_average_close,0.3701845720947933,0.629815427905207,0.629815427905207,0.3701845720947933,market_only,development,2024,1,0.22146027904865495,-0.2214602790486545
80,2025-01-11 14:30:00,2024,27880,1,1,home_win,0,naive_bayes,4,FC Heidenheim,Union Berlin,Bundesliga,16,16,0.3014850262789685,0.2860938988112735,0.4124210749097579,0.5875789250902421,0.6985149737210314,3.16,3.33,2.31,1.7018990254737558,1.4316085375706975,1.0496564294032649,closing,market_average_close,0.720662488713421,0.27933751128657863,0.27933751128657863,0.720662488713421,market_only,development,2024,0,-0.022147514992389872,0.02214751499238954
80,2025-01-11 14:30:00,2024,27881,1,1,home_win,1,naive_bayes,4,Freiburg,Holstein Kiel,Bundesliga,16,16,0.6605588300574613,0.1953192433845471,0.1441219265579915,0.8558780734420084,0.3394411699425387,1.44,4.87,6.6,1.1683907217980118,2.946018599244405,1.0512984049945036,closing,market_average_close,0.03739762187305954,0.9626023781269407,0.9626023781269407,0.03739762187305954,market_only,development,2024,0,0.3020435480694794,-0.30204354806947914
80,2025-01-11 14:30:00,2024,27883,1,1,home_win,1,naive_bayes,4,Mainz 05,Bochum,Bundesliga,16,16,0.5744760899350868,0.2414253947575301,0.184098515307383,0.8159014846926169,0.4255239100649131,1.66,3.95,5.18,1.2256381668146374,2.35004420749812,1.0486243885664353,closing,market_average_close,0.21145423742245734,0.7885457625775424,0.7885457625775424,0.21145423742245734,market_only,development,2024,0,0.21406967264245558,-0.21406967264245574
80,2025-01-11 14:30:00,2024,27885,0,0,home_win,0,naive_bayes,4,St. Pauli,Eintracht Frankfurt,Bundesliga,16,16,0.2761669395910641,0.2793969622763397,0.4444360981325961,0.5555639018674039,0.7238330604089358,3.46,3.42,2.15,1.7999729583558677,1.381534023100632,1.046531280928943,closing,market_average_close,0.8795184792928299,0.12048152070717011,0.12048152070717011,0.8795184792928299,market_only,development,2024,1,-0.15568541888389398,0.1556854188838941
81,2025-01-11 17:30:00,2024,27884,0,0,home_win,0,naive_bayes,4,Borussia M.Gladbach,Bayern Munich,Bundesliga,16,16,0.1182041586130878,0.1690424073617256,0.7127534340251865,0.2872465659748135,0.8817958413869122,8.08,5.65,1.34,3.481329695296279,1.1340493491409225,1.0470221833965194,closing,market_average_close,0.9999999425108487,5.7489150744338866e-08,5.7489150744338866e-08,0.9999999425108487,market_only,development,2024,1,-0.11820410112393706,0.11820410112393642
82,2025-01-12 14:30:00,2024,27877,1,1,home_win,1,naive_bayes,4,RasenBallsport Leipzig,Werder Bremen,Bundesliga,16,16,0.5065549692650818,0.248000870369363,0.2454441603655551,0.7545558396344448,0.4934450307349182,1.88,3.84,3.88,1.3252829644582222,2.0265681843236685,1.0500635190465746,closing,market_average_close,0.25399128604310545,0.7460087139568943,0.7460087139568943,0.25399128604310545,market_only,development,2024,0,0.23945374469181246,-0.23945374469181274
83,2025-01-12 16:30:00,2024,27882,0,0,home_win,0,naive_bayes,4,Augsburg,VfB Stuttgart,Bundesliga,16,16,0.2415760354366672,0.2614315999931057,0.496992364570227,0.503007635429773,0.7584239645633328,3.95,3.65,1.92,1.98804139254386,1.3185237370179304,1.0479704930350846,closing,market_average_close,0.9296232167647585,0.0703767832352418,0.0703767832352418,0.9296232167647585,market_only,development,2024,1,-0.1711992522014254,0.17119925220142562
84,2025-01-14 17:30:00,2024,27894,1,1,home_win,0,naive_bayes,4,Holstein Kiel,Borussia Dortmund,,,,,,,,,,,,,,,,,0.5935793015770975,0.4064206984229024,0.4064206984229024,0.5935793015770975,market_only,development,2024,0,,
85,2025-01-14 19:30:00,2024,27886,1,1,home_win,1,naive_bayes,4,Bayer Leverkusen,Mainz 05,Bundesliga,17,17,0.7031601672675933,0.1864128318682119,0.1104270008641948,0.8895729991358052,0.2968398327324066,1.36,5.13,8.66,1.1241348388175805,3.368820116879239,1.045699332634746,closing,market_average_close,0.03901527786387095,0.9609847221361295,0.9609847221361295,0.03901527786387095,market_only,development,2024,0,0.25782455486853617,-0.25782455486853567
85,2025-01-14 19:30:00,2024,27889,1,1,home_win,1,naive_bayes,4,Eintracht Frankfurt,Freiburg,Bundesliga,17,17,0.561794936074204,0.2301328653797943,0.2080721985460015,0.7919278014539984,0.4382050639257959,1.7,4.15,4.59,1.262741373852485,2.2820366132723118,1.0470640732866106,closing,market_average_close,0.27621766724498625,0.7237823327550137,0.7237823327550137,0.27621766724498625,market_only,development,2024,0,0.16198739668080964,-0.16198739668080964
85,2025-01-14 19:30:00,2024,27891,1,1,home_win,1,naive_bayes,4,Wolfsburg,Borussia M.Gladbach,Bundesliga,17,17,0.5024804377844831,0.2545900884774714,0.2429294737380453,0.7570705262619546,0.4975195622155167,1.9,3.75,3.93,1.3208809025197596,2.0099712171052637,1.0474353823490024,closing,market_average_close,0.3806163872803076,0.6193836127196927,0.6193836127196927,0.3806163872803076,market_only,development,2024,0,0.11690317493520952,-0.11690317493520908
86,2025-01-15 17:30:00,2024,27893,1,1,home_win,0,naive_bayes,4,Bochum,St. Pauli,Bundesliga,17,17,0.3726725291147275,0.2972092444030225,0.3301182264822499,0.66988177351775,0.6273274708852725,2.56,3.21,2.89,1.492800729222263,1.594063780737705,1.0481722409964536,closing,market_average_close,0.5909104350502609,0.4090895649497394,0.4090895649497394,0.5909104350502609,market_only,development,2024,0,0.036417035835011935,-0.03641703583501166
87,2025-01-15 19:30:00,2024,27887,1,1,home_win,1,naive_bayes,4,VfB Stuttgart,RasenBallsport Leipzig,Bundesliga,17,17,0.4786921854645919,0.2506835392301416,0.2706242753052665,0.7293757246947334,0.5213078145354081,1.99,3.8,3.52,1.3710354843774537,1.9182524645083336,1.0497613666418215,closing,market_average_close,0.2846224046059546,0.7153775953940451,0.7153775953940451,0.2846224046059546,market_only,development,2024,0,0.2366854099294532,-0.23668540992945347
87,2025-01-15 19:30:00,2024,27888,1,1,home_win,1,naive_bayes,4,Bayern Munich,Hoffenheim,Bundesliga,17,17,0.8622956152352159,0.0913309287128902,0.0463734560518938,0.9536265439481062,0.1377043847647841,1.11,10.48,20.64,1.0486285290045547,7.261932884040853,1.0447703606322458,closing,market_average_close,1.3857605559148184e-09,0.9999999986142392,0.9999999986142392,1.3857605559148184e-09,market_only,development,2024,0,0.13770438337902324,-0.13770438337902355
87,2025-01-15 19:30:00,2024,27890,0,0,home_win,1,naive_bayes,4,Werder Bremen,FC Heidenheim,Bundesliga,17,17,0.5470513034294926,0.2385637263075982,0.2143849702629092,0.7856150297370909,0.4529486965705075,1.74,3.99,4.44,1.2728880713173905,2.207755552828568,1.050564435319426,closing,market_average_close,0.1490755405945578,0.8509244594054421,0.8509244594054421,0.1490755405945578,market_only,development,2024,1,0.30387315597594955,-0.3038731559759497
87,2025-01-15 19:30:00,2024,27892,0,0,home_win,1,naive_bayes,4,Union Berlin,Augsburg,Bundesliga,17,17,0.4457123980840553,0.290800162164597,0.2634874397513476,0.7365125602486523,0.5542876019159446,2.14,3.28,3.62,1.3577500968379852,1.804117567384532,1.048410862329308,closing,market_average_close,0.41982573015202473,0.5801742698479758,0.5801742698479758,0.41982573015202473,market_only,development,2024,1,0.13446187176392055,-0.13446187176391988
88,2025-01-17 19:30:00,2024,27898,1,1,home_win,0,naive_bayes,4,Eintracht Frankfurt,Borussia Dortmund,,,,,,,,,,,,,,,,,0.5852513738198041,0.4147486261801958,0.4147486261801958,0.5852513738198041,market_only,development,2024,0,,
89,2025-01-18 14:30:00,2024,27896,1,1,home_win,1,naive_bayes,4,VfB Stuttgart,Freiburg,Bundesliga,18,18,0.6033223757205448,0.2201499661982588,0.1765276580811964,0.8234723419188037,0.3966776242794553,1.58,4.33,5.4,1.2143698690229991,2.5209387643592174,1.0490434598073384,closing,market_average_close,0.1385134082795473,0.8614865917204525,0.8614865917204525,0.1385134082795473,market_only,development,2024,0,0.2581642159999077,-0.258164215999908
89,2025-01-18 14:30:00,2024,27897,1,1,home_win,1,naive_bayes,4,Bayern Munich,Wolfsburg,Bundesliga,18,18,0.834430378643991,0.1118409015665022,0.0537287197895067,0.9462712802104932,0.1655696213560089,1.15,8.58,17.86,1.0567794045039125,6.039755311451688,1.0421063753747917,closing,market_average_close,1.4069824088891948e-06,0.9999985930175906,0.9999985930175906,1.4069824088891948e-06,market_only,development,2024,0,0.1655682143735996,-0.1655682143736
89,2025-01-18 14:30:00,2024,27899,0,0,home_win,0,naive_bayes,4,FC Heidenheim,St. Pauli,Bundesliga,18,18,0.3996367653244542,0.2809211379780723,0.3194420966974735,0.6805579033025265,0.6003632346755458,2.39,3.4,2.99,1.4693826860981625,1.665658291917942,1.0469758494349448,closing,market_average_close,0.5945362012702606,0.4054637987297395,0.4054637987297395,0.5945362012702606,market_only,development,2024,1,0.005827033405285287,-0.00582703340528512
89,2025-01-18 14:30:00,2024,27902,0,0,home_win,0,naive_bayes,4,Bochum,RasenBallsport Leipzig,Bundesliga,18,18,0.2865013774104683,0.2718089990817264,0.4416896235078053,0.5583103764921947,0.7134986225895317,3.33,3.51,2.16,1.7911184210526314,1.4015444015444016,1.048163548163548,closing,market_average_close,0.8221681219376555,0.17783187806234416,0.17783187806234416,0.8221681219376555,market_only,development,2024,1,-0.10866949934812417,0.10866949934812387
89,2025-01-18 14:30:00,2024,27903,0,0,home_win,0,naive_bayes,4,Holstein Kiel,Hoffenheim,Bundesliga,18,18,0.3324342575516442,0.2765467591806431,0.3910189832677126,0.6089810167322873,0.6675657424483559,2.87,3.45,2.44,1.6420873106453622,1.4979798039552066,1.0481231937866675,closing,market_average_close,0.7010559032309583,0.29894409676904204,0.29894409676904204,0.7010559032309583,market_only,development,2024,1,-0.03349016078260214,0.033490160782602474
90,2025-01-18 17:30:00,2024,27895,1,1,home_win,1,naive_bayes,4,Bayer Leverkusen,Borussia M.Gladbach,Bundesliga,18,18,0.7572429321132784,0.1526601751140369,0.0900968927726846,0.9099031072273154,0.2427570678867216,1.26,6.25,10.59,1.0990181174864109,4.119344531161633,1.048079499977517,closing,market_average_close,0.0028364880917133945,0.9971635119082868,0.9971635119082868,0.0028364880917133945,market_only,development,2024,0,0.23992057979500836,-0.23992057979500822
91,2025-01-19 14:30:00,2024,27901,1,1,home_win,0,naive_bayes,4,Union Berlin,Mainz 05,Bundesliga,18,18,0.3431373340980508,0.3009216999345682,0.355940965967381,0.644059034032619,0.6568626659019492,2.78,3.17,2.68,1.5526527028721937,1.5223882432515528,1.0483039718232476,closing,market_average_close,0.6853630121658286,0.31463698783417127,0.31463698783417127,0.6853630121658286,market_only,development,2024,0,-0.02850034626387954,0.028500346263879428
92,2025-01-19 16:30:00,2024,27900,0,0,home_win,1,naive_bayes,4,Werder Bremen,Augsburg,Bundesliga,18,18,0.4982120103580089,0.2571416827654239,0.244646306876567,0.7553536931234328,0.501787989641991,1.92,3.72,3.91,1.3238831147630192,1.992873525557012,1.0454050133377335,closing,market_average_close,0.45312217404224714,0.5468778259577528,0.5468778259577528,0.45312217404224714,market_only,development,2024,1,0.04866581559974392,-0.04866581559974387
93,2025-01-24 19:30:00,2024,27910,0,0,home_win,1,naive_bayes,4,Wolfsburg,Holstein Kiel,Bundesliga,19,19,0.6535612077286506,0.1959341608385687,0.1505046314327807,0.8494953685672193,0.3464387922713494,1.46,4.87,6.34,1.1771694549513856,2.8865127760194547,1.0479990225088285,closing,market_average_close,0.0824142947810178,0.9175857052189818,0.9175857052189818,0.0824142947810178,market_only,development,2024,1,0.2640244974903312,-0.2640244974903316
94,2025-01-25 14:30:00,2024,27904,0,0,home_win,0,naive_bayes,4,RasenBallsport Leipzig,Bayer Leverkusen,Bundesliga,19,19,0.268218374560898,0.2704978508319537,0.4612837746071482,0.5387162253928517,0.7317816254391021,3.56,3.53,2.07,1.8562648623971985,1.3665278892455857,1.047276782824278,closing,market_average_close,0.8947982369024204,0.1052017630975799,0.1052017630975799,0.8947982369024204,market_only,development,2024,1,-0.16301661146331808,0.16301661146331836
94,2025-01-25 14:30:00,2024,27905,0,0,home_win,0,naive_bayes,4,Borussia Dortmund,Werder Bremen,,,,,,,,,,,,,,,,,0.5890247475154554,0.4109752524845445,0.4109752524845445,0.5890247475154554,market_only,development,2024,1,,
94,2025-01-25 14:30:00,2024,27909,1,1,home_win,0,naive_bayes,4,Mainz 05,VfB Stuttgart,Bundesliga,19,19,0.2948073894400441,0.2768625918219545,0.4283300187380014,0.5716699812619986,0.705192610559956,3.24,3.45,2.23,1.7492609945906814,1.4180522952529993,1.0469275410459526,closing,market_average_close,0.8405701645007031,0.15942983549929657,0.15942983549929657,0.8405701645007031,market_only,development,2024,0,-0.13537755394074752,0.13537755394074713
94,2025-01-25 14:30:00,2024,27911,1,1,home_win,1,naive_bayes,4,Augsburg,FC Heidenheim,Bundesliga,19,19,0.4843786927980076,0.2703189871988881,0.2453023200031041,0.7546976799968959,0.5156213072019923,1.97,3.53,3.89,1.3250338864220612,1.9394078290256815,1.0479697409184994,closing,market_average_close,0.40679171929942626,0.5932082807005737,0.5932082807005737,0.40679171929942626,market_only,development,2024,0,0.10882958790256614,-0.10882958790256603
94,2025-01-25 14:30:00,2024,27912,0,0,home_win,0,naive_bayes,4,Freiburg,Bayern Munich,Bundesliga,19,19,0.0817514462754495,0.1426067829647976,0.7756417707597529,0.2243582292402471,0.9182485537245504,11.67,6.69,1.23,4.457157659811893,1.089029757731557,1.048174764085935,closing,market_average_close,1.0,1.1987842310552226e-18,1.1987842310552226e-18,1.0,market_only,development,2024,1,-0.0817514462754495,0.08175144627544961
95,2025-01-25 17:30:00,2024,27908,1,1,home_win,1,naive_bayes,4,Borussia M.Gladbach,Bochum,Bundesliga,19,19,0.5477006179003678,0.240050144873209,0.2122492372264231,0.7877507627735769,0.4522993820996323,1.74,3.97,4.49,1.2694370443757093,2.210924974864813,1.049318961664394,closing,market_average_close,0.23120945327740136,0.7687905467225989,0.7687905467225989,0.23120945327740136,market_only,development,2024,0,0.2210899288222311,-0.2210899288222309
96,2025-01-26 14:30:00,2024,27906,0,0,home_win,0,naive_bayes,4,Hoffenheim,Eintracht Frankfurt,Bundesliga,19,19,0.2904985112467202,0.2514076825565284,0.4580938061967512,0.5419061938032487,0.7095014887532796,3.28,3.79,2.08,1.8453378304863453,1.4094403124610464,1.049499522293782,closing,market_average_close,0.7726771476165596,0.22732285238344055,0.22732285238344055,0.7726771476165596,market_only,development,2024,1,-0.06317565886327967,0.06317565886328003
97,2025-01-26 16:30:00,2024,27907,1,1,home_win,0,naive_bayes,4,St. Pauli,Union Berlin,Bundesliga,19,19,0.4015865146256817,0.3034209221616261,0.294992563212692,0.7050074367873078,0.5984134853743182,2.38,3.15,3.24,1.418424753867792,1.6710853355426682,1.0462703599958505,closing,market_average_close,0.6208585830526476,0.37914141694735237,0.37914141694735237,0.6208585830526476,market_only,development,2024,0,-0.022445097678329307,0.022445097678329473
98,2025-01-31 19:30:00,2024,27921,1,1,home_win,0,naive_bayes,4,Werder Bremen,Mainz 05,Bundesliga,20,20,0.4048688419956222,0.2818555950176012,0.3132755629867765,0.6867244370132235,0.5951311580043778,2.36,3.39,3.05,1.4561881682109763,1.6803018738814612,1.0465829167558016,closing,market_average_close,0.601894958371784,0.3981050416282164,0.3981050416282164,0.601894958371784,market_only,development,2024,0,-0.006763800367405759,0.006763800367406203
99,2025-02-01 14:30:00,2024,27914,0,0,home_win,0,naive_bayes,4,Bochum,Freiburg,Bundesliga,20,20,0.3429610131133332,0.2889186716530504,0.3681203152336163,0.6318796847663837,0.6570389868866667,2.78,3.3,2.59,1.5825797602113392,1.521979699771592,1.0488429193465163,closing,market_average_close,0.6533303868764151,0.34666961312358474,0.34666961312358474,0.6533303868764151,market_only,development,2024,1,0.003708600010251528,-0.003708600010251639
99,2025-02-01 14:30:00,2024,27915,0,0,home_win,0,naive_bayes,4,St. Pauli,Augsburg,Bundesliga,20,20,0.4486216284570867,0.2931178124581579,0.2582605590847553,0.7417394409152447,0.5513783715429132,2.13,3.26,3.7,1.348182319610891,1.813636608925584,1.0465023046030564,closing,market_average_close,0.5144708927717532,0.485529107228247,0.485529107228247,0.5144708927717532,market_only,development,2024,1,0.036907478771160296,-0.036907478771160074
99,2025-02-01 14:30:00,2024,27917,0,0,home_win,1,naive_bayes,4,VfB Stuttgart,Borussia M.Gladbach,Bundesliga,20,20,0.5755401387512389,0.2237462834489593,0.2007135777998017,0.7992864222001983,0.4244598612487611,1.66,4.27,4.76,1.2511159607181823,2.355935369384515,1.0466857096383884,closing,market_average_close,0.25296003532638694,0.7470399646736136,0.7470399646736136,0.25296003532638694,market_only,development,2024,1,0.17149982592237467,-0.17149982592237417
99,2025-02-01 14:30:00,2024,27918,1,1,home_win,1,naive_bayes,4,Bayern Munich,Holstein Kiel,Bundesliga,20,20,0.924822886041101,0.0531977766306828,0.0219793373282162,0.9780206626717838,0.0751771139588991,1.04,18.08,43.76,1.0224732852455003,13.301920589113342,1.0397001156129788,closing,market_average_close,1.919369543848996e-36,1.0,1.0,1.919369543848996e-36,market_only,development,2024,0,0.07517711395889903,-0.0751771139588991
99,2025-02-01 14:30:00,2024,27920,0,0,home_win,0,naive_bayes,4,FC Heidenheim,Borussia Dortmund,,,,,,,,,,,,,,,,,0.573957203526764,0.4260427964732359,0.4260427964732359,0.573957203526764,market_only,development,2024,1,,
100,2025-02-01 17:30:00,2024,27913,0,0,home_win,0,naive_bayes,4,Union Berlin,RasenBallsport Leipzig,Bundesliga,20,20,0.3132212279558395,0.2785203338965919,0.4082584381475685,0.5917415618524314,0.6867787720441605,3.05,3.43,2.34,1.6899269283528544,1.4560729607637015,1.046764469313817,closing,market_average_close,0.8139510956066665,0.1860489043933339,0.1860489043933339,0.8139510956066665,market_only,development,2024,1,-0.1271723235625056,0.12717232356250596
101,2025-02-02 14:30:00,2024,27919,0,0,home_win,0,naive_bayes,4,Eintracht Frankfurt,Wolfsburg,Bundesliga,20,20,0.4638862932897272,0.2669289844069379,0.2691847223033347,0.7308152776966652,0.5361137067102726,2.06,3.58,3.55,1.3683348316851465,1.865275943299882,1.0464566429875015,closing,market_average_close,0.5287117552671735,0.4712882447328264,0.4712882447328264,0.5287117552671735,market_only,development,2024,1,0.007401951443099186,-0.007401951443099075
102,2025-02-02 16:30:00,2024,27916,1,1,home_win,1,naive_bayes,4,Bayer Leverkusen,Hoffenheim,Bundesliga,20,20,0.8388984202227358,0.1025020577764114,0.0585995220008528,0.9414004779991472,0.1611015797772643,1.14,9.33,16.32,1.0622471768076858,6.20726377346876,1.0456486283801047,closing,market_average_close,1.652735471035408e-07,0.9999998347264535,0.9999998347264535,1.652735471035408e-07,market_only,development,2024,0,0.16110141450371773,-0.1611014145037172
103,2025-02-07 19:30:00,2024,27922,1,1,home_win,1,naive_bayes,4,Bayern Munich,Werder Bremen,Bundesliga,21,21,0.8724196216643889,0.0803064086887722,0.0472739696468388,0.9527260303531612,0.127580378335611,1.1,11.95,20.3,1.0496196893343148,7.838195912614516,1.0420340012029523,closing,market_average_close,1.817030618701692e-12,0.9999999999981828,0.9999999999981828,1.817030618701692e-12,market_only,development,2024,0,0.12758037833379388,-0.127580378333794
104,2025-02-08 14:30:00,2024,27924,0,0,home_win,0,naive_bayes,4,Borussia Dortmund,VfB Stuttgart,,,,,,,,,,,,,,,,,0.6161092091725634,0.38389079082743666,0.38389079082743666,0.6161092091725634,market_only,development,2024,1,,
104,2025-02-08 14:30:00,2024,27925,0,0,home_win,0,naive_bayes,4,Hoffenheim,Union Berlin,Bundesliga,21,21,0.4096935700709285,0.2739094154188493,0.316397014510222,0.6836029854897778,0.5903064299290713,2.34,3.5,3.03,1.462837379628374,1.6940354183845765,1.0430977163650432,closing,market_average_close,0.6809469020333931,0.3190530979666068,0.3190530979666068,0.6809469020333931,market_only,development,2024,1,-0.09064047210432169,0.0906404721043218
104,2025-02-08 14:30:00,2024,27926,1,1,home_win,1,naive_bayes,4,Freiburg,FC Heidenheim,Bundesliga,21,21,0.5621529692692829,0.2508294088603099,0.1870176218704072,0.8129823781295928,0.4378470307307172,1.7,3.81,5.11,1.2300389613618363,2.283902664204695,1.0463972019613583,closing,market_average_close,0.3319739970498963,0.6680260029501036,0.6680260029501036,0.3319739970498963,market_only,development,2024,0,0.10587303368082068,-0.1058730336808209
104,2025-02-08 14:30:00,2024,27927,0,0,home_win,0,naive_bayes,4,Wolfsburg,Bayer Leverkusen,Bundesliga,21,21,0.2643151183700159,0.2864732720058257,0.4492116096241585,0.5507883903758416,0.7356848816299841,3.62,3.34,2.13,1.8155792995521016,1.3592776268344662,1.0451278596025595,closing,market_average_close,0.9308611633595096,0.06913883664049005,0.06913883664049005,0.9308611633595096,market_only,development,2024,1,-0.1951762817295259,0.1951762817295255
104,2025-02-08 14:30:00,2024,27928,0,0,home_win,1,naive_bayes,4,Mainz 05,Augsburg,Bundesliga,21,21,0.529021174139585,0.2689686306720924,0.2020101951883225,0.7979898048116775,0.4709788258604149,1.81,3.56,4.74,1.2531488422160937,2.1232377021899755,1.0443555283848194,closing,market_average_close,0.44188278559021626,0.5581172144097835,0.5581172144097835,0.44188278559021626,market_only,development,2024,1,0.02909604027019841,-0.02909604027019863
105,2025-02-08 17:30:00,2024,27929,0,0,home_win,0,naive_bayes,4,Borussia M.Gladbach,Eintracht Frankfurt,Bundesliga,21,21,0.3706922878150767,0.2656628062674717,0.3636449059174517,0.6363550940825484,0.6293077121849234,2.58,3.6,2.63,1.5714496659160542,1.5890477434767998,1.045602813884713,closing,market_average_close,0.7359881375844838,0.26401186241551616,0.26401186241551616,0.7359881375844838,market_only,development,2024,1,-0.10668042539956052,0.10668042539956035
106,2025-02-09 13:30:00,2024,27930,0,0,home_win,0,naive_bayes,4,Holstein Kiel,Bochum,Bundesliga,21,21,0.4164321631222033,0.2705632698251603,0.3130045670526364,0.6869954329473636,0.5835678368777968,2.3,3.54,3.06,1.455613752350255,1.713596837944664,1.0440658700227818,closing,market_average_close,0.6744643126573194,0.3255356873426807,0.3255356873426807,0.6744643126573194,market_only,development,2024,1,-0.09089647577952265,0.09089647577952265
107,2025-02-09 16:30:00,2024,27923,1,1,home_win,1,naive_bayes,4,RasenBallsport Leipzig,St. Pauli,Bundesliga,21,21,0.573292533453751,0.239349632716941,0.187357833829308,0.812642166170692,0.426707466546249,1.67,4.0,5.11,1.2305539161377388,2.343525900997128,1.0444971114522423,closing,market_average_close,0.3409825158761831,0.6590174841238169,0.6590174841238169,0.3409825158761831,market_only,development,2024,0,0.08572495067006591,-0.08572495067006591
108,2025-02-14 19:30:00,2024,27936,0,0,home_win,0,naive_bayes,4,Augsburg,RasenBallsport Leipzig,Bundesliga,22,22,0.3128419369503535,0.2866156667868508,0.4005423962627956,0.5994576037372044,0.6871580630496464,3.06,3.34,2.39,1.6681746861924684,1.4552692513887464,1.0446086250667097,closing,market_average_close,0.8544977190833278,0.1455022809166721,0.1455022809166721,0.8544977190833278,market_only,development,2024,1,-0.1673396560336814,0.1673396560336814
109,2025-02-15 14:30:00,2024,27932,0,0,home_win,1,naive_bayes,4,VfB Stuttgart,Wolfsburg,Bundesliga,22,22,0.6070447265753479,0.2126675538778381,0.1802877195468138,0.819712280453186,0.392955273424652,1.58,4.51,5.32,1.219940244700421,2.5448188830369447,1.0426108072392664,closing,market_average_close,0.25279864213815156,0.7472013578618485,0.7472013578618485,0.25279864213815156,market_only,development,2024,1,0.14015663128650058,-0.1401566312865004
109,2025-02-15 14:30:00,2024,27937,0,0,home_win,0,naive_bayes,4,Union Berlin,Borussia M.Gladbach,Bundesliga,22,22,0.4464580512325871,0.2703900873662147,0.2831518614011983,0.7168481385988018,0.553541948767413,2.15,3.55,3.39,1.394995601097138,1.8065478185108237,1.041791670652301,closing,market_average_close,0.6197585267377669,0.3802414732622329,0.3802414732622329,0.6197585267377669,market_only,development,2024,1,-0.06621657797035418,0.06621657797035385
109,2025-02-15 14:30:00,2024,27938,1,1,home_win,0,naive_bayes,4,Bochum,Borussia Dortmund,,,,,,,,,,,,,,,,,0.6270856403805743,0.37291435961942565,0.37291435961942565,0.6270856403805743,market_only,development,2024,0,,
109,2025-02-15 14:30:00,2024,27939,0,0,home_win,0,naive_bayes,4,St. Pauli,Freiburg,Bundesliga,22,22,0.3838564454747569,0.308566274497393,0.30757728002785,0.69242271997215,0.616143554525243,2.5,3.11,3.12,1.4442044883221352,1.6229983948635636,1.0420562288729491,closing,market_average_close,0.733516695991266,0.2664833040087342,0.2664833040087342,0.733516695991266,market_only,development,2024,1,-0.11737314146602268,0.11737314146602296
110,2025-02-15 17:30:00,2024,27931,0,0,home_win,0,naive_bayes,4,Bayer Leverkusen,Bayern Munich,Bundesliga,22,22,0.3141751053792688,0.2745656365062377,0.4112592581144935,0.5887407418855065,0.6858248946207313,3.05,3.49,2.33,1.6985405100339936,1.45809813531632,1.043586353104638,closing,market_average_close,0.8586498264326705,0.14135017356732932,0.14135017356732932,0.8586498264326705,market_only,development,2024,1,-0.17282493181193948,0.17282493181193925
111,2025-02-16 14:30:00,2024,27935,0,0,home_win,1,naive_bayes,4,Werder Bremen,Hoffenheim,Bundesliga,22,22,0.5083910043324672,0.2508596031876741,0.2407493924798585,0.7592506075201413,0.4916089956675326,1.88,3.81,3.97,1.317088178916567,2.03413690313406,1.0462712539838144,closing,market_average_close,0.467293418007136,0.5327065819928638,0.5327065819928638,0.467293418007136,market_only,development,2024,1,0.024315577660396603,-0.024315577660396603
112,2025-02-16 16:30:00,2024,27933,1,1,home_win,1,naive_bayes,4,Eintracht Frankfurt,Holstein Kiel,Bundesliga,22,22,0.7167731466789612,0.1696954092844184,0.1135314440366203,0.8864685559633796,0.2832268533210387,1.34,5.66,8.46,1.1280715974332995,3.530738657984864,1.041150411638771,closing,market_average_close,0.02301446463907407,0.976985535360926,0.976985535360926,0.02301446463907407,market_only,development,2024,0,0.26021238868196483,-0.2602123886819646
113,2025-02-16 18:30:00,2024,27934,0,0,home_win,0,naive_bayes,4,FC Heidenheim,Mainz 05,Bundesliga,22,22,0.2576224324294904,0.2794039208856281,0.4629736466848814,0.5370263533151185,0.7423775675705095,3.72,3.43,2.07,1.8621060099320967,1.347023460410557,1.043454181245062,closing,market_average_close,0.9495581585395848,0.05044184146041478,0.05044184146041478,0.9495581585395848,market_only,development,2024,1,-0.20718059096907562,0.20718059096907526
114,2025-02-21 19:30:00,2024,27944,1,1,home_win,0,naive_bayes,4,Freiburg,Werder Bremen,Bundesliga,23,23,0.4815652265505679,0.274588768147745,0.2438460053016871,0.7561539946983129,0.5184347734494321,1.99,3.49,3.93,1.3224819375568806,1.928882959270747,1.04349844031212,closing,market_average_close,0.566230982334921,0.4337690176650791,0.4337690176650791,0.566230982334921,market_only,development,2024,0,-0.0477962088854888,0.047796208885488856
115,2025-02-22 14:30:00,2024,27945,0,0,home_win,1,naive_bayes,4,Wolfsburg,Bochum,Bundesliga,23,23,0.5884756954993856,0.2230733450381392,0.1884509594624751,0.8115490405375247,0.4115243045006144,1.63,4.3,5.09,1.2322114253719725,2.429990134394376,1.0425187262741895,closing,market_average_close,0.3052199910360566,0.6947800089639433,0.6947800089639433,0.3052199910360566,market_only,development,2024,1,0.10630431346455771,-0.10630431346455776
115,2025-02-22 14:30:00,2024,27946,1,1,home_win,1,naive_bayes,4,Mainz 05,St. Pauli,Bundesliga,23,23,0.5452588513730481,0.2658325701984944,0.1889085784284575,0.8110914215715425,0.4547411486269519,1.76,3.61,5.08,1.2329066408598366,2.1990532482477247,1.0420405221319131,closing,market_average_close,0.41582951888206543,0.5841704811179343,0.5841704811179343,0.41582951888206543,market_only,development,2024,0,0.03891162974488627,-0.03891162974488649
115,2025-02-22 14:30:00,2024,27947,0,0,home_win,0,naive_bayes,4,Borussia M.Gladbach,Augsburg,Bundesliga,23,23,0.4940982706560527,0.2662640680757617,0.2396376612681855,0.7603623387318145,0.5059017293439473,1.94,3.6,4.0,1.3151624548736462,1.9766684753119916,1.043241695303551,closing,market_average_close,0.5376174641388279,0.46238253586117223,0.46238253586117223,0.5376174641388279,market_only,development,2024,1,-0.03171573479488049,0.03171573479488066
115,2025-02-22 14:30:00,2024,27948,0,0,home_win,0,naive_bayes,4,Holstein Kiel,Bayer Leverkusen,Bundesliga,23,23,0.0659600270896004,0.137022978911061,0.7970169939993386,0.2029830060006615,0.9340399729103996,14.5,6.98,1.2,4.926520794537554,1.0706179917376275,1.0455653262194118,closing,market_average_close,1.0,2.4186312594777642e-31,2.4186312594777642e-31,1.0,market_only,development,2024,1,-0.0659600270896004,0.06596002708960036
116,2025-02-22 17:30:00,2024,27942,1,1,home_win,0,naive_bayes,4,Borussia Dortmund,Union Berlin,,,,,,,,,,,,,,,,,0.6230018335054686,0.3769981664945314,0.3769981664945314,0.6230018335054686,market_only,development,2024,0,,
117,2025-02-23 14:30:00,2024,27941,0,0,home_win,1,naive_bayes,4,RasenBallsport Leipzig,FC Heidenheim,Bundesliga,23,23,0.7299035325957348,0.1692342703894535,0.1008621970148114,0.8991378029851884,0.270096467404265,1.31,5.65,9.48,1.1121765725786896,3.702380892317473,1.0458351611359429,closing,market_average_close,0.012117276751619863,0.98788272324838,0.98788272324838,0.012117276751619863,market_only,development,2024,1,0.2579791906526452,-0.25797919065264513
118,2025-02-23 16:30:00,2024,27940,1,1,home_win,1,naive_bayes,4,Bayern Munich,Eintracht Frankfurt,Bundesliga,23,23,0.7620923593275144,0.1436825715172538,0.0942250691552317,0.9057749308447682,0.2379076406724856,1.25,6.63,10.11,1.1040270225489162,4.203311827956989,1.0497415309424387,closing,market_average_close,0.001315409822870948,0.9986845901771287,0.9986845901771287,0.001315409822870948,market_only,development,2024,0,0.23659223084961434,-0.23659223084961464
119,2025-02-23 18:30:00,2024,27943,0,0,home_win,0,naive_bayes,4,Hoffenheim,VfB Stuttgart,Bundesliga,23,23,0.2805220410175085,0.2491910078649036,0.4702869511175878,0.5297130488824121,0.7194779589824915,3.42,3.85,2.04,1.8878145481025976,1.3898966431358533,1.0423339989903455,closing,market_average_close,0.9146461755402864,0.08535382445971387,0.08535382445971387,0.9146461755402864,market_only,development,2024,1,-0.19516821655779462,0.19516821655779493
120,2025-02-28 19:30:00,2024,27949,0,0,home_win,0,naive_bayes,4,VfB Stuttgart,Bayern Munich,Bundesliga,24,24,0.2152508377271471,0.233014256374533,0.5517349058983196,0.4482650941016802,0.7847491622728527,4.46,4.12,1.74,2.230822817029713,1.2742925358514825,1.041646336916874,closing,market_average_close,0.9892212934856766,0.010778706514322991,0.010778706514322991,0.9892212934856766,market_only,development,2024,1,-0.2044721312128241,0.20447213121282382
121,2025-03-01 14:30:00,2024,27950,0,0,home_win,0,naive_bayes,4,RasenBallsport Leipzig,Mainz 05,Bundesliga,24,24,0.4962874810087077,0.2574824834265606,0.2462300355647315,0.7537699644352683,0.5037125189912922,1.93,3.72,3.89,1.3266646950428829,1.985259373744664,1.044021328067342,closing,market_average_close,0.5218204723754675,0.4781795276245326,0.4781795276245326,0.5218204723754675,market_only,development,2024,1,-0.01810795338417509,0.018107953384175257
121,2025-03-01 14:30:00,2024,27952,0,0,home_win,0,naive_bayes,4,FC Heidenheim,Borussia M.Gladbach,Bundesliga,24,24,0.3535565762399933,0.2793406185453008,0.3671028052147057,0.6328971947852942,0.6464434237600065,2.71,3.43,2.61,1.580035443733074,1.546925783827375,1.043690641993381,closing,market_average_close,0.7873294950365709,0.2126705049634292,0.2126705049634292,0.7873294950365709,market_only,development,2024,1,-0.1408860712765641,0.14088607127656438
121,2025-03-01 14:30:00,2024,27953,0,0,home_win,0,naive_bayes,4,Werder Bremen,Wolfsburg,Bundesliga,24,24,0.3154369674543642,0.2747645791006496,0.409798453444986,0.5902015465550139,0.6845630325456357,3.04,3.49,2.34,1.6943364615646397,1.4607858625981764,1.0428307470608784,closing,market_average_close,0.856902977328533,0.14309702267146693,0.14309702267146693,0.856902977328533,market_only,development,2024,1,-0.1723399447828973,0.17233994478289738
121,2025-03-01 14:30:00,2024,27956,0,0,home_win,0,naive_bayes,4,St. Pauli,Borussia Dortmund,,,,,,,,,,,,,,,,,0.6230036201181595,0.3769963798818406,0.3769963798818406,0.6230036201181595,market_only,development,2024,1,,
121,2025-03-01 14:30:00,2024,27957,0,0,home_win,0,naive_bayes,4,Bochum,Hoffenheim,Bundesliga,24,24,0.3915729218322315,0.2764707949535929,0.3319562832141755,0.6680437167858244,0.6084270781677684,2.45,3.47,2.89,1.496908023940896,1.6435823385958157,1.042368464592143,closing,market_average_close,0.7191349832015537,0.28086501679844633,0.28086501679844633,0.7191349832015537,market_only,development,2024,1,-0.11070790503378519,0.11070790503378525
122,2025-03-01 17:30:00,2024,27951,0,0,home_win,0,naive_bayes,4,Eintracht Frankfurt,Bayer Leverkusen,Bundesliga,24,24,0.2294260400988775,0.246529780877457,0.5240441790236655,0.4759558209763345,0.7705739599011225,4.18,3.89,1.83,2.101035339684861,1.2977339645999932,1.0427519459328194,closing,market_average_close,0.9809257011705885,0.01907429882941161,0.01907429882941161,0.9809257011705885,market_only,development,2024,1,-0.21035174126946588,0.21035174126946599
123,2025-03-02 14:30:00,2024,27955,0,0,home_win,1,naive_bayes,4,Union Berlin,Holstein Kiel,Bundesliga,24,24,0.6102366568069927,0.225428600279289,0.1643347429137184,0.8356652570862817,0.3897633431930075,1.57,4.25,5.83,1.196651400211019,2.565659437872813,1.0437633794272203,closing,market_average_close,0.24831477894202253,0.7516852210579772,0.7516852210579772,0.24831477894202253,market_only,development,2024,1,0.1414485642509845,-0.14144856425098495
124,2025-03-02 16:30:00,2024,27954,0,0,home_win,0,naive_bayes,4,Augsburg,Freiburg,Bundesliga,24,24,0.3804492882562277,0.3082740213523132,0.311276690391459,0.6887233096085409,0.6195507117437722,2.52,3.11,3.08,1.451961892459228,1.614072877400826,1.0430441298608502,closing,market_average_close,0.7520042345215613,0.24799576547843882,0.24799576547843882,0.7520042345215613,market_only,development,2024,1,-0.13245352277778888,0.1324535227777891
125,2025-03-07 19:30:00,2024,27965,0,0,home_win,0,naive_bayes,4,Borussia M.Gladbach,Mainz 05,Bundesliga,25,25,0.3537633050124759,0.2803212153753829,0.3659154796121411,0.6340845203878589,0.646236694987524,2.71,3.42,2.62,1.5770768215384232,1.5474206397693118,1.0430807401685909,closing,market_average_close,0.7994463379651687,0.20055366203483158,0.20055366203483158,0.7994463379651687,market_only,development,2024,1,-0.1532096429776443,0.15320964297764472
126,2025-03-08 14:30:00,2024,27958,0,0,home_win,1,naive_bayes,4,Bayer Leverkusen,Werder Bremen,Bundesliga,25,25,0.7180333959421246,0.1749055708064149,0.1070610332514603,0.8929389667485396,0.2819666040578752,1.33,5.46,8.92,1.1198973695159726,3.5465192884854697,1.0471375057166892,closing,market_average_close,0.017055512037651575,0.9829444879623486,0.9829444879623486,0.017055512037651575,market_only,development,2024,1,0.264911092020224,-0.2649110920202236
126,2025-03-08 14:30:00,2024,27959,0,0,home_win,1,naive_bayes,4,Bayern Munich,Bochum,Bundesliga,25,25,0.8175486683378902,0.1169354452268131,0.0655158864352966,0.9344841135647032,0.1824513316621098,1.17,8.18,14.6,1.0701091495128563,5.480913681967238,1.0454433941388426,closing,market_average_close,4.847770720631098e-06,0.999995152229279,0.999995152229279,4.847770720631098e-06,market_only,development,2024,1,0.18244648389138884,-0.18244648389138918
126,2025-03-08 14:30:00,2024,27960,0,0,home_win,0,naive_bayes,4,Borussia Dortmund,Augsburg,,,,,,,,,,,,,,,,,0.6421732095381116,0.35782679046188826,0.35782679046188826,0.6421732095381116,market_only,development,2024,1,,
126,2025-03-08 14:30:00,2024,27964,0,0,home_win,1,naive_bayes,4,Wolfsburg,St. Pauli,Bundesliga,25,25,0.5232840284796908,0.2689915090218636,0.2077244624984456,0.7922755375015544,0.4767159715203092,1.83,3.56,4.61,1.2621871465999135,2.0976851201583826,1.0442667035325006,closing,market_average_close,0.47834494517065795,0.5216550548293423,0.5216550548293423,0.47834494517065795,market_only,development,2024,1,-0.0016289736503485308,0.0016289736503487529
126,2025-03-08 14:30:00,2024,27966,0,0,home_win,0,naive_bayes,4,Holstein Kiel,VfB Stuttgart,Bundesliga,25,25,0.1609485779480075,0.2016950533778828,0.6373563686741097,0.3626436313258903,0.8390514220519926,5.94,4.74,1.5,2.75752808988764,1.1918220668220667,1.045987299151856,closing,market_average_close,0.9998756857075959,0.00012431429240360495,0.00012431429240360495,0.9998756857075959,market_only,development,2024,1,-0.16082426365560387,0.16082426365560332
127,2025-03-08 17:30:00,2024,27963,0,0,home_win,0,naive_bayes,4,Freiburg,RasenBallsport Leipzig,Bundesliga,25,25,0.3738566042538299,0.2891458933201826,0.3369975024259876,0.6630024975740125,0.6261433957461702,2.56,3.31,2.84,1.5082899440938646,1.5970782520325202,1.0448524796817156,closing,market_average_close,0.7503075337461391,0.24969246625386118,0.24969246625386118,0.7503075337461391,market_only,development,2024,1,-0.1241641379999687,0.12416413799996895
128,2025-03-09 14:30:00,2024,27961,0,0,home_win,0,naive_bayes,4,Eintracht Frankfurt,Union Berlin,Bundesliga,25,25,0.4838757209615627,0.2646613059403022,0.2514629730981349,0.748537026901865,0.5161242790384372,1.98,3.62,3.81,1.335939257592801,1.9375178433051925,1.043760790574207,closing,market_average_close,0.5674279326818626,0.4325720673181375,0.4325720673181375,0.5674279326818626,market_only,development,2024,1,-0.05130365364342521,0.051303653643425484
129,2025-03-09 16:30:00,2024,27962,0,0,home_win,0,naive_bayes,4,Hoffenheim,FC Heidenheim,Bundesliga,25,25,0.5066666666666667,0.2533333333333333,0.2399999999999999,0.76,0.4933333333333333,1.89,3.78,3.99,1.3157894736842106,2.027027027027027,1.0442773600668338,closing,market_average_close,0.5205869479775521,0.479413052022448,0.479413052022448,0.5205869479775521,market_only,development,2024,1,-0.027253614644218715,0.027253614644218827
130,2025-03-14 19:30:00,2024,27975,1,1,home_win,0,naive_bayes,4,St. Pauli,Hoffenheim,Bundesliga,26,26,0.414791780281494,0.2957311766821763,0.2894770430363296,0.7105229569636704,0.585208219718506,2.31,3.24,3.31,1.407414060586266,1.708793496579756,1.0436572118344525,closing,market_average_close,0.6956264764792695,0.30437352352073044,0.30437352352073044,0.6956264764792695,market_only,development,2024,0,-0.11041825676076356,0.11041825676076344
131,2025-03-15 14:30:00,2024,27970,0,0,home_win,0,naive_bayes,4,Werder Bremen,Borussia M.Gladbach,Bundesliga,26,26,0.4279098276918885,0.2618901677677132,0.3102000045403982,0.6897999954596017,0.5720901723081114,2.24,3.66,3.09,1.4496955734737538,1.7479761904761904,1.043277210613674,closing,market_average_close,0.6710279476267526,0.32897205237324745,0.32897205237324745,0.6710279476267526,market_only,development,2024,1,-0.09893777531864106,0.09893777531864112
131,2025-03-15 14:30:00,2024,27971,1,1,home_win,0,naive_bayes,4,Augsburg,Wolfsburg,Bundesliga,26,26,0.3868017234862801,0.2957895532542142,0.3174087232595056,0.6825912767404944,0.6131982765137198,2.47,3.23,3.01,1.4650055370985604,1.630793885601578,1.0466817364362184,closing,market_average_close,0.6917850205597978,0.30821497944020243,0.30821497944020243,0.6917850205597978,market_only,development,2024,0,-0.07858674404607768,0.07858674404607802
131,2025-03-15 14:30:00,2024,27972,0,0,home_win,1,naive_bayes,4,Mainz 05,Freiburg,Bundesliga,26,26,0.5186685361167368,0.2711221893337488,0.2102092745495144,0.7897907254504857,0.4813314638832633,1.84,3.52,4.54,1.2661581958051151,2.077570395943467,1.047833487141091,closing,market_average_close,0.39605032517857874,0.6039496748214213,0.6039496748214213,0.39605032517857874,market_only,development,2024,1,0.08528113870468446,-0.08528113870468457
131,2025-03-15 14:30:00,2024,27973,0,0,home_win,0,naive_bayes,4,Union Berlin,Bayern Munich,Bundesliga,26,26,0.1036374046951752,0.1763553626857125,0.7200072326191123,0.2799927673808878,0.8963625953048249,9.24,5.43,1.33,3.5715208266063927,1.1156199569661107,1.0442668700883295,closing,market_average_close,0.999999999994408,5.5922807282253235e-12,5.5922807282253235e-12,0.999999999994408,market_only,development,2024,1,-0.10363740468958292,0.10363740468958316
132,2025-03-15 17:30:00,2024,27968,1,1,home_win,0,naive_bayes,4,RasenBallsport Leipzig,Borussia Dortmund,,,,,,,,,,,,,,,,,0.6382714106645526,0.3617285893354474,0.3617285893354474,0.6382714106645526,market_only,development,2024,0,,
133,2025-03-16 15:30:00,2024,27974,0,0,home_win,0,naive_bayes,4,Bochum,Eintracht Frankfurt,Bundesliga,26,26,0.352779165797788,0.2708304643943358,0.3763903698078761,0.6236096301921239,0.647220834202212,2.71,3.53,2.54,1.6035672824550775,1.545067691204095,1.0459905964186451,closing,market_average_close,0.7691464707884188,0.2308535292115815,0.2308535292115815,0.7691464707884188,market_only,development,2024,1,-0.1219256365862065,0.12192563658620681
134,2025-03-16 16:30:00,2024,27969,1,1,home_win,0,naive_bayes,4,FC Heidenheim,Holstein Kiel,Bundesliga,26,26,0.4686808178148196,0.2700872509441334,0.261231931241047,0.7387680687589531,0.5313191821851804,2.04,3.54,3.66,1.353604794641283,1.8821078431372549,1.0459059978534342,closing,market_average_close,0.5626942041566828,0.43730579584331725,0.43730579584331725,0.5626942041566828,market_only,development,2024,0,-0.031375021971502326,0.03137502197150244
135,2025-03-16 18:30:00,2024,27967,0,0,home_win,0,naive_bayes,4,VfB Stuttgart,Bayer Leverkusen,Bundesliga,26,26,0.2921854709342296,0.2818730425483157,0.4259414865174548,0.5740585134825453,0.7078145290657705,3.28,3.4,2.25,1.7419827012641382,1.4127994819771206,1.0434401402837556,closing,market_average_close,0.9000369694713242,0.099963030528676,0.099963030528676,0.9000369694713242,market_only,development,2024,1,-0.19222244040555359,0.1922224404055537
136,2025-03-28 19:30:00,2024,27976,1,1,home_win,1,naive_bayes,4,Bayer Leverkusen,Bochum,Bundesliga,27,27,0.7812898483325582,0.1418413117508513,0.0768688399165904,0.9231311600834096,0.2187101516674417,1.22,6.72,12.4,1.0832696839197204,4.572261471980246,1.0491268162473877,closing,market_average_close,0.0004163404075616101,0.9995836595924386,0.9995836595924386,0.0004163404075616101,market_only,development,2024,0,0.21829381125988034,-0.2182938112598801
137,2025-03-29 14:30:00,2024,27977,1,1,home_win,1,naive_bayes,4,Bayern Munich,St. Pauli,Bundesliga,27,27,0.8544098824254048,0.1033411520860101,0.0422489654885851,0.957751034511415,0.1455901175745952,1.12,9.26,22.65,1.0441126806092544,6.868598065989166,1.0449986139235634,closing,market_average_close,2.9471108559383115e-09,0.999999997052889,0.999999997052889,2.9471108559383115e-09,market_only,development,2024,0,0.14559011462748417,-0.14559011462748433
137,2025-03-29 14:30:00,2024,27980,1,1,home_win,0,naive_bayes,4,Borussia M.Gladbach,RasenBallsport Leipzig,Bundesliga,27,27,0.3313317673412877,0.2643311606490052,0.4043370720097071,0.595662927990293,0.6686682326587123,2.88,3.61,2.36,1.6788018072131832,1.495509957193374,1.0479593460308518,closing,market_average_close,0.7598840680242472,0.24011593197575304,0.24011593197575304,0.7598840680242472,market_only,development,2024,0,-0.09121583536553468,0.0912158353655349
137,2025-03-29 14:30:00,2024,27981,0,0,home_win,1,naive_bayes,4,Wolfsburg,FC Heidenheim,Bundesliga,27,27,0.5611564817422323,0.2433586783065803,0.1954848399511874,0.8045151600488126,0.4388435182577678,1.7,3.92,4.88,1.242984656671139,2.2787165775401066,1.0482553677208588,closing,market_average_close,0.28141762143808813,0.7185823785619118,0.7185823785619118,0.28141762143808813,market_only,development,2024,1,0.15742589681967945,-0.15742589681967967
137,2025-03-29 14:30:00,2024,27983,0,0,home_win,0,naive_bayes,4,Hoffenheim,Augsburg,Bundesliga,27,27,0.4028349390912628,0.2841425016804443,0.3130225592282928,0.6869774407717072,0.5971650609087372,2.37,3.36,3.05,1.4556518753755043,1.6745788818894525,1.047428828348106,closing,market_average_close,0.6314074024102975,0.3685925975897024,0.3685925975897024,0.6314074024102975,market_only,development,2024,1,-0.03424234150156036,0.03424234150156025
137,2025-03-29 14:30:00,2024,27984,0,0,home_win,0,naive_bayes,4,Holstein Kiel,Werder Bremen,Bundesliga,27,27,0.3071146647365504,0.2567544643362021,0.4361308709272474,0.5638691290727524,0.6928853352634495,3.11,3.72,2.19,1.773461160472533,1.4432402435242464,1.046981617227414,closing,market_average_close,0.841147695055148,0.15885230494485164,0.15885230494485164,0.841147695055148,market_only,development,2024,1,-0.14826235979169877,0.14826235979169844
138,2025-03-29 17:30:00,2024,27978,1,1,home_win,0,naive_bayes,4,Eintracht Frankfurt,VfB Stuttgart,Bundesliga,27,27,0.3736098400831382,0.2571078469389338,0.3692823129779281,0.630717687022072,0.626390159916862,2.56,3.72,2.59,1.5854954135208912,1.5964490887480187,1.0455425904014612,closing,market_average_close,0.7466708543355677,0.25332914566443243,0.25332914566443243,0.7466708543355677,market_only,development,2024,0,-0.12028069441870576,0.1202806944187057
139,2025-03-30 14:30:00,2024,27982,0,0,home_win,1,naive_bayes,4,Freiburg,Union Berlin,Bundesliga,27,27,0.4864149092692496,0.2787641000490436,0.2348209906817067,0.7651790093182932,0.5135850907307503,1.96,3.42,4.06,1.3068837328547624,1.9470970206264329,1.0489071611705785,closing,market_average_close,0.4107599253916085,0.5892400746083916,0.5892400746083916,0.4107599253916085,market_only,development,2024,1,0.10282516533914199,-0.10282516533914182
140,2025-03-30 16:30:00,2024,27979,1,1,home_win,0,naive_bayes,4,Borussia Dortmund,Mainz 05,,,,,,,,,,,,,,,,,0.6406230205374179,0.35937697946258196,0.35937697946258196,0.6406230205374179,market_only,development,2024,0,,
141,2025-04-04 18:30:00,2024,27989,0,0,home_win,0,naive_bayes,4,Augsburg,Bayern Munich,Bundesliga,28,28,0.1229957157576962,0.1961351434407708,0.6808691408015329,0.319130859198467,0.8770042842423037,7.75,4.86,1.4,3.1335108190778294,1.1402452849634137,1.0490792892226584,closing,market_average_close,0.9999999542105843,4.578941527496624e-08,4.578941527496624e-08,0.9999999542105843,market_only,development,2024,1,-0.12299566996828093,0.1229956699682806
142,2025-04-05 13:30:00,2024,27985,1,1,home_win,1,naive_bayes,4,RasenBallsport Leipzig,Hoffenheim,Bundesliga,28,28,0.5721866422689845,0.2253659652333028,0.2024473924977127,0.7975526075022874,0.4278133577310156,1.67,4.24,4.72,1.2538357853680917,2.3374679213002563,1.0465158585930154,closing,market_average_close,0.32669612406878745,0.6733038759312129,0.6733038759312129,0.32669612406878745,market_only,development,2024,0,0.10111723366222836,-0.10111723366222813
142,2025-04-05 13:30:00,2024,27986,0,0,home_win,0,naive_bayes,4,FC Heidenheim,Bayer Leverkusen,Bundesliga,28,28,0.1546969777742752,0.2152457948669215,0.6300572273588033,0.3699427726411968,0.8453030222257248,6.15,4.42,1.51,2.7031207904415218,1.1830077187787054,1.051097625536802,closing,market_average_close,0.9998817129281914,0.00011828707180930679,0.00011828707180930679,0.9998817129281914,market_only,development,2024,1,-0.1545786907024659,0.15457869070246655
142,2025-04-05 13:30:00,2024,27988,0,0,home_win,0,naive_bayes,4,Freiburg,Borussia Dortmund,,,,,,,,,,,,,,,,,0.6346256544929605,0.36537434550703946,0.36537434550703946,0.6346256544929605,market_only,development,2024,1,,
142,2025-04-05 13:30:00,2024,27990,0,0,home_win,1,naive_bayes,4,Mainz 05,Holstein Kiel,Bundesliga,28,28,0.6695491572214554,0.1976631607597643,0.1327876820187802,0.8672123179812197,0.3304508427785446,1.42,4.81,7.16,1.1531201520844356,3.0261687081553648,1.0517903644821578,closing,market_average_close,0.03353476911505622,0.9664652308849433,0.9664652308849433,0.03353476911505622,market_only,development,2024,1,0.29691607366348793,-0.2969160736634884
142,2025-04-05 13:30:00,2024,27992,0,0,home_win,0,naive_bayes,4,Bochum,VfB Stuttgart,Bundesliga,28,28,0.3754057206112,0.2701219632726482,0.3544723161161517,0.6455276838838482,0.6245942793888,2.54,3.53,2.69,1.5491202390940884,1.601039319441983,1.0487341182776555,closing,market_average_close,0.6482909279580481,0.35170907204195206,0.35170907204195206,0.6482909279580481,market_only,development,2024,1,-0.023696648569247913,0.023696648569248135
143,2025-04-05 16:30:00,2024,27987,1,1,home_win,0,naive_bayes,4,Werder Bremen,Eintracht Frankfurt,Bundesliga,28,28,0.4094064298587291,0.2627870472646939,0.3278065228765769,0.672193477123423,0.5905935701412708,2.33,3.63,2.91,1.4876669203625543,1.6932117966688982,1.0483092547039838,closing,market_average_close,0.6216359137180167,0.37836408628198365,0.37836408628198365,0.6216359137180167,market_only,development,2024,0,-0.031042343576745457,0.031042343576745957
144,2025-04-06 13:30:00,2024,27993,0,0,home_win,0,naive_bayes,4,St. Pauli,Borussia M.Gladbach,Bundesliga,28,28,0.4179737291040092,0.2742578337100805,0.3077684371859103,0.6922315628140898,0.5820262708959909,2.29,3.49,3.11,1.4446032999922116,1.7181355035066823,1.0447575823569504,closing,market_average_close,0.6713851913111358,0.328614808688864,0.328614808688864,0.6713851913111358,market_only,development,2024,1,-0.0893589204151452,0.08935892041514493
145,2025-04-06 15:30:00,2024,27991,1,1,home_win,0,naive_bayes,4,Union Berlin,Wolfsburg,Bundesliga,28,28,0.4160990712074304,0.2848297213622291,0.2990712074303405,0.7009287925696595,0.5839009287925696,2.3,3.36,3.2,1.426678445229682,1.7126193001060448,1.0449016563146998,closing,market_average_close,0.6754944300333763,0.3245055699666239,0.3245055699666239,0.6754944300333763,market_only,development,2024,0,-0.09159350124080651,0.09159350124080667
146,2025-04-11 18:30:00,2024,27999,0,0,home_win,0,naive_bayes,4,Wolfsburg,RasenBallsport Leipzig,Bundesliga,29,29,0.3462170571081694,0.2587219856107244,0.3950609572811061,0.6049390427188939,0.6537829428918305,2.75,3.68,2.41,1.653059117337687,1.5295596357665326,1.050313253407246,closing,market_average_close,0.6719685682516991,0.328031431748301,0.328031431748301,0.6719685682516991,market_only,development,2024,1,-0.018185625359868396,0.018185625359868673
147,2025-04-12 13:30:00,2024,27994,0,0,home_win,1,naive_bayes,4,Bayer Leverkusen,Union Berlin,Bundesliga,29,29,0.6968303410291031,0.189537852759916,0.1136318062109808,0.8863681937890192,0.3031696589708969,1.36,5.0,8.34,1.1281993273305884,3.298483111385483,1.055198194385668,closing,market_average_close,0.009542226134789963,0.9904577738652105,0.9904577738652105,0.009542226134789963,market_only,development,2024,1,0.29362743283610737,-0.293627432836107
147,2025-04-12 13:30:00,2024,27998,1,1,home_win,0,naive_bayes,4,Hoffenheim,Mainz 05,Bundesliga,29,29,0.3897316864240515,0.277570532482246,0.3326977810937025,0.6673022189062976,0.6102683135759486,2.45,3.44,2.87,1.4985713694148823,1.6386235001131988,1.047292995473856,closing,market_average_close,0.6859072781601876,0.3140927218398123,0.3140927218398123,0.6859072781601876,market_only,development,2024,0,-0.07563896458423919,0.07563896458423902
147,2025-04-12 13:30:00,2024,28000,0,0,home_win,0,naive_bayes,4,Borussia M.Gladbach,Freiburg,Bundesliga,29,29,0.4220946013295405,0.2599274656688723,0.3179779330015871,0.682022066998413,0.5779053986704595,2.26,3.67,3.0,1.466228218100056,1.7303870188799404,1.0482907734722255,closing,market_average_close,0.599707795991817,0.4002922040081834,0.4002922040081834,0.599707795991817,market_only,development,2024,1,-0.021802397321357136,0.02180239732135747
147,2025-04-12 13:30:00,2024,28001,0,0,home_win,0,naive_bayes,4,Bochum,Augsburg,Bundesliga,29,29,0.4009720534629404,0.2891859052247874,0.3098420413122721,0.6901579586877278,0.5990279465370596,2.38,3.3,3.08,1.448943661971831,1.6693711967545637,1.0478736949325185,closing,market_average_close,0.6510769748866472,0.34892302511335305,0.34892302511335305,0.6510769748866472,market_only,development,2024,1,-0.052049028349587356,0.05204902834958758
147,2025-04-12 13:30:00,2024,28002,0,0,home_win,0,naive_bayes,4,Holstein Kiel,St. Pauli,Bundesliga,29,29,0.2767534372967495,0.2783718784505316,0.4448746842527188,0.5551253157472811,0.7232465627032505,3.44,3.42,2.14,1.8013950573553856,1.3826543416429646,1.0503850548634863,closing,market_average_close,0.8635141254518343,0.13648587454816533,0.13648587454816533,0.8635141254518343,market_only,development,2024,1,-0.14026756274858418,0.14026756274858376
148,2025-04-12 16:30:00,2024,27996,0,0,home_win,0,naive_bayes,4,Bayern Munich,Borussia Dortmund,,,,,,,,,,,,,,,,,0.6258684773588457,0.37413152264115435,0.37413152264115435,0.6258684773588457,market_only,development,2024,1,,
149,2025-04-13 13:30:00,2024,27995,0,0,home_win,1,naive_bayes,4,VfB Stuttgart,Werder Bremen,Bundesliga,29,29,0.5515226655862651,0.2245021674033502,0.2239751670103846,0.7760248329896153,0.4484773344137349,1.73,4.25,4.26,1.2886185563772827,2.2297670880229314,1.0480705837655424,closing,market_average_close,0.37370806869355977,0.6262919313064403,0.6262919313064403,0.37370806869355977,market_only,development,2024,1,0.07476926572017528,-0.07476926572017512
150,2025-04-13 15:30:00,2024,27997,1,1,home_win,1,naive_bayes,4,Eintracht Frankfurt,FC Heidenheim,Bundesliga,29,29,0.5473308686018307,0.2357316117245508,0.2169375196736185,0.7830624803263815,0.4526691313981694,1.74,4.04,4.39,1.277037305609635,2.209119046645123,1.0500278289552307,closing,market_average_close,0.35016636200450324,0.6498336379954965,0.6498336379954965,0.35016636200450324,market_only,development,2024,0,0.10250276939366587,-0.10250276939366615
151,2025-04-19 13:30:00,2024,28003,0,0,home_win,1,naive_bayes,4,RasenBallsport Leipzig,Holstein Kiel,Bundesliga,30,30,0.656458325854631,0.190754423344532,0.152787250800837,0.847212749199163,0.343541674145369,1.45,4.99,6.23,1.180341066568298,2.910855000307333,1.0505696176767103,closing,market_average_close,0.09571833844369573,0.9042816615563041,0.9042816615563041,0.09571833844369573,market_only,development,2024,1,0.24782333570167303,-0.24782333570167328
151,2025-04-19 13:30:00,2024,28005,0,0,home_win,0,naive_bayes,4,FC Heidenheim,Bayern Munich,Bundesliga,30,30,0.0983052291439733,0.1500854992119467,0.75160927164408,0.2483907283559201,0.9016947708560268,9.71,6.36,1.27,4.025915164462562,1.1090227339908458,1.0476208909461389,closing,market_average_close,0.9999999999999059,9.463579428936644e-14,9.463579428936644e-14,0.9999999999999059,market_only,development,2024,1,-0.09830522914387867,0.09830522914387907
151,2025-04-19 13:30:00,2024,28006,1,1,home_win,1,naive_bayes,4,Werder Bremen,Bochum,Bundesliga,30,30,0.5988480030466035,0.2144523254153377,0.1866996715380587,0.8133003284619412,0.4011519969533965,1.59,4.44,5.1,1.229558091893474,2.4928206953838847,1.050234474207837,closing,market_average_close,0.219995628457139,0.7800043715428615,0.7800043715428615,0.219995628457139,market_only,development,2024,0,0.18115636849625805,-0.1811563684962575
151,2025-04-19 13:30:00,2024,28007,1,1,home_win,1,naive_bayes,4,Freiburg,Hoffenheim,Bundesliga,30,30,0.4996205943449673,0.2537966317018318,0.2465827739532009,0.7534172260467991,0.5003794056550327,1.91,3.76,3.87,1.327285819103218,1.9984835280959012,1.0479155890491318,closing,market_average_close,0.48563520258571163,0.5143647974142883,0.5143647974142883,0.48563520258571163,market_only,development,2024,0,0.014744203069321005,-0.01474420306932106
151,2025-04-19 13:30:00,2024,28009,0,0,home_win,0,naive_bayes,4,Mainz 05,Wolfsburg,Bundesliga,30,30,0.4728904821549403,0.2602830446738364,0.2668264731712232,0.7331735268287767,0.5271095178450597,2.02,3.67,3.58,1.3639335892627469,1.897138955274838,1.04685867792174,closing,market_average_close,0.5541440990307569,0.4458559009692429,0.4458559009692429,0.5541440990307569,market_only,development,2024,1,-0.027034581185697404,0.027034581185697237
152,2025-04-19 16:30:00,2024,28010,0,0,home_win,0,naive_bayes,4,Union Berlin,VfB Stuttgart,Bundesliga,30,30,0.3093051471021293,0.2760368609312608,0.4146579919666101,0.5853420080333902,0.6906948528978709,3.07,3.44,2.29,1.7084029273069976,1.4478173621888335,1.0531117961488294,closing,market_average_close,0.7440228659780029,0.25597713402199795,0.25597713402199795,0.7440228659780029,market_only,development,2024,1,-0.05332801308013135,0.05332801308013202
153,2025-04-20 13:30:00,2024,28008,0,0,home_win,0,naive_bayes,4,Augsburg,Eintracht Frankfurt,Bundesliga,30,30,0.3695331871922952,0.2812376468897114,0.3492291659179933,0.6507708340820066,0.6304668128077047,2.58,3.39,2.73,1.5366392401568283,1.5861263109895123,1.0488825162626356,closing,market_average_close,0.7194361955119798,0.2805638044880206,0.2805638044880206,0.7194361955119798,market_only,development,2024,1,-0.08896938270427462,0.08896938270427512
154,2025-04-20 15:30:00,2024,28004,1,1,home_win,0,naive_bayes,4,Borussia Dortmund,Borussia M.Gladbach,,,,,,,,,,,,,,,,,0.6193139889101166,0.38068601108988326,0.38068601108988326,0.6193139889101166,market_only,development,2024,0,,
155,2025-04-20 17:30:00,2024,28011,0,0,home_win,0,naive_bayes,4,St. Pauli,Bayer Leverkusen,Bundesliga,30,30,0.1924558250274269,0.2460260031278448,0.5615181718447281,0.4384818281552718,0.8075441749725729,4.96,3.88,1.7,2.280596220388608,1.2383223494045557,1.0475801561063405,closing,market_average_close,0.9974923118802019,0.002507688119797753,0.002507688119797753,0.9974923118802019,market_only,development,2024,1,-0.18994813690762913,0.18994813690762902
156,2025-04-25 18:30:00,2024,28013,0,0,home_win,1,naive_bayes,4,VfB Stuttgart,FC Heidenheim,Bundesliga,31,31,0.65144685935121,0.1949000849698292,0.1536530556789607,0.8463469443210393,0.3485531406487899,1.46,4.88,6.19,1.1815485442583185,2.8690029822672654,1.0514004281660871,closing,market_average_close,0.10975916261734085,0.8902408373826591,0.8902408373826591,0.10975916261734085,market_only,development,2024,1,0.23879397803144908,-0.23879397803144903
157,2025-04-26 13:30:00,2024,28012,1,1,home_win,1,naive_bayes,4,Bayer Leverkusen,Augsburg,Bundesliga,31,31,0.6434609032052925,0.2039233697524267,0.1526157270422808,0.8473842729577192,0.3565390967947076,1.48,4.67,6.24,1.1801021471753177,2.804741496767161,1.0500648482447197,closing,market_average_close,0.14622173822680526,0.8537782617731952,0.8537782617731952,0.14622173822680526,market_only,development,2024,0,0.21031735856790268,-0.21031735856790232
157,2025-04-26 13:30:00,2024,28014,1,1,home_win,1,naive_bayes,4,Bayern Munich,Mainz 05,Bundesliga,31,31,0.7731743779697008,0.1354707243451185,0.0913548976851807,0.9086451023148192,0.2268256220302993,1.23,7.02,10.41,1.1005396908566936,4.40867301960455,1.051519751878225,closing,market_average_close,0.0010575041266938827,0.9989424958733059,0.9989424958733059,0.0010575041266938827,market_only,development,2024,0,0.22576811790360507,-0.2257681179036054
157,2025-04-26 13:30:00,2024,28016,0,0,home_win,0,naive_bayes,4,Hoffenheim,Borussia Dortmund,,,,,,,,,,,,,,,,,0.6146854100630246,0.3853145899369753,0.3853145899369753,0.6146854100630246,market_only,development,2024,1,,
157,2025-04-26 13:30:00,2024,28018,0,0,home_win,0,naive_bayes,4,Wolfsburg,Freiburg,Bundesliga,31,31,0.4039893844705076,0.2626487458265559,0.3333618697029363,0.6666381302970634,0.5960106155294922,2.36,3.63,2.86,1.5000642095800698,1.6778224648089632,1.0488612568735838,closing,market_average_close,0.6670186137903643,0.3329813862096361,0.3329813862096361,0.6670186137903643,market_only,development,2024,1,-0.07100799826087151,0.07100799826087212
157,2025-04-26 13:30:00,2024,28020,1,1,home_win,0,naive_bayes,4,Holstein Kiel,Borussia M.Gladbach,Bundesliga,31,31,0.3764964611500875,0.2556954575725193,0.3678080812773932,0.6321919187226068,0.6235035388499125,2.54,3.74,2.6,1.581798138167565,1.6038401351250653,1.0456958511613443,closing,market_average_close,0.7354904897652502,0.2645095102347495,0.2645095102347495,0.7354904897652502,market_only,development,2024,0,-0.111986950915338,0.11198695091533772
158,2025-04-26 16:30:00,2024,28015,1,1,home_win,0,naive_bayes,4,Eintracht Frankfurt,RasenBallsport Leipzig,Bundesliga,31,31,0.4726622930155273,0.2423293989571993,0.2850083080272732,0.7149916919727266,0.5273377069844725,2.02,3.94,3.35,1.3986176500050087,1.8963180268644155,1.047364074236047,closing,market_average_close,0.5498206309333231,0.45017936906667644,0.45017936906667644,0.5498206309333231,market_only,development,2024,0,-0.022482923948850875,0.022482923948850653
159,2025-04-27 13:30:00,2024,28019,0,0,home_win,0,naive_bayes,4,Bochum,Union Berlin,Bundesliga,31,31,0.4027598136536079,0.2832465158335462,0.3139936705128457,0.6860063294871542,0.597240186346392,2.37,3.37,3.04,1.457712497707684,1.674368240552407,1.0476242017356052,closing,market_average_close,0.6716012030526077,0.3283987969473919,0.3283987969473919,0.6716012030526077,market_only,development,2024,1,-0.07436101670621603,0.07436101670621575
160,2025-04-27 15:30:00,2024,28017,0,0,home_win,1,naive_bayes,4,Werder Bremen,St. Pauli,Bundesliga,31,31,0.4785477956332065,0.2675028408174385,0.253949363549355,0.7460506364506451,0.5214522043667935,1.99,3.56,3.75,1.3403915915915916,1.9177213014456689,1.050078105885231,closing,market_average_close,0.4955627707091121,0.5044372292908876,0.5044372292908876,0.4955627707091121,market_only,development,2024,1,0.02588943365768115,-0.025889433657681427
161,2025-05-02 18:30:00,2024,28023,0,0,home_win,0,naive_bayes,4,FC Heidenheim,Bochum,Bundesliga,32,32,0.403277548633828,0.2815784067384124,0.3151440446277596,0.6848559553722404,0.5967224513661721,2.36,3.38,3.02,1.4601610632946442,1.675820974576271,1.050712629539572,closing,market_average_close,0.6346146194357937,0.365385380564206,0.365385380564206,0.6346146194357937,market_only,development,2024,1,-0.03789216806962198,0.03789216806962159
162,2025-05-03 13:30:00,2024,28021,0,0,home_win,0,naive_bayes,4,RasenBallsport Leipzig,Bayern Munich,Bundesliga,32,32,0.2314353470991232,0.2109543429310592,0.5576103099698174,0.4423896900301826,0.7685646529008767,4.12,4.52,1.71,2.2604505089885203,1.3011267122753978,1.048752706292466,closing,market_average_close,0.9772631209460559,0.022736879053944354,0.022736879053944354,0.9772631209460559,market_only,development,2024,1,-0.20869846804517883,0.20869846804517922
162,2025-05-03 13:30:00,2024,28027,0,0,home_win,0,naive_bayes,4,Borussia M.Gladbach,Hoffenheim,Bundesliga,32,32,0.4223103970124306,0.2416256955058463,0.336063907481723,0.663936092518277,0.5776896029875693,2.26,3.95,2.84,1.5061690594452384,1.731033404147171,1.047755109124558,closing,market_average_close,0.6460970729130378,0.35390292708696225,0.35390292708696225,0.6460970729130378,market_only,development,2024,1,-0.06840746992546837,0.06840746992546842
162,2025-05-03 13:30:00,2024,28028,0,0,home_win,0,naive_bayes,4,Union Berlin,Werder Bremen,Bundesliga,32,32,0.3055516710949517,0.2763249895119564,0.4181233393930919,0.5818766606069081,0.6944483289050483,3.12,3.45,2.28,1.7185772650805096,1.4399919452275474,1.0489643842046588,closing,market_average_close,0.8582637921421169,0.1417362078578834,0.1417362078578834,0.8582637921421169,market_only,development,2024,1,-0.16381546323706828,0.16381546323706864
162,2025-05-03 13:30:00,2024,28029,0,0,home_win,0,naive_bayes,4,St. Pauli,VfB Stuttgart,Bundesliga,32,32,0.3421893790746249,0.2759272738780935,0.3818833470472814,0.6181166529527184,0.6578106209253749,2.79,3.46,2.5,1.6178176000000002,1.5201943662649446,1.047440280108563,closing,market_average_close,0.7955216379275193,0.20447836207248074,0.20447836207248074,0.7955216379275193,market_only,development,2024,1,-0.13771101700214414,0.1377110170021444
163,2025-05-03 16:30:00,2024,28022,1,1,home_win,0,naive_bayes,4,Borussia Dortmund,Wolfsburg,,,,,,,,,,,,,,,,,0.6256562993473263,0.37434370065267375,0.37434370065267375,0.6256562993473263,market_only,development,2024,0,,
164,2025-05-04 13:30:00,2024,28025,0,0,home_win,1,naive_bayes,4,Augsburg,Holstein Kiel,Bundesliga,32,32,0.5349978177137924,0.2398730769598363,0.2251291053263712,0.7748708946736288,0.4650021822862076,1.78,3.97,4.23,1.2905375680953848,2.150527541792272,1.050093540960075,closing,market_average_close,0.4146460542389157,0.5853539457610843,0.5853539457610843,0.4146460542389157,market_only,development,2024,1,0.05035612804729195,-0.05035612804729189
165,2025-05-04 15:30:00,2024,28024,0,0,home_win,0,naive_bayes,4,Freiburg,Bayer Leverkusen,Bundesliga,32,32,0.3037133090613335,0.2686365606908696,0.4276501302477969,0.5723498697522031,0.6962866909386666,3.14,3.55,2.23,1.7471830655486067,1.4361900249046788,1.0485919716982308,closing,market_average_close,0.8724520396695621,0.12754796033043805,0.12754796033043805,0.8724520396695621,market_only,development,2024,1,-0.17616534873089543,0.1761653487308955
166,2025-05-04 17:30:00,2024,28026,0,0,home_win,0,naive_bayes,4,Mainz 05,Eintracht Frankfurt,Bundesliga,32,32,0.4041655968691891,0.2634891736495265,0.3323452294812843,0.6676547705187157,0.5958344031308109,2.36,3.62,2.87,1.4977800566347754,1.6783186649604347,1.0484039632311029,closing,market_average_close,0.691033706239086,0.3089662937609144,0.3089662937609144,0.691033706239086,market_only,development,2024,1,-0.09519930310827474,0.09519930310827507
167,2025-05-09 18:30:00,2024,28035,0,0,home_win,0,naive_bayes,4,Wolfsburg,Hoffenheim,Bundesliga,33,33,0.3456226040592344,0.2652007238903267,0.3891766720504387,0.6108233279495612,0.6543773959407655,2.77,3.61,2.46,1.6371345923490583,1.5281701449396037,1.0445232056148677,closing,market_average_close,0.8004980281453339,0.1995019718546661,0.1995019718546661,0.8004980281453339,market_only,development,2024,1,-0.1461206322045683,0.1461206322045684
168,2025-05-10 13:30:00,2024,28034,0,0,home_win,0,naive_bayes,4,Werder Bremen,RasenBallsport Leipzig,Bundesliga,33,33,0.4839468493208484,0.2348215007788354,0.281231649900316,0.7187683500996839,0.5160531506791515,1.97,4.06,3.39,1.3912688279350545,1.9377848942186489,1.0489048826546443,closing,market_average_close,0.5476174640985795,0.4523825359014205,0.4523825359014205,0.5476174640985795,market_only,development,2024,1,-0.03156431341942789,0.031564313419428
168,2025-05-10 13:30:00,2024,28036,0,0,home_win,0,naive_bayes,4,Union Berlin,FC Heidenheim,Bundesliga,33,33,0.4711734248647391,0.2673512129850486,0.2614753621502123,0.7385246378497877,0.528826575135261,2.02,3.56,3.64,1.3540509669541927,1.890979097909791,1.050673656080264,closing,market_average_close,0.5599707181422525,0.4400292818577474,0.4400292818577474,0.5599707181422525,market_only,development,2024,1,-0.031144143006991698,0.03114414300699153
168,2025-05-10 13:30:00,2024,28037,0,0,home_win,0,naive_bayes,4,Bochum,Mainz 05,Bundesliga,33,33,0.3102831359870378,0.2487125920313853,0.4410042719815768,0.5589957280184232,0.6897168640129622,3.07,3.83,2.16,1.788922436929683,1.4498703050143291,1.0497924677298895,closing,market_average_close,0.8605497234393471,0.13945027656065323,0.13945027656065323,0.8605497234393471,market_only,development,2024,1,-0.17083285942638454,0.17083285942638493
168,2025-05-10 13:30:00,2024,28038,0,0,home_win,0,naive_bayes,4,Holstein Kiel,Freiburg,Bundesliga,33,33,0.2777049886315113,0.2553694667576632,0.4669255446108253,0.5330744553891745,0.7222950113684886,3.43,3.73,2.04,1.875910559754628,1.3844758502559231,1.049837782681054,closing,market_average_close,0.9185849548945748,0.08141504510542477,0.08141504510542477,0.9185849548945748,market_only,development,2024,1,-0.1962899435260865,0.1962899435260862
169,2025-05-10 16:30:00,2024,28032,1,1,home_win,1,naive_bayes,4,Bayern Munich,Borussia M.Gladbach,Bundesliga,33,33,0.8383209073059548,0.0982205379577377,0.0634585547363073,0.9365414452636924,0.1616790926940451,1.14,9.73,15.06,1.067758405201641,6.185091611643066,1.046368967791947,closing,market_average_close,7.521476819581247e-08,0.9999999247852315,0.9999999247852315,7.521476819581247e-08,market_only,development,2024,0,0.1616790174792767,-0.1616790174792769
170,2025-05-11 13:30:00,2024,28030,0,0,home_win,0,naive_bayes,4,Bayer Leverkusen,Borussia Dortmund,,,,,,,,,,,,,,,,,0.6325161268168117,0.36748387318318837,0.36748387318318837,0.6325161268168117,market_only,development,2024,1,,
171,2025-05-11 15:30:00,2024,28033,0,0,home_win,1,naive_bayes,4,Eintracht Frankfurt,St. Pauli,Bundesliga,33,33,0.6100333137370174,0.2218302959043699,0.1681363903586125,0.8318636096413874,0.3899666862629826,1.56,4.29,5.66,1.2021201413427562,2.564321608040201,1.050804319355556,closing,market_average_close,0.25812492407785764,0.7418750759221419,0.7418750759221419,0.25812492407785764,market_only,development,2024,1,0.13184176218512444,-0.13184176218512494
172,2025-05-11 17:30:00,2024,28031,1,1,home_win,1,naive_bayes,4,VfB Stuttgart,Augsburg,Bundesliga,33,33,0.6214804340340107,0.2062614021848234,0.172258163781166,0.8277418362188341,0.3785195659659894,1.53,4.61,5.52,1.2081061464381817,2.6418713586125464,1.0516739312279977,closing,market_average_close,0.23403625501319728,0.7659637449868025,0.7659637449868025,0.23403625501319728,market_only,development,2024,0,0.14448331095279188,-0.14448331095279213
173,2025-05-17 13:30:00,2024,28039,0,0,home_win,0,naive_bayes,4,RasenBallsport Leipzig,VfB Stuttgart,Bundesliga,34,34,0.4991230421109411,0.2196601406525109,0.2812168172365479,0.7187831827634521,0.500876957889059,1.91,4.34,3.39,1.3912401179941003,1.9964983101129072,1.0489602067053256,closing,market_average_close,0.5352138269998145,0.4647861730001853,0.4647861730001853,0.5352138269998145,market_only,development,2024,1,-0.034336869110755786,0.03433686911075551
173,2025-05-17 13:30:00,2024,28040,1,1,home_win,0,naive_bayes,4,Borussia Dortmund,Holstein Kiel,,,,,,,,,,,,,,,,,0.6332133170721947,0.36678668292780553,0.36678668292780553,0.6332133170721947,market_only,development,2024,0,,
173,2025-05-17 13:30:00,2024,28041,0,0,home_win,0,naive_bayes,4,Hoffenheim,Bayern Munich,Bundesliga,34,34,0.2128743124872682,0.2091396754260881,0.5779860120866436,0.4220139879133564,0.7871256875127317,4.48,4.56,1.65,2.369589702333065,1.2704451345755694,1.0485731373889269,closing,market_average_close,0.992229376564894,0.00777062343510603,0.00777062343510603,0.992229376564894,market_only,development,2024,1,-0.20510368905216217,0.20510368905216225
173,2025-05-17 13:30:00,2024,28042,0,0,home_win,0,naive_bayes,4,FC Heidenheim,Werder Bremen,Bundesliga,34,34,0.3650619024745494,0.2507398856469932,0.3841982118784573,0.6158017881215426,0.6349380975254505,2.61,3.8,2.48,1.6238991495143678,1.5749566830173023,1.0495254636405624,closing,market_average_close,0.7760460126174903,0.2239539873825092,0.2239539873825092,0.7760460126174903,market_only,development,2024,1,-0.14110791509204018,0.1411079150920398
173,2025-05-17 13:30:00,2024,28043,0,0,home_win,0,naive_bayes,4,Freiburg,Eintracht Frankfurt,Bundesliga,34,34,0.4070175438596491,0.2645614035087719,0.328421052631579,0.671578947368421,0.5929824561403509,2.34,3.6,2.9,1.4890282131661443,1.6863905325443784,1.0499557913351016,closing,market_average_close,0.7026411499207869,0.2973588500792128,0.2973588500792128,0.7026411499207869,market_only,development,2024,1,-0.1096586937804363,0.10965869378043591
173,2025-05-17 13:30:00,2024,28044,0,0,home_win,0,naive_bayes,4,Augsburg,Union Berlin,Bundesliga,34,34,0.5068973453004644,0.2589584264034981,0.2341442282960376,0.7658557717039625,0.4931026546995357,1.88,3.68,4.07,1.3057288812684495,2.027975291695264,1.0493542697520497,closing,market_average_close,0.518174813163375,0.48182518683662495,0.48182518683662495,0.518174813163375,market_only,development,2024,1,-0.025072158463839422,0.02507215846383931
173,2025-05-17 13:30:00,2024,28045,0,0,home_win,0,naive_bayes,4,Mainz 05,Bayer Leverkusen,Bundesliga,34,34,0.3912438979175678,0.252548971142557,0.3562071309398751,0.6437928690601249,0.6087561020824321,2.44,3.78,2.68,1.553294620146854,1.642694005988936,1.047520658482244,closing,market_average_close,0.7328618518233592,0.26713814817664067,0.26713814817664067,0.7328618518233592,market_only,development,2024,1,-0.12410574974092714,0.12410574974092703
173,2025-05-17 13:30:00,2024,28046,0,0,home_win,0,naive_bayes,4,Borussia M.Gladbach,Wolfsburg,Bundesliga,34,34,0.4177644920460861,0.2346066605579005,0.3476288473960132,0.6523711526039867,0.5822355079539139,2.28,4.06,2.74,1.5328697414170256,1.717518059855521,1.0498654135969172,closing,market_average_close,0.6843435574220844,0.3156564425779157,0.3156564425779157,0.6843435574220844,market_only,development,2024,1,-0.10210804946817043,0.10210804946817054
173,2025-05-17 13:30:00,2024,28047,0,0,home_win,1,naive_bayes,4,St. Pauli,Bochum,Bundesliga,34,34,0.5481379615190992,0.2360792210503051,0.2157828174305956,0.7842171825694043,0.4518620384809007,1.74,4.04,4.42,1.2751569619064025,2.2130648623678706,1.0484817400448112,closing,market_average_close,0.425077771888345,0.5749222281116549,0.5749222281116549,0.425077771888345,market_only,development,2024,1,0.026784266592555728,-0.026784266592555672
1,2025-08-22 18:30:00,2025,30224,1,1,home_win,1,naive_bayes,4,Bayern Munich,RasenBallsport Leipzig,,1,1,0.7687353335989047,0.1354648223963686,0.0957998440047267,0.9042001559952731,0.2312646664010953,1.23,6.98,9.87,1.1059498202577478,4.324050083230802,1.0575917283197185,closing,market_average_close,0.0015638856877273027,0.9984361143122725,0.9984361143122725,0.0015638856877273027,market_only,test,2025,0,0.22970078071336786,-0.229700780713368
2,2025-08-23 13:30:00,2025,30225,0,0,home_win,0,naive_bayes,4,FC Heidenheim,Wolfsburg,,1,1,0.3440385648909663,0.2788951679885348,0.377066267120499,0.622933732879501,0.6559614351090339,2.74,3.38,2.5,1.6053071895424835,1.5244798649386757,1.0608214918153154,closing,market_average_close,0.6647597184954089,0.3352402815045921,0.3352402815045921,0.6647597184954089,market_only,test,2025,1,-0.008798283386374173,0.008798283386375005
2,2025-08-23 13:30:00,2025,30226,0,0,home_win,1,naive_bayes,4,Bayer Leverkusen,Hoffenheim,,1,1,0.5508579371315692,0.2269800174686706,0.2221620453997602,0.7778379546002399,0.4491420628684308,1.71,4.15,4.24,1.285614817438341,2.226467041660568,1.0616082336628871,closing,market_average_close,0.23087111033798927,0.7691288896620098,0.7691288896620098,0.23087111033798927,market_only,test,2025,1,0.2182709525304406,-0.21827095253044151
2,2025-08-23 13:30:00,2025,30227,1,1,home_win,0,naive_bayes,4,Union Berlin,VfB Stuttgart,,1,1,0.2410855572754884,0.2493768595098306,0.5095375832146809,0.4904624167853191,0.7589144427245116,3.91,3.78,1.85,2.038892208203001,1.3176715894481972,1.0608452807941298,closing,market_average_close,0.9383173012267995,0.0616826987732001,0.0616826987732001,0.9383173012267995,market_only,test,2025,0,-0.1794028585022883,0.17940285850228788
2,2025-08-23 13:30:00,2025,30228,1,1,home_win,1,naive_bayes,4,Eintracht Frankfurt,Werder Bremen,,1,1,0.6149923586738651,0.2067996283013216,0.1782080130248131,0.8217919869751869,0.3850076413261348,1.53,4.55,5.28,1.2168529455741626,2.597351046217063,1.0627689304159893,closing,market_average_close,0.10249015044930825,0.8975098495506902,0.8975098495506902,0.10249015044930825,market_only,test,2025,0,0.2825174908768251,-0.28251749087682654
2,2025-08-23 13:30:00,2025,30229,0,0,home_win,1,naive_bayes,4,Freiburg,Augsburg,,1,1,0.4880783800685753,0.2691403638663858,0.2427812560650387,0.7572187439349611,0.5119216199314246,1.93,3.5,3.88,1.3206223538569613,1.953424042012441,1.0615809595030792,closing,market_average_close,0.3468666483753852,0.6531333516246157,0.6531333516246157,0.3468666483753852,market_only,test,2025,1,0.16505497155604043,-0.16505497155603938
3,2025-08-23 16:30:00,2025,30230,0,0,home_win,0,naive_bayes,4,St. Pauli,Borussia Dortmund,,,,,,,,,,,,,,,,,0.6464743018359986,0.3535256981640013,0.3535256981640013,0.6464743018359986,market_only,test,2025,1,,
4,2025-08-24 13:30:00,2025,30231,0,0,home_win,1,naive_bayes,4,Mainz 05,FC Cologne,,1,1,0.4833968426782798,0.2618399564507349,0.2547632008709852,0.7452367991290147,0.5166031573217202,1.95,3.6,3.7,1.3418553688823958,1.935721812434141,1.0608685608685609,closing,market_average_close,0.4386151891559903,0.5613848108440098,0.5613848108440098,0.4386151891559903,market_only,test,2025,1,0.07798796816573,-0.07798796816572995
5,2025-08-24 15:30:00,2025,30232,0,0,home_win,0,naive_bayes,4,Borussia M.Gladbach,Hamburger SV,,1,1,0.4984596817734303,0.2434337980753961,0.2581065201511734,0.7418934798488266,0.5015403182265696,1.89,3.87,3.65,1.3479023972602735,1.993857649442756,1.0614710646567926,closing,market_average_close,0.5759664910225624,0.42403350897743747,0.42403350897743747,0.5759664910225624,market_only,test,2025,1,-0.07442617279599284,0.07442617279599273
6,2025-08-29 18:30:00,2025,30233,0,0,home_win,0,naive_bayes,4,Hamburger SV,St. Pauli,,2,2,0.389655790605952,0.292846898529939,0.317497310864109,0.6825026891358911,0.6103442093940481,2.42,3.22,2.97,1.4651956921460465,1.6384197385812893,1.0604824834073845,closing,market_average_close,0.8549681163209178,0.14503188367908196,0.14503188367908196,0.8549681163209178,market_only,test,2025,1,-0.24462390692687006,0.24462390692686975
7,2025-08-30 13:30:00,2025,30234,0,0,home_win,0,naive_bayes,4,Hoffenheim,Eintracht Frankfurt,,2,2,0.3575809038588545,0.2490801018964052,0.39333899424474,0.6066610057552598,0.6424190961411453,2.64,3.79,2.4,1.6483670295489894,1.5566162432075197,1.059306788198609,closing,market_average_close,0.9169881987760529,0.08301180122394657,0.08301180122394657,0.9169881987760529,market_only,test,2025,1,-0.2745691026349079,0.2745691026349075
7,2025-08-30 13:30:00,2025,30235,1,1,home_win,1,naive_bayes,4,RasenBallsport Leipzig,FC Heidenheim,,2,2,0.6435806447227094,0.1938654810947505,0.16255387418254,0.8374461258174599,0.3564193552772906,1.47,4.88,5.82,1.1941066645019889,2.805683768834637,1.057011447472347,closing,market_average_close,0.3052795505102455,0.6947204494897543,0.6947204494897543,0.3052795505102455,market_only,test,2025,0,0.05113980476704494,-0.05113980476704505
7,2025-08-30 13:30:00,2025,30236,0,0,home_win,0,naive_bayes,4,Werder Bremen,Bayer Leverkusen,,2,2,0.2665641419966679,0.2419582211969755,0.4914776368063566,0.5085223631936435,0.7334358580033321,3.54,3.9,1.92,1.9664818548387093,1.3634457452385111,1.0597294654498044,closing,market_average_close,0.979278607798201,0.020721392201798965,0.020721392201798965,0.979278607798201,market_only,test,2025,1,-0.24584274979486892,0.24584274979486886
7,2025-08-30 13:30:00,2025,30237,1,1,home_win,0,naive_bayes,4,VfB Stuttgart,Borussia M.Gladbach,,2,2,0.601519645469547,0.2057485497575574,0.1927318047728956,0.8072681952271044,0.3984803545304531,1.57,4.59,4.9,1.238745693082428,2.509534004953253,1.0588892315595737,closing,market_average_close,0.526402964060306,0.4735970359396932,0.4735970359396932,0.526402964060306,market_only,test,2025,0,-0.12792260952985374,0.12792260952985285
8,2025-08-30 16:30:00,2025,30238,0,0,home_win,0,naive_bayes,4,Augsburg,Bayern Munich,,2,2,0.1013950095979545,0.1595304282544546,0.7390745621475907,0.2609254378524092,0.8986049904020454,9.33,5.93,1.28,3.83251249180865,1.112836018807985,1.0570652002009873,closing,market_average_close,0.9999999999996518,3.4866251386633883e-13,3.4866251386633883e-13,0.9999999999996518,market_only,test,2025,1,-0.10139500959760583,0.10139500959760639
9,2025-08-31 13:30:00,2025,30239,0,0,home_win,0,naive_bayes,4,Wolfsburg,Mainz 05,,2,2,0.440767271138807,0.2672073541748008,0.2920253746863923,0.7079746253136079,0.5592327288611931,2.14,3.53,3.23,1.4124800017472874,1.788164297959409,1.0601733618261524,closing,market_average_close,0.8423013812522765,0.15769861874772398,0.15769861874772398,0.8423013812522765,market_only,test,2025,1,-0.28306865239108303,0.28306865239108336
10,2025-08-31 15:30:00,2025,30240,1,1,home_win,0,naive_bayes,4,Borussia Dortmund,Union Berlin,,,,,,,,,,,,,,,,,0.6273810842053633,0.3726189157946369,0.3726189157946369,0.6273810842053633,market_only,test,2025,0,,
11,2025-08-31 17:30:00,2025,30241,1,1,home_win,0,naive_bayes,4,FC Cologne,Freiburg,,2,2,0.371126711213524,0.2836708699003672,0.3452024188861086,0.6547975811138913,0.6288732887864759,2.53,3.31,2.72,1.527189514504432,1.5901454519235183,1.0650187794449546,closing,market_average_close,0.9696992543141021,0.030300745685898862,0.030300745685898862,0.9696992543141021,market_only,test,2025,0,-0.3408259655276251,0.34082596552762623
12,2025-09-12 18:30:00,2025,30242,1,1,home_win,0,naive_bayes,4,Bayer Leverkusen,Eintracht Frankfurt,,3,3,0.444996483933103,0.2536001467575748,0.3014033693093222,0.6985966306906779,0.5550035160668971,2.12,3.72,3.13,1.4314412009278303,1.8017903869990357,1.060004135399996,closing,market_average_close,0.7378997089827474,0.26210029101725174,0.26210029101725174,0.7378997089827474,market_only,test,2025,0,-0.18289619291585124,0.18289619291585024
13,2025-09-13 13:30:00,2025,30243,1,1,home_win,0,naive_bayes,4,Freiburg,VfB Stuttgart,,3,3,0.3602712835282948,0.2666414584305459,0.3730872580411591,0.6269127419588407,0.639728716471705,2.62,3.54,2.53,1.5951183204147634,1.563162594162255,1.0594221820152394,closing,market_average_close,0.7871188412701979,0.2128811587298017,0.2128811587298017,0.7871188412701979,market_only,test,2025,0,-0.1473901247984931,0.1473901247984929
13,2025-09-13 13:30:00,2025,30244,0,0,home_win,0,naive_bayes,4,FC Heidenheim,Borussia Dortmund,,,,,,,,,,,,,,,,,0.6395748487345878,0.3604251512654125,0.3604251512654125,0.6395748487345878,market_only,test,2025,1,,
13,2025-09-13 13:30:00,2025,30245,0,0,home_win,0,naive_bayes,4,Mainz 05,RasenBallsport Leipzig,,3,3,0.4069510965465087,0.2558608520292412,0.33718805142425,0.66281194857575,0.5930489034534914,2.32,3.69,2.8,1.5087235559781316,1.6862015833377608,1.0591800499285782,closing,market_average_close,0.7099586222335621,0.2900413777664378,0.2900413777664378,0.7099586222335621,market_only,test,2025,1,-0.11690971878007089,0.11690971878007073
13,2025-09-13 13:30:00,2025,30246,0,0,home_win,0,naive_bayes,4,Wolfsburg,FC Cologne,,3,3,0.49099859755574,0.2582787143306906,0.2507226881135693,0.7492773118864307,0.50900140244426,1.92,3.65,3.76,1.3346193513885174,1.9646311291048133,1.06076338288157,closing,market_average_close,0.5532300738168675,0.44676992618313216,0.44676992618313216,0.5532300738168675,market_only,test,2025,1,-0.04422867137260783,0.04422867137260755
13,2025-09-13 13:30:00,2025,30247,0,0,home_win,0,naive_bayes,4,Union Berlin,Hoffenheim,,3,3,0.344082000926656,0.2772896125114816,0.3786283865618624,0.6213716134381376,0.6559179990733439,2.74,3.4,2.49,1.609342909095666,1.524580818658372,1.0606875764112698,closing,market_average_close,0.8112193684781106,0.18878063152188962,0.18878063152188962,0.8112193684781106,market_only,test,2025,1,-0.15530136940476635,0.1553013694047667
14,2025-09-13 16:30:00,2025,30248,1,1,home_win,1,naive_bayes,4,Bayern Munich,Hamburger SV,,3,3,0.8867317367186944,0.0753616329061956,0.0379066303751099,0.96209336962489,0.1132682632813056,1.07,12.59,25.03,1.0394001575854217,8.828598329582096,1.0539596143369132,closing,market_average_close,2.670140275103116e-18,1.0,1.0,2.670140275103116e-18,market_only,test,2025,0,0.11326826328130557,-0.1132682632813056
15,2025-09-14 13:30:00,2025,30249,1,1,home_win,0,naive_bayes,4,St. Pauli,Augsburg,,3,3,0.4461749867796858,0.2793558522567172,0.2744691609635968,0.725530839036403,0.553825013220314,2.11,3.37,3.43,1.3783011640526912,1.805624477279064,1.0622147438379832,closing,market_average_close,0.7193105424911942,0.2806894575088066,0.2806894575088066,0.7193105424911942,market_only,test,2025,0,-0.16548552927087923,0.16548552927088023
16,2025-09-14 15:30:00,2025,30250,0,0,home_win,0,naive_bayes,4,Borussia M.Gladbach,Werder Bremen,,3,3,0.4517425013999391,0.2427099814719467,0.3055475171281142,0.6944524828718859,0.5482574986000609,2.09,3.89,3.09,1.4399833317097983,1.823960461194664,1.0591629037311467,closing,market_average_close,0.6076172364264664,0.3923827635735339,0.3923827635735339,0.6076172364264664,market_only,test,2025,1,-0.05935973782640519,0.05935973782640547
17,2025-09-19 18:30:00,2025,30251,1,1,home_win,0,naive_bayes,4,VfB Stuttgart,St. Pauli,,4,4,0.516278656112962,0.2421719469395853,0.2415493969474526,0.7584506030525473,0.4837213438870379,1.82,3.88,3.89,1.3184774275019169,2.0673059244487817,1.064251916953796,closing,market_average_close,0.5098609444659599,0.4901390555340401,0.4901390555340401,0.5098609444659599,market_only,test,2025,0,-0.026139600578921895,0.02613960057892195
18,2025-09-20 13:30:00,2025,30252,0,0,home_win,0,naive_bayes,4,Werder Bremen,Freiburg,,4,4,0.3972876379345615,0.265231465325327,0.3374808967401114,0.6625191032598885,0.6027123620654384,2.37,3.55,2.79,1.509390438825923,1.659166234077387,1.062054008183213,closing,market_average_close,0.6036423885049409,0.3963576114950586,0.3963576114950586,0.6036423885049409,market_only,test,2025,1,-0.0009300264395029068,0.0009300264395024627
18,2025-09-20 13:30:00,2025,30253,0,0,home_win,0,naive_bayes,4,Augsburg,Mainz 05,,4,4,0.3618220837324344,0.2721485990033584,0.3660293172642069,0.6339706827357929,0.6381779162675654,2.61,3.47,2.58,1.5773600061199513,1.5669611475254113,1.0589230997172594,closing,market_average_close,0.7239518627150519,0.27604813728494904,0.27604813728494904,0.7239518627150519,market_only,test,2025,1,-0.08577394644748537,0.08577394644748648
18,2025-09-20 13:30:00,2025,30254,1,1,home_win,1,naive_bayes,4,Hamburger SV,FC Heidenheim,,4,4,0.5322566384721935,0.2434352067430962,0.2243081547847101,0.7756918452152898,0.4677433615278064,1.77,3.87,4.2,1.2891717325227965,2.1379245164135847,1.061464922324205,closing,market_average_close,0.34705891772484515,0.6529410822751546,0.6529410822751546,0.34705891772484515,market_only,test,2025,0,0.12068444380296106,-0.12068444380296123
18,2025-09-20 13:30:00,2025,30255,0,0,home_win,0,naive_bayes,4,Hoffenheim,Bayern Munich,,4,4,0.1352319120033969,0.1757763027530187,0.6889917852435844,0.3110082147564156,0.8647680879966031,6.98,5.37,1.37,3.215349153343775,1.1563793968353837,1.0594132222363342,closing,market_average_close,0.9999992074105265,7.925894732806687e-07,7.925894732806687e-07,0.9999992074105265,market_only,test,2025,1,-0.13523111941392363,0.1352311194139234
19,2025-09-20 16:30:00,2025,30256,1,1,home_win,1,naive_bayes,4,RasenBallsport Leipzig,FC Cologne,,4,4,0.5063728517210516,0.2348761855863232,0.2587509626926252,0.7412490373073748,0.4936271482789485,1.86,4.01,3.64,1.3490742647471778,2.025820507414435,1.0617362419309164,closing,market_average_close,0.48207047003993164,0.5179295299600676,0.5179295299600676,0.48207047003993164,market_only,test,2025,0,0.01155667823901596,-0.011556678239016849
20,2025-09-21 13:30:00,2025,30257,0,0,home_win,1,naive_bayes,4,Eintracht Frankfurt,Union Berlin,,4,4,0.5821543490474489,0.2261606823637571,0.1916849685887941,0.808315031411206,0.4178456509525513,1.62,4.17,4.92,1.2371414128649056,2.3932282117100594,1.0603441366148272,closing,market_average_close,0.24821546904164343,0.7517845309583565,0.7517845309583565,0.24821546904164343,market_only,test,2025,1,0.16963018191090762,-0.16963018191090784
21,2025-09-21 15:30:00,2025,30258,0,0,home_win,1,naive_bayes,4,Bayer Leverkusen,Borussia M.Gladbach,,4,4,0.6240670023625761,0.2117620614758404,0.1641709361615835,0.8358290638384165,0.3759329976374239,1.51,4.45,5.74,1.1964168790777072,2.6600484828003044,1.061186784627299,closing,market_average_close,0.1703873969258686,0.8296126030741312,0.8296126030741312,0.1703873969258686,market_only,test,2025,1,0.20554560071155514,-0.20554560071155528
22,2025-09-21 17:30:00,2025,30259,1,1,home_win,0,naive_bayes,4,Borussia Dortmund,Wolfsburg,,,,,,,,,,,,,,,,,0.6452465824766024,0.35475341752339784,0.35475341752339784,0.6452465824766024,market_only,test,2025,0,,
23,2025-09-26 18:30:00,2025,30260,1,1,home_win,1,naive_bayes,4,Bayern Munich,Werder Bremen,,5,5,0.8586108162591763,0.0897786975175945,0.0516104862232291,0.9483895137767708,0.1413891837408236,1.1,10.52,18.3,1.0544190814781371,7.072676802725379,1.0587927520546108,closing,market_average_close,2.5492543084963884e-11,0.9999999999745075,0.9999999999745075,2.5492543084963884e-11,market_only,test,2025,0,0.14138918371533116,-0.14138918371533105
24,2025-09-27 13:30:00,2025,30261,1,1,home_win,0,naive_bayes,4,FC Heidenheim,Augsburg,,5,5,0.3338959235092706,0.2721348278312552,0.3939692486594741,0.6060307513405259,0.6661040764907293,2.82,3.46,2.39,1.650081283479466,1.501266897011578,1.0620373119594808,closing,market_average_close,0.7908962617769308,0.20910373822306874,0.20910373822306874,0.7908962617769308,market_only,test,2025,0,-0.12479218528620187,0.1247921852862015
24,2025-09-27 13:30:00,2025,30262,0,0,home_win,0,naive_bayes,4,Mainz 05,Borussia Dortmund,,,,,,,,,,,,,,,,,0.6484467329340544,0.35155326706594575,0.35155326706594575,0.6484467329340544,market_only,test,2025,1,,
24,2025-09-27 13:30:00,2025,30263,0,0,home_win,0,naive_bayes,4,St. Pauli,Bayer Leverkusen,,5,5,0.3176021327184955,0.2758123784134303,0.4065854888680741,0.5934145111319259,0.6823978672815045,2.97,3.42,2.32,1.685162700339971,1.4654207581036849,1.0601324802776708,closing,market_average_close,0.8363103797395262,0.16368962026047412,0.16368962026047412,0.8363103797395262,market_only,test,2025,1,-0.1539125124580214,0.15391251245802162
24,2025-09-27 13:30:00,2025,30264,0,0,home_win,0,naive_bayes,4,Wolfsburg,RasenBallsport Leipzig,,5,5,0.3631156057074777,0.2576628544609225,0.3792215398315998,0.6207784601684003,0.6368843942925223,2.59,3.65,2.48,1.610880634822167,1.5701436696542732,1.063298795291725,closing,market_average_close,0.7206822018650838,0.2793177981349157,0.2793177981349157,0.7206822018650838,market_only,test,2025,1,-0.083797807572562,0.0837978075725615
25,2025-09-27 16:30:00,2025,30265,0,0,home_win,0,naive_bayes,4,Borussia M.Gladbach,Eintracht Frankfurt,,5,5,0.3244557995317345,0.2592071125735619,0.4163370878947035,0.5836629121052964,0.6755442004682655,2.9,3.63,2.26,1.713317703180691,1.480288039341959,1.0627875559770033,closing,market_average_close,0.8242948167920642,0.17570518320793643,0.17570518320793643,0.8242948167920642,market_only,test,2025,1,-0.14875061632379805,0.1487506163237987
26,2025-09-28 13:30:00,2025,30266,0,0,home_win,0,naive_bayes,4,Freiburg,Hoffenheim,,5,5,0.41201627620025,0.2816469470144992,0.3063367767852508,0.6936632232147493,0.5879837237997501,2.29,3.35,3.08,1.4416217647600624,1.7007273492838564,1.0598640100693153,closing,market_average_close,0.719807291727805,0.2801927082721955,0.2801927082721955,0.719807291727805,market_only,test,2025,1,-0.1318235679280545,0.13182356792805494
27,2025-09-28 15:30:00,2025,30267,0,0,home_win,0,naive_bayes,4,FC Cologne,VfB Stuttgart,,5,5,0.3716019016871233,0.2597107213448679,0.3686873769680086,0.6313126230319912,0.6283980983128765,2.53,3.62,2.55,1.584001275306871,1.591347909366372,1.0636568736637977,closing,market_average_close,0.8093207945785132,0.19067920542148706,0.19067920542148706,0.8093207945785132,market_only,test,2025,1,-0.18092269626563626,0.18092269626563673
28,2025-09-28 17:30:00,2025,30268,0,0,home_win,0,naive_bayes,4,Union Berlin,Hamburger SV,,5,5,0.4781150587622322,0.2638337999332206,0.2580511413045472,0.7419488586954528,0.5218849412377679,1.97,3.57,3.65,1.34780179021809,1.9161311641379697,1.0616988607556226,closing,market_average_close,0.6846859563705178,0.31531404362948207,0.31531404362948207,0.6846859563705178,market_only,test,2025,1,-0.16280101513275014,0.16280101513274992
29,2025-10-03 18:30:00,2025,30274,0,0,home_win,0,naive_bayes,4,Hoffenheim,FC Cologne,,6,6,0.4852246034277759,0.2503552475132674,0.2644201490589565,0.7355798509410434,0.5147753965722239,1.94,3.76,3.56,1.359471712990341,1.9425947833924853,1.0623202407387784,closing,market_average_close,0.7132278259960533,0.28677217400394667,0.28677217400394667,0.7132278259960533,market_only,test,2025,1,-0.19845242942382924,0.19845242942382935
30,2025-10-04 13:30:00,2025,30269,1,1,home_win,0,naive_bayes,4,Bayer Leverkusen,Union Berlin,,6,6,0.5557125930167742,0.2428564031178704,0.2014310038653552,0.7985689961346447,0.4442874069832257,1.7,3.89,4.69,1.2522399502614705,2.2507952831482245,1.0585243190626978,closing,market_average_close,0.5391438450365618,0.46085615496343807,0.46085615496343807,0.5391438450365618,market_only,test,2025,0,-0.09485643805333616,0.09485643805333605
30,2025-10-04 13:30:00,2025,30271,0,0,home_win,0,naive_bayes,4,Borussia Dortmund,RasenBallsport Leipzig,,,,,,,,,,,,,,,,,0.6429736022167646,0.3570263977832356,0.3570263977832356,0.6429736022167646,market_only,test,2025,1,,
30,2025-10-04 13:30:00,2025,30276,1,1,home_win,0,naive_bayes,4,Augsburg,Wolfsburg,,6,6,0.3775607633643142,0.2689179226241555,0.3535213140115302,0.6464786859884697,0.6224392366356857,2.5,3.51,2.67,1.546841406644357,1.6065825242718448,1.0594321201062775,closing,market_average_close,0.8505169878112555,0.14948301218874468,0.14948301218874468,0.8505169878112555,market_only,test,2025,0,-0.22807775117556953,0.22807775117556983
30,2025-10-04 13:30:00,2025,30277,1,1,home_win,0,naive_bayes,4,Werder Bremen,St. Pauli,,6,6,0.4073865068978352,0.268109068642165,0.3245044244599998,0.6754955755400003,0.5926134931021648,2.31,3.51,2.9,1.4803945965161749,1.6874404846323725,1.0626283040076143,closing,market_average_close,0.8472571952361636,0.15274280476383623,0.15274280476383623,0.8472571952361636,market_only,test,2025,0,-0.25464370213399895,0.2546437021339988
31,2025-10-04 16:30:00,2025,30272,0,0,home_win,0,naive_bayes,4,Eintracht Frankfurt,Bayern Munich,,6,6,0.1406427000124242,0.1664851749263679,0.6928721250612078,0.3071278749387922,0.8593572999875757,6.7,5.66,1.36,3.2559727774604985,1.16366033082451,1.0612262942200243,closing,market_average_close,0.9999984285431724,1.5714568282224645e-06,1.5714568282224645e-06,0.9999984285431724,market_only,test,2025,1,-0.140641128555596,0.14064112855559674
32,2025-10-05 13:30:00,2025,30275,1,1,home_win,1,naive_bayes,4,VfB Stuttgart,FC Heidenheim,,6,6,0.678629057789017,0.1864218162701054,0.1349491259408774,0.8650508740591225,0.3213709422109829,1.39,5.06,6.99,1.1560013751649645,3.1116690050449267,1.0601144353817529,closing,market_average_close,0.08737007390041684,0.9126299260995826,0.9126299260995826,0.08737007390041684,market_only,test,2025,0,0.23400086831056555,-0.23400086831056605
33,2025-10-05 15:30:00,2025,30273,1,1,home_win,0,naive_bayes,4,Hamburger SV,Mainz 05,,6,6,0.3050185252790443,0.2559828495529854,0.4389986251679703,0.5610013748320297,0.6949814747209557,3.08,3.67,2.14,1.7825268258913118,1.4388872745155017,1.0644446083341903,closing,market_average_close,0.8889816975874072,0.11101830241259292,0.11101830241259292,0.8889816975874072,market_only,test,2025,0,-0.19400022286645136,0.19400022286645147
34,2025-10-05 17:30:00,2025,30270,0,0,home_win,0,naive_bayes,4,Borussia M.Gladbach,Freiburg,,6,6,0.3643627646823811,0.2808629644426688,0.35477427087495,0.6452257291250499,0.6356372353176187,2.59,3.36,2.66,1.54984520123839,1.573224387177876,1.059659283343494,closing,market_average_close,0.7607778911551133,0.23922210884488662,0.23922210884488662,0.7607778911551133,market_only,test,2025,1,-0.12514065583749448,0.12514065583749456
35,2025-10-17 18:30:00,2025,30285,1,1,home_win,0,naive_bayes,4,Union Berlin,Borussia M.Gladbach,,7,7,0.4206850523204538,0.2829833384978428,0.2963316091817033,0.7036683908182966,0.5793149476795462,2.24,3.33,3.18,1.4211239456657974,1.7261767610269914,1.0611942805339032,closing,market_average_close,0.6742202574115211,0.3257797425884791,0.3257797425884791,0.6742202574115211,market_only,test,2025,0,-0.0949053097319747,0.09490530973197497
36,2025-10-18 13:30:00,2025,30279,0,0,home_win,0,naive_bayes,4,FC Cologne,Augsburg,,7,7,0.4759481961147087,0.2493061979648474,0.274745605920444,0.7252543940795562,0.5240518038852915,1.98,3.78,3.43,1.3788265306122445,1.9082082965578109,1.0611459591051426,closing,market_average_close,0.5359781557301454,0.4640218442698547,0.4640218442698547,0.5359781557301454,market_only,test,2025,1,-0.011926351844853966,0.01192635184485391
36,2025-10-18 13:30:00,2025,30281,0,0,home_win,0,naive_bayes,4,FC Heidenheim,Werder Bremen,,7,7,0.3526812727161972,0.2721557798127881,0.3751629474710146,0.6248370525289854,0.6473187272838028,2.67,3.46,2.51,1.600417254310653,1.5448340328358394,1.061955550748447,closing,market_average_close,0.7576219869162073,0.24237801308379212,0.24237801308379212,0.7576219869162073,market_only,test,2025,1,-0.11030325963240509,0.1103032596324045
36,2025-10-18 13:30:00,2025,30282,0,0,home_win,0,naive_bayes,4,Mainz 05,Bayer Leverkusen,,7,7,0.376246878958956,0.2715520952486378,0.3522010257924062,0.6477989742075938,0.6237531210410441,2.49,3.45,2.66,1.543688767372978,1.6031983909451224,1.0674013477906394,closing,market_average_close,0.6567038832870955,0.34329611671290505,0.34329611671290505,0.6567038832870955,market_only,test,2025,1,-0.032950762246050924,0.032950762246051424
36,2025-10-18 13:30:00,2025,30283,1,1,home_win,1,naive_bayes,4,RasenBallsport Leipzig,Hamburger SV,,7,7,0.6492655038542866,0.1898054396348217,0.1609290565108915,0.8390709434891084,0.3507344961457133,1.45,4.96,5.85,1.1917943384402043,2.851159526619669,1.0622082465797706,closing,market_average_close,0.1113090743137279,0.8886909256862727,0.8886909256862727,0.1113090743137279,market_only,test,2025,0,0.23942542183198612,-0.2394254218319854
36,2025-10-18 13:30:00,2025,30286,0,0,home_win,0,naive_bayes,4,Wolfsburg,VfB Stuttgart,,7,7,0.3324211042392531,0.2672590127832632,0.4003198829774835,0.5996801170225163,0.6675788957607467,2.83,3.52,2.35,1.6675557044731113,1.497950289246995,1.0629797144438902,closing,market_average_close,0.7901798359972234,0.2098201640027761,0.2098201640027761,0.7901798359972234,market_only,test,2025,1,-0.122600940236477,0.12260094023647672
37,2025-10-18 16:30:00,2025,30278,1,1,home_win,0,naive_bayes,4,Bayern Munich,Borussia Dortmund,,,,,,,,,,,,,,,,,0.6514698312938183,0.34853016870618164,0.34853016870618164,0.6514698312938183,market_only,test,2025,0,,
38,2025-10-19 13:30:00,2025,30280,0,0,home_win,0,naive_bayes,4,Freiburg,Eintracht Frankfurt,,7,7,0.3832278939489061,0.2663109093543246,0.3504611966967692,0.6495388033032308,0.6167721060510938,2.46,3.54,2.69,1.539553903345725,1.6213443996398231,1.060737152642776,closing,market_average_close,0.7778082240093882,0.22219177599061207,0.22219177599061207,0.7778082240093882,market_only,test,2025,1,-0.16103611795829403,0.16103611795829442
39,2025-10-19 15:30:00,2025,30284,0,0,home_win,0,naive_bayes,4,St. Pauli,Hoffenheim,,7,7,0.3558034896268095,0.2773174257385427,0.3668790846346479,0.6331209153653522,0.6441965103731906,2.65,3.4,2.57,1.579477119979419,1.5523213552036914,1.06058119599062,closing,market_average_close,0.8307802508323693,0.16921974916763072,0.16921974916763072,0.8307802508323693,market_only,test,2025,1,-0.1865837404591788,0.1865837404591787
40,2025-10-24 18:30:00,2025,30295,1,1,home_win,0,naive_bayes,4,Werder Bremen,Union Berlin,,8,8,0.4119064019206956,0.2726201330631194,0.3154734650161849,0.684526534983815,0.5880935980793043,2.29,3.46,2.99,1.460863748727643,1.7004096002166482,1.0601467242830032,closing,market_average_close,0.7594858685516968,0.24051413144830353,0.24051413144830353,0.7594858685516968,market_only,test,2025,0,-0.17139227047239208,0.17139227047239247
41,2025-10-25 13:30:00,2025,30287,0,0,home_win,0,naive_bayes,4,Augsburg,RasenBallsport Leipzig,,8,8,0.2912621359223301,0.2475728155339805,0.4611650485436893,0.5388349514563107,0.7087378640776698,3.23,3.8,2.04,1.855855855855856,1.4109589041095891,1.0629514963880289,closing,market_average_close,0.922198446667485,0.07780155333251497,0.07780155333251497,0.922198446667485,market_only,test,2025,1,-0.2134605825898151,0.21346058258981515
41,2025-10-25 13:30:00,2025,30289,0,0,home_win,0,naive_bayes,4,Borussia M.Gladbach,Bayern Munich,,8,8,0.1005153925185578,0.1399449075629847,0.7595396999184574,0.2404603000815425,0.8994846074814421,9.37,6.73,1.24,4.158690643157684,1.1117477627549417,1.0617636089197244,closing,market_average_close,0.9999999999999076,9.287695078876225e-14,9.287695078876225e-14,0.9999999999999076,market_only,test,2025,1,-0.10051539251846493,0.10051539251846553
41,2025-10-25 13:30:00,2025,30291,1,1,home_win,1,naive_bayes,4,Eintracht Frankfurt,St. Pauli,,8,8,0.5739622043361102,0.2209619753782208,0.205075820285669,0.794924179714331,0.4260377956638898,1.64,4.26,4.59,1.2579816107233854,2.347209590739975,1.062362805345811,closing,market_average_close,0.406306076767372,0.5936939232326276,0.5936939232326276,0.406306076767372,market_only,test,2025,0,0.01973171889651737,-0.019731718896517758
41,2025-10-25 13:30:00,2025,30292,0,0,home_win,0,naive_bayes,4,Hamburger SV,Wolfsburg,,8,8,0.4364024900120784,0.2575490104989315,0.3060484994889901,0.69395150051101,0.5635975099879216,2.16,3.66,3.08,1.441022894631142,1.7743158588855918,1.0608623313541343,closing,market_average_close,0.7029541731696892,0.2970458268303108,0.2970458268303108,0.7029541731696892,market_only,test,2025,1,-0.13935666318176765,0.13935666318176765
41,2025-10-25 13:30:00,2025,30293,1,1,home_win,1,naive_bayes,4,Hoffenheim,FC Heidenheim,,8,8,0.6004885744821619,0.2157361697796325,0.1837752557382055,0.8162247442617944,0.399511425517838,1.57,4.37,5.13,1.2251527621897995,2.5030573248407646,1.060707400983458,closing,market_average_close,0.31616603890852407,0.6838339610914759,0.6838339610914759,0.31616603890852407,market_only,test,2025,0,0.08334538660931401,-0.08334538660931395
42,2025-10-25 16:30:00,2025,30290,1,1,home_win,0,naive_bayes,4,Borussia Dortmund,FC Cologne,,,,,,,,,,,,,,,,,0.6472491386330748,0.3527508613669253,0.3527508613669253,0.6472491386330748,market_only,test,2025,0,,
43,2025-10-26 13:30:00,2025,30288,1,1,home_win,0,naive_bayes,4,Bayer Leverkusen,Freiburg,,8,8,0.4814513315501803,0.2621235027328759,0.2564251657169438,0.7435748342830563,0.5185486684498197,1.96,3.6,3.68,1.3448545511416952,1.9284592958062348,1.0597209898452131,closing,market_average_close,0.614269451242683,0.38573054875731694,0.38573054875731694,0.614269451242683,market_only,test,2025,0,-0.09572078279286333,0.09572078279286322
44,2025-10-26 15:30:00,2025,30294,1,1,home_win,0,naive_bayes,4,VfB Stuttgart,Mainz 05,,8,8,0.4567762380451178,0.2606534765576019,0.2825702853972801,0.7174297146027198,0.5432237619548821,2.06,3.61,3.33,1.3938647642351347,1.840862035197672,1.0627455037534914,closing,market_average_close,0.6469228681238669,0.3530771318761335,0.3530771318761335,0.6469228681238669,market_only,test,2025,0,-0.10369910616898431,0.10369910616898481
45,2025-10-31 19:30:00,2025,30296,0,0,home_win,0,naive_bayes,4,Augsburg,Borussia Dortmund,,,,,,,,,,,,,,,,,0.6451669243343535,0.3548330756656463,0.3548330756656463,0.6451669243343535,market_only,test,2025,1,,
46,2025-11-01 14:30:00,2025,30299,0,0,home_win,0,naive_bayes,4,FC Heidenheim,Eintracht Frankfurt,,9,9,0.2351589517721564,0.2334083888557384,0.531432659372105,0.4685673406278949,0.7648410482278435,4.0,4.03,1.77,2.1341649604941924,1.3074612068965517,1.0631107092288066,closing,market_average_close,0.9777486784999959,0.022251321500003963,0.022251321500003963,0.9777486784999959,market_only,test,2025,1,-0.21290763027215243,0.21290763027215243
46,2025-11-01 14:30:00,2025,30300,0,0,home_win,0,naive_bayes,4,Mainz 05,Werder Bremen,,9,9,0.5056474088975503,0.2468514909578592,0.2475011001445904,0.7524988998554096,0.4943525911024496,1.86,3.81,3.8,1.32890559732665,2.022847696155313,1.0632594949400425,closing,market_average_close,0.5100210373846465,0.4899789626153542,0.4899789626153542,0.5100210373846465,market_only,test,2025,1,-0.015668446282196158,0.015668446282196935
46,2025-11-01 14:30:00,2025,30301,1,1,home_win,0,naive_bayes,4,RasenBallsport Leipzig,VfB Stuttgart,,9,9,0.4514352590056395,0.2509307689685602,0.2976339720258001,0.7023660279741998,0.5485647409943604,2.09,3.76,3.17,1.4237590660303594,1.822938889924536,1.0598837595792532,closing,market_average_close,0.6263716732434262,0.3736283267565736,0.3736283267565736,0.6263716732434262,market_only,test,2025,0,-0.07780693224906593,0.07780693224906587
46,2025-11-01 14:30:00,2025,30302,0,0,home_win,0,naive_bayes,4,St. Pauli,Borussia M.Gladbach,,9,9,0.4083536431632911,0.2782586771997647,0.3133876796369443,0.6866123203630559,0.591646356836709,2.31,3.39,3.01,1.456425948592411,1.6901988636363636,1.0601115972591584,closing,market_average_close,0.7022247489981402,0.29777525100186025,0.29777525100186025,0.7022247489981402,market_only,test,2025,1,-0.11057839216143084,0.11057839216143128
46,2025-11-01 14:30:00,2025,30303,0,0,home_win,0,naive_bayes,4,Union Berlin,Freiburg,,9,9,0.3601214541494084,0.3004835063284873,0.3393950395221044,0.6606049604778957,0.6398785458505918,2.62,3.14,2.78,1.513763988808953,1.5627965752011548,1.0598629571084222,closing,market_average_close,0.7857086706162111,0.2142913293837887,0.2142913293837887,0.7857086706162111,market_only,test,2025,1,-0.14583012476561968,0.1458301247656193
47,2025-11-01 17:30:00,2025,30297,1,1,home_win,1,naive_bayes,4,Bayern Munich,Bayer Leverkusen,,9,9,0.7479522367875091,0.1520031965084292,0.1000445667040617,0.8999554332959384,0.252047763212491,1.26,6.2,9.42,1.1111661344580863,3.967501981586488,1.061098228757978,closing,market_average_close,0.003599914540140484,0.9964000854598597,0.9964000854598597,0.003599914540140484,market_only,test,2025,0,0.2484478486723506,-0.2484478486723505
48,2025-11-02 14:30:00,2025,30298,1,1,home_win,0,naive_bayes,4,FC Cologne,Hamburger SV,,9,9,0.3886057692307692,0.2667548076923077,0.3446394230769231,0.6553605769230769,0.6113942307692308,2.43,3.54,2.74,1.525877562997469,1.6356058818903827,1.0589720131007057,closing,market_average_close,0.7539420810704621,0.24605791892953785,0.24605791892953785,0.7539420810704621,market_only,test,2025,0,-0.14254785030123138,0.1425478503012313
49,2025-11-02 16:30:00,2025,30304,0,0,home_win,0,naive_bayes,4,Wolfsburg,Hoffenheim,,9,9,0.3485571190078702,0.2543524922489864,0.3970903887431433,0.6029096112568566,0.6514428809921297,2.7,3.7,2.37,1.658623417721519,1.535053999633901,1.0625815689106828,closing,market_average_close,0.8091237868056327,0.19087621319436684,0.19087621319436684,0.8091237868056327,market_only,test,2025,1,-0.15768090581350333,0.15768090581350303
50,2025-11-07 19:30:00,2025,30313,1,1,home_win,0,naive_bayes,4,Werder Bremen,Wolfsburg,,10,10,0.4406371921600074,0.2590559316545098,0.3003068761854827,0.6996931238145173,0.5593628078399926,2.14,3.64,3.14,1.4291979811782336,1.7877484630441376,1.060486331931061,closing,market_average_close,0.6671159615840385,0.3328840384159611,0.3328840384159611,0.6671159615840385,market_only,test,2025,0,-0.10775315374404631,0.10775315374404593
51,2025-11-08 14:30:00,2025,30305,1,1,home_win,1,naive_bayes,4,Bayer Leverkusen,FC Heidenheim,,10,10,0.6805695308110046,0.1907241225458258,0.1287063466431695,0.8712936533568304,0.3194304691889954,1.39,4.96,7.35,1.14771867802239,3.130571740820179,1.0570917854261688,closing,market_average_close,0.06114311503298577,0.9388568849670146,0.9388568849670146,0.06114311503298577,market_only,test,2025,0,0.25828735415601,-0.2582873541560097
51,2025-11-08 14:30:00,2025,30309,0,0,home_win,0,naive_bayes,4,Hamburger SV,Borussia Dortmund,,,,,,,,,,,,,,,,,0.6464705098054256,0.3535294901945742,0.3535294901945742,0.6464705098054256,market_only,test,2025,1,,
51,2025-11-08 14:30:00,2025,30310,1,1,home_win,0,naive_bayes,4,Hoffenheim,RasenBallsport Leipzig,,10,10,0.3493873436860175,0.2508898478596402,0.3997228084543421,0.6002771915456577,0.6506126563139825,2.7,3.76,2.36,1.6658970457049906,1.5370128298232872,1.060056630738203,closing,market_average_close,0.8084086753006253,0.191591324699375,0.191591324699375,0.8084086753006253,market_only,test,2025,0,-0.15779601898664247,0.15779601898664286
51,2025-11-08 14:30:00,2025,30312,0,0,home_win,0,naive_bayes,4,Union Berlin,Bayern Munich,,10,10,0.0803999487499863,0.1408501344319641,0.7787499168180496,0.2212500831819504,0.9196000512500138,11.72,6.69,1.21,4.519772312029485,1.087429256491122,1.0612473441648276,closing,market_average_close,1.0,3.5151574844729147e-23,3.5151574844729147e-23,1.0,market_only,test,2025,1,-0.0803999487499863,0.08039994874998624
52,2025-11-08 17:30:00,2025,30306,1,1,home_win,0,naive_bayes,4,Borussia M.Gladbach,FC Cologne,,10,10,0.4635423519195853,0.2564008104623319,0.2800568376180827,0.7199431623819172,0.5364576480804146,2.03,3.67,3.36,1.3889985380116958,1.8640800510129003,1.062709449090169,closing,market_average_close,0.5821949439142421,0.41780505608575813,0.41780505608575813,0.5821949439142421,market_only,test,2025,0,-0.045737295833827185,0.04573729583382746
53,2025-11-09 14:30:00,2025,30308,1,1,home_win,1,naive_bayes,4,Freiburg,St. Pauli,,10,10,0.5319866952415124,0.2637581094054557,0.2042551953530318,0.7957448046469682,0.4680133047584875,1.77,3.57,4.61,1.256684296473226,2.1366913928142224,1.0620035359266689,closing,market_average_close,0.41075949388432603,0.5892405061156736,0.5892405061156736,0.41075949388432603,market_only,test,2025,0,0.05725381087416115,-0.05725381087416148
54,2025-11-09 16:30:00,2025,30311,1,1,home_win,1,naive_bayes,4,VfB Stuttgart,Augsburg,,10,10,0.6231771618329438,0.2081852907893241,0.168637547377732,0.8313624526222679,0.3768228381670562,1.51,4.52,5.58,1.2028447963289883,2.653766966100584,1.062702063216287,closing,market_average_close,0.15647164240063136,0.8435283575993688,0.8435283575993688,0.15647164240063136,market_only,test,2025,0,0.22035119576642503,-0.22035119576642484
55,2025-11-09 18:30:00,2025,30307,1,1,home_win,1,naive_bayes,4,Eintracht Frankfurt,Mainz 05,,10,10,0.5125677673730902,0.2418268440939708,0.245605388532939,0.754394611467061,0.4874322326269098,1.84,3.9,3.84,1.3255662020905925,2.051567239635996,1.0603051839464883,closing,market_average_close,0.42901724295815946,0.5709827570418404,0.5709827570418404,0.42901724295815946,market_only,test,2025,0,0.05841498966875025,-0.05841498966875036
56,2025-11-21 19:30:00,2025,30319,0,0,home_win,0,naive_bayes,4,Mainz 05,Hoffenheim,,11,11,0.3787920923765189,0.2679523608004353,0.3532555468230458,0.6467444531769542,0.6212079076234811,2.49,3.52,2.67,1.54620576193236,1.6097670163691924,1.0602291699997128,closing,market_average_close,0.6880965377130488,0.3119034622869512,0.3119034622869512,0.6880965377130488,market_only,test,2025,1,-0.06688863008956769,0.06688863008956769
57,2025-11-22 14:30:00,2025,30314,1,1,home_win,0,naive_bayes,4,Augsburg,Hamburger SV,,11,11,0.3863851155395293,0.2781061008603102,0.3355087836001607,0.6644912163998395,0.6136148844604709,2.44,3.39,2.81,1.50491078786251,1.6296866737176094,1.06069320243223,closing,market_average_close,0.6784208565429147,0.3215791434570849,0.3215791434570849,0.6784208565429147,market_only,test,2025,0,-0.06480597208244443,0.06480597208244387
57,2025-11-22 14:30:00,2025,30315,1,1,home_win,1,naive_bayes,4,Bayern Munich,Freiburg,,11,11,0.8136863300810712,0.1225813172589665,0.0637323526599623,0.9362676473400378,0.1863136699189289,1.16,7.7,14.81,1.0680706556944777,5.367292697498431,1.059461040019377,closing,market_average_close,1.4967699832616966e-06,0.9999985032300167,0.9999985032300167,1.4967699832616966e-06,market_only,test,2025,0,0.18631217314894555,-0.18631217314894563
57,2025-11-22 14:30:00,2025,30316,0,0,home_win,0,naive_bayes,4,Borussia Dortmund,VfB Stuttgart,,,,,,,,,,,,,,,,,0.64408070168666,0.35591929831334,0.35591929831334,0.64408070168666,market_only,test,2025,1,,
57,2025-11-22 14:30:00,2025,30318,0,0,home_win,0,naive_bayes,4,FC Heidenheim,Borussia M.Gladbach,,11,11,0.289410392828511,0.2605495226295459,0.450040084541943,0.549959915458057,0.710589607171489,3.25,3.61,2.09,1.818314338722502,1.4072820512820512,1.0631695174631464,closing,market_average_close,0.8715784431764874,0.12842155682351242,0.12842155682351242,0.8715784431764874,market_only,test,2025,1,-0.16098883600499858,0.16098883600499836
57,2025-11-22 14:30:00,2025,30322,0,0,home_win,0,naive_bayes,4,Wolfsburg,Bayer Leverkusen,,11,11,0.2801501487148755,0.2477968507005592,0.4720530005845653,0.5279469994154348,0.7198498512851246,3.37,3.81,2.0,1.8941295264623956,1.3891785880273957,1.05920309664556,closing,market_average_close,0.9087056361787669,0.09129436382123328,0.09129436382123328,0.9087056361787669,market_only,test,2025,1,-0.1888557848936422,0.1888557848936423
58,2025-11-22 17:30:00,2025,30317,0,0,home_win,0,naive_bayes,4,FC Cologne,Eintracht Frankfurt,,11,11,0.3483917600289121,0.2612938200216841,0.3903144199494036,0.6096855800505963,0.6516082399710877,2.7,3.6,2.41,1.6401896858328395,1.5346644481419858,1.0630859074842478,closing,market_average_close,0.7380270687434913,0.26197293125650845,0.26197293125650845,0.7380270687434913,market_only,test,2025,1,-0.08641882877240364,0.08641882877240359
59,2025-11-23 14:30:00,2025,30320,1,1,home_win,1,naive_bayes,4,RasenBallsport Leipzig,Werder Bremen,,11,11,0.6239522321848526,0.1996118369913405,0.1764359308238066,0.8235640691761932,0.3760477678151472,1.51,4.72,5.34,1.2142346144366094,2.659236633181046,1.0613819800117965,closing,market_average_close,0.1527287581195377,0.8472712418804624,0.8472712418804624,0.1527287581195377,market_only,test,2025,0,0.2233190096956098,-0.2233190096956095
60,2025-11-23 16:30:00,2025,30321,0,0,home_win,0,naive_bayes,4,St. Pauli,Union Berlin,,11,11,0.3581125187621357,0.3171164728432379,0.3247710083946264,0.6752289916053735,0.6418874812378643,2.63,2.97,2.9,1.480979064039409,1.5579054417318194,1.0617560597893625,closing,market_average_close,0.7310397294577644,0.2689602705422353,0.2689602705422353,0.7310397294577644,market_only,test,2025,1,-0.08915224821990037,0.08915224821990009
61,2025-11-28 19:30:00,2025,30325,0,0,home_win,0,naive_bayes,4,Borussia M.Gladbach,RasenBallsport Leipzig,,12,12,0.3349830255695756,0.2503463568751349,0.4146706175552896,0.5853293824447106,0.6650169744304246,2.81,3.76,2.27,1.7084397776570848,1.5037210153266876,1.0623579672907404,closing,market_average_close,0.7867373848041864,0.21326261519581324,0.21326261519581324,0.7867373848041864,market_only,test,2025,1,-0.12172041037376236,0.1217204103737618
62,2025-11-29 14:30:00,2025,30324,1,1,home_win,1,naive_bayes,4,Bayern Munich,St. Pauli,,12,12,0.8549893334774407,0.0996888823697436,0.0453217841528156,0.9546782158471844,0.1450106665225592,1.11,9.52,20.94,1.0474733616002718,6.896044435768664,1.05369840958919,closing,market_average_close,1.3756660973431829e-11,0.9999999999862439,0.9999999999862439,1.3756660973431829e-11,market_only,test,2025,0,0.14501066650880323,-0.14501066650880254
62,2025-11-29 14:30:00,2025,30329,1,1,home_win,1,naive_bayes,4,Hoffenheim,Augsburg,,12,12,0.5515859807822119,0.2340476494137921,0.214366369803996,0.7856336301960041,0.4484140192177881,1.71,4.03,4.4,1.2728579347481783,2.23008192684162,1.0602070067265312,closing,market_average_close,0.3543882142367848,0.6456117857632154,0.6456117857632154,0.3543882142367848,market_only,test,2025,0,0.09402580498100355,-0.09402580498100332
62,2025-11-29 14:30:00,2025,30330,0,0,home_win,1,naive_bayes,4,Union Berlin,FC Heidenheim,,12,12,0.5970891901977857,0.2456773230501306,0.1572334867520836,0.8427665132479163,0.4029108098022142,1.58,3.84,6.0,1.186568265682657,2.481938870021612,1.0599947257383966,closing,market_average_close,0.23316875753451327,0.7668312424654863,0.7668312424654863,0.23316875753451327,market_only,test,2025,1,0.16974205226770056,-0.16974205226770095
62,2025-11-29 14:30:00,2025,30331,0,0,home_win,0,naive_bayes,4,Werder Bremen,FC Cologne,,12,12,0.4316488254361081,0.2536373152158263,0.3147138593480655,0.6852861406519345,0.5683511745638918,2.18,3.71,2.99,1.4592444537819895,1.759475557989867,1.0627055358411337,closing,market_average_close,0.6023245702151441,0.3976754297848558,0.3976754297848558,0.6023245702151441,market_only,test,2025,1,-0.03397339565125229,0.033973395651252236
63,2025-11-29 17:30:00,2025,30323,0,0,home_win,0,naive_bayes,4,Bayer Leverkusen,Borussia Dortmund,,,,,,,,,,,,,,,,,0.651193467764486,0.348806532235514,0.348806532235514,0.651193467764486,market_only,test,2025,1,,
64,2025-11-30 14:30:00,2025,30328,1,1,home_win,0,naive_bayes,4,Hamburger SV,VfB Stuttgart,,12,12,0.3446808510638298,0.2680851063829788,0.3872340425531915,0.6127659574468085,0.6553191489361703,2.73,3.51,2.43,1.6319444444444444,1.5259740259740258,1.062723284945507,closing,market_average_close,0.7835358963489034,0.2164641036510963,0.2164641036510963,0.7835358963489034,market_only,test,2025,0,-0.12821674741273348,0.12821674741273315
65,2025-11-30 16:30:00,2025,30326,0,0,home_win,1,naive_bayes,4,Eintracht Frankfurt,Wolfsburg,,12,12,0.4909254633748914,0.2435599198138996,0.2655146168112089,0.7344853831887911,0.5090745366251085,1.92,3.87,3.55,1.3614974823031454,1.9643488881401616,1.0609214069949413,closing,market_average_close,0.49007440318045653,0.5099255968195435,0.5099255968195435,0.49007440318045653,market_only,test,2025,1,0.019000133444652123,-0.019000133444651957
66,2025-11-30 18:30:00,2025,30327,1,1,home_win,1,naive_bayes,4,Freiburg,Mainz 05,,12,12,0.543356479576658,0.2540558674777346,0.2025876529456074,0.7974123470543926,0.456643520423342,1.73,3.7,4.64,1.2540563281894963,2.1898920170222205,1.0638221937305057,closing,market_average_close,0.356805181126866,0.6431948188731341,0.6431948188731341,0.356805181126866,market_only,test,2025,0,0.09983833929647612,-0.09983833929647601
67,2025-12-05 19:30:00,2025,30339,0,0,home_win,0,naive_bayes,4,Mainz 05,Borussia M.Gladbach,,13,13,0.3519736302661572,0.2780383410682366,0.3699880286656062,0.6300119713343939,0.6480263697338429,2.67,3.38,2.54,1.587271425782521,1.5431470796639335,1.0640906107732475,closing,market_average_close,0.7375277013092502,0.26247229869075006,0.26247229869075006,0.7375277013092502,market_only,test,2025,1,-0.08950133157540713,0.0895013315754073
68,2025-12-06 14:30:00,2025,30332,0,0,home_win,0,naive_bayes,4,VfB Stuttgart,Bayern Munich,,13,13,0.2007585651473597,0.2020482347307474,0.5971932001218928,0.4028067998781072,0.7992414348526403,4.7,4.67,1.58,2.482579738729854,1.2511863829787233,1.0598101121645056,closing,market_average_close,0.9967909835861735,0.003209016413826741,0.003209016413826741,0.9967909835861735,market_only,test,2025,1,-0.19754954873353298,0.19754954873353314
68,2025-12-06 14:30:00,2025,30333,1,1,home_win,0,naive_bayes,4,Wolfsburg,Union Berlin,,13,13,0.4709897610921501,0.273037542662116,0.2559726962457337,0.7440273037542662,0.5290102389078498,2.0,3.45,3.68,1.3440366972477065,1.8903225806451611,1.0615942028985508,closing,market_average_close,0.534944041228093,0.4650559587719072,0.4650559587719072,0.534944041228093,market_only,test,2025,0,-0.005933802320242931,0.005933802320243209
68,2025-12-06 14:30:00,2025,30334,1,1,home_win,0,naive_bayes,4,Augsburg,Bayer Leverkusen,,13,13,0.2827770564423738,0.2645077522340182,0.452715191323608,0.547284808676392,0.7172229435576262,3.33,3.56,2.08,1.8272021882326672,1.3942666070325649,1.0619684074740254,closing,market_average_close,0.906417436873772,0.09358256312622784,0.09358256312622784,0.906417436873772,market_only,test,2025,0,-0.18919449331614593,0.1891944933161458
68,2025-12-06 14:30:00,2025,30336,0,0,home_win,0,naive_bayes,4,FC Cologne,St. Pauli,,13,13,0.4736362529650685,0.271624248818584,0.2547394982163476,0.7452605017836524,0.5263637470349316,1.99,3.47,3.7,1.3418126918126916,1.8998268889776635,1.0609672711246865,closing,market_average_close,0.5340224926090891,0.4659775073909112,0.4659775073909112,0.5340224926090891,market_only,test,2025,1,-0.0076587455741573,0.007658745574157466
68,2025-12-06 14:30:00,2025,30338,1,1,home_win,0,naive_bayes,4,FC Heidenheim,Freiburg,,13,13,0.2049023412658294,0.2685329828555029,0.5265646758786677,0.4734353241213324,0.7950976587341707,4.6,3.51,1.79,2.112220928710675,1.2577071369975388,1.0609508071252058,closing,market_average_close,0.9954982816292315,0.004501718370768073,0.004501718370768073,0.9954982816292315,market_only,test,2025,0,-0.20040062289506133,0.20040062289506078
69,2025-12-06 17:30:00,2025,30340,1,1,home_win,1,naive_bayes,4,RasenBallsport Leipzig,Eintracht Frankfurt,,13,13,0.5466793529971455,0.2356612749762131,0.2176593720266412,0.7823406279733587,0.4533206470028543,1.72,3.99,4.32,1.2782156061490564,2.205944085299304,1.063503396734731,closing,market_average_close,0.33036196681223906,0.6696380331877612,0.6696380331877612,0.33036196681223906,market_only,test,2025,0,0.12295868019061562,-0.12295868019061523
70,2025-12-07 14:30:00,2025,30337,1,1,home_win,0,naive_bayes,4,Hamburger SV,Werder Bremen,,13,13,0.3996139848242267,0.271783574693134,0.3286024404826393,0.6713975595173607,0.6003860151757734,2.36,3.47,2.87,1.4894304958732016,1.6655950916965192,1.0603453073487967,closing,market_average_close,0.6572129488612247,0.342787051138775,0.342787051138775,0.6572129488612247,market_only,test,2025,0,-0.05682693368545172,0.05682693368545133
71,2025-12-07 16:30:00,2025,30335,1,1,home_win,0,naive_bayes,4,Borussia Dortmund,Hoffenheim,,,,,,,,,,,,,,,,,0.6571406379031882,0.34285936209681184,0.34285936209681184,0.6571406379031882,market_only,test,2025,0,,
72,2025-12-12 19:30:00,2025,30348,1,1,home_win,0,naive_bayes,4,Union Berlin,RasenBallsport Leipzig,,14,14,0.3106858774746285,0.2835476532373868,0.4057664692879846,0.5942335307120153,0.6893141225253715,3.03,3.32,2.32,1.6828400760249798,1.4507174121667483,1.0622723053360592,closing,market_average_close,0.8191955310317032,0.18080446896829697,0.18080446896829697,0.8191955310317032,market_only,test,2025,0,-0.12988140850633154,0.12988140850633167
73,2025-12-13 14:30:00,2025,30343,0,0,home_win,1,naive_bayes,4,Borussia M.Gladbach,Wolfsburg,,14,14,0.4722820406963986,0.2560875370533605,0.2716304222502408,0.7283695777497592,0.5277179593036014,1.99,3.67,3.46,1.3729293898976695,1.8949516164271567,1.0640094678872305,closing,market_average_close,0.4447511729024158,0.5552488270975846,0.5552488270975846,0.4447511729024158,market_only,test,2025,1,0.08296678640118599,-0.08296678640118565
73,2025-12-13 14:30:00,2025,30344,1,1,home_win,1,naive_bayes,4,Eintracht Frankfurt,Augsburg,,14,14,0.5142804439388815,0.2550496510591202,0.2306699050019983,0.7693300949980018,0.4857195560611185,1.83,3.69,4.08,1.2998321611253196,2.0588011899487304,1.0625488366744804,closing,market_average_close,0.37809843869258103,0.6219015613074194,0.6219015613074194,0.37809843869258103,market_only,test,2025,0,0.10762111736853786,-0.10762111736853747
73,2025-12-13 14:30:00,2025,30346,1,1,home_win,1,naive_bayes,4,Hoffenheim,Hamburger SV,,14,14,0.5596377526932486,0.2276492553328468,0.2127129919739044,0.7872870080260954,0.4403622473067513,1.68,4.13,4.42,1.2701848116447694,2.2708576998050685,1.0636131897348249,closing,market_average_close,0.26257168335976555,0.7374283166402346,0.7374283166402346,0.26257168335976555,market_only,test,2025,0,0.177790563946986,-0.17779056394698572
73,2025-12-13 14:30:00,2025,30347,1,1,home_win,1,naive_bayes,4,St. Pauli,FC Heidenheim,,14,14,0.5078555928461482,0.2771483323791665,0.2149960747746852,0.7850039252253147,0.4921444071538517,1.85,3.39,4.37,1.2738789805579334,2.0319239342435216,1.0643587432230837,closing,market_average_close,0.36658133901585876,0.6334186609841416,0.6334186609841416,0.36658133901585876,market_only,test,2025,0,0.12556306813799334,-0.12556306813799295
74,2025-12-13 17:30:00,2025,30341,1,1,home_win,1,naive_bayes,4,Bayer Leverkusen,FC Cologne,,14,14,0.5415019762845851,0.2292490118577075,0.2292490118577075,0.7707509881422926,0.458498023715415,1.74,4.11,4.11,1.2974358974358973,2.181034482758621,1.0613306485443408,closing,market_average_close,0.31040937576067473,0.6895906242393255,0.6895906242393255,0.31040937576067473,market_only,test,2025,0,0.14808864795474042,-0.14808864795474025
75,2025-12-14 14:30:00,2025,30345,0,0,home_win,0,naive_bayes,4,Freiburg,Borussia Dortmund,,,,,,,,,,,,,,,,,0.6525236638177501,0.3474763361822498,0.3474763361822498,0.6525236638177501,market_only,test,2025,1,,
76,2025-12-14 16:30:00,2025,30342,0,0,home_win,1,naive_bayes,4,Bayern Munich,Mainz 05,,14,14,0.8740270484745132,0.0825130430378037,0.0434599084876829,0.9565400915123168,0.1259729515254867,1.08,11.44,21.72,1.0454344871410164,7.938212035920117,1.0593790289922886,closing,market_average_close,2.8877033742402495e-16,1.0,1.0,2.8877033742402495e-16,market_only,test,2025,1,0.12597295152548682,-0.12597295152548643
77,2025-12-14 18:30:00,2025,30349,0,0,home_win,0,naive_bayes,4,Werder Bremen,VfB Stuttgart,,14,14,0.3343861034346624,0.2588498486642979,0.4067640479010396,0.5932359520989604,0.6656138965653375,2.81,3.63,2.31,1.6856699201419698,1.5023724792408066,1.0642544126853413,closing,market_average_close,0.6851929711931052,0.3148070288068951,0.3148070288068951,0.6851929711931052,market_only,test,2025,1,-0.019579074627767312,0.019579074627767645
78,2025-12-19 19:30:00,2025,30351,1,1,home_win,0,naive_bayes,4,Borussia Dortmund,Borussia M.Gladbach,,,,,,,,,,,,,,,,,0.6326947987998176,0.3673052012001823,0.3673052012001823,0.6326947987998176,market_only,test,2025,0,,
79,2025-12-20 14:30:00,2025,30350,0,0,home_win,0,naive_bayes,4,Augsburg,Werder Bremen,,15,15,0.4258015019634673,0.2735527091102508,0.3006457889262819,0.6993542110737181,0.5741984980365328,2.21,3.44,3.13,1.4298905821482086,1.7415580211712365,1.0626751800927838,closing,market_average_close,0.5188145308473828,0.4811854691526175,0.4811854691526175,0.5188145308473828,market_only,test,2025,1,0.05538396718915023,-0.05538396718914995
79,2025-12-20 14:30:00,2025,30352,0,0,home_win,0,naive_bayes,4,FC Cologne,Union Berlin,,15,15,0.3730747455378728,0.2947173538418305,0.3322079006202966,0.6677920993797033,0.6269252544621272,2.52,3.19,2.83,1.4974720439623006,1.5950864842060857,1.0636619111092125,closing,market_average_close,0.6141070665847479,0.3858929334152521,0.3858929334152521,0.6141070665847479,market_only,test,2025,1,0.012818187877379317,-0.012818187877379317
79,2025-12-20 14:30:00,2025,30353,0,0,home_win,0,naive_bayes,4,Hamburger SV,Eintracht Frankfurt,,15,15,0.3849912169614772,0.2771028228277299,0.337905960210793,0.6620940397892071,0.6150087830385229,2.44,3.39,2.78,1.5103594654293715,1.6259930387650448,1.064533546527061,closing,market_average_close,0.5726069373373397,0.42739306266266064,0.42739306266266064,0.5726069373373397,market_only,test,2025,1,0.04240184570118344,-0.042401845701183216
79,2025-12-20 14:30:00,2025,30357,0,0,home_win,1,naive_bayes,4,VfB Stuttgart,Hoffenheim,,15,15,0.4826157436012998,0.2438084715084286,0.2735757848902716,0.7264242151097284,0.5173842563987002,1.95,3.86,3.44,1.3766060921426568,1.9327994380049176,1.062585544752071,closing,market_average_close,0.4102709100086807,0.5897290899913193,0.5897290899913193,0.4102709100086807,market_only,test,2025,1,0.10711334639001957,-0.10711334639001951
79,2025-12-20 14:30:00,2025,30358,0,0,home_win,0,naive_bayes,4,Wolfsburg,Freiburg,,15,15,0.3902432079531725,0.2774295372174472,0.3323272548293802,0.6676727451706197,0.6097567920468274,2.41,3.39,2.83,1.4977397343730965,1.6399981321129804,1.0632799005329268,closing,market_average_close,0.5821498085999508,0.41785019140004886,0.41785019140004886,0.5821498085999508,market_only,test,2025,1,0.027606983446876343,-0.02760698344687662
80,2025-12-20 17:30:00,2025,30356,0,0,home_win,0,naive_bayes,4,RasenBallsport Leipzig,Bayer Leverkusen,,15,15,0.4591618530781286,0.2457654827180583,0.295072664203813,0.7049273357961869,0.5408381469218714,2.05,3.83,3.19,1.4185859296696737,1.8489820026405397,1.0623811076173573,closing,market_average_close,0.5185315414405912,0.4814684585594085,0.4814684585594085,0.5185315414405912,market_only,test,2025,1,0.022306605481279884,-0.022306605481280162
81,2025-12-21 14:30:00,2025,30355,0,0,home_win,1,naive_bayes,4,Mainz 05,St. Pauli,,15,15,0.4799908413259725,0.2842241839875848,0.2357849746864426,0.7642150253135573,0.5200091586740274,1.96,3.31,3.99,1.308532241419488,1.9230430528375737,1.0629454516740708,closing,market_average_close,0.483110842871903,0.5168891571280967,0.5168891571280967,0.483110842871903,market_only,test,2025,1,0.036898315802124215,-0.03689831580212444
82,2025-12-21 16:30:00,2025,30354,0,0,home_win,0,naive_bayes,4,FC Heidenheim,Bayern Munich,,15,15,0.0721136767317939,0.1159857904085257,0.8119005328596803,0.1880994671403197,0.927886323268206,13.06,8.12,1.16,5.316336166194523,1.0777182235834608,1.061791353284198,closing,market_average_close,1.0,4.2609936311866395e-30,4.2609936311866395e-30,1.0,market_only,test,2025,1,-0.0721136767317939,0.07211367673179403
83,2026-01-09 19:30:00,2025,30362,0,0,home_win,0,naive_bayes,4,Eintracht Frankfurt,Borussia Dortmund,,,,,,,,,,,,,,,,,0.6225525794025542,0.37744742059744574,0.37744742059744574,0.6225525794025542,market_only,test,2025,1,,
84,2026-01-10 14:30:00,2025,30363,1,1,home_win,1,naive_bayes,4,Freiburg,Hamburger SV,,16,16,0.5335527850496359,0.2623052798009382,0.2041419351494258,0.7958580648505742,0.4664472149503641,1.76,3.58,4.6,1.2565054551375996,2.143865303400756,1.0649027314681918,closing,market_average_close,0.3704919951648419,0.6295080048351578,0.6295080048351578,0.3704919951648419,market_only,test,2025,0,0.0959552197855219,-0.09595521978552224
84,2026-01-10 14:30:00,2025,30364,0,0,home_win,0,naive_bayes,4,FC Heidenheim,FC Cologne,,16,16,0.3468519070747838,0.2756506358277607,0.3774974570974554,0.6225025429025446,0.6531480929252161,2.71,3.41,2.49,1.6064191406147463,1.5310463443617488,1.063865247704521,closing,market_average_close,0.7520159137315455,0.24798408626845458,0.24798408626845458,0.7520159137315455,market_only,test,2025,1,-0.09886782080632922,0.09886782080632939
84,2026-01-10 14:30:00,2025,30366,0,0,home_win,0,naive_bayes,4,Union Berlin,Mainz 05,,16,16,0.4490392743722726,0.297470812675638,0.2534899129520894,0.7465100870479107,0.5509607256277274,2.1,3.17,3.72,1.339566627899859,1.815011403690649,1.0604650937407627,closing,market_average_close,0.5697410645416062,0.43025893545839383,0.43025893545839383,0.5697410645416062,market_only,test,2025,1,-0.018780338913878758,0.01878033891387887
85,2026-01-10 17:30:00,2025,30359,0,0,home_win,0,naive_bayes,4,Bayer Leverkusen,VfB Stuttgart,,16,16,0.4397385823117676,0.2557175451486909,0.3045438725395413,0.6954561274604585,0.5602614176882323,2.14,3.68,3.09,1.4379052258143443,1.7848810723505293,1.0626534455302066,closing,market_average_close,0.5787257461488255,0.4212742538511745,0.4212742538511745,0.5787257461488255,market_only,test,2025,1,-0.018464328460593094,0.018464328460593205
86,2026-01-11 14:30:00,2025,30361,1,1,home_win,1,naive_bayes,4,Borussia M.Gladbach,Augsburg,,16,16,0.4925142249420797,0.2605823184596599,0.2469034565982604,0.7530965434017396,0.5074857750579204,1.91,3.61,3.81,1.327851002320362,1.9704985817304297,1.063035711274441,closing,market_average_close,0.48241612234938747,0.5175838776506122,0.5175838776506122,0.48241612234938747,market_only,test,2025,0,0.02506965270853251,-0.025069652708532897
87,2026-01-11 16:30:00,2025,30360,1,1,home_win,1,naive_bayes,4,Bayern Munich,Wolfsburg,,16,16,0.8421713578954156,0.1013138475663658,0.0565147945382184,0.9434852054617816,0.1578286421045842,1.12,9.31,16.69,1.059900032571849,6.335985576923077,1.0601846458996074,closing,market_average_close,1.5874779490662913e-08,0.9999999841252213,0.9999999841252213,1.5874779490662913e-08,market_only,test,2025,0,0.15782862622980565,-0.1578286262298047
88,2026-01-13 17:30:00,2025,30375,1,1,home_win,1,naive_bayes,4,VfB Stuttgart,Eintracht Frankfurt,,17,17,0.5703239829323261,0.221942115999608,0.2077339010680658,0.7922660989319341,0.4296760170676738,1.65,4.24,4.53,1.2622021835190411,2.3273349227739195,1.062660214540759,closing,market_average_close,0.2930373510636144,0.7069626489363856,0.7069626489363856,0.2930373510636144,market_only,test,2025,0,0.1366386660040595,-0.13663866600405938
89,2026-01-13 19:30:00,2025,30369,1,1,home_win,0,naive_bayes,4,Borussia Dortmund,Werder Bremen,,,,,,,,,,,,,,,,,0.6269868326501846,0.3730131673498153,0.3730131673498153,0.6269868326501846,market_only,test,2025,0,,
89,2026-01-13 19:30:00,2025,30373,1,1,home_win,1,naive_bayes,4,Mainz 05,FC Heidenheim,,17,17,0.5401190468562789,0.2519590191769236,0.2079219339667976,0.7920780660332025,0.4598809531437213,1.74,3.73,4.52,1.2625018200643896,2.1744757924068265,1.0640480964765664,closing,market_average_close,0.344139625172034,0.6558603748279663,0.6558603748279663,0.344139625172034,market_only,test,2025,0,0.11574132797168746,-0.11574132797168729
90,2026-01-14 17:30:00,2025,30376,1,1,home_win,1,naive_bayes,4,Wolfsburg,St. Pauli,,17,17,0.5125093896554758,0.2702055234859815,0.2172850868585427,0.7827149131414572,0.4874906103445242,1.84,3.49,4.34,1.2776043783124822,2.051321561441501,1.0604259587027425,closing,market_average_close,0.42162130049660856,0.5783786995033913,0.5783786995033913,0.42162130049660856,market_only,test,2025,0,0.0658693098479155,-0.06586930984791561
91,2026-01-14 19:30:00,2025,30370,0,0,home_win,0,naive_bayes,4,FC Cologne,Bayern Munich,,17,17,0.0973109202574078,0.1384423401600235,0.7642467395825687,0.2357532604174313,0.9026890797425922,9.66,6.79,1.23,4.241722885313959,1.1078011493006614,1.0638032038257246,closing,market_average_close,0.9999999999999982,1.1839507034243633e-15,1.1839507034243633e-15,0.9999999999999982,market_only,test,2025,1,-0.09731092025740662,0.09731092025740606
91,2026-01-14 19:30:00,2025,30372,1,1,home_win,1,naive_bayes,4,Hoffenheim,Borussia M.Gladbach,,17,17,0.495236908174712,0.2469685368850269,0.257794554940261,0.742205445059739,0.504763091825288,1.9,3.81,3.65,1.347335844349015,1.9811274163962185,1.06275558381446,closing,market_average_close,0.43082157124529785,0.5691784287547023,0.5691784287547023,0.43082157124529785,market_only,test,2025,0,0.07394152057999026,-0.07394152057999015
91,2026-01-14 19:30:00,2025,30374,1,1,home_win,1,naive_bayes,4,RasenBallsport Leipzig,Freiburg,,17,17,0.5511811023622047,0.241671714112659,0.2071471835251363,0.7928528164748638,0.4488188976377953,1.71,3.9,4.55,1.2612681436210846,2.228070175438596,1.060985797827903,closing,market_average_close,0.32471167621950925,0.6752883237804904,0.6752883237804904,0.32471167621950925,market_only,test,2025,0,0.12410722141828567,-0.12410722141828606
92,2026-01-15 19:30:00,2025,30368,0,0,home_win,0,naive_bayes,4,Augsburg,Union Berlin,,17,17,0.3628721613928652,0.3002680185327543,0.3368598200743803,0.6631401799256196,0.6371278386071346,2.59,3.13,2.79,1.5079767902348549,1.5695437232599396,1.0640121430598604,closing,market_average_close,0.6782808720183136,0.3217191279816862,0.3217191279816862,0.6782808720183136,market_only,test,2025,1,-0.041153033411178985,0.04115303341117893
93,2026-01-16 19:30:00,2025,30384,0,0,home_win,0,naive_bayes,4,Werder Bremen,Eintracht Frankfurt,,18,18,0.3648234903537571,0.2717670638287408,0.3634094458175022,0.6365905541824979,0.635176509646243,2.57,3.45,2.58,1.570868423085838,1.5743655264533365,1.066557030054333,closing,market_average_close,0.6590812688321911,0.34091873116780885,0.34091873116780885,0.6590812688321911,market_only,test,2025,1,-0.023904759185948254,0.023904759185948143
94,2026-01-17 14:30:00,2025,30378,1,1,home_win,0,naive_bayes,4,Borussia Dortmund,St. Pauli,,,,,,,,,,,,,,,,,0.6183425325398669,0.3816574674601331,0.3816574674601331,0.6183425325398669,market_only,test,2025,0,,
94,2026-01-17 14:30:00,2025,30379,1,1,home_win,0,naive_bayes,4,FC Cologne,Mainz 05,,18,18,0.4518767214323854,0.2708655851813722,0.2772576933862424,0.7227423066137577,0.5481232785676147,2.08,3.47,3.39,1.3836190172473355,1.8244070980040368,1.0639389195470397,closing,market_average_close,0.517822334548992,0.4821776654510077,0.4821776654510077,0.517822334548992,market_only,test,2025,0,0.030300944018622322,-0.03030094401862271
94,2026-01-17 14:30:00,2025,30380,0,0,home_win,0,naive_bayes,4,Hamburger SV,Borussia M.Gladbach,,18,18,0.3899553562344591,0.2755989467815385,0.3344456969840023,0.6655543030159976,0.6100446437655409,2.41,3.41,2.81,1.5025070012596156,1.6392242932048935,1.0640647774219054,closing,market_average_close,0.6414460620954956,0.3585539379045045,0.3585539379045045,0.6414460620954956,market_only,test,2025,1,-0.03140141832995458,0.03140141832995469
94,2026-01-17 14:30:00,2025,30381,1,1,home_win,0,naive_bayes,4,Hoffenheim,Bayer Leverkusen,,18,18,0.4070705670317482,0.2534590323027866,0.3394704006654651,0.6605295993345348,0.5929294329682517,2.31,3.71,2.77,1.513936697170683,1.686541339319117,1.063453042201084,closing,market_average_close,0.611070803643087,0.3889291963569133,0.3889291963569133,0.611070803643087,market_only,test,2025,0,-0.0181413706748349,0.018141370674835233
94,2026-01-17 14:30:00,2025,30385,0,0,home_win,1,naive_bayes,4,Wolfsburg,FC Heidenheim,,18,18,0.5655987671001019,0.2355486137299676,0.1988526191699305,0.8011473808300695,0.4344012328998981,1.67,4.01,4.75,1.248209785025945,2.3020192491728872,1.058705269602546,closing,market_average_close,0.3079699283127684,0.6920300716872311,0.6920300716872311,0.3079699283127684,market_only,test,2025,1,0.12643130458712915,-0.1264313045871297
95,2026-01-17 17:30:00,2025,30382,0,0,home_win,0,naive_bayes,4,RasenBallsport Leipzig,Bayern Munich,,18,18,0.2285698316389584,0.2174844587419188,0.5539457096191228,0.4460542903808773,0.7714301683610417,4.12,4.33,1.7,2.2418795683954054,1.296293612841939,1.0619006229366788,closing,market_average_close,0.981122778672624,0.018877221327375515,0.018877221327375515,0.981122778672624,market_only,test,2025,1,-0.20969261031158287,0.20969261031158226
96,2026-01-18 14:30:00,2025,30383,0,0,home_win,1,naive_bayes,4,VfB Stuttgart,Union Berlin,,18,18,0.5966219864943619,0.2310447888875225,0.1723332246181155,0.8276667753818845,0.403378013505638,1.58,4.08,5.47,1.208215709200845,2.4790642189674594,1.0608247881106947,closing,market_average_close,0.22251826888513018,0.7774817311148697,0.7774817311148697,0.22251826888513018,market_only,test,2025,1,0.1808597446205078,-0.18085974462050783
97,2026-01-18 16:30:00,2025,30377,0,0,home_win,0,naive_bayes,4,Augsburg,Freiburg,,18,18,0.3634786559550608,0.2941905371636273,0.3423308068813118,0.6576691931186882,0.6365213440449392,2.59,3.2,2.75,1.52052127492542,1.5710392265014113,1.0622367497367498,closing,market_average_close,0.7153393133129836,0.2846606866870165,0.2846606866870165,0.7153393133129836,market_only,test,2025,1,-0.0788179692680443,0.07881796926804441
98,2026-01-23 19:30:00,2025,30393,0,0,home_win,0,naive_bayes,4,St. Pauli,Hamburger SV,,19,19,0.3347331964144543,0.3232303374311397,0.342036466154406,0.657963533845594,0.6652668035855458,2.81,2.91,2.75,1.5198410680228862,1.5031563195553486,1.0631508614412088,closing,market_average_close,0.7798865772391208,0.22011342276087895,0.22011342276087895,0.7798865772391208,market_only,test,2025,1,-0.11461977365357537,0.11461977365357501
99,2026-01-24 14:30:00,2025,30386,1,1,home_win,1,naive_bayes,4,Bayer Leverkusen,Werder Bremen,,19,19,0.6102472597501912,0.2131022176905429,0.1766505225592658,0.8233494774407342,0.3897527402498087,1.54,4.41,5.32,1.2145510835913311,2.5657292347939835,1.064077943777192,closing,market_average_close,0.1901419311519636,0.8098580688480363,0.8098580688480363,0.1901419311519636,market_only,test,2025,0,0.19961080909784512,-0.19961080909784512
99,2026-01-24 14:30:00,2025,30387,0,0,home_win,1,naive_bayes,4,Bayern Munich,Augsburg,,19,19,0.8414541081793584,0.101010568184446,0.0575353236361954,0.9424646763638044,0.1585458918206415,1.12,9.33,16.38,1.061047724205619,6.3073220536756125,1.0610883400272468,closing,market_average_close,1.512515787274429e-08,0.9999999848748421,0.9999999848748421,1.512515787274429e-08,market_only,test,2025,1,0.1585458766954837,-0.15854587669548362
99,2026-01-24 14:30:00,2025,30389,0,0,home_win,0,naive_bayes,4,Eintracht Frankfurt,Hoffenheim,,19,19,0.3136628356439725,0.2619697984847703,0.424367365871257,0.575632634128743,0.6863371643560274,2.99,3.58,2.21,1.7372190885486614,1.4570098370503868,1.06626645725647,closing,market_average_close,0.820658605429612,0.17934139457038825,0.17934139457038825,0.820658605429612,market_only,test,2025,1,-0.13432144107358426,0.13432144107358457
99,2026-01-24 14:30:00,2025,30391,0,0,home_win,0,naive_bayes,4,FC Heidenheim,RasenBallsport Leipzig,,19,19,0.2040041181226479,0.2167249291834135,0.5792709526939386,0.4207290473060614,0.795995881877352,4.6,4.33,1.62,2.376826621320836,1.2562879064669346,1.0656221371822,closing,market_average_close,0.9953501316035901,0.004649868396410229,0.004649868396410229,0.9953501316035901,market_only,test,2025,1,-0.19935424972623766,0.19935424972623805
99,2026-01-24 14:30:00,2025,30392,1,1,home_win,0,naive_bayes,4,Mainz 05,Wolfsburg,,19,19,0.4104999818715782,0.2822957833291034,0.3072042347993184,0.6927957652006816,0.5895000181284218,2.29,3.33,3.06,1.4434268369269416,1.6963527892244294,1.0637789086286389,closing,market_average_close,0.6234443794073736,0.3765556205926268,0.3765556205926268,0.6234443794073736,market_only,test,2025,0,-0.033944361278951396,0.03394436127895184
100,2026-01-24 17:30:00,2025,30394,0,0,home_win,0,naive_bayes,4,Union Berlin,Borussia Dortmund,,,,,,,,,,,,,,,,,0.6038471191589538,0.3961528808410459,0.3961528808410459,0.6038471191589538,market_only,test,2025,1,,
101,2026-01-25 14:30:00,2025,30388,0,0,home_win,0,naive_bayes,4,Borussia M.Gladbach,VfB Stuttgart,,19,19,0.3272866197657063,0.261104006904497,0.4116093733297966,0.5883906266702034,0.6727133802342937,2.88,3.61,2.29,1.6995512074336736,1.4865171845574388,1.0609117551789533,closing,market_average_close,0.8065236712537823,0.19347632874621784,0.19347632874621784,0.8065236712537823,market_only,test,2025,1,-0.13381029101948844,0.1338102910194886
102,2026-01-25 16:30:00,2025,30390,1,1,home_win,0,naive_bayes,4,Freiburg,FC Cologne,,19,19,0.4751447394689559,0.2613296067079257,0.2635256538231184,0.7364743461768817,0.5248552605310441,1.98,3.6,3.57,1.357820547573868,1.905287181437809,1.06294032764621,closing,market_average_close,0.5009338057565605,0.4990661942434397,0.4990661942434397,0.5009338057565605,market_only,test,2025,0,0.023921454774483764,-0.023921454774483597
103,2026-01-27 19:30:00,2025,30365,0,0,home_win,0,naive_bayes,4,St. Pauli,RasenBallsport Leipzig,,16,16,0.1983693501147787,0.263199556716536,0.5384310931686852,0.4615689068313148,0.8016306498852213,4.75,3.58,1.75,2.1665237523580863,1.2474572923866891,1.0612844961565926,closing,market_average_close,0.9974556891329001,0.0025443108671001943,0.0025443108671001943,0.9974556891329001,market_only,test,2025,1,-0.1958250392476785,0.1958250392476788
103,2026-01-27 19:30:00,2025,30367,0,0,home_win,0,naive_bayes,4,Werder Bremen,Hoffenheim,,16,16,0.2573630112301238,0.2545807084060143,0.4880562803638618,0.511943719636138,0.7426369887698762,3.66,3.7,1.93,1.9533397161522872,1.3465529122868318,1.061629029012024,closing,market_average_close,0.9486165651845744,0.051383434815425684,0.051383434815425684,0.9486165651845744,market_only,test,2025,1,-0.2059795764146981,0.20597957641469822
104,2026-01-30 19:30:00,2025,30398,1,1,home_win,0,naive_bayes,4,FC Cologne,Wolfsburg,,20,20,0.4634280421407755,0.2598781562281144,0.27669380163111,0.72330619836889,0.5365719578592245,2.03,3.62,3.4,1.3825403435710566,1.8636829326484496,1.0629715784198992,closing,market_average_close,0.5249326519503801,0.47506734804962014,0.47506734804962014,0.5249326519503801,market_only,test,2025,0,0.011639305908844655,-0.011639305908844433
105,2026-01-31 14:30:00,2025,30395,1,1,home_win,0,naive_bayes,4,Augsburg,St. Pauli,,20,20,0.4457622647136417,0.3073720191326092,0.246865716153749,0.7531342838462509,0.5542377352863583,2.11,3.06,3.81,1.3277844621453263,1.8042798898983836,1.0631982265110644,closing,market_average_close,0.5496756656976045,0.45032433430239566,0.45032433430239566,0.5496756656976045,market_only,test,2025,0,0.004562069588753936,-0.004562069588753825
105,2026-01-31 14:30:00,2025,30397,0,0,home_win,0,naive_bayes,4,Eintracht Frankfurt,Bayer Leverkusen,,20,20,0.2781059710987912,0.2611106061983095,0.4607834227028991,0.5392165772971007,0.7218940289012087,3.38,3.6,2.04,1.854542390021912,1.3852448696965884,1.063831844374831,closing,market_average_close,0.9083873559965158,0.09161264400348396,0.09161264400348396,0.9083873559965158,market_only,test,2025,1,-0.18649332709530725,0.18649332709530708
105,2026-01-31 14:30:00,2025,30400,1,1,home_win,1,naive_bayes,4,Hoffenheim,Union Berlin,,20,20,0.5190710410222606,0.2588205466254247,0.2221084123523148,0.7778915876476853,0.4809289589777394,1.81,3.63,4.23,1.2855261785565288,2.0793091813926026,1.0643749008945584,closing,market_average_close,0.39615754473697096,0.603842455263029,0.603842455263029,0.39615754473697096,market_only,test,2025,0,0.0847714142407684,-0.08477141424076845
105,2026-01-31 14:30:00,2025,30401,0,0,home_win,1,naive_bayes,4,RasenBallsport Leipzig,Mainz 05,,20,20,0.6189287152637939,0.208135320177205,0.1729359645590012,0.8270640354409989,0.3810712847362062,1.52,4.52,5.44,1.2090962212699647,2.6241809342633693,1.0629572043069673,closing,market_average_close,0.17769030952046524,0.8223096904795346,0.8223096904795346,0.17769030952046524,market_only,test,2025,1,0.20338097521574072,-0.20338097521574097
105,2026-01-31 14:30:00,2025,30403,0,0,home_win,0,naive_bayes,4,Werder Bremen,Borussia M.Gladbach,,20,20,0.4382871536523929,0.269521410579345,0.2921914357682619,0.707808564231738,0.561712846347607,2.14,3.48,3.21,1.412811387900356,1.7802690582959644,1.0661725212160276,closing,market_average_close,0.5478409488252759,0.4521590511747241,0.4521590511747241,0.5478409488252759,market_only,test,2025,1,0.0138718975223312,-0.01387189752233109
106,2026-01-31 17:30:00,2025,30399,0,0,home_win,0,naive_bayes,4,Hamburger SV,Bayern Munich,,20,20,0.1040439467684699,0.1578175017481336,0.7381385514833966,0.2618614485166035,0.8959560532315302,9.01,5.94,1.27,3.81881336739262,1.1161261720295372,1.06673953449627,closing,market_average_close,0.9999999999999254,7.448139500204965e-14,7.448139500204965e-14,0.9999999999999254,market_only,test,2025,1,-0.10404394676839542,0.10404394676839523
107,2026-02-01 14:30:00,2025,30402,1,1,home_win,1,naive_bayes,4,VfB Stuttgart,Freiburg,,20,20,0.5770848613281306,0.2277598847372525,0.1951552539346167,0.8048447460653831,0.4229151386718693,1.63,4.13,4.82,1.2424756512217612,2.3645405627720466,1.063096562788714,closing,market_average_close,0.2814159463933912,0.7185840536066084,0.7185840536066084,0.2814159463933912,market_only,test,2025,0,0.14149919227847774,-0.14149919227847813
108,2026-02-01 16:30:00,2025,30396,1,1,home_win,0,naive_bayes,4,Borussia Dortmund,FC Heidenheim,,,,,,,,,,,,,,,,,0.598747669636122,0.40125233036387814,0.40125233036387814,0.598747669636122,market_only,test,2025,0,,
109,2026-02-06 19:30:00,2025,30411,0,0,home_win,0,naive_bayes,4,Union Berlin,Eintracht Frankfurt,,21,21,0.4390212411332256,0.2771402525147796,0.2838385063519948,0.7161614936480052,0.5609787588667744,2.14,3.39,3.31,1.3963331020579863,1.7825986887989955,1.064389773989009,closing,market_average_close,0.5590842422781989,0.44091575772180147,0.44091575772180147,0.5590842422781989,market_only,test,2025,1,0.0018945165885758675,-0.0018945165885755344
110,2026-02-07 14:30:00,2025,30407,1,1,home_win,0,naive_bayes,4,Freiburg,Werder Bremen,,21,21,0.4476416333214887,0.2814513263398582,0.2709070403386531,0.7290929596613469,0.5523583666785113,2.1,3.34,3.47,1.3715672147821665,1.8104188518285436,1.0637761118356124,closing,market_average_close,0.5524089367141769,0.44759106328582293,0.44759106328582293,0.5524089367141769,market_only,test,2025,0,-5.057003566577567e-05,5.0570035665553625e-05
110,2026-02-07 14:30:00,2025,30408,0,0,home_win,0,naive_bayes,4,FC Heidenheim,Hamburger SV,,21,21,0.3281415455272051,0.2794558562798453,0.3924025981929495,0.6075974018070505,0.6718584544727948,2.87,3.37,2.4,1.645826655982906,1.4884087464296285,1.061834627460306,closing,market_average_close,0.8079917985495183,0.19200820145048134,0.19200820145048134,0.8079917985495183,market_only,test,2025,1,-0.13613334407672376,0.1361333440767235
110,2026-02-07 14:30:00,2025,30409,1,1,home_win,1,naive_bayes,4,Mainz 05,Augsburg,,21,21,0.4852600558932591,0.2636987418579615,0.2510412022487793,0.7489587977512207,0.5147399441067408,1.94,3.57,3.75,1.3351869328493648,1.9427285786716244,1.062242629010367,closing,market_average_close,0.48288443480658666,0.5171155651934138,0.5171155651934138,0.48288443480658666,market_only,test,2025,0,0.03185550930015474,-0.03185550930015418
110,2026-02-07 14:30:00,2025,30410,1,1,home_win,0,naive_bayes,4,St. Pauli,VfB Stuttgart,,21,21,0.1965329972432022,0.2497063811127159,0.5537606216440817,0.4462393783559182,0.8034670027567976,4.79,3.77,1.7,2.240949697636064,1.2446061836626428,1.0622555507309497,closing,market_average_close,0.9980462627051022,0.001953737294897558,0.001953737294897558,0.9980462627051022,market_only,test,2025,0,-0.19457925994830463,0.1945792599483046
110,2026-02-07 14:30:00,2025,30412,0,0,home_win,0,naive_bayes,4,Wolfsburg,Borussia Dortmund,,,,,,,,,,,,,,,,,0.5969351056195371,0.403064894380463,0.403064894380463,0.5969351056195371,market_only,test,2025,1,,
111,2026-02-07 17:30:00,2025,30405,0,0,home_win,0,naive_bayes,4,Borussia M.Gladbach,Bayer Leverkusen,,21,21,0.2707514279356131,0.2581410874564201,0.4711074846079668,0.5288925153920332,0.7292485720643869,3.48,3.65,2.0,1.8907433380084155,1.37127453972129,1.0613289245788065,closing,market_average_close,0.9238900374717297,0.07610996252827079,0.07610996252827079,0.9238900374717297,market_only,test,2025,1,-0.19464146540734228,0.19464146540734284
112,2026-02-08 14:30:00,2025,30406,0,0,home_win,0,naive_bayes,4,FC Cologne,RasenBallsport Leipzig,,21,21,0.2845160455964675,0.2446098989413785,0.4708740554621538,0.5291259445378461,0.7154839544035324,3.31,3.85,2.0,1.889909217877095,1.3976553825496425,1.0618550633656374,closing,market_average_close,0.8969913633874973,0.10300863661250258,0.10300863661250258,0.8969913633874973,market_only,test,2025,1,-0.1815074089839649,0.1815074089839649
113,2026-02-08 16:30:00,2025,30404,1,1,home_win,1,naive_bayes,4,Bayern Munich,Hoffenheim,,21,21,0.7705476852740659,0.1337223578996245,0.0957299568263096,0.9042700431736904,0.229452314725934,1.22,7.03,9.82,1.1058643461087452,4.358204018096027,1.0637526357061249,closing,market_average_close,0.0010577509419803283,0.9989422490580199,0.9989422490580199,0.0010577509419803283,market_only,test,2025,0,0.22839456378395395,-0.22839456378395367
114,2026-02-13 19:30:00,2025,30415,1,1,home_win,0,naive_bayes,4,Borussia Dortmund,Mainz 05,,,,,,,,,,,,,,,,,0.6030848926799801,0.39691510732002017,0.39691510732002017,0.6030848926799801,market_only,test,2025,0,,
115,2026-02-14 14:30:00,2025,30414,1,1,home_win,1,naive_bayes,4,Bayer Leverkusen,St. Pauli,,22,22,0.6238683285732474,0.2227047697743743,0.1534269016523784,0.8465730983476216,0.3761316714267527,1.51,4.23,6.14,1.1812329046975905,2.658643437833281,1.0615247245258823,closing,market_average_close,0.16799014561513373,0.8320098543848665,0.8320098543848665,0.16799014561513373,market_only,test,2025,0,0.20814152581161915,-0.20814152581161896
115,2026-02-14 14:30:00,2025,30416,1,1,home_win,0,naive_bayes,4,Eintracht Frankfurt,Borussia M.Gladbach,,22,22,0.4441612882019234,0.2713607870282645,0.284477924769812,0.715522075230188,0.5558387117980765,2.12,3.47,3.31,1.3975809197477154,1.7990830411309622,1.0619973548732706,closing,market_average_close,0.556598036037365,0.44340196396263515,0.44340196396263515,0.556598036037365,market_only,test,2025,0,-0.0007593242392882615,0.0007593242392884836
115,2026-02-14 14:30:00,2025,30417,1,1,home_win,0,naive_bayes,4,Hamburger SV,Union Berlin,,22,22,0.4025641025641026,0.2987179487179487,0.2987179487179487,0.7012820512820515,0.5974358974358975,2.33,3.14,3.14,1.4259597806215718,1.67381974248927,1.0661272245154587,closing,market_average_close,0.6190511981827174,0.38094880181728247,0.38094880181728247,0.6190511981827174,market_only,test,2025,0,-0.02161530074682011,0.021615300746819832
115,2026-02-14 14:30:00,2025,30418,1,1,home_win,1,naive_bayes,4,Hoffenheim,Freiburg,,22,22,0.5528070579591938,0.2397377547272013,0.2074551873136047,0.7925448126863952,0.447192942040806,1.7,3.92,4.53,1.2617583056413155,2.236171249564915,1.0640878868103534,closing,market_average_close,0.322845183632164,0.6771548163678357,0.6771548163678357,0.322845183632164,market_only,test,2025,0,0.12434775840864187,-0.12434775840864198
115,2026-02-14 14:30:00,2025,30421,0,0,home_win,0,naive_bayes,4,Werder Bremen,Bayern Munich,,22,22,0.1195186266148152,0.1615449018395787,0.7189364715456061,0.281063528454394,0.8804813733851848,7.88,5.83,1.31,3.55791448822668,1.135742368013195,1.0617889185463727,closing,market_average_close,0.9999999995861693,4.138304580663511e-10,4.138304580663511e-10,0.9999999995861693,market_only,test,2025,1,-0.11951862620098475,0.11951862620098441
116,2026-02-14 17:30:00,2025,30420,1,1,home_win,1,naive_bayes,4,VfB Stuttgart,FC Cologne,,22,22,0.6326981200831708,0.2001529084764171,0.1671489714404121,0.8328510285595879,0.3673018799168292,1.49,4.71,5.64,1.2006949210706932,2.72255617157864,1.060760129189401,closing,market_average_close,0.1397767141083828,0.860223285891617,0.860223285891617,0.1397767141083828,market_only,test,2025,0,0.22752516580844617,-0.22752516580844642
117,2026-02-15 14:30:00,2025,30413,1,1,home_win,1,naive_bayes,4,Augsburg,FC Heidenheim,,22,22,0.5022299786697693,0.2538297459763428,0.2439402753538879,0.756059724646112,0.4977700213302307,1.87,3.7,3.85,1.322646832521159,2.008959875340865,1.0647698882993,closing,market_average_close,0.3925597277453547,0.6074402722546454,0.6074402722546454,0.3925597277453547,market_only,test,2025,0,0.1052102935848761,-0.10521029358487599
118,2026-02-15 16:30:00,2025,30419,0,0,home_win,1,naive_bayes,4,RasenBallsport Leipzig,Wolfsburg,,22,22,0.6233703704622899,0.2019934033043042,0.1746362262334058,0.8253637737665942,0.3766296295377101,1.51,4.66,5.39,1.211586977505014,2.65512833185068,1.0623726872645791,closing,market_average_close,0.14792975000020472,0.852070249999795,0.852070249999795,0.14792975000020472,market_only,test,2025,1,0.22869987953750504,-0.2286998795375054
119,2026-02-20 19:30:00,2025,30426,0,0,home_win,1,naive_bayes,4,Mainz 05,Hamburger SV,,23,23,0.4568180261625916,0.2727667054767938,0.2704152683606146,0.7295847316393855,0.5431819738374084,2.06,3.45,3.48,1.3706427185681205,1.841003656537637,1.062648287506732,closing,market_average_close,0.4964295327729099,0.5035704672270898,0.5035704672270898,0.4964295327729099,market_only,test,2025,1,0.04675244106449816,-0.046752441064498496
120,2026-02-21 14:30:00,2025,30422,1,1,home_win,1,naive_bayes,4,Bayern Munich,Eintracht Frankfurt,,23,23,0.8656552587990014,0.085929014660195,0.0484157265408038,0.9515842734591964,0.1343447412009988,1.08,10.88,19.31,1.0508790738678382,7.443536613791663,1.0696243296789338,closing,market_average_close,1.1193406641827555e-11,0.9999999999888072,0.9999999999888072,1.1193406641827555e-11,market_only,test,2025,0,0.13434474118980577,-0.13434474118980538
120,2026-02-21 14:30:00,2025,30423,0,0,home_win,0,naive_bayes,4,FC Cologne,Hoffenheim,,23,23,0.2741118070535644,0.253424123502352,0.4724640694440835,0.5275359305559165,0.7258881929464356,3.43,3.71,1.99,1.8956054783722531,1.3776226279985675,1.0635995312941846,closing,market_average_close,0.9095752526596431,0.09042474734035726,0.09042474734035726,0.9095752526596431,market_only,test,2025,1,-0.18368705971320715,0.18368705971320753
120,2026-02-21 14:30:00,2025,30429,1,1,home_win,0,naive_bayes,4,Union Berlin,Bayer Leverkusen,,23,23,0.3031454677771489,0.2882671626101722,0.408587369612679,0.5914126303873212,0.6968545322228512,3.1,3.26,2.3,1.6908668307355754,1.43501972615456,1.064111720114611,closing,market_average_close,0.8385239346194056,0.16147606538059414,0.16147606538059414,0.8385239346194056,market_only,test,2025,0,-0.14166940239655476,0.14166940239655434
120,2026-02-21 14:30:00,2025,30430,0,0,home_win,0,naive_bayes,4,Wolfsburg,Augsburg,,23,23,0.4279229234610376,0.2764457824128827,0.2956312941260796,0.7043687058739204,0.5720770765389624,2.19,3.39,3.17,1.4197110003052813,1.748016204477113,1.0670636685528845,closing,market_average_close,0.5247215683372772,0.47527843166272327,0.47527843166272327,0.5247215683372772,market_only,test,2025,1,0.04735550820168566,-0.047355508201685215
121,2026-02-21 17:30:00,2025,30427,0,0,home_win,0,naive_bayes,4,RasenBallsport Leipzig,Borussia Dortmund,,,,,,,,,,,,,,,,,0.6020211135208987,0.39797888647910107,0.39797888647910107,0.6020211135208987,market_only,test,2025,1,,
122,2026-02-22 14:30:00,2025,30424,1,1,home_win,1,naive_bayes,4,Freiburg,Borussia M.Gladbach,,23,23,0.4561657841327006,0.2813477590758572,0.2624864567914422,0.7375135432085578,0.5438342158672995,2.06,3.34,3.58,1.3559073039519969,1.8387956675458776,1.0641676997472214,closing,market_average_close,0.49427901521751905,0.5057209847824804,0.5057209847824804,0.49427901521751905,market_only,test,2025,0,0.04955520064977981,-0.04955520064978047
123,2026-02-22 16:30:00,2025,30428,1,1,home_win,0,naive_bayes,4,St. Pauli,Werder Bremen,,23,23,0.354259939999082,0.3018613636648126,0.3438786963361052,0.6561213036638947,0.6457400600009179,2.65,3.11,2.73,1.524108414733415,1.548610752132334,1.0652022652265327,closing,market_average_close,0.6962989100062708,0.30370108999372913,0.30370108999372913,0.6962989100062708,market_only,test,2025,0,-0.05055885000535287,0.05055885000535287
124,2026-02-22 18:30:00,2025,30425,0,0,home_win,0,naive_bayes,4,FC Heidenheim,VfB Stuttgart,,23,23,0.2129205367607199,0.2235412761240812,0.5635381871151989,0.4364618128848012,0.7870794632392801,4.42,4.21,1.67,2.2911511854622155,1.2705197463600824,1.062576430312385,closing,market_average_close,0.9919454592843614,0.008054540715638821,0.008054540715638821,0.9919454592843614,market_only,test,2025,1,-0.20486599604508107,0.20486599604508127
125,2026-02-27 19:30:00,2025,30431,1,1,home_win,1,naive_bayes,4,Augsburg,FC Cologne,,24,24,0.4336703777194253,0.2763209486353861,0.2900086736451885,0.7099913263548114,0.5663296222805746,2.16,3.39,3.23,1.4084679106350937,1.7657561262168513,1.0675457369202404,closing,market_average_close,0.49502900579725195,0.5049709942027484,0.5049709942027484,0.49502900579725195,market_only,test,2025,0,0.07130061648332309,-0.07130061648332264
126,2026-02-28 14:30:00,2025,30432,0,0,home_win,1,naive_bayes,4,Bayer Leverkusen,Mainz 05,,24,24,0.5583906515790252,0.2345240736631906,0.2070852747577842,0.7929147252422158,0.4416093484209748,1.68,4.0,4.53,1.2611696670086745,2.2644448166136324,1.0659886471144748,closing,market_average_close,0.25557389579734224,0.7444261042026579,0.7444261042026579,0.25557389579734224,market_only,test,2025,1,0.18603545262363264,-0.18603545262363258
126,2026-02-28 14:30:00,2025,30433,1,1,home_win,0,naive_bayes,4,Borussia M.Gladbach,Union Berlin,,24,24,0.4004150481562284,0.2882988346724844,0.3112861171712872,0.6887138828287129,0.5995849518437717,2.34,3.25,3.01,1.4519817662056709,1.6678203762868298,1.0672686486639975,closing,market_average_close,0.5545825176045402,0.4454174823954599,0.4454174823954599,0.5545825176045402,market_only,test,2025,0,0.045002434239231504,-0.04500243423923145
126,2026-02-28 14:30:00,2025,30437,0,0,home_win,1,naive_bayes,4,Hoffenheim,St. Pauli,,24,24,0.6224093562712679,0.2237709828499081,0.1538196608788239,0.8461803391211761,0.3775906437287321,1.51,4.2,6.11,1.1817811804024867,2.6483707067657583,1.0640130148373068,closing,market_average_close,0.14049571370767436,0.859504286292326,0.859504286292326,0.14049571370767436,market_only,test,2025,1,0.23709493002105808,-0.23709493002105772
126,2026-02-28 14:30:00,2025,30439,1,1,home_win,1,naive_bayes,4,Werder Bremen,FC Heidenheim,,24,24,0.5875512823032879,0.2232973994501806,0.1891513182465313,0.8108486817534686,0.412448717696712,1.6,4.21,4.97,1.2332757301121706,2.4245438453159043,1.063736934672166,closing,market_average_close,0.2124244721762726,0.7875755278237274,0.7875755278237274,0.2124244721762726,market_only,test,2025,0,0.20002424552043951,-0.20002424552043938
127,2026-02-28 17:30:00,2025,30434,0,0,home_win,0,naive_bayes,4,Borussia Dortmund,Bayern Munich,,,,,,,,,,,,,,,,,0.6017516711000256,0.3982483288999744,0.3982483288999744,0.6017516711000256,market_only,test,2025,1,,
128,2026-03-01 14:30:00,2025,30438,1,1,home_win,1,naive_bayes,4,VfB Stuttgart,Wolfsburg,,24,24,0.6844788936041284,0.1736548304143807,0.141866275981491,0.8581337240185091,0.3155211063958717,1.37,5.4,6.61,1.165319544041636,3.1693600831423936,1.0663981228929271,closing,market_average_close,0.0394270861068721,0.9605729138931283,0.9605729138931283,0.0394270861068721,market_only,test,2025,0,0.2760940202889999,-0.2760940202889996
129,2026-03-01 16:30:00,2025,30435,1,1,home_win,1,naive_bayes,4,Eintracht Frankfurt,Freiburg,,24,24,0.4221246581258097,0.2716280408809558,0.3062473009932345,0.6937526990067655,0.5778753418741903,2.22,3.45,3.06,1.4414358335926964,1.7304770207996014,1.0671029085351336,closing,market_average_close,0.49980224437646387,0.5001977556235362,0.5001977556235362,0.49980224437646387,market_only,test,2025,0,0.0780730974977265,-0.07807309749772645
130,2026-03-01 18:30:00,2025,30436,0,0,home_win,0,naive_bayes,4,Hamburger SV,RasenBallsport Leipzig,,24,24,0.2524461839530332,0.2426614481409001,0.5048923679060665,0.4951076320939334,0.7475538160469667,3.72,3.87,1.86,2.0197628458498027,1.337696335078534,1.064849545719763,closing,market_average_close,0.9414804615988311,0.058519538401169226,0.058519538401169226,0.9414804615988311,market_only,test,2025,1,-0.19392664555186398,0.19392664555186445
131,2026-03-04 19:30:00,2025,30371,0,0,home_win,0,naive_bayes,4,Hamburger SV,Bayer Leverkusen,,17,17,0.2651000367005127,0.2585273085178554,0.4763726547816319,0.5236273452183682,0.7348999632994873,3.54,3.63,1.97,1.909755113310536,1.3607294188861987,1.065582182568096,closing,market_average_close,0.9137673510438062,0.08623264895619409,0.08623264895619409,0.9137673510438062,market_only,test,2025,1,-0.1788673877443186,0.17886738774431898
132,2026-03-06 19:30:00,2025,30440,1,1,home_win,1,naive_bayes,4,Bayern Munich,Borussia M.Gladbach,,25,25,0.7783720052332466,0.1330268540017271,0.0886011407650261,0.9113988592349738,0.2216279947667533,1.21,7.08,10.63,1.097214452121871,4.512065369054231,1.0617625960790855,closing,market_average_close,0.0004589295120542848,0.9995410704879458,0.9995410704879458,0.0004589295120542848,market_only,test,2025,0,0.22116906525469926,-0.221169065254699
133,2026-03-07 14:30:00,2025,30442,0,0,home_win,0,naive_bayes,4,Freiburg,Bayer Leverkusen,,25,25,0.3196099411507222,0.2788288507368318,0.4015612081124459,0.598438791887554,0.6803900588492777,2.94,3.37,2.34,1.6710146694298835,1.4697451660173702,1.0642223868167064,closing,market_average_close,0.7810173882824042,0.21898261171759575,0.21898261171759575,0.7810173882824042,market_only,test,2025,1,-0.10062732943312647,0.10062732943312647
133,2026-03-07 14:30:00,2025,30443,0,0,home_win,0,naive_bayes,4,FC Heidenheim,Hoffenheim,,25,25,0.1726215044564349,0.2054838039919051,0.6218946915516599,0.3781053084483401,0.827378495543565,5.44,4.57,1.51,2.644765830196294,1.2086366824690402,1.0648935657848864,closing,market_average_close,0.9997892071918006,0.00021079280819973238,0.00021079280819973238,0.9997892071918006,market_only,test,2025,1,-0.17241071164823515,0.17241071164823563
133,2026-03-07 14:30:00,2025,30444,0,0,home_win,0,naive_bayes,4,Mainz 05,VfB Stuttgart,,25,25,0.2702767289585623,0.2487692969459446,0.480953974095493,0.519046025904507,0.7297232710414377,3.47,3.77,1.95,1.9266114180478824,1.370382499345035,1.066256940250779,closing,market_average_close,0.9006115186882092,0.09938848131179101,0.09938848131179101,0.9006115186882092,market_only,test,2025,1,-0.1708882476467713,0.17088824764677146
133,2026-03-07 14:30:00,2025,30445,1,1,home_win,1,naive_bayes,4,RasenBallsport Leipzig,Augsburg,,25,25,0.7043744709262815,0.1728446579948255,0.1227808710788931,0.877219128921107,0.2956255290737186,1.33,5.42,7.63,1.1399660210669385,3.382657793910062,1.0674431432180775,closing,market_average_close,0.019727366888775716,0.9802726331112246,0.9802726331112246,0.019727366888775716,market_only,test,2025,0,0.2758981621849431,-0.2758981621849429
133,2026-03-07 14:30:00,2025,30448,0,0,home_win,0,naive_bayes,4,Wolfsburg,Hamburger SV,,25,25,0.3668807026625092,0.2786986940106895,0.3544206033268013,0.6455793966731986,0.6331192973374908,2.56,3.37,2.65,1.5489961500524994,1.5794811565614617,1.064719395610548,closing,market_average_close,0.6539981156471154,0.3460018843528846,0.3460018843528846,0.6539981156471154,market_only,test,2025,1,-0.020878818309624625,0.02087881830962457
134,2026-03-07 17:30:00,2025,30441,0,0,home_win,0,naive_bayes,4,FC Cologne,Borussia Dortmund,,,,,,,,,,,,,,,,,0.6064586683743254,0.3935413316256747,0.3935413316256747,0.6064586683743254,market_only,test,2025,1,,
135,2026-03-08 14:30:00,2025,30446,0,0,home_win,0,naive_bayes,4,St. Pauli,Eintracht Frankfurt,,25,25,0.3701787626657879,0.2866628223082626,0.3431584150259494,0.6568415849740505,0.629821237334212,2.54,3.28,2.74,1.522437103368701,1.5877521123813012,1.0635423398316977,closing,market_average_close,0.673638082763428,0.32636191723657204,0.32636191723657204,0.673638082763428,market_only,test,2025,1,-0.04381684542921588,0.043816845429215934
136,2026-03-08 16:30:00,2025,30447,0,0,home_win,0,naive_bayes,4,Union Berlin,Werder Bremen,,25,25,0.3960571274059143,0.295174651557238,0.3087682210368477,0.6912317789631524,0.6039428725940857,2.37,3.18,3.04,1.4466927453769558,1.6557857462656191,1.0653537054961262,closing,market_average_close,0.604472230971234,0.39552776902876585,0.39552776902876585,0.604472230971234,market_only,test,2025,1,-0.0005293583771484589,0.0005293583771482924
137,2026-03-13 19:30:00,2025,30450,1,1,home_win,1,naive_bayes,4,Borussia M.Gladbach,St. Pauli,,26,26,0.4909610506373823,0.2841623050658788,0.2248766442967386,0.7751233557032612,0.5090389493626175,1.91,3.3,4.17,1.2901172344274294,1.9644862171197883,1.0663986659316051,closing,market_average_close,0.40760107156952563,0.5923989284304747,0.5923989284304747,0.40760107156952563,market_only,test,2025,0,0.10143787779309238,-0.10143787779309188
138,2026-03-14 14:30:00,2025,30449,0,0,home_win,0,naive_bayes,4,Bayer Leverkusen,Bayern Munich,,26,26,0.1908504918676641,0.2006586541906276,0.6084908539417083,0.3915091460582917,0.8091495081323359,4.91,4.67,1.54,2.554218745763631,1.2358655476516098,1.067149399443324,closing,market_average_close,0.9983912492433314,0.0016087507566692886,0.0016087507566692886,0.9983912492433314,market_only,test,2025,1,-0.18924174111099482,0.18924174111099556
138,2026-03-14 14:30:00,2025,30451,1,1,home_win,0,naive_bayes,4,Borussia Dortmund,Augsburg,,,,,,,,,,,,,,,,,0.6085483296481308,0.3914516703518694,0.3914516703518694,0.6085483296481308,market_only,test,2025,0,,
138,2026-03-14 14:30:00,2025,30452,1,1,home_win,1,naive_bayes,4,Eintracht Frankfurt,FC Heidenheim,,26,26,0.5829338611816343,0.2203106846249838,0.1967554541933818,0.8032445458066182,0.4170661388183657,1.61,4.26,4.77,1.244950874824553,2.39770124429954,1.06550340232994,closing,market_average_close,0.21662324671010852,0.7833767532898911,0.7833767532898911,0.21662324671010852,market_only,test,2025,0,0.20044289210825683,-0.20044289210825716
138,2026-03-14 14:30:00,2025,30455,0,0,home_win,1,naive_bayes,4,Hoffenheim,Wolfsburg,,26,26,0.6657929389807662,0.188886930374825,0.1453201306444087,0.8546798693555913,0.3342070610192337,1.41,4.97,6.46,1.1700287275444743,2.992157008742702,1.0652258632267002,closing,market_average_close,0.06407634407487386,0.9359236559251259,0.9359236559251259,0.06407634407487386,market_only,test,2025,1,0.27013071694435975,-0.27013071694435986
139,2026-03-14 17:30:00,2025,30454,0,0,home_win,0,naive_bayes,4,Hamburger SV,FC Cologne,,26,26,0.403230007814535,0.2719458192237562,0.3248241729617087,0.6751758270382913,0.596769992185465,2.32,3.44,2.88,1.4810956790123455,1.6756874727193365,1.0689543793994476,closing,market_average_close,0.5598546857420826,0.4401453142579176,0.4401453142579176,0.5598546857420826,market_only,test,2025,1,0.03691530644338259,-0.03691530644338237
140,2026-03-15 14:30:00,2025,30457,0,0,home_win,0,naive_bayes,4,Werder Bremen,Mainz 05,,26,26,0.4192169001499825,0.2698407633149312,0.3109423365350864,0.6890576634649137,0.5807830998500176,2.24,3.48,3.02,1.4512573519196037,1.7218131868131863,1.0649107210822213,closing,market_average_close,0.5708472777370579,0.4291527222629423,0.4291527222629423,0.5708472777370579,market_only,test,2025,1,0.009935822112959847,-0.009935822112959736
141,2026-03-15 16:30:00,2025,30453,0,0,home_win,1,naive_bayes,4,Freiburg,Union Berlin,,26,26,0.4966245086310032,0.2651469834216373,0.2382285079473594,0.7617714920526406,0.5033754913689967,1.89,3.54,3.94,1.3127296183077657,1.986588574823869,1.065393511405729,closing,market_average_close,0.41626994081699825,0.583730059183002,0.583730059183002,0.41626994081699825,market_only,test,2025,1,0.08710555055199881,-0.08710555055199848
142,2026-03-15 18:30:00,2025,30456,1,1,home_win,0,naive_bayes,4,VfB Stuttgart,RasenBallsport Leipzig,,26,26,0.390824590538105,0.2398923317880951,0.3692830776737999,0.6307169223262001,0.6091754094618951,2.4,3.91,2.54,1.585497335812421,1.64156330749354,1.0661219297715665,closing,market_average_close,0.6345989348514596,0.3654010651485406,0.3654010651485406,0.6345989348514596,market_only,test,2025,0,-0.025423525389564383,0.025423525389564494
143,2026-03-20 19:30:00,2025,30464,1,1,home_win,1,naive_bayes,4,RasenBallsport Leipzig,Hoffenheim,,27,27,0.4930695202528009,0.2353849468543521,0.2715455328928469,0.7284544671071531,0.5069304797471991,1.9,3.98,3.45,1.3727693976141182,1.972657080116172,1.0674271433444875,closing,market_average_close,0.40805213625561887,0.5919478637443816,0.5919478637443816,0.40805213625561887,market_only,test,2025,0,0.0988783434915807,-0.0988783434915802
144,2026-03-21 14:30:00,2025,30459,1,1,home_win,1,naive_bayes,4,Bayern Munich,Union Berlin,,27,27,0.8301656274712479,0.1081992109622272,0.0616351615665249,0.9383648384334752,0.1698343725287522,1.13,8.67,15.22,1.0656835796079271,5.8880895846375525,1.0659990282999752,closing,market_average_close,3.1902062674525103e-07,0.9999996809793725,0.9999996809793725,3.1902062674525103e-07,market_only,test,2025,0,0.16983405350812464,-0.16983405350812544
144,2026-03-21 14:30:00,2025,30461,0,0,home_win,0,naive_bayes,4,FC Cologne,Borussia M.Gladbach,,27,27,0.4079650315687227,0.2792617775619233,0.312773190869354,0.687226809130646,0.5920349684312773,2.3,3.36,3.0,1.4551236749116605,1.6890894175553732,1.065734989648033,closing,market_average_close,0.5850073656814203,0.41499263431858,0.41499263431858,0.5850073656814203,market_only,test,2025,1,0.007027602749857309,-0.0070276027498570315
144,2026-03-21 14:30:00,2025,30462,0,0,home_win,0,naive_bayes,4,FC Heidenheim,Bayer Leverkusen,,27,27,0.1785639168329631,0.2046857125268682,0.6167503706401687,0.3832496293598313,0.8214360831670369,5.25,4.58,1.52,2.6092654066498904,1.2173801717408277,1.0667115386720076,closing,market_average_close,0.9996158303684188,0.0003841696315807255,0.0003841696315807255,0.9996158303684188,market_only,test,2025,1,-0.17817974720138238,0.17817974720138197
144,2026-03-21 14:30:00,2025,30466,0,0,home_win,0,naive_bayes,4,Wolfsburg,Werder Bremen,,27,27,0.4017120048731225,0.2625715339114822,0.3357164612153951,0.6642835387846047,0.5982879951268774,2.34,3.58,2.8,1.5053812741312744,1.6714358438496373,1.063822893431832,closing,market_average_close,0.6127708419415051,0.3872291580584948,0.3872291580584948,0.6127708419415051,market_only,test,2025,1,-0.014482846814627692,0.014482846814627748
145,2026-03-21 17:30:00,2025,30460,1,1,home_win,0,naive_bayes,4,Borussia Dortmund,Hamburger SV,,,,,,,,,,,,,,,,,0.6075408826547833,0.39245911734521643,0.39245911734521643,0.6075408826547833,market_only,test,2025,0,,
146,2026-03-22 14:30:00,2025,30463,1,1,home_win,0,naive_bayes,4,Mainz 05,Eintracht Frankfurt,,27,27,0.436941433453512,0.2676421885826355,0.2954163779638524,0.7045836220361475,0.563058566546488,2.15,3.51,3.18,1.4192779518634575,1.7760141829179268,1.0644819727750838,closing,market_average_close,0.5469037024463201,0.45309629755367997,0.45309629755367997,0.5469037024463201,market_only,test,2025,0,0.016154864100167976,-0.016154864100167865
147,2026-03-22 16:30:00,2025,30465,0,0,home_win,0,naive_bayes,4,St. Pauli,Freiburg,,27,27,0.3525264394829612,0.3125734430082256,0.3349001175088131,0.6650998824911868,0.6474735605170387,2.66,3.0,2.8,1.5035335689045937,1.5444646098003632,1.0664160401002507,closing,market_average_close,0.714311720460117,0.2856882795398829,0.2856882795398829,0.714311720460117,market_only,test,2025,1,-0.06683815994307829,0.06683815994307829
148,2026-03-22 18:30:00,2025,30458,0,0,home_win,0,naive_bayes,4,Augsburg,VfB Stuttgart,,27,27,0.2781999573874786,0.2506775017101077,0.4711225409024135,0.5288774590975864,0.7218000426125213,3.37,3.74,1.99,1.890797164443879,1.385425243784341,1.0666281470029657,closing,market_average_close,0.9030449025712961,0.09695509742870415,0.09695509742870415,0.9030449025712961,market_only,test,2025,1,-0.18124485995877446,0.18124485995877482
149,2026-04-04 13:30:00,2025,30467,1,1,home_win,1,naive_bayes,4,Bayer Leverkusen,Wolfsburg,,28,28,0.6608486307553415,0.1922961179656936,0.1468552512789648,0.8531447487210351,0.3391513692446584,1.42,4.88,6.39,1.1721340388007055,2.948535936113577,1.0656379075912672,closing,market_average_close,0.07703224540428316,0.922967754595717,0.922967754595717,0.07703224540428316,market_only,test,2025,0,0.2621191238403755,-0.2621191238403752
149,2026-04-04 13:30:00,2025,30468,0,0,home_win,1,naive_bayes,4,Borussia M.Gladbach,FC Heidenheim,,28,28,0.5911462595318208,0.2227304627145959,0.1861232777535832,0.8138767222464167,0.4088537404681792,1.59,4.22,5.05,1.2286873093505566,2.4458624222317207,1.0639174442348107,closing,market_average_close,0.22361406367452608,0.7763859363254737,0.7763859363254737,0.22361406367452608,market_only,test,2025,1,0.18523967679365294,-0.1852396767936531
149,2026-04-04 13:30:00,2025,30470,0,0,home_win,0,naive_bayes,4,Freiburg,Bayern Munich,,28,28,0.1724770093010378,0.203156217029205,0.624366773669757,0.3756332263302429,0.8275229906989621,5.43,4.61,1.5,2.662171314741036,1.2084256404228193,1.0677484689780803,closing,market_average_close,0.9998359302791526,0.0001640697208471028,0.0001640697208471028,0.9998359302791526,market_only,test,2025,1,-0.1723129395801907,0.17231293958019056
149,2026-04-04 13:30:00,2025,30471,0,0,home_win,0,naive_bayes,4,Hamburger SV,Augsburg,,28,28,0.3958544911718282,0.2783902504680215,0.3257552583601503,0.6742447416398498,0.6041455088281719,2.37,3.37,2.88,1.483140969802555,1.6552303797468353,1.0658990555367749,closing,market_average_close,0.6297019623745386,0.37029803762546115,0.37029803762546115,0.6297019623745386,market_only,test,2025,1,-0.02555645354636704,0.02555645354636671
149,2026-04-04 13:30:00,2025,30472,0,0,home_win,1,naive_bayes,4,Hoffenheim,Mainz 05,,28,28,0.5535609090627229,0.2382414039004123,0.2081976870368648,0.7918023129631353,0.4464390909372772,1.7,3.95,4.52,1.262941498942752,2.239947218556844,1.0626387891327695,closing,market_average_close,0.315167574891668,0.6848324251083319,0.6848324251083319,0.315167574891668,market_only,test,2025,1,0.13127151604560894,-0.13127151604560916
149,2026-04-04 13:30:00,2025,30475,0,0,home_win,0,naive_bayes,4,Werder Bremen,RasenBallsport Leipzig,,28,28,0.2514424536896447,0.2374734284846644,0.5110841178256909,0.4889158821743091,0.7485575463103553,3.74,3.96,1.84,2.045341614906832,1.3359026369168356,1.0633831925392028,closing,market_average_close,0.9598231545696159,0.04017684543038414,0.04017684543038414,0.9598231545696159,market_only,test,2025,1,-0.21126560825926055,0.21126560825926055
150,2026-04-04 16:30:00,2025,30473,0,0,home_win,0,naive_bayes,4,VfB Stuttgart,Borussia Dortmund,,,,,,,,,,,,,,,,,0.6046381557332974,0.39536184426670284,0.39536184426670284,0.6046381557332974,market_only,test,2025,1,,
151,2026-04-05 13:30:00,2025,30474,0,0,home_win,0,naive_bayes,4,Union Berlin,St. Pauli,,28,28,0.460536709774979,0.2954386440065903,0.2440246462184304,0.7559753537815694,0.5394632902250208,2.04,3.18,3.85,1.322794446932378,1.853694251527069,1.0644017469766638,closing,market_average_close,0.5208817626729467,0.4791182373270538,0.4791182373270538,0.5208817626729467,market_only,test,2025,1,0.01858152755207476,-0.018581527552074095
152,2026-04-05 15:30:00,2025,30469,0,0,home_win,1,naive_bayes,4,Eintracht Frankfurt,FC Cologne,,28,28,0.4940061732826071,0.2536788457397171,0.2523149809776757,0.7476850190223243,0.5059938267173929,1.9,3.7,3.72,1.3374615975422428,1.9763086962689744,1.0654032640450295,closing,market_average_close,0.4522259126271456,0.547774087372854,0.547774087372854,0.4522259126271456,market_only,test,2025,1,0.05376791409024695,-0.05376791409024728
153,2026-04-10 18:30:00,2025,30476,0,0,home_win,0,naive_bayes,4,Augsburg,Hoffenheim,,29,29,0.2714037976712667,0.244546130193381,0.4840500721353521,0.5159499278646478,0.7285962023287331,3.46,3.84,1.94,1.938172574495128,1.3725023501410083,1.0648979252329025,closing,market_average_close,0.9308657281141023,0.06913427188589773,0.06913427188589773,0.9308657281141023,market_only,test,2025,1,-0.202269525785369,0.20226952578536916
154,2026-04-11 13:30:00,2025,30477,0,0,home_win,0,naive_bayes,4,Borussia Dortmund,Bayer Leverkusen,,,,,,,,,,,,,,,,,0.6065222187278737,0.39347778127212646,0.39347778127212646,0.6065222187278737,market_only,test,2025,1,,
154,2026-04-11 13:30:00,2025,30479,1,1,home_win,0,naive_bayes,4,FC Heidenheim,Union Berlin,,29,29,0.3427508319791074,0.2770316459064172,0.3802175221144754,0.6197824778855245,0.6572491680208926,2.74,3.39,2.47,1.6134692987959924,1.521492987220049,1.0648070539822398,closing,market_average_close,0.7791659082853425,0.2208340917146572,0.2208340917146572,0.7791659082853425,market_only,test,2025,0,-0.12191674026445018,0.12191674026444987
154,2026-04-11 13:30:00,2025,30481,1,1,home_win,1,naive_bayes,4,RasenBallsport Leipzig,Borussia M.Gladbach,,29,29,0.6433104976828531,0.198569413661092,0.1581200886560548,0.8418799113439451,0.3566895023171469,1.46,4.73,5.94,1.187817866331598,2.803558819375794,1.0646981656857413,closing,market_average_close,0.1197558374279556,0.8802441625720446,0.8802441625720446,0.1197558374279556,market_only,test,2025,0,0.23693366488919154,-0.23693366488919132
154,2026-04-11 13:30:00,2025,30484,0,0,home_win,0,naive_bayes,4,Wolfsburg,Eintracht Frankfurt,,29,29,0.3808491008853568,0.2588090575077287,0.3603418416069145,0.6396581583930856,0.6191508991146433,2.46,3.62,2.6,1.5633350202429146,1.6151151543669775,1.0673625435786869,closing,market_average_close,0.6875199002402735,0.312480099759726,0.312480099759726,0.6875199002402735,market_only,test,2025,1,-0.06836900112563077,0.06836900112563027
155,2026-04-11 16:30:00,2025,30482,0,0,home_win,0,naive_bayes,4,St. Pauli,Bayern Munich,,29,29,0.1141390062250764,0.1696605119656652,0.7162004818092583,0.2837995181907417,0.8858609937749236,8.22,5.53,1.31,3.5236141568355306,1.1288452782402072,1.0658451062439458,closing,market_average_close,0.999999999988777,1.1223808861293e-11,1.1223808861293e-11,0.999999999988777,market_only,test,2025,1,-0.11413900621385259,0.11413900621385342
156,2026-04-12 13:30:00,2025,30478,1,1,home_win,0,naive_bayes,4,FC Cologne,Werder Bremen,,29,29,0.4101197650653649,0.2778622076922146,0.3120180272424204,0.6879819727575796,0.589880234934635,2.29,3.38,3.01,1.4535264579561369,1.6952593777121734,1.0647651244943666,closing,market_average_close,0.6323475703101901,0.36765242968980966,0.36765242968980966,0.6323475703101901,market_only,test,2025,0,-0.04246733537555525,0.042467335375555026
157,2026-04-12 15:30:00,2025,30483,1,1,home_win,1,naive_bayes,4,VfB Stuttgart,Hamburger SV,,29,29,0.734943948137306,0.1586388286029935,0.1064172232597004,0.8935827767402995,0.265056051862694,1.28,5.93,8.84,1.1190905040134054,3.772786899119837,1.0630062360266457,closing,market_average_close,0.007231336112636778,0.9927686638873631,0.9927686638873631,0.007231336112636778,market_only,test,2025,0,0.25782471575005705,-0.2578247157500572
158,2026-04-12 17:30:00,2025,30480,0,0,home_win,0,naive_bayes,4,Mainz 05,Freiburg,,29,29,0.4272921784610508,0.2937633726919724,0.2789444488469767,0.7210555511530232,0.5727078215389492,2.2,3.2,3.37,1.3868556984283986,1.7460910474609106,1.063781359589965,closing,market_average_close,0.5930520063716276,0.40694799362837275,0.40694799362837275,0.5930520063716276,market_only,test,2025,1,-0.020344184832678025,0.020344184832678414
159,2026-04-17 18:30:00,2025,30491,0,0,home_win,0,naive_bayes,4,St. Pauli,FC Cologne,,30,30,0.3328020612256694,0.2887697885096578,0.3784281502646726,0.6215718497353273,0.6671979387743304,2.82,3.25,2.48,1.608824467237073,1.498805589593158,1.065528043221935,closing,market_average_close,0.7959260807311113,0.20407391926888924,0.20407391926888924,0.7959260807311113,market_only,test,2025,1,-0.12872814195678017,0.12872814195678084
160,2026-04-18 13:30:00,2025,30485,0,0,home_win,1,naive_bayes,4,Bayer Leverkusen,Augsburg,,30,30,0.6802108482839465,0.180517494352278,0.1392716573637753,0.8607283426362246,0.3197891517160534,1.38,5.2,6.74,1.161806751869256,3.1270604228873844,1.065313325989368,closing,market_average_close,0.052094206278027376,0.9479057937219729,0.9479057937219729,0.052094206278027376,market_only,test,2025,1,0.2676949454380264,-0.267694945438026
160,2026-04-18 13:30:00,2025,30490,1,1,home_win,0,naive_bayes,4,Hoffenheim,Borussia Dortmund,,,,,,,,,,,,,,,,,0.6083811619306037,0.39161883806939607,0.39161883806939607,0.6083811619306037,market_only,test,2025,0,,
160,2026-04-18 13:30:00,2025,30492,0,0,home_win,0,naive_bayes,4,Union Berlin,Wolfsburg,,30,30,0.4385025065106712,0.2635942033519203,0.2979032901374083,0.7020967098625917,0.5614974934893286,2.14,3.56,3.15,1.4243052074631022,1.7809518503558648,1.06564891349098,closing,market_average_close,0.5715634986313448,0.428436501368655,0.428436501368655,0.5715634986313448,market_only,test,2025,1,-0.010066005142016166,0.010066005142016166
160,2026-04-18 13:30:00,2025,30493,1,1,home_win,1,naive_bayes,4,Werder Bremen,Hamburger SV,,30,30,0.5258246585554166,0.2490016240249195,0.225173717419664,0.7748262825803361,0.4741753414445836,1.79,3.78,4.18,1.2906118732443967,2.108924510822267,1.062443932188125,closing,market_average_close,0.39655594375210007,0.6034440562479,0.6034440562479,0.39655594375210007,market_only,test,2025,0,0.07761939769248338,-0.07761939769248355
161,2026-04-18 16:30:00,2025,30488,0,0,home_win,0,naive_bayes,4,Eintracht Frankfurt,RasenBallsport Leipzig,,30,30,0.3238243523435875,0.2414114708988183,0.4347641767575941,0.5652358232424058,0.6761756476564125,2.9,3.89,2.16,1.7691730758741069,1.4789056711313766,1.0648599579102194,closing,market_average_close,0.82312272132374,0.1768772786762596,0.1768772786762596,0.82312272132374,market_only,test,2025,1,-0.14694707366732787,0.1469470736673275
162,2026-04-19 13:30:00,2025,30489,1,1,home_win,1,naive_bayes,4,Freiburg,FC Heidenheim,,30,30,0.5794237066899233,0.22783165165963,0.1927446416504467,0.8072553583495533,0.4205762933100768,1.62,4.12,4.87,1.2387653914673495,2.377689888627968,1.0653412062541332,closing,market_average_close,0.2698323516477203,0.7301676483522794,0.7301676483522794,0.2698323516477203,market_only,test,2025,0,0.15074394166235616,-0.1507439416623565
163,2026-04-19 15:30:00,2025,30486,1,1,home_win,1,naive_bayes,4,Bayern Munich,VfB Stuttgart,,30,30,0.6448136547694931,0.1824472744115232,0.1727390708189835,0.8272609291810165,0.3551863452305067,1.46,5.16,5.45,1.2088084481277197,2.8154235471834537,1.0622161949938282,closing,market_average_close,0.11790536082644199,0.8820946391735579,0.8820946391735579,0.11790536082644199,market_only,test,2025,0,0.23728098440406475,-0.2372809844040647
164,2026-04-19 17:30:00,2025,30487,0,0,home_win,0,naive_bayes,4,Borussia M.Gladbach,Mainz 05,,30,30,0.4222626688380112,0.269374461155283,0.3083628700067056,0.6916371299932942,0.5777373311619887,2.22,3.48,3.04,1.4458448753462607,1.7308903996020562,1.0667541407105836,closing,market_average_close,0.5997180946831248,0.40028190531687524,0.40028190531687524,0.5997180946831248,market_only,test,2025,1,-0.021980763521135982,0.021980763521136093
1,2024-08-23 18:30:00,2024,27742,0,0,home_win,0,hist_gradient_boosting,4,Borussia M.Gladbach,Bayer Leverkusen,Bundesliga,1,1,0.1878814367032284,0.2144207427846261,0.5976978205121454,0.4023021794878546,0.8121185632967716,5.09,4.46,1.6,2.4856937172774867,1.2313472997594457,1.04567890086074,closing,market_average_close,0.8798339563607169,0.12016604363928306,0.12016604363928306,0.8798339563607169,market_only,development,2024,1,-0.06771539306394535,0.06771539306394536
2,2024-08-24 13:30:00,2024,27743,1,1,home_win,1,hist_gradient_boosting,4,RasenBallsport Leipzig,Bochum,Bundesliga,1,1,0.7841739888657858,0.1357010306973416,0.0801249804368725,0.9198750195631274,0.2158260111342142,1.22,7.05,11.94,1.0871042029980615,4.633361821148318,1.0452681965810915,closing,market_average_close,0.1266354260463194,0.8733645739536806,0.8733645739536806,0.1266354260463194,market_only,development,2024,0,0.08919058508789479,-0.08919058508789482
2,2024-08-24 13:30:00,2024,27744,1,1,home_win,0,hist_gradient_boosting,4,Hoffenheim,Holstein Kiel,Bundesliga,1,1,0.5918991272688333,0.2112062965144295,0.1968945762167371,0.8031054237832629,0.4081008727311667,1.62,4.54,4.87,1.2451665377743406,2.450374568688419,1.0428870768328082,closing,market_average_close,0.6718056739631949,0.3281943260368051,0.3281943260368051,0.6718056739631949,market_only,development,2024,0,-0.2637048012320282,0.2637048012320282
2,2024-08-24 13:30:00,2024,27745,1,1,home_win,0,hist_gradient_boosting,4,Freiburg,VfB Stuttgart,Bundesliga,1,1,0.2646613059403023,0.251462973098135,0.4838757209615628,0.5161242790384373,0.7353386940596978,3.62,3.81,1.98,1.937517843305192,1.3599175564652333,1.0437607905742068,closing,market_average_close,0.7090141843380042,0.2909858156619958,0.2909858156619958,0.7090141843380042,market_only,development,2024,0,0.02632450972169348,-0.026324509721693534
2,2024-08-24 13:30:00,2024,27746,0,0,home_win,0,hist_gradient_boosting,4,Augsburg,Werder Bremen,Bundesliga,1,1,0.3895210001404691,0.2706840848433768,0.3397949150161539,0.6602050849838459,0.6104789998595308,2.46,3.54,2.82,1.51468085106383,1.6380579843534284,1.0435998698248794,closing,market_average_close,0.5636491637628398,0.4363508362371602,0.4363508362371602,0.5636491637628398,market_only,development,2024,1,0.04682983609669111,-0.046829836096691
2,2024-08-24 13:30:00,2024,27747,0,0,home_win,1,hist_gradient_boosting,4,Mainz 05,Union Berlin,Bundesliga,1,1,0.4608033924888902,0.28696738214877,0.2522292253623399,0.7477707746376602,0.5391966075111099,2.08,3.34,3.8,1.337308215187415,1.8546110751993103,1.0433283231108632,closing,market_average_close,0.49355233662451026,0.5064476633754897,0.5064476633754897,0.49355233662451026,market_only,development,2024,1,0.04564427088659956,-0.045644270886599614
3,2024-08-24 16:30:00,2024,27748,1,1,home_win,0,hist_gradient_boosting,4,Borussia Dortmund,Eintracht Frankfurt,,,,,,,,,,,,,,,,,0.6156817841879878,0.38431821581201214,0.38431821581201214,0.6156817841879878,market_only,development,2024,0,,
4,2024-08-25 13:30:00,2024,27749,0,0,home_win,0,hist_gradient_boosting,4,Wolfsburg,Bayern Munich,Bundesliga,1,1,0.1508218112142604,0.2054018670926545,0.6437763216930851,0.356223678306915,0.8491781887857396,6.36,4.67,1.49,2.8072249569508414,1.1776091440006533,1.042506406312465,closing,market_average_close,0.8673743900202036,0.1326256099797964,0.1326256099797964,0.8673743900202036,market_only,development,2024,1,-0.018196201234464,0.01819620123446397
5,2024-08-25 15:30:00,2024,27750,0,0,home_win,0,hist_gradient_boosting,4,St. Pauli,FC Heidenheim,Bundesliga,1,1,0.4770727519851206,0.2718363259174476,0.2510909220974319,0.7489090779025682,0.5229272480148796,2.0,3.51,3.8,1.3352755755086445,1.912311901504788,1.0480581796371269,closing,market_average_close,0.5334093344094433,0.4665906655905568,0.4665906655905568,0.5334093344094433,market_only,development,2024,1,-0.010482086394563828,0.010482086394563717
6,2024-08-30 18:30:00,2024,27751,1,1,home_win,0,hist_gradient_boosting,4,Union Berlin,St. Pauli,Bundesliga,2,2,0.4874858478067111,0.27998458314263,0.2325295690506588,0.7674704309493412,0.5125141521932889,1.97,3.43,4.13,1.3029817953546767,1.9511656326377136,1.0412901533076695,closing,market_average_close,0.5905529909976546,0.40944700900234543,0.40944700900234543,0.5905529909976546,market_only,development,2024,0,-0.07803883880436568,0.07803883880436568
7,2024-08-31 13:30:00,2024,27752,0,0,home_win,0,hist_gradient_boosting,4,Bochum,Borussia M.Gladbach,Bundesliga,2,2,0.3350208457415128,0.2555092316855271,0.40946992257296,0.5905300774270399,0.6649791542584871,2.86,3.75,2.34,1.6933938477054968,1.5038065382892971,1.0436674436674438,closing,market_average_close,0.6891542732179895,0.3108457267820105,0.3108457267820105,0.6891542732179895,market_only,development,2024,1,-0.024175118959502306,0.024175118959502417
7,2024-08-31 13:30:00,2024,27753,0,0,home_win,0,hist_gradient_boosting,4,Werder Bremen,Borussia Dortmund,,,,,,,,,,,,,,,,,0.5867711086271545,0.41322889137284546,0.41322889137284546,0.5867711086271545,market_only,development,2024,1,,
7,2024-08-31 13:30:00,2024,27754,0,0,home_win,0,hist_gradient_boosting,4,Holstein Kiel,Wolfsburg,Bundesliga,2,2,0.3229863076570029,0.2635355312476095,0.4134781610953875,0.5865218389046125,0.677013692342997,2.97,3.64,2.32,1.7049663519223748,1.4770750005649331,1.042460094184232,closing,market_average_close,0.7110361490063757,0.28896385099362426,0.28896385099362426,0.7110361490063757,market_only,development,2024,1,-0.034022456663378664,0.034022456663378664
7,2024-08-31 13:30:00,2024,27755,0,0,home_win,0,hist_gradient_boosting,4,VfB Stuttgart,Mainz 05,Bundesliga,2,2,0.577783473275425,0.2256754272087542,0.1965410995158207,0.8034589004841792,0.422216526724575,1.66,4.25,4.88,1.2446187345704696,2.3684530014911784,1.042621788988161,closing,market_average_close,0.6219090700023657,0.37809092999763433,0.37809092999763433,0.6219090700023657,market_only,development,2024,1,-0.19969254327779068,0.19969254327779073
7,2024-08-31 13:30:00,2024,27756,1,1,home_win,0,hist_gradient_boosting,4,Eintracht Frankfurt,Hoffenheim,Bundesliga,2,2,0.5743768260085784,0.2180021135078013,0.2076210604836203,0.7923789395163797,0.4256231739914216,1.67,4.4,4.62,1.2620224366517612,2.349496129691836,1.0425253389325246,closing,market_average_close,0.5739161909820625,0.42608380901793746,0.42608380901793746,0.5739161909820625,market_only,development,2024,0,-0.14829301699064096,0.1482930169906409
8,2024-08-31 16:30:00,2024,27757,0,0,home_win,0,hist_gradient_boosting,4,Bayer Leverkusen,RasenBallsport Leipzig,Bundesliga,2,2,0.5736702369065989,0.2207440773350276,0.2055856857583734,0.7944143142416266,0.4263297630934011,1.67,4.34,4.66,1.2587889997357766,2.345602129075183,1.0438094164314713,closing,market_average_close,0.5622185396233139,0.43778146037668614,0.43778146037668614,0.5622185396233139,market_only,development,2024,1,-0.13588877652991277,0.13588877652991282
9,2024-09-01 13:30:00,2024,27758,1,1,home_win,0,hist_gradient_boosting,4,FC Heidenheim,Augsburg,Bundesliga,2,2,0.3958556348207937,0.2760722294715622,0.3280721357076441,0.6719278642923558,0.6041443651792062,2.42,3.47,2.92,1.4882549945345025,1.6552335131080331,1.043873331960871,closing,market_average_close,0.5228341885395663,0.4771658114604337,0.4771658114604337,0.5228341885395663,market_only,development,2024,0,0.08131017663963996,-0.08131017663963991
10,2024-09-01 15:30:00,2024,27759,1,1,home_win,1,hist_gradient_boosting,4,Bayern Munich,Freiburg,Bundesliga,2,2,0.8013796845328063,0.1226601557958377,0.075960159671356,0.924039840328644,0.1986203154671937,1.2,7.84,12.66,1.082204420584658,5.034731707317073,1.03987329528968,closing,market_average_close,0.06236804888929004,0.93763195111071,0.93763195111071,0.06236804888929004,market_only,development,2024,0,0.13625226657790368,-0.13625226657790365
11,2024-09-13 18:30:00,2024,27760,1,1,home_win,0,hist_gradient_boosting,4,Borussia Dortmund,FC Heidenheim,,,,,,,,,,,,,,,,,0.6023360499668684,0.39766395003313154,0.39766395003313154,0.6023360499668684,market_only,development,2024,0,,
12,2024-09-14 13:30:00,2024,27761,0,0,home_win,0,hist_gradient_boosting,4,Hoffenheim,Bayer Leverkusen,Bundesliga,3,3,0.1435543470682562,0.1831555462594993,0.6732901066722442,0.3267098933277556,0.8564456529317436,6.66,5.22,1.42,3.0608194622279137,1.167616411592315,1.04594638348888,closing,market_average_close,0.8452869835775629,0.15471301642243704,0.15471301642243704,0.8452869835775629,market_only,development,2024,1,0.011158669354180833,-0.01115866935418064
12,2024-09-14 13:30:00,2024,27762,1,1,home_win,1,hist_gradient_boosting,4,Freiburg,Bochum,Bundesliga,3,3,0.6055275619232637,0.2230148130160272,0.1714576250607091,0.828542374939291,0.3944724380767363,1.58,4.29,5.58,1.2069388727079555,2.535031357008195,1.0452230950393464,closing,market_average_close,0.49841059636258567,0.5015894036374143,0.5015894036374143,0.49841059636258567,market_only,development,2024,0,-0.1039381582858494,0.10393815828584935
12,2024-09-14 13:30:00,2024,27763,0,0,home_win,1,hist_gradient_boosting,4,RasenBallsport Leipzig,Union Berlin,Bundesliga,3,3,0.6557505106320708,0.2007118963360217,0.1435375930319075,0.8564624069680925,0.3442494893679293,1.46,4.77,6.67,1.1675935707908485,2.9048699588083142,1.0445001502005953,closing,market_average_close,0.311833171895178,0.688166828104822,0.688166828104822,0.311833171895178,market_only,development,2024,1,0.0324163174727512,-0.03241631747275131
12,2024-09-14 13:30:00,2024,27764,0,0,home_win,0,hist_gradient_boosting,4,Wolfsburg,Eintracht Frankfurt,Bundesliga,3,3,0.3480404725745054,0.2766217628843612,0.3753377645411333,0.6246622354588667,0.6519595274254946,2.75,3.46,2.55,1.6008651447696631,1.533837543488126,1.044810567421924,closing,market_average_close,0.6882868859723994,0.31171311402760066,0.31171311402760066,0.6882868859723994,market_only,development,2024,1,-0.03632735854690472,0.03632735854690483
12,2024-09-14 13:30:00,2024,27765,0,0,home_win,0,hist_gradient_boosting,4,Borussia M.Gladbach,VfB Stuttgart,Bundesliga,3,3,0.357618320610687,0.2495877862595419,0.392793893129771,0.607206106870229,0.6423816793893129,2.68,3.84,2.44,1.6468872573669917,1.556706911303356,1.0433870605986462,closing,market_average_close,0.6930768847095847,0.3069231152904153,0.3069231152904153,0.6930768847095847,market_only,development,2024,1,-0.050695205320271663,0.05069520532027183
13,2024-09-14 16:30:00,2024,27766,0,0,home_win,0,hist_gradient_boosting,4,Holstein Kiel,Bayern Munich,Bundesliga,3,3,0.0765175947734762,0.1257864797130339,0.79769592551349,0.2023040744865101,0.923482405226524,12.51,7.61,1.2,4.943054174950297,1.0828576639256131,1.0446754291704612,closing,market_average_close,0.8378390654271126,0.16216093457288738,0.16216093457288738,0.8378390654271126,market_only,development,2024,1,0.08564333979941119,-0.08564333979941141
14,2024-09-15 13:30:00,2024,27767,1,1,home_win,0,hist_gradient_boosting,4,Augsburg,St. Pauli,Bundesliga,3,3,0.463096207064952,0.285300341852515,0.2516034510825329,0.7483965489174671,0.536903792935048,2.07,3.36,3.81,1.336190020446339,1.862531077557456,1.043178026659711,closing,market_average_close,0.6557189828355503,0.3442810171644497,0.3442810171644497,0.6557189828355503,market_only,development,2024,0,-0.11881518990050233,0.11881518990050233
15,2024-09-15 15:30:00,2024,27768,0,0,home_win,0,hist_gradient_boosting,4,Mainz 05,Werder Bremen,Bundesliga,3,3,0.4421385689393346,0.2680001940218871,0.2898612370387782,0.7101387629612217,0.5578614310606653,2.17,3.58,3.31,1.4081754892946277,1.7925598442944763,1.0422739056514827,closing,market_average_close,0.5945475885558511,0.40545241144414884,0.40545241144414884,0.5945475885558511,market_only,development,2024,1,-0.03668615749518578,0.03668615749518578
16,2024-09-20 18:30:00,2024,27769,0,0,home_win,0,hist_gradient_boosting,4,Augsburg,Mainz 05,Bundesliga,4,4,0.4047737905894099,0.273308798774046,0.3219174106365441,0.6780825893634559,0.5952262094105902,2.37,3.51,2.98,1.4747466100534177,1.6800335472294277,1.042411682968985,closing,market_average_close,0.5712184535146673,0.42878154648533273,0.42878154648533273,0.5712184535146673,market_only,development,2024,1,0.024007755895922855,-0.024007755895922966
17,2024-09-21 13:30:00,2024,27770,1,1,home_win,0,hist_gradient_boosting,4,Union Berlin,Hoffenheim,Bundesliga,4,4,0.5234236245232294,0.2468724827003892,0.2297038927763813,0.7702961072236186,0.4765763754767705,1.83,3.88,4.17,1.2982020688178004,2.0982995621627123,1.0439881996717988,closing,market_average_close,0.5092992928356128,0.49070070716438724,0.49070070716438724,0.5092992928356128,market_only,development,2024,0,-0.032722917358842196,0.03272291735884231
17,2024-09-21 13:30:00,2024,27771,0,0,home_win,1,hist_gradient_boosting,4,Bochum,Holstein Kiel,Bundesliga,4,4,0.5237560177068299,0.2463942191268634,0.2298497631663066,0.7701502368336933,0.4762439822931701,1.83,3.89,4.17,1.2984479549227752,2.099764064597486,1.043325649649272,closing,market_average_close,0.4279995193246261,0.5720004806753739,0.5720004806753739,0.4279995193246261,market_only,development,2024,1,0.04824446296854401,-0.04824446296854401
17,2024-09-21 13:30:00,2024,27772,0,0,home_win,0,hist_gradient_boosting,4,FC Heidenheim,Freiburg,Bundesliga,4,4,0.2972902167598784,0.2759331609581629,0.4267766222819587,0.5732233777180413,0.7027097832401217,3.23,3.48,2.25,1.7445206159960258,1.4230625840857147,1.0413982895033391,closing,market_average_close,0.6816041834576025,0.31839581654239746,0.31839581654239746,0.6816041834576025,market_only,development,2024,1,0.02110559978251908,-0.021105599782519135
17,2024-09-21 13:30:00,2024,27773,0,0,home_win,0,hist_gradient_boosting,4,Werder Bremen,Bayern Munich,Bundesliga,4,4,0.1054937920960805,0.1592956260650815,0.7352105818388379,0.2647894181611621,0.8945062079039194,9.06,6.0,1.3,3.77658596383696,1.1179352263449152,1.0462727118356256,closing,market_average_close,0.8684446435649212,0.1315553564350788,0.1315553564350788,0.8684446435649212,market_only,development,2024,1,0.026061564338998297,-0.0260615643389982
18,2024-09-21 16:30:00,2024,27774,1,1,home_win,0,hist_gradient_boosting,4,Eintracht Frankfurt,Borussia M.Gladbach,Bundesliga,4,4,0.5455128871177718,0.2269746291553849,0.2275124837268432,0.7724875162731567,0.4544871128822281,1.76,4.23,4.22,1.2945193015214933,2.200282409897795,1.0415552622117108,closing,market_average_close,0.5588248935349192,0.4411751064650809,0.4411751064650809,0.5588248935349192,market_only,development,2024,0,-0.10433778065269089,0.10433778065269106
19,2024-09-22 13:30:00,2024,27775,1,1,home_win,1,hist_gradient_boosting,4,Bayer Leverkusen,Wolfsburg,Bundesliga,4,4,0.7527745221110999,0.1524758601405258,0.0947496177483743,0.9052503822516256,0.2472254778889001,1.27,6.27,10.09,1.104666752542765,4.044890553106289,1.045999235727241,closing,market_average_close,0.21459254098584146,0.7854074590141585,0.7854074590141585,0.21459254098584146,market_only,development,2024,0,0.032632936903058685,-0.03263293690305863
20,2024-09-22 15:30:00,2024,27776,1,1,home_win,0,hist_gradient_boosting,4,VfB Stuttgart,Borussia Dortmund,,,,,,,,,,,,,,,,,0.6054457762196646,0.3945542237803354,0.3945542237803354,0.6054457762196646,market_only,development,2024,0,,
21,2024-09-22 17:30:00,2024,27777,0,0,home_win,0,hist_gradient_boosting,4,St. Pauli,RasenBallsport Leipzig,Bundesliga,4,4,0.1868526446623394,0.2333379367490678,0.5798094185885927,0.4201905814114072,0.8131473553376605,5.12,4.1,1.65,2.3798724774863604,1.229789402173913,1.0452755450849964,closing,market_average_close,0.9028709750467808,0.09712902495321922,0.09712902495321922,0.9028709750467808,market_only,development,2024,1,-0.08972361970912017,0.08972361970912035
22,2024-09-27 18:30:00,2024,27778,1,1,home_win,0,hist_gradient_boosting,4,Borussia Dortmund,Bochum,,,,,,,,,,,,,,,,,0.583504796154342,0.41649520384565797,0.41649520384565797,0.583504796154342,market_only,development,2024,0,,
23,2024-09-28 13:30:00,2024,27779,0,0,home_win,1,hist_gradient_boosting,4,Freiburg,St. Pauli,Bundesliga,5,5,0.6069083872461316,0.2279536287024944,0.1651379840513737,0.8348620159486261,0.3930916127538683,1.57,4.18,5.77,1.1978027277522418,2.5439362417181446,1.0494873502232942,closing,market_average_close,0.4576274171254231,0.5423725828745769,0.5423725828745769,0.4576274171254231,market_only,development,2024,1,-0.0645358043715547,0.06453580437155482
23,2024-09-28 13:30:00,2024,27780,0,0,home_win,0,hist_gradient_boosting,4,Wolfsburg,VfB Stuttgart,Bundesliga,5,5,0.2753748061347578,0.254868171635361,0.4697570222298811,0.5302429777701189,0.7246251938652422,3.48,3.76,2.04,1.885927851803705,1.3800237812128415,1.0435098470789637,closing,market_average_close,0.6257591008870494,0.37424089911295055,0.37424089911295055,0.6257591008870494,market_only,development,2024,1,0.09886609297819277,-0.09886609297819271
23,2024-09-28 13:30:00,2024,27781,0,0,home_win,0,hist_gradient_boosting,4,Mainz 05,FC Heidenheim,Bundesliga,5,5,0.5183026800642825,0.2612697433566547,0.2204275765790627,0.7795724234209372,0.4816973199357175,1.85,3.67,4.35,1.2827544561052808,2.075992451304172,1.0429051620445025,closing,market_average_close,0.5284988957378856,0.4715011042621145,0.4715011042621145,0.5284988957378856,market_only,development,2024,1,-0.04680157580216798,0.04680157580216804
23,2024-09-28 13:30:00,2024,27782,1,1,home_win,0,hist_gradient_boosting,4,Borussia M.Gladbach,Union Berlin,Bundesliga,5,5,0.437353574756571,0.2784314909060728,0.2842149343373562,0.7157850656626438,0.5626464252434289,2.19,3.44,3.37,1.397067427041443,1.777315122134385,1.0440545840293252,closing,market_average_close,0.5561219422791518,0.4438780577208482,0.4438780577208482,0.5561219422791518,market_only,development,2024,0,0.006524482964277212,-0.006524482964277101
23,2024-09-28 13:30:00,2024,27783,1,1,home_win,1,hist_gradient_boosting,4,RasenBallsport Leipzig,Augsburg,Bundesliga,5,5,0.6378186450554961,0.2005719009608478,0.1616094539836561,0.838390546016344,0.362181354944504,1.5,4.77,5.92,1.1927615414457515,2.7610477081384466,1.0452291914556064,closing,market_average_close,0.43806924264306457,0.5619307573569354,0.5619307573569354,0.43806924264306457,market_only,development,2024,0,-0.0758878876985607,0.07588788769856059
24,2024-09-28 16:30:00,2024,27784,0,0,home_win,0,hist_gradient_boosting,4,Bayern Munich,Bayer Leverkusen,Bundesliga,5,5,0.5846177883890563,0.2135352278303011,0.2018469837806425,0.7981530162193575,0.4153822116109438,1.64,4.49,4.75,1.252892590366618,2.4074213388237777,1.0429995625709392,closing,market_average_close,0.5392465837059901,0.46075341629400984,0.46075341629400984,0.5392465837059901,market_only,development,2024,1,-0.12386437209504647,0.1238643720950463
25,2024-09-29 13:30:00,2024,27785,0,0,home_win,0,hist_gradient_boosting,4,Holstein Kiel,Eintracht Frankfurt,Bundesliga,5,5,0.262086549253814,0.2485069353028392,0.4894065154433467,0.5105934845566533,0.737913450746186,3.66,3.86,1.96,1.958505210594876,1.3551724785458097,1.0424954828614534,closing,market_average_close,0.7673406274429413,0.23265937255705868,0.23265937255705868,0.7673406274429413,market_only,development,2024,1,-0.029427176696755347,0.02942717669675532
26,2024-09-29 15:30:00,2024,27786,0,0,home_win,0,hist_gradient_boosting,4,Hoffenheim,Werder Bremen,Bundesliga,5,5,0.419438207815079,0.2563858213990295,0.3241759707858915,0.6758240292141086,0.5805617921849211,2.28,3.73,2.95,1.479675117741617,1.7224695346149803,1.045676056820836,closing,market_average_close,0.5226206621852658,0.47737933781473413,0.47737933781473413,0.5226206621852658,market_only,development,2024,1,0.05794112999965512,-0.05794112999965528
27,2024-10-04 18:30:00,2024,27790,1,1,home_win,0,hist_gradient_boosting,4,Augsburg,Borussia M.Gladbach,Bundesliga,6,6,0.3980787704130643,0.2592891450528337,0.3426320845341018,0.657367915465898,0.6019212295869356,2.41,3.7,2.8,1.5212181435585694,1.6613469518033834,1.042350886749227,closing,market_average_close,0.5998415452160484,0.4001584547839516,0.4001584547839516,0.5998415452160484,market_only,development,2024,0,0.002079684370887347,-0.002079684370887236
28,2024-10-05 13:30:00,2024,27789,0,0,home_win,0,hist_gradient_boosting,4,Werder Bremen,Freiburg,Bundesliga,6,6,0.3562291970401343,0.2737875828679889,0.3699832200918769,0.6300167799081233,0.6437708029598659,2.69,3.5,2.59,1.5872593110072912,1.5533478613852922,1.0435618837105824,closing,market_average_close,0.7653806601057132,0.23461933989428685,0.23461933989428685,0.7653806601057132,market_only,development,2024,1,-0.12160985714584743,0.12160985714584727
28,2024-10-05 13:30:00,2024,27791,1,1,home_win,0,hist_gradient_boosting,4,Union Berlin,Borussia Dortmund,,,,,,,,,,,,,,,,,0.5725427637019637,0.42745723629803634,0.42745723629803634,0.5725427637019637,market_only,development,2024,0,,
28,2024-10-05 13:30:00,2024,27792,0,0,home_win,0,hist_gradient_boosting,4,Bochum,Wolfsburg,Bundesliga,6,6,0.3137671350403233,0.2584965014966349,0.4277363634630416,0.5722636365369582,0.6862328649596766,3.04,3.69,2.23,1.7474463449250064,1.4572312855618776,1.0483805717216956,closing,market_average_close,0.807616721041839,0.19238327895816096,0.19238327895816096,0.807616721041839,market_only,development,2024,1,-0.12138385608216232,0.1213838560821624
28,2024-10-05 13:30:00,2024,27794,0,0,home_win,1,hist_gradient_boosting,4,Bayer Leverkusen,Holstein Kiel,Bundesliga,6,6,0.8844258347013995,0.0798033244887852,0.0357708408098154,0.9642291591901848,0.1155741652986006,1.09,12.08,26.95,1.037097862545308,8.652452712216194,1.0373184010056584,closing,market_average_close,0.08465860460062724,0.9153413953993728,0.9153413953993728,0.08465860460062724,market_only,development,2024,1,0.0309155606979733,-0.030915560697973354
29,2024-10-05 16:30:00,2024,27793,0,0,home_win,0,hist_gradient_boosting,4,St. Pauli,Mainz 05,Bundesliga,6,6,0.4403059926046797,0.2806628841749127,0.2790311232204074,0.7209688767795924,0.5596940073953203,2.18,3.42,3.44,1.3870224252491696,1.786690560890149,1.0418109315675934,closing,market_average_close,0.5607446776996201,0.43925532230037984,0.43925532230037984,0.5607446776996201,market_only,development,2024,1,-0.0010506703042998389,0.0010506703042998389
30,2024-10-06 13:30:00,2024,27788,0,0,home_win,0,hist_gradient_boosting,4,FC Heidenheim,RasenBallsport Leipzig,Bundesliga,6,6,0.2003200465522258,0.2364271166715159,0.5632528367762585,0.4367471632237417,0.7996799534477743,4.78,4.05,1.7,2.2896542535473983,1.250500272876114,1.0443538952850626,closing,market_average_close,0.8218125419350144,0.17818745806498557,0.17818745806498557,0.8218125419350144,market_only,development,2024,1,-0.02213258848724023,0.02213258848724009
31,2024-10-06 15:30:00,2024,27787,0,0,home_win,0,hist_gradient_boosting,4,Eintracht Frankfurt,Bayern Munich,Bundesliga,6,6,0.170714026821312,0.2033345415005436,0.6259514316781443,0.3740485683218557,0.8292859731786879,5.61,4.71,1.53,2.673449612403101,1.205856643356643,1.044162115724499,closing,market_average_close,0.8718827017778458,0.1281172982221542,0.1281172982221542,0.8718827017778458,market_only,development,2024,1,-0.04259672859915781,0.04259672859915786
32,2024-10-06 17:30:00,2024,27795,0,0,home_win,1,hist_gradient_boosting,4,VfB Stuttgart,Hoffenheim,Bundesliga,6,6,0.7203629320934158,0.1583607768073129,0.1212762910992712,0.8787237089007287,0.2796370679065841,1.33,6.05,7.9,1.13801413330589,3.5760638154526103,1.04375123392748,closing,market_average_close,0.2307762761647293,0.7692237238352707,0.7692237238352707,0.2307762761647293,market_only,development,2024,1,0.04886079174185487,-0.048860791741854814
33,2024-10-18 18:30:00,2024,27798,1,1,home_win,0,hist_gradient_boosting,4,Borussia Dortmund,St. Pauli,,,,,,,,,,,,,,,,,0.5751374027317891,0.42486259726821085,0.42486259726821085,0.5751374027317891,market_only,development,2024,0,,
34,2024-10-19 13:30:00,2024,27796,1,1,home_win,1,hist_gradient_boosting,4,Bayer Leverkusen,Eintracht Frankfurt,Bundesliga,7,7,0.6471434278865362,0.1991210547343188,0.153735517379145,0.8462644826208551,0.3528565721134639,1.48,4.81,6.23,1.1816636767066375,2.83401268115942,1.0440895272355946,closing,market_average_close,0.3982827923978297,0.6017172076021703,0.6017172076021703,0.3982827923978297,market_only,development,2024,0,-0.04542622028436594,0.045426220284365826
34,2024-10-19 13:30:00,2024,27799,1,1,home_win,1,hist_gradient_boosting,4,Hoffenheim,Bochum,Bundesliga,7,7,0.6287198665072959,0.1946342560266985,0.1766458774660055,0.8233541225339944,0.371280133492704,1.52,4.91,5.41,1.214544231493433,2.693384077927377,1.0464036081711294,closing,market_average_close,0.38403863332346133,0.6159613666765387,0.6159613666765387,0.38403863332346133,market_only,development,2024,0,-0.012758499830757275,0.01275849983075733
34,2024-10-19 13:30:00,2024,27800,1,1,home_win,0,hist_gradient_boosting,4,Freiburg,Augsburg,Bundesliga,7,7,0.5773118433989152,0.2383924527468157,0.184295703854269,0.8157042961457309,0.4226881566010848,1.66,4.02,5.2,1.2259344528710725,2.3658103128348538,1.043473549767382,closing,market_average_close,0.7125494278978365,0.2874505721021635,0.2874505721021635,0.7125494278978365,market_only,development,2024,0,-0.28986127129675165,0.2898612712967517
34,2024-10-19 13:30:00,2024,27802,0,0,home_win,0,hist_gradient_boosting,4,Mainz 05,RasenBallsport Leipzig,Bundesliga,7,7,0.2421512223154306,0.2464975263057076,0.5113512513788616,0.4886487486211384,0.7578487776845693,3.97,3.9,1.88,2.0464597583065234,1.3195244611402126,1.0402143187930208,closing,market_average_close,0.7722239803469558,0.22777601965304417,0.22777601965304417,0.7722239803469558,market_only,development,2024,1,-0.014375202662386427,0.014375202662386566
34,2024-10-19 13:30:00,2024,27803,1,1,home_win,1,hist_gradient_boosting,4,Borussia M.Gladbach,FC Heidenheim,Bundesliga,7,7,0.4992100245164805,0.256278943067284,0.2445110324162353,0.7554889675837646,0.5007899754835194,1.92,3.74,3.92,1.3236460662003318,1.996845082680592,1.043315053294045,closing,market_average_close,0.4898376157633707,0.5101623842366293,0.5101623842366293,0.4898376157633707,market_only,development,2024,0,0.010952359720148797,-0.010952359720148741
35,2024-10-19 16:30:00,2024,27797,1,1,home_win,1,hist_gradient_boosting,4,Bayern Munich,VfB Stuttgart,Bundesliga,7,7,0.7393960189437314,0.1550928234857583,0.1055111575705103,0.8944888424294897,0.2606039810562687,1.29,6.15,9.04,1.117956929774479,3.837239922225453,1.0484148934924211,closing,market_average_close,0.2605848382558926,0.7394151617441074,0.7394151617441074,0.2605848382558926,market_only,development,2024,0,1.9142800375959723e-05,-1.9142800376070745e-05
36,2024-10-20 13:30:00,2024,27804,0,0,home_win,0,hist_gradient_boosting,4,Holstein Kiel,Union Berlin,Bundesliga,7,7,0.2578036944554175,0.2756344975301438,0.4665618080144386,0.5334381919855614,0.7421963055445825,3.71,3.47,2.05,1.874631428765541,1.3473524356420172,1.0455310950648675,closing,market_average_close,0.8898714006793889,0.1101285993206111,0.1101285993206111,0.8898714006793889,market_only,development,2024,1,-0.14767509513480642,0.14767509513480637
37,2024-10-20 15:30:00,2024,27801,0,0,home_win,0,hist_gradient_boosting,4,Wolfsburg,Werder Bremen,Bundesliga,7,7,0.4767985681767336,0.2562473588329503,0.266954072990316,0.7330459270096841,0.5232014318232664,2.01,3.74,3.59,1.364171006418796,1.9113097540944664,1.0434436489887564,closing,market_average_close,0.5267746950942525,0.47322530490574755,0.47322530490574755,0.5267746950942525,market_only,development,2024,1,-0.00357326327098606,0.00357326327098606
38,2024-10-25 18:30:00,2024,27810,0,0,home_win,0,hist_gradient_boosting,4,Mainz 05,Borussia M.Gladbach,Bundesliga,8,8,0.4232504443195455,0.2557609636797253,0.3209885920007291,0.6790114079992708,0.5767495556804545,2.26,3.74,2.98,1.4727293064876958,1.7338548251158872,1.0454280250492374,closing,market_average_close,0.6127788553919409,0.3872211446080591,0.3872211446080591,0.6127788553919409,market_only,development,2024,1,-0.036029299711486384,0.036029299711486384
39,2024-10-26 13:30:00,2024,27805,1,1,home_win,1,hist_gradient_boosting,4,VfB Stuttgart,Holstein Kiel,Bundesliga,8,8,0.7915110519392742,0.1282099562043536,0.0802789918563723,0.9197210081436278,0.2084889480607259,1.21,7.47,11.93,1.0872862434863897,4.7964173127715775,1.0441373862902696,closing,market_average_close,0.14183498105164472,0.8581650189483553,0.8581650189483553,0.14183498105164472,market_only,development,2024,0,0.0666539670090811,-0.06665396700908119
39,2024-10-26 13:30:00,2024,27806,1,1,home_win,1,hist_gradient_boosting,4,RasenBallsport Leipzig,Freiburg,Bundesliga,8,8,0.5300970374984748,0.2421763115475265,0.2277266509539987,0.7722733490460013,0.4699029625015252,1.8,3.94,4.19,1.2948782982545133,2.1280989476561434,1.0480261466414138,closing,market_average_close,0.49657988491734406,0.5034201150826559,0.5034201150826559,0.49657988491734406,market_only,development,2024,0,-0.02667692241581887,0.02667692241581887
39,2024-10-26 13:30:00,2024,27809,1,1,home_win,0,hist_gradient_boosting,4,Augsburg,Borussia Dortmund,,,,,,,,,,,,,,,,,0.5622097660059047,0.4377902339940954,0.4377902339940954,0.5622097660059047,market_only,development,2024,0,,
39,2024-10-26 13:30:00,2024,27813,0,0,home_win,1,hist_gradient_boosting,4,St. Pauli,Wolfsburg,Bundesliga,8,8,0.377382284786481,0.2802780711572111,0.3423396440563078,0.6576603559436922,0.6226177152135189,2.54,3.42,2.8,1.520541706615532,1.606121983948148,1.0432413053631453,closing,market_average_close,0.4826910499538485,0.5173089500461515,0.5173089500461515,0.4826910499538485,market_only,development,2024,1,0.1399266652596705,-0.13992666525967046
40,2024-10-26 16:30:00,2024,27808,0,0,home_win,0,hist_gradient_boosting,4,Werder Bremen,Bayer Leverkusen,Bundesliga,8,8,0.1519354225943302,0.1868835314951703,0.6611810459104993,0.3388189540895006,0.8480645774056697,6.31,5.13,1.45,2.951428743670123,1.179155487261499,1.0430655516812082,closing,market_average_close,0.9126223333229067,0.08737766667709335,0.08737766667709335,0.9126223333229067,market_only,development,2024,1,-0.06455775591723686,0.064557755917237
41,2024-10-27 14:30:00,2024,27812,0,0,home_win,0,hist_gradient_boosting,4,Bochum,Bayern Munich,Bundesliga,8,8,0.0609937518595656,0.1020658965370037,0.8369403516034306,0.1630596483965693,0.9390062481404344,15.78,9.43,1.15,6.132725109083697,1.0649556400506972,1.038981112244583,closing,market_average_close,0.9232933735489908,0.07670662645100927,0.07670662645100927,0.9232933735489908,market_only,development,2024,1,0.015712874591443673,-0.01571287459144366
42,2024-10-27 16:30:00,2024,27811,0,0,home_win,0,hist_gradient_boosting,4,Union Berlin,Eintracht Frankfurt,Bundesliga,8,8,0.3850539967044821,0.2932062543713029,0.321739748924215,0.678260251075785,0.6149460032955179,2.49,3.27,2.98,1.4743603187919463,1.6261590361445784,1.0429872930549855,closing,market_average_close,0.6990342205000248,0.30096577949997516,0.30096577949997516,0.6990342205000248,market_only,development,2024,1,-0.08408821720450693,0.08408821720450699
43,2024-10-27 18:30:00,2024,27807,0,0,home_win,0,hist_gradient_boosting,4,FC Heidenheim,Hoffenheim,Bundesliga,8,8,0.3555453485496236,0.2766491184680069,0.3678055329823693,0.6321944670176305,0.6444546514503762,2.7,3.47,2.61,1.58179176214162,1.551699561403509,1.0416965708628236,closing,market_average_close,0.7348983478885562,0.2651016521114437,0.2651016521114437,0.7348983478885562,market_only,development,2024,1,-0.0904436964381799,0.09044369643818007
44,2024-11-01 19:30:00,2024,27814,0,0,home_win,1,hist_gradient_boosting,4,Bayer Leverkusen,VfB Stuttgart,Bundesliga,9,9,0.5981518777396043,0.2085061011728468,0.1933420210875488,0.8066579789124512,0.4018481222603957,1.6,4.59,4.95,1.239682772800705,2.488502358490566,1.0448851257674787,closing,market_average_close,0.4090805388620068,0.5909194611379932,0.5909194611379932,0.4090805388620068,market_only,development,2024,1,-0.0072324166016111135,0.0072324166016111135
45,2024-11-02 14:30:00,2024,27815,1,1,home_win,1,hist_gradient_boosting,4,Bayern Munich,Union Berlin,Bundesliga,9,9,0.8346110358167391,0.1113460198595417,0.054042944323719,0.9459570556762807,0.1653889641832607,1.15,8.62,17.76,1.0571304415982,6.046352638692028,1.0418808044400705,closing,market_average_close,0.11255065625885152,0.8874493437411485,0.8874493437411485,0.11255065625885152,market_only,development,2024,0,0.052838307924409356,-0.05283830792440919
45,2024-11-02 14:30:00,2024,27817,1,1,home_win,1,hist_gradient_boosting,4,Eintracht Frankfurt,Bochum,Bundesliga,9,9,0.6597919881018348,0.1890708266299724,0.1511371852681928,0.8488628147318072,0.3402080118981652,1.45,5.06,6.33,1.1780466556494686,2.939378159910387,1.0452615140081831,closing,market_average_close,0.2911005035211647,0.7088994964788353,0.7088994964788353,0.2911005035211647,market_only,development,2024,0,0.04910750837700051,-0.04910750837700051
45,2024-11-02 14:30:00,2024,27818,0,0,home_win,0,hist_gradient_boosting,4,Hoffenheim,St. Pauli,Bundesliga,9,9,0.5018949464707257,0.252933864844086,0.2451711886851882,0.7548288113148118,0.4981050535292743,1.91,3.79,3.91,1.324803697222596,2.0076086217447475,1.043166927871472,closing,market_average_close,0.5332673711400625,0.4667326288599375,0.4667326288599375,0.5332673711400625,market_only,development,2024,1,-0.03516231761078825,0.035162317610788196
45,2024-11-02 14:30:00,2024,27820,0,0,home_win,0,hist_gradient_boosting,4,Wolfsburg,Augsburg,Bundesliga,9,9,0.4607665830464967,0.2669622542442098,0.2722711627092935,0.7277288372907065,0.5392334169535034,2.08,3.59,3.52,1.374138207471541,1.854484474737639,1.043411671893566,closing,market_average_close,0.5895289368128287,0.41047106318717136,0.41047106318717136,0.5895289368128287,market_only,development,2024,1,-0.050295519859325344,0.050295519859325344
45,2024-11-02 14:30:00,2024,27822,1,1,home_win,0,hist_gradient_boosting,4,Holstein Kiel,FC Heidenheim,Bundesliga,9,9,0.3849823883515732,0.2786645776149469,0.3363530340334798,0.6636469659665202,0.6150176116484267,2.49,3.44,2.85,1.5068252418567498,1.625969697550137,1.043181293103872,closing,market_average_close,0.7017308678255151,0.2982691321744849,0.2982691321744849,0.7017308678255151,market_only,development,2024,0,-0.0867132561770883,0.08671325617708836
46,2024-11-02 17:30:00,2024,27816,1,1,home_win,0,hist_gradient_boosting,4,Borussia Dortmund,RasenBallsport Leipzig,,,,,,,,,,,,,,,,,0.5468404159952156,0.45315958400478434,0.45315958400478434,0.5468404159952156,market_only,development,2024,0,,
47,2024-11-03 14:30:00,2024,27819,0,0,home_win,1,hist_gradient_boosting,4,Freiburg,Mainz 05,Bundesliga,9,9,0.5362565116862132,0.2559731082448858,0.2077703800689008,0.7922296199310991,0.4637434883137866,1.79,3.75,4.62,1.2622603028740214,2.156364510121944,1.041776100993978,closing,market_average_close,0.4386996006834326,0.5613003993165674,0.5613003993165674,0.4386996006834326,market_only,development,2024,1,0.025043887630354145,-0.025043887630353978
48,2024-11-03 16:30:00,2024,27821,1,1,home_win,0,hist_gradient_boosting,4,Borussia M.Gladbach,Werder Bremen,Bundesliga,9,9,0.4250575785401395,0.2568529752675708,0.3180894461922898,0.6819105538077104,0.5749424214598606,2.26,3.74,3.02,1.4664679911699776,1.7393046028171963,1.0409833830651491,closing,market_average_close,0.5269361716832476,0.4730638283167524,0.4730638283167524,0.5269361716832476,market_only,development,2024,0,0.04800624977661294,-0.04800624977661305
49,2024-11-08 19:30:00,2024,27829,0,0,home_win,0,hist_gradient_boosting,4,Union Berlin,Freiburg,Bundesliga,10,10,0.396117420521083,0.299563799269069,0.3043187802098479,0.6956812197901521,0.603882579478917,2.42,3.2,3.15,1.4374399819239676,1.6559510639682435,1.0431834579561852,closing,market_average_close,0.5927926240599055,0.4072073759400945,0.4072073759400945,0.5927926240599055,market_only,development,2024,1,0.011089955419011477,-0.011089955419011477
50,2024-11-09 14:30:00,2024,27826,1,1,home_win,0,hist_gradient_boosting,4,Werder Bremen,Holstein Kiel,Bundesliga,10,10,0.5924139739240285,0.222670681614136,0.1849153444618355,0.8150846555381646,0.4075860260759715,1.62,4.31,5.19,1.2268664281745605,2.453469785575048,1.041980739462511,closing,market_average_close,0.6002948216213151,0.39970517837868486,0.39970517837868486,0.6002948216213151,market_only,development,2024,0,-0.19270879554534365,0.1927087955453436
50,2024-11-09 14:30:00,2024,27828,1,1,home_win,0,hist_gradient_boosting,4,Mainz 05,Borussia Dortmund,,,,,,,,,,,,,,,,,0.5456000476346837,0.4543999523653163,0.4543999523653163,0.5456000476346837,market_only,development,2024,0,,
50,2024-11-09 14:30:00,2024,27830,0,0,home_win,0,hist_gradient_boosting,4,Bochum,Bayer Leverkusen,Bundesliga,10,10,0.0923577431695635,0.1460573746623691,0.7615848821680674,0.2384151178319326,0.9076422568304364,10.39,6.57,1.26,4.194364892183288,1.101755666921111,1.04210418593321,closing,market_average_close,0.8218015508262431,0.1781984491737569,0.1781984491737569,0.8218015508262431,market_only,development,2024,1,0.08584070600419341,-0.08584070600419336
50,2024-11-09 14:30:00,2024,27831,0,0,home_win,0,hist_gradient_boosting,4,St. Pauli,Bayern Munich,Bundesliga,10,10,0.065663769207998,0.1315966522242256,0.8027395785677764,0.1972604214322237,0.934336230792002,14.67,7.32,1.2,5.069440654843111,1.0702785218468274,1.0381116810262945,closing,market_average_close,0.8961803083007676,0.10381969169923239,0.10381969169923239,0.8961803083007676,market_only,development,2024,1,0.03815592249123438,-0.03815592249123445
51,2024-11-09 17:30:00,2024,27824,0,0,home_win,0,hist_gradient_boosting,4,RasenBallsport Leipzig,Borussia M.Gladbach,Bundesliga,10,10,0.5852897478092844,0.2188124515892508,0.1958978006014648,0.8041021993985353,0.4147102521907156,1.63,4.36,4.87,1.24362301302993,2.4113221091532675,1.0481935397153823,closing,market_average_close,0.5163370097588622,0.48366299024113774,0.48366299024113774,0.5163370097588622,market_only,development,2024,1,-0.10162675756814671,0.1016267575681466
52,2024-11-10 14:30:00,2024,27827,0,0,home_win,1,hist_gradient_boosting,4,Augsburg,Hoffenheim,Bundesliga,10,10,0.4537090727779728,0.2750937194142306,0.2711972078077967,0.7288027921922033,0.5462909272220273,2.11,3.48,3.53,1.3721132941766712,1.830526465239232,1.0445760901083498,closing,market_average_close,0.40835629175003463,0.5916437082499654,0.5916437082499654,0.40835629175003463,market_only,development,2024,1,0.13793463547199258,-0.1379346354719927
53,2024-11-10 16:30:00,2024,27823,0,0,home_win,1,hist_gradient_boosting,4,VfB Stuttgart,Eintracht Frankfurt,Bundesliga,10,10,0.5371620350040776,0.2445392384417539,0.2182987265541685,0.7817012734458315,0.4628379649959224,1.78,3.91,4.38,1.2792610604200272,2.160583348016427,1.0458627307954187,closing,market_average_close,0.44839497599347966,0.5516050240065203,0.5516050240065203,0.44839497599347966,market_only,development,2024,1,0.014442989002442785,-0.01444298900244273
54,2024-11-10 18:30:00,2024,27825,0,0,home_win,0,hist_gradient_boosting,4,FC Heidenheim,Wolfsburg,Bundesliga,10,10,0.329319902247124,0.2948679740120403,0.3758121237408356,0.6241878762591644,0.670680097752876,2.91,3.25,2.55,1.602081741787624,1.4910238179879132,1.0434917821212546,closing,market_average_close,0.7479647272471,0.2520352727529,0.2520352727529,0.7479647272471,market_only,development,2024,1,-0.07728462949422399,0.07728462949422399
55,2024-11-22 19:30:00,2024,27834,1,1,home_win,1,hist_gradient_boosting,4,Bayern Munich,Augsburg,Bundesliga,11,11,0.8570161907422477,0.0926503989991619,0.0503334102585903,0.9496665897414096,0.1429838092577522,1.12,10.36,19.07,1.0530011382966478,6.993798844716276,1.0418206242799846,closing,market_average_close,0.09371479831593599,0.906285201684064,0.906285201684064,0.09371479831593599,market_only,development,2024,0,0.04926901094181635,-0.04926901094181621
56,2024-11-23 14:30:00,2024,27832,1,1,home_win,1,hist_gradient_boosting,4,Bayer Leverkusen,FC Heidenheim,Bundesliga,11,11,0.7898938436917017,0.1379179727080749,0.0721881836002234,0.9278118163997766,0.2101061563082983,1.21,6.93,13.24,1.0778047685147385,4.759498805606887,1.0462751261982242,closing,market_average_close,0.0930444016171661,0.9069555983828339,0.9069555983828339,0.0930444016171661,market_only,development,2024,0,0.11706175469113222,-0.1170617546911322
56,2024-11-23 14:30:00,2024,27833,1,1,home_win,1,hist_gradient_boosting,4,VfB Stuttgart,Bochum,Bundesliga,11,11,0.7289042243464929,0.1596763434605193,0.1114194321929878,0.8885805678070123,0.2710957756535072,1.31,5.98,8.57,1.1253903542680066,3.688733244143647,1.0472689732459046,closing,market_average_close,0.20273059488082246,0.7972694051191775,0.7972694051191775,0.20273059488082246,market_only,development,2024,0,0.06836518077268461,-0.06836518077268472
56,2024-11-23 14:30:00,2024,27835,1,1,home_win,0,hist_gradient_boosting,4,Borussia Dortmund,Freiburg,,,,,,,,,,,,,,,,,0.5342071100118246,0.46579288998817536,0.46579288998817536,0.5342071100118246,market_only,development,2024,0,,
56,2024-11-23 14:30:00,2024,27837,1,1,home_win,0,hist_gradient_boosting,4,Hoffenheim,RasenBallsport Leipzig,Bundesliga,11,11,0.2926697372592164,0.2622000111883938,0.4451302515523896,0.5548697484476103,0.7073302627407836,3.27,3.65,2.15,1.8022247613926603,1.4137667404829697,1.0448992793630103,closing,market_average_close,0.8270042654320531,0.17299573456794692,0.17299573456794692,0.8270042654320531,market_only,development,2024,0,-0.11967400269126949,0.11967400269126949
56,2024-11-23 14:30:00,2024,27838,1,1,home_win,0,hist_gradient_boosting,4,Wolfsburg,Union Berlin,Bundesliga,11,11,0.4457381787610158,0.2895278200411432,0.2647340011978409,0.735265998802159,0.554261821238984,2.15,3.31,3.62,1.3600520106044969,1.804201483271251,1.043474176617797,closing,market_average_close,0.587118595981849,0.41288140401815093,0.41288140401815093,0.587118595981849,market_only,development,2024,0,-0.03285677474286486,0.03285677474286497
57,2024-11-23 17:30:00,2024,27836,1,1,home_win,0,hist_gradient_boosting,4,Eintracht Frankfurt,Werder Bremen,Bundesliga,11,11,0.5415912445347963,0.2349550252025954,0.2234537302626082,0.7765462697373917,0.4584087554652036,1.77,4.08,4.29,1.287753272368657,2.181459206609562,1.0431700237283488,closing,market_average_close,0.507571901501209,0.49242809849879093,0.49242809849879093,0.507571901501209,market_only,development,2024,0,-0.04916314603600541,0.04916314603600541
58,2024-11-24 14:30:00,2024,27840,0,0,home_win,0,hist_gradient_boosting,4,Holstein Kiel,Mainz 05,Bundesliga,11,11,0.29841755288339,0.2850953407010959,0.416487106415514,0.583512893584486,0.7015824471166099,3.21,3.36,2.3,1.7137581893984517,1.4253492288894023,1.0439281360654786,closing,market_average_close,0.622170756878343,0.37782924312165705,0.37782924312165705,0.622170756878343,market_only,development,2024,1,0.07941169023826705,-0.07941169023826689
59,2024-11-24 16:30:00,2024,27839,1,1,home_win,0,hist_gradient_boosting,4,Borussia M.Gladbach,St. Pauli,Bundesliga,11,11,0.505315962612569,0.2587871506641188,0.2358968867233122,0.7641031132766878,0.494684037387431,1.9,3.71,4.07,1.308723891611592,2.0214923555675823,1.041557814149671,closing,market_average_close,0.569985078198164,0.430014921801836,0.430014921801836,0.569985078198164,market_only,development,2024,0,-0.07530104081073297,0.07530104081073302
60,2024-11-30 14:30:00,2024,27841,0,0,home_win,0,hist_gradient_boosting,4,RasenBallsport Leipzig,Wolfsburg,Bundesliga,12,12,0.5501312335958005,0.2435695538057742,0.2062992125984252,0.7937007874015748,0.4498687664041995,1.74,3.93,4.64,1.2599206349206349,2.2228704784130686,1.0446828112661226,closing,market_average_close,0.5680358669196817,0.43196413308031834,0.43196413308031834,0.5680358669196817,market_only,development,2024,1,-0.11816710051548218,0.11816710051548218
60,2024-11-30 14:30:00,2024,27844,0,0,home_win,0,hist_gradient_boosting,4,Werder Bremen,VfB Stuttgart,Bundesliga,12,12,0.3695719706651462,0.2719293761428206,0.3584986531920332,0.6415013468079669,0.6304280293348539,2.59,3.52,2.67,1.5588431808847776,1.5862238883240498,1.0447231303972877,closing,market_average_close,0.5580459283505508,0.4419540716494492,0.4419540716494492,0.5580459283505508,market_only,development,2024,1,0.07238210098430303,-0.07238210098430309
60,2024-11-30 14:30:00,2024,27845,1,1,home_win,0,hist_gradient_boosting,4,Freiburg,Borussia M.Gladbach,Bundesliga,12,12,0.4745750029396149,0.2583939369105181,0.2670310601498669,0.7329689398501331,0.525424997060385,2.02,3.71,3.59,1.3643142916867197,1.903221212532212,1.0431428159596623,closing,market_average_close,0.7722579524307971,0.22774204756920297,0.22774204756920297,0.7722579524307971,market_only,development,2024,0,-0.24683295537041194,0.24683295537041205
60,2024-11-30 14:30:00,2024,27846,1,1,home_win,1,hist_gradient_boosting,4,Augsburg,Bochum,Bundesliga,12,12,0.5370943996599225,0.2509259924920372,0.2119796078480403,0.7880203921519597,0.4629056003400775,1.78,3.81,4.51,1.269002693279494,2.160267664217805,1.0459944344322116,closing,market_average_close,0.468649538755722,0.531350461244278,0.531350461244278,0.468649538755722,market_only,development,2024,0,-0.005743938415644467,0.005743938415644523
60,2024-11-30 14:30:00,2024,27848,0,0,home_win,0,hist_gradient_boosting,4,Union Berlin,Bayer Leverkusen,Bundesliga,12,12,0.2070671922054347,0.2747051862209635,0.5182276215736015,0.4817723784263983,0.792932807794565,4.63,3.49,1.85,2.075669018772468,1.261140906480291,1.0430562132122283,closing,market_average_close,0.9502787234059125,0.049721276594087566,0.049721276594087566,0.9502787234059125,market_only,development,2024,1,-0.15734591561134714,0.15734591561134748
60,2024-11-30 14:30:00,2024,27849,1,1,home_win,0,hist_gradient_boosting,4,St. Pauli,Holstein Kiel,,,,,,,,,,,,,,,,,0.5071552508122078,0.4928447491877922,0.4928447491877922,0.5071552508122078,market_only,development,2024,0,,
61,2024-11-30 17:30:00,2024,27842,0,0,home_win,0,hist_gradient_boosting,4,Borussia Dortmund,Bayern Munich,,,,,,,,,,,,,,,,,0.5012319935967176,0.4987680064032824,0.4987680064032824,0.5012319935967176,market_only,development,2024,1,,
62,2024-12-01 16:30:00,2024,27843,0,0,home_win,0,hist_gradient_boosting,4,FC Heidenheim,Eintracht Frankfurt,Bundesliga,12,12,0.2470828797141501,0.2612986070401696,0.4916185132456801,0.5083814867543197,0.7529171202858498,3.86,3.65,1.94,1.96702678215987,1.3281674344452994,1.0485038777784528,closing,market_average_close,0.8467743435769295,0.15322565642307048,0.15322565642307048,0.8467743435769295,market_only,development,2024,1,-0.09385722329107962,0.0938572232910797
62,2024-12-01 16:30:00,2024,27847,1,1,home_win,0,hist_gradient_boosting,4,Mainz 05,Hoffenheim,Bundesliga,12,12,0.4671744466415307,0.2682654385476576,0.2645601148108116,0.7354398851891883,0.5328255533584693,2.05,3.57,3.62,1.3597304417923362,1.8767868652260933,1.0441600167893597,closing,market_average_close,0.6464666671304268,0.3535333328695732,0.3535333328695732,0.6464666671304268,market_only,development,2024,0,-0.11364111377195746,0.11364111377195751
63,2024-12-06 19:30:00,2024,27851,1,1,home_win,0,hist_gradient_boosting,4,VfB Stuttgart,Union Berlin,Bundesliga,13,13,0.5039744883974355,0.2743700653166554,0.2216554462859091,0.778344553714091,0.4960255116025645,1.9,3.49,4.32,1.2847780526351953,2.016025338634679,1.0443302222445638,closing,market_average_close,0.5596331110127937,0.4403668889872063,0.4403668889872063,0.5596331110127937,market_only,development,2024,0,-0.06360759941022925,0.0636075994102292
64,2024-12-07 14:30:00,2024,27850,1,1,home_win,1,hist_gradient_boosting,4,Bayer Leverkusen,St. Pauli,Bundesliga,13,13,0.746946192415116,0.1626005316822021,0.0904532759026819,0.909546724097318,0.2530538075848841,1.28,5.88,10.57,1.0994487402419624,3.951728723404255,1.0459254065864756,closing,market_average_close,0.13209737517907527,0.8679026248209247,0.8679026248209247,0.13209737517907527,market_only,development,2024,0,0.12095643240580878,-0.12095643240580883
64,2024-12-07 14:30:00,2024,27855,0,0,home_win,0,hist_gradient_boosting,4,Bochum,Werder Bremen,Bundesliga,13,13,0.269858787529158,0.2582206727031026,0.4719205397677393,0.5280794602322606,0.730141212470842,3.55,3.71,2.03,1.89365441246319,1.369598076262453,1.0438427572592357,closing,market_average_close,0.618415906114689,0.38158409388531095,0.38158409388531095,0.618415906114689,market_only,development,2024,1,0.11172530635615296,-0.11172530635615296
64,2024-12-07 14:30:00,2024,27856,0,0,home_win,0,hist_gradient_boosting,4,Holstein Kiel,RasenBallsport Leipzig,Bundesliga,13,13,0.1504866734738874,0.2018105494797185,0.6477027770463939,0.352297222953606,0.8495133265261124,6.37,4.75,1.48,2.838512298269493,1.177144570632303,1.043187862736735,closing,market_average_close,0.9334687352340741,0.06653126476592587,0.06653126476592587,0.9334687352340741,market_only,development,2024,1,-0.08395540870796152,0.0839554087079617
64,2024-12-07 14:30:00,2024,27857,1,1,home_win,1,hist_gradient_boosting,4,Bayern Munich,FC Heidenheim,Bundesliga,13,13,0.861346450090827,0.0926712799329228,0.04598226997625,0.9540177300237498,0.1386535499091728,1.12,10.41,20.98,1.04819854865287,7.212220679925363,1.0365830645299496,closing,market_average_close,0.1670581967355036,0.8329418032644964,0.8329418032644964,0.1670581967355036,market_only,development,2024,0,-0.028404646826330593,0.028404646826330787
64,2024-12-07 14:30:00,2024,27858,0,0,home_win,0,hist_gradient_boosting,4,Eintracht Frankfurt,Augsburg,Bundesliga,13,13,0.6190400572619044,0.2226246145605457,0.1583353281775498,0.8416646718224501,0.3809599427380955,1.55,4.31,6.06,1.1881216278624451,2.6249478956045667,1.0421963534576646,closing,market_average_close,0.5253094361245454,0.47469056387545455,0.47469056387545455,0.5253094361245454,market_only,development,2024,1,-0.1443494933864498,0.14434949338644987
65,2024-12-07 17:30:00,2024,27854,0,0,home_win,0,hist_gradient_boosting,4,Borussia M.Gladbach,Borussia Dortmund,,,,,,,,,,,,,,,,,0.5046196501766684,0.4953803498233316,0.4953803498233316,0.5046196501766684,market_only,development,2024,1,,
66,2024-12-08 14:30:00,2024,27853,1,1,home_win,0,hist_gradient_boosting,4,Wolfsburg,Mainz 05,Bundesliga,13,13,0.4519940915805022,0.2818316100443132,0.2661742983751847,0.7338257016248154,0.5480059084194979,2.12,3.4,3.6,1.362721417069243,1.824797843665768,1.0435935380441483,closing,market_average_close,0.6675719892513242,0.3324280107486758,0.3324280107486758,0.6675719892513242,market_only,development,2024,0,-0.1195660808318264,0.1195660808318263
67,2024-12-08 16:30:00,2024,27852,0,0,home_win,0,hist_gradient_boosting,4,Hoffenheim,Freiburg,Bundesliga,13,13,0.3827699537970564,0.29174539161361,0.3254846545893337,0.6745153454106665,0.6172300462029437,2.5,3.28,2.94,1.4825459595602943,1.6201414790996782,1.0450141032022564,closing,market_average_close,0.5455329980468963,0.45446700195310374,0.45446700195310374,0.5455329980468963,market_only,development,2024,1,0.07169704815604733,-0.0716970481560475
68,2024-12-13 19:30:00,2024,27862,1,1,home_win,0,hist_gradient_boosting,4,Freiburg,Wolfsburg,Bundesliga,14,14,0.4179236912156167,0.2786157941437444,0.3034605146406388,0.6965394853593612,0.5820763087843832,2.28,3.42,3.14,1.435668789808917,1.717987804878049,1.0494654896264015,closing,market_average_close,0.5814562758347789,0.4185437241652211,0.4185437241652211,0.5814562758347789,market_only,development,2024,0,0.0006200329496044432,-0.0006200329496043322
69,2024-12-14 14:30:00,2024,27863,0,0,home_win,0,hist_gradient_boosting,4,Augsburg,Bayer Leverkusen,Bundesliga,14,14,0.1587939698492462,0.2381909547738693,0.6030150753768844,0.3969849246231156,0.8412060301507538,6.0,4.0,1.58,2.518987341772152,1.188769414575866,1.04957805907173,closing,market_average_close,0.9298712296241879,0.07012877037581212,0.07012877037581212,0.9298712296241879,market_only,development,2024,1,-0.08866519947343408,0.0886651994734341
69,2024-12-14 14:30:00,2024,27864,1,1,home_win,0,hist_gradient_boosting,4,Mainz 05,Bayern Munich,Bundesliga,14,14,0.154772178814122,0.2148643114462417,0.6303635097396363,0.3696364902603637,0.845227821185878,6.15,4.43,1.51,2.705360607919478,1.1831129725438667,1.0505869159569117,closing,market_average_close,0.9298712296241879,0.07012877037581212,0.07012877037581212,0.9298712296241879,market_only,development,2024,0,-0.08464340843830988,0.08464340843830986
69,2024-12-14 14:30:00,2024,27865,1,1,home_win,1,hist_gradient_boosting,4,Borussia M.Gladbach,Holstein Kiel,Bundesliga,14,14,0.6705716660961417,0.1908240011736515,0.1386043327302068,0.8613956672697932,0.3294283339038583,1.42,4.99,6.87,1.1609066982766645,3.035561598935943,1.0501865612850236,closing,market_average_close,0.30180514046694074,0.6981948595330593,0.6981948595330593,0.30180514046694074,market_only,development,2024,0,0.027623193436917548,-0.027623193436917548
69,2024-12-14 14:30:00,2024,27866,0,0,home_win,0,hist_gradient_boosting,4,Union Berlin,Bochum,Bundesliga,14,14,0.5812624933095938,0.2431812472009525,0.1755562594894537,0.8244437405105463,0.4187375066904062,1.64,3.92,5.43,1.2129390410323675,2.388130950828225,1.0490202009924037,closing,market_average_close,0.5984769490590585,0.4015230509409415,0.4015230509409415,0.5984769490590585,market_only,development,2024,1,-0.1797394423686523,0.17973944236865225
70,2024-12-14 17:30:00,2024,27867,0,0,home_win,0,hist_gradient_boosting,4,St. Pauli,Werder Bremen,Bundesliga,14,14,0.334834564342761,0.2909385696270942,0.3742268660301447,0.6257731339698553,0.665165435657239,2.85,3.28,2.55,1.5980232223395066,1.5033853931569918,1.047912104508042,closing,market_average_close,0.8324874721102913,0.16751252788970866,0.16751252788970866,0.8324874721102913,market_only,development,2024,1,-0.16732203645305233,0.16732203645305233
71,2024-12-15 14:30:00,2024,27861,0,0,home_win,0,hist_gradient_boosting,4,FC Heidenheim,VfB Stuttgart,Bundesliga,14,14,0.2140063068145038,0.2386787131139203,0.547314980071576,0.4526850199284242,0.7859936931854963,4.45,3.99,1.74,2.2090415100506617,1.2722748396964525,1.0500583112177964,closing,market_average_close,0.7910108635515471,0.20898913644845282,0.20898913644845282,0.7910108635515471,market_only,development,2024,1,-0.0050171703660509825,0.0050171703660508715
72,2024-12-15 16:30:00,2024,27860,0,0,home_win,0,hist_gradient_boosting,4,Borussia Dortmund,Hoffenheim,,,,,,,,,,,,,,,,,0.5162469614664111,0.4837530385335888,0.4837530385335888,0.5162469614664111,market_only,development,2024,1,,
73,2024-12-15 18:30:00,2024,27859,1,1,home_win,0,hist_gradient_boosting,4,RasenBallsport Leipzig,Eintracht Frankfurt,Bundesliga,14,14,0.4227935019259756,0.2554848434098141,0.3217216546642103,0.6782783453357897,0.5772064980740244,2.26,3.74,2.97,1.4743209876543208,1.7324822283475994,1.0465578919509164,closing,market_average_close,0.5268524697782971,0.47314753022170286,0.47314753022170286,0.5268524697782971,market_only,development,2024,0,0.05035402829572727,-0.050354028295727216
74,2024-12-20 19:30:00,2024,27870,1,1,home_win,1,hist_gradient_boosting,4,Bayern Munich,RasenBallsport Leipzig,Bundesliga,15,15,0.7876035482011187,0.1321775718895081,0.0802188799093732,0.9197811200906268,0.2123964517988813,1.21,7.21,11.88,1.0872151843054456,4.708176579837135,1.0493176203679293,closing,market_average_close,0.06663848872158629,0.9333615112784137,0.9333615112784137,0.06663848872158629,market_only,development,2024,0,0.14575796307729505,-0.14575796307729502
75,2024-12-21 14:30:00,2024,27869,0,0,home_win,1,hist_gradient_boosting,4,VfB Stuttgart,St. Pauli,Bundesliga,15,15,0.6478183236319802,0.2065711357351433,0.1456105406328763,0.8543894593671235,0.3521816763680196,1.47,4.61,6.54,1.1704264244326414,2.8394435801226323,1.0500970473166082,closing,market_average_close,0.2972728884385031,0.7027271115614969,0.7027271115614969,0.2972728884385031,market_only,development,2024,1,0.0549087879295167,-0.054908787929516534
75,2024-12-21 14:30:00,2024,27871,0,0,home_win,0,hist_gradient_boosting,4,Eintracht Frankfurt,Mainz 05,Bundesliga,15,15,0.461905197155549,0.2641281099756868,0.2739666928687639,0.7260333071312359,0.5380948028444508,2.07,3.62,3.49,1.3773472789441086,1.858408582862812,1.045867832651664,closing,market_average_close,0.5835640664638375,0.41643593353616243,0.41643593353616243,0.5835640664638375,market_only,development,2024,1,-0.04546926361938658,0.045469263619386746
75,2024-12-21 14:30:00,2024,27872,0,0,home_win,0,hist_gradient_boosting,4,Hoffenheim,Borussia M.Gladbach,Bundesliga,15,15,0.4182978575805576,0.2627325386456394,0.318969603773803,0.681030396226197,0.5817021424194425,2.28,3.63,2.99,1.4683632412610563,1.719092860550167,1.048526745427099,closing,market_average_close,0.5324174274415443,0.46758257255845564,0.46758257255845564,0.5324174274415443,market_only,development,2024,1,0.04928471497789805,-0.049284714977898214
75,2024-12-21 14:30:00,2024,27873,1,1,home_win,1,hist_gradient_boosting,4,Werder Bremen,Union Berlin,Bundesliga,15,15,0.4223189840523442,0.2927732834227907,0.284907732524865,0.715092267475135,0.5776810159476558,2.26,3.26,3.35,1.3984209387843392,1.7310591353942135,1.0477338050504306,closing,market_average_close,0.47535647962237215,0.5246435203776278,0.5246435203776278,0.47535647962237215,market_only,development,2024,0,0.10232453632528365,-0.1023245363252836
75,2024-12-21 14:30:00,2024,27876,1,1,home_win,0,hist_gradient_boosting,4,Holstein Kiel,Augsburg,Bundesliga,15,15,0.2780259551463573,0.2804791253388253,0.4414949195148175,0.5585050804851827,0.7219740448536428,3.43,3.4,2.16,1.7904940079171408,1.3850913438345531,1.0486257995261594,closing,market_average_close,0.7820049824427855,0.21799501755721445,0.21799501755721445,0.7820049824427855,market_only,development,2024,0,-0.06003093758914285,0.060030937589142686
76,2024-12-21 17:30:00,2024,27868,1,1,home_win,1,hist_gradient_boosting,4,Bayer Leverkusen,Freiburg,Bundesliga,15,15,0.6847464170245621,0.192282327204877,0.1229712557705608,0.8770287442294391,0.3152535829754379,1.39,4.95,7.74,1.1402134839703617,3.17204959436706,1.0506436288601255,closing,market_average_close,0.3266328969883632,0.6733671030116368,0.6733671030116368,0.3266328969883632,market_only,development,2024,0,-0.011379314012925246,0.011379314012925301
77,2024-12-22 14:30:00,2024,27875,1,1,home_win,0,hist_gradient_boosting,4,Bochum,FC Heidenheim,Bundesliga,15,15,0.4541905257678293,0.2732951587714732,0.2725143154606976,0.7274856845393025,0.5458094742321709,2.1,3.49,3.5,1.374597495527728,1.8321411540295656,1.04843771319416,closing,market_average_close,0.5896374243876357,0.4103625756123644,0.4103625756123644,0.5896374243876357,market_only,development,2024,0,-0.04382795015546492,0.04382795015546481
78,2024-12-22 16:30:00,2024,27874,0,0,home_win,0,hist_gradient_boosting,4,Wolfsburg,Borussia Dortmund,,,,,,,,,,,,,,,,,0.5204469416077879,0.47955305839221213,0.47955305839221213,0.5204469416077879,market_only,development,2024,1,,
79,2025-01-10 19:30:00,2024,27878,0,0,home_win,0,hist_gradient_boosting,4,Borussia Dortmund,Bayer Leverkusen,,,,,,,,,,,,,,,,,0.527687899034039,0.47231210096596105,0.47231210096596105,0.527687899034039,market_only,development,2024,1,,
80,2025-01-11 14:30:00,2024,27879,0,0,home_win,0,hist_gradient_boosting,4,Hoffenheim,Wolfsburg,Bundesliga,16,16,0.408355148856552,0.2765893886150483,0.3150554625283994,0.6849445374716003,0.5916448511434478,2.33,3.44,3.02,1.4599722244539584,1.6902031650699587,1.0510080515893976,closing,market_average_close,0.5006257837511061,0.4993742162488939,0.4993742162488939,0.5006257837511061,market_only,development,2024,1,0.09101906739234189,-0.09101906739234167
80,2025-01-11 14:30:00,2024,27880,1,1,home_win,0,hist_gradient_boosting,4,FC Heidenheim,Union Berlin,Bundesliga,16,16,0.3014850262789685,0.2860938988112735,0.4124210749097579,0.5875789250902421,0.6985149737210314,3.16,3.33,2.31,1.7018990254737558,1.4316085375706975,1.0496564294032649,closing,market_average_close,0.7110610559562263,0.2889389440437737,0.2889389440437737,0.7110610559562263,market_only,development,2024,0,-0.012546082235194822,0.012546082235194822
80,2025-01-11 14:30:00,2024,27881,1,1,home_win,1,hist_gradient_boosting,4,Freiburg,Holstein Kiel,Bundesliga,16,16,0.6605588300574613,0.1953192433845471,0.1441219265579915,0.8558780734420084,0.3394411699425387,1.44,4.87,6.6,1.1683907217980118,2.946018599244405,1.0512984049945036,closing,market_average_close,0.27183916279170306,0.7281608372082969,0.7281608372082969,0.27183916279170306,market_only,development,2024,0,0.06760200715083564,-0.06760200715083564
80,2025-01-11 14:30:00,2024,27883,1,1,home_win,0,hist_gradient_boosting,4,Mainz 05,Bochum,Bundesliga,16,16,0.5744760899350868,0.2414253947575301,0.184098515307383,0.8159014846926169,0.4255239100649131,1.66,3.95,5.18,1.2256381668146374,2.35004420749812,1.0486243885664353,closing,market_average_close,0.6374341104498875,0.36256588955011243,0.36256588955011243,0.6374341104498875,market_only,development,2024,0,-0.21191020038497438,0.21191020038497443
80,2025-01-11 14:30:00,2024,27885,0,0,home_win,0,hist_gradient_boosting,4,St. Pauli,Eintracht Frankfurt,Bundesliga,16,16,0.2761669395910641,0.2793969622763397,0.4444360981325961,0.5555639018674039,0.7238330604089358,3.46,3.42,2.15,1.7999729583558677,1.381534023100632,1.046531280928943,closing,market_average_close,0.6590458456755708,0.34095415432442916,0.34095415432442916,0.6590458456755708,market_only,development,2024,1,0.06478721473336507,-0.06478721473336502
81,2025-01-11 17:30:00,2024,27884,0,0,home_win,0,hist_gradient_boosting,4,Borussia M.Gladbach,Bayern Munich,Bundesliga,16,16,0.1182041586130878,0.1690424073617256,0.7127534340251865,0.2872465659748135,0.8817958413869122,8.08,5.65,1.34,3.481329695296279,1.1340493491409225,1.0470221833965194,closing,market_average_close,0.8151345204966148,0.1848654795033852,0.1848654795033852,0.8151345204966148,market_only,development,2024,1,0.06666132089029739,-0.06666132089029742
82,2025-01-12 14:30:00,2024,27877,1,1,home_win,1,hist_gradient_boosting,4,RasenBallsport Leipzig,Werder Bremen,Bundesliga,16,16,0.5065549692650818,0.248000870369363,0.2454441603655551,0.7545558396344448,0.4934450307349182,1.88,3.84,3.88,1.3252829644582222,2.0265681843236685,1.0500635190465746,closing,market_average_close,0.4977853292305118,0.5022146707694882,0.5022146707694882,0.4977853292305118,market_only,development,2024,0,-0.004340298495593586,0.004340298495593586
83,2025-01-12 16:30:00,2024,27882,0,0,home_win,0,hist_gradient_boosting,4,Augsburg,VfB Stuttgart,Bundesliga,16,16,0.2415760354366672,0.2614315999931057,0.496992364570227,0.503007635429773,0.7584239645633328,3.95,3.65,1.92,1.98804139254386,1.3185237370179304,1.0479704930350846,closing,market_average_close,0.7844055833654866,0.21559441663451342,0.21559441663451342,0.7844055833654866,market_only,development,2024,1,-0.025981618802153772,0.025981618802153772
84,2025-01-14 17:30:00,2024,27894,1,1,home_win,0,hist_gradient_boosting,4,Holstein Kiel,Borussia Dortmund,,,,,,,,,,,,,,,,,0.5074512689456854,0.4925487310543146,0.4925487310543146,0.5074512689456854,market_only,development,2024,0,,
85,2025-01-14 19:30:00,2024,27886,1,1,home_win,1,hist_gradient_boosting,4,Bayer Leverkusen,Mainz 05,Bundesliga,17,17,0.7031601672675933,0.1864128318682119,0.1104270008641948,0.8895729991358052,0.2968398327324066,1.36,5.13,8.66,1.1241348388175805,3.368820116879239,1.045699332634746,closing,market_average_close,0.2679559566491634,0.7320440433508366,0.7320440433508366,0.2679559566491634,market_only,development,2024,0,0.028883876083243276,-0.02888387608324322
85,2025-01-14 19:30:00,2024,27889,1,1,home_win,0,hist_gradient_boosting,4,Eintracht Frankfurt,Freiburg,Bundesliga,17,17,0.561794936074204,0.2301328653797943,0.2080721985460015,0.7919278014539984,0.4382050639257959,1.7,4.15,4.59,1.262741373852485,2.2820366132723118,1.0470640732866106,closing,market_average_close,0.5113557332144825,0.48864426678551753,0.48864426678551753,0.5113557332144825,market_only,development,2024,0,-0.07315066928868652,0.07315066928868658
85,2025-01-14 19:30:00,2024,27891,1,1,home_win,1,hist_gradient_boosting,4,Wolfsburg,Borussia M.Gladbach,Bundesliga,17,17,0.5024804377844831,0.2545900884774714,0.2429294737380453,0.7570705262619546,0.4975195622155167,1.9,3.75,3.93,1.3208809025197596,2.0099712171052637,1.0474353823490024,closing,market_average_close,0.38170796602868573,0.6182920339713143,0.6182920339713143,0.38170796602868573,market_only,development,2024,0,0.11581159618683112,-0.11581159618683096
86,2025-01-15 17:30:00,2024,27893,1,1,home_win,0,hist_gradient_boosting,4,Bochum,St. Pauli,Bundesliga,17,17,0.3726725291147275,0.2972092444030225,0.3301182264822499,0.66988177351775,0.6273274708852725,2.56,3.21,2.89,1.492800729222263,1.594063780737705,1.0481722409964536,closing,market_average_close,0.5173197563235816,0.4826802436764183,0.4826802436764183,0.5173197563235816,market_only,development,2024,0,0.11000771456169084,-0.1100077145616909
87,2025-01-15 19:30:00,2024,27887,1,1,home_win,0,hist_gradient_boosting,4,VfB Stuttgart,RasenBallsport Leipzig,Bundesliga,17,17,0.4786921854645919,0.2506835392301416,0.2706242753052665,0.7293757246947334,0.5213078145354081,1.99,3.8,3.52,1.3710354843774537,1.9182524645083336,1.0497613666418215,closing,market_average_close,0.5368694519963144,0.4631305480036855,0.4631305480036855,0.5368694519963144,market_only,development,2024,0,-0.015561637460906386,0.01556163746090633
87,2025-01-15 19:30:00,2024,27888,1,1,home_win,1,hist_gradient_boosting,4,Bayern Munich,Hoffenheim,Bundesliga,17,17,0.8622956152352159,0.0913309287128902,0.0463734560518938,0.9536265439481062,0.1377043847647841,1.11,10.48,20.64,1.0486285290045547,7.261932884040853,1.0447703606322458,closing,market_average_close,0.11090281871639607,0.8890971812836039,0.8890971812836039,0.11090281871639607,market_only,development,2024,0,0.026801566048388015,-0.026801566048388042
87,2025-01-15 19:30:00,2024,27890,0,0,home_win,1,hist_gradient_boosting,4,Werder Bremen,FC Heidenheim,Bundesliga,17,17,0.5470513034294926,0.2385637263075982,0.2143849702629092,0.7856150297370909,0.4529486965705075,1.74,3.99,4.44,1.2728880713173905,2.207755552828568,1.050564435319426,closing,market_average_close,0.4103356018837938,0.5896643981162062,0.5896643981162062,0.4103356018837938,market_only,development,2024,1,0.04261309468671359,-0.042613094686713704
87,2025-01-15 19:30:00,2024,27892,0,0,home_win,1,hist_gradient_boosting,4,Union Berlin,Augsburg,Bundesliga,17,17,0.4457123980840553,0.290800162164597,0.2634874397513476,0.7365125602486523,0.5542876019159446,2.14,3.28,3.62,1.3577500968379852,1.804117567384532,1.048410862329308,closing,market_average_close,0.4547581910049542,0.5452418089950458,0.5452418089950458,0.4547581910049542,market_only,development,2024,1,0.09952941091099055,-0.09952941091099043
88,2025-01-17 19:30:00,2024,27898,1,1,home_win,0,hist_gradient_boosting,4,Eintracht Frankfurt,Borussia Dortmund,,,,,,,,,,,,,,,,,0.5202957761266298,0.47970422387337014,0.47970422387337014,0.5202957761266298,market_only,development,2024,0,,
89,2025-01-18 14:30:00,2024,27896,1,1,home_win,0,hist_gradient_boosting,4,VfB Stuttgart,Freiburg,Bundesliga,18,18,0.6033223757205448,0.2201499661982588,0.1765276580811964,0.8234723419188037,0.3966776242794553,1.58,4.33,5.4,1.2143698690229991,2.5209387643592174,1.0490434598073384,closing,market_average_close,0.567759033881027,0.43224096611897306,0.43224096611897306,0.567759033881027,market_only,development,2024,0,-0.17108140960157175,0.1710814096015717
89,2025-01-18 14:30:00,2024,27897,1,1,home_win,1,hist_gradient_boosting,4,Bayern Munich,Wolfsburg,Bundesliga,18,18,0.834430378643991,0.1118409015665022,0.0537287197895067,0.9462712802104932,0.1655696213560089,1.15,8.58,17.86,1.0567794045039125,6.039755311451688,1.0421063753747917,closing,market_average_close,0.059800828908660675,0.9401991710913393,0.9401991710913393,0.059800828908660675,market_only,development,2024,0,0.10576879244734827,-0.10576879244734821
89,2025-01-18 14:30:00,2024,27899,0,0,home_win,0,hist_gradient_boosting,4,FC Heidenheim,St. Pauli,Bundesliga,18,18,0.3996367653244542,0.2809211379780723,0.3194420966974735,0.6805579033025265,0.6003632346755458,2.39,3.4,2.99,1.4693826860981625,1.665658291917942,1.0469758494349448,closing,market_average_close,0.5401926922593331,0.4598073077406669,0.4598073077406669,0.5401926922593331,market_only,development,2024,1,0.060170542416212724,-0.06017054241621267
89,2025-01-18 14:30:00,2024,27902,0,0,home_win,0,hist_gradient_boosting,4,Bochum,RasenBallsport Leipzig,Bundesliga,18,18,0.2865013774104683,0.2718089990817264,0.4416896235078053,0.5583103764921947,0.7134986225895317,3.33,3.51,2.16,1.7911184210526314,1.4015444015444016,1.048163548163548,closing,market_average_close,0.6215452980565015,0.37845470194349845,0.37845470194349845,0.6215452980565015,market_only,development,2024,1,0.09195332453303012,-0.09195332453303018
89,2025-01-18 14:30:00,2024,27903,0,0,home_win,0,hist_gradient_boosting,4,Holstein Kiel,Hoffenheim,Bundesliga,18,18,0.3324342575516442,0.2765467591806431,0.3910189832677126,0.6089810167322873,0.6675657424483559,2.87,3.45,2.44,1.6420873106453622,1.4979798039552066,1.0481231937866675,closing,market_average_close,0.7539903568836225,0.24600964311637755,0.24600964311637755,0.7539903568836225,market_only,development,2024,1,-0.08642461443526664,0.08642461443526661
90,2025-01-18 17:30:00,2024,27895,1,1,home_win,1,hist_gradient_boosting,4,Bayer Leverkusen,Borussia M.Gladbach,Bundesliga,18,18,0.7572429321132784,0.1526601751140369,0.0900968927726846,0.9099031072273154,0.2427570678867216,1.26,6.25,10.59,1.0990181174864109,4.119344531161633,1.048079499977517,closing,market_average_close,0.06767281350161936,0.9323271864983806,0.9323271864983806,0.06767281350161936,market_only,development,2024,0,0.17508425438510222,-0.17508425438510225
91,2025-01-19 14:30:00,2024,27901,1,1,home_win,0,hist_gradient_boosting,4,Union Berlin,Mainz 05,Bundesliga,18,18,0.3431373340980508,0.3009216999345682,0.355940965967381,0.644059034032619,0.6568626659019492,2.78,3.17,2.68,1.5526527028721937,1.5223882432515528,1.0483039718232476,closing,market_average_close,0.8242551437922374,0.17574485620776262,0.17574485620776262,0.8242551437922374,market_only,development,2024,0,-0.1673924778902882,0.16739247789028822
92,2025-01-19 16:30:00,2024,27900,0,0,home_win,1,hist_gradient_boosting,4,Werder Bremen,Augsburg,Bundesliga,18,18,0.4982120103580089,0.2571416827654239,0.244646306876567,0.7553536931234328,0.501787989641991,1.92,3.72,3.91,1.3238831147630192,1.992873525557012,1.0454050133377335,closing,market_average_close,0.45371562986557257,0.5462843701344274,0.5462843701344274,0.45371562986557257,market_only,development,2024,1,0.04807235977641855,-0.04807235977641844
93,2025-01-24 19:30:00,2024,27910,0,0,home_win,1,hist_gradient_boosting,4,Wolfsburg,Holstein Kiel,Bundesliga,19,19,0.6535612077286506,0.1959341608385687,0.1505046314327807,0.8494953685672193,0.3464387922713494,1.46,4.87,6.34,1.1771694549513856,2.8865127760194547,1.0479990225088285,closing,market_average_close,0.2035070167590085,0.7964929832409915,0.7964929832409915,0.2035070167590085,market_only,development,2024,1,0.14293177551234093,-0.14293177551234088
94,2025-01-25 14:30:00,2024,27904,0,0,home_win,0,hist_gradient_boosting,4,RasenBallsport Leipzig,Bayer Leverkusen,Bundesliga,19,19,0.268218374560898,0.2704978508319537,0.4612837746071482,0.5387162253928517,0.7317816254391021,3.56,3.53,2.07,1.8562648623971985,1.3665278892455857,1.047276782824278,closing,market_average_close,0.6579501877045704,0.3420498122954297,0.3420498122954297,0.6579501877045704,market_only,development,2024,1,0.07383143773453171,-0.07383143773453171
94,2025-01-25 14:30:00,2024,27905,0,0,home_win,0,hist_gradient_boosting,4,Borussia Dortmund,Werder Bremen,,,,,,,,,,,,,,,,,0.5123988992571848,0.4876011007428151,0.4876011007428151,0.5123988992571848,market_only,development,2024,1,,
94,2025-01-25 14:30:00,2024,27909,1,1,home_win,0,hist_gradient_boosting,4,Mainz 05,VfB Stuttgart,Bundesliga,19,19,0.2948073894400441,0.2768625918219545,0.4283300187380014,0.5716699812619986,0.705192610559956,3.24,3.45,2.23,1.7492609945906814,1.4180522952529993,1.0469275410459526,closing,market_average_close,0.7624358289089516,0.2375641710910484,0.2375641710910484,0.7624358289089516,market_only,development,2024,0,-0.05724321834899568,0.057243218348995595
94,2025-01-25 14:30:00,2024,27911,1,1,home_win,1,hist_gradient_boosting,4,Augsburg,FC Heidenheim,Bundesliga,19,19,0.4843786927980076,0.2703189871988881,0.2453023200031041,0.7546976799968959,0.5156213072019923,1.97,3.53,3.89,1.3250338864220612,1.9394078290256815,1.0479697409184994,closing,market_average_close,0.39392823917406095,0.606071760825939,0.606071760825939,0.39392823917406095,market_only,development,2024,0,0.12169306802793145,-0.12169306802793134
94,2025-01-25 14:30:00,2024,27912,0,0,home_win,0,hist_gradient_boosting,4,Freiburg,Bayern Munich,Bundesliga,19,19,0.0817514462754495,0.1426067829647976,0.7756417707597529,0.2243582292402471,0.9182485537245504,11.67,6.69,1.23,4.457157659811893,1.089029757731557,1.048174764085935,closing,market_average_close,0.7788344919078719,0.22116550809212807,0.22116550809212807,0.7788344919078719,market_only,development,2024,1,0.13941406181667856,-0.13941406181667848
95,2025-01-25 17:30:00,2024,27908,1,1,home_win,0,hist_gradient_boosting,4,Borussia M.Gladbach,Bochum,Bundesliga,19,19,0.5477006179003678,0.240050144873209,0.2122492372264231,0.7877507627735769,0.4522993820996323,1.74,3.97,4.49,1.2694370443757093,2.210924974864813,1.049318961664394,closing,market_average_close,0.5117487444241555,0.4882512555758445,0.4882512555758445,0.5117487444241555,market_only,development,2024,0,-0.05944936232452336,0.05944936232452325
96,2025-01-26 14:30:00,2024,27906,0,0,home_win,0,hist_gradient_boosting,4,Hoffenheim,Eintracht Frankfurt,Bundesliga,19,19,0.2904985112467202,0.2514076825565284,0.4580938061967512,0.5419061938032487,0.7095014887532796,3.28,3.79,2.08,1.8453378304863453,1.4094403124610464,1.049499522293782,closing,market_average_close,0.5662225293924392,0.43377747060756083,0.43377747060756083,0.5662225293924392,market_only,development,2024,1,0.14327895936084062,-0.14327895936084034
97,2025-01-26 16:30:00,2024,27907,1,1,home_win,0,hist_gradient_boosting,4,St. Pauli,Union Berlin,Bundesliga,19,19,0.4015865146256817,0.3034209221616261,0.294992563212692,0.7050074367873078,0.5984134853743182,2.38,3.15,3.24,1.418424753867792,1.6710853355426682,1.0462703599958505,closing,market_average_close,0.5456546236172705,0.45434537638272954,0.45434537638272954,0.5456546236172705,market_only,development,2024,0,0.05275886175704786,-0.05275886175704769
98,2025-01-31 19:30:00,2024,27921,1,1,home_win,1,hist_gradient_boosting,4,Werder Bremen,Mainz 05,Bundesliga,20,20,0.4048688419956222,0.2818555950176012,0.3132755629867765,0.6867244370132235,0.5951311580043778,2.36,3.39,3.05,1.4561881682109763,1.6803018738814612,1.0465829167558016,closing,market_average_close,0.48831741918447835,0.5116825808155216,0.5116825808155216,0.48831741918447835,market_only,development,2024,0,0.10681373881989947,-0.10681373881989942
99,2025-02-01 14:30:00,2024,27914,0,0,home_win,0,hist_gradient_boosting,4,Bochum,Freiburg,Bundesliga,20,20,0.3429610131133332,0.2889186716530504,0.3681203152336163,0.6318796847663837,0.6570389868866667,2.78,3.3,2.59,1.5825797602113392,1.521979699771592,1.0488429193465163,closing,market_average_close,0.7406916899873879,0.25930831001261206,0.25930831001261206,0.7406916899873879,market_only,development,2024,1,-0.08365270310072115,0.08365270310072115
99,2025-02-01 14:30:00,2024,27915,0,0,home_win,1,hist_gradient_boosting,4,St. Pauli,Augsburg,Bundesliga,20,20,0.4486216284570867,0.2931178124581579,0.2582605590847553,0.7417394409152447,0.5513783715429132,2.13,3.26,3.7,1.348182319610891,1.813636608925584,1.0465023046030564,closing,market_average_close,0.39344708431441855,0.6065529156855815,0.6065529156855815,0.39344708431441855,market_only,development,2024,1,0.15793128722849475,-0.1579312872284947
99,2025-02-01 14:30:00,2024,27917,0,0,home_win,1,hist_gradient_boosting,4,VfB Stuttgart,Borussia M.Gladbach,Bundesliga,20,20,0.5755401387512389,0.2237462834489593,0.2007135777998017,0.7992864222001983,0.4244598612487611,1.66,4.27,4.76,1.2511159607181823,2.355935369384515,1.0466857096383884,closing,market_average_close,0.40289683283370814,0.5971031671662919,0.5971031671662919,0.40289683283370814,market_only,development,2024,1,0.021563028415052976,-0.021563028415052976
99,2025-02-01 14:30:00,2024,27918,1,1,home_win,1,hist_gradient_boosting,4,Bayern Munich,Holstein Kiel,Bundesliga,20,20,0.924822886041101,0.0531977766306828,0.0219793373282162,0.9780206626717838,0.0751771139588991,1.04,18.08,43.76,1.0224732852455003,13.301920589113342,1.0397001156129788,closing,market_average_close,0.07907122057727889,0.9209287794227211,0.9209287794227211,0.07907122057727889,market_only,development,2024,0,-0.0038941066183798556,0.0038941066183797862
99,2025-02-01 14:30:00,2024,27920,0,0,home_win,0,hist_gradient_boosting,4,FC Heidenheim,Borussia Dortmund,,,,,,,,,,,,,,,,,0.5066180157635871,0.4933819842364129,0.4933819842364129,0.5066180157635871,market_only,development,2024,1,,
100,2025-02-01 17:30:00,2024,27913,0,0,home_win,0,hist_gradient_boosting,4,Union Berlin,RasenBallsport Leipzig,Bundesliga,20,20,0.3132212279558395,0.2785203338965919,0.4082584381475685,0.5917415618524314,0.6867787720441605,3.05,3.43,2.34,1.6899269283528544,1.4560729607637015,1.046764469313817,closing,market_average_close,0.7005804357149584,0.2994195642850416,0.2994195642850416,0.7005804357149584,market_only,development,2024,1,-0.013801663670797937,0.013801663670797937
101,2025-02-02 14:30:00,2024,27919,0,0,home_win,1,hist_gradient_boosting,4,Eintracht Frankfurt,Wolfsburg,Bundesliga,20,20,0.4638862932897272,0.2669289844069379,0.2691847223033347,0.7308152776966652,0.5361137067102726,2.06,3.58,3.55,1.3683348316851465,1.865275943299882,1.0464566429875015,closing,market_average_close,0.45113128412204007,0.5488687158779599,0.5488687158779599,0.45113128412204007,market_only,development,2024,1,0.08498242258823274,-0.08498242258823252
102,2025-02-02 16:30:00,2024,27916,1,1,home_win,1,hist_gradient_boosting,4,Bayer Leverkusen,Hoffenheim,Bundesliga,20,20,0.8388984202227358,0.1025020577764114,0.0585995220008528,0.9414004779991472,0.1611015797772643,1.14,9.33,16.32,1.0622471768076858,6.20726377346876,1.0456486283801047,closing,market_average_close,0.05212173477155979,0.9478782652284402,0.9478782652284402,0.05212173477155979,market_only,development,2024,0,0.10897984500570446,-0.10897984500570451
103,2025-02-07 19:30:00,2024,27922,1,1,home_win,1,hist_gradient_boosting,4,Bayern Munich,Werder Bremen,Bundesliga,21,21,0.8724196216643889,0.0803064086887722,0.0472739696468388,0.9527260303531612,0.127580378335611,1.1,11.95,20.3,1.0496196893343148,7.838195912614516,1.0420340012029523,closing,market_average_close,0.05771566423467245,0.9422843357653276,0.9422843357653276,0.05771566423467245,market_only,development,2024,0,0.06986471410093864,-0.06986471410093856
104,2025-02-08 14:30:00,2024,27924,0,0,home_win,0,hist_gradient_boosting,4,Borussia Dortmund,VfB Stuttgart,,,,,,,,,,,,,,,,,0.5196414393143515,0.48035856068564853,0.48035856068564853,0.5196414393143515,market_only,development,2024,1,,
104,2025-02-08 14:30:00,2024,27925,0,0,home_win,0,hist_gradient_boosting,4,Hoffenheim,Union Berlin,Bundesliga,21,21,0.4096935700709285,0.2739094154188493,0.316397014510222,0.6836029854897778,0.5903064299290713,2.34,3.5,3.03,1.462837379628374,1.6940354183845765,1.0430977163650432,closing,market_average_close,0.621592099698641,0.3784079003013589,0.3784079003013589,0.621592099698641,market_only,development,2024,1,-0.03128566976956959,0.0312856697695697
104,2025-02-08 14:30:00,2024,27926,1,1,home_win,0,hist_gradient_boosting,4,Freiburg,FC Heidenheim,Bundesliga,21,21,0.5621529692692829,0.2508294088603099,0.1870176218704072,0.8129823781295928,0.4378470307307172,1.7,3.81,5.11,1.2300389613618363,2.283902664204695,1.0463972019613583,closing,market_average_close,0.5122105236191493,0.4877894763808507,0.4877894763808507,0.5122105236191493,market_only,development,2024,0,-0.07436349288843225,0.07436349288843214
104,2025-02-08 14:30:00,2024,27927,0,0,home_win,0,hist_gradient_boosting,4,Wolfsburg,Bayer Leverkusen,Bundesliga,21,21,0.2643151183700159,0.2864732720058257,0.4492116096241585,0.5507883903758416,0.7356848816299841,3.62,3.34,2.13,1.8155792995521016,1.3592776268344662,1.0451278596025595,closing,market_average_close,0.7320130091001423,0.26798699089985767,0.26798699089985767,0.7320130091001423,market_only,development,2024,1,0.0036718725298417465,-0.003671872529841802
104,2025-02-08 14:30:00,2024,27928,0,0,home_win,1,hist_gradient_boosting,4,Mainz 05,Augsburg,Bundesliga,21,21,0.529021174139585,0.2689686306720924,0.2020101951883225,0.7979898048116775,0.4709788258604149,1.81,3.56,4.74,1.2531488422160937,2.1232377021899755,1.0443555283848194,closing,market_average_close,0.47369034319861836,0.5263096568013816,0.5263096568013816,0.47369034319861836,market_only,development,2024,1,-0.0027115173382034063,0.002711517338203462
105,2025-02-08 17:30:00,2024,27929,0,0,home_win,0,hist_gradient_boosting,4,Borussia M.Gladbach,Eintracht Frankfurt,Bundesliga,21,21,0.3706922878150767,0.2656628062674717,0.3636449059174517,0.6363550940825484,0.6293077121849234,2.58,3.6,2.63,1.5714496659160542,1.5890477434767998,1.045602813884713,closing,market_average_close,0.6712192040996052,0.3287807959003948,0.3287807959003948,0.6712192040996052,market_only,development,2024,1,-0.04191149191468191,0.0419114919146818
106,2025-02-09 13:30:00,2024,27930,0,0,home_win,0,hist_gradient_boosting,4,Holstein Kiel,Bochum,Bundesliga,21,21,0.4164321631222033,0.2705632698251603,0.3130045670526364,0.6869954329473636,0.5835678368777968,2.3,3.54,3.06,1.455613752350255,1.713596837944664,1.0440658700227818,closing,market_average_close,0.5261453588183893,0.4738546411816107,0.4738546411816107,0.5261453588183893,market_only,development,2024,1,0.05742247805940737,-0.05742247805940748
107,2025-02-09 16:30:00,2024,27923,1,1,home_win,0,hist_gradient_boosting,4,RasenBallsport Leipzig,St. Pauli,Bundesliga,21,21,0.573292533453751,0.239349632716941,0.187357833829308,0.812642166170692,0.426707466546249,1.67,4.0,5.11,1.2305539161377388,2.343525900997128,1.0444971114522423,closing,market_average_close,0.5896166102882334,0.4103833897117665,0.4103833897117665,0.5896166102882334,market_only,development,2024,0,-0.16290914374198445,0.1629091437419844
108,2025-02-14 19:30:00,2024,27936,0,0,home_win,0,hist_gradient_boosting,4,Augsburg,RasenBallsport Leipzig,Bundesliga,22,22,0.3128419369503535,0.2866156667868508,0.4005423962627956,0.5994576037372044,0.6871580630496464,3.06,3.34,2.39,1.6681746861924684,1.4552692513887464,1.0446086250667097,closing,market_average_close,0.766487947164334,0.23351205283566595,0.23351205283566595,0.766487947164334,market_only,development,2024,1,-0.07932988411468755,0.07932988411468755
109,2025-02-15 14:30:00,2024,27932,0,0,home_win,0,hist_gradient_boosting,4,VfB Stuttgart,Wolfsburg,Bundesliga,22,22,0.6070447265753479,0.2126675538778381,0.1802877195468138,0.819712280453186,0.392955273424652,1.58,4.51,5.32,1.219940244700421,2.5448188830369447,1.0426108072392664,closing,market_average_close,0.5857063977656769,0.4142936022343231,0.4142936022343231,0.5857063977656769,market_only,development,2024,1,-0.19275112434102482,0.19275112434102493
109,2025-02-15 14:30:00,2024,27937,0,0,home_win,0,hist_gradient_boosting,4,Union Berlin,Borussia M.Gladbach,Bundesliga,22,22,0.4464580512325871,0.2703900873662147,0.2831518614011983,0.7168481385988018,0.553541948767413,2.15,3.55,3.39,1.394995601097138,1.8065478185108237,1.041791670652301,closing,market_average_close,0.5955626292557374,0.4044373707442626,0.4044373707442626,0.5955626292557374,market_only,development,2024,1,-0.04202068048832447,0.04202068048832441
109,2025-02-15 14:30:00,2024,27938,1,1,home_win,0,hist_gradient_boosting,4,Bochum,Borussia Dortmund,,,,,,,,,,,,,,,,,0.5389727895069361,0.4610272104930639,0.4610272104930639,0.5389727895069361,market_only,development,2024,0,,
109,2025-02-15 14:30:00,2024,27939,0,0,home_win,0,hist_gradient_boosting,4,St. Pauli,Freiburg,Bundesliga,22,22,0.3838564454747569,0.308566274497393,0.30757728002785,0.69242271997215,0.616143554525243,2.5,3.11,3.12,1.4442044883221352,1.6229983948635636,1.0420562288729491,closing,market_average_close,0.5990133693448982,0.4009866306551018,0.4009866306551018,0.5990133693448982,market_only,development,2024,1,0.017130185180344926,-0.017130185180344815
110,2025-02-15 17:30:00,2024,27931,0,0,home_win,0,hist_gradient_boosting,4,Bayer Leverkusen,Bayern Munich,Bundesliga,22,22,0.3141751053792688,0.2745656365062377,0.4112592581144935,0.5887407418855065,0.6858248946207313,3.05,3.49,2.33,1.6985405100339936,1.45809813531632,1.043586353104638,closing,market_average_close,0.8149203423113791,0.18507965768862084,0.18507965768862084,0.8149203423113791,market_only,development,2024,1,-0.12909544769064796,0.12909544769064785
111,2025-02-16 14:30:00,2024,27935,0,0,home_win,1,hist_gradient_boosting,4,Werder Bremen,Hoffenheim,Bundesliga,22,22,0.5083910043324672,0.2508596031876741,0.2407493924798585,0.7592506075201413,0.4916089956675326,1.88,3.81,3.97,1.317088178916567,2.03413690313406,1.0462712539838144,closing,market_average_close,0.3459873934363067,0.6540126065636933,0.6540126065636933,0.3459873934363067,market_only,development,2024,1,0.1456216022312261,-0.1456216022312259
112,2025-02-16 16:30:00,2024,27933,1,1,home_win,1,hist_gradient_boosting,4,Eintracht Frankfurt,Holstein Kiel,Bundesliga,22,22,0.7167731466789612,0.1696954092844184,0.1135314440366203,0.8864685559633796,0.2832268533210387,1.34,5.66,8.46,1.1280715974332995,3.530738657984864,1.041150411638771,closing,market_average_close,0.2828504895178311,0.7171495104821689,0.7171495104821689,0.2828504895178311,market_only,development,2024,0,0.00037636380320771323,-0.0003763638032076022
113,2025-02-16 18:30:00,2024,27934,0,0,home_win,0,hist_gradient_boosting,4,FC Heidenheim,Mainz 05,Bundesliga,22,22,0.2576224324294904,0.2794039208856281,0.4629736466848814,0.5370263533151185,0.7423775675705095,3.72,3.43,2.07,1.8621060099320967,1.347023460410557,1.043454181245062,closing,market_average_close,0.727600055183715,0.27239994481628504,0.27239994481628504,0.727600055183715,market_only,development,2024,1,0.014777512386794645,-0.014777512386794589
114,2025-02-21 19:30:00,2024,27944,1,1,home_win,0,hist_gradient_boosting,4,Freiburg,Werder Bremen,Bundesliga,23,23,0.4815652265505679,0.274588768147745,0.2438460053016871,0.7561539946983129,0.5184347734494321,1.99,3.49,3.93,1.3224819375568806,1.928882959270747,1.04349844031212,closing,market_average_close,0.5767884709346851,0.42321152906531484,0.42321152906531484,0.5767884709346851,market_only,development,2024,0,-0.05835369748525304,0.05835369748525299
115,2025-02-22 14:30:00,2024,27945,0,0,home_win,0,hist_gradient_boosting,4,Wolfsburg,Bochum,Bundesliga,23,23,0.5884756954993856,0.2230733450381392,0.1884509594624751,0.8115490405375247,0.4115243045006144,1.63,4.3,5.09,1.2322114253719725,2.429990134394376,1.0425187262741895,closing,market_average_close,0.5712115079149465,0.42878849208505354,0.42878849208505354,0.5712115079149465,market_only,development,2024,1,-0.15968720341433207,0.15968720341433207
115,2025-02-22 14:30:00,2024,27946,1,1,home_win,0,hist_gradient_boosting,4,Mainz 05,St. Pauli,Bundesliga,23,23,0.5452588513730481,0.2658325701984944,0.1889085784284575,0.8110914215715425,0.4547411486269519,1.76,3.61,5.08,1.2329066408598366,2.1990532482477247,1.0420405221319131,closing,market_average_close,0.5106433397224667,0.48935666027753333,0.48935666027753333,0.5106433397224667,market_only,development,2024,0,-0.05590219109551475,0.05590219109551475
115,2025-02-22 14:30:00,2024,27947,0,0,home_win,1,hist_gradient_boosting,4,Borussia M.Gladbach,Augsburg,Bundesliga,23,23,0.4940982706560527,0.2662640680757617,0.2396376612681855,0.7603623387318145,0.5059017293439473,1.94,3.6,4.0,1.3151624548736462,1.9766684753119916,1.043241695303551,closing,market_average_close,0.4203870746212617,0.5796129253787383,0.5796129253787383,0.4203870746212617,market_only,development,2024,1,0.0855146547226856,-0.0855146547226856
115,2025-02-22 14:30:00,2024,27948,0,0,home_win,0,hist_gradient_boosting,4,Holstein Kiel,Bayer Leverkusen,Bundesliga,23,23,0.0659600270896004,0.137022978911061,0.7970169939993386,0.2029830060006615,0.9340399729103996,14.5,6.98,1.2,4.926520794537554,1.0706179917376275,1.0455653262194118,closing,market_average_close,0.9209444785910329,0.07905552140896707,0.07905552140896707,0.9209444785910329,market_only,development,2024,1,0.013095494319366671,-0.01309549431936674
116,2025-02-22 17:30:00,2024,27942,1,1,home_win,0,hist_gradient_boosting,4,Borussia Dortmund,Union Berlin,,,,,,,,,,,,,,,,,0.5343689445695353,0.4656310554304647,0.4656310554304647,0.5343689445695353,market_only,development,2024,0,,
117,2025-02-23 14:30:00,2024,27941,0,0,home_win,1,hist_gradient_boosting,4,RasenBallsport Leipzig,FC Heidenheim,Bundesliga,23,23,0.7299035325957348,0.1692342703894535,0.1008621970148114,0.8991378029851884,0.270096467404265,1.31,5.65,9.48,1.1121765725786896,3.702380892317473,1.0458351611359429,closing,market_average_close,0.15701799587895426,0.8429820041210457,0.8429820041210457,0.15701799587895426,market_only,development,2024,1,0.11307847152531092,-0.11307847152531075
118,2025-02-23 16:30:00,2024,27940,1,1,home_win,1,hist_gradient_boosting,4,Bayern Munich,Eintracht Frankfurt,Bundesliga,23,23,0.7620923593275144,0.1436825715172538,0.0942250691552317,0.9057749308447682,0.2379076406724856,1.25,6.63,10.11,1.1040270225489162,4.203311827956989,1.0497415309424387,closing,market_average_close,0.08867088573406956,0.9113291142659304,0.9113291142659304,0.08867088573406956,market_only,development,2024,0,0.14923675493841604,-0.14923675493841604
119,2025-02-23 18:30:00,2024,27943,0,0,home_win,0,hist_gradient_boosting,4,Hoffenheim,VfB Stuttgart,Bundesliga,23,23,0.2805220410175085,0.2491910078649036,0.4702869511175878,0.5297130488824121,0.7194779589824915,3.42,3.85,2.04,1.8878145481025976,1.3898966431358533,1.0423339989903455,closing,market_average_close,0.7520627893602921,0.24793721063970783,0.24793721063970783,0.7520627893602921,market_only,development,2024,1,-0.03258483037780066,0.03258483037780069
120,2025-02-28 19:30:00,2024,27949,0,0,home_win,0,hist_gradient_boosting,4,VfB Stuttgart,Bayern Munich,Bundesliga,24,24,0.2152508377271471,0.233014256374533,0.5517349058983196,0.4482650941016802,0.7847491622728527,4.46,4.12,1.74,2.230822817029713,1.2742925358514825,1.041646336916874,closing,market_average_close,0.8337050709171769,0.166294929082823,0.166294929082823,0.8337050709171769,market_only,development,2024,1,-0.048955908644324087,0.0489559086443242
121,2025-03-01 14:30:00,2024,27950,0,0,home_win,1,hist_gradient_boosting,4,RasenBallsport Leipzig,Mainz 05,Bundesliga,24,24,0.4962874810087077,0.2574824834265606,0.2462300355647315,0.7537699644352683,0.5037125189912922,1.93,3.72,3.89,1.3266646950428829,1.985259373744664,1.044021328067342,closing,market_average_close,0.4519717943833761,0.5480282056166239,0.5480282056166239,0.4519717943833761,market_only,development,2024,1,0.05174072460791623,-0.05174072460791612
121,2025-03-01 14:30:00,2024,27952,0,0,home_win,0,hist_gradient_boosting,4,FC Heidenheim,Borussia M.Gladbach,Bundesliga,24,24,0.3535565762399933,0.2793406185453008,0.3671028052147057,0.6328971947852942,0.6464434237600065,2.71,3.43,2.61,1.580035443733074,1.546925783827375,1.043690641993381,closing,market_average_close,0.8425932600397281,0.15740673996027194,0.15740673996027194,0.8425932600397281,market_only,development,2024,1,-0.19614983627972138,0.1961498362797216
121,2025-03-01 14:30:00,2024,27953,0,0,home_win,0,hist_gradient_boosting,4,Werder Bremen,Wolfsburg,Bundesliga,24,24,0.3154369674543642,0.2747645791006496,0.409798453444986,0.5902015465550139,0.6845630325456357,3.04,3.49,2.34,1.6943364615646397,1.4607858625981764,1.0428307470608784,closing,market_average_close,0.8360710231095203,0.1639289768904797,0.1639289768904797,0.8360710231095203,market_only,development,2024,1,-0.15150799056388453,0.15150799056388464
121,2025-03-01 14:30:00,2024,27956,0,0,home_win,0,hist_gradient_boosting,4,St. Pauli,Borussia Dortmund,,,,,,,,,,,,,,,,,0.5281255988735292,0.4718744011264708,0.4718744011264708,0.5281255988735292,market_only,development,2024,1,,
121,2025-03-01 14:30:00,2024,27957,0,0,home_win,0,hist_gradient_boosting,4,Bochum,Hoffenheim,Bundesliga,24,24,0.3915729218322315,0.2764707949535929,0.3319562832141755,0.6680437167858244,0.6084270781677684,2.45,3.47,2.89,1.496908023940896,1.6435823385958157,1.042368464592143,closing,market_average_close,0.6655577387208523,0.33444226127914767,0.33444226127914767,0.6655577387208523,market_only,development,2024,1,-0.057130660553083856,0.05713066055308391
122,2025-03-01 17:30:00,2024,27951,0,0,home_win,0,hist_gradient_boosting,4,Eintracht Frankfurt,Bayer Leverkusen,Bundesliga,24,24,0.2294260400988775,0.246529780877457,0.5240441790236655,0.4759558209763345,0.7705739599011225,4.18,3.89,1.83,2.101035339684861,1.2977339645999932,1.0427519459328194,closing,market_average_close,0.8899905237723416,0.11000947622765844,0.11000947622765844,0.8899905237723416,market_only,development,2024,1,-0.11941656387121904,0.11941656387121902
123,2025-03-02 14:30:00,2024,27955,0,0,home_win,0,hist_gradient_boosting,4,Union Berlin,Holstein Kiel,Bundesliga,24,24,0.6102366568069927,0.225428600279289,0.1643347429137184,0.8356652570862817,0.3897633431930075,1.57,4.25,5.83,1.196651400211019,2.565659437872813,1.0437633794272203,closing,market_average_close,0.6396635964936841,0.3603364035063159,0.3603364035063159,0.6396635964936841,market_only,development,2024,1,-0.24990025330067678,0.2499002533006766
124,2025-03-02 16:30:00,2024,27954,0,0,home_win,0,hist_gradient_boosting,4,Augsburg,Freiburg,Bundesliga,24,24,0.3804492882562277,0.3082740213523132,0.311276690391459,0.6887233096085409,0.6195507117437722,2.52,3.11,3.08,1.451961892459228,1.614072877400826,1.0430441298608502,closing,market_average_close,0.7451751326349184,0.2548248673650816,0.2548248673650816,0.7451751326349184,market_only,development,2024,1,-0.12562442089114612,0.12562442089114623
125,2025-03-07 19:30:00,2024,27965,0,0,home_win,0,hist_gradient_boosting,4,Borussia M.Gladbach,Mainz 05,Bundesliga,25,25,0.3537633050124759,0.2803212153753829,0.3659154796121411,0.6340845203878589,0.646236694987524,2.71,3.42,2.62,1.5770768215384232,1.5474206397693118,1.0430807401685909,closing,market_average_close,0.8878536491852473,0.11214635081475266,0.11214635081475266,0.8878536491852473,market_only,development,2024,1,-0.24161695419772322,0.24161695419772333
126,2025-03-08 14:30:00,2024,27958,0,0,home_win,1,hist_gradient_boosting,4,Bayer Leverkusen,Werder Bremen,Bundesliga,25,25,0.7180333959421246,0.1749055708064149,0.1070610332514603,0.8929389667485396,0.2819666040578752,1.33,5.46,8.92,1.1198973695159726,3.5465192884854697,1.0471375057166892,closing,market_average_close,0.22963339888756595,0.770366601112434,0.770366601112434,0.22963339888756595,market_only,development,2024,1,0.05233320517030948,-0.05233320517030926
126,2025-03-08 14:30:00,2024,27959,0,0,home_win,1,hist_gradient_boosting,4,Bayern Munich,Bochum,Bundesliga,25,25,0.8175486683378902,0.1169354452268131,0.0655158864352966,0.9344841135647032,0.1824513316621098,1.17,8.18,14.6,1.0701091495128563,5.480913681967238,1.0454433941388426,closing,market_average_close,0.06921614912468976,0.9307838508753102,0.9307838508753102,0.06921614912468976,market_only,development,2024,1,0.11323518253742004,-0.11323518253742004
126,2025-03-08 14:30:00,2024,27960,0,0,home_win,0,hist_gradient_boosting,4,Borussia Dortmund,Augsburg,,,,,,,,,,,,,,,,,0.5307458501203599,0.46925414987964015,0.46925414987964015,0.5307458501203599,market_only,development,2024,1,,
126,2025-03-08 14:30:00,2024,27964,0,0,home_win,0,hist_gradient_boosting,4,Wolfsburg,St. Pauli,Bundesliga,25,25,0.5232840284796908,0.2689915090218636,0.2077244624984456,0.7922755375015544,0.4767159715203092,1.83,3.56,4.61,1.2621871465999135,2.0976851201583826,1.0442667035325006,closing,market_average_close,0.52853035776739,0.47146964223261,0.47146964223261,0.52853035776739,market_only,development,2024,1,-0.05181438624708079,0.05181438624708079
126,2025-03-08 14:30:00,2024,27966,0,0,home_win,0,hist_gradient_boosting,4,Holstein Kiel,VfB Stuttgart,Bundesliga,25,25,0.1609485779480075,0.2016950533778828,0.6373563686741097,0.3626436313258903,0.8390514220519926,5.94,4.74,1.5,2.75752808988764,1.1918220668220667,1.045987299151856,closing,market_average_close,0.8906779801524278,0.10932201984757216,0.10932201984757216,0.8906779801524278,market_only,development,2024,1,-0.05162655810043533,0.05162655810043526
127,2025-03-08 17:30:00,2024,27963,0,0,home_win,0,hist_gradient_boosting,4,Freiburg,RasenBallsport Leipzig,Bundesliga,25,25,0.3738566042538299,0.2891458933201826,0.3369975024259876,0.6630024975740125,0.6261433957461702,2.56,3.31,2.84,1.5082899440938646,1.5970782520325202,1.0448524796817156,closing,market_average_close,0.5480294470351916,0.4519705529648084,0.4519705529648084,0.5480294470351916,market_only,development,2024,1,0.07811394871097854,-0.07811394871097854
128,2025-03-09 14:30:00,2024,27961,0,0,home_win,0,hist_gradient_boosting,4,Eintracht Frankfurt,Union Berlin,Bundesliga,25,25,0.4838757209615627,0.2646613059403022,0.2514629730981349,0.748537026901865,0.5161242790384372,1.98,3.62,3.81,1.335939257592801,1.9375178433051925,1.043760790574207,closing,market_average_close,0.5356678605308567,0.46433213946914326,0.46433213946914326,0.5356678605308567,market_only,development,2024,1,-0.01954358149241947,0.019543581492419526
129,2025-03-09 16:30:00,2024,27962,0,0,home_win,0,hist_gradient_boosting,4,Hoffenheim,FC Heidenheim,Bundesliga,25,25,0.5066666666666667,0.2533333333333333,0.2399999999999999,0.76,0.4933333333333333,1.89,3.78,3.99,1.3157894736842106,2.027027027027027,1.0442773600668338,closing,market_average_close,0.5498999909382991,0.45010000906170095,0.45010000906170095,0.5498999909382991,market_only,development,2024,1,-0.056566657604965764,0.05656665760496582
130,2025-03-14 19:30:00,2024,27975,1,1,home_win,0,hist_gradient_boosting,4,St. Pauli,Hoffenheim,Bundesliga,26,26,0.414791780281494,0.2957311766821763,0.2894770430363296,0.7105229569636704,0.585208219718506,2.31,3.24,3.31,1.407414060586266,1.708793496579756,1.0436572118344525,closing,market_average_close,0.5659484879287754,0.4340515120712246,0.4340515120712246,0.5659484879287754,market_only,development,2024,0,0.019259731789730616,-0.019259731789730616
131,2025-03-15 14:30:00,2024,27970,0,0,home_win,1,hist_gradient_boosting,4,Werder Bremen,Borussia M.Gladbach,Bundesliga,26,26,0.4279098276918885,0.2618901677677132,0.3102000045403982,0.6897999954596017,0.5720901723081114,2.24,3.66,3.09,1.4496955734737538,1.7479761904761904,1.043277210613674,closing,market_average_close,0.46571485542177526,0.5342851445782247,0.5342851445782247,0.46571485542177526,market_only,development,2024,1,0.10637531688633622,-0.10637531688633617
131,2025-03-15 14:30:00,2024,27971,1,1,home_win,0,hist_gradient_boosting,4,Augsburg,Wolfsburg,Bundesliga,26,26,0.3868017234862801,0.2957895532542142,0.3174087232595056,0.6825912767404944,0.6131982765137198,2.47,3.23,3.01,1.4650055370985604,1.630793885601578,1.0466817364362184,closing,market_average_close,0.6088060389046608,0.39119396109533916,0.39119396109533916,0.6088060389046608,market_only,development,2024,0,0.0043922376090590465,-0.0043922376090590465
131,2025-03-15 14:30:00,2024,27972,0,0,home_win,1,hist_gradient_boosting,4,Mainz 05,Freiburg,Bundesliga,26,26,0.5186685361167368,0.2711221893337488,0.2102092745495144,0.7897907254504857,0.4813314638832633,1.84,3.52,4.54,1.2661581958051151,2.077570395943467,1.047833487141091,closing,market_average_close,0.4594830273264956,0.5405169726735044,0.5405169726735044,0.4594830273264956,market_only,development,2024,1,0.021848436556767603,-0.021848436556767714
131,2025-03-15 14:30:00,2024,27973,0,0,home_win,0,hist_gradient_boosting,4,Union Berlin,Bayern Munich,Bundesliga,26,26,0.1036374046951752,0.1763553626857125,0.7200072326191123,0.2799927673808878,0.8963625953048249,9.24,5.43,1.33,3.5715208266063927,1.1156199569661107,1.0442668700883295,closing,market_average_close,0.8485366573783433,0.15146334262165673,0.15146334262165673,0.8485366573783433,market_only,development,2024,1,0.04782593792648153,-0.0478259379264816
132,2025-03-15 17:30:00,2024,27968,1,1,home_win,0,hist_gradient_boosting,4,RasenBallsport Leipzig,Borussia Dortmund,,,,,,,,,,,,,,,,,0.5447398799694747,0.4552601200305253,0.4552601200305253,0.5447398799694747,market_only,development,2024,0,,
133,2025-03-16 15:30:00,2024,27974,0,0,home_win,0,hist_gradient_boosting,4,Bochum,Eintracht Frankfurt,Bundesliga,26,26,0.352779165797788,0.2708304643943358,0.3763903698078761,0.6236096301921239,0.647220834202212,2.71,3.53,2.54,1.6035672824550775,1.545067691204095,1.0459905964186451,closing,market_average_close,0.874161020605271,0.125838979394729,0.125838979394729,0.874161020605271,market_only,development,2024,1,-0.22694018640305902,0.22694018640305902
134,2025-03-16 16:30:00,2024,27969,1,1,home_win,1,hist_gradient_boosting,4,FC Heidenheim,Holstein Kiel,Bundesliga,26,26,0.4686808178148196,0.2700872509441334,0.261231931241047,0.7387680687589531,0.5313191821851804,2.04,3.54,3.66,1.353604794641283,1.8821078431372549,1.0459059978534342,closing,market_average_close,0.47212327964810397,0.527876720351896,0.527876720351896,0.47212327964810397,market_only,development,2024,0,0.05919590253707646,-0.059195902537076406
135,2025-03-16 18:30:00,2024,27967,0,0,home_win,0,hist_gradient_boosting,4,VfB Stuttgart,Bayer Leverkusen,Bundesliga,26,26,0.2921854709342296,0.2818730425483157,0.4259414865174548,0.5740585134825453,0.7078145290657705,3.28,3.4,2.25,1.7419827012641382,1.4127994819771206,1.0434401402837556,closing,market_average_close,0.7335671570907107,0.2664328429092892,0.2664328429092892,0.7335671570907107,market_only,development,2024,1,-0.025752628024940383,0.02575262802494027
136,2025-03-28 19:30:00,2024,27976,1,1,home_win,1,hist_gradient_boosting,4,Bayer Leverkusen,Bochum,Bundesliga,27,27,0.7812898483325582,0.1418413117508513,0.0768688399165904,0.9231311600834096,0.2187101516674417,1.22,6.72,12.4,1.0832696839197204,4.572261471980246,1.0491268162473877,closing,market_average_close,0.0964420085659281,0.9035579914340719,0.9035579914340719,0.0964420085659281,market_only,development,2024,0,0.12226814310151368,-0.1222681431015136
137,2025-03-29 14:30:00,2024,27977,1,1,home_win,1,hist_gradient_boosting,4,Bayern Munich,St. Pauli,Bundesliga,27,27,0.8544098824254048,0.1033411520860101,0.0422489654885851,0.957751034511415,0.1455901175745952,1.12,9.26,22.65,1.0441126806092544,6.868598065989166,1.0449986139235634,closing,market_average_close,0.12556545214463632,0.8744345478553637,0.8744345478553637,0.12556545214463632,market_only,development,2024,0,0.020024665429958843,-0.02002466542995887
137,2025-03-29 14:30:00,2024,27980,1,1,home_win,0,hist_gradient_boosting,4,Borussia M.Gladbach,RasenBallsport Leipzig,Bundesliga,27,27,0.3313317673412877,0.2643311606490052,0.4043370720097071,0.595662927990293,0.6686682326587123,2.88,3.61,2.36,1.6788018072131832,1.495509957193374,1.0479593460308518,closing,market_average_close,0.7775703475400974,0.22242965245990265,0.22242965245990265,0.7775703475400974,market_only,development,2024,0,-0.10890211488138507,0.10890211488138501
137,2025-03-29 14:30:00,2024,27981,0,0,home_win,1,hist_gradient_boosting,4,Wolfsburg,FC Heidenheim,Bundesliga,27,27,0.5611564817422323,0.2433586783065803,0.1954848399511874,0.8045151600488126,0.4388435182577678,1.7,3.92,4.88,1.242984656671139,2.2787165775401066,1.0482553677208588,closing,market_average_close,0.47335091673631824,0.5266490832636818,0.5266490832636818,0.47335091673631824,market_only,development,2024,1,-0.034507398478550555,0.034507398478550444
137,2025-03-29 14:30:00,2024,27983,0,0,home_win,0,hist_gradient_boosting,4,Hoffenheim,Augsburg,Bundesliga,27,27,0.4028349390912628,0.2841425016804443,0.3130225592282928,0.6869774407717072,0.5971650609087372,2.37,3.36,3.05,1.4556518753755043,1.6745788818894525,1.047428828348106,closing,market_average_close,0.5266451683170622,0.4733548316829378,0.4733548316829378,0.5266451683170622,market_only,development,2024,1,0.07051989259167502,-0.07051989259167502
137,2025-03-29 14:30:00,2024,27984,0,0,home_win,0,hist_gradient_boosting,4,Holstein Kiel,Werder Bremen,Bundesliga,27,27,0.3071146647365504,0.2567544643362021,0.4361308709272474,0.5638691290727524,0.6928853352634495,3.11,3.72,2.19,1.773461160472533,1.4432402435242464,1.046981617227414,closing,market_average_close,0.6888862519472256,0.3111137480527743,0.3111137480527743,0.6888862519472256,market_only,development,2024,1,0.003999083316223895,-0.003999083316223895
138,2025-03-29 17:30:00,2024,27978,1,1,home_win,0,hist_gradient_boosting,4,Eintracht Frankfurt,VfB Stuttgart,Bundesliga,27,27,0.3736098400831382,0.2571078469389338,0.3692823129779281,0.630717687022072,0.626390159916862,2.56,3.72,2.59,1.5854954135208912,1.5964490887480187,1.0455425904014612,closing,market_average_close,0.7226446971271054,0.2773553028728945,0.2773553028728945,0.7226446971271054,market_only,development,2024,0,-0.09625453721024368,0.09625453721024346
139,2025-03-30 14:30:00,2024,27982,0,0,home_win,1,hist_gradient_boosting,4,Freiburg,Union Berlin,Bundesliga,27,27,0.4864149092692496,0.2787641000490436,0.2348209906817067,0.7651790093182932,0.5135850907307503,1.96,3.42,4.06,1.3068837328547624,1.9470970206264329,1.0489071611705785,closing,market_average_close,0.4484845691852314,0.5515154308147686,0.5515154308147686,0.4484845691852314,market_only,development,2024,1,0.06510052154551904,-0.06510052154551893
140,2025-03-30 16:30:00,2024,27979,1,1,home_win,0,hist_gradient_boosting,4,Borussia Dortmund,Mainz 05,,,,,,,,,,,,,,,,,0.5384312449043664,0.46156875509563355,0.46156875509563355,0.5384312449043664,market_only,development,2024,0,,
141,2025-04-04 18:30:00,2024,27989,0,0,home_win,0,hist_gradient_boosting,4,Augsburg,Bayern Munich,Bundesliga,28,28,0.1229957157576962,0.1961351434407708,0.6808691408015329,0.319130859198467,0.8770042842423037,7.75,4.86,1.4,3.1335108190778294,1.1402452849634137,1.0490792892226584,closing,market_average_close,0.7840784603262949,0.21592153967370506,0.21592153967370506,0.7840784603262949,market_only,development,2024,1,0.09292582391600886,-0.09292582391600879
142,2025-04-05 13:30:00,2024,27985,1,1,home_win,1,hist_gradient_boosting,4,RasenBallsport Leipzig,Hoffenheim,Bundesliga,28,28,0.5721866422689845,0.2253659652333028,0.2024473924977127,0.7975526075022874,0.4278133577310156,1.67,4.24,4.72,1.2538357853680917,2.3374679213002563,1.0465158585930154,closing,market_average_close,0.49296079526407555,0.5070392047359245,0.5070392047359245,0.49296079526407555,market_only,development,2024,0,-0.06514743753306007,0.06514743753305996
142,2025-04-05 13:30:00,2024,27986,0,0,home_win,0,hist_gradient_boosting,4,FC Heidenheim,Bayer Leverkusen,Bundesliga,28,28,0.1546969777742752,0.2152457948669215,0.6300572273588033,0.3699427726411968,0.8453030222257248,6.15,4.42,1.51,2.7031207904415218,1.1830077187787054,1.051097625536802,closing,market_average_close,0.7820609837889517,0.21793901621104828,0.21793901621104828,0.7820609837889517,market_only,development,2024,1,0.06324203843677306,-0.06324203843677312
142,2025-04-05 13:30:00,2024,27988,0,0,home_win,0,hist_gradient_boosting,4,Freiburg,Borussia Dortmund,,,,,,,,,,,,,,,,,0.5387257114885828,0.4612742885114172,0.4612742885114172,0.5387257114885828,market_only,development,2024,1,,
142,2025-04-05 13:30:00,2024,27990,0,0,home_win,1,hist_gradient_boosting,4,Mainz 05,Holstein Kiel,Bundesliga,28,28,0.6695491572214554,0.1976631607597643,0.1327876820187802,0.8672123179812197,0.3304508427785446,1.42,4.81,7.16,1.1531201520844356,3.0261687081553648,1.0517903644821578,closing,market_average_close,0.32035709546630853,0.6796429045336915,0.6796429045336915,0.32035709546630853,market_only,development,2024,1,0.010093747312236112,-0.010093747312236057
142,2025-04-05 13:30:00,2024,27992,0,0,home_win,0,hist_gradient_boosting,4,Bochum,VfB Stuttgart,Bundesliga,28,28,0.3754057206112,0.2701219632726482,0.3544723161161517,0.6455276838838482,0.6245942793888,2.54,3.53,2.69,1.5491202390940884,1.601039319441983,1.0487341182776555,closing,market_average_close,0.5126921713508699,0.4873078286491301,0.4873078286491301,0.5126921713508699,market_only,development,2024,1,0.1119021080379301,-0.1119021080379301
143,2025-04-05 16:30:00,2024,27987,1,1,home_win,0,hist_gradient_boosting,4,Werder Bremen,Eintracht Frankfurt,Bundesliga,28,28,0.4094064298587291,0.2627870472646939,0.3278065228765769,0.672193477123423,0.5905935701412708,2.33,3.63,2.91,1.4876669203625543,1.6932117966688982,1.0483092547039838,closing,market_average_close,0.5292620660002819,0.4707379339997181,0.4707379339997181,0.5292620660002819,market_only,development,2024,0,0.06133150414098898,-0.06133150414098887
144,2025-04-06 13:30:00,2024,27993,0,0,home_win,0,hist_gradient_boosting,4,St. Pauli,Borussia M.Gladbach,Bundesliga,28,28,0.4179737291040092,0.2742578337100805,0.3077684371859103,0.6922315628140898,0.5820262708959909,2.29,3.49,3.11,1.4446032999922116,1.7181355035066823,1.0447575823569504,closing,market_average_close,0.5138438942812015,0.4861561057187985,0.4861561057187985,0.5138438942812015,market_only,development,2024,1,0.06818237661478932,-0.06818237661478943
145,2025-04-06 15:30:00,2024,27991,1,1,home_win,0,hist_gradient_boosting,4,Union Berlin,Wolfsburg,Bundesliga,28,28,0.4160990712074304,0.2848297213622291,0.2990712074303405,0.7009287925696595,0.5839009287925696,2.3,3.36,3.2,1.426678445229682,1.7126193001060448,1.0449016563146998,closing,market_average_close,0.5499508636493138,0.45004913635068616,0.45004913635068616,0.5499508636493138,market_only,development,2024,0,0.03395006514325577,-0.033950065143255825
146,2025-04-11 18:30:00,2024,27999,0,0,home_win,0,hist_gradient_boosting,4,Wolfsburg,RasenBallsport Leipzig,Bundesliga,29,29,0.3462170571081694,0.2587219856107244,0.3950609572811061,0.6049390427188939,0.6537829428918305,2.75,3.68,2.41,1.653059117337687,1.5295596357665326,1.050313253407246,closing,market_average_close,0.7606164391877726,0.23938356081222745,0.23938356081222745,0.7606164391877726,market_only,development,2024,1,-0.10683349629594197,0.10683349629594208
147,2025-04-12 13:30:00,2024,27994,0,0,home_win,1,hist_gradient_boosting,4,Bayer Leverkusen,Union Berlin,Bundesliga,29,29,0.6968303410291031,0.189537852759916,0.1136318062109808,0.8863681937890192,0.3031696589708969,1.36,5.0,8.34,1.1281993273305884,3.298483111385483,1.055198194385668,closing,market_average_close,0.3422175084922586,0.6577824915077414,0.6577824915077414,0.3422175084922586,market_only,development,2024,1,-0.039047849521361755,0.0390478495213617
147,2025-04-12 13:30:00,2024,27998,1,1,home_win,0,hist_gradient_boosting,4,Hoffenheim,Mainz 05,Bundesliga,29,29,0.3897316864240515,0.277570532482246,0.3326977810937025,0.6673022189062976,0.6102683135759486,2.45,3.44,2.87,1.4985713694148823,1.6386235001131988,1.047292995473856,closing,market_average_close,0.5940949122094614,0.4059050877905386,0.4059050877905386,0.5940949122094614,market_only,development,2024,0,0.016173401366487095,-0.01617340136648715
147,2025-04-12 13:30:00,2024,28000,0,0,home_win,0,hist_gradient_boosting,4,Borussia M.Gladbach,Freiburg,Bundesliga,29,29,0.4220946013295405,0.2599274656688723,0.3179779330015871,0.682022066998413,0.5779053986704595,2.26,3.67,3.0,1.466228218100056,1.7303870188799404,1.0482907734722255,closing,market_average_close,0.5096826448141113,0.4903173551858887,0.4903173551858887,0.5096826448141113,market_only,development,2024,1,0.06822275385634818,-0.06822275385634824
147,2025-04-12 13:30:00,2024,28001,0,0,home_win,0,hist_gradient_boosting,4,Bochum,Augsburg,Bundesliga,29,29,0.4009720534629404,0.2891859052247874,0.3098420413122721,0.6901579586877278,0.5990279465370596,2.38,3.3,3.08,1.448943661971831,1.6693711967545637,1.0478736949325185,closing,market_average_close,0.5096826448141113,0.4903173551858887,0.4903173551858887,0.5096826448141113,market_only,development,2024,1,0.0893453017229483,-0.0893453017229483
147,2025-04-12 13:30:00,2024,28002,0,0,home_win,0,hist_gradient_boosting,4,Holstein Kiel,St. Pauli,Bundesliga,29,29,0.2767534372967495,0.2783718784505316,0.4448746842527188,0.5551253157472811,0.7232465627032505,3.44,3.42,2.14,1.8013950573553856,1.3826543416429646,1.0503850548634863,closing,market_average_close,0.6767828800418494,0.32321711995815067,0.32321711995815067,0.6767828800418494,market_only,development,2024,1,0.04646368266140116,-0.04646368266140111
148,2025-04-12 16:30:00,2024,27996,0,0,home_win,0,hist_gradient_boosting,4,Bayern Munich,Borussia Dortmund,,,,,,,,,,,,,,,,,0.548338687108569,0.45166131289143097,0.45166131289143097,0.548338687108569,market_only,development,2024,1,,
149,2025-04-13 13:30:00,2024,27995,0,0,home_win,0,hist_gradient_boosting,4,VfB Stuttgart,Werder Bremen,Bundesliga,29,29,0.5515226655862651,0.2245021674033502,0.2239751670103846,0.7760248329896153,0.4484773344137349,1.73,4.25,4.26,1.2886185563772827,2.2297670880229314,1.0480705837655424,closing,market_average_close,0.5087650383092109,0.49123496169078906,0.49123496169078906,0.5087650383092109,market_only,development,2024,1,-0.060287703895476,0.06028770389547605
150,2025-04-13 15:30:00,2024,27997,1,1,home_win,0,hist_gradient_boosting,4,Eintracht Frankfurt,FC Heidenheim,Bundesliga,29,29,0.5473308686018307,0.2357316117245508,0.2169375196736185,0.7830624803263815,0.4526691313981694,1.74,4.04,4.39,1.277037305609635,2.209119046645123,1.0500278289552307,closing,market_average_close,0.5062158482263093,0.4937841517736907,0.4937841517736907,0.5062158482263093,market_only,development,2024,0,-0.05354671682813994,0.053546716828139884
151,2025-04-19 13:30:00,2024,28003,0,0,home_win,1,hist_gradient_boosting,4,RasenBallsport Leipzig,Holstein Kiel,Bundesliga,30,30,0.656458325854631,0.190754423344532,0.152787250800837,0.847212749199163,0.343541674145369,1.45,4.99,6.23,1.180341066568298,2.910855000307333,1.0505696176767103,closing,market_average_close,0.40459339677447104,0.595406603225529,0.595406603225529,0.40459339677447104,market_only,development,2024,1,-0.06105172262910208,0.06105172262910202
151,2025-04-19 13:30:00,2024,28005,0,0,home_win,0,hist_gradient_boosting,4,FC Heidenheim,Bayern Munich,Bundesliga,30,30,0.0983052291439733,0.1500854992119467,0.75160927164408,0.2483907283559201,0.9016947708560268,9.71,6.36,1.27,4.025915164462562,1.1090227339908458,1.0476208909461389,closing,market_average_close,0.8917774284019513,0.10822257159804868,0.10822257159804868,0.8917774284019513,market_only,development,2024,1,0.009917342454075384,-0.009917342454075495
151,2025-04-19 13:30:00,2024,28006,1,1,home_win,0,hist_gradient_boosting,4,Werder Bremen,Bochum,Bundesliga,30,30,0.5988480030466035,0.2144523254153377,0.1866996715380587,0.8133003284619412,0.4011519969533965,1.59,4.44,5.1,1.229558091893474,2.4928206953838847,1.050234474207837,closing,market_average_close,0.5572325937525207,0.44276740624747934,0.44276740624747934,0.5572325937525207,market_only,development,2024,0,-0.15608059679912412,0.15608059679912417
151,2025-04-19 13:30:00,2024,28007,1,1,home_win,0,hist_gradient_boosting,4,Freiburg,Hoffenheim,Bundesliga,30,30,0.4996205943449673,0.2537966317018318,0.2465827739532009,0.7534172260467991,0.5003794056550327,1.91,3.76,3.87,1.327285819103218,1.9984835280959012,1.0479155890491318,closing,market_average_close,0.5192436068223352,0.4807563931776648,0.4807563931776648,0.5192436068223352,market_only,development,2024,0,-0.01886420116730253,0.018864201167302475
151,2025-04-19 13:30:00,2024,28009,0,0,home_win,0,hist_gradient_boosting,4,Mainz 05,Wolfsburg,Bundesliga,30,30,0.4728904821549403,0.2602830446738364,0.2668264731712232,0.7331735268287767,0.5271095178450597,2.02,3.67,3.58,1.3639335892627469,1.897138955274838,1.04685867792174,closing,market_average_close,0.501074179271519,0.49892582072848096,0.49892582072848096,0.501074179271519,market_only,development,2024,1,0.02603533857354068,-0.02603533857354068
152,2025-04-19 16:30:00,2024,28010,0,0,home_win,0,hist_gradient_boosting,4,Union Berlin,VfB Stuttgart,Bundesliga,30,30,0.3093051471021293,0.2760368609312608,0.4146579919666101,0.5853420080333902,0.6906948528978709,3.07,3.44,2.29,1.7084029273069976,1.4478173621888335,1.0531117961488294,closing,market_average_close,0.6823891791122246,0.31761082088777537,0.31761082088777537,0.6823891791122246,market_only,development,2024,1,0.008305673785646062,-0.008305673785646284
153,2025-04-20 13:30:00,2024,28008,0,0,home_win,0,hist_gradient_boosting,4,Augsburg,Eintracht Frankfurt,Bundesliga,30,30,0.3695331871922952,0.2812376468897114,0.3492291659179933,0.6507708340820066,0.6304668128077047,2.58,3.39,2.73,1.5366392401568283,1.5861263109895123,1.0488825162626356,closing,market_average_close,0.5348591854448168,0.46514081455518314,0.46514081455518314,0.5348591854448168,market_only,development,2024,1,0.09560762736288791,-0.09560762736288786
154,2025-04-20 15:30:00,2024,28004,1,1,home_win,0,hist_gradient_boosting,4,Borussia Dortmund,Borussia M.Gladbach,,,,,,,,,,,,,,,,,0.5495832628978956,0.45041673710210434,0.45041673710210434,0.5495832628978956,market_only,development,2024,0,,
155,2025-04-20 17:30:00,2024,28011,0,0,home_win,0,hist_gradient_boosting,4,St. Pauli,Bayer Leverkusen,Bundesliga,30,30,0.1924558250274269,0.2460260031278448,0.5615181718447281,0.4384818281552718,0.8075441749725729,4.96,3.88,1.7,2.280596220388608,1.2383223494045557,1.0475801561063405,closing,market_average_close,0.8859680784237989,0.11403192157620112,0.11403192157620112,0.8859680784237989,market_only,development,2024,1,-0.07842390345122577,0.07842390345122596
156,2025-04-25 18:30:00,2024,28013,0,0,home_win,1,hist_gradient_boosting,4,VfB Stuttgart,FC Heidenheim,Bundesliga,31,31,0.65144685935121,0.1949000849698292,0.1536530556789607,0.8463469443210393,0.3485531406487899,1.46,4.88,6.19,1.1815485442583185,2.8690029822672654,1.0514004281660871,closing,market_average_close,0.43575074901800914,0.5642492509819909,0.5642492509819909,0.43575074901800914,market_only,development,2024,1,-0.08719760836921919,0.08719760836921925
157,2025-04-26 13:30:00,2024,28012,1,1,home_win,0,hist_gradient_boosting,4,Bayer Leverkusen,Augsburg,Bundesliga,31,31,0.6434609032052925,0.2039233697524267,0.1526157270422808,0.8473842729577192,0.3565390967947076,1.48,4.67,6.24,1.1801021471753177,2.804741496767161,1.0500648482447197,closing,market_average_close,0.5134607768792334,0.4865392231207666,0.4865392231207666,0.5134607768792334,market_only,development,2024,0,-0.1569216800845259,0.15692168008452584
157,2025-04-26 13:30:00,2024,28014,1,1,home_win,1,hist_gradient_boosting,4,Bayern Munich,Mainz 05,Bundesliga,31,31,0.7731743779697008,0.1354707243451185,0.0913548976851807,0.9086451023148192,0.2268256220302993,1.23,7.02,10.41,1.1005396908566936,4.40867301960455,1.051519751878225,closing,market_average_close,0.10023497978195894,0.8997650202180411,0.8997650202180411,0.10023497978195894,market_only,development,2024,0,0.12659064224834027,-0.12659064224834035
157,2025-04-26 13:30:00,2024,28016,0,0,home_win,0,hist_gradient_boosting,4,Hoffenheim,Borussia Dortmund,,,,,,,,,,,,,,,,,0.547010908636147,0.452989091363853,0.452989091363853,0.547010908636147,market_only,development,2024,1,,
157,2025-04-26 13:30:00,2024,28018,0,0,home_win,0,hist_gradient_boosting,4,Wolfsburg,Freiburg,Bundesliga,31,31,0.4039893844705076,0.2626487458265559,0.3333618697029363,0.6666381302970634,0.5960106155294922,2.36,3.63,2.86,1.5000642095800698,1.6778224648089632,1.0488612568735838,closing,market_average_close,0.5244313168700593,0.4755686831299407,0.4755686831299407,0.5244313168700593,market_only,development,2024,1,0.07157929865943313,-0.07157929865943291
157,2025-04-26 13:30:00,2024,28020,1,1,home_win,0,hist_gradient_boosting,4,Holstein Kiel,Borussia M.Gladbach,Bundesliga,31,31,0.3764964611500875,0.2556954575725193,0.3678080812773932,0.6321919187226068,0.6235035388499125,2.54,3.74,2.6,1.581798138167565,1.6038401351250653,1.0456958511613443,closing,market_average_close,0.6551805672888109,0.34481943271118903,0.34481943271118903,0.6551805672888109,market_only,development,2024,0,-0.03167702843889847,0.031677028438898414
158,2025-04-26 16:30:00,2024,28015,1,1,home_win,0,hist_gradient_boosting,4,Eintracht Frankfurt,RasenBallsport Leipzig,Bundesliga,31,31,0.4726622930155273,0.2423293989571993,0.2850083080272732,0.7149916919727266,0.5273377069844725,2.02,3.94,3.35,1.3986176500050087,1.8963180268644155,1.047364074236047,closing,market_average_close,0.5406367129917111,0.4593632870082889,0.4593632870082889,0.5406367129917111,market_only,development,2024,0,-0.013299006007238434,0.013299006007238656
159,2025-04-27 13:30:00,2024,28019,0,0,home_win,0,hist_gradient_boosting,4,Bochum,Union Berlin,Bundesliga,31,31,0.4027598136536079,0.2832465158335462,0.3139936705128457,0.6860063294871542,0.597240186346392,2.37,3.37,3.04,1.457712497707684,1.674368240552407,1.0476242017356052,closing,market_average_close,0.5325246283775635,0.4674753716224365,0.4674753716224365,0.5325246283775635,market_only,development,2024,1,0.06471555796882861,-0.06471555796882844
160,2025-04-27 15:30:00,2024,28017,0,0,home_win,0,hist_gradient_boosting,4,Werder Bremen,St. Pauli,Bundesliga,31,31,0.4785477956332065,0.2675028408174385,0.253949363549355,0.7460506364506451,0.5214522043667935,1.99,3.56,3.75,1.3403915915915916,1.9177213014456689,1.050078105885231,closing,market_average_close,0.5887581936137012,0.4112418063862988,0.4112418063862988,0.5887581936137012,market_only,development,2024,1,-0.06730598924690767,0.06730598924690767
161,2025-05-02 18:30:00,2024,28023,0,0,home_win,0,hist_gradient_boosting,4,FC Heidenheim,Bochum,Bundesliga,32,32,0.403277548633828,0.2815784067384124,0.3151440446277596,0.6848559553722404,0.5967224513661721,2.36,3.38,3.02,1.4601610632946442,1.675820974576271,1.050712629539572,closing,market_average_close,0.6723086224435824,0.3276913775564176,0.3276913775564176,0.6723086224435824,market_only,development,2024,1,-0.07558617107741039,0.07558617107741028
162,2025-05-03 13:30:00,2024,28021,0,0,home_win,0,hist_gradient_boosting,4,RasenBallsport Leipzig,Bayern Munich,Bundesliga,32,32,0.2314353470991232,0.2109543429310592,0.5576103099698174,0.4423896900301826,0.7685646529008767,4.12,4.52,1.71,2.2604505089885203,1.3011267122753978,1.048752706292466,closing,market_average_close,0.8662823459268012,0.13371765407319874,0.13371765407319874,0.8662823459268012,market_only,development,2024,1,-0.09771769302592445,0.09771769302592448
162,2025-05-03 13:30:00,2024,28027,0,0,home_win,0,hist_gradient_boosting,4,Borussia M.Gladbach,Hoffenheim,Bundesliga,32,32,0.4223103970124306,0.2416256955058463,0.336063907481723,0.663936092518277,0.5776896029875693,2.26,3.95,2.84,1.5061690594452384,1.731033404147171,1.047755109124558,closing,market_average_close,0.5394029067246591,0.46059709327534093,0.46059709327534093,0.5394029067246591,market_only,development,2024,1,0.038286696262910314,-0.03828669626291026
162,2025-05-03 13:30:00,2024,28028,0,0,home_win,0,hist_gradient_boosting,4,Union Berlin,Werder Bremen,Bundesliga,32,32,0.3055516710949517,0.2763249895119564,0.4181233393930919,0.5818766606069081,0.6944483289050483,3.12,3.45,2.28,1.7185772650805096,1.4399919452275474,1.0489643842046588,closing,market_average_close,0.5887110205929289,0.41128897940707115,0.41128897940707115,0.5887110205929289,market_only,development,2024,1,0.10573730831211947,-0.10573730831211936
162,2025-05-03 13:30:00,2024,28029,0,0,home_win,0,hist_gradient_boosting,4,St. Pauli,VfB Stuttgart,Bundesliga,32,32,0.3421893790746249,0.2759272738780935,0.3818833470472814,0.6181166529527184,0.6578106209253749,2.79,3.46,2.5,1.6178176000000002,1.5201943662649446,1.047440280108563,closing,market_average_close,0.8135114829760528,0.18648851702394714,0.18648851702394714,0.8135114829760528,market_only,development,2024,1,-0.15570086205067774,0.1557008620506779
163,2025-05-03 16:30:00,2024,28022,1,1,home_win,0,hist_gradient_boosting,4,Borussia Dortmund,Wolfsburg,,,,,,,,,,,,,,,,,0.5550941570167465,0.4449058429832536,0.4449058429832536,0.5550941570167465,market_only,development,2024,0,,
164,2025-05-04 13:30:00,2024,28025,0,0,home_win,0,hist_gradient_boosting,4,Augsburg,Holstein Kiel,Bundesliga,32,32,0.5349978177137924,0.2398730769598363,0.2251291053263712,0.7748708946736288,0.4650021822862076,1.78,3.97,4.23,1.2905375680953848,2.150527541792272,1.050093540960075,closing,market_average_close,0.5667544542430858,0.43324554575691426,0.43324554575691426,0.5667544542430858,market_only,development,2024,1,-0.10175227195687814,0.10175227195687819
165,2025-05-04 15:30:00,2024,28024,0,0,home_win,0,hist_gradient_boosting,4,Freiburg,Bayer Leverkusen,Bundesliga,32,32,0.3037133090613335,0.2686365606908696,0.4276501302477969,0.5723498697522031,0.6962866909386666,3.14,3.55,2.23,1.7471830655486067,1.4361900249046788,1.0485919716982308,closing,market_average_close,0.7462348916697303,0.2537651083302697,0.2537651083302697,0.7462348916697303,market_only,development,2024,1,-0.04994820073106376,0.04994820073106376
166,2025-05-04 17:30:00,2024,28026,0,0,home_win,0,hist_gradient_boosting,4,Mainz 05,Eintracht Frankfurt,Bundesliga,32,32,0.4041655968691891,0.2634891736495265,0.3323452294812843,0.6676547705187157,0.5958344031308109,2.36,3.62,2.87,1.4977800566347754,1.6783186649604347,1.0484039632311029,closing,market_average_close,0.5586679300721213,0.4413320699278786,0.4413320699278786,0.5586679300721213,market_only,development,2024,1,0.037166473058689475,-0.037166473058689586
167,2025-05-09 18:30:00,2024,28035,0,0,home_win,0,hist_gradient_boosting,4,Wolfsburg,Hoffenheim,Bundesliga,33,33,0.3456226040592344,0.2652007238903267,0.3891766720504387,0.6108233279495612,0.6543773959407655,2.77,3.61,2.46,1.6371345923490583,1.5281701449396037,1.0445232056148677,closing,market_average_close,0.8781143713555892,0.12188562864441081,0.12188562864441081,0.8781143713555892,market_only,development,2024,1,-0.22373697541482357,0.22373697541482374
168,2025-05-10 13:30:00,2024,28034,0,0,home_win,0,hist_gradient_boosting,4,Werder Bremen,RasenBallsport Leipzig,Bundesliga,33,33,0.4839468493208484,0.2348215007788354,0.281231649900316,0.7187683500996839,0.5160531506791515,1.97,4.06,3.39,1.3912688279350545,1.9377848942186489,1.0489048826546443,closing,market_average_close,0.5511126149831576,0.4488873850168425,0.4488873850168425,0.5511126149831576,market_only,development,2024,1,-0.035059464304005916,0.03505946430400608
168,2025-05-10 13:30:00,2024,28036,0,0,home_win,0,hist_gradient_boosting,4,Union Berlin,FC Heidenheim,Bundesliga,33,33,0.4711734248647391,0.2673512129850486,0.2614753621502123,0.7385246378497877,0.528826575135261,2.02,3.56,3.64,1.3540509669541927,1.890979097909791,1.050673656080264,closing,market_average_close,0.6985376584912302,0.3014623415087699,0.3014623415087699,0.6985376584912302,market_only,development,2024,1,-0.16971108335596924,0.16971108335596918
168,2025-05-10 13:30:00,2024,28037,0,0,home_win,0,hist_gradient_boosting,4,Bochum,Mainz 05,Bundesliga,33,33,0.3102831359870378,0.2487125920313853,0.4410042719815768,0.5589957280184232,0.6897168640129622,3.07,3.83,2.16,1.788922436929683,1.4498703050143291,1.0497924677298895,closing,market_average_close,0.7065591834119687,0.29344081658803134,0.29344081658803134,0.7065591834119687,market_only,development,2024,1,-0.016842319399006433,0.01684231939900649
168,2025-05-10 13:30:00,2024,28038,0,0,home_win,0,hist_gradient_boosting,4,Holstein Kiel,Freiburg,Bundesliga,33,33,0.2777049886315113,0.2553694667576632,0.4669255446108253,0.5330744553891745,0.7222950113684886,3.43,3.73,2.04,1.875910559754628,1.3844758502559231,1.049837782681054,closing,market_average_close,0.7007026150951581,0.2992973849048419,0.2992973849048419,0.7007026150951581,market_only,development,2024,1,0.02159239627333065,-0.02159239627333054
169,2025-05-10 16:30:00,2024,28032,1,1,home_win,1,hist_gradient_boosting,4,Bayern Munich,Borussia M.Gladbach,Bundesliga,33,33,0.8383209073059548,0.0982205379577377,0.0634585547363073,0.9365414452636924,0.1616790926940451,1.14,9.73,15.06,1.067758405201641,6.185091611643066,1.046368967791947,closing,market_average_close,0.08812547619825473,0.9118745238017453,0.9118745238017453,0.08812547619825473,market_only,development,2024,0,0.07355361649579051,-0.07355361649579037
170,2025-05-11 13:30:00,2024,28030,0,0,home_win,0,hist_gradient_boosting,4,Bayer Leverkusen,Borussia Dortmund,,,,,,,,,,,,,,,,,0.5477788125163093,0.45222118748369067,0.45222118748369067,0.5477788125163093,market_only,development,2024,1,,
171,2025-05-11 15:30:00,2024,28033,0,0,home_win,0,hist_gradient_boosting,4,Eintracht Frankfurt,St. Pauli,Bundesliga,33,33,0.6100333137370174,0.2218302959043699,0.1681363903586125,0.8318636096413874,0.3899666862629826,1.56,4.29,5.66,1.2021201413427562,2.564321608040201,1.050804319355556,closing,market_average_close,0.7179266796775261,0.2820733203224739,0.2820733203224739,0.7179266796775261,market_only,development,2024,1,-0.3279599934145435,0.3279599934145435
172,2025-05-11 17:30:00,2024,28031,1,1,home_win,0,hist_gradient_boosting,4,VfB Stuttgart,Augsburg,Bundesliga,33,33,0.6214804340340107,0.2062614021848234,0.172258163781166,0.8277418362188341,0.3785195659659894,1.53,4.61,5.52,1.2081061464381817,2.6418713586125464,1.0516739312279977,closing,market_average_close,0.7608354735498173,0.23916452645018274,0.23916452645018274,0.7608354735498173,market_only,development,2024,0,-0.38231590758382794,0.3823159075838279
173,2025-05-17 13:30:00,2024,28039,0,0,home_win,0,hist_gradient_boosting,4,RasenBallsport Leipzig,VfB Stuttgart,Bundesliga,34,34,0.4991230421109411,0.2196601406525109,0.2812168172365479,0.7187831827634521,0.500876957889059,1.91,4.34,3.39,1.3912401179941003,1.9964983101129072,1.0489602067053256,closing,market_average_close,0.5184800191489988,0.48151998085100123,0.48151998085100123,0.5184800191489988,market_only,development,2024,1,-0.01760306125993988,0.017603061259939823
173,2025-05-17 13:30:00,2024,28040,1,1,home_win,0,hist_gradient_boosting,4,Borussia Dortmund,Holstein Kiel,,,,,,,,,,,,,,,,,0.5602357752427674,0.43976422475723265,0.43976422475723265,0.5602357752427674,market_only,development,2024,0,,
173,2025-05-17 13:30:00,2024,28041,0,0,home_win,0,hist_gradient_boosting,4,Hoffenheim,Bayern Munich,Bundesliga,34,34,0.2128743124872682,0.2091396754260881,0.5779860120866436,0.4220139879133564,0.7871256875127317,4.48,4.56,1.65,2.369589702333065,1.2704451345755694,1.0485731373889269,closing,market_average_close,0.8864238051443748,0.1135761948556252,0.1135761948556252,0.8864238051443748,market_only,development,2024,1,-0.09929811763164301,0.09929811763164309
173,2025-05-17 13:30:00,2024,28042,0,0,home_win,0,hist_gradient_boosting,4,FC Heidenheim,Werder Bremen,Bundesliga,34,34,0.3650619024745494,0.2507398856469932,0.3841982118784573,0.6158017881215426,0.6349380975254505,2.61,3.8,2.48,1.6238991495143678,1.5749566830173023,1.0495254636405624,closing,market_average_close,0.6849064212281638,0.3150935787718362,0.3150935787718362,0.6849064212281638,market_only,development,2024,1,-0.0499683237027132,0.04996832370271331
173,2025-05-17 13:30:00,2024,28043,0,0,home_win,0,hist_gradient_boosting,4,Freiburg,Eintracht Frankfurt,Bundesliga,34,34,0.4070175438596491,0.2645614035087719,0.328421052631579,0.671578947368421,0.5929824561403509,2.34,3.6,2.9,1.4890282131661443,1.6863905325443784,1.0499557913351016,closing,market_average_close,0.6034611423664433,0.3965388576335566,0.3965388576335566,0.6034611423664433,market_only,development,2024,1,-0.010478686226092493,0.010478686226092382
173,2025-05-17 13:30:00,2024,28044,0,0,home_win,0,hist_gradient_boosting,4,Augsburg,Union Berlin,Bundesliga,34,34,0.5068973453004644,0.2589584264034981,0.2341442282960376,0.7658557717039625,0.4931026546995357,1.88,3.68,4.07,1.3057288812684495,2.027975291695264,1.0493542697520497,closing,market_average_close,0.5052873690524046,0.49471263094759543,0.49471263094759543,0.5052873690524046,market_only,development,2024,1,-0.012184714352868942,0.012184714352868886
173,2025-05-17 13:30:00,2024,28045,0,0,home_win,0,hist_gradient_boosting,4,Mainz 05,Bayer Leverkusen,Bundesliga,34,34,0.3912438979175678,0.252548971142557,0.3562071309398751,0.6437928690601249,0.6087561020824321,2.44,3.78,2.68,1.553294620146854,1.642694005988936,1.047520658482244,closing,market_average_close,0.5492760797168574,0.4507239202831426,0.4507239202831426,0.5492760797168574,market_only,development,2024,1,0.059480022365574814,-0.0594800223655747
173,2025-05-17 13:30:00,2024,28046,0,0,home_win,0,hist_gradient_boosting,4,Borussia M.Gladbach,Wolfsburg,Bundesliga,34,34,0.4177644920460861,0.2346066605579005,0.3476288473960132,0.6523711526039867,0.5822355079539139,2.28,4.06,2.74,1.5328697414170256,1.717518059855521,1.0498654135969172,closing,market_average_close,0.5753901085353978,0.4246098914646022,0.4246098914646022,0.5753901085353978,market_only,development,2024,1,0.006845399418516085,-0.006845399418516029
173,2025-05-17 13:30:00,2024,28047,0,0,home_win,1,hist_gradient_boosting,4,St. Pauli,Bochum,Bundesliga,34,34,0.5481379615190992,0.2360792210503051,0.2157828174305956,0.7842171825694043,0.4518620384809007,1.74,4.04,4.42,1.2751569619064025,2.2130648623678706,1.0484817400448112,closing,market_average_close,0.43687147480948274,0.5631285251905173,0.5631285251905173,0.43687147480948274,market_only,development,2024,1,0.014990563671418045,-0.014990563671417934
1,2025-08-22 18:30:00,2025,30224,1,1,home_win,1,hist_gradient_boosting,4,Bayern Munich,RasenBallsport Leipzig,,1,1,0.7687353335989047,0.1354648223963686,0.0957998440047267,0.9042001559952731,0.2312646664010953,1.23,6.98,9.87,1.1059498202577478,4.324050083230802,1.0575917283197185,closing,market_average_close,0.11576559626062666,0.8842344037393733,0.8842344037393733,0.11576559626062666,market_only,test,2025,0,0.11549907014046867,-0.11549907014046865
2,2025-08-23 13:30:00,2025,30225,0,0,home_win,0,hist_gradient_boosting,4,FC Heidenheim,Wolfsburg,,1,1,0.3440385648909663,0.2788951679885348,0.377066267120499,0.622933732879501,0.6559614351090339,2.74,3.38,2.5,1.6053071895424835,1.5244798649386757,1.0608214918153154,closing,market_average_close,0.9273565659044455,0.0726434340955545,0.0726434340955545,0.9273565659044455,market_only,test,2025,1,-0.2713951307954118,0.27139513079541155
2,2025-08-23 13:30:00,2025,30226,0,0,home_win,0,hist_gradient_boosting,4,Bayer Leverkusen,Hoffenheim,,1,1,0.5508579371315692,0.2269800174686706,0.2221620453997602,0.7778379546002399,0.4491420628684308,1.71,4.15,4.24,1.285614817438341,2.226467041660568,1.0616082336628871,closing,market_average_close,0.7091347180953338,0.29086528190466615,0.29086528190466615,0.7091347180953338,market_only,test,2025,1,-0.259992655226903,0.259992655226903
2,2025-08-23 13:30:00,2025,30227,1,1,home_win,0,hist_gradient_boosting,4,Union Berlin,VfB Stuttgart,,1,1,0.2410855572754884,0.2493768595098306,0.5095375832146809,0.4904624167853191,0.7589144427245116,3.91,3.78,1.85,2.038892208203001,1.3176715894481972,1.0608452807941298,closing,market_average_close,0.9014334836547356,0.09856651634526432,0.09856651634526432,0.9014334836547356,market_only,test,2025,0,-0.14251904093022405,0.14251904093022405
2,2025-08-23 13:30:00,2025,30228,1,1,home_win,0,hist_gradient_boosting,4,Eintracht Frankfurt,Werder Bremen,,1,1,0.6149923586738651,0.2067996283013216,0.1782080130248131,0.8217919869751869,0.3850076413261348,1.53,4.55,5.28,1.2168529455741626,2.597351046217063,1.0627689304159893,closing,market_average_close,0.656811136296408,0.34318886370359203,0.34318886370359203,0.656811136296408,market_only,test,2025,0,-0.2718034949702731,0.2718034949702732
2,2025-08-23 13:30:00,2025,30229,0,0,home_win,0,hist_gradient_boosting,4,Freiburg,Augsburg,,1,1,0.4880783800685753,0.2691403638663858,0.2427812560650387,0.7572187439349611,0.5119216199314246,1.93,3.5,3.88,1.3206223538569613,1.953424042012441,1.0615809595030792,closing,market_average_close,0.7417021838937776,0.2582978161062224,0.2582978161062224,0.7417021838937776,market_only,test,2025,1,-0.2297805639623529,0.22978056396235302
3,2025-08-23 16:30:00,2025,30230,0,0,home_win,0,hist_gradient_boosting,4,St. Pauli,Borussia Dortmund,,,,,,,,,,,,,,,,,0.5495964967309374,0.45040350326906264,0.45040350326906264,0.5495964967309374,market_only,test,2025,1,,
4,2025-08-24 13:30:00,2025,30231,0,0,home_win,0,hist_gradient_boosting,4,Mainz 05,FC Cologne,,1,1,0.4833968426782798,0.2618399564507349,0.2547632008709852,0.7452367991290147,0.5166031573217202,1.95,3.6,3.7,1.3418553688823958,1.935721812434141,1.0608685608685609,closing,market_average_close,0.7824237360335937,0.21757626396640622,0.21757626396640622,0.7824237360335937,market_only,test,2025,1,-0.2658205787118736,0.2658205787118735
5,2025-08-24 15:30:00,2025,30232,0,0,home_win,0,hist_gradient_boosting,4,Borussia M.Gladbach,Hamburger SV,,1,1,0.4984596817734303,0.2434337980753961,0.2581065201511734,0.7418934798488266,0.5015403182265696,1.89,3.87,3.65,1.3479023972602735,1.993857649442756,1.0614710646567926,closing,market_average_close,0.789690068953455,0.2103099310465451,0.2103099310465451,0.789690068953455,market_only,test,2025,1,-0.2881497507268852,0.2881497507268853
6,2025-08-29 18:30:00,2025,30233,0,0,home_win,0,hist_gradient_boosting,4,Hamburger SV,St. Pauli,,2,2,0.389655790605952,0.292846898529939,0.317497310864109,0.6825026891358911,0.6103442093940481,2.42,3.22,2.97,1.4651956921460465,1.6384197385812893,1.0604824834073845,closing,market_average_close,0.8264970912420234,0.17350290875797658,0.17350290875797658,0.8264970912420234,market_only,test,2025,1,-0.21615288184797543,0.21615288184797532
7,2025-08-30 13:30:00,2025,30234,0,0,home_win,0,hist_gradient_boosting,4,Hoffenheim,Eintracht Frankfurt,,2,2,0.3575809038588545,0.2490801018964052,0.39333899424474,0.6066610057552598,0.6424190961411453,2.64,3.79,2.4,1.6483670295489894,1.5566162432075197,1.059306788198609,closing,market_average_close,0.8163732308468752,0.18362676915312479,0.18362676915312479,0.8163732308468752,market_only,test,2025,1,-0.1739541347057297,0.17395413470572985
7,2025-08-30 13:30:00,2025,30235,1,1,home_win,0,hist_gradient_boosting,4,RasenBallsport Leipzig,FC Heidenheim,,2,2,0.6435806447227094,0.1938654810947505,0.16255387418254,0.8374461258174599,0.3564193552772906,1.47,4.88,5.82,1.1941066645019889,2.805683768834637,1.057011447472347,closing,market_average_close,0.5275516881105631,0.47244831188943687,0.47244831188943687,0.5275516881105631,market_only,test,2025,0,-0.1711323328332725,0.1711323328332725
7,2025-08-30 13:30:00,2025,30236,0,0,home_win,0,hist_gradient_boosting,4,Werder Bremen,Bayer Leverkusen,,2,2,0.2665641419966679,0.2419582211969755,0.4914776368063566,0.5085223631936435,0.7334358580033321,3.54,3.9,1.92,1.9664818548387093,1.3634457452385111,1.0597294654498044,closing,market_average_close,0.8053132031241723,0.1946867968758277,0.1946867968758277,0.8053132031241723,market_only,test,2025,1,-0.07187734512084018,0.07187734512084021
7,2025-08-30 13:30:00,2025,30237,1,1,home_win,0,hist_gradient_boosting,4,VfB Stuttgart,Borussia M.Gladbach,,2,2,0.601519645469547,0.2057485497575574,0.1927318047728956,0.8072681952271044,0.3984803545304531,1.57,4.59,4.9,1.238745693082428,2.509534004953253,1.0588892315595737,closing,market_average_close,0.7597542907230398,0.24024570927696018,0.24024570927696018,0.7597542907230398,market_only,test,2025,0,-0.36127393619258674,0.3612739361925867
8,2025-08-30 16:30:00,2025,30238,0,0,home_win,0,hist_gradient_boosting,4,Augsburg,Bayern Munich,,2,2,0.1013950095979545,0.1595304282544546,0.7390745621475907,0.2609254378524092,0.8986049904020454,9.33,5.93,1.28,3.83251249180865,1.112836018807985,1.0570652002009873,closing,market_average_close,0.9185857895573138,0.08141421044268617,0.08141421044268617,0.9185857895573138,market_only,test,2025,1,-0.019980799155268333,0.019980799155268403
9,2025-08-31 13:30:00,2025,30239,0,0,home_win,0,hist_gradient_boosting,4,Wolfsburg,Mainz 05,,2,2,0.440767271138807,0.2672073541748008,0.2920253746863923,0.7079746253136079,0.5592327288611931,2.14,3.53,3.23,1.4124800017472874,1.788164297959409,1.0601733618261524,closing,market_average_close,0.802307787902673,0.19769221209732699,0.19769221209732699,0.802307787902673,market_only,test,2025,1,-0.24307505904148,0.24307505904147986
10,2025-08-31 15:30:00,2025,30240,1,1,home_win,0,hist_gradient_boosting,4,Borussia Dortmund,Union Berlin,,,,,,,,,,,,,,,,,0.5544240625974389,0.4455759374025611,0.4455759374025611,0.5544240625974389,market_only,test,2025,0,,
11,2025-08-31 17:30:00,2025,30241,1,1,home_win,0,hist_gradient_boosting,4,FC Cologne,Freiburg,,2,2,0.371126711213524,0.2836708699003672,0.3452024188861086,0.6547975811138913,0.6288732887864759,2.53,3.31,2.72,1.527189514504432,1.5901454519235183,1.0650187794449546,closing,market_average_close,0.829185871074467,0.17081412892553308,0.17081412892553308,0.829185871074467,market_only,test,2025,0,-0.2003125822879909,0.2003125822879911
12,2025-09-12 18:30:00,2025,30242,1,1,home_win,0,hist_gradient_boosting,4,Bayer Leverkusen,Eintracht Frankfurt,,3,3,0.444996483933103,0.2536001467575748,0.3014033693093222,0.6985966306906779,0.5550035160668971,2.12,3.72,3.13,1.4314412009278303,1.8017903869990357,1.060004135399996,closing,market_average_close,0.8022994643474928,0.19770053565250725,0.19770053565250725,0.8022994643474928,market_only,test,2025,0,-0.24729594828059573,0.24729594828059565
13,2025-09-13 13:30:00,2025,30243,1,1,home_win,0,hist_gradient_boosting,4,Freiburg,VfB Stuttgart,,3,3,0.3602712835282948,0.2666414584305459,0.3730872580411591,0.6269127419588407,0.639728716471705,2.62,3.54,2.53,1.5951183204147634,1.563162594162255,1.0594221820152394,closing,market_average_close,0.8393410838800598,0.16065891611994024,0.16065891611994024,0.8393410838800598,market_only,test,2025,0,-0.19961236740835456,0.19961236740835475
13,2025-09-13 13:30:00,2025,30244,0,0,home_win,0,hist_gradient_boosting,4,FC Heidenheim,Borussia Dortmund,,,,,,,,,,,,,,,,,0.5472256616738149,0.45277433832618513,0.45277433832618513,0.5472256616738149,market_only,test,2025,1,,
13,2025-09-13 13:30:00,2025,30245,0,0,home_win,0,hist_gradient_boosting,4,Mainz 05,RasenBallsport Leipzig,,3,3,0.4069510965465087,0.2558608520292412,0.33718805142425,0.66281194857575,0.5930489034534914,2.32,3.69,2.8,1.5087235559781316,1.6862015833377608,1.0591800499285782,closing,market_average_close,0.7529381525590366,0.24706184744096343,0.24706184744096343,0.7529381525590366,market_only,test,2025,1,-0.15988924910554525,0.15988924910554525
13,2025-09-13 13:30:00,2025,30246,0,0,home_win,0,hist_gradient_boosting,4,Wolfsburg,FC Cologne,,3,3,0.49099859755574,0.2582787143306906,0.2507226881135693,0.7492773118864307,0.50900140244426,1.92,3.65,3.76,1.3346193513885174,1.9646311291048133,1.06076338288157,closing,market_average_close,0.7223205178985992,0.27767948210140075,0.27767948210140075,0.7223205178985992,market_only,test,2025,1,-0.21331911545433924,0.21331911545433924
13,2025-09-13 13:30:00,2025,30247,0,0,home_win,0,hist_gradient_boosting,4,Union Berlin,Hoffenheim,,3,3,0.344082000926656,0.2772896125114816,0.3786283865618624,0.6213716134381376,0.6559179990733439,2.74,3.4,2.49,1.609342909095666,1.524580818658372,1.0606875764112698,closing,market_average_close,0.9006041984890893,0.09939580151091071,0.09939580151091071,0.9006041984890893,market_only,test,2025,1,-0.24468619941574526,0.24468619941574543
14,2025-09-13 16:30:00,2025,30248,1,1,home_win,1,hist_gradient_boosting,4,Bayern Munich,Hamburger SV,,3,3,0.8867317367186944,0.0753616329061956,0.0379066303751099,0.96209336962489,0.1132682632813056,1.07,12.59,25.03,1.0394001575854217,8.828598329582096,1.0539596143369132,closing,market_average_close,0.1100671735087374,0.8899328264912626,0.8899328264912626,0.1100671735087374,market_only,test,2025,0,0.0032010897725681664,-0.003201089772568194
15,2025-09-14 13:30:00,2025,30249,1,1,home_win,0,hist_gradient_boosting,4,St. Pauli,Augsburg,,3,3,0.4461749867796858,0.2793558522567172,0.2744691609635968,0.725530839036403,0.553825013220314,2.11,3.37,3.43,1.3783011640526912,1.805624477279064,1.0622147438379832,closing,market_average_close,0.7199004519196086,0.28009954808039134,0.28009954808039134,0.7199004519196086,market_only,test,2025,0,-0.16607543869929448,0.16607543869929464
16,2025-09-14 15:30:00,2025,30250,0,0,home_win,0,hist_gradient_boosting,4,Borussia M.Gladbach,Werder Bremen,,3,3,0.4517425013999391,0.2427099814719467,0.3055475171281142,0.6944524828718859,0.5482574986000609,2.09,3.89,3.09,1.4399833317097983,1.823960461194664,1.0591629037311467,closing,market_average_close,0.639461722056845,0.36053827794315496,0.36053827794315496,0.639461722056845,market_only,test,2025,1,-0.09120422345678414,0.09120422345678414
17,2025-09-19 18:30:00,2025,30251,1,1,home_win,0,hist_gradient_boosting,4,VfB Stuttgart,St. Pauli,,4,4,0.516278656112962,0.2421719469395853,0.2415493969474526,0.7584506030525473,0.4837213438870379,1.82,3.88,3.89,1.3184774275019169,2.0673059244487817,1.064251916953796,closing,market_average_close,0.7059704492217329,0.29402955077826703,0.29402955077826703,0.7059704492217329,market_only,test,2025,0,-0.22224910533469494,0.222249105334695
18,2025-09-20 13:30:00,2025,30252,0,0,home_win,0,hist_gradient_boosting,4,Werder Bremen,Freiburg,,4,4,0.3972876379345615,0.265231465325327,0.3374808967401114,0.6625191032598885,0.6027123620654384,2.37,3.55,2.79,1.509390438825923,1.659166234077387,1.062054008183213,closing,market_average_close,0.686800158498516,0.313199841501484,0.313199841501484,0.686800158498516,market_only,test,2025,1,-0.08408779643307751,0.08408779643307751
18,2025-09-20 13:30:00,2025,30253,0,0,home_win,0,hist_gradient_boosting,4,Augsburg,Mainz 05,,4,4,0.3618220837324344,0.2721485990033584,0.3660293172642069,0.6339706827357929,0.6381779162675654,2.61,3.47,2.58,1.5773600061199513,1.5669611475254113,1.0589230997172594,closing,market_average_close,0.6919194957419252,0.30808050425807476,0.30808050425807476,0.6919194957419252,market_only,test,2025,1,-0.053741579474359646,0.05374157947435987
18,2025-09-20 13:30:00,2025,30254,1,1,home_win,0,hist_gradient_boosting,4,Hamburger SV,FC Heidenheim,,4,4,0.5322566384721935,0.2434352067430962,0.2243081547847101,0.7756918452152898,0.4677433615278064,1.77,3.87,4.2,1.2891717325227965,2.1379245164135847,1.061464922324205,closing,market_average_close,0.5029415224912414,0.49705847750875864,0.49705847750875864,0.5029415224912414,market_only,test,2025,0,-0.035198160963434866,0.03519816096343498
18,2025-09-20 13:30:00,2025,30255,0,0,home_win,0,hist_gradient_boosting,4,Hoffenheim,Bayern Munich,,4,4,0.1352319120033969,0.1757763027530187,0.6889917852435844,0.3110082147564156,0.8647680879966031,6.98,5.37,1.37,3.215349153343775,1.1563793968353837,1.0594132222363342,closing,market_average_close,0.8420844830628104,0.1579155169371896,0.1579155169371896,0.8420844830628104,market_only,test,2025,1,0.022683604933792706,-0.022683604933792734
19,2025-09-20 16:30:00,2025,30256,1,1,home_win,0,hist_gradient_boosting,4,RasenBallsport Leipzig,FC Cologne,,4,4,0.5063728517210516,0.2348761855863232,0.2587509626926252,0.7412490373073748,0.4936271482789485,1.86,4.01,3.64,1.3490742647471778,2.025820507414435,1.0617362419309164,closing,market_average_close,0.6315066218038996,0.3684933781961004,0.3684933781961004,0.6315066218038996,market_only,test,2025,0,-0.13787947352495122,0.1378794735249511
20,2025-09-21 13:30:00,2025,30257,0,0,home_win,1,hist_gradient_boosting,4,Eintracht Frankfurt,Union Berlin,,4,4,0.5821543490474489,0.2261606823637571,0.1916849685887941,0.808315031411206,0.4178456509525513,1.62,4.17,4.92,1.2371414128649056,2.3932282117100594,1.0603441366148272,closing,market_average_close,0.45189901853050785,0.5481009814694922,0.5481009814694922,0.45189901853050785,market_only,test,2025,1,-0.03405336757795674,0.03405336757795657
21,2025-09-21 15:30:00,2025,30258,0,0,home_win,1,hist_gradient_boosting,4,Bayer Leverkusen,Borussia M.Gladbach,,4,4,0.6240670023625761,0.2117620614758404,0.1641709361615835,0.8358290638384165,0.3759329976374239,1.51,4.45,5.74,1.1964168790777072,2.6600484828003044,1.061186784627299,closing,market_average_close,0.32338611101248116,0.6766138889875188,0.6766138889875188,0.32338611101248116,market_only,test,2025,1,0.05254688662494278,-0.052546886624942724
22,2025-09-21 17:30:00,2025,30259,1,1,home_win,0,hist_gradient_boosting,4,Borussia Dortmund,Wolfsburg,,,,,,,,,,,,,,,,,0.5469342055574227,0.45306579444257733,0.45306579444257733,0.5469342055574227,market_only,test,2025,0,,
23,2025-09-26 18:30:00,2025,30260,1,1,home_win,1,hist_gradient_boosting,4,Bayern Munich,Werder Bremen,,5,5,0.8586108162591763,0.0897786975175945,0.0516104862232291,0.9483895137767708,0.1413891837408236,1.1,10.52,18.3,1.0544190814781371,7.072676802725379,1.0587927520546108,closing,market_average_close,0.13418141142923667,0.8658185885707633,0.8658185885707633,0.13418141142923667,market_only,test,2025,0,0.00720777231158698,-0.007207772311586924
24,2025-09-27 13:30:00,2025,30261,1,1,home_win,0,hist_gradient_boosting,4,FC Heidenheim,Augsburg,,5,5,0.3338959235092706,0.2721348278312552,0.3939692486594741,0.6060307513405259,0.6661040764907293,2.82,3.46,2.39,1.650081283479466,1.501266897011578,1.0620373119594808,closing,market_average_close,0.8720123204680262,0.12798767953197374,0.12798767953197374,0.8720123204680262,market_only,test,2025,0,-0.20590824397729687,0.2059082439772969
24,2025-09-27 13:30:00,2025,30262,0,0,home_win,0,hist_gradient_boosting,4,Mainz 05,Borussia Dortmund,,,,,,,,,,,,,,,,,0.5500716200815723,0.44992837991842766,0.44992837991842766,0.5500716200815723,market_only,test,2025,1,,
24,2025-09-27 13:30:00,2025,30263,0,0,home_win,0,hist_gradient_boosting,4,St. Pauli,Bayer Leverkusen,,5,5,0.3176021327184955,0.2758123784134303,0.4065854888680741,0.5934145111319259,0.6823978672815045,2.97,3.42,2.32,1.685162700339971,1.4654207581036849,1.0601324802776708,closing,market_average_close,0.8040876055125253,0.19591239448747466,0.19591239448747466,0.8040876055125253,market_only,test,2025,1,-0.12168973823102086,0.1216897382310208
24,2025-09-27 13:30:00,2025,30264,0,0,home_win,0,hist_gradient_boosting,4,Wolfsburg,RasenBallsport Leipzig,,5,5,0.3631156057074777,0.2576628544609225,0.3792215398315998,0.6207784601684003,0.6368843942925223,2.59,3.65,2.48,1.610880634822167,1.5701436696542732,1.063298795291725,closing,market_average_close,0.7333911804570084,0.26660881954299165,0.26660881954299165,0.7333911804570084,market_only,test,2025,1,-0.09650678616448605,0.09650678616448605
25,2025-09-27 16:30:00,2025,30265,0,0,home_win,0,hist_gradient_boosting,4,Borussia M.Gladbach,Eintracht Frankfurt,,5,5,0.3244557995317345,0.2592071125735619,0.4163370878947035,0.5836629121052964,0.6755442004682655,2.9,3.63,2.26,1.713317703180691,1.480288039341959,1.0627875559770033,closing,market_average_close,0.7822501607668466,0.21774983923315344,0.21774983923315344,0.7822501607668466,market_only,test,2025,1,-0.10670596029858104,0.10670596029858115
26,2025-09-28 13:30:00,2025,30266,0,0,home_win,0,hist_gradient_boosting,4,Freiburg,Hoffenheim,,5,5,0.41201627620025,0.2816469470144992,0.3063367767852508,0.6936632232147493,0.5879837237997501,2.29,3.35,3.08,1.4416217647600624,1.7007273492838564,1.0598640100693153,closing,market_average_close,0.6846235847173385,0.3153764152826615,0.3153764152826615,0.6846235847173385,market_only,test,2025,1,-0.09663986091758847,0.09663986091758847
27,2025-09-28 15:30:00,2025,30267,0,0,home_win,0,hist_gradient_boosting,4,FC Cologne,VfB Stuttgart,,5,5,0.3716019016871233,0.2597107213448679,0.3686873769680086,0.6313126230319912,0.6283980983128765,2.53,3.62,2.55,1.584001275306871,1.591347909366372,1.0636568736637977,closing,market_average_close,0.6563935463736359,0.34360645362636416,0.34360645362636416,0.6563935463736359,market_only,test,2025,1,-0.027995448060759154,0.027995448060759376
28,2025-09-28 17:30:00,2025,30268,0,0,home_win,0,hist_gradient_boosting,4,Union Berlin,Hamburger SV,,5,5,0.4781150587622322,0.2638337999332206,0.2580511413045472,0.7419488586954528,0.5218849412377679,1.97,3.57,3.65,1.34780179021809,1.9161311641379697,1.0616988607556226,closing,market_average_close,0.6545765280467586,0.34542347195324136,0.34542347195324136,0.6545765280467586,market_only,test,2025,1,-0.13269158680899085,0.13269158680899074
29,2025-10-03 18:30:00,2025,30274,0,0,home_win,0,hist_gradient_boosting,4,Hoffenheim,FC Cologne,,6,6,0.4852246034277759,0.2503552475132674,0.2644201490589565,0.7355798509410434,0.5147753965722239,1.94,3.76,3.56,1.359471712990341,1.9425947833924853,1.0623202407387784,closing,market_average_close,0.6596659589452953,0.3403340410547047,0.3403340410547047,0.6596659589452953,market_only,test,2025,1,-0.14489056237307119,0.1448905623730714
30,2025-10-04 13:30:00,2025,30269,1,1,home_win,0,hist_gradient_boosting,4,Bayer Leverkusen,Union Berlin,,6,6,0.5557125930167742,0.2428564031178704,0.2014310038653552,0.7985689961346447,0.4442874069832257,1.7,3.89,4.69,1.2522399502614705,2.2507952831482245,1.0585243190626978,closing,market_average_close,0.6331098889053515,0.3668901110946485,0.3668901110946485,0.6331098889053515,market_only,test,2025,0,-0.18882248192212575,0.18882248192212575
30,2025-10-04 13:30:00,2025,30271,0,0,home_win,0,hist_gradient_boosting,4,Borussia Dortmund,RasenBallsport Leipzig,,,,,,,,,,,,,,,,,0.5468336068644226,0.45316639313557744,0.45316639313557744,0.5468336068644226,market_only,test,2025,1,,
30,2025-10-04 13:30:00,2025,30276,1,1,home_win,0,hist_gradient_boosting,4,Augsburg,Wolfsburg,,6,6,0.3775607633643142,0.2689179226241555,0.3535213140115302,0.6464786859884697,0.6224392366356857,2.5,3.51,2.67,1.546841406644357,1.6065825242718448,1.0594321201062775,closing,market_average_close,0.7352880721297474,0.26471192787025255,0.26471192787025255,0.7352880721297474,market_only,test,2025,0,-0.11284883549406166,0.11284883549406177
30,2025-10-04 13:30:00,2025,30277,1,1,home_win,0,hist_gradient_boosting,4,Werder Bremen,St. Pauli,,6,6,0.4073865068978352,0.268109068642165,0.3245044244599998,0.6754955755400003,0.5926134931021648,2.31,3.51,2.9,1.4803945965161749,1.6874404846323725,1.0626283040076143,closing,market_average_close,0.7548448613891632,0.24515513861083688,0.24515513861083688,0.7548448613891632,market_only,test,2025,0,-0.1622313682869983,0.16223136828699836
31,2025-10-04 16:30:00,2025,30272,0,0,home_win,0,hist_gradient_boosting,4,Eintracht Frankfurt,Bayern Munich,,6,6,0.1406427000124242,0.1664851749263679,0.6928721250612078,0.3071278749387922,0.8593572999875757,6.7,5.66,1.36,3.2559727774604985,1.16366033082451,1.0612262942200243,closing,market_average_close,0.8647988851269396,0.13520111487306044,0.13520111487306044,0.8647988851269396,market_only,test,2025,1,-0.005441585139363769,0.00544158513936388
32,2025-10-05 13:30:00,2025,30275,1,1,home_win,1,hist_gradient_boosting,4,VfB Stuttgart,FC Heidenheim,,6,6,0.678629057789017,0.1864218162701054,0.1349491259408774,0.8650508740591225,0.3213709422109829,1.39,5.06,6.99,1.1560013751649645,3.1116690050449267,1.0601144353817529,closing,market_average_close,0.42136802741024526,0.5786319725897547,0.5786319725897547,0.42136802741024526,market_only,test,2025,0,-0.09999708519926231,0.09999708519926237
33,2025-10-05 15:30:00,2025,30273,1,1,home_win,0,hist_gradient_boosting,4,Hamburger SV,Mainz 05,,6,6,0.3050185252790443,0.2559828495529854,0.4389986251679703,0.5610013748320297,0.6949814747209557,3.08,3.67,2.14,1.7825268258913118,1.4388872745155017,1.0644446083341903,closing,market_average_close,0.766366606006348,0.233633393993652,0.233633393993652,0.766366606006348,market_only,test,2025,0,-0.07138513128539228,0.07138513128539226
34,2025-10-05 17:30:00,2025,30270,0,0,home_win,0,hist_gradient_boosting,4,Borussia M.Gladbach,Freiburg,,6,6,0.3643627646823811,0.2808629644426688,0.35477427087495,0.6452257291250499,0.6356372353176187,2.59,3.36,2.66,1.54984520123839,1.573224387177876,1.059659283343494,closing,market_average_close,0.7314723596955717,0.2685276403044284,0.2685276403044284,0.7314723596955717,market_only,test,2025,1,-0.09583512437795272,0.09583512437795294
35,2025-10-17 18:30:00,2025,30285,1,1,home_win,0,hist_gradient_boosting,4,Union Berlin,Borussia M.Gladbach,,7,7,0.4206850523204538,0.2829833384978428,0.2963316091817033,0.7036683908182966,0.5793149476795462,2.24,3.33,3.18,1.4211239456657974,1.7261767610269914,1.0611942805339032,closing,market_average_close,0.6243209585074785,0.3756790414925215,0.3756790414925215,0.6243209585074785,market_only,test,2025,0,-0.045006010827932263,0.04500601082793232
36,2025-10-18 13:30:00,2025,30279,0,0,home_win,0,hist_gradient_boosting,4,FC Cologne,Augsburg,,7,7,0.4759481961147087,0.2493061979648474,0.274745605920444,0.7252543940795562,0.5240518038852915,1.98,3.78,3.43,1.3788265306122445,1.9082082965578109,1.0611459591051426,closing,market_average_close,0.5463224526984372,0.45367754730156284,0.45367754730156284,0.5463224526984372,market_only,test,2025,1,-0.022270648813145832,0.022270648813145666
36,2025-10-18 13:30:00,2025,30281,0,0,home_win,0,hist_gradient_boosting,4,FC Heidenheim,Werder Bremen,,7,7,0.3526812727161972,0.2721557798127881,0.3751629474710146,0.6248370525289854,0.6473187272838028,2.67,3.46,2.51,1.600417254310653,1.5448340328358394,1.061955550748447,closing,market_average_close,0.6918949747567695,0.3081050252432304,0.3081050252432304,0.6918949747567695,market_only,test,2025,1,-0.04457624747296679,0.044576247472966735
36,2025-10-18 13:30:00,2025,30282,0,0,home_win,0,hist_gradient_boosting,4,Mainz 05,Bayer Leverkusen,,7,7,0.376246878958956,0.2715520952486378,0.3522010257924062,0.6477989742075938,0.6237531210410441,2.49,3.45,2.66,1.543688767372978,1.6031983909451224,1.0674013477906394,closing,market_average_close,0.5384920282018055,0.4615079717981944,0.4615079717981944,0.5384920282018055,market_only,test,2025,1,0.08526109283923844,-0.08526109283923855
36,2025-10-18 13:30:00,2025,30283,1,1,home_win,1,hist_gradient_boosting,4,RasenBallsport Leipzig,Hamburger SV,,7,7,0.6492655038542866,0.1898054396348217,0.1609290565108915,0.8390709434891084,0.3507344961457133,1.45,4.96,5.85,1.1917943384402043,2.851159526619669,1.0622082465797706,closing,market_average_close,0.3880747880538772,0.6119252119461228,0.6119252119461228,0.3880747880538772,market_only,test,2025,0,-0.03734029190816379,0.0373402919081639
36,2025-10-18 13:30:00,2025,30286,0,0,home_win,0,hist_gradient_boosting,4,Wolfsburg,VfB Stuttgart,,7,7,0.3324211042392531,0.2672590127832632,0.4003198829774835,0.5996801170225163,0.6675788957607467,2.83,3.52,2.35,1.6675557044731113,1.497950289246995,1.0629797144438902,closing,market_average_close,0.7025327391009719,0.29746726089902814,0.29746726089902814,0.7025327391009719,market_only,test,2025,1,-0.034953843340224944,0.03495384334022522
37,2025-10-18 16:30:00,2025,30278,1,1,home_win,0,hist_gradient_boosting,4,Bayern Munich,Borussia Dortmund,,,,,,,,,,,,,,,,,0.5484064476799786,0.45159355232002146,0.45159355232002146,0.5484064476799786,market_only,test,2025,0,,
38,2025-10-19 13:30:00,2025,30280,0,0,home_win,0,hist_gradient_boosting,4,Freiburg,Eintracht Frankfurt,,7,7,0.3832278939489061,0.2663109093543246,0.3504611966967692,0.6495388033032308,0.6167721060510938,2.46,3.54,2.69,1.539553903345725,1.6213443996398231,1.060737152642776,closing,market_average_close,0.6579239773040787,0.3420760226959213,0.3420760226959213,0.6579239773040787,market_only,test,2025,1,-0.041151871252984806,0.04115187125298492
39,2025-10-19 15:30:00,2025,30284,0,0,home_win,0,hist_gradient_boosting,4,St. Pauli,Hoffenheim,,7,7,0.3558034896268095,0.2773174257385427,0.3668790846346479,0.6331209153653522,0.6441965103731906,2.65,3.4,2.57,1.579477119979419,1.5523213552036914,1.06058119599062,closing,market_average_close,0.8388343108449638,0.1611656891550361,0.1611656891550361,0.8388343108449638,market_only,test,2025,1,-0.19463780047177343,0.19463780047177326
40,2025-10-24 18:30:00,2025,30295,1,1,home_win,0,hist_gradient_boosting,4,Werder Bremen,Union Berlin,,8,8,0.4119064019206956,0.2726201330631194,0.3154734650161849,0.684526534983815,0.5880935980793043,2.29,3.46,2.99,1.460863748727643,1.7004096002166482,1.0601467242830032,closing,market_average_close,0.7269266334794142,0.2730733665205857,0.2730733665205857,0.7269266334794142,market_only,test,2025,0,-0.13883303540010988,0.13883303540010994
41,2025-10-25 13:30:00,2025,30287,0,0,home_win,0,hist_gradient_boosting,4,Augsburg,RasenBallsport Leipzig,,8,8,0.2912621359223301,0.2475728155339805,0.4611650485436893,0.5388349514563107,0.7087378640776698,3.23,3.8,2.04,1.855855855855856,1.4109589041095891,1.0629514963880289,closing,market_average_close,0.6984213659159855,0.3015786340840145,0.3015786340840145,0.6984213659159855,market_only,test,2025,1,0.010316498161684395,-0.01031649816168434
41,2025-10-25 13:30:00,2025,30289,0,0,home_win,0,hist_gradient_boosting,4,Borussia M.Gladbach,Bayern Munich,,8,8,0.1005153925185578,0.1399449075629847,0.7595396999184574,0.2404603000815425,0.8994846074814421,9.37,6.73,1.24,4.158690643157684,1.1117477627549417,1.0617636089197244,closing,market_average_close,0.9114890538989191,0.08851094610108087,0.08851094610108087,0.9114890538989191,market_only,test,2025,1,-0.01200444641747693,0.012004446417477
41,2025-10-25 13:30:00,2025,30291,1,1,home_win,1,hist_gradient_boosting,4,Eintracht Frankfurt,St. Pauli,,8,8,0.5739622043361102,0.2209619753782208,0.205075820285669,0.794924179714331,0.4260377956638898,1.64,4.26,4.59,1.2579816107233854,2.347209590739975,1.062362805345811,closing,market_average_close,0.48329022354022333,0.5167097764597767,0.5167097764597767,0.48329022354022333,market_only,test,2025,0,-0.057252427876333556,0.057252427876333556
41,2025-10-25 13:30:00,2025,30292,0,0,home_win,0,hist_gradient_boosting,4,Hamburger SV,Wolfsburg,,8,8,0.4364024900120784,0.2575490104989315,0.3060484994889901,0.69395150051101,0.5635975099879216,2.16,3.66,3.08,1.441022894631142,1.7743158588855918,1.0608623313541343,closing,market_average_close,0.6539438844803969,0.3460561155196032,0.3460561155196032,0.6539438844803969,market_only,test,2025,1,-0.09034637449247523,0.09034637449247529
41,2025-10-25 13:30:00,2025,30293,1,1,home_win,0,hist_gradient_boosting,4,Hoffenheim,FC Heidenheim,,8,8,0.6004885744821619,0.2157361697796325,0.1837752557382055,0.8162247442617944,0.399511425517838,1.57,4.37,5.13,1.2251527621897995,2.5030573248407646,1.060707400983458,closing,market_average_close,0.6021024417021436,0.39789755829785645,0.39789755829785645,0.6021024417021436,market_only,test,2025,0,-0.20259101618430542,0.20259101618430553
42,2025-10-25 16:30:00,2025,30290,1,1,home_win,0,hist_gradient_boosting,4,Borussia Dortmund,FC Cologne,,,,,,,,,,,,,,,,,0.5491765989811135,0.45082340101888657,0.45082340101888657,0.5491765989811135,market_only,test,2025,0,,
43,2025-10-26 13:30:00,2025,30288,1,1,home_win,0,hist_gradient_boosting,4,Bayer Leverkusen,Freiburg,,8,8,0.4814513315501803,0.2621235027328759,0.2564251657169438,0.7435748342830563,0.5185486684498197,1.96,3.6,3.68,1.3448545511416952,1.9284592958062348,1.0597209898452131,closing,market_average_close,0.7243233322571276,0.2756766677428723,0.2756766677428723,0.7243233322571276,market_only,test,2025,0,-0.20577466380730797,0.2057746638073079
44,2025-10-26 15:30:00,2025,30294,1,1,home_win,0,hist_gradient_boosting,4,VfB Stuttgart,Mainz 05,,8,8,0.4567762380451178,0.2606534765576019,0.2825702853972801,0.7174297146027198,0.5432237619548821,2.06,3.61,3.33,1.3938647642351347,1.840862035197672,1.0627455037534914,closing,market_average_close,0.5428703841062151,0.45712961589378487,0.45712961589378487,0.5428703841062151,market_only,test,2025,0,0.0003533778486670691,-0.0003533778486669581
45,2025-10-31 19:30:00,2025,30296,0,0,home_win,0,hist_gradient_boosting,4,Augsburg,Borussia Dortmund,,,,,,,,,,,,,,,,,0.5502843795748246,0.44971562042517543,0.44971562042517543,0.5502843795748246,market_only,test,2025,1,,
46,2025-11-01 14:30:00,2025,30299,0,0,home_win,0,hist_gradient_boosting,4,FC Heidenheim,Eintracht Frankfurt,,9,9,0.2351589517721564,0.2334083888557384,0.531432659372105,0.4685673406278949,0.7648410482278435,4.0,4.03,1.77,2.1341649604941924,1.3074612068965517,1.0631107092288066,closing,market_average_close,0.755480927006961,0.24451907299303902,0.24451907299303902,0.755480927006961,market_only,test,2025,1,0.009360121220882617,-0.009360121220882478
46,2025-11-01 14:30:00,2025,30300,0,0,home_win,1,hist_gradient_boosting,4,Mainz 05,Werder Bremen,,9,9,0.5056474088975503,0.2468514909578592,0.2475011001445904,0.7524988998554096,0.4943525911024496,1.86,3.81,3.8,1.32890559732665,2.022847696155313,1.0632594949400425,closing,market_average_close,0.38199814456352876,0.6180018554364712,0.6180018554364712,0.38199814456352876,market_only,test,2025,1,0.1123544465389209,-0.11235444653892085
46,2025-11-01 14:30:00,2025,30301,1,1,home_win,0,hist_gradient_boosting,4,RasenBallsport Leipzig,VfB Stuttgart,,9,9,0.4514352590056395,0.2509307689685602,0.2976339720258001,0.7023660279741998,0.5485647409943604,2.09,3.76,3.17,1.4237590660303594,1.822938889924536,1.0598837595792532,closing,market_average_close,0.6125901459262925,0.38740985407370754,0.38740985407370754,0.6125901459262925,market_only,test,2025,0,-0.06402540493193198,0.0640254049319321
46,2025-11-01 14:30:00,2025,30302,0,0,home_win,0,hist_gradient_boosting,4,St. Pauli,Borussia M.Gladbach,,9,9,0.4083536431632911,0.2782586771997647,0.3133876796369443,0.6866123203630559,0.591646356836709,2.31,3.39,3.01,1.456425948592411,1.6901988636363636,1.0601115972591584,closing,market_average_close,0.6504058292560082,0.34959417074399185,0.34959417074399185,0.6504058292560082,market_only,test,2025,1,-0.05875947241929924,0.05875947241929924
46,2025-11-01 14:30:00,2025,30303,0,0,home_win,0,hist_gradient_boosting,4,Union Berlin,Freiburg,,9,9,0.3601214541494084,0.3004835063284873,0.3393950395221044,0.6606049604778957,0.6398785458505918,2.62,3.14,2.78,1.513763988808953,1.5627965752011548,1.0598629571084222,closing,market_average_close,0.8239420958704544,0.17605790412954564,0.17605790412954564,0.8239420958704544,market_only,test,2025,1,-0.18406355001986274,0.18406355001986263
47,2025-11-01 17:30:00,2025,30297,1,1,home_win,1,hist_gradient_boosting,4,Bayern Munich,Bayer Leverkusen,,9,9,0.7479522367875091,0.1520031965084292,0.1000445667040617,0.8999554332959384,0.252047763212491,1.26,6.2,9.42,1.1111661344580863,3.967501981586488,1.061098228757978,closing,market_average_close,0.08901707898384015,0.9109829210161599,0.9109829210161599,0.08901707898384015,market_only,test,2025,0,0.16303068422865075,-0.16303068422865086
48,2025-11-02 14:30:00,2025,30298,1,1,home_win,0,hist_gradient_boosting,4,FC Cologne,Hamburger SV,,9,9,0.3886057692307692,0.2667548076923077,0.3446394230769231,0.6553605769230769,0.6113942307692308,2.43,3.54,2.74,1.525877562997469,1.6356058818903827,1.0589720131007057,closing,market_average_close,0.689594625820541,0.310405374179459,0.310405374179459,0.689594625820541,market_only,test,2025,0,-0.07820039505131021,0.07820039505131016
49,2025-11-02 16:30:00,2025,30304,0,0,home_win,0,hist_gradient_boosting,4,Wolfsburg,Hoffenheim,,9,9,0.3485571190078702,0.2543524922489864,0.3970903887431433,0.6029096112568566,0.6514428809921297,2.7,3.7,2.37,1.658623417721519,1.535053999633901,1.0625815689106828,closing,market_average_close,0.851564246003542,0.1484357539964581,0.1484357539964581,0.851564246003542,market_only,test,2025,1,-0.2001213650114121,0.2001213650114123
50,2025-11-07 19:30:00,2025,30313,1,1,home_win,0,hist_gradient_boosting,4,Werder Bremen,Wolfsburg,,10,10,0.4406371921600074,0.2590559316545098,0.3003068761854827,0.6996931238145173,0.5593628078399926,2.14,3.64,3.14,1.4291979811782336,1.7877484630441376,1.060486331931061,closing,market_average_close,0.6361846038672797,0.3638153961327203,0.3638153961327203,0.6361846038672797,market_only,test,2025,0,-0.07682179602728711,0.07682179602728711
51,2025-11-08 14:30:00,2025,30305,1,1,home_win,1,hist_gradient_boosting,4,Bayer Leverkusen,FC Heidenheim,,10,10,0.6805695308110046,0.1907241225458258,0.1287063466431695,0.8712936533568304,0.3194304691889954,1.39,4.96,7.35,1.14771867802239,3.130571740820179,1.0570917854261688,closing,market_average_close,0.28658424288177986,0.7134157571182201,0.7134157571182201,0.28658424288177986,market_only,test,2025,0,0.032846226307215565,-0.032846226307215565
51,2025-11-08 14:30:00,2025,30309,0,0,home_win,0,hist_gradient_boosting,4,Hamburger SV,Borussia Dortmund,,,,,,,,,,,,,,,,,0.5480410776736252,0.4519589223263748,0.4519589223263748,0.5480410776736252,market_only,test,2025,1,,
51,2025-11-08 14:30:00,2025,30310,1,1,home_win,0,hist_gradient_boosting,4,Hoffenheim,RasenBallsport Leipzig,,10,10,0.3493873436860175,0.2508898478596402,0.3997228084543421,0.6002771915456577,0.6506126563139825,2.7,3.76,2.36,1.6658970457049906,1.5370128298232872,1.060056630738203,closing,market_average_close,0.8816598789547525,0.1183401210452475,0.1183401210452475,0.8816598789547525,market_only,test,2025,0,-0.23104722264077,0.23104722264077004
51,2025-11-08 14:30:00,2025,30312,0,0,home_win,0,hist_gradient_boosting,4,Union Berlin,Bayern Munich,,10,10,0.0803999487499863,0.1408501344319641,0.7787499168180496,0.2212500831819504,0.9196000512500138,11.72,6.69,1.21,4.519772312029485,1.087429256491122,1.0612473441648276,closing,market_average_close,0.9335437910384453,0.06645620896155473,0.06645620896155473,0.9335437910384453,market_only,test,2025,1,-0.013943739788431567,0.013943739788431553
52,2025-11-08 17:30:00,2025,30306,1,1,home_win,0,hist_gradient_boosting,4,Borussia M.Gladbach,FC Cologne,,10,10,0.4635423519195853,0.2564008104623319,0.2800568376180827,0.7199431623819172,0.5364576480804146,2.03,3.67,3.36,1.3889985380116958,1.8640800510129003,1.062709449090169,closing,market_average_close,0.5277123127639316,0.47228768723606834,0.47228768723606834,0.5277123127639316,market_only,test,2025,0,0.008745335316483027,-0.008745335316483027
53,2025-11-09 14:30:00,2025,30308,1,1,home_win,1,hist_gradient_boosting,4,Freiburg,St. Pauli,,10,10,0.5319866952415124,0.2637581094054557,0.2042551953530318,0.7957448046469682,0.4680133047584875,1.77,3.57,4.61,1.256684296473226,2.1366913928142224,1.0620035359266689,closing,market_average_close,0.2944678337190455,0.7055321662809545,0.7055321662809545,0.2944678337190455,market_only,test,2025,0,0.17354547103944207,-0.173545471039442
54,2025-11-09 16:30:00,2025,30311,1,1,home_win,1,hist_gradient_boosting,4,VfB Stuttgart,Augsburg,,10,10,0.6231771618329438,0.2081852907893241,0.168637547377732,0.8313624526222679,0.3768228381670562,1.51,4.52,5.58,1.2028447963289883,2.653766966100584,1.062702063216287,closing,market_average_close,0.2477916743000691,0.7522083256999309,0.7522083256999309,0.2477916743000691,market_only,test,2025,0,0.1290311638669871,-0.1290311638669871
55,2025-11-09 18:30:00,2025,30307,1,1,home_win,0,hist_gradient_boosting,4,Eintracht Frankfurt,Mainz 05,,10,10,0.5125677673730902,0.2418268440939708,0.245605388532939,0.754394611467061,0.4874322326269098,1.84,3.9,3.84,1.3255662020905925,2.051567239635996,1.0603051839464883,closing,market_average_close,0.555729993703312,0.444270006296688,0.444270006296688,0.555729993703312,market_only,test,2025,0,-0.06829776107640217,0.06829776107640217
56,2025-11-21 19:30:00,2025,30319,0,0,home_win,0,hist_gradient_boosting,4,Mainz 05,Hoffenheim,,11,11,0.3787920923765189,0.2679523608004353,0.3532555468230458,0.6467444531769542,0.6212079076234811,2.49,3.52,2.67,1.54620576193236,1.6097670163691924,1.0602291699997128,closing,market_average_close,0.5566334962716296,0.4433665037283704,0.4433665037283704,0.5566334962716296,market_only,test,2025,1,0.06457441135185149,-0.06457441135185149
57,2025-11-22 14:30:00,2025,30314,1,1,home_win,0,hist_gradient_boosting,4,Augsburg,Hamburger SV,,11,11,0.3863851155395293,0.2781061008603102,0.3355087836001607,0.6644912163998395,0.6136148844604709,2.44,3.39,2.81,1.50491078786251,1.6296866737176094,1.06069320243223,closing,market_average_close,0.7112287029805044,0.28877129701949555,0.28877129701949555,0.7112287029805044,market_only,test,2025,0,-0.09761381852003376,0.09761381852003359
57,2025-11-22 14:30:00,2025,30315,1,1,home_win,1,hist_gradient_boosting,4,Bayern Munich,Freiburg,,11,11,0.8136863300810712,0.1225813172589665,0.0637323526599623,0.9362676473400378,0.1863136699189289,1.16,7.7,14.81,1.0680706556944777,5.367292697498431,1.059461040019377,closing,market_average_close,0.05619870106407321,0.9438012989359268,0.9438012989359268,0.05619870106407321,market_only,test,2025,0,0.13011496885485563,-0.13011496885485568
57,2025-11-22 14:30:00,2025,30316,0,0,home_win,0,hist_gradient_boosting,4,Borussia Dortmund,VfB Stuttgart,,,,,,,,,,,,,,,,,0.5516053980903057,0.4483946019096943,0.4483946019096943,0.5516053980903057,market_only,test,2025,1,,
57,2025-11-22 14:30:00,2025,30318,0,0,home_win,0,hist_gradient_boosting,4,FC Heidenheim,Borussia M.Gladbach,,11,11,0.289410392828511,0.2605495226295459,0.450040084541943,0.549959915458057,0.710589607171489,3.25,3.61,2.09,1.818314338722502,1.4072820512820512,1.0631695174631464,closing,market_average_close,0.6977709412339099,0.30222905876609,0.30222905876609,0.6977709412339099,market_only,test,2025,1,0.012818665937579021,-0.012818665937579077
57,2025-11-22 14:30:00,2025,30322,0,0,home_win,0,hist_gradient_boosting,4,Wolfsburg,Bayer Leverkusen,,11,11,0.2801501487148755,0.2477968507005592,0.4720530005845653,0.5279469994154348,0.7198498512851246,3.37,3.81,2.0,1.8941295264623956,1.3891785880273957,1.05920309664556,closing,market_average_close,0.7310135679537497,0.2689864320462503,0.2689864320462503,0.7310135679537497,market_only,test,2025,1,-0.011163716668625201,0.011163716668625145
58,2025-11-22 17:30:00,2025,30317,0,0,home_win,0,hist_gradient_boosting,4,FC Cologne,Eintracht Frankfurt,,11,11,0.3483917600289121,0.2612938200216841,0.3903144199494036,0.6096855800505963,0.6516082399710877,2.7,3.6,2.41,1.6401896858328395,1.5346644481419858,1.0630859074842478,closing,market_average_close,0.7898942102607476,0.21010578973925242,0.21010578973925242,0.7898942102607476,market_only,test,2025,1,-0.13828597028965967,0.13828597028965983
59,2025-11-23 14:30:00,2025,30320,1,1,home_win,1,hist_gradient_boosting,4,RasenBallsport Leipzig,Werder Bremen,,11,11,0.6239522321848526,0.1996118369913405,0.1764359308238066,0.8235640691761932,0.3760477678151472,1.51,4.72,5.34,1.2142346144366094,2.659236633181046,1.0613819800117965,closing,market_average_close,0.2876098242355357,0.7123901757644643,0.7123901757644643,0.2876098242355357,market_only,test,2025,0,0.08843794357961166,-0.08843794357961149
60,2025-11-23 16:30:00,2025,30321,0,0,home_win,0,hist_gradient_boosting,4,St. Pauli,Union Berlin,,11,11,0.3581125187621357,0.3171164728432379,0.3247710083946264,0.6752289916053735,0.6418874812378643,2.63,2.97,2.9,1.480979064039409,1.5579054417318194,1.0617560597893625,closing,market_average_close,0.8577470971949754,0.14225290280502456,0.14225290280502456,0.8577470971949754,market_only,test,2025,1,-0.21585961595711112,0.21585961595711112
61,2025-11-28 19:30:00,2025,30325,0,0,home_win,0,hist_gradient_boosting,4,Borussia M.Gladbach,RasenBallsport Leipzig,,12,12,0.3349830255695756,0.2503463568751349,0.4146706175552896,0.5853293824447106,0.6650169744304246,2.81,3.76,2.27,1.7084397776570848,1.5037210153266876,1.0623579672907404,closing,market_average_close,0.7578755490795357,0.24212445092046433,0.24212445092046433,0.7578755490795357,market_only,test,2025,1,-0.09285857464911126,0.09285857464911107
62,2025-11-29 14:30:00,2025,30324,1,1,home_win,1,hist_gradient_boosting,4,Bayern Munich,St. Pauli,,12,12,0.8549893334774407,0.0996888823697436,0.0453217841528156,0.9546782158471844,0.1450106665225592,1.11,9.52,20.94,1.0474733616002718,6.896044435768664,1.05369840958919,closing,market_average_close,0.09210868086938084,0.9078913191306192,0.9078913191306192,0.09210868086938084,market_only,test,2025,0,0.052901985653178496,-0.05290198565317836
62,2025-11-29 14:30:00,2025,30329,1,1,home_win,1,hist_gradient_boosting,4,Hoffenheim,Augsburg,,12,12,0.5515859807822119,0.2340476494137921,0.214366369803996,0.7856336301960041,0.4484140192177881,1.71,4.03,4.4,1.2728579347481783,2.23008192684162,1.0602070067265312,closing,market_average_close,0.47954472482177735,0.5204552751782227,0.5204552751782227,0.47954472482177735,market_only,test,2025,0,-0.031130705603989228,0.031130705603989228
62,2025-11-29 14:30:00,2025,30330,0,0,home_win,1,hist_gradient_boosting,4,Union Berlin,FC Heidenheim,,12,12,0.5970891901977857,0.2456773230501306,0.1572334867520836,0.8427665132479163,0.4029108098022142,1.58,3.84,6.0,1.186568265682657,2.481938870021612,1.0599947257383966,closing,market_average_close,0.3974303462382883,0.6025696537617117,0.6025696537617117,0.3974303462382883,market_only,test,2025,1,0.0054804635639259525,-0.005480463563925897
62,2025-11-29 14:30:00,2025,30331,0,0,home_win,1,hist_gradient_boosting,4,Werder Bremen,FC Cologne,,12,12,0.4316488254361081,0.2536373152158263,0.3147138593480655,0.6852861406519345,0.5683511745638918,2.18,3.71,2.99,1.4592444537819895,1.759475557989867,1.0627055358411337,closing,market_average_close,0.4327012319165926,0.5672987680834074,0.5672987680834074,0.4327012319165926,market_only,test,2025,1,0.1356499426472993,-0.13564994264729924
63,2025-11-29 17:30:00,2025,30323,0,0,home_win,0,hist_gradient_boosting,4,Bayer Leverkusen,Borussia Dortmund,,,,,,,,,,,,,,,,,0.5615670375446906,0.4384329624553094,0.4384329624553094,0.5615670375446906,market_only,test,2025,1,,
64,2025-11-30 14:30:00,2025,30328,1,1,home_win,0,hist_gradient_boosting,4,Hamburger SV,VfB Stuttgart,,12,12,0.3446808510638298,0.2680851063829788,0.3872340425531915,0.6127659574468085,0.6553191489361703,2.73,3.51,2.43,1.6319444444444444,1.5259740259740258,1.062723284945507,closing,market_average_close,0.8313015248620195,0.16869847513798059,0.16869847513798059,0.8313015248620195,market_only,test,2025,0,-0.1759823759258492,0.1759823759258492
65,2025-11-30 16:30:00,2025,30326,0,0,home_win,0,hist_gradient_boosting,4,Eintracht Frankfurt,Wolfsburg,,12,12,0.4909254633748914,0.2435599198138996,0.2655146168112089,0.7344853831887911,0.5090745366251085,1.92,3.87,3.55,1.3614974823031454,1.9643488881401616,1.0609214069949413,closing,market_average_close,0.6143130571500721,0.3856869428499279,0.3856869428499279,0.6143130571500721,market_only,test,2025,1,-0.10523852052496352,0.10523852052496363
66,2025-11-30 18:30:00,2025,30327,1,1,home_win,1,hist_gradient_boosting,4,Freiburg,Mainz 05,,12,12,0.543356479576658,0.2540558674777346,0.2025876529456074,0.7974123470543926,0.456643520423342,1.73,3.7,4.64,1.2540563281894963,2.1898920170222205,1.0638221937305057,closing,market_average_close,0.31925509054313017,0.6807449094568698,0.6807449094568698,0.31925509054313017,market_only,test,2025,0,0.13738842988021183,-0.13738842988021183
67,2025-12-05 19:30:00,2025,30339,0,0,home_win,0,hist_gradient_boosting,4,Mainz 05,Borussia M.Gladbach,,13,13,0.3519736302661572,0.2780383410682366,0.3699880286656062,0.6300119713343939,0.6480263697338429,2.67,3.38,2.54,1.587271425782521,1.5431470796639335,1.0640906107732475,closing,market_average_close,0.7602442469835083,0.23975575301649169,0.23975575301649169,0.7602442469835083,market_only,test,2025,1,-0.1122178772496655,0.11221787724966548
68,2025-12-06 14:30:00,2025,30332,0,0,home_win,0,hist_gradient_boosting,4,VfB Stuttgart,Bayern Munich,,13,13,0.2007585651473597,0.2020482347307474,0.5971932001218928,0.4028067998781072,0.7992414348526403,4.7,4.67,1.58,2.482579738729854,1.2511863829787233,1.0598101121645056,closing,market_average_close,0.902101132440553,0.09789886755944698,0.09789886755944698,0.902101132440553,market_only,test,2025,1,-0.10285969758791273,0.10285969758791269
68,2025-12-06 14:30:00,2025,30333,1,1,home_win,0,hist_gradient_boosting,4,Wolfsburg,Union Berlin,,13,13,0.4709897610921501,0.273037542662116,0.2559726962457337,0.7440273037542662,0.5290102389078498,2.0,3.45,3.68,1.3440366972477065,1.8903225806451611,1.0615942028985508,closing,market_average_close,0.620751937735556,0.37924806226444396,0.37924806226444396,0.620751937735556,market_only,test,2025,0,-0.09174169882770616,0.09174169882770622
68,2025-12-06 14:30:00,2025,30334,1,1,home_win,0,hist_gradient_boosting,4,Augsburg,Bayer Leverkusen,,13,13,0.2827770564423738,0.2645077522340182,0.452715191323608,0.547284808676392,0.7172229435576262,3.33,3.56,2.08,1.8272021882326672,1.3942666070325649,1.0619684074740254,closing,market_average_close,0.7486310876111557,0.2513689123888443,0.2513689123888443,0.7486310876111557,market_only,test,2025,0,-0.031408144053529485,0.03140814405352954
68,2025-12-06 14:30:00,2025,30336,0,0,home_win,0,hist_gradient_boosting,4,FC Cologne,St. Pauli,,13,13,0.4736362529650685,0.271624248818584,0.2547394982163476,0.7452605017836524,0.5263637470349316,1.99,3.47,3.7,1.3418126918126916,1.8998268889776635,1.0609672711246865,closing,market_average_close,0.620751937735556,0.37924806226444396,0.37924806226444396,0.620751937735556,market_only,test,2025,1,-0.09438819070062454,0.09438819070062443
68,2025-12-06 14:30:00,2025,30338,1,1,home_win,0,hist_gradient_boosting,4,FC Heidenheim,Freiburg,,13,13,0.2049023412658294,0.2685329828555029,0.5265646758786677,0.4734353241213324,0.7950976587341707,4.6,3.51,1.79,2.112220928710675,1.2577071369975388,1.0609508071252058,closing,market_average_close,0.9187093401963247,0.08129065980367539,0.08129065980367539,0.9187093401963247,market_only,test,2025,0,-0.12361168146215401,0.12361168146215396
69,2025-12-06 17:30:00,2025,30340,1,1,home_win,1,hist_gradient_boosting,4,RasenBallsport Leipzig,Eintracht Frankfurt,,13,13,0.5466793529971455,0.2356612749762131,0.2176593720266412,0.7823406279733587,0.4533206470028543,1.72,3.99,4.32,1.2782156061490564,2.205944085299304,1.063503396734731,closing,market_average_close,0.25559780473820504,0.744402195261795,0.744402195261795,0.25559780473820504,market_only,test,2025,0,0.19772284226464942,-0.19772284226464926
70,2025-12-07 14:30:00,2025,30337,1,1,home_win,0,hist_gradient_boosting,4,Hamburger SV,Werder Bremen,,13,13,0.3996139848242267,0.271783574693134,0.3286024404826393,0.6713975595173607,0.6003860151757734,2.36,3.47,2.87,1.4894304958732016,1.6655950916965192,1.0603453073487967,closing,market_average_close,0.6452298998429111,0.35477010015708893,0.35477010015708893,0.6452298998429111,market_only,test,2025,0,-0.04484388466713779,0.044843884667137734
71,2025-12-07 16:30:00,2025,30335,1,1,home_win,0,hist_gradient_boosting,4,Borussia Dortmund,Hoffenheim,,,,,,,,,,,,,,,,,0.5664736449002606,0.43352635509973936,0.43352635509973936,0.5664736449002606,market_only,test,2025,0,,
72,2025-12-12 19:30:00,2025,30348,1,1,home_win,0,hist_gradient_boosting,4,Union Berlin,RasenBallsport Leipzig,,14,14,0.3106858774746285,0.2835476532373868,0.4057664692879846,0.5942335307120153,0.6893141225253715,3.03,3.32,2.32,1.6828400760249798,1.4507174121667483,1.0622723053360592,closing,market_average_close,0.7211263359516974,0.2788736640483026,0.2788736640483026,0.7211263359516974,market_only,test,2025,0,-0.0318122134263259,0.0318122134263259
73,2025-12-13 14:30:00,2025,30343,0,0,home_win,1,hist_gradient_boosting,4,Borussia M.Gladbach,Wolfsburg,,14,14,0.4722820406963986,0.2560875370533605,0.2716304222502408,0.7283695777497592,0.5277179593036014,1.99,3.67,3.46,1.3729293898976695,1.8949516164271567,1.0640094678872305,closing,market_average_close,0.4709417837385451,0.5290582162614549,0.5290582162614549,0.4709417837385451,market_only,test,2025,1,0.056776175565056264,-0.05677617556505632
73,2025-12-13 14:30:00,2025,30344,1,1,home_win,1,hist_gradient_boosting,4,Eintracht Frankfurt,Augsburg,,14,14,0.5142804439388815,0.2550496510591202,0.2306699050019983,0.7693300949980018,0.4857195560611185,1.83,3.69,4.08,1.2998321611253196,2.0588011899487304,1.0625488366744804,closing,market_average_close,0.39287209475155305,0.607127905248447,0.607127905248447,0.39287209475155305,market_only,test,2025,0,0.09284746130956545,-0.09284746130956545
73,2025-12-13 14:30:00,2025,30346,1,1,home_win,1,hist_gradient_boosting,4,Hoffenheim,Hamburger SV,,14,14,0.5596377526932486,0.2276492553328468,0.2127129919739044,0.7872870080260954,0.4403622473067513,1.68,4.13,4.42,1.2701848116447694,2.2708576998050685,1.0636131897348249,closing,market_average_close,0.2642224926095962,0.7357775073904038,0.7357775073904038,0.2642224926095962,market_only,test,2025,0,0.17613975469715526,-0.1761397546971551
73,2025-12-13 14:30:00,2025,30347,1,1,home_win,1,hist_gradient_boosting,4,St. Pauli,FC Heidenheim,,14,14,0.5078555928461482,0.2771483323791665,0.2149960747746852,0.7850039252253147,0.4921444071538517,1.85,3.39,4.37,1.2738789805579334,2.0319239342435216,1.0643587432230837,closing,market_average_close,0.39287209475155305,0.607127905248447,0.607127905248447,0.39287209475155305,market_only,test,2025,0,0.09927231240229872,-0.09927231240229867
74,2025-12-13 17:30:00,2025,30341,1,1,home_win,1,hist_gradient_boosting,4,Bayer Leverkusen,FC Cologne,,14,14,0.5415019762845851,0.2292490118577075,0.2292490118577075,0.7707509881422926,0.458498023715415,1.74,4.11,4.11,1.2974358974358973,2.181034482758621,1.0613306485443408,closing,market_average_close,0.2731451322336885,0.7268548677663115,0.7268548677663115,0.2731451322336885,market_only,test,2025,0,0.1853528914817264,-0.18535289148172646
75,2025-12-14 14:30:00,2025,30345,0,0,home_win,0,hist_gradient_boosting,4,Freiburg,Borussia Dortmund,,,,,,,,,,,,,,,,,0.5646621688947533,0.43533783110524665,0.43533783110524665,0.5646621688947533,market_only,test,2025,1,,
76,2025-12-14 16:30:00,2025,30342,0,0,home_win,1,hist_gradient_boosting,4,Bayern Munich,Mainz 05,,14,14,0.8740270484745132,0.0825130430378037,0.0434599084876829,0.9565400915123168,0.1259729515254867,1.08,11.44,21.72,1.0454344871410164,7.938212035920117,1.0593790289922886,closing,market_average_close,0.08057405069136958,0.9194259493086304,0.9194259493086304,0.08057405069136958,market_only,test,2025,1,0.04539890083411724,-0.04539890083411713
77,2025-12-14 18:30:00,2025,30349,0,0,home_win,0,hist_gradient_boosting,4,Werder Bremen,VfB Stuttgart,,14,14,0.3343861034346624,0.2588498486642979,0.4067640479010396,0.5932359520989604,0.6656138965653375,2.81,3.63,2.31,1.6856699201419698,1.5023724792408066,1.0642544126853413,closing,market_average_close,0.7322794214446436,0.26772057855535636,0.26772057855535636,0.7322794214446436,market_only,test,2025,1,-0.06666552487930605,0.0666655248793061
78,2025-12-19 19:30:00,2025,30351,1,1,home_win,0,hist_gradient_boosting,4,Borussia Dortmund,Borussia M.Gladbach,,,,,,,,,,,,,,,,,0.5591143878663786,0.44088561213362143,0.44088561213362143,0.5591143878663786,market_only,test,2025,0,,
79,2025-12-20 14:30:00,2025,30350,0,0,home_win,1,hist_gradient_boosting,4,Augsburg,Werder Bremen,,15,15,0.4258015019634673,0.2735527091102508,0.3006457889262819,0.6993542110737181,0.5741984980365328,2.21,3.44,3.13,1.4298905821482086,1.7415580211712365,1.0626751800927838,closing,market_average_close,0.33548003160527384,0.6645199683947262,0.6645199683947262,0.33548003160527384,market_only,test,2025,1,0.23871846643125888,-0.23871846643125894
79,2025-12-20 14:30:00,2025,30352,0,0,home_win,0,hist_gradient_boosting,4,FC Cologne,Union Berlin,,15,15,0.3730747455378728,0.2947173538418305,0.3322079006202966,0.6677920993797033,0.6269252544621272,2.52,3.19,2.83,1.4974720439623006,1.5950864842060857,1.0636619111092125,closing,market_average_close,0.6058928554028873,0.39410714459711277,0.39410714459711277,0.6058928554028873,market_only,test,2025,1,0.02103239905923998,-0.021032399059239926
79,2025-12-20 14:30:00,2025,30353,0,0,home_win,0,hist_gradient_boosting,4,Hamburger SV,Eintracht Frankfurt,,15,15,0.3849912169614772,0.2771028228277299,0.337905960210793,0.6620940397892071,0.6150087830385229,2.44,3.39,2.78,1.5103594654293715,1.6259930387650448,1.064533546527061,closing,market_average_close,0.5944412322145196,0.40555876778548033,0.40555876778548033,0.5944412322145196,market_only,test,2025,1,0.020567550824003134,-0.0205675508240033
79,2025-12-20 14:30:00,2025,30357,0,0,home_win,1,hist_gradient_boosting,4,VfB Stuttgart,Hoffenheim,,15,15,0.4826157436012998,0.2438084715084286,0.2735757848902716,0.7264242151097284,0.5173842563987002,1.95,3.86,3.44,1.3766060921426568,1.9327994380049176,1.062585544752071,closing,market_average_close,0.42536506289979936,0.5746349371002006,0.5746349371002006,0.42536506289979936,market_only,test,2025,1,0.09201919349890086,-0.09201919349890086
79,2025-12-20 14:30:00,2025,30358,0,0,home_win,0,hist_gradient_boosting,4,Wolfsburg,Freiburg,,15,15,0.3902432079531725,0.2774295372174472,0.3323272548293802,0.6676727451706197,0.6097567920468274,2.41,3.39,2.83,1.4977397343730965,1.6399981321129804,1.0632799005329268,closing,market_average_close,0.5944412322145196,0.40555876778548033,0.40555876778548033,0.5944412322145196,market_only,test,2025,1,0.015315559832307812,-0.015315559832307812
80,2025-12-20 17:30:00,2025,30356,0,0,home_win,1,hist_gradient_boosting,4,RasenBallsport Leipzig,Bayer Leverkusen,,15,15,0.4591618530781286,0.2457654827180583,0.295072664203813,0.7049273357961869,0.5408381469218714,2.05,3.83,3.19,1.4185859296696737,1.8489820026405397,1.0623811076173573,closing,market_average_close,0.40353948935668615,0.5964605106433138,0.5964605106433138,0.40353948935668615,market_only,test,2025,1,0.13729865756518522,-0.13729865756518522
81,2025-12-21 14:30:00,2025,30355,0,0,home_win,0,hist_gradient_boosting,4,Mainz 05,St. Pauli,,15,15,0.4799908413259725,0.2842241839875848,0.2357849746864426,0.7642150253135573,0.5200091586740274,1.96,3.31,3.99,1.308532241419488,1.9230430528375737,1.0629454516740708,closing,market_average_close,0.6640609493292602,0.3359390506707398,0.3359390506707398,0.6640609493292602,market_only,test,2025,1,-0.14405179065523266,0.14405179065523277
82,2025-12-21 16:30:00,2025,30354,0,0,home_win,0,hist_gradient_boosting,4,FC Heidenheim,Bayern Munich,,15,15,0.0721136767317939,0.1159857904085257,0.8119005328596803,0.1880994671403197,0.927886323268206,13.06,8.12,1.16,5.316336166194523,1.0777182235834608,1.061791353284198,closing,market_average_close,0.9131490066775966,0.08685099332240344,0.08685099332240344,0.9131490066775966,market_only,test,2025,1,0.014737316590609534,-0.014737316590609395
83,2026-01-09 19:30:00,2025,30362,0,0,home_win,0,hist_gradient_boosting,4,Eintracht Frankfurt,Borussia Dortmund,,,,,,,,,,,,,,,,,0.5623593924896209,0.4376406075103792,0.4376406075103792,0.5623593924896209,market_only,test,2025,1,,
84,2026-01-10 14:30:00,2025,30363,1,1,home_win,1,hist_gradient_boosting,4,Freiburg,Hamburger SV,,16,16,0.5335527850496359,0.2623052798009382,0.2041419351494258,0.7958580648505742,0.4664472149503641,1.76,3.58,4.6,1.2565054551375996,2.143865303400756,1.0649027314681918,closing,market_average_close,0.2373573640846588,0.7626426359153412,0.7626426359153412,0.2373573640846588,market_only,test,2025,0,0.22908985086570532,-0.22908985086570532
84,2026-01-10 14:30:00,2025,30364,0,0,home_win,0,hist_gradient_boosting,4,FC Heidenheim,FC Cologne,,16,16,0.3468519070747838,0.2756506358277607,0.3774974570974554,0.6225025429025446,0.6531480929252161,2.71,3.41,2.49,1.6064191406147463,1.5310463443617488,1.063865247704521,closing,market_average_close,0.803291635382368,0.196708364617632,0.196708364617632,0.803291635382368,market_only,test,2025,1,-0.1501435424571518,0.1501435424571519
84,2026-01-10 14:30:00,2025,30366,0,0,home_win,0,hist_gradient_boosting,4,Union Berlin,Mainz 05,,16,16,0.4490392743722726,0.297470812675638,0.2534899129520894,0.7465100870479107,0.5509607256277274,2.1,3.17,3.72,1.339566627899859,1.815011403690649,1.0604650937407627,closing,market_average_close,0.5717307364031969,0.42826926359680306,0.42826926359680306,0.5717307364031969,market_only,test,2025,1,-0.020770010775469527,0.020770010775469583
85,2026-01-10 17:30:00,2025,30359,0,0,home_win,1,hist_gradient_boosting,4,Bayer Leverkusen,VfB Stuttgart,,16,16,0.4397385823117676,0.2557175451486909,0.3045438725395413,0.6954561274604585,0.5602614176882323,2.14,3.68,3.09,1.4379052258143443,1.7848810723505293,1.0626534455302066,closing,market_average_close,0.48045118627002104,0.519548813729979,0.519548813729979,0.48045118627002104,market_only,test,2025,1,0.07981023141821136,-0.07981023141821131
86,2026-01-11 14:30:00,2025,30361,1,1,home_win,0,hist_gradient_boosting,4,Borussia M.Gladbach,Augsburg,,16,16,0.4925142249420797,0.2605823184596599,0.2469034565982604,0.7530965434017396,0.5074857750579204,1.91,3.61,3.81,1.327851002320362,1.9704985817304297,1.063035711274441,closing,market_average_close,0.6589863225396697,0.3410136774603303,0.3410136774603303,0.6589863225396697,market_only,test,2025,0,-0.1515005474817494,0.15150054748174935
87,2026-01-11 16:30:00,2025,30360,1,1,home_win,1,hist_gradient_boosting,4,Bayern Munich,Wolfsburg,,16,16,0.8421713578954156,0.1013138475663658,0.0565147945382184,0.9434852054617816,0.1578286421045842,1.12,9.31,16.69,1.059900032571849,6.335985576923077,1.0601846458996074,closing,market_average_close,0.13061233275570516,0.8693876672442948,0.8693876672442948,0.13061233275570516,market_only,test,2025,0,0.027216309348879197,-0.02721630934887903
88,2026-01-13 17:30:00,2025,30375,1,1,home_win,1,hist_gradient_boosting,4,VfB Stuttgart,Eintracht Frankfurt,,17,17,0.5703239829323261,0.221942115999608,0.2077339010680658,0.7922660989319341,0.4296760170676738,1.65,4.24,4.53,1.2622021835190411,2.3273349227739195,1.062660214540759,closing,market_average_close,0.2299273344006566,0.7700726655993434,0.7700726655993434,0.2299273344006566,market_only,test,2025,0,0.19974868266701729,-0.19974868266701717
89,2026-01-13 19:30:00,2025,30369,1,1,home_win,0,hist_gradient_boosting,4,Borussia Dortmund,Werder Bremen,,,,,,,,,,,,,,,,,0.5670317457946601,0.4329682542053399,0.4329682542053399,0.5670317457946601,market_only,test,2025,0,,
89,2026-01-13 19:30:00,2025,30373,1,1,home_win,1,hist_gradient_boosting,4,Mainz 05,FC Heidenheim,,17,17,0.5401190468562789,0.2519590191769236,0.2079219339667976,0.7920780660332025,0.4598809531437213,1.74,3.73,4.52,1.2625018200643896,2.1744757924068265,1.0640480964765664,closing,market_average_close,0.23702086148219137,0.7629791385178086,0.7629791385178086,0.23702086148219137,market_only,test,2025,0,0.22286009166152976,-0.22286009166152992
90,2026-01-14 17:30:00,2025,30376,1,1,home_win,0,hist_gradient_boosting,4,Wolfsburg,St. Pauli,,17,17,0.5125093896554758,0.2702055234859815,0.2172850868585427,0.7827149131414572,0.4874906103445242,1.84,3.49,4.34,1.2776043783124822,2.051321561441501,1.0604259587027425,closing,market_average_close,0.5380273002474611,0.4619726997525388,0.4619726997525388,0.5380273002474611,market_only,test,2025,0,-0.05053668990293697,0.05053668990293697
91,2026-01-14 19:30:00,2025,30370,0,0,home_win,0,hist_gradient_boosting,4,FC Cologne,Bayern Munich,,17,17,0.0973109202574078,0.1384423401600235,0.7642467395825687,0.2357532604174313,0.9026890797425922,9.66,6.79,1.23,4.241722885313959,1.1078011493006614,1.0638032038257246,closing,market_average_close,0.9449924673862415,0.0550075326137585,0.0550075326137585,0.9449924673862415,market_only,test,2025,1,-0.0423033876436493,0.04230338764364938
91,2026-01-14 19:30:00,2025,30372,1,1,home_win,0,hist_gradient_boosting,4,Hoffenheim,Borussia M.Gladbach,,17,17,0.495236908174712,0.2469685368850269,0.257794554940261,0.742205445059739,0.504763091825288,1.9,3.81,3.65,1.347335844349015,1.9811274163962185,1.06275558381446,closing,market_average_close,0.5567645613600356,0.44323543863996445,0.44323543863996445,0.5567645613600356,market_only,test,2025,0,-0.052001469534747546,0.0520014695347476
91,2026-01-14 19:30:00,2025,30374,1,1,home_win,1,hist_gradient_boosting,4,RasenBallsport Leipzig,Freiburg,,17,17,0.5511811023622047,0.241671714112659,0.2071471835251363,0.7928528164748638,0.4488188976377953,1.71,3.9,4.55,1.2612681436210846,2.228070175438596,1.060985797827903,closing,market_average_close,0.33626341867175613,0.6637365813282439,0.6637365813282439,0.33626341867175613,market_only,test,2025,0,0.11255547896603912,-0.11255547896603918
92,2026-01-15 19:30:00,2025,30368,0,0,home_win,0,hist_gradient_boosting,4,Augsburg,Union Berlin,,17,17,0.3628721613928652,0.3002680185327543,0.3368598200743803,0.6631401799256196,0.6371278386071346,2.59,3.13,2.79,1.5079767902348549,1.5695437232599396,1.0640121430598604,closing,market_average_close,0.8105183742401881,0.18948162575981184,0.18948162575981184,0.8105183742401881,market_only,test,2025,1,-0.17339053563305337,0.1733905356330535
93,2026-01-16 19:30:00,2025,30384,0,0,home_win,0,hist_gradient_boosting,4,Werder Bremen,Eintracht Frankfurt,,18,18,0.3648234903537571,0.2717670638287408,0.3634094458175022,0.6365905541824979,0.635176509646243,2.57,3.45,2.58,1.570868423085838,1.5743655264533365,1.066557030054333,closing,market_average_close,0.7822847065969554,0.21771529340304463,0.21771529340304463,0.7822847065969554,market_only,test,2025,1,-0.14710819695071248,0.14710819695071242
94,2026-01-17 14:30:00,2025,30378,1,1,home_win,0,hist_gradient_boosting,4,Borussia Dortmund,St. Pauli,,,,,,,,,,,,,,,,,0.5595660670383931,0.44043393296160693,0.44043393296160693,0.5595660670383931,market_only,test,2025,0,,
94,2026-01-17 14:30:00,2025,30379,1,1,home_win,0,hist_gradient_boosting,4,FC Cologne,Mainz 05,,18,18,0.4518767214323854,0.2708655851813722,0.2772576933862424,0.7227423066137577,0.5481232785676147,2.08,3.47,3.39,1.3836190172473355,1.8244070980040368,1.0639389195470397,closing,market_average_close,0.6175275366891282,0.3824724633108718,0.3824724633108718,0.6175275366891282,market_only,test,2025,0,-0.06940425812151357,0.06940425812151352
94,2026-01-17 14:30:00,2025,30380,0,0,home_win,0,hist_gradient_boosting,4,Hamburger SV,Borussia M.Gladbach,,18,18,0.3899553562344591,0.2755989467815385,0.3344456969840023,0.6655543030159976,0.6100446437655409,2.41,3.41,2.81,1.5025070012596156,1.6392242932048935,1.0640647774219054,closing,market_average_close,0.7560141779172638,0.24398582208273628,0.24398582208273628,0.7560141779172638,market_only,test,2025,1,-0.1459695341517228,0.14596953415172287
94,2026-01-17 14:30:00,2025,30381,1,1,home_win,0,hist_gradient_boosting,4,Hoffenheim,Bayer Leverkusen,,18,18,0.4070705670317482,0.2534590323027866,0.3394704006654651,0.6605295993345348,0.5929294329682517,2.31,3.71,2.77,1.513936697170683,1.686541339319117,1.063453042201084,closing,market_average_close,0.6391347655665782,0.3608652344334217,0.3608652344334217,0.6391347655665782,market_only,test,2025,0,-0.04620533259832649,0.04620533259832649
94,2026-01-17 14:30:00,2025,30385,0,0,home_win,1,hist_gradient_boosting,4,Wolfsburg,FC Heidenheim,,18,18,0.5655987671001019,0.2355486137299676,0.1988526191699305,0.8011473808300695,0.4344012328998981,1.67,4.01,4.75,1.248209785025945,2.3020192491728872,1.058705269602546,closing,market_average_close,0.3817003034702502,0.6182996965297498,0.6182996965297498,0.3817003034702502,market_only,test,2025,1,0.05270092942964788,-0.052700929429647936
95,2026-01-17 17:30:00,2025,30382,0,0,home_win,0,hist_gradient_boosting,4,RasenBallsport Leipzig,Bayern Munich,,18,18,0.2285698316389584,0.2174844587419188,0.5539457096191228,0.4460542903808773,0.7714301683610417,4.12,4.33,1.7,2.2418795683954054,1.296293612841939,1.0619006229366788,closing,market_average_close,0.6796188200329301,0.32038117996707,0.32038117996707,0.6796188200329301,market_only,test,2025,1,0.09181134832811161,-0.09181134832811166
96,2026-01-18 14:30:00,2025,30383,0,0,home_win,1,hist_gradient_boosting,4,VfB Stuttgart,Union Berlin,,18,18,0.5966219864943619,0.2310447888875225,0.1723332246181155,0.8276667753818845,0.403378013505638,1.58,4.08,5.47,1.208215709200845,2.4790642189674594,1.0608247881106947,closing,market_average_close,0.35242316759496906,0.6475768324050309,0.6475768324050309,0.35242316759496906,market_only,test,2025,1,0.05095484591066901,-0.050954845910668956
97,2026-01-18 16:30:00,2025,30377,0,0,home_win,0,hist_gradient_boosting,4,Augsburg,Freiburg,,18,18,0.3634786559550608,0.2941905371636273,0.3423308068813118,0.6576691931186882,0.6365213440449392,2.59,3.2,2.75,1.52052127492542,1.5710392265014113,1.0622367497367498,closing,market_average_close,0.7512788138276959,0.2487211861723041,0.2487211861723041,0.7512788138276959,market_only,test,2025,1,-0.1147574697827567,0.1147574697827567
98,2026-01-23 19:30:00,2025,30393,0,0,home_win,0,hist_gradient_boosting,4,St. Pauli,Hamburger SV,,19,19,0.3347331964144543,0.3232303374311397,0.342036466154406,0.657963533845594,0.6652668035855458,2.81,2.91,2.75,1.5198410680228862,1.5031563195553486,1.0631508614412088,closing,market_average_close,0.8265169785527952,0.17348302144720484,0.17348302144720484,0.8265169785527952,market_only,test,2025,1,-0.16125017496724947,0.16125017496724936
99,2026-01-24 14:30:00,2025,30386,1,1,home_win,1,hist_gradient_boosting,4,Bayer Leverkusen,Werder Bremen,,19,19,0.6102472597501912,0.2131022176905429,0.1766505225592658,0.8233494774407342,0.3897527402498087,1.54,4.41,5.32,1.2145510835913311,2.5657292347939835,1.064077943777192,closing,market_average_close,0.18160784442122047,0.8183921555787795,0.8183921555787795,0.18160784442122047,market_only,test,2025,0,0.2081448958285883,-0.20814489582858825
99,2026-01-24 14:30:00,2025,30387,0,0,home_win,1,hist_gradient_boosting,4,Bayern Munich,Augsburg,,19,19,0.8414541081793584,0.101010568184446,0.0575353236361954,0.9424646763638044,0.1585458918206415,1.12,9.33,16.38,1.061047724205619,6.3073220536756125,1.0610883400272468,closing,market_average_close,0.10350774436042887,0.8964922556395711,0.8964922556395711,0.10350774436042887,market_only,test,2025,1,0.05503814746021274,-0.05503814746021263
99,2026-01-24 14:30:00,2025,30389,0,0,home_win,0,hist_gradient_boosting,4,Eintracht Frankfurt,Hoffenheim,,19,19,0.3136628356439725,0.2619697984847703,0.424367365871257,0.575632634128743,0.6863371643560274,2.99,3.58,2.21,1.7372190885486614,1.4570098370503868,1.06626645725647,closing,market_average_close,0.8319369068368697,0.16806309316313028,0.16806309316313028,0.8319369068368697,market_only,test,2025,1,-0.14559974248084223,0.1455997424808423
99,2026-01-24 14:30:00,2025,30391,0,0,home_win,0,hist_gradient_boosting,4,FC Heidenheim,RasenBallsport Leipzig,,19,19,0.2040041181226479,0.2167249291834135,0.5792709526939386,0.4207290473060614,0.795995881877352,4.6,4.33,1.62,2.376826621320836,1.2562879064669346,1.0656221371822,closing,market_average_close,0.8522150283862054,0.14778497161379459,0.14778497161379459,0.8522150283862054,market_only,test,2025,1,-0.05621914650885332,0.0562191465088534
99,2026-01-24 14:30:00,2025,30392,1,1,home_win,1,hist_gradient_boosting,4,Mainz 05,Wolfsburg,,19,19,0.4104999818715782,0.2822957833291034,0.3072042347993184,0.6927957652006816,0.5895000181284218,2.29,3.33,3.06,1.4434268369269416,1.6963527892244294,1.0637789086286389,closing,market_average_close,0.4849877028655699,0.5150122971344301,0.5150122971344301,0.4849877028655699,market_only,test,2025,0,0.10451231526285187,-0.10451231526285187
100,2026-01-24 17:30:00,2025,30394,0,0,home_win,0,hist_gradient_boosting,4,Union Berlin,Borussia Dortmund,,,,,,,,,,,,,,,,,0.5572676999768709,0.4427323000231292,0.4427323000231292,0.5572676999768709,market_only,test,2025,1,,
101,2026-01-25 14:30:00,2025,30388,0,0,home_win,0,hist_gradient_boosting,4,Borussia M.Gladbach,VfB Stuttgart,,19,19,0.3272866197657063,0.261104006904497,0.4116093733297966,0.5883906266702034,0.6727133802342937,2.88,3.61,2.29,1.6995512074336736,1.4865171845574388,1.0609117551789533,closing,market_average_close,0.719484458391946,0.280515541608054,0.280515541608054,0.719484458391946,market_only,test,2025,1,-0.0467710781576523,0.046771078157652246
102,2026-01-25 16:30:00,2025,30390,1,1,home_win,1,hist_gradient_boosting,4,Freiburg,FC Cologne,,19,19,0.4751447394689559,0.2613296067079257,0.2635256538231184,0.7364743461768817,0.5248552605310441,1.98,3.6,3.57,1.357820547573868,1.905287181437809,1.06294032764621,closing,market_average_close,0.49429550942938616,0.5057044905706138,0.5057044905706138,0.49429550942938616,market_only,test,2025,0,0.030559751101657928,-0.030559751101657984
103,2026-01-27 19:30:00,2025,30365,0,0,home_win,0,hist_gradient_boosting,4,St. Pauli,RasenBallsport Leipzig,,16,16,0.1983693501147787,0.263199556716536,0.5384310931686852,0.4615689068313148,0.8016306498852213,4.75,3.58,1.75,2.1665237523580863,1.2474572923866891,1.0612844961565926,closing,market_average_close,0.8738196746838816,0.12618032531611847,0.12618032531611847,0.8738196746838816,market_only,test,2025,1,-0.07218902479866021,0.0721890247986603
103,2026-01-27 19:30:00,2025,30367,0,0,home_win,0,hist_gradient_boosting,4,Werder Bremen,Hoffenheim,,16,16,0.2573630112301238,0.2545807084060143,0.4880562803638618,0.511943719636138,0.7426369887698762,3.66,3.7,1.93,1.9533397161522872,1.3465529122868318,1.061629029012024,closing,market_average_close,0.7397162174184357,0.26028378258156426,0.26028378258156426,0.7397162174184357,market_only,test,2025,1,0.0029207713514404765,-0.002920771351440421
104,2026-01-30 19:30:00,2025,30398,1,1,home_win,1,hist_gradient_boosting,4,FC Cologne,Wolfsburg,,20,20,0.4634280421407755,0.2598781562281144,0.27669380163111,0.72330619836889,0.5365719578592245,2.03,3.62,3.4,1.3825403435710566,1.8636829326484496,1.0629715784198992,closing,market_average_close,0.4084326885150188,0.5915673114849812,0.5915673114849812,0.4084326885150188,market_only,test,2025,0,0.12813926934420572,-0.12813926934420572
105,2026-01-31 14:30:00,2025,30395,1,1,home_win,1,hist_gradient_boosting,4,Augsburg,St. Pauli,,20,20,0.4457622647136417,0.3073720191326092,0.246865716153749,0.7531342838462509,0.5542377352863583,2.11,3.06,3.81,1.3277844621453263,1.8042798898983836,1.0631982265110644,closing,market_average_close,0.36566429992085436,0.6343357000791456,0.6343357000791456,0.36566429992085436,market_only,test,2025,0,0.18857343536550392,-0.18857343536550397
105,2026-01-31 14:30:00,2025,30397,0,0,home_win,0,hist_gradient_boosting,4,Eintracht Frankfurt,Bayer Leverkusen,,20,20,0.2781059710987912,0.2611106061983095,0.4607834227028991,0.5392165772971007,0.7218940289012087,3.38,3.6,2.04,1.854542390021912,1.3852448696965884,1.063831844374831,closing,market_average_close,0.8140362017493157,0.18596379825068438,0.18596379825068438,0.8140362017493157,market_only,test,2025,1,-0.09214217284810683,0.092142172848107
105,2026-01-31 14:30:00,2025,30400,1,1,home_win,1,hist_gradient_boosting,4,Hoffenheim,Union Berlin,,20,20,0.5190710410222606,0.2588205466254247,0.2221084123523148,0.7778915876476853,0.4809289589777394,1.81,3.63,4.23,1.2855261785565288,2.0793091813926026,1.0643749008945584,closing,market_average_close,0.19093947757391005,0.80906052242609,0.80906052242609,0.19093947757391005,market_only,test,2025,0,0.2899894814038293,-0.28998948140382935
105,2026-01-31 14:30:00,2025,30401,0,0,home_win,1,hist_gradient_boosting,4,RasenBallsport Leipzig,Mainz 05,,20,20,0.6189287152637939,0.208135320177205,0.1729359645590012,0.8270640354409989,0.3810712847362062,1.52,4.52,5.44,1.2090962212699647,2.6241809342633693,1.0629572043069673,closing,market_average_close,0.12832154145322738,0.8716784585467726,0.8716784585467726,0.12832154145322738,market_only,test,2025,1,0.2527497432829787,-0.25274974328297883
105,2026-01-31 14:30:00,2025,30403,0,0,home_win,1,hist_gradient_boosting,4,Werder Bremen,Borussia M.Gladbach,,20,20,0.4382871536523929,0.269521410579345,0.2921914357682619,0.707808564231738,0.561712846347607,2.14,3.48,3.21,1.412811387900356,1.7802690582959644,1.0661725212160276,closing,market_average_close,0.38280357793568687,0.6171964220643131,0.6171964220643131,0.38280357793568687,market_only,test,2025,1,0.17890926841192023,-0.17890926841192012
106,2026-01-31 17:30:00,2025,30399,0,0,home_win,0,hist_gradient_boosting,4,Hamburger SV,Bayern Munich,,20,20,0.1040439467684699,0.1578175017481336,0.7381385514833966,0.2618614485166035,0.8959560532315302,9.01,5.94,1.27,3.81881336739262,1.1161261720295372,1.06673953449627,closing,market_average_close,0.9510586629068124,0.04894133709318762,0.04894133709318762,0.9510586629068124,market_only,test,2025,1,-0.05510260967528228,0.055102609675282244
107,2026-02-01 14:30:00,2025,30402,1,1,home_win,1,hist_gradient_boosting,4,VfB Stuttgart,Freiburg,,20,20,0.5770848613281306,0.2277598847372525,0.1951552539346167,0.8048447460653831,0.4229151386718693,1.63,4.13,4.82,1.2424756512217612,2.3645405627720466,1.063096562788714,closing,market_average_close,0.22218323151726582,0.7778167684827342,0.7778167684827342,0.22218323151726582,market_only,test,2025,0,0.20073190715460354,-0.20073190715460348
108,2026-02-01 16:30:00,2025,30396,1,1,home_win,0,hist_gradient_boosting,4,Borussia Dortmund,FC Heidenheim,,,,,,,,,,,,,,,,,0.5586693456368843,0.44133065436311564,0.44133065436311564,0.5586693456368843,market_only,test,2025,0,,
109,2026-02-06 19:30:00,2025,30411,0,0,home_win,1,hist_gradient_boosting,4,Union Berlin,Eintracht Frankfurt,,21,21,0.4390212411332256,0.2771402525147796,0.2838385063519948,0.7161614936480052,0.5609787588667744,2.14,3.39,3.31,1.3963331020579863,1.7825986887989955,1.064389773989009,closing,market_average_close,0.43208435150923885,0.5679156484907611,0.5679156484907611,0.43208435150923885,market_only,test,2025,1,0.12889440735753555,-0.12889440735753555
110,2026-02-07 14:30:00,2025,30407,1,1,home_win,1,hist_gradient_boosting,4,Freiburg,Werder Bremen,,21,21,0.4476416333214887,0.2814513263398582,0.2709070403386531,0.7290929596613469,0.5523583666785113,2.1,3.34,3.47,1.3715672147821665,1.8104188518285436,1.0637761118356124,closing,market_average_close,0.35261132692973474,0.6473886730702653,0.6473886730702653,0.35261132692973474,market_only,test,2025,0,0.19974703974877656,-0.1997470397487766
110,2026-02-07 14:30:00,2025,30408,0,0,home_win,0,hist_gradient_boosting,4,FC Heidenheim,Hamburger SV,,21,21,0.3281415455272051,0.2794558562798453,0.3924025981929495,0.6075974018070505,0.6718584544727948,2.87,3.37,2.4,1.645826655982906,1.4884087464296285,1.061834627460306,closing,market_average_close,0.7772292750940473,0.2227707249059527,0.2227707249059527,0.7772292750940473,market_only,test,2025,1,-0.10537082062125239,0.10537082062125247
110,2026-02-07 14:30:00,2025,30409,1,1,home_win,0,hist_gradient_boosting,4,Mainz 05,Augsburg,,21,21,0.4852600558932591,0.2636987418579615,0.2510412022487793,0.7489587977512207,0.5147399441067408,1.94,3.57,3.75,1.3351869328493648,1.9427285786716244,1.062242629010367,closing,market_average_close,0.5388955979672901,0.46110440203270986,0.46110440203270986,0.5388955979672901,market_only,test,2025,0,-0.024155653860549242,0.024155653860549298
110,2026-02-07 14:30:00,2025,30410,1,1,home_win,0,hist_gradient_boosting,4,St. Pauli,VfB Stuttgart,,21,21,0.1965329972432022,0.2497063811127159,0.5537606216440817,0.4462393783559182,0.8034670027567976,4.79,3.77,1.7,2.240949697636064,1.2446061836626428,1.0622555507309497,closing,market_average_close,0.8815082493076785,0.1184917506923215,0.1184917506923215,0.8815082493076785,market_only,test,2025,0,-0.0780412465508807,0.07804124655088085
110,2026-02-07 14:30:00,2025,30412,0,0,home_win,0,hist_gradient_boosting,4,Wolfsburg,Borussia Dortmund,,,,,,,,,,,,,,,,,0.5588482962674222,0.44115170373257784,0.44115170373257784,0.5588482962674222,market_only,test,2025,1,,
111,2026-02-07 17:30:00,2025,30405,0,0,home_win,0,hist_gradient_boosting,4,Borussia M.Gladbach,Bayer Leverkusen,,21,21,0.2707514279356131,0.2581410874564201,0.4711074846079668,0.5288925153920332,0.7292485720643869,3.48,3.65,2.0,1.8907433380084155,1.37127453972129,1.0613289245788065,closing,market_average_close,0.7439905710247396,0.2560094289752604,0.2560094289752604,0.7439905710247396,market_only,test,2025,1,-0.014741998960352665,0.014741998960352776
112,2026-02-08 14:30:00,2025,30406,0,0,home_win,0,hist_gradient_boosting,4,FC Cologne,RasenBallsport Leipzig,,21,21,0.2845160455964675,0.2446098989413785,0.4708740554621538,0.5291259445378461,0.7154839544035324,3.31,3.85,2.0,1.889909217877095,1.3976553825496425,1.0618550633656374,closing,market_average_close,0.7429070269767122,0.2570929730232879,0.2570929730232879,0.7429070269767122,market_only,test,2025,1,-0.027423072573179608,0.027423072573179774
113,2026-02-08 16:30:00,2025,30404,1,1,home_win,1,hist_gradient_boosting,4,Bayern Munich,Hoffenheim,,21,21,0.7705476852740659,0.1337223578996245,0.0957299568263096,0.9042700431736904,0.229452314725934,1.22,7.03,9.82,1.1058643461087452,4.358204018096027,1.0637526357061249,closing,market_average_close,0.06673317536098389,0.9332668246390161,0.9332668246390161,0.06673317536098389,market_only,test,2025,0,0.1627191393649502,-0.1627191393649501
114,2026-02-13 19:30:00,2025,30415,1,1,home_win,0,hist_gradient_boosting,4,Borussia Dortmund,Mainz 05,,,,,,,,,,,,,,,,,0.5619528010724748,0.43804719892752525,0.43804719892752525,0.5619528010724748,market_only,test,2025,0,,
115,2026-02-14 14:30:00,2025,30414,1,1,home_win,1,hist_gradient_boosting,4,Bayer Leverkusen,St. Pauli,,22,22,0.6238683285732474,0.2227047697743743,0.1534269016523784,0.8465730983476216,0.3761316714267527,1.51,4.23,6.14,1.1812329046975905,2.658643437833281,1.0615247245258823,closing,market_average_close,0.33406912387517096,0.665930876124829,0.665930876124829,0.33406912387517096,market_only,test,2025,0,0.042062547551581675,-0.04206254755158173
115,2026-02-14 14:30:00,2025,30416,1,1,home_win,1,hist_gradient_boosting,4,Eintracht Frankfurt,Borussia M.Gladbach,,22,22,0.4441612882019234,0.2713607870282645,0.284477924769812,0.715522075230188,0.5558387117980765,2.12,3.47,3.31,1.3975809197477154,1.7990830411309622,1.0619973548732706,closing,market_average_close,0.46806379594247405,0.531936204057526,0.531936204057526,0.46806379594247405,market_only,test,2025,0,0.08777491585560254,-0.08777491585560249
115,2026-02-14 14:30:00,2025,30417,1,1,home_win,0,hist_gradient_boosting,4,Hamburger SV,Union Berlin,,22,22,0.4025641025641026,0.2987179487179487,0.2987179487179487,0.7012820512820515,0.5974358974358975,2.33,3.14,3.14,1.4259597806215718,1.67381974248927,1.0661272245154587,closing,market_average_close,0.6470182392713777,0.3529817607286223,0.3529817607286223,0.6470182392713777,market_only,test,2025,0,-0.04958234183548027,0.04958234183548016
115,2026-02-14 14:30:00,2025,30418,1,1,home_win,1,hist_gradient_boosting,4,Hoffenheim,Freiburg,,22,22,0.5528070579591938,0.2397377547272013,0.2074551873136047,0.7925448126863952,0.447192942040806,1.7,3.92,4.53,1.2617583056413155,2.236171249564915,1.0640878868103534,closing,market_average_close,0.1878397598826015,0.8121602401173985,0.8121602401173985,0.1878397598826015,market_only,test,2025,0,0.2593531821582047,-0.2593531821582045
115,2026-02-14 14:30:00,2025,30421,0,0,home_win,0,hist_gradient_boosting,4,Werder Bremen,Bayern Munich,,22,22,0.1195186266148152,0.1615449018395787,0.7189364715456061,0.281063528454394,0.8804813733851848,7.88,5.83,1.31,3.55791448822668,1.135742368013195,1.0617889185463727,closing,market_average_close,0.9329333534999722,0.06706664650002782,0.06706664650002782,0.9329333534999722,market_only,test,2025,1,-0.05245198011478738,0.052451980114787355
116,2026-02-14 17:30:00,2025,30420,1,1,home_win,1,hist_gradient_boosting,4,VfB Stuttgart,FC Cologne,,22,22,0.6326981200831708,0.2001529084764171,0.1671489714404121,0.8328510285595879,0.3673018799168292,1.49,4.71,5.64,1.2006949210706932,2.72255617157864,1.060760129189401,closing,market_average_close,0.33435136974463264,0.6656486302553674,0.6656486302553674,0.33435136974463264,market_only,test,2025,0,0.03295051017219652,-0.03295051017219658
117,2026-02-15 14:30:00,2025,30413,1,1,home_win,1,hist_gradient_boosting,4,Augsburg,FC Heidenheim,,22,22,0.5022299786697693,0.2538297459763428,0.2439402753538879,0.756059724646112,0.4977700213302307,1.87,3.7,3.85,1.322646832521159,2.008959875340865,1.0647698882993,closing,market_average_close,0.18349653083471196,0.816503469165288,0.816503469165288,0.18349653083471196,market_only,test,2025,0,0.3142734904955188,-0.3142734904955187
118,2026-02-15 16:30:00,2025,30419,0,0,home_win,1,hist_gradient_boosting,4,RasenBallsport Leipzig,Wolfsburg,,22,22,0.6233703704622899,0.2019934033043042,0.1746362262334058,0.8253637737665942,0.3766296295377101,1.51,4.66,5.39,1.211586977505014,2.65512833185068,1.0623726872645791,closing,market_average_close,0.16653462202015035,0.8334653779798497,0.8334653779798497,0.16653462202015035,market_only,test,2025,1,0.21009500751755972,-0.21009500751755977
119,2026-02-20 19:30:00,2025,30426,0,0,home_win,1,hist_gradient_boosting,4,Mainz 05,Hamburger SV,,23,23,0.4568180261625916,0.2727667054767938,0.2704152683606146,0.7295847316393855,0.5431819738374084,2.06,3.45,3.48,1.3706427185681205,1.841003656537637,1.062648287506732,closing,market_average_close,0.3466155862574041,0.6533844137425959,0.6533844137425959,0.3466155862574041,market_only,test,2025,1,0.19656638758000433,-0.19656638758000433
120,2026-02-21 14:30:00,2025,30422,1,1,home_win,1,hist_gradient_boosting,4,Bayern Munich,Eintracht Frankfurt,,23,23,0.8656552587990014,0.085929014660195,0.0484157265408038,0.9515842734591964,0.1343447412009988,1.08,10.88,19.31,1.0508790738678382,7.443536613791663,1.0696243296789338,closing,market_average_close,0.13409133397724937,0.8659086660227506,0.8659086660227506,0.13409133397724937,market_only,test,2025,0,0.00025340722374922464,-0.00025340722374941893
120,2026-02-21 14:30:00,2025,30423,0,0,home_win,0,hist_gradient_boosting,4,FC Cologne,Hoffenheim,,23,23,0.2741118070535644,0.253424123502352,0.4724640694440835,0.5275359305559165,0.7258881929464356,3.43,3.71,1.99,1.8956054783722531,1.3776226279985675,1.0635995312941846,closing,market_average_close,0.8412415776328837,0.15875842236711635,0.15875842236711635,0.8412415776328837,market_only,test,2025,1,-0.11535338468644807,0.11535338468644807
120,2026-02-21 14:30:00,2025,30429,1,1,home_win,0,hist_gradient_boosting,4,Union Berlin,Bayer Leverkusen,,23,23,0.3031454677771489,0.2882671626101722,0.408587369612679,0.5914126303873212,0.6968545322228512,3.1,3.26,2.3,1.6908668307355754,1.43501972615456,1.064111720114611,closing,market_average_close,0.8287276451287601,0.17127235487123996,0.17127235487123996,0.8287276451287601,market_only,test,2025,0,-0.13187311290590895,0.13187311290590886
120,2026-02-21 14:30:00,2025,30430,0,0,home_win,1,hist_gradient_boosting,4,Wolfsburg,Augsburg,,23,23,0.4279229234610376,0.2764457824128827,0.2956312941260796,0.7043687058739204,0.5720770765389624,2.19,3.39,3.17,1.4197110003052813,1.748016204477113,1.0670636685528845,closing,market_average_close,0.46725334955436737,0.5327466504456326,0.5327466504456326,0.46725334955436737,market_only,test,2025,1,0.10482372698459502,-0.10482372698459508
121,2026-02-21 17:30:00,2025,30427,0,0,home_win,0,hist_gradient_boosting,4,RasenBallsport Leipzig,Borussia Dortmund,,,,,,,,,,,,,,,,,0.5578187978881508,0.44218120211184925,0.44218120211184925,0.5578187978881508,market_only,test,2025,1,,
122,2026-02-22 14:30:00,2025,30424,1,1,home_win,1,hist_gradient_boosting,4,Freiburg,Borussia M.Gladbach,,23,23,0.4561657841327006,0.2813477590758572,0.2624864567914422,0.7375135432085578,0.5438342158672995,2.06,3.34,3.58,1.3559073039519969,1.8387956675458776,1.0641676997472214,closing,market_average_close,0.24382402875502152,0.7561759712449785,0.7561759712449785,0.24382402875502152,market_only,test,2025,0,0.3000101871122779,-0.300010187112278
123,2026-02-22 16:30:00,2025,30428,1,1,home_win,0,hist_gradient_boosting,4,St. Pauli,Werder Bremen,,23,23,0.354259939999082,0.3018613636648126,0.3438786963361052,0.6561213036638947,0.6457400600009179,2.65,3.11,2.73,1.524108414733415,1.548610752132334,1.0652022652265327,closing,market_average_close,0.829511153550129,0.17048884644987095,0.17048884644987095,0.829511153550129,market_only,test,2025,0,-0.18377109354921106,0.18377109354921117
124,2026-02-22 18:30:00,2025,30425,0,0,home_win,0,hist_gradient_boosting,4,FC Heidenheim,VfB Stuttgart,,23,23,0.2129205367607199,0.2235412761240812,0.5635381871151989,0.4364618128848012,0.7870794632392801,4.42,4.21,1.67,2.2911511854622155,1.2705197463600824,1.062576430312385,closing,market_average_close,0.7286682295774964,0.2713317704225036,0.2713317704225036,0.7286682295774964,market_only,test,2025,1,0.05841123366178372,-0.05841123366178369
125,2026-02-27 19:30:00,2025,30431,1,1,home_win,1,hist_gradient_boosting,4,Augsburg,FC Cologne,,24,24,0.4336703777194253,0.2763209486353861,0.2900086736451885,0.7099913263548114,0.5663296222805746,2.16,3.39,3.23,1.4084679106350937,1.7657561262168513,1.0675457369202404,closing,market_average_close,0.4740021477800457,0.5259978522199543,0.5259978522199543,0.4740021477800457,market_only,test,2025,0,0.09232747450052903,-0.09232747450052892
126,2026-02-28 14:30:00,2025,30432,0,0,home_win,1,hist_gradient_boosting,4,Bayer Leverkusen,Mainz 05,,24,24,0.5583906515790252,0.2345240736631906,0.2070852747577842,0.7929147252422158,0.4416093484209748,1.68,4.0,4.53,1.2611696670086745,2.2644448166136324,1.0659886471144748,closing,market_average_close,0.13290298505211173,0.8670970149478883,0.8670970149478883,0.13290298505211173,market_only,test,2025,1,0.30870636336886303,-0.3087063633688631
126,2026-02-28 14:30:00,2025,30433,1,1,home_win,1,hist_gradient_boosting,4,Borussia M.Gladbach,Union Berlin,,24,24,0.4004150481562284,0.2882988346724844,0.3112861171712872,0.6887138828287129,0.5995849518437717,2.34,3.25,3.01,1.4519817662056709,1.6678203762868298,1.0672686486639975,closing,market_average_close,0.40119016870566504,0.598809831294335,0.598809831294335,0.40119016870566504,market_only,test,2025,0,0.19839478313810655,-0.19839478313810666
126,2026-02-28 14:30:00,2025,30437,0,0,home_win,1,hist_gradient_boosting,4,Hoffenheim,St. Pauli,,24,24,0.6224093562712679,0.2237709828499081,0.1538196608788239,0.8461803391211761,0.3775906437287321,1.51,4.2,6.11,1.1817811804024867,2.6483707067657583,1.0640130148373068,closing,market_average_close,0.22798270685075261,0.7720172931492474,0.7720172931492474,0.22798270685075261,market_only,test,2025,1,0.14960793687797946,-0.14960793687797946
126,2026-02-28 14:30:00,2025,30439,1,1,home_win,1,hist_gradient_boosting,4,Werder Bremen,FC Heidenheim,,24,24,0.5875512823032879,0.2232973994501806,0.1891513182465313,0.8108486817534686,0.412448717696712,1.6,4.21,4.97,1.2332757301121706,2.4245438453159043,1.063736934672166,closing,market_average_close,0.22798270685075261,0.7720172931492474,0.7720172931492474,0.22798270685075261,market_only,test,2025,0,0.18446601084595948,-0.18446601084595937
127,2026-02-28 17:30:00,2025,30434,0,0,home_win,0,hist_gradient_boosting,4,Borussia Dortmund,Bayern Munich,,,,,,,,,,,,,,,,,0.556666892165089,0.4433331078349109,0.4433331078349109,0.556666892165089,market_only,test,2025,1,,
128,2026-03-01 14:30:00,2025,30438,1,1,home_win,1,hist_gradient_boosting,4,VfB Stuttgart,Wolfsburg,,24,24,0.6844788936041284,0.1736548304143807,0.141866275981491,0.8581337240185091,0.3155211063958717,1.37,5.4,6.61,1.165319544041636,3.1693600831423936,1.0663981228929271,closing,market_average_close,0.22168825720130803,0.778311742798692,0.778311742798692,0.22168825720130803,market_only,test,2025,0,0.09383284919456358,-0.0938328491945637
129,2026-03-01 16:30:00,2025,30435,1,1,home_win,1,hist_gradient_boosting,4,Eintracht Frankfurt,Freiburg,,24,24,0.4221246581258097,0.2716280408809558,0.3062473009932345,0.6937526990067655,0.5778753418741903,2.22,3.45,3.06,1.4414358335926964,1.7304770207996014,1.0671029085351336,closing,market_average_close,0.4069224341513409,0.5930775658486591,0.5930775658486591,0.4069224341513409,market_only,test,2025,0,0.17095290772284943,-0.17095290772284943
130,2026-03-01 18:30:00,2025,30436,0,0,home_win,0,hist_gradient_boosting,4,Hamburger SV,RasenBallsport Leipzig,,24,24,0.2524461839530332,0.2426614481409001,0.5048923679060665,0.4951076320939334,0.7475538160469667,3.72,3.87,1.86,2.0197628458498027,1.337696335078534,1.064849545719763,closing,market_average_close,0.7623119221693349,0.2376880778306651,0.2376880778306651,0.7623119221693349,market_only,test,2025,1,-0.014758106122368109,0.014758106122368164
131,2026-03-04 19:30:00,2025,30371,0,0,home_win,0,hist_gradient_boosting,4,Hamburger SV,Bayer Leverkusen,,17,17,0.2651000367005127,0.2585273085178554,0.4763726547816319,0.5236273452183682,0.7348999632994873,3.54,3.63,1.97,1.909755113310536,1.3607294188861987,1.065582182568096,closing,market_average_close,0.7717212224594174,0.22827877754058257,0.22827877754058257,0.7717212224594174,market_only,test,2025,1,-0.03682125915993012,0.036821259159930175
132,2026-03-06 19:30:00,2025,30440,1,1,home_win,1,hist_gradient_boosting,4,Bayern Munich,Borussia M.Gladbach,,25,25,0.7783720052332466,0.1330268540017271,0.0886011407650261,0.9113988592349738,0.2216279947667533,1.21,7.08,10.63,1.097214452121871,4.512065369054231,1.0617625960790855,closing,market_average_close,0.1339660906653617,0.8660339093346383,0.8660339093346383,0.1339660906653617,market_only,test,2025,0,0.08766190410139174,-0.0876619041013916
133,2026-03-07 14:30:00,2025,30442,0,0,home_win,0,hist_gradient_boosting,4,Freiburg,Bayer Leverkusen,,25,25,0.3196099411507222,0.2788288507368318,0.4015612081124459,0.598438791887554,0.6803900588492777,2.94,3.37,2.34,1.6710146694298835,1.4697451660173702,1.0642223868167064,closing,market_average_close,0.7788890291294723,0.22111097087052772,0.22111097087052772,0.7788890291294723,market_only,test,2025,1,-0.0984989702801945,0.09849897028019461
133,2026-03-07 14:30:00,2025,30443,0,0,home_win,0,hist_gradient_boosting,4,FC Heidenheim,Hoffenheim,,25,25,0.1726215044564349,0.2054838039919051,0.6218946915516599,0.3781053084483401,0.827378495543565,5.44,4.57,1.51,2.644765830196294,1.2086366824690402,1.0648935657848864,closing,market_average_close,0.8440143516138034,0.15598564838619652,0.15598564838619652,0.8440143516138034,market_only,test,2025,1,-0.016635856070238375,0.01663585607023843
133,2026-03-07 14:30:00,2025,30444,0,0,home_win,0,hist_gradient_boosting,4,Mainz 05,VfB Stuttgart,,25,25,0.2702767289585623,0.2487692969459446,0.480953974095493,0.519046025904507,0.7297232710414377,3.47,3.77,1.95,1.9266114180478824,1.370382499345035,1.066256940250779,closing,market_average_close,0.8169069332614405,0.18309306673855952,0.18309306673855952,0.8169069332614405,market_only,test,2025,1,-0.08718366222000279,0.08718366222000273
133,2026-03-07 14:30:00,2025,30445,1,1,home_win,1,hist_gradient_boosting,4,RasenBallsport Leipzig,Augsburg,,25,25,0.7043744709262815,0.1728446579948255,0.1227808710788931,0.877219128921107,0.2956255290737186,1.33,5.42,7.63,1.1399660210669385,3.382657793910062,1.0674431432180775,closing,market_average_close,0.22977615822222897,0.770223841777771,0.770223841777771,0.22977615822222897,market_only,test,2025,0,0.06584937085148956,-0.06584937085148962
133,2026-03-07 14:30:00,2025,30448,0,0,home_win,0,hist_gradient_boosting,4,Wolfsburg,Hamburger SV,,25,25,0.3668807026625092,0.2786986940106895,0.3544206033268013,0.6455793966731986,0.6331192973374908,2.56,3.37,2.65,1.5489961500524994,1.5794811565614617,1.064719395610548,closing,market_average_close,0.5529850596727517,0.4470149403272483,0.4470149403272483,0.5529850596727517,market_only,test,2025,1,0.0801342376647391,-0.08013423766473915
134,2026-03-07 17:30:00,2025,30441,0,0,home_win,0,hist_gradient_boosting,4,FC Cologne,Borussia Dortmund,,,,,,,,,,,,,,,,,0.5660097389232782,0.4339902610767218,0.4339902610767218,0.5660097389232782,market_only,test,2025,1,,
135,2026-03-08 14:30:00,2025,30446,0,0,home_win,0,hist_gradient_boosting,4,St. Pauli,Eintracht Frankfurt,,25,25,0.3701787626657879,0.2866628223082626,0.3431584150259494,0.6568415849740505,0.629821237334212,2.54,3.28,2.74,1.522437103368701,1.5877521123813012,1.0635423398316977,closing,market_average_close,0.6403592869150136,0.3596407130849863,0.3596407130849863,0.6403592869150136,market_only,test,2025,1,-0.010538049580801623,0.010538049580801623
136,2026-03-08 16:30:00,2025,30447,0,0,home_win,0,hist_gradient_boosting,4,Union Berlin,Werder Bremen,,25,25,0.3960571274059143,0.295174651557238,0.3087682210368477,0.6912317789631524,0.6039428725940857,2.37,3.18,3.04,1.4466927453769558,1.6557857462656191,1.0653537054961262,closing,market_average_close,0.6313740301820322,0.3686259698179678,0.3686259698179678,0.6313740301820322,market_only,test,2025,1,-0.02743115758794651,0.027431157587946453
137,2026-03-13 19:30:00,2025,30450,1,1,home_win,1,hist_gradient_boosting,4,Borussia M.Gladbach,St. Pauli,,26,26,0.4909610506373823,0.2841623050658788,0.2248766442967386,0.7751233557032612,0.5090389493626175,1.91,3.3,4.17,1.2901172344274294,1.9644862171197883,1.0663986659316051,closing,market_average_close,0.29604234589445266,0.7039576541055473,0.7039576541055473,0.29604234589445266,market_only,test,2025,0,0.212996603468165,-0.21299660346816485
138,2026-03-14 14:30:00,2025,30449,0,0,home_win,0,hist_gradient_boosting,4,Bayer Leverkusen,Bayern Munich,,26,26,0.1908504918676641,0.2006586541906276,0.6084908539417083,0.3915091460582917,0.8091495081323359,4.91,4.67,1.54,2.554218745763631,1.2358655476516098,1.067149399443324,closing,market_average_close,0.8657049272795252,0.1342950727204748,0.1342950727204748,0.8657049272795252,market_only,test,2025,1,-0.056555419147189284,0.05655541914718931
138,2026-03-14 14:30:00,2025,30451,1,1,home_win,0,hist_gradient_boosting,4,Borussia Dortmund,Augsburg,,,,,,,,,,,,,,,,,0.5706064144947403,0.4293935855052598,0.4293935855052598,0.5706064144947403,market_only,test,2025,0,,
138,2026-03-14 14:30:00,2025,30452,1,1,home_win,1,hist_gradient_boosting,4,Eintracht Frankfurt,FC Heidenheim,,26,26,0.5829338611816343,0.2203106846249838,0.1967554541933818,0.8032445458066182,0.4170661388183657,1.61,4.26,4.77,1.244950874824553,2.39770124429954,1.06550340232994,closing,market_average_close,0.2512549833488268,0.7487450166511732,0.7487450166511732,0.2512549833488268,market_only,test,2025,0,0.16581115546953895,-0.1658111554695389
138,2026-03-14 14:30:00,2025,30455,0,0,home_win,1,hist_gradient_boosting,4,Hoffenheim,Wolfsburg,,26,26,0.6657929389807662,0.188886930374825,0.1453201306444087,0.8546798693555913,0.3342070610192337,1.41,4.97,6.46,1.1700287275444743,2.992157008742702,1.0652258632267002,closing,market_average_close,0.19942788046736837,0.8005721195326316,0.8005721195326316,0.19942788046736837,market_only,test,2025,1,0.13477918055186544,-0.13477918055186533
139,2026-03-14 17:30:00,2025,30454,0,0,home_win,1,hist_gradient_boosting,4,Hamburger SV,FC Cologne,,26,26,0.403230007814535,0.2719458192237562,0.3248241729617087,0.6751758270382913,0.596769992185465,2.32,3.44,2.88,1.4810956790123455,1.6756874727193365,1.0689543793994476,closing,market_average_close,0.3939150913944538,0.6060849086055462,0.6060849086055462,0.3939150913944538,market_only,test,2025,1,0.2028549007910112,-0.2028549007910112
140,2026-03-15 14:30:00,2025,30457,0,0,home_win,1,hist_gradient_boosting,4,Werder Bremen,Mainz 05,,26,26,0.4192169001499825,0.2698407633149312,0.3109423365350864,0.6890576634649137,0.5807830998500176,2.24,3.48,3.02,1.4512573519196037,1.7218131868131863,1.0649107210822213,closing,market_average_close,0.4005278648058651,0.5994721351941349,0.5994721351941349,0.4005278648058651,market_only,test,2025,1,0.18025523504415242,-0.18025523504415253
141,2026-03-15 16:30:00,2025,30453,0,0,home_win,1,hist_gradient_boosting,4,Freiburg,Union Berlin,,26,26,0.4966245086310032,0.2651469834216373,0.2382285079473594,0.7617714920526406,0.5033754913689967,1.89,3.54,3.94,1.3127296183077657,1.986588574823869,1.065393511405729,closing,market_average_close,0.2871053014270869,0.7128946985729131,0.7128946985729131,0.2871053014270869,market_only,test,2025,1,0.21627018994190988,-0.21627018994190983
142,2026-03-15 18:30:00,2025,30456,1,1,home_win,0,hist_gradient_boosting,4,VfB Stuttgart,RasenBallsport Leipzig,,26,26,0.390824590538105,0.2398923317880951,0.3692830776737999,0.6307169223262001,0.6091754094618951,2.4,3.91,2.54,1.585497335812421,1.64156330749354,1.0661219297715665,closing,market_average_close,0.7489000581259145,0.25109994187408546,0.25109994187408546,0.7489000581259145,market_only,test,2025,0,-0.1397246486640195,0.13972464866401946
143,2026-03-20 19:30:00,2025,30464,1,1,home_win,1,hist_gradient_boosting,4,RasenBallsport Leipzig,Hoffenheim,,27,27,0.4930695202528009,0.2353849468543521,0.2715455328928469,0.7284544671071531,0.5069304797471991,1.9,3.98,3.45,1.3727693976141182,1.972657080116172,1.0674271433444875,closing,market_average_close,0.3407665628337748,0.6592334371662252,0.6592334371662252,0.3407665628337748,market_only,test,2025,0,0.1661639169134243,-0.16616391691342425
144,2026-03-21 14:30:00,2025,30459,1,1,home_win,1,hist_gradient_boosting,4,Bayern Munich,Union Berlin,,27,27,0.8301656274712479,0.1081992109622272,0.0616351615665249,0.9383648384334752,0.1698343725287522,1.13,8.67,15.22,1.0656835796079271,5.8880895846375525,1.0659990282999752,closing,market_average_close,0.13494249322120688,0.8650575067787931,0.8650575067787931,0.13494249322120688,market_only,test,2025,0,0.034891879307545226,-0.03489187930754531
144,2026-03-21 14:30:00,2025,30461,0,0,home_win,1,hist_gradient_boosting,4,FC Cologne,Borussia M.Gladbach,,27,27,0.4079650315687227,0.2792617775619233,0.312773190869354,0.687226809130646,0.5920349684312773,2.3,3.36,3.0,1.4551236749116605,1.6890894175553732,1.065734989648033,closing,market_average_close,0.4315975974617752,0.5684024025382248,0.5684024025382248,0.4315975974617752,market_only,test,2025,1,0.1604373709695021,-0.16043737096950217
144,2026-03-21 14:30:00,2025,30462,0,0,home_win,0,hist_gradient_boosting,4,FC Heidenheim,Bayer Leverkusen,,27,27,0.1785639168329631,0.2046857125268682,0.6167503706401687,0.3832496293598313,0.8214360831670369,5.25,4.58,1.52,2.6092654066498904,1.2173801717408277,1.0667115386720076,closing,market_average_close,0.8681642372734727,0.13183576272652733,0.13183576272652733,0.8681642372734727,market_only,test,2025,1,-0.04672815410643577,0.046728154106435826
144,2026-03-21 14:30:00,2025,30466,0,0,home_win,1,hist_gradient_boosting,4,Wolfsburg,Werder Bremen,,27,27,0.4017120048731225,0.2625715339114822,0.3357164612153951,0.6642835387846047,0.5982879951268774,2.34,3.58,2.8,1.5053812741312744,1.6714358438496373,1.063822893431832,closing,market_average_close,0.39615794331818077,0.6038420566818192,0.6038420566818192,0.39615794331818077,market_only,test,2025,1,0.20213005180869675,-0.2021300518086966
145,2026-03-21 17:30:00,2025,30460,1,1,home_win,0,hist_gradient_boosting,4,Borussia Dortmund,Hamburger SV,,,,,,,,,,,,,,,,,0.5661701004395501,0.43382989956045,0.43382989956045,0.5661701004395501,market_only,test,2025,0,,
146,2026-03-22 14:30:00,2025,30463,1,1,home_win,1,hist_gradient_boosting,4,Mainz 05,Eintracht Frankfurt,,27,27,0.436941433453512,0.2676421885826355,0.2954163779638524,0.7045836220361475,0.563058566546488,2.15,3.51,3.18,1.4192779518634575,1.7760141829179268,1.0644819727750838,closing,market_average_close,0.4559139549393523,0.5440860450606477,0.5440860450606477,0.4559139549393523,market_only,test,2025,0,0.10714461160713573,-0.10714461160713573
147,2026-03-22 16:30:00,2025,30465,0,0,home_win,0,hist_gradient_boosting,4,St. Pauli,Freiburg,,27,27,0.3525264394829612,0.3125734430082256,0.3349001175088131,0.6650998824911868,0.6474735605170387,2.66,3.0,2.8,1.5035335689045937,1.5444646098003632,1.0664160401002507,closing,market_average_close,0.8091683358696538,0.1908316641303462,0.1908316641303462,0.8091683358696538,market_only,test,2025,1,-0.161694775352615,0.161694775352615
148,2026-03-22 18:30:00,2025,30458,0,0,home_win,0,hist_gradient_boosting,4,Augsburg,VfB Stuttgart,,27,27,0.2781999573874786,0.2506775017101077,0.4711225409024135,0.5288774590975864,0.7218000426125213,3.37,3.74,1.99,1.890797164443879,1.385425243784341,1.0666281470029657,closing,market_average_close,0.7675446670883562,0.23245533291164375,0.23245533291164375,0.7675446670883562,market_only,test,2025,1,-0.045744624475834855,0.04574462447583494
149,2026-04-04 13:30:00,2025,30467,1,1,home_win,1,hist_gradient_boosting,4,Bayer Leverkusen,Wolfsburg,,28,28,0.6608486307553415,0.1922961179656936,0.1468552512789648,0.8531447487210351,0.3391513692446584,1.42,4.88,6.39,1.1721340388007055,2.948535936113577,1.0656379075912672,closing,market_average_close,0.2751638039953813,0.7248361960046187,0.7248361960046187,0.2751638039953813,market_only,test,2025,0,0.06398756524927718,-0.06398756524927707
149,2026-04-04 13:30:00,2025,30468,0,0,home_win,1,hist_gradient_boosting,4,Borussia M.Gladbach,FC Heidenheim,,28,28,0.5911462595318208,0.2227304627145959,0.1861232777535832,0.8138767222464167,0.4088537404681792,1.59,4.22,5.05,1.2286873093505566,2.4458624222317207,1.0639174442348107,closing,market_average_close,0.28151041536655486,0.7184895846334451,0.7184895846334451,0.28151041536655486,market_only,test,2025,1,0.12734332510162438,-0.12734332510162433
149,2026-04-04 13:30:00,2025,30470,0,0,home_win,0,hist_gradient_boosting,4,Freiburg,Bayern Munich,,28,28,0.1724770093010378,0.203156217029205,0.624366773669757,0.3756332263302429,0.8275229906989621,5.43,4.61,1.5,2.662171314741036,1.2084256404228193,1.0677484689780803,closing,market_average_close,0.9005549675245731,0.0994450324754269,0.0994450324754269,0.9005549675245731,market_only,test,2025,1,-0.0730319768256109,0.07303197682561102
149,2026-04-04 13:30:00,2025,30471,0,0,home_win,0,hist_gradient_boosting,4,Hamburger SV,Augsburg,,28,28,0.3958544911718282,0.2783902504680215,0.3257552583601503,0.6742447416398498,0.6041455088281719,2.37,3.37,2.88,1.483140969802555,1.6552303797468353,1.0658990555367749,closing,market_average_close,0.6607943319980827,0.3392056680019173,0.3392056680019173,0.6607943319980827,market_only,test,2025,1,-0.05664882316991088,0.05664882316991082
149,2026-04-04 13:30:00,2025,30472,0,0,home_win,1,hist_gradient_boosting,4,Hoffenheim,Mainz 05,,28,28,0.5535609090627229,0.2382414039004123,0.2081976870368648,0.7918023129631353,0.4464390909372772,1.7,3.95,4.52,1.262941498942752,2.239947218556844,1.0626387891327695,closing,market_average_close,0.3711268125573213,0.6288731874426787,0.6288731874426787,0.3711268125573213,market_only,test,2025,1,0.0753122783799558,-0.07531227837995591
149,2026-04-04 13:30:00,2025,30475,0,0,home_win,0,hist_gradient_boosting,4,Werder Bremen,RasenBallsport Leipzig,,28,28,0.2514424536896447,0.2374734284846644,0.5110841178256909,0.4889158821743091,0.7485575463103553,3.74,3.96,1.84,2.045341614906832,1.3359026369168356,1.0633831925392028,closing,market_average_close,0.8860049527228944,0.11399504727710563,0.11399504727710563,0.8860049527228944,market_only,test,2025,1,-0.13744740641253905,0.13744740641253905
150,2026-04-04 16:30:00,2025,30473,0,0,home_win,0,hist_gradient_boosting,4,VfB Stuttgart,Borussia Dortmund,,,,,,,,,,,,,,,,,0.5620234754783271,0.43797652452167285,0.43797652452167285,0.5620234754783271,market_only,test,2025,1,,
151,2026-04-05 13:30:00,2025,30474,0,0,home_win,1,hist_gradient_boosting,4,Union Berlin,St. Pauli,,28,28,0.460536709774979,0.2954386440065903,0.2440246462184304,0.7559753537815694,0.5394632902250208,2.04,3.18,3.85,1.322794446932378,1.853694251527069,1.0644017469766638,closing,market_average_close,0.36390484636935594,0.6360951536306441,0.6360951536306441,0.36390484636935594,market_only,test,2025,1,0.17555844385566505,-0.17555844385566488
152,2026-04-05 15:30:00,2025,30469,0,0,home_win,1,hist_gradient_boosting,4,Eintracht Frankfurt,FC Cologne,,28,28,0.4940061732826071,0.2536788457397171,0.2523149809776757,0.7476850190223243,0.5059938267173929,1.9,3.7,3.72,1.3374615975422428,1.9763086962689744,1.0654032640450295,closing,market_average_close,0.45786668396050567,0.5421333160394943,0.5421333160394943,0.45786668396050567,market_only,test,2025,1,0.04812714275688723,-0.04812714275688723
153,2026-04-10 18:30:00,2025,30476,0,0,home_win,0,hist_gradient_boosting,4,Augsburg,Hoffenheim,,29,29,0.2714037976712667,0.244546130193381,0.4840500721353521,0.5159499278646478,0.7285962023287331,3.46,3.84,1.94,1.938172574495128,1.3725023501410083,1.0648979252329025,closing,market_average_close,0.8787834286546776,0.12121657134532239,0.12121657134532239,0.8787834286546776,market_only,test,2025,1,-0.15018722632594433,0.1501872263259445
154,2026-04-11 13:30:00,2025,30477,0,0,home_win,0,hist_gradient_boosting,4,Borussia Dortmund,Bayer Leverkusen,,,,,,,,,,,,,,,,,0.5670756048418779,0.4329243951581221,0.4329243951581221,0.5670756048418779,market_only,test,2025,1,,
154,2026-04-11 13:30:00,2025,30479,1,1,home_win,0,hist_gradient_boosting,4,FC Heidenheim,Union Berlin,,29,29,0.3427508319791074,0.2770316459064172,0.3802175221144754,0.6197824778855245,0.6572491680208926,2.74,3.39,2.47,1.6134692987959924,1.521492987220049,1.0648070539822398,closing,market_average_close,0.8320781057070882,0.1679218942929118,0.1679218942929118,0.8320781057070882,market_only,test,2025,0,-0.1748289376861956,0.17482893768619556
154,2026-04-11 13:30:00,2025,30481,1,1,home_win,1,hist_gradient_boosting,4,RasenBallsport Leipzig,Borussia M.Gladbach,,29,29,0.6433104976828531,0.198569413661092,0.1581200886560548,0.8418799113439451,0.3566895023171469,1.46,4.73,5.94,1.187817866331598,2.803558819375794,1.0646981656857413,closing,market_average_close,0.2878474979073229,0.7121525020926771,0.7121525020926771,0.2878474979073229,market_only,test,2025,0,0.06884200440982402,-0.06884200440982402
154,2026-04-11 13:30:00,2025,30484,0,0,home_win,0,hist_gradient_boosting,4,Wolfsburg,Eintracht Frankfurt,,29,29,0.3808491008853568,0.2588090575077287,0.3603418416069145,0.6396581583930856,0.6191508991146433,2.46,3.62,2.6,1.5633350202429146,1.6151151543669775,1.0673625435786869,closing,market_average_close,0.6207750891524555,0.37922491084754445,0.37922491084754445,0.6207750891524555,market_only,test,2025,1,-0.0016241900378123342,0.0016241900378122232
155,2026-04-11 16:30:00,2025,30482,0,0,home_win,0,hist_gradient_boosting,4,St. Pauli,Bayern Munich,,29,29,0.1141390062250764,0.1696605119656652,0.7162004818092583,0.2837995181907417,0.8858609937749236,8.22,5.53,1.31,3.5236141568355306,1.1288452782402072,1.0658451062439458,closing,market_average_close,0.852293340397659,0.147706659602341,0.147706659602341,0.852293340397659,market_only,test,2025,1,0.0335676533772646,-0.03356765337726453
156,2026-04-12 13:30:00,2025,30478,1,1,home_win,0,hist_gradient_boosting,4,FC Cologne,Werder Bremen,,29,29,0.4101197650653649,0.2778622076922146,0.3120180272424204,0.6879819727575796,0.589880234934635,2.29,3.38,3.01,1.4535264579561369,1.6952593777121734,1.0647651244943666,closing,market_average_close,0.5111422633450371,0.48885773665496296,0.48885773665496296,0.5111422633450371,market_only,test,2025,0,0.07873797158959805,-0.07873797158959794
157,2026-04-12 15:30:00,2025,30483,1,1,home_win,1,hist_gradient_boosting,4,VfB Stuttgart,Hamburger SV,,29,29,0.734943948137306,0.1586388286029935,0.1064172232597004,0.8935827767402995,0.265056051862694,1.28,5.93,8.84,1.1190905040134054,3.772786899119837,1.0630062360266457,closing,market_average_close,0.211482637616488,0.788517362383512,0.788517362383512,0.211482637616488,market_only,test,2025,0,0.053573414246205986,-0.053573414246205986
158,2026-04-12 17:30:00,2025,30480,0,0,home_win,1,hist_gradient_boosting,4,Mainz 05,Freiburg,,29,29,0.4272921784610508,0.2937633726919724,0.2789444488469767,0.7210555511530232,0.5727078215389492,2.2,3.2,3.37,1.3868556984283986,1.7460910474609106,1.063781359589965,closing,market_average_close,0.3980499322509661,0.6019500677490339,0.6019500677490339,0.3980499322509661,market_only,test,2025,1,0.17465788928798315,-0.1746578892879831
159,2026-04-17 18:30:00,2025,30491,0,0,home_win,0,hist_gradient_boosting,4,St. Pauli,FC Cologne,,30,30,0.3328020612256694,0.2887697885096578,0.3784281502646726,0.6215718497353273,0.6671979387743304,2.82,3.25,2.48,1.608824467237073,1.498805589593158,1.065528043221935,closing,market_average_close,0.7925982019365121,0.20740179806348788,0.20740179806348788,0.7925982019365121,market_only,test,2025,1,-0.12540026316218153,0.12540026316218167
160,2026-04-18 13:30:00,2025,30485,0,0,home_win,1,hist_gradient_boosting,4,Bayer Leverkusen,Augsburg,,30,30,0.6802108482839465,0.180517494352278,0.1392716573637753,0.8607283426362246,0.3197891517160534,1.38,5.2,6.74,1.161806751869256,3.1270604228873844,1.065313325989368,closing,market_average_close,0.3140734379409461,0.6859265620590539,0.6859265620590539,0.3140734379409461,market_only,test,2025,1,0.005715713775107378,-0.005715713775107267
160,2026-04-18 13:30:00,2025,30490,1,1,home_win,0,hist_gradient_boosting,4,Hoffenheim,Borussia Dortmund,,,,,,,,,,,,,,,,,0.5663748233755601,0.4336251766244399,0.4336251766244399,0.5663748233755601,market_only,test,2025,0,,
160,2026-04-18 13:30:00,2025,30492,0,0,home_win,0,hist_gradient_boosting,4,Union Berlin,Wolfsburg,,30,30,0.4385025065106712,0.2635942033519203,0.2979032901374083,0.7020967098625917,0.5614974934893286,2.14,3.56,3.15,1.4243052074631022,1.7809518503558648,1.06564891349098,closing,market_average_close,0.5567510972525083,0.4432489027474917,0.4432489027474917,0.5567510972525083,market_only,test,2025,1,0.004746396236820494,-0.004746396236820383
160,2026-04-18 13:30:00,2025,30493,1,1,home_win,1,hist_gradient_boosting,4,Werder Bremen,Hamburger SV,,30,30,0.5258246585554166,0.2490016240249195,0.225173717419664,0.7748262825803361,0.4741753414445836,1.79,3.78,4.18,1.2906118732443967,2.108924510822267,1.062443932188125,closing,market_average_close,0.3084733742579825,0.6915266257420175,0.6915266257420175,0.3084733742579825,market_only,test,2025,0,0.1657019671866009,-0.16570196718660113
161,2026-04-18 16:30:00,2025,30488,0,0,home_win,0,hist_gradient_boosting,4,Eintracht Frankfurt,RasenBallsport Leipzig,,30,30,0.3238243523435875,0.2414114708988183,0.4347641767575941,0.5652358232424058,0.6761756476564125,2.9,3.89,2.16,1.7691730758741069,1.4789056711313766,1.0648599579102194,closing,market_average_close,0.7673503751094204,0.23264962489057955,0.23264962489057955,0.7673503751094204,market_only,test,2025,1,-0.09117472745300792,0.09117472745300792
162,2026-04-19 13:30:00,2025,30489,1,1,home_win,1,hist_gradient_boosting,4,Freiburg,FC Heidenheim,,30,30,0.5794237066899233,0.22783165165963,0.1927446416504467,0.8072553583495533,0.4205762933100768,1.62,4.12,4.87,1.2387653914673495,2.377689888627968,1.0653412062541332,closing,market_average_close,0.42677917648847064,0.5732208235115294,0.5732208235115294,0.42677917648847064,market_only,test,2025,0,-0.006202883178393903,0.006202883178393848
163,2026-04-19 15:30:00,2025,30486,1,1,home_win,1,hist_gradient_boosting,4,Bayern Munich,VfB Stuttgart,,30,30,0.6448136547694931,0.1824472744115232,0.1727390708189835,0.8272609291810165,0.3551863452305067,1.46,5.16,5.45,1.2088084481277197,2.8154235471834537,1.0622161949938282,closing,market_average_close,0.3069524997980997,0.6930475002019003,0.6930475002019003,0.3069524997980997,market_only,test,2025,0,0.04823384543240716,-0.048233845432406997
164,2026-04-19 17:30:00,2025,30487,0,0,home_win,0,hist_gradient_boosting,4,Borussia M.Gladbach,Mainz 05,,30,30,0.4222626688380112,0.269374461155283,0.3083628700067056,0.6916371299932942,0.5777373311619887,2.22,3.48,3.04,1.4458448753462607,1.7308903996020562,1.0667541407105836,closing,market_average_close,0.5091012906372757,0.4908987093627243,0.4908987093627243,0.5091012906372757,market_only,test,2025,1,0.06863604052471306,-0.06863604052471295
