batch_id,kickoff_time,feature,selected,feature_set,evaluation_split,evaluation_season,model
1,2024-08-23 18:30:00,benchmark_home_prob,True,market_only,development,2024,logistic_regression
1,2024-08-23 18:30:00,benchmark_home_odds,True,market_only,development,2024,logistic_regression
1,2024-08-23 18:30:00,benchmark_away_not_lose_fair_odds,True,market_only,development,2024,logistic_regression
1,2024-08-23 18:30:00,benchmark_overround,True,market_only,development,2024,logistic_regression
2,2024-08-24 13:30:00,benchmark_home_prob,True,market_only,development,2024,logistic_regression
2,2024-08-24 13:30:00,benchmark_home_odds,True,market_only,development,2024,logistic_regression
2,2024-08-24 13:30:00,benchmark_away_not_lose_fair_odds,True,market_only,development,2024,logistic_regression
2,2024-08-24 13:30:00,benchmark_overround,True,market_only,development,2024,logistic_regression
3,2024-08-24 16:30:00,benchmark_home_prob,True,market_only,development,2024,logistic_regression
3,2024-08-24 16:30:00,benchmark_home_odds,True,market_only,development,2024,logistic_regression
3,2024-08-24 16:30:00,benchmark_away_not_lose_fair_odds,True,market_only,development,2024,logistic_regression
3,2024-08-24 16:30:00,benchmark_overround,True,market_only,development,2024,logistic_regression
4,2024-08-25 13:30:00,benchmark_home_prob,True,market_only,development,2024,logistic_regression
4,2024-08-25 13:30:00,benchmark_home_odds,True,market_only,development,2024,logistic_regression
4,2024-08-25 13:30:00,benchmark_away_not_lose_fair_odds,True,market_only,development,2024,logistic_regression
4,2024-08-25 13:30:00,benchmark_overround,True,market_only,development,2024,logistic_regression
5,2024-08-25 15:30:00,benchmark_home_prob,True,market_only,development,2024,logistic_regression
5,2024-08-25 15:30:00,benchmark_home_odds,True,market_only,development,2024,logistic_regression
5,2024-08-25 15:30:00,benchmark_away_not_lose_fair_odds,True,market_only,development,2024,logistic_regression
5,2024-08-25 15:30:00,benchmark_overround,True,market_only,development,2024,logistic_regression
6,2024-08-30 18:30:00,benchmark_home_prob,True,market_only,development,2024,logistic_regression
6,2024-08-30 18:30:00,benchmark_home_odds,True,market_only,development,2024,logistic_regression
6,2024-08-30 18:30:00,benchmark_away_not_lose_fair_odds,True,market_only,development,2024,logistic_regression
6,2024-08-30 18:30:00,benchmark_overround,True,market_only,development,2024,logistic_regression
7,2024-08-31 13:30:00,benchmark_home_prob,True,market_only,development,2024,logistic_regression
7,2024-08-31 13:30:00,benchmark_home_odds,True,market_only,development,2024,logistic_regression
7,2024-08-31 13:30:00,benchmark_away_not_lose_fair_odds,True,market_only,development,2024,logistic_regression
7,2024-08-31 13:30:00,benchmark_overround,True,market_only,development,2024,logistic_regression
8,2024-08-31 16:30:00,benchmark_home_prob,True,market_only,development,2024,logistic_regression
8,2024-08-31 16:30:00,benchmark_home_odds,True,market_only,development,2024,logistic_regression
8,2024-08-31 16:30:00,benchmark_away_not_lose_fair_odds,True,market_only,development,2024,logistic_regression
8,2024-08-31 16:30:00,benchmark_overround,True,market_only,development,2024,logistic_regression
9,2024-09-01 13:30:00,benchmark_home_prob,True,market_only,development,2024,logistic_regression
9,2024-09-01 13:30:00,benchmark_home_odds,True,market_only,development,2024,logistic_regression
9,2024-09-01 13:30:00,benchmark_away_not_lose_fair_odds,True,market_only,development,2024,logistic_regression
9,2024-09-01 13:30:00,benchmark_overround,True,market_only,development,2024,logistic_regression
10,2024-09-01 15:30:00,benchmark_home_prob,True,market_only,development,2024,logistic_regression
10,2024-09-01 15:30:00,benchmark_home_odds,True,market_only,development,2024,logistic_regression
10,2024-09-01 15:30:00,benchmark_away_not_lose_fair_odds,True,market_only,development,2024,logistic_regression
10,2024-09-01 15:30:00,benchmark_overround,True,market_only,development,2024,logistic_regression
11,2024-09-13 18:30:00,benchmark_home_prob,True,market_only,development,2024,logistic_regression
11,2024-09-13 18:30:00,benchmark_home_odds,True,market_only,development,2024,logistic_regression
11,2024-09-13 18:30:00,benchmark_away_not_lose_fair_odds,True,market_only,development,2024,logistic_regression
11,2024-09-13 18:30:00,benchmark_overround,True,market_only,development,2024,logistic_regression
12,2024-09-14 13:30:00,benchmark_home_prob,True,market_only,development,2024,logistic_regression
12,2024-09-14 13:30:00,benchmark_home_odds,True,market_only,development,2024,logistic_regression
12,2024-09-14 13:30:00,benchmark_away_not_lose_fair_odds,True,market_only,development,2024,logistic_regression
12,2024-09-14 13:30:00,benchmark_overround,True,market_only,development,2024,logistic_regression
13,2024-09-14 16:30:00,benchmark_home_prob,True,market_only,development,2024,logistic_regression
13,2024-09-14 16:30:00,benchmark_home_odds,True,market_only,development,2024,logistic_regression
13,2024-09-14 16:30:00,benchmark_away_not_lose_fair_odds,True,market_only,development,2024,logistic_regression
13,2024-09-14 16:30:00,benchmark_overround,True,market_only,development,2024,logistic_regression
14,2024-09-15 13:30:00,benchmark_home_prob,True,market_only,development,2024,logistic_regression
14,2024-09-15 13:30:00,benchmark_home_odds,True,market_only,development,2024,logistic_regression
14,2024-09-15 13:30:00,benchmark_away_not_lose_fair_odds,True,market_only,development,2024,logistic_regression
14,2024-09-15 13:30:00,benchmark_overround,True,market_only,development,2024,logistic_regression
15,2024-09-15 15:30:00,benchmark_home_prob,True,market_only,development,2024,logistic_regression
15,2024-09-15 15:30:00,benchmark_home_odds,True,market_only,development,2024,logistic_regression
15,2024-09-15 15:30:00,benchmark_away_not_lose_fair_odds,True,market_only,development,2024,logistic_regression
15,2024-09-15 15:30:00,benchmark_overround,True,market_only,development,2024,logistic_regression
16,2024-09-20 18:30:00,benchmark_home_prob,True,market_only,development,2024,logistic_regression
16,2024-09-20 18:30:00,benchmark_home_odds,True,market_only,development,2024,logistic_regression
16,2024-09-20 18:30:00,benchmark_away_not_lose_fair_odds,True,market_only,development,2024,logistic_regression
16,2024-09-20 18:30:00,benchmark_overround,True,market_only,development,2024,logistic_regression
17,2024-09-21 13:30:00,benchmark_home_prob,True,market_only,development,2024,logistic_regression
17,2024-09-21 13:30:00,benchmark_home_odds,True,market_only,development,2024,logistic_regression
17,2024-09-21 13:30:00,benchmark_away_not_lose_fair_odds,True,market_only,development,2024,logistic_regression
17,2024-09-21 13:30:00,benchmark_overround,True,market_only,development,2024,logistic_regression
18,2024-09-21 16:30:00,benchmark_home_prob,True,market_only,development,2024,logistic_regression
18,2024-09-21 16:30:00,benchmark_home_odds,True,market_only,development,2024,logistic_regression
18,2024-09-21 16:30:00,benchmark_away_not_lose_fair_odds,True,market_only,development,2024,logistic_regression
18,2024-09-21 16:30:00,benchmark_overround,True,market_only,development,2024,logistic_regression
19,2024-09-22 13:30:00,benchmark_home_prob,True,market_only,development,2024,logistic_regression
19,2024-09-22 13:30:00,benchmark_home_odds,True,market_only,development,2024,logistic_regression
19,2024-09-22 13:30:00,benchmark_away_not_lose_fair_odds,True,market_only,development,2024,logistic_regression
19,2024-09-22 13:30:00,benchmark_overround,True,market_only,development,2024,logistic_regression
20,2024-09-22 15:30:00,benchmark_home_prob,True,market_only,development,2024,logistic_regression
20,2024-09-22 15:30:00,benchmark_home_odds,True,market_only,development,2024,logistic_regression
20,2024-09-22 15:30:00,benchmark_away_not_lose_fair_odds,True,market_only,development,2024,logistic_regression
20,2024-09-22 15:30:00,benchmark_overround,True,market_only,development,2024,logistic_regression
21,2024-09-22 17:30:00,benchmark_home_prob,True,market_only,development,2024,logistic_regression
21,2024-09-22 17:30:00,benchmark_home_odds,True,market_only,development,2024,logistic_regression
21,2024-09-22 17:30:00,benchmark_away_not_lose_fair_odds,True,market_only,development,2024,logistic_regression
21,2024-09-22 17:30:00,benchmark_overround,True,market_only,development,2024,logistic_regression
22,2024-09-27 18:30:00,benchmark_home_prob,True,market_only,development,2024,logistic_regression
22,2024-09-27 18:30:00,benchmark_home_odds,True,market_only,development,2024,logistic_regression
22,2024-09-27 18:30:00,benchmark_away_not_lose_fair_odds,True,market_only,development,2024,logistic_regression
22,2024-09-27 18:30:00,benchmark_overround,True,market_only,development,2024,logistic_regression
23,2024-09-28 13:30:00,benchmark_home_prob,True,market_only,development,2024,logistic_regression
23,2024-09-28 13:30:00,benchmark_home_odds,True,market_only,development,2024,logistic_regression
23,2024-09-28 13:30:00,benchmark_away_not_lose_fair_odds,True,market_only,development,2024,logistic_regression
23,2024-09-28 13:30:00,benchmark_overround,True,market_only,development,2024,logistic_regression
24,2024-09-28 16:30:00,benchmark_home_prob,True,market_only,development,2024,logistic_regression
24,2024-09-28 16:30:00,benchmark_home_odds,True,market_only,development,2024,logistic_regression
24,2024-09-28 16:30:00,benchmark_away_not_lose_fair_odds,True,market_only,development,2024,logistic_regression
24,2024-09-28 16:30:00,benchmark_overround,True,market_only,development,2024,logistic_regression
25,2024-09-29 13:30:00,benchmark_home_prob,True,market_only,development,2024,logistic_regression
25,2024-09-29 13:30:00,benchmark_home_odds,True,market_only,development,2024,logistic_regression
25,2024-09-29 13:30:00,benchmark_away_not_lose_fair_odds,True,market_only,development,2024,logistic_regression
25,2024-09-29 13:30:00,benchmark_overround,True,market_only,development,2024,logistic_regression
26,2024-09-29 15:30:00,benchmark_home_prob,True,market_only,development,2024,logistic_regression
26,2024-09-29 15:30:00,benchmark_home_odds,True,market_only,development,2024,logistic_regression
26,2024-09-29 15:30:00,benchmark_away_not_lose_fair_odds,True,market_only,development,2024,logistic_regression
26,2024-09-29 15:30:00,benchmark_overround,True,market_only,development,2024,logistic_regression
27,2024-10-04 18:30:00,benchmark_home_prob,True,market_only,development,2024,logistic_regression
27,2024-10-04 18:30:00,benchmark_home_odds,True,market_only,development,2024,logistic_regression
27,2024-10-04 18:30:00,benchmark_away_not_lose_fair_odds,True,market_only,development,2024,logistic_regression
27,2024-10-04 18:30:00,benchmark_overround,True,market_only,development,2024,logistic_regression
28,2024-10-05 13:30:00,benchmark_home_prob,True,market_only,development,2024,logistic_regression
28,2024-10-05 13:30:00,benchmark_home_odds,True,market_only,development,2024,logistic_regression
28,2024-10-05 13:30:00,benchmark_away_not_lose_fair_odds,True,market_only,development,2024,logistic_regression
28,2024-10-05 13:30:00,benchmark_overround,True,market_only,development,2024,logistic_regression
29,2024-10-05 16:30:00,benchmark_home_prob,True,market_only,development,2024,logistic_regression
29,2024-10-05 16:30:00,benchmark_home_odds,True,market_only,development,2024,logistic_regression
29,2024-10-05 16:30:00,benchmark_away_not_lose_fair_odds,True,market_only,development,2024,logistic_regression
29,2024-10-05 16:30:00,benchmark_overround,True,market_only,development,2024,logistic_regression
30,2024-10-06 13:30:00,benchmark_home_prob,True,market_only,development,2024,logistic_regression
30,2024-10-06 13:30:00,benchmark_home_odds,True,market_only,development,2024,logistic_regression
30,2024-10-06 13:30:00,benchmark_away_not_lose_fair_odds,True,market_only,development,2024,logistic_regression
30,2024-10-06 13:30:00,benchmark_overround,True,market_only,development,2024,logistic_regression
31,2024-10-06 15:30:00,benchmark_home_prob,True,market_only,development,2024,logistic_regression
31,2024-10-06 15:30:00,benchmark_home_odds,True,market_only,development,2024,logistic_regression
31,2024-10-06 15:30:00,benchmark_away_not_lose_fair_odds,True,market_only,development,2024,logistic_regression
31,2024-10-06 15:30:00,benchmark_overround,True,market_only,development,2024,logistic_regression
32,2024-10-06 17:30:00,benchmark_home_prob,True,market_only,development,2024,logistic_regression
32,2024-10-06 17:30:00,benchmark_home_odds,True,market_only,development,2024,logistic_regression
32,2024-10-06 17:30:00,benchmark_away_not_lose_fair_odds,True,market_only,development,2024,logistic_regression
32,2024-10-06 17:30:00,benchmark_overround,True,market_only,development,2024,logistic_regression
33,2024-10-18 18:30:00,benchmark_home_prob,True,market_only,development,2024,logistic_regression
33,2024-10-18 18:30:00,benchmark_home_odds,True,market_only,development,2024,logistic_regression
33,2024-10-18 18:30:00,benchmark_away_not_lose_fair_odds,True,market_only,development,2024,logistic_regression
33,2024-10-18 18:30:00,benchmark_overround,True,market_only,development,2024,logistic_regression
34,2024-10-19 13:30:00,benchmark_home_prob,True,market_only,development,2024,logistic_regression
34,2024-10-19 13:30:00,benchmark_home_odds,True,market_only,development,2024,logistic_regression
34,2024-10-19 13:30:00,benchmark_away_not_lose_fair_odds,True,market_only,development,2024,logistic_regression
34,2024-10-19 13:30:00,benchmark_overround,True,market_only,development,2024,logistic_regression
35,2024-10-19 16:30:00,benchmark_home_prob,True,market_only,development,2024,logistic_regression
35,2024-10-19 16:30:00,benchmark_home_odds,True,market_only,development,2024,logistic_regression
35,2024-10-19 16:30:00,benchmark_away_not_lose_fair_odds,True,market_only,development,2024,logistic_regression
35,2024-10-19 16:30:00,benchmark_overround,True,market_only,development,2024,logistic_regression
36,2024-10-20 13:30:00,benchmark_home_prob,True,market_only,development,2024,logistic_regression
36,2024-10-20 13:30:00,benchmark_home_odds,True,market_only,development,2024,logistic_regression
36,2024-10-20 13:30:00,benchmark_away_not_lose_fair_odds,True,market_only,development,2024,logistic_regression
36,2024-10-20 13:30:00,benchmark_overround,True,market_only,development,2024,logistic_regression
37,2024-10-20 15:30:00,benchmark_home_prob,True,market_only,development,2024,logistic_regression
37,2024-10-20 15:30:00,benchmark_home_odds,True,market_only,development,2024,logistic_regression
37,2024-10-20 15:30:00,benchmark_away_not_lose_fair_odds,True,market_only,development,2024,logistic_regression
37,2024-10-20 15:30:00,benchmark_overround,True,market_only,development,2024,logistic_regression
38,2024-10-25 18:30:00,benchmark_home_prob,True,market_only,development,2024,logistic_regression
38,2024-10-25 18:30:00,benchmark_home_odds,True,market_only,development,2024,logistic_regression
38,2024-10-25 18:30:00,benchmark_away_not_lose_fair_odds,True,market_only,development,2024,logistic_regression
38,2024-10-25 18:30:00,benchmark_overround,True,market_only,development,2024,logistic_regression
39,2024-10-26 13:30:00,benchmark_home_prob,True,market_only,development,2024,logistic_regression
39,2024-10-26 13:30:00,benchmark_home_odds,True,market_only,development,2024,logistic_regression
39,2024-10-26 13:30:00,benchmark_away_not_lose_fair_odds,True,market_only,development,2024,logistic_regression
39,2024-10-26 13:30:00,benchmark_overround,True,market_only,development,2024,logistic_regression
40,2024-10-26 16:30:00,benchmark_home_prob,True,market_only,development,2024,logistic_regression
40,2024-10-26 16:30:00,benchmark_home_odds,True,market_only,development,2024,logistic_regression
40,2024-10-26 16:30:00,benchmark_away_not_lose_fair_odds,True,market_only,development,2024,logistic_regression
40,2024-10-26 16:30:00,benchmark_overround,True,market_only,development,2024,logistic_regression
41,2024-10-27 14:30:00,benchmark_home_prob,True,market_only,development,2024,logistic_regression
41,2024-10-27 14:30:00,benchmark_home_odds,True,market_only,development,2024,logistic_regression
41,2024-10-27 14:30:00,benchmark_away_not_lose_fair_odds,True,market_only,development,2024,logistic_regression
41,2024-10-27 14:30:00,benchmark_overround,True,market_only,development,2024,logistic_regression
42,2024-10-27 16:30:00,benchmark_home_prob,True,market_only,development,2024,logistic_regression
42,2024-10-27 16:30:00,benchmark_home_odds,True,market_only,development,2024,logistic_regression
42,2024-10-27 16:30:00,benchmark_away_not_lose_fair_odds,True,market_only,development,2024,logistic_regression
42,2024-10-27 16:30:00,benchmark_overround,True,market_only,development,2024,logistic_regression
43,2024-10-27 18:30:00,benchmark_home_prob,True,market_only,development,2024,logistic_regression
43,2024-10-27 18:30:00,benchmark_home_odds,True,market_only,development,2024,logistic_regression
43,2024-10-27 18:30:00,benchmark_away_not_lose_fair_odds,True,market_only,development,2024,logistic_regression
43,2024-10-27 18:30:00,benchmark_overround,True,market_only,development,2024,logistic_regression
44,2024-11-01 19:30:00,benchmark_home_prob,True,market_only,development,2024,logistic_regression
44,2024-11-01 19:30:00,benchmark_home_odds,True,market_only,development,2024,logistic_regression
44,2024-11-01 19:30:00,benchmark_away_not_lose_fair_odds,True,market_only,development,2024,logistic_regression
44,2024-11-01 19:30:00,benchmark_overround,True,market_only,development,2024,logistic_regression
45,2024-11-02 14:30:00,benchmark_home_prob,True,market_only,development,2024,logistic_regression
45,2024-11-02 14:30:00,benchmark_home_odds,True,market_only,development,2024,logistic_regression
45,2024-11-02 14:30:00,benchmark_away_not_lose_fair_odds,True,market_only,development,2024,logistic_regression
45,2024-11-02 14:30:00,benchmark_overround,True,market_only,development,2024,logistic_regression
46,2024-11-02 17:30:00,benchmark_home_prob,True,market_only,development,2024,logistic_regression
46,2024-11-02 17:30:00,benchmark_home_odds,True,market_only,development,2024,logistic_regression
46,2024-11-02 17:30:00,benchmark_away_not_lose_fair_odds,True,market_only,development,2024,logistic_regression
46,2024-11-02 17:30:00,benchmark_overround,True,market_only,development,2024,logistic_regression
47,2024-11-03 14:30:00,benchmark_home_prob,True,market_only,development,2024,logistic_regression
47,2024-11-03 14:30:00,benchmark_home_odds,True,market_only,development,2024,logistic_regression
47,2024-11-03 14:30:00,benchmark_away_not_lose_fair_odds,True,market_only,development,2024,logistic_regression
47,2024-11-03 14:30:00,benchmark_overround,True,market_only,development,2024,logistic_regression
48,2024-11-03 16:30:00,benchmark_home_prob,True,market_only,development,2024,logistic_regression
48,2024-11-03 16:30:00,benchmark_home_odds,True,market_only,development,2024,logistic_regression
48,2024-11-03 16:30:00,benchmark_away_not_lose_fair_odds,True,market_only,development,2024,logistic_regression
48,2024-11-03 16:30:00,benchmark_overround,True,market_only,development,2024,logistic_regression
49,2024-11-08 19:30:00,benchmark_home_prob,True,market_only,development,2024,logistic_regression
49,2024-11-08 19:30:00,benchmark_home_odds,True,market_only,development,2024,logistic_regression
49,2024-11-08 19:30:00,benchmark_away_not_lose_fair_odds,True,market_only,development,2024,logistic_regression
49,2024-11-08 19:30:00,benchmark_overround,True,market_only,development,2024,logistic_regression
50,2024-11-09 14:30:00,benchmark_home_prob,True,market_only,development,2024,logistic_regression
50,2024-11-09 14:30:00,benchmark_home_odds,True,market_only,development,2024,logistic_regression
50,2024-11-09 14:30:00,benchmark_away_not_lose_fair_odds,True,market_only,development,2024,logistic_regression
50,2024-11-09 14:30:00,benchmark_overround,True,market_only,development,2024,logistic_regression
51,2024-11-09 17:30:00,benchmark_home_prob,True,market_only,development,2024,logistic_regression
51,2024-11-09 17:30:00,benchmark_home_odds,True,market_only,development,2024,logistic_regression
51,2024-11-09 17:30:00,benchmark_away_not_lose_fair_odds,True,market_only,development,2024,logistic_regression
51,2024-11-09 17:30:00,benchmark_overround,True,market_only,development,2024,logistic_regression
52,2024-11-10 14:30:00,benchmark_home_prob,True,market_only,development,2024,logistic_regression
52,2024-11-10 14:30:00,benchmark_home_odds,True,market_only,development,2024,logistic_regression
52,2024-11-10 14:30:00,benchmark_away_not_lose_fair_odds,True,market_only,development,2024,logistic_regression
52,2024-11-10 14:30:00,benchmark_overround,True,market_only,development,2024,logistic_regression
53,2024-11-10 16:30:00,benchmark_home_prob,True,market_only,development,2024,logistic_regression
53,2024-11-10 16:30:00,benchmark_home_odds,True,market_only,development,2024,logistic_regression
53,2024-11-10 16:30:00,benchmark_away_not_lose_fair_odds,True,market_only,development,2024,logistic_regression
53,2024-11-10 16:30:00,benchmark_overround,True,market_only,development,2024,logistic_regression
54,2024-11-10 18:30:00,benchmark_home_prob,True,market_only,development,2024,logistic_regression
54,2024-11-10 18:30:00,benchmark_home_odds,True,market_only,development,2024,logistic_regression
54,2024-11-10 18:30:00,benchmark_away_not_lose_fair_odds,True,market_only,development,2024,logistic_regression
54,2024-11-10 18:30:00,benchmark_overround,True,market_only,development,2024,logistic_regression
55,2024-11-22 19:30:00,benchmark_home_prob,True,market_only,development,2024,logistic_regression
55,2024-11-22 19:30:00,benchmark_home_odds,True,market_only,development,2024,logistic_regression
55,2024-11-22 19:30:00,benchmark_away_not_lose_fair_odds,True,market_only,development,2024,logistic_regression
55,2024-11-22 19:30:00,benchmark_overround,True,market_only,development,2024,logistic_regression
56,2024-11-23 14:30:00,benchmark_home_prob,True,market_only,development,2024,logistic_regression
56,2024-11-23 14:30:00,benchmark_home_odds,True,market_only,development,2024,logistic_regression
56,2024-11-23 14:30:00,benchmark_away_not_lose_fair_odds,True,market_only,development,2024,logistic_regression
56,2024-11-23 14:30:00,benchmark_overround,True,market_only,development,2024,logistic_regression
57,2024-11-23 17:30:00,benchmark_home_prob,True,market_only,development,2024,logistic_regression
57,2024-11-23 17:30:00,benchmark_home_odds,True,market_only,development,2024,logistic_regression
57,2024-11-23 17:30:00,benchmark_away_not_lose_fair_odds,True,market_only,development,2024,logistic_regression
57,2024-11-23 17:30:00,benchmark_overround,True,market_only,development,2024,logistic_regression
58,2024-11-24 14:30:00,benchmark_home_prob,True,market_only,development,2024,logistic_regression
58,2024-11-24 14:30:00,benchmark_home_odds,True,market_only,development,2024,logistic_regression
58,2024-11-24 14:30:00,benchmark_away_not_lose_fair_odds,True,market_only,development,2024,logistic_regression
58,2024-11-24 14:30:00,benchmark_overround,True,market_only,development,2024,logistic_regression
59,2024-11-24 16:30:00,benchmark_home_prob,True,market_only,development,2024,logistic_regression
59,2024-11-24 16:30:00,benchmark_home_odds,True,market_only,development,2024,logistic_regression
59,2024-11-24 16:30:00,benchmark_away_not_lose_fair_odds,True,market_only,development,2024,logistic_regression
59,2024-11-24 16:30:00,benchmark_overround,True,market_only,development,2024,logistic_regression
60,2024-11-30 14:30:00,benchmark_home_prob,True,market_only,development,2024,logistic_regression
60,2024-11-30 14:30:00,benchmark_home_odds,True,market_only,development,2024,logistic_regression
60,2024-11-30 14:30:00,benchmark_away_not_lose_fair_odds,True,market_only,development,2024,logistic_regression
60,2024-11-30 14:30:00,benchmark_overround,True,market_only,development,2024,logistic_regression
61,2024-11-30 17:30:00,benchmark_home_prob,True,market_only,development,2024,logistic_regression
61,2024-11-30 17:30:00,benchmark_home_odds,True,market_only,development,2024,logistic_regression
61,2024-11-30 17:30:00,benchmark_away_not_lose_fair_odds,True,market_only,development,2024,logistic_regression
61,2024-11-30 17:30:00,benchmark_overround,True,market_only,development,2024,logistic_regression
62,2024-12-01 16:30:00,benchmark_home_prob,True,market_only,development,2024,logistic_regression
62,2024-12-01 16:30:00,benchmark_home_odds,True,market_only,development,2024,logistic_regression
62,2024-12-01 16:30:00,benchmark_away_not_lose_fair_odds,True,market_only,development,2024,logistic_regression
62,2024-12-01 16:30:00,benchmark_overround,True,market_only,development,2024,logistic_regression
63,2024-12-06 19:30:00,benchmark_home_prob,True,market_only,development,2024,logistic_regression
63,2024-12-06 19:30:00,benchmark_home_odds,True,market_only,development,2024,logistic_regression
63,2024-12-06 19:30:00,benchmark_away_not_lose_fair_odds,True,market_only,development,2024,logistic_regression
63,2024-12-06 19:30:00,benchmark_overround,True,market_only,development,2024,logistic_regression
64,2024-12-07 14:30:00,benchmark_home_prob,True,market_only,development,2024,logistic_regression
64,2024-12-07 14:30:00,benchmark_home_odds,True,market_only,development,2024,logistic_regression
64,2024-12-07 14:30:00,benchmark_away_not_lose_fair_odds,True,market_only,development,2024,logistic_regression
64,2024-12-07 14:30:00,benchmark_overround,True,market_only,development,2024,logistic_regression
65,2024-12-07 17:30:00,benchmark_home_prob,True,market_only,development,2024,logistic_regression
65,2024-12-07 17:30:00,benchmark_home_odds,True,market_only,development,2024,logistic_regression
65,2024-12-07 17:30:00,benchmark_away_not_lose_fair_odds,True,market_only,development,2024,logistic_regression
65,2024-12-07 17:30:00,benchmark_overround,True,market_only,development,2024,logistic_regression
66,2024-12-08 14:30:00,benchmark_home_prob,True,market_only,development,2024,logistic_regression
66,2024-12-08 14:30:00,benchmark_home_odds,True,market_only,development,2024,logistic_regression
66,2024-12-08 14:30:00,benchmark_away_not_lose_fair_odds,True,market_only,development,2024,logistic_regression
66,2024-12-08 14:30:00,benchmark_overround,True,market_only,development,2024,logistic_regression
67,2024-12-08 16:30:00,benchmark_home_prob,True,market_only,development,2024,logistic_regression
67,2024-12-08 16:30:00,benchmark_home_odds,True,market_only,development,2024,logistic_regression
67,2024-12-08 16:30:00,benchmark_away_not_lose_fair_odds,True,market_only,development,2024,logistic_regression
67,2024-12-08 16:30:00,benchmark_overround,True,market_only,development,2024,logistic_regression
68,2024-12-13 19:30:00,benchmark_home_prob,True,market_only,development,2024,logistic_regression
68,2024-12-13 19:30:00,benchmark_home_odds,True,market_only,development,2024,logistic_regression
68,2024-12-13 19:30:00,benchmark_away_not_lose_fair_odds,True,market_only,development,2024,logistic_regression
68,2024-12-13 19:30:00,benchmark_overround,True,market_only,development,2024,logistic_regression
69,2024-12-14 14:30:00,benchmark_home_prob,True,market_only,development,2024,logistic_regression
69,2024-12-14 14:30:00,benchmark_home_odds,True,market_only,development,2024,logistic_regression
69,2024-12-14 14:30:00,benchmark_away_not_lose_fair_odds,True,market_only,development,2024,logistic_regression
69,2024-12-14 14:30:00,benchmark_overround,True,market_only,development,2024,logistic_regression
70,2024-12-14 17:30:00,benchmark_home_prob,True,market_only,development,2024,logistic_regression
70,2024-12-14 17:30:00,benchmark_home_odds,True,market_only,development,2024,logistic_regression
70,2024-12-14 17:30:00,benchmark_away_not_lose_fair_odds,True,market_only,development,2024,logistic_regression
70,2024-12-14 17:30:00,benchmark_overround,True,market_only,development,2024,logistic_regression
71,2024-12-15 14:30:00,benchmark_home_prob,True,market_only,development,2024,logistic_regression
71,2024-12-15 14:30:00,benchmark_home_odds,True,market_only,development,2024,logistic_regression
71,2024-12-15 14:30:00,benchmark_away_not_lose_fair_odds,True,market_only,development,2024,logistic_regression
71,2024-12-15 14:30:00,benchmark_overround,True,market_only,development,2024,logistic_regression
72,2024-12-15 16:30:00,benchmark_home_prob,True,market_only,development,2024,logistic_regression
72,2024-12-15 16:30:00,benchmark_home_odds,True,market_only,development,2024,logistic_regression
72,2024-12-15 16:30:00,benchmark_away_not_lose_fair_odds,True,market_only,development,2024,logistic_regression
72,2024-12-15 16:30:00,benchmark_overround,True,market_only,development,2024,logistic_regression
73,2024-12-15 18:30:00,benchmark_home_prob,True,market_only,development,2024,logistic_regression
73,2024-12-15 18:30:00,benchmark_home_odds,True,market_only,development,2024,logistic_regression
73,2024-12-15 18:30:00,benchmark_away_not_lose_fair_odds,True,market_only,development,2024,logistic_regression
73,2024-12-15 18:30:00,benchmark_overround,True,market_only,development,2024,logistic_regression
74,2024-12-20 19:30:00,benchmark_home_prob,True,market_only,development,2024,logistic_regression
74,2024-12-20 19:30:00,benchmark_home_odds,True,market_only,development,2024,logistic_regression
74,2024-12-20 19:30:00,benchmark_away_not_lose_fair_odds,True,market_only,development,2024,logistic_regression
74,2024-12-20 19:30:00,benchmark_overround,True,market_only,development,2024,logistic_regression
75,2024-12-21 14:30:00,benchmark_home_prob,True,market_only,development,2024,logistic_regression
75,2024-12-21 14:30:00,benchmark_home_odds,True,market_only,development,2024,logistic_regression
75,2024-12-21 14:30:00,benchmark_away_not_lose_fair_odds,True,market_only,development,2024,logistic_regression
75,2024-12-21 14:30:00,benchmark_overround,True,market_only,development,2024,logistic_regression
76,2024-12-21 17:30:00,benchmark_home_prob,True,market_only,development,2024,logistic_regression
76,2024-12-21 17:30:00,benchmark_home_odds,True,market_only,development,2024,logistic_regression
76,2024-12-21 17:30:00,benchmark_away_not_lose_fair_odds,True,market_only,development,2024,logistic_regression
76,2024-12-21 17:30:00,benchmark_overround,True,market_only,development,2024,logistic_regression
77,2024-12-22 14:30:00,benchmark_home_prob,True,market_only,development,2024,logistic_regression
77,2024-12-22 14:30:00,benchmark_home_odds,True,market_only,development,2024,logistic_regression
77,2024-12-22 14:30:00,benchmark_away_not_lose_fair_odds,True,market_only,development,2024,logistic_regression
77,2024-12-22 14:30:00,benchmark_overround,True,market_only,development,2024,logistic_regression
78,2024-12-22 16:30:00,benchmark_home_prob,True,market_only,development,2024,logistic_regression
78,2024-12-22 16:30:00,benchmark_home_odds,True,market_only,development,2024,logistic_regression
78,2024-12-22 16:30:00,benchmark_away_not_lose_fair_odds,True,market_only,development,2024,logistic_regression
78,2024-12-22 16:30:00,benchmark_overround,True,market_only,development,2024,logistic_regression
79,2025-01-10 19:30:00,benchmark_home_prob,True,market_only,development,2024,logistic_regression
79,2025-01-10 19:30:00,benchmark_home_odds,True,market_only,development,2024,logistic_regression
79,2025-01-10 19:30:00,benchmark_away_not_lose_fair_odds,True,market_only,development,2024,logistic_regression
79,2025-01-10 19:30:00,benchmark_overround,True,market_only,development,2024,logistic_regression
80,2025-01-11 14:30:00,benchmark_home_prob,True,market_only,development,2024,logistic_regression
80,2025-01-11 14:30:00,benchmark_home_odds,True,market_only,development,2024,logistic_regression
80,2025-01-11 14:30:00,benchmark_away_not_lose_fair_odds,True,market_only,development,2024,logistic_regression
80,2025-01-11 14:30:00,benchmark_overround,True,market_only,development,2024,logistic_regression
81,2025-01-11 17:30:00,benchmark_home_prob,True,market_only,development,2024,logistic_regression
81,2025-01-11 17:30:00,benchmark_home_odds,True,market_only,development,2024,logistic_regression
81,2025-01-11 17:30:00,benchmark_away_not_lose_fair_odds,True,market_only,development,2024,logistic_regression
81,2025-01-11 17:30:00,benchmark_overround,True,market_only,development,2024,logistic_regression
82,2025-01-12 14:30:00,benchmark_home_prob,True,market_only,development,2024,logistic_regression
82,2025-01-12 14:30:00,benchmark_home_odds,True,market_only,development,2024,logistic_regression
82,2025-01-12 14:30:00,benchmark_away_not_lose_fair_odds,True,market_only,development,2024,logistic_regression
82,2025-01-12 14:30:00,benchmark_overround,True,market_only,development,2024,logistic_regression
83,2025-01-12 16:30:00,benchmark_home_prob,True,market_only,development,2024,logistic_regression
83,2025-01-12 16:30:00,benchmark_home_odds,True,market_only,development,2024,logistic_regression
83,2025-01-12 16:30:00,benchmark_away_not_lose_fair_odds,True,market_only,development,2024,logistic_regression
83,2025-01-12 16:30:00,benchmark_overround,True,market_only,development,2024,logistic_regression
84,2025-01-14 17:30:00,benchmark_home_prob,True,market_only,development,2024,logistic_regression
84,2025-01-14 17:30:00,benchmark_home_odds,True,market_only,development,2024,logistic_regression
84,2025-01-14 17:30:00,benchmark_away_not_lose_fair_odds,True,market_only,development,2024,logistic_regression
84,2025-01-14 17:30:00,benchmark_overround,True,market_only,development,2024,logistic_regression
85,2025-01-14 19:30:00,benchmark_home_prob,True,market_only,development,2024,logistic_regression
85,2025-01-14 19:30:00,benchmark_home_odds,True,market_only,development,2024,logistic_regression
85,2025-01-14 19:30:00,benchmark_away_not_lose_fair_odds,True,market_only,development,2024,logistic_regression
85,2025-01-14 19:30:00,benchmark_overround,True,market_only,development,2024,logistic_regression
86,2025-01-15 17:30:00,benchmark_home_prob,True,market_only,development,2024,logistic_regression
86,2025-01-15 17:30:00,benchmark_home_odds,True,market_only,development,2024,logistic_regression
86,2025-01-15 17:30:00,benchmark_away_not_lose_fair_odds,True,market_only,development,2024,logistic_regression
86,2025-01-15 17:30:00,benchmark_overround,True,market_only,development,2024,logistic_regression
87,2025-01-15 19:30:00,benchmark_home_prob,True,market_only,development,2024,logistic_regression
87,2025-01-15 19:30:00,benchmark_home_odds,True,market_only,development,2024,logistic_regression
87,2025-01-15 19:30:00,benchmark_away_not_lose_fair_odds,True,market_only,development,2024,logistic_regression
87,2025-01-15 19:30:00,benchmark_overround,True,market_only,development,2024,logistic_regression
88,2025-01-17 19:30:00,benchmark_home_prob,True,market_only,development,2024,logistic_regression
88,2025-01-17 19:30:00,benchmark_home_odds,True,market_only,development,2024,logistic_regression
88,2025-01-17 19:30:00,benchmark_away_not_lose_fair_odds,True,market_only,development,2024,logistic_regression
88,2025-01-17 19:30:00,benchmark_overround,True,market_only,development,2024,logistic_regression
89,2025-01-18 14:30:00,benchmark_home_prob,True,market_only,development,2024,logistic_regression
89,2025-01-18 14:30:00,benchmark_home_odds,True,market_only,development,2024,logistic_regression
89,2025-01-18 14:30:00,benchmark_away_not_lose_fair_odds,True,market_only,development,2024,logistic_regression
89,2025-01-18 14:30:00,benchmark_overround,True,market_only,development,2024,logistic_regression
90,2025-01-18 17:30:00,benchmark_home_prob,True,market_only,development,2024,logistic_regression
90,2025-01-18 17:30:00,benchmark_home_odds,True,market_only,development,2024,logistic_regression
90,2025-01-18 17:30:00,benchmark_away_not_lose_fair_odds,True,market_only,development,2024,logistic_regression
90,2025-01-18 17:30:00,benchmark_overround,True,market_only,development,2024,logistic_regression
91,2025-01-19 14:30:00,benchmark_home_prob,True,market_only,development,2024,logistic_regression
91,2025-01-19 14:30:00,benchmark_home_odds,True,market_only,development,2024,logistic_regression
91,2025-01-19 14:30:00,benchmark_away_not_lose_fair_odds,True,market_only,development,2024,logistic_regression
91,2025-01-19 14:30:00,benchmark_overround,True,market_only,development,2024,logistic_regression
92,2025-01-19 16:30:00,benchmark_home_prob,True,market_only,development,2024,logistic_regression
92,2025-01-19 16:30:00,benchmark_home_odds,True,market_only,development,2024,logistic_regression
92,2025-01-19 16:30:00,benchmark_away_not_lose_fair_odds,True,market_only,development,2024,logistic_regression
92,2025-01-19 16:30:00,benchmark_overround,True,market_only,development,2024,logistic_regression
93,2025-01-24 19:30:00,benchmark_home_prob,True,market_only,development,2024,logistic_regression
93,2025-01-24 19:30:00,benchmark_home_odds,True,market_only,development,2024,logistic_regression
93,2025-01-24 19:30:00,benchmark_away_not_lose_fair_odds,True,market_only,development,2024,logistic_regression
93,2025-01-24 19:30:00,benchmark_overround,True,market_only,development,2024,logistic_regression
94,2025-01-25 14:30:00,benchmark_home_prob,True,market_only,development,2024,logistic_regression
94,2025-01-25 14:30:00,benchmark_home_odds,True,market_only,development,2024,logistic_regression
94,2025-01-25 14:30:00,benchmark_away_not_lose_fair_odds,True,market_only,development,2024,logistic_regression
94,2025-01-25 14:30:00,benchmark_overround,True,market_only,development,2024,logistic_regression
95,2025-01-25 17:30:00,benchmark_home_prob,True,market_only,development,2024,logistic_regression
95,2025-01-25 17:30:00,benchmark_home_odds,True,market_only,development,2024,logistic_regression
95,2025-01-25 17:30:00,benchmark_away_not_lose_fair_odds,True,market_only,development,2024,logistic_regression
95,2025-01-25 17:30:00,benchmark_overround,True,market_only,development,2024,logistic_regression
96,2025-01-26 14:30:00,benchmark_home_prob,True,market_only,development,2024,logistic_regression
96,2025-01-26 14:30:00,benchmark_home_odds,True,market_only,development,2024,logistic_regression
96,2025-01-26 14:30:00,benchmark_away_not_lose_fair_odds,True,market_only,development,2024,logistic_regression
96,2025-01-26 14:30:00,benchmark_overround,True,market_only,development,2024,logistic_regression
97,2025-01-26 16:30:00,benchmark_home_prob,True,market_only,development,2024,logistic_regression
97,2025-01-26 16:30:00,benchmark_home_odds,True,market_only,development,2024,logistic_regression
97,2025-01-26 16:30:00,benchmark_away_not_lose_fair_odds,True,market_only,development,2024,logistic_regression
97,2025-01-26 16:30:00,benchmark_overround,True,market_only,development,2024,logistic_regression
98,2025-01-31 19:30:00,benchmark_home_prob,True,market_only,development,2024,logistic_regression
98,2025-01-31 19:30:00,benchmark_home_odds,True,market_only,development,2024,logistic_regression
98,2025-01-31 19:30:00,benchmark_away_not_lose_fair_odds,True,market_only,development,2024,logistic_regression
98,2025-01-31 19:30:00,benchmark_overround,True,market_only,development,2024,logistic_regression
99,2025-02-01 14:30:00,benchmark_home_prob,True,market_only,development,2024,logistic_regression
99,2025-02-01 14:30:00,benchmark_home_odds,True,market_only,development,2024,logistic_regression
99,2025-02-01 14:30:00,benchmark_away_not_lose_fair_odds,True,market_only,development,2024,logistic_regression
99,2025-02-01 14:30:00,benchmark_overround,True,market_only,development,2024,logistic_regression
100,2025-02-01 17:30:00,benchmark_home_prob,True,market_only,development,2024,logistic_regression
100,2025-02-01 17:30:00,benchmark_home_odds,True,market_only,development,2024,logistic_regression
100,2025-02-01 17:30:00,benchmark_away_not_lose_fair_odds,True,market_only,development,2024,logistic_regression
100,2025-02-01 17:30:00,benchmark_overround,True,market_only,development,2024,logistic_regression
101,2025-02-02 14:30:00,benchmark_home_prob,True,market_only,development,2024,logistic_regression
101,2025-02-02 14:30:00,benchmark_home_odds,True,market_only,development,2024,logistic_regression
101,2025-02-02 14:30:00,benchmark_away_not_lose_fair_odds,True,market_only,development,2024,logistic_regression
101,2025-02-02 14:30:00,benchmark_overround,True,market_only,development,2024,logistic_regression
102,2025-02-02 16:30:00,benchmark_home_prob,True,market_only,development,2024,logistic_regression
102,2025-02-02 16:30:00,benchmark_home_odds,True,market_only,development,2024,logistic_regression
102,2025-02-02 16:30:00,benchmark_away_not_lose_fair_odds,True,market_only,development,2024,logistic_regression
102,2025-02-02 16:30:00,benchmark_overround,True,market_only,development,2024,logistic_regression
103,2025-02-07 19:30:00,benchmark_home_prob,True,market_only,development,2024,logistic_regression
103,2025-02-07 19:30:00,benchmark_home_odds,True,market_only,development,2024,logistic_regression
103,2025-02-07 19:30:00,benchmark_away_not_lose_fair_odds,True,market_only,development,2024,logistic_regression
103,2025-02-07 19:30:00,benchmark_overround,True,market_only,development,2024,logistic_regression
104,2025-02-08 14:30:00,benchmark_home_prob,True,market_only,development,2024,logistic_regression
104,2025-02-08 14:30:00,benchmark_home_odds,True,market_only,development,2024,logistic_regression
104,2025-02-08 14:30:00,benchmark_away_not_lose_fair_odds,True,market_only,development,2024,logistic_regression
104,2025-02-08 14:30:00,benchmark_overround,True,market_only,development,2024,logistic_regression
105,2025-02-08 17:30:00,benchmark_home_prob,True,market_only,development,2024,logistic_regression
105,2025-02-08 17:30:00,benchmark_home_odds,True,market_only,development,2024,logistic_regression
105,2025-02-08 17:30:00,benchmark_away_not_lose_fair_odds,True,market_only,development,2024,logistic_regression
105,2025-02-08 17:30:00,benchmark_overround,True,market_only,development,2024,logistic_regression
106,2025-02-09 13:30:00,benchmark_home_prob,True,market_only,development,2024,logistic_regression
106,2025-02-09 13:30:00,benchmark_home_odds,True,market_only,development,2024,logistic_regression
106,2025-02-09 13:30:00,benchmark_away_not_lose_fair_odds,True,market_only,development,2024,logistic_regression
106,2025-02-09 13:30:00,benchmark_overround,True,market_only,development,2024,logistic_regression
107,2025-02-09 16:30:00,benchmark_home_prob,True,market_only,development,2024,logistic_regression
107,2025-02-09 16:30:00,benchmark_home_odds,True,market_only,development,2024,logistic_regression
107,2025-02-09 16:30:00,benchmark_away_not_lose_fair_odds,True,market_only,development,2024,logistic_regression
107,2025-02-09 16:30:00,benchmark_overround,True,market_only,development,2024,logistic_regression
108,2025-02-14 19:30:00,benchmark_home_prob,True,market_only,development,2024,logistic_regression
108,2025-02-14 19:30:00,benchmark_home_odds,True,market_only,development,2024,logistic_regression
108,2025-02-14 19:30:00,benchmark_away_not_lose_fair_odds,True,market_only,development,2024,logistic_regression
108,2025-02-14 19:30:00,benchmark_overround,True,market_only,development,2024,logistic_regression
109,2025-02-15 14:30:00,benchmark_home_prob,True,market_only,development,2024,logistic_regression
109,2025-02-15 14:30:00,benchmark_home_odds,True,market_only,development,2024,logistic_regression
109,2025-02-15 14:30:00,benchmark_away_not_lose_fair_odds,True,market_only,development,2024,logistic_regression
109,2025-02-15 14:30:00,benchmark_overround,True,market_only,development,2024,logistic_regression
110,2025-02-15 17:30:00,benchmark_home_prob,True,market_only,development,2024,logistic_regression
110,2025-02-15 17:30:00,benchmark_home_odds,True,market_only,development,2024,logistic_regression
110,2025-02-15 17:30:00,benchmark_away_not_lose_fair_odds,True,market_only,development,2024,logistic_regression
110,2025-02-15 17:30:00,benchmark_overround,True,market_only,development,2024,logistic_regression
111,2025-02-16 14:30:00,benchmark_home_prob,True,market_only,development,2024,logistic_regression
111,2025-02-16 14:30:00,benchmark_home_odds,True,market_only,development,2024,logistic_regression
111,2025-02-16 14:30:00,benchmark_away_not_lose_fair_odds,True,market_only,development,2024,logistic_regression
111,2025-02-16 14:30:00,benchmark_overround,True,market_only,development,2024,logistic_regression
112,2025-02-16 16:30:00,benchmark_home_prob,True,market_only,development,2024,logistic_regression
112,2025-02-16 16:30:00,benchmark_home_odds,True,market_only,development,2024,logistic_regression
112,2025-02-16 16:30:00,benchmark_away_not_lose_fair_odds,True,market_only,development,2024,logistic_regression
112,2025-02-16 16:30:00,benchmark_overround,True,market_only,development,2024,logistic_regression
113,2025-02-16 18:30:00,benchmark_home_prob,True,market_only,development,2024,logistic_regression
113,2025-02-16 18:30:00,benchmark_home_odds,True,market_only,development,2024,logistic_regression
113,2025-02-16 18:30:00,benchmark_away_not_lose_fair_odds,True,market_only,development,2024,logistic_regression
113,2025-02-16 18:30:00,benchmark_overround,True,market_only,development,2024,logistic_regression
114,2025-02-21 19:30:00,benchmark_home_prob,True,market_only,development,2024,logistic_regression
114,2025-02-21 19:30:00,benchmark_home_odds,True,market_only,development,2024,logistic_regression
114,2025-02-21 19:30:00,benchmark_away_not_lose_fair_odds,True,market_only,development,2024,logistic_regression
114,2025-02-21 19:30:00,benchmark_overround,True,market_only,development,2024,logistic_regression
115,2025-02-22 14:30:00,benchmark_home_prob,True,market_only,development,2024,logistic_regression
115,2025-02-22 14:30:00,benchmark_home_odds,True,market_only,development,2024,logistic_regression
115,2025-02-22 14:30:00,benchmark_away_not_lose_fair_odds,True,market_only,development,2024,logistic_regression
115,2025-02-22 14:30:00,benchmark_overround,True,market_only,development,2024,logistic_regression
116,2025-02-22 17:30:00,benchmark_home_prob,True,market_only,development,2024,logistic_regression
116,2025-02-22 17:30:00,benchmark_home_odds,True,market_only,development,2024,logistic_regression
116,2025-02-22 17:30:00,benchmark_away_not_lose_fair_odds,True,market_only,development,2024,logistic_regression
116,2025-02-22 17:30:00,benchmark_overround,True,market_only,development,2024,logistic_regression
117,2025-02-23 14:30:00,benchmark_home_prob,True,market_only,development,2024,logistic_regression
117,2025-02-23 14:30:00,benchmark_home_odds,True,market_only,development,2024,logistic_regression
117,2025-02-23 14:30:00,benchmark_away_not_lose_fair_odds,True,market_only,development,2024,logistic_regression
117,2025-02-23 14:30:00,benchmark_overround,True,market_only,development,2024,logistic_regression
118,2025-02-23 16:30:00,benchmark_home_prob,True,market_only,development,2024,logistic_regression
118,2025-02-23 16:30:00,benchmark_home_odds,True,market_only,development,2024,logistic_regression
118,2025-02-23 16:30:00,benchmark_away_not_lose_fair_odds,True,market_only,development,2024,logistic_regression
118,2025-02-23 16:30:00,benchmark_overround,True,market_only,development,2024,logistic_regression
119,2025-02-23 18:30:00,benchmark_home_prob,True,market_only,development,2024,logistic_regression
119,2025-02-23 18:30:00,benchmark_home_odds,True,market_only,development,2024,logistic_regression
119,2025-02-23 18:30:00,benchmark_away_not_lose_fair_odds,True,market_only,development,2024,logistic_regression
119,2025-02-23 18:30:00,benchmark_overround,True,market_only,development,2024,logistic_regression
120,2025-02-28 19:30:00,benchmark_home_prob,True,market_only,development,2024,logistic_regression
120,2025-02-28 19:30:00,benchmark_home_odds,True,market_only,development,2024,logistic_regression
120,2025-02-28 19:30:00,benchmark_away_not_lose_fair_odds,True,market_only,development,2024,logistic_regression
120,2025-02-28 19:30:00,benchmark_overround,True,market_only,development,2024,logistic_regression
121,2025-03-01 14:30:00,benchmark_home_prob,True,market_only,development,2024,logistic_regression
121,2025-03-01 14:30:00,benchmark_home_odds,True,market_only,development,2024,logistic_regression
121,2025-03-01 14:30:00,benchmark_away_not_lose_fair_odds,True,market_only,development,2024,logistic_regression
121,2025-03-01 14:30:00,benchmark_overround,True,market_only,development,2024,logistic_regression
122,2025-03-01 17:30:00,benchmark_home_prob,True,market_only,development,2024,logistic_regression
122,2025-03-01 17:30:00,benchmark_home_odds,True,market_only,development,2024,logistic_regression
122,2025-03-01 17:30:00,benchmark_away_not_lose_fair_odds,True,market_only,development,2024,logistic_regression
122,2025-03-01 17:30:00,benchmark_overround,True,market_only,development,2024,logistic_regression
123,2025-03-02 14:30:00,benchmark_home_prob,True,market_only,development,2024,logistic_regression
123,2025-03-02 14:30:00,benchmark_home_odds,True,market_only,development,2024,logistic_regression
123,2025-03-02 14:30:00,benchmark_away_not_lose_fair_odds,True,market_only,development,2024,logistic_regression
123,2025-03-02 14:30:00,benchmark_overround,True,market_only,development,2024,logistic_regression
124,2025-03-02 16:30:00,benchmark_home_prob,True,market_only,development,2024,logistic_regression
124,2025-03-02 16:30:00,benchmark_home_odds,True,market_only,development,2024,logistic_regression
124,2025-03-02 16:30:00,benchmark_away_not_lose_fair_odds,True,market_only,development,2024,logistic_regression
124,2025-03-02 16:30:00,benchmark_overround,True,market_only,development,2024,logistic_regression
125,2025-03-07 19:30:00,benchmark_home_prob,True,market_only,development,2024,logistic_regression
125,2025-03-07 19:30:00,benchmark_home_odds,True,market_only,development,2024,logistic_regression
125,2025-03-07 19:30:00,benchmark_away_not_lose_fair_odds,True,market_only,development,2024,logistic_regression
125,2025-03-07 19:30:00,benchmark_overround,True,market_only,development,2024,logistic_regression
126,2025-03-08 14:30:00,benchmark_home_prob,True,market_only,development,2024,logistic_regression
126,2025-03-08 14:30:00,benchmark_home_odds,True,market_only,development,2024,logistic_regression
126,2025-03-08 14:30:00,benchmark_away_not_lose_fair_odds,True,market_only,development,2024,logistic_regression
126,2025-03-08 14:30:00,benchmark_overround,True,market_only,development,2024,logistic_regression
127,2025-03-08 17:30:00,benchmark_home_prob,True,market_only,development,2024,logistic_regression
127,2025-03-08 17:30:00,benchmark_home_odds,True,market_only,development,2024,logistic_regression
127,2025-03-08 17:30:00,benchmark_away_not_lose_fair_odds,True,market_only,development,2024,logistic_regression
127,2025-03-08 17:30:00,benchmark_overround,True,market_only,development,2024,logistic_regression
128,2025-03-09 14:30:00,benchmark_home_prob,True,market_only,development,2024,logistic_regression
128,2025-03-09 14:30:00,benchmark_home_odds,True,market_only,development,2024,logistic_regression
128,2025-03-09 14:30:00,benchmark_away_not_lose_fair_odds,True,market_only,development,2024,logistic_regression
128,2025-03-09 14:30:00,benchmark_overround,True,market_only,development,2024,logistic_regression
129,2025-03-09 16:30:00,benchmark_home_prob,True,market_only,development,2024,logistic_regression
129,2025-03-09 16:30:00,benchmark_home_odds,True,market_only,development,2024,logistic_regression
129,2025-03-09 16:30:00,benchmark_away_not_lose_fair_odds,True,market_only,development,2024,logistic_regression
129,2025-03-09 16:30:00,benchmark_overround,True,market_only,development,2024,logistic_regression
130,2025-03-14 19:30:00,benchmark_home_prob,True,market_only,development,2024,logistic_regression
130,2025-03-14 19:30:00,benchmark_home_odds,True,market_only,development,2024,logistic_regression
130,2025-03-14 19:30:00,benchmark_away_not_lose_fair_odds,True,market_only,development,2024,logistic_regression
130,2025-03-14 19:30:00,benchmark_overround,True,market_only,development,2024,logistic_regression
131,2025-03-15 14:30:00,benchmark_home_prob,True,market_only,development,2024,logistic_regression
131,2025-03-15 14:30:00,benchmark_home_odds,True,market_only,development,2024,logistic_regression
131,2025-03-15 14:30:00,benchmark_away_not_lose_fair_odds,True,market_only,development,2024,logistic_regression
131,2025-03-15 14:30:00,benchmark_overround,True,market_only,development,2024,logistic_regression
132,2025-03-15 17:30:00,benchmark_home_prob,True,market_only,development,2024,logistic_regression
132,2025-03-15 17:30:00,benchmark_home_odds,True,market_only,development,2024,logistic_regression
132,2025-03-15 17:30:00,benchmark_away_not_lose_fair_odds,True,market_only,development,2024,logistic_regression
132,2025-03-15 17:30:00,benchmark_overround,True,market_only,development,2024,logistic_regression
133,2025-03-16 15:30:00,benchmark_home_prob,True,market_only,development,2024,logistic_regression
133,2025-03-16 15:30:00,benchmark_home_odds,True,market_only,development,2024,logistic_regression
133,2025-03-16 15:30:00,benchmark_away_not_lose_fair_odds,True,market_only,development,2024,logistic_regression
133,2025-03-16 15:30:00,benchmark_overround,True,market_only,development,2024,logistic_regression
134,2025-03-16 16:30:00,benchmark_home_prob,True,market_only,development,2024,logistic_regression
134,2025-03-16 16:30:00,benchmark_home_odds,True,market_only,development,2024,logistic_regression
134,2025-03-16 16:30:00,benchmark_away_not_lose_fair_odds,True,market_only,development,2024,logistic_regression
134,2025-03-16 16:30:00,benchmark_overround,True,market_only,development,2024,logistic_regression
135,2025-03-16 18:30:00,benchmark_home_prob,True,market_only,development,2024,logistic_regression
135,2025-03-16 18:30:00,benchmark_home_odds,True,market_only,development,2024,logistic_regression
135,2025-03-16 18:30:00,benchmark_away_not_lose_fair_odds,True,market_only,development,2024,logistic_regression
135,2025-03-16 18:30:00,benchmark_overround,True,market_only,development,2024,logistic_regression
136,2025-03-28 19:30:00,benchmark_home_prob,True,market_only,development,2024,logistic_regression
136,2025-03-28 19:30:00,benchmark_home_odds,True,market_only,development,2024,logistic_regression
136,2025-03-28 19:30:00,benchmark_away_not_lose_fair_odds,True,market_only,development,2024,logistic_regression
136,2025-03-28 19:30:00,benchmark_overround,True,market_only,development,2024,logistic_regression
137,2025-03-29 14:30:00,benchmark_home_prob,True,market_only,development,2024,logistic_regression
137,2025-03-29 14:30:00,benchmark_home_odds,True,market_only,development,2024,logistic_regression
137,2025-03-29 14:30:00,benchmark_away_not_lose_fair_odds,True,market_only,development,2024,logistic_regression
137,2025-03-29 14:30:00,benchmark_overround,True,market_only,development,2024,logistic_regression
138,2025-03-29 17:30:00,benchmark_home_prob,True,market_only,development,2024,logistic_regression
138,2025-03-29 17:30:00,benchmark_home_odds,True,market_only,development,2024,logistic_regression
138,2025-03-29 17:30:00,benchmark_away_not_lose_fair_odds,True,market_only,development,2024,logistic_regression
138,2025-03-29 17:30:00,benchmark_overround,True,market_only,development,2024,logistic_regression
139,2025-03-30 14:30:00,benchmark_home_prob,True,market_only,development,2024,logistic_regression
139,2025-03-30 14:30:00,benchmark_home_odds,True,market_only,development,2024,logistic_regression
139,2025-03-30 14:30:00,benchmark_away_not_lose_fair_odds,True,market_only,development,2024,logistic_regression
139,2025-03-30 14:30:00,benchmark_overround,True,market_only,development,2024,logistic_regression
140,2025-03-30 16:30:00,benchmark_home_prob,True,market_only,development,2024,logistic_regression
140,2025-03-30 16:30:00,benchmark_home_odds,True,market_only,development,2024,logistic_regression
140,2025-03-30 16:30:00,benchmark_away_not_lose_fair_odds,True,market_only,development,2024,logistic_regression
140,2025-03-30 16:30:00,benchmark_overround,True,market_only,development,2024,logistic_regression
141,2025-04-04 18:30:00,benchmark_home_prob,True,market_only,development,2024,logistic_regression
141,2025-04-04 18:30:00,benchmark_home_odds,True,market_only,development,2024,logistic_regression
141,2025-04-04 18:30:00,benchmark_away_not_lose_fair_odds,True,market_only,development,2024,logistic_regression
141,2025-04-04 18:30:00,benchmark_overround,True,market_only,development,2024,logistic_regression
142,2025-04-05 13:30:00,benchmark_home_prob,True,market_only,development,2024,logistic_regression
142,2025-04-05 13:30:00,benchmark_home_odds,True,market_only,development,2024,logistic_regression
142,2025-04-05 13:30:00,benchmark_away_not_lose_fair_odds,True,market_only,development,2024,logistic_regression
142,2025-04-05 13:30:00,benchmark_overround,True,market_only,development,2024,logistic_regression
143,2025-04-05 16:30:00,benchmark_home_prob,True,market_only,development,2024,logistic_regression
143,2025-04-05 16:30:00,benchmark_home_odds,True,market_only,development,2024,logistic_regression
143,2025-04-05 16:30:00,benchmark_away_not_lose_fair_odds,True,market_only,development,2024,logistic_regression
143,2025-04-05 16:30:00,benchmark_overround,True,market_only,development,2024,logistic_regression
144,2025-04-06 13:30:00,benchmark_home_prob,True,market_only,development,2024,logistic_regression
144,2025-04-06 13:30:00,benchmark_home_odds,True,market_only,development,2024,logistic_regression
144,2025-04-06 13:30:00,benchmark_away_not_lose_fair_odds,True,market_only,development,2024,logistic_regression
144,2025-04-06 13:30:00,benchmark_overround,True,market_only,development,2024,logistic_regression
145,2025-04-06 15:30:00,benchmark_home_prob,True,market_only,development,2024,logistic_regression
145,2025-04-06 15:30:00,benchmark_home_odds,True,market_only,development,2024,logistic_regression
145,2025-04-06 15:30:00,benchmark_away_not_lose_fair_odds,True,market_only,development,2024,logistic_regression
145,2025-04-06 15:30:00,benchmark_overround,True,market_only,development,2024,logistic_regression
146,2025-04-11 18:30:00,benchmark_home_prob,True,market_only,development,2024,logistic_regression
146,2025-04-11 18:30:00,benchmark_home_odds,True,market_only,development,2024,logistic_regression
146,2025-04-11 18:30:00,benchmark_away_not_lose_fair_odds,True,market_only,development,2024,logistic_regression
146,2025-04-11 18:30:00,benchmark_overround,True,market_only,development,2024,logistic_regression
147,2025-04-12 13:30:00,benchmark_home_prob,True,market_only,development,2024,logistic_regression
147,2025-04-12 13:30:00,benchmark_home_odds,True,market_only,development,2024,logistic_regression
147,2025-04-12 13:30:00,benchmark_away_not_lose_fair_odds,True,market_only,development,2024,logistic_regression
147,2025-04-12 13:30:00,benchmark_overround,True,market_only,development,2024,logistic_regression
148,2025-04-12 16:30:00,benchmark_home_prob,True,market_only,development,2024,logistic_regression
148,2025-04-12 16:30:00,benchmark_home_odds,True,market_only,development,2024,logistic_regression
148,2025-04-12 16:30:00,benchmark_away_not_lose_fair_odds,True,market_only,development,2024,logistic_regression
148,2025-04-12 16:30:00,benchmark_overround,True,market_only,development,2024,logistic_regression
149,2025-04-13 13:30:00,benchmark_home_prob,True,market_only,development,2024,logistic_regression
149,2025-04-13 13:30:00,benchmark_home_odds,True,market_only,development,2024,logistic_regression
149,2025-04-13 13:30:00,benchmark_away_not_lose_fair_odds,True,market_only,development,2024,logistic_regression
149,2025-04-13 13:30:00,benchmark_overround,True,market_only,development,2024,logistic_regression
150,2025-04-13 15:30:00,benchmark_home_prob,True,market_only,development,2024,logistic_regression
150,2025-04-13 15:30:00,benchmark_home_odds,True,market_only,development,2024,logistic_regression
150,2025-04-13 15:30:00,benchmark_away_not_lose_fair_odds,True,market_only,development,2024,logistic_regression
150,2025-04-13 15:30:00,benchmark_overround,True,market_only,development,2024,logistic_regression
151,2025-04-19 13:30:00,benchmark_home_prob,True,market_only,development,2024,logistic_regression
151,2025-04-19 13:30:00,benchmark_home_odds,True,market_only,development,2024,logistic_regression
151,2025-04-19 13:30:00,benchmark_away_not_lose_fair_odds,True,market_only,development,2024,logistic_regression
151,2025-04-19 13:30:00,benchmark_overround,True,market_only,development,2024,logistic_regression
152,2025-04-19 16:30:00,benchmark_home_prob,True,market_only,development,2024,logistic_regression
152,2025-04-19 16:30:00,benchmark_home_odds,True,market_only,development,2024,logistic_regression
152,2025-04-19 16:30:00,benchmark_away_not_lose_fair_odds,True,market_only,development,2024,logistic_regression
152,2025-04-19 16:30:00,benchmark_overround,True,market_only,development,2024,logistic_regression
153,2025-04-20 13:30:00,benchmark_home_prob,True,market_only,development,2024,logistic_regression
153,2025-04-20 13:30:00,benchmark_home_odds,True,market_only,development,2024,logistic_regression
153,2025-04-20 13:30:00,benchmark_away_not_lose_fair_odds,True,market_only,development,2024,logistic_regression
153,2025-04-20 13:30:00,benchmark_overround,True,market_only,development,2024,logistic_regression
154,2025-04-20 15:30:00,benchmark_home_prob,True,market_only,development,2024,logistic_regression
154,2025-04-20 15:30:00,benchmark_home_odds,True,market_only,development,2024,logistic_regression
154,2025-04-20 15:30:00,benchmark_away_not_lose_fair_odds,True,market_only,development,2024,logistic_regression
154,2025-04-20 15:30:00,benchmark_overround,True,market_only,development,2024,logistic_regression
155,2025-04-20 17:30:00,benchmark_home_prob,True,market_only,development,2024,logistic_regression
155,2025-04-20 17:30:00,benchmark_home_odds,True,market_only,development,2024,logistic_regression
155,2025-04-20 17:30:00,benchmark_away_not_lose_fair_odds,True,market_only,development,2024,logistic_regression
155,2025-04-20 17:30:00,benchmark_overround,True,market_only,development,2024,logistic_regression
156,2025-04-25 18:30:00,benchmark_home_prob,True,market_only,development,2024,logistic_regression
156,2025-04-25 18:30:00,benchmark_home_odds,True,market_only,development,2024,logistic_regression
156,2025-04-25 18:30:00,benchmark_away_not_lose_fair_odds,True,market_only,development,2024,logistic_regression
156,2025-04-25 18:30:00,benchmark_overround,True,market_only,development,2024,logistic_regression
157,2025-04-26 13:30:00,benchmark_home_prob,True,market_only,development,2024,logistic_regression
157,2025-04-26 13:30:00,benchmark_home_odds,True,market_only,development,2024,logistic_regression
157,2025-04-26 13:30:00,benchmark_away_not_lose_fair_odds,True,market_only,development,2024,logistic_regression
157,2025-04-26 13:30:00,benchmark_overround,True,market_only,development,2024,logistic_regression
158,2025-04-26 16:30:00,benchmark_home_prob,True,market_only,development,2024,logistic_regression
158,2025-04-26 16:30:00,benchmark_home_odds,True,market_only,development,2024,logistic_regression
158,2025-04-26 16:30:00,benchmark_away_not_lose_fair_odds,True,market_only,development,2024,logistic_regression
158,2025-04-26 16:30:00,benchmark_overround,True,market_only,development,2024,logistic_regression
159,2025-04-27 13:30:00,benchmark_home_prob,True,market_only,development,2024,logistic_regression
159,2025-04-27 13:30:00,benchmark_home_odds,True,market_only,development,2024,logistic_regression
159,2025-04-27 13:30:00,benchmark_away_not_lose_fair_odds,True,market_only,development,2024,logistic_regression
159,2025-04-27 13:30:00,benchmark_overround,True,market_only,development,2024,logistic_regression
160,2025-04-27 15:30:00,benchmark_home_prob,True,market_only,development,2024,logistic_regression
160,2025-04-27 15:30:00,benchmark_home_odds,True,market_only,development,2024,logistic_regression
160,2025-04-27 15:30:00,benchmark_away_not_lose_fair_odds,True,market_only,development,2024,logistic_regression
160,2025-04-27 15:30:00,benchmark_overround,True,market_only,development,2024,logistic_regression
161,2025-05-02 18:30:00,benchmark_home_prob,True,market_only,development,2024,logistic_regression
161,2025-05-02 18:30:00,benchmark_home_odds,True,market_only,development,2024,logistic_regression
161,2025-05-02 18:30:00,benchmark_away_not_lose_fair_odds,True,market_only,development,2024,logistic_regression
161,2025-05-02 18:30:00,benchmark_overround,True,market_only,development,2024,logistic_regression
162,2025-05-03 13:30:00,benchmark_home_prob,True,market_only,development,2024,logistic_regression
162,2025-05-03 13:30:00,benchmark_home_odds,True,market_only,development,2024,logistic_regression
162,2025-05-03 13:30:00,benchmark_away_not_lose_fair_odds,True,market_only,development,2024,logistic_regression
162,2025-05-03 13:30:00,benchmark_overround,True,market_only,development,2024,logistic_regression
163,2025-05-03 16:30:00,benchmark_home_prob,True,market_only,development,2024,logistic_regression
163,2025-05-03 16:30:00,benchmark_home_odds,True,market_only,development,2024,logistic_regression
163,2025-05-03 16:30:00,benchmark_away_not_lose_fair_odds,True,market_only,development,2024,logistic_regression
163,2025-05-03 16:30:00,benchmark_overround,True,market_only,development,2024,logistic_regression
164,2025-05-04 13:30:00,benchmark_home_prob,True,market_only,development,2024,logistic_regression
164,2025-05-04 13:30:00,benchmark_home_odds,True,market_only,development,2024,logistic_regression
164,2025-05-04 13:30:00,benchmark_away_not_lose_fair_odds,True,market_only,development,2024,logistic_regression
164,2025-05-04 13:30:00,benchmark_overround,True,market_only,development,2024,logistic_regression
165,2025-05-04 15:30:00,benchmark_home_prob,True,market_only,development,2024,logistic_regression
165,2025-05-04 15:30:00,benchmark_home_odds,True,market_only,development,2024,logistic_regression
165,2025-05-04 15:30:00,benchmark_away_not_lose_fair_odds,True,market_only,development,2024,logistic_regression
165,2025-05-04 15:30:00,benchmark_overround,True,market_only,development,2024,logistic_regression
166,2025-05-04 17:30:00,benchmark_home_prob,True,market_only,development,2024,logistic_regression
166,2025-05-04 17:30:00,benchmark_home_odds,True,market_only,development,2024,logistic_regression
166,2025-05-04 17:30:00,benchmark_away_not_lose_fair_odds,True,market_only,development,2024,logistic_regression
166,2025-05-04 17:30:00,benchmark_overround,True,market_only,development,2024,logistic_regression
167,2025-05-09 18:30:00,benchmark_home_prob,True,market_only,development,2024,logistic_regression
167,2025-05-09 18:30:00,benchmark_home_odds,True,market_only,development,2024,logistic_regression
167,2025-05-09 18:30:00,benchmark_away_not_lose_fair_odds,True,market_only,development,2024,logistic_regression
167,2025-05-09 18:30:00,benchmark_overround,True,market_only,development,2024,logistic_regression
168,2025-05-10 13:30:00,benchmark_home_prob,True,market_only,development,2024,logistic_regression
168,2025-05-10 13:30:00,benchmark_home_odds,True,market_only,development,2024,logistic_regression
168,2025-05-10 13:30:00,benchmark_away_not_lose_fair_odds,True,market_only,development,2024,logistic_regression
168,2025-05-10 13:30:00,benchmark_overround,True,market_only,development,2024,logistic_regression
169,2025-05-10 16:30:00,benchmark_home_prob,True,market_only,development,2024,logistic_regression
169,2025-05-10 16:30:00,benchmark_home_odds,True,market_only,development,2024,logistic_regression
169,2025-05-10 16:30:00,benchmark_away_not_lose_fair_odds,True,market_only,development,2024,logistic_regression
169,2025-05-10 16:30:00,benchmark_overround,True,market_only,development,2024,logistic_regression
170,2025-05-11 13:30:00,benchmark_home_prob,True,market_only,development,2024,logistic_regression
170,2025-05-11 13:30:00,benchmark_home_odds,True,market_only,development,2024,logistic_regression
170,2025-05-11 13:30:00,benchmark_away_not_lose_fair_odds,True,market_only,development,2024,logistic_regression
170,2025-05-11 13:30:00,benchmark_overround,True,market_only,development,2024,logistic_regression
171,2025-05-11 15:30:00,benchmark_home_prob,True,market_only,development,2024,logistic_regression
171,2025-05-11 15:30:00,benchmark_home_odds,True,market_only,development,2024,logistic_regression
171,2025-05-11 15:30:00,benchmark_away_not_lose_fair_odds,True,market_only,development,2024,logistic_regression
171,2025-05-11 15:30:00,benchmark_overround,True,market_only,development,2024,logistic_regression
172,2025-05-11 17:30:00,benchmark_home_prob,True,market_only,development,2024,logistic_regression
172,2025-05-11 17:30:00,benchmark_home_odds,True,market_only,development,2024,logistic_regression
172,2025-05-11 17:30:00,benchmark_away_not_lose_fair_odds,True,market_only,development,2024,logistic_regression
172,2025-05-11 17:30:00,benchmark_overround,True,market_only,development,2024,logistic_regression
173,2025-05-17 13:30:00,benchmark_home_prob,True,market_only,development,2024,logistic_regression
173,2025-05-17 13:30:00,benchmark_home_odds,True,market_only,development,2024,logistic_regression
173,2025-05-17 13:30:00,benchmark_away_not_lose_fair_odds,True,market_only,development,2024,logistic_regression
173,2025-05-17 13:30:00,benchmark_overround,True,market_only,development,2024,logistic_regression
1,2025-08-22 18:30:00,benchmark_home_prob,True,market_only,test,2025,logistic_regression
1,2025-08-22 18:30:00,benchmark_home_odds,True,market_only,test,2025,logistic_regression
1,2025-08-22 18:30:00,benchmark_away_not_lose_fair_odds,True,market_only,test,2025,logistic_regression
1,2025-08-22 18:30:00,benchmark_overround,True,market_only,test,2025,logistic_regression
2,2025-08-23 13:30:00,benchmark_home_prob,True,market_only,test,2025,logistic_regression
2,2025-08-23 13:30:00,benchmark_home_odds,True,market_only,test,2025,logistic_regression
2,2025-08-23 13:30:00,benchmark_away_not_lose_fair_odds,True,market_only,test,2025,logistic_regression
2,2025-08-23 13:30:00,benchmark_overround,True,market_only,test,2025,logistic_regression
3,2025-08-23 16:30:00,benchmark_home_prob,True,market_only,test,2025,logistic_regression
3,2025-08-23 16:30:00,benchmark_home_odds,True,market_only,test,2025,logistic_regression
3,2025-08-23 16:30:00,benchmark_away_not_lose_fair_odds,True,market_only,test,2025,logistic_regression
3,2025-08-23 16:30:00,benchmark_overround,True,market_only,test,2025,logistic_regression
4,2025-08-24 13:30:00,benchmark_home_prob,True,market_only,test,2025,logistic_regression
4,2025-08-24 13:30:00,benchmark_home_odds,True,market_only,test,2025,logistic_regression
4,2025-08-24 13:30:00,benchmark_away_not_lose_fair_odds,True,market_only,test,2025,logistic_regression
4,2025-08-24 13:30:00,benchmark_overround,True,market_only,test,2025,logistic_regression
5,2025-08-24 15:30:00,benchmark_home_prob,True,market_only,test,2025,logistic_regression
5,2025-08-24 15:30:00,benchmark_home_odds,True,market_only,test,2025,logistic_regression
5,2025-08-24 15:30:00,benchmark_away_not_lose_fair_odds,True,market_only,test,2025,logistic_regression
5,2025-08-24 15:30:00,benchmark_overround,True,market_only,test,2025,logistic_regression
6,2025-08-29 18:30:00,benchmark_home_prob,True,market_only,test,2025,logistic_regression
6,2025-08-29 18:30:00,benchmark_home_odds,True,market_only,test,2025,logistic_regression
6,2025-08-29 18:30:00,benchmark_away_not_lose_fair_odds,True,market_only,test,2025,logistic_regression
6,2025-08-29 18:30:00,benchmark_overround,True,market_only,test,2025,logistic_regression
7,2025-08-30 13:30:00,benchmark_home_prob,True,market_only,test,2025,logistic_regression
7,2025-08-30 13:30:00,benchmark_home_odds,True,market_only,test,2025,logistic_regression
7,2025-08-30 13:30:00,benchmark_away_not_lose_fair_odds,True,market_only,test,2025,logistic_regression
7,2025-08-30 13:30:00,benchmark_overround,True,market_only,test,2025,logistic_regression
8,2025-08-30 16:30:00,benchmark_home_prob,True,market_only,test,2025,logistic_regression
8,2025-08-30 16:30:00,benchmark_home_odds,True,market_only,test,2025,logistic_regression
8,2025-08-30 16:30:00,benchmark_away_not_lose_fair_odds,True,market_only,test,2025,logistic_regression
8,2025-08-30 16:30:00,benchmark_overround,True,market_only,test,2025,logistic_regression
9,2025-08-31 13:30:00,benchmark_home_prob,True,market_only,test,2025,logistic_regression
9,2025-08-31 13:30:00,benchmark_home_odds,True,market_only,test,2025,logistic_regression
9,2025-08-31 13:30:00,benchmark_away_not_lose_fair_odds,True,market_only,test,2025,logistic_regression
9,2025-08-31 13:30:00,benchmark_overround,True,market_only,test,2025,logistic_regression
10,2025-08-31 15:30:00,benchmark_home_prob,True,market_only,test,2025,logistic_regression
10,2025-08-31 15:30:00,benchmark_home_odds,True,market_only,test,2025,logistic_regression
10,2025-08-31 15:30:00,benchmark_away_not_lose_fair_odds,True,market_only,test,2025,logistic_regression
10,2025-08-31 15:30:00,benchmark_overround,True,market_only,test,2025,logistic_regression
11,2025-08-31 17:30:00,benchmark_home_prob,True,market_only,test,2025,logistic_regression
11,2025-08-31 17:30:00,benchmark_home_odds,True,market_only,test,2025,logistic_regression
11,2025-08-31 17:30:00,benchmark_away_not_lose_fair_odds,True,market_only,test,2025,logistic_regression
11,2025-08-31 17:30:00,benchmark_overround,True,market_only,test,2025,logistic_regression
12,2025-09-12 18:30:00,benchmark_home_prob,True,market_only,test,2025,logistic_regression
12,2025-09-12 18:30:00,benchmark_home_odds,True,market_only,test,2025,logistic_regression
12,2025-09-12 18:30:00,benchmark_away_not_lose_fair_odds,True,market_only,test,2025,logistic_regression
12,2025-09-12 18:30:00,benchmark_overround,True,market_only,test,2025,logistic_regression
13,2025-09-13 13:30:00,benchmark_home_prob,True,market_only,test,2025,logistic_regression
13,2025-09-13 13:30:00,benchmark_home_odds,True,market_only,test,2025,logistic_regression
13,2025-09-13 13:30:00,benchmark_away_not_lose_fair_odds,True,market_only,test,2025,logistic_regression
13,2025-09-13 13:30:00,benchmark_overround,True,market_only,test,2025,logistic_regression
14,2025-09-13 16:30:00,benchmark_home_prob,True,market_only,test,2025,logistic_regression
14,2025-09-13 16:30:00,benchmark_home_odds,True,market_only,test,2025,logistic_regression
14,2025-09-13 16:30:00,benchmark_away_not_lose_fair_odds,True,market_only,test,2025,logistic_regression
14,2025-09-13 16:30:00,benchmark_overround,True,market_only,test,2025,logistic_regression
15,2025-09-14 13:30:00,benchmark_home_prob,True,market_only,test,2025,logistic_regression
15,2025-09-14 13:30:00,benchmark_home_odds,True,market_only,test,2025,logistic_regression
15,2025-09-14 13:30:00,benchmark_away_not_lose_fair_odds,True,market_only,test,2025,logistic_regression
15,2025-09-14 13:30:00,benchmark_overround,True,market_only,test,2025,logistic_regression
16,2025-09-14 15:30:00,benchmark_home_prob,True,market_only,test,2025,logistic_regression
16,2025-09-14 15:30:00,benchmark_home_odds,True,market_only,test,2025,logistic_regression
16,2025-09-14 15:30:00,benchmark_away_not_lose_fair_odds,True,market_only,test,2025,logistic_regression
16,2025-09-14 15:30:00,benchmark_overround,True,market_only,test,2025,logistic_regression
17,2025-09-19 18:30:00,benchmark_home_prob,True,market_only,test,2025,logistic_regression
17,2025-09-19 18:30:00,benchmark_home_odds,True,market_only,test,2025,logistic_regression
17,2025-09-19 18:30:00,benchmark_away_not_lose_fair_odds,True,market_only,test,2025,logistic_regression
17,2025-09-19 18:30:00,benchmark_overround,True,market_only,test,2025,logistic_regression
18,2025-09-20 13:30:00,benchmark_home_prob,True,market_only,test,2025,logistic_regression
18,2025-09-20 13:30:00,benchmark_home_odds,True,market_only,test,2025,logistic_regression
18,2025-09-20 13:30:00,benchmark_away_not_lose_fair_odds,True,market_only,test,2025,logistic_regression
18,2025-09-20 13:30:00,benchmark_overround,True,market_only,test,2025,logistic_regression
19,2025-09-20 16:30:00,benchmark_home_prob,True,market_only,test,2025,logistic_regression
19,2025-09-20 16:30:00,benchmark_home_odds,True,market_only,test,2025,logistic_regression
19,2025-09-20 16:30:00,benchmark_away_not_lose_fair_odds,True,market_only,test,2025,logistic_regression
19,2025-09-20 16:30:00,benchmark_overround,True,market_only,test,2025,logistic_regression
20,2025-09-21 13:30:00,benchmark_home_prob,True,market_only,test,2025,logistic_regression
20,2025-09-21 13:30:00,benchmark_home_odds,True,market_only,test,2025,logistic_regression
20,2025-09-21 13:30:00,benchmark_away_not_lose_fair_odds,True,market_only,test,2025,logistic_regression
20,2025-09-21 13:30:00,benchmark_overround,True,market_only,test,2025,logistic_regression
21,2025-09-21 15:30:00,benchmark_home_prob,True,market_only,test,2025,logistic_regression
21,2025-09-21 15:30:00,benchmark_home_odds,True,market_only,test,2025,logistic_regression
21,2025-09-21 15:30:00,benchmark_away_not_lose_fair_odds,True,market_only,test,2025,logistic_regression
21,2025-09-21 15:30:00,benchmark_overround,True,market_only,test,2025,logistic_regression
22,2025-09-21 17:30:00,benchmark_home_prob,True,market_only,test,2025,logistic_regression
22,2025-09-21 17:30:00,benchmark_home_odds,True,market_only,test,2025,logistic_regression
22,2025-09-21 17:30:00,benchmark_away_not_lose_fair_odds,True,market_only,test,2025,logistic_regression
22,2025-09-21 17:30:00,benchmark_overround,True,market_only,test,2025,logistic_regression
23,2025-09-26 18:30:00,benchmark_home_prob,True,market_only,test,2025,logistic_regression
23,2025-09-26 18:30:00,benchmark_home_odds,True,market_only,test,2025,logistic_regression
23,2025-09-26 18:30:00,benchmark_away_not_lose_fair_odds,True,market_only,test,2025,logistic_regression
23,2025-09-26 18:30:00,benchmark_overround,True,market_only,test,2025,logistic_regression
24,2025-09-27 13:30:00,benchmark_home_prob,True,market_only,test,2025,logistic_regression
24,2025-09-27 13:30:00,benchmark_home_odds,True,market_only,test,2025,logistic_regression
24,2025-09-27 13:30:00,benchmark_away_not_lose_fair_odds,True,market_only,test,2025,logistic_regression
24,2025-09-27 13:30:00,benchmark_overround,True,market_only,test,2025,logistic_regression
25,2025-09-27 16:30:00,benchmark_home_prob,True,market_only,test,2025,logistic_regression
25,2025-09-27 16:30:00,benchmark_home_odds,True,market_only,test,2025,logistic_regression
25,2025-09-27 16:30:00,benchmark_away_not_lose_fair_odds,True,market_only,test,2025,logistic_regression
25,2025-09-27 16:30:00,benchmark_overround,True,market_only,test,2025,logistic_regression
26,2025-09-28 13:30:00,benchmark_home_prob,True,market_only,test,2025,logistic_regression
26,2025-09-28 13:30:00,benchmark_home_odds,True,market_only,test,2025,logistic_regression
26,2025-09-28 13:30:00,benchmark_away_not_lose_fair_odds,True,market_only,test,2025,logistic_regression
26,2025-09-28 13:30:00,benchmark_overround,True,market_only,test,2025,logistic_regression
27,2025-09-28 15:30:00,benchmark_home_prob,True,market_only,test,2025,logistic_regression
27,2025-09-28 15:30:00,benchmark_home_odds,True,market_only,test,2025,logistic_regression
27,2025-09-28 15:30:00,benchmark_away_not_lose_fair_odds,True,market_only,test,2025,logistic_regression
27,2025-09-28 15:30:00,benchmark_overround,True,market_only,test,2025,logistic_regression
28,2025-09-28 17:30:00,benchmark_home_prob,True,market_only,test,2025,logistic_regression
28,2025-09-28 17:30:00,benchmark_home_odds,True,market_only,test,2025,logistic_regression
28,2025-09-28 17:30:00,benchmark_away_not_lose_fair_odds,True,market_only,test,2025,logistic_regression
28,2025-09-28 17:30:00,benchmark_overround,True,market_only,test,2025,logistic_regression
29,2025-10-03 18:30:00,benchmark_home_prob,True,market_only,test,2025,logistic_regression
29,2025-10-03 18:30:00,benchmark_home_odds,True,market_only,test,2025,logistic_regression
29,2025-10-03 18:30:00,benchmark_away_not_lose_fair_odds,True,market_only,test,2025,logistic_regression
29,2025-10-03 18:30:00,benchmark_overround,True,market_only,test,2025,logistic_regression
30,2025-10-04 13:30:00,benchmark_home_prob,True,market_only,test,2025,logistic_regression
30,2025-10-04 13:30:00,benchmark_home_odds,True,market_only,test,2025,logistic_regression
30,2025-10-04 13:30:00,benchmark_away_not_lose_fair_odds,True,market_only,test,2025,logistic_regression
30,2025-10-04 13:30:00,benchmark_overround,True,market_only,test,2025,logistic_regression
31,2025-10-04 16:30:00,benchmark_home_prob,True,market_only,test,2025,logistic_regression
31,2025-10-04 16:30:00,benchmark_home_odds,True,market_only,test,2025,logistic_regression
31,2025-10-04 16:30:00,benchmark_away_not_lose_fair_odds,True,market_only,test,2025,logistic_regression
31,2025-10-04 16:30:00,benchmark_overround,True,market_only,test,2025,logistic_regression
32,2025-10-05 13:30:00,benchmark_home_prob,True,market_only,test,2025,logistic_regression
32,2025-10-05 13:30:00,benchmark_home_odds,True,market_only,test,2025,logistic_regression
32,2025-10-05 13:30:00,benchmark_away_not_lose_fair_odds,True,market_only,test,2025,logistic_regression
32,2025-10-05 13:30:00,benchmark_overround,True,market_only,test,2025,logistic_regression
33,2025-10-05 15:30:00,benchmark_home_prob,True,market_only,test,2025,logistic_regression
33,2025-10-05 15:30:00,benchmark_home_odds,True,market_only,test,2025,logistic_regression
33,2025-10-05 15:30:00,benchmark_away_not_lose_fair_odds,True,market_only,test,2025,logistic_regression
33,2025-10-05 15:30:00,benchmark_overround,True,market_only,test,2025,logistic_regression
34,2025-10-05 17:30:00,benchmark_home_prob,True,market_only,test,2025,logistic_regression
34,2025-10-05 17:30:00,benchmark_home_odds,True,market_only,test,2025,logistic_regression
34,2025-10-05 17:30:00,benchmark_away_not_lose_fair_odds,True,market_only,test,2025,logistic_regression
34,2025-10-05 17:30:00,benchmark_overround,True,market_only,test,2025,logistic_regression
35,2025-10-17 18:30:00,benchmark_home_prob,True,market_only,test,2025,logistic_regression
35,2025-10-17 18:30:00,benchmark_home_odds,True,market_only,test,2025,logistic_regression
35,2025-10-17 18:30:00,benchmark_away_not_lose_fair_odds,True,market_only,test,2025,logistic_regression
35,2025-10-17 18:30:00,benchmark_overround,True,market_only,test,2025,logistic_regression
36,2025-10-18 13:30:00,benchmark_home_prob,True,market_only,test,2025,logistic_regression
36,2025-10-18 13:30:00,benchmark_home_odds,True,market_only,test,2025,logistic_regression
36,2025-10-18 13:30:00,benchmark_away_not_lose_fair_odds,True,market_only,test,2025,logistic_regression
36,2025-10-18 13:30:00,benchmark_overround,True,market_only,test,2025,logistic_regression
37,2025-10-18 16:30:00,benchmark_home_prob,True,market_only,test,2025,logistic_regression
37,2025-10-18 16:30:00,benchmark_home_odds,True,market_only,test,2025,logistic_regression
37,2025-10-18 16:30:00,benchmark_away_not_lose_fair_odds,True,market_only,test,2025,logistic_regression
37,2025-10-18 16:30:00,benchmark_overround,True,market_only,test,2025,logistic_regression
38,2025-10-19 13:30:00,benchmark_home_prob,True,market_only,test,2025,logistic_regression
38,2025-10-19 13:30:00,benchmark_home_odds,True,market_only,test,2025,logistic_regression
38,2025-10-19 13:30:00,benchmark_away_not_lose_fair_odds,True,market_only,test,2025,logistic_regression
38,2025-10-19 13:30:00,benchmark_overround,True,market_only,test,2025,logistic_regression
39,2025-10-19 15:30:00,benchmark_home_prob,True,market_only,test,2025,logistic_regression
39,2025-10-19 15:30:00,benchmark_home_odds,True,market_only,test,2025,logistic_regression
39,2025-10-19 15:30:00,benchmark_away_not_lose_fair_odds,True,market_only,test,2025,logistic_regression
39,2025-10-19 15:30:00,benchmark_overround,True,market_only,test,2025,logistic_regression
40,2025-10-24 18:30:00,benchmark_home_prob,True,market_only,test,2025,logistic_regression
40,2025-10-24 18:30:00,benchmark_home_odds,True,market_only,test,2025,logistic_regression
40,2025-10-24 18:30:00,benchmark_away_not_lose_fair_odds,True,market_only,test,2025,logistic_regression
40,2025-10-24 18:30:00,benchmark_overround,True,market_only,test,2025,logistic_regression
41,2025-10-25 13:30:00,benchmark_home_prob,True,market_only,test,2025,logistic_regression
41,2025-10-25 13:30:00,benchmark_home_odds,True,market_only,test,2025,logistic_regression
41,2025-10-25 13:30:00,benchmark_away_not_lose_fair_odds,True,market_only,test,2025,logistic_regression
41,2025-10-25 13:30:00,benchmark_overround,True,market_only,test,2025,logistic_regression
42,2025-10-25 16:30:00,benchmark_home_prob,True,market_only,test,2025,logistic_regression
42,2025-10-25 16:30:00,benchmark_home_odds,True,market_only,test,2025,logistic_regression
42,2025-10-25 16:30:00,benchmark_away_not_lose_fair_odds,True,market_only,test,2025,logistic_regression
42,2025-10-25 16:30:00,benchmark_overround,True,market_only,test,2025,logistic_regression
43,2025-10-26 13:30:00,benchmark_home_prob,True,market_only,test,2025,logistic_regression
43,2025-10-26 13:30:00,benchmark_home_odds,True,market_only,test,2025,logistic_regression
43,2025-10-26 13:30:00,benchmark_away_not_lose_fair_odds,True,market_only,test,2025,logistic_regression
43,2025-10-26 13:30:00,benchmark_overround,True,market_only,test,2025,logistic_regression
44,2025-10-26 15:30:00,benchmark_home_prob,True,market_only,test,2025,logistic_regression
44,2025-10-26 15:30:00,benchmark_home_odds,True,market_only,test,2025,logistic_regression
44,2025-10-26 15:30:00,benchmark_away_not_lose_fair_odds,True,market_only,test,2025,logistic_regression
44,2025-10-26 15:30:00,benchmark_overround,True,market_only,test,2025,logistic_regression
45,2025-10-31 19:30:00,benchmark_home_prob,True,market_only,test,2025,logistic_regression
45,2025-10-31 19:30:00,benchmark_home_odds,True,market_only,test,2025,logistic_regression
45,2025-10-31 19:30:00,benchmark_away_not_lose_fair_odds,True,market_only,test,2025,logistic_regression
45,2025-10-31 19:30:00,benchmark_overround,True,market_only,test,2025,logistic_regression
46,2025-11-01 14:30:00,benchmark_home_prob,True,market_only,test,2025,logistic_regression
46,2025-11-01 14:30:00,benchmark_home_odds,True,market_only,test,2025,logistic_regression
46,2025-11-01 14:30:00,benchmark_away_not_lose_fair_odds,True,market_only,test,2025,logistic_regression
46,2025-11-01 14:30:00,benchmark_overround,True,market_only,test,2025,logistic_regression
47,2025-11-01 17:30:00,benchmark_home_prob,True,market_only,test,2025,logistic_regression
47,2025-11-01 17:30:00,benchmark_home_odds,True,market_only,test,2025,logistic_regression
47,2025-11-01 17:30:00,benchmark_away_not_lose_fair_odds,True,market_only,test,2025,logistic_regression
47,2025-11-01 17:30:00,benchmark_overround,True,market_only,test,2025,logistic_regression
48,2025-11-02 14:30:00,benchmark_home_prob,True,market_only,test,2025,logistic_regression
48,2025-11-02 14:30:00,benchmark_home_odds,True,market_only,test,2025,logistic_regression
48,2025-11-02 14:30:00,benchmark_away_not_lose_fair_odds,True,market_only,test,2025,logistic_regression
48,2025-11-02 14:30:00,benchmark_overround,True,market_only,test,2025,logistic_regression
49,2025-11-02 16:30:00,benchmark_home_prob,True,market_only,test,2025,logistic_regression
49,2025-11-02 16:30:00,benchmark_home_odds,True,market_only,test,2025,logistic_regression
49,2025-11-02 16:30:00,benchmark_away_not_lose_fair_odds,True,market_only,test,2025,logistic_regression
49,2025-11-02 16:30:00,benchmark_overround,True,market_only,test,2025,logistic_regression
50,2025-11-07 19:30:00,benchmark_home_prob,True,market_only,test,2025,logistic_regression
50,2025-11-07 19:30:00,benchmark_home_odds,True,market_only,test,2025,logistic_regression
50,2025-11-07 19:30:00,benchmark_away_not_lose_fair_odds,True,market_only,test,2025,logistic_regression
50,2025-11-07 19:30:00,benchmark_overround,True,market_only,test,2025,logistic_regression
51,2025-11-08 14:30:00,benchmark_home_prob,True,market_only,test,2025,logistic_regression
51,2025-11-08 14:30:00,benchmark_home_odds,True,market_only,test,2025,logistic_regression
51,2025-11-08 14:30:00,benchmark_away_not_lose_fair_odds,True,market_only,test,2025,logistic_regression
51,2025-11-08 14:30:00,benchmark_overround,True,market_only,test,2025,logistic_regression
52,2025-11-08 17:30:00,benchmark_home_prob,True,market_only,test,2025,logistic_regression
52,2025-11-08 17:30:00,benchmark_home_odds,True,market_only,test,2025,logistic_regression
52,2025-11-08 17:30:00,benchmark_away_not_lose_fair_odds,True,market_only,test,2025,logistic_regression
52,2025-11-08 17:30:00,benchmark_overround,True,market_only,test,2025,logistic_regression
53,2025-11-09 14:30:00,benchmark_home_prob,True,market_only,test,2025,logistic_regression
53,2025-11-09 14:30:00,benchmark_home_odds,True,market_only,test,2025,logistic_regression
53,2025-11-09 14:30:00,benchmark_away_not_lose_fair_odds,True,market_only,test,2025,logistic_regression
53,2025-11-09 14:30:00,benchmark_overround,True,market_only,test,2025,logistic_regression
54,2025-11-09 16:30:00,benchmark_home_prob,True,market_only,test,2025,logistic_regression
54,2025-11-09 16:30:00,benchmark_home_odds,True,market_only,test,2025,logistic_regression
54,2025-11-09 16:30:00,benchmark_away_not_lose_fair_odds,True,market_only,test,2025,logistic_regression
54,2025-11-09 16:30:00,benchmark_overround,True,market_only,test,2025,logistic_regression
55,2025-11-09 18:30:00,benchmark_home_prob,True,market_only,test,2025,logistic_regression
55,2025-11-09 18:30:00,benchmark_home_odds,True,market_only,test,2025,logistic_regression
55,2025-11-09 18:30:00,benchmark_away_not_lose_fair_odds,True,market_only,test,2025,logistic_regression
55,2025-11-09 18:30:00,benchmark_overround,True,market_only,test,2025,logistic_regression
56,2025-11-21 19:30:00,benchmark_home_prob,True,market_only,test,2025,logistic_regression
56,2025-11-21 19:30:00,benchmark_home_odds,True,market_only,test,2025,logistic_regression
56,2025-11-21 19:30:00,benchmark_away_not_lose_fair_odds,True,market_only,test,2025,logistic_regression
56,2025-11-21 19:30:00,benchmark_overround,True,market_only,test,2025,logistic_regression
57,2025-11-22 14:30:00,benchmark_home_prob,True,market_only,test,2025,logistic_regression
57,2025-11-22 14:30:00,benchmark_home_odds,True,market_only,test,2025,logistic_regression
57,2025-11-22 14:30:00,benchmark_away_not_lose_fair_odds,True,market_only,test,2025,logistic_regression
57,2025-11-22 14:30:00,benchmark_overround,True,market_only,test,2025,logistic_regression
58,2025-11-22 17:30:00,benchmark_home_prob,True,market_only,test,2025,logistic_regression
58,2025-11-22 17:30:00,benchmark_home_odds,True,market_only,test,2025,logistic_regression
58,2025-11-22 17:30:00,benchmark_away_not_lose_fair_odds,True,market_only,test,2025,logistic_regression
58,2025-11-22 17:30:00,benchmark_overround,True,market_only,test,2025,logistic_regression
59,2025-11-23 14:30:00,benchmark_home_prob,True,market_only,test,2025,logistic_regression
59,2025-11-23 14:30:00,benchmark_home_odds,True,market_only,test,2025,logistic_regression
59,2025-11-23 14:30:00,benchmark_away_not_lose_fair_odds,True,market_only,test,2025,logistic_regression
59,2025-11-23 14:30:00,benchmark_overround,True,market_only,test,2025,logistic_regression
60,2025-11-23 16:30:00,benchmark_home_prob,True,market_only,test,2025,logistic_regression
60,2025-11-23 16:30:00,benchmark_home_odds,True,market_only,test,2025,logistic_regression
60,2025-11-23 16:30:00,benchmark_away_not_lose_fair_odds,True,market_only,test,2025,logistic_regression
60,2025-11-23 16:30:00,benchmark_overround,True,market_only,test,2025,logistic_regression
61,2025-11-28 19:30:00,benchmark_home_prob,True,market_only,test,2025,logistic_regression
61,2025-11-28 19:30:00,benchmark_home_odds,True,market_only,test,2025,logistic_regression
61,2025-11-28 19:30:00,benchmark_away_not_lose_fair_odds,True,market_only,test,2025,logistic_regression
61,2025-11-28 19:30:00,benchmark_overround,True,market_only,test,2025,logistic_regression
62,2025-11-29 14:30:00,benchmark_home_prob,True,market_only,test,2025,logistic_regression
62,2025-11-29 14:30:00,benchmark_home_odds,True,market_only,test,2025,logistic_regression
62,2025-11-29 14:30:00,benchmark_away_not_lose_fair_odds,True,market_only,test,2025,logistic_regression
62,2025-11-29 14:30:00,benchmark_overround,True,market_only,test,2025,logistic_regression
63,2025-11-29 17:30:00,benchmark_home_prob,True,market_only,test,2025,logistic_regression
63,2025-11-29 17:30:00,benchmark_home_odds,True,market_only,test,2025,logistic_regression
63,2025-11-29 17:30:00,benchmark_away_not_lose_fair_odds,True,market_only,test,2025,logistic_regression
63,2025-11-29 17:30:00,benchmark_overround,True,market_only,test,2025,logistic_regression
64,2025-11-30 14:30:00,benchmark_home_prob,True,market_only,test,2025,logistic_regression
64,2025-11-30 14:30:00,benchmark_home_odds,True,market_only,test,2025,logistic_regression
64,2025-11-30 14:30:00,benchmark_away_not_lose_fair_odds,True,market_only,test,2025,logistic_regression
64,2025-11-30 14:30:00,benchmark_overround,True,market_only,test,2025,logistic_regression
65,2025-11-30 16:30:00,benchmark_home_prob,True,market_only,test,2025,logistic_regression
65,2025-11-30 16:30:00,benchmark_home_odds,True,market_only,test,2025,logistic_regression
65,2025-11-30 16:30:00,benchmark_away_not_lose_fair_odds,True,market_only,test,2025,logistic_regression
65,2025-11-30 16:30:00,benchmark_overround,True,market_only,test,2025,logistic_regression
66,2025-11-30 18:30:00,benchmark_home_prob,True,market_only,test,2025,logistic_regression
66,2025-11-30 18:30:00,benchmark_home_odds,True,market_only,test,2025,logistic_regression
66,2025-11-30 18:30:00,benchmark_away_not_lose_fair_odds,True,market_only,test,2025,logistic_regression
66,2025-11-30 18:30:00,benchmark_overround,True,market_only,test,2025,logistic_regression
67,2025-12-05 19:30:00,benchmark_home_prob,True,market_only,test,2025,logistic_regression
67,2025-12-05 19:30:00,benchmark_home_odds,True,market_only,test,2025,logistic_regression
67,2025-12-05 19:30:00,benchmark_away_not_lose_fair_odds,True,market_only,test,2025,logistic_regression
67,2025-12-05 19:30:00,benchmark_overround,True,market_only,test,2025,logistic_regression
68,2025-12-06 14:30:00,benchmark_home_prob,True,market_only,test,2025,logistic_regression
68,2025-12-06 14:30:00,benchmark_home_odds,True,market_only,test,2025,logistic_regression
68,2025-12-06 14:30:00,benchmark_away_not_lose_fair_odds,True,market_only,test,2025,logistic_regression
68,2025-12-06 14:30:00,benchmark_overround,True,market_only,test,2025,logistic_regression
69,2025-12-06 17:30:00,benchmark_home_prob,True,market_only,test,2025,logistic_regression
69,2025-12-06 17:30:00,benchmark_home_odds,True,market_only,test,2025,logistic_regression
69,2025-12-06 17:30:00,benchmark_away_not_lose_fair_odds,True,market_only,test,2025,logistic_regression
69,2025-12-06 17:30:00,benchmark_overround,True,market_only,test,2025,logistic_regression
70,2025-12-07 14:30:00,benchmark_home_prob,True,market_only,test,2025,logistic_regression
70,2025-12-07 14:30:00,benchmark_home_odds,True,market_only,test,2025,logistic_regression
70,2025-12-07 14:30:00,benchmark_away_not_lose_fair_odds,True,market_only,test,2025,logistic_regression
70,2025-12-07 14:30:00,benchmark_overround,True,market_only,test,2025,logistic_regression
71,2025-12-07 16:30:00,benchmark_home_prob,True,market_only,test,2025,logistic_regression
71,2025-12-07 16:30:00,benchmark_home_odds,True,market_only,test,2025,logistic_regression
71,2025-12-07 16:30:00,benchmark_away_not_lose_fair_odds,True,market_only,test,2025,logistic_regression
71,2025-12-07 16:30:00,benchmark_overround,True,market_only,test,2025,logistic_regression
72,2025-12-12 19:30:00,benchmark_home_prob,True,market_only,test,2025,logistic_regression
72,2025-12-12 19:30:00,benchmark_home_odds,True,market_only,test,2025,logistic_regression
72,2025-12-12 19:30:00,benchmark_away_not_lose_fair_odds,True,market_only,test,2025,logistic_regression
72,2025-12-12 19:30:00,benchmark_overround,True,market_only,test,2025,logistic_regression
73,2025-12-13 14:30:00,benchmark_home_prob,True,market_only,test,2025,logistic_regression
73,2025-12-13 14:30:00,benchmark_home_odds,True,market_only,test,2025,logistic_regression
73,2025-12-13 14:30:00,benchmark_away_not_lose_fair_odds,True,market_only,test,2025,logistic_regression
73,2025-12-13 14:30:00,benchmark_overround,True,market_only,test,2025,logistic_regression
74,2025-12-13 17:30:00,benchmark_home_prob,True,market_only,test,2025,logistic_regression
74,2025-12-13 17:30:00,benchmark_home_odds,True,market_only,test,2025,logistic_regression
74,2025-12-13 17:30:00,benchmark_away_not_lose_fair_odds,True,market_only,test,2025,logistic_regression
74,2025-12-13 17:30:00,benchmark_overround,True,market_only,test,2025,logistic_regression
75,2025-12-14 14:30:00,benchmark_home_prob,True,market_only,test,2025,logistic_regression
75,2025-12-14 14:30:00,benchmark_home_odds,True,market_only,test,2025,logistic_regression
75,2025-12-14 14:30:00,benchmark_away_not_lose_fair_odds,True,market_only,test,2025,logistic_regression
75,2025-12-14 14:30:00,benchmark_overround,True,market_only,test,2025,logistic_regression
76,2025-12-14 16:30:00,benchmark_home_prob,True,market_only,test,2025,logistic_regression
76,2025-12-14 16:30:00,benchmark_home_odds,True,market_only,test,2025,logistic_regression
76,2025-12-14 16:30:00,benchmark_away_not_lose_fair_odds,True,market_only,test,2025,logistic_regression
76,2025-12-14 16:30:00,benchmark_overround,True,market_only,test,2025,logistic_regression
77,2025-12-14 18:30:00,benchmark_home_prob,True,market_only,test,2025,logistic_regression
77,2025-12-14 18:30:00,benchmark_home_odds,True,market_only,test,2025,logistic_regression
77,2025-12-14 18:30:00,benchmark_away_not_lose_fair_odds,True,market_only,test,2025,logistic_regression
77,2025-12-14 18:30:00,benchmark_overround,True,market_only,test,2025,logistic_regression
78,2025-12-19 19:30:00,benchmark_home_prob,True,market_only,test,2025,logistic_regression
78,2025-12-19 19:30:00,benchmark_home_odds,True,market_only,test,2025,logistic_regression
78,2025-12-19 19:30:00,benchmark_away_not_lose_fair_odds,True,market_only,test,2025,logistic_regression
78,2025-12-19 19:30:00,benchmark_overround,True,market_only,test,2025,logistic_regression
79,2025-12-20 14:30:00,benchmark_home_prob,True,market_only,test,2025,logistic_regression
79,2025-12-20 14:30:00,benchmark_home_odds,True,market_only,test,2025,logistic_regression
79,2025-12-20 14:30:00,benchmark_away_not_lose_fair_odds,True,market_only,test,2025,logistic_regression
79,2025-12-20 14:30:00,benchmark_overround,True,market_only,test,2025,logistic_regression
80,2025-12-20 17:30:00,benchmark_home_prob,True,market_only,test,2025,logistic_regression
80,2025-12-20 17:30:00,benchmark_home_odds,True,market_only,test,2025,logistic_regression
80,2025-12-20 17:30:00,benchmark_away_not_lose_fair_odds,True,market_only,test,2025,logistic_regression
80,2025-12-20 17:30:00,benchmark_overround,True,market_only,test,2025,logistic_regression
81,2025-12-21 14:30:00,benchmark_home_prob,True,market_only,test,2025,logistic_regression
81,2025-12-21 14:30:00,benchmark_home_odds,True,market_only,test,2025,logistic_regression
81,2025-12-21 14:30:00,benchmark_away_not_lose_fair_odds,True,market_only,test,2025,logistic_regression
81,2025-12-21 14:30:00,benchmark_overround,True,market_only,test,2025,logistic_regression
82,2025-12-21 16:30:00,benchmark_home_prob,True,market_only,test,2025,logistic_regression
82,2025-12-21 16:30:00,benchmark_home_odds,True,market_only,test,2025,logistic_regression
82,2025-12-21 16:30:00,benchmark_away_not_lose_fair_odds,True,market_only,test,2025,logistic_regression
82,2025-12-21 16:30:00,benchmark_overround,True,market_only,test,2025,logistic_regression
83,2026-01-09 19:30:00,benchmark_home_prob,True,market_only,test,2025,logistic_regression
83,2026-01-09 19:30:00,benchmark_home_odds,True,market_only,test,2025,logistic_regression
83,2026-01-09 19:30:00,benchmark_away_not_lose_fair_odds,True,market_only,test,2025,logistic_regression
83,2026-01-09 19:30:00,benchmark_overround,True,market_only,test,2025,logistic_regression
84,2026-01-10 14:30:00,benchmark_home_prob,True,market_only,test,2025,logistic_regression
84,2026-01-10 14:30:00,benchmark_home_odds,True,market_only,test,2025,logistic_regression
84,2026-01-10 14:30:00,benchmark_away_not_lose_fair_odds,True,market_only,test,2025,logistic_regression
84,2026-01-10 14:30:00,benchmark_overround,True,market_only,test,2025,logistic_regression
85,2026-01-10 17:30:00,benchmark_home_prob,True,market_only,test,2025,logistic_regression
85,2026-01-10 17:30:00,benchmark_home_odds,True,market_only,test,2025,logistic_regression
85,2026-01-10 17:30:00,benchmark_away_not_lose_fair_odds,True,market_only,test,2025,logistic_regression
85,2026-01-10 17:30:00,benchmark_overround,True,market_only,test,2025,logistic_regression
86,2026-01-11 14:30:00,benchmark_home_prob,True,market_only,test,2025,logistic_regression
86,2026-01-11 14:30:00,benchmark_home_odds,True,market_only,test,2025,logistic_regression
86,2026-01-11 14:30:00,benchmark_away_not_lose_fair_odds,True,market_only,test,2025,logistic_regression
86,2026-01-11 14:30:00,benchmark_overround,True,market_only,test,2025,logistic_regression
87,2026-01-11 16:30:00,benchmark_home_prob,True,market_only,test,2025,logistic_regression
87,2026-01-11 16:30:00,benchmark_home_odds,True,market_only,test,2025,logistic_regression
87,2026-01-11 16:30:00,benchmark_away_not_lose_fair_odds,True,market_only,test,2025,logistic_regression
87,2026-01-11 16:30:00,benchmark_overround,True,market_only,test,2025,logistic_regression
88,2026-01-13 17:30:00,benchmark_home_prob,True,market_only,test,2025,logistic_regression
88,2026-01-13 17:30:00,benchmark_home_odds,True,market_only,test,2025,logistic_regression
88,2026-01-13 17:30:00,benchmark_away_not_lose_fair_odds,True,market_only,test,2025,logistic_regression
88,2026-01-13 17:30:00,benchmark_overround,True,market_only,test,2025,logistic_regression
89,2026-01-13 19:30:00,benchmark_home_prob,True,market_only,test,2025,logistic_regression
89,2026-01-13 19:30:00,benchmark_home_odds,True,market_only,test,2025,logistic_regression
89,2026-01-13 19:30:00,benchmark_away_not_lose_fair_odds,True,market_only,test,2025,logistic_regression
89,2026-01-13 19:30:00,benchmark_overround,True,market_only,test,2025,logistic_regression
90,2026-01-14 17:30:00,benchmark_home_prob,True,market_only,test,2025,logistic_regression
90,2026-01-14 17:30:00,benchmark_home_odds,True,market_only,test,2025,logistic_regression
90,2026-01-14 17:30:00,benchmark_away_not_lose_fair_odds,True,market_only,test,2025,logistic_regression
90,2026-01-14 17:30:00,benchmark_overround,True,market_only,test,2025,logistic_regression
91,2026-01-14 19:30:00,benchmark_home_prob,True,market_only,test,2025,logistic_regression
91,2026-01-14 19:30:00,benchmark_home_odds,True,market_only,test,2025,logistic_regression
91,2026-01-14 19:30:00,benchmark_away_not_lose_fair_odds,True,market_only,test,2025,logistic_regression
91,2026-01-14 19:30:00,benchmark_overround,True,market_only,test,2025,logistic_regression
92,2026-01-15 19:30:00,benchmark_home_prob,True,market_only,test,2025,logistic_regression
92,2026-01-15 19:30:00,benchmark_home_odds,True,market_only,test,2025,logistic_regression
92,2026-01-15 19:30:00,benchmark_away_not_lose_fair_odds,True,market_only,test,2025,logistic_regression
92,2026-01-15 19:30:00,benchmark_overround,True,market_only,test,2025,logistic_regression
93,2026-01-16 19:30:00,benchmark_home_prob,True,market_only,test,2025,logistic_regression
93,2026-01-16 19:30:00,benchmark_home_odds,True,market_only,test,2025,logistic_regression
93,2026-01-16 19:30:00,benchmark_away_not_lose_fair_odds,True,market_only,test,2025,logistic_regression
93,2026-01-16 19:30:00,benchmark_overround,True,market_only,test,2025,logistic_regression
94,2026-01-17 14:30:00,benchmark_home_prob,True,market_only,test,2025,logistic_regression
94,2026-01-17 14:30:00,benchmark_home_odds,True,market_only,test,2025,logistic_regression
94,2026-01-17 14:30:00,benchmark_away_not_lose_fair_odds,True,market_only,test,2025,logistic_regression
94,2026-01-17 14:30:00,benchmark_overround,True,market_only,test,2025,logistic_regression
95,2026-01-17 17:30:00,benchmark_home_prob,True,market_only,test,2025,logistic_regression
95,2026-01-17 17:30:00,benchmark_home_odds,True,market_only,test,2025,logistic_regression
95,2026-01-17 17:30:00,benchmark_away_not_lose_fair_odds,True,market_only,test,2025,logistic_regression
95,2026-01-17 17:30:00,benchmark_overround,True,market_only,test,2025,logistic_regression
96,2026-01-18 14:30:00,benchmark_home_prob,True,market_only,test,2025,logistic_regression
96,2026-01-18 14:30:00,benchmark_home_odds,True,market_only,test,2025,logistic_regression
96,2026-01-18 14:30:00,benchmark_away_not_lose_fair_odds,True,market_only,test,2025,logistic_regression
96,2026-01-18 14:30:00,benchmark_overround,True,market_only,test,2025,logistic_regression
97,2026-01-18 16:30:00,benchmark_home_prob,True,market_only,test,2025,logistic_regression
97,2026-01-18 16:30:00,benchmark_home_odds,True,market_only,test,2025,logistic_regression
97,2026-01-18 16:30:00,benchmark_away_not_lose_fair_odds,True,market_only,test,2025,logistic_regression
97,2026-01-18 16:30:00,benchmark_overround,True,market_only,test,2025,logistic_regression
98,2026-01-23 19:30:00,benchmark_home_prob,True,market_only,test,2025,logistic_regression
98,2026-01-23 19:30:00,benchmark_home_odds,True,market_only,test,2025,logistic_regression
98,2026-01-23 19:30:00,benchmark_away_not_lose_fair_odds,True,market_only,test,2025,logistic_regression
98,2026-01-23 19:30:00,benchmark_overround,True,market_only,test,2025,logistic_regression
99,2026-01-24 14:30:00,benchmark_home_prob,True,market_only,test,2025,logistic_regression
99,2026-01-24 14:30:00,benchmark_home_odds,True,market_only,test,2025,logistic_regression
99,2026-01-24 14:30:00,benchmark_away_not_lose_fair_odds,True,market_only,test,2025,logistic_regression
99,2026-01-24 14:30:00,benchmark_overround,True,market_only,test,2025,logistic_regression
100,2026-01-24 17:30:00,benchmark_home_prob,True,market_only,test,2025,logistic_regression
100,2026-01-24 17:30:00,benchmark_home_odds,True,market_only,test,2025,logistic_regression
100,2026-01-24 17:30:00,benchmark_away_not_lose_fair_odds,True,market_only,test,2025,logistic_regression
100,2026-01-24 17:30:00,benchmark_overround,True,market_only,test,2025,logistic_regression
101,2026-01-25 14:30:00,benchmark_home_prob,True,market_only,test,2025,logistic_regression
101,2026-01-25 14:30:00,benchmark_home_odds,True,market_only,test,2025,logistic_regression
101,2026-01-25 14:30:00,benchmark_away_not_lose_fair_odds,True,market_only,test,2025,logistic_regression
101,2026-01-25 14:30:00,benchmark_overround,True,market_only,test,2025,logistic_regression
102,2026-01-25 16:30:00,benchmark_home_prob,True,market_only,test,2025,logistic_regression
102,2026-01-25 16:30:00,benchmark_home_odds,True,market_only,test,2025,logistic_regression
102,2026-01-25 16:30:00,benchmark_away_not_lose_fair_odds,True,market_only,test,2025,logistic_regression
102,2026-01-25 16:30:00,benchmark_overround,True,market_only,test,2025,logistic_regression
103,2026-01-27 19:30:00,benchmark_home_prob,True,market_only,test,2025,logistic_regression
103,2026-01-27 19:30:00,benchmark_home_odds,True,market_only,test,2025,logistic_regression
103,2026-01-27 19:30:00,benchmark_away_not_lose_fair_odds,True,market_only,test,2025,logistic_regression
103,2026-01-27 19:30:00,benchmark_overround,True,market_only,test,2025,logistic_regression
104,2026-01-30 19:30:00,benchmark_home_prob,True,market_only,test,2025,logistic_regression
104,2026-01-30 19:30:00,benchmark_home_odds,True,market_only,test,2025,logistic_regression
104,2026-01-30 19:30:00,benchmark_away_not_lose_fair_odds,True,market_only,test,2025,logistic_regression
104,2026-01-30 19:30:00,benchmark_overround,True,market_only,test,2025,logistic_regression
105,2026-01-31 14:30:00,benchmark_home_prob,True,market_only,test,2025,logistic_regression
105,2026-01-31 14:30:00,benchmark_home_odds,True,market_only,test,2025,logistic_regression
105,2026-01-31 14:30:00,benchmark_away_not_lose_fair_odds,True,market_only,test,2025,logistic_regression
105,2026-01-31 14:30:00,benchmark_overround,True,market_only,test,2025,logistic_regression
106,2026-01-31 17:30:00,benchmark_home_prob,True,market_only,test,2025,logistic_regression
106,2026-01-31 17:30:00,benchmark_home_odds,True,market_only,test,2025,logistic_regression
106,2026-01-31 17:30:00,benchmark_away_not_lose_fair_odds,True,market_only,test,2025,logistic_regression
106,2026-01-31 17:30:00,benchmark_overround,True,market_only,test,2025,logistic_regression
107,2026-02-01 14:30:00,benchmark_home_prob,True,market_only,test,2025,logistic_regression
107,2026-02-01 14:30:00,benchmark_home_odds,True,market_only,test,2025,logistic_regression
107,2026-02-01 14:30:00,benchmark_away_not_lose_fair_odds,True,market_only,test,2025,logistic_regression
107,2026-02-01 14:30:00,benchmark_overround,True,market_only,test,2025,logistic_regression
108,2026-02-01 16:30:00,benchmark_home_prob,True,market_only,test,2025,logistic_regression
108,2026-02-01 16:30:00,benchmark_home_odds,True,market_only,test,2025,logistic_regression
108,2026-02-01 16:30:00,benchmark_away_not_lose_fair_odds,True,market_only,test,2025,logistic_regression
108,2026-02-01 16:30:00,benchmark_overround,True,market_only,test,2025,logistic_regression
109,2026-02-06 19:30:00,benchmark_home_prob,True,market_only,test,2025,logistic_regression
109,2026-02-06 19:30:00,benchmark_home_odds,True,market_only,test,2025,logistic_regression
109,2026-02-06 19:30:00,benchmark_away_not_lose_fair_odds,True,market_only,test,2025,logistic_regression
109,2026-02-06 19:30:00,benchmark_overround,True,market_only,test,2025,logistic_regression
110,2026-02-07 14:30:00,benchmark_home_prob,True,market_only,test,2025,logistic_regression
110,2026-02-07 14:30:00,benchmark_home_odds,True,market_only,test,2025,logistic_regression
110,2026-02-07 14:30:00,benchmark_away_not_lose_fair_odds,True,market_only,test,2025,logistic_regression
110,2026-02-07 14:30:00,benchmark_overround,True,market_only,test,2025,logistic_regression
111,2026-02-07 17:30:00,benchmark_home_prob,True,market_only,test,2025,logistic_regression
111,2026-02-07 17:30:00,benchmark_home_odds,True,market_only,test,2025,logistic_regression
111,2026-02-07 17:30:00,benchmark_away_not_lose_fair_odds,True,market_only,test,2025,logistic_regression
111,2026-02-07 17:30:00,benchmark_overround,True,market_only,test,2025,logistic_regression
112,2026-02-08 14:30:00,benchmark_home_prob,True,market_only,test,2025,logistic_regression
112,2026-02-08 14:30:00,benchmark_home_odds,True,market_only,test,2025,logistic_regression
112,2026-02-08 14:30:00,benchmark_away_not_lose_fair_odds,True,market_only,test,2025,logistic_regression
112,2026-02-08 14:30:00,benchmark_overround,True,market_only,test,2025,logistic_regression
113,2026-02-08 16:30:00,benchmark_home_prob,True,market_only,test,2025,logistic_regression
113,2026-02-08 16:30:00,benchmark_home_odds,True,market_only,test,2025,logistic_regression
113,2026-02-08 16:30:00,benchmark_away_not_lose_fair_odds,True,market_only,test,2025,logistic_regression
113,2026-02-08 16:30:00,benchmark_overround,True,market_only,test,2025,logistic_regression
114,2026-02-13 19:30:00,benchmark_home_prob,True,market_only,test,2025,logistic_regression
114,2026-02-13 19:30:00,benchmark_home_odds,True,market_only,test,2025,logistic_regression
114,2026-02-13 19:30:00,benchmark_away_not_lose_fair_odds,True,market_only,test,2025,logistic_regression
114,2026-02-13 19:30:00,benchmark_overround,True,market_only,test,2025,logistic_regression
115,2026-02-14 14:30:00,benchmark_home_prob,True,market_only,test,2025,logistic_regression
115,2026-02-14 14:30:00,benchmark_home_odds,True,market_only,test,2025,logistic_regression
115,2026-02-14 14:30:00,benchmark_away_not_lose_fair_odds,True,market_only,test,2025,logistic_regression
115,2026-02-14 14:30:00,benchmark_overround,True,market_only,test,2025,logistic_regression
116,2026-02-14 17:30:00,benchmark_home_prob,True,market_only,test,2025,logistic_regression
116,2026-02-14 17:30:00,benchmark_home_odds,True,market_only,test,2025,logistic_regression
116,2026-02-14 17:30:00,benchmark_away_not_lose_fair_odds,True,market_only,test,2025,logistic_regression
116,2026-02-14 17:30:00,benchmark_overround,True,market_only,test,2025,logistic_regression
117,2026-02-15 14:30:00,benchmark_home_prob,True,market_only,test,2025,logistic_regression
117,2026-02-15 14:30:00,benchmark_home_odds,True,market_only,test,2025,logistic_regression
117,2026-02-15 14:30:00,benchmark_away_not_lose_fair_odds,True,market_only,test,2025,logistic_regression
117,2026-02-15 14:30:00,benchmark_overround,True,market_only,test,2025,logistic_regression
118,2026-02-15 16:30:00,benchmark_home_prob,True,market_only,test,2025,logistic_regression
118,2026-02-15 16:30:00,benchmark_home_odds,True,market_only,test,2025,logistic_regression
118,2026-02-15 16:30:00,benchmark_away_not_lose_fair_odds,True,market_only,test,2025,logistic_regression
118,2026-02-15 16:30:00,benchmark_overround,True,market_only,test,2025,logistic_regression
119,2026-02-20 19:30:00,benchmark_home_prob,True,market_only,test,2025,logistic_regression
119,2026-02-20 19:30:00,benchmark_home_odds,True,market_only,test,2025,logistic_regression
119,2026-02-20 19:30:00,benchmark_away_not_lose_fair_odds,True,market_only,test,2025,logistic_regression
119,2026-02-20 19:30:00,benchmark_overround,True,market_only,test,2025,logistic_regression
120,2026-02-21 14:30:00,benchmark_home_prob,True,market_only,test,2025,logistic_regression
120,2026-02-21 14:30:00,benchmark_home_odds,True,market_only,test,2025,logistic_regression
120,2026-02-21 14:30:00,benchmark_away_not_lose_fair_odds,True,market_only,test,2025,logistic_regression
120,2026-02-21 14:30:00,benchmark_overround,True,market_only,test,2025,logistic_regression
121,2026-02-21 17:30:00,benchmark_home_prob,True,market_only,test,2025,logistic_regression
121,2026-02-21 17:30:00,benchmark_home_odds,True,market_only,test,2025,logistic_regression
121,2026-02-21 17:30:00,benchmark_away_not_lose_fair_odds,True,market_only,test,2025,logistic_regression
121,2026-02-21 17:30:00,benchmark_overround,True,market_only,test,2025,logistic_regression
122,2026-02-22 14:30:00,benchmark_home_prob,True,market_only,test,2025,logistic_regression
122,2026-02-22 14:30:00,benchmark_home_odds,True,market_only,test,2025,logistic_regression
122,2026-02-22 14:30:00,benchmark_away_not_lose_fair_odds,True,market_only,test,2025,logistic_regression
122,2026-02-22 14:30:00,benchmark_overround,True,market_only,test,2025,logistic_regression
123,2026-02-22 16:30:00,benchmark_home_prob,True,market_only,test,2025,logistic_regression
123,2026-02-22 16:30:00,benchmark_home_odds,True,market_only,test,2025,logistic_regression
123,2026-02-22 16:30:00,benchmark_away_not_lose_fair_odds,True,market_only,test,2025,logistic_regression
123,2026-02-22 16:30:00,benchmark_overround,True,market_only,test,2025,logistic_regression
124,2026-02-22 18:30:00,benchmark_home_prob,True,market_only,test,2025,logistic_regression
124,2026-02-22 18:30:00,benchmark_home_odds,True,market_only,test,2025,logistic_regression
124,2026-02-22 18:30:00,benchmark_away_not_lose_fair_odds,True,market_only,test,2025,logistic_regression
124,2026-02-22 18:30:00,benchmark_overround,True,market_only,test,2025,logistic_regression
125,2026-02-27 19:30:00,benchmark_home_prob,True,market_only,test,2025,logistic_regression
125,2026-02-27 19:30:00,benchmark_home_odds,True,market_only,test,2025,logistic_regression
125,2026-02-27 19:30:00,benchmark_away_not_lose_fair_odds,True,market_only,test,2025,logistic_regression
125,2026-02-27 19:30:00,benchmark_overround,True,market_only,test,2025,logistic_regression
126,2026-02-28 14:30:00,benchmark_home_prob,True,market_only,test,2025,logistic_regression
126,2026-02-28 14:30:00,benchmark_home_odds,True,market_only,test,2025,logistic_regression
126,2026-02-28 14:30:00,benchmark_away_not_lose_fair_odds,True,market_only,test,2025,logistic_regression
126,2026-02-28 14:30:00,benchmark_overround,True,market_only,test,2025,logistic_regression
127,2026-02-28 17:30:00,benchmark_home_prob,True,market_only,test,2025,logistic_regression
127,2026-02-28 17:30:00,benchmark_home_odds,True,market_only,test,2025,logistic_regression
127,2026-02-28 17:30:00,benchmark_away_not_lose_fair_odds,True,market_only,test,2025,logistic_regression
127,2026-02-28 17:30:00,benchmark_overround,True,market_only,test,2025,logistic_regression
128,2026-03-01 14:30:00,benchmark_home_prob,True,market_only,test,2025,logistic_regression
128,2026-03-01 14:30:00,benchmark_home_odds,True,market_only,test,2025,logistic_regression
128,2026-03-01 14:30:00,benchmark_away_not_lose_fair_odds,True,market_only,test,2025,logistic_regression
128,2026-03-01 14:30:00,benchmark_overround,True,market_only,test,2025,logistic_regression
129,2026-03-01 16:30:00,benchmark_home_prob,True,market_only,test,2025,logistic_regression
129,2026-03-01 16:30:00,benchmark_home_odds,True,market_only,test,2025,logistic_regression
129,2026-03-01 16:30:00,benchmark_away_not_lose_fair_odds,True,market_only,test,2025,logistic_regression
129,2026-03-01 16:30:00,benchmark_overround,True,market_only,test,2025,logistic_regression
130,2026-03-01 18:30:00,benchmark_home_prob,True,market_only,test,2025,logistic_regression
130,2026-03-01 18:30:00,benchmark_home_odds,True,market_only,test,2025,logistic_regression
130,2026-03-01 18:30:00,benchmark_away_not_lose_fair_odds,True,market_only,test,2025,logistic_regression
130,2026-03-01 18:30:00,benchmark_overround,True,market_only,test,2025,logistic_regression
131,2026-03-04 19:30:00,benchmark_home_prob,True,market_only,test,2025,logistic_regression
131,2026-03-04 19:30:00,benchmark_home_odds,True,market_only,test,2025,logistic_regression
131,2026-03-04 19:30:00,benchmark_away_not_lose_fair_odds,True,market_only,test,2025,logistic_regression
131,2026-03-04 19:30:00,benchmark_overround,True,market_only,test,2025,logistic_regression
132,2026-03-06 19:30:00,benchmark_home_prob,True,market_only,test,2025,logistic_regression
132,2026-03-06 19:30:00,benchmark_home_odds,True,market_only,test,2025,logistic_regression
132,2026-03-06 19:30:00,benchmark_away_not_lose_fair_odds,True,market_only,test,2025,logistic_regression
132,2026-03-06 19:30:00,benchmark_overround,True,market_only,test,2025,logistic_regression
133,2026-03-07 14:30:00,benchmark_home_prob,True,market_only,test,2025,logistic_regression
133,2026-03-07 14:30:00,benchmark_home_odds,True,market_only,test,2025,logistic_regression
133,2026-03-07 14:30:00,benchmark_away_not_lose_fair_odds,True,market_only,test,2025,logistic_regression
133,2026-03-07 14:30:00,benchmark_overround,True,market_only,test,2025,logistic_regression
134,2026-03-07 17:30:00,benchmark_home_prob,True,market_only,test,2025,logistic_regression
134,2026-03-07 17:30:00,benchmark_home_odds,True,market_only,test,2025,logistic_regression
134,2026-03-07 17:30:00,benchmark_away_not_lose_fair_odds,True,market_only,test,2025,logistic_regression
134,2026-03-07 17:30:00,benchmark_overround,True,market_only,test,2025,logistic_regression
135,2026-03-08 14:30:00,benchmark_home_prob,True,market_only,test,2025,logistic_regression
135,2026-03-08 14:30:00,benchmark_home_odds,True,market_only,test,2025,logistic_regression
135,2026-03-08 14:30:00,benchmark_away_not_lose_fair_odds,True,market_only,test,2025,logistic_regression
135,2026-03-08 14:30:00,benchmark_overround,True,market_only,test,2025,logistic_regression
136,2026-03-08 16:30:00,benchmark_home_prob,True,market_only,test,2025,logistic_regression
136,2026-03-08 16:30:00,benchmark_home_odds,True,market_only,test,2025,logistic_regression
136,2026-03-08 16:30:00,benchmark_away_not_lose_fair_odds,True,market_only,test,2025,logistic_regression
136,2026-03-08 16:30:00,benchmark_overround,True,market_only,test,2025,logistic_regression
137,2026-03-13 19:30:00,benchmark_home_prob,True,market_only,test,2025,logistic_regression
137,2026-03-13 19:30:00,benchmark_home_odds,True,market_only,test,2025,logistic_regression
137,2026-03-13 19:30:00,benchmark_away_not_lose_fair_odds,True,market_only,test,2025,logistic_regression
137,2026-03-13 19:30:00,benchmark_overround,True,market_only,test,2025,logistic_regression
138,2026-03-14 14:30:00,benchmark_home_prob,True,market_only,test,2025,logistic_regression
138,2026-03-14 14:30:00,benchmark_home_odds,True,market_only,test,2025,logistic_regression
138,2026-03-14 14:30:00,benchmark_away_not_lose_fair_odds,True,market_only,test,2025,logistic_regression
138,2026-03-14 14:30:00,benchmark_overround,True,market_only,test,2025,logistic_regression
139,2026-03-14 17:30:00,benchmark_home_prob,True,market_only,test,2025,logistic_regression
139,2026-03-14 17:30:00,benchmark_home_odds,True,market_only,test,2025,logistic_regression
139,2026-03-14 17:30:00,benchmark_away_not_lose_fair_odds,True,market_only,test,2025,logistic_regression
139,2026-03-14 17:30:00,benchmark_overround,True,market_only,test,2025,logistic_regression
140,2026-03-15 14:30:00,benchmark_home_prob,True,market_only,test,2025,logistic_regression
140,2026-03-15 14:30:00,benchmark_home_odds,True,market_only,test,2025,logistic_regression
140,2026-03-15 14:30:00,benchmark_away_not_lose_fair_odds,True,market_only,test,2025,logistic_regression
140,2026-03-15 14:30:00,benchmark_overround,True,market_only,test,2025,logistic_regression
141,2026-03-15 16:30:00,benchmark_home_prob,True,market_only,test,2025,logistic_regression
141,2026-03-15 16:30:00,benchmark_home_odds,True,market_only,test,2025,logistic_regression
141,2026-03-15 16:30:00,benchmark_away_not_lose_fair_odds,True,market_only,test,2025,logistic_regression
141,2026-03-15 16:30:00,benchmark_overround,True,market_only,test,2025,logistic_regression
142,2026-03-15 18:30:00,benchmark_home_prob,True,market_only,test,2025,logistic_regression
142,2026-03-15 18:30:00,benchmark_home_odds,True,market_only,test,2025,logistic_regression
142,2026-03-15 18:30:00,benchmark_away_not_lose_fair_odds,True,market_only,test,2025,logistic_regression
142,2026-03-15 18:30:00,benchmark_overround,True,market_only,test,2025,logistic_regression
143,2026-03-20 19:30:00,benchmark_home_prob,True,market_only,test,2025,logistic_regression
143,2026-03-20 19:30:00,benchmark_home_odds,True,market_only,test,2025,logistic_regression
143,2026-03-20 19:30:00,benchmark_away_not_lose_fair_odds,True,market_only,test,2025,logistic_regression
143,2026-03-20 19:30:00,benchmark_overround,True,market_only,test,2025,logistic_regression
144,2026-03-21 14:30:00,benchmark_home_prob,True,market_only,test,2025,logistic_regression
144,2026-03-21 14:30:00,benchmark_home_odds,True,market_only,test,2025,logistic_regression
144,2026-03-21 14:30:00,benchmark_away_not_lose_fair_odds,True,market_only,test,2025,logistic_regression
144,2026-03-21 14:30:00,benchmark_overround,True,market_only,test,2025,logistic_regression
145,2026-03-21 17:30:00,benchmark_home_prob,True,market_only,test,2025,logistic_regression
145,2026-03-21 17:30:00,benchmark_home_odds,True,market_only,test,2025,logistic_regression
145,2026-03-21 17:30:00,benchmark_away_not_lose_fair_odds,True,market_only,test,2025,logistic_regression
145,2026-03-21 17:30:00,benchmark_overround,True,market_only,test,2025,logistic_regression
146,2026-03-22 14:30:00,benchmark_home_prob,True,market_only,test,2025,logistic_regression
146,2026-03-22 14:30:00,benchmark_home_odds,True,market_only,test,2025,logistic_regression
146,2026-03-22 14:30:00,benchmark_away_not_lose_fair_odds,True,market_only,test,2025,logistic_regression
146,2026-03-22 14:30:00,benchmark_overround,True,market_only,test,2025,logistic_regression
147,2026-03-22 16:30:00,benchmark_home_prob,True,market_only,test,2025,logistic_regression
147,2026-03-22 16:30:00,benchmark_home_odds,True,market_only,test,2025,logistic_regression
147,2026-03-22 16:30:00,benchmark_away_not_lose_fair_odds,True,market_only,test,2025,logistic_regression
147,2026-03-22 16:30:00,benchmark_overround,True,market_only,test,2025,logistic_regression
148,2026-03-22 18:30:00,benchmark_home_prob,True,market_only,test,2025,logistic_regression
148,2026-03-22 18:30:00,benchmark_home_odds,True,market_only,test,2025,logistic_regression
148,2026-03-22 18:30:00,benchmark_away_not_lose_fair_odds,True,market_only,test,2025,logistic_regression
148,2026-03-22 18:30:00,benchmark_overround,True,market_only,test,2025,logistic_regression
149,2026-04-04 13:30:00,benchmark_home_prob,True,market_only,test,2025,logistic_regression
149,2026-04-04 13:30:00,benchmark_home_odds,True,market_only,test,2025,logistic_regression
149,2026-04-04 13:30:00,benchmark_away_not_lose_fair_odds,True,market_only,test,2025,logistic_regression
149,2026-04-04 13:30:00,benchmark_overround,True,market_only,test,2025,logistic_regression
150,2026-04-04 16:30:00,benchmark_home_prob,True,market_only,test,2025,logistic_regression
150,2026-04-04 16:30:00,benchmark_home_odds,True,market_only,test,2025,logistic_regression
150,2026-04-04 16:30:00,benchmark_away_not_lose_fair_odds,True,market_only,test,2025,logistic_regression
150,2026-04-04 16:30:00,benchmark_overround,True,market_only,test,2025,logistic_regression
151,2026-04-05 13:30:00,benchmark_home_prob,True,market_only,test,2025,logistic_regression
151,2026-04-05 13:30:00,benchmark_home_odds,True,market_only,test,2025,logistic_regression
151,2026-04-05 13:30:00,benchmark_away_not_lose_fair_odds,True,market_only,test,2025,logistic_regression
151,2026-04-05 13:30:00,benchmark_overround,True,market_only,test,2025,logistic_regression
152,2026-04-05 15:30:00,benchmark_home_prob,True,market_only,test,2025,logistic_regression
152,2026-04-05 15:30:00,benchmark_home_odds,True,market_only,test,2025,logistic_regression
152,2026-04-05 15:30:00,benchmark_away_not_lose_fair_odds,True,market_only,test,2025,logistic_regression
152,2026-04-05 15:30:00,benchmark_overround,True,market_only,test,2025,logistic_regression
153,2026-04-10 18:30:00,benchmark_home_prob,True,market_only,test,2025,logistic_regression
153,2026-04-10 18:30:00,benchmark_home_odds,True,market_only,test,2025,logistic_regression
153,2026-04-10 18:30:00,benchmark_away_not_lose_fair_odds,True,market_only,test,2025,logistic_regression
153,2026-04-10 18:30:00,benchmark_overround,True,market_only,test,2025,logistic_regression
154,2026-04-11 13:30:00,benchmark_home_prob,True,market_only,test,2025,logistic_regression
154,2026-04-11 13:30:00,benchmark_home_odds,True,market_only,test,2025,logistic_regression
154,2026-04-11 13:30:00,benchmark_away_not_lose_fair_odds,True,market_only,test,2025,logistic_regression
154,2026-04-11 13:30:00,benchmark_overround,True,market_only,test,2025,logistic_regression
155,2026-04-11 16:30:00,benchmark_home_prob,True,market_only,test,2025,logistic_regression
155,2026-04-11 16:30:00,benchmark_home_odds,True,market_only,test,2025,logistic_regression
155,2026-04-11 16:30:00,benchmark_away_not_lose_fair_odds,True,market_only,test,2025,logistic_regression
155,2026-04-11 16:30:00,benchmark_overround,True,market_only,test,2025,logistic_regression
156,2026-04-12 13:30:00,benchmark_home_prob,True,market_only,test,2025,logistic_regression
156,2026-04-12 13:30:00,benchmark_home_odds,True,market_only,test,2025,logistic_regression
156,2026-04-12 13:30:00,benchmark_away_not_lose_fair_odds,True,market_only,test,2025,logistic_regression
156,2026-04-12 13:30:00,benchmark_overround,True,market_only,test,2025,logistic_regression
157,2026-04-12 15:30:00,benchmark_home_prob,True,market_only,test,2025,logistic_regression
157,2026-04-12 15:30:00,benchmark_home_odds,True,market_only,test,2025,logistic_regression
157,2026-04-12 15:30:00,benchmark_away_not_lose_fair_odds,True,market_only,test,2025,logistic_regression
157,2026-04-12 15:30:00,benchmark_overround,True,market_only,test,2025,logistic_regression
158,2026-04-12 17:30:00,benchmark_home_prob,True,market_only,test,2025,logistic_regression
158,2026-04-12 17:30:00,benchmark_home_odds,True,market_only,test,2025,logistic_regression
158,2026-04-12 17:30:00,benchmark_away_not_lose_fair_odds,True,market_only,test,2025,logistic_regression
158,2026-04-12 17:30:00,benchmark_overround,True,market_only,test,2025,logistic_regression
159,2026-04-17 18:30:00,benchmark_home_prob,True,market_only,test,2025,logistic_regression
159,2026-04-17 18:30:00,benchmark_home_odds,True,market_only,test,2025,logistic_regression
159,2026-04-17 18:30:00,benchmark_away_not_lose_fair_odds,True,market_only,test,2025,logistic_regression
159,2026-04-17 18:30:00,benchmark_overround,True,market_only,test,2025,logistic_regression
160,2026-04-18 13:30:00,benchmark_home_prob,True,market_only,test,2025,logistic_regression
160,2026-04-18 13:30:00,benchmark_home_odds,True,market_only,test,2025,logistic_regression
160,2026-04-18 13:30:00,benchmark_away_not_lose_fair_odds,True,market_only,test,2025,logistic_regression
160,2026-04-18 13:30:00,benchmark_overround,True,market_only,test,2025,logistic_regression
161,2026-04-18 16:30:00,benchmark_home_prob,True,market_only,test,2025,logistic_regression
161,2026-04-18 16:30:00,benchmark_home_odds,True,market_only,test,2025,logistic_regression
161,2026-04-18 16:30:00,benchmark_away_not_lose_fair_odds,True,market_only,test,2025,logistic_regression
161,2026-04-18 16:30:00,benchmark_overround,True,market_only,test,2025,logistic_regression
162,2026-04-19 13:30:00,benchmark_home_prob,True,market_only,test,2025,logistic_regression
162,2026-04-19 13:30:00,benchmark_home_odds,True,market_only,test,2025,logistic_regression
162,2026-04-19 13:30:00,benchmark_away_not_lose_fair_odds,True,market_only,test,2025,logistic_regression
162,2026-04-19 13:30:00,benchmark_overround,True,market_only,test,2025,logistic_regression
163,2026-04-19 15:30:00,benchmark_home_prob,True,market_only,test,2025,logistic_regression
163,2026-04-19 15:30:00,benchmark_home_odds,True,market_only,test,2025,logistic_regression
163,2026-04-19 15:30:00,benchmark_away_not_lose_fair_odds,True,market_only,test,2025,logistic_regression
163,2026-04-19 15:30:00,benchmark_overround,True,market_only,test,2025,logistic_regression
164,2026-04-19 17:30:00,benchmark_home_prob,True,market_only,test,2025,logistic_regression
164,2026-04-19 17:30:00,benchmark_home_odds,True,market_only,test,2025,logistic_regression
164,2026-04-19 17:30:00,benchmark_away_not_lose_fair_odds,True,market_only,test,2025,logistic_regression
164,2026-04-19 17:30:00,benchmark_overround,True,market_only,test,2025,logistic_regression
1,2024-08-23 18:30:00,benchmark_home_prob,True,market_only,development,2024,naive_bayes
1,2024-08-23 18:30:00,benchmark_home_odds,True,market_only,development,2024,naive_bayes
1,2024-08-23 18:30:00,benchmark_away_not_lose_fair_odds,True,market_only,development,2024,naive_bayes
1,2024-08-23 18:30:00,benchmark_overround,True,market_only,development,2024,naive_bayes
2,2024-08-24 13:30:00,benchmark_home_prob,True,market_only,development,2024,naive_bayes
2,2024-08-24 13:30:00,benchmark_home_odds,True,market_only,development,2024,naive_bayes
2,2024-08-24 13:30:00,benchmark_away_not_lose_fair_odds,True,market_only,development,2024,naive_bayes
2,2024-08-24 13:30:00,benchmark_overround,True,market_only,development,2024,naive_bayes
3,2024-08-24 16:30:00,benchmark_home_prob,True,market_only,development,2024,naive_bayes
3,2024-08-24 16:30:00,benchmark_home_odds,True,market_only,development,2024,naive_bayes
3,2024-08-24 16:30:00,benchmark_away_not_lose_fair_odds,True,market_only,development,2024,naive_bayes
3,2024-08-24 16:30:00,benchmark_overround,True,market_only,development,2024,naive_bayes
4,2024-08-25 13:30:00,benchmark_home_prob,True,market_only,development,2024,naive_bayes
4,2024-08-25 13:30:00,benchmark_home_odds,True,market_only,development,2024,naive_bayes
4,2024-08-25 13:30:00,benchmark_away_not_lose_fair_odds,True,market_only,development,2024,naive_bayes
4,2024-08-25 13:30:00,benchmark_overround,True,market_only,development,2024,naive_bayes
5,2024-08-25 15:30:00,benchmark_home_prob,True,market_only,development,2024,naive_bayes
5,2024-08-25 15:30:00,benchmark_home_odds,True,market_only,development,2024,naive_bayes
5,2024-08-25 15:30:00,benchmark_away_not_lose_fair_odds,True,market_only,development,2024,naive_bayes
5,2024-08-25 15:30:00,benchmark_overround,True,market_only,development,2024,naive_bayes
6,2024-08-30 18:30:00,benchmark_home_prob,True,market_only,development,2024,naive_bayes
6,2024-08-30 18:30:00,benchmark_home_odds,True,market_only,development,2024,naive_bayes
6,2024-08-30 18:30:00,benchmark_away_not_lose_fair_odds,True,market_only,development,2024,naive_bayes
6,2024-08-30 18:30:00,benchmark_overround,True,market_only,development,2024,naive_bayes
7,2024-08-31 13:30:00,benchmark_home_prob,True,market_only,development,2024,naive_bayes
7,2024-08-31 13:30:00,benchmark_home_odds,True,market_only,development,2024,naive_bayes
7,2024-08-31 13:30:00,benchmark_away_not_lose_fair_odds,True,market_only,development,2024,naive_bayes
7,2024-08-31 13:30:00,benchmark_overround,True,market_only,development,2024,naive_bayes
8,2024-08-31 16:30:00,benchmark_home_prob,True,market_only,development,2024,naive_bayes
8,2024-08-31 16:30:00,benchmark_home_odds,True,market_only,development,2024,naive_bayes
8,2024-08-31 16:30:00,benchmark_away_not_lose_fair_odds,True,market_only,development,2024,naive_bayes
8,2024-08-31 16:30:00,benchmark_overround,True,market_only,development,2024,naive_bayes
9,2024-09-01 13:30:00,benchmark_home_prob,True,market_only,development,2024,naive_bayes
9,2024-09-01 13:30:00,benchmark_home_odds,True,market_only,development,2024,naive_bayes
9,2024-09-01 13:30:00,benchmark_away_not_lose_fair_odds,True,market_only,development,2024,naive_bayes
9,2024-09-01 13:30:00,benchmark_overround,True,market_only,development,2024,naive_bayes
10,2024-09-01 15:30:00,benchmark_home_prob,True,market_only,development,2024,naive_bayes
10,2024-09-01 15:30:00,benchmark_home_odds,True,market_only,development,2024,naive_bayes
10,2024-09-01 15:30:00,benchmark_away_not_lose_fair_odds,True,market_only,development,2024,naive_bayes
10,2024-09-01 15:30:00,benchmark_overround,True,market_only,development,2024,naive_bayes
11,2024-09-13 18:30:00,benchmark_home_prob,True,market_only,development,2024,naive_bayes
11,2024-09-13 18:30:00,benchmark_home_odds,True,market_only,development,2024,naive_bayes
11,2024-09-13 18:30:00,benchmark_away_not_lose_fair_odds,True,market_only,development,2024,naive_bayes
11,2024-09-13 18:30:00,benchmark_overround,True,market_only,development,2024,naive_bayes
12,2024-09-14 13:30:00,benchmark_home_prob,True,market_only,development,2024,naive_bayes
12,2024-09-14 13:30:00,benchmark_home_odds,True,market_only,development,2024,naive_bayes
12,2024-09-14 13:30:00,benchmark_away_not_lose_fair_odds,True,market_only,development,2024,naive_bayes
12,2024-09-14 13:30:00,benchmark_overround,True,market_only,development,2024,naive_bayes
13,2024-09-14 16:30:00,benchmark_home_prob,True,market_only,development,2024,naive_bayes
13,2024-09-14 16:30:00,benchmark_home_odds,True,market_only,development,2024,naive_bayes
13,2024-09-14 16:30:00,benchmark_away_not_lose_fair_odds,True,market_only,development,2024,naive_bayes
13,2024-09-14 16:30:00,benchmark_overround,True,market_only,development,2024,naive_bayes
14,2024-09-15 13:30:00,benchmark_home_prob,True,market_only,development,2024,naive_bayes
14,2024-09-15 13:30:00,benchmark_home_odds,True,market_only,development,2024,naive_bayes
14,2024-09-15 13:30:00,benchmark_away_not_lose_fair_odds,True,market_only,development,2024,naive_bayes
14,2024-09-15 13:30:00,benchmark_overround,True,market_only,development,2024,naive_bayes
15,2024-09-15 15:30:00,benchmark_home_prob,True,market_only,development,2024,naive_bayes
15,2024-09-15 15:30:00,benchmark_home_odds,True,market_only,development,2024,naive_bayes
15,2024-09-15 15:30:00,benchmark_away_not_lose_fair_odds,True,market_only,development,2024,naive_bayes
15,2024-09-15 15:30:00,benchmark_overround,True,market_only,development,2024,naive_bayes
16,2024-09-20 18:30:00,benchmark_home_prob,True,market_only,development,2024,naive_bayes
16,2024-09-20 18:30:00,benchmark_home_odds,True,market_only,development,2024,naive_bayes
16,2024-09-20 18:30:00,benchmark_away_not_lose_fair_odds,True,market_only,development,2024,naive_bayes
16,2024-09-20 18:30:00,benchmark_overround,True,market_only,development,2024,naive_bayes
17,2024-09-21 13:30:00,benchmark_home_prob,True,market_only,development,2024,naive_bayes
17,2024-09-21 13:30:00,benchmark_home_odds,True,market_only,development,2024,naive_bayes
17,2024-09-21 13:30:00,benchmark_away_not_lose_fair_odds,True,market_only,development,2024,naive_bayes
17,2024-09-21 13:30:00,benchmark_overround,True,market_only,development,2024,naive_bayes
18,2024-09-21 16:30:00,benchmark_home_prob,True,market_only,development,2024,naive_bayes
18,2024-09-21 16:30:00,benchmark_home_odds,True,market_only,development,2024,naive_bayes
18,2024-09-21 16:30:00,benchmark_away_not_lose_fair_odds,True,market_only,development,2024,naive_bayes
18,2024-09-21 16:30:00,benchmark_overround,True,market_only,development,2024,naive_bayes
19,2024-09-22 13:30:00,benchmark_home_prob,True,market_only,development,2024,naive_bayes
19,2024-09-22 13:30:00,benchmark_home_odds,True,market_only,development,2024,naive_bayes
19,2024-09-22 13:30:00,benchmark_away_not_lose_fair_odds,True,market_only,development,2024,naive_bayes
19,2024-09-22 13:30:00,benchmark_overround,True,market_only,development,2024,naive_bayes
20,2024-09-22 15:30:00,benchmark_home_prob,True,market_only,development,2024,naive_bayes
20,2024-09-22 15:30:00,benchmark_home_odds,True,market_only,development,2024,naive_bayes
20,2024-09-22 15:30:00,benchmark_away_not_lose_fair_odds,True,market_only,development,2024,naive_bayes
20,2024-09-22 15:30:00,benchmark_overround,True,market_only,development,2024,naive_bayes
21,2024-09-22 17:30:00,benchmark_home_prob,True,market_only,development,2024,naive_bayes
21,2024-09-22 17:30:00,benchmark_home_odds,True,market_only,development,2024,naive_bayes
21,2024-09-22 17:30:00,benchmark_away_not_lose_fair_odds,True,market_only,development,2024,naive_bayes
21,2024-09-22 17:30:00,benchmark_overround,True,market_only,development,2024,naive_bayes
22,2024-09-27 18:30:00,benchmark_home_prob,True,market_only,development,2024,naive_bayes
22,2024-09-27 18:30:00,benchmark_home_odds,True,market_only,development,2024,naive_bayes
22,2024-09-27 18:30:00,benchmark_away_not_lose_fair_odds,True,market_only,development,2024,naive_bayes
22,2024-09-27 18:30:00,benchmark_overround,True,market_only,development,2024,naive_bayes
23,2024-09-28 13:30:00,benchmark_home_prob,True,market_only,development,2024,naive_bayes
23,2024-09-28 13:30:00,benchmark_home_odds,True,market_only,development,2024,naive_bayes
23,2024-09-28 13:30:00,benchmark_away_not_lose_fair_odds,True,market_only,development,2024,naive_bayes
23,2024-09-28 13:30:00,benchmark_overround,True,market_only,development,2024,naive_bayes
24,2024-09-28 16:30:00,benchmark_home_prob,True,market_only,development,2024,naive_bayes
24,2024-09-28 16:30:00,benchmark_home_odds,True,market_only,development,2024,naive_bayes
24,2024-09-28 16:30:00,benchmark_away_not_lose_fair_odds,True,market_only,development,2024,naive_bayes
24,2024-09-28 16:30:00,benchmark_overround,True,market_only,development,2024,naive_bayes
25,2024-09-29 13:30:00,benchmark_home_prob,True,market_only,development,2024,naive_bayes
25,2024-09-29 13:30:00,benchmark_home_odds,True,market_only,development,2024,naive_bayes
25,2024-09-29 13:30:00,benchmark_away_not_lose_fair_odds,True,market_only,development,2024,naive_bayes
25,2024-09-29 13:30:00,benchmark_overround,True,market_only,development,2024,naive_bayes
26,2024-09-29 15:30:00,benchmark_home_prob,True,market_only,development,2024,naive_bayes
26,2024-09-29 15:30:00,benchmark_home_odds,True,market_only,development,2024,naive_bayes
26,2024-09-29 15:30:00,benchmark_away_not_lose_fair_odds,True,market_only,development,2024,naive_bayes
26,2024-09-29 15:30:00,benchmark_overround,True,market_only,development,2024,naive_bayes
27,2024-10-04 18:30:00,benchmark_home_prob,True,market_only,development,2024,naive_bayes
27,2024-10-04 18:30:00,benchmark_home_odds,True,market_only,development,2024,naive_bayes
27,2024-10-04 18:30:00,benchmark_away_not_lose_fair_odds,True,market_only,development,2024,naive_bayes
27,2024-10-04 18:30:00,benchmark_overround,True,market_only,development,2024,naive_bayes
28,2024-10-05 13:30:00,benchmark_home_prob,True,market_only,development,2024,naive_bayes
28,2024-10-05 13:30:00,benchmark_home_odds,True,market_only,development,2024,naive_bayes
28,2024-10-05 13:30:00,benchmark_away_not_lose_fair_odds,True,market_only,development,2024,naive_bayes
28,2024-10-05 13:30:00,benchmark_overround,True,market_only,development,2024,naive_bayes
29,2024-10-05 16:30:00,benchmark_home_prob,True,market_only,development,2024,naive_bayes
29,2024-10-05 16:30:00,benchmark_home_odds,True,market_only,development,2024,naive_bayes
29,2024-10-05 16:30:00,benchmark_away_not_lose_fair_odds,True,market_only,development,2024,naive_bayes
29,2024-10-05 16:30:00,benchmark_overround,True,market_only,development,2024,naive_bayes
30,2024-10-06 13:30:00,benchmark_home_prob,True,market_only,development,2024,naive_bayes
30,2024-10-06 13:30:00,benchmark_home_odds,True,market_only,development,2024,naive_bayes
30,2024-10-06 13:30:00,benchmark_away_not_lose_fair_odds,True,market_only,development,2024,naive_bayes
30,2024-10-06 13:30:00,benchmark_overround,True,market_only,development,2024,naive_bayes
31,2024-10-06 15:30:00,benchmark_home_prob,True,market_only,development,2024,naive_bayes
31,2024-10-06 15:30:00,benchmark_home_odds,True,market_only,development,2024,naive_bayes
31,2024-10-06 15:30:00,benchmark_away_not_lose_fair_odds,True,market_only,development,2024,naive_bayes
31,2024-10-06 15:30:00,benchmark_overround,True,market_only,development,2024,naive_bayes
32,2024-10-06 17:30:00,benchmark_home_prob,True,market_only,development,2024,naive_bayes
32,2024-10-06 17:30:00,benchmark_home_odds,True,market_only,development,2024,naive_bayes
32,2024-10-06 17:30:00,benchmark_away_not_lose_fair_odds,True,market_only,development,2024,naive_bayes
32,2024-10-06 17:30:00,benchmark_overround,True,market_only,development,2024,naive_bayes
33,2024-10-18 18:30:00,benchmark_home_prob,True,market_only,development,2024,naive_bayes
33,2024-10-18 18:30:00,benchmark_home_odds,True,market_only,development,2024,naive_bayes
33,2024-10-18 18:30:00,benchmark_away_not_lose_fair_odds,True,market_only,development,2024,naive_bayes
33,2024-10-18 18:30:00,benchmark_overround,True,market_only,development,2024,naive_bayes
34,2024-10-19 13:30:00,benchmark_home_prob,True,market_only,development,2024,naive_bayes
34,2024-10-19 13:30:00,benchmark_home_odds,True,market_only,development,2024,naive_bayes
34,2024-10-19 13:30:00,benchmark_away_not_lose_fair_odds,True,market_only,development,2024,naive_bayes
34,2024-10-19 13:30:00,benchmark_overround,True,market_only,development,2024,naive_bayes
35,2024-10-19 16:30:00,benchmark_home_prob,True,market_only,development,2024,naive_bayes
35,2024-10-19 16:30:00,benchmark_home_odds,True,market_only,development,2024,naive_bayes
35,2024-10-19 16:30:00,benchmark_away_not_lose_fair_odds,True,market_only,development,2024,naive_bayes
35,2024-10-19 16:30:00,benchmark_overround,True,market_only,development,2024,naive_bayes
36,2024-10-20 13:30:00,benchmark_home_prob,True,market_only,development,2024,naive_bayes
36,2024-10-20 13:30:00,benchmark_home_odds,True,market_only,development,2024,naive_bayes
36,2024-10-20 13:30:00,benchmark_away_not_lose_fair_odds,True,market_only,development,2024,naive_bayes
36,2024-10-20 13:30:00,benchmark_overround,True,market_only,development,2024,naive_bayes
37,2024-10-20 15:30:00,benchmark_home_prob,True,market_only,development,2024,naive_bayes
37,2024-10-20 15:30:00,benchmark_home_odds,True,market_only,development,2024,naive_bayes
37,2024-10-20 15:30:00,benchmark_away_not_lose_fair_odds,True,market_only,development,2024,naive_bayes
37,2024-10-20 15:30:00,benchmark_overround,True,market_only,development,2024,naive_bayes
38,2024-10-25 18:30:00,benchmark_home_prob,True,market_only,development,2024,naive_bayes
38,2024-10-25 18:30:00,benchmark_home_odds,True,market_only,development,2024,naive_bayes
38,2024-10-25 18:30:00,benchmark_away_not_lose_fair_odds,True,market_only,development,2024,naive_bayes
38,2024-10-25 18:30:00,benchmark_overround,True,market_only,development,2024,naive_bayes
39,2024-10-26 13:30:00,benchmark_home_prob,True,market_only,development,2024,naive_bayes
39,2024-10-26 13:30:00,benchmark_home_odds,True,market_only,development,2024,naive_bayes
39,2024-10-26 13:30:00,benchmark_away_not_lose_fair_odds,True,market_only,development,2024,naive_bayes
39,2024-10-26 13:30:00,benchmark_overround,True,market_only,development,2024,naive_bayes
40,2024-10-26 16:30:00,benchmark_home_prob,True,market_only,development,2024,naive_bayes
40,2024-10-26 16:30:00,benchmark_home_odds,True,market_only,development,2024,naive_bayes
40,2024-10-26 16:30:00,benchmark_away_not_lose_fair_odds,True,market_only,development,2024,naive_bayes
40,2024-10-26 16:30:00,benchmark_overround,True,market_only,development,2024,naive_bayes
41,2024-10-27 14:30:00,benchmark_home_prob,True,market_only,development,2024,naive_bayes
41,2024-10-27 14:30:00,benchmark_home_odds,True,market_only,development,2024,naive_bayes
41,2024-10-27 14:30:00,benchmark_away_not_lose_fair_odds,True,market_only,development,2024,naive_bayes
41,2024-10-27 14:30:00,benchmark_overround,True,market_only,development,2024,naive_bayes
42,2024-10-27 16:30:00,benchmark_home_prob,True,market_only,development,2024,naive_bayes
42,2024-10-27 16:30:00,benchmark_home_odds,True,market_only,development,2024,naive_bayes
42,2024-10-27 16:30:00,benchmark_away_not_lose_fair_odds,True,market_only,development,2024,naive_bayes
42,2024-10-27 16:30:00,benchmark_overround,True,market_only,development,2024,naive_bayes
43,2024-10-27 18:30:00,benchmark_home_prob,True,market_only,development,2024,naive_bayes
43,2024-10-27 18:30:00,benchmark_home_odds,True,market_only,development,2024,naive_bayes
43,2024-10-27 18:30:00,benchmark_away_not_lose_fair_odds,True,market_only,development,2024,naive_bayes
43,2024-10-27 18:30:00,benchmark_overround,True,market_only,development,2024,naive_bayes
44,2024-11-01 19:30:00,benchmark_home_prob,True,market_only,development,2024,naive_bayes
44,2024-11-01 19:30:00,benchmark_home_odds,True,market_only,development,2024,naive_bayes
44,2024-11-01 19:30:00,benchmark_away_not_lose_fair_odds,True,market_only,development,2024,naive_bayes
44,2024-11-01 19:30:00,benchmark_overround,True,market_only,development,2024,naive_bayes
45,2024-11-02 14:30:00,benchmark_home_prob,True,market_only,development,2024,naive_bayes
45,2024-11-02 14:30:00,benchmark_home_odds,True,market_only,development,2024,naive_bayes
45,2024-11-02 14:30:00,benchmark_away_not_lose_fair_odds,True,market_only,development,2024,naive_bayes
45,2024-11-02 14:30:00,benchmark_overround,True,market_only,development,2024,naive_bayes
46,2024-11-02 17:30:00,benchmark_home_prob,True,market_only,development,2024,naive_bayes
46,2024-11-02 17:30:00,benchmark_home_odds,True,market_only,development,2024,naive_bayes
46,2024-11-02 17:30:00,benchmark_away_not_lose_fair_odds,True,market_only,development,2024,naive_bayes
46,2024-11-02 17:30:00,benchmark_overround,True,market_only,development,2024,naive_bayes
47,2024-11-03 14:30:00,benchmark_home_prob,True,market_only,development,2024,naive_bayes
47,2024-11-03 14:30:00,benchmark_home_odds,True,market_only,development,2024,naive_bayes
47,2024-11-03 14:30:00,benchmark_away_not_lose_fair_odds,True,market_only,development,2024,naive_bayes
47,2024-11-03 14:30:00,benchmark_overround,True,market_only,development,2024,naive_bayes
48,2024-11-03 16:30:00,benchmark_home_prob,True,market_only,development,2024,naive_bayes
48,2024-11-03 16:30:00,benchmark_home_odds,True,market_only,development,2024,naive_bayes
48,2024-11-03 16:30:00,benchmark_away_not_lose_fair_odds,True,market_only,development,2024,naive_bayes
48,2024-11-03 16:30:00,benchmark_overround,True,market_only,development,2024,naive_bayes
49,2024-11-08 19:30:00,benchmark_home_prob,True,market_only,development,2024,naive_bayes
49,2024-11-08 19:30:00,benchmark_home_odds,True,market_only,development,2024,naive_bayes
49,2024-11-08 19:30:00,benchmark_away_not_lose_fair_odds,True,market_only,development,2024,naive_bayes
49,2024-11-08 19:30:00,benchmark_overround,True,market_only,development,2024,naive_bayes
50,2024-11-09 14:30:00,benchmark_home_prob,True,market_only,development,2024,naive_bayes
50,2024-11-09 14:30:00,benchmark_home_odds,True,market_only,development,2024,naive_bayes
50,2024-11-09 14:30:00,benchmark_away_not_lose_fair_odds,True,market_only,development,2024,naive_bayes
50,2024-11-09 14:30:00,benchmark_overround,True,market_only,development,2024,naive_bayes
51,2024-11-09 17:30:00,benchmark_home_prob,True,market_only,development,2024,naive_bayes
51,2024-11-09 17:30:00,benchmark_home_odds,True,market_only,development,2024,naive_bayes
51,2024-11-09 17:30:00,benchmark_away_not_lose_fair_odds,True,market_only,development,2024,naive_bayes
51,2024-11-09 17:30:00,benchmark_overround,True,market_only,development,2024,naive_bayes
52,2024-11-10 14:30:00,benchmark_home_prob,True,market_only,development,2024,naive_bayes
52,2024-11-10 14:30:00,benchmark_home_odds,True,market_only,development,2024,naive_bayes
52,2024-11-10 14:30:00,benchmark_away_not_lose_fair_odds,True,market_only,development,2024,naive_bayes
52,2024-11-10 14:30:00,benchmark_overround,True,market_only,development,2024,naive_bayes
53,2024-11-10 16:30:00,benchmark_home_prob,True,market_only,development,2024,naive_bayes
53,2024-11-10 16:30:00,benchmark_home_odds,True,market_only,development,2024,naive_bayes
53,2024-11-10 16:30:00,benchmark_away_not_lose_fair_odds,True,market_only,development,2024,naive_bayes
53,2024-11-10 16:30:00,benchmark_overround,True,market_only,development,2024,naive_bayes
54,2024-11-10 18:30:00,benchmark_home_prob,True,market_only,development,2024,naive_bayes
54,2024-11-10 18:30:00,benchmark_home_odds,True,market_only,development,2024,naive_bayes
54,2024-11-10 18:30:00,benchmark_away_not_lose_fair_odds,True,market_only,development,2024,naive_bayes
54,2024-11-10 18:30:00,benchmark_overround,True,market_only,development,2024,naive_bayes
55,2024-11-22 19:30:00,benchmark_home_prob,True,market_only,development,2024,naive_bayes
55,2024-11-22 19:30:00,benchmark_home_odds,True,market_only,development,2024,naive_bayes
55,2024-11-22 19:30:00,benchmark_away_not_lose_fair_odds,True,market_only,development,2024,naive_bayes
55,2024-11-22 19:30:00,benchmark_overround,True,market_only,development,2024,naive_bayes
56,2024-11-23 14:30:00,benchmark_home_prob,True,market_only,development,2024,naive_bayes
56,2024-11-23 14:30:00,benchmark_home_odds,True,market_only,development,2024,naive_bayes
56,2024-11-23 14:30:00,benchmark_away_not_lose_fair_odds,True,market_only,development,2024,naive_bayes
56,2024-11-23 14:30:00,benchmark_overround,True,market_only,development,2024,naive_bayes
57,2024-11-23 17:30:00,benchmark_home_prob,True,market_only,development,2024,naive_bayes
57,2024-11-23 17:30:00,benchmark_home_odds,True,market_only,development,2024,naive_bayes
57,2024-11-23 17:30:00,benchmark_away_not_lose_fair_odds,True,market_only,development,2024,naive_bayes
57,2024-11-23 17:30:00,benchmark_overround,True,market_only,development,2024,naive_bayes
58,2024-11-24 14:30:00,benchmark_home_prob,True,market_only,development,2024,naive_bayes
58,2024-11-24 14:30:00,benchmark_home_odds,True,market_only,development,2024,naive_bayes
58,2024-11-24 14:30:00,benchmark_away_not_lose_fair_odds,True,market_only,development,2024,naive_bayes
58,2024-11-24 14:30:00,benchmark_overround,True,market_only,development,2024,naive_bayes
59,2024-11-24 16:30:00,benchmark_home_prob,True,market_only,development,2024,naive_bayes
59,2024-11-24 16:30:00,benchmark_home_odds,True,market_only,development,2024,naive_bayes
59,2024-11-24 16:30:00,benchmark_away_not_lose_fair_odds,True,market_only,development,2024,naive_bayes
59,2024-11-24 16:30:00,benchmark_overround,True,market_only,development,2024,naive_bayes
60,2024-11-30 14:30:00,benchmark_home_prob,True,market_only,development,2024,naive_bayes
60,2024-11-30 14:30:00,benchmark_home_odds,True,market_only,development,2024,naive_bayes
60,2024-11-30 14:30:00,benchmark_away_not_lose_fair_odds,True,market_only,development,2024,naive_bayes
60,2024-11-30 14:30:00,benchmark_overround,True,market_only,development,2024,naive_bayes
61,2024-11-30 17:30:00,benchmark_home_prob,True,market_only,development,2024,naive_bayes
61,2024-11-30 17:30:00,benchmark_home_odds,True,market_only,development,2024,naive_bayes
61,2024-11-30 17:30:00,benchmark_away_not_lose_fair_odds,True,market_only,development,2024,naive_bayes
61,2024-11-30 17:30:00,benchmark_overround,True,market_only,development,2024,naive_bayes
62,2024-12-01 16:30:00,benchmark_home_prob,True,market_only,development,2024,naive_bayes
62,2024-12-01 16:30:00,benchmark_home_odds,True,market_only,development,2024,naive_bayes
62,2024-12-01 16:30:00,benchmark_away_not_lose_fair_odds,True,market_only,development,2024,naive_bayes
62,2024-12-01 16:30:00,benchmark_overround,True,market_only,development,2024,naive_bayes
63,2024-12-06 19:30:00,benchmark_home_prob,True,market_only,development,2024,naive_bayes
63,2024-12-06 19:30:00,benchmark_home_odds,True,market_only,development,2024,naive_bayes
63,2024-12-06 19:30:00,benchmark_away_not_lose_fair_odds,True,market_only,development,2024,naive_bayes
63,2024-12-06 19:30:00,benchmark_overround,True,market_only,development,2024,naive_bayes
64,2024-12-07 14:30:00,benchmark_home_prob,True,market_only,development,2024,naive_bayes
64,2024-12-07 14:30:00,benchmark_home_odds,True,market_only,development,2024,naive_bayes
64,2024-12-07 14:30:00,benchmark_away_not_lose_fair_odds,True,market_only,development,2024,naive_bayes
64,2024-12-07 14:30:00,benchmark_overround,True,market_only,development,2024,naive_bayes
65,2024-12-07 17:30:00,benchmark_home_prob,True,market_only,development,2024,naive_bayes
65,2024-12-07 17:30:00,benchmark_home_odds,True,market_only,development,2024,naive_bayes
65,2024-12-07 17:30:00,benchmark_away_not_lose_fair_odds,True,market_only,development,2024,naive_bayes
65,2024-12-07 17:30:00,benchmark_overround,True,market_only,development,2024,naive_bayes
66,2024-12-08 14:30:00,benchmark_home_prob,True,market_only,development,2024,naive_bayes
66,2024-12-08 14:30:00,benchmark_home_odds,True,market_only,development,2024,naive_bayes
66,2024-12-08 14:30:00,benchmark_away_not_lose_fair_odds,True,market_only,development,2024,naive_bayes
66,2024-12-08 14:30:00,benchmark_overround,True,market_only,development,2024,naive_bayes
67,2024-12-08 16:30:00,benchmark_home_prob,True,market_only,development,2024,naive_bayes
67,2024-12-08 16:30:00,benchmark_home_odds,True,market_only,development,2024,naive_bayes
67,2024-12-08 16:30:00,benchmark_away_not_lose_fair_odds,True,market_only,development,2024,naive_bayes
67,2024-12-08 16:30:00,benchmark_overround,True,market_only,development,2024,naive_bayes
68,2024-12-13 19:30:00,benchmark_home_prob,True,market_only,development,2024,naive_bayes
68,2024-12-13 19:30:00,benchmark_home_odds,True,market_only,development,2024,naive_bayes
68,2024-12-13 19:30:00,benchmark_away_not_lose_fair_odds,True,market_only,development,2024,naive_bayes
68,2024-12-13 19:30:00,benchmark_overround,True,market_only,development,2024,naive_bayes
69,2024-12-14 14:30:00,benchmark_home_prob,True,market_only,development,2024,naive_bayes
69,2024-12-14 14:30:00,benchmark_home_odds,True,market_only,development,2024,naive_bayes
69,2024-12-14 14:30:00,benchmark_away_not_lose_fair_odds,True,market_only,development,2024,naive_bayes
69,2024-12-14 14:30:00,benchmark_overround,True,market_only,development,2024,naive_bayes
70,2024-12-14 17:30:00,benchmark_home_prob,True,market_only,development,2024,naive_bayes
70,2024-12-14 17:30:00,benchmark_home_odds,True,market_only,development,2024,naive_bayes
70,2024-12-14 17:30:00,benchmark_away_not_lose_fair_odds,True,market_only,development,2024,naive_bayes
70,2024-12-14 17:30:00,benchmark_overround,True,market_only,development,2024,naive_bayes
71,2024-12-15 14:30:00,benchmark_home_prob,True,market_only,development,2024,naive_bayes
71,2024-12-15 14:30:00,benchmark_home_odds,True,market_only,development,2024,naive_bayes
71,2024-12-15 14:30:00,benchmark_away_not_lose_fair_odds,True,market_only,development,2024,naive_bayes
71,2024-12-15 14:30:00,benchmark_overround,True,market_only,development,2024,naive_bayes
72,2024-12-15 16:30:00,benchmark_home_prob,True,market_only,development,2024,naive_bayes
72,2024-12-15 16:30:00,benchmark_home_odds,True,market_only,development,2024,naive_bayes
72,2024-12-15 16:30:00,benchmark_away_not_lose_fair_odds,True,market_only,development,2024,naive_bayes
72,2024-12-15 16:30:00,benchmark_overround,True,market_only,development,2024,naive_bayes
73,2024-12-15 18:30:00,benchmark_home_prob,True,market_only,development,2024,naive_bayes
73,2024-12-15 18:30:00,benchmark_home_odds,True,market_only,development,2024,naive_bayes
73,2024-12-15 18:30:00,benchmark_away_not_lose_fair_odds,True,market_only,development,2024,naive_bayes
73,2024-12-15 18:30:00,benchmark_overround,True,market_only,development,2024,naive_bayes
74,2024-12-20 19:30:00,benchmark_home_prob,True,market_only,development,2024,naive_bayes
74,2024-12-20 19:30:00,benchmark_home_odds,True,market_only,development,2024,naive_bayes
74,2024-12-20 19:30:00,benchmark_away_not_lose_fair_odds,True,market_only,development,2024,naive_bayes
74,2024-12-20 19:30:00,benchmark_overround,True,market_only,development,2024,naive_bayes
75,2024-12-21 14:30:00,benchmark_home_prob,True,market_only,development,2024,naive_bayes
75,2024-12-21 14:30:00,benchmark_home_odds,True,market_only,development,2024,naive_bayes
75,2024-12-21 14:30:00,benchmark_away_not_lose_fair_odds,True,market_only,development,2024,naive_bayes
75,2024-12-21 14:30:00,benchmark_overround,True,market_only,development,2024,naive_bayes
76,2024-12-21 17:30:00,benchmark_home_prob,True,market_only,development,2024,naive_bayes
76,2024-12-21 17:30:00,benchmark_home_odds,True,market_only,development,2024,naive_bayes
76,2024-12-21 17:30:00,benchmark_away_not_lose_fair_odds,True,market_only,development,2024,naive_bayes
76,2024-12-21 17:30:00,benchmark_overround,True,market_only,development,2024,naive_bayes
77,2024-12-22 14:30:00,benchmark_home_prob,True,market_only,development,2024,naive_bayes
77,2024-12-22 14:30:00,benchmark_home_odds,True,market_only,development,2024,naive_bayes
77,2024-12-22 14:30:00,benchmark_away_not_lose_fair_odds,True,market_only,development,2024,naive_bayes
77,2024-12-22 14:30:00,benchmark_overround,True,market_only,development,2024,naive_bayes
78,2024-12-22 16:30:00,benchmark_home_prob,True,market_only,development,2024,naive_bayes
78,2024-12-22 16:30:00,benchmark_home_odds,True,market_only,development,2024,naive_bayes
78,2024-12-22 16:30:00,benchmark_away_not_lose_fair_odds,True,market_only,development,2024,naive_bayes
78,2024-12-22 16:30:00,benchmark_overround,True,market_only,development,2024,naive_bayes
79,2025-01-10 19:30:00,benchmark_home_prob,True,market_only,development,2024,naive_bayes
79,2025-01-10 19:30:00,benchmark_home_odds,True,market_only,development,2024,naive_bayes
79,2025-01-10 19:30:00,benchmark_away_not_lose_fair_odds,True,market_only,development,2024,naive_bayes
79,2025-01-10 19:30:00,benchmark_overround,True,market_only,development,2024,naive_bayes
80,2025-01-11 14:30:00,benchmark_home_prob,True,market_only,development,2024,naive_bayes
80,2025-01-11 14:30:00,benchmark_home_odds,True,market_only,development,2024,naive_bayes
80,2025-01-11 14:30:00,benchmark_away_not_lose_fair_odds,True,market_only,development,2024,naive_bayes
80,2025-01-11 14:30:00,benchmark_overround,True,market_only,development,2024,naive_bayes
81,2025-01-11 17:30:00,benchmark_home_prob,True,market_only,development,2024,naive_bayes
81,2025-01-11 17:30:00,benchmark_home_odds,True,market_only,development,2024,naive_bayes
81,2025-01-11 17:30:00,benchmark_away_not_lose_fair_odds,True,market_only,development,2024,naive_bayes
81,2025-01-11 17:30:00,benchmark_overround,True,market_only,development,2024,naive_bayes
82,2025-01-12 14:30:00,benchmark_home_prob,True,market_only,development,2024,naive_bayes
82,2025-01-12 14:30:00,benchmark_home_odds,True,market_only,development,2024,naive_bayes
82,2025-01-12 14:30:00,benchmark_away_not_lose_fair_odds,True,market_only,development,2024,naive_bayes
82,2025-01-12 14:30:00,benchmark_overround,True,market_only,development,2024,naive_bayes
83,2025-01-12 16:30:00,benchmark_home_prob,True,market_only,development,2024,naive_bayes
83,2025-01-12 16:30:00,benchmark_home_odds,True,market_only,development,2024,naive_bayes
83,2025-01-12 16:30:00,benchmark_away_not_lose_fair_odds,True,market_only,development,2024,naive_bayes
83,2025-01-12 16:30:00,benchmark_overround,True,market_only,development,2024,naive_bayes
84,2025-01-14 17:30:00,benchmark_home_prob,True,market_only,development,2024,naive_bayes
84,2025-01-14 17:30:00,benchmark_home_odds,True,market_only,development,2024,naive_bayes
84,2025-01-14 17:30:00,benchmark_away_not_lose_fair_odds,True,market_only,development,2024,naive_bayes
84,2025-01-14 17:30:00,benchmark_overround,True,market_only,development,2024,naive_bayes
85,2025-01-14 19:30:00,benchmark_home_prob,True,market_only,development,2024,naive_bayes
85,2025-01-14 19:30:00,benchmark_home_odds,True,market_only,development,2024,naive_bayes
85,2025-01-14 19:30:00,benchmark_away_not_lose_fair_odds,True,market_only,development,2024,naive_bayes
85,2025-01-14 19:30:00,benchmark_overround,True,market_only,development,2024,naive_bayes
86,2025-01-15 17:30:00,benchmark_home_prob,True,market_only,development,2024,naive_bayes
86,2025-01-15 17:30:00,benchmark_home_odds,True,market_only,development,2024,naive_bayes
86,2025-01-15 17:30:00,benchmark_away_not_lose_fair_odds,True,market_only,development,2024,naive_bayes
86,2025-01-15 17:30:00,benchmark_overround,True,market_only,development,2024,naive_bayes
87,2025-01-15 19:30:00,benchmark_home_prob,True,market_only,development,2024,naive_bayes
87,2025-01-15 19:30:00,benchmark_home_odds,True,market_only,development,2024,naive_bayes
87,2025-01-15 19:30:00,benchmark_away_not_lose_fair_odds,True,market_only,development,2024,naive_bayes
87,2025-01-15 19:30:00,benchmark_overround,True,market_only,development,2024,naive_bayes
88,2025-01-17 19:30:00,benchmark_home_prob,True,market_only,development,2024,naive_bayes
88,2025-01-17 19:30:00,benchmark_home_odds,True,market_only,development,2024,naive_bayes
88,2025-01-17 19:30:00,benchmark_away_not_lose_fair_odds,True,market_only,development,2024,naive_bayes
88,2025-01-17 19:30:00,benchmark_overround,True,market_only,development,2024,naive_bayes
89,2025-01-18 14:30:00,benchmark_home_prob,True,market_only,development,2024,naive_bayes
89,2025-01-18 14:30:00,benchmark_home_odds,True,market_only,development,2024,naive_bayes
89,2025-01-18 14:30:00,benchmark_away_not_lose_fair_odds,True,market_only,development,2024,naive_bayes
89,2025-01-18 14:30:00,benchmark_overround,True,market_only,development,2024,naive_bayes
90,2025-01-18 17:30:00,benchmark_home_prob,True,market_only,development,2024,naive_bayes
90,2025-01-18 17:30:00,benchmark_home_odds,True,market_only,development,2024,naive_bayes
90,2025-01-18 17:30:00,benchmark_away_not_lose_fair_odds,True,market_only,development,2024,naive_bayes
90,2025-01-18 17:30:00,benchmark_overround,True,market_only,development,2024,naive_bayes
91,2025-01-19 14:30:00,benchmark_home_prob,True,market_only,development,2024,naive_bayes
91,2025-01-19 14:30:00,benchmark_home_odds,True,market_only,development,2024,naive_bayes
91,2025-01-19 14:30:00,benchmark_away_not_lose_fair_odds,True,market_only,development,2024,naive_bayes
91,2025-01-19 14:30:00,benchmark_overround,True,market_only,development,2024,naive_bayes
92,2025-01-19 16:30:00,benchmark_home_prob,True,market_only,development,2024,naive_bayes
92,2025-01-19 16:30:00,benchmark_home_odds,True,market_only,development,2024,naive_bayes
92,2025-01-19 16:30:00,benchmark_away_not_lose_fair_odds,True,market_only,development,2024,naive_bayes
92,2025-01-19 16:30:00,benchmark_overround,True,market_only,development,2024,naive_bayes
93,2025-01-24 19:30:00,benchmark_home_prob,True,market_only,development,2024,naive_bayes
93,2025-01-24 19:30:00,benchmark_home_odds,True,market_only,development,2024,naive_bayes
93,2025-01-24 19:30:00,benchmark_away_not_lose_fair_odds,True,market_only,development,2024,naive_bayes
93,2025-01-24 19:30:00,benchmark_overround,True,market_only,development,2024,naive_bayes
94,2025-01-25 14:30:00,benchmark_home_prob,True,market_only,development,2024,naive_bayes
94,2025-01-25 14:30:00,benchmark_home_odds,True,market_only,development,2024,naive_bayes
94,2025-01-25 14:30:00,benchmark_away_not_lose_fair_odds,True,market_only,development,2024,naive_bayes
94,2025-01-25 14:30:00,benchmark_overround,True,market_only,development,2024,naive_bayes
95,2025-01-25 17:30:00,benchmark_home_prob,True,market_only,development,2024,naive_bayes
95,2025-01-25 17:30:00,benchmark_home_odds,True,market_only,development,2024,naive_bayes
95,2025-01-25 17:30:00,benchmark_away_not_lose_fair_odds,True,market_only,development,2024,naive_bayes
95,2025-01-25 17:30:00,benchmark_overround,True,market_only,development,2024,naive_bayes
96,2025-01-26 14:30:00,benchmark_home_prob,True,market_only,development,2024,naive_bayes
96,2025-01-26 14:30:00,benchmark_home_odds,True,market_only,development,2024,naive_bayes
96,2025-01-26 14:30:00,benchmark_away_not_lose_fair_odds,True,market_only,development,2024,naive_bayes
96,2025-01-26 14:30:00,benchmark_overround,True,market_only,development,2024,naive_bayes
97,2025-01-26 16:30:00,benchmark_home_prob,True,market_only,development,2024,naive_bayes
97,2025-01-26 16:30:00,benchmark_home_odds,True,market_only,development,2024,naive_bayes
97,2025-01-26 16:30:00,benchmark_away_not_lose_fair_odds,True,market_only,development,2024,naive_bayes
97,2025-01-26 16:30:00,benchmark_overround,True,market_only,development,2024,naive_bayes
98,2025-01-31 19:30:00,benchmark_home_prob,True,market_only,development,2024,naive_bayes
98,2025-01-31 19:30:00,benchmark_home_odds,True,market_only,development,2024,naive_bayes
98,2025-01-31 19:30:00,benchmark_away_not_lose_fair_odds,True,market_only,development,2024,naive_bayes
98,2025-01-31 19:30:00,benchmark_overround,True,market_only,development,2024,naive_bayes
99,2025-02-01 14:30:00,benchmark_home_prob,True,market_only,development,2024,naive_bayes
99,2025-02-01 14:30:00,benchmark_home_odds,True,market_only,development,2024,naive_bayes
99,2025-02-01 14:30:00,benchmark_away_not_lose_fair_odds,True,market_only,development,2024,naive_bayes
99,2025-02-01 14:30:00,benchmark_overround,True,market_only,development,2024,naive_bayes
100,2025-02-01 17:30:00,benchmark_home_prob,True,market_only,development,2024,naive_bayes
100,2025-02-01 17:30:00,benchmark_home_odds,True,market_only,development,2024,naive_bayes
100,2025-02-01 17:30:00,benchmark_away_not_lose_fair_odds,True,market_only,development,2024,naive_bayes
100,2025-02-01 17:30:00,benchmark_overround,True,market_only,development,2024,naive_bayes
101,2025-02-02 14:30:00,benchmark_home_prob,True,market_only,development,2024,naive_bayes
101,2025-02-02 14:30:00,benchmark_home_odds,True,market_only,development,2024,naive_bayes
101,2025-02-02 14:30:00,benchmark_away_not_lose_fair_odds,True,market_only,development,2024,naive_bayes
101,2025-02-02 14:30:00,benchmark_overround,True,market_only,development,2024,naive_bayes
102,2025-02-02 16:30:00,benchmark_home_prob,True,market_only,development,2024,naive_bayes
102,2025-02-02 16:30:00,benchmark_home_odds,True,market_only,development,2024,naive_bayes
102,2025-02-02 16:30:00,benchmark_away_not_lose_fair_odds,True,market_only,development,2024,naive_bayes
102,2025-02-02 16:30:00,benchmark_overround,True,market_only,development,2024,naive_bayes
103,2025-02-07 19:30:00,benchmark_home_prob,True,market_only,development,2024,naive_bayes
103,2025-02-07 19:30:00,benchmark_home_odds,True,market_only,development,2024,naive_bayes
103,2025-02-07 19:30:00,benchmark_away_not_lose_fair_odds,True,market_only,development,2024,naive_bayes
103,2025-02-07 19:30:00,benchmark_overround,True,market_only,development,2024,naive_bayes
104,2025-02-08 14:30:00,benchmark_home_prob,True,market_only,development,2024,naive_bayes
104,2025-02-08 14:30:00,benchmark_home_odds,True,market_only,development,2024,naive_bayes
104,2025-02-08 14:30:00,benchmark_away_not_lose_fair_odds,True,market_only,development,2024,naive_bayes
104,2025-02-08 14:30:00,benchmark_overround,True,market_only,development,2024,naive_bayes
105,2025-02-08 17:30:00,benchmark_home_prob,True,market_only,development,2024,naive_bayes
105,2025-02-08 17:30:00,benchmark_home_odds,True,market_only,development,2024,naive_bayes
105,2025-02-08 17:30:00,benchmark_away_not_lose_fair_odds,True,market_only,development,2024,naive_bayes
105,2025-02-08 17:30:00,benchmark_overround,True,market_only,development,2024,naive_bayes
106,2025-02-09 13:30:00,benchmark_home_prob,True,market_only,development,2024,naive_bayes
106,2025-02-09 13:30:00,benchmark_home_odds,True,market_only,development,2024,naive_bayes
106,2025-02-09 13:30:00,benchmark_away_not_lose_fair_odds,True,market_only,development,2024,naive_bayes
106,2025-02-09 13:30:00,benchmark_overround,True,market_only,development,2024,naive_bayes
107,2025-02-09 16:30:00,benchmark_home_prob,True,market_only,development,2024,naive_bayes
107,2025-02-09 16:30:00,benchmark_home_odds,True,market_only,development,2024,naive_bayes
107,2025-02-09 16:30:00,benchmark_away_not_lose_fair_odds,True,market_only,development,2024,naive_bayes
107,2025-02-09 16:30:00,benchmark_overround,True,market_only,development,2024,naive_bayes
108,2025-02-14 19:30:00,benchmark_home_prob,True,market_only,development,2024,naive_bayes
108,2025-02-14 19:30:00,benchmark_home_odds,True,market_only,development,2024,naive_bayes
108,2025-02-14 19:30:00,benchmark_away_not_lose_fair_odds,True,market_only,development,2024,naive_bayes
108,2025-02-14 19:30:00,benchmark_overround,True,market_only,development,2024,naive_bayes
109,2025-02-15 14:30:00,benchmark_home_prob,True,market_only,development,2024,naive_bayes
109,2025-02-15 14:30:00,benchmark_home_odds,True,market_only,development,2024,naive_bayes
109,2025-02-15 14:30:00,benchmark_away_not_lose_fair_odds,True,market_only,development,2024,naive_bayes
109,2025-02-15 14:30:00,benchmark_overround,True,market_only,development,2024,naive_bayes
110,2025-02-15 17:30:00,benchmark_home_prob,True,market_only,development,2024,naive_bayes
110,2025-02-15 17:30:00,benchmark_home_odds,True,market_only,development,2024,naive_bayes
110,2025-02-15 17:30:00,benchmark_away_not_lose_fair_odds,True,market_only,development,2024,naive_bayes
110,2025-02-15 17:30:00,benchmark_overround,True,market_only,development,2024,naive_bayes
111,2025-02-16 14:30:00,benchmark_home_prob,True,market_only,development,2024,naive_bayes
111,2025-02-16 14:30:00,benchmark_home_odds,True,market_only,development,2024,naive_bayes
111,2025-02-16 14:30:00,benchmark_away_not_lose_fair_odds,True,market_only,development,2024,naive_bayes
111,2025-02-16 14:30:00,benchmark_overround,True,market_only,development,2024,naive_bayes
112,2025-02-16 16:30:00,benchmark_home_prob,True,market_only,development,2024,naive_bayes
112,2025-02-16 16:30:00,benchmark_home_odds,True,market_only,development,2024,naive_bayes
112,2025-02-16 16:30:00,benchmark_away_not_lose_fair_odds,True,market_only,development,2024,naive_bayes
112,2025-02-16 16:30:00,benchmark_overround,True,market_only,development,2024,naive_bayes
113,2025-02-16 18:30:00,benchmark_home_prob,True,market_only,development,2024,naive_bayes
113,2025-02-16 18:30:00,benchmark_home_odds,True,market_only,development,2024,naive_bayes
113,2025-02-16 18:30:00,benchmark_away_not_lose_fair_odds,True,market_only,development,2024,naive_bayes
113,2025-02-16 18:30:00,benchmark_overround,True,market_only,development,2024,naive_bayes
114,2025-02-21 19:30:00,benchmark_home_prob,True,market_only,development,2024,naive_bayes
114,2025-02-21 19:30:00,benchmark_home_odds,True,market_only,development,2024,naive_bayes
114,2025-02-21 19:30:00,benchmark_away_not_lose_fair_odds,True,market_only,development,2024,naive_bayes
114,2025-02-21 19:30:00,benchmark_overround,True,market_only,development,2024,naive_bayes
115,2025-02-22 14:30:00,benchmark_home_prob,True,market_only,development,2024,naive_bayes
115,2025-02-22 14:30:00,benchmark_home_odds,True,market_only,development,2024,naive_bayes
115,2025-02-22 14:30:00,benchmark_away_not_lose_fair_odds,True,market_only,development,2024,naive_bayes
115,2025-02-22 14:30:00,benchmark_overround,True,market_only,development,2024,naive_bayes
116,2025-02-22 17:30:00,benchmark_home_prob,True,market_only,development,2024,naive_bayes
116,2025-02-22 17:30:00,benchmark_home_odds,True,market_only,development,2024,naive_bayes
116,2025-02-22 17:30:00,benchmark_away_not_lose_fair_odds,True,market_only,development,2024,naive_bayes
116,2025-02-22 17:30:00,benchmark_overround,True,market_only,development,2024,naive_bayes
117,2025-02-23 14:30:00,benchmark_home_prob,True,market_only,development,2024,naive_bayes
117,2025-02-23 14:30:00,benchmark_home_odds,True,market_only,development,2024,naive_bayes
117,2025-02-23 14:30:00,benchmark_away_not_lose_fair_odds,True,market_only,development,2024,naive_bayes
117,2025-02-23 14:30:00,benchmark_overround,True,market_only,development,2024,naive_bayes
118,2025-02-23 16:30:00,benchmark_home_prob,True,market_only,development,2024,naive_bayes
118,2025-02-23 16:30:00,benchmark_home_odds,True,market_only,development,2024,naive_bayes
118,2025-02-23 16:30:00,benchmark_away_not_lose_fair_odds,True,market_only,development,2024,naive_bayes
118,2025-02-23 16:30:00,benchmark_overround,True,market_only,development,2024,naive_bayes
119,2025-02-23 18:30:00,benchmark_home_prob,True,market_only,development,2024,naive_bayes
119,2025-02-23 18:30:00,benchmark_home_odds,True,market_only,development,2024,naive_bayes
119,2025-02-23 18:30:00,benchmark_away_not_lose_fair_odds,True,market_only,development,2024,naive_bayes
119,2025-02-23 18:30:00,benchmark_overround,True,market_only,development,2024,naive_bayes
120,2025-02-28 19:30:00,benchmark_home_prob,True,market_only,development,2024,naive_bayes
120,2025-02-28 19:30:00,benchmark_home_odds,True,market_only,development,2024,naive_bayes
120,2025-02-28 19:30:00,benchmark_away_not_lose_fair_odds,True,market_only,development,2024,naive_bayes
120,2025-02-28 19:30:00,benchmark_overround,True,market_only,development,2024,naive_bayes
121,2025-03-01 14:30:00,benchmark_home_prob,True,market_only,development,2024,naive_bayes
121,2025-03-01 14:30:00,benchmark_home_odds,True,market_only,development,2024,naive_bayes
121,2025-03-01 14:30:00,benchmark_away_not_lose_fair_odds,True,market_only,development,2024,naive_bayes
121,2025-03-01 14:30:00,benchmark_overround,True,market_only,development,2024,naive_bayes
122,2025-03-01 17:30:00,benchmark_home_prob,True,market_only,development,2024,naive_bayes
122,2025-03-01 17:30:00,benchmark_home_odds,True,market_only,development,2024,naive_bayes
122,2025-03-01 17:30:00,benchmark_away_not_lose_fair_odds,True,market_only,development,2024,naive_bayes
122,2025-03-01 17:30:00,benchmark_overround,True,market_only,development,2024,naive_bayes
123,2025-03-02 14:30:00,benchmark_home_prob,True,market_only,development,2024,naive_bayes
123,2025-03-02 14:30:00,benchmark_home_odds,True,market_only,development,2024,naive_bayes
123,2025-03-02 14:30:00,benchmark_away_not_lose_fair_odds,True,market_only,development,2024,naive_bayes
123,2025-03-02 14:30:00,benchmark_overround,True,market_only,development,2024,naive_bayes
124,2025-03-02 16:30:00,benchmark_home_prob,True,market_only,development,2024,naive_bayes
124,2025-03-02 16:30:00,benchmark_home_odds,True,market_only,development,2024,naive_bayes
124,2025-03-02 16:30:00,benchmark_away_not_lose_fair_odds,True,market_only,development,2024,naive_bayes
124,2025-03-02 16:30:00,benchmark_overround,True,market_only,development,2024,naive_bayes
125,2025-03-07 19:30:00,benchmark_home_prob,True,market_only,development,2024,naive_bayes
125,2025-03-07 19:30:00,benchmark_home_odds,True,market_only,development,2024,naive_bayes
125,2025-03-07 19:30:00,benchmark_away_not_lose_fair_odds,True,market_only,development,2024,naive_bayes
125,2025-03-07 19:30:00,benchmark_overround,True,market_only,development,2024,naive_bayes
126,2025-03-08 14:30:00,benchmark_home_prob,True,market_only,development,2024,naive_bayes
126,2025-03-08 14:30:00,benchmark_home_odds,True,market_only,development,2024,naive_bayes
126,2025-03-08 14:30:00,benchmark_away_not_lose_fair_odds,True,market_only,development,2024,naive_bayes
126,2025-03-08 14:30:00,benchmark_overround,True,market_only,development,2024,naive_bayes
127,2025-03-08 17:30:00,benchmark_home_prob,True,market_only,development,2024,naive_bayes
127,2025-03-08 17:30:00,benchmark_home_odds,True,market_only,development,2024,naive_bayes
127,2025-03-08 17:30:00,benchmark_away_not_lose_fair_odds,True,market_only,development,2024,naive_bayes
127,2025-03-08 17:30:00,benchmark_overround,True,market_only,development,2024,naive_bayes
128,2025-03-09 14:30:00,benchmark_home_prob,True,market_only,development,2024,naive_bayes
128,2025-03-09 14:30:00,benchmark_home_odds,True,market_only,development,2024,naive_bayes
128,2025-03-09 14:30:00,benchmark_away_not_lose_fair_odds,True,market_only,development,2024,naive_bayes
128,2025-03-09 14:30:00,benchmark_overround,True,market_only,development,2024,naive_bayes
129,2025-03-09 16:30:00,benchmark_home_prob,True,market_only,development,2024,naive_bayes
129,2025-03-09 16:30:00,benchmark_home_odds,True,market_only,development,2024,naive_bayes
129,2025-03-09 16:30:00,benchmark_away_not_lose_fair_odds,True,market_only,development,2024,naive_bayes
129,2025-03-09 16:30:00,benchmark_overround,True,market_only,development,2024,naive_bayes
130,2025-03-14 19:30:00,benchmark_home_prob,True,market_only,development,2024,naive_bayes
130,2025-03-14 19:30:00,benchmark_home_odds,True,market_only,development,2024,naive_bayes
130,2025-03-14 19:30:00,benchmark_away_not_lose_fair_odds,True,market_only,development,2024,naive_bayes
130,2025-03-14 19:30:00,benchmark_overround,True,market_only,development,2024,naive_bayes
131,2025-03-15 14:30:00,benchmark_home_prob,True,market_only,development,2024,naive_bayes
131,2025-03-15 14:30:00,benchmark_home_odds,True,market_only,development,2024,naive_bayes
131,2025-03-15 14:30:00,benchmark_away_not_lose_fair_odds,True,market_only,development,2024,naive_bayes
131,2025-03-15 14:30:00,benchmark_overround,True,market_only,development,2024,naive_bayes
132,2025-03-15 17:30:00,benchmark_home_prob,True,market_only,development,2024,naive_bayes
132,2025-03-15 17:30:00,benchmark_home_odds,True,market_only,development,2024,naive_bayes
132,2025-03-15 17:30:00,benchmark_away_not_lose_fair_odds,True,market_only,development,2024,naive_bayes
132,2025-03-15 17:30:00,benchmark_overround,True,market_only,development,2024,naive_bayes
133,2025-03-16 15:30:00,benchmark_home_prob,True,market_only,development,2024,naive_bayes
133,2025-03-16 15:30:00,benchmark_home_odds,True,market_only,development,2024,naive_bayes
133,2025-03-16 15:30:00,benchmark_away_not_lose_fair_odds,True,market_only,development,2024,naive_bayes
133,2025-03-16 15:30:00,benchmark_overround,True,market_only,development,2024,naive_bayes
134,2025-03-16 16:30:00,benchmark_home_prob,True,market_only,development,2024,naive_bayes
134,2025-03-16 16:30:00,benchmark_home_odds,True,market_only,development,2024,naive_bayes
134,2025-03-16 16:30:00,benchmark_away_not_lose_fair_odds,True,market_only,development,2024,naive_bayes
134,2025-03-16 16:30:00,benchmark_overround,True,market_only,development,2024,naive_bayes
135,2025-03-16 18:30:00,benchmark_home_prob,True,market_only,development,2024,naive_bayes
135,2025-03-16 18:30:00,benchmark_home_odds,True,market_only,development,2024,naive_bayes
135,2025-03-16 18:30:00,benchmark_away_not_lose_fair_odds,True,market_only,development,2024,naive_bayes
135,2025-03-16 18:30:00,benchmark_overround,True,market_only,development,2024,naive_bayes
136,2025-03-28 19:30:00,benchmark_home_prob,True,market_only,development,2024,naive_bayes
136,2025-03-28 19:30:00,benchmark_home_odds,True,market_only,development,2024,naive_bayes
136,2025-03-28 19:30:00,benchmark_away_not_lose_fair_odds,True,market_only,development,2024,naive_bayes
136,2025-03-28 19:30:00,benchmark_overround,True,market_only,development,2024,naive_bayes
137,2025-03-29 14:30:00,benchmark_home_prob,True,market_only,development,2024,naive_bayes
137,2025-03-29 14:30:00,benchmark_home_odds,True,market_only,development,2024,naive_bayes
137,2025-03-29 14:30:00,benchmark_away_not_lose_fair_odds,True,market_only,development,2024,naive_bayes
137,2025-03-29 14:30:00,benchmark_overround,True,market_only,development,2024,naive_bayes
138,2025-03-29 17:30:00,benchmark_home_prob,True,market_only,development,2024,naive_bayes
138,2025-03-29 17:30:00,benchmark_home_odds,True,market_only,development,2024,naive_bayes
138,2025-03-29 17:30:00,benchmark_away_not_lose_fair_odds,True,market_only,development,2024,naive_bayes
138,2025-03-29 17:30:00,benchmark_overround,True,market_only,development,2024,naive_bayes
139,2025-03-30 14:30:00,benchmark_home_prob,True,market_only,development,2024,naive_bayes
139,2025-03-30 14:30:00,benchmark_home_odds,True,market_only,development,2024,naive_bayes
139,2025-03-30 14:30:00,benchmark_away_not_lose_fair_odds,True,market_only,development,2024,naive_bayes
139,2025-03-30 14:30:00,benchmark_overround,True,market_only,development,2024,naive_bayes
140,2025-03-30 16:30:00,benchmark_home_prob,True,market_only,development,2024,naive_bayes
140,2025-03-30 16:30:00,benchmark_home_odds,True,market_only,development,2024,naive_bayes
140,2025-03-30 16:30:00,benchmark_away_not_lose_fair_odds,True,market_only,development,2024,naive_bayes
140,2025-03-30 16:30:00,benchmark_overround,True,market_only,development,2024,naive_bayes
141,2025-04-04 18:30:00,benchmark_home_prob,True,market_only,development,2024,naive_bayes
141,2025-04-04 18:30:00,benchmark_home_odds,True,market_only,development,2024,naive_bayes
141,2025-04-04 18:30:00,benchmark_away_not_lose_fair_odds,True,market_only,development,2024,naive_bayes
141,2025-04-04 18:30:00,benchmark_overround,True,market_only,development,2024,naive_bayes
142,2025-04-05 13:30:00,benchmark_home_prob,True,market_only,development,2024,naive_bayes
142,2025-04-05 13:30:00,benchmark_home_odds,True,market_only,development,2024,naive_bayes
142,2025-04-05 13:30:00,benchmark_away_not_lose_fair_odds,True,market_only,development,2024,naive_bayes
142,2025-04-05 13:30:00,benchmark_overround,True,market_only,development,2024,naive_bayes
143,2025-04-05 16:30:00,benchmark_home_prob,True,market_only,development,2024,naive_bayes
143,2025-04-05 16:30:00,benchmark_home_odds,True,market_only,development,2024,naive_bayes
143,2025-04-05 16:30:00,benchmark_away_not_lose_fair_odds,True,market_only,development,2024,naive_bayes
143,2025-04-05 16:30:00,benchmark_overround,True,market_only,development,2024,naive_bayes
144,2025-04-06 13:30:00,benchmark_home_prob,True,market_only,development,2024,naive_bayes
144,2025-04-06 13:30:00,benchmark_home_odds,True,market_only,development,2024,naive_bayes
144,2025-04-06 13:30:00,benchmark_away_not_lose_fair_odds,True,market_only,development,2024,naive_bayes
144,2025-04-06 13:30:00,benchmark_overround,True,market_only,development,2024,naive_bayes
145,2025-04-06 15:30:00,benchmark_home_prob,True,market_only,development,2024,naive_bayes
145,2025-04-06 15:30:00,benchmark_home_odds,True,market_only,development,2024,naive_bayes
145,2025-04-06 15:30:00,benchmark_away_not_lose_fair_odds,True,market_only,development,2024,naive_bayes
145,2025-04-06 15:30:00,benchmark_overround,True,market_only,development,2024,naive_bayes
146,2025-04-11 18:30:00,benchmark_home_prob,True,market_only,development,2024,naive_bayes
146,2025-04-11 18:30:00,benchmark_home_odds,True,market_only,development,2024,naive_bayes
146,2025-04-11 18:30:00,benchmark_away_not_lose_fair_odds,True,market_only,development,2024,naive_bayes
146,2025-04-11 18:30:00,benchmark_overround,True,market_only,development,2024,naive_bayes
147,2025-04-12 13:30:00,benchmark_home_prob,True,market_only,development,2024,naive_bayes
147,2025-04-12 13:30:00,benchmark_home_odds,True,market_only,development,2024,naive_bayes
147,2025-04-12 13:30:00,benchmark_away_not_lose_fair_odds,True,market_only,development,2024,naive_bayes
147,2025-04-12 13:30:00,benchmark_overround,True,market_only,development,2024,naive_bayes
148,2025-04-12 16:30:00,benchmark_home_prob,True,market_only,development,2024,naive_bayes
148,2025-04-12 16:30:00,benchmark_home_odds,True,market_only,development,2024,naive_bayes
148,2025-04-12 16:30:00,benchmark_away_not_lose_fair_odds,True,market_only,development,2024,naive_bayes
148,2025-04-12 16:30:00,benchmark_overround,True,market_only,development,2024,naive_bayes
149,2025-04-13 13:30:00,benchmark_home_prob,True,market_only,development,2024,naive_bayes
149,2025-04-13 13:30:00,benchmark_home_odds,True,market_only,development,2024,naive_bayes
149,2025-04-13 13:30:00,benchmark_away_not_lose_fair_odds,True,market_only,development,2024,naive_bayes
149,2025-04-13 13:30:00,benchmark_overround,True,market_only,development,2024,naive_bayes
150,2025-04-13 15:30:00,benchmark_home_prob,True,market_only,development,2024,naive_bayes
150,2025-04-13 15:30:00,benchmark_home_odds,True,market_only,development,2024,naive_bayes
150,2025-04-13 15:30:00,benchmark_away_not_lose_fair_odds,True,market_only,development,2024,naive_bayes
150,2025-04-13 15:30:00,benchmark_overround,True,market_only,development,2024,naive_bayes
151,2025-04-19 13:30:00,benchmark_home_prob,True,market_only,development,2024,naive_bayes
151,2025-04-19 13:30:00,benchmark_home_odds,True,market_only,development,2024,naive_bayes
151,2025-04-19 13:30:00,benchmark_away_not_lose_fair_odds,True,market_only,development,2024,naive_bayes
151,2025-04-19 13:30:00,benchmark_overround,True,market_only,development,2024,naive_bayes
152,2025-04-19 16:30:00,benchmark_home_prob,True,market_only,development,2024,naive_bayes
152,2025-04-19 16:30:00,benchmark_home_odds,True,market_only,development,2024,naive_bayes
152,2025-04-19 16:30:00,benchmark_away_not_lose_fair_odds,True,market_only,development,2024,naive_bayes
152,2025-04-19 16:30:00,benchmark_overround,True,market_only,development,2024,naive_bayes
153,2025-04-20 13:30:00,benchmark_home_prob,True,market_only,development,2024,naive_bayes
153,2025-04-20 13:30:00,benchmark_home_odds,True,market_only,development,2024,naive_bayes
153,2025-04-20 13:30:00,benchmark_away_not_lose_fair_odds,True,market_only,development,2024,naive_bayes
153,2025-04-20 13:30:00,benchmark_overround,True,market_only,development,2024,naive_bayes
154,2025-04-20 15:30:00,benchmark_home_prob,True,market_only,development,2024,naive_bayes
154,2025-04-20 15:30:00,benchmark_home_odds,True,market_only,development,2024,naive_bayes
154,2025-04-20 15:30:00,benchmark_away_not_lose_fair_odds,True,market_only,development,2024,naive_bayes
154,2025-04-20 15:30:00,benchmark_overround,True,market_only,development,2024,naive_bayes
155,2025-04-20 17:30:00,benchmark_home_prob,True,market_only,development,2024,naive_bayes
155,2025-04-20 17:30:00,benchmark_home_odds,True,market_only,development,2024,naive_bayes
155,2025-04-20 17:30:00,benchmark_away_not_lose_fair_odds,True,market_only,development,2024,naive_bayes
155,2025-04-20 17:30:00,benchmark_overround,True,market_only,development,2024,naive_bayes
156,2025-04-25 18:30:00,benchmark_home_prob,True,market_only,development,2024,naive_bayes
156,2025-04-25 18:30:00,benchmark_home_odds,True,market_only,development,2024,naive_bayes
156,2025-04-25 18:30:00,benchmark_away_not_lose_fair_odds,True,market_only,development,2024,naive_bayes
156,2025-04-25 18:30:00,benchmark_overround,True,market_only,development,2024,naive_bayes
157,2025-04-26 13:30:00,benchmark_home_prob,True,market_only,development,2024,naive_bayes
157,2025-04-26 13:30:00,benchmark_home_odds,True,market_only,development,2024,naive_bayes
157,2025-04-26 13:30:00,benchmark_away_not_lose_fair_odds,True,market_only,development,2024,naive_bayes
157,2025-04-26 13:30:00,benchmark_overround,True,market_only,development,2024,naive_bayes
158,2025-04-26 16:30:00,benchmark_home_prob,True,market_only,development,2024,naive_bayes
158,2025-04-26 16:30:00,benchmark_home_odds,True,market_only,development,2024,naive_bayes
158,2025-04-26 16:30:00,benchmark_away_not_lose_fair_odds,True,market_only,development,2024,naive_bayes
158,2025-04-26 16:30:00,benchmark_overround,True,market_only,development,2024,naive_bayes
159,2025-04-27 13:30:00,benchmark_home_prob,True,market_only,development,2024,naive_bayes
159,2025-04-27 13:30:00,benchmark_home_odds,True,market_only,development,2024,naive_bayes
159,2025-04-27 13:30:00,benchmark_away_not_lose_fair_odds,True,market_only,development,2024,naive_bayes
159,2025-04-27 13:30:00,benchmark_overround,True,market_only,development,2024,naive_bayes
160,2025-04-27 15:30:00,benchmark_home_prob,True,market_only,development,2024,naive_bayes
160,2025-04-27 15:30:00,benchmark_home_odds,True,market_only,development,2024,naive_bayes
160,2025-04-27 15:30:00,benchmark_away_not_lose_fair_odds,True,market_only,development,2024,naive_bayes
160,2025-04-27 15:30:00,benchmark_overround,True,market_only,development,2024,naive_bayes
161,2025-05-02 18:30:00,benchmark_home_prob,True,market_only,development,2024,naive_bayes
161,2025-05-02 18:30:00,benchmark_home_odds,True,market_only,development,2024,naive_bayes
161,2025-05-02 18:30:00,benchmark_away_not_lose_fair_odds,True,market_only,development,2024,naive_bayes
161,2025-05-02 18:30:00,benchmark_overround,True,market_only,development,2024,naive_bayes
162,2025-05-03 13:30:00,benchmark_home_prob,True,market_only,development,2024,naive_bayes
162,2025-05-03 13:30:00,benchmark_home_odds,True,market_only,development,2024,naive_bayes
162,2025-05-03 13:30:00,benchmark_away_not_lose_fair_odds,True,market_only,development,2024,naive_bayes
162,2025-05-03 13:30:00,benchmark_overround,True,market_only,development,2024,naive_bayes
163,2025-05-03 16:30:00,benchmark_home_prob,True,market_only,development,2024,naive_bayes
163,2025-05-03 16:30:00,benchmark_home_odds,True,market_only,development,2024,naive_bayes
163,2025-05-03 16:30:00,benchmark_away_not_lose_fair_odds,True,market_only,development,2024,naive_bayes
163,2025-05-03 16:30:00,benchmark_overround,True,market_only,development,2024,naive_bayes
164,2025-05-04 13:30:00,benchmark_home_prob,True,market_only,development,2024,naive_bayes
164,2025-05-04 13:30:00,benchmark_home_odds,True,market_only,development,2024,naive_bayes
164,2025-05-04 13:30:00,benchmark_away_not_lose_fair_odds,True,market_only,development,2024,naive_bayes
164,2025-05-04 13:30:00,benchmark_overround,True,market_only,development,2024,naive_bayes
165,2025-05-04 15:30:00,benchmark_home_prob,True,market_only,development,2024,naive_bayes
165,2025-05-04 15:30:00,benchmark_home_odds,True,market_only,development,2024,naive_bayes
165,2025-05-04 15:30:00,benchmark_away_not_lose_fair_odds,True,market_only,development,2024,naive_bayes
165,2025-05-04 15:30:00,benchmark_overround,True,market_only,development,2024,naive_bayes
166,2025-05-04 17:30:00,benchmark_home_prob,True,market_only,development,2024,naive_bayes
166,2025-05-04 17:30:00,benchmark_home_odds,True,market_only,development,2024,naive_bayes
166,2025-05-04 17:30:00,benchmark_away_not_lose_fair_odds,True,market_only,development,2024,naive_bayes
166,2025-05-04 17:30:00,benchmark_overround,True,market_only,development,2024,naive_bayes
167,2025-05-09 18:30:00,benchmark_home_prob,True,market_only,development,2024,naive_bayes
167,2025-05-09 18:30:00,benchmark_home_odds,True,market_only,development,2024,naive_bayes
167,2025-05-09 18:30:00,benchmark_away_not_lose_fair_odds,True,market_only,development,2024,naive_bayes
167,2025-05-09 18:30:00,benchmark_overround,True,market_only,development,2024,naive_bayes
168,2025-05-10 13:30:00,benchmark_home_prob,True,market_only,development,2024,naive_bayes
168,2025-05-10 13:30:00,benchmark_home_odds,True,market_only,development,2024,naive_bayes
168,2025-05-10 13:30:00,benchmark_away_not_lose_fair_odds,True,market_only,development,2024,naive_bayes
168,2025-05-10 13:30:00,benchmark_overround,True,market_only,development,2024,naive_bayes
169,2025-05-10 16:30:00,benchmark_home_prob,True,market_only,development,2024,naive_bayes
169,2025-05-10 16:30:00,benchmark_home_odds,True,market_only,development,2024,naive_bayes
169,2025-05-10 16:30:00,benchmark_away_not_lose_fair_odds,True,market_only,development,2024,naive_bayes
169,2025-05-10 16:30:00,benchmark_overround,True,market_only,development,2024,naive_bayes
170,2025-05-11 13:30:00,benchmark_home_prob,True,market_only,development,2024,naive_bayes
170,2025-05-11 13:30:00,benchmark_home_odds,True,market_only,development,2024,naive_bayes
170,2025-05-11 13:30:00,benchmark_away_not_lose_fair_odds,True,market_only,development,2024,naive_bayes
170,2025-05-11 13:30:00,benchmark_overround,True,market_only,development,2024,naive_bayes
171,2025-05-11 15:30:00,benchmark_home_prob,True,market_only,development,2024,naive_bayes
171,2025-05-11 15:30:00,benchmark_home_odds,True,market_only,development,2024,naive_bayes
171,2025-05-11 15:30:00,benchmark_away_not_lose_fair_odds,True,market_only,development,2024,naive_bayes
171,2025-05-11 15:30:00,benchmark_overround,True,market_only,development,2024,naive_bayes
172,2025-05-11 17:30:00,benchmark_home_prob,True,market_only,development,2024,naive_bayes
172,2025-05-11 17:30:00,benchmark_home_odds,True,market_only,development,2024,naive_bayes
172,2025-05-11 17:30:00,benchmark_away_not_lose_fair_odds,True,market_only,development,2024,naive_bayes
172,2025-05-11 17:30:00,benchmark_overround,True,market_only,development,2024,naive_bayes
173,2025-05-17 13:30:00,benchmark_home_prob,True,market_only,development,2024,naive_bayes
173,2025-05-17 13:30:00,benchmark_home_odds,True,market_only,development,2024,naive_bayes
173,2025-05-17 13:30:00,benchmark_away_not_lose_fair_odds,True,market_only,development,2024,naive_bayes
173,2025-05-17 13:30:00,benchmark_overround,True,market_only,development,2024,naive_bayes
1,2025-08-22 18:30:00,benchmark_home_prob,True,market_only,test,2025,naive_bayes
1,2025-08-22 18:30:00,benchmark_home_odds,True,market_only,test,2025,naive_bayes
1,2025-08-22 18:30:00,benchmark_away_not_lose_fair_odds,True,market_only,test,2025,naive_bayes
1,2025-08-22 18:30:00,benchmark_overround,True,market_only,test,2025,naive_bayes
2,2025-08-23 13:30:00,benchmark_home_prob,True,market_only,test,2025,naive_bayes
2,2025-08-23 13:30:00,benchmark_home_odds,True,market_only,test,2025,naive_bayes
2,2025-08-23 13:30:00,benchmark_away_not_lose_fair_odds,True,market_only,test,2025,naive_bayes
2,2025-08-23 13:30:00,benchmark_overround,True,market_only,test,2025,naive_bayes
3,2025-08-23 16:30:00,benchmark_home_prob,True,market_only,test,2025,naive_bayes
3,2025-08-23 16:30:00,benchmark_home_odds,True,market_only,test,2025,naive_bayes
3,2025-08-23 16:30:00,benchmark_away_not_lose_fair_odds,True,market_only,test,2025,naive_bayes
3,2025-08-23 16:30:00,benchmark_overround,True,market_only,test,2025,naive_bayes
4,2025-08-24 13:30:00,benchmark_home_prob,True,market_only,test,2025,naive_bayes
4,2025-08-24 13:30:00,benchmark_home_odds,True,market_only,test,2025,naive_bayes
4,2025-08-24 13:30:00,benchmark_away_not_lose_fair_odds,True,market_only,test,2025,naive_bayes
4,2025-08-24 13:30:00,benchmark_overround,True,market_only,test,2025,naive_bayes
5,2025-08-24 15:30:00,benchmark_home_prob,True,market_only,test,2025,naive_bayes
5,2025-08-24 15:30:00,benchmark_home_odds,True,market_only,test,2025,naive_bayes
5,2025-08-24 15:30:00,benchmark_away_not_lose_fair_odds,True,market_only,test,2025,naive_bayes
5,2025-08-24 15:30:00,benchmark_overround,True,market_only,test,2025,naive_bayes
6,2025-08-29 18:30:00,benchmark_home_prob,True,market_only,test,2025,naive_bayes
6,2025-08-29 18:30:00,benchmark_home_odds,True,market_only,test,2025,naive_bayes
6,2025-08-29 18:30:00,benchmark_away_not_lose_fair_odds,True,market_only,test,2025,naive_bayes
6,2025-08-29 18:30:00,benchmark_overround,True,market_only,test,2025,naive_bayes
7,2025-08-30 13:30:00,benchmark_home_prob,True,market_only,test,2025,naive_bayes
7,2025-08-30 13:30:00,benchmark_home_odds,True,market_only,test,2025,naive_bayes
7,2025-08-30 13:30:00,benchmark_away_not_lose_fair_odds,True,market_only,test,2025,naive_bayes
7,2025-08-30 13:30:00,benchmark_overround,True,market_only,test,2025,naive_bayes
8,2025-08-30 16:30:00,benchmark_home_prob,True,market_only,test,2025,naive_bayes
8,2025-08-30 16:30:00,benchmark_home_odds,True,market_only,test,2025,naive_bayes
8,2025-08-30 16:30:00,benchmark_away_not_lose_fair_odds,True,market_only,test,2025,naive_bayes
8,2025-08-30 16:30:00,benchmark_overround,True,market_only,test,2025,naive_bayes
9,2025-08-31 13:30:00,benchmark_home_prob,True,market_only,test,2025,naive_bayes
9,2025-08-31 13:30:00,benchmark_home_odds,True,market_only,test,2025,naive_bayes
9,2025-08-31 13:30:00,benchmark_away_not_lose_fair_odds,True,market_only,test,2025,naive_bayes
9,2025-08-31 13:30:00,benchmark_overround,True,market_only,test,2025,naive_bayes
10,2025-08-31 15:30:00,benchmark_home_prob,True,market_only,test,2025,naive_bayes
10,2025-08-31 15:30:00,benchmark_home_odds,True,market_only,test,2025,naive_bayes
10,2025-08-31 15:30:00,benchmark_away_not_lose_fair_odds,True,market_only,test,2025,naive_bayes
10,2025-08-31 15:30:00,benchmark_overround,True,market_only,test,2025,naive_bayes
11,2025-08-31 17:30:00,benchmark_home_prob,True,market_only,test,2025,naive_bayes
11,2025-08-31 17:30:00,benchmark_home_odds,True,market_only,test,2025,naive_bayes
11,2025-08-31 17:30:00,benchmark_away_not_lose_fair_odds,True,market_only,test,2025,naive_bayes
11,2025-08-31 17:30:00,benchmark_overround,True,market_only,test,2025,naive_bayes
12,2025-09-12 18:30:00,benchmark_home_prob,True,market_only,test,2025,naive_bayes
12,2025-09-12 18:30:00,benchmark_home_odds,True,market_only,test,2025,naive_bayes
12,2025-09-12 18:30:00,benchmark_away_not_lose_fair_odds,True,market_only,test,2025,naive_bayes
12,2025-09-12 18:30:00,benchmark_overround,True,market_only,test,2025,naive_bayes
13,2025-09-13 13:30:00,benchmark_home_prob,True,market_only,test,2025,naive_bayes
13,2025-09-13 13:30:00,benchmark_home_odds,True,market_only,test,2025,naive_bayes
13,2025-09-13 13:30:00,benchmark_away_not_lose_fair_odds,True,market_only,test,2025,naive_bayes
13,2025-09-13 13:30:00,benchmark_overround,True,market_only,test,2025,naive_bayes
14,2025-09-13 16:30:00,benchmark_home_prob,True,market_only,test,2025,naive_bayes
14,2025-09-13 16:30:00,benchmark_home_odds,True,market_only,test,2025,naive_bayes
14,2025-09-13 16:30:00,benchmark_away_not_lose_fair_odds,True,market_only,test,2025,naive_bayes
14,2025-09-13 16:30:00,benchmark_overround,True,market_only,test,2025,naive_bayes
15,2025-09-14 13:30:00,benchmark_home_prob,True,market_only,test,2025,naive_bayes
15,2025-09-14 13:30:00,benchmark_home_odds,True,market_only,test,2025,naive_bayes
15,2025-09-14 13:30:00,benchmark_away_not_lose_fair_odds,True,market_only,test,2025,naive_bayes
15,2025-09-14 13:30:00,benchmark_overround,True,market_only,test,2025,naive_bayes
16,2025-09-14 15:30:00,benchmark_home_prob,True,market_only,test,2025,naive_bayes
16,2025-09-14 15:30:00,benchmark_home_odds,True,market_only,test,2025,naive_bayes
16,2025-09-14 15:30:00,benchmark_away_not_lose_fair_odds,True,market_only,test,2025,naive_bayes
16,2025-09-14 15:30:00,benchmark_overround,True,market_only,test,2025,naive_bayes
17,2025-09-19 18:30:00,benchmark_home_prob,True,market_only,test,2025,naive_bayes
17,2025-09-19 18:30:00,benchmark_home_odds,True,market_only,test,2025,naive_bayes
17,2025-09-19 18:30:00,benchmark_away_not_lose_fair_odds,True,market_only,test,2025,naive_bayes
17,2025-09-19 18:30:00,benchmark_overround,True,market_only,test,2025,naive_bayes
18,2025-09-20 13:30:00,benchmark_home_prob,True,market_only,test,2025,naive_bayes
18,2025-09-20 13:30:00,benchmark_home_odds,True,market_only,test,2025,naive_bayes
18,2025-09-20 13:30:00,benchmark_away_not_lose_fair_odds,True,market_only,test,2025,naive_bayes
18,2025-09-20 13:30:00,benchmark_overround,True,market_only,test,2025,naive_bayes
19,2025-09-20 16:30:00,benchmark_home_prob,True,market_only,test,2025,naive_bayes
19,2025-09-20 16:30:00,benchmark_home_odds,True,market_only,test,2025,naive_bayes
19,2025-09-20 16:30:00,benchmark_away_not_lose_fair_odds,True,market_only,test,2025,naive_bayes
19,2025-09-20 16:30:00,benchmark_overround,True,market_only,test,2025,naive_bayes
20,2025-09-21 13:30:00,benchmark_home_prob,True,market_only,test,2025,naive_bayes
20,2025-09-21 13:30:00,benchmark_home_odds,True,market_only,test,2025,naive_bayes
20,2025-09-21 13:30:00,benchmark_away_not_lose_fair_odds,True,market_only,test,2025,naive_bayes
20,2025-09-21 13:30:00,benchmark_overround,True,market_only,test,2025,naive_bayes
21,2025-09-21 15:30:00,benchmark_home_prob,True,market_only,test,2025,naive_bayes
21,2025-09-21 15:30:00,benchmark_home_odds,True,market_only,test,2025,naive_bayes
21,2025-09-21 15:30:00,benchmark_away_not_lose_fair_odds,True,market_only,test,2025,naive_bayes
21,2025-09-21 15:30:00,benchmark_overround,True,market_only,test,2025,naive_bayes
22,2025-09-21 17:30:00,benchmark_home_prob,True,market_only,test,2025,naive_bayes
22,2025-09-21 17:30:00,benchmark_home_odds,True,market_only,test,2025,naive_bayes
22,2025-09-21 17:30:00,benchmark_away_not_lose_fair_odds,True,market_only,test,2025,naive_bayes
22,2025-09-21 17:30:00,benchmark_overround,True,market_only,test,2025,naive_bayes
23,2025-09-26 18:30:00,benchmark_home_prob,True,market_only,test,2025,naive_bayes
23,2025-09-26 18:30:00,benchmark_home_odds,True,market_only,test,2025,naive_bayes
23,2025-09-26 18:30:00,benchmark_away_not_lose_fair_odds,True,market_only,test,2025,naive_bayes
23,2025-09-26 18:30:00,benchmark_overround,True,market_only,test,2025,naive_bayes
24,2025-09-27 13:30:00,benchmark_home_prob,True,market_only,test,2025,naive_bayes
24,2025-09-27 13:30:00,benchmark_home_odds,True,market_only,test,2025,naive_bayes
24,2025-09-27 13:30:00,benchmark_away_not_lose_fair_odds,True,market_only,test,2025,naive_bayes
24,2025-09-27 13:30:00,benchmark_overround,True,market_only,test,2025,naive_bayes
25,2025-09-27 16:30:00,benchmark_home_prob,True,market_only,test,2025,naive_bayes
25,2025-09-27 16:30:00,benchmark_home_odds,True,market_only,test,2025,naive_bayes
25,2025-09-27 16:30:00,benchmark_away_not_lose_fair_odds,True,market_only,test,2025,naive_bayes
25,2025-09-27 16:30:00,benchmark_overround,True,market_only,test,2025,naive_bayes
26,2025-09-28 13:30:00,benchmark_home_prob,True,market_only,test,2025,naive_bayes
26,2025-09-28 13:30:00,benchmark_home_odds,True,market_only,test,2025,naive_bayes
26,2025-09-28 13:30:00,benchmark_away_not_lose_fair_odds,True,market_only,test,2025,naive_bayes
26,2025-09-28 13:30:00,benchmark_overround,True,market_only,test,2025,naive_bayes
27,2025-09-28 15:30:00,benchmark_home_prob,True,market_only,test,2025,naive_bayes
27,2025-09-28 15:30:00,benchmark_home_odds,True,market_only,test,2025,naive_bayes
27,2025-09-28 15:30:00,benchmark_away_not_lose_fair_odds,True,market_only,test,2025,naive_bayes
27,2025-09-28 15:30:00,benchmark_overround,True,market_only,test,2025,naive_bayes
28,2025-09-28 17:30:00,benchmark_home_prob,True,market_only,test,2025,naive_bayes
28,2025-09-28 17:30:00,benchmark_home_odds,True,market_only,test,2025,naive_bayes
28,2025-09-28 17:30:00,benchmark_away_not_lose_fair_odds,True,market_only,test,2025,naive_bayes
28,2025-09-28 17:30:00,benchmark_overround,True,market_only,test,2025,naive_bayes
29,2025-10-03 18:30:00,benchmark_home_prob,True,market_only,test,2025,naive_bayes
29,2025-10-03 18:30:00,benchmark_home_odds,True,market_only,test,2025,naive_bayes
29,2025-10-03 18:30:00,benchmark_away_not_lose_fair_odds,True,market_only,test,2025,naive_bayes
29,2025-10-03 18:30:00,benchmark_overround,True,market_only,test,2025,naive_bayes
30,2025-10-04 13:30:00,benchmark_home_prob,True,market_only,test,2025,naive_bayes
30,2025-10-04 13:30:00,benchmark_home_odds,True,market_only,test,2025,naive_bayes
30,2025-10-04 13:30:00,benchmark_away_not_lose_fair_odds,True,market_only,test,2025,naive_bayes
30,2025-10-04 13:30:00,benchmark_overround,True,market_only,test,2025,naive_bayes
31,2025-10-04 16:30:00,benchmark_home_prob,True,market_only,test,2025,naive_bayes
31,2025-10-04 16:30:00,benchmark_home_odds,True,market_only,test,2025,naive_bayes
31,2025-10-04 16:30:00,benchmark_away_not_lose_fair_odds,True,market_only,test,2025,naive_bayes
31,2025-10-04 16:30:00,benchmark_overround,True,market_only,test,2025,naive_bayes
32,2025-10-05 13:30:00,benchmark_home_prob,True,market_only,test,2025,naive_bayes
32,2025-10-05 13:30:00,benchmark_home_odds,True,market_only,test,2025,naive_bayes
32,2025-10-05 13:30:00,benchmark_away_not_lose_fair_odds,True,market_only,test,2025,naive_bayes
32,2025-10-05 13:30:00,benchmark_overround,True,market_only,test,2025,naive_bayes
33,2025-10-05 15:30:00,benchmark_home_prob,True,market_only,test,2025,naive_bayes
33,2025-10-05 15:30:00,benchmark_home_odds,True,market_only,test,2025,naive_bayes
33,2025-10-05 15:30:00,benchmark_away_not_lose_fair_odds,True,market_only,test,2025,naive_bayes
33,2025-10-05 15:30:00,benchmark_overround,True,market_only,test,2025,naive_bayes
34,2025-10-05 17:30:00,benchmark_home_prob,True,market_only,test,2025,naive_bayes
34,2025-10-05 17:30:00,benchmark_home_odds,True,market_only,test,2025,naive_bayes
34,2025-10-05 17:30:00,benchmark_away_not_lose_fair_odds,True,market_only,test,2025,naive_bayes
34,2025-10-05 17:30:00,benchmark_overround,True,market_only,test,2025,naive_bayes
35,2025-10-17 18:30:00,benchmark_home_prob,True,market_only,test,2025,naive_bayes
35,2025-10-17 18:30:00,benchmark_home_odds,True,market_only,test,2025,naive_bayes
35,2025-10-17 18:30:00,benchmark_away_not_lose_fair_odds,True,market_only,test,2025,naive_bayes
35,2025-10-17 18:30:00,benchmark_overround,True,market_only,test,2025,naive_bayes
36,2025-10-18 13:30:00,benchmark_home_prob,True,market_only,test,2025,naive_bayes
36,2025-10-18 13:30:00,benchmark_home_odds,True,market_only,test,2025,naive_bayes
36,2025-10-18 13:30:00,benchmark_away_not_lose_fair_odds,True,market_only,test,2025,naive_bayes
36,2025-10-18 13:30:00,benchmark_overround,True,market_only,test,2025,naive_bayes
37,2025-10-18 16:30:00,benchmark_home_prob,True,market_only,test,2025,naive_bayes
37,2025-10-18 16:30:00,benchmark_home_odds,True,market_only,test,2025,naive_bayes
37,2025-10-18 16:30:00,benchmark_away_not_lose_fair_odds,True,market_only,test,2025,naive_bayes
37,2025-10-18 16:30:00,benchmark_overround,True,market_only,test,2025,naive_bayes
38,2025-10-19 13:30:00,benchmark_home_prob,True,market_only,test,2025,naive_bayes
38,2025-10-19 13:30:00,benchmark_home_odds,True,market_only,test,2025,naive_bayes
38,2025-10-19 13:30:00,benchmark_away_not_lose_fair_odds,True,market_only,test,2025,naive_bayes
38,2025-10-19 13:30:00,benchmark_overround,True,market_only,test,2025,naive_bayes
39,2025-10-19 15:30:00,benchmark_home_prob,True,market_only,test,2025,naive_bayes
39,2025-10-19 15:30:00,benchmark_home_odds,True,market_only,test,2025,naive_bayes
39,2025-10-19 15:30:00,benchmark_away_not_lose_fair_odds,True,market_only,test,2025,naive_bayes
39,2025-10-19 15:30:00,benchmark_overround,True,market_only,test,2025,naive_bayes
40,2025-10-24 18:30:00,benchmark_home_prob,True,market_only,test,2025,naive_bayes
40,2025-10-24 18:30:00,benchmark_home_odds,True,market_only,test,2025,naive_bayes
40,2025-10-24 18:30:00,benchmark_away_not_lose_fair_odds,True,market_only,test,2025,naive_bayes
40,2025-10-24 18:30:00,benchmark_overround,True,market_only,test,2025,naive_bayes
41,2025-10-25 13:30:00,benchmark_home_prob,True,market_only,test,2025,naive_bayes
41,2025-10-25 13:30:00,benchmark_home_odds,True,market_only,test,2025,naive_bayes
41,2025-10-25 13:30:00,benchmark_away_not_lose_fair_odds,True,market_only,test,2025,naive_bayes
41,2025-10-25 13:30:00,benchmark_overround,True,market_only,test,2025,naive_bayes
42,2025-10-25 16:30:00,benchmark_home_prob,True,market_only,test,2025,naive_bayes
42,2025-10-25 16:30:00,benchmark_home_odds,True,market_only,test,2025,naive_bayes
42,2025-10-25 16:30:00,benchmark_away_not_lose_fair_odds,True,market_only,test,2025,naive_bayes
42,2025-10-25 16:30:00,benchmark_overround,True,market_only,test,2025,naive_bayes
43,2025-10-26 13:30:00,benchmark_home_prob,True,market_only,test,2025,naive_bayes
43,2025-10-26 13:30:00,benchmark_home_odds,True,market_only,test,2025,naive_bayes
43,2025-10-26 13:30:00,benchmark_away_not_lose_fair_odds,True,market_only,test,2025,naive_bayes
43,2025-10-26 13:30:00,benchmark_overround,True,market_only,test,2025,naive_bayes
44,2025-10-26 15:30:00,benchmark_home_prob,True,market_only,test,2025,naive_bayes
44,2025-10-26 15:30:00,benchmark_home_odds,True,market_only,test,2025,naive_bayes
44,2025-10-26 15:30:00,benchmark_away_not_lose_fair_odds,True,market_only,test,2025,naive_bayes
44,2025-10-26 15:30:00,benchmark_overround,True,market_only,test,2025,naive_bayes
45,2025-10-31 19:30:00,benchmark_home_prob,True,market_only,test,2025,naive_bayes
45,2025-10-31 19:30:00,benchmark_home_odds,True,market_only,test,2025,naive_bayes
45,2025-10-31 19:30:00,benchmark_away_not_lose_fair_odds,True,market_only,test,2025,naive_bayes
45,2025-10-31 19:30:00,benchmark_overround,True,market_only,test,2025,naive_bayes
46,2025-11-01 14:30:00,benchmark_home_prob,True,market_only,test,2025,naive_bayes
46,2025-11-01 14:30:00,benchmark_home_odds,True,market_only,test,2025,naive_bayes
46,2025-11-01 14:30:00,benchmark_away_not_lose_fair_odds,True,market_only,test,2025,naive_bayes
46,2025-11-01 14:30:00,benchmark_overround,True,market_only,test,2025,naive_bayes
47,2025-11-01 17:30:00,benchmark_home_prob,True,market_only,test,2025,naive_bayes
47,2025-11-01 17:30:00,benchmark_home_odds,True,market_only,test,2025,naive_bayes
47,2025-11-01 17:30:00,benchmark_away_not_lose_fair_odds,True,market_only,test,2025,naive_bayes
47,2025-11-01 17:30:00,benchmark_overround,True,market_only,test,2025,naive_bayes
48,2025-11-02 14:30:00,benchmark_home_prob,True,market_only,test,2025,naive_bayes
48,2025-11-02 14:30:00,benchmark_home_odds,True,market_only,test,2025,naive_bayes
48,2025-11-02 14:30:00,benchmark_away_not_lose_fair_odds,True,market_only,test,2025,naive_bayes
48,2025-11-02 14:30:00,benchmark_overround,True,market_only,test,2025,naive_bayes
49,2025-11-02 16:30:00,benchmark_home_prob,True,market_only,test,2025,naive_bayes
49,2025-11-02 16:30:00,benchmark_home_odds,True,market_only,test,2025,naive_bayes
49,2025-11-02 16:30:00,benchmark_away_not_lose_fair_odds,True,market_only,test,2025,naive_bayes
49,2025-11-02 16:30:00,benchmark_overround,True,market_only,test,2025,naive_bayes
50,2025-11-07 19:30:00,benchmark_home_prob,True,market_only,test,2025,naive_bayes
50,2025-11-07 19:30:00,benchmark_home_odds,True,market_only,test,2025,naive_bayes
50,2025-11-07 19:30:00,benchmark_away_not_lose_fair_odds,True,market_only,test,2025,naive_bayes
50,2025-11-07 19:30:00,benchmark_overround,True,market_only,test,2025,naive_bayes
51,2025-11-08 14:30:00,benchmark_home_prob,True,market_only,test,2025,naive_bayes
51,2025-11-08 14:30:00,benchmark_home_odds,True,market_only,test,2025,naive_bayes
51,2025-11-08 14:30:00,benchmark_away_not_lose_fair_odds,True,market_only,test,2025,naive_bayes
51,2025-11-08 14:30:00,benchmark_overround,True,market_only,test,2025,naive_bayes
52,2025-11-08 17:30:00,benchmark_home_prob,True,market_only,test,2025,naive_bayes
52,2025-11-08 17:30:00,benchmark_home_odds,True,market_only,test,2025,naive_bayes
52,2025-11-08 17:30:00,benchmark_away_not_lose_fair_odds,True,market_only,test,2025,naive_bayes
52,2025-11-08 17:30:00,benchmark_overround,True,market_only,test,2025,naive_bayes
53,2025-11-09 14:30:00,benchmark_home_prob,True,market_only,test,2025,naive_bayes
53,2025-11-09 14:30:00,benchmark_home_odds,True,market_only,test,2025,naive_bayes
53,2025-11-09 14:30:00,benchmark_away_not_lose_fair_odds,True,market_only,test,2025,naive_bayes
53,2025-11-09 14:30:00,benchmark_overround,True,market_only,test,2025,naive_bayes
54,2025-11-09 16:30:00,benchmark_home_prob,True,market_only,test,2025,naive_bayes
54,2025-11-09 16:30:00,benchmark_home_odds,True,market_only,test,2025,naive_bayes
54,2025-11-09 16:30:00,benchmark_away_not_lose_fair_odds,True,market_only,test,2025,naive_bayes
54,2025-11-09 16:30:00,benchmark_overround,True,market_only,test,2025,naive_bayes
55,2025-11-09 18:30:00,benchmark_home_prob,True,market_only,test,2025,naive_bayes
55,2025-11-09 18:30:00,benchmark_home_odds,True,market_only,test,2025,naive_bayes
55,2025-11-09 18:30:00,benchmark_away_not_lose_fair_odds,True,market_only,test,2025,naive_bayes
55,2025-11-09 18:30:00,benchmark_overround,True,market_only,test,2025,naive_bayes
56,2025-11-21 19:30:00,benchmark_home_prob,True,market_only,test,2025,naive_bayes
56,2025-11-21 19:30:00,benchmark_home_odds,True,market_only,test,2025,naive_bayes
56,2025-11-21 19:30:00,benchmark_away_not_lose_fair_odds,True,market_only,test,2025,naive_bayes
56,2025-11-21 19:30:00,benchmark_overround,True,market_only,test,2025,naive_bayes
57,2025-11-22 14:30:00,benchmark_home_prob,True,market_only,test,2025,naive_bayes
57,2025-11-22 14:30:00,benchmark_home_odds,True,market_only,test,2025,naive_bayes
57,2025-11-22 14:30:00,benchmark_away_not_lose_fair_odds,True,market_only,test,2025,naive_bayes
57,2025-11-22 14:30:00,benchmark_overround,True,market_only,test,2025,naive_bayes
58,2025-11-22 17:30:00,benchmark_home_prob,True,market_only,test,2025,naive_bayes
58,2025-11-22 17:30:00,benchmark_home_odds,True,market_only,test,2025,naive_bayes
58,2025-11-22 17:30:00,benchmark_away_not_lose_fair_odds,True,market_only,test,2025,naive_bayes
58,2025-11-22 17:30:00,benchmark_overround,True,market_only,test,2025,naive_bayes
59,2025-11-23 14:30:00,benchmark_home_prob,True,market_only,test,2025,naive_bayes
59,2025-11-23 14:30:00,benchmark_home_odds,True,market_only,test,2025,naive_bayes
59,2025-11-23 14:30:00,benchmark_away_not_lose_fair_odds,True,market_only,test,2025,naive_bayes
59,2025-11-23 14:30:00,benchmark_overround,True,market_only,test,2025,naive_bayes
60,2025-11-23 16:30:00,benchmark_home_prob,True,market_only,test,2025,naive_bayes
60,2025-11-23 16:30:00,benchmark_home_odds,True,market_only,test,2025,naive_bayes
60,2025-11-23 16:30:00,benchmark_away_not_lose_fair_odds,True,market_only,test,2025,naive_bayes
60,2025-11-23 16:30:00,benchmark_overround,True,market_only,test,2025,naive_bayes
61,2025-11-28 19:30:00,benchmark_home_prob,True,market_only,test,2025,naive_bayes
61,2025-11-28 19:30:00,benchmark_home_odds,True,market_only,test,2025,naive_bayes
61,2025-11-28 19:30:00,benchmark_away_not_lose_fair_odds,True,market_only,test,2025,naive_bayes
61,2025-11-28 19:30:00,benchmark_overround,True,market_only,test,2025,naive_bayes
62,2025-11-29 14:30:00,benchmark_home_prob,True,market_only,test,2025,naive_bayes
62,2025-11-29 14:30:00,benchmark_home_odds,True,market_only,test,2025,naive_bayes
62,2025-11-29 14:30:00,benchmark_away_not_lose_fair_odds,True,market_only,test,2025,naive_bayes
62,2025-11-29 14:30:00,benchmark_overround,True,market_only,test,2025,naive_bayes
63,2025-11-29 17:30:00,benchmark_home_prob,True,market_only,test,2025,naive_bayes
63,2025-11-29 17:30:00,benchmark_home_odds,True,market_only,test,2025,naive_bayes
63,2025-11-29 17:30:00,benchmark_away_not_lose_fair_odds,True,market_only,test,2025,naive_bayes
63,2025-11-29 17:30:00,benchmark_overround,True,market_only,test,2025,naive_bayes
64,2025-11-30 14:30:00,benchmark_home_prob,True,market_only,test,2025,naive_bayes
64,2025-11-30 14:30:00,benchmark_home_odds,True,market_only,test,2025,naive_bayes
64,2025-11-30 14:30:00,benchmark_away_not_lose_fair_odds,True,market_only,test,2025,naive_bayes
64,2025-11-30 14:30:00,benchmark_overround,True,market_only,test,2025,naive_bayes
65,2025-11-30 16:30:00,benchmark_home_prob,True,market_only,test,2025,naive_bayes
65,2025-11-30 16:30:00,benchmark_home_odds,True,market_only,test,2025,naive_bayes
65,2025-11-30 16:30:00,benchmark_away_not_lose_fair_odds,True,market_only,test,2025,naive_bayes
65,2025-11-30 16:30:00,benchmark_overround,True,market_only,test,2025,naive_bayes
66,2025-11-30 18:30:00,benchmark_home_prob,True,market_only,test,2025,naive_bayes
66,2025-11-30 18:30:00,benchmark_home_odds,True,market_only,test,2025,naive_bayes
66,2025-11-30 18:30:00,benchmark_away_not_lose_fair_odds,True,market_only,test,2025,naive_bayes
66,2025-11-30 18:30:00,benchmark_overround,True,market_only,test,2025,naive_bayes
67,2025-12-05 19:30:00,benchmark_home_prob,True,market_only,test,2025,naive_bayes
67,2025-12-05 19:30:00,benchmark_home_odds,True,market_only,test,2025,naive_bayes
67,2025-12-05 19:30:00,benchmark_away_not_lose_fair_odds,True,market_only,test,2025,naive_bayes
67,2025-12-05 19:30:00,benchmark_overround,True,market_only,test,2025,naive_bayes
68,2025-12-06 14:30:00,benchmark_home_prob,True,market_only,test,2025,naive_bayes
68,2025-12-06 14:30:00,benchmark_home_odds,True,market_only,test,2025,naive_bayes
68,2025-12-06 14:30:00,benchmark_away_not_lose_fair_odds,True,market_only,test,2025,naive_bayes
68,2025-12-06 14:30:00,benchmark_overround,True,market_only,test,2025,naive_bayes
69,2025-12-06 17:30:00,benchmark_home_prob,True,market_only,test,2025,naive_bayes
69,2025-12-06 17:30:00,benchmark_home_odds,True,market_only,test,2025,naive_bayes
69,2025-12-06 17:30:00,benchmark_away_not_lose_fair_odds,True,market_only,test,2025,naive_bayes
69,2025-12-06 17:30:00,benchmark_overround,True,market_only,test,2025,naive_bayes
70,2025-12-07 14:30:00,benchmark_home_prob,True,market_only,test,2025,naive_bayes
70,2025-12-07 14:30:00,benchmark_home_odds,True,market_only,test,2025,naive_bayes
70,2025-12-07 14:30:00,benchmark_away_not_lose_fair_odds,True,market_only,test,2025,naive_bayes
70,2025-12-07 14:30:00,benchmark_overround,True,market_only,test,2025,naive_bayes
71,2025-12-07 16:30:00,benchmark_home_prob,True,market_only,test,2025,naive_bayes
71,2025-12-07 16:30:00,benchmark_home_odds,True,market_only,test,2025,naive_bayes
71,2025-12-07 16:30:00,benchmark_away_not_lose_fair_odds,True,market_only,test,2025,naive_bayes
71,2025-12-07 16:30:00,benchmark_overround,True,market_only,test,2025,naive_bayes
72,2025-12-12 19:30:00,benchmark_home_prob,True,market_only,test,2025,naive_bayes
72,2025-12-12 19:30:00,benchmark_home_odds,True,market_only,test,2025,naive_bayes
72,2025-12-12 19:30:00,benchmark_away_not_lose_fair_odds,True,market_only,test,2025,naive_bayes
72,2025-12-12 19:30:00,benchmark_overround,True,market_only,test,2025,naive_bayes
73,2025-12-13 14:30:00,benchmark_home_prob,True,market_only,test,2025,naive_bayes
73,2025-12-13 14:30:00,benchmark_home_odds,True,market_only,test,2025,naive_bayes
73,2025-12-13 14:30:00,benchmark_away_not_lose_fair_odds,True,market_only,test,2025,naive_bayes
73,2025-12-13 14:30:00,benchmark_overround,True,market_only,test,2025,naive_bayes
74,2025-12-13 17:30:00,benchmark_home_prob,True,market_only,test,2025,naive_bayes
74,2025-12-13 17:30:00,benchmark_home_odds,True,market_only,test,2025,naive_bayes
74,2025-12-13 17:30:00,benchmark_away_not_lose_fair_odds,True,market_only,test,2025,naive_bayes
74,2025-12-13 17:30:00,benchmark_overround,True,market_only,test,2025,naive_bayes
75,2025-12-14 14:30:00,benchmark_home_prob,True,market_only,test,2025,naive_bayes
75,2025-12-14 14:30:00,benchmark_home_odds,True,market_only,test,2025,naive_bayes
75,2025-12-14 14:30:00,benchmark_away_not_lose_fair_odds,True,market_only,test,2025,naive_bayes
75,2025-12-14 14:30:00,benchmark_overround,True,market_only,test,2025,naive_bayes
76,2025-12-14 16:30:00,benchmark_home_prob,True,market_only,test,2025,naive_bayes
76,2025-12-14 16:30:00,benchmark_home_odds,True,market_only,test,2025,naive_bayes
76,2025-12-14 16:30:00,benchmark_away_not_lose_fair_odds,True,market_only,test,2025,naive_bayes
76,2025-12-14 16:30:00,benchmark_overround,True,market_only,test,2025,naive_bayes
77,2025-12-14 18:30:00,benchmark_home_prob,True,market_only,test,2025,naive_bayes
77,2025-12-14 18:30:00,benchmark_home_odds,True,market_only,test,2025,naive_bayes
77,2025-12-14 18:30:00,benchmark_away_not_lose_fair_odds,True,market_only,test,2025,naive_bayes
77,2025-12-14 18:30:00,benchmark_overround,True,market_only,test,2025,naive_bayes
78,2025-12-19 19:30:00,benchmark_home_prob,True,market_only,test,2025,naive_bayes
78,2025-12-19 19:30:00,benchmark_home_odds,True,market_only,test,2025,naive_bayes
78,2025-12-19 19:30:00,benchmark_away_not_lose_fair_odds,True,market_only,test,2025,naive_bayes
78,2025-12-19 19:30:00,benchmark_overround,True,market_only,test,2025,naive_bayes
79,2025-12-20 14:30:00,benchmark_home_prob,True,market_only,test,2025,naive_bayes
79,2025-12-20 14:30:00,benchmark_home_odds,True,market_only,test,2025,naive_bayes
79,2025-12-20 14:30:00,benchmark_away_not_lose_fair_odds,True,market_only,test,2025,naive_bayes
79,2025-12-20 14:30:00,benchmark_overround,True,market_only,test,2025,naive_bayes
80,2025-12-20 17:30:00,benchmark_home_prob,True,market_only,test,2025,naive_bayes
80,2025-12-20 17:30:00,benchmark_home_odds,True,market_only,test,2025,naive_bayes
80,2025-12-20 17:30:00,benchmark_away_not_lose_fair_odds,True,market_only,test,2025,naive_bayes
80,2025-12-20 17:30:00,benchmark_overround,True,market_only,test,2025,naive_bayes
81,2025-12-21 14:30:00,benchmark_home_prob,True,market_only,test,2025,naive_bayes
81,2025-12-21 14:30:00,benchmark_home_odds,True,market_only,test,2025,naive_bayes
81,2025-12-21 14:30:00,benchmark_away_not_lose_fair_odds,True,market_only,test,2025,naive_bayes
81,2025-12-21 14:30:00,benchmark_overround,True,market_only,test,2025,naive_bayes
82,2025-12-21 16:30:00,benchmark_home_prob,True,market_only,test,2025,naive_bayes
82,2025-12-21 16:30:00,benchmark_home_odds,True,market_only,test,2025,naive_bayes
82,2025-12-21 16:30:00,benchmark_away_not_lose_fair_odds,True,market_only,test,2025,naive_bayes
82,2025-12-21 16:30:00,benchmark_overround,True,market_only,test,2025,naive_bayes
83,2026-01-09 19:30:00,benchmark_home_prob,True,market_only,test,2025,naive_bayes
83,2026-01-09 19:30:00,benchmark_home_odds,True,market_only,test,2025,naive_bayes
83,2026-01-09 19:30:00,benchmark_away_not_lose_fair_odds,True,market_only,test,2025,naive_bayes
83,2026-01-09 19:30:00,benchmark_overround,True,market_only,test,2025,naive_bayes
84,2026-01-10 14:30:00,benchmark_home_prob,True,market_only,test,2025,naive_bayes
84,2026-01-10 14:30:00,benchmark_home_odds,True,market_only,test,2025,naive_bayes
84,2026-01-10 14:30:00,benchmark_away_not_lose_fair_odds,True,market_only,test,2025,naive_bayes
84,2026-01-10 14:30:00,benchmark_overround,True,market_only,test,2025,naive_bayes
85,2026-01-10 17:30:00,benchmark_home_prob,True,market_only,test,2025,naive_bayes
85,2026-01-10 17:30:00,benchmark_home_odds,True,market_only,test,2025,naive_bayes
85,2026-01-10 17:30:00,benchmark_away_not_lose_fair_odds,True,market_only,test,2025,naive_bayes
85,2026-01-10 17:30:00,benchmark_overround,True,market_only,test,2025,naive_bayes
86,2026-01-11 14:30:00,benchmark_home_prob,True,market_only,test,2025,naive_bayes
86,2026-01-11 14:30:00,benchmark_home_odds,True,market_only,test,2025,naive_bayes
86,2026-01-11 14:30:00,benchmark_away_not_lose_fair_odds,True,market_only,test,2025,naive_bayes
86,2026-01-11 14:30:00,benchmark_overround,True,market_only,test,2025,naive_bayes
87,2026-01-11 16:30:00,benchmark_home_prob,True,market_only,test,2025,naive_bayes
87,2026-01-11 16:30:00,benchmark_home_odds,True,market_only,test,2025,naive_bayes
87,2026-01-11 16:30:00,benchmark_away_not_lose_fair_odds,True,market_only,test,2025,naive_bayes
87,2026-01-11 16:30:00,benchmark_overround,True,market_only,test,2025,naive_bayes
88,2026-01-13 17:30:00,benchmark_home_prob,True,market_only,test,2025,naive_bayes
88,2026-01-13 17:30:00,benchmark_home_odds,True,market_only,test,2025,naive_bayes
88,2026-01-13 17:30:00,benchmark_away_not_lose_fair_odds,True,market_only,test,2025,naive_bayes
88,2026-01-13 17:30:00,benchmark_overround,True,market_only,test,2025,naive_bayes
89,2026-01-13 19:30:00,benchmark_home_prob,True,market_only,test,2025,naive_bayes
89,2026-01-13 19:30:00,benchmark_home_odds,True,market_only,test,2025,naive_bayes
89,2026-01-13 19:30:00,benchmark_away_not_lose_fair_odds,True,market_only,test,2025,naive_bayes
89,2026-01-13 19:30:00,benchmark_overround,True,market_only,test,2025,naive_bayes
90,2026-01-14 17:30:00,benchmark_home_prob,True,market_only,test,2025,naive_bayes
90,2026-01-14 17:30:00,benchmark_home_odds,True,market_only,test,2025,naive_bayes
90,2026-01-14 17:30:00,benchmark_away_not_lose_fair_odds,True,market_only,test,2025,naive_bayes
90,2026-01-14 17:30:00,benchmark_overround,True,market_only,test,2025,naive_bayes
91,2026-01-14 19:30:00,benchmark_home_prob,True,market_only,test,2025,naive_bayes
91,2026-01-14 19:30:00,benchmark_home_odds,True,market_only,test,2025,naive_bayes
91,2026-01-14 19:30:00,benchmark_away_not_lose_fair_odds,True,market_only,test,2025,naive_bayes
91,2026-01-14 19:30:00,benchmark_overround,True,market_only,test,2025,naive_bayes
92,2026-01-15 19:30:00,benchmark_home_prob,True,market_only,test,2025,naive_bayes
92,2026-01-15 19:30:00,benchmark_home_odds,True,market_only,test,2025,naive_bayes
92,2026-01-15 19:30:00,benchmark_away_not_lose_fair_odds,True,market_only,test,2025,naive_bayes
92,2026-01-15 19:30:00,benchmark_overround,True,market_only,test,2025,naive_bayes
93,2026-01-16 19:30:00,benchmark_home_prob,True,market_only,test,2025,naive_bayes
93,2026-01-16 19:30:00,benchmark_home_odds,True,market_only,test,2025,naive_bayes
93,2026-01-16 19:30:00,benchmark_away_not_lose_fair_odds,True,market_only,test,2025,naive_bayes
93,2026-01-16 19:30:00,benchmark_overround,True,market_only,test,2025,naive_bayes
94,2026-01-17 14:30:00,benchmark_home_prob,True,market_only,test,2025,naive_bayes
94,2026-01-17 14:30:00,benchmark_home_odds,True,market_only,test,2025,naive_bayes
94,2026-01-17 14:30:00,benchmark_away_not_lose_fair_odds,True,market_only,test,2025,naive_bayes
94,2026-01-17 14:30:00,benchmark_overround,True,market_only,test,2025,naive_bayes
95,2026-01-17 17:30:00,benchmark_home_prob,True,market_only,test,2025,naive_bayes
95,2026-01-17 17:30:00,benchmark_home_odds,True,market_only,test,2025,naive_bayes
95,2026-01-17 17:30:00,benchmark_away_not_lose_fair_odds,True,market_only,test,2025,naive_bayes
95,2026-01-17 17:30:00,benchmark_overround,True,market_only,test,2025,naive_bayes
96,2026-01-18 14:30:00,benchmark_home_prob,True,market_only,test,2025,naive_bayes
96,2026-01-18 14:30:00,benchmark_home_odds,True,market_only,test,2025,naive_bayes
96,2026-01-18 14:30:00,benchmark_away_not_lose_fair_odds,True,market_only,test,2025,naive_bayes
96,2026-01-18 14:30:00,benchmark_overround,True,market_only,test,2025,naive_bayes
97,2026-01-18 16:30:00,benchmark_home_prob,True,market_only,test,2025,naive_bayes
97,2026-01-18 16:30:00,benchmark_home_odds,True,market_only,test,2025,naive_bayes
97,2026-01-18 16:30:00,benchmark_away_not_lose_fair_odds,True,market_only,test,2025,naive_bayes
97,2026-01-18 16:30:00,benchmark_overround,True,market_only,test,2025,naive_bayes
98,2026-01-23 19:30:00,benchmark_home_prob,True,market_only,test,2025,naive_bayes
98,2026-01-23 19:30:00,benchmark_home_odds,True,market_only,test,2025,naive_bayes
98,2026-01-23 19:30:00,benchmark_away_not_lose_fair_odds,True,market_only,test,2025,naive_bayes
98,2026-01-23 19:30:00,benchmark_overround,True,market_only,test,2025,naive_bayes
99,2026-01-24 14:30:00,benchmark_home_prob,True,market_only,test,2025,naive_bayes
99,2026-01-24 14:30:00,benchmark_home_odds,True,market_only,test,2025,naive_bayes
99,2026-01-24 14:30:00,benchmark_away_not_lose_fair_odds,True,market_only,test,2025,naive_bayes
99,2026-01-24 14:30:00,benchmark_overround,True,market_only,test,2025,naive_bayes
100,2026-01-24 17:30:00,benchmark_home_prob,True,market_only,test,2025,naive_bayes
100,2026-01-24 17:30:00,benchmark_home_odds,True,market_only,test,2025,naive_bayes
100,2026-01-24 17:30:00,benchmark_away_not_lose_fair_odds,True,market_only,test,2025,naive_bayes
100,2026-01-24 17:30:00,benchmark_overround,True,market_only,test,2025,naive_bayes
101,2026-01-25 14:30:00,benchmark_home_prob,True,market_only,test,2025,naive_bayes
101,2026-01-25 14:30:00,benchmark_home_odds,True,market_only,test,2025,naive_bayes
101,2026-01-25 14:30:00,benchmark_away_not_lose_fair_odds,True,market_only,test,2025,naive_bayes
101,2026-01-25 14:30:00,benchmark_overround,True,market_only,test,2025,naive_bayes
102,2026-01-25 16:30:00,benchmark_home_prob,True,market_only,test,2025,naive_bayes
102,2026-01-25 16:30:00,benchmark_home_odds,True,market_only,test,2025,naive_bayes
102,2026-01-25 16:30:00,benchmark_away_not_lose_fair_odds,True,market_only,test,2025,naive_bayes
102,2026-01-25 16:30:00,benchmark_overround,True,market_only,test,2025,naive_bayes
103,2026-01-27 19:30:00,benchmark_home_prob,True,market_only,test,2025,naive_bayes
103,2026-01-27 19:30:00,benchmark_home_odds,True,market_only,test,2025,naive_bayes
103,2026-01-27 19:30:00,benchmark_away_not_lose_fair_odds,True,market_only,test,2025,naive_bayes
103,2026-01-27 19:30:00,benchmark_overround,True,market_only,test,2025,naive_bayes
104,2026-01-30 19:30:00,benchmark_home_prob,True,market_only,test,2025,naive_bayes
104,2026-01-30 19:30:00,benchmark_home_odds,True,market_only,test,2025,naive_bayes
104,2026-01-30 19:30:00,benchmark_away_not_lose_fair_odds,True,market_only,test,2025,naive_bayes
104,2026-01-30 19:30:00,benchmark_overround,True,market_only,test,2025,naive_bayes
105,2026-01-31 14:30:00,benchmark_home_prob,True,market_only,test,2025,naive_bayes
105,2026-01-31 14:30:00,benchmark_home_odds,True,market_only,test,2025,naive_bayes
105,2026-01-31 14:30:00,benchmark_away_not_lose_fair_odds,True,market_only,test,2025,naive_bayes
105,2026-01-31 14:30:00,benchmark_overround,True,market_only,test,2025,naive_bayes
106,2026-01-31 17:30:00,benchmark_home_prob,True,market_only,test,2025,naive_bayes
106,2026-01-31 17:30:00,benchmark_home_odds,True,market_only,test,2025,naive_bayes
106,2026-01-31 17:30:00,benchmark_away_not_lose_fair_odds,True,market_only,test,2025,naive_bayes
106,2026-01-31 17:30:00,benchmark_overround,True,market_only,test,2025,naive_bayes
107,2026-02-01 14:30:00,benchmark_home_prob,True,market_only,test,2025,naive_bayes
107,2026-02-01 14:30:00,benchmark_home_odds,True,market_only,test,2025,naive_bayes
107,2026-02-01 14:30:00,benchmark_away_not_lose_fair_odds,True,market_only,test,2025,naive_bayes
107,2026-02-01 14:30:00,benchmark_overround,True,market_only,test,2025,naive_bayes
108,2026-02-01 16:30:00,benchmark_home_prob,True,market_only,test,2025,naive_bayes
108,2026-02-01 16:30:00,benchmark_home_odds,True,market_only,test,2025,naive_bayes
108,2026-02-01 16:30:00,benchmark_away_not_lose_fair_odds,True,market_only,test,2025,naive_bayes
108,2026-02-01 16:30:00,benchmark_overround,True,market_only,test,2025,naive_bayes
109,2026-02-06 19:30:00,benchmark_home_prob,True,market_only,test,2025,naive_bayes
109,2026-02-06 19:30:00,benchmark_home_odds,True,market_only,test,2025,naive_bayes
109,2026-02-06 19:30:00,benchmark_away_not_lose_fair_odds,True,market_only,test,2025,naive_bayes
109,2026-02-06 19:30:00,benchmark_overround,True,market_only,test,2025,naive_bayes
110,2026-02-07 14:30:00,benchmark_home_prob,True,market_only,test,2025,naive_bayes
110,2026-02-07 14:30:00,benchmark_home_odds,True,market_only,test,2025,naive_bayes
110,2026-02-07 14:30:00,benchmark_away_not_lose_fair_odds,True,market_only,test,2025,naive_bayes
110,2026-02-07 14:30:00,benchmark_overround,True,market_only,test,2025,naive_bayes
111,2026-02-07 17:30:00,benchmark_home_prob,True,market_only,test,2025,naive_bayes
111,2026-02-07 17:30:00,benchmark_home_odds,True,market_only,test,2025,naive_bayes
111,2026-02-07 17:30:00,benchmark_away_not_lose_fair_odds,True,market_only,test,2025,naive_bayes
111,2026-02-07 17:30:00,benchmark_overround,True,market_only,test,2025,naive_bayes
112,2026-02-08 14:30:00,benchmark_home_prob,True,market_only,test,2025,naive_bayes
112,2026-02-08 14:30:00,benchmark_home_odds,True,market_only,test,2025,naive_bayes
112,2026-02-08 14:30:00,benchmark_away_not_lose_fair_odds,True,market_only,test,2025,naive_bayes
112,2026-02-08 14:30:00,benchmark_overround,True,market_only,test,2025,naive_bayes
113,2026-02-08 16:30:00,benchmark_home_prob,True,market_only,test,2025,naive_bayes
113,2026-02-08 16:30:00,benchmark_home_odds,True,market_only,test,2025,naive_bayes
113,2026-02-08 16:30:00,benchmark_away_not_lose_fair_odds,True,market_only,test,2025,naive_bayes
113,2026-02-08 16:30:00,benchmark_overround,True,market_only,test,2025,naive_bayes
114,2026-02-13 19:30:00,benchmark_home_prob,True,market_only,test,2025,naive_bayes
114,2026-02-13 19:30:00,benchmark_home_odds,True,market_only,test,2025,naive_bayes
114,2026-02-13 19:30:00,benchmark_away_not_lose_fair_odds,True,market_only,test,2025,naive_bayes
114,2026-02-13 19:30:00,benchmark_overround,True,market_only,test,2025,naive_bayes
115,2026-02-14 14:30:00,benchmark_home_prob,True,market_only,test,2025,naive_bayes
115,2026-02-14 14:30:00,benchmark_home_odds,True,market_only,test,2025,naive_bayes
115,2026-02-14 14:30:00,benchmark_away_not_lose_fair_odds,True,market_only,test,2025,naive_bayes
115,2026-02-14 14:30:00,benchmark_overround,True,market_only,test,2025,naive_bayes
116,2026-02-14 17:30:00,benchmark_home_prob,True,market_only,test,2025,naive_bayes
116,2026-02-14 17:30:00,benchmark_home_odds,True,market_only,test,2025,naive_bayes
116,2026-02-14 17:30:00,benchmark_away_not_lose_fair_odds,True,market_only,test,2025,naive_bayes
116,2026-02-14 17:30:00,benchmark_overround,True,market_only,test,2025,naive_bayes
117,2026-02-15 14:30:00,benchmark_home_prob,True,market_only,test,2025,naive_bayes
117,2026-02-15 14:30:00,benchmark_home_odds,True,market_only,test,2025,naive_bayes
117,2026-02-15 14:30:00,benchmark_away_not_lose_fair_odds,True,market_only,test,2025,naive_bayes
117,2026-02-15 14:30:00,benchmark_overround,True,market_only,test,2025,naive_bayes
118,2026-02-15 16:30:00,benchmark_home_prob,True,market_only,test,2025,naive_bayes
118,2026-02-15 16:30:00,benchmark_home_odds,True,market_only,test,2025,naive_bayes
118,2026-02-15 16:30:00,benchmark_away_not_lose_fair_odds,True,market_only,test,2025,naive_bayes
118,2026-02-15 16:30:00,benchmark_overround,True,market_only,test,2025,naive_bayes
119,2026-02-20 19:30:00,benchmark_home_prob,True,market_only,test,2025,naive_bayes
119,2026-02-20 19:30:00,benchmark_home_odds,True,market_only,test,2025,naive_bayes
119,2026-02-20 19:30:00,benchmark_away_not_lose_fair_odds,True,market_only,test,2025,naive_bayes
119,2026-02-20 19:30:00,benchmark_overround,True,market_only,test,2025,naive_bayes
120,2026-02-21 14:30:00,benchmark_home_prob,True,market_only,test,2025,naive_bayes
120,2026-02-21 14:30:00,benchmark_home_odds,True,market_only,test,2025,naive_bayes
120,2026-02-21 14:30:00,benchmark_away_not_lose_fair_odds,True,market_only,test,2025,naive_bayes
120,2026-02-21 14:30:00,benchmark_overround,True,market_only,test,2025,naive_bayes
121,2026-02-21 17:30:00,benchmark_home_prob,True,market_only,test,2025,naive_bayes
121,2026-02-21 17:30:00,benchmark_home_odds,True,market_only,test,2025,naive_bayes
121,2026-02-21 17:30:00,benchmark_away_not_lose_fair_odds,True,market_only,test,2025,naive_bayes
121,2026-02-21 17:30:00,benchmark_overround,True,market_only,test,2025,naive_bayes
122,2026-02-22 14:30:00,benchmark_home_prob,True,market_only,test,2025,naive_bayes
122,2026-02-22 14:30:00,benchmark_home_odds,True,market_only,test,2025,naive_bayes
122,2026-02-22 14:30:00,benchmark_away_not_lose_fair_odds,True,market_only,test,2025,naive_bayes
122,2026-02-22 14:30:00,benchmark_overround,True,market_only,test,2025,naive_bayes
123,2026-02-22 16:30:00,benchmark_home_prob,True,market_only,test,2025,naive_bayes
123,2026-02-22 16:30:00,benchmark_home_odds,True,market_only,test,2025,naive_bayes
123,2026-02-22 16:30:00,benchmark_away_not_lose_fair_odds,True,market_only,test,2025,naive_bayes
123,2026-02-22 16:30:00,benchmark_overround,True,market_only,test,2025,naive_bayes
124,2026-02-22 18:30:00,benchmark_home_prob,True,market_only,test,2025,naive_bayes
124,2026-02-22 18:30:00,benchmark_home_odds,True,market_only,test,2025,naive_bayes
124,2026-02-22 18:30:00,benchmark_away_not_lose_fair_odds,True,market_only,test,2025,naive_bayes
124,2026-02-22 18:30:00,benchmark_overround,True,market_only,test,2025,naive_bayes
125,2026-02-27 19:30:00,benchmark_home_prob,True,market_only,test,2025,naive_bayes
125,2026-02-27 19:30:00,benchmark_home_odds,True,market_only,test,2025,naive_bayes
125,2026-02-27 19:30:00,benchmark_away_not_lose_fair_odds,True,market_only,test,2025,naive_bayes
125,2026-02-27 19:30:00,benchmark_overround,True,market_only,test,2025,naive_bayes
126,2026-02-28 14:30:00,benchmark_home_prob,True,market_only,test,2025,naive_bayes
126,2026-02-28 14:30:00,benchmark_home_odds,True,market_only,test,2025,naive_bayes
126,2026-02-28 14:30:00,benchmark_away_not_lose_fair_odds,True,market_only,test,2025,naive_bayes
126,2026-02-28 14:30:00,benchmark_overround,True,market_only,test,2025,naive_bayes
127,2026-02-28 17:30:00,benchmark_home_prob,True,market_only,test,2025,naive_bayes
127,2026-02-28 17:30:00,benchmark_home_odds,True,market_only,test,2025,naive_bayes
127,2026-02-28 17:30:00,benchmark_away_not_lose_fair_odds,True,market_only,test,2025,naive_bayes
127,2026-02-28 17:30:00,benchmark_overround,True,market_only,test,2025,naive_bayes
128,2026-03-01 14:30:00,benchmark_home_prob,True,market_only,test,2025,naive_bayes
128,2026-03-01 14:30:00,benchmark_home_odds,True,market_only,test,2025,naive_bayes
128,2026-03-01 14:30:00,benchmark_away_not_lose_fair_odds,True,market_only,test,2025,naive_bayes
128,2026-03-01 14:30:00,benchmark_overround,True,market_only,test,2025,naive_bayes
129,2026-03-01 16:30:00,benchmark_home_prob,True,market_only,test,2025,naive_bayes
129,2026-03-01 16:30:00,benchmark_home_odds,True,market_only,test,2025,naive_bayes
129,2026-03-01 16:30:00,benchmark_away_not_lose_fair_odds,True,market_only,test,2025,naive_bayes
129,2026-03-01 16:30:00,benchmark_overround,True,market_only,test,2025,naive_bayes
130,2026-03-01 18:30:00,benchmark_home_prob,True,market_only,test,2025,naive_bayes
130,2026-03-01 18:30:00,benchmark_home_odds,True,market_only,test,2025,naive_bayes
130,2026-03-01 18:30:00,benchmark_away_not_lose_fair_odds,True,market_only,test,2025,naive_bayes
130,2026-03-01 18:30:00,benchmark_overround,True,market_only,test,2025,naive_bayes
131,2026-03-04 19:30:00,benchmark_home_prob,True,market_only,test,2025,naive_bayes
131,2026-03-04 19:30:00,benchmark_home_odds,True,market_only,test,2025,naive_bayes
131,2026-03-04 19:30:00,benchmark_away_not_lose_fair_odds,True,market_only,test,2025,naive_bayes
131,2026-03-04 19:30:00,benchmark_overround,True,market_only,test,2025,naive_bayes
132,2026-03-06 19:30:00,benchmark_home_prob,True,market_only,test,2025,naive_bayes
132,2026-03-06 19:30:00,benchmark_home_odds,True,market_only,test,2025,naive_bayes
132,2026-03-06 19:30:00,benchmark_away_not_lose_fair_odds,True,market_only,test,2025,naive_bayes
132,2026-03-06 19:30:00,benchmark_overround,True,market_only,test,2025,naive_bayes
133,2026-03-07 14:30:00,benchmark_home_prob,True,market_only,test,2025,naive_bayes
133,2026-03-07 14:30:00,benchmark_home_odds,True,market_only,test,2025,naive_bayes
133,2026-03-07 14:30:00,benchmark_away_not_lose_fair_odds,True,market_only,test,2025,naive_bayes
133,2026-03-07 14:30:00,benchmark_overround,True,market_only,test,2025,naive_bayes
134,2026-03-07 17:30:00,benchmark_home_prob,True,market_only,test,2025,naive_bayes
134,2026-03-07 17:30:00,benchmark_home_odds,True,market_only,test,2025,naive_bayes
134,2026-03-07 17:30:00,benchmark_away_not_lose_fair_odds,True,market_only,test,2025,naive_bayes
134,2026-03-07 17:30:00,benchmark_overround,True,market_only,test,2025,naive_bayes
135,2026-03-08 14:30:00,benchmark_home_prob,True,market_only,test,2025,naive_bayes
135,2026-03-08 14:30:00,benchmark_home_odds,True,market_only,test,2025,naive_bayes
135,2026-03-08 14:30:00,benchmark_away_not_lose_fair_odds,True,market_only,test,2025,naive_bayes
135,2026-03-08 14:30:00,benchmark_overround,True,market_only,test,2025,naive_bayes
136,2026-03-08 16:30:00,benchmark_home_prob,True,market_only,test,2025,naive_bayes
136,2026-03-08 16:30:00,benchmark_home_odds,True,market_only,test,2025,naive_bayes
136,2026-03-08 16:30:00,benchmark_away_not_lose_fair_odds,True,market_only,test,2025,naive_bayes
136,2026-03-08 16:30:00,benchmark_overround,True,market_only,test,2025,naive_bayes
137,2026-03-13 19:30:00,benchmark_home_prob,True,market_only,test,2025,naive_bayes
137,2026-03-13 19:30:00,benchmark_home_odds,True,market_only,test,2025,naive_bayes
137,2026-03-13 19:30:00,benchmark_away_not_lose_fair_odds,True,market_only,test,2025,naive_bayes
137,2026-03-13 19:30:00,benchmark_overround,True,market_only,test,2025,naive_bayes
138,2026-03-14 14:30:00,benchmark_home_prob,True,market_only,test,2025,naive_bayes
138,2026-03-14 14:30:00,benchmark_home_odds,True,market_only,test,2025,naive_bayes
138,2026-03-14 14:30:00,benchmark_away_not_lose_fair_odds,True,market_only,test,2025,naive_bayes
138,2026-03-14 14:30:00,benchmark_overround,True,market_only,test,2025,naive_bayes
139,2026-03-14 17:30:00,benchmark_home_prob,True,market_only,test,2025,naive_bayes
139,2026-03-14 17:30:00,benchmark_home_odds,True,market_only,test,2025,naive_bayes
139,2026-03-14 17:30:00,benchmark_away_not_lose_fair_odds,True,market_only,test,2025,naive_bayes
139,2026-03-14 17:30:00,benchmark_overround,True,market_only,test,2025,naive_bayes
140,2026-03-15 14:30:00,benchmark_home_prob,True,market_only,test,2025,naive_bayes
140,2026-03-15 14:30:00,benchmark_home_odds,True,market_only,test,2025,naive_bayes
140,2026-03-15 14:30:00,benchmark_away_not_lose_fair_odds,True,market_only,test,2025,naive_bayes
140,2026-03-15 14:30:00,benchmark_overround,True,market_only,test,2025,naive_bayes
141,2026-03-15 16:30:00,benchmark_home_prob,True,market_only,test,2025,naive_bayes
141,2026-03-15 16:30:00,benchmark_home_odds,True,market_only,test,2025,naive_bayes
141,2026-03-15 16:30:00,benchmark_away_not_lose_fair_odds,True,market_only,test,2025,naive_bayes
141,2026-03-15 16:30:00,benchmark_overround,True,market_only,test,2025,naive_bayes
142,2026-03-15 18:30:00,benchmark_home_prob,True,market_only,test,2025,naive_bayes
142,2026-03-15 18:30:00,benchmark_home_odds,True,market_only,test,2025,naive_bayes
142,2026-03-15 18:30:00,benchmark_away_not_lose_fair_odds,True,market_only,test,2025,naive_bayes
142,2026-03-15 18:30:00,benchmark_overround,True,market_only,test,2025,naive_bayes
143,2026-03-20 19:30:00,benchmark_home_prob,True,market_only,test,2025,naive_bayes
143,2026-03-20 19:30:00,benchmark_home_odds,True,market_only,test,2025,naive_bayes
143,2026-03-20 19:30:00,benchmark_away_not_lose_fair_odds,True,market_only,test,2025,naive_bayes
143,2026-03-20 19:30:00,benchmark_overround,True,market_only,test,2025,naive_bayes
144,2026-03-21 14:30:00,benchmark_home_prob,True,market_only,test,2025,naive_bayes
144,2026-03-21 14:30:00,benchmark_home_odds,True,market_only,test,2025,naive_bayes
144,2026-03-21 14:30:00,benchmark_away_not_lose_fair_odds,True,market_only,test,2025,naive_bayes
144,2026-03-21 14:30:00,benchmark_overround,True,market_only,test,2025,naive_bayes
145,2026-03-21 17:30:00,benchmark_home_prob,True,market_only,test,2025,naive_bayes
145,2026-03-21 17:30:00,benchmark_home_odds,True,market_only,test,2025,naive_bayes
145,2026-03-21 17:30:00,benchmark_away_not_lose_fair_odds,True,market_only,test,2025,naive_bayes
145,2026-03-21 17:30:00,benchmark_overround,True,market_only,test,2025,naive_bayes
146,2026-03-22 14:30:00,benchmark_home_prob,True,market_only,test,2025,naive_bayes
146,2026-03-22 14:30:00,benchmark_home_odds,True,market_only,test,2025,naive_bayes
146,2026-03-22 14:30:00,benchmark_away_not_lose_fair_odds,True,market_only,test,2025,naive_bayes
146,2026-03-22 14:30:00,benchmark_overround,True,market_only,test,2025,naive_bayes
147,2026-03-22 16:30:00,benchmark_home_prob,True,market_only,test,2025,naive_bayes
147,2026-03-22 16:30:00,benchmark_home_odds,True,market_only,test,2025,naive_bayes
147,2026-03-22 16:30:00,benchmark_away_not_lose_fair_odds,True,market_only,test,2025,naive_bayes
147,2026-03-22 16:30:00,benchmark_overround,True,market_only,test,2025,naive_bayes
148,2026-03-22 18:30:00,benchmark_home_prob,True,market_only,test,2025,naive_bayes
148,2026-03-22 18:30:00,benchmark_home_odds,True,market_only,test,2025,naive_bayes
148,2026-03-22 18:30:00,benchmark_away_not_lose_fair_odds,True,market_only,test,2025,naive_bayes
148,2026-03-22 18:30:00,benchmark_overround,True,market_only,test,2025,naive_bayes
149,2026-04-04 13:30:00,benchmark_home_prob,True,market_only,test,2025,naive_bayes
149,2026-04-04 13:30:00,benchmark_home_odds,True,market_only,test,2025,naive_bayes
149,2026-04-04 13:30:00,benchmark_away_not_lose_fair_odds,True,market_only,test,2025,naive_bayes
149,2026-04-04 13:30:00,benchmark_overround,True,market_only,test,2025,naive_bayes
150,2026-04-04 16:30:00,benchmark_home_prob,True,market_only,test,2025,naive_bayes
150,2026-04-04 16:30:00,benchmark_home_odds,True,market_only,test,2025,naive_bayes
150,2026-04-04 16:30:00,benchmark_away_not_lose_fair_odds,True,market_only,test,2025,naive_bayes
150,2026-04-04 16:30:00,benchmark_overround,True,market_only,test,2025,naive_bayes
151,2026-04-05 13:30:00,benchmark_home_prob,True,market_only,test,2025,naive_bayes
151,2026-04-05 13:30:00,benchmark_home_odds,True,market_only,test,2025,naive_bayes
151,2026-04-05 13:30:00,benchmark_away_not_lose_fair_odds,True,market_only,test,2025,naive_bayes
151,2026-04-05 13:30:00,benchmark_overround,True,market_only,test,2025,naive_bayes
152,2026-04-05 15:30:00,benchmark_home_prob,True,market_only,test,2025,naive_bayes
152,2026-04-05 15:30:00,benchmark_home_odds,True,market_only,test,2025,naive_bayes
152,2026-04-05 15:30:00,benchmark_away_not_lose_fair_odds,True,market_only,test,2025,naive_bayes
152,2026-04-05 15:30:00,benchmark_overround,True,market_only,test,2025,naive_bayes
153,2026-04-10 18:30:00,benchmark_home_prob,True,market_only,test,2025,naive_bayes
153,2026-04-10 18:30:00,benchmark_home_odds,True,market_only,test,2025,naive_bayes
153,2026-04-10 18:30:00,benchmark_away_not_lose_fair_odds,True,market_only,test,2025,naive_bayes
153,2026-04-10 18:30:00,benchmark_overround,True,market_only,test,2025,naive_bayes
154,2026-04-11 13:30:00,benchmark_home_prob,True,market_only,test,2025,naive_bayes
154,2026-04-11 13:30:00,benchmark_home_odds,True,market_only,test,2025,naive_bayes
154,2026-04-11 13:30:00,benchmark_away_not_lose_fair_odds,True,market_only,test,2025,naive_bayes
154,2026-04-11 13:30:00,benchmark_overround,True,market_only,test,2025,naive_bayes
155,2026-04-11 16:30:00,benchmark_home_prob,True,market_only,test,2025,naive_bayes
155,2026-04-11 16:30:00,benchmark_home_odds,True,market_only,test,2025,naive_bayes
155,2026-04-11 16:30:00,benchmark_away_not_lose_fair_odds,True,market_only,test,2025,naive_bayes
155,2026-04-11 16:30:00,benchmark_overround,True,market_only,test,2025,naive_bayes
156,2026-04-12 13:30:00,benchmark_home_prob,True,market_only,test,2025,naive_bayes
156,2026-04-12 13:30:00,benchmark_home_odds,True,market_only,test,2025,naive_bayes
156,2026-04-12 13:30:00,benchmark_away_not_lose_fair_odds,True,market_only,test,2025,naive_bayes
156,2026-04-12 13:30:00,benchmark_overround,True,market_only,test,2025,naive_bayes
157,2026-04-12 15:30:00,benchmark_home_prob,True,market_only,test,2025,naive_bayes
157,2026-04-12 15:30:00,benchmark_home_odds,True,market_only,test,2025,naive_bayes
157,2026-04-12 15:30:00,benchmark_away_not_lose_fair_odds,True,market_only,test,2025,naive_bayes
157,2026-04-12 15:30:00,benchmark_overround,True,market_only,test,2025,naive_bayes
158,2026-04-12 17:30:00,benchmark_home_prob,True,market_only,test,2025,naive_bayes
158,2026-04-12 17:30:00,benchmark_home_odds,True,market_only,test,2025,naive_bayes
158,2026-04-12 17:30:00,benchmark_away_not_lose_fair_odds,True,market_only,test,2025,naive_bayes
158,2026-04-12 17:30:00,benchmark_overround,True,market_only,test,2025,naive_bayes
159,2026-04-17 18:30:00,benchmark_home_prob,True,market_only,test,2025,naive_bayes
159,2026-04-17 18:30:00,benchmark_home_odds,True,market_only,test,2025,naive_bayes
159,2026-04-17 18:30:00,benchmark_away_not_lose_fair_odds,True,market_only,test,2025,naive_bayes
159,2026-04-17 18:30:00,benchmark_overround,True,market_only,test,2025,naive_bayes
160,2026-04-18 13:30:00,benchmark_home_prob,True,market_only,test,2025,naive_bayes
160,2026-04-18 13:30:00,benchmark_home_odds,True,market_only,test,2025,naive_bayes
160,2026-04-18 13:30:00,benchmark_away_not_lose_fair_odds,True,market_only,test,2025,naive_bayes
160,2026-04-18 13:30:00,benchmark_overround,True,market_only,test,2025,naive_bayes
161,2026-04-18 16:30:00,benchmark_home_prob,True,market_only,test,2025,naive_bayes
161,2026-04-18 16:30:00,benchmark_home_odds,True,market_only,test,2025,naive_bayes
161,2026-04-18 16:30:00,benchmark_away_not_lose_fair_odds,True,market_only,test,2025,naive_bayes
161,2026-04-18 16:30:00,benchmark_overround,True,market_only,test,2025,naive_bayes
162,2026-04-19 13:30:00,benchmark_home_prob,True,market_only,test,2025,naive_bayes
162,2026-04-19 13:30:00,benchmark_home_odds,True,market_only,test,2025,naive_bayes
162,2026-04-19 13:30:00,benchmark_away_not_lose_fair_odds,True,market_only,test,2025,naive_bayes
162,2026-04-19 13:30:00,benchmark_overround,True,market_only,test,2025,naive_bayes
163,2026-04-19 15:30:00,benchmark_home_prob,True,market_only,test,2025,naive_bayes
163,2026-04-19 15:30:00,benchmark_home_odds,True,market_only,test,2025,naive_bayes
163,2026-04-19 15:30:00,benchmark_away_not_lose_fair_odds,True,market_only,test,2025,naive_bayes
163,2026-04-19 15:30:00,benchmark_overround,True,market_only,test,2025,naive_bayes
164,2026-04-19 17:30:00,benchmark_home_prob,True,market_only,test,2025,naive_bayes
164,2026-04-19 17:30:00,benchmark_home_odds,True,market_only,test,2025,naive_bayes
164,2026-04-19 17:30:00,benchmark_away_not_lose_fair_odds,True,market_only,test,2025,naive_bayes
164,2026-04-19 17:30:00,benchmark_overround,True,market_only,test,2025,naive_bayes
1,2024-08-23 18:30:00,benchmark_home_prob,True,market_only,development,2024,hist_gradient_boosting
1,2024-08-23 18:30:00,benchmark_home_odds,True,market_only,development,2024,hist_gradient_boosting
1,2024-08-23 18:30:00,benchmark_away_not_lose_fair_odds,True,market_only,development,2024,hist_gradient_boosting
1,2024-08-23 18:30:00,benchmark_overround,True,market_only,development,2024,hist_gradient_boosting
2,2024-08-24 13:30:00,benchmark_home_prob,True,market_only,development,2024,hist_gradient_boosting
2,2024-08-24 13:30:00,benchmark_home_odds,True,market_only,development,2024,hist_gradient_boosting
2,2024-08-24 13:30:00,benchmark_away_not_lose_fair_odds,True,market_only,development,2024,hist_gradient_boosting
2,2024-08-24 13:30:00,benchmark_overround,True,market_only,development,2024,hist_gradient_boosting
3,2024-08-24 16:30:00,benchmark_home_prob,True,market_only,development,2024,hist_gradient_boosting
3,2024-08-24 16:30:00,benchmark_home_odds,True,market_only,development,2024,hist_gradient_boosting
3,2024-08-24 16:30:00,benchmark_away_not_lose_fair_odds,True,market_only,development,2024,hist_gradient_boosting
3,2024-08-24 16:30:00,benchmark_overround,True,market_only,development,2024,hist_gradient_boosting
4,2024-08-25 13:30:00,benchmark_home_prob,True,market_only,development,2024,hist_gradient_boosting
4,2024-08-25 13:30:00,benchmark_home_odds,True,market_only,development,2024,hist_gradient_boosting
4,2024-08-25 13:30:00,benchmark_away_not_lose_fair_odds,True,market_only,development,2024,hist_gradient_boosting
4,2024-08-25 13:30:00,benchmark_overround,True,market_only,development,2024,hist_gradient_boosting
5,2024-08-25 15:30:00,benchmark_home_prob,True,market_only,development,2024,hist_gradient_boosting
5,2024-08-25 15:30:00,benchmark_home_odds,True,market_only,development,2024,hist_gradient_boosting
5,2024-08-25 15:30:00,benchmark_away_not_lose_fair_odds,True,market_only,development,2024,hist_gradient_boosting
5,2024-08-25 15:30:00,benchmark_overround,True,market_only,development,2024,hist_gradient_boosting
6,2024-08-30 18:30:00,benchmark_home_prob,True,market_only,development,2024,hist_gradient_boosting
6,2024-08-30 18:30:00,benchmark_home_odds,True,market_only,development,2024,hist_gradient_boosting
6,2024-08-30 18:30:00,benchmark_away_not_lose_fair_odds,True,market_only,development,2024,hist_gradient_boosting
6,2024-08-30 18:30:00,benchmark_overround,True,market_only,development,2024,hist_gradient_boosting
7,2024-08-31 13:30:00,benchmark_home_prob,True,market_only,development,2024,hist_gradient_boosting
7,2024-08-31 13:30:00,benchmark_home_odds,True,market_only,development,2024,hist_gradient_boosting
7,2024-08-31 13:30:00,benchmark_away_not_lose_fair_odds,True,market_only,development,2024,hist_gradient_boosting
7,2024-08-31 13:30:00,benchmark_overround,True,market_only,development,2024,hist_gradient_boosting
8,2024-08-31 16:30:00,benchmark_home_prob,True,market_only,development,2024,hist_gradient_boosting
8,2024-08-31 16:30:00,benchmark_home_odds,True,market_only,development,2024,hist_gradient_boosting
8,2024-08-31 16:30:00,benchmark_away_not_lose_fair_odds,True,market_only,development,2024,hist_gradient_boosting
8,2024-08-31 16:30:00,benchmark_overround,True,market_only,development,2024,hist_gradient_boosting
9,2024-09-01 13:30:00,benchmark_home_prob,True,market_only,development,2024,hist_gradient_boosting
9,2024-09-01 13:30:00,benchmark_home_odds,True,market_only,development,2024,hist_gradient_boosting
9,2024-09-01 13:30:00,benchmark_away_not_lose_fair_odds,True,market_only,development,2024,hist_gradient_boosting
9,2024-09-01 13:30:00,benchmark_overround,True,market_only,development,2024,hist_gradient_boosting
10,2024-09-01 15:30:00,benchmark_home_prob,True,market_only,development,2024,hist_gradient_boosting
10,2024-09-01 15:30:00,benchmark_home_odds,True,market_only,development,2024,hist_gradient_boosting
10,2024-09-01 15:30:00,benchmark_away_not_lose_fair_odds,True,market_only,development,2024,hist_gradient_boosting
10,2024-09-01 15:30:00,benchmark_overround,True,market_only,development,2024,hist_gradient_boosting
11,2024-09-13 18:30:00,benchmark_home_prob,True,market_only,development,2024,hist_gradient_boosting
11,2024-09-13 18:30:00,benchmark_home_odds,True,market_only,development,2024,hist_gradient_boosting
11,2024-09-13 18:30:00,benchmark_away_not_lose_fair_odds,True,market_only,development,2024,hist_gradient_boosting
11,2024-09-13 18:30:00,benchmark_overround,True,market_only,development,2024,hist_gradient_boosting
12,2024-09-14 13:30:00,benchmark_home_prob,True,market_only,development,2024,hist_gradient_boosting
12,2024-09-14 13:30:00,benchmark_home_odds,True,market_only,development,2024,hist_gradient_boosting
12,2024-09-14 13:30:00,benchmark_away_not_lose_fair_odds,True,market_only,development,2024,hist_gradient_boosting
12,2024-09-14 13:30:00,benchmark_overround,True,market_only,development,2024,hist_gradient_boosting
13,2024-09-14 16:30:00,benchmark_home_prob,True,market_only,development,2024,hist_gradient_boosting
13,2024-09-14 16:30:00,benchmark_home_odds,True,market_only,development,2024,hist_gradient_boosting
13,2024-09-14 16:30:00,benchmark_away_not_lose_fair_odds,True,market_only,development,2024,hist_gradient_boosting
13,2024-09-14 16:30:00,benchmark_overround,True,market_only,development,2024,hist_gradient_boosting
14,2024-09-15 13:30:00,benchmark_home_prob,True,market_only,development,2024,hist_gradient_boosting
14,2024-09-15 13:30:00,benchmark_home_odds,True,market_only,development,2024,hist_gradient_boosting
14,2024-09-15 13:30:00,benchmark_away_not_lose_fair_odds,True,market_only,development,2024,hist_gradient_boosting
14,2024-09-15 13:30:00,benchmark_overround,True,market_only,development,2024,hist_gradient_boosting
15,2024-09-15 15:30:00,benchmark_home_prob,True,market_only,development,2024,hist_gradient_boosting
15,2024-09-15 15:30:00,benchmark_home_odds,True,market_only,development,2024,hist_gradient_boosting
15,2024-09-15 15:30:00,benchmark_away_not_lose_fair_odds,True,market_only,development,2024,hist_gradient_boosting
15,2024-09-15 15:30:00,benchmark_overround,True,market_only,development,2024,hist_gradient_boosting
16,2024-09-20 18:30:00,benchmark_home_prob,True,market_only,development,2024,hist_gradient_boosting
16,2024-09-20 18:30:00,benchmark_home_odds,True,market_only,development,2024,hist_gradient_boosting
16,2024-09-20 18:30:00,benchmark_away_not_lose_fair_odds,True,market_only,development,2024,hist_gradient_boosting
16,2024-09-20 18:30:00,benchmark_overround,True,market_only,development,2024,hist_gradient_boosting
17,2024-09-21 13:30:00,benchmark_home_prob,True,market_only,development,2024,hist_gradient_boosting
17,2024-09-21 13:30:00,benchmark_home_odds,True,market_only,development,2024,hist_gradient_boosting
17,2024-09-21 13:30:00,benchmark_away_not_lose_fair_odds,True,market_only,development,2024,hist_gradient_boosting
17,2024-09-21 13:30:00,benchmark_overround,True,market_only,development,2024,hist_gradient_boosting
18,2024-09-21 16:30:00,benchmark_home_prob,True,market_only,development,2024,hist_gradient_boosting
18,2024-09-21 16:30:00,benchmark_home_odds,True,market_only,development,2024,hist_gradient_boosting
18,2024-09-21 16:30:00,benchmark_away_not_lose_fair_odds,True,market_only,development,2024,hist_gradient_boosting
18,2024-09-21 16:30:00,benchmark_overround,True,market_only,development,2024,hist_gradient_boosting
19,2024-09-22 13:30:00,benchmark_home_prob,True,market_only,development,2024,hist_gradient_boosting
19,2024-09-22 13:30:00,benchmark_home_odds,True,market_only,development,2024,hist_gradient_boosting
19,2024-09-22 13:30:00,benchmark_away_not_lose_fair_odds,True,market_only,development,2024,hist_gradient_boosting
19,2024-09-22 13:30:00,benchmark_overround,True,market_only,development,2024,hist_gradient_boosting
20,2024-09-22 15:30:00,benchmark_home_prob,True,market_only,development,2024,hist_gradient_boosting
20,2024-09-22 15:30:00,benchmark_home_odds,True,market_only,development,2024,hist_gradient_boosting
20,2024-09-22 15:30:00,benchmark_away_not_lose_fair_odds,True,market_only,development,2024,hist_gradient_boosting
20,2024-09-22 15:30:00,benchmark_overround,True,market_only,development,2024,hist_gradient_boosting
21,2024-09-22 17:30:00,benchmark_home_prob,True,market_only,development,2024,hist_gradient_boosting
21,2024-09-22 17:30:00,benchmark_home_odds,True,market_only,development,2024,hist_gradient_boosting
21,2024-09-22 17:30:00,benchmark_away_not_lose_fair_odds,True,market_only,development,2024,hist_gradient_boosting
21,2024-09-22 17:30:00,benchmark_overround,True,market_only,development,2024,hist_gradient_boosting
22,2024-09-27 18:30:00,benchmark_home_prob,True,market_only,development,2024,hist_gradient_boosting
22,2024-09-27 18:30:00,benchmark_home_odds,True,market_only,development,2024,hist_gradient_boosting
22,2024-09-27 18:30:00,benchmark_away_not_lose_fair_odds,True,market_only,development,2024,hist_gradient_boosting
22,2024-09-27 18:30:00,benchmark_overround,True,market_only,development,2024,hist_gradient_boosting
23,2024-09-28 13:30:00,benchmark_home_prob,True,market_only,development,2024,hist_gradient_boosting
23,2024-09-28 13:30:00,benchmark_home_odds,True,market_only,development,2024,hist_gradient_boosting
23,2024-09-28 13:30:00,benchmark_away_not_lose_fair_odds,True,market_only,development,2024,hist_gradient_boosting
23,2024-09-28 13:30:00,benchmark_overround,True,market_only,development,2024,hist_gradient_boosting
24,2024-09-28 16:30:00,benchmark_home_prob,True,market_only,development,2024,hist_gradient_boosting
24,2024-09-28 16:30:00,benchmark_home_odds,True,market_only,development,2024,hist_gradient_boosting
24,2024-09-28 16:30:00,benchmark_away_not_lose_fair_odds,True,market_only,development,2024,hist_gradient_boosting
24,2024-09-28 16:30:00,benchmark_overround,True,market_only,development,2024,hist_gradient_boosting
25,2024-09-29 13:30:00,benchmark_home_prob,True,market_only,development,2024,hist_gradient_boosting
25,2024-09-29 13:30:00,benchmark_home_odds,True,market_only,development,2024,hist_gradient_boosting
25,2024-09-29 13:30:00,benchmark_away_not_lose_fair_odds,True,market_only,development,2024,hist_gradient_boosting
25,2024-09-29 13:30:00,benchmark_overround,True,market_only,development,2024,hist_gradient_boosting
26,2024-09-29 15:30:00,benchmark_home_prob,True,market_only,development,2024,hist_gradient_boosting
26,2024-09-29 15:30:00,benchmark_home_odds,True,market_only,development,2024,hist_gradient_boosting
26,2024-09-29 15:30:00,benchmark_away_not_lose_fair_odds,True,market_only,development,2024,hist_gradient_boosting
26,2024-09-29 15:30:00,benchmark_overround,True,market_only,development,2024,hist_gradient_boosting
27,2024-10-04 18:30:00,benchmark_home_prob,True,market_only,development,2024,hist_gradient_boosting
27,2024-10-04 18:30:00,benchmark_home_odds,True,market_only,development,2024,hist_gradient_boosting
27,2024-10-04 18:30:00,benchmark_away_not_lose_fair_odds,True,market_only,development,2024,hist_gradient_boosting
27,2024-10-04 18:30:00,benchmark_overround,True,market_only,development,2024,hist_gradient_boosting
28,2024-10-05 13:30:00,benchmark_home_prob,True,market_only,development,2024,hist_gradient_boosting
28,2024-10-05 13:30:00,benchmark_home_odds,True,market_only,development,2024,hist_gradient_boosting
28,2024-10-05 13:30:00,benchmark_away_not_lose_fair_odds,True,market_only,development,2024,hist_gradient_boosting
28,2024-10-05 13:30:00,benchmark_overround,True,market_only,development,2024,hist_gradient_boosting
29,2024-10-05 16:30:00,benchmark_home_prob,True,market_only,development,2024,hist_gradient_boosting
29,2024-10-05 16:30:00,benchmark_home_odds,True,market_only,development,2024,hist_gradient_boosting
29,2024-10-05 16:30:00,benchmark_away_not_lose_fair_odds,True,market_only,development,2024,hist_gradient_boosting
29,2024-10-05 16:30:00,benchmark_overround,True,market_only,development,2024,hist_gradient_boosting
30,2024-10-06 13:30:00,benchmark_home_prob,True,market_only,development,2024,hist_gradient_boosting
30,2024-10-06 13:30:00,benchmark_home_odds,True,market_only,development,2024,hist_gradient_boosting
30,2024-10-06 13:30:00,benchmark_away_not_lose_fair_odds,True,market_only,development,2024,hist_gradient_boosting
30,2024-10-06 13:30:00,benchmark_overround,True,market_only,development,2024,hist_gradient_boosting
31,2024-10-06 15:30:00,benchmark_home_prob,True,market_only,development,2024,hist_gradient_boosting
31,2024-10-06 15:30:00,benchmark_home_odds,True,market_only,development,2024,hist_gradient_boosting
31,2024-10-06 15:30:00,benchmark_away_not_lose_fair_odds,True,market_only,development,2024,hist_gradient_boosting
31,2024-10-06 15:30:00,benchmark_overround,True,market_only,development,2024,hist_gradient_boosting
32,2024-10-06 17:30:00,benchmark_home_prob,True,market_only,development,2024,hist_gradient_boosting
32,2024-10-06 17:30:00,benchmark_home_odds,True,market_only,development,2024,hist_gradient_boosting
32,2024-10-06 17:30:00,benchmark_away_not_lose_fair_odds,True,market_only,development,2024,hist_gradient_boosting
32,2024-10-06 17:30:00,benchmark_overround,True,market_only,development,2024,hist_gradient_boosting
33,2024-10-18 18:30:00,benchmark_home_prob,True,market_only,development,2024,hist_gradient_boosting
33,2024-10-18 18:30:00,benchmark_home_odds,True,market_only,development,2024,hist_gradient_boosting
33,2024-10-18 18:30:00,benchmark_away_not_lose_fair_odds,True,market_only,development,2024,hist_gradient_boosting
33,2024-10-18 18:30:00,benchmark_overround,True,market_only,development,2024,hist_gradient_boosting
34,2024-10-19 13:30:00,benchmark_home_prob,True,market_only,development,2024,hist_gradient_boosting
34,2024-10-19 13:30:00,benchmark_home_odds,True,market_only,development,2024,hist_gradient_boosting
34,2024-10-19 13:30:00,benchmark_away_not_lose_fair_odds,True,market_only,development,2024,hist_gradient_boosting
34,2024-10-19 13:30:00,benchmark_overround,True,market_only,development,2024,hist_gradient_boosting
35,2024-10-19 16:30:00,benchmark_home_prob,True,market_only,development,2024,hist_gradient_boosting
35,2024-10-19 16:30:00,benchmark_home_odds,True,market_only,development,2024,hist_gradient_boosting
35,2024-10-19 16:30:00,benchmark_away_not_lose_fair_odds,True,market_only,development,2024,hist_gradient_boosting
35,2024-10-19 16:30:00,benchmark_overround,True,market_only,development,2024,hist_gradient_boosting
36,2024-10-20 13:30:00,benchmark_home_prob,True,market_only,development,2024,hist_gradient_boosting
36,2024-10-20 13:30:00,benchmark_home_odds,True,market_only,development,2024,hist_gradient_boosting
36,2024-10-20 13:30:00,benchmark_away_not_lose_fair_odds,True,market_only,development,2024,hist_gradient_boosting
36,2024-10-20 13:30:00,benchmark_overround,True,market_only,development,2024,hist_gradient_boosting
37,2024-10-20 15:30:00,benchmark_home_prob,True,market_only,development,2024,hist_gradient_boosting
37,2024-10-20 15:30:00,benchmark_home_odds,True,market_only,development,2024,hist_gradient_boosting
37,2024-10-20 15:30:00,benchmark_away_not_lose_fair_odds,True,market_only,development,2024,hist_gradient_boosting
37,2024-10-20 15:30:00,benchmark_overround,True,market_only,development,2024,hist_gradient_boosting
38,2024-10-25 18:30:00,benchmark_home_prob,True,market_only,development,2024,hist_gradient_boosting
38,2024-10-25 18:30:00,benchmark_home_odds,True,market_only,development,2024,hist_gradient_boosting
38,2024-10-25 18:30:00,benchmark_away_not_lose_fair_odds,True,market_only,development,2024,hist_gradient_boosting
38,2024-10-25 18:30:00,benchmark_overround,True,market_only,development,2024,hist_gradient_boosting
39,2024-10-26 13:30:00,benchmark_home_prob,True,market_only,development,2024,hist_gradient_boosting
39,2024-10-26 13:30:00,benchmark_home_odds,True,market_only,development,2024,hist_gradient_boosting
39,2024-10-26 13:30:00,benchmark_away_not_lose_fair_odds,True,market_only,development,2024,hist_gradient_boosting
39,2024-10-26 13:30:00,benchmark_overround,True,market_only,development,2024,hist_gradient_boosting
40,2024-10-26 16:30:00,benchmark_home_prob,True,market_only,development,2024,hist_gradient_boosting
40,2024-10-26 16:30:00,benchmark_home_odds,True,market_only,development,2024,hist_gradient_boosting
40,2024-10-26 16:30:00,benchmark_away_not_lose_fair_odds,True,market_only,development,2024,hist_gradient_boosting
40,2024-10-26 16:30:00,benchmark_overround,True,market_only,development,2024,hist_gradient_boosting
41,2024-10-27 14:30:00,benchmark_home_prob,True,market_only,development,2024,hist_gradient_boosting
41,2024-10-27 14:30:00,benchmark_home_odds,True,market_only,development,2024,hist_gradient_boosting
41,2024-10-27 14:30:00,benchmark_away_not_lose_fair_odds,True,market_only,development,2024,hist_gradient_boosting
41,2024-10-27 14:30:00,benchmark_overround,True,market_only,development,2024,hist_gradient_boosting
42,2024-10-27 16:30:00,benchmark_home_prob,True,market_only,development,2024,hist_gradient_boosting
42,2024-10-27 16:30:00,benchmark_home_odds,True,market_only,development,2024,hist_gradient_boosting
42,2024-10-27 16:30:00,benchmark_away_not_lose_fair_odds,True,market_only,development,2024,hist_gradient_boosting
42,2024-10-27 16:30:00,benchmark_overround,True,market_only,development,2024,hist_gradient_boosting
43,2024-10-27 18:30:00,benchmark_home_prob,True,market_only,development,2024,hist_gradient_boosting
43,2024-10-27 18:30:00,benchmark_home_odds,True,market_only,development,2024,hist_gradient_boosting
43,2024-10-27 18:30:00,benchmark_away_not_lose_fair_odds,True,market_only,development,2024,hist_gradient_boosting
43,2024-10-27 18:30:00,benchmark_overround,True,market_only,development,2024,hist_gradient_boosting
44,2024-11-01 19:30:00,benchmark_home_prob,True,market_only,development,2024,hist_gradient_boosting
44,2024-11-01 19:30:00,benchmark_home_odds,True,market_only,development,2024,hist_gradient_boosting
44,2024-11-01 19:30:00,benchmark_away_not_lose_fair_odds,True,market_only,development,2024,hist_gradient_boosting
44,2024-11-01 19:30:00,benchmark_overround,True,market_only,development,2024,hist_gradient_boosting
45,2024-11-02 14:30:00,benchmark_home_prob,True,market_only,development,2024,hist_gradient_boosting
45,2024-11-02 14:30:00,benchmark_home_odds,True,market_only,development,2024,hist_gradient_boosting
45,2024-11-02 14:30:00,benchmark_away_not_lose_fair_odds,True,market_only,development,2024,hist_gradient_boosting
45,2024-11-02 14:30:00,benchmark_overround,True,market_only,development,2024,hist_gradient_boosting
46,2024-11-02 17:30:00,benchmark_home_prob,True,market_only,development,2024,hist_gradient_boosting
46,2024-11-02 17:30:00,benchmark_home_odds,True,market_only,development,2024,hist_gradient_boosting
46,2024-11-02 17:30:00,benchmark_away_not_lose_fair_odds,True,market_only,development,2024,hist_gradient_boosting
46,2024-11-02 17:30:00,benchmark_overround,True,market_only,development,2024,hist_gradient_boosting
47,2024-11-03 14:30:00,benchmark_home_prob,True,market_only,development,2024,hist_gradient_boosting
47,2024-11-03 14:30:00,benchmark_home_odds,True,market_only,development,2024,hist_gradient_boosting
47,2024-11-03 14:30:00,benchmark_away_not_lose_fair_odds,True,market_only,development,2024,hist_gradient_boosting
47,2024-11-03 14:30:00,benchmark_overround,True,market_only,development,2024,hist_gradient_boosting
48,2024-11-03 16:30:00,benchmark_home_prob,True,market_only,development,2024,hist_gradient_boosting
48,2024-11-03 16:30:00,benchmark_home_odds,True,market_only,development,2024,hist_gradient_boosting
48,2024-11-03 16:30:00,benchmark_away_not_lose_fair_odds,True,market_only,development,2024,hist_gradient_boosting
48,2024-11-03 16:30:00,benchmark_overround,True,market_only,development,2024,hist_gradient_boosting
49,2024-11-08 19:30:00,benchmark_home_prob,True,market_only,development,2024,hist_gradient_boosting
49,2024-11-08 19:30:00,benchmark_home_odds,True,market_only,development,2024,hist_gradient_boosting
49,2024-11-08 19:30:00,benchmark_away_not_lose_fair_odds,True,market_only,development,2024,hist_gradient_boosting
49,2024-11-08 19:30:00,benchmark_overround,True,market_only,development,2024,hist_gradient_boosting
50,2024-11-09 14:30:00,benchmark_home_prob,True,market_only,development,2024,hist_gradient_boosting
50,2024-11-09 14:30:00,benchmark_home_odds,True,market_only,development,2024,hist_gradient_boosting
50,2024-11-09 14:30:00,benchmark_away_not_lose_fair_odds,True,market_only,development,2024,hist_gradient_boosting
50,2024-11-09 14:30:00,benchmark_overround,True,market_only,development,2024,hist_gradient_boosting
51,2024-11-09 17:30:00,benchmark_home_prob,True,market_only,development,2024,hist_gradient_boosting
51,2024-11-09 17:30:00,benchmark_home_odds,True,market_only,development,2024,hist_gradient_boosting
51,2024-11-09 17:30:00,benchmark_away_not_lose_fair_odds,True,market_only,development,2024,hist_gradient_boosting
51,2024-11-09 17:30:00,benchmark_overround,True,market_only,development,2024,hist_gradient_boosting
52,2024-11-10 14:30:00,benchmark_home_prob,True,market_only,development,2024,hist_gradient_boosting
52,2024-11-10 14:30:00,benchmark_home_odds,True,market_only,development,2024,hist_gradient_boosting
52,2024-11-10 14:30:00,benchmark_away_not_lose_fair_odds,True,market_only,development,2024,hist_gradient_boosting
52,2024-11-10 14:30:00,benchmark_overround,True,market_only,development,2024,hist_gradient_boosting
53,2024-11-10 16:30:00,benchmark_home_prob,True,market_only,development,2024,hist_gradient_boosting
53,2024-11-10 16:30:00,benchmark_home_odds,True,market_only,development,2024,hist_gradient_boosting
53,2024-11-10 16:30:00,benchmark_away_not_lose_fair_odds,True,market_only,development,2024,hist_gradient_boosting
53,2024-11-10 16:30:00,benchmark_overround,True,market_only,development,2024,hist_gradient_boosting
54,2024-11-10 18:30:00,benchmark_home_prob,True,market_only,development,2024,hist_gradient_boosting
54,2024-11-10 18:30:00,benchmark_home_odds,True,market_only,development,2024,hist_gradient_boosting
54,2024-11-10 18:30:00,benchmark_away_not_lose_fair_odds,True,market_only,development,2024,hist_gradient_boosting
54,2024-11-10 18:30:00,benchmark_overround,True,market_only,development,2024,hist_gradient_boosting
55,2024-11-22 19:30:00,benchmark_home_prob,True,market_only,development,2024,hist_gradient_boosting
55,2024-11-22 19:30:00,benchmark_home_odds,True,market_only,development,2024,hist_gradient_boosting
55,2024-11-22 19:30:00,benchmark_away_not_lose_fair_odds,True,market_only,development,2024,hist_gradient_boosting
55,2024-11-22 19:30:00,benchmark_overround,True,market_only,development,2024,hist_gradient_boosting
56,2024-11-23 14:30:00,benchmark_home_prob,True,market_only,development,2024,hist_gradient_boosting
56,2024-11-23 14:30:00,benchmark_home_odds,True,market_only,development,2024,hist_gradient_boosting
56,2024-11-23 14:30:00,benchmark_away_not_lose_fair_odds,True,market_only,development,2024,hist_gradient_boosting
56,2024-11-23 14:30:00,benchmark_overround,True,market_only,development,2024,hist_gradient_boosting
57,2024-11-23 17:30:00,benchmark_home_prob,True,market_only,development,2024,hist_gradient_boosting
57,2024-11-23 17:30:00,benchmark_home_odds,True,market_only,development,2024,hist_gradient_boosting
57,2024-11-23 17:30:00,benchmark_away_not_lose_fair_odds,True,market_only,development,2024,hist_gradient_boosting
57,2024-11-23 17:30:00,benchmark_overround,True,market_only,development,2024,hist_gradient_boosting
58,2024-11-24 14:30:00,benchmark_home_prob,True,market_only,development,2024,hist_gradient_boosting
58,2024-11-24 14:30:00,benchmark_home_odds,True,market_only,development,2024,hist_gradient_boosting
58,2024-11-24 14:30:00,benchmark_away_not_lose_fair_odds,True,market_only,development,2024,hist_gradient_boosting
58,2024-11-24 14:30:00,benchmark_overround,True,market_only,development,2024,hist_gradient_boosting
59,2024-11-24 16:30:00,benchmark_home_prob,True,market_only,development,2024,hist_gradient_boosting
59,2024-11-24 16:30:00,benchmark_home_odds,True,market_only,development,2024,hist_gradient_boosting
59,2024-11-24 16:30:00,benchmark_away_not_lose_fair_odds,True,market_only,development,2024,hist_gradient_boosting
59,2024-11-24 16:30:00,benchmark_overround,True,market_only,development,2024,hist_gradient_boosting
60,2024-11-30 14:30:00,benchmark_home_prob,True,market_only,development,2024,hist_gradient_boosting
60,2024-11-30 14:30:00,benchmark_home_odds,True,market_only,development,2024,hist_gradient_boosting
60,2024-11-30 14:30:00,benchmark_away_not_lose_fair_odds,True,market_only,development,2024,hist_gradient_boosting
60,2024-11-30 14:30:00,benchmark_overround,True,market_only,development,2024,hist_gradient_boosting
61,2024-11-30 17:30:00,benchmark_home_prob,True,market_only,development,2024,hist_gradient_boosting
61,2024-11-30 17:30:00,benchmark_home_odds,True,market_only,development,2024,hist_gradient_boosting
61,2024-11-30 17:30:00,benchmark_away_not_lose_fair_odds,True,market_only,development,2024,hist_gradient_boosting
61,2024-11-30 17:30:00,benchmark_overround,True,market_only,development,2024,hist_gradient_boosting
62,2024-12-01 16:30:00,benchmark_home_prob,True,market_only,development,2024,hist_gradient_boosting
62,2024-12-01 16:30:00,benchmark_home_odds,True,market_only,development,2024,hist_gradient_boosting
62,2024-12-01 16:30:00,benchmark_away_not_lose_fair_odds,True,market_only,development,2024,hist_gradient_boosting
62,2024-12-01 16:30:00,benchmark_overround,True,market_only,development,2024,hist_gradient_boosting
63,2024-12-06 19:30:00,benchmark_home_prob,True,market_only,development,2024,hist_gradient_boosting
63,2024-12-06 19:30:00,benchmark_home_odds,True,market_only,development,2024,hist_gradient_boosting
63,2024-12-06 19:30:00,benchmark_away_not_lose_fair_odds,True,market_only,development,2024,hist_gradient_boosting
63,2024-12-06 19:30:00,benchmark_overround,True,market_only,development,2024,hist_gradient_boosting
64,2024-12-07 14:30:00,benchmark_home_prob,True,market_only,development,2024,hist_gradient_boosting
64,2024-12-07 14:30:00,benchmark_home_odds,True,market_only,development,2024,hist_gradient_boosting
64,2024-12-07 14:30:00,benchmark_away_not_lose_fair_odds,True,market_only,development,2024,hist_gradient_boosting
64,2024-12-07 14:30:00,benchmark_overround,True,market_only,development,2024,hist_gradient_boosting
65,2024-12-07 17:30:00,benchmark_home_prob,True,market_only,development,2024,hist_gradient_boosting
65,2024-12-07 17:30:00,benchmark_home_odds,True,market_only,development,2024,hist_gradient_boosting
65,2024-12-07 17:30:00,benchmark_away_not_lose_fair_odds,True,market_only,development,2024,hist_gradient_boosting
65,2024-12-07 17:30:00,benchmark_overround,True,market_only,development,2024,hist_gradient_boosting
66,2024-12-08 14:30:00,benchmark_home_prob,True,market_only,development,2024,hist_gradient_boosting
66,2024-12-08 14:30:00,benchmark_home_odds,True,market_only,development,2024,hist_gradient_boosting
66,2024-12-08 14:30:00,benchmark_away_not_lose_fair_odds,True,market_only,development,2024,hist_gradient_boosting
66,2024-12-08 14:30:00,benchmark_overround,True,market_only,development,2024,hist_gradient_boosting
67,2024-12-08 16:30:00,benchmark_home_prob,True,market_only,development,2024,hist_gradient_boosting
67,2024-12-08 16:30:00,benchmark_home_odds,True,market_only,development,2024,hist_gradient_boosting
67,2024-12-08 16:30:00,benchmark_away_not_lose_fair_odds,True,market_only,development,2024,hist_gradient_boosting
67,2024-12-08 16:30:00,benchmark_overround,True,market_only,development,2024,hist_gradient_boosting
68,2024-12-13 19:30:00,benchmark_home_prob,True,market_only,development,2024,hist_gradient_boosting
68,2024-12-13 19:30:00,benchmark_home_odds,True,market_only,development,2024,hist_gradient_boosting
68,2024-12-13 19:30:00,benchmark_away_not_lose_fair_odds,True,market_only,development,2024,hist_gradient_boosting
68,2024-12-13 19:30:00,benchmark_overround,True,market_only,development,2024,hist_gradient_boosting
69,2024-12-14 14:30:00,benchmark_home_prob,True,market_only,development,2024,hist_gradient_boosting
69,2024-12-14 14:30:00,benchmark_home_odds,True,market_only,development,2024,hist_gradient_boosting
69,2024-12-14 14:30:00,benchmark_away_not_lose_fair_odds,True,market_only,development,2024,hist_gradient_boosting
69,2024-12-14 14:30:00,benchmark_overround,True,market_only,development,2024,hist_gradient_boosting
70,2024-12-14 17:30:00,benchmark_home_prob,True,market_only,development,2024,hist_gradient_boosting
70,2024-12-14 17:30:00,benchmark_home_odds,True,market_only,development,2024,hist_gradient_boosting
70,2024-12-14 17:30:00,benchmark_away_not_lose_fair_odds,True,market_only,development,2024,hist_gradient_boosting
70,2024-12-14 17:30:00,benchmark_overround,True,market_only,development,2024,hist_gradient_boosting
71,2024-12-15 14:30:00,benchmark_home_prob,True,market_only,development,2024,hist_gradient_boosting
71,2024-12-15 14:30:00,benchmark_home_odds,True,market_only,development,2024,hist_gradient_boosting
71,2024-12-15 14:30:00,benchmark_away_not_lose_fair_odds,True,market_only,development,2024,hist_gradient_boosting
71,2024-12-15 14:30:00,benchmark_overround,True,market_only,development,2024,hist_gradient_boosting
72,2024-12-15 16:30:00,benchmark_home_prob,True,market_only,development,2024,hist_gradient_boosting
72,2024-12-15 16:30:00,benchmark_home_odds,True,market_only,development,2024,hist_gradient_boosting
72,2024-12-15 16:30:00,benchmark_away_not_lose_fair_odds,True,market_only,development,2024,hist_gradient_boosting
72,2024-12-15 16:30:00,benchmark_overround,True,market_only,development,2024,hist_gradient_boosting
73,2024-12-15 18:30:00,benchmark_home_prob,True,market_only,development,2024,hist_gradient_boosting
73,2024-12-15 18:30:00,benchmark_home_odds,True,market_only,development,2024,hist_gradient_boosting
73,2024-12-15 18:30:00,benchmark_away_not_lose_fair_odds,True,market_only,development,2024,hist_gradient_boosting
73,2024-12-15 18:30:00,benchmark_overround,True,market_only,development,2024,hist_gradient_boosting
74,2024-12-20 19:30:00,benchmark_home_prob,True,market_only,development,2024,hist_gradient_boosting
74,2024-12-20 19:30:00,benchmark_home_odds,True,market_only,development,2024,hist_gradient_boosting
74,2024-12-20 19:30:00,benchmark_away_not_lose_fair_odds,True,market_only,development,2024,hist_gradient_boosting
74,2024-12-20 19:30:00,benchmark_overround,True,market_only,development,2024,hist_gradient_boosting
75,2024-12-21 14:30:00,benchmark_home_prob,True,market_only,development,2024,hist_gradient_boosting
75,2024-12-21 14:30:00,benchmark_home_odds,True,market_only,development,2024,hist_gradient_boosting
75,2024-12-21 14:30:00,benchmark_away_not_lose_fair_odds,True,market_only,development,2024,hist_gradient_boosting
75,2024-12-21 14:30:00,benchmark_overround,True,market_only,development,2024,hist_gradient_boosting
76,2024-12-21 17:30:00,benchmark_home_prob,True,market_only,development,2024,hist_gradient_boosting
76,2024-12-21 17:30:00,benchmark_home_odds,True,market_only,development,2024,hist_gradient_boosting
76,2024-12-21 17:30:00,benchmark_away_not_lose_fair_odds,True,market_only,development,2024,hist_gradient_boosting
76,2024-12-21 17:30:00,benchmark_overround,True,market_only,development,2024,hist_gradient_boosting
77,2024-12-22 14:30:00,benchmark_home_prob,True,market_only,development,2024,hist_gradient_boosting
77,2024-12-22 14:30:00,benchmark_home_odds,True,market_only,development,2024,hist_gradient_boosting
77,2024-12-22 14:30:00,benchmark_away_not_lose_fair_odds,True,market_only,development,2024,hist_gradient_boosting
77,2024-12-22 14:30:00,benchmark_overround,True,market_only,development,2024,hist_gradient_boosting
78,2024-12-22 16:30:00,benchmark_home_prob,True,market_only,development,2024,hist_gradient_boosting
78,2024-12-22 16:30:00,benchmark_home_odds,True,market_only,development,2024,hist_gradient_boosting
78,2024-12-22 16:30:00,benchmark_away_not_lose_fair_odds,True,market_only,development,2024,hist_gradient_boosting
78,2024-12-22 16:30:00,benchmark_overround,True,market_only,development,2024,hist_gradient_boosting
79,2025-01-10 19:30:00,benchmark_home_prob,True,market_only,development,2024,hist_gradient_boosting
79,2025-01-10 19:30:00,benchmark_home_odds,True,market_only,development,2024,hist_gradient_boosting
79,2025-01-10 19:30:00,benchmark_away_not_lose_fair_odds,True,market_only,development,2024,hist_gradient_boosting
79,2025-01-10 19:30:00,benchmark_overround,True,market_only,development,2024,hist_gradient_boosting
80,2025-01-11 14:30:00,benchmark_home_prob,True,market_only,development,2024,hist_gradient_boosting
80,2025-01-11 14:30:00,benchmark_home_odds,True,market_only,development,2024,hist_gradient_boosting
80,2025-01-11 14:30:00,benchmark_away_not_lose_fair_odds,True,market_only,development,2024,hist_gradient_boosting
80,2025-01-11 14:30:00,benchmark_overround,True,market_only,development,2024,hist_gradient_boosting
81,2025-01-11 17:30:00,benchmark_home_prob,True,market_only,development,2024,hist_gradient_boosting
81,2025-01-11 17:30:00,benchmark_home_odds,True,market_only,development,2024,hist_gradient_boosting
81,2025-01-11 17:30:00,benchmark_away_not_lose_fair_odds,True,market_only,development,2024,hist_gradient_boosting
81,2025-01-11 17:30:00,benchmark_overround,True,market_only,development,2024,hist_gradient_boosting
82,2025-01-12 14:30:00,benchmark_home_prob,True,market_only,development,2024,hist_gradient_boosting
82,2025-01-12 14:30:00,benchmark_home_odds,True,market_only,development,2024,hist_gradient_boosting
82,2025-01-12 14:30:00,benchmark_away_not_lose_fair_odds,True,market_only,development,2024,hist_gradient_boosting
82,2025-01-12 14:30:00,benchmark_overround,True,market_only,development,2024,hist_gradient_boosting
83,2025-01-12 16:30:00,benchmark_home_prob,True,market_only,development,2024,hist_gradient_boosting
83,2025-01-12 16:30:00,benchmark_home_odds,True,market_only,development,2024,hist_gradient_boosting
83,2025-01-12 16:30:00,benchmark_away_not_lose_fair_odds,True,market_only,development,2024,hist_gradient_boosting
83,2025-01-12 16:30:00,benchmark_overround,True,market_only,development,2024,hist_gradient_boosting
84,2025-01-14 17:30:00,benchmark_home_prob,True,market_only,development,2024,hist_gradient_boosting
84,2025-01-14 17:30:00,benchmark_home_odds,True,market_only,development,2024,hist_gradient_boosting
84,2025-01-14 17:30:00,benchmark_away_not_lose_fair_odds,True,market_only,development,2024,hist_gradient_boosting
84,2025-01-14 17:30:00,benchmark_overround,True,market_only,development,2024,hist_gradient_boosting
85,2025-01-14 19:30:00,benchmark_home_prob,True,market_only,development,2024,hist_gradient_boosting
85,2025-01-14 19:30:00,benchmark_home_odds,True,market_only,development,2024,hist_gradient_boosting
85,2025-01-14 19:30:00,benchmark_away_not_lose_fair_odds,True,market_only,development,2024,hist_gradient_boosting
85,2025-01-14 19:30:00,benchmark_overround,True,market_only,development,2024,hist_gradient_boosting
86,2025-01-15 17:30:00,benchmark_home_prob,True,market_only,development,2024,hist_gradient_boosting
86,2025-01-15 17:30:00,benchmark_home_odds,True,market_only,development,2024,hist_gradient_boosting
86,2025-01-15 17:30:00,benchmark_away_not_lose_fair_odds,True,market_only,development,2024,hist_gradient_boosting
86,2025-01-15 17:30:00,benchmark_overround,True,market_only,development,2024,hist_gradient_boosting
87,2025-01-15 19:30:00,benchmark_home_prob,True,market_only,development,2024,hist_gradient_boosting
87,2025-01-15 19:30:00,benchmark_home_odds,True,market_only,development,2024,hist_gradient_boosting
87,2025-01-15 19:30:00,benchmark_away_not_lose_fair_odds,True,market_only,development,2024,hist_gradient_boosting
87,2025-01-15 19:30:00,benchmark_overround,True,market_only,development,2024,hist_gradient_boosting
88,2025-01-17 19:30:00,benchmark_home_prob,True,market_only,development,2024,hist_gradient_boosting
88,2025-01-17 19:30:00,benchmark_home_odds,True,market_only,development,2024,hist_gradient_boosting
88,2025-01-17 19:30:00,benchmark_away_not_lose_fair_odds,True,market_only,development,2024,hist_gradient_boosting
88,2025-01-17 19:30:00,benchmark_overround,True,market_only,development,2024,hist_gradient_boosting
89,2025-01-18 14:30:00,benchmark_home_prob,True,market_only,development,2024,hist_gradient_boosting
89,2025-01-18 14:30:00,benchmark_home_odds,True,market_only,development,2024,hist_gradient_boosting
89,2025-01-18 14:30:00,benchmark_away_not_lose_fair_odds,True,market_only,development,2024,hist_gradient_boosting
89,2025-01-18 14:30:00,benchmark_overround,True,market_only,development,2024,hist_gradient_boosting
90,2025-01-18 17:30:00,benchmark_home_prob,True,market_only,development,2024,hist_gradient_boosting
90,2025-01-18 17:30:00,benchmark_home_odds,True,market_only,development,2024,hist_gradient_boosting
90,2025-01-18 17:30:00,benchmark_away_not_lose_fair_odds,True,market_only,development,2024,hist_gradient_boosting
90,2025-01-18 17:30:00,benchmark_overround,True,market_only,development,2024,hist_gradient_boosting
91,2025-01-19 14:30:00,benchmark_home_prob,True,market_only,development,2024,hist_gradient_boosting
91,2025-01-19 14:30:00,benchmark_home_odds,True,market_only,development,2024,hist_gradient_boosting
91,2025-01-19 14:30:00,benchmark_away_not_lose_fair_odds,True,market_only,development,2024,hist_gradient_boosting
91,2025-01-19 14:30:00,benchmark_overround,True,market_only,development,2024,hist_gradient_boosting
92,2025-01-19 16:30:00,benchmark_home_prob,True,market_only,development,2024,hist_gradient_boosting
92,2025-01-19 16:30:00,benchmark_home_odds,True,market_only,development,2024,hist_gradient_boosting
92,2025-01-19 16:30:00,benchmark_away_not_lose_fair_odds,True,market_only,development,2024,hist_gradient_boosting
92,2025-01-19 16:30:00,benchmark_overround,True,market_only,development,2024,hist_gradient_boosting
93,2025-01-24 19:30:00,benchmark_home_prob,True,market_only,development,2024,hist_gradient_boosting
93,2025-01-24 19:30:00,benchmark_home_odds,True,market_only,development,2024,hist_gradient_boosting
93,2025-01-24 19:30:00,benchmark_away_not_lose_fair_odds,True,market_only,development,2024,hist_gradient_boosting
93,2025-01-24 19:30:00,benchmark_overround,True,market_only,development,2024,hist_gradient_boosting
94,2025-01-25 14:30:00,benchmark_home_prob,True,market_only,development,2024,hist_gradient_boosting
94,2025-01-25 14:30:00,benchmark_home_odds,True,market_only,development,2024,hist_gradient_boosting
94,2025-01-25 14:30:00,benchmark_away_not_lose_fair_odds,True,market_only,development,2024,hist_gradient_boosting
94,2025-01-25 14:30:00,benchmark_overround,True,market_only,development,2024,hist_gradient_boosting
95,2025-01-25 17:30:00,benchmark_home_prob,True,market_only,development,2024,hist_gradient_boosting
95,2025-01-25 17:30:00,benchmark_home_odds,True,market_only,development,2024,hist_gradient_boosting
95,2025-01-25 17:30:00,benchmark_away_not_lose_fair_odds,True,market_only,development,2024,hist_gradient_boosting
95,2025-01-25 17:30:00,benchmark_overround,True,market_only,development,2024,hist_gradient_boosting
96,2025-01-26 14:30:00,benchmark_home_prob,True,market_only,development,2024,hist_gradient_boosting
96,2025-01-26 14:30:00,benchmark_home_odds,True,market_only,development,2024,hist_gradient_boosting
96,2025-01-26 14:30:00,benchmark_away_not_lose_fair_odds,True,market_only,development,2024,hist_gradient_boosting
96,2025-01-26 14:30:00,benchmark_overround,True,market_only,development,2024,hist_gradient_boosting
97,2025-01-26 16:30:00,benchmark_home_prob,True,market_only,development,2024,hist_gradient_boosting
97,2025-01-26 16:30:00,benchmark_home_odds,True,market_only,development,2024,hist_gradient_boosting
97,2025-01-26 16:30:00,benchmark_away_not_lose_fair_odds,True,market_only,development,2024,hist_gradient_boosting
97,2025-01-26 16:30:00,benchmark_overround,True,market_only,development,2024,hist_gradient_boosting
98,2025-01-31 19:30:00,benchmark_home_prob,True,market_only,development,2024,hist_gradient_boosting
98,2025-01-31 19:30:00,benchmark_home_odds,True,market_only,development,2024,hist_gradient_boosting
98,2025-01-31 19:30:00,benchmark_away_not_lose_fair_odds,True,market_only,development,2024,hist_gradient_boosting
98,2025-01-31 19:30:00,benchmark_overround,True,market_only,development,2024,hist_gradient_boosting
99,2025-02-01 14:30:00,benchmark_home_prob,True,market_only,development,2024,hist_gradient_boosting
99,2025-02-01 14:30:00,benchmark_home_odds,True,market_only,development,2024,hist_gradient_boosting
99,2025-02-01 14:30:00,benchmark_away_not_lose_fair_odds,True,market_only,development,2024,hist_gradient_boosting
99,2025-02-01 14:30:00,benchmark_overround,True,market_only,development,2024,hist_gradient_boosting
100,2025-02-01 17:30:00,benchmark_home_prob,True,market_only,development,2024,hist_gradient_boosting
100,2025-02-01 17:30:00,benchmark_home_odds,True,market_only,development,2024,hist_gradient_boosting
100,2025-02-01 17:30:00,benchmark_away_not_lose_fair_odds,True,market_only,development,2024,hist_gradient_boosting
100,2025-02-01 17:30:00,benchmark_overround,True,market_only,development,2024,hist_gradient_boosting
101,2025-02-02 14:30:00,benchmark_home_prob,True,market_only,development,2024,hist_gradient_boosting
101,2025-02-02 14:30:00,benchmark_home_odds,True,market_only,development,2024,hist_gradient_boosting
101,2025-02-02 14:30:00,benchmark_away_not_lose_fair_odds,True,market_only,development,2024,hist_gradient_boosting
101,2025-02-02 14:30:00,benchmark_overround,True,market_only,development,2024,hist_gradient_boosting
102,2025-02-02 16:30:00,benchmark_home_prob,True,market_only,development,2024,hist_gradient_boosting
102,2025-02-02 16:30:00,benchmark_home_odds,True,market_only,development,2024,hist_gradient_boosting
102,2025-02-02 16:30:00,benchmark_away_not_lose_fair_odds,True,market_only,development,2024,hist_gradient_boosting
102,2025-02-02 16:30:00,benchmark_overround,True,market_only,development,2024,hist_gradient_boosting
103,2025-02-07 19:30:00,benchmark_home_prob,True,market_only,development,2024,hist_gradient_boosting
103,2025-02-07 19:30:00,benchmark_home_odds,True,market_only,development,2024,hist_gradient_boosting
103,2025-02-07 19:30:00,benchmark_away_not_lose_fair_odds,True,market_only,development,2024,hist_gradient_boosting
103,2025-02-07 19:30:00,benchmark_overround,True,market_only,development,2024,hist_gradient_boosting
104,2025-02-08 14:30:00,benchmark_home_prob,True,market_only,development,2024,hist_gradient_boosting
104,2025-02-08 14:30:00,benchmark_home_odds,True,market_only,development,2024,hist_gradient_boosting
104,2025-02-08 14:30:00,benchmark_away_not_lose_fair_odds,True,market_only,development,2024,hist_gradient_boosting
104,2025-02-08 14:30:00,benchmark_overround,True,market_only,development,2024,hist_gradient_boosting
105,2025-02-08 17:30:00,benchmark_home_prob,True,market_only,development,2024,hist_gradient_boosting
105,2025-02-08 17:30:00,benchmark_home_odds,True,market_only,development,2024,hist_gradient_boosting
105,2025-02-08 17:30:00,benchmark_away_not_lose_fair_odds,True,market_only,development,2024,hist_gradient_boosting
105,2025-02-08 17:30:00,benchmark_overround,True,market_only,development,2024,hist_gradient_boosting
106,2025-02-09 13:30:00,benchmark_home_prob,True,market_only,development,2024,hist_gradient_boosting
106,2025-02-09 13:30:00,benchmark_home_odds,True,market_only,development,2024,hist_gradient_boosting
106,2025-02-09 13:30:00,benchmark_away_not_lose_fair_odds,True,market_only,development,2024,hist_gradient_boosting
106,2025-02-09 13:30:00,benchmark_overround,True,market_only,development,2024,hist_gradient_boosting
107,2025-02-09 16:30:00,benchmark_home_prob,True,market_only,development,2024,hist_gradient_boosting
107,2025-02-09 16:30:00,benchmark_home_odds,True,market_only,development,2024,hist_gradient_boosting
107,2025-02-09 16:30:00,benchmark_away_not_lose_fair_odds,True,market_only,development,2024,hist_gradient_boosting
107,2025-02-09 16:30:00,benchmark_overround,True,market_only,development,2024,hist_gradient_boosting
108,2025-02-14 19:30:00,benchmark_home_prob,True,market_only,development,2024,hist_gradient_boosting
108,2025-02-14 19:30:00,benchmark_home_odds,True,market_only,development,2024,hist_gradient_boosting
108,2025-02-14 19:30:00,benchmark_away_not_lose_fair_odds,True,market_only,development,2024,hist_gradient_boosting
108,2025-02-14 19:30:00,benchmark_overround,True,market_only,development,2024,hist_gradient_boosting
109,2025-02-15 14:30:00,benchmark_home_prob,True,market_only,development,2024,hist_gradient_boosting
109,2025-02-15 14:30:00,benchmark_home_odds,True,market_only,development,2024,hist_gradient_boosting
109,2025-02-15 14:30:00,benchmark_away_not_lose_fair_odds,True,market_only,development,2024,hist_gradient_boosting
109,2025-02-15 14:30:00,benchmark_overround,True,market_only,development,2024,hist_gradient_boosting
110,2025-02-15 17:30:00,benchmark_home_prob,True,market_only,development,2024,hist_gradient_boosting
110,2025-02-15 17:30:00,benchmark_home_odds,True,market_only,development,2024,hist_gradient_boosting
110,2025-02-15 17:30:00,benchmark_away_not_lose_fair_odds,True,market_only,development,2024,hist_gradient_boosting
110,2025-02-15 17:30:00,benchmark_overround,True,market_only,development,2024,hist_gradient_boosting
111,2025-02-16 14:30:00,benchmark_home_prob,True,market_only,development,2024,hist_gradient_boosting
111,2025-02-16 14:30:00,benchmark_home_odds,True,market_only,development,2024,hist_gradient_boosting
111,2025-02-16 14:30:00,benchmark_away_not_lose_fair_odds,True,market_only,development,2024,hist_gradient_boosting
111,2025-02-16 14:30:00,benchmark_overround,True,market_only,development,2024,hist_gradient_boosting
112,2025-02-16 16:30:00,benchmark_home_prob,True,market_only,development,2024,hist_gradient_boosting
112,2025-02-16 16:30:00,benchmark_home_odds,True,market_only,development,2024,hist_gradient_boosting
112,2025-02-16 16:30:00,benchmark_away_not_lose_fair_odds,True,market_only,development,2024,hist_gradient_boosting
112,2025-02-16 16:30:00,benchmark_overround,True,market_only,development,2024,hist_gradient_boosting
113,2025-02-16 18:30:00,benchmark_home_prob,True,market_only,development,2024,hist_gradient_boosting
113,2025-02-16 18:30:00,benchmark_home_odds,True,market_only,development,2024,hist_gradient_boosting
113,2025-02-16 18:30:00,benchmark_away_not_lose_fair_odds,True,market_only,development,2024,hist_gradient_boosting
113,2025-02-16 18:30:00,benchmark_overround,True,market_only,development,2024,hist_gradient_boosting
114,2025-02-21 19:30:00,benchmark_home_prob,True,market_only,development,2024,hist_gradient_boosting
114,2025-02-21 19:30:00,benchmark_home_odds,True,market_only,development,2024,hist_gradient_boosting
114,2025-02-21 19:30:00,benchmark_away_not_lose_fair_odds,True,market_only,development,2024,hist_gradient_boosting
114,2025-02-21 19:30:00,benchmark_overround,True,market_only,development,2024,hist_gradient_boosting
115,2025-02-22 14:30:00,benchmark_home_prob,True,market_only,development,2024,hist_gradient_boosting
115,2025-02-22 14:30:00,benchmark_home_odds,True,market_only,development,2024,hist_gradient_boosting
115,2025-02-22 14:30:00,benchmark_away_not_lose_fair_odds,True,market_only,development,2024,hist_gradient_boosting
115,2025-02-22 14:30:00,benchmark_overround,True,market_only,development,2024,hist_gradient_boosting
116,2025-02-22 17:30:00,benchmark_home_prob,True,market_only,development,2024,hist_gradient_boosting
116,2025-02-22 17:30:00,benchmark_home_odds,True,market_only,development,2024,hist_gradient_boosting
116,2025-02-22 17:30:00,benchmark_away_not_lose_fair_odds,True,market_only,development,2024,hist_gradient_boosting
116,2025-02-22 17:30:00,benchmark_overround,True,market_only,development,2024,hist_gradient_boosting
117,2025-02-23 14:30:00,benchmark_home_prob,True,market_only,development,2024,hist_gradient_boosting
117,2025-02-23 14:30:00,benchmark_home_odds,True,market_only,development,2024,hist_gradient_boosting
117,2025-02-23 14:30:00,benchmark_away_not_lose_fair_odds,True,market_only,development,2024,hist_gradient_boosting
117,2025-02-23 14:30:00,benchmark_overround,True,market_only,development,2024,hist_gradient_boosting
118,2025-02-23 16:30:00,benchmark_home_prob,True,market_only,development,2024,hist_gradient_boosting
118,2025-02-23 16:30:00,benchmark_home_odds,True,market_only,development,2024,hist_gradient_boosting
118,2025-02-23 16:30:00,benchmark_away_not_lose_fair_odds,True,market_only,development,2024,hist_gradient_boosting
118,2025-02-23 16:30:00,benchmark_overround,True,market_only,development,2024,hist_gradient_boosting
119,2025-02-23 18:30:00,benchmark_home_prob,True,market_only,development,2024,hist_gradient_boosting
119,2025-02-23 18:30:00,benchmark_home_odds,True,market_only,development,2024,hist_gradient_boosting
119,2025-02-23 18:30:00,benchmark_away_not_lose_fair_odds,True,market_only,development,2024,hist_gradient_boosting
119,2025-02-23 18:30:00,benchmark_overround,True,market_only,development,2024,hist_gradient_boosting
120,2025-02-28 19:30:00,benchmark_home_prob,True,market_only,development,2024,hist_gradient_boosting
120,2025-02-28 19:30:00,benchmark_home_odds,True,market_only,development,2024,hist_gradient_boosting
120,2025-02-28 19:30:00,benchmark_away_not_lose_fair_odds,True,market_only,development,2024,hist_gradient_boosting
120,2025-02-28 19:30:00,benchmark_overround,True,market_only,development,2024,hist_gradient_boosting
121,2025-03-01 14:30:00,benchmark_home_prob,True,market_only,development,2024,hist_gradient_boosting
121,2025-03-01 14:30:00,benchmark_home_odds,True,market_only,development,2024,hist_gradient_boosting
121,2025-03-01 14:30:00,benchmark_away_not_lose_fair_odds,True,market_only,development,2024,hist_gradient_boosting
121,2025-03-01 14:30:00,benchmark_overround,True,market_only,development,2024,hist_gradient_boosting
122,2025-03-01 17:30:00,benchmark_home_prob,True,market_only,development,2024,hist_gradient_boosting
122,2025-03-01 17:30:00,benchmark_home_odds,True,market_only,development,2024,hist_gradient_boosting
122,2025-03-01 17:30:00,benchmark_away_not_lose_fair_odds,True,market_only,development,2024,hist_gradient_boosting
122,2025-03-01 17:30:00,benchmark_overround,True,market_only,development,2024,hist_gradient_boosting
123,2025-03-02 14:30:00,benchmark_home_prob,True,market_only,development,2024,hist_gradient_boosting
123,2025-03-02 14:30:00,benchmark_home_odds,True,market_only,development,2024,hist_gradient_boosting
123,2025-03-02 14:30:00,benchmark_away_not_lose_fair_odds,True,market_only,development,2024,hist_gradient_boosting
123,2025-03-02 14:30:00,benchmark_overround,True,market_only,development,2024,hist_gradient_boosting
124,2025-03-02 16:30:00,benchmark_home_prob,True,market_only,development,2024,hist_gradient_boosting
124,2025-03-02 16:30:00,benchmark_home_odds,True,market_only,development,2024,hist_gradient_boosting
124,2025-03-02 16:30:00,benchmark_away_not_lose_fair_odds,True,market_only,development,2024,hist_gradient_boosting
124,2025-03-02 16:30:00,benchmark_overround,True,market_only,development,2024,hist_gradient_boosting
125,2025-03-07 19:30:00,benchmark_home_prob,True,market_only,development,2024,hist_gradient_boosting
125,2025-03-07 19:30:00,benchmark_home_odds,True,market_only,development,2024,hist_gradient_boosting
125,2025-03-07 19:30:00,benchmark_away_not_lose_fair_odds,True,market_only,development,2024,hist_gradient_boosting
125,2025-03-07 19:30:00,benchmark_overround,True,market_only,development,2024,hist_gradient_boosting
126,2025-03-08 14:30:00,benchmark_home_prob,True,market_only,development,2024,hist_gradient_boosting
126,2025-03-08 14:30:00,benchmark_home_odds,True,market_only,development,2024,hist_gradient_boosting
126,2025-03-08 14:30:00,benchmark_away_not_lose_fair_odds,True,market_only,development,2024,hist_gradient_boosting
126,2025-03-08 14:30:00,benchmark_overround,True,market_only,development,2024,hist_gradient_boosting
127,2025-03-08 17:30:00,benchmark_home_prob,True,market_only,development,2024,hist_gradient_boosting
127,2025-03-08 17:30:00,benchmark_home_odds,True,market_only,development,2024,hist_gradient_boosting
127,2025-03-08 17:30:00,benchmark_away_not_lose_fair_odds,True,market_only,development,2024,hist_gradient_boosting
127,2025-03-08 17:30:00,benchmark_overround,True,market_only,development,2024,hist_gradient_boosting
128,2025-03-09 14:30:00,benchmark_home_prob,True,market_only,development,2024,hist_gradient_boosting
128,2025-03-09 14:30:00,benchmark_home_odds,True,market_only,development,2024,hist_gradient_boosting
128,2025-03-09 14:30:00,benchmark_away_not_lose_fair_odds,True,market_only,development,2024,hist_gradient_boosting
128,2025-03-09 14:30:00,benchmark_overround,True,market_only,development,2024,hist_gradient_boosting
129,2025-03-09 16:30:00,benchmark_home_prob,True,market_only,development,2024,hist_gradient_boosting
129,2025-03-09 16:30:00,benchmark_home_odds,True,market_only,development,2024,hist_gradient_boosting
129,2025-03-09 16:30:00,benchmark_away_not_lose_fair_odds,True,market_only,development,2024,hist_gradient_boosting
129,2025-03-09 16:30:00,benchmark_overround,True,market_only,development,2024,hist_gradient_boosting
130,2025-03-14 19:30:00,benchmark_home_prob,True,market_only,development,2024,hist_gradient_boosting
130,2025-03-14 19:30:00,benchmark_home_odds,True,market_only,development,2024,hist_gradient_boosting
130,2025-03-14 19:30:00,benchmark_away_not_lose_fair_odds,True,market_only,development,2024,hist_gradient_boosting
130,2025-03-14 19:30:00,benchmark_overround,True,market_only,development,2024,hist_gradient_boosting
131,2025-03-15 14:30:00,benchmark_home_prob,True,market_only,development,2024,hist_gradient_boosting
131,2025-03-15 14:30:00,benchmark_home_odds,True,market_only,development,2024,hist_gradient_boosting
131,2025-03-15 14:30:00,benchmark_away_not_lose_fair_odds,True,market_only,development,2024,hist_gradient_boosting
131,2025-03-15 14:30:00,benchmark_overround,True,market_only,development,2024,hist_gradient_boosting
132,2025-03-15 17:30:00,benchmark_home_prob,True,market_only,development,2024,hist_gradient_boosting
132,2025-03-15 17:30:00,benchmark_home_odds,True,market_only,development,2024,hist_gradient_boosting
132,2025-03-15 17:30:00,benchmark_away_not_lose_fair_odds,True,market_only,development,2024,hist_gradient_boosting
132,2025-03-15 17:30:00,benchmark_overround,True,market_only,development,2024,hist_gradient_boosting
133,2025-03-16 15:30:00,benchmark_home_prob,True,market_only,development,2024,hist_gradient_boosting
133,2025-03-16 15:30:00,benchmark_home_odds,True,market_only,development,2024,hist_gradient_boosting
133,2025-03-16 15:30:00,benchmark_away_not_lose_fair_odds,True,market_only,development,2024,hist_gradient_boosting
133,2025-03-16 15:30:00,benchmark_overround,True,market_only,development,2024,hist_gradient_boosting
134,2025-03-16 16:30:00,benchmark_home_prob,True,market_only,development,2024,hist_gradient_boosting
134,2025-03-16 16:30:00,benchmark_home_odds,True,market_only,development,2024,hist_gradient_boosting
134,2025-03-16 16:30:00,benchmark_away_not_lose_fair_odds,True,market_only,development,2024,hist_gradient_boosting
134,2025-03-16 16:30:00,benchmark_overround,True,market_only,development,2024,hist_gradient_boosting
135,2025-03-16 18:30:00,benchmark_home_prob,True,market_only,development,2024,hist_gradient_boosting
135,2025-03-16 18:30:00,benchmark_home_odds,True,market_only,development,2024,hist_gradient_boosting
135,2025-03-16 18:30:00,benchmark_away_not_lose_fair_odds,True,market_only,development,2024,hist_gradient_boosting
135,2025-03-16 18:30:00,benchmark_overround,True,market_only,development,2024,hist_gradient_boosting
136,2025-03-28 19:30:00,benchmark_home_prob,True,market_only,development,2024,hist_gradient_boosting
136,2025-03-28 19:30:00,benchmark_home_odds,True,market_only,development,2024,hist_gradient_boosting
136,2025-03-28 19:30:00,benchmark_away_not_lose_fair_odds,True,market_only,development,2024,hist_gradient_boosting
136,2025-03-28 19:30:00,benchmark_overround,True,market_only,development,2024,hist_gradient_boosting
137,2025-03-29 14:30:00,benchmark_home_prob,True,market_only,development,2024,hist_gradient_boosting
137,2025-03-29 14:30:00,benchmark_home_odds,True,market_only,development,2024,hist_gradient_boosting
137,2025-03-29 14:30:00,benchmark_away_not_lose_fair_odds,True,market_only,development,2024,hist_gradient_boosting
137,2025-03-29 14:30:00,benchmark_overround,True,market_only,development,2024,hist_gradient_boosting
138,2025-03-29 17:30:00,benchmark_home_prob,True,market_only,development,2024,hist_gradient_boosting
138,2025-03-29 17:30:00,benchmark_home_odds,True,market_only,development,2024,hist_gradient_boosting
138,2025-03-29 17:30:00,benchmark_away_not_lose_fair_odds,True,market_only,development,2024,hist_gradient_boosting
138,2025-03-29 17:30:00,benchmark_overround,True,market_only,development,2024,hist_gradient_boosting
139,2025-03-30 14:30:00,benchmark_home_prob,True,market_only,development,2024,hist_gradient_boosting
139,2025-03-30 14:30:00,benchmark_home_odds,True,market_only,development,2024,hist_gradient_boosting
139,2025-03-30 14:30:00,benchmark_away_not_lose_fair_odds,True,market_only,development,2024,hist_gradient_boosting
139,2025-03-30 14:30:00,benchmark_overround,True,market_only,development,2024,hist_gradient_boosting
140,2025-03-30 16:30:00,benchmark_home_prob,True,market_only,development,2024,hist_gradient_boosting
140,2025-03-30 16:30:00,benchmark_home_odds,True,market_only,development,2024,hist_gradient_boosting
140,2025-03-30 16:30:00,benchmark_away_not_lose_fair_odds,True,market_only,development,2024,hist_gradient_boosting
140,2025-03-30 16:30:00,benchmark_overround,True,market_only,development,2024,hist_gradient_boosting
141,2025-04-04 18:30:00,benchmark_home_prob,True,market_only,development,2024,hist_gradient_boosting
141,2025-04-04 18:30:00,benchmark_home_odds,True,market_only,development,2024,hist_gradient_boosting
141,2025-04-04 18:30:00,benchmark_away_not_lose_fair_odds,True,market_only,development,2024,hist_gradient_boosting
141,2025-04-04 18:30:00,benchmark_overround,True,market_only,development,2024,hist_gradient_boosting
142,2025-04-05 13:30:00,benchmark_home_prob,True,market_only,development,2024,hist_gradient_boosting
142,2025-04-05 13:30:00,benchmark_home_odds,True,market_only,development,2024,hist_gradient_boosting
142,2025-04-05 13:30:00,benchmark_away_not_lose_fair_odds,True,market_only,development,2024,hist_gradient_boosting
142,2025-04-05 13:30:00,benchmark_overround,True,market_only,development,2024,hist_gradient_boosting
143,2025-04-05 16:30:00,benchmark_home_prob,True,market_only,development,2024,hist_gradient_boosting
143,2025-04-05 16:30:00,benchmark_home_odds,True,market_only,development,2024,hist_gradient_boosting
143,2025-04-05 16:30:00,benchmark_away_not_lose_fair_odds,True,market_only,development,2024,hist_gradient_boosting
143,2025-04-05 16:30:00,benchmark_overround,True,market_only,development,2024,hist_gradient_boosting
144,2025-04-06 13:30:00,benchmark_home_prob,True,market_only,development,2024,hist_gradient_boosting
144,2025-04-06 13:30:00,benchmark_home_odds,True,market_only,development,2024,hist_gradient_boosting
144,2025-04-06 13:30:00,benchmark_away_not_lose_fair_odds,True,market_only,development,2024,hist_gradient_boosting
144,2025-04-06 13:30:00,benchmark_overround,True,market_only,development,2024,hist_gradient_boosting
145,2025-04-06 15:30:00,benchmark_home_prob,True,market_only,development,2024,hist_gradient_boosting
145,2025-04-06 15:30:00,benchmark_home_odds,True,market_only,development,2024,hist_gradient_boosting
145,2025-04-06 15:30:00,benchmark_away_not_lose_fair_odds,True,market_only,development,2024,hist_gradient_boosting
145,2025-04-06 15:30:00,benchmark_overround,True,market_only,development,2024,hist_gradient_boosting
146,2025-04-11 18:30:00,benchmark_home_prob,True,market_only,development,2024,hist_gradient_boosting
146,2025-04-11 18:30:00,benchmark_home_odds,True,market_only,development,2024,hist_gradient_boosting
146,2025-04-11 18:30:00,benchmark_away_not_lose_fair_odds,True,market_only,development,2024,hist_gradient_boosting
146,2025-04-11 18:30:00,benchmark_overround,True,market_only,development,2024,hist_gradient_boosting
147,2025-04-12 13:30:00,benchmark_home_prob,True,market_only,development,2024,hist_gradient_boosting
147,2025-04-12 13:30:00,benchmark_home_odds,True,market_only,development,2024,hist_gradient_boosting
147,2025-04-12 13:30:00,benchmark_away_not_lose_fair_odds,True,market_only,development,2024,hist_gradient_boosting
147,2025-04-12 13:30:00,benchmark_overround,True,market_only,development,2024,hist_gradient_boosting
148,2025-04-12 16:30:00,benchmark_home_prob,True,market_only,development,2024,hist_gradient_boosting
148,2025-04-12 16:30:00,benchmark_home_odds,True,market_only,development,2024,hist_gradient_boosting
148,2025-04-12 16:30:00,benchmark_away_not_lose_fair_odds,True,market_only,development,2024,hist_gradient_boosting
148,2025-04-12 16:30:00,benchmark_overround,True,market_only,development,2024,hist_gradient_boosting
149,2025-04-13 13:30:00,benchmark_home_prob,True,market_only,development,2024,hist_gradient_boosting
149,2025-04-13 13:30:00,benchmark_home_odds,True,market_only,development,2024,hist_gradient_boosting
149,2025-04-13 13:30:00,benchmark_away_not_lose_fair_odds,True,market_only,development,2024,hist_gradient_boosting
149,2025-04-13 13:30:00,benchmark_overround,True,market_only,development,2024,hist_gradient_boosting
150,2025-04-13 15:30:00,benchmark_home_prob,True,market_only,development,2024,hist_gradient_boosting
150,2025-04-13 15:30:00,benchmark_home_odds,True,market_only,development,2024,hist_gradient_boosting
150,2025-04-13 15:30:00,benchmark_away_not_lose_fair_odds,True,market_only,development,2024,hist_gradient_boosting
150,2025-04-13 15:30:00,benchmark_overround,True,market_only,development,2024,hist_gradient_boosting
151,2025-04-19 13:30:00,benchmark_home_prob,True,market_only,development,2024,hist_gradient_boosting
151,2025-04-19 13:30:00,benchmark_home_odds,True,market_only,development,2024,hist_gradient_boosting
151,2025-04-19 13:30:00,benchmark_away_not_lose_fair_odds,True,market_only,development,2024,hist_gradient_boosting
151,2025-04-19 13:30:00,benchmark_overround,True,market_only,development,2024,hist_gradient_boosting
152,2025-04-19 16:30:00,benchmark_home_prob,True,market_only,development,2024,hist_gradient_boosting
152,2025-04-19 16:30:00,benchmark_home_odds,True,market_only,development,2024,hist_gradient_boosting
152,2025-04-19 16:30:00,benchmark_away_not_lose_fair_odds,True,market_only,development,2024,hist_gradient_boosting
152,2025-04-19 16:30:00,benchmark_overround,True,market_only,development,2024,hist_gradient_boosting
153,2025-04-20 13:30:00,benchmark_home_prob,True,market_only,development,2024,hist_gradient_boosting
153,2025-04-20 13:30:00,benchmark_home_odds,True,market_only,development,2024,hist_gradient_boosting
153,2025-04-20 13:30:00,benchmark_away_not_lose_fair_odds,True,market_only,development,2024,hist_gradient_boosting
153,2025-04-20 13:30:00,benchmark_overround,True,market_only,development,2024,hist_gradient_boosting
154,2025-04-20 15:30:00,benchmark_home_prob,True,market_only,development,2024,hist_gradient_boosting
154,2025-04-20 15:30:00,benchmark_home_odds,True,market_only,development,2024,hist_gradient_boosting
154,2025-04-20 15:30:00,benchmark_away_not_lose_fair_odds,True,market_only,development,2024,hist_gradient_boosting
154,2025-04-20 15:30:00,benchmark_overround,True,market_only,development,2024,hist_gradient_boosting
155,2025-04-20 17:30:00,benchmark_home_prob,True,market_only,development,2024,hist_gradient_boosting
155,2025-04-20 17:30:00,benchmark_home_odds,True,market_only,development,2024,hist_gradient_boosting
155,2025-04-20 17:30:00,benchmark_away_not_lose_fair_odds,True,market_only,development,2024,hist_gradient_boosting
155,2025-04-20 17:30:00,benchmark_overround,True,market_only,development,2024,hist_gradient_boosting
156,2025-04-25 18:30:00,benchmark_home_prob,True,market_only,development,2024,hist_gradient_boosting
156,2025-04-25 18:30:00,benchmark_home_odds,True,market_only,development,2024,hist_gradient_boosting
156,2025-04-25 18:30:00,benchmark_away_not_lose_fair_odds,True,market_only,development,2024,hist_gradient_boosting
156,2025-04-25 18:30:00,benchmark_overround,True,market_only,development,2024,hist_gradient_boosting
157,2025-04-26 13:30:00,benchmark_home_prob,True,market_only,development,2024,hist_gradient_boosting
157,2025-04-26 13:30:00,benchmark_home_odds,True,market_only,development,2024,hist_gradient_boosting
157,2025-04-26 13:30:00,benchmark_away_not_lose_fair_odds,True,market_only,development,2024,hist_gradient_boosting
157,2025-04-26 13:30:00,benchmark_overround,True,market_only,development,2024,hist_gradient_boosting
158,2025-04-26 16:30:00,benchmark_home_prob,True,market_only,development,2024,hist_gradient_boosting
158,2025-04-26 16:30:00,benchmark_home_odds,True,market_only,development,2024,hist_gradient_boosting
158,2025-04-26 16:30:00,benchmark_away_not_lose_fair_odds,True,market_only,development,2024,hist_gradient_boosting
158,2025-04-26 16:30:00,benchmark_overround,True,market_only,development,2024,hist_gradient_boosting
159,2025-04-27 13:30:00,benchmark_home_prob,True,market_only,development,2024,hist_gradient_boosting
159,2025-04-27 13:30:00,benchmark_home_odds,True,market_only,development,2024,hist_gradient_boosting
159,2025-04-27 13:30:00,benchmark_away_not_lose_fair_odds,True,market_only,development,2024,hist_gradient_boosting
159,2025-04-27 13:30:00,benchmark_overround,True,market_only,development,2024,hist_gradient_boosting
160,2025-04-27 15:30:00,benchmark_home_prob,True,market_only,development,2024,hist_gradient_boosting
160,2025-04-27 15:30:00,benchmark_home_odds,True,market_only,development,2024,hist_gradient_boosting
160,2025-04-27 15:30:00,benchmark_away_not_lose_fair_odds,True,market_only,development,2024,hist_gradient_boosting
160,2025-04-27 15:30:00,benchmark_overround,True,market_only,development,2024,hist_gradient_boosting
161,2025-05-02 18:30:00,benchmark_home_prob,True,market_only,development,2024,hist_gradient_boosting
161,2025-05-02 18:30:00,benchmark_home_odds,True,market_only,development,2024,hist_gradient_boosting
161,2025-05-02 18:30:00,benchmark_away_not_lose_fair_odds,True,market_only,development,2024,hist_gradient_boosting
161,2025-05-02 18:30:00,benchmark_overround,True,market_only,development,2024,hist_gradient_boosting
162,2025-05-03 13:30:00,benchmark_home_prob,True,market_only,development,2024,hist_gradient_boosting
162,2025-05-03 13:30:00,benchmark_home_odds,True,market_only,development,2024,hist_gradient_boosting
162,2025-05-03 13:30:00,benchmark_away_not_lose_fair_odds,True,market_only,development,2024,hist_gradient_boosting
162,2025-05-03 13:30:00,benchmark_overround,True,market_only,development,2024,hist_gradient_boosting
163,2025-05-03 16:30:00,benchmark_home_prob,True,market_only,development,2024,hist_gradient_boosting
163,2025-05-03 16:30:00,benchmark_home_odds,True,market_only,development,2024,hist_gradient_boosting
163,2025-05-03 16:30:00,benchmark_away_not_lose_fair_odds,True,market_only,development,2024,hist_gradient_boosting
163,2025-05-03 16:30:00,benchmark_overround,True,market_only,development,2024,hist_gradient_boosting
164,2025-05-04 13:30:00,benchmark_home_prob,True,market_only,development,2024,hist_gradient_boosting
164,2025-05-04 13:30:00,benchmark_home_odds,True,market_only,development,2024,hist_gradient_boosting
164,2025-05-04 13:30:00,benchmark_away_not_lose_fair_odds,True,market_only,development,2024,hist_gradient_boosting
164,2025-05-04 13:30:00,benchmark_overround,True,market_only,development,2024,hist_gradient_boosting
165,2025-05-04 15:30:00,benchmark_home_prob,True,market_only,development,2024,hist_gradient_boosting
165,2025-05-04 15:30:00,benchmark_home_odds,True,market_only,development,2024,hist_gradient_boosting
165,2025-05-04 15:30:00,benchmark_away_not_lose_fair_odds,True,market_only,development,2024,hist_gradient_boosting
165,2025-05-04 15:30:00,benchmark_overround,True,market_only,development,2024,hist_gradient_boosting
166,2025-05-04 17:30:00,benchmark_home_prob,True,market_only,development,2024,hist_gradient_boosting
166,2025-05-04 17:30:00,benchmark_home_odds,True,market_only,development,2024,hist_gradient_boosting
166,2025-05-04 17:30:00,benchmark_away_not_lose_fair_odds,True,market_only,development,2024,hist_gradient_boosting
166,2025-05-04 17:30:00,benchmark_overround,True,market_only,development,2024,hist_gradient_boosting
167,2025-05-09 18:30:00,benchmark_home_prob,True,market_only,development,2024,hist_gradient_boosting
167,2025-05-09 18:30:00,benchmark_home_odds,True,market_only,development,2024,hist_gradient_boosting
167,2025-05-09 18:30:00,benchmark_away_not_lose_fair_odds,True,market_only,development,2024,hist_gradient_boosting
167,2025-05-09 18:30:00,benchmark_overround,True,market_only,development,2024,hist_gradient_boosting
168,2025-05-10 13:30:00,benchmark_home_prob,True,market_only,development,2024,hist_gradient_boosting
168,2025-05-10 13:30:00,benchmark_home_odds,True,market_only,development,2024,hist_gradient_boosting
168,2025-05-10 13:30:00,benchmark_away_not_lose_fair_odds,True,market_only,development,2024,hist_gradient_boosting
168,2025-05-10 13:30:00,benchmark_overround,True,market_only,development,2024,hist_gradient_boosting
169,2025-05-10 16:30:00,benchmark_home_prob,True,market_only,development,2024,hist_gradient_boosting
169,2025-05-10 16:30:00,benchmark_home_odds,True,market_only,development,2024,hist_gradient_boosting
169,2025-05-10 16:30:00,benchmark_away_not_lose_fair_odds,True,market_only,development,2024,hist_gradient_boosting
169,2025-05-10 16:30:00,benchmark_overround,True,market_only,development,2024,hist_gradient_boosting
170,2025-05-11 13:30:00,benchmark_home_prob,True,market_only,development,2024,hist_gradient_boosting
170,2025-05-11 13:30:00,benchmark_home_odds,True,market_only,development,2024,hist_gradient_boosting
170,2025-05-11 13:30:00,benchmark_away_not_lose_fair_odds,True,market_only,development,2024,hist_gradient_boosting
170,2025-05-11 13:30:00,benchmark_overround,True,market_only,development,2024,hist_gradient_boosting
171,2025-05-11 15:30:00,benchmark_home_prob,True,market_only,development,2024,hist_gradient_boosting
171,2025-05-11 15:30:00,benchmark_home_odds,True,market_only,development,2024,hist_gradient_boosting
171,2025-05-11 15:30:00,benchmark_away_not_lose_fair_odds,True,market_only,development,2024,hist_gradient_boosting
171,2025-05-11 15:30:00,benchmark_overround,True,market_only,development,2024,hist_gradient_boosting
172,2025-05-11 17:30:00,benchmark_home_prob,True,market_only,development,2024,hist_gradient_boosting
172,2025-05-11 17:30:00,benchmark_home_odds,True,market_only,development,2024,hist_gradient_boosting
172,2025-05-11 17:30:00,benchmark_away_not_lose_fair_odds,True,market_only,development,2024,hist_gradient_boosting
172,2025-05-11 17:30:00,benchmark_overround,True,market_only,development,2024,hist_gradient_boosting
173,2025-05-17 13:30:00,benchmark_home_prob,True,market_only,development,2024,hist_gradient_boosting
173,2025-05-17 13:30:00,benchmark_home_odds,True,market_only,development,2024,hist_gradient_boosting
173,2025-05-17 13:30:00,benchmark_away_not_lose_fair_odds,True,market_only,development,2024,hist_gradient_boosting
173,2025-05-17 13:30:00,benchmark_overround,True,market_only,development,2024,hist_gradient_boosting
1,2025-08-22 18:30:00,benchmark_home_prob,True,market_only,test,2025,hist_gradient_boosting
1,2025-08-22 18:30:00,benchmark_home_odds,True,market_only,test,2025,hist_gradient_boosting
1,2025-08-22 18:30:00,benchmark_away_not_lose_fair_odds,True,market_only,test,2025,hist_gradient_boosting
1,2025-08-22 18:30:00,benchmark_overround,True,market_only,test,2025,hist_gradient_boosting
2,2025-08-23 13:30:00,benchmark_home_prob,True,market_only,test,2025,hist_gradient_boosting
2,2025-08-23 13:30:00,benchmark_home_odds,True,market_only,test,2025,hist_gradient_boosting
2,2025-08-23 13:30:00,benchmark_away_not_lose_fair_odds,True,market_only,test,2025,hist_gradient_boosting
2,2025-08-23 13:30:00,benchmark_overround,True,market_only,test,2025,hist_gradient_boosting
3,2025-08-23 16:30:00,benchmark_home_prob,True,market_only,test,2025,hist_gradient_boosting
3,2025-08-23 16:30:00,benchmark_home_odds,True,market_only,test,2025,hist_gradient_boosting
3,2025-08-23 16:30:00,benchmark_away_not_lose_fair_odds,True,market_only,test,2025,hist_gradient_boosting
3,2025-08-23 16:30:00,benchmark_overround,True,market_only,test,2025,hist_gradient_boosting
4,2025-08-24 13:30:00,benchmark_home_prob,True,market_only,test,2025,hist_gradient_boosting
4,2025-08-24 13:30:00,benchmark_home_odds,True,market_only,test,2025,hist_gradient_boosting
4,2025-08-24 13:30:00,benchmark_away_not_lose_fair_odds,True,market_only,test,2025,hist_gradient_boosting
4,2025-08-24 13:30:00,benchmark_overround,True,market_only,test,2025,hist_gradient_boosting
5,2025-08-24 15:30:00,benchmark_home_prob,True,market_only,test,2025,hist_gradient_boosting
5,2025-08-24 15:30:00,benchmark_home_odds,True,market_only,test,2025,hist_gradient_boosting
5,2025-08-24 15:30:00,benchmark_away_not_lose_fair_odds,True,market_only,test,2025,hist_gradient_boosting
5,2025-08-24 15:30:00,benchmark_overround,True,market_only,test,2025,hist_gradient_boosting
6,2025-08-29 18:30:00,benchmark_home_prob,True,market_only,test,2025,hist_gradient_boosting
6,2025-08-29 18:30:00,benchmark_home_odds,True,market_only,test,2025,hist_gradient_boosting
6,2025-08-29 18:30:00,benchmark_away_not_lose_fair_odds,True,market_only,test,2025,hist_gradient_boosting
6,2025-08-29 18:30:00,benchmark_overround,True,market_only,test,2025,hist_gradient_boosting
7,2025-08-30 13:30:00,benchmark_home_prob,True,market_only,test,2025,hist_gradient_boosting
7,2025-08-30 13:30:00,benchmark_home_odds,True,market_only,test,2025,hist_gradient_boosting
7,2025-08-30 13:30:00,benchmark_away_not_lose_fair_odds,True,market_only,test,2025,hist_gradient_boosting
7,2025-08-30 13:30:00,benchmark_overround,True,market_only,test,2025,hist_gradient_boosting
8,2025-08-30 16:30:00,benchmark_home_prob,True,market_only,test,2025,hist_gradient_boosting
8,2025-08-30 16:30:00,benchmark_home_odds,True,market_only,test,2025,hist_gradient_boosting
8,2025-08-30 16:30:00,benchmark_away_not_lose_fair_odds,True,market_only,test,2025,hist_gradient_boosting
8,2025-08-30 16:30:00,benchmark_overround,True,market_only,test,2025,hist_gradient_boosting
9,2025-08-31 13:30:00,benchmark_home_prob,True,market_only,test,2025,hist_gradient_boosting
9,2025-08-31 13:30:00,benchmark_home_odds,True,market_only,test,2025,hist_gradient_boosting
9,2025-08-31 13:30:00,benchmark_away_not_lose_fair_odds,True,market_only,test,2025,hist_gradient_boosting
9,2025-08-31 13:30:00,benchmark_overround,True,market_only,test,2025,hist_gradient_boosting
10,2025-08-31 15:30:00,benchmark_home_prob,True,market_only,test,2025,hist_gradient_boosting
10,2025-08-31 15:30:00,benchmark_home_odds,True,market_only,test,2025,hist_gradient_boosting
10,2025-08-31 15:30:00,benchmark_away_not_lose_fair_odds,True,market_only,test,2025,hist_gradient_boosting
10,2025-08-31 15:30:00,benchmark_overround,True,market_only,test,2025,hist_gradient_boosting
11,2025-08-31 17:30:00,benchmark_home_prob,True,market_only,test,2025,hist_gradient_boosting
11,2025-08-31 17:30:00,benchmark_home_odds,True,market_only,test,2025,hist_gradient_boosting
11,2025-08-31 17:30:00,benchmark_away_not_lose_fair_odds,True,market_only,test,2025,hist_gradient_boosting
11,2025-08-31 17:30:00,benchmark_overround,True,market_only,test,2025,hist_gradient_boosting
12,2025-09-12 18:30:00,benchmark_home_prob,True,market_only,test,2025,hist_gradient_boosting
12,2025-09-12 18:30:00,benchmark_home_odds,True,market_only,test,2025,hist_gradient_boosting
12,2025-09-12 18:30:00,benchmark_away_not_lose_fair_odds,True,market_only,test,2025,hist_gradient_boosting
12,2025-09-12 18:30:00,benchmark_overround,True,market_only,test,2025,hist_gradient_boosting
13,2025-09-13 13:30:00,benchmark_home_prob,True,market_only,test,2025,hist_gradient_boosting
13,2025-09-13 13:30:00,benchmark_home_odds,True,market_only,test,2025,hist_gradient_boosting
13,2025-09-13 13:30:00,benchmark_away_not_lose_fair_odds,True,market_only,test,2025,hist_gradient_boosting
13,2025-09-13 13:30:00,benchmark_overround,True,market_only,test,2025,hist_gradient_boosting
14,2025-09-13 16:30:00,benchmark_home_prob,True,market_only,test,2025,hist_gradient_boosting
14,2025-09-13 16:30:00,benchmark_home_odds,True,market_only,test,2025,hist_gradient_boosting
14,2025-09-13 16:30:00,benchmark_away_not_lose_fair_odds,True,market_only,test,2025,hist_gradient_boosting
14,2025-09-13 16:30:00,benchmark_overround,True,market_only,test,2025,hist_gradient_boosting
15,2025-09-14 13:30:00,benchmark_home_prob,True,market_only,test,2025,hist_gradient_boosting
15,2025-09-14 13:30:00,benchmark_home_odds,True,market_only,test,2025,hist_gradient_boosting
15,2025-09-14 13:30:00,benchmark_away_not_lose_fair_odds,True,market_only,test,2025,hist_gradient_boosting
15,2025-09-14 13:30:00,benchmark_overround,True,market_only,test,2025,hist_gradient_boosting
16,2025-09-14 15:30:00,benchmark_home_prob,True,market_only,test,2025,hist_gradient_boosting
16,2025-09-14 15:30:00,benchmark_home_odds,True,market_only,test,2025,hist_gradient_boosting
16,2025-09-14 15:30:00,benchmark_away_not_lose_fair_odds,True,market_only,test,2025,hist_gradient_boosting
16,2025-09-14 15:30:00,benchmark_overround,True,market_only,test,2025,hist_gradient_boosting
17,2025-09-19 18:30:00,benchmark_home_prob,True,market_only,test,2025,hist_gradient_boosting
17,2025-09-19 18:30:00,benchmark_home_odds,True,market_only,test,2025,hist_gradient_boosting
17,2025-09-19 18:30:00,benchmark_away_not_lose_fair_odds,True,market_only,test,2025,hist_gradient_boosting
17,2025-09-19 18:30:00,benchmark_overround,True,market_only,test,2025,hist_gradient_boosting
18,2025-09-20 13:30:00,benchmark_home_prob,True,market_only,test,2025,hist_gradient_boosting
18,2025-09-20 13:30:00,benchmark_home_odds,True,market_only,test,2025,hist_gradient_boosting
18,2025-09-20 13:30:00,benchmark_away_not_lose_fair_odds,True,market_only,test,2025,hist_gradient_boosting
18,2025-09-20 13:30:00,benchmark_overround,True,market_only,test,2025,hist_gradient_boosting
19,2025-09-20 16:30:00,benchmark_home_prob,True,market_only,test,2025,hist_gradient_boosting
19,2025-09-20 16:30:00,benchmark_home_odds,True,market_only,test,2025,hist_gradient_boosting
19,2025-09-20 16:30:00,benchmark_away_not_lose_fair_odds,True,market_only,test,2025,hist_gradient_boosting
19,2025-09-20 16:30:00,benchmark_overround,True,market_only,test,2025,hist_gradient_boosting
20,2025-09-21 13:30:00,benchmark_home_prob,True,market_only,test,2025,hist_gradient_boosting
20,2025-09-21 13:30:00,benchmark_home_odds,True,market_only,test,2025,hist_gradient_boosting
20,2025-09-21 13:30:00,benchmark_away_not_lose_fair_odds,True,market_only,test,2025,hist_gradient_boosting
20,2025-09-21 13:30:00,benchmark_overround,True,market_only,test,2025,hist_gradient_boosting
21,2025-09-21 15:30:00,benchmark_home_prob,True,market_only,test,2025,hist_gradient_boosting
21,2025-09-21 15:30:00,benchmark_home_odds,True,market_only,test,2025,hist_gradient_boosting
21,2025-09-21 15:30:00,benchmark_away_not_lose_fair_odds,True,market_only,test,2025,hist_gradient_boosting
21,2025-09-21 15:30:00,benchmark_overround,True,market_only,test,2025,hist_gradient_boosting
22,2025-09-21 17:30:00,benchmark_home_prob,True,market_only,test,2025,hist_gradient_boosting
22,2025-09-21 17:30:00,benchmark_home_odds,True,market_only,test,2025,hist_gradient_boosting
22,2025-09-21 17:30:00,benchmark_away_not_lose_fair_odds,True,market_only,test,2025,hist_gradient_boosting
22,2025-09-21 17:30:00,benchmark_overround,True,market_only,test,2025,hist_gradient_boosting
23,2025-09-26 18:30:00,benchmark_home_prob,True,market_only,test,2025,hist_gradient_boosting
23,2025-09-26 18:30:00,benchmark_home_odds,True,market_only,test,2025,hist_gradient_boosting
23,2025-09-26 18:30:00,benchmark_away_not_lose_fair_odds,True,market_only,test,2025,hist_gradient_boosting
23,2025-09-26 18:30:00,benchmark_overround,True,market_only,test,2025,hist_gradient_boosting
24,2025-09-27 13:30:00,benchmark_home_prob,True,market_only,test,2025,hist_gradient_boosting
24,2025-09-27 13:30:00,benchmark_home_odds,True,market_only,test,2025,hist_gradient_boosting
24,2025-09-27 13:30:00,benchmark_away_not_lose_fair_odds,True,market_only,test,2025,hist_gradient_boosting
24,2025-09-27 13:30:00,benchmark_overround,True,market_only,test,2025,hist_gradient_boosting
25,2025-09-27 16:30:00,benchmark_home_prob,True,market_only,test,2025,hist_gradient_boosting
25,2025-09-27 16:30:00,benchmark_home_odds,True,market_only,test,2025,hist_gradient_boosting
25,2025-09-27 16:30:00,benchmark_away_not_lose_fair_odds,True,market_only,test,2025,hist_gradient_boosting
25,2025-09-27 16:30:00,benchmark_overround,True,market_only,test,2025,hist_gradient_boosting
26,2025-09-28 13:30:00,benchmark_home_prob,True,market_only,test,2025,hist_gradient_boosting
26,2025-09-28 13:30:00,benchmark_home_odds,True,market_only,test,2025,hist_gradient_boosting
26,2025-09-28 13:30:00,benchmark_away_not_lose_fair_odds,True,market_only,test,2025,hist_gradient_boosting
26,2025-09-28 13:30:00,benchmark_overround,True,market_only,test,2025,hist_gradient_boosting
27,2025-09-28 15:30:00,benchmark_home_prob,True,market_only,test,2025,hist_gradient_boosting
27,2025-09-28 15:30:00,benchmark_home_odds,True,market_only,test,2025,hist_gradient_boosting
27,2025-09-28 15:30:00,benchmark_away_not_lose_fair_odds,True,market_only,test,2025,hist_gradient_boosting
27,2025-09-28 15:30:00,benchmark_overround,True,market_only,test,2025,hist_gradient_boosting
28,2025-09-28 17:30:00,benchmark_home_prob,True,market_only,test,2025,hist_gradient_boosting
28,2025-09-28 17:30:00,benchmark_home_odds,True,market_only,test,2025,hist_gradient_boosting
28,2025-09-28 17:30:00,benchmark_away_not_lose_fair_odds,True,market_only,test,2025,hist_gradient_boosting
28,2025-09-28 17:30:00,benchmark_overround,True,market_only,test,2025,hist_gradient_boosting
29,2025-10-03 18:30:00,benchmark_home_prob,True,market_only,test,2025,hist_gradient_boosting
29,2025-10-03 18:30:00,benchmark_home_odds,True,market_only,test,2025,hist_gradient_boosting
29,2025-10-03 18:30:00,benchmark_away_not_lose_fair_odds,True,market_only,test,2025,hist_gradient_boosting
29,2025-10-03 18:30:00,benchmark_overround,True,market_only,test,2025,hist_gradient_boosting
30,2025-10-04 13:30:00,benchmark_home_prob,True,market_only,test,2025,hist_gradient_boosting
30,2025-10-04 13:30:00,benchmark_home_odds,True,market_only,test,2025,hist_gradient_boosting
30,2025-10-04 13:30:00,benchmark_away_not_lose_fair_odds,True,market_only,test,2025,hist_gradient_boosting
30,2025-10-04 13:30:00,benchmark_overround,True,market_only,test,2025,hist_gradient_boosting
31,2025-10-04 16:30:00,benchmark_home_prob,True,market_only,test,2025,hist_gradient_boosting
31,2025-10-04 16:30:00,benchmark_home_odds,True,market_only,test,2025,hist_gradient_boosting
31,2025-10-04 16:30:00,benchmark_away_not_lose_fair_odds,True,market_only,test,2025,hist_gradient_boosting
31,2025-10-04 16:30:00,benchmark_overround,True,market_only,test,2025,hist_gradient_boosting
32,2025-10-05 13:30:00,benchmark_home_prob,True,market_only,test,2025,hist_gradient_boosting
32,2025-10-05 13:30:00,benchmark_home_odds,True,market_only,test,2025,hist_gradient_boosting
32,2025-10-05 13:30:00,benchmark_away_not_lose_fair_odds,True,market_only,test,2025,hist_gradient_boosting
32,2025-10-05 13:30:00,benchmark_overround,True,market_only,test,2025,hist_gradient_boosting
33,2025-10-05 15:30:00,benchmark_home_prob,True,market_only,test,2025,hist_gradient_boosting
33,2025-10-05 15:30:00,benchmark_home_odds,True,market_only,test,2025,hist_gradient_boosting
33,2025-10-05 15:30:00,benchmark_away_not_lose_fair_odds,True,market_only,test,2025,hist_gradient_boosting
33,2025-10-05 15:30:00,benchmark_overround,True,market_only,test,2025,hist_gradient_boosting
34,2025-10-05 17:30:00,benchmark_home_prob,True,market_only,test,2025,hist_gradient_boosting
34,2025-10-05 17:30:00,benchmark_home_odds,True,market_only,test,2025,hist_gradient_boosting
34,2025-10-05 17:30:00,benchmark_away_not_lose_fair_odds,True,market_only,test,2025,hist_gradient_boosting
34,2025-10-05 17:30:00,benchmark_overround,True,market_only,test,2025,hist_gradient_boosting
35,2025-10-17 18:30:00,benchmark_home_prob,True,market_only,test,2025,hist_gradient_boosting
35,2025-10-17 18:30:00,benchmark_home_odds,True,market_only,test,2025,hist_gradient_boosting
35,2025-10-17 18:30:00,benchmark_away_not_lose_fair_odds,True,market_only,test,2025,hist_gradient_boosting
35,2025-10-17 18:30:00,benchmark_overround,True,market_only,test,2025,hist_gradient_boosting
36,2025-10-18 13:30:00,benchmark_home_prob,True,market_only,test,2025,hist_gradient_boosting
36,2025-10-18 13:30:00,benchmark_home_odds,True,market_only,test,2025,hist_gradient_boosting
36,2025-10-18 13:30:00,benchmark_away_not_lose_fair_odds,True,market_only,test,2025,hist_gradient_boosting
36,2025-10-18 13:30:00,benchmark_overround,True,market_only,test,2025,hist_gradient_boosting
37,2025-10-18 16:30:00,benchmark_home_prob,True,market_only,test,2025,hist_gradient_boosting
37,2025-10-18 16:30:00,benchmark_home_odds,True,market_only,test,2025,hist_gradient_boosting
37,2025-10-18 16:30:00,benchmark_away_not_lose_fair_odds,True,market_only,test,2025,hist_gradient_boosting
37,2025-10-18 16:30:00,benchmark_overround,True,market_only,test,2025,hist_gradient_boosting
38,2025-10-19 13:30:00,benchmark_home_prob,True,market_only,test,2025,hist_gradient_boosting
38,2025-10-19 13:30:00,benchmark_home_odds,True,market_only,test,2025,hist_gradient_boosting
38,2025-10-19 13:30:00,benchmark_away_not_lose_fair_odds,True,market_only,test,2025,hist_gradient_boosting
38,2025-10-19 13:30:00,benchmark_overround,True,market_only,test,2025,hist_gradient_boosting
39,2025-10-19 15:30:00,benchmark_home_prob,True,market_only,test,2025,hist_gradient_boosting
39,2025-10-19 15:30:00,benchmark_home_odds,True,market_only,test,2025,hist_gradient_boosting
39,2025-10-19 15:30:00,benchmark_away_not_lose_fair_odds,True,market_only,test,2025,hist_gradient_boosting
39,2025-10-19 15:30:00,benchmark_overround,True,market_only,test,2025,hist_gradient_boosting
40,2025-10-24 18:30:00,benchmark_home_prob,True,market_only,test,2025,hist_gradient_boosting
40,2025-10-24 18:30:00,benchmark_home_odds,True,market_only,test,2025,hist_gradient_boosting
40,2025-10-24 18:30:00,benchmark_away_not_lose_fair_odds,True,market_only,test,2025,hist_gradient_boosting
40,2025-10-24 18:30:00,benchmark_overround,True,market_only,test,2025,hist_gradient_boosting
41,2025-10-25 13:30:00,benchmark_home_prob,True,market_only,test,2025,hist_gradient_boosting
41,2025-10-25 13:30:00,benchmark_home_odds,True,market_only,test,2025,hist_gradient_boosting
41,2025-10-25 13:30:00,benchmark_away_not_lose_fair_odds,True,market_only,test,2025,hist_gradient_boosting
41,2025-10-25 13:30:00,benchmark_overround,True,market_only,test,2025,hist_gradient_boosting
42,2025-10-25 16:30:00,benchmark_home_prob,True,market_only,test,2025,hist_gradient_boosting
42,2025-10-25 16:30:00,benchmark_home_odds,True,market_only,test,2025,hist_gradient_boosting
42,2025-10-25 16:30:00,benchmark_away_not_lose_fair_odds,True,market_only,test,2025,hist_gradient_boosting
42,2025-10-25 16:30:00,benchmark_overround,True,market_only,test,2025,hist_gradient_boosting
43,2025-10-26 13:30:00,benchmark_home_prob,True,market_only,test,2025,hist_gradient_boosting
43,2025-10-26 13:30:00,benchmark_home_odds,True,market_only,test,2025,hist_gradient_boosting
43,2025-10-26 13:30:00,benchmark_away_not_lose_fair_odds,True,market_only,test,2025,hist_gradient_boosting
43,2025-10-26 13:30:00,benchmark_overround,True,market_only,test,2025,hist_gradient_boosting
44,2025-10-26 15:30:00,benchmark_home_prob,True,market_only,test,2025,hist_gradient_boosting
44,2025-10-26 15:30:00,benchmark_home_odds,True,market_only,test,2025,hist_gradient_boosting
44,2025-10-26 15:30:00,benchmark_away_not_lose_fair_odds,True,market_only,test,2025,hist_gradient_boosting
44,2025-10-26 15:30:00,benchmark_overround,True,market_only,test,2025,hist_gradient_boosting
45,2025-10-31 19:30:00,benchmark_home_prob,True,market_only,test,2025,hist_gradient_boosting
45,2025-10-31 19:30:00,benchmark_home_odds,True,market_only,test,2025,hist_gradient_boosting
45,2025-10-31 19:30:00,benchmark_away_not_lose_fair_odds,True,market_only,test,2025,hist_gradient_boosting
45,2025-10-31 19:30:00,benchmark_overround,True,market_only,test,2025,hist_gradient_boosting
46,2025-11-01 14:30:00,benchmark_home_prob,True,market_only,test,2025,hist_gradient_boosting
46,2025-11-01 14:30:00,benchmark_home_odds,True,market_only,test,2025,hist_gradient_boosting
46,2025-11-01 14:30:00,benchmark_away_not_lose_fair_odds,True,market_only,test,2025,hist_gradient_boosting
46,2025-11-01 14:30:00,benchmark_overround,True,market_only,test,2025,hist_gradient_boosting
47,2025-11-01 17:30:00,benchmark_home_prob,True,market_only,test,2025,hist_gradient_boosting
47,2025-11-01 17:30:00,benchmark_home_odds,True,market_only,test,2025,hist_gradient_boosting
47,2025-11-01 17:30:00,benchmark_away_not_lose_fair_odds,True,market_only,test,2025,hist_gradient_boosting
47,2025-11-01 17:30:00,benchmark_overround,True,market_only,test,2025,hist_gradient_boosting
48,2025-11-02 14:30:00,benchmark_home_prob,True,market_only,test,2025,hist_gradient_boosting
48,2025-11-02 14:30:00,benchmark_home_odds,True,market_only,test,2025,hist_gradient_boosting
48,2025-11-02 14:30:00,benchmark_away_not_lose_fair_odds,True,market_only,test,2025,hist_gradient_boosting
48,2025-11-02 14:30:00,benchmark_overround,True,market_only,test,2025,hist_gradient_boosting
49,2025-11-02 16:30:00,benchmark_home_prob,True,market_only,test,2025,hist_gradient_boosting
49,2025-11-02 16:30:00,benchmark_home_odds,True,market_only,test,2025,hist_gradient_boosting
49,2025-11-02 16:30:00,benchmark_away_not_lose_fair_odds,True,market_only,test,2025,hist_gradient_boosting
49,2025-11-02 16:30:00,benchmark_overround,True,market_only,test,2025,hist_gradient_boosting
50,2025-11-07 19:30:00,benchmark_home_prob,True,market_only,test,2025,hist_gradient_boosting
50,2025-11-07 19:30:00,benchmark_home_odds,True,market_only,test,2025,hist_gradient_boosting
50,2025-11-07 19:30:00,benchmark_away_not_lose_fair_odds,True,market_only,test,2025,hist_gradient_boosting
50,2025-11-07 19:30:00,benchmark_overround,True,market_only,test,2025,hist_gradient_boosting
51,2025-11-08 14:30:00,benchmark_home_prob,True,market_only,test,2025,hist_gradient_boosting
51,2025-11-08 14:30:00,benchmark_home_odds,True,market_only,test,2025,hist_gradient_boosting
51,2025-11-08 14:30:00,benchmark_away_not_lose_fair_odds,True,market_only,test,2025,hist_gradient_boosting
51,2025-11-08 14:30:00,benchmark_overround,True,market_only,test,2025,hist_gradient_boosting
52,2025-11-08 17:30:00,benchmark_home_prob,True,market_only,test,2025,hist_gradient_boosting
52,2025-11-08 17:30:00,benchmark_home_odds,True,market_only,test,2025,hist_gradient_boosting
52,2025-11-08 17:30:00,benchmark_away_not_lose_fair_odds,True,market_only,test,2025,hist_gradient_boosting
52,2025-11-08 17:30:00,benchmark_overround,True,market_only,test,2025,hist_gradient_boosting
53,2025-11-09 14:30:00,benchmark_home_prob,True,market_only,test,2025,hist_gradient_boosting
53,2025-11-09 14:30:00,benchmark_home_odds,True,market_only,test,2025,hist_gradient_boosting
53,2025-11-09 14:30:00,benchmark_away_not_lose_fair_odds,True,market_only,test,2025,hist_gradient_boosting
53,2025-11-09 14:30:00,benchmark_overround,True,market_only,test,2025,hist_gradient_boosting
54,2025-11-09 16:30:00,benchmark_home_prob,True,market_only,test,2025,hist_gradient_boosting
54,2025-11-09 16:30:00,benchmark_home_odds,True,market_only,test,2025,hist_gradient_boosting
54,2025-11-09 16:30:00,benchmark_away_not_lose_fair_odds,True,market_only,test,2025,hist_gradient_boosting
54,2025-11-09 16:30:00,benchmark_overround,True,market_only,test,2025,hist_gradient_boosting
55,2025-11-09 18:30:00,benchmark_home_prob,True,market_only,test,2025,hist_gradient_boosting
55,2025-11-09 18:30:00,benchmark_home_odds,True,market_only,test,2025,hist_gradient_boosting
55,2025-11-09 18:30:00,benchmark_away_not_lose_fair_odds,True,market_only,test,2025,hist_gradient_boosting
55,2025-11-09 18:30:00,benchmark_overround,True,market_only,test,2025,hist_gradient_boosting
56,2025-11-21 19:30:00,benchmark_home_prob,True,market_only,test,2025,hist_gradient_boosting
56,2025-11-21 19:30:00,benchmark_home_odds,True,market_only,test,2025,hist_gradient_boosting
56,2025-11-21 19:30:00,benchmark_away_not_lose_fair_odds,True,market_only,test,2025,hist_gradient_boosting
56,2025-11-21 19:30:00,benchmark_overround,True,market_only,test,2025,hist_gradient_boosting
57,2025-11-22 14:30:00,benchmark_home_prob,True,market_only,test,2025,hist_gradient_boosting
57,2025-11-22 14:30:00,benchmark_home_odds,True,market_only,test,2025,hist_gradient_boosting
57,2025-11-22 14:30:00,benchmark_away_not_lose_fair_odds,True,market_only,test,2025,hist_gradient_boosting
57,2025-11-22 14:30:00,benchmark_overround,True,market_only,test,2025,hist_gradient_boosting
58,2025-11-22 17:30:00,benchmark_home_prob,True,market_only,test,2025,hist_gradient_boosting
58,2025-11-22 17:30:00,benchmark_home_odds,True,market_only,test,2025,hist_gradient_boosting
58,2025-11-22 17:30:00,benchmark_away_not_lose_fair_odds,True,market_only,test,2025,hist_gradient_boosting
58,2025-11-22 17:30:00,benchmark_overround,True,market_only,test,2025,hist_gradient_boosting
59,2025-11-23 14:30:00,benchmark_home_prob,True,market_only,test,2025,hist_gradient_boosting
59,2025-11-23 14:30:00,benchmark_home_odds,True,market_only,test,2025,hist_gradient_boosting
59,2025-11-23 14:30:00,benchmark_away_not_lose_fair_odds,True,market_only,test,2025,hist_gradient_boosting
59,2025-11-23 14:30:00,benchmark_overround,True,market_only,test,2025,hist_gradient_boosting
60,2025-11-23 16:30:00,benchmark_home_prob,True,market_only,test,2025,hist_gradient_boosting
60,2025-11-23 16:30:00,benchmark_home_odds,True,market_only,test,2025,hist_gradient_boosting
60,2025-11-23 16:30:00,benchmark_away_not_lose_fair_odds,True,market_only,test,2025,hist_gradient_boosting
60,2025-11-23 16:30:00,benchmark_overround,True,market_only,test,2025,hist_gradient_boosting
61,2025-11-28 19:30:00,benchmark_home_prob,True,market_only,test,2025,hist_gradient_boosting
61,2025-11-28 19:30:00,benchmark_home_odds,True,market_only,test,2025,hist_gradient_boosting
61,2025-11-28 19:30:00,benchmark_away_not_lose_fair_odds,True,market_only,test,2025,hist_gradient_boosting
61,2025-11-28 19:30:00,benchmark_overround,True,market_only,test,2025,hist_gradient_boosting
62,2025-11-29 14:30:00,benchmark_home_prob,True,market_only,test,2025,hist_gradient_boosting
62,2025-11-29 14:30:00,benchmark_home_odds,True,market_only,test,2025,hist_gradient_boosting
62,2025-11-29 14:30:00,benchmark_away_not_lose_fair_odds,True,market_only,test,2025,hist_gradient_boosting
62,2025-11-29 14:30:00,benchmark_overround,True,market_only,test,2025,hist_gradient_boosting
63,2025-11-29 17:30:00,benchmark_home_prob,True,market_only,test,2025,hist_gradient_boosting
63,2025-11-29 17:30:00,benchmark_home_odds,True,market_only,test,2025,hist_gradient_boosting
63,2025-11-29 17:30:00,benchmark_away_not_lose_fair_odds,True,market_only,test,2025,hist_gradient_boosting
63,2025-11-29 17:30:00,benchmark_overround,True,market_only,test,2025,hist_gradient_boosting
64,2025-11-30 14:30:00,benchmark_home_prob,True,market_only,test,2025,hist_gradient_boosting
64,2025-11-30 14:30:00,benchmark_home_odds,True,market_only,test,2025,hist_gradient_boosting
64,2025-11-30 14:30:00,benchmark_away_not_lose_fair_odds,True,market_only,test,2025,hist_gradient_boosting
64,2025-11-30 14:30:00,benchmark_overround,True,market_only,test,2025,hist_gradient_boosting
65,2025-11-30 16:30:00,benchmark_home_prob,True,market_only,test,2025,hist_gradient_boosting
65,2025-11-30 16:30:00,benchmark_home_odds,True,market_only,test,2025,hist_gradient_boosting
65,2025-11-30 16:30:00,benchmark_away_not_lose_fair_odds,True,market_only,test,2025,hist_gradient_boosting
65,2025-11-30 16:30:00,benchmark_overround,True,market_only,test,2025,hist_gradient_boosting
66,2025-11-30 18:30:00,benchmark_home_prob,True,market_only,test,2025,hist_gradient_boosting
66,2025-11-30 18:30:00,benchmark_home_odds,True,market_only,test,2025,hist_gradient_boosting
66,2025-11-30 18:30:00,benchmark_away_not_lose_fair_odds,True,market_only,test,2025,hist_gradient_boosting
66,2025-11-30 18:30:00,benchmark_overround,True,market_only,test,2025,hist_gradient_boosting
67,2025-12-05 19:30:00,benchmark_home_prob,True,market_only,test,2025,hist_gradient_boosting
67,2025-12-05 19:30:00,benchmark_home_odds,True,market_only,test,2025,hist_gradient_boosting
67,2025-12-05 19:30:00,benchmark_away_not_lose_fair_odds,True,market_only,test,2025,hist_gradient_boosting
67,2025-12-05 19:30:00,benchmark_overround,True,market_only,test,2025,hist_gradient_boosting
68,2025-12-06 14:30:00,benchmark_home_prob,True,market_only,test,2025,hist_gradient_boosting
68,2025-12-06 14:30:00,benchmark_home_odds,True,market_only,test,2025,hist_gradient_boosting
68,2025-12-06 14:30:00,benchmark_away_not_lose_fair_odds,True,market_only,test,2025,hist_gradient_boosting
68,2025-12-06 14:30:00,benchmark_overround,True,market_only,test,2025,hist_gradient_boosting
69,2025-12-06 17:30:00,benchmark_home_prob,True,market_only,test,2025,hist_gradient_boosting
69,2025-12-06 17:30:00,benchmark_home_odds,True,market_only,test,2025,hist_gradient_boosting
69,2025-12-06 17:30:00,benchmark_away_not_lose_fair_odds,True,market_only,test,2025,hist_gradient_boosting
69,2025-12-06 17:30:00,benchmark_overround,True,market_only,test,2025,hist_gradient_boosting
70,2025-12-07 14:30:00,benchmark_home_prob,True,market_only,test,2025,hist_gradient_boosting
70,2025-12-07 14:30:00,benchmark_home_odds,True,market_only,test,2025,hist_gradient_boosting
70,2025-12-07 14:30:00,benchmark_away_not_lose_fair_odds,True,market_only,test,2025,hist_gradient_boosting
70,2025-12-07 14:30:00,benchmark_overround,True,market_only,test,2025,hist_gradient_boosting
71,2025-12-07 16:30:00,benchmark_home_prob,True,market_only,test,2025,hist_gradient_boosting
71,2025-12-07 16:30:00,benchmark_home_odds,True,market_only,test,2025,hist_gradient_boosting
71,2025-12-07 16:30:00,benchmark_away_not_lose_fair_odds,True,market_only,test,2025,hist_gradient_boosting
71,2025-12-07 16:30:00,benchmark_overround,True,market_only,test,2025,hist_gradient_boosting
72,2025-12-12 19:30:00,benchmark_home_prob,True,market_only,test,2025,hist_gradient_boosting
72,2025-12-12 19:30:00,benchmark_home_odds,True,market_only,test,2025,hist_gradient_boosting
72,2025-12-12 19:30:00,benchmark_away_not_lose_fair_odds,True,market_only,test,2025,hist_gradient_boosting
72,2025-12-12 19:30:00,benchmark_overround,True,market_only,test,2025,hist_gradient_boosting
73,2025-12-13 14:30:00,benchmark_home_prob,True,market_only,test,2025,hist_gradient_boosting
73,2025-12-13 14:30:00,benchmark_home_odds,True,market_only,test,2025,hist_gradient_boosting
73,2025-12-13 14:30:00,benchmark_away_not_lose_fair_odds,True,market_only,test,2025,hist_gradient_boosting
73,2025-12-13 14:30:00,benchmark_overround,True,market_only,test,2025,hist_gradient_boosting
74,2025-12-13 17:30:00,benchmark_home_prob,True,market_only,test,2025,hist_gradient_boosting
74,2025-12-13 17:30:00,benchmark_home_odds,True,market_only,test,2025,hist_gradient_boosting
74,2025-12-13 17:30:00,benchmark_away_not_lose_fair_odds,True,market_only,test,2025,hist_gradient_boosting
74,2025-12-13 17:30:00,benchmark_overround,True,market_only,test,2025,hist_gradient_boosting
75,2025-12-14 14:30:00,benchmark_home_prob,True,market_only,test,2025,hist_gradient_boosting
75,2025-12-14 14:30:00,benchmark_home_odds,True,market_only,test,2025,hist_gradient_boosting
75,2025-12-14 14:30:00,benchmark_away_not_lose_fair_odds,True,market_only,test,2025,hist_gradient_boosting
75,2025-12-14 14:30:00,benchmark_overround,True,market_only,test,2025,hist_gradient_boosting
76,2025-12-14 16:30:00,benchmark_home_prob,True,market_only,test,2025,hist_gradient_boosting
76,2025-12-14 16:30:00,benchmark_home_odds,True,market_only,test,2025,hist_gradient_boosting
76,2025-12-14 16:30:00,benchmark_away_not_lose_fair_odds,True,market_only,test,2025,hist_gradient_boosting
76,2025-12-14 16:30:00,benchmark_overround,True,market_only,test,2025,hist_gradient_boosting
77,2025-12-14 18:30:00,benchmark_home_prob,True,market_only,test,2025,hist_gradient_boosting
77,2025-12-14 18:30:00,benchmark_home_odds,True,market_only,test,2025,hist_gradient_boosting
77,2025-12-14 18:30:00,benchmark_away_not_lose_fair_odds,True,market_only,test,2025,hist_gradient_boosting
77,2025-12-14 18:30:00,benchmark_overround,True,market_only,test,2025,hist_gradient_boosting
78,2025-12-19 19:30:00,benchmark_home_prob,True,market_only,test,2025,hist_gradient_boosting
78,2025-12-19 19:30:00,benchmark_home_odds,True,market_only,test,2025,hist_gradient_boosting
78,2025-12-19 19:30:00,benchmark_away_not_lose_fair_odds,True,market_only,test,2025,hist_gradient_boosting
78,2025-12-19 19:30:00,benchmark_overround,True,market_only,test,2025,hist_gradient_boosting
79,2025-12-20 14:30:00,benchmark_home_prob,True,market_only,test,2025,hist_gradient_boosting
79,2025-12-20 14:30:00,benchmark_home_odds,True,market_only,test,2025,hist_gradient_boosting
79,2025-12-20 14:30:00,benchmark_away_not_lose_fair_odds,True,market_only,test,2025,hist_gradient_boosting
79,2025-12-20 14:30:00,benchmark_overround,True,market_only,test,2025,hist_gradient_boosting
80,2025-12-20 17:30:00,benchmark_home_prob,True,market_only,test,2025,hist_gradient_boosting
80,2025-12-20 17:30:00,benchmark_home_odds,True,market_only,test,2025,hist_gradient_boosting
80,2025-12-20 17:30:00,benchmark_away_not_lose_fair_odds,True,market_only,test,2025,hist_gradient_boosting
80,2025-12-20 17:30:00,benchmark_overround,True,market_only,test,2025,hist_gradient_boosting
81,2025-12-21 14:30:00,benchmark_home_prob,True,market_only,test,2025,hist_gradient_boosting
81,2025-12-21 14:30:00,benchmark_home_odds,True,market_only,test,2025,hist_gradient_boosting
81,2025-12-21 14:30:00,benchmark_away_not_lose_fair_odds,True,market_only,test,2025,hist_gradient_boosting
81,2025-12-21 14:30:00,benchmark_overround,True,market_only,test,2025,hist_gradient_boosting
82,2025-12-21 16:30:00,benchmark_home_prob,True,market_only,test,2025,hist_gradient_boosting
82,2025-12-21 16:30:00,benchmark_home_odds,True,market_only,test,2025,hist_gradient_boosting
82,2025-12-21 16:30:00,benchmark_away_not_lose_fair_odds,True,market_only,test,2025,hist_gradient_boosting
82,2025-12-21 16:30:00,benchmark_overround,True,market_only,test,2025,hist_gradient_boosting
83,2026-01-09 19:30:00,benchmark_home_prob,True,market_only,test,2025,hist_gradient_boosting
83,2026-01-09 19:30:00,benchmark_home_odds,True,market_only,test,2025,hist_gradient_boosting
83,2026-01-09 19:30:00,benchmark_away_not_lose_fair_odds,True,market_only,test,2025,hist_gradient_boosting
83,2026-01-09 19:30:00,benchmark_overround,True,market_only,test,2025,hist_gradient_boosting
84,2026-01-10 14:30:00,benchmark_home_prob,True,market_only,test,2025,hist_gradient_boosting
84,2026-01-10 14:30:00,benchmark_home_odds,True,market_only,test,2025,hist_gradient_boosting
84,2026-01-10 14:30:00,benchmark_away_not_lose_fair_odds,True,market_only,test,2025,hist_gradient_boosting
84,2026-01-10 14:30:00,benchmark_overround,True,market_only,test,2025,hist_gradient_boosting
85,2026-01-10 17:30:00,benchmark_home_prob,True,market_only,test,2025,hist_gradient_boosting
85,2026-01-10 17:30:00,benchmark_home_odds,True,market_only,test,2025,hist_gradient_boosting
85,2026-01-10 17:30:00,benchmark_away_not_lose_fair_odds,True,market_only,test,2025,hist_gradient_boosting
85,2026-01-10 17:30:00,benchmark_overround,True,market_only,test,2025,hist_gradient_boosting
86,2026-01-11 14:30:00,benchmark_home_prob,True,market_only,test,2025,hist_gradient_boosting
86,2026-01-11 14:30:00,benchmark_home_odds,True,market_only,test,2025,hist_gradient_boosting
86,2026-01-11 14:30:00,benchmark_away_not_lose_fair_odds,True,market_only,test,2025,hist_gradient_boosting
86,2026-01-11 14:30:00,benchmark_overround,True,market_only,test,2025,hist_gradient_boosting
87,2026-01-11 16:30:00,benchmark_home_prob,True,market_only,test,2025,hist_gradient_boosting
87,2026-01-11 16:30:00,benchmark_home_odds,True,market_only,test,2025,hist_gradient_boosting
87,2026-01-11 16:30:00,benchmark_away_not_lose_fair_odds,True,market_only,test,2025,hist_gradient_boosting
87,2026-01-11 16:30:00,benchmark_overround,True,market_only,test,2025,hist_gradient_boosting
88,2026-01-13 17:30:00,benchmark_home_prob,True,market_only,test,2025,hist_gradient_boosting
88,2026-01-13 17:30:00,benchmark_home_odds,True,market_only,test,2025,hist_gradient_boosting
88,2026-01-13 17:30:00,benchmark_away_not_lose_fair_odds,True,market_only,test,2025,hist_gradient_boosting
88,2026-01-13 17:30:00,benchmark_overround,True,market_only,test,2025,hist_gradient_boosting
89,2026-01-13 19:30:00,benchmark_home_prob,True,market_only,test,2025,hist_gradient_boosting
89,2026-01-13 19:30:00,benchmark_home_odds,True,market_only,test,2025,hist_gradient_boosting
89,2026-01-13 19:30:00,benchmark_away_not_lose_fair_odds,True,market_only,test,2025,hist_gradient_boosting
89,2026-01-13 19:30:00,benchmark_overround,True,market_only,test,2025,hist_gradient_boosting
90,2026-01-14 17:30:00,benchmark_home_prob,True,market_only,test,2025,hist_gradient_boosting
90,2026-01-14 17:30:00,benchmark_home_odds,True,market_only,test,2025,hist_gradient_boosting
90,2026-01-14 17:30:00,benchmark_away_not_lose_fair_odds,True,market_only,test,2025,hist_gradient_boosting
90,2026-01-14 17:30:00,benchmark_overround,True,market_only,test,2025,hist_gradient_boosting
91,2026-01-14 19:30:00,benchmark_home_prob,True,market_only,test,2025,hist_gradient_boosting
91,2026-01-14 19:30:00,benchmark_home_odds,True,market_only,test,2025,hist_gradient_boosting
91,2026-01-14 19:30:00,benchmark_away_not_lose_fair_odds,True,market_only,test,2025,hist_gradient_boosting
91,2026-01-14 19:30:00,benchmark_overround,True,market_only,test,2025,hist_gradient_boosting
92,2026-01-15 19:30:00,benchmark_home_prob,True,market_only,test,2025,hist_gradient_boosting
92,2026-01-15 19:30:00,benchmark_home_odds,True,market_only,test,2025,hist_gradient_boosting
92,2026-01-15 19:30:00,benchmark_away_not_lose_fair_odds,True,market_only,test,2025,hist_gradient_boosting
92,2026-01-15 19:30:00,benchmark_overround,True,market_only,test,2025,hist_gradient_boosting
93,2026-01-16 19:30:00,benchmark_home_prob,True,market_only,test,2025,hist_gradient_boosting
93,2026-01-16 19:30:00,benchmark_home_odds,True,market_only,test,2025,hist_gradient_boosting
93,2026-01-16 19:30:00,benchmark_away_not_lose_fair_odds,True,market_only,test,2025,hist_gradient_boosting
93,2026-01-16 19:30:00,benchmark_overround,True,market_only,test,2025,hist_gradient_boosting
94,2026-01-17 14:30:00,benchmark_home_prob,True,market_only,test,2025,hist_gradient_boosting
94,2026-01-17 14:30:00,benchmark_home_odds,True,market_only,test,2025,hist_gradient_boosting
94,2026-01-17 14:30:00,benchmark_away_not_lose_fair_odds,True,market_only,test,2025,hist_gradient_boosting
94,2026-01-17 14:30:00,benchmark_overround,True,market_only,test,2025,hist_gradient_boosting
95,2026-01-17 17:30:00,benchmark_home_prob,True,market_only,test,2025,hist_gradient_boosting
95,2026-01-17 17:30:00,benchmark_home_odds,True,market_only,test,2025,hist_gradient_boosting
95,2026-01-17 17:30:00,benchmark_away_not_lose_fair_odds,True,market_only,test,2025,hist_gradient_boosting
95,2026-01-17 17:30:00,benchmark_overround,True,market_only,test,2025,hist_gradient_boosting
96,2026-01-18 14:30:00,benchmark_home_prob,True,market_only,test,2025,hist_gradient_boosting
96,2026-01-18 14:30:00,benchmark_home_odds,True,market_only,test,2025,hist_gradient_boosting
96,2026-01-18 14:30:00,benchmark_away_not_lose_fair_odds,True,market_only,test,2025,hist_gradient_boosting
96,2026-01-18 14:30:00,benchmark_overround,True,market_only,test,2025,hist_gradient_boosting
97,2026-01-18 16:30:00,benchmark_home_prob,True,market_only,test,2025,hist_gradient_boosting
97,2026-01-18 16:30:00,benchmark_home_odds,True,market_only,test,2025,hist_gradient_boosting
97,2026-01-18 16:30:00,benchmark_away_not_lose_fair_odds,True,market_only,test,2025,hist_gradient_boosting
97,2026-01-18 16:30:00,benchmark_overround,True,market_only,test,2025,hist_gradient_boosting
98,2026-01-23 19:30:00,benchmark_home_prob,True,market_only,test,2025,hist_gradient_boosting
98,2026-01-23 19:30:00,benchmark_home_odds,True,market_only,test,2025,hist_gradient_boosting
98,2026-01-23 19:30:00,benchmark_away_not_lose_fair_odds,True,market_only,test,2025,hist_gradient_boosting
98,2026-01-23 19:30:00,benchmark_overround,True,market_only,test,2025,hist_gradient_boosting
99,2026-01-24 14:30:00,benchmark_home_prob,True,market_only,test,2025,hist_gradient_boosting
99,2026-01-24 14:30:00,benchmark_home_odds,True,market_only,test,2025,hist_gradient_boosting
99,2026-01-24 14:30:00,benchmark_away_not_lose_fair_odds,True,market_only,test,2025,hist_gradient_boosting
99,2026-01-24 14:30:00,benchmark_overround,True,market_only,test,2025,hist_gradient_boosting
100,2026-01-24 17:30:00,benchmark_home_prob,True,market_only,test,2025,hist_gradient_boosting
100,2026-01-24 17:30:00,benchmark_home_odds,True,market_only,test,2025,hist_gradient_boosting
100,2026-01-24 17:30:00,benchmark_away_not_lose_fair_odds,True,market_only,test,2025,hist_gradient_boosting
100,2026-01-24 17:30:00,benchmark_overround,True,market_only,test,2025,hist_gradient_boosting
101,2026-01-25 14:30:00,benchmark_home_prob,True,market_only,test,2025,hist_gradient_boosting
101,2026-01-25 14:30:00,benchmark_home_odds,True,market_only,test,2025,hist_gradient_boosting
101,2026-01-25 14:30:00,benchmark_away_not_lose_fair_odds,True,market_only,test,2025,hist_gradient_boosting
101,2026-01-25 14:30:00,benchmark_overround,True,market_only,test,2025,hist_gradient_boosting
102,2026-01-25 16:30:00,benchmark_home_prob,True,market_only,test,2025,hist_gradient_boosting
102,2026-01-25 16:30:00,benchmark_home_odds,True,market_only,test,2025,hist_gradient_boosting
102,2026-01-25 16:30:00,benchmark_away_not_lose_fair_odds,True,market_only,test,2025,hist_gradient_boosting
102,2026-01-25 16:30:00,benchmark_overround,True,market_only,test,2025,hist_gradient_boosting
103,2026-01-27 19:30:00,benchmark_home_prob,True,market_only,test,2025,hist_gradient_boosting
103,2026-01-27 19:30:00,benchmark_home_odds,True,market_only,test,2025,hist_gradient_boosting
103,2026-01-27 19:30:00,benchmark_away_not_lose_fair_odds,True,market_only,test,2025,hist_gradient_boosting
103,2026-01-27 19:30:00,benchmark_overround,True,market_only,test,2025,hist_gradient_boosting
104,2026-01-30 19:30:00,benchmark_home_prob,True,market_only,test,2025,hist_gradient_boosting
104,2026-01-30 19:30:00,benchmark_home_odds,True,market_only,test,2025,hist_gradient_boosting
104,2026-01-30 19:30:00,benchmark_away_not_lose_fair_odds,True,market_only,test,2025,hist_gradient_boosting
104,2026-01-30 19:30:00,benchmark_overround,True,market_only,test,2025,hist_gradient_boosting
105,2026-01-31 14:30:00,benchmark_home_prob,True,market_only,test,2025,hist_gradient_boosting
105,2026-01-31 14:30:00,benchmark_home_odds,True,market_only,test,2025,hist_gradient_boosting
105,2026-01-31 14:30:00,benchmark_away_not_lose_fair_odds,True,market_only,test,2025,hist_gradient_boosting
105,2026-01-31 14:30:00,benchmark_overround,True,market_only,test,2025,hist_gradient_boosting
106,2026-01-31 17:30:00,benchmark_home_prob,True,market_only,test,2025,hist_gradient_boosting
106,2026-01-31 17:30:00,benchmark_home_odds,True,market_only,test,2025,hist_gradient_boosting
106,2026-01-31 17:30:00,benchmark_away_not_lose_fair_odds,True,market_only,test,2025,hist_gradient_boosting
106,2026-01-31 17:30:00,benchmark_overround,True,market_only,test,2025,hist_gradient_boosting
107,2026-02-01 14:30:00,benchmark_home_prob,True,market_only,test,2025,hist_gradient_boosting
107,2026-02-01 14:30:00,benchmark_home_odds,True,market_only,test,2025,hist_gradient_boosting
107,2026-02-01 14:30:00,benchmark_away_not_lose_fair_odds,True,market_only,test,2025,hist_gradient_boosting
107,2026-02-01 14:30:00,benchmark_overround,True,market_only,test,2025,hist_gradient_boosting
108,2026-02-01 16:30:00,benchmark_home_prob,True,market_only,test,2025,hist_gradient_boosting
108,2026-02-01 16:30:00,benchmark_home_odds,True,market_only,test,2025,hist_gradient_boosting
108,2026-02-01 16:30:00,benchmark_away_not_lose_fair_odds,True,market_only,test,2025,hist_gradient_boosting
108,2026-02-01 16:30:00,benchmark_overround,True,market_only,test,2025,hist_gradient_boosting
109,2026-02-06 19:30:00,benchmark_home_prob,True,market_only,test,2025,hist_gradient_boosting
109,2026-02-06 19:30:00,benchmark_home_odds,True,market_only,test,2025,hist_gradient_boosting
109,2026-02-06 19:30:00,benchmark_away_not_lose_fair_odds,True,market_only,test,2025,hist_gradient_boosting
109,2026-02-06 19:30:00,benchmark_overround,True,market_only,test,2025,hist_gradient_boosting
110,2026-02-07 14:30:00,benchmark_home_prob,True,market_only,test,2025,hist_gradient_boosting
110,2026-02-07 14:30:00,benchmark_home_odds,True,market_only,test,2025,hist_gradient_boosting
110,2026-02-07 14:30:00,benchmark_away_not_lose_fair_odds,True,market_only,test,2025,hist_gradient_boosting
110,2026-02-07 14:30:00,benchmark_overround,True,market_only,test,2025,hist_gradient_boosting
111,2026-02-07 17:30:00,benchmark_home_prob,True,market_only,test,2025,hist_gradient_boosting
111,2026-02-07 17:30:00,benchmark_home_odds,True,market_only,test,2025,hist_gradient_boosting
111,2026-02-07 17:30:00,benchmark_away_not_lose_fair_odds,True,market_only,test,2025,hist_gradient_boosting
111,2026-02-07 17:30:00,benchmark_overround,True,market_only,test,2025,hist_gradient_boosting
112,2026-02-08 14:30:00,benchmark_home_prob,True,market_only,test,2025,hist_gradient_boosting
112,2026-02-08 14:30:00,benchmark_home_odds,True,market_only,test,2025,hist_gradient_boosting
112,2026-02-08 14:30:00,benchmark_away_not_lose_fair_odds,True,market_only,test,2025,hist_gradient_boosting
112,2026-02-08 14:30:00,benchmark_overround,True,market_only,test,2025,hist_gradient_boosting
113,2026-02-08 16:30:00,benchmark_home_prob,True,market_only,test,2025,hist_gradient_boosting
113,2026-02-08 16:30:00,benchmark_home_odds,True,market_only,test,2025,hist_gradient_boosting
113,2026-02-08 16:30:00,benchmark_away_not_lose_fair_odds,True,market_only,test,2025,hist_gradient_boosting
113,2026-02-08 16:30:00,benchmark_overround,True,market_only,test,2025,hist_gradient_boosting
114,2026-02-13 19:30:00,benchmark_home_prob,True,market_only,test,2025,hist_gradient_boosting
114,2026-02-13 19:30:00,benchmark_home_odds,True,market_only,test,2025,hist_gradient_boosting
114,2026-02-13 19:30:00,benchmark_away_not_lose_fair_odds,True,market_only,test,2025,hist_gradient_boosting
114,2026-02-13 19:30:00,benchmark_overround,True,market_only,test,2025,hist_gradient_boosting
115,2026-02-14 14:30:00,benchmark_home_prob,True,market_only,test,2025,hist_gradient_boosting
115,2026-02-14 14:30:00,benchmark_home_odds,True,market_only,test,2025,hist_gradient_boosting
115,2026-02-14 14:30:00,benchmark_away_not_lose_fair_odds,True,market_only,test,2025,hist_gradient_boosting
115,2026-02-14 14:30:00,benchmark_overround,True,market_only,test,2025,hist_gradient_boosting
116,2026-02-14 17:30:00,benchmark_home_prob,True,market_only,test,2025,hist_gradient_boosting
116,2026-02-14 17:30:00,benchmark_home_odds,True,market_only,test,2025,hist_gradient_boosting
116,2026-02-14 17:30:00,benchmark_away_not_lose_fair_odds,True,market_only,test,2025,hist_gradient_boosting
116,2026-02-14 17:30:00,benchmark_overround,True,market_only,test,2025,hist_gradient_boosting
117,2026-02-15 14:30:00,benchmark_home_prob,True,market_only,test,2025,hist_gradient_boosting
117,2026-02-15 14:30:00,benchmark_home_odds,True,market_only,test,2025,hist_gradient_boosting
117,2026-02-15 14:30:00,benchmark_away_not_lose_fair_odds,True,market_only,test,2025,hist_gradient_boosting
117,2026-02-15 14:30:00,benchmark_overround,True,market_only,test,2025,hist_gradient_boosting
118,2026-02-15 16:30:00,benchmark_home_prob,True,market_only,test,2025,hist_gradient_boosting
118,2026-02-15 16:30:00,benchmark_home_odds,True,market_only,test,2025,hist_gradient_boosting
118,2026-02-15 16:30:00,benchmark_away_not_lose_fair_odds,True,market_only,test,2025,hist_gradient_boosting
118,2026-02-15 16:30:00,benchmark_overround,True,market_only,test,2025,hist_gradient_boosting
119,2026-02-20 19:30:00,benchmark_home_prob,True,market_only,test,2025,hist_gradient_boosting
119,2026-02-20 19:30:00,benchmark_home_odds,True,market_only,test,2025,hist_gradient_boosting
119,2026-02-20 19:30:00,benchmark_away_not_lose_fair_odds,True,market_only,test,2025,hist_gradient_boosting
119,2026-02-20 19:30:00,benchmark_overround,True,market_only,test,2025,hist_gradient_boosting
120,2026-02-21 14:30:00,benchmark_home_prob,True,market_only,test,2025,hist_gradient_boosting
120,2026-02-21 14:30:00,benchmark_home_odds,True,market_only,test,2025,hist_gradient_boosting
120,2026-02-21 14:30:00,benchmark_away_not_lose_fair_odds,True,market_only,test,2025,hist_gradient_boosting
120,2026-02-21 14:30:00,benchmark_overround,True,market_only,test,2025,hist_gradient_boosting
121,2026-02-21 17:30:00,benchmark_home_prob,True,market_only,test,2025,hist_gradient_boosting
121,2026-02-21 17:30:00,benchmark_home_odds,True,market_only,test,2025,hist_gradient_boosting
121,2026-02-21 17:30:00,benchmark_away_not_lose_fair_odds,True,market_only,test,2025,hist_gradient_boosting
121,2026-02-21 17:30:00,benchmark_overround,True,market_only,test,2025,hist_gradient_boosting
122,2026-02-22 14:30:00,benchmark_home_prob,True,market_only,test,2025,hist_gradient_boosting
122,2026-02-22 14:30:00,benchmark_home_odds,True,market_only,test,2025,hist_gradient_boosting
122,2026-02-22 14:30:00,benchmark_away_not_lose_fair_odds,True,market_only,test,2025,hist_gradient_boosting
122,2026-02-22 14:30:00,benchmark_overround,True,market_only,test,2025,hist_gradient_boosting
123,2026-02-22 16:30:00,benchmark_home_prob,True,market_only,test,2025,hist_gradient_boosting
123,2026-02-22 16:30:00,benchmark_home_odds,True,market_only,test,2025,hist_gradient_boosting
123,2026-02-22 16:30:00,benchmark_away_not_lose_fair_odds,True,market_only,test,2025,hist_gradient_boosting
123,2026-02-22 16:30:00,benchmark_overround,True,market_only,test,2025,hist_gradient_boosting
124,2026-02-22 18:30:00,benchmark_home_prob,True,market_only,test,2025,hist_gradient_boosting
124,2026-02-22 18:30:00,benchmark_home_odds,True,market_only,test,2025,hist_gradient_boosting
124,2026-02-22 18:30:00,benchmark_away_not_lose_fair_odds,True,market_only,test,2025,hist_gradient_boosting
124,2026-02-22 18:30:00,benchmark_overround,True,market_only,test,2025,hist_gradient_boosting
125,2026-02-27 19:30:00,benchmark_home_prob,True,market_only,test,2025,hist_gradient_boosting
125,2026-02-27 19:30:00,benchmark_home_odds,True,market_only,test,2025,hist_gradient_boosting
125,2026-02-27 19:30:00,benchmark_away_not_lose_fair_odds,True,market_only,test,2025,hist_gradient_boosting
125,2026-02-27 19:30:00,benchmark_overround,True,market_only,test,2025,hist_gradient_boosting
126,2026-02-28 14:30:00,benchmark_home_prob,True,market_only,test,2025,hist_gradient_boosting
126,2026-02-28 14:30:00,benchmark_home_odds,True,market_only,test,2025,hist_gradient_boosting
126,2026-02-28 14:30:00,benchmark_away_not_lose_fair_odds,True,market_only,test,2025,hist_gradient_boosting
126,2026-02-28 14:30:00,benchmark_overround,True,market_only,test,2025,hist_gradient_boosting
127,2026-02-28 17:30:00,benchmark_home_prob,True,market_only,test,2025,hist_gradient_boosting
127,2026-02-28 17:30:00,benchmark_home_odds,True,market_only,test,2025,hist_gradient_boosting
127,2026-02-28 17:30:00,benchmark_away_not_lose_fair_odds,True,market_only,test,2025,hist_gradient_boosting
127,2026-02-28 17:30:00,benchmark_overround,True,market_only,test,2025,hist_gradient_boosting
128,2026-03-01 14:30:00,benchmark_home_prob,True,market_only,test,2025,hist_gradient_boosting
128,2026-03-01 14:30:00,benchmark_home_odds,True,market_only,test,2025,hist_gradient_boosting
128,2026-03-01 14:30:00,benchmark_away_not_lose_fair_odds,True,market_only,test,2025,hist_gradient_boosting
128,2026-03-01 14:30:00,benchmark_overround,True,market_only,test,2025,hist_gradient_boosting
129,2026-03-01 16:30:00,benchmark_home_prob,True,market_only,test,2025,hist_gradient_boosting
129,2026-03-01 16:30:00,benchmark_home_odds,True,market_only,test,2025,hist_gradient_boosting
129,2026-03-01 16:30:00,benchmark_away_not_lose_fair_odds,True,market_only,test,2025,hist_gradient_boosting
129,2026-03-01 16:30:00,benchmark_overround,True,market_only,test,2025,hist_gradient_boosting
130,2026-03-01 18:30:00,benchmark_home_prob,True,market_only,test,2025,hist_gradient_boosting
130,2026-03-01 18:30:00,benchmark_home_odds,True,market_only,test,2025,hist_gradient_boosting
130,2026-03-01 18:30:00,benchmark_away_not_lose_fair_odds,True,market_only,test,2025,hist_gradient_boosting
130,2026-03-01 18:30:00,benchmark_overround,True,market_only,test,2025,hist_gradient_boosting
131,2026-03-04 19:30:00,benchmark_home_prob,True,market_only,test,2025,hist_gradient_boosting
131,2026-03-04 19:30:00,benchmark_home_odds,True,market_only,test,2025,hist_gradient_boosting
131,2026-03-04 19:30:00,benchmark_away_not_lose_fair_odds,True,market_only,test,2025,hist_gradient_boosting
131,2026-03-04 19:30:00,benchmark_overround,True,market_only,test,2025,hist_gradient_boosting
132,2026-03-06 19:30:00,benchmark_home_prob,True,market_only,test,2025,hist_gradient_boosting
132,2026-03-06 19:30:00,benchmark_home_odds,True,market_only,test,2025,hist_gradient_boosting
132,2026-03-06 19:30:00,benchmark_away_not_lose_fair_odds,True,market_only,test,2025,hist_gradient_boosting
132,2026-03-06 19:30:00,benchmark_overround,True,market_only,test,2025,hist_gradient_boosting
133,2026-03-07 14:30:00,benchmark_home_prob,True,market_only,test,2025,hist_gradient_boosting
133,2026-03-07 14:30:00,benchmark_home_odds,True,market_only,test,2025,hist_gradient_boosting
133,2026-03-07 14:30:00,benchmark_away_not_lose_fair_odds,True,market_only,test,2025,hist_gradient_boosting
133,2026-03-07 14:30:00,benchmark_overround,True,market_only,test,2025,hist_gradient_boosting
134,2026-03-07 17:30:00,benchmark_home_prob,True,market_only,test,2025,hist_gradient_boosting
134,2026-03-07 17:30:00,benchmark_home_odds,True,market_only,test,2025,hist_gradient_boosting
134,2026-03-07 17:30:00,benchmark_away_not_lose_fair_odds,True,market_only,test,2025,hist_gradient_boosting
134,2026-03-07 17:30:00,benchmark_overround,True,market_only,test,2025,hist_gradient_boosting
135,2026-03-08 14:30:00,benchmark_home_prob,True,market_only,test,2025,hist_gradient_boosting
135,2026-03-08 14:30:00,benchmark_home_odds,True,market_only,test,2025,hist_gradient_boosting
135,2026-03-08 14:30:00,benchmark_away_not_lose_fair_odds,True,market_only,test,2025,hist_gradient_boosting
135,2026-03-08 14:30:00,benchmark_overround,True,market_only,test,2025,hist_gradient_boosting
136,2026-03-08 16:30:00,benchmark_home_prob,True,market_only,test,2025,hist_gradient_boosting
136,2026-03-08 16:30:00,benchmark_home_odds,True,market_only,test,2025,hist_gradient_boosting
136,2026-03-08 16:30:00,benchmark_away_not_lose_fair_odds,True,market_only,test,2025,hist_gradient_boosting
136,2026-03-08 16:30:00,benchmark_overround,True,market_only,test,2025,hist_gradient_boosting
137,2026-03-13 19:30:00,benchmark_home_prob,True,market_only,test,2025,hist_gradient_boosting
137,2026-03-13 19:30:00,benchmark_home_odds,True,market_only,test,2025,hist_gradient_boosting
137,2026-03-13 19:30:00,benchmark_away_not_lose_fair_odds,True,market_only,test,2025,hist_gradient_boosting
137,2026-03-13 19:30:00,benchmark_overround,True,market_only,test,2025,hist_gradient_boosting
138,2026-03-14 14:30:00,benchmark_home_prob,True,market_only,test,2025,hist_gradient_boosting
138,2026-03-14 14:30:00,benchmark_home_odds,True,market_only,test,2025,hist_gradient_boosting
138,2026-03-14 14:30:00,benchmark_away_not_lose_fair_odds,True,market_only,test,2025,hist_gradient_boosting
138,2026-03-14 14:30:00,benchmark_overround,True,market_only,test,2025,hist_gradient_boosting
139,2026-03-14 17:30:00,benchmark_home_prob,True,market_only,test,2025,hist_gradient_boosting
139,2026-03-14 17:30:00,benchmark_home_odds,True,market_only,test,2025,hist_gradient_boosting
139,2026-03-14 17:30:00,benchmark_away_not_lose_fair_odds,True,market_only,test,2025,hist_gradient_boosting
139,2026-03-14 17:30:00,benchmark_overround,True,market_only,test,2025,hist_gradient_boosting
140,2026-03-15 14:30:00,benchmark_home_prob,True,market_only,test,2025,hist_gradient_boosting
140,2026-03-15 14:30:00,benchmark_home_odds,True,market_only,test,2025,hist_gradient_boosting
140,2026-03-15 14:30:00,benchmark_away_not_lose_fair_odds,True,market_only,test,2025,hist_gradient_boosting
140,2026-03-15 14:30:00,benchmark_overround,True,market_only,test,2025,hist_gradient_boosting
141,2026-03-15 16:30:00,benchmark_home_prob,True,market_only,test,2025,hist_gradient_boosting
141,2026-03-15 16:30:00,benchmark_home_odds,True,market_only,test,2025,hist_gradient_boosting
141,2026-03-15 16:30:00,benchmark_away_not_lose_fair_odds,True,market_only,test,2025,hist_gradient_boosting
141,2026-03-15 16:30:00,benchmark_overround,True,market_only,test,2025,hist_gradient_boosting
142,2026-03-15 18:30:00,benchmark_home_prob,True,market_only,test,2025,hist_gradient_boosting
142,2026-03-15 18:30:00,benchmark_home_odds,True,market_only,test,2025,hist_gradient_boosting
142,2026-03-15 18:30:00,benchmark_away_not_lose_fair_odds,True,market_only,test,2025,hist_gradient_boosting
142,2026-03-15 18:30:00,benchmark_overround,True,market_only,test,2025,hist_gradient_boosting
143,2026-03-20 19:30:00,benchmark_home_prob,True,market_only,test,2025,hist_gradient_boosting
143,2026-03-20 19:30:00,benchmark_home_odds,True,market_only,test,2025,hist_gradient_boosting
143,2026-03-20 19:30:00,benchmark_away_not_lose_fair_odds,True,market_only,test,2025,hist_gradient_boosting
143,2026-03-20 19:30:00,benchmark_overround,True,market_only,test,2025,hist_gradient_boosting
144,2026-03-21 14:30:00,benchmark_home_prob,True,market_only,test,2025,hist_gradient_boosting
144,2026-03-21 14:30:00,benchmark_home_odds,True,market_only,test,2025,hist_gradient_boosting
144,2026-03-21 14:30:00,benchmark_away_not_lose_fair_odds,True,market_only,test,2025,hist_gradient_boosting
144,2026-03-21 14:30:00,benchmark_overround,True,market_only,test,2025,hist_gradient_boosting
145,2026-03-21 17:30:00,benchmark_home_prob,True,market_only,test,2025,hist_gradient_boosting
145,2026-03-21 17:30:00,benchmark_home_odds,True,market_only,test,2025,hist_gradient_boosting
145,2026-03-21 17:30:00,benchmark_away_not_lose_fair_odds,True,market_only,test,2025,hist_gradient_boosting
145,2026-03-21 17:30:00,benchmark_overround,True,market_only,test,2025,hist_gradient_boosting
146,2026-03-22 14:30:00,benchmark_home_prob,True,market_only,test,2025,hist_gradient_boosting
146,2026-03-22 14:30:00,benchmark_home_odds,True,market_only,test,2025,hist_gradient_boosting
146,2026-03-22 14:30:00,benchmark_away_not_lose_fair_odds,True,market_only,test,2025,hist_gradient_boosting
146,2026-03-22 14:30:00,benchmark_overround,True,market_only,test,2025,hist_gradient_boosting
147,2026-03-22 16:30:00,benchmark_home_prob,True,market_only,test,2025,hist_gradient_boosting
147,2026-03-22 16:30:00,benchmark_home_odds,True,market_only,test,2025,hist_gradient_boosting
147,2026-03-22 16:30:00,benchmark_away_not_lose_fair_odds,True,market_only,test,2025,hist_gradient_boosting
147,2026-03-22 16:30:00,benchmark_overround,True,market_only,test,2025,hist_gradient_boosting
148,2026-03-22 18:30:00,benchmark_home_prob,True,market_only,test,2025,hist_gradient_boosting
148,2026-03-22 18:30:00,benchmark_home_odds,True,market_only,test,2025,hist_gradient_boosting
148,2026-03-22 18:30:00,benchmark_away_not_lose_fair_odds,True,market_only,test,2025,hist_gradient_boosting
148,2026-03-22 18:30:00,benchmark_overround,True,market_only,test,2025,hist_gradient_boosting
149,2026-04-04 13:30:00,benchmark_home_prob,True,market_only,test,2025,hist_gradient_boosting
149,2026-04-04 13:30:00,benchmark_home_odds,True,market_only,test,2025,hist_gradient_boosting
149,2026-04-04 13:30:00,benchmark_away_not_lose_fair_odds,True,market_only,test,2025,hist_gradient_boosting
149,2026-04-04 13:30:00,benchmark_overround,True,market_only,test,2025,hist_gradient_boosting
150,2026-04-04 16:30:00,benchmark_home_prob,True,market_only,test,2025,hist_gradient_boosting
150,2026-04-04 16:30:00,benchmark_home_odds,True,market_only,test,2025,hist_gradient_boosting
150,2026-04-04 16:30:00,benchmark_away_not_lose_fair_odds,True,market_only,test,2025,hist_gradient_boosting
150,2026-04-04 16:30:00,benchmark_overround,True,market_only,test,2025,hist_gradient_boosting
151,2026-04-05 13:30:00,benchmark_home_prob,True,market_only,test,2025,hist_gradient_boosting
151,2026-04-05 13:30:00,benchmark_home_odds,True,market_only,test,2025,hist_gradient_boosting
151,2026-04-05 13:30:00,benchmark_away_not_lose_fair_odds,True,market_only,test,2025,hist_gradient_boosting
151,2026-04-05 13:30:00,benchmark_overround,True,market_only,test,2025,hist_gradient_boosting
152,2026-04-05 15:30:00,benchmark_home_prob,True,market_only,test,2025,hist_gradient_boosting
152,2026-04-05 15:30:00,benchmark_home_odds,True,market_only,test,2025,hist_gradient_boosting
152,2026-04-05 15:30:00,benchmark_away_not_lose_fair_odds,True,market_only,test,2025,hist_gradient_boosting
152,2026-04-05 15:30:00,benchmark_overround,True,market_only,test,2025,hist_gradient_boosting
153,2026-04-10 18:30:00,benchmark_home_prob,True,market_only,test,2025,hist_gradient_boosting
153,2026-04-10 18:30:00,benchmark_home_odds,True,market_only,test,2025,hist_gradient_boosting
153,2026-04-10 18:30:00,benchmark_away_not_lose_fair_odds,True,market_only,test,2025,hist_gradient_boosting
153,2026-04-10 18:30:00,benchmark_overround,True,market_only,test,2025,hist_gradient_boosting
154,2026-04-11 13:30:00,benchmark_home_prob,True,market_only,test,2025,hist_gradient_boosting
154,2026-04-11 13:30:00,benchmark_home_odds,True,market_only,test,2025,hist_gradient_boosting
154,2026-04-11 13:30:00,benchmark_away_not_lose_fair_odds,True,market_only,test,2025,hist_gradient_boosting
154,2026-04-11 13:30:00,benchmark_overround,True,market_only,test,2025,hist_gradient_boosting
155,2026-04-11 16:30:00,benchmark_home_prob,True,market_only,test,2025,hist_gradient_boosting
155,2026-04-11 16:30:00,benchmark_home_odds,True,market_only,test,2025,hist_gradient_boosting
155,2026-04-11 16:30:00,benchmark_away_not_lose_fair_odds,True,market_only,test,2025,hist_gradient_boosting
155,2026-04-11 16:30:00,benchmark_overround,True,market_only,test,2025,hist_gradient_boosting
156,2026-04-12 13:30:00,benchmark_home_prob,True,market_only,test,2025,hist_gradient_boosting
156,2026-04-12 13:30:00,benchmark_home_odds,True,market_only,test,2025,hist_gradient_boosting
156,2026-04-12 13:30:00,benchmark_away_not_lose_fair_odds,True,market_only,test,2025,hist_gradient_boosting
156,2026-04-12 13:30:00,benchmark_overround,True,market_only,test,2025,hist_gradient_boosting
157,2026-04-12 15:30:00,benchmark_home_prob,True,market_only,test,2025,hist_gradient_boosting
157,2026-04-12 15:30:00,benchmark_home_odds,True,market_only,test,2025,hist_gradient_boosting
157,2026-04-12 15:30:00,benchmark_away_not_lose_fair_odds,True,market_only,test,2025,hist_gradient_boosting
157,2026-04-12 15:30:00,benchmark_overround,True,market_only,test,2025,hist_gradient_boosting
158,2026-04-12 17:30:00,benchmark_home_prob,True,market_only,test,2025,hist_gradient_boosting
158,2026-04-12 17:30:00,benchmark_home_odds,True,market_only,test,2025,hist_gradient_boosting
158,2026-04-12 17:30:00,benchmark_away_not_lose_fair_odds,True,market_only,test,2025,hist_gradient_boosting
158,2026-04-12 17:30:00,benchmark_overround,True,market_only,test,2025,hist_gradient_boosting
159,2026-04-17 18:30:00,benchmark_home_prob,True,market_only,test,2025,hist_gradient_boosting
159,2026-04-17 18:30:00,benchmark_home_odds,True,market_only,test,2025,hist_gradient_boosting
159,2026-04-17 18:30:00,benchmark_away_not_lose_fair_odds,True,market_only,test,2025,hist_gradient_boosting
159,2026-04-17 18:30:00,benchmark_overround,True,market_only,test,2025,hist_gradient_boosting
160,2026-04-18 13:30:00,benchmark_home_prob,True,market_only,test,2025,hist_gradient_boosting
160,2026-04-18 13:30:00,benchmark_home_odds,True,market_only,test,2025,hist_gradient_boosting
160,2026-04-18 13:30:00,benchmark_away_not_lose_fair_odds,True,market_only,test,2025,hist_gradient_boosting
160,2026-04-18 13:30:00,benchmark_overround,True,market_only,test,2025,hist_gradient_boosting
161,2026-04-18 16:30:00,benchmark_home_prob,True,market_only,test,2025,hist_gradient_boosting
161,2026-04-18 16:30:00,benchmark_home_odds,True,market_only,test,2025,hist_gradient_boosting
161,2026-04-18 16:30:00,benchmark_away_not_lose_fair_odds,True,market_only,test,2025,hist_gradient_boosting
161,2026-04-18 16:30:00,benchmark_overround,True,market_only,test,2025,hist_gradient_boosting
162,2026-04-19 13:30:00,benchmark_home_prob,True,market_only,test,2025,hist_gradient_boosting
162,2026-04-19 13:30:00,benchmark_home_odds,True,market_only,test,2025,hist_gradient_boosting
162,2026-04-19 13:30:00,benchmark_away_not_lose_fair_odds,True,market_only,test,2025,hist_gradient_boosting
162,2026-04-19 13:30:00,benchmark_overround,True,market_only,test,2025,hist_gradient_boosting
163,2026-04-19 15:30:00,benchmark_home_prob,True,market_only,test,2025,hist_gradient_boosting
163,2026-04-19 15:30:00,benchmark_home_odds,True,market_only,test,2025,hist_gradient_boosting
163,2026-04-19 15:30:00,benchmark_away_not_lose_fair_odds,True,market_only,test,2025,hist_gradient_boosting
163,2026-04-19 15:30:00,benchmark_overround,True,market_only,test,2025,hist_gradient_boosting
164,2026-04-19 17:30:00,benchmark_home_prob,True,market_only,test,2025,hist_gradient_boosting
164,2026-04-19 17:30:00,benchmark_home_odds,True,market_only,test,2025,hist_gradient_boosting
164,2026-04-19 17:30:00,benchmark_away_not_lose_fair_odds,True,market_only,test,2025,hist_gradient_boosting
164,2026-04-19 17:30:00,benchmark_overround,True,market_only,test,2025,hist_gradient_boosting
