batch_id,date,season_id,game_id,home_win,target,target_col,y_pred,model,n_selected_features,home_team,away_team,round,week,matchday,benchmark_home_prob,benchmark_draw_prob,benchmark_away_prob,benchmark_home_not_lose_prob,benchmark_away_not_lose_prob,benchmark_home_odds,benchmark_draw_odds,benchmark_away_odds,benchmark_home_not_lose_fair_odds,benchmark_away_not_lose_fair_odds,benchmark_overround,benchmark_stage,benchmark_odds_source,prob_class_0,prob_class_1,p_home_win_model,p_away_not_lose_model,feature_set,evaluation_split,evaluation_season,away_not_lose,home_win_edge,away_not_lose_edge
1,2025-08-22 18:30:00,2025,30224,1,1,home_win,1,logistic_regression,4,Bayern Munich,RasenBallsport Leipzig,,1,1,0.7687353335989047,0.1354648223963686,0.0957998440047267,0.9042001559952731,0.2312646664010953,1.23,6.98,9.87,1.1059498202577478,4.324050083230802,1.0575917283197185,closing,market_average_close,0.30504187142618666,0.6949581285738133,0.6949581285738133,0.30504187142618666,market_only,test,2025,0,-0.07377720502509133,0.07377720502509136
2,2025-08-23 13:30:00,2025,30225,0,0,home_win,0,logistic_regression,4,FC Heidenheim,Wolfsburg,,1,1,0.3440385648909663,0.2788951679885348,0.377066267120499,0.622933732879501,0.6559614351090339,2.74,3.38,2.5,1.6053071895424835,1.5244798649386757,1.0608214918153154,closing,market_average_close,0.8011454996634123,0.19885450033658766,0.19885450033658766,0.8011454996634123,market_only,test,2025,1,-0.14518406455437863,0.14518406455437838
2,2025-08-23 13:30:00,2025,30226,0,0,home_win,0,logistic_regression,4,Bayer Leverkusen,Hoffenheim,,1,1,0.5508579371315692,0.2269800174686706,0.2221620453997602,0.7778379546002399,0.4491420628684308,1.71,4.15,4.24,1.285614817438341,2.226467041660568,1.0616082336628871,closing,market_average_close,0.6033235162389721,0.39667648376102793,0.39667648376102793,0.6033235162389721,market_only,test,2025,1,-0.15418145337054123,0.1541814533705413
2,2025-08-23 13:30:00,2025,30227,1,1,home_win,0,logistic_regression,4,Union Berlin,VfB Stuttgart,,1,1,0.2410855572754884,0.2493768595098306,0.5095375832146809,0.4904624167853191,0.7589144427245116,3.91,3.78,1.85,2.038892208203001,1.3176715894481972,1.0608452807941298,closing,market_average_close,0.875569302723696,0.124430697276304,0.124430697276304,0.875569302723696,market_only,test,2025,0,-0.11665485999918439,0.11665485999918446
2,2025-08-23 13:30:00,2025,30228,1,1,home_win,0,logistic_regression,4,Eintracht Frankfurt,Werder Bremen,,1,1,0.6149923586738651,0.2067996283013216,0.1782080130248131,0.8217919869751869,0.3850076413261348,1.53,4.55,5.28,1.2168529455741626,2.597351046217063,1.0627689304159893,closing,market_average_close,0.534068977539971,0.4659310224600291,0.4659310224600291,0.534068977539971,market_only,test,2025,0,-0.14906133621383605,0.14906133621383616
2,2025-08-23 13:30:00,2025,30229,0,0,home_win,0,logistic_regression,4,Freiburg,Augsburg,,1,1,0.4880783800685753,0.2691403638663858,0.2427812560650387,0.7572187439349611,0.5119216199314246,1.93,3.5,3.88,1.3206223538569613,1.953424042012441,1.0615809595030792,closing,market_average_close,0.6723527803881449,0.32764721961185506,0.32764721961185506,0.6723527803881449,market_only,test,2025,1,-0.16043116045672023,0.16043116045672035
3,2025-08-23 16:30:00,2025,30230,0,0,home_win,0,logistic_regression,4,St. Pauli,Borussia Dortmund,,,,,,,,,,,,,,,,,0.6078931017315815,0.3921068982684185,0.3921068982684185,0.6078931017315815,market_only,test,2025,1,,
4,2025-08-24 13:30:00,2025,30231,0,0,home_win,0,logistic_regression,4,Mainz 05,FC Cologne,,1,1,0.4833968426782798,0.2618399564507349,0.2547632008709852,0.7452367991290147,0.5166031573217202,1.95,3.6,3.7,1.3418553688823958,1.935721812434141,1.0608685608685609,closing,market_average_close,0.6505500034149856,0.34944999658501436,0.34944999658501436,0.6505500034149856,market_only,test,2025,1,-0.13394684609326546,0.13394684609326535
5,2025-08-24 15:30:00,2025,30232,0,0,home_win,0,logistic_regression,4,Borussia M.Gladbach,Hamburger SV,,1,1,0.4984596817734303,0.2434337980753961,0.2581065201511734,0.7418934798488266,0.5015403182265696,1.89,3.87,3.65,1.3479023972602735,1.993857649442756,1.0614710646567926,closing,market_average_close,0.6526401514201433,0.3473598485798567,0.3473598485798567,0.6526401514201433,market_only,test,2025,1,-0.15109983319357362,0.15109983319357367
6,2025-08-29 18:30:00,2025,30233,0,0,home_win,0,logistic_regression,4,Hamburger SV,St. Pauli,,2,2,0.389655790605952,0.292846898529939,0.317497310864109,0.6825026891358911,0.6103442093940481,2.42,3.22,2.97,1.4651956921460465,1.6384197385812893,1.0604824834073845,closing,market_average_close,0.7648940345120069,0.23510596548799315,0.23510596548799315,0.7648940345120069,market_only,test,2025,1,-0.15454982511795887,0.15454982511795878
7,2025-08-30 13:30:00,2025,30234,0,0,home_win,0,logistic_regression,4,Hoffenheim,Eintracht Frankfurt,,2,2,0.3575809038588545,0.2490801018964052,0.39333899424474,0.6066610057552598,0.6424190961411453,2.64,3.79,2.4,1.6483670295489894,1.5566162432075197,1.059306788198609,closing,market_average_close,0.7922511273885596,0.20774887261144034,0.20774887261144034,0.7922511273885596,market_only,test,2025,1,-0.14983203124741415,0.1498320312474143
7,2025-08-30 13:30:00,2025,30235,1,1,home_win,1,logistic_regression,4,RasenBallsport Leipzig,FC Heidenheim,,2,2,0.6435806447227094,0.1938654810947505,0.16255387418254,0.8374461258174599,0.3564193552772906,1.47,4.88,5.82,1.1941066645019889,2.805683768834637,1.057011447472347,closing,market_average_close,0.47131070478860126,0.5286892952113987,0.5286892952113987,0.47131070478860126,market_only,test,2025,0,-0.11489134951131064,0.11489134951131069
7,2025-08-30 13:30:00,2025,30236,0,0,home_win,0,logistic_regression,4,Werder Bremen,Bayer Leverkusen,,2,2,0.2665641419966679,0.2419582211969755,0.4914776368063566,0.5085223631936435,0.7334358580033321,3.54,3.9,1.92,1.9664818548387093,1.3634457452385111,1.0597294654498044,closing,market_average_close,0.8603788718262588,0.13962112817374114,0.13962112817374114,0.8603788718262588,market_only,test,2025,1,-0.12694301382292675,0.12694301382292672
7,2025-08-30 13:30:00,2025,30237,1,1,home_win,0,logistic_regression,4,VfB Stuttgart,Borussia M.Gladbach,,2,2,0.601519645469547,0.2057485497575574,0.1927318047728956,0.8072681952271044,0.3984803545304531,1.57,4.59,4.9,1.238745693082428,2.509534004953253,1.0588892315595737,closing,market_average_close,0.5396184935907442,0.46038150640925585,0.46038150640925585,0.5396184935907442,market_only,test,2025,0,-0.1411381390602911,0.1411381390602911
8,2025-08-30 16:30:00,2025,30238,0,0,home_win,0,logistic_regression,4,Augsburg,Bayern Munich,,2,2,0.1013950095979545,0.1595304282544546,0.7390745621475907,0.2609254378524092,0.8986049904020454,9.33,5.93,1.28,3.83251249180865,1.112836018807985,1.0570652002009873,closing,market_average_close,0.9522210244978525,0.047778975502147505,0.047778975502147505,0.9522210244978525,market_only,test,2025,1,-0.053616034095806994,0.053616034095807064
9,2025-08-31 13:30:00,2025,30239,0,0,home_win,0,logistic_regression,4,Wolfsburg,Mainz 05,,2,2,0.440767271138807,0.2672073541748008,0.2920253746863923,0.7079746253136079,0.5592327288611931,2.14,3.53,3.23,1.4124800017472874,1.788164297959409,1.0601733618261524,closing,market_average_close,0.7109667595203051,0.2890332404796949,0.2890332404796949,0.7109667595203051,market_only,test,2025,1,-0.15173403065911206,0.15173403065911195
10,2025-08-31 15:30:00,2025,30240,1,1,home_win,0,logistic_regression,4,Borussia Dortmund,Union Berlin,,,,,,,,,,,,,,,,,0.6103911353295319,0.38960886467046807,0.38960886467046807,0.6103911353295319,market_only,test,2025,0,,
11,2025-08-31 17:30:00,2025,30241,1,1,home_win,0,logistic_regression,4,FC Cologne,Freiburg,,2,2,0.371126711213524,0.2836708699003672,0.3452024188861086,0.6547975811138913,0.6288732887864759,2.53,3.31,2.72,1.527189514504432,1.5901454519235183,1.0650187794449546,closing,market_average_close,0.806110984415151,0.19388901558484894,0.19388901558484894,0.806110984415151,market_only,test,2025,0,-0.17723769562867503,0.1772376956286752
12,2025-09-12 18:30:00,2025,30242,1,1,home_win,0,logistic_regression,4,Bayer Leverkusen,Eintracht Frankfurt,,3,3,0.444996483933103,0.2536001467575748,0.3014033693093222,0.6985966306906779,0.5550035160668971,2.12,3.72,3.13,1.4314412009278303,1.8017903869990357,1.060004135399996,closing,market_average_close,0.6835554081997101,0.31644459180028994,0.31644459180028994,0.6835554081997101,market_only,test,2025,0,-0.12855189213281304,0.12855189213281293
13,2025-09-13 13:30:00,2025,30243,1,1,home_win,0,logistic_regression,4,Freiburg,VfB Stuttgart,,3,3,0.3602712835282948,0.2666414584305459,0.3730872580411591,0.6269127419588407,0.639728716471705,2.62,3.54,2.53,1.5951183204147634,1.563162594162255,1.0594221820152394,closing,market_average_close,0.7463640761498822,0.2536359238501178,0.2536359238501178,0.7463640761498822,market_only,test,2025,0,-0.106635359678177,0.10663535967817717
13,2025-09-13 13:30:00,2025,30244,0,0,home_win,0,logistic_regression,4,FC Heidenheim,Borussia Dortmund,,,,,,,,,,,,,,,,,0.6082734206806482,0.3917265793193518,0.3917265793193518,0.6082734206806482,market_only,test,2025,1,,
13,2025-09-13 13:30:00,2025,30245,0,0,home_win,0,logistic_regression,4,Mainz 05,RasenBallsport Leipzig,,3,3,0.4069510965465087,0.2558608520292412,0.33718805142425,0.66281194857575,0.5930489034534914,2.32,3.69,2.8,1.5087235559781316,1.6862015833377608,1.0591800499285782,closing,market_average_close,0.7006375620218064,0.2993624379781937,0.2993624379781937,0.7006375620218064,market_only,test,2025,1,-0.10758865856831501,0.10758865856831501
13,2025-09-13 13:30:00,2025,30246,0,0,home_win,0,logistic_regression,4,Wolfsburg,FC Cologne,,3,3,0.49099859755574,0.2582787143306906,0.2507226881135693,0.7492773118864307,0.50900140244426,1.92,3.65,3.76,1.3346193513885174,1.9646311291048133,1.06076338288157,closing,market_average_close,0.617561281689884,0.382438718310116,0.382438718310116,0.617561281689884,market_only,test,2025,1,-0.10855987924562399,0.10855987924562405
13,2025-09-13 13:30:00,2025,30247,0,0,home_win,0,logistic_regression,4,Union Berlin,Hoffenheim,,3,3,0.344082000926656,0.2772896125114816,0.3786283865618624,0.6213716134381376,0.6559179990733439,2.74,3.4,2.49,1.609342909095666,1.524580818658372,1.0606875764112698,closing,market_average_close,0.7648381663087985,0.23516183369120147,0.23516183369120147,0.7648381663087985,market_only,test,2025,1,-0.1089201672354545,0.10892016723545461
14,2025-09-13 16:30:00,2025,30248,1,1,home_win,1,logistic_regression,4,Bayern Munich,Hamburger SV,,3,3,0.8867317367186944,0.0753616329061956,0.0379066303751099,0.96209336962489,0.1132682632813056,1.07,12.59,25.03,1.0394001575854217,8.828598329582096,1.0539596143369132,closing,market_average_close,0.08712577890496298,0.912874221095037,0.912874221095037,0.08712577890496298,market_only,test,2025,0,0.02614248437634259,-0.026142484376342617
15,2025-09-14 13:30:00,2025,30249,1,1,home_win,0,logistic_regression,4,St. Pauli,Augsburg,,3,3,0.4461749867796858,0.2793558522567172,0.2744691609635968,0.725530839036403,0.553825013220314,2.11,3.37,3.43,1.3783011640526912,1.805624477279064,1.0622147438379832,closing,market_average_close,0.6746191593364552,0.3253808406635448,0.3253808406635448,0.6746191593364552,market_only,test,2025,0,-0.12079414611614103,0.12079414611614125
16,2025-09-14 15:30:00,2025,30250,0,0,home_win,0,logistic_regression,4,Borussia M.Gladbach,Werder Bremen,,3,3,0.4517425013999391,0.2427099814719467,0.3055475171281142,0.6944524828718859,0.5482574986000609,2.09,3.89,3.09,1.4399833317097983,1.823960461194664,1.0591629037311467,closing,market_average_close,0.6395267284582378,0.3604732715417623,0.3604732715417623,0.6395267284582378,market_only,test,2025,1,-0.09126922985817681,0.09126922985817687
17,2025-09-19 18:30:00,2025,30251,1,1,home_win,0,logistic_regression,4,VfB Stuttgart,St. Pauli,,4,4,0.516278656112962,0.2421719469395853,0.2415493969474526,0.7584506030525473,0.4837213438870379,1.82,3.88,3.89,1.3184774275019169,2.0673059244487817,1.064251916953796,closing,market_average_close,0.5932403203826875,0.40675967961731246,0.40675967961731246,0.5932403203826875,market_only,test,2025,0,-0.10951897649564951,0.10951897649564957
18,2025-09-20 13:30:00,2025,30252,0,0,home_win,0,logistic_regression,4,Werder Bremen,Freiburg,,4,4,0.3972876379345615,0.265231465325327,0.3374808967401114,0.6625191032598885,0.6027123620654384,2.37,3.55,2.79,1.509390438825923,1.659166234077387,1.062054008183213,closing,market_average_close,0.6938867795005501,0.3061132204994499,0.3061132204994499,0.6938867795005501,market_only,test,2025,1,-0.09117441743511162,0.09117441743511168
18,2025-09-20 13:30:00,2025,30253,0,0,home_win,0,logistic_regression,4,Augsburg,Mainz 05,,4,4,0.3618220837324344,0.2721485990033584,0.3660293172642069,0.6339706827357929,0.6381779162675654,2.61,3.47,2.58,1.5773600061199513,1.5669611475254113,1.0589230997172594,closing,market_average_close,0.7230514062909223,0.2769485937090776,0.2769485937090776,0.7230514062909223,market_only,test,2025,1,-0.08487349002335681,0.08487349002335698
18,2025-09-20 13:30:00,2025,30254,1,1,home_win,0,logistic_regression,4,Hamburger SV,FC Heidenheim,,4,4,0.5322566384721935,0.2434352067430962,0.2243081547847101,0.7756918452152898,0.4677433615278064,1.77,3.87,4.2,1.2891717325227965,2.1379245164135847,1.061464922324205,closing,market_average_close,0.5451956466688368,0.45480435333116315,0.45480435333116315,0.5451956466688368,market_only,test,2025,0,-0.07745228514103036,0.07745228514103042
18,2025-09-20 13:30:00,2025,30255,0,0,home_win,0,logistic_regression,4,Hoffenheim,Bayern Munich,,4,4,0.1352319120033969,0.1757763027530187,0.6889917852435844,0.3110082147564156,0.8647680879966031,6.98,5.37,1.37,3.215349153343775,1.1563793968353837,1.0594132222363342,closing,market_average_close,0.9168146039918448,0.08318539600815526,0.08318539600815526,0.9168146039918448,market_only,test,2025,1,-0.05204651599524164,0.05204651599524168
19,2025-09-20 16:30:00,2025,30256,1,1,home_win,0,logistic_regression,4,RasenBallsport Leipzig,FC Cologne,,4,4,0.5063728517210516,0.2348761855863232,0.2587509626926252,0.7412490373073748,0.4936271482789485,1.86,4.01,3.64,1.3490742647471778,2.025820507414435,1.0617362419309164,closing,market_average_close,0.5773137223810823,0.4226862776189178,0.4226862776189178,0.5773137223810823,market_only,test,2025,0,-0.08368657410213381,0.08368657410213376
20,2025-09-21 13:30:00,2025,30257,0,0,home_win,1,logistic_regression,4,Eintracht Frankfurt,Union Berlin,,4,4,0.5821543490474489,0.2261606823637571,0.1916849685887941,0.808315031411206,0.4178456509525513,1.62,4.17,4.92,1.2371414128649056,2.3932282117100594,1.0603441366148272,closing,market_average_close,0.4683493539982575,0.5316506460017425,0.5316506460017425,0.4683493539982575,market_only,test,2025,1,-0.050503703045706394,0.05050370304570623
21,2025-09-21 15:30:00,2025,30258,0,0,home_win,1,logistic_regression,4,Bayer Leverkusen,Borussia M.Gladbach,,4,4,0.6240670023625761,0.2117620614758404,0.1641709361615835,0.8358290638384165,0.3759329976374239,1.51,4.45,5.74,1.1964168790777072,2.6600484828003044,1.061186784627299,closing,market_average_close,0.43588200168562696,0.564117998314373,0.564117998314373,0.43588200168562696,market_only,test,2025,1,-0.059949004048203025,0.05994900404820308
22,2025-09-21 17:30:00,2025,30259,1,1,home_win,0,logistic_regression,4,Borussia Dortmund,Wolfsburg,,,,,,,,,,,,,,,,,0.6078261506256627,0.3921738493743373,0.3921738493743373,0.6078261506256627,market_only,test,2025,0,,
23,2025-09-26 18:30:00,2025,30260,1,1,home_win,1,logistic_regression,4,Bayern Munich,Werder Bremen,,5,5,0.8586108162591763,0.0897786975175945,0.0516104862232291,0.9483895137767708,0.1413891837408236,1.1,10.52,18.3,1.0544190814781371,7.072676802725379,1.0587927520546108,closing,market_average_close,0.12457975233778851,0.8754202476622115,0.8754202476622115,0.12457975233778851,market_only,test,2025,0,0.016809431403035147,-0.01680943140303509
24,2025-09-27 13:30:00,2025,30261,1,1,home_win,0,logistic_regression,4,FC Heidenheim,Augsburg,,5,5,0.3338959235092706,0.2721348278312552,0.3939692486594741,0.6060307513405259,0.6661040764907293,2.82,3.46,2.39,1.650081283479466,1.501266897011578,1.0620373119594808,closing,market_average_close,0.7622849852105279,0.2377150147894721,0.2377150147894721,0.7622849852105279,market_only,test,2025,0,-0.09618090871979851,0.09618090871979856
24,2025-09-27 13:30:00,2025,30262,0,0,home_win,0,logistic_regression,4,Mainz 05,Borussia Dortmund,,,,,,,,,,,,,,,,,0.6063052614879197,0.39369473851208026,0.39369473851208026,0.6063052614879197,market_only,test,2025,1,,
24,2025-09-27 13:30:00,2025,30263,0,0,home_win,0,logistic_regression,4,St. Pauli,Bayer Leverkusen,,5,5,0.3176021327184955,0.2758123784134303,0.4065854888680741,0.5934145111319259,0.6823978672815045,2.97,3.42,2.32,1.685162700339971,1.4654207581036849,1.0601324802776708,closing,market_average_close,0.7729674603658686,0.2270325396341314,0.2270325396341314,0.7729674603658686,market_only,test,2025,1,-0.09056959308436413,0.09056959308436408
24,2025-09-27 13:30:00,2025,30264,0,0,home_win,0,logistic_regression,4,Wolfsburg,RasenBallsport Leipzig,,5,5,0.3631156057074777,0.2576628544609225,0.3792215398315998,0.6207784601684003,0.6368843942925223,2.59,3.65,2.48,1.610880634822167,1.5701436696542732,1.063298795291725,closing,market_average_close,0.7382517506827656,0.2617482493172344,0.2617482493172344,0.7382517506827656,market_only,test,2025,1,-0.1013673563902433,0.1013673563902433
25,2025-09-27 16:30:00,2025,30265,0,0,home_win,0,logistic_regression,4,Borussia M.Gladbach,Eintracht Frankfurt,,5,5,0.3244557995317345,0.2592071125735619,0.4163370878947035,0.5836629121052964,0.6755442004682655,2.9,3.63,2.26,1.713317703180691,1.480288039341959,1.0627875559770033,closing,market_average_close,0.7659092700233654,0.23409072997663463,0.23409072997663463,0.7659092700233654,market_only,test,2025,1,-0.09036506955509985,0.09036506955509993
26,2025-09-28 13:30:00,2025,30266,0,0,home_win,0,logistic_regression,4,Freiburg,Hoffenheim,,5,5,0.41201627620025,0.2816469470144992,0.3063367767852508,0.6936632232147493,0.5879837237997501,2.29,3.35,3.08,1.4416217647600624,1.7007273492838564,1.0598640100693153,closing,market_average_close,0.6813702805851345,0.31862971941486556,0.31862971941486556,0.6813702805851345,market_only,test,2025,1,-0.09338655678538443,0.09338655678538443
27,2025-09-28 15:30:00,2025,30267,0,0,home_win,0,logistic_regression,4,FC Cologne,VfB Stuttgart,,5,5,0.3716019016871233,0.2597107213448679,0.3686873769680086,0.6313126230319912,0.6283980983128765,2.53,3.62,2.55,1.584001275306871,1.591347909366372,1.0636568736637977,closing,market_average_close,0.7356890225154544,0.2643109774845456,0.2643109774845456,0.7356890225154544,market_only,test,2025,1,-0.10729092420257774,0.10729092420257791
28,2025-09-28 17:30:00,2025,30268,0,0,home_win,0,logistic_regression,4,Union Berlin,Hamburger SV,,5,5,0.4781150587622322,0.2638337999332206,0.2580511413045472,0.7419488586954528,0.5218849412377679,1.97,3.57,3.65,1.34780179021809,1.9161311641379697,1.0616988607556226,closing,market_average_close,0.6290602625954506,0.37093973740454944,0.37093973740454944,0.6290602625954506,market_only,test,2025,1,-0.10717532135768276,0.1071753213576827
29,2025-10-03 18:30:00,2025,30274,0,0,home_win,0,logistic_regression,4,Hoffenheim,FC Cologne,,6,6,0.4852246034277759,0.2503552475132674,0.2644201490589565,0.7355798509410434,0.5147753965722239,1.94,3.76,3.56,1.359471712990341,1.9425947833924853,1.0623202407387784,closing,market_average_close,0.6315723344928634,0.3684276655071365,0.3684276655071365,0.6315723344928634,market_only,test,2025,1,-0.11679693792063939,0.1167969379206395
30,2025-10-04 13:30:00,2025,30269,1,1,home_win,0,logistic_regression,4,Bayer Leverkusen,Union Berlin,,6,6,0.5557125930167742,0.2428564031178704,0.2014310038653552,0.7985689961346447,0.4442874069832257,1.7,3.89,4.69,1.2522399502614705,2.2507952831482245,1.0585243190626978,closing,market_average_close,0.543935114430589,0.45606488556941105,0.45606488556941105,0.543935114430589,market_only,test,2025,0,-0.09964770744736318,0.09964770744736323
30,2025-10-04 13:30:00,2025,30271,0,0,home_win,0,logistic_regression,4,Borussia Dortmund,RasenBallsport Leipzig,,,,,,,,,,,,,,,,,0.6104144895504826,0.3895855104495174,0.3895855104495174,0.6104144895504826,market_only,test,2025,1,,
30,2025-10-04 13:30:00,2025,30276,1,1,home_win,0,logistic_regression,4,Augsburg,Wolfsburg,,6,6,0.3775607633643142,0.2689179226241555,0.3535213140115302,0.6464786859884697,0.6224392366356857,2.5,3.51,2.67,1.546841406644357,1.6065825242718448,1.0594321201062775,closing,market_average_close,0.7352322423140847,0.26476775768591526,0.26476775768591526,0.7352322423140847,market_only,test,2025,0,-0.11279300567839895,0.112793005678399
30,2025-10-04 13:30:00,2025,30277,1,1,home_win,0,logistic_regression,4,Werder Bremen,St. Pauli,,6,6,0.4073865068978352,0.268109068642165,0.3245044244599998,0.6754955755400003,0.5926134931021648,2.31,3.51,2.9,1.4803945965161749,1.6874404846323725,1.0626283040076143,closing,market_average_close,0.7187502096502514,0.2812497903497486,0.2812497903497486,0.7187502096502514,market_only,test,2025,0,-0.12613671654808656,0.12613671654808656
31,2025-10-04 16:30:00,2025,30272,0,0,home_win,0,logistic_regression,4,Eintracht Frankfurt,Bayern Munich,,6,6,0.1406427000124242,0.1664851749263679,0.6928721250612078,0.3071278749387922,0.8593572999875757,6.7,5.66,1.36,3.2559727774604985,1.16366033082451,1.0612262942200243,closing,market_average_close,0.9118879957105078,0.0881120042894922,0.0881120042894922,0.9118879957105078,market_only,test,2025,1,-0.05253069572293201,0.05253069572293212
32,2025-10-05 13:30:00,2025,30275,1,1,home_win,1,logistic_regression,4,VfB Stuttgart,FC Heidenheim,,6,6,0.678629057789017,0.1864218162701054,0.1349491259408774,0.8650508740591225,0.3213709422109829,1.39,5.06,6.99,1.1560013751649645,3.1116690050449267,1.0601144353817529,closing,market_average_close,0.3696964829827022,0.6303035170172978,0.6303035170172978,0.3696964829827022,market_only,test,2025,0,-0.048325540771719244,0.0483255407717193
33,2025-10-05 15:30:00,2025,30273,1,1,home_win,0,logistic_regression,4,Hamburger SV,Mainz 05,,6,6,0.3050185252790443,0.2559828495529854,0.4389986251679703,0.5610013748320297,0.6949814747209557,3.08,3.67,2.14,1.7825268258913118,1.4388872745155017,1.0644446083341903,closing,market_average_close,0.7755920430165653,0.22440795698343471,0.22440795698343471,0.7755920430165653,market_only,test,2025,0,-0.08061056829560956,0.08061056829560953
34,2025-10-05 17:30:00,2025,30270,0,0,home_win,0,logistic_regression,4,Borussia M.Gladbach,Freiburg,,6,6,0.3643627646823811,0.2808629644426688,0.35477427087495,0.6452257291250499,0.6356372353176187,2.59,3.36,2.66,1.54984520123839,1.573224387177876,1.059659283343494,closing,market_average_close,0.7003059553525335,0.2996940446474665,0.2996940446474665,0.7003059553525335,market_only,test,2025,1,-0.06466872003491458,0.06466872003491475
35,2025-10-17 18:30:00,2025,30285,1,1,home_win,0,logistic_regression,4,Union Berlin,Borussia M.Gladbach,,7,7,0.4206850523204538,0.2829833384978428,0.2963316091817033,0.7036683908182966,0.5793149476795462,2.24,3.33,3.18,1.4211239456657974,1.7261767610269914,1.0611942805339032,closing,market_average_close,0.6502282322788024,0.3497717677211975,0.3497717677211975,0.6502282322788024,market_only,test,2025,0,-0.07091328459925628,0.07091328459925628
36,2025-10-18 13:30:00,2025,30279,0,0,home_win,0,logistic_regression,4,FC Cologne,Augsburg,,7,7,0.4759481961147087,0.2493061979648474,0.274745605920444,0.7252543940795562,0.5240518038852915,1.98,3.78,3.43,1.3788265306122445,1.9082082965578109,1.0611459591051426,closing,market_average_close,0.5811577499341416,0.4188422500658584,0.4188422500658584,0.5811577499341416,market_only,test,2025,1,-0.057105946048850276,0.05710594604885011
36,2025-10-18 13:30:00,2025,30281,0,0,home_win,0,logistic_regression,4,FC Heidenheim,Werder Bremen,,7,7,0.3526812727161972,0.2721557798127881,0.3751629474710146,0.6248370525289854,0.6473187272838028,2.67,3.46,2.51,1.600417254310653,1.5448340328358394,1.061955550748447,closing,market_average_close,0.7074862981357741,0.29251370186422593,0.29251370186422593,0.7074862981357741,market_only,test,2025,1,-0.060167570851971275,0.06016757085197133
36,2025-10-18 13:30:00,2025,30282,0,0,home_win,0,logistic_regression,4,Mainz 05,Bayer Leverkusen,,7,7,0.376246878958956,0.2715520952486378,0.3522010257924062,0.6477989742075938,0.6237531210410441,2.49,3.45,2.66,1.543688767372978,1.6031983909451224,1.0674013477906394,closing,market_average_close,0.6868624468834615,0.31313755311653846,0.31313755311653846,0.6868624468834615,market_only,test,2025,1,-0.06310932584241752,0.06310932584241746
36,2025-10-18 13:30:00,2025,30283,1,1,home_win,1,logistic_regression,4,RasenBallsport Leipzig,Hamburger SV,,7,7,0.6492655038542866,0.1898054396348217,0.1609290565108915,0.8390709434891084,0.3507344961457133,1.45,4.96,5.85,1.1917943384402043,2.851159526619669,1.0622082465797706,closing,market_average_close,0.38205167591085276,0.6179483240891472,0.6179483240891472,0.38205167591085276,market_only,test,2025,0,-0.03131717976513937,0.03131717976513948
36,2025-10-18 13:30:00,2025,30286,0,0,home_win,0,logistic_regression,4,Wolfsburg,VfB Stuttgart,,7,7,0.3324211042392531,0.2672590127832632,0.4003198829774835,0.5996801170225163,0.6675788957607467,2.83,3.52,2.35,1.6675557044731113,1.497950289246995,1.0629797144438902,closing,market_average_close,0.7273123687117027,0.2726876312882973,0.2726876312882973,0.7273123687117027,market_only,test,2025,1,-0.05973347295095577,0.05973347295095599
37,2025-10-18 16:30:00,2025,30278,1,1,home_win,0,logistic_regression,4,Bayern Munich,Borussia Dortmund,,,,,,,,,,,,,,,,,0.6113898589392528,0.38861014106074715,0.38861014106074715,0.6113898589392528,market_only,test,2025,0,,
38,2025-10-19 13:30:00,2025,30280,0,0,home_win,0,logistic_regression,4,Freiburg,Eintracht Frankfurt,,7,7,0.3832278939489061,0.2663109093543246,0.3504611966967692,0.6495388033032308,0.6167721060510938,2.46,3.54,2.69,1.539553903345725,1.6213443996398231,1.060737152642776,closing,market_average_close,0.6920334049811723,0.3079665950188277,0.3079665950188277,0.6920334049811723,market_only,test,2025,1,-0.07526129893007838,0.07526129893007849
39,2025-10-19 15:30:00,2025,30284,0,0,home_win,0,logistic_regression,4,St. Pauli,Hoffenheim,,7,7,0.3558034896268095,0.2773174257385427,0.3668790846346479,0.6331209153653522,0.6441965103731906,2.65,3.4,2.57,1.579477119979419,1.5523213552036914,1.06058119599062,closing,market_average_close,0.7223992182850256,0.2776007817149744,0.2776007817149744,0.7223992182850256,market_only,test,2025,1,-0.07820270791183515,0.07820270791183503
40,2025-10-24 18:30:00,2025,30295,1,1,home_win,0,logistic_regression,4,Werder Bremen,Union Berlin,,8,8,0.4119064019206956,0.2726201330631194,0.3154734650161849,0.684526534983815,0.5880935980793043,2.29,3.46,2.99,1.460863748727643,1.7004096002166482,1.0601467242830032,closing,market_average_close,0.6703768663252837,0.3296231336747163,0.3296231336747163,0.6703768663252837,market_only,test,2025,0,-0.08228326824597931,0.08228326824597942
41,2025-10-25 13:30:00,2025,30287,0,0,home_win,0,logistic_regression,4,Augsburg,RasenBallsport Leipzig,,8,8,0.2912621359223301,0.2475728155339805,0.4611650485436893,0.5388349514563107,0.7087378640776698,3.23,3.8,2.04,1.855855855855856,1.4109589041095891,1.0629514963880289,closing,market_average_close,0.7800760866944015,0.21992391330559843,0.21992391330559843,0.7800760866944015,market_only,test,2025,1,-0.07133822261673164,0.07133822261673173
41,2025-10-25 13:30:00,2025,30289,0,0,home_win,0,logistic_regression,4,Borussia M.Gladbach,Bayern Munich,,8,8,0.1005153925185578,0.1399449075629847,0.7595396999184574,0.2404603000815425,0.8994846074814421,9.37,6.73,1.24,4.158690643157684,1.1117477627549417,1.0617636089197244,closing,market_average_close,0.9453960300458665,0.054603969954133566,0.054603969954133566,0.9453960300458665,market_only,test,2025,1,-0.04591142256442424,0.045911422564424376
41,2025-10-25 13:30:00,2025,30291,1,1,home_win,1,logistic_regression,4,Eintracht Frankfurt,St. Pauli,,8,8,0.5739622043361102,0.2209619753782208,0.205075820285669,0.794924179714331,0.4260377956638898,1.64,4.26,4.59,1.2579816107233854,2.347209590739975,1.062362805345811,closing,market_average_close,0.48635867594285465,0.5136413240571454,0.5136413240571454,0.48635867594285465,market_only,test,2025,0,-0.06032088027896487,0.06032088027896487
41,2025-10-25 13:30:00,2025,30292,0,0,home_win,0,logistic_regression,4,Hamburger SV,Wolfsburg,,8,8,0.4364024900120784,0.2575490104989315,0.3060484994889901,0.69395150051101,0.5635975099879216,2.16,3.66,3.08,1.441022894631142,1.7743158588855918,1.0608623313541343,closing,market_average_close,0.6374106802806205,0.3625893197193794,0.3625893197193794,0.6374106802806205,market_only,test,2025,1,-0.07381317029269902,0.07381317029269896
41,2025-10-25 13:30:00,2025,30293,1,1,home_win,1,logistic_regression,4,Hoffenheim,FC Heidenheim,,8,8,0.6004885744821619,0.2157361697796325,0.1837752557382055,0.8162247442617944,0.399511425517838,1.57,4.37,5.13,1.2251527621897995,2.5030573248407646,1.060707400983458,closing,market_average_close,0.4521831820928013,0.5478168179071987,0.5478168179071987,0.4521831820928013,market_only,test,2025,0,-0.05267175657496315,0.05267175657496326
42,2025-10-25 16:30:00,2025,30290,1,1,home_win,0,logistic_regression,4,Borussia Dortmund,FC Cologne,,,,,,,,,,,,,,,,,0.611505237571583,0.3884947624284169,0.3884947624284169,0.611505237571583,market_only,test,2025,0,,
43,2025-10-26 13:30:00,2025,30288,1,1,home_win,0,logistic_regression,4,Bayer Leverkusen,Freiburg,,8,8,0.4814513315501803,0.2621235027328759,0.2564251657169438,0.7435748342830563,0.5185486684498197,1.96,3.6,3.68,1.3448545511416952,1.9284592958062348,1.0597209898452131,closing,market_average_close,0.5822454601090585,0.41775453989094147,0.41775453989094147,0.5822454601090585,market_only,test,2025,0,-0.0636967916592388,0.0636967916592388
44,2025-10-26 15:30:00,2025,30294,1,1,home_win,0,logistic_regression,4,VfB Stuttgart,Mainz 05,,8,8,0.4567762380451178,0.2606534765576019,0.2825702853972801,0.7174297146027198,0.5432237619548821,2.06,3.61,3.33,1.3938647642351347,1.840862035197672,1.0627455037534914,closing,market_average_close,0.6050627342366257,0.39493726576337423,0.39493726576337423,0.6050627342366257,market_only,test,2025,0,-0.061838972281743565,0.06183897228174362
45,2025-10-31 19:30:00,2025,30296,0,0,home_win,0,logistic_regression,4,Augsburg,Borussia Dortmund,,,,,,,,,,,,,,,,,0.6086225310677411,0.3913774689322589,0.3913774689322589,0.6086225310677411,market_only,test,2025,1,,
46,2025-11-01 14:30:00,2025,30299,0,0,home_win,0,logistic_regression,4,FC Heidenheim,Eintracht Frankfurt,,9,9,0.2351589517721564,0.2334083888557384,0.531432659372105,0.4685673406278949,0.7648410482278435,4.0,4.03,1.77,2.1341649604941924,1.3074612068965517,1.0631107092288066,closing,market_average_close,0.8181469944266668,0.1818530055733332,0.1818530055733332,0.8181469944266668,market_only,test,2025,1,-0.0533059461988232,0.05330594619882334
46,2025-11-01 14:30:00,2025,30300,0,0,home_win,0,logistic_regression,4,Mainz 05,Werder Bremen,,9,9,0.5056474088975503,0.2468514909578592,0.2475011001445904,0.7524988998554096,0.4943525911024496,1.86,3.81,3.8,1.32890559732665,2.022847696155313,1.0632594949400425,closing,market_average_close,0.5404244405346342,0.45957555946536577,0.45957555946536577,0.5404244405346342,market_only,test,2025,1,-0.046071849432184564,0.04607184943218462
46,2025-11-01 14:30:00,2025,30301,1,1,home_win,0,logistic_regression,4,RasenBallsport Leipzig,VfB Stuttgart,,9,9,0.4514352590056395,0.2509307689685602,0.2976339720258001,0.7023660279741998,0.5485647409943604,2.09,3.76,3.17,1.4237590660303594,1.822938889924536,1.0598837595792532,closing,market_average_close,0.6004871646070258,0.3995128353929742,0.3995128353929742,0.6004871646070258,market_only,test,2025,0,-0.0519224236126653,0.051922423612665414
46,2025-11-01 14:30:00,2025,30302,0,0,home_win,0,logistic_regression,4,St. Pauli,Borussia M.Gladbach,,9,9,0.4083536431632911,0.2782586771997647,0.3133876796369443,0.6866123203630559,0.591646356836709,2.31,3.39,3.01,1.456425948592411,1.6901988636363636,1.0601115972591584,closing,market_average_close,0.6472168924678168,0.3527831075321832,0.3527831075321832,0.6472168924678168,market_only,test,2025,1,-0.055570535631107865,0.05557053563110781
46,2025-11-01 14:30:00,2025,30303,0,0,home_win,0,logistic_regression,4,Union Berlin,Freiburg,,9,9,0.3601214541494084,0.3004835063284873,0.3393950395221044,0.6606049604778957,0.6398785458505918,2.62,3.14,2.78,1.513763988808953,1.5627965752011548,1.0598629571084222,closing,market_average_close,0.6973324993538497,0.3026675006461503,0.3026675006461503,0.6973324993538497,market_only,test,2025,1,-0.057453953503258104,0.05745395350325788
47,2025-11-01 17:30:00,2025,30297,1,1,home_win,1,logistic_regression,4,Bayern Munich,Bayer Leverkusen,,9,9,0.7479522367875091,0.1520031965084292,0.1000445667040617,0.8999554332959384,0.252047763212491,1.26,6.2,9.42,1.1111661344580863,3.967501981586488,1.061098228757978,closing,market_average_close,0.24797354551392303,0.752026454486077,0.752026454486077,0.24797354551392303,market_only,test,2025,0,0.004074217698567861,-0.004074217698567972
48,2025-11-02 14:30:00,2025,30298,1,1,home_win,0,logistic_regression,4,FC Cologne,Hamburger SV,,9,9,0.3886057692307692,0.2667548076923077,0.3446394230769231,0.6553605769230769,0.6113942307692308,2.43,3.54,2.74,1.525877562997469,1.6356058818903827,1.0589720131007057,closing,market_average_close,0.6768650219980168,0.3231349780019832,0.3231349780019832,0.6768650219980168,market_only,test,2025,0,-0.06547079122878602,0.06547079122878596
49,2025-11-02 16:30:00,2025,30304,0,0,home_win,0,logistic_regression,4,Wolfsburg,Hoffenheim,,9,9,0.3485571190078702,0.2543524922489864,0.3970903887431433,0.6029096112568566,0.6514428809921297,2.7,3.7,2.37,1.658623417721519,1.535053999633901,1.0625815689106828,closing,market_average_close,0.71221048572583,0.28778951427417004,0.28778951427417004,0.71221048572583,market_only,test,2025,1,-0.06076760473370013,0.06076760473370035
50,2025-11-07 19:30:00,2025,30313,1,1,home_win,0,logistic_regression,4,Werder Bremen,Wolfsburg,,10,10,0.4406371921600074,0.2590559316545098,0.3003068761854827,0.6996931238145173,0.5593628078399926,2.14,3.64,3.14,1.4291979811782336,1.7877484630441376,1.060486331931061,closing,market_average_close,0.6154520743236818,0.3845479256763182,0.3845479256763182,0.6154520743236818,market_only,test,2025,0,-0.056089266483689226,0.05608926648368917
51,2025-11-08 14:30:00,2025,30305,1,1,home_win,1,logistic_regression,4,Bayer Leverkusen,FC Heidenheim,,10,10,0.6805695308110046,0.1907241225458258,0.1287063466431695,0.8712936533568304,0.3194304691889954,1.39,4.96,7.35,1.14771867802239,3.130571740820179,1.0570917854261688,closing,market_average_close,0.32471908877080613,0.6752809112291939,0.6752809112291939,0.32471908877080613,market_only,test,2025,0,-0.005288619581810705,0.005288619581810705
51,2025-11-08 14:30:00,2025,30309,0,0,home_win,0,logistic_regression,4,Hamburger SV,Borussia Dortmund,,,,,,,,,,,,,,,,,0.6095558412542573,0.3904441587457427,0.3904441587457427,0.6095558412542573,market_only,test,2025,1,,
51,2025-11-08 14:30:00,2025,30310,1,1,home_win,0,logistic_regression,4,Hoffenheim,RasenBallsport Leipzig,,10,10,0.3493873436860175,0.2508898478596402,0.3997228084543421,0.6002771915456577,0.6506126563139825,2.7,3.76,2.36,1.6658970457049906,1.5370128298232872,1.060056630738203,closing,market_average_close,0.7055697764506149,0.2944302235493851,0.2944302235493851,0.7055697764506149,market_only,test,2025,0,-0.0549571201366324,0.054957120136632454
51,2025-11-08 14:30:00,2025,30312,0,0,home_win,0,logistic_regression,4,Union Berlin,Bayern Munich,,10,10,0.0803999487499863,0.1408501344319641,0.7787499168180496,0.2212500831819504,0.9196000512500138,11.72,6.69,1.21,4.519772312029485,1.087429256491122,1.0612473441648276,closing,market_average_close,0.9624371495617623,0.037562850438237656,0.037562850438237656,0.9624371495617623,market_only,test,2025,1,-0.04283709831174864,0.042837098311748534
52,2025-11-08 17:30:00,2025,30306,1,1,home_win,0,logistic_regression,4,Borussia M.Gladbach,FC Cologne,,10,10,0.4635423519195853,0.2564008104623319,0.2800568376180827,0.7199431623819172,0.5364576480804146,2.03,3.67,3.36,1.3889985380116958,1.8640800510129003,1.062709449090169,closing,market_average_close,0.5713537413290182,0.42864625867098183,0.42864625867098183,0.5713537413290182,market_only,test,2025,0,-0.03489609324860349,0.034896093248603544
53,2025-11-09 14:30:00,2025,30308,1,1,home_win,1,logistic_regression,4,Freiburg,St. Pauli,,10,10,0.5319866952415124,0.2637581094054557,0.2042551953530318,0.7957448046469682,0.4680133047584875,1.77,3.57,4.61,1.256684296473226,2.1366913928142224,1.0620035359266689,closing,market_average_close,0.48481713592128484,0.5151828640787152,0.5151828640787152,0.48481713592128484,market_only,test,2025,0,-0.016803831162797267,0.016803831162797322
54,2025-11-09 16:30:00,2025,30311,1,1,home_win,1,logistic_regression,4,VfB Stuttgart,Augsburg,,10,10,0.6231771618329438,0.2081852907893241,0.168637547377732,0.8313624526222679,0.3768228381670562,1.51,4.52,5.58,1.2028447963289883,2.653766966100584,1.062702063216287,closing,market_average_close,0.36915125623746825,0.6308487437625317,0.6308487437625317,0.36915125623746825,market_only,test,2025,0,0.007671581929587945,-0.007671581929587945
55,2025-11-09 18:30:00,2025,30307,1,1,home_win,1,logistic_regression,4,Eintracht Frankfurt,Mainz 05,,10,10,0.5125677673730902,0.2418268440939708,0.245605388532939,0.754394611467061,0.4874322326269098,1.84,3.9,3.84,1.3255662020905925,2.051567239635996,1.0603051839464883,closing,market_average_close,0.498240484822861,0.501759515177139,0.501759515177139,0.498240484822861,market_only,test,2025,0,-0.010808252195951162,0.010808252195951162
56,2025-11-21 19:30:00,2025,30319,0,0,home_win,0,logistic_regression,4,Mainz 05,Hoffenheim,,11,11,0.3787920923765189,0.2679523608004353,0.3532555468230458,0.6467444531769542,0.6212079076234811,2.49,3.52,2.67,1.54620576193236,1.6097670163691924,1.0602291699997128,closing,market_average_close,0.6484762167335184,0.3515237832664816,0.3515237832664816,0.6484762167335184,market_only,test,2025,1,-0.027268309110037303,0.027268309110037303
57,2025-11-22 14:30:00,2025,30314,1,1,home_win,0,logistic_regression,4,Augsburg,Hamburger SV,,11,11,0.3863851155395293,0.2781061008603102,0.3355087836001607,0.6644912163998395,0.6136148844604709,2.44,3.39,2.81,1.50491078786251,1.6296866737176094,1.06069320243223,closing,market_average_close,0.6434750511107384,0.35652494888926156,0.35652494888926156,0.6434750511107384,market_only,test,2025,0,-0.02986016665026775,0.029860166650267583
57,2025-11-22 14:30:00,2025,30315,1,1,home_win,1,logistic_regression,4,Bayern Munich,Freiburg,,11,11,0.8136863300810712,0.1225813172589665,0.0637323526599623,0.9362676473400378,0.1863136699189289,1.16,7.7,14.81,1.0680706556944777,5.367292697498431,1.059461040019377,closing,market_average_close,0.14077779609055474,0.8592222039094453,0.8592222039094453,0.14077779609055474,market_only,test,2025,0,0.045535873828374096,-0.04553587382837415
57,2025-11-22 14:30:00,2025,30316,0,0,home_win,0,logistic_regression,4,Borussia Dortmund,VfB Stuttgart,,,,,,,,,,,,,,,,,0.6090679457156518,0.39093205428434824,0.39093205428434824,0.6090679457156518,market_only,test,2025,1,,
57,2025-11-22 14:30:00,2025,30318,0,0,home_win,0,logistic_regression,4,FC Heidenheim,Borussia M.Gladbach,,11,11,0.289410392828511,0.2605495226295459,0.450040084541943,0.549959915458057,0.710589607171489,3.25,3.61,2.09,1.818314338722502,1.4072820512820512,1.0631695174631464,closing,market_average_close,0.7469302276005709,0.253069772399429,0.253069772399429,0.7469302276005709,market_only,test,2025,1,-0.03634062042908198,0.03634062042908193
57,2025-11-22 14:30:00,2025,30322,0,0,home_win,0,logistic_regression,4,Wolfsburg,Bayer Leverkusen,,11,11,0.2801501487148755,0.2477968507005592,0.4720530005845653,0.5279469994154348,0.7198498512851246,3.37,3.81,2.0,1.8941295264623956,1.3891785880273957,1.05920309664556,closing,market_average_close,0.7620797804536463,0.23792021954635373,0.23792021954635373,0.7620797804536463,market_only,test,2025,1,-0.04222992916852175,0.04222992916852175
58,2025-11-22 17:30:00,2025,30317,0,0,home_win,0,logistic_regression,4,FC Cologne,Eintracht Frankfurt,,11,11,0.3483917600289121,0.2612938200216841,0.3903144199494036,0.6096855800505963,0.6516082399710877,2.7,3.6,2.41,1.6401896858328395,1.5346644481419858,1.0630859074842478,closing,market_average_close,0.680330307987437,0.319669692012563,0.319669692012563,0.680330307987437,market_only,test,2025,1,-0.028722068016349078,0.028722068016349245
59,2025-11-23 14:30:00,2025,30320,1,1,home_win,1,logistic_regression,4,RasenBallsport Leipzig,Werder Bremen,,11,11,0.6239522321848526,0.1996118369913405,0.1764359308238066,0.8235640691761932,0.3760477678151472,1.51,4.72,5.34,1.2142346144366094,2.659236633181046,1.0613819800117965,closing,market_average_close,0.3540656237410358,0.6459343762589642,0.6459343762589642,0.3540656237410358,market_only,test,2025,0,0.021982144074111587,-0.02198214407411142
60,2025-11-23 16:30:00,2025,30321,0,0,home_win,0,logistic_regression,4,St. Pauli,Union Berlin,,11,11,0.3581125187621357,0.3171164728432379,0.3247710083946264,0.6752289916053735,0.6418874812378643,2.63,2.97,2.9,1.480979064039409,1.5579054417318194,1.0617560597893625,closing,market_average_close,0.6728386985133883,0.32716130148661177,0.32716130148661177,0.6728386985133883,market_only,test,2025,1,-0.030951217275523912,0.030951217275523968
61,2025-11-28 19:30:00,2025,30325,0,0,home_win,0,logistic_regression,4,Borussia M.Gladbach,RasenBallsport Leipzig,,12,12,0.3349830255695756,0.2503463568751349,0.4146706175552896,0.5853293824447106,0.6650169744304246,2.81,3.76,2.27,1.7084397776570848,1.5037210153266876,1.0623579672907404,closing,market_average_close,0.7016561086974087,0.29834389130259137,0.29834389130259137,0.7016561086974087,market_only,test,2025,1,-0.03663913426698423,0.036639134266984064
62,2025-11-29 14:30:00,2025,30324,1,1,home_win,1,logistic_regression,4,Bayern Munich,St. Pauli,,12,12,0.8549893334774407,0.0996888823697436,0.0453217841528156,0.9546782158471844,0.1450106665225592,1.11,9.52,20.94,1.0474733616002718,6.896044435768664,1.05369840958919,closing,market_average_close,0.09935196153450176,0.9006480384654982,0.9006480384654982,0.09935196153450176,market_only,test,2025,0,0.045658704988057575,-0.045658704988057436
62,2025-11-29 14:30:00,2025,30329,1,1,home_win,1,logistic_regression,4,Hoffenheim,Augsburg,,12,12,0.5515859807822119,0.2340476494137921,0.214366369803996,0.7856336301960041,0.4484140192177881,1.71,4.03,4.4,1.2728579347481783,2.23008192684162,1.0602070067265312,closing,market_average_close,0.4460167364875546,0.5539832635124454,0.5539832635124454,0.4460167364875546,market_only,test,2025,0,0.002397282730233541,-0.002397282730233541
62,2025-11-29 14:30:00,2025,30330,0,0,home_win,1,logistic_regression,4,Union Berlin,FC Heidenheim,,12,12,0.5970891901977857,0.2456773230501306,0.1572334867520836,0.8427665132479163,0.4029108098022142,1.58,3.84,6.0,1.186568265682657,2.481938870021612,1.0599947257383966,closing,market_average_close,0.38932338942500333,0.6106766105749967,0.6106766105749967,0.38932338942500333,market_only,test,2025,1,0.013587420377210946,-0.01358742037721089
62,2025-11-29 14:30:00,2025,30331,0,0,home_win,0,logistic_regression,4,Werder Bremen,FC Cologne,,12,12,0.4316488254361081,0.2536373152158263,0.3147138593480655,0.6852861406519345,0.5683511745638918,2.18,3.71,2.99,1.4592444537819895,1.759475557989867,1.0627055358411337,closing,market_average_close,0.5917081173880436,0.4082918826119563,0.4082918826119563,0.5917081173880436,market_only,test,2025,1,-0.023356942824151794,0.023356942824151794
63,2025-11-29 17:30:00,2025,30323,0,0,home_win,0,logistic_regression,4,Bayer Leverkusen,Borussia Dortmund,,,,,,,,,,,,,,,,,0.6117914601823344,0.3882085398176656,0.3882085398176656,0.6117914601823344,market_only,test,2025,1,,
64,2025-11-30 14:30:00,2025,30328,1,1,home_win,0,logistic_regression,4,Hamburger SV,VfB Stuttgart,,12,12,0.3446808510638298,0.2680851063829788,0.3872340425531915,0.6127659574468085,0.6553191489361703,2.73,3.51,2.43,1.6319444444444444,1.5259740259740258,1.062723284945507,closing,market_average_close,0.6988738106027259,0.30112618939727404,0.30112618939727404,0.6988738106027259,market_only,test,2025,0,-0.04355466166655575,0.04355466166655564
65,2025-11-30 16:30:00,2025,30326,0,0,home_win,0,logistic_regression,4,Eintracht Frankfurt,Wolfsburg,,12,12,0.4909254633748914,0.2435599198138996,0.2655146168112089,0.7344853831887911,0.5090745366251085,1.92,3.87,3.55,1.3614974823031454,1.9643488881401616,1.0609214069949413,closing,market_average_close,0.5199421262878265,0.48005787371217346,0.48005787371217346,0.5199421262878265,market_only,test,2025,1,-0.010867589662717947,0.010867589662718058
66,2025-11-30 18:30:00,2025,30327,1,1,home_win,1,logistic_regression,4,Freiburg,Mainz 05,,12,12,0.543356479576658,0.2540558674777346,0.2025876529456074,0.7974123470543926,0.456643520423342,1.73,3.7,4.64,1.2540563281894963,2.1898920170222205,1.0638221937305057,closing,market_average_close,0.4554276056597749,0.5445723943402251,0.5445723943402251,0.4554276056597749,market_only,test,2025,0,0.001215914763567083,-0.001215914763567083
67,2025-12-05 19:30:00,2025,30339,0,0,home_win,0,logistic_regression,4,Mainz 05,Borussia M.Gladbach,,13,13,0.3519736302661572,0.2780383410682366,0.3699880286656062,0.6300119713343939,0.6480263697338429,2.67,3.38,2.54,1.587271425782521,1.5431470796639335,1.0640906107732475,closing,market_average_close,0.6798214680079447,0.32017853199205526,0.32017853199205526,0.6798214680079447,market_only,test,2025,1,-0.03179509827410193,0.031795098274101874
68,2025-12-06 14:30:00,2025,30332,0,0,home_win,0,logistic_regression,4,VfB Stuttgart,Bayern Munich,,13,13,0.2007585651473597,0.2020482347307474,0.5971932001218928,0.4028067998781072,0.7992414348526403,4.7,4.67,1.58,2.482579738729854,1.2511863829787233,1.0598101121645056,closing,market_average_close,0.8448991743909303,0.1551008256090697,0.1551008256090697,0.8448991743909303,market_only,test,2025,1,-0.04565773953829,0.04565773953829
68,2025-12-06 14:30:00,2025,30333,1,1,home_win,0,logistic_regression,4,Wolfsburg,Union Berlin,,13,13,0.4709897610921501,0.273037542662116,0.2559726962457337,0.7440273037542662,0.5290102389078498,2.0,3.45,3.68,1.3440366972477065,1.8903225806451611,1.0615942028985508,closing,market_average_close,0.5465456273242085,0.4534543726757915,0.4534543726757915,0.5465456273242085,market_only,test,2025,0,-0.017535388416358655,0.01753538841635871
68,2025-12-06 14:30:00,2025,30334,1,1,home_win,0,logistic_regression,4,Augsburg,Bayer Leverkusen,,13,13,0.2827770564423738,0.2645077522340182,0.452715191323608,0.547284808676392,0.7172229435576262,3.33,3.56,2.08,1.8272021882326672,1.3942666070325649,1.0619684074740254,closing,market_average_close,0.7617481608384626,0.23825183916153736,0.23825183916153736,0.7617481608384626,market_only,test,2025,0,-0.044525217280836416,0.04452521728083647
68,2025-12-06 14:30:00,2025,30336,0,0,home_win,0,logistic_regression,4,FC Cologne,St. Pauli,,13,13,0.4736362529650685,0.271624248818584,0.2547394982163476,0.7452605017836524,0.5263637470349316,1.99,3.47,3.7,1.3418126918126916,1.8998268889776635,1.0609672711246865,closing,market_average_close,0.5442892433354405,0.4557107566645595,0.4557107566645595,0.5442892433354405,market_only,test,2025,1,-0.017925496300508992,0.01792549630050888
68,2025-12-06 14:30:00,2025,30338,1,1,home_win,0,logistic_regression,4,FC Heidenheim,Freiburg,,13,13,0.2049023412658294,0.2685329828555029,0.5265646758786677,0.4734353241213324,0.7950976587341707,4.6,3.51,1.79,2.112220928710675,1.2577071369975388,1.0609508071252058,closing,market_average_close,0.8399324747637549,0.16006752523624512,0.16006752523624512,0.8399324747637549,market_only,test,2025,0,-0.04483481602958428,0.04483481602958417
69,2025-12-06 17:30:00,2025,30340,1,1,home_win,1,logistic_regression,4,RasenBallsport Leipzig,Eintracht Frankfurt,,13,13,0.5466793529971455,0.2356612749762131,0.2176593720266412,0.7823406279733587,0.4533206470028543,1.72,3.99,4.32,1.2782156061490564,2.205944085299304,1.063503396734731,closing,market_average_close,0.43526086427210464,0.5647391357278954,0.5647391357278954,0.43526086427210464,market_only,test,2025,0,0.018059782730749818,-0.01805978273074965
70,2025-12-07 14:30:00,2025,30337,1,1,home_win,0,logistic_regression,4,Hamburger SV,Werder Bremen,,13,13,0.3996139848242267,0.271783574693134,0.3286024404826393,0.6713975595173607,0.6003860151757734,2.36,3.47,2.87,1.4894304958732016,1.6655950916965192,1.0603453073487967,closing,market_average_close,0.6155768577254613,0.38442314227453867,0.38442314227453867,0.6155768577254613,market_only,test,2025,0,-0.015190842549688055,0.015190842549687944
71,2025-12-07 16:30:00,2025,30335,1,1,home_win,0,logistic_regression,4,Borussia Dortmund,Hoffenheim,,,,,,,,,,,,,,,,,0.6122005414288139,0.3877994585711862,0.3877994585711862,0.6122005414288139,market_only,test,2025,0,,
72,2025-12-12 19:30:00,2025,30348,1,1,home_win,0,logistic_regression,4,Union Berlin,RasenBallsport Leipzig,,14,14,0.3106858774746285,0.2835476532373868,0.4057664692879846,0.5942335307120153,0.6893141225253715,3.03,3.32,2.32,1.6828400760249798,1.4507174121667483,1.0622723053360592,closing,market_average_close,0.7052716008888562,0.29472839911114374,0.29472839911114374,0.7052716008888562,market_only,test,2025,0,-0.015957478363484767,0.01595747836348471
73,2025-12-13 14:30:00,2025,30343,0,0,home_win,0,logistic_regression,4,Borussia M.Gladbach,Wolfsburg,,14,14,0.4722820406963986,0.2560875370533605,0.2716304222502408,0.7283695777497592,0.5277179593036014,1.99,3.67,3.46,1.3729293898976695,1.8949516164271567,1.0640094678872305,closing,market_average_close,0.5064298652632544,0.4935701347367456,0.4935701347367456,0.5064298652632544,market_only,test,2025,1,0.021288094040346983,-0.02128809404034704
73,2025-12-13 14:30:00,2025,30344,1,1,home_win,1,logistic_regression,4,Eintracht Frankfurt,Augsburg,,14,14,0.5142804439388815,0.2550496510591202,0.2306699050019983,0.7693300949980018,0.4857195560611185,1.83,3.69,4.08,1.2998321611253196,2.0588011899487304,1.0625488366744804,closing,market_average_close,0.4627691605339257,0.5372308394660743,0.5372308394660743,0.4627691605339257,market_only,test,2025,0,0.022950395527192802,-0.022950395527192802
73,2025-12-13 14:30:00,2025,30346,1,1,home_win,1,logistic_regression,4,Hoffenheim,Hamburger SV,,14,14,0.5596377526932486,0.2276492553328468,0.2127129919739044,0.7872870080260954,0.4403622473067513,1.68,4.13,4.42,1.2701848116447694,2.2708576998050685,1.0636131897348249,closing,market_average_close,0.40664474018907315,0.5933552598109268,0.5933552598109268,0.40664474018907315,market_only,test,2025,0,0.03371750711767829,-0.033717507117678125
73,2025-12-13 14:30:00,2025,30347,1,1,home_win,1,logistic_regression,4,St. Pauli,FC Heidenheim,,14,14,0.5078555928461482,0.2771483323791665,0.2149960747746852,0.7850039252253147,0.4921444071538517,1.85,3.39,4.37,1.2738789805579334,2.0319239342435216,1.0643587432230837,closing,market_average_close,0.4641106532509731,0.5358893467490269,0.5358893467490269,0.4641106532509731,market_only,test,2025,0,0.028033753902878655,-0.0280337539028786
74,2025-12-13 17:30:00,2025,30341,1,1,home_win,1,logistic_regression,4,Bayer Leverkusen,FC Cologne,,14,14,0.5415019762845851,0.2292490118577075,0.2292490118577075,0.7707509881422926,0.458498023715415,1.74,4.11,4.11,1.2974358974358973,2.181034482758621,1.0613306485443408,closing,market_average_close,0.4210718106936233,0.5789281893063767,0.5789281893063767,0.4210718106936233,market_only,test,2025,0,0.03742621302179161,-0.037426213021791666
75,2025-12-14 14:30:00,2025,30345,0,0,home_win,0,logistic_regression,4,Freiburg,Borussia Dortmund,,,,,,,,,,,,,,,,,0.6082481303252588,0.3917518696747412,0.3917518696747412,0.6082481303252588,market_only,test,2025,1,,
76,2025-12-14 16:30:00,2025,30342,0,0,home_win,1,logistic_regression,4,Bayern Munich,Mainz 05,,14,14,0.8740270484745132,0.0825130430378037,0.0434599084876829,0.9565400915123168,0.1259729515254867,1.08,11.44,21.72,1.0454344871410164,7.938212035920117,1.0593790289922886,closing,market_average_close,0.06124837837500352,0.9387516216249965,0.9387516216249965,0.06124837837500352,market_only,test,2025,1,0.0647245731504833,-0.06472457315048319
77,2025-12-14 18:30:00,2025,30349,0,0,home_win,0,logistic_regression,4,Werder Bremen,VfB Stuttgart,,14,14,0.3343861034346624,0.2588498486642979,0.4067640479010396,0.5932359520989604,0.6656138965653375,2.81,3.63,2.31,1.6856699201419698,1.5023724792408066,1.0642544126853413,closing,market_average_close,0.6655265174499885,0.33447348255001147,0.33447348255001147,0.6655265174499885,market_only,test,2025,1,8.737911534906218e-05,-8.737911534906218e-05
78,2025-12-19 19:30:00,2025,30351,1,1,home_win,0,logistic_regression,4,Borussia Dortmund,Borussia M.Gladbach,,,,,,,,,,,,,,,,,0.6063221328610797,0.39367786713892033,0.39367786713892033,0.6063221328610797,market_only,test,2025,0,,
79,2025-12-20 14:30:00,2025,30350,0,0,home_win,0,logistic_regression,4,Augsburg,Werder Bremen,,15,15,0.4258015019634673,0.2735527091102508,0.3006457889262819,0.6993542110737181,0.5741984980365328,2.21,3.44,3.13,1.4298905821482086,1.7415580211712365,1.0626751800927838,closing,market_average_close,0.562803676254807,0.437196323745193,0.437196323745193,0.562803676254807,market_only,test,2025,1,0.011394821781725739,-0.011394821781725795
79,2025-12-20 14:30:00,2025,30352,0,0,home_win,0,logistic_regression,4,FC Cologne,Union Berlin,,15,15,0.3730747455378728,0.2947173538418305,0.3322079006202966,0.6677920993797033,0.6269252544621272,2.52,3.19,2.83,1.4974720439623006,1.5950864842060857,1.0636619111092125,closing,market_average_close,0.6246667108662134,0.37533328913378655,0.37533328913378655,0.6246667108662134,market_only,test,2025,1,0.0022585435959137645,-0.00225854359591382
79,2025-12-20 14:30:00,2025,30353,0,0,home_win,0,logistic_regression,4,Hamburger SV,Eintracht Frankfurt,,15,15,0.3849912169614772,0.2771028228277299,0.337905960210793,0.6620940397892071,0.6150087830385229,2.44,3.39,2.78,1.5103594654293715,1.6259930387650448,1.064533546527061,closing,market_average_close,0.6072100181732172,0.39278998182678276,0.39278998182678276,0.6072100181732172,market_only,test,2025,1,0.007798764865305563,-0.0077987648653057295
79,2025-12-20 14:30:00,2025,30357,0,0,home_win,1,logistic_regression,4,VfB Stuttgart,Hoffenheim,,15,15,0.4826157436012998,0.2438084715084286,0.2735757848902716,0.7264242151097284,0.5173842563987002,1.95,3.86,3.44,1.3766060921426568,1.9327994380049176,1.062585544752071,closing,market_average_close,0.49202801630946735,0.5079719836905326,0.5079719836905326,0.49202801630946735,market_only,test,2025,1,0.025356240089232873,-0.025356240089232873
79,2025-12-20 14:30:00,2025,30358,0,0,home_win,0,logistic_regression,4,Wolfsburg,Freiburg,,15,15,0.3902432079531725,0.2774295372174472,0.3323272548293802,0.6676727451706197,0.6097567920468274,2.41,3.39,2.83,1.4977397343730965,1.6399981321129804,1.0632799005329268,closing,market_average_close,0.6048695954128621,0.3951304045871379,0.3951304045871379,0.6048695954128621,market_only,test,2025,1,0.004887196633965363,-0.004887196633965307
80,2025-12-20 17:30:00,2025,30356,0,0,home_win,0,logistic_regression,4,RasenBallsport Leipzig,Bayer Leverkusen,,15,15,0.4591618530781286,0.2457654827180583,0.295072664203813,0.7049273357961869,0.5408381469218714,2.05,3.83,3.19,1.4185859296696737,1.8489820026405397,1.0623811076173573,closing,market_average_close,0.5428173724775027,0.4571826275224972,0.4571826275224972,0.5428173724775027,market_only,test,2025,1,-0.001979225555631403,0.0019792255556313476
81,2025-12-21 14:30:00,2025,30355,0,0,home_win,0,logistic_regression,4,Mainz 05,St. Pauli,,15,15,0.4799908413259725,0.2842241839875848,0.2357849746864426,0.7642150253135573,0.5200091586740274,1.96,3.31,3.99,1.308532241419488,1.9230430528375737,1.0629454516740708,closing,market_average_close,0.5198340626888728,0.4801659373111272,0.4801659373111272,0.5198340626888728,market_only,test,2025,1,0.00017509598515474956,-0.00017509598515463853
82,2025-12-21 16:30:00,2025,30354,0,0,home_win,0,logistic_regression,4,FC Heidenheim,Bayern Munich,,15,15,0.0721136767317939,0.1159857904085257,0.8119005328596803,0.1880994671403197,0.927886323268206,13.06,8.12,1.16,5.316336166194523,1.0777182235834608,1.061791353284198,closing,market_average_close,0.9571277010725188,0.04287229892748123,0.04287229892748123,0.9571277010725188,market_only,test,2025,1,-0.029241377804312678,0.029241377804312796
83,2026-01-09 19:30:00,2025,30362,0,0,home_win,0,logistic_regression,4,Eintracht Frankfurt,Borussia Dortmund,,,,,,,,,,,,,,,,,0.6069505262940408,0.3930494737059592,0.3930494737059592,0.6069505262940408,market_only,test,2025,1,,
84,2026-01-10 14:30:00,2025,30363,1,1,home_win,1,logistic_regression,4,Freiburg,Hamburger SV,,16,16,0.5335527850496359,0.2623052798009382,0.2041419351494258,0.7958580648505742,0.4664472149503641,1.76,3.58,4.6,1.2565054551375996,2.143865303400756,1.0649027314681918,closing,market_average_close,0.4543932573773506,0.5456067426226494,0.5456067426226494,0.4543932573773506,market_only,test,2025,0,0.01205395757301353,-0.01205395757301353
84,2026-01-10 14:30:00,2025,30364,0,0,home_win,0,logistic_regression,4,FC Heidenheim,FC Cologne,,16,16,0.3468519070747838,0.2756506358277607,0.3774974570974554,0.6225025429025446,0.6531480929252161,2.71,3.41,2.49,1.6064191406147463,1.5310463443617488,1.063865247704521,closing,market_average_close,0.6851657273390535,0.3148342726609465,0.3148342726609465,0.6851657273390535,market_only,test,2025,1,-0.032017634413837315,0.032017634413837315
84,2026-01-10 14:30:00,2025,30366,0,0,home_win,0,logistic_regression,4,Union Berlin,Mainz 05,,16,16,0.4490392743722726,0.297470812675638,0.2534899129520894,0.7465100870479107,0.5509607256277274,2.1,3.17,3.72,1.339566627899859,1.815011403690649,1.0604650937407627,closing,market_average_close,0.5682734118825723,0.43172658811742776,0.43172658811742776,0.5682734118825723,market_only,test,2025,1,-0.017312686254844833,0.017312686254844945
85,2026-01-10 17:30:00,2025,30359,0,0,home_win,0,logistic_regression,4,Bayer Leverkusen,VfB Stuttgart,,16,16,0.4397385823117676,0.2557175451486909,0.3045438725395413,0.6954561274604585,0.5602614176882323,2.14,3.68,3.09,1.4379052258143443,1.7848810723505293,1.0626534455302066,closing,market_average_close,0.5778747313705823,0.42212526862941774,0.42212526862941774,0.5778747313705823,market_only,test,2025,1,-0.017613313682349863,0.017613313682349974
86,2026-01-11 14:30:00,2025,30361,1,1,home_win,0,logistic_regression,4,Borussia M.Gladbach,Augsburg,,16,16,0.4925142249420797,0.2605823184596599,0.2469034565982604,0.7530965434017396,0.5074857750579204,1.91,3.61,3.81,1.327851002320362,1.9704985817304297,1.063035711274441,closing,market_average_close,0.5147013473244825,0.48529865267551753,0.48529865267551753,0.5147013473244825,market_only,test,2025,0,-0.007215572266562165,0.007215572266562109
87,2026-01-11 16:30:00,2025,30360,1,1,home_win,1,logistic_regression,4,Bayern Munich,Wolfsburg,,16,16,0.8421713578954156,0.1013138475663658,0.0565147945382184,0.9434852054617816,0.1578286421045842,1.12,9.31,16.69,1.059900032571849,6.335985576923077,1.0601846458996074,closing,market_average_close,0.12885397159302847,0.8711460284069715,0.8711460284069715,0.12885397159302847,market_only,test,2025,0,0.02897467051155589,-0.028974670511555722
88,2026-01-13 17:30:00,2025,30375,1,1,home_win,1,logistic_regression,4,VfB Stuttgart,Eintracht Frankfurt,,17,17,0.5703239829323261,0.221942115999608,0.2077339010680658,0.7922660989319341,0.4296760170676738,1.65,4.24,4.53,1.2622021835190411,2.3273349227739195,1.062660214540759,closing,market_average_close,0.4111118072366031,0.5888881927633969,0.5888881927633969,0.4111118072366031,market_only,test,2025,0,0.018564209831070766,-0.018564209831070655
89,2026-01-13 19:30:00,2025,30369,1,1,home_win,0,logistic_regression,4,Borussia Dortmund,Werder Bremen,,,,,,,,,,,,,,,,,0.6074342335877012,0.39256576641229873,0.39256576641229873,0.6074342335877012,market_only,test,2025,0,,
89,2026-01-13 19:30:00,2025,30373,1,1,home_win,1,logistic_regression,4,Mainz 05,FC Heidenheim,,17,17,0.5401190468562789,0.2519590191769236,0.2079219339667976,0.7920780660332025,0.4598809531437213,1.74,3.73,4.52,1.2625018200643896,2.1744757924068265,1.0640480964765664,closing,market_average_close,0.4416979840276841,0.5583020159723159,0.5583020159723159,0.4416979840276841,market_only,test,2025,0,0.018182969116037007,-0.018182969116037173
90,2026-01-14 17:30:00,2025,30376,1,1,home_win,1,logistic_regression,4,Wolfsburg,St. Pauli,,17,17,0.5125093896554758,0.2702055234859815,0.2172850868585427,0.7827149131414572,0.4874906103445242,1.84,3.49,4.34,1.2776043783124822,2.051321561441501,1.0604259587027425,closing,market_average_close,0.4797784823753942,0.5202215176246058,0.5202215176246058,0.4797784823753942,market_only,test,2025,0,0.0077121279691300115,-0.007712127969129956
91,2026-01-14 19:30:00,2025,30370,0,0,home_win,0,logistic_regression,4,FC Cologne,Bayern Munich,,17,17,0.0973109202574078,0.1384423401600235,0.7642467395825687,0.2357532604174313,0.9026890797425922,9.66,6.79,1.23,4.241722885313959,1.1078011493006614,1.0638032038257246,closing,market_average_close,0.9309354817889867,0.06906451821101332,0.06906451821101332,0.9309354817889867,market_only,test,2025,1,-0.028246402046394475,0.028246402046394503
91,2026-01-14 19:30:00,2025,30372,1,1,home_win,1,logistic_regression,4,Hoffenheim,Borussia M.Gladbach,,17,17,0.495236908174712,0.2469685368850269,0.257794554940261,0.742205445059739,0.504763091825288,1.9,3.81,3.65,1.347335844349015,1.9811274163962185,1.06275558381446,closing,market_average_close,0.4926644328403341,0.5073355671596659,0.5073355671596659,0.4926644328403341,market_only,test,2025,0,0.01209865898495388,-0.01209865898495388
91,2026-01-14 19:30:00,2025,30374,1,1,home_win,1,logistic_regression,4,RasenBallsport Leipzig,Freiburg,,17,17,0.5511811023622047,0.241671714112659,0.2071471835251363,0.7928528164748638,0.4488188976377953,1.71,3.9,4.55,1.2612681436210846,2.228070175438596,1.060985797827903,closing,market_average_close,0.4255249569869619,0.5744750430130381,0.5744750430130381,0.4255249569869619,market_only,test,2025,0,0.023293940650833345,-0.0232939406508334
92,2026-01-15 19:30:00,2025,30368,0,0,home_win,0,logistic_regression,4,Augsburg,Union Berlin,,17,17,0.3628721613928652,0.3002680185327543,0.3368598200743803,0.6631401799256196,0.6371278386071346,2.59,3.13,2.79,1.5079767902348549,1.5695437232599396,1.0640121430598604,closing,market_average_close,0.6508492739684962,0.34915072603150377,0.34915072603150377,0.6508492739684962,market_only,test,2025,1,-0.013721435361361445,0.013721435361361611
93,2026-01-16 19:30:00,2025,30384,0,0,home_win,0,logistic_regression,4,Werder Bremen,Eintracht Frankfurt,,18,18,0.3648234903537571,0.2717670638287408,0.3634094458175022,0.6365905541824979,0.635176509646243,2.57,3.45,2.58,1.570868423085838,1.5743655264533365,1.066557030054333,closing,market_average_close,0.6458225209893838,0.3541774790106162,0.3541774790106162,0.6458225209893838,market_only,test,2025,1,-0.010646011343140915,0.010646011343140804
94,2026-01-17 14:30:00,2025,30378,1,1,home_win,0,logistic_regression,4,Borussia Dortmund,St. Pauli,,,,,,,,,,,,,,,,,0.60527492820315,0.39472507179685,0.39472507179685,0.60527492820315,market_only,test,2025,0,,
94,2026-01-17 14:30:00,2025,30379,1,1,home_win,0,logistic_regression,4,FC Cologne,Mainz 05,,18,18,0.4518767214323854,0.2708655851813722,0.2772576933862424,0.7227423066137577,0.5481232785676147,2.08,3.47,3.39,1.3836190172473355,1.8244070980040368,1.0639389195470397,closing,market_average_close,0.5451568525549071,0.45484314744509297,0.45484314744509297,0.5451568525549071,market_only,test,2025,0,0.0029664260127075792,-0.0029664260127075792
94,2026-01-17 14:30:00,2025,30380,0,0,home_win,0,logistic_regression,4,Hamburger SV,Borussia M.Gladbach,,18,18,0.3899553562344591,0.2755989467815385,0.3344456969840023,0.6655543030159976,0.6100446437655409,2.41,3.41,2.81,1.5025070012596156,1.6392242932048935,1.0640647774219054,closing,market_average_close,0.624539516129946,0.37546048387005404,0.37546048387005404,0.624539516129946,market_only,test,2025,1,-0.014494872364405054,0.014494872364405054
94,2026-01-17 14:30:00,2025,30381,1,1,home_win,0,logistic_regression,4,Hoffenheim,Bayer Leverkusen,,18,18,0.4070705670317482,0.2534590323027866,0.3394704006654651,0.6605295993345348,0.5929294329682517,2.31,3.71,2.77,1.513936697170683,1.686541339319117,1.063453042201084,closing,market_average_close,0.6042458451451831,0.3957541548548169,0.3957541548548169,0.6042458451451831,market_only,test,2025,0,-0.0113164121769313,0.011316412176931356
94,2026-01-17 14:30:00,2025,30385,0,0,home_win,1,logistic_regression,4,Wolfsburg,FC Heidenheim,,18,18,0.5655987671001019,0.2355486137299676,0.1988526191699305,0.8011473808300695,0.4344012328998981,1.67,4.01,4.75,1.248209785025945,2.3020192491728872,1.058705269602546,closing,market_average_close,0.4105076713670419,0.5894923286329581,0.5894923286329581,0.4105076713670419,market_only,test,2025,1,0.023893561532856156,-0.02389356153285621
95,2026-01-17 17:30:00,2025,30382,0,0,home_win,0,logistic_regression,4,RasenBallsport Leipzig,Bayern Munich,,18,18,0.2285698316389584,0.2174844587419188,0.5539457096191228,0.4460542903808773,0.7714301683610417,4.12,4.33,1.7,2.2418795683954054,1.296293612841939,1.0619006229366788,closing,market_average_close,0.8094578657961248,0.19054213420387522,0.19054213420387522,0.8094578657961248,market_only,test,2025,1,-0.03802769743508316,0.03802769743508305
96,2026-01-18 14:30:00,2025,30383,0,0,home_win,1,logistic_regression,4,VfB Stuttgart,Union Berlin,,18,18,0.5966219864943619,0.2310447888875225,0.1723332246181155,0.8276667753818845,0.403378013505638,1.58,4.08,5.47,1.208215709200845,2.4790642189674594,1.0608247881106947,closing,market_average_close,0.36649221459562453,0.6335077854043755,0.6335077854043755,0.36649221459562453,market_only,test,2025,1,0.036885798910013534,-0.03688579891001348
97,2026-01-18 16:30:00,2025,30377,0,0,home_win,0,logistic_regression,4,Augsburg,Freiburg,,18,18,0.3634786559550608,0.2941905371636273,0.3423308068813118,0.6576691931186882,0.6365213440449392,2.59,3.2,2.75,1.52052127492542,1.5710392265014113,1.0622367497367498,closing,market_average_close,0.6625227024062452,0.3374772975937547,0.3374772975937547,0.6625227024062452,market_only,test,2025,1,-0.02600135836130607,0.026001358361306015
98,2026-01-23 19:30:00,2025,30393,0,0,home_win,0,logistic_regression,4,St. Pauli,Hamburger SV,,19,19,0.3347331964144543,0.3232303374311397,0.342036466154406,0.657963533845594,0.6652668035855458,2.81,2.91,2.75,1.5198410680228862,1.5031563195553486,1.0631508614412088,closing,market_average_close,0.6976663688844658,0.3023336311155343,0.3023336311155343,0.6976663688844658,market_only,test,2025,1,-0.03239956529892002,0.03239956529891996
99,2026-01-24 14:30:00,2025,30386,1,1,home_win,1,logistic_regression,4,Bayer Leverkusen,Werder Bremen,,19,19,0.6102472597501912,0.2131022176905429,0.1766505225592658,0.8233494774407342,0.3897527402498087,1.54,4.41,5.32,1.2145510835913311,2.5657292347939835,1.064077943777192,closing,market_average_close,0.3529427394136484,0.6470572605863516,0.6470572605863516,0.3529427394136484,market_only,test,2025,0,0.03681000083616037,-0.03681000083616032
99,2026-01-24 14:30:00,2025,30387,0,0,home_win,1,logistic_regression,4,Bayern Munich,Augsburg,,19,19,0.8414541081793584,0.101010568184446,0.0575353236361954,0.9424646763638044,0.1585458918206415,1.12,9.33,16.38,1.061047724205619,6.3073220536756125,1.0610883400272468,closing,market_average_close,0.12676978935714533,0.8732302106428547,0.8732302106428547,0.12676978935714533,market_only,test,2025,1,0.03177610246349627,-0.03177610246349616
99,2026-01-24 14:30:00,2025,30389,0,0,home_win,0,logistic_regression,4,Eintracht Frankfurt,Hoffenheim,,19,19,0.3136628356439725,0.2619697984847703,0.424367365871257,0.575632634128743,0.6863371643560274,2.99,3.58,2.21,1.7372190885486614,1.4570098370503868,1.06626645725647,closing,market_average_close,0.7195675478377341,0.2804324521622658,0.2804324521622658,0.7195675478377341,market_only,test,2025,1,-0.033230383481706705,0.033230383481706705
99,2026-01-24 14:30:00,2025,30391,0,0,home_win,0,logistic_regression,4,FC Heidenheim,RasenBallsport Leipzig,,19,19,0.2040041181226479,0.2167249291834135,0.5792709526939386,0.4207290473060614,0.795995881877352,4.6,4.33,1.62,2.376826621320836,1.2562879064669346,1.0656221371822,closing,market_average_close,0.8360492819995544,0.16395071800044558,0.16395071800044558,0.8360492819995544,market_only,test,2025,1,-0.04005340012220232,0.040053400122202376
99,2026-01-24 14:30:00,2025,30392,1,1,home_win,0,logistic_regression,4,Mainz 05,Wolfsburg,,19,19,0.4104999818715782,0.2822957833291034,0.3072042347993184,0.6927957652006816,0.5895000181284218,2.29,3.33,3.06,1.4434268369269416,1.6963527892244294,1.0637789086286389,closing,market_average_close,0.6068472809799832,0.39315271902001675,0.39315271902001675,0.6068472809799832,market_only,test,2025,0,-0.017347262851561462,0.017347262851561407
100,2026-01-24 17:30:00,2025,30394,0,0,home_win,0,logistic_regression,4,Union Berlin,Borussia Dortmund,,,,,,,,,,,,,,,,,0.6028721694458365,0.3971278305541635,0.3971278305541635,0.6028721694458365,market_only,test,2025,1,,
101,2026-01-25 14:30:00,2025,30388,0,0,home_win,0,logistic_regression,4,Borussia M.Gladbach,VfB Stuttgart,,19,19,0.3272866197657063,0.261104006904497,0.4116093733297966,0.5883906266702034,0.6727133802342937,2.88,3.61,2.29,1.6995512074336736,1.4865171845574388,1.0609117551789533,closing,market_average_close,0.7154590266098504,0.2845409733901496,0.2845409733901496,0.7154590266098504,market_only,test,2025,1,-0.04274564637555667,0.04274564637555667
102,2026-01-25 16:30:00,2025,30390,1,1,home_win,0,logistic_regression,4,Freiburg,FC Cologne,,19,19,0.4751447394689559,0.2613296067079257,0.2635256538231184,0.7364743461768817,0.5248552605310441,1.98,3.6,3.57,1.357820547573868,1.905287181437809,1.06294032764621,closing,market_average_close,0.5285191807272216,0.4714808192727784,0.4714808192727784,0.5285191807272216,market_only,test,2025,0,-0.003663920196177506,0.0036639201961774504
103,2026-01-27 19:30:00,2025,30365,0,0,home_win,0,logistic_regression,4,St. Pauli,RasenBallsport Leipzig,,16,16,0.1983693501147787,0.263199556716536,0.5384310931686852,0.4615689068313148,0.8016306498852213,4.75,3.58,1.75,2.1665237523580863,1.2474572923866891,1.0612844961565926,closing,market_average_close,0.8491840705840213,0.15081592941597863,0.15081592941597863,0.8491840705840213,market_only,test,2025,1,-0.04755342069880006,0.047553420698800086
103,2026-01-27 19:30:00,2025,30367,0,0,home_win,0,logistic_regression,4,Werder Bremen,Hoffenheim,,16,16,0.2573630112301238,0.2545807084060143,0.4880562803638618,0.511943719636138,0.7426369887698762,3.66,3.7,1.93,1.9533397161522872,1.3465529122868318,1.061629029012024,closing,market_average_close,0.7906696990458388,0.2093303009541612,0.2093303009541612,0.7906696990458388,market_only,test,2025,1,-0.04803271027596259,0.048032710275962676
104,2026-01-30 19:30:00,2025,30398,1,1,home_win,0,logistic_regression,4,FC Cologne,Wolfsburg,,20,20,0.4634280421407755,0.2598781562281144,0.27669380163111,0.72330619836889,0.5365719578592245,2.03,3.62,3.4,1.3825403435710566,1.8636829326484496,1.0629715784198992,closing,market_average_close,0.5418222317112096,0.4581777682887905,0.4581777682887905,0.5418222317112096,market_only,test,2025,0,-0.00525027385198501,0.005250273851985066
105,2026-01-31 14:30:00,2025,30395,1,1,home_win,0,logistic_regression,4,Augsburg,St. Pauli,,20,20,0.4457622647136417,0.3073720191326092,0.246865716153749,0.7531342838462509,0.5542377352863583,2.11,3.06,3.81,1.3277844621453263,1.8042798898983836,1.0631982265110644,closing,market_average_close,0.5603612134284378,0.4396387865715622,0.4396387865715622,0.5603612134284378,market_only,test,2025,0,-0.00612347814207953,0.006123478142079475
105,2026-01-31 14:30:00,2025,30397,0,0,home_win,0,logistic_regression,4,Eintracht Frankfurt,Bayer Leverkusen,,20,20,0.2781059710987912,0.2611106061983095,0.4607834227028991,0.5392165772971007,0.7218940289012087,3.38,3.6,2.04,1.854542390021912,1.3852448696965884,1.063831844374831,closing,market_average_close,0.7656672024535293,0.23433279754647074,0.23433279754647074,0.7656672024535293,market_only,test,2025,1,-0.043773173552320466,0.04377317355232058
105,2026-01-31 14:30:00,2025,30400,1,1,home_win,1,logistic_regression,4,Hoffenheim,Union Berlin,,20,20,0.5190710410222606,0.2588205466254247,0.2221084123523148,0.7778915876476853,0.4809289589777394,1.81,3.63,4.23,1.2855261785565288,2.0793091813926026,1.0643749008945584,closing,market_average_close,0.4614491535872677,0.5385508464127323,0.5385508464127323,0.4614491535872677,market_only,test,2025,0,0.01947980539047167,-0.019479805390471727
105,2026-01-31 14:30:00,2025,30401,0,0,home_win,1,logistic_regression,4,RasenBallsport Leipzig,Mainz 05,,20,20,0.6189287152637939,0.208135320177205,0.1729359645590012,0.8270640354409989,0.3810712847362062,1.52,4.52,5.44,1.2090962212699647,2.6241809342633693,1.0629572043069673,closing,market_average_close,0.340359239652131,0.659640760347869,0.659640760347869,0.340359239652131,market_only,test,2025,1,0.04071204508407511,-0.04071204508407522
105,2026-01-31 14:30:00,2025,30403,0,0,home_win,0,logistic_regression,4,Werder Bremen,Borussia M.Gladbach,,20,20,0.4382871536523929,0.269521410579345,0.2921914357682619,0.707808564231738,0.561712846347607,2.14,3.48,3.21,1.412811387900356,1.7802690582959644,1.0661725212160276,closing,market_average_close,0.5643182576034549,0.43568174239654517,0.43568174239654517,0.5643182576034549,market_only,test,2025,1,-0.002605411255847734,0.0026054112558479003
106,2026-01-31 17:30:00,2025,30399,0,0,home_win,0,logistic_regression,4,Hamburger SV,Bayern Munich,,20,20,0.1040439467684699,0.1578175017481336,0.7381385514833966,0.2618614485166035,0.8959560532315302,9.01,5.94,1.27,3.81881336739262,1.1161261720295372,1.06673953449627,closing,market_average_close,0.9323768774515373,0.06762312254846273,0.06762312254846273,0.9323768774515373,market_only,test,2025,1,-0.03642082422000717,0.03642082422000714
107,2026-02-01 14:30:00,2025,30402,1,1,home_win,1,logistic_regression,4,VfB Stuttgart,Freiburg,,20,20,0.5770848613281306,0.2277598847372525,0.1951552539346167,0.8048447460653831,0.4229151386718693,1.63,4.13,4.82,1.2424756512217612,2.3645405627720466,1.063096562788714,closing,market_average_close,0.3935769473504117,0.6064230526495883,0.6064230526495883,0.3935769473504117,market_only,test,2025,0,0.029338191321457652,-0.029338191321457596
108,2026-02-01 16:30:00,2025,30396,1,1,home_win,0,logistic_regression,4,Borussia Dortmund,FC Heidenheim,,,,,,,,,,,,,,,,,0.602820766243708,0.397179233756292,0.397179233756292,0.602820766243708,market_only,test,2025,0,,
109,2026-02-06 19:30:00,2025,30411,0,0,home_win,0,logistic_regression,4,Union Berlin,Eintracht Frankfurt,,21,21,0.4390212411332256,0.2771402525147796,0.2838385063519948,0.7161614936480052,0.5609787588667744,2.14,3.39,3.31,1.3963331020579863,1.7825986887989955,1.064389773989009,closing,market_average_close,0.5662705388904221,0.4337294611095779,0.4337294611095779,0.5662705388904221,market_only,test,2025,1,-0.005291780023647719,0.005291780023647719
110,2026-02-07 14:30:00,2025,30407,1,1,home_win,0,logistic_regression,4,Freiburg,Werder Bremen,,21,21,0.4476416333214887,0.2814513263398582,0.2709070403386531,0.7290929596613469,0.5523583666785113,2.1,3.34,3.47,1.3715672147821665,1.8104188518285436,1.0637761118356124,closing,market_average_close,0.5596716605185242,0.44032833948147576,0.44032833948147576,0.5596716605185242,market_only,test,2025,0,-0.007313293840012947,0.007313293840012891
110,2026-02-07 14:30:00,2025,30408,0,0,home_win,0,logistic_regression,4,FC Heidenheim,Hamburger SV,,21,21,0.3281415455272051,0.2794558562798453,0.3924025981929495,0.6075974018070505,0.6718584544727948,2.87,3.37,2.4,1.645826655982906,1.4884087464296285,1.061834627460306,closing,market_average_close,0.714193951408066,0.285806048591934,0.285806048591934,0.714193951408066,market_only,test,2025,1,-0.04233549693527111,0.042335496935271166
110,2026-02-07 14:30:00,2025,30409,1,1,home_win,0,logistic_regression,4,Mainz 05,Augsburg,,21,21,0.4852600558932591,0.2636987418579615,0.2510412022487793,0.7489587977512207,0.5147399441067408,1.94,3.57,3.75,1.3351869328493648,1.9427285786716244,1.062242629010367,closing,market_average_close,0.5126863601077991,0.48731363989220094,0.48731363989220094,0.5126863601077991,market_only,test,2025,0,0.0020535839989418436,-0.0020535839989417326
110,2026-02-07 14:30:00,2025,30410,1,1,home_win,0,logistic_regression,4,St. Pauli,VfB Stuttgart,,21,21,0.1965329972432022,0.2497063811127159,0.5537606216440817,0.4462393783559182,0.8034670027567976,4.79,3.77,1.7,2.240949697636064,1.2446061836626428,1.0622555507309497,closing,market_average_close,0.8536684009161501,0.14633159908384988,0.14633159908384988,0.8536684009161501,market_only,test,2025,0,-0.05020139815935232,0.05020139815935254
110,2026-02-07 14:30:00,2025,30412,0,0,home_win,0,logistic_regression,4,Wolfsburg,Borussia Dortmund,,,,,,,,,,,,,,,,,0.6020219629671886,0.3979780370328114,0.3979780370328114,0.6020219629671886,market_only,test,2025,1,,
111,2026-02-07 17:30:00,2025,30405,0,0,home_win,0,logistic_regression,4,Borussia M.Gladbach,Bayer Leverkusen,,21,21,0.2707514279356131,0.2581410874564201,0.4711074846079668,0.5288925153920332,0.7292485720643869,3.48,3.65,2.0,1.8907433380084155,1.37127453972129,1.0613289245788065,closing,market_average_close,0.7702467153566289,0.22975328464337105,0.22975328464337105,0.7702467153566289,market_only,test,2025,1,-0.04099814329224202,0.04099814329224205
112,2026-02-08 14:30:00,2025,30406,0,0,home_win,0,logistic_regression,4,FC Cologne,RasenBallsport Leipzig,,21,21,0.2845160455964675,0.2446098989413785,0.4708740554621538,0.5291259445378461,0.7154839544035324,3.31,3.85,2.0,1.889909217877095,1.3976553825496425,1.0618550633656374,closing,market_average_close,0.7557939636148607,0.2442060363851392,0.2442060363851392,0.7557939636148607,market_only,test,2025,1,-0.04031000921132827,0.040310009211328324
113,2026-02-08 16:30:00,2025,30404,1,1,home_win,1,logistic_regression,4,Bayern Munich,Hoffenheim,,21,21,0.7705476852740659,0.1337223578996245,0.0957299568263096,0.9042700431736904,0.229452314725934,1.22,7.03,9.82,1.1058643461087452,4.358204018096027,1.0637526357061249,closing,market_average_close,0.18630652796983238,0.8136934720301676,0.8136934720301676,0.18630652796983238,market_only,test,2025,0,0.0431457867561017,-0.04314578675610162
114,2026-02-13 19:30:00,2025,30415,1,1,home_win,0,logistic_regression,4,Borussia Dortmund,Mainz 05,,,,,,,,,,,,,,,,,0.6031483664615513,0.3968516335384487,0.3968516335384487,0.6031483664615513,market_only,test,2025,0,,
115,2026-02-14 14:30:00,2025,30414,1,1,home_win,1,logistic_regression,4,Bayer Leverkusen,St. Pauli,,22,22,0.6238683285732474,0.2227047697743743,0.1534269016523784,0.8465730983476216,0.3761316714267527,1.51,4.23,6.14,1.1812329046975905,2.658643437833281,1.0615247245258823,closing,market_average_close,0.3309170252626623,0.6690829747373377,0.6690829747373377,0.3309170252626623,market_only,test,2025,0,0.04521464616409032,-0.04521464616409038
115,2026-02-14 14:30:00,2025,30416,1,1,home_win,0,logistic_regression,4,Eintracht Frankfurt,Borussia M.Gladbach,,22,22,0.4441612882019234,0.2713607870282645,0.284477924769812,0.715522075230188,0.5558387117980765,2.12,3.47,3.31,1.3975809197477154,1.7990830411309622,1.0619973548732706,closing,market_average_close,0.5582379944992184,0.44176200550078165,0.44176200550078165,0.5582379944992184,market_only,test,2025,0,-0.0023992827011417583,0.0023992827011418694
115,2026-02-14 14:30:00,2025,30417,1,1,home_win,0,logistic_regression,4,Hamburger SV,Union Berlin,,22,22,0.4025641025641026,0.2987179487179487,0.2987179487179487,0.7012820512820515,0.5974358974358975,2.33,3.14,3.14,1.4259597806215718,1.67381974248927,1.0661272245154587,closing,market_average_close,0.6036746377959583,0.3963253622040417,0.3963253622040417,0.6036746377959583,market_only,test,2025,0,-0.00623874036006089,0.006238740360060779
115,2026-02-14 14:30:00,2025,30418,1,1,home_win,1,logistic_regression,4,Hoffenheim,Freiburg,,22,22,0.5528070579591938,0.2397377547272013,0.2074551873136047,0.7925448126863952,0.447192942040806,1.7,3.92,4.53,1.2617583056413155,2.236171249564915,1.0640878868103534,closing,market_average_close,0.41121856006289037,0.5887814399371096,0.5887814399371096,0.41121856006289037,market_only,test,2025,0,0.035974381977915804,-0.03597438197791564
115,2026-02-14 14:30:00,2025,30421,0,0,home_win,0,logistic_regression,4,Werder Bremen,Bayern Munich,,22,22,0.1195186266148152,0.1615449018395787,0.7189364715456061,0.281063528454394,0.8804813733851848,7.88,5.83,1.31,3.55791448822668,1.135742368013195,1.0617889185463727,closing,market_average_close,0.9175943082903886,0.08240569170961143,0.08240569170961143,0.9175943082903886,market_only,test,2025,1,-0.03711293490520377,0.03711293490520373
116,2026-02-14 17:30:00,2025,30420,1,1,home_win,1,logistic_regression,4,VfB Stuttgart,FC Cologne,,22,22,0.6326981200831708,0.2001529084764171,0.1671489714404121,0.8328510285595879,0.3673018799168292,1.49,4.71,5.64,1.2006949210706932,2.72255617157864,1.060760129189401,closing,market_average_close,0.31101762868563565,0.6889823713143644,0.6889823713143644,0.31101762868563565,market_only,test,2025,0,0.056284251231193516,-0.05628425123119357
117,2026-02-15 14:30:00,2025,30413,1,1,home_win,1,logistic_regression,4,Augsburg,FC Heidenheim,,22,22,0.5022299786697693,0.2538297459763428,0.2439402753538879,0.756059724646112,0.4977700213302307,1.87,3.7,3.85,1.322646832521159,2.008959875340865,1.0647698882993,closing,market_average_close,0.45725747256308247,0.5427425274369175,0.5427425274369175,0.45725747256308247,market_only,test,2025,0,0.04051254876714827,-0.040512548767148215
118,2026-02-15 16:30:00,2025,30419,0,0,home_win,1,logistic_regression,4,RasenBallsport Leipzig,Wolfsburg,,22,22,0.6233703704622899,0.2019934033043042,0.1746362262334058,0.8253637737665942,0.3766296295377101,1.51,4.66,5.39,1.211586977505014,2.65512833185068,1.0623726872645791,closing,market_average_close,0.3112908652039431,0.6887091347960569,0.6887091347960569,0.3112908652039431,market_only,test,2025,1,0.06533876433376695,-0.06533876433376701
119,2026-02-20 19:30:00,2025,30426,0,0,home_win,0,logistic_regression,4,Mainz 05,Hamburger SV,,23,23,0.4568180261625916,0.2727667054767938,0.2704152683606146,0.7295847316393855,0.5431819738374084,2.06,3.45,3.48,1.3706427185681205,1.841003656537637,1.062648287506732,closing,market_average_close,0.5258087111277014,0.47419128887229856,0.47419128887229856,0.5258087111277014,market_only,test,2025,1,0.01737326270970696,-0.01737326270970696
120,2026-02-21 14:30:00,2025,30422,1,1,home_win,1,logistic_regression,4,Bayern Munich,Eintracht Frankfurt,,23,23,0.8656552587990014,0.085929014660195,0.0484157265408038,0.9515842734591964,0.1343447412009988,1.08,10.88,19.31,1.0508790738678382,7.443536613791663,1.0696243296789338,closing,market_average_close,0.10823783484226623,0.8917621651577338,0.8917621651577338,0.10823783484226623,market_only,test,2025,0,0.026106906358732362,-0.026106906358732557
120,2026-02-21 14:30:00,2025,30423,0,0,home_win,0,logistic_regression,4,FC Cologne,Hoffenheim,,23,23,0.2741118070535644,0.253424123502352,0.4724640694440835,0.5275359305559165,0.7258881929464356,3.43,3.71,1.99,1.8956054783722531,1.3776226279985675,1.0635995312941846,closing,market_average_close,0.7581629647490021,0.24183703525099784,0.24183703525099784,0.7581629647490021,market_only,test,2025,1,-0.032274771802566576,0.03227477180256655
120,2026-02-21 14:30:00,2025,30429,1,1,home_win,0,logistic_regression,4,Union Berlin,Bayer Leverkusen,,23,23,0.3031454677771489,0.2882671626101722,0.408587369612679,0.5914126303873212,0.6968545322228512,3.1,3.26,2.3,1.6908668307355754,1.43501972615456,1.064111720114611,closing,market_average_close,0.7230700820738301,0.27692991792617,0.27692991792617,0.7230700820738301,market_only,test,2025,0,-0.026215549850978903,0.026215549850978848
120,2026-02-21 14:30:00,2025,30430,0,0,home_win,0,logistic_regression,4,Wolfsburg,Augsburg,,23,23,0.4279229234610376,0.2764457824128827,0.2956312941260796,0.7043687058739204,0.5720770765389624,2.19,3.39,3.17,1.4197110003052813,1.748016204477113,1.0670636685528845,closing,market_average_close,0.5547977931024755,0.44520220689752454,0.44520220689752454,0.5547977931024755,market_only,test,2025,1,0.017279283436486936,-0.017279283436486992
121,2026-02-21 17:30:00,2025,30427,0,0,home_win,0,logistic_regression,4,RasenBallsport Leipzig,Borussia Dortmund,,,,,,,,,,,,,,,,,0.6004116419018672,0.3995883580981328,0.3995883580981328,0.6004116419018672,market_only,test,2025,1,,
122,2026-02-22 14:30:00,2025,30424,1,1,home_win,0,logistic_regression,4,Freiburg,Borussia M.Gladbach,,23,23,0.4561657841327006,0.2813477590758572,0.2624864567914422,0.7375135432085578,0.5438342158672995,2.06,3.34,3.58,1.3559073039519969,1.8387956675458776,1.0641676997472214,closing,market_average_close,0.5249399693709436,0.47506003062905644,0.47506003062905644,0.5249399693709436,market_only,test,2025,0,0.01889424649635585,-0.01889424649635596
123,2026-02-22 16:30:00,2025,30428,1,1,home_win,0,logistic_regression,4,St. Pauli,Werder Bremen,,23,23,0.354259939999082,0.3018613636648126,0.3438786963361052,0.6561213036638947,0.6457400600009179,2.65,3.11,2.73,1.524108414733415,1.548610752132334,1.0652022652265327,closing,market_average_close,0.651855053474672,0.348144946525328,0.348144946525328,0.651855053474672,market_only,test,2025,0,-0.0061149934737539935,0.0061149934737541045
124,2026-02-22 18:30:00,2025,30425,0,0,home_win,0,logistic_regression,4,FC Heidenheim,VfB Stuttgart,,23,23,0.2129205367607199,0.2235412761240812,0.5635381871151989,0.4364618128848012,0.7870794632392801,4.42,4.21,1.67,2.2911511854622155,1.2705197463600824,1.062576430312385,closing,market_average_close,0.8194092931687198,0.18059070683128026,0.18059070683128026,0.8194092931687198,market_only,test,2025,1,-0.03232982992943964,0.03232982992943967
125,2026-02-27 19:30:00,2025,30431,1,1,home_win,0,logistic_regression,4,Augsburg,FC Cologne,,24,24,0.4336703777194253,0.2763209486353861,0.2900086736451885,0.7099913263548114,0.5663296222805746,2.16,3.39,3.23,1.4084679106350937,1.7657561262168513,1.0675457369202404,closing,market_average_close,0.5353013843148522,0.46469861568514775,0.46469861568514775,0.5353013843148522,market_only,test,2025,0,0.03102823796572246,-0.031028237965722405
126,2026-02-28 14:30:00,2025,30432,0,0,home_win,1,logistic_regression,4,Bayer Leverkusen,Mainz 05,,24,24,0.5583906515790252,0.2345240736631906,0.2070852747577842,0.7929147252422158,0.4416093484209748,1.68,4.0,4.53,1.2611696670086745,2.2644448166136324,1.0659886471144748,closing,market_average_close,0.3748070403331565,0.6251929596668435,0.6251929596668435,0.3748070403331565,market_only,test,2025,1,0.06680230808781829,-0.06680230808781834
126,2026-02-28 14:30:00,2025,30433,1,1,home_win,0,logistic_regression,4,Borussia M.Gladbach,Union Berlin,,24,24,0.4004150481562284,0.2882988346724844,0.3112861171712872,0.6887138828287129,0.5995849518437717,2.34,3.25,3.01,1.4519817662056709,1.6678203762868298,1.0672686486639975,closing,market_average_close,0.5752080463152695,0.42479195368473055,0.42479195368473055,0.5752080463152695,market_only,test,2025,0,0.024376905528502135,-0.024376905528502246
126,2026-02-28 14:30:00,2025,30437,0,0,home_win,1,logistic_regression,4,Hoffenheim,St. Pauli,,24,24,0.6224093562712679,0.2237709828499081,0.1538196608788239,0.8461803391211761,0.3775906437287321,1.51,4.2,6.11,1.1817811804024867,2.6483707067657583,1.0640130148373068,closing,market_average_close,0.3072409024499235,0.6927590975500765,0.6927590975500765,0.3072409024499235,market_only,test,2025,1,0.07034974127880855,-0.07034974127880855
126,2026-02-28 14:30:00,2025,30439,1,1,home_win,1,logistic_regression,4,Werder Bremen,FC Heidenheim,,24,24,0.5875512823032879,0.2232973994501806,0.1891513182465313,0.8108486817534686,0.412448717696712,1.6,4.21,4.97,1.2332757301121706,2.4245438453159043,1.063736934672166,closing,market_average_close,0.34763611920478865,0.6523638807952113,0.6523638807952113,0.34763611920478865,market_only,test,2025,0,0.06481259849192345,-0.06481259849192333
127,2026-02-28 17:30:00,2025,30434,0,0,home_win,0,logistic_regression,4,Borussia Dortmund,Bayern Munich,,,,,,,,,,,,,,,,,0.5998809068152954,0.4001190931847046,0.4001190931847046,0.5998809068152954,market_only,test,2025,1,,
128,2026-03-01 14:30:00,2025,30438,1,1,home_win,1,logistic_regression,4,VfB Stuttgart,Wolfsburg,,24,24,0.6844788936041284,0.1736548304143807,0.141866275981491,0.8581337240185091,0.3155211063958717,1.37,5.4,6.61,1.165319544041636,3.1693600831423936,1.0663981228929271,closing,market_average_close,0.24214257119380844,0.7578574288061916,0.7578574288061916,0.24214257119380844,market_only,test,2025,0,0.07337853520206317,-0.07337853520206328
129,2026-03-01 16:30:00,2025,30435,1,1,home_win,0,logistic_regression,4,Eintracht Frankfurt,Freiburg,,24,24,0.4221246581258097,0.2716280408809558,0.3062473009932345,0.6937526990067655,0.5778753418741903,2.22,3.45,3.06,1.4414358335926964,1.7304770207996014,1.0671029085351336,closing,market_average_close,0.5472383159713556,0.4527616840286443,0.4527616840286443,0.5472383159713556,market_only,test,2025,0,0.030637025902834625,-0.03063702590283468
130,2026-03-01 18:30:00,2025,30436,0,0,home_win,0,logistic_regression,4,Hamburger SV,RasenBallsport Leipzig,,24,24,0.2524461839530332,0.2426614481409001,0.5048923679060665,0.4951076320939334,0.7475538160469667,3.72,3.87,1.86,2.0197628458498027,1.337696335078534,1.064849545719763,closing,market_average_close,0.7644643922721002,0.2355356077278998,0.2355356077278998,0.7644643922721002,market_only,test,2025,1,-0.016910576225133395,0.016910576225133478
131,2026-03-04 19:30:00,2025,30371,0,0,home_win,0,logistic_regression,4,Hamburger SV,Bayer Leverkusen,,17,17,0.2651000367005127,0.2585273085178554,0.4763726547816319,0.5236273452183682,0.7348999632994873,3.54,3.63,1.97,1.909755113310536,1.3607294188861987,1.065582182568096,closing,market_average_close,0.7494732352220088,0.25052676477799113,0.25052676477799113,0.7494732352220088,market_only,test,2025,1,-0.014573271922521558,0.014573271922521558
132,2026-03-06 19:30:00,2025,30440,1,1,home_win,1,logistic_regression,4,Bayern Munich,Borussia M.Gladbach,,25,25,0.7783720052332466,0.1330268540017271,0.0886011407650261,0.9113988592349738,0.2216279947667533,1.21,7.08,10.63,1.097214452121871,4.512065369054231,1.0617625960790855,closing,market_average_close,0.16914260889484045,0.8308573911051595,0.8308573911051595,0.16914260889484045,market_only,test,2025,0,0.05248538587191298,-0.05248538587191284
133,2026-03-07 14:30:00,2025,30442,0,0,home_win,0,logistic_regression,4,Freiburg,Bayer Leverkusen,,25,25,0.3196099411507222,0.2788288507368318,0.4015612081124459,0.598438791887554,0.6803900588492777,2.94,3.37,2.34,1.6710146694298835,1.4697451660173702,1.0642223868167064,closing,market_average_close,0.6889902271598773,0.3110097728401226,0.3110097728401226,0.6889902271598773,market_only,test,2025,1,-0.00860016831059962,0.00860016831059962
133,2026-03-07 14:30:00,2025,30443,0,0,home_win,0,logistic_regression,4,FC Heidenheim,Hoffenheim,,25,25,0.1726215044564349,0.2054838039919051,0.6218946915516599,0.3781053084483401,0.827378495543565,5.44,4.57,1.51,2.644765830196294,1.2086366824690402,1.0648935657848864,closing,market_average_close,0.8559244433119584,0.1440755566880416,0.1440755566880416,0.8559244433119584,market_only,test,2025,1,-0.02854594776839331,0.028545947768393365
133,2026-03-07 14:30:00,2025,30444,0,0,home_win,0,logistic_regression,4,Mainz 05,VfB Stuttgart,,25,25,0.2702767289585623,0.2487692969459446,0.480953974095493,0.519046025904507,0.7297232710414377,3.47,3.77,1.95,1.9266114180478824,1.370382499345035,1.066256940250779,closing,market_average_close,0.7430676715268236,0.25693232847317643,0.25693232847317643,0.7430676715268236,market_only,test,2025,1,-0.013344400485385877,0.013344400485385877
133,2026-03-07 14:30:00,2025,30445,1,1,home_win,1,logistic_regression,4,RasenBallsport Leipzig,Augsburg,,25,25,0.7043744709262815,0.1728446579948255,0.1227808710788931,0.877219128921107,0.2956255290737186,1.33,5.42,7.63,1.1399660210669385,3.382657793910062,1.0674431432180775,closing,market_average_close,0.21519430651126092,0.7848056934887391,0.7848056934887391,0.21519430651126092,market_only,test,2025,0,0.0804312225624576,-0.08043122256245766
133,2026-03-07 14:30:00,2025,30448,0,0,home_win,0,logistic_regression,4,Wolfsburg,Hamburger SV,,25,25,0.3668807026625092,0.2786986940106895,0.3544206033268013,0.6455793966731986,0.6331192973374908,2.56,3.37,2.65,1.5489961500524994,1.5794811565614617,1.064719395610548,closing,market_average_close,0.6268810992748552,0.3731189007251448,0.3731189007251448,0.6268810992748552,market_only,test,2025,1,0.0062381980626355915,-0.0062381980626355915
134,2026-03-07 17:30:00,2025,30441,0,0,home_win,0,logistic_regression,4,FC Cologne,Borussia Dortmund,,,,,,,,,,,,,,,,,0.6021718359200625,0.39782816407993754,0.39782816407993754,0.6021718359200625,market_only,test,2025,1,,
135,2026-03-08 14:30:00,2025,30446,0,0,home_win,0,logistic_regression,4,St. Pauli,Eintracht Frankfurt,,25,25,0.3701787626657879,0.2866628223082626,0.3431584150259494,0.6568415849740505,0.629821237334212,2.54,3.28,2.74,1.522437103368701,1.5877521123813012,1.0635423398316977,closing,market_average_close,0.6337690858288596,0.3662309141711404,0.3662309141711404,0.6337690858288596,market_only,test,2025,1,-0.003947848494647521,0.003947848494647577
136,2026-03-08 16:30:00,2025,30447,0,0,home_win,0,logistic_regression,4,Union Berlin,Werder Bremen,,25,25,0.3960571274059143,0.295174651557238,0.3087682210368477,0.6912317789631524,0.6039428725940857,2.37,3.18,3.04,1.4466927453769558,1.6557857462656191,1.0653537054961262,closing,market_average_close,0.5959006618302036,0.40409933816979643,0.40409933816979643,0.5959006618302036,market_only,test,2025,1,0.008042210763882118,-0.008042210763882118
137,2026-03-13 19:30:00,2025,30450,1,1,home_win,1,logistic_regression,4,Borussia M.Gladbach,St. Pauli,,26,26,0.4909610506373823,0.2841623050658788,0.2248766442967386,0.7751233557032612,0.5090389493626175,1.91,3.3,4.17,1.2901172344274294,1.9644862171197883,1.0663986659316051,closing,market_average_close,0.46743253865447665,0.5325674613455234,0.5325674613455234,0.46743253865447665,market_only,test,2025,0,0.04160641070814103,-0.04160641070814086
138,2026-03-14 14:30:00,2025,30449,0,0,home_win,0,logistic_regression,4,Bayer Leverkusen,Bayern Munich,,26,26,0.1908504918676641,0.2006586541906276,0.6084908539417083,0.3915091460582917,0.8091495081323359,4.91,4.67,1.54,2.554218745763631,1.2358655476516098,1.067149399443324,closing,market_average_close,0.8395347442750535,0.1604652557249465,0.1604652557249465,0.8395347442750535,market_only,test,2025,1,-0.030385236142717598,0.030385236142717598
138,2026-03-14 14:30:00,2025,30451,1,1,home_win,0,logistic_regression,4,Borussia Dortmund,Augsburg,,,,,,,,,,,,,,,,,0.6034536449372209,0.39654635506277913,0.39654635506277913,0.6034536449372209,market_only,test,2025,0,,
138,2026-03-14 14:30:00,2025,30452,1,1,home_win,1,logistic_regression,4,Eintracht Frankfurt,FC Heidenheim,,26,26,0.5829338611816343,0.2203106846249838,0.1967554541933818,0.8032445458066182,0.4170661388183657,1.61,4.26,4.77,1.244950874824553,2.39770124429954,1.06550340232994,closing,market_average_close,0.3490500895562161,0.6509499104437839,0.6509499104437839,0.3490500895562161,market_only,test,2025,0,0.06801604926214966,-0.0680160492621496
138,2026-03-14 14:30:00,2025,30455,0,0,home_win,1,logistic_regression,4,Hoffenheim,Wolfsburg,,26,26,0.6657929389807662,0.188886930374825,0.1453201306444087,0.8546798693555913,0.3342070610192337,1.41,4.97,6.46,1.1700287275444743,2.992157008742702,1.0652258632267002,closing,market_average_close,0.2582243005343394,0.7417756994656606,0.7417756994656606,0.2582243005343394,market_only,test,2025,1,0.07598276048489438,-0.07598276048489427
139,2026-03-14 17:30:00,2025,30454,0,0,home_win,0,logistic_regression,4,Hamburger SV,FC Cologne,,26,26,0.403230007814535,0.2719458192237562,0.3248241729617087,0.6751758270382913,0.596769992185465,2.32,3.44,2.88,1.4810956790123455,1.6756874727193365,1.0689543793994476,closing,market_average_close,0.5774471698283665,0.4225528301716334,0.4225528301716334,0.5774471698283665,market_only,test,2025,1,0.019322822357098424,-0.01932282235709848
140,2026-03-15 14:30:00,2025,30457,0,0,home_win,0,logistic_regression,4,Werder Bremen,Mainz 05,,26,26,0.4192169001499825,0.2698407633149312,0.3109423365350864,0.6890576634649137,0.5807830998500176,2.24,3.48,3.02,1.4512573519196037,1.7218131868131863,1.0649107210822213,closing,market_average_close,0.5721150351513062,0.4278849648486938,0.4278849648486938,0.5721150351513062,market_only,test,2025,1,0.008668064698711342,-0.008668064698711397
141,2026-03-15 16:30:00,2025,30453,0,0,home_win,1,logistic_regression,4,Freiburg,Union Berlin,,26,26,0.4966245086310032,0.2651469834216373,0.2382285079473594,0.7617714920526406,0.5033754913689967,1.89,3.54,3.94,1.3127296183077657,1.986588574823869,1.065393511405729,closing,market_average_close,0.4696231592458895,0.5303768407541105,0.5303768407541105,0.4696231592458895,market_only,test,2025,1,0.0337523321231073,-0.03375233212310724
142,2026-03-15 18:30:00,2025,30456,1,1,home_win,0,logistic_regression,4,VfB Stuttgart,RasenBallsport Leipzig,,26,26,0.390824590538105,0.2398923317880951,0.3692830776737999,0.6307169223262001,0.6091754094618951,2.4,3.91,2.54,1.585497335812421,1.64156330749354,1.0661219297715665,closing,market_average_close,0.6131888457632588,0.3868111542367411,0.3868111542367411,0.6131888457632588,market_only,test,2025,0,-0.00401343630136386,0.004013436301363749
143,2026-03-20 19:30:00,2025,30464,1,1,home_win,1,logistic_regression,4,RasenBallsport Leipzig,Hoffenheim,,27,27,0.4930695202528009,0.2353849468543521,0.2715455328928469,0.7284544671071531,0.5069304797471991,1.9,3.98,3.45,1.3727693976141182,1.972657080116172,1.0674271433444875,closing,market_average_close,0.4680808370777032,0.5319191629222968,0.5319191629222968,0.4680808370777032,market_only,test,2025,0,0.03884964266949592,-0.038849642669495865
144,2026-03-21 14:30:00,2025,30459,1,1,home_win,1,logistic_regression,4,Bayern Munich,Union Berlin,,27,27,0.8301656274712479,0.1081992109622272,0.0616351615665249,0.9383648384334752,0.1698343725287522,1.13,8.67,15.22,1.0656835796079271,5.8880895846375525,1.0659990282999752,closing,market_average_close,0.1297097414249868,0.8702902585750132,0.8702902585750132,0.1297097414249868,market_only,test,2025,0,0.040124631103765296,-0.04012463110376538
144,2026-03-21 14:30:00,2025,30461,0,0,home_win,0,logistic_regression,4,FC Cologne,Borussia M.Gladbach,,27,27,0.4079650315687227,0.2792617775619233,0.312773190869354,0.687226809130646,0.5920349684312773,2.3,3.36,3.0,1.4551236749116605,1.6890894175553732,1.065734989648033,closing,market_average_close,0.5833108651763919,0.4166891348236081,0.4166891348236081,0.5833108651763919,market_only,test,2025,1,0.008724103254885374,-0.008724103254885485
144,2026-03-21 14:30:00,2025,30462,0,0,home_win,0,logistic_regression,4,FC Heidenheim,Bayer Leverkusen,,27,27,0.1785639168329631,0.2046857125268682,0.6167503706401687,0.3832496293598313,0.8214360831670369,5.25,4.58,1.52,2.6092654066498904,1.2173801717408277,1.0667115386720076,closing,market_average_close,0.8564163952266871,0.14358360477331286,0.14358360477331286,0.8564163952266871,market_only,test,2025,1,-0.03498031205965024,0.03498031205965024
144,2026-03-21 14:30:00,2025,30466,0,0,home_win,0,logistic_regression,4,Wolfsburg,Werder Bremen,,27,27,0.4017120048731225,0.2625715339114822,0.3357164612153951,0.6642835387846047,0.5982879951268774,2.34,3.58,2.8,1.5053812741312744,1.6714358438496373,1.063822893431832,closing,market_average_close,0.597411524928829,0.402588475071171,0.402588475071171,0.597411524928829,market_only,test,2025,1,0.0008764701980485401,-0.0008764701980483736
145,2026-03-21 17:30:00,2025,30460,1,1,home_win,0,logistic_regression,4,Borussia Dortmund,Hamburger SV,,,,,,,,,,,,,,,,,0.6029925452219689,0.3970074547780311,0.3970074547780311,0.6029925452219689,market_only,test,2025,0,,
146,2026-03-22 14:30:00,2025,30463,1,1,home_win,0,logistic_regression,4,Mainz 05,Eintracht Frankfurt,,27,27,0.436941433453512,0.2676421885826355,0.2954163779638524,0.7045836220361475,0.563058566546488,2.15,3.51,3.18,1.4192779518634575,1.7760141829179268,1.0644819727750838,closing,market_average_close,0.5532009436661818,0.44679905633381817,0.44679905633381817,0.5532009436661818,market_only,test,2025,0,0.009857622880306172,-0.009857622880306227
147,2026-03-22 16:30:00,2025,30465,0,0,home_win,0,logistic_regression,4,St. Pauli,Freiburg,,27,27,0.3525264394829612,0.3125734430082256,0.3349001175088131,0.6650998824911868,0.6474735605170387,2.66,3.0,2.8,1.5035335689045937,1.5444646098003632,1.0664160401002507,closing,market_average_close,0.6565823969757814,0.3434176030242187,0.3434176030242187,0.6565823969757814,market_only,test,2025,1,-0.009108836458742497,0.009108836458742608
148,2026-03-22 18:30:00,2025,30458,0,0,home_win,0,logistic_regression,4,Augsburg,VfB Stuttgart,,27,27,0.2781999573874786,0.2506775017101077,0.4711225409024135,0.5288774590975864,0.7218000426125213,3.37,3.74,1.99,1.890797164443879,1.385425243784341,1.0666281470029657,closing,market_average_close,0.7511313112874204,0.24886868871257958,0.24886868871257958,0.7511313112874204,market_only,test,2025,1,-0.02933126867489902,0.029331268674899102
149,2026-04-04 13:30:00,2025,30467,1,1,home_win,1,logistic_regression,4,Bayer Leverkusen,Wolfsburg,,28,28,0.6608486307553415,0.1922961179656936,0.1468552512789648,0.8531447487210351,0.3391513692446584,1.42,4.88,6.39,1.1721340388007055,2.948535936113577,1.0656379075912672,closing,market_average_close,0.2713150263236749,0.7286849736763251,0.7286849736763251,0.2713150263236749,market_only,test,2025,0,0.06783634292098362,-0.0678363429209835
149,2026-04-04 13:30:00,2025,30468,0,0,home_win,1,logistic_regression,4,Borussia M.Gladbach,FC Heidenheim,,28,28,0.5911462595318208,0.2227304627145959,0.1861232777535832,0.8138767222464167,0.4088537404681792,1.59,4.22,5.05,1.2286873093505566,2.4458624222317207,1.0639174442348107,closing,market_average_close,0.3535088266038102,0.6464911733961898,0.6464911733961898,0.3535088266038102,market_only,test,2025,1,0.055344913864369016,-0.05534491386436896
149,2026-04-04 13:30:00,2025,30470,0,0,home_win,0,logistic_regression,4,Freiburg,Bayern Munich,,28,28,0.1724770093010378,0.203156217029205,0.624366773669757,0.3756332263302429,0.8275229906989621,5.43,4.61,1.5,2.662171314741036,1.2084256404228193,1.0677484689780803,closing,market_average_close,0.8662505064339822,0.1337494935660178,0.1337494935660178,0.8662505064339822,market_only,test,2025,1,-0.03872751573501998,0.03872751573502009
149,2026-04-04 13:30:00,2025,30471,0,0,home_win,0,logistic_regression,4,Hamburger SV,Augsburg,,28,28,0.3958544911718282,0.2783902504680215,0.3257552583601503,0.6742447416398498,0.6041455088281719,2.37,3.37,2.88,1.483140969802555,1.6552303797468353,1.0658990555367749,closing,market_average_close,0.605249482458984,0.394750517541016,0.394750517541016,0.605249482458984,market_only,test,2025,1,-0.0011039736308122161,0.0011039736308121606
149,2026-04-04 13:30:00,2025,30472,0,0,home_win,1,logistic_regression,4,Hoffenheim,Mainz 05,,28,28,0.5535609090627229,0.2382414039004123,0.2081976870368648,0.7918023129631353,0.4464390909372772,1.7,3.95,4.52,1.262941498942752,2.239947218556844,1.0626387891327695,closing,market_average_close,0.40339944950797946,0.5966005504920205,0.5966005504920205,0.40339944950797946,market_only,test,2025,1,0.043039641429297615,-0.043039641429297726
149,2026-04-04 13:30:00,2025,30475,0,0,home_win,0,logistic_regression,4,Werder Bremen,RasenBallsport Leipzig,,28,28,0.2514424536896447,0.2374734284846644,0.5110841178256909,0.4889158821743091,0.7485575463103553,3.74,3.96,1.84,2.045341614906832,1.3359026369168356,1.0633831925392028,closing,market_average_close,0.7901141258275457,0.20988587417245425,0.20988587417245425,0.7901141258275457,market_only,test,2025,1,-0.04155657951719044,0.041556579517190384
150,2026-04-04 16:30:00,2025,30473,0,0,home_win,0,logistic_regression,4,VfB Stuttgart,Borussia Dortmund,,,,,,,,,,,,,,,,,0.6024785790806659,0.3975214209193341,0.3975214209193341,0.6024785790806659,market_only,test,2025,1,,
151,2026-04-05 13:30:00,2025,30474,0,0,home_win,0,logistic_regression,4,Union Berlin,St. Pauli,,28,28,0.460536709774979,0.2954386440065903,0.2440246462184304,0.7559753537815694,0.5394632902250208,2.04,3.18,3.85,1.322794446932378,1.853694251527069,1.0644017469766638,closing,market_average_close,0.53169222661092,0.46830777338908003,0.46830777338908003,0.53169222661092,market_only,test,2025,1,0.007771063614101015,-0.007771063614100848
152,2026-04-05 15:30:00,2025,30469,0,0,home_win,1,logistic_regression,4,Eintracht Frankfurt,FC Cologne,,28,28,0.4940061732826071,0.2536788457397171,0.2523149809776757,0.7476850190223243,0.5059938267173929,1.9,3.7,3.72,1.3374615975422428,1.9763086962689744,1.0654032640450295,closing,market_average_close,0.48729407285094695,0.512705927149053,0.512705927149053,0.48729407285094695,market_only,test,2025,1,0.018699753866445956,-0.018699753866445956
153,2026-04-10 18:30:00,2025,30476,0,0,home_win,0,logistic_regression,4,Augsburg,Hoffenheim,,29,29,0.2714037976712667,0.244546130193381,0.4840500721353521,0.5159499278646478,0.7285962023287331,3.46,3.84,1.94,1.938172574495128,1.3725023501410083,1.0648979252329025,closing,market_average_close,0.7751842325506886,0.22481576744931142,0.22481576744931142,0.7751842325506886,market_only,test,2025,1,-0.04658803022195529,0.046588030221955457
154,2026-04-11 13:30:00,2025,30477,0,0,home_win,0,logistic_regression,4,Borussia Dortmund,Bayer Leverkusen,,,,,,,,,,,,,,,,,0.603720531500785,0.39627946849921497,0.39627946849921497,0.603720531500785,market_only,test,2025,1,,
154,2026-04-11 13:30:00,2025,30479,1,1,home_win,0,logistic_regression,4,FC Heidenheim,Union Berlin,,29,29,0.3427508319791074,0.2770316459064172,0.3802175221144754,0.6197824778855245,0.6572491680208926,2.74,3.39,2.47,1.6134692987959924,1.521492987220049,1.0648070539822398,closing,market_average_close,0.6926654749449719,0.3073345250550282,0.3073345250550282,0.6926654749449719,market_only,test,2025,0,-0.03541630692407921,0.035416306924079266
154,2026-04-11 13:30:00,2025,30481,1,1,home_win,1,logistic_regression,4,RasenBallsport Leipzig,Borussia M.Gladbach,,29,29,0.6433104976828531,0.198569413661092,0.1581200886560548,0.8418799113439451,0.3566895023171469,1.46,4.73,5.94,1.187817866331598,2.803558819375794,1.0646981656857413,closing,market_average_close,0.30657036493121004,0.69342963506879,0.69342963506879,0.30657036493121004,market_only,test,2025,0,0.050119137385936874,-0.050119137385936874
154,2026-04-11 13:30:00,2025,30484,0,0,home_win,0,logistic_regression,4,Wolfsburg,Eintracht Frankfurt,,29,29,0.3808491008853568,0.2588090575077287,0.3603418416069145,0.6396581583930856,0.6191508991146433,2.46,3.62,2.6,1.5633350202429146,1.6151151543669775,1.0673625435786869,closing,market_average_close,0.639601886603667,0.36039811339633293,0.36039811339633293,0.639601886603667,market_only,test,2025,1,-0.020450987489023853,0.020450987489023742
155,2026-04-11 16:30:00,2025,30482,0,0,home_win,0,logistic_regression,4,St. Pauli,Bayern Munich,,29,29,0.1141390062250764,0.1696605119656652,0.7162004818092583,0.2837995181907417,0.8858609937749236,8.22,5.53,1.31,3.5236141568355306,1.1288452782402072,1.0658451062439458,closing,market_average_close,0.9282760599888586,0.07172394001114132,0.07172394001114132,0.9282760599888586,market_only,test,2025,1,-0.04241506621393508,0.04241506621393509
156,2026-04-12 13:30:00,2025,30478,1,1,home_win,0,logistic_regression,4,FC Cologne,Werder Bremen,,29,29,0.4101197650653649,0.2778622076922146,0.3120180272424204,0.6879819727575796,0.589880234934635,2.29,3.38,3.01,1.4535264579561369,1.6952593777121734,1.0647651244943666,closing,market_average_close,0.6029062032054022,0.3970937967945977,0.3970937967945977,0.6029062032054022,market_only,test,2025,0,-0.013025968270767185,0.013025968270767185
157,2026-04-12 15:30:00,2025,30483,1,1,home_win,1,logistic_regression,4,VfB Stuttgart,Hamburger SV,,29,29,0.734943948137306,0.1586388286029935,0.1064172232597004,0.8935827767402995,0.265056051862694,1.28,5.93,8.84,1.1190905040134054,3.772786899119837,1.0630062360266457,closing,market_average_close,0.21277652744201558,0.7872234725579844,0.7872234725579844,0.21277652744201558,market_only,test,2025,0,0.0522795244206784,-0.0522795244206784
158,2026-04-12 17:30:00,2025,30480,0,0,home_win,0,logistic_regression,4,Mainz 05,Freiburg,,29,29,0.4272921784610508,0.2937633726919724,0.2789444488469767,0.7210555511530232,0.5727078215389492,2.2,3.2,3.37,1.3868556984283986,1.7460910474609106,1.063781359589965,closing,market_average_close,0.5776551082454323,0.4223448917545677,0.4223448917545677,0.5776551082454323,market_only,test,2025,1,-0.0049472867064830894,0.004947286706483145
159,2026-04-17 18:30:00,2025,30491,0,0,home_win,0,logistic_regression,4,St. Pauli,FC Cologne,,30,30,0.3328020612256694,0.2887697885096578,0.3784281502646726,0.6215718497353273,0.6671979387743304,2.82,3.25,2.48,1.608824467237073,1.498805589593158,1.065528043221935,closing,market_average_close,0.6994599709015576,0.3005400290984423,0.3005400290984423,0.6994599709015576,market_only,test,2025,1,-0.032262032127227114,0.032262032127227225
160,2026-04-18 13:30:00,2025,30485,0,0,home_win,1,logistic_regression,4,Bayer Leverkusen,Augsburg,,30,30,0.6802108482839465,0.180517494352278,0.1392716573637753,0.8607283426362246,0.3197891517160534,1.38,5.2,6.74,1.161806751869256,3.1270604228873844,1.065313325989368,closing,market_average_close,0.2615017096584158,0.7384982903415842,0.7384982903415842,0.2615017096584158,market_only,test,2025,1,0.058287442057637695,-0.058287442057637584
160,2026-04-18 13:30:00,2025,30490,1,1,home_win,0,logistic_regression,4,Hoffenheim,Borussia Dortmund,,,,,,,,,,,,,,,,,0.6053936747213843,0.3946063252786157,0.3946063252786157,0.6053936747213843,market_only,test,2025,0,,
160,2026-04-18 13:30:00,2025,30492,0,0,home_win,0,logistic_regression,4,Union Berlin,Wolfsburg,,30,30,0.4385025065106712,0.2635942033519203,0.2979032901374083,0.7020967098625917,0.5614974934893286,2.14,3.56,3.15,1.4243052074631022,1.7809518503558648,1.06564891349098,closing,market_average_close,0.5625285824194026,0.4374714175805974,0.4374714175805974,0.5625285824194026,market_only,test,2025,1,-0.001031088930073809,0.0010310889300739756
160,2026-04-18 13:30:00,2025,30493,1,1,home_win,1,logistic_regression,4,Werder Bremen,Hamburger SV,,30,30,0.5258246585554166,0.2490016240249195,0.225173717419664,0.7748262825803361,0.4741753414445836,1.79,3.78,4.18,1.2906118732443967,2.108924510822267,1.062443932188125,closing,market_average_close,0.4514776476651057,0.5485223523348943,0.5485223523348943,0.4514776476651057,market_only,test,2025,0,0.022697693779477723,-0.022697693779477945
161,2026-04-18 16:30:00,2025,30488,0,0,home_win,0,logistic_regression,4,Eintracht Frankfurt,RasenBallsport Leipzig,,30,30,0.3238243523435875,0.2414114708988183,0.4347641767575941,0.5652358232424058,0.6761756476564125,2.9,3.89,2.16,1.7691730758741069,1.4789056711313766,1.0648599579102194,closing,market_average_close,0.7096601693917945,0.2903398306082054,0.2903398306082054,0.7096601693917945,market_only,test,2025,1,-0.03348452173538208,0.03348452173538208
162,2026-04-19 13:30:00,2025,30489,1,1,home_win,1,logistic_regression,4,Freiburg,FC Heidenheim,,30,30,0.5794237066899233,0.22783165165963,0.1927446416504467,0.8072553583495533,0.4205762933100768,1.62,4.12,4.87,1.2387653914673495,2.377689888627968,1.0653412062541332,closing,market_average_close,0.3918938845694233,0.6081061154305767,0.6081061154305767,0.3918938845694233,market_only,test,2025,0,0.02868240874065342,-0.028682408740653476
163,2026-04-19 15:30:00,2025,30486,1,1,home_win,1,logistic_regression,4,Bayern Munich,VfB Stuttgart,,30,30,0.6448136547694931,0.1824472744115232,0.1727390708189835,0.8272609291810165,0.3551863452305067,1.46,5.16,5.45,1.2088084481277197,2.8154235471834537,1.0622161949938282,closing,market_average_close,0.31842079083727426,0.6815792091627257,0.6815792091627257,0.31842079083727426,market_only,test,2025,0,0.03676555439323259,-0.036765554393232425
164,2026-04-19 17:30:00,2025,30487,0,0,home_win,0,logistic_regression,4,Borussia M.Gladbach,Mainz 05,,30,30,0.4222626688380112,0.269374461155283,0.3083628700067056,0.6916371299932942,0.5777373311619887,2.22,3.48,3.04,1.4458448753462607,1.7308903996020562,1.0667541407105836,closing,market_average_close,0.5846116082866967,0.41538839171330333,0.41538839171330333,0.5846116082866967,market_only,test,2025,1,-0.006874277124707895,0.006874277124708006
