date,season_id,game_id,target_col,target,y_pred,lambda_home,lambda_away,home_win_prob,draw_prob,away_win_prob,away_not_lose_prob,predicted_home_goals,predicted_away_goals,predicted_score_prob,score_matrix_probability_mass,home_win,home_team,away_team,round,week,matchday,batch_id,model,n_history_matches,alpha,max_goals
2025-08-22 18:30:00,2025,30224,home_win,1,1,2.145731447994428,1.4144296644063508,0.5425773382645653,0.20703275908838886,0.25038990264704586,0.4574226617354347,2,1,0.09258566861863518,0.9999999999999999,1,Bayern Munich,RasenBallsport Leipzig,,1,1,1,double_poisson_alpha_0_1,612,0.1,10
2025-08-23 13:30:00,2025,30225,home_win,0,0,1.5436382137334963,1.4592909977388246,0.39721975451516395,0.24263220420912604,0.3601480412757101,0.6027802454848361,1,1,0.11182318001700506,0.9999999999999999,0,FC Heidenheim,Wolfsburg,,1,1,2,double_poisson_alpha_0_1,613,0.1,10
2025-08-23 13:30:00,2025,30226,home_win,0,1,2.323828642807099,1.2498188121809528,0.613857554407522,0.19168423263377782,0.19445821295870003,0.38614244559247785,2,1,0.0946694583873447,1.0,0,Bayer Leverkusen,Hoffenheim,,1,1,2,double_poisson_alpha_0_1,613,0.1,10
2025-08-23 13:30:00,2025,30227,home_win,1,0,1.3175541890970088,1.6793608159540623,0.30136751143707635,0.23886953009398915,0.4597629584689344,0.6986324885629236,1,1,0.11050167277608854,1.0,1,Union Berlin,VfB Stuttgart,,1,1,2,double_poisson_alpha_0_1,613,0.1,10
2025-08-23 13:30:00,2025,30228,home_win,1,0,1.7811759245185004,1.3556400974585512,0.4754172485795729,0.23136502638558137,0.2932177250348455,0.5245827514204269,1,1,0.10484538848678931,0.9999999999999997,1,Eintracht Frankfurt,Werder Bremen,,1,1,2,double_poisson_alpha_0_1,613,0.1,10
2025-08-23 13:30:00,2025,30229,home_win,0,0,1.5964466799938628,1.337229617197281,0.4354942210607474,0.2438612103337273,0.3206445686055252,0.5645057789392525,1,1,0.11357453760119901,1.0,0,Freiburg,Augsburg,,1,1,2,double_poisson_alpha_0_1,613,0.1,10
2025-08-23 16:30:00,2025,30230,home_win,0,0,1.3594588332476925,1.5457699316762523,0.3353361042279559,0.24631511972214293,0.41834877604990106,0.664663895772044,1,1,0.1150233719155091,0.9999999999999999,0,St. Pauli,Borussia Dortmund,,,,3,double_poisson_alpha_0_1,618,0.1,10
2025-08-24 13:30:00,2025,30231,home_win,0,0,1.6301004095656169,1.1820363616064402,0.4780473117683468,0.2450885233969235,0.27686416483472986,0.5219526882316534,1,1,0.11575765248739431,1.0000000000000002,0,Mainz 05,FC Cologne,,1,1,4,double_poisson_alpha_0_1,619,0.1,10
2025-08-24 15:30:00,2025,30232,home_win,0,0,1.709306093022312,1.5581849711255689,0.41652150486741374,0.23086261475480974,0.35261588037777664,0.5834784951325864,1,1,0.10148118108717302,1.0,0,Borussia M.Gladbach,Hamburger SV,,1,1,5,double_poisson_alpha_0_1,620,0.1,10
2025-08-29 18:30:00,2025,30233,home_win,0,0,1.5330894425123576,1.2565314506809688,0.43732131879897573,0.25060331041087397,0.31207537079015035,0.5626786812010243,1,1,0.11836516170650635,1.0,0,Hamburger SV,St. Pauli,,2,2,6,double_poisson_alpha_0_1,621,0.1,10
2025-08-30 13:30:00,2025,30234,home_win,0,0,1.6273336777852054,1.7209284817601445,0.36635177454996815,0.2281328930681206,0.4055153323819113,0.6336482254500319,1,1,0.09842550568243057,1.0,0,Hoffenheim,Eintracht Frankfurt,,2,2,7,double_poisson_alpha_0_1,622,0.1,10
2025-08-30 13:30:00,2025,30235,home_win,1,1,1.9187721228779346,1.2424953564570345,0.5317074874502745,0.2221655369191335,0.24612697563059194,0.4682925125497254,1,1,0.1010176246897688,1.0,1,RasenBallsport Leipzig,FC Heidenheim,,2,2,7,double_poisson_alpha_0_1,622,0.1,10
2025-08-30 13:30:00,2025,30236,home_win,0,0,1.369353635984709,1.8456109028336405,0.28586446703674445,0.2269263959100143,0.4872091370532411,0.7141355329632554,1,1,0.10148793307505671,1.0,0,Werder Bremen,Bayer Leverkusen,,2,2,7,double_poisson_alpha_0_1,622,0.1,10
2025-08-30 13:30:00,2025,30237,home_win,1,1,2.044144025179909,1.388435817581077,0.5268070337321118,0.21363960889143602,0.25955335737645213,0.47319296626788815,2,1,0.093706196902663,1.0,1,VfB Stuttgart,Borussia M.Gladbach,,2,2,7,double_poisson_alpha_0_1,622,0.1,10
2025-08-30 16:30:00,2025,30238,home_win,0,0,1.3353446668117093,2.092870124616522,0.24132545827830074,0.20999372644839673,0.5486808152733026,0.7586745417216993,1,2,0.09488404066618254,1.0,0,Augsburg,Bayern Munich,,2,2,8,double_poisson_alpha_0_1,626,0.1,10
2025-08-31 13:30:00,2025,30239,home_win,0,0,1.5088940031321167,1.376219487824081,0.405728135412212,0.2478813628502927,0.34639050173749514,0.5942718645877878,1,1,0.11597318035230844,1.0,0,Wolfsburg,Mainz 05,,2,2,9,double_poisson_alpha_0_1,627,0.1,10
2025-08-31 15:30:00,2025,30240,home_win,1,1,1.90088865708093,1.1767896924695809,0.542672481499245,0.22325802723767033,0.23406949126308468,0.45732751850075504,1,1,0.10304734592937143,0.9999999999999999,1,Borussia Dortmund,Union Berlin,,,,10,double_poisson_alpha_0_1,628,0.1,10
2025-08-31 17:30:00,2025,30241,home_win,1,0,1.4635606712658438,1.40986074911906,0.38755321063057924,0.24896799604992872,0.36347879331949207,0.6124467893694208,1,1,0.11659391448700727,1.0,1,FC Cologne,Freiburg,,2,2,11,double_poisson_alpha_0_1,629,0.1,10
2025-09-12 18:30:00,2025,30242,home_win,1,1,1.9620768056921567,1.3179510471194342,0.5244411019813406,0.21915111330049086,0.25640778471816833,0.4755588980186592,1,1,0.09730099612232934,0.9999999999999998,1,Bayer Leverkusen,Eintracht Frankfurt,,3,3,12,double_poisson_alpha_0_1,630,0.1,10
2025-09-13 13:30:00,2025,30243,home_win,1,0,1.4697150887042087,1.7197702690410122,0.3302198922180238,0.23281610106325848,0.4369640067187178,0.6697801077819763,1,1,0.104118451049724,1.0,1,Freiburg,VfB Stuttgart,,3,3,13,double_poisson_alpha_0_1,631,0.1,10
2025-09-13 13:30:00,2025,30244,home_win,0,0,1.4406236907417596,1.7673512314743385,0.31518487072163304,0.23074762823162395,0.45406750104674304,0.684815129278367,1,1,0.10295978154145809,1.0,0,FC Heidenheim,Borussia Dortmund,,,,13,double_poisson_alpha_0_1,631,0.1,10
2025-09-13 13:30:00,2025,30245,home_win,0,0,1.4467735710253056,1.4932166437321135,0.36682095452381164,0.24574766775427279,0.3874313777219157,0.6331790454761885,1,1,0.11420940305398156,1.0000000000000002,0,Mainz 05,RasenBallsport Leipzig,,3,3,13,double_poisson_alpha_0_1,631,0.1,10
2025-09-13 13:30:00,2025,30246,home_win,0,0,1.643418155944144,1.2796087508430876,0.4594308214138916,0.2421737784535185,0.2983954001325899,0.5405691785861084,1,1,0.11307610122941249,1.0,0,Wolfsburg,FC Cologne,,3,3,13,double_poisson_alpha_0_1,631,0.1,10
2025-09-13 13:30:00,2025,30247,home_win,0,0,1.5692046803246513,1.4911696367776337,0.39697147428690066,0.2400658777838185,0.36296264792928057,0.6030285257130991,1,1,0.1096738194573717,0.9999999999999998,0,Union Berlin,Hoffenheim,,3,3,13,double_poisson_alpha_0_1,631,0.1,10
2025-09-13 16:30:00,2025,30248,home_win,1,1,2.365794433203753,1.2501759730689113,0.6217589255248883,0.188591490277314,0.1896495841977976,0.37824107447511157,2,1,0.09408040304480034,1.0,1,Bayern Munich,Hamburger SV,,3,3,14,double_poisson_alpha_0_1,636,0.1,10
2025-09-14 13:30:00,2025,30249,home_win,1,0,1.4829039069102634,1.2437308418106219,0.4274475384720122,0.25460017366929993,0.317952287858688,0.572552461527988,1,1,0.12069158419594223,1.0,1,St. Pauli,Augsburg,,3,3,15,double_poisson_alpha_0_1,637,0.1,10
2025-09-14 15:30:00,2025,30250,home_win,0,0,1.726896088881926,1.519445608446036,0.4284050348644257,0.2311081654945227,0.34048679964105144,0.5715949651355742,1,1,0.10211348036781738,0.9999999999999999,0,Borussia M.Gladbach,Werder Bremen,,3,3,16,double_poisson_alpha_0_1,638,0.1,10
2025-09-19 18:30:00,2025,30251,home_win,1,1,1.770240327317927,1.207706035390531,0.5057416202677922,0.23370099517367313,0.2605573845585344,0.49425837973220754,1,1,0.10881475635631595,0.9999999999999999,1,VfB Stuttgart,St. Pauli,,4,4,17,double_poisson_alpha_0_1,639,0.1,10
2025-09-20 13:30:00,2025,30252,home_win,0,0,1.7055521755824845,1.4112042665541509,0.44587637104565797,0.23509162370206924,0.31903200525227277,0.554123628954342,1,1,0.10662640485794576,1.0,0,Werder Bremen,Freiburg,,4,4,18,double_poisson_alpha_0_1,640,0.1,10
2025-09-20 13:30:00,2025,30253,home_win,0,0,1.4337920584513504,1.3764481309402763,0.3869028657188356,0.25215673419416357,0.3609404000870009,0.6130971342811644,1,1,0.11878844955636726,0.9999999999999999,0,Augsburg,Mainz 05,,4,4,18,double_poisson_alpha_0_1,640,0.1,10
2025-09-20 13:30:00,2025,30254,home_win,1,0,1.69563015853755,1.3440907872664716,0.45787568908110365,0.2372249070468293,0.30489940387206704,0.5421243109188963,1,1,0.10905000840656989,1.0,1,Hamburger SV,FC Heidenheim,,4,4,18,double_poisson_alpha_0_1,640,0.1,10
2025-09-20 13:30:00,2025,30255,home_win,0,0,1.5151578895325104,2.333907520044435,0.2447113546347087,0.19605841442844457,0.5592302309368467,0.7552886453652912,1,2,0.08789563635372859,1.0,0,Hoffenheim,Bayern Munich,,4,4,18,double_poisson_alpha_0_1,640,0.1,10
2025-09-20 16:30:00,2025,30256,home_win,1,1,1.8699016182759172,1.19358665491321,0.5318646633200632,0.225829630246424,0.2423057064335128,0.4681353366799368,1,1,0.10428375472449912,1.0,1,RasenBallsport Leipzig,FC Cologne,,4,4,19,double_poisson_alpha_0_1,644,0.1,10
2025-09-21 13:30:00,2025,30257,home_win,0,1,1.7875653655030104,1.1792133848912631,0.5162942141502408,0.2324471107156814,0.2512586751340778,0.4837057858497592,1,1,0.1084922438130233,1.0,0,Eintracht Frankfurt,Union Berlin,,4,4,20,double_poisson_alpha_0_1,645,0.1,10
2025-09-21 15:30:00,2025,30258,home_win,0,1,2.208261402327905,1.2419076520166579,0.5929602391383748,0.20013895459127107,0.20690080627035412,0.4070397608616252,2,1,0.0961105115008234,1.0000000000000002,0,Bayer Leverkusen,Borussia M.Gladbach,,4,4,21,double_poisson_alpha_0_1,646,0.1,10
2025-09-21 17:30:00,2025,30259,home_win,1,1,1.9376666642565161,1.3370461126093631,0.5148704862501873,0.2208651269087468,0.2642643868410658,0.4851295137498126,1,1,0.09800218634447014,0.9999999999999999,1,Borussia Dortmund,Wolfsburg,,,,22,double_poisson_alpha_0_1,647,0.1,10
2025-09-26 18:30:00,2025,30260,home_win,1,1,2.4566444615005762,1.2663582868811476,0.6351208899282184,0.1824575824343298,0.1824215276374519,0.3648791100717817,2,1,0.09232762553033197,1.0,1,Bayern Munich,Werder Bremen,,5,5,23,double_poisson_alpha_0_1,648,0.1,10
2025-09-27 13:30:00,2025,30261,home_win,1,0,1.545205597997142,1.4133708739390063,0.4069749511954272,0.24435624543520879,0.348668803369364,0.5930250488045727,1,1,0.11333106608978477,1.0,1,FC Heidenheim,Augsburg,,5,5,24,double_poisson_alpha_0_1,649,0.1,10
2025-09-27 13:30:00,2025,30262,home_win,0,0,1.4691936775615837,1.568237911254019,0.35786069274215115,0.24097399715341,0.4011653101044389,0.642139307257849,1,1,0.11049718674746936,1.0,0,Mainz 05,Borussia Dortmund,,,,24,double_poisson_alpha_0_1,649,0.1,10
2025-09-27 13:30:00,2025,30263,home_win,0,0,1.2368664274473902,1.6817043732548165,0.2816437540997074,0.2401883223101585,0.47816792359013427,0.7183562459002928,1,1,0.11234487394857152,1.0000000000000002,0,St. Pauli,Bayer Leverkusen,,5,5,24,double_poisson_alpha_0_1,649,0.1,10
2025-09-27 13:30:00,2025,30264,home_win,0,0,1.4768839947801025,1.6132110127000514,0.35125622778810284,0.23835973489769102,0.41038403731420636,0.6487437722118974,1,1,0.10839926856941194,1.0,0,Wolfsburg,RasenBallsport Leipzig,,5,5,24,double_poisson_alpha_0_1,649,0.1,10
2025-09-27 16:30:00,2025,30265,home_win,0,0,1.6009974798072841,1.6645967381975924,0.3707954576223287,0.2314887164733787,0.3977158259042925,0.6292045423776712,1,1,0.10173494123409849,0.9999999999999999,0,Borussia M.Gladbach,Eintracht Frankfurt,,5,5,25,double_poisson_alpha_0_1,653,0.1,10
2025-09-28 13:30:00,2025,30266,home_win,0,0,1.781980923783914,1.544168612823306,0.43601053948171486,0.22761469025964035,0.3363747702586447,0.563989460518285,1,1,0.0988711035284838,1.0,0,Freiburg,Hoffenheim,,5,5,26,double_poisson_alpha_0_1,654,0.1,10
2025-09-28 15:30:00,2025,30267,home_win,0,0,1.380775507814409,1.7342741651871565,0.30693582237122796,0.23397826158437002,0.45908591604440196,0.693064177628772,1,1,0.10626541575764245,1.0,0,FC Cologne,VfB Stuttgart,,5,5,27,double_poisson_alpha_0_1,655,0.1,10
2025-09-28 17:30:00,2025,30268,home_win,0,0,1.449500266490486,1.441013959334331,0.3777878785083308,0.24821917772555777,0.3739929437661116,0.6222121214916694,1,1,0.11602514218697886,1.0,0,Union Berlin,Hamburger SV,,5,5,28,double_poisson_alpha_0_1,656,0.1,10
2025-10-03 18:30:00,2025,30274,home_win,0,0,1.7775107918233435,1.4494492966906645,0.4545529685402927,0.22996992792261597,0.3154771035370912,0.5454470314597072,1,1,0.1022266935909102,1.0,0,Hoffenheim,FC Cologne,,6,6,29,double_poisson_alpha_0_1,657,0.1,10
2025-10-04 13:30:00,2025,30269,home_win,1,1,2.066761882890207,1.0608517433539701,0.6053289771744519,0.20732128091652444,0.1873497419090237,0.3946710228255481,2,1,0.0992887963582789,1.0,1,Bayer Leverkusen,Union Berlin,,6,6,30,double_poisson_alpha_0_1,658,0.1,10
2025-10-04 13:30:00,2025,30271,home_win,0,0,1.744379919120684,1.4906426082215312,0.4383454980459811,0.23092820262279493,0.330726299331224,0.5616545019540189,1,1,0.10234395052571442,1.0,0,Borussia Dortmund,RasenBallsport Leipzig,,,,30,double_poisson_alpha_0_1,658,0.1,10
2025-10-04 13:30:00,2025,30276,home_win,1,0,1.5281061351268523,1.4408790388943418,0.3971697502554561,0.2441925237953684,0.3586377259491752,0.6028302497445436,1,1,0.11307514802773917,0.9999999999999999,1,Augsburg,Wolfsburg,,6,6,30,double_poisson_alpha_0_1,658,0.1,10
2025-10-04 13:30:00,2025,30277,home_win,1,0,1.522583787794487,1.3238408490975042,0.42015135832183154,0.24903890826818606,0.33080973340998243,0.5798486416781685,1,1,0.11701201711318064,1.0,1,Werder Bremen,St. Pauli,,6,6,30,double_poisson_alpha_0_1,658,0.1,10
2025-10-04 16:30:00,2025,30272,home_win,0,0,1.5752305062926575,2.0550613941463984,0.2977189504387379,0.21252101471712773,0.48976003484413444,0.7022810495612621,1,2,0.08817550988484353,1.0,0,Eintracht Frankfurt,Bayern Munich,,6,6,31,double_poisson_alpha_0_1,662,0.1,10
2025-10-05 13:30:00,2025,30275,home_win,1,1,1.9943095828234263,1.244448396290163,0.547832569778741,0.21642085820158097,0.23574657201967802,0.452167430221259,1,1,0.09731835288997767,1.0,1,VfB Stuttgart,FC Heidenheim,,6,6,32,double_poisson_alpha_0_1,663,0.1,10
2025-10-05 15:30:00,2025,30273,home_win,1,0,1.4896076740675477,1.3754948489543002,0.40108669237019845,0.24903008423545356,0.3498832233943479,0.5989133076298014,1,1,0.11674348497428146,0.9999999999999999,1,Hamburger SV,Mainz 05,,6,6,33,double_poisson_alpha_0_1,664,0.1,10
2025-10-05 17:30:00,2025,30270,home_win,0,0,1.7055741667802933,1.5060669540662601,0.4261878220198543,0.23259739423272702,0.34121478374741876,0.5738121779801457,1,1,0.10349440502270056,1.0000000000000002,0,Borussia M.Gladbach,Freiburg,,6,6,34,double_poisson_alpha_0_1,665,0.1,10
2025-10-17 18:30:00,2025,30285,home_win,1,0,1.5194130942998079,1.4752629478698673,0.38812495766420096,0.24318247521304764,0.36869256712275145,0.611875042335799,1,1,0.1121951334857911,1.0,1,Union Berlin,Borussia M.Gladbach,,7,7,35,double_poisson_alpha_0_1,666,0.1,10
2025-10-18 13:30:00,2025,30279,home_win,0,0,1.5064953683398927,1.3847070665754464,0.4033730300896209,0.24767780334170128,0.3489491665686778,0.5966269699103791,1,1,0.11579570355833584,1.0,0,FC Cologne,Augsburg,,7,7,36,double_poisson_alpha_0_1,667,0.1,10
2025-10-18 13:30:00,2025,30281,home_win,0,0,1.5439238800266801,1.5024071598405446,0.3886500384685879,0.2408339441969713,0.3705160173344406,0.611349961531412,1,1,0.11025765930454048,0.9999999999999998,0,FC Heidenheim,Werder Bremen,,7,7,36,double_poisson_alpha_0_1,667,0.1,10
2025-10-18 13:30:00,2025,30282,home_win,0,0,1.3108520035194546,1.7066568586413855,0.2951432012382544,0.2371330192560587,0.467723779505687,0.7048567987617457,1,1,0.10944915794968703,1.0,0,Mainz 05,Bayer Leverkusen,,7,7,36,double_poisson_alpha_0_1,667,0.1,10
2025-10-18 13:30:00,2025,30283,home_win,1,0,1.7994665883080296,1.3006327738449188,0.491688341904876,0.23077696786197574,0.27753469023314836,0.5083116580951241,1,1,0.10542471466841784,1.0000000000000002,1,RasenBallsport Leipzig,Hamburger SV,,7,7,36,double_poisson_alpha_0_1,667,0.1,10
2025-10-18 13:30:00,2025,30286,home_win,0,0,1.4819260921604032,1.6799877401092977,0.3401937254540659,0.23465833297300953,0.4251479415729248,0.6598062745459343,1,1,0.10542192144598422,1.0000000000000002,0,Wolfsburg,VfB Stuttgart,,7,7,36,double_poisson_alpha_0_1,667,0.1,10
2025-10-18 16:30:00,2025,30278,home_win,1,1,2.2304400875997237,1.4497486508411823,0.5523687365259258,0.20183334768415662,0.2457979157899175,0.4476312634740741,2,1,0.09094067642743267,1.0,1,Bayern Munich,Borussia Dortmund,,,,37,double_poisson_alpha_0_1,672,0.1,10
2025-10-19 13:30:00,2025,30280,home_win,0,0,1.5396680380139476,1.596832452361949,0.36926126740485066,0.2368353628455839,0.3939033697495655,0.6307387325951495,1,1,0.10678778761415217,1.0,0,Freiburg,Eintracht Frankfurt,,7,7,38,double_poisson_alpha_0_1,673,0.1,10
2025-10-19 15:30:00,2025,30284,home_win,0,0,1.614214631011827,1.394202919477719,0.4277149576429029,0.24103410013721166,0.3312509422198855,0.5722850423570971,1,1,0.11110871521894992,1.0,0,St. Pauli,Hoffenheim,,7,7,39,double_poisson_alpha_0_1,674,0.1,10
2025-10-24 18:30:00,2025,30295,home_win,1,0,1.6420906579896928,1.2908965508797325,0.45662920384031025,0.24201446748426075,0.3013563286754292,0.54337079615969,1,1,0.11285177920036328,1.0,1,Werder Bremen,Union Berlin,,8,8,40,double_poisson_alpha_0_1,675,0.1,10
2025-10-25 13:30:00,2025,30287,home_win,0,0,1.396064605931091,1.631777961221717,0.32852402183700113,0.2399288245231,0.4315471536398988,0.6714759781629989,1,1,0.1103039998011595,0.9999999999999999,0,Augsburg,RasenBallsport Leipzig,,8,8,41,double_poisson_alpha_0_1,676,0.1,10
2025-10-25 13:30:00,2025,30289,home_win,0,0,1.4367240465863074,2.277220702707957,0.23684370533582422,0.19866051917991664,0.5644957754842592,0.7631562946641759,1,2,0.09082552169997654,1.0,0,Borussia M.Gladbach,Bayern Munich,,8,8,41,double_poisson_alpha_0_1,676,0.1,10
2025-10-25 13:30:00,2025,30291,home_win,1,0,1.686148650943727,1.2399948268835521,0.4785329432298695,0.2398055114485736,0.28166154532155674,0.5214670567701303,1,1,0.11207474697597014,1.0,1,Eintracht Frankfurt,St. Pauli,,8,8,41,double_poisson_alpha_0_1,676,0.1,10
2025-10-25 13:30:00,2025,30292,home_win,0,0,1.641845274637363,1.387180624611163,0.4358350471412216,0.23957661362122984,0.3245883392375485,0.5641649528587783,1,1,0.11014784581080968,1.0000000000000002,0,Hamburger SV,Wolfsburg,,8,8,41,double_poisson_alpha_0_1,676,0.1,10
2025-10-25 13:30:00,2025,30293,home_win,1,0,1.7947096846184967,1.4708843497910398,0.4540085834324734,0.22854365734993498,0.3174477592175916,0.5459914165675266,1,1,0.1007727857194925,1.0,1,Hoffenheim,FC Heidenheim,,8,8,41,double_poisson_alpha_0_1,676,0.1,10
2025-10-25 16:30:00,2025,30290,home_win,1,1,1.9357490081818147,1.2045346862187922,0.5440656692569281,0.2206542464124569,0.23528008433061484,0.45593433074307177,1,1,0.1008928699504821,0.9999999999999999,1,Borussia Dortmund,FC Cologne,,,,42,double_poisson_alpha_0_1,681,0.1,10
2025-10-26 13:30:00,2025,30288,home_win,1,1,2.07936853413146,1.1885197985643667,0.5785678565146029,0.20906603337145385,0.21236611011394346,0.4214321434853973,2,1,0.09786186547534009,1.0000000000000002,1,Bayer Leverkusen,Freiburg,,8,8,43,double_poisson_alpha_0_1,682,0.1,10
2025-10-26 15:30:00,2025,30294,home_win,1,0,1.8078920525789735,1.276017465115268,0.4990947324447962,0.23038228033864047,0.27052298721656354,0.500905267555204,1,1,0.10560980192951896,1.0,1,VfB Stuttgart,Mainz 05,,8,8,44,double_poisson_alpha_0_1,683,0.1,10
2025-10-31 19:30:00,2025,30296,home_win,0,0,1.4064353294626186,1.7316484060393877,0.3133852193300345,0.23361296164100073,0.45300181902896464,0.6866147806699654,1,1,0.10561534807368506,0.9999999999999999,0,Augsburg,Borussia Dortmund,,,,45,double_poisson_alpha_0_1,684,0.1,10
2025-11-01 14:30:00,2025,30299,home_win,0,0,1.4622019279033562,1.672958864318315,0.3368256760440972,0.23562081220882236,0.42755351174708034,0.6631743239559027,1,1,0.10639214934771324,1.0,0,FC Heidenheim,Eintracht Frankfurt,,9,9,46,double_poisson_alpha_0_1,685,0.1,10
2025-11-01 14:30:00,2025,30300,home_win,0,0,1.5902075965721962,1.3770821612981683,0.4255070765949406,0.24301706150386326,0.3314758619011962,0.5744929234050595,1,1,0.11265127415469307,1.0,0,Mainz 05,Werder Bremen,,9,9,46,double_poisson_alpha_0_1,685,0.1,10
2025-11-01 14:30:00,2025,30301,home_win,1,0,1.696554570585768,1.5213022174375708,0.42099285635625305,0.23261700857409082,0.34639013506965616,0.579007143643747,1,1,0.10334414706307293,1.0,1,RasenBallsport Leipzig,VfB Stuttgart,,9,9,46,double_poisson_alpha_0_1,685,0.1,10
2025-11-01 14:30:00,2025,30302,home_win,0,0,1.5396980844689956,1.370585944968655,0.4145151806990749,0.2462792326979915,0.33920558660293365,0.5854848193009252,1,1,0.1149268619693252,1.0,0,St. Pauli,Borussia M.Gladbach,,9,9,46,double_poisson_alpha_0_1,685,0.1,10
2025-11-01 14:30:00,2025,30303,home_win,0,0,1.428796349026999,1.3897213562152984,0.3829384127981027,0.2517926107001685,0.3652689765017288,0.6170615872018973,1,1,0.1185308439846949,0.9999999999999999,0,Union Berlin,Freiburg,,9,9,46,double_poisson_alpha_0_1,685,0.1,10
2025-11-01 17:30:00,2025,30297,home_win,1,0,2.024621510719692,1.5674164940928654,0.48487021299302385,0.2142597238765235,0.30087006313045256,0.5151297870069761,2,1,0.08847892269533922,1.0,1,Bayern Munich,Bayer Leverkusen,,9,9,47,double_poisson_alpha_0_1,690,0.1,10
2025-11-02 14:30:00,2025,30298,home_win,1,0,1.4410684645858411,1.437864101018075,0.376320852537114,0.2487937974055027,0.3748853500573832,0.6236791474628859,1,1,0.11643885557842297,1.0,1,FC Cologne,Hamburger SV,,9,9,48,double_poisson_alpha_0_1,691,0.1,10
2025-11-02 16:30:00,2025,30304,home_win,0,0,1.742489939090408,1.5303810554228032,0.4297762427134935,0.23000365848873353,0.3402200987977728,0.5702237572865063,1,1,0.10106017530204328,1.0,0,Wolfsburg,Hoffenheim,,9,9,49,double_poisson_alpha_0_1,692,0.1,10
2025-11-07 19:30:00,2025,30313,home_win,1,0,1.649144220836001,1.4240831284417326,0.4298253244812522,0.2380827326077159,0.33209194291103195,0.5701746755187478,1,1,0.108669657685306,1.0,1,Werder Bremen,Wolfsburg,,10,10,50,double_poisson_alpha_0_1,693,0.1,10
2025-11-08 14:30:00,2025,30305,home_win,1,1,2.147134934245127,1.1314093425232046,0.6055048717831588,0.2023443773087399,0.1921507509081014,0.3944951282168413,2,1,0.09827764768099098,1.0,1,Bayer Leverkusen,FC Heidenheim,,10,10,51,double_poisson_alpha_0_1,694,0.1,10
2025-11-08 14:30:00,2025,30309,home_win,0,0,1.466389498355517,1.673494516673752,0.33771534701590056,0.2354687140759599,0.42681593890813935,0.6622846529840992,1,1,0.10622808046954775,0.9999999999999998,0,Hamburger SV,Borussia Dortmund,,,,51,double_poisson_alpha_0_1,694,0.1,10
2025-11-08 14:30:00,2025,30310,home_win,1,0,1.5661543324811413,1.801859324557034,0.33786609289771363,0.22606932757560388,0.4360645795266824,0.6621339071022863,1,1,0.09724016599809433,1.0,1,Hoffenheim,RasenBallsport Leipzig,,10,10,51,double_poisson_alpha_0_1,694,0.1,10
2025-11-08 14:30:00,2025,30312,home_win,0,0,1.2060173762048638,2.1083818889865484,0.21225641746697538,0.20709450913492136,0.5806490733981033,0.7877435825330247,1,2,0.09745335873720137,1.0,0,Union Berlin,Bayern Munich,,10,10,51,double_poisson_alpha_0_1,694,0.1,10
2025-11-08 17:30:00,2025,30306,home_win,1,0,1.6998367723583117,1.3991517254646466,0.4470815731660721,0.23572549948292526,0.3171929273510029,0.5529184268339282,1,1,0.10725027843685793,1.0,1,Borussia M.Gladbach,FC Cologne,,10,10,52,double_poisson_alpha_0_1,698,0.1,10
2025-11-09 14:30:00,2025,30308,home_win,1,0,1.4915490089832324,1.2548341543372172,0.42722005021429166,0.2535918515160895,0.3191880982696189,0.5727799497857085,1,1,0.12008390597028176,1.0,1,Freiburg,St. Pauli,,10,10,53,double_poisson_alpha_0_1,699,0.1,10
2025-11-09 16:30:00,2025,30311,home_win,1,1,1.963168788098743,1.2409953651328376,0.5418335407191759,0.21877014707322234,0.239396312207602,0.45816645928082433,1,1,0.0988956044791326,1.0,1,VfB Stuttgart,Augsburg,,10,10,54,double_poisson_alpha_0_1,700,0.1,10
2025-11-09 18:30:00,2025,30307,home_win,1,0,1.7175915463152096,1.3318376380441628,0.46572980225861343,0.23600451320465127,0.2982656845367353,0.5342701977413866,1,1,0.10839791036247491,1.0,1,Eintracht Frankfurt,Mainz 05,,10,10,55,double_poisson_alpha_0_1,701,0.1,10
2025-11-21 19:30:00,2025,30319,home_win,0,0,1.7104652982932342,1.4551931825414437,0.43780761632687004,0.23371313375977135,0.3284792499133584,0.5621923836731297,1,1,0.10500425773889865,0.9999999999999999,0,Mainz 05,Hoffenheim,,11,11,56,double_poisson_alpha_0_1,702,0.1,10
2025-11-22 14:30:00,2025,30314,home_win,1,0,1.5315854867863954,1.4534027012408932,0.39548057911555545,0.24349476359604486,0.3610246572883998,0.6045194208844447,1,1,0.11250279361226918,1.0,1,Augsburg,Hamburger SV,,11,11,57,double_poisson_alpha_0_1,703,0.1,10
2025-11-22 14:30:00,2025,30315,home_win,1,1,2.4055282126310016,1.1835004990041655,0.6436785311546693,0.18349474010706943,0.1728267287382609,0.35632146884533034,2,1,0.09459408799533348,0.9999999999999997,1,Bayern Munich,Freiburg,,11,11,57,double_poisson_alpha_0_1,703,0.1,10
2025-11-22 14:30:00,2025,30316,home_win,0,0,1.7540883141691375,1.5337918166129691,0.43174681481981514,0.22931522115851866,0.33893796402166615,0.5682531851801849,1,1,0.10044068678226256,0.9999999999999999,0,Borussia Dortmund,VfB Stuttgart,,,,57,double_poisson_alpha_0_1,703,0.1,10
2025-11-22 14:30:00,2025,30318,home_win,0,0,1.6104683615033517,1.5688393748968865,0.39138078360493617,0.2350753201529965,0.3735438962420675,0.608619216395064,1,1,0.10514167026399507,1.0,0,FC Heidenheim,Borussia M.Gladbach,,11,11,57,double_poisson_alpha_0_1,703,0.1,10
2025-11-22 14:30:00,2025,30322,home_win,0,0,1.3465138039650046,1.8493178107760586,0.28008926085312824,0.22689340355191087,0.49301733559496097,0.7199107391468719,1,1,0.10192725467153589,1.0,0,Wolfsburg,Bayer Leverkusen,,11,11,57,double_poisson_alpha_0_1,703,0.1,10
2025-11-22 17:30:00,2025,30317,home_win,0,0,1.4336206659558604,1.6088579109893775,0.34171279292024415,0.24007505956990272,0.41821214750985314,0.6582872070797559,1,1,0.11005766281084015,1.0,0,FC Cologne,Eintracht Frankfurt,,11,11,58,double_poisson_alpha_0_1,708,0.1,10
2025-11-23 14:30:00,2025,30320,home_win,1,1,1.8742364821386548,1.3103626929661187,0.5065918493355475,0.22539957602095084,0.2680085746435017,0.49340815066445254,1,1,0.10166279798350941,1.0,1,RasenBallsport Leipzig,Werder Bremen,,11,11,59,double_poisson_alpha_0_1,709,0.1,10
2025-11-23 16:30:00,2025,30321,home_win,0,0,1.4195945066005855,1.1928097443994294,0.42231839271074734,0.26117495612174535,0.3165066511675075,0.5776816072892528,1,1,0.12421748664943084,1.0,0,St. Pauli,Union Berlin,,11,11,60,double_poisson_alpha_0_1,710,0.1,10
2025-11-28 19:30:00,2025,30325,home_win,0,0,1.5332776195527305,1.725043084182755,0.3440141961817681,0.23081704998569133,0.42516875383254044,0.6559858038182318,1,1,0.1017068118697575,1.0,0,Borussia M.Gladbach,RasenBallsport Leipzig,,12,12,61,double_poisson_alpha_0_1,711,0.1,10
2025-11-29 14:30:00,2025,30324,home_win,1,1,2.3074610656106844,1.0725989969817828,0.6500895865993472,0.18723434564378677,0.16267606775686586,0.34991041340065265,2,1,0.09721532239227934,0.9999999999999997,1,Bayern Munich,St. Pauli,,12,12,62,double_poisson_alpha_0_1,712,0.1,10
2025-11-29 14:30:00,2025,30329,home_win,1,0,1.7947011316279722,1.4673153000837234,0.45475209727350885,0.228614491427769,0.31663341129872224,0.5452479027264913,1,1,0.1008880775584882,1.0,1,Hoffenheim,Augsburg,,12,12,62,double_poisson_alpha_0_1,712,0.1,10
2025-11-29 14:30:00,2025,30330,home_win,0,0,1.5180316310772481,1.2986017950485391,0.42441581963278163,0.25023494487014514,0.32534923549707295,0.5755841803672181,1,1,0.1178985504039646,0.9999999999999998,0,Union Berlin,FC Heidenheim,,12,12,62,double_poisson_alpha_0_1,712,0.1,10
2025-11-29 14:30:00,2025,30331,home_win,0,0,1.6816555439550949,1.335534343720043,0.45640430345888683,0.238331613860407,0.30526408268070615,0.5435956965411132,1,1,0.10991151264464,1.0,0,Werder Bremen,FC Cologne,,12,12,62,double_poisson_alpha_0_1,712,0.1,10
2025-11-29 17:30:00,2025,30323,home_win,0,0,1.9249273485443266,1.4070083038131627,0.49686428257816806,0.221432199116197,0.28170351830563484,0.5031357174218318,1,1,0.09675417975098244,1.0,0,Bayer Leverkusen,Borussia Dortmund,,,,63,double_poisson_alpha_0_1,716,0.1,10
2025-11-30 14:30:00,2025,30328,home_win,1,0,1.4831692930943399,1.6779579731106975,0.34085294470059735,0.2347303622150383,0.4244166930843645,0.6591470552994028,1,1,0.10546580605485337,1.0000000000000002,1,Hamburger SV,VfB Stuttgart,,12,12,64,double_poisson_alpha_0_1,717,0.1,10
2025-11-30 16:30:00,2025,30326,home_win,0,0,1.8411276495885636,1.3516569441291626,0.49003542914605236,0.2274012900165354,0.28256328083741217,0.5099645708539475,1,1,0.10217429485480085,0.9999999999999999,0,Eintracht Frankfurt,Wolfsburg,,12,12,65,double_poisson_alpha_0_1,718,0.1,10
2025-11-30 18:30:00,2025,30327,home_win,1,0,1.4994812798129886,1.3822487956721077,0.402142890838073,0.24818096099607748,0.34967614816584935,0.5978571091619268,1,1,0.11614694693031388,0.9999999999999999,1,Freiburg,Mainz 05,,12,12,66,double_poisson_alpha_0_1,719,0.1,10
2025-12-05 19:30:00,2025,30339,home_win,0,0,1.6341469571148295,1.4135156167770666,0.4284536806196205,0.23926859439104436,0.3322777249893352,0.5715463193803796,1,1,0.10965001162825885,1.0,0,Mainz 05,Borussia M.Gladbach,,13,13,67,double_poisson_alpha_0_1,720,0.1,10
2025-12-06 14:30:00,2025,30332,home_win,0,0,1.6468841150937772,1.9952251383720951,0.32269761589040846,0.21487602979840495,0.46242635431118667,0.6773023841095916,1,1,0.08608093930197548,1.0,0,VfB Stuttgart,Bayern Munich,,13,13,68,double_poisson_alpha_0_1,721,0.1,10
2025-12-06 14:30:00,2025,30333,home_win,1,0,1.5703478415516419,1.2650011155244367,0.4447460412555946,0.24771074703119894,0.30754321171320653,0.5552539587444054,1,1,0.11660317179111544,1.0,1,Wolfsburg,Union Berlin,,13,13,68,double_poisson_alpha_0_1,721,0.1,10
2025-12-06 14:30:00,2025,30334,home_win,1,0,1.2935256356415141,1.8859818835551803,0.26241860661658767,0.22461759183020982,0.5129638015532026,0.7375813933834124,1,1,0.10150092172410691,1.0,1,Augsburg,Bayer Leverkusen,,13,13,68,double_poisson_alpha_0_1,721,0.1,10
2025-12-06 14:30:00,2025,30336,home_win,0,0,1.430673035851773,1.2799832582890909,0.4062602320803359,0.25674374059821187,0.33699602732145234,0.5937397679196642,1,1,0.12176475812100218,1.0,0,FC Cologne,St. Pauli,,13,13,68,double_poisson_alpha_0_1,721,0.1,10
2025-12-06 14:30:00,2025,30338,home_win,1,0,1.5163047182674843,1.4879565397250871,0.38484123104154877,0.2427775259868749,0.37238124297157654,0.6151587689584515,1,1,0.11185171471632296,1.0000000000000002,1,FC Heidenheim,Freiburg,,13,13,68,double_poisson_alpha_0_1,721,0.1,10
2025-12-06 17:30:00,2025,30340,home_win,1,0,1.7811302708093915,1.4263372935871503,0.4602583619795227,0.23019897574779066,0.30954266227268656,0.5397416380204773,1,1,0.10278564325996306,1.0,1,RasenBallsport Leipzig,Eintracht Frankfurt,,13,13,69,double_poisson_alpha_0_1,726,0.1,10
2025-12-07 14:30:00,2025,30337,home_win,1,0,1.6177095770216698,1.4152871904770445,0.42414341187369015,0.2401685285678163,0.33568805955849346,0.5758565881263098,1,1,0.1102887901934348,1.0,1,Hamburger SV,Werder Bremen,,13,13,70,double_poisson_alpha_0_1,727,0.1,10
2025-12-07 16:30:00,2025,30335,home_win,1,1,2.0645892446260437,1.4078467627743645,0.5269764413961422,0.21233597443169858,0.2606875841721593,0.4730235586038579,2,1,0.09313928834327345,1.0,1,Borussia Dortmund,Hoffenheim,,,,71,double_poisson_alpha_0_1,728,0.1,10
2025-12-12 19:30:00,2025,30348,home_win,1,0,1.2813608930985958,1.6217228637974503,0.30256269576765404,0.24366195086463158,0.4537753533677144,0.697437304232346,1,1,0.11398687535030537,1.0,1,Union Berlin,RasenBallsport Leipzig,,14,14,72,double_poisson_alpha_0_1,729,0.1,10
2025-12-13 14:30:00,2025,30343,home_win,0,0,1.7085598872847299,1.4608890979419886,0.4361790220285414,0.2336730153552819,0.33014796261617674,0.5638209779714587,1,1,0.10489945918205003,1.0,0,Borussia M.Gladbach,Wolfsburg,,14,14,73,double_poisson_alpha_0_1,730,0.1,10
2025-12-13 14:30:00,2025,30344,home_win,1,1,1.8539097180082764,1.3123530794076468,0.501556237812829,0.22682805200994163,0.2716157101772294,0.498443762187171,1,1,0.1025767215436518,1.0,1,Eintracht Frankfurt,Augsburg,,14,14,73,double_poisson_alpha_0_1,730,0.1,10
2025-12-13 14:30:00,2025,30346,home_win,1,0,1.7429075311131008,1.5265272195248183,0.4306559103557176,0.23008501490291838,0.33925907474136385,0.5693440896442823,1,1,0.10117691379444034,0.9999999999999997,1,Hoffenheim,Hamburger SV,,14,14,73,double_poisson_alpha_0_1,730,0.1,10
2025-12-13 14:30:00,2025,30347,home_win,1,0,1.514273898379514,1.2551129909172993,0.4329037296923649,0.2519813906373574,0.31511487967027785,0.5670962703076352,1,1,0.1191674968357038,1.0,1,St. Pauli,FC Heidenheim,,14,14,73,double_poisson_alpha_0_1,730,0.1,10
2025-12-13 17:30:00,2025,30341,home_win,1,1,2.1272255032851177,1.1173503126037019,0.6046785275409976,0.20362924368021754,0.19169222877878458,0.3953214724590021,2,1,0.09855644922763616,0.9999999999999999,1,Bayer Leverkusen,FC Cologne,,14,14,74,double_poisson_alpha_0_1,734,0.1,10
2025-12-14 14:30:00,2025,30345,home_win,0,0,1.4663477516149133,1.6684928919398725,0.33860983250842136,0.2357440422127617,0.42564612527881696,0.6613901674915786,1,1,0.10644305858665482,1.0,0,Freiburg,Borussia Dortmund,,,,75,double_poisson_alpha_0_1,735,0.1,10
2025-12-14 16:30:00,2025,30342,home_win,0,1,2.3453673174235234,1.1518624178116488,0.6394864334916914,0.18704874521397397,0.17346482129433477,0.36051356650830874,2,1,0.09593228190439854,1.0,0,Bayern Munich,Mainz 05,,14,14,76,double_poisson_alpha_0_1,736,0.1,10
2025-12-14 18:30:00,2025,30349,home_win,0,0,1.555336404088287,1.6887245116572869,0.3557272149002105,0.2319444044409957,0.4123283806587938,0.6442727850997895,1,1,0.10244844942841627,1.0,0,Werder Bremen,VfB Stuttgart,,14,14,77,double_poisson_alpha_0_1,737,0.1,10
2025-12-19 19:30:00,2025,30351,home_win,1,1,1.9957964841757423,1.340831268068487,0.5267619479306074,0.21682202380107335,0.25641602826831933,0.4732380520693927,1,1,0.09515056279310805,1.0000000000000002,1,Borussia Dortmund,Borussia M.Gladbach,,,,78,double_poisson_alpha_0_1,738,0.1,10
2025-12-20 14:30:00,2025,30350,home_win,0,0,1.5647294666015819,1.4531939805725174,0.40356486237376493,0.24177232026119275,0.35466281736504246,0.5964351376262352,1,1,0.11119758403031858,1.0000000000000002,0,Augsburg,Werder Bremen,,15,15,79,double_poisson_alpha_0_1,739,0.1,10
2025-12-20 14:30:00,2025,30352,home_win,0,0,1.486504940718798,1.2872388904441678,0.41892972751535856,0.2527462202063517,0.32832405227828987,0.5810702724846415,1,1,0.11945487254535435,0.9999999999999999,0,FC Cologne,Union Berlin,,15,15,79,double_poisson_alpha_0_1,739,0.1,10
2025-12-20 14:30:00,2025,30353,home_win,0,0,1.5762462011584752,1.5826704088263661,0.38062814449622184,0.23598293691268088,0.38338891859109747,0.6193718555037784,1,1,0.10595329881184108,1.0000000000000002,0,Hamburger SV,Eintracht Frankfurt,,15,15,79,double_poisson_alpha_0_1,739,0.1,10
2025-12-20 14:30:00,2025,30357,home_win,0,1,2.0825601555971316,1.4469918903027792,0.5224091418312252,0.2112586015904623,0.26633225657831244,0.4775908581687748,2,1,0.0919954259088847,0.9999999999999999,0,VfB Stuttgart,Hoffenheim,,15,15,79,double_poisson_alpha_0_1,739,0.1,10
2025-12-20 14:30:00,2025,30358,home_win,0,0,1.6217621975512253,1.4051373611544682,0.42723768846729004,0.2402495954237709,0.33251271610893907,0.57276231153271,1,1,0.1104435044800565,1.0,0,Wolfsburg,Freiburg,,15,15,79,double_poisson_alpha_0_1,739,0.1,10
2025-12-20 17:30:00,2025,30356,home_win,0,0,1.58513706102487,1.6283706876961799,0.37395393695511264,0.23365707408374406,0.39238898896114316,0.6260460630448872,1,1,0.10380336045062466,0.9999999999999999,0,RasenBallsport Leipzig,Bayer Leverkusen,,15,15,80,double_poisson_alpha_0_1,744,0.1,10
2025-12-21 14:30:00,2025,30355,home_win,0,0,1.474107942246367,1.1947113437580337,0.4360192842177306,0.2569657955202932,0.3070149202619761,0.5639807157822693,1,1,0.12210650036716014,1.0,0,Mainz 05,St. Pauli,,15,15,81,double_poisson_alpha_0_1,745,0.1,10
2025-12-21 16:30:00,2025,30354,home_win,0,0,1.2999444851123012,2.2633223633785042,0.2115532509410083,0.19730368506920673,0.591143063989785,0.7884467490589917,1,2,0.09438011661442318,1.0,0,FC Heidenheim,Bayern Munich,,15,15,82,double_poisson_alpha_0_1,746,0.1,10
2026-01-09 19:30:00,2025,30362,home_win,0,0,1.6263265014091626,1.6162682606872423,0.3858723433388561,0.2325270424167405,0.38160061424440345,0.614127656661144,1,1,0.1026786550494708,0.9999999999999999,0,Eintracht Frankfurt,Borussia Dortmund,,,,83,double_poisson_alpha_0_1,747,0.1,10
2026-01-10 14:30:00,2025,30363,home_win,1,0,1.619223940647348,1.4175162909774626,0.42404243557848276,0.24001052152395647,0.3359470428975607,0.5759575644215171,1,1,0.1101527767949289,1.0,1,Freiburg,Hamburger SV,,16,16,84,double_poisson_alpha_0_1,748,0.1,10
2026-01-10 14:30:00,2025,30364,home_win,0,0,1.5360842718641567,1.3866498932882636,0.4102719677518105,0.24589293784566124,0.34383509440252824,0.5897280322481895,1,1,0.1145656820509341,1.0,0,FC Heidenheim,FC Cologne,,16,16,84,double_poisson_alpha_0_1,748,0.1,10
2026-01-10 14:30:00,2025,30366,home_win,0,0,1.366455705186354,1.3309114036047354,0.37905447615964394,0.25827884436290777,0.36266667947744835,0.6209455238403561,1,1,0.1225442825263249,1.0000000000000002,0,Union Berlin,Mainz 05,,16,16,84,double_poisson_alpha_0_1,748,0.1,10
2026-01-10 17:30:00,2025,30359,home_win,0,0,1.9415667348380745,1.4141046395733605,0.49901631132788216,0.22031869161928502,0.2806649970528329,0.500983688672118,1,1,0.095782089879443,1.0,0,Bayer Leverkusen,VfB Stuttgart,,16,16,85,double_poisson_alpha_0_1,751,0.1,10
2026-01-11 14:30:00,2025,30361,home_win,1,0,1.6993131662882361,1.397306355554292,0.4473495095634059,0.23580127255712832,0.31684921787946574,0.5526504904365941,1,1,0.10732979154253174,1.0,1,Borussia M.Gladbach,Augsburg,,16,16,86,double_poisson_alpha_0_1,752,0.1,10
2026-01-11 16:30:00,2025,30360,home_win,1,1,2.4890629733244274,1.212472502102872,0.6525179694584708,0.17826340766436888,0.16921862287716036,0.34748203054152926,2,1,0.09271654497353242,1.0,1,Bayern Munich,Wolfsburg,,16,16,87,double_poisson_alpha_0_1,753,0.1,10
2026-01-13 17:30:00,2025,30375,home_win,1,0,1.8845603614577986,1.4695163514085772,0.4745965700856183,0.2233163927245113,0.30208703718987034,0.5254034299143816,1,1,0.09676704226352892,1.0,1,VfB Stuttgart,Eintracht Frankfurt,,17,17,88,double_poisson_alpha_0_1,754,0.1,10
2026-01-13 19:30:00,2025,30369,home_win,1,1,1.9359026056186313,1.2924635926654031,0.5243225487324028,0.22099884793164784,0.2546786033359495,0.4756774512675973,1,1,0.09913801003555466,1.0,1,Borussia Dortmund,Werder Bremen,,,,89,double_poisson_alpha_0_1,755,0.1,10
2026-01-13 19:30:00,2025,30373,home_win,1,0,1.652132684411295,1.2545772132362645,0.4670805426072019,0.24206790455004779,0.2908515528427504,0.5329194573927982,1,1,0.11328548001241928,1.0,1,Mainz 05,FC Heidenheim,,17,17,89,double_poisson_alpha_0_1,755,0.1,10
2026-01-14 17:30:00,2025,30376,home_win,1,0,1.5325495871335446,1.2912189374704879,0.4296352267575141,0.24951756650428014,0.3208472067382059,0.570364773242486,1,1,0.11750797277605063,1.0,1,Wolfsburg,St. Pauli,,17,17,90,double_poisson_alpha_0_1,757,0.1,10
2026-01-14 19:30:00,2025,30370,home_win,0,0,1.2811456890992987,2.22053470067526,0.213208993357617,0.2000341760473009,0.586756830595082,0.7867910066423829,1,2,0.09521890480221072,0.9999999999999998,0,FC Cologne,Bayern Munich,,17,17,91,double_poisson_alpha_0_1,758,0.1,10
2026-01-14 19:30:00,2025,30372,home_win,1,0,1.834785453983142,1.5813854313800282,0.4403992175895076,0.2240617253442168,0.3355390570662755,0.5596007824104923,1,1,0.09527936568144776,1.0,1,Hoffenheim,Borussia M.Gladbach,,17,17,91,double_poisson_alpha_0_1,758,0.1,10
2026-01-14 19:30:00,2025,30374,home_win,1,1,1.8787854339846977,1.278721582965899,0.5146398690203164,0.2251766954136319,0.2601834355660516,0.4853601309796835,1,1,0.10217986062327039,1.0,1,RasenBallsport Leipzig,Freiburg,,17,17,91,double_poisson_alpha_0_1,758,0.1,10
2026-01-15 19:30:00,2025,30368,home_win,0,0,1.4976994084976,1.2904463001549367,0.4210648312973796,0.2518802305860165,0.3270549381166039,0.5789351687026204,1,1,0.11892914564782718,1.0,0,Augsburg,Union Berlin,,17,17,92,double_poisson_alpha_0_1,761,0.1,10
2026-01-16 19:30:00,2025,30384,home_win,0,0,1.5944828503172317,1.6061302408763611,0.3803923530895874,0.2342394316657451,0.38536821524466736,0.6196076469104125,1,1,0.10432586818267314,1.0,0,Werder Bremen,Eintracht Frankfurt,,18,18,93,double_poisson_alpha_0_1,762,0.1,10
2026-01-17 14:30:00,2025,30378,home_win,1,1,1.8109340251211403,1.1314219955925984,0.5327642003749619,0.23051378519645127,0.23672201442858695,0.46723579962503825,1,1,0.10806330914890734,1.0,1,Borussia Dortmund,St. Pauli,,,,94,double_poisson_alpha_0_1,763,0.1,10
2026-01-17 14:30:00,2025,30379,home_win,1,0,1.4239217370090815,1.386271942668445,0.38241074593576724,0.2522258742634998,0.36536337980073313,0.6175892540642329,1,1,0.11881819350345325,1.0000000000000002,1,FC Cologne,Mainz 05,,18,18,94,double_poisson_alpha_0_1,763,0.1,10
2026-01-17 14:30:00,2025,30380,home_win,0,0,1.6997804645912846,1.4811777026355009,0.42993584227866,0.23361006136050053,0.3364540963608395,0.57006415772134,1,1,0.10459897290989129,1.0,0,Hamburger SV,Borussia M.Gladbach,,18,18,94,double_poisson_alpha_0_1,763,0.1,10
2026-01-17 14:30:00,2025,30381,home_win,1,0,1.5223493494393856,1.9275565982718068,0.306754430525801,0.22014918299222322,0.4730963864819756,0.6932455694741988,1,1,0.0931636185989323,1.0,1,Hoffenheim,Bayer Leverkusen,,18,18,94,double_poisson_alpha_0_1,763,0.1,10
2026-01-17 14:30:00,2025,30385,home_win,0,0,1.7369485118989356,1.360239000655957,0.46412680565180187,0.23419876425377603,0.30167443009442213,0.5358731943481981,1,1,0.1067359504099187,1.0000000000000002,0,Wolfsburg,FC Heidenheim,,18,18,94,double_poisson_alpha_0_1,763,0.1,10
2026-01-17 17:30:00,2025,30382,home_win,0,0,1.596212340949793,1.9547056006081267,0.3184495001826679,0.21766620765822345,0.46388429215910876,0.6815504998173322,1,1,0.08954223984162947,1.0,0,RasenBallsport Leipzig,Bayern Munich,,18,18,95,double_poisson_alpha_0_1,768,0.1,10
2026-01-18 14:30:00,2025,30383,home_win,0,1,1.9037168546475725,1.1804332419007668,0.5424673255985711,0.22305229439805613,0.23448038000337293,0.4575326744014291,1,1,0.10285239706003914,1.0,0,VfB Stuttgart,Union Berlin,,18,18,96,double_poisson_alpha_0_1,769,0.1,10
2026-01-18 16:30:00,2025,30377,home_win,0,0,1.5251999086537473,1.4351717400141828,0.3976196119940314,0.24458100507053404,0.35779938293543434,0.6023803880059684,1,1,0.11338551403374776,0.9999999999999999,0,Augsburg,Freiburg,,18,18,97,double_poisson_alpha_0_1,770,0.1,10
2026-01-23 19:30:00,2025,30393,home_win,0,0,1.4377567066308672,1.3195928619027482,0.3996900534021508,0.25454617526478623,0.34576377133306296,0.6003099465978492,1,1,0.12039921558629604,1.0,0,St. Pauli,Hamburger SV,,19,19,98,double_poisson_alpha_0_1,771,0.1,10
2026-01-24 14:30:00,2025,30386,home_win,1,1,2.107674532558988,1.2116709621879735,0.5792291493810545,0.20725179866090093,0.21351905195804471,0.42077085061894565,2,1,0.09736174931404627,1.0,1,Bayer Leverkusen,Werder Bremen,,19,19,99,double_poisson_alpha_0_1,772,0.1,10
2026-01-24 14:30:00,2025,30387,home_win,0,1,2.57070064472525,1.1259857554773065,0.685182902416859,0.16867986928801515,0.14613722829512588,0.314817097583141,2,1,0.0922901620931057,1.0,0,Bayern Munich,Augsburg,,19,19,99,double_poisson_alpha_0_1,772,0.1,10
2026-01-24 14:30:00,2025,30389,home_win,0,0,1.9307392671460384,1.5227039231411637,0.47372322162543307,0.21996524397511583,0.3063115343994511,0.5262767783745669,1,1,0.0930095996194963,1.0,0,Eintracht Frankfurt,Hoffenheim,,19,19,99,double_poisson_alpha_0_1,772,0.1,10
2026-01-24 14:30:00,2025,30391,home_win,0,0,1.378771476898379,1.721525518062325,0.3086458813325883,0.234827411212974,0.4565267074544377,0.6913541186674117,1,1,0.10689659650531412,0.9999999999999999,0,FC Heidenheim,RasenBallsport Leipzig,,19,19,99,double_poisson_alpha_0_1,772,0.1,10
2026-01-24 14:30:00,2025,30392,home_win,1,0,1.6011922580681144,1.343417622794386,0.43532574332261076,0.24337376694603838,0.32130048973135084,0.5646742566773892,1,1,0.11319485825729918,1.0,1,Mainz 05,Wolfsburg,,19,19,99,double_poisson_alpha_0_1,772,0.1,10
2026-01-24 17:30:00,2025,30394,home_win,0,0,1.320065895042502,1.6419871410908773,0.3084238581641039,0.24133287890665217,0.4502432629292438,0.691576141835896,1,1,0.1120887623546084,0.9999999999999998,0,Union Berlin,Borussia Dortmund,,,,100,double_poisson_alpha_0_1,777,0.1,10
2026-01-25 14:30:00,2025,30388,home_win,0,0,1.5679487121943412,1.7609010312438957,0.34553452715068206,0.22806292687241403,0.4264025459769041,0.6544654728493181,1,1,0.09893859206382434,1.0000000000000002,0,Borussia M.Gladbach,VfB Stuttgart,,19,19,101,double_poisson_alpha_0_1,778,0.1,10
2026-01-25 16:30:00,2025,30390,home_win,1,0,1.6500977729772208,1.3251119741416524,0.45110404154857286,0.2406687166676959,0.30822724178373123,0.5488959584514271,1,1,0.11159508848901348,1.0,1,Freiburg,FC Cologne,,19,19,102,double_poisson_alpha_0_1,779,0.1,10
2026-01-27 19:30:00,2025,30365,home_win,0,0,1.2959729328869265,1.5427095190436306,0.32018411102511324,0.24867729813108247,0.43113859084380424,0.6798158889748867,1,1,0.11696501091229802,1.0,0,St. Pauli,RasenBallsport Leipzig,,16,16,103,double_poisson_alpha_0_1,780,0.1,10
2026-01-27 19:30:00,2025,30367,home_win,0,0,1.7105679669166243,1.5862407938931793,0.41122591998163505,0.2299252567172103,0.35884882330115464,0.588774080018365,1,1,0.10039766141150194,0.9999999999999999,0,Werder Bremen,Hoffenheim,,16,16,103,double_poisson_alpha_0_1,780,0.1,10
2026-01-30 19:30:00,2025,30398,home_win,1,0,1.5490877595887766,1.4510997016500726,0.4002017895338598,0.24267689028130635,0.357121320184834,0.5997982104661403,1,1,0.11189441653174448,1.0,1,FC Cologne,Wolfsburg,,20,20,104,double_poisson_alpha_0_1,782,0.1,10
2026-01-31 14:30:00,2025,30395,home_win,1,0,1.4311265717533384,1.271548622936952,0.4081789874077284,0.25707834016806413,0.3347426724242074,0.5918210125922716,1,1,0.12197030050054994,1.0,1,Augsburg,St. Pauli,,20,20,105,double_poisson_alpha_0_1,783,0.1,10
2026-01-31 14:30:00,2025,30397,home_win,0,0,1.5386496206847091,1.7762076004669471,0.33613435463107316,0.22804835650755995,0.4358172888613668,0.6638656453689267,1,1,0.09931372209670869,1.0,0,Eintracht Frankfurt,Bayer Leverkusen,,20,20,105,double_poisson_alpha_0_1,783,0.1,10
2026-01-31 14:30:00,2025,30400,home_win,1,0,1.7512170586200306,1.3292166934490899,0.4741994357890821,0.23377324623644155,0.2920273179744762,0.5258005642109177,1,1,0.10693512601194298,0.9999999999999999,1,Hoffenheim,Union Berlin,,20,20,105,double_poisson_alpha_0_1,783,0.1,10
2026-01-31 14:30:00,2025,30401,home_win,0,0,1.7651847166032015,1.23696120351298,0.497934605598239,0.23387663370009662,0.2681887607016642,0.5020653944017608,1,1,0.10847529255095467,1.0,0,RasenBallsport Leipzig,Mainz 05,,20,20,105,double_poisson_alpha_0_1,783,0.1,10
2026-01-31 14:30:00,2025,30403,home_win,0,0,1.6904280108023888,1.4944475426191999,0.42502907379470584,0.23373258541820008,0.34123834078709403,0.5749709262052941,1,1,0.10454505063893588,1.0,0,Werder Bremen,Borussia M.Gladbach,,20,20,105,double_poisson_alpha_0_1,783,0.1,10
2026-01-31 17:30:00,2025,30399,home_win,0,0,1.3507095751628748,2.156800701314378,0.2357036212941107,0.20568062523704614,0.558615753468843,0.7642963787058891,1,2,0.09415852719752335,1.0,0,Hamburger SV,Bayern Munich,,20,20,106,double_poisson_alpha_0_1,788,0.1,10
2026-02-01 14:30:00,2025,30402,home_win,1,1,1.9372666232381714,1.3171358268644684,0.5191619026846981,0.22091142248960757,0.2599266748256944,0.480838097315302,1,1,0.0985033346899246,1.0,1,VfB Stuttgart,Freiburg,,20,20,107,double_poisson_alpha_0_1,789,0.1,10
2026-02-01 16:30:00,2025,30396,home_win,1,1,2.044358640266611,1.19550631574968,0.5696125715236788,0.2119580380147315,0.21842939046158963,0.43038742847632117,2,1,0.09785444966633264,1.0,1,Borussia Dortmund,FC Heidenheim,,,,108,double_poisson_alpha_0_1,790,0.1,10
2026-02-06 19:30:00,2025,30411,home_win,0,0,1.4358097669279375,1.5657005957464727,0.35027145846625307,0.2423779835829479,0.40735055795079916,0.649728541533747,1,1,0.11175481197078276,1.0,0,Union Berlin,Eintracht Frankfurt,,21,21,109,double_poisson_alpha_0_1,791,0.1,10
2026-02-07 14:30:00,2025,30407,home_win,1,0,1.6404228208184064,1.4117305065448602,0.4303279195928902,0.23895444382595835,0.3307176365811516,0.5696720804071099,1,1,0.10943953875419413,1.0000000000000002,1,Freiburg,Werder Bremen,,21,21,110,double_poisson_alpha_0_1,792,0.1,10
2026-02-07 14:30:00,2025,30408,home_win,0,0,1.4887437070486949,1.4846478095064526,0.3787853620558655,0.2442379530859077,0.3769766848582267,0.6212146379441345,1,1,0.11300973392289888,1.0,0,FC Heidenheim,Hamburger SV,,21,21,110,double_poisson_alpha_0_1,792,0.1,10
2026-02-07 14:30:00,2025,30409,home_win,1,0,1.5862639435003771,1.2649133920352664,0.4486989502180412,0.24658355645159807,0.3047174933303608,0.5513010497819588,1,1,0.11592728356495585,1.0,1,Mainz 05,Augsburg,,21,21,110,double_poisson_alpha_0_1,792,0.1,10
2026-02-07 14:30:00,2025,30410,home_win,1,0,1.3196804577257424,1.5900651877917478,0.3175001866480782,0.24479375941009493,0.4377060539418268,0.6824998133519218,1,1,0.11433974976078107,1.0,1,St. Pauli,VfB Stuttgart,,21,21,110,double_poisson_alpha_0_1,792,0.1,10
2026-02-07 14:30:00,2025,30412,home_win,0,0,1.4636653702300608,1.7414834428933548,0.32499395095547967,0.23174238635340108,0.4432636626911193,0.6750060490445203,1,1,0.10336718856441485,1.0,0,Wolfsburg,Borussia Dortmund,,,,110,double_poisson_alpha_0_1,792,0.1,10
2026-02-07 17:30:00,2025,30405,home_win,0,0,1.4191779802431606,1.8812041466743774,0.2913708304213168,0.22411296328745386,0.48451620629122927,0.7086291695786832,1,1,0.0984317135455088,1.0,0,Borussia M.Gladbach,Bayer Leverkusen,,21,21,111,double_poisson_alpha_0_1,797,0.1,10
2026-02-08 14:30:00,2025,30406,home_win,0,0,1.3603211233847627,1.649953405051633,0.31671115447269593,0.23979849939649744,0.4434903461308066,0.6832888455273041,1,1,0.11060315232414523,0.9999999999999999,0,FC Cologne,RasenBallsport Leipzig,,21,21,112,double_poisson_alpha_0_1,798,0.1,10
2026-02-08 16:30:00,2025,30404,home_win,1,1,2.607006676726738,1.3429284456058506,0.6458121369083618,0.1744302141021831,0.17975764898945484,0.35418786309163797,2,1,0.08787637565968948,0.9999999999999999,1,Bayern Munich,Hoffenheim,,21,21,113,double_poisson_alpha_0_1,799,0.1,10
2026-02-13 19:30:00,2025,30415,home_win,1,1,1.8175402426406124,1.2449618312361441,0.5082716498547595,0.2298549497418072,0.2618734004034333,0.4917283501452405,1,1,0.1058308588923256,1.0,1,Borussia Dortmund,Mainz 05,,,,114,double_poisson_alpha_0_1,800,0.1,10
2026-02-14 14:30:00,2025,30414,home_win,1,1,1.9276613676552907,1.065927156402572,0.574437798751818,0.2197134587788992,0.20584874246928278,0.425562201248182,1,1,0.10295780934783105,1.0,1,Bayer Leverkusen,St. Pauli,,22,22,115,double_poisson_alpha_0_1,801,0.1,10
2026-02-14 14:30:00,2025,30416,home_win,1,0,1.884838585422811,1.4481152342777432,0.47917494850385306,0.2235653902327001,0.29725966126344683,0.520825051496147,1,1,0.09740782224234897,1.0,1,Eintracht Frankfurt,Borussia M.Gladbach,,22,22,115,double_poisson_alpha_0_1,801,0.1,10
2026-02-14 14:30:00,2025,30417,home_win,1,0,1.5722264627031708,1.2338178482811857,0.45210220017626107,0.2484203134891565,0.29947748633458227,0.5478977998237388,1,1,0.11725100933231715,0.9999999999999998,1,Hamburger SV,Union Berlin,,22,22,115,double_poisson_alpha_0_1,801,0.1,10
2026-02-14 14:30:00,2025,30418,home_win,1,0,1.782223019549753,1.4865695263894785,0.4478890838653813,0.2289273976567917,0.3231835184778269,0.5521109161346186,1,1,0.10081582524156041,1.0,1,Hoffenheim,Freiburg,,22,22,115,double_poisson_alpha_0_1,801,0.1,10
2026-02-14 14:30:00,2025,30421,home_win,0,0,1.3735697079094191,2.2209817078920384,0.23171300863149158,0.20155159589123817,0.5667353954772703,0.7682869913685084,1,2,0.09307152445401269,1.0,0,Werder Bremen,Bayern Munich,,22,22,115,double_poisson_alpha_0_1,801,0.1,10
2026-02-14 17:30:00,2025,30420,home_win,1,1,1.954271640049654,1.2104682195288854,0.5467902733910657,0.21923968757909823,0.23397003902983615,0.4532097266089344,1,1,0.09988706760144633,1.0,1,VfB Stuttgart,FC Cologne,,22,22,116,double_poisson_alpha_0_1,806,0.1,10
2026-02-15 14:30:00,2025,30413,home_win,1,0,1.6299780859828474,1.3326222243075427,0.44462718499279374,0.24181046496356606,0.3135623500436402,0.5553728150072063,1,1,0.11226589696321662,1.0,1,Augsburg,FC Heidenheim,,22,22,117,double_poisson_alpha_0_1,807,0.1,10
2026-02-15 16:30:00,2025,30419,home_win,0,1,1.922718598565779,1.274278595821906,0.5254533282990579,0.22194203084571834,0.25260464085522366,0.474546671700942,1,1,0.1001709691046496,1.0,0,RasenBallsport Leipzig,Wolfsburg,,22,22,118,double_poisson_alpha_0_1,808,0.1,10
2026-02-20 19:30:00,2025,30426,home_win,0,0,1.540020371472989,1.329026157699715,0.42337771076832736,0.24774243159020765,0.32887985764146493,0.5766222892316726,1,1,0.11615794457624265,0.9999999999999999,0,Mainz 05,Hamburger SV,,23,23,119,double_poisson_alpha_0_1,809,0.1,10
2026-02-21 14:30:00,2025,30422,home_win,1,1,2.482389008719338,1.3473515778764613,0.6226133709865187,0.1830566291709781,0.19432999984250313,0.3773866290134812,2,1,0.09014785865113474,0.9999999999999998,1,Bayern Munich,Eintracht Frankfurt,,23,23,120,double_poisson_alpha_0_1,810,0.1,10
2026-02-21 14:30:00,2025,30423,home_win,0,0,1.5793706845942075,1.5941092859613857,0.3791570993330208,0.23536512217376743,0.3854777784932118,0.6208429006669792,1,1,0.10538464201731197,1.0,0,FC Cologne,Hoffenheim,,23,23,120,double_poisson_alpha_0_1,810,0.1,10
2026-02-21 14:30:00,2025,30429,home_win,1,0,1.2315921235451075,1.7764361397763098,0.26516597307608114,0.23306127259956236,0.5017727543243565,0.7348340269239189,1,1,0.10805538783933723,1.0,1,Union Berlin,Bayer Leverkusen,,23,23,120,double_poisson_alpha_0_1,810,0.1,10
2026-02-21 14:30:00,2025,30430,home_win,0,0,1.6375476427576225,1.364985503236942,0.4395155591919654,0.24045763467276113,0.3200268061352733,0.5604844408080344,1,1,0.11100394310464952,0.9999999999999999,0,Wolfsburg,Augsburg,,23,23,120,double_poisson_alpha_0_1,810,0.1,10
2026-02-21 17:30:00,2025,30427,home_win,0,0,1.684824177820468,1.5381387352695521,0.4148671912413971,0.23268444430479637,0.35244836445380656,0.585132808758603,1,1,0.10323693132915639,1.0,0,RasenBallsport Leipzig,Borussia Dortmund,,,,121,double_poisson_alpha_0_1,814,0.1,10
2026-02-22 14:30:00,2025,30424,home_win,1,0,1.6839778931840554,1.4502112127335884,0.4326309462941844,0.2353463459887792,0.3320227077170365,0.5673690537058157,1,1,0.1063179540623838,1.0000000000000002,1,Freiburg,Borussia M.Gladbach,,23,23,122,double_poisson_alpha_0_1,815,0.1,10
2026-02-22 16:30:00,2025,30428,home_win,1,0,1.4635122041312227,1.3211805165269697,0.4058904633231222,0.2528758345012553,0.3412337021756225,0.5941095366768778,1,1,0.11939381417863333,1.0,1,St. Pauli,Werder Bremen,,23,23,123,double_poisson_alpha_0_1,816,0.1,10
2026-02-22 18:30:00,2025,30425,home_win,0,0,1.3935809075130685,1.7850635447002396,0.30133437273186825,0.23052653044538868,0.468139096822743,0.6986656272681318,1,1,0.10359006914335368,0.9999999999999999,0,FC Heidenheim,VfB Stuttgart,,23,23,124,double_poisson_alpha_0_1,817,0.1,10
2026-02-27 19:30:00,2025,30431,home_win,1,0,1.5664468504724993,1.3248083807727022,0.4308057120899227,0.24618190194484815,0.3230123859652293,0.5691942879100774,1,1,0.11518940579258873,1.0,1,Augsburg,FC Cologne,,24,24,125,double_poisson_alpha_0_1,818,0.1,10
2026-02-28 14:30:00,2025,30432,home_win,0,1,1.9457317685961424,1.1515913331905494,0.5583996213303298,0.21935853576917283,0.22224184290049753,0.4416003786696704,1,1,0.10121177137177338,1.0000000000000002,0,Bayer Leverkusen,Mainz 05,,24,24,126,double_poisson_alpha_0_1,819,0.1,10
2026-02-28 14:30:00,2025,30433,home_win,1,0,1.6413952832743468,1.3236619343130118,0.449321065442154,0.24128403671677476,0.3093948978410713,0.5506789345578461,1,1,0.11201657061761179,1.0,1,Borussia M.Gladbach,Union Berlin,,24,24,126,double_poisson_alpha_0_1,819,0.1,10
2026-02-28 14:30:00,2025,30437,home_win,0,0,1.7095406144827103,1.317765247466072,0.46689487742756286,0.23680907141639784,0.29629605115603935,0.5331051225724373,1,1,0.10913781184313144,1.0,0,Hoffenheim,St. Pauli,,24,24,126,double_poisson_alpha_0_1,819,0.1,10
2026-02-28 14:30:00,2025,30439,home_win,1,0,1.7108136393869144,1.3393713076565592,0.46249263898812676,0.23631537521679366,0.30119198579507966,0.5375073610118734,1,1,0.1084988671891748,0.9999999999999999,1,Werder Bremen,FC Heidenheim,,24,24,126,double_poisson_alpha_0_1,819,0.1,10
2026-02-28 17:30:00,2025,30434,home_win,0,0,1.669813721059953,1.9722058455701552,0.3314732058786983,0.21563076394149389,0.45289603017980795,0.6685267941213018,1,1,0.08628022447142149,0.9999999999999999,0,Borussia Dortmund,Bayern Munich,,,,127,double_poisson_alpha_0_1,823,0.1,10
2026-03-01 14:30:00,2025,30438,home_win,1,1,2.0063549853164377,1.3127112150863656,0.5352307590987326,0.2159780954041025,0.24879114549716488,0.46476924090126737,2,1,0.09560984516471278,1.0,1,VfB Stuttgart,Wolfsburg,,24,24,128,double_poisson_alpha_0_1,824,0.1,10
2026-03-01 16:30:00,2025,30435,home_win,1,0,1.8200407769764293,1.3835865208936504,0.4783124363200496,0.22843388454128566,0.29325367913866457,0.5216875636799503,1,1,0.10227506944940455,0.9999999999999998,1,Eintracht Frankfurt,Freiburg,,24,24,129,double_poisson_alpha_0_1,825,0.1,10
2026-03-01 18:30:00,2025,30436,home_win,0,0,1.4697638942573878,1.5833183057719196,0.35514906007411556,0.2401731879165236,0.40467775200936074,0.6448509399258844,1,1,0.10986998244509068,1.0,0,Hamburger SV,RasenBallsport Leipzig,,24,24,130,double_poisson_alpha_0_1,826,0.1,10
2026-03-04 19:30:00,2025,30371,home_win,0,0,1.3618199992114774,1.7375361987596682,0.30194532283051845,0.23413130982846814,0.46392336734101364,0.6980546771694818,1,1,0.10666459156876153,1.0,0,Hamburger SV,Bayer Leverkusen,,17,17,131,double_poisson_alpha_0_1,827,0.1,10
2026-03-06 19:30:00,2025,30440,home_win,1,1,2.6253251212902304,1.2363237075709759,0.6711445188160758,0.16930561345391193,0.1595498677300124,0.3288554811839243,2,1,0.08961394838848115,1.0,1,Bayern Munich,Borussia M.Gladbach,,25,25,132,double_poisson_alpha_0_1,828,0.1,10
2026-03-07 14:30:00,2025,30442,home_win,0,0,1.3538382340986812,1.7657980671418698,0.2953465761040278,0.23241148426705335,0.4722419396289189,0.7046534238959723,1,1,0.10560074470423157,1.0,0,Freiburg,Bayer Leverkusen,,25,25,133,double_poisson_alpha_0_1,829,0.1,10
2026-03-07 14:30:00,2025,30443,home_win,0,0,1.586312288163995,1.6598364395567229,0.3682845566899486,0.23222682548748166,0.3994886178225699,0.6317154433100516,1,1,0.10248717053388189,1.0,0,FC Heidenheim,Hoffenheim,,25,25,133,double_poisson_alpha_0_1,829,0.1,10
2026-03-07 14:30:00,2025,30444,home_win,0,0,1.4545033599842756,1.5954567491462122,0.3492100326599732,0.24008904224123076,0.4107009250987963,0.650789967340027,1,1,0.10990537158143615,1.0000000000000002,0,Mainz 05,VfB Stuttgart,,25,25,133,double_poisson_alpha_0_1,829,0.1,10
2026-03-07 14:30:00,2025,30445,home_win,1,1,1.8827751065676277,1.2114872219071289,0.5306827706927573,0.22485955976413782,0.2444576695431049,0.46931722930724273,1,1,0.10334660885564015,1.0000000000000002,1,RasenBallsport Leipzig,Augsburg,,25,25,133,double_poisson_alpha_0_1,829,0.1,10
2026-03-07 14:30:00,2025,30448,home_win,0,0,1.5834769230616714,1.4414224194017489,0.41049765957359086,0.24120459291861865,0.3482977475077904,0.589502340426409,1,1,0.1108423994165049,1.0,0,Wolfsburg,Hamburger SV,,25,25,133,double_poisson_alpha_0_1,829,0.1,10
2026-03-07 17:30:00,2025,30441,home_win,0,0,1.3661498667441792,1.728463731058262,0.30449840140982265,0.23463741347322614,0.4608641851169512,0.6955015985901774,1,1,0.10695103850593494,1.0,0,FC Cologne,Borussia Dortmund,,,,134,double_poisson_alpha_0_1,834,0.1,10
2026-03-08 14:30:00,2025,30446,home_win,0,0,1.4238969897892395,1.4885465100674822,0.36209275937412866,0.24700610869712286,0.3909011319287485,0.6379072406258713,1,1,0.11518152914453662,1.0,0,St. Pauli,Eintracht Frankfurt,,25,25,135,double_poisson_alpha_0_1,835,0.1,10
2026-03-08 16:30:00,2025,30447,home_win,0,0,1.4723759740561178,1.3658320923687048,0.3987855527495797,0.2504397845343919,0.3507746627160282,0.6012144472504202,1,1,0.11770581894140683,0.9999999999999999,0,Union Berlin,Werder Bremen,,25,25,136,double_poisson_alpha_0_1,836,0.1,10
2026-03-13 19:30:00,2025,30450,home_win,1,0,1.5563127774581555,1.305719413543848,0.4324090012252676,0.24745453599513592,0.32013646277959645,0.5675909987747324,1,1,0.11614003612038787,1.0,1,Borussia M.Gladbach,St. Pauli,,26,26,137,double_poisson_alpha_0_1,837,0.1,10
2026-03-14 14:30:00,2025,30449,home_win,0,0,1.7539269300891291,1.8543266826358755,0.37029535419691706,0.21880932331568795,0.4108953224873952,0.6297046458030832,1,1,0.08813595418122658,1.0000000000000002,0,Bayer Leverkusen,Bayern Munich,,26,26,138,double_poisson_alpha_0_1,838,0.1,10
2026-03-14 14:30:00,2025,30451,home_win,1,1,1.9626852633062148,1.2103149983912358,0.5486668900877162,0.21857766796218672,0.23275544195009712,0.4513331099122838,1,1,0.09947926596275525,1.0,1,Borussia Dortmund,Augsburg,,,,138,double_poisson_alpha_0_1,838,0.1,10
2026-03-14 14:30:00,2025,30452,home_win,1,1,1.948956336292789,1.2872657778120593,0.5283567037671572,0.22003801514098242,0.2516052810918604,0.47164329623284285,1,1,0.09862725061982587,0.9999999999999999,1,Eintracht Frankfurt,FC Heidenheim,,26,26,138,double_poisson_alpha_0_1,838,0.1,10
2026-03-14 14:30:00,2025,30455,home_win,0,0,1.8811998204114897,1.4738413432391306,0.47293701029271423,0.2234578407942371,0.30360514891304874,0.5270629897072858,1,1,0.09678538892665255,1.0,0,Hoffenheim,Wolfsburg,,26,26,138,double_poisson_alpha_0_1,838,0.1,10
2026-03-14 17:30:00,2025,30454,home_win,0,0,1.6381418439632496,1.2682123472073576,0.4606655107507618,0.24279883361310448,0.2965356556361337,0.5393344892492382,1,1,0.11358733058935497,1.0,0,Hamburger SV,FC Cologne,,26,26,139,double_poisson_alpha_0_1,842,0.1,10
2026-03-15 14:30:00,2025,30457,home_win,0,0,1.530824827556293,1.3800746044683656,0.41034628900986425,0.2464493747987066,0.34320433619142926,0.5896537109901359,1,1,0.1149848176246808,1.0,0,Werder Bremen,Mainz 05,,26,26,140,double_poisson_alpha_0_1,843,0.1,10
2026-03-15 16:30:00,2025,30453,home_win,0,0,1.5995457892817464,1.263546177823111,0.4522691387096391,0.24567178478336393,0.3020590765069968,0.5477308612903607,1,1,0.11538855978471478,1.0,0,Freiburg,Union Berlin,,26,26,141,double_poisson_alpha_0_1,844,0.1,10
2026-03-15 18:30:00,2025,30456,home_win,1,0,1.7699315120409853,1.5060532483061442,0.44105011847450254,0.2291651127916935,0.329784768733804,0.5589498815254975,1,1,0.10070584652764937,1.0,1,VfB Stuttgart,RasenBallsport Leipzig,,26,26,142,double_poisson_alpha_0_1,845,0.1,10
2026-03-20 19:30:00,2025,30464,home_win,1,1,1.9483920462318352,1.4164468965531516,0.5000163048637418,0.21986806377380505,0.2801156313624532,0.4999836951362583,1,1,0.09539940364397126,1.0,1,RasenBallsport Leipzig,Hoffenheim,,27,27,143,double_poisson_alpha_0_1,846,0.1,10
2026-03-21 14:30:00,2025,30459,home_win,1,1,2.4764390423027165,1.0765323854004094,0.6797077004866703,0.1737532966477692,0.14653900286556043,0.3202922995133296,2,1,0.094540196953196,1.0,1,Bayern Munich,Union Berlin,,27,27,144,double_poisson_alpha_0_1,847,0.1,10
2026-03-21 14:30:00,2025,30461,home_win,0,0,1.5638437383250128,1.4714349310571238,0.39965310048244657,0.24111206666738752,0.3592348328501657,0.6003468995175533,1,1,0.11059350955591078,0.9999999999999997,0,FC Cologne,Borussia M.Gladbach,,27,27,144,double_poisson_alpha_0_1,847,0.1,10
2026-03-21 14:30:00,2025,30462,home_win,0,0,1.276219726542944,1.895432587562985,0.2571071611377008,0.22395634367774156,0.5189364951845576,0.7428928388622992,1,1,0.10143847178246047,1.0,0,FC Heidenheim,Bayer Leverkusen,,27,27,144,double_poisson_alpha_0_1,847,0.1,10
2026-03-21 14:30:00,2025,30466,home_win,0,0,1.637670084695575,1.4506209350259234,0.421587905586671,0.23792160469212373,0.3404904897212052,0.578412094413329,1,1,0.1082810873515222,1.0,0,Wolfsburg,Werder Bremen,,27,27,144,double_poisson_alpha_0_1,847,0.1,10
2026-03-21 17:30:00,2025,30460,home_win,1,1,1.8966912755194816,1.2519610279582858,0.5246524931181336,0.22386013206304783,0.2514873748188186,0.47534750688186644,1,1,0.10189318452586672,0.9999999999999999,1,Borussia Dortmund,Hamburger SV,,,,145,double_poisson_alpha_0_1,851,0.1,10
2026-03-22 14:30:00,2025,30463,home_win,1,0,1.5400953602333949,1.4749488808320483,0.3932069774618626,0.24217042230699723,0.3646226002311401,0.6067930225381374,1,1,0.1114057237999046,1.0,1,Mainz 05,Eintracht Frankfurt,,27,27,146,double_poisson_alpha_0_1,852,0.1,10
2026-03-22 16:30:00,2025,30465,home_win,0,0,1.4364117671122467,1.3081319743314253,0.40175892174357636,0.25513929652756984,0.3431017817288539,0.5982410782564238,1,1,0.12077868952393354,1.0,0,St. Pauli,Freiburg,,27,27,147,double_poisson_alpha_0_1,853,0.1,10
2026-03-22 18:30:00,2025,30458,home_win,0,0,1.4183030669153833,1.6934799344171891,0.32282139452631864,0.23564016446960132,0.44153844100408013,0.6771786054736815,1,1,0.1069347628969612,1.0,0,Augsburg,VfB Stuttgart,,27,27,148,double_poisson_alpha_0_1,854,0.1,10
2026-04-04 13:30:00,2025,30467,home_win,1,1,2.1220181313724193,1.1871403993238736,0.5877240348556805,0.20565653265868888,0.20661943248563058,0.41227596514431947,2,1,0.09768344783523958,1.0,1,Bayer Leverkusen,Wolfsburg,,28,28,149,double_poisson_alpha_0_1,855,0.1,10
2026-04-04 13:30:00,2025,30468,home_win,0,0,1.799752698704436,1.377322925648556,0.47501333280821134,0.22983405554038586,0.29515261165140283,0.5249866671917887,1,1,0.10338611064925744,1.0,0,Borussia M.Gladbach,FC Heidenheim,,28,28,149,double_poisson_alpha_0_1,855,0.1,10
2026-04-04 13:30:00,2025,30470,home_win,0,0,1.3760105474663173,2.1835471236177315,0.23724816143257968,0.20413626380586908,0.5586155747615511,0.7627518385674201,1,2,0.09332986778425145,1.0,0,Freiburg,Bayern Munich,,28,28,149,double_poisson_alpha_0_1,855,0.1,10
2026-04-04 13:30:00,2025,30471,home_win,0,0,1.6314994602015955,1.3035834284525507,0.4512901417186887,0.2424452963319041,0.30626456194940704,0.5487098582813111,1,1,0.11298881734629497,0.9999999999999998,0,Hamburger SV,Augsburg,,28,28,149,double_poisson_alpha_0_1,855,0.1,10
2026-04-04 13:30:00,2025,30472,home_win,0,0,1.6857213287178106,1.4487134258817702,0.4333523687549129,0.2352889718946196,0.3313586593504674,0.566647631245087,1,1,0.10629199267533296,0.9999999999999998,0,Hoffenheim,Mainz 05,,28,28,149,double_poisson_alpha_0_1,855,0.1,10
2026-04-04 13:30:00,2025,30475,home_win,0,0,1.4527855770595106,1.6406035054217047,0.34046950023573785,0.23769139893374322,0.421839100830519,0.6595304997642623,1,1,0.10808448208780523,1.0,0,Werder Bremen,RasenBallsport Leipzig,,28,28,149,double_poisson_alpha_0_1,855,0.1,10
2026-04-04 16:30:00,2025,30473,home_win,0,0,1.7767914594767167,1.5709404174389021,0.4294183117327323,0.22720040043498924,0.3433812878322784,0.5705816882672676,1,1,0.09815099134728889,1.0,0,VfB Stuttgart,Borussia Dortmund,,,,150,double_poisson_alpha_0_1,861,0.1,10
2026-04-05 13:30:00,2025,30474,home_win,0,0,1.3632222206637092,1.232298517207486,0.39892172652585567,0.26350436753006373,0.3375739059440805,0.6010782734741442,1,1,0.1253320803080156,1.0,0,Union Berlin,St. Pauli,,28,28,151,double_poisson_alpha_0_1,862,0.1,10
2026-04-05 15:30:00,2025,30469,home_win,0,1,1.846564432023109,1.2842354383175756,0.5061183032886094,0.22751140491446462,0.2663702917969259,0.4938816967113905,1,1,0.10359051888818294,1.0,0,Eintracht Frankfurt,FC Cologne,,28,28,152,double_poisson_alpha_0_1,863,0.1,10
2026-04-10 18:30:00,2025,30476,home_win,0,0,1.6242453478230359,1.5744061044086206,0.39352308189839025,0.23424960246895915,0.37222731563265055,0.6064769181016096,1,1,0.10437866099167221,1.0,0,Augsburg,Hoffenheim,,29,29,153,double_poisson_alpha_0_1,864,0.1,10
2026-04-11 13:30:00,2025,30477,home_win,0,0,1.6752277242870328,1.618281478027838,0.3968018719790452,0.23040845840116625,0.37278966961978866,0.6031981280209548,1,1,0.10064102298039632,1.0,0,Borussia Dortmund,Bayer Leverkusen,,,,154,double_poisson_alpha_0_1,865,0.1,10
2026-04-11 13:30:00,2025,30479,home_win,1,0,1.5043741327055786,1.3524352384568896,0.40957162040431433,0.24909329858299545,0.3413350810126903,0.5904283795956857,1,1,0.11688957767612189,1.0000000000000002,1,FC Heidenheim,Union Berlin,,29,29,154,double_poisson_alpha_0_1,865,0.1,10
2026-04-11 13:30:00,2025,30481,home_win,1,1,1.9626780162419668,1.3135412591049822,0.5255459776632899,0.2191014939296616,0.2553525284070487,0.4744540223367103,1,1,0.09737530343500009,1.0,1,RasenBallsport Leipzig,Borussia M.Gladbach,,29,29,154,double_poisson_alpha_0_1,865,0.1,10
2026-04-11 13:30:00,2025,30484,home_win,0,0,1.582400868045133,1.6444727423849421,0.3702657333575493,0.2330523102115809,0.39668195643086995,0.6297342666424508,1,1,0.10325944560288144,1.0000000000000002,0,Wolfsburg,Eintracht Frankfurt,,29,29,154,double_poisson_alpha_0_1,865,0.1,10
2026-04-11 16:30:00,2025,30482,home_win,0,0,1.2259835992062864,2.0555353056802472,0.2233903360521709,0.21152075362061168,0.5650889103272172,0.7766096639478288,1,2,0.09731034072780077,0.9999999999999999,0,St. Pauli,Bayern Munich,,29,29,155,double_poisson_alpha_0_1,869,0.1,10
2026-04-12 13:30:00,2025,30478,home_win,1,0,1.5282834207709273,1.433635594227863,0.39868635155678156,0.24447967235387383,0.35683397608934453,0.6013136484432183,1,1,0.11331765870336893,1.0,1,FC Cologne,Werder Bremen,,29,29,156,double_poisson_alpha_0_1,870,0.1,10
2026-04-12 15:30:00,2025,30483,home_win,1,1,1.9003198647015356,1.29299222964462,0.5162954007786859,0.22358086015518322,0.26012373906613095,0.48370459922131415,1,1,0.10082884714591316,1.0,1,VfB Stuttgart,Hamburger SV,,29,29,157,double_poisson_alpha_0_1,871,0.1,10
2026-04-12 17:30:00,2025,30480,home_win,0,0,1.5857567385251514,1.3188478594442372,0.43683012845504743,0.24510225713276462,0.318067614412188,0.5631698715449527,1,1,0.11454536365548551,1.0,0,Mainz 05,Freiburg,,29,29,158,double_poisson_alpha_0_1,872,0.1,10
2026-04-17 18:30:00,2025,30491,home_win,0,0,1.460064172172494,1.2621670119168737,0.41761373867663315,0.25550338921494364,0.32688287210842315,0.5823862613233668,1,1,0.1211263938443017,1.0,0,St. Pauli,FC Cologne,,30,30,159,double_poisson_alpha_0_1,873,0.1,10
2026-04-18 13:30:00,2025,30485,home_win,0,1,2.087880604131956,1.141692235648149,0.5910129486925211,0.2074588947830458,0.201528156524433,0.4089870513074788,2,1,0.09847924452952594,0.9999999999999998,0,Bayer Leverkusen,Augsburg,,30,30,160,double_poisson_alpha_0_1,874,0.1,10
2026-04-18 13:30:00,2025,30490,home_win,1,0,1.6089021617175716,1.7902071875940813,0.3495837921443894,0.22555082201724802,0.42486538583836253,0.6504162078556106,1,1,0.09620961968114956,1.0,1,Hoffenheim,Borussia Dortmund,,,,160,double_poisson_alpha_0_1,874,0.1,10
2026-04-18 13:30:00,2025,30492,home_win,0,0,1.5180193397509876,1.3947254642852323,0.40414900245777485,0.24661621507222783,0.3492347824699974,0.5958509975422253,1,1,0.11502097352726758,1.0000000000000002,0,Union Berlin,Wolfsburg,,30,30,160,double_poisson_alpha_0_1,874,0.1,10
2026-04-18 13:30:00,2025,30493,home_win,1,0,1.5807130516427954,1.4029773722940657,0.4177760691055361,0.24271492839023992,0.3395090025042241,0.582223930894464,1,1,0.11222856735536106,1.0,1,Werder Bremen,Hamburger SV,,30,30,160,double_poisson_alpha_0_1,874,0.1,10
2026-04-18 16:30:00,2025,30488,home_win,0,0,1.6212435998525958,1.5890183244358904,0.38996631466612397,0.23381510425494406,0.3762185810789321,0.6100336853338761,1,1,0.10393890589540514,1.0,0,Eintracht Frankfurt,RasenBallsport Leipzig,,30,30,161,double_poisson_alpha_0_1,878,0.1,10
2026-04-19 13:30:00,2025,30489,home_win,1,0,1.7306027291417136,1.328745416941268,0.4694686709684498,0.23518081922009468,0.29535050981145566,0.5305313290315503,1,1,0.10788998824369801,1.0,1,Freiburg,FC Heidenheim,,30,30,162,double_poisson_alpha_0_1,879,0.1,10
2026-04-19 15:30:00,2025,30486,home_win,1,1,2.3329085650109445,1.4549714297663048,0.571614006004396,0.19532060340676652,0.23306539058883752,0.42838599399560406,2,1,0.0896529377551015,1.0,1,Bayern Munich,VfB Stuttgart,,30,30,163,double_poisson_alpha_0_1,880,0.1,10
2026-04-19 17:30:00,2025,30487,home_win,0,0,1.5634720729259775,1.429835281446243,0.4080359575713378,0.24272292901602466,0.3492411134126373,0.591964042428662,1,1,0.11204675172439814,0.9999999999999999,0,Borussia M.Gladbach,Mainz 05,,30,30,164,double_poisson_alpha_0_1,881,0.1,10
2025-08-22 18:30:00,2025,30224,home_win,1,0,1.7936733809008978,1.5081909042845651,0.4460349914006696,0.22782580075872877,0.3261392078406017,0.5539650085993304,1,1,0.09959057532441057,1.0,1,Bayern Munich,RasenBallsport Leipzig,,1,1,1,double_poisson_alpha_0_5,612,0.5,10
2025-08-23 13:30:00,2025,30225,home_win,0,0,1.603600700584927,1.5252366621567812,0.3983700740290501,0.23707410700960066,0.36455581896134925,0.6016299259709499,1,1,0.10705246498222185,1.0,0,FC Heidenheim,Wolfsburg,,1,1,2,double_poisson_alpha_0_5,613,0.5,10
2025-08-23 13:30:00,2025,30226,home_win,0,0,1.8354588675905277,1.4504221294924144,0.46757472952733137,0.22651508166616885,0.3059101888064998,0.5324252704726686,1,1,0.09958618339946324,1.0,0,Bayer Leverkusen,Hoffenheim,,1,1,2,double_poisson_alpha_0_5,613,0.5,10
2025-08-23 13:30:00,2025,30227,home_win,1,0,1.525842707791542,1.5980294401484594,0.36575591076949643,0.23731607101702498,0.39692801821347856,0.6342440892305036,1,1,0.10725415025183001,1.0,1,Union Berlin,VfB Stuttgart,,1,1,2,double_poisson_alpha_0_5,613,0.5,10
2025-08-23 13:30:00,2025,30228,home_win,1,0,1.6784431369105002,1.4882650793152585,0.4234871941562938,0.23455212079699317,0.34196068504671306,0.5765128058437062,1,1,0.10526961147848414,1.0,1,Eintracht Frankfurt,Werder Bremen,,1,1,2,double_poisson_alpha_0_5,613,0.5,10
2025-08-23 13:30:00,2025,30229,home_win,0,0,1.6211646881284791,1.483586929051429,0.4109152266389695,0.2377123632605061,0.35137241010052456,0.5890847733610307,1,1,0.10783596741571409,1.0,0,Freiburg,Augsburg,,1,1,2,double_poisson_alpha_0_5,613,0.5,10
2025-08-23 16:30:00,2025,30230,home_win,0,0,1.5549917490885414,1.5640955599405657,0.37919170379836087,0.23768185066904754,0.3831264455325917,0.6208082962016392,1,1,0.10749517356398647,1.0,0,St. Pauli,Borussia Dortmund,,,,3,double_poisson_alpha_0_5,618,0.5,10
2025-08-24 13:30:00,2025,30231,home_win,0,0,1.6324847416622663,1.4436398703468305,0.42179416682620363,0.23843057431836795,0.3397752588554284,0.5782058331737964,1,1,0.10873367182835189,1.0,0,Mainz 05,FC Cologne,,1,1,4,double_poisson_alpha_0_5,619,0.5,10
2025-08-24 15:30:00,2025,30232,home_win,0,0,1.6559211647733176,1.5630990243803642,0.40315473359194576,0.2332298150974459,0.3636154513106084,0.5968452664080544,1,1,0.1035198046429059,1.0,0,Borussia M.Gladbach,Hamburger SV,,1,1,5,double_poisson_alpha_0_5,620,0.5,10
2025-08-29 18:30:00,2025,30233,home_win,0,0,1.612560115462769,1.4692484571517452,0.41178363596945355,0.23866023572956227,0.34955612830098404,0.5882163640305463,1,1,0.1086922802434084,0.9999999999999998,0,Hamburger SV,St. Pauli,,2,2,6,double_poisson_alpha_0_5,621,0.5,10
2025-08-30 13:30:00,2025,30234,home_win,0,0,1.626575458751243,1.6097468863254307,0.3871890508925049,0.2327751986624704,0.38003575044502486,0.6128109491074952,1,1,0.1029235774431828,1.0000000000000002,0,Hoffenheim,Eintracht Frankfurt,,2,2,7,double_poisson_alpha_0_5,622,0.5,10
2025-08-30 13:30:00,2025,30235,home_win,1,0,1.7186353566133206,1.4495057688113409,0.4409004962346527,0.23339019942493425,0.32570930434041323,0.5590995037653474,1,1,0.10483287143040117,1.0000000000000002,1,RasenBallsport Leipzig,FC Heidenheim,,2,2,7,double_poisson_alpha_0_5,622,0.5,10
2025-08-30 13:30:00,2025,30236,home_win,0,0,1.5419690819409018,1.6509983267227113,0.3595957446185862,0.23420048007408345,0.40620377530733054,0.640404255381414,1,1,0.10450430284223222,1.0000000000000002,0,Werder Bremen,Bayer Leverkusen,,2,2,7,double_poisson_alpha_0_5,622,0.5,10
2025-08-30 13:30:00,2025,30237,home_win,1,0,1.7543862524761829,1.498851089818658,0.43896157143310377,0.2301808756649833,0.33085755290191304,0.5610384285668963,1,1,0.10162970792675938,1.0,1,VfB Stuttgart,Borussia M.Gladbach,,2,2,7,double_poisson_alpha_0_5,622,0.5,10
2025-08-30 16:30:00,2025,30238,home_win,0,0,1.5285047524346103,1.727484519422649,0.3424736460813489,0.23082660970140273,0.42669974421724827,0.657526353918651,1,1,0.10177070515036224,0.9999999999999999,0,Augsburg,Bayern Munich,,2,2,8,double_poisson_alpha_0_5,626,0.5,10
2025-08-31 13:30:00,2025,30239,home_win,0,0,1.5912591962050224,1.4989993181739167,0.40067965438748376,0.23867014752639207,0.36065019808612414,0.5993203456125162,1,1,0.10850759591635414,1.0,0,Wolfsburg,Mainz 05,,2,2,9,double_poisson_alpha_0_5,627,0.5,10
2025-08-31 15:30:00,2025,30240,home_win,1,0,1.7151008513897272,1.425987986122221,0.4450006503434897,0.23416801980377536,0.32083132985273505,0.5549993496565104,1,1,0.10574211187139365,1.0,1,Borussia Dortmund,Union Berlin,,,,10,double_poisson_alpha_0_5,628,0.5,10
2025-08-31 17:30:00,2025,30241,home_win,1,0,1.590934243081787,1.5071087695075904,0.398976943257894,0.23837704127701745,0.3626460154650885,0.601023056742106,1,1,0.10822655674455482,1.0,1,FC Cologne,Freiburg,,2,2,11,double_poisson_alpha_0_5,629,0.5,10
2025-09-12 18:30:00,2025,30242,home_win,1,0,1.7380632608115567,1.4783129615304806,0.43943154075822455,0.23158107321526422,0.3289873860265113,0.5605684592417755,1,1,0.10303327849130153,1.0,1,Bayer Leverkusen,Eintracht Frankfurt,,3,3,12,double_poisson_alpha_0_5,630,0.5,10
2025-09-13 13:30:00,2025,30243,home_win,1,0,1.5780992484985203,1.6104228323901109,0.3757276839926859,0.23471257775715498,0.3895597382501592,0.6242723160073143,1,1,0.10478923917509131,1.0,1,Freiburg,VfB Stuttgart,,3,3,13,double_poisson_alpha_0_5,631,0.5,10
2025-09-13 13:30:00,2025,30244,home_win,0,0,1.5677901915358496,1.6254018089260953,0.3704574254336639,0.23445010682392314,0.3950924677424129,0.6295425745663361,1,1,0.10458346255102374,1.0,0,FC Heidenheim,Borussia Dortmund,,,,13,double_poisson_alpha_0_5,631,0.5,10
2025-09-13 13:30:00,2025,30245,home_win,0,0,1.5727137239706483,1.5384852341090485,0.38841055109028344,0.23798898498265408,0.3736004639270624,0.6115894489097164,1,1,0.1077870210603097,1.0,0,Mainz 05,RasenBallsport Leipzig,,3,3,13,double_poisson_alpha_0_5,631,0.5,10
2025-09-13 13:30:00,2025,30246,home_win,0,0,1.6347320502068718,1.4759250433790905,0.4156973742696249,0.23726084418130403,0.34704178154907117,0.5843026257303752,1,1,0.10753990993939459,1.0000000000000002,0,Wolfsburg,FC Cologne,,3,3,13,double_poisson_alpha_0_5,631,0.5,10
2025-09-13 13:30:00,2025,30247,home_win,0,0,1.6175456154360186,1.536609812468513,0.39940632522098096,0.23598425531146028,0.36460941946755887,0.6005936747790191,1,1,0.10606884543590535,1.0000000000000002,0,Union Berlin,Hoffenheim,,3,3,13,double_poisson_alpha_0_5,631,0.5,10
2025-09-13 16:30:00,2025,30248,home_win,1,0,1.856907858497676,1.4602081083816056,0.47035565297764415,0.22508759920624666,0.3045567478161093,0.529644347022356,1,1,0.09831051012615634,1.0,1,Bayern Munich,Hamburger SV,,3,3,14,double_poisson_alpha_0_5,636,0.5,10
2025-09-14 13:30:00,2025,30249,home_win,1,0,1.6017523699976297,1.4597500979210845,0.41113822693574215,0.23956650827279086,0.34929526479146716,0.588861773064258,1,1,0.10946625491750268,1.0000000000000002,1,St. Pauli,Augsburg,,3,3,15,double_poisson_alpha_0_5,637,0.5,10
2025-09-14 15:30:00,2025,30250,home_win,0,0,1.665609078488879,1.547703559101331,0.40847494839139165,0.23330448895463832,0.3582205626539702,0.5915250516086085,1,1,0.1036900093121725,1.0,0,Borussia M.Gladbach,Werder Bremen,,3,3,16,double_poisson_alpha_0_5,638,0.5,10
2025-09-19 18:30:00,2025,30251,home_win,1,0,1.6886653668922456,1.4502334157343062,0.4337288912110998,0.23508057315237027,0.33119053563653,0.5662711087889003,1,1,0.10611458591038388,1.0000000000000002,1,VfB Stuttgart,St. Pauli,,4,4,17,double_poisson_alpha_0_5,639,0.5,10
2025-09-20 13:30:00,2025,30252,home_win,0,0,1.657798974670639,1.512750583030341,0.41366422486355886,0.23485307259637742,0.35148270254006364,0.5863357751364411,1,1,0.10528027681542572,1.0,0,Werder Bremen,Freiburg,,4,4,18,double_poisson_alpha_0_5,640,0.5,10
2025-09-20 13:30:00,2025,30253,home_win,0,0,1.5697468179254723,1.5021122004423748,0.39491198779357745,0.23960439191126157,0.3654836202951612,0.6050880122064227,1,1,0.10925480948453224,1.0,0,Augsburg,Mainz 05,,4,4,18,double_poisson_alpha_0_5,640,0.5,10
2025-09-20 13:30:00,2025,30254,home_win,1,0,1.6665931444047717,1.4872111368217287,0.42091927960306735,0.2352128678026168,0.3438678525943158,0.5790807203969326,1,1,0.10580895461524219,0.9999999999999999,1,Hamburger SV,FC Heidenheim,,4,4,18,double_poisson_alpha_0_5,640,0.5,10
2025-09-20 13:30:00,2025,30255,home_win,0,0,1.5931309904144257,1.795086185075434,0.3451563351710792,0.22573288432689778,0.429110780502023,0.6548436648289208,1,1,0.09657234287241902,1.0,0,Hoffenheim,Bayern Munich,,4,4,18,double_poisson_alpha_0_5,640,0.5,10
2025-09-20 16:30:00,2025,30256,home_win,1,0,1.7065449983015,1.4480514231978825,0.43837758829757534,0.23412021496789032,0.32750219673453457,0.5616224117024249,1,1,0.10540905274689845,1.0,1,RasenBallsport Leipzig,FC Cologne,,4,4,19,double_poisson_alpha_0_5,644,0.5,10
2025-09-21 13:30:00,2025,30257,home_win,0,0,1.6869663436989244,1.4337336641785026,0.4367677027040887,0.23562250145597624,0.3276097958399351,0.5632322972959114,1,1,0.1067264607618465,1.0,0,Eintracht Frankfurt,Union Berlin,,4,4,20,double_poisson_alpha_0_5,645,0.5,10
2025-09-21 15:30:00,2025,30258,home_win,0,0,1.8122481902403442,1.4566259005513718,0.4609963721444284,0.2277902951191709,0.3112133327364005,0.5390036278555714,1,1,0.10044116075460736,0.9999999999999999,0,Bayer Leverkusen,Borussia M.Gladbach,,4,4,21,double_poisson_alpha_0_5,646,0.5,10
2025-09-21 17:30:00,2025,30259,home_win,1,0,1.7313122336375708,1.4890228861736614,0.4356566513277443,0.23168308670727755,0.3326602619649782,0.5643433486722558,1,1,0.10296817093794931,1.0,1,Borussia Dortmund,Wolfsburg,,,,22,double_poisson_alpha_0_5,647,0.5,10
2025-09-26 18:30:00,2025,30260,home_win,1,0,1.8850411990285239,1.4613903129922554,0.4764151761930035,0.22339150006724423,0.3001933237397524,0.5235848238069967,1,1,0.09699521968037797,1.0,1,Bayern Munich,Werder Bremen,,5,5,23,double_poisson_alpha_0_5,648,0.5,10
2025-09-27 13:30:00,2025,30261,home_win,1,0,1.6105654546013703,1.5171258311672855,0.4016396401601283,0.23704280947672401,0.3613175503631476,0.5983603598398717,1,1,0.10706830217423949,1.0,1,FC Heidenheim,Augsburg,,5,5,24,double_poisson_alpha_0_5,649,0.5,10
2025-09-27 13:30:00,2025,30262,home_win,0,0,1.5823386691207246,1.5693855708412927,0.38464445644773565,0.23628331869278874,0.37907222485947556,0.6153555435522643,1,1,0.10623133785127038,1.0,0,Mainz 05,Borussia Dortmund,,,,24,double_poisson_alpha_0_5,649,0.5,10
2025-09-27 13:30:00,2025,30263,home_win,0,0,1.5120462730841633,1.6166484543779485,0.35896999158579623,0.23693123813866587,0.4040987702755378,0.6410300084142037,1,1,0.1070054302939954,1.0,0,St. Pauli,Bayer Leverkusen,,5,5,24,double_poisson_alpha_0_5,649,0.5,10
2025-09-27 13:30:00,2025,30264,home_win,0,0,1.5860121463246883,1.5820707825934106,0.38304694988613275,0.23559767325185965,0.3813553768620078,0.6169530501138675,1,1,0.10559697684811535,1.0,0,Wolfsburg,RasenBallsport Leipzig,,5,5,24,double_poisson_alpha_0_5,649,0.5,10
2025-09-27 16:30:00,2025,30265,home_win,0,0,1.6234915389944917,1.5974560579773278,0.3888510350578869,0.23338849438620182,0.3777604705559113,0.6111489649421131,1,1,0.10352355621835976,1.0,0,Borussia M.Gladbach,Eintracht Frankfurt,,5,5,25,double_poisson_alpha_0_5,653,0.5,10
2025-09-28 13:30:00,2025,30266,home_win,0,0,1.6874345513972746,1.5599567899662974,0.41110737257521757,0.23185645438562302,0.35703617303915935,0.5888926274247823,1,1,0.10233291985561875,1.0,0,Freiburg,Hoffenheim,,5,5,26,double_poisson_alpha_0_5,654,0.5,10
2025-09-28 15:30:00,2025,30267,home_win,0,0,1.5627952413463653,1.6197807301684424,0.3703514547107166,0.23489306475011082,0.3947554805391727,0.6296485452892835,1,1,0.10499850742361726,1.0000000000000002,0,FC Cologne,VfB Stuttgart,,5,5,27,double_poisson_alpha_0_5,655,0.5,10
2025-09-28 17:30:00,2025,30268,home_win,0,0,1.5771661808768225,1.5373168490697555,0.38969993890908405,0.23783379705279656,0.3724662640381192,0.6103000610909157,1,1,0.10765595283878714,0.9999999999999998,0,Union Berlin,Hamburger SV,,5,5,28,double_poisson_alpha_0_5,656,0.5,10
2025-10-03 18:30:00,2025,30274,home_win,0,0,1.6761275440718428,1.5426590067075348,0.41193564801012206,0.23296445856145995,0.35509989342841797,0.5880643519898779,1,1,0.1034369639186479,1.0,0,Hoffenheim,FC Cologne,,6,6,29,double_poisson_alpha_0_5,657,0.5,10
2025-10-04 13:30:00,2025,30269,home_win,1,0,1.7712336993801086,1.3854375445951475,0.46668929707356266,0.2315414389711622,0.30176926395527515,0.5333107029264373,1,1,0.1044570884804705,1.0,1,Bayer Leverkusen,Union Berlin,,6,6,30,double_poisson_alpha_0_5,658,0.5,10
2025-10-04 13:30:00,2025,30271,home_win,0,0,1.6713408500545672,1.540461909804995,0.41125983965743884,0.23326944153595022,0.355470718806611,0.5887401603425613,1,1,0.10371648186003134,1.0000000000000002,0,Borussia Dortmund,RasenBallsport Leipzig,,,,30,double_poisson_alpha_0_5,658,0.5,10
2025-10-04 13:30:00,2025,30276,home_win,1,0,1.6001206149147233,1.525403228481464,0.39751160841095445,0.23723356279752933,0.3652548287915164,0.6024883915890458,1,1,0.10718638484629296,1.0000000000000002,1,Augsburg,Wolfsburg,,6,6,30,double_poisson_alpha_0_5,658,0.5,10
2025-10-04 13:30:00,2025,30277,home_win,1,0,1.60468342537114,1.4979855763245478,0.4040831899404011,0.2380390134926963,0.35787779656690255,0.5959168100595988,1,1,0.10800030250375353,1.0,1,Werder Bremen,St. Pauli,,6,6,30,double_poisson_alpha_0_5,658,0.5,10
2025-10-04 16:30:00,2025,30272,home_win,0,0,1.613269273101283,1.7221795351664093,0.3629097289413249,0.22853416552833697,0.40855610553033805,0.637090271058675,1,1,0.09890500613334594,1.0,0,Eintracht Frankfurt,Bayern Munich,,6,6,31,double_poisson_alpha_0_5,662,0.5,10
2025-10-05 13:30:00,2025,30275,home_win,1,0,1.7431113347049143,1.4520045237867576,0.4460731580450106,0.23192034434901532,0.3220064976059742,0.5539268419549895,1,1,0.10367449055702782,1.0,1,VfB Stuttgart,FC Heidenheim,,6,6,32,double_poisson_alpha_0_5,663,0.5,10
2025-10-05 15:30:00,2025,30273,home_win,1,0,1.5951203323437302,1.4996740805273232,0.4014652880832638,0.23845314728708483,0.36008156462965135,0.5985347119167361,1,1,0.10832737019891642,1.0,1,Hamburger SV,Mainz 05,,6,6,33,double_poisson_alpha_0_5,664,0.5,10
2025-10-05 17:30:00,2025,30270,home_win,0,0,1.653835467122238,1.544704750920122,0.40632233227958603,0.23397000496337061,0.35970766275704324,0.5936776677204139,1,1,0.10428681806444184,1.0,0,Borussia M.Gladbach,Freiburg,,6,6,34,double_poisson_alpha_0_5,665,0.5,10
2025-10-17 18:30:00,2025,30285,home_win,1,0,1.597038129452234,1.5326259906695898,0.3953461353636576,0.23710050343313188,0.3675533612032106,0.6046538646363424,1,1,0.1070423447433522,1.0,1,Union Berlin,Borussia M.Gladbach,,7,7,35,double_poisson_alpha_0_5,666,0.5,10
2025-10-18 13:30:00,2025,30279,home_win,0,0,1.6024820299258657,1.4995172381373363,0.40325090436565497,0.23809264588497622,0.3586564497493687,0.596749095634345,1,1,0.10803474863101052,0.9999999999999999,0,FC Cologne,Augsburg,,7,7,36,double_poisson_alpha_0_5,667,0.5,10
2025-10-18 13:30:00,2025,30281,home_win,0,0,1.604112153606339,1.5409690415303372,0.39536876301445273,0.236447623945786,0.36818361303976144,0.6046312369855474,1,1,0.10644793350472243,1.0000000000000002,0,FC Heidenheim,Werder Bremen,,7,7,36,double_poisson_alpha_0_5,667,0.5,10
2025-10-18 13:30:00,2025,30282,home_win,0,0,1.5217233524316351,1.6115901822325986,0.3622137231930814,0.23682260811017855,0.40096366869674005,0.6377862768069186,1,1,0.10685861481177261,1.0,0,Mainz 05,Bayer Leverkusen,,7,7,36,double_poisson_alpha_0_5,667,0.5,10
2025-10-18 13:30:00,2025,30283,home_win,1,0,1.6845733449196134,1.4780670540547405,0.42701598020586273,0.23452385200304543,0.3384601677910919,0.5729840197941374,1,1,0.10535782287932556,1.0,1,RasenBallsport Leipzig,Hamburger SV,,7,7,36,double_poisson_alpha_0_5,667,0.5,10
2025-10-18 13:30:00,2025,30286,home_win,0,0,1.5793410871091607,1.598579347891249,0.37829008930251634,0.23517470498232498,0.38653520571515876,0.6217099106974837,1,1,0.10520995212913448,1.0,0,Wolfsburg,VfB Stuttgart,,7,7,36,double_poisson_alpha_0_5,667,0.5,10
2025-10-18 16:30:00,2025,30278,home_win,1,0,1.81986893387405,1.5256017962928234,0.4483979987105826,0.22603580339914242,0.3255661978902751,0.5516020012894175,1,1,0.09785022425786427,1.0,1,Bayern Munich,Borussia Dortmund,,,,37,double_poisson_alpha_0_5,672,0.5,10
2025-10-19 13:30:00,2025,30280,home_win,0,0,1.6027816467933391,1.5730550516242916,0.388748772256719,0.23524617803226372,0.37600504971101734,0.6112512277432811,1,1,0.10528583091571964,1.0,0,Freiburg,Eintracht Frankfurt,,7,7,38,double_poisson_alpha_0_5,673,0.5,10
2025-10-19 15:30:00,2025,30284,home_win,0,0,1.642055854236139,1.511937219332245,0.41012456039668976,0.23567245724059377,0.3542029823627164,0.5898754396033101,1,1,0.10596437864687415,1.0,0,St. Pauli,Hoffenheim,,7,7,39,double_poisson_alpha_0_5,674,0.5,10
2025-10-24 18:30:00,2025,30295,home_win,1,0,1.6362543065241766,1.4736241411009106,0.4165285309931919,0.23725598037592563,0.34621548863088225,0.5834714690068079,1,1,0.10755596000660672,0.9999999999999999,1,Werder Bremen,Union Berlin,,8,8,40,double_poisson_alpha_0_5,675,0.5,10
2025-10-25 13:30:00,2025,30287,home_win,0,0,1.5520716103943606,1.5842931324927036,0.37459926060648796,0.23691016921595154,0.3884905701775606,0.6254007393935122,1,1,0.10681725019600768,1.0,0,Augsburg,RasenBallsport Leipzig,,8,8,41,double_poisson_alpha_0_5,676,0.5,10
2025-10-25 13:30:00,2025,30289,home_win,0,0,1.5634253989528217,1.7804685700804745,0.3410211606046452,0.22721122053245538,0.4317676188628996,0.658978839395355,1,1,0.09826000364867249,1.0,0,Borussia M.Gladbach,Bayern Munich,,8,8,41,double_poisson_alpha_0_5,676,0.5,10
2025-10-25 13:30:00,2025,30291,home_win,1,0,1.6548131934901111,1.4634324887532066,0.4230156704049598,0.23658018330314404,0.34040414629189636,0.5769843295950404,1,1,0.10712350501104395,1.0000000000000002,1,Eintracht Frankfurt,St. Pauli,,8,8,41,double_poisson_alpha_0_5,676,0.5,10
2025-10-25 13:30:00,2025,30292,home_win,0,0,1.6408463008847092,1.5038054382141597,0.4114805971397122,0.2360099648138297,0.352509438046458,0.5885194028602877,1,1,0.10630523589982967,0.9999999999999999,0,Hamburger SV,Wolfsburg,,8,8,41,double_poisson_alpha_0_5,676,0.5,10
2025-10-25 13:30:00,2025,30293,home_win,1,0,1.6802477485999026,1.5334981087144677,0.4147343033523963,0.23305829221892577,0.35220740442867793,0.5852656966476038,1,1,0.1035963549031088,0.9999999999999999,1,Hoffenheim,FC Heidenheim,,8,8,41,double_poisson_alpha_0_5,676,0.5,10
2025-10-25 16:30:00,2025,30290,home_win,1,0,1.7203733155303726,1.448718044924788,0.441470430513807,0.23330972553059465,0.3252198439555983,0.5585295694861929,1,1,0.10478223960901231,1.0,1,Borussia Dortmund,FC Cologne,,,,42,double_poisson_alpha_0_5,681,0.5,10
2025-10-26 13:30:00,2025,30288,home_win,1,0,1.766665773741071,1.4315070655864646,0.45583028068878745,0.2309721287155872,0.31319759059562546,0.5441697193112127,1,1,0.10327592061480684,1.0000000000000002,1,Bayer Leverkusen,Freiburg,,8,8,43,double_poisson_alpha_0_5,682,0.5,10
2025-10-26 15:30:00,2025,30294,home_win,1,0,1.685387505318981,1.4614184881944414,0.43063970553205455,0.23495464074848485,0.33440565371946074,0.5693602944679456,1,1,0.10588486532616599,1.0,1,VfB Stuttgart,Mainz 05,,8,8,44,double_poisson_alpha_0_5,683,0.5,10
2025-10-31 19:30:00,2025,30296,home_win,0,0,1.5520374828030297,1.6142603729772969,0.36886857684285734,0.23555482095271607,0.39557660220442664,0.6311314231571428,1,1,0.1056258226813227,1.0,0,Augsburg,Borussia Dortmund,,,,45,double_poisson_alpha_0_5,684,0.5,10
2025-11-01 14:30:00,2025,30299,home_win,0,0,1.5714558683186282,1.5954111622166272,0.37704274248651104,0.23563170512800533,0.3873255523854838,0.6229572575134891,1,1,0.10563843023602955,1.0000000000000002,0,FC Heidenheim,Eintracht Frankfurt,,9,9,46,double_poisson_alpha_0_5,685,0.5,10
2025-11-01 14:30:00,2025,30300,home_win,0,0,1.6145305877206808,1.4979360734433966,0.40643474868721363,0.23754588250731226,0.35601936880547425,0.5935652513127865,1,1,0.10760004695001311,1.0,0,Mainz 05,Werder Bremen,,9,9,46,double_poisson_alpha_0_5,685,0.5,10
2025-11-01 14:30:00,2025,30301,home_win,1,0,1.6462095624841409,1.5486220590274693,0.40375735166775484,0.2341948923226091,0.36204775600963623,0.5962426483322454,1,1,0.10445586202340972,1.0,1,RasenBallsport Leipzig,VfB Stuttgart,,9,9,46,double_poisson_alpha_0_5,685,0.5,10
2025-11-01 14:30:00,2025,30302,home_win,0,0,1.613498945887623,1.500221808388016,0.40572894773946244,0.2375156033791192,0.3567554488814184,0.5942710522605377,1,1,0.10756040248407407,1.0,0,St. Pauli,Borussia M.Gladbach,,9,9,46,double_poisson_alpha_0_5,685,0.5,10
2025-11-01 14:30:00,2025,30303,home_win,0,0,1.5628895980216344,1.5045281027714665,0.3927863959229421,0.23983840538447776,0.36737519869258,0.6072136040770577,1,1,0.10943746481383079,0.9999999999999999,0,Union Berlin,Freiburg,,9,9,46,double_poisson_alpha_0_5,685,0.5,10
2025-11-01 17:30:00,2025,30297,home_win,1,0,1.7583199934620957,1.5652514395468655,0.42635575024830974,0.22826330020950722,0.34538094954218285,0.57364424975169,1,1,0.09914556515440576,0.9999999999999999,1,Bayern Munich,Bayer Leverkusen,,9,9,47,double_poisson_alpha_0_5,690,0.5,10
2025-11-02 14:30:00,2025,30298,home_win,1,0,1.5749796743701256,1.5239333842502165,0.3918234415632879,0.23847810957214882,0.3696984488645634,0.6081765584367123,1,1,0.10824306850883328,1.0,1,FC Cologne,Hamburger SV,,9,9,48,double_poisson_alpha_0_5,691,0.5,10
2025-11-02 16:30:00,2025,30304,home_win,0,0,1.6614458885126204,1.5461898851814586,0.4078051599684729,0.23355514499473518,0.35863969503679205,0.5921948400315272,1,1,0.10391793611845583,1.0,0,Wolfsburg,Hoffenheim,,9,9,49,double_poisson_alpha_0_5,692,0.5,10
2025-11-07 19:30:00,2025,30313,home_win,1,0,1.6316066932035642,1.5142749007126994,0.40718918298134377,0.23611230405618625,0.35669851296246996,0.5928108170186562,1,1,0.1063117299382094,1.0,1,Werder Bremen,Wolfsburg,,10,10,50,double_poisson_alpha_0_5,693,0.5,10
2025-11-08 14:30:00,2025,30305,home_win,1,0,1.7841770243614772,1.4076262456787356,0.4649343072831256,0.23034611469717312,0.3047195780197014,0.5350656927168745,1,1,0.1032149842846779,1.0,1,Bayer Leverkusen,FC Heidenheim,,10,10,51,double_poisson_alpha_0_5,694,0.5,10
2025-11-08 14:30:00,2025,30309,home_win,0,0,1.5802159443740682,1.5928598266141534,0.3795967596308388,0.23538380283191832,0.38501943753724294,0.6204032403691613,1,1,0.10540099255228656,1.0,0,Hamburger SV,Borussia Dortmund,,,,51,double_poisson_alpha_0_5,694,0.5,10
2025-11-08 14:30:00,2025,30310,home_win,1,0,1.6044545751845027,1.6335411865068847,0.37747428809387173,0.2326907629343792,0.38983494897174903,0.6225257119061283,1,1,0.10285225623187694,0.9999999999999999,1,Hoffenheim,RasenBallsport Leipzig,,10,10,51,double_poisson_alpha_0_5,694,0.5,10
2025-11-08 14:30:00,2025,30312,home_win,0,0,1.4797631718356226,1.7354594281246634,0.3297819927169122,0.2316895880435328,0.43852841923955505,0.6702180072830879,1,1,0.10309871356312418,1.0000000000000002,0,Union Berlin,Bayern Munich,,10,10,51,double_poisson_alpha_0_5,694,0.5,10
2025-11-08 17:30:00,2025,30306,home_win,1,0,1.6483414599046158,1.517219443444966,0.41054031995159956,0.23517875143244293,0.3542809286159576,0.5894596800484005,1,1,0.10551396652733595,1.0000000000000002,1,Borussia M.Gladbach,FC Cologne,,10,10,52,double_poisson_alpha_0_5,698,0.5,10
2025-11-09 14:30:00,2025,30308,home_win,1,0,1.589538092228133,1.4686271696141,0.4064014542365336,0.23989162759855742,0.35370691816490896,0.5935985457634664,1,1,0.10965746462126463,1.0,1,Freiburg,St. Pauli,,10,10,53,double_poisson_alpha_0_5,699,0.5,10
2025-11-09 16:30:00,2025,30311,home_win,1,0,1.7318799892732897,1.447702283066846,0.4443635751739996,0.23267005737695767,0.3229663674490428,0.5556364248260004,1,1,0.1043090566916697,1.0,1,VfB Stuttgart,Augsburg,,10,10,54,double_poisson_alpha_0_5,700,0.5,10
2025-11-09 18:30:00,2025,30307,home_win,1,0,1.659135539436658,1.482988228916998,0.4200260392300734,0.23573961967278972,0.3442343410971367,0.5799739607699264,1,1,0.10627045891455457,0.9999999999999998,1,Eintracht Frankfurt,Mainz 05,,10,10,55,double_poisson_alpha_0_5,701,0.5,10
2025-11-21 19:30:00,2025,30319,home_win,0,0,1.65618706234367,1.5236260690303722,0.4110939420306976,0.234573065208743,0.3543329927605593,0.5889060579693023,1,1,0.10495726036753278,1.0,0,Mainz 05,Hoffenheim,,11,11,56,double_poisson_alpha_0_5,702,0.5,10
2025-11-22 14:30:00,2025,30314,home_win,1,0,1.5957700032809155,1.5330777054420828,0.3949559046560215,0.23714228349813993,0.36790181184583864,0.6050440953439786,1,1,0.10707625431251548,1.0000000000000002,1,Augsburg,Hamburger SV,,11,11,57,double_poisson_alpha_0_5,703,0.5,10
2025-11-22 14:30:00,2025,30315,home_win,1,0,1.8631907662245102,1.426007328725537,0.4790128788810585,0.2251623703247604,0.295824750794181,0.5209871211189414,1,1,0.09906003981382015,1.0,1,Bayern Munich,Freiburg,,11,11,57,double_poisson_alpha_0_5,703,0.5,10
2025-11-22 14:30:00,2025,30316,home_win,0,0,1.666734068530748,1.5507932557326236,0.4081211098961584,0.23314635660102453,0.35873253350281703,0.5918788901038415,1,1,0.10352991416507176,0.9999999999999999,0,Borussia Dortmund,VfB Stuttgart,,,,57,double_poisson_alpha_0_5,703,0.5,10
2025-11-22 14:30:00,2025,30318,home_win,0,0,1.6240402275675212,1.5617008009946711,0.3959711121095928,0.23474201232934677,0.36928687556106066,0.6040288878904074,1,1,0.10486845413181713,1.0000000000000002,0,FC Heidenheim,Borussia M.Gladbach,,11,11,57,double_poisson_alpha_0_5,703,0.5,10
2025-11-22 14:30:00,2025,30322,home_win,0,0,1.5331702177183242,1.6518546609495537,0.3573745536111091,0.2344625826558615,0.40816286373302946,0.642625446388891,1,1,0.10479087770813672,1.0,0,Wolfsburg,Bayer Leverkusen,,11,11,57,double_poisson_alpha_0_5,703,0.5,10
2025-11-22 17:30:00,2025,30317,home_win,0,0,1.5769163493543539,1.57526523433272,0.3822206156174168,0.23626901203790818,0.3815103723446749,0.6177793843825831,1,1,0.10621534804420688,0.9999999999999999,0,FC Cologne,Eintracht Frankfurt,,11,11,58,double_poisson_alpha_0_5,708,0.5,10
2025-11-23 14:30:00,2025,30320,home_win,1,0,1.7096199819529547,1.4780895249317294,0.4328683103249201,0.23315741995863165,0.33397426971644817,0.5671316896750798,1,1,0.10427871615814216,1.0,1,RasenBallsport Leipzig,Werder Bremen,,11,11,59,double_poisson_alpha_0_5,709,0.5,10
2025-11-23 16:30:00,2025,30321,home_win,0,0,1.579945336719238,1.440653950925776,0.40980308060769116,0.24142457419587596,0.34877234519643296,0.5901969193923089,1,1,0.11101256397297025,1.0,0,St. Pauli,Union Berlin,,11,11,60,double_poisson_alpha_0_5,710,0.5,10
2025-11-28 19:30:00,2025,30325,home_win,0,0,1.599600293839888,1.6141856510779984,0.3800426236121415,0.23369533695325348,0.386262039434605,0.6199573763878585,1,1,0.10380910715783831,1.0,0,Borussia M.Gladbach,RasenBallsport Leipzig,,12,12,61,double_poisson_alpha_0_5,711,0.5,10
2025-11-29 14:30:00,2025,30324,home_win,1,0,1.846021387789082,1.3962457442554548,0.48150047916140887,0.22660312411152855,0.2918963967270625,0.5184995208385911,1,1,0.10071632405377114,0.9999999999999999,1,Bayern Munich,St. Pauli,,12,12,62,double_poisson_alpha_0_5,712,0.5,10
2025-11-29 14:30:00,2025,30329,home_win,1,0,1.680283994814097,1.530488293627995,0.4153484344692153,0.23315241559577532,0.3514991499350096,0.5846515655307849,1,1,0.10370316596946991,1.0,1,Hoffenheim,Augsburg,,12,12,62,double_poisson_alpha_0_5,712,0.5,10
2025-11-29 14:30:00,2025,30330,home_win,0,0,1.598545651872059,1.4738940941292689,0.40748956179809703,0.23923035479918478,0.353280083402718,0.5925104382019027,1,1,0.10910576394127476,1.0,0,Union Berlin,FC Heidenheim,,12,12,62,double_poisson_alpha_0_5,712,0.5,10
2025-11-29 14:30:00,2025,30331,home_win,0,0,1.643749787465834,1.4944941114734496,0.41405214478389535,0.23617360457389994,0.3497742506422048,0.5859478552161047,1,1,0.10651429806727432,1.0,0,Werder Bremen,FC Cologne,,12,12,62,double_poisson_alpha_0_5,712,0.5,10
2025-11-29 17:30:00,2025,30323,home_win,0,0,1.7256174766531587,1.510138425414607,0.4300071047344064,0.2314297833572092,0.33856311190838445,0.5699928952655937,1,1,0.10249209154173984,1.0,0,Bayer Leverkusen,Borussia Dortmund,,,,63,double_poisson_alpha_0_5,716,0.5,10
2025-11-30 14:30:00,2025,30328,home_win,1,0,1.590628063545123,1.5968520465866411,0.38127487645047997,0.23478635868420722,0.38393876486531275,0.6187251235495199,1,1,0.10484031006476553,1.0,1,Hamburger SV,VfB Stuttgart,,12,12,64,double_poisson_alpha_0_5,717,0.5,10
2025-11-30 16:30:00,2025,30326,home_win,0,0,1.6955007281859678,1.4884592725067616,0.4274405105106651,0.23363546875915456,0.33892402073018024,0.5725594894893348,1,1,0.10453426684238103,1.0,0,Eintracht Frankfurt,Wolfsburg,,12,12,65,double_poisson_alpha_0_5,718,0.5,10
2025-11-30 18:30:00,2025,30327,home_win,1,0,1.5878661312016866,1.501156012314709,0.3994370704077579,0.23875559518601705,0.3618073344062249,0.600562929592242,1,1,0.10856615174048259,0.9999999999999999,1,Freiburg,Mainz 05,,12,12,66,double_poisson_alpha_0_5,719,0.5,10
2025-12-05 19:30:00,2025,30339,home_win,0,0,1.633074620463339,1.509730867137483,0.4084500852708737,0.23619806841847454,0.3553518463106518,0.5915499147291263,1,1,0.10641491023812887,0.9999999999999999,0,Mainz 05,Borussia M.Gladbach,,13,13,67,double_poisson_alpha_0_5,720,0.5,10
2025-12-06 14:30:00,2025,30332,home_win,0,0,1.6351247966600404,1.7003355925803207,0.37195530923849873,0.2287507692450359,0.3992939215164653,0.6280446907615012,1,1,0.09897226490310539,1.0,0,VfB Stuttgart,Bayern Munich,,13,13,68,double_poisson_alpha_0_5,721,0.5,10
2025-12-06 14:30:00,2025,30333,home_win,1,0,1.6119526108604427,1.4596318756900724,0.4136032796441824,0.23902470458475045,0.347372015771067,0.5863967203558175,1,1,0.10904943399885744,1.0,1,Wolfsburg,Union Berlin,,13,13,68,double_poisson_alpha_0_5,721,0.5,10
2025-12-06 14:30:00,2025,30334,home_win,1,0,1.5141994739941755,1.6624467584830958,0.35096677016150846,0.23457082001129057,0.41446240982720106,0.6490332298384917,1,1,0.105034242272336,1.0,1,Augsburg,Bayer Leverkusen,,13,13,68,double_poisson_alpha_0_5,721,0.5,10
2025-12-06 14:30:00,2025,30336,home_win,0,0,1.5776989618988182,1.4739320153100635,0.402483477419303,0.24030612833533685,0.35721039424536016,0.597516522580697,1,1,0.10994996560636511,0.9999999999999999,0,FC Cologne,St. Pauli,,13,13,68,double_poisson_alpha_0_5,721,0.5,10
2025-12-06 14:30:00,2025,30338,home_win,1,0,1.593599189440877,1.5357308703569021,0.393915762447916,0.23713965695222566,0.36894458059985835,0.6060842375520841,1,1,0.10706399321927088,1.0,1,FC Heidenheim,Freiburg,,13,13,68,double_poisson_alpha_0_5,721,0.5,10
2025-12-06 17:30:00,2025,30340,home_win,1,0,1.6763761743912318,1.514836558710177,0.4175959425988677,0.23384377894588584,0.3485602784552466,0.5824040574011324,1,1,0.10442660932720958,1.0,1,RasenBallsport Leipzig,Eintracht Frankfurt,,13,13,69,double_poisson_alpha_0_5,726,0.5,10
2025-12-07 14:30:00,2025,30337,home_win,1,0,1.6378173205778865,1.5101826807958154,0.4094786765494904,0.23594499673506023,0.3545763267154495,0.5905213234505097,1,1,0.10620278739172931,1.0,1,Hamburger SV,Werder Bremen,,13,13,70,double_poisson_alpha_0_5,727,0.5,10
2025-12-07 16:30:00,2025,30335,home_win,1,0,1.7612738699489976,1.507298345284032,0.4388083078058902,0.2296029900906849,0.33158870210342495,0.5611916921941098,1,1,0.10104230330616576,1.0,1,Borussia Dortmund,Hoffenheim,,,,71,double_poisson_alpha_0_5,728,0.5,10
2025-12-12 19:30:00,2025,30348,home_win,1,0,1.5141770553952394,1.5813294691466382,0.36615748505779444,0.2385668828877563,0.3952756320544493,0.6338425149422056,1,1,0.10835217238224579,1.0,1,Union Berlin,RasenBallsport Leipzig,,14,14,72,double_poisson_alpha_0_5,729,0.5,10
2025-12-13 14:30:00,2025,30343,home_win,0,0,1.6561467931628495,1.5263440631925285,0.4105382061642978,0.23448390130710792,0.35497789252859413,0.5894617938357021,1,1,0.10486077235339282,0.9999999999999999,0,Borussia M.Gladbach,Wolfsburg,,14,14,73,double_poisson_alpha_0_5,730,0.5,10
2025-12-13 14:30:00,2025,30344,home_win,1,0,1.702229625083936,1.4743211419107625,0.43192061163320117,0.2336655859727203,0.3344138023940786,0.5680793883667989,1,1,0.10472533743873248,1.0,1,Eintracht Frankfurt,Augsburg,,14,14,73,double_poisson_alpha_0_5,730,0.5,10
2025-12-13 14:30:00,2025,30346,home_win,1,0,1.6653960104083387,1.5566004066679724,0.40665306560646075,0.2330124402106648,0.3603344941828745,0.5933469343935394,1,1,0.10337116119931998,1.0,1,Hoffenheim,Hamburger SV,,14,14,73,double_poisson_alpha_0_5,730,0.5,10
2025-12-13 14:30:00,2025,30347,home_win,1,0,1.6107240779544483,1.4589920838189698,0.41344053555013893,0.23911265886280017,0.3474468055870609,0.5865594644498611,1,1,0.10912224600034796,1.0,1,St. Pauli,FC Heidenheim,,14,14,73,double_poisson_alpha_0_5,730,0.5,10
2025-12-13 17:30:00,2025,30341,home_win,1,0,1.7819081906953171,1.4100751633480944,0.4638899486115295,0.23044440281621878,0.3056656485722517,0.5361100513884705,1,1,0.10324447738308805,1.0,1,Bayer Leverkusen,FC Cologne,,14,14,74,double_poisson_alpha_0_5,734,0.5,10
2025-12-14 14:30:00,2025,30345,home_win,0,0,1.5782370823807714,1.5931824977946683,0.37906873414587033,0.23545128319963282,0.38547998265449696,0.6209312658541297,1,1,0.10546485178421225,1.0,0,Freiburg,Borussia Dortmund,,,,75,double_poisson_alpha_0_5,735,0.5,10
2025-12-14 16:30:00,2025,30342,home_win,0,0,1.853258140658016,1.413567183680252,0.47942661903329914,0.22593540438371723,0.2946379765829833,0.5205733809667006,1,1,0.09988221371052534,0.9999999999999999,0,Bayern Munich,Mainz 05,,14,14,76,double_poisson_alpha_0_5,736,0.5,10
2025-12-14 18:30:00,2025,30349,home_win,0,0,1.6061576632742445,1.598736252840558,0.38455160714399284,0.2340653698201965,0.38138302303581073,0.6154483928560073,1,1,0.10415910857111517,1.0,0,Werder Bremen,VfB Stuttgart,,14,14,77,double_poisson_alpha_0_5,737,0.5,10
2025-12-19 19:30:00,2025,30351,home_win,1,0,1.74282177638277,1.4835286056273254,0.4394539716580677,0.23118916346058768,0.32935686488134475,0.5605460283419325,1,1,0.10265089376045737,1.0000000000000002,1,Borussia Dortmund,Borussia M.Gladbach,,,,78,double_poisson_alpha_0_5,738,0.5,10
2025-12-20 14:30:00,2025,30350,home_win,0,0,1.6114886440052645,1.5232696228365579,0.4006309740742481,0.23677000344698618,0.36259902247876563,0.5993690259257518,1,1,0.1068060400627425,1.0,0,Augsburg,Werder Bremen,,15,15,79,double_poisson_alpha_0_5,739,0.5,10
2025-12-20 14:30:00,2025,30352,home_win,0,0,1.5963968187064892,1.4656240107467444,0.4086568083173202,0.2396412237066723,0.3517019679760074,0.5913431916826797,1,1,0.10948249227889693,0.9999999999999999,0,FC Cologne,Union Berlin,,15,15,79,double_poisson_alpha_0_5,739,0.5,10
2025-12-20 14:30:00,2025,30353,home_win,0,0,1.6226055007147897,1.5622386023011854,0.39552838953961544,0.2347866401294909,0.36968497033089337,0.6044716104603842,1,1,0.1049059423027554,0.9999999999999998,0,Hamburger SV,Eintracht Frankfurt,,15,15,79,double_poisson_alpha_0_5,739,0.5,10
2025-12-20 14:30:00,2025,30357,home_win,0,0,1.7667479913310957,1.517801818152516,0.43790999597398894,0.22905498847818911,0.33303501554782183,0.562090004026011,1,1,0.10044488298340447,0.9999999999999999,0,VfB Stuttgart,Hoffenheim,,15,15,79,double_poisson_alpha_0_5,739,0.5,10
2025-12-20 14:30:00,2025,30358,home_win,0,0,1.629823940987708,1.5062712096695163,0.40837888258035626,0.2364815282810079,0.355139589138636,0.591621117419644,1,1,0.10667313275985457,1.0000000000000002,0,Wolfsburg,Freiburg,,15,15,79,double_poisson_alpha_0_5,739,0.5,10
2025-12-20 17:30:00,2025,30356,home_win,0,0,1.615983598175063,1.5827644059570678,0.38995374185845955,0.2342872546972255,0.3757590034443149,0.6100462581415405,1,1,0.10438897093745506,0.9999999999999999,0,RasenBallsport Leipzig,Bayer Leverkusen,,15,15,80,double_poisson_alpha_0_5,744,0.5,10
2025-12-21 14:30:00,2025,30355,home_win,0,0,1.5824389930283211,1.4432511654202227,0.40987227414293204,0.24119493686003882,0.3489327889970293,0.5901277258570681,1,1,0.11082260461469581,1.0,0,Mainz 05,St. Pauli,,15,15,81,double_poisson_alpha_0_5,745,0.5,10
2025-12-21 16:30:00,2025,30354,home_win,0,0,1.513475746155299,1.7696988776837308,0.3315259013909245,0.22900176152412727,0.4394723370849483,0.6684740986090756,1,1,0.10046394289910715,1.0,0,FC Heidenheim,Bayern Munich,,15,15,82,double_poisson_alpha_0_5,746,0.5,10
2026-01-09 19:30:00,2025,30362,home_win,0,0,1.6256439449118107,1.5738569553805446,0.3939583155334312,0.23420856892081637,0.3718331155457524,0.6060416844665688,1,1,0.1043434284972764,1.0,0,Eintracht Frankfurt,Borussia Dortmund,,,,83,double_poisson_alpha_0_5,747,0.5,10
2026-01-10 14:30:00,2025,30363,home_win,1,0,1.6222339838552913,1.519274285766141,0.4039718291463954,0.23639542591949367,0.35963274493411085,0.5960281708536045,1,1,0.10651480486500589,0.9999999999999999,1,Freiburg,Hamburger SV,,16,16,84,double_poisson_alpha_0_5,748,0.5,10
2026-01-10 14:30:00,2025,30364,home_win,0,0,1.596408318870075,1.5112837404013606,0.39944564163045926,0.23795084126227176,0.362603517107269,0.6005543583695407,1,1,0.10785405533604353,1.0,0,FC Heidenheim,FC Cologne,,16,16,84,double_poisson_alpha_0_5,748,0.5,10
2026-01-10 14:30:00,2025,30366,home_win,0,0,1.542803672953954,1.4820930045176768,0.39243017477237696,0.24173940686934883,0.36583041835827423,0.607569825227623,1,1,0.11104274425395232,1.0,0,Union Berlin,Mainz 05,,16,16,84,double_poisson_alpha_0_5,748,0.5,10
2026-01-10 17:30:00,2025,30359,home_win,0,0,1.727509711640997,1.511467632070442,0.4301734565027583,0.23129403137342255,0.338532512123819,0.5698265434972416,1,1,0.10236449810206288,1.0,0,Bayer Leverkusen,VfB Stuttgart,,16,16,85,double_poisson_alpha_0_5,751,0.5,10
2026-01-11 14:30:00,2025,30361,home_win,1,0,1.651324319171641,1.505913378732513,0.4135240626081529,0.2354068284184236,0.35106910897342325,0.5864759373918469,1,1,0.10579410240710897,0.9999999999999998,1,Borussia M.Gladbach,Augsburg,,16,16,86,double_poisson_alpha_0_5,752,0.5,10
2026-01-11 16:30:00,2025,30360,home_win,1,0,1.8857603753404657,1.4368847579999307,0.48176334788523795,0.22363776150408476,0.29459889061067707,0.5182366521147619,1,1,0.09770167224150572,0.9999999999999998,1,Bayern Munich,Wolfsburg,,16,16,87,double_poisson_alpha_0_5,753,0.5,10
2026-01-13 17:30:00,2025,30375,home_win,1,0,1.7122698349693315,1.5298924493574995,0.4229009659278469,0.23156320727890425,0.3455358267932487,0.5770990340721529,1,1,0.10237170051324819,0.9999999999999998,1,VfB Stuttgart,Eintracht Frankfurt,,17,17,88,double_poisson_alpha_0_5,754,0.5,10
2026-01-13 19:30:00,2025,30369,home_win,1,0,1.7291936386949762,1.469148308591393,0.4392729797495535,0.23230322611093654,0.32842379413951,0.5607270202504465,1,1,0.1037258517412095,0.9999999999999999,1,Borussia Dortmund,Werder Bremen,,,,89,double_poisson_alpha_0_5,755,0.5,10
2026-01-13 19:30:00,2025,30373,home_win,1,0,1.6443745070527749,1.4574152019346094,0.42178081467755546,0.23733846203843395,0.34088072328401053,0.5782191853224445,1,1,0.10776900566248898,1.0,1,Mainz 05,FC Heidenheim,,17,17,89,double_poisson_alpha_0_5,755,0.5,10
2026-01-14 17:30:00,2025,30376,home_win,1,0,1.6075670820428276,1.4832822392267124,0.4077398575328912,0.23842571728001713,0.3538344251870918,0.5922601424671089,1,1,0.10840619383662625,1.0000000000000002,1,Wolfsburg,St. Pauli,,17,17,90,double_poisson_alpha_0_5,757,0.5,10
2026-01-14 19:30:00,2025,30370,home_win,0,0,1.5222873274422555,1.764786937981791,0.33440772613787795,0.22904892728874823,0.4365433465733739,0.6655922738621222,1,1,0.10037618782481679,1.0,0,FC Cologne,Bayern Munich,,17,17,91,double_poisson_alpha_0_5,758,0.5,10
2026-01-14 19:30:00,2025,30372,home_win,1,0,1.6967211376029023,1.5664282718665925,0.4119682043479913,0.23120649856641992,0.35682529708558886,0.5880317956520088,1,1,0.10170755192136398,1.0,1,Hoffenheim,Borussia M.Gladbach,,17,17,91,double_poisson_alpha_0_5,758,0.5,10
2026-01-14 19:30:00,2025,30374,home_win,1,0,1.7126081419668568,1.4644213510697421,0.4363916689769474,0.23335354044858897,0.3302547905744636,0.5636083310230526,1,1,0.10460626094788417,1.0,1,RasenBallsport Leipzig,Freiburg,,17,17,91,double_poisson_alpha_0_5,758,0.5,10
2026-01-15 19:30:00,2025,30368,home_win,0,0,1.5950284943544912,1.4725335130815391,0.40692400527781464,0.2394626781065846,0.3536133166156007,0.5930759947221853,1,1,0.10929703504084759,0.9999999999999999,0,Augsburg,Union Berlin,,17,17,92,double_poisson_alpha_0_5,761,0.5,10
2026-01-16 19:30:00,2025,30384,home_win,0,0,1.6233488932698243,1.5755814859276136,0.3930828291285559,0.23424418560843238,0.3726729852630116,0.606917170871444,1,1,0.10436981809003591,1.0,0,Werder Bremen,Eintracht Frankfurt,,18,18,93,double_poisson_alpha_0_5,762,0.5,10
2026-01-17 14:30:00,2025,30378,home_win,1,0,1.7001239699592512,1.4218152909041042,0.4423636889065452,0.23515770368433797,0.3224786074091168,0.5576363110934548,1,1,0.10653266152226724,0.9999999999999999,1,Borussia Dortmund,St. Pauli,,,,94,double_poisson_alpha_0_5,763,0.5,10
2026-01-17 14:30:00,2025,30379,home_win,1,0,1.5787077501295936,1.503359950149745,0.39680761857941227,0.23911900459739835,0.3640733768231894,0.6031923814205877,1,1,0.10885282944442012,1.0,1,FC Cologne,Mainz 05,,18,18,94,double_poisson_alpha_0_5,763,0.5,10
2026-01-17 14:30:00,2025,30380,home_win,0,0,1.6698588940372054,1.532821856948091,0.4124462265106651,0.2335930886216778,0.3539606848676573,0.5875537734893351,1,1,0.10405546183725327,1.0000000000000002,0,Hamburger SV,Borussia M.Gladbach,,18,18,94,double_poisson_alpha_0_5,763,0.5,10
2026-01-17 14:30:00,2025,30381,home_win,1,0,1.6011553677162167,1.676721135529874,0.36855908568305157,0.23095255716798768,0.4004883571489609,0.6314409143169486,1,1,0.1012349882227345,1.0000000000000002,1,Hoffenheim,Bayer Leverkusen,,18,18,94,double_poisson_alpha_0_5,763,0.5,10
2026-01-17 14:30:00,2025,30385,home_win,0,0,1.6720250174448177,1.4957714579123793,0.42044889709065764,0.2346623039969266,0.3448887989124159,0.5795511029093425,1,1,0.10528135941486974,1.0000000000000002,0,Wolfsburg,FC Heidenheim,,18,18,94,double_poisson_alpha_0_5,763,0.5,10
2026-01-17 17:30:00,2025,30382,home_win,0,0,1.6237622352635535,1.6960207622342713,0.3701578023024994,0.2293273519114656,0.4005148457860351,0.6298421976975007,1,1,0.09958413699881614,1.0,0,RasenBallsport Leipzig,Bayern Munich,,18,18,95,double_poisson_alpha_0_5,768,0.5,10
2026-01-18 14:30:00,2025,30383,home_win,0,0,1.722051376985695,1.4294456312237922,0.44589945000068587,0.23367460347619382,0.3204259465231205,0.5541005499993144,1,1,0.10532609567547552,1.0000000000000002,0,VfB Stuttgart,Union Berlin,,18,18,96,double_poisson_alpha_0_5,769,0.5,10
2026-01-18 16:30:00,2025,30377,home_win,0,0,1.602508222893305,1.5201251094570916,0.39912955321836213,0.23732028420127496,0.3635501625803628,0.6008704467816378,1,1,0.10728454759612005,0.9999999999999998,0,Augsburg,Freiburg,,18,18,97,double_poisson_alpha_0_5,770,0.5,10
2026-01-23 19:30:00,2025,30393,home_win,0,0,1.5836108304050718,1.494095294116254,0.3998367712199473,0.23923701475229697,0.36092621402775565,0.6001632287800527,1,1,0.10899233939905903,1.0,0,St. Pauli,Hamburger SV,,19,19,98,double_poisson_alpha_0_5,771,0.5,10
2026-01-24 14:30:00,2025,30386,home_win,1,0,1.7804901634823602,1.4386867084986852,0.4575023171324051,0.23000461584267026,0.31249306702492485,0.5424976828675951,1,1,0.10243185985478334,1.0000000000000002,1,Bayer Leverkusen,Werder Bremen,,19,19,99,double_poisson_alpha_0_5,772,0.5,10
2026-01-24 14:30:00,2025,30387,home_win,0,0,1.9142715517149638,1.4045276485094964,0.4950340004658532,0.2221359622377556,0.2828300372963912,0.5049659995341469,1,1,0.09731900475112207,1.0,0,Bayern Munich,Augsburg,,19,19,99,double_poisson_alpha_0_5,772,0.5,10
2026-01-24 14:30:00,2025,30389,home_win,0,0,1.72529015470107,1.545756942467654,0.42270463617072107,0.23044756786715395,0.3468477959621252,0.5772953638292792,1,1,0.10125247443460662,1.0,0,Eintracht Frankfurt,Hoffenheim,,19,19,99,double_poisson_alpha_0_5,772,0.5,10
2026-01-24 14:30:00,2025,30391,home_win,0,0,1.5504240972677186,1.6120620524702396,0.36890564604961273,0.23571730954144685,0.39537704440894056,0.6310943539503874,1,1,0.10577474346597653,1.0000000000000002,0,FC Heidenheim,RasenBallsport Leipzig,,19,19,99,double_poisson_alpha_0_5,772,0.5,10
2026-01-24 14:30:00,2025,30392,home_win,1,0,1.6260622828073605,1.4871473309439456,0.41135570482264266,0.23733583259557936,0.35130846258177795,0.5886442951773573,1,1,0.10750815679146744,1.0,1,Mainz 05,Wolfsburg,,19,19,99,double_poisson_alpha_0_5,772,0.5,10
2026-01-24 17:30:00,2025,30394,home_win,0,0,1.5283604471958254,1.5884250435698652,0.36818159503986947,0.2376712529777029,0.39414715198242756,0.6318184049601304,1,1,0.10754488900979826,0.9999999999999999,0,Union Berlin,Borussia Dortmund,,,,100,double_poisson_alpha_0_5,777,0.5,10
2026-01-25 14:30:00,2025,30388,home_win,0,0,1.6105301963882737,1.6233538006433264,0.3808348396423208,0.23287752437106127,0.3862876359866179,0.6191651603576792,1,1,0.10302060098646736,1.0,0,Borussia M.Gladbach,VfB Stuttgart,,19,19,101,double_poisson_alpha_0_5,778,0.5,10
2026-01-25 16:30:00,2025,30390,home_win,1,0,1.6366073584216192,1.4903493989427052,0.4132049248070411,0.2366813432149837,0.35011373197797535,0.586795075192959,1,1,0.10695781723512293,1.0,1,Freiburg,FC Cologne,,19,19,102,double_poisson_alpha_0_5,779,0.5,10
2026-01-27 19:30:00,2025,30365,home_win,0,0,1.5309870747907075,1.5599615489508736,0.3742721269488913,0.2388819557245115,0.3868459173265972,0.6257278730511087,1,1,0.10856841230071623,1.0,0,St. Pauli,RasenBallsport Leipzig,,16,16,103,double_poisson_alpha_0_5,780,0.5,10
2026-01-27 19:30:00,2025,30367,home_win,0,0,1.6572959707405825,1.5683071977266967,0.4024448391153309,0.23298271415233512,0.36457244673233397,0.5975551608846691,1,1,0.10326890053285338,1.0,0,Werder Bremen,Hoffenheim,,16,16,103,double_poisson_alpha_0_5,780,0.5,10
2026-01-30 19:30:00,2025,30398,home_win,1,0,1.6143457923275237,1.521720346727148,0.40161667649890165,0.23668954144289447,0.361693782058204,0.5983833235010985,1,1,0.10674688104328532,1.0,1,FC Cologne,Wolfsburg,,20,20,104,double_poisson_alpha_0_5,782,0.5,10
2026-01-31 14:30:00,2025,30395,home_win,1,0,1.5685999806173156,1.4740381817465333,0.40027337802879615,0.2407676918741253,0.3589589300970786,0.5997266219712039,1,1,0.11031129273045888,1.0,1,Augsburg,St. Pauli,,20,20,105,double_poisson_alpha_0_5,783,0.5,10
2026-01-31 14:30:00,2025,30397,home_win,0,0,1.6009731063124426,1.6288244704723236,0.37756273983803473,0.23302518084738455,0.3894120793145808,0.6224372601619653,1,1,0.1031751375589374,1.0,0,Eintracht Frankfurt,Bayer Leverkusen,,20,20,105,double_poisson_alpha_0_5,783,0.5,10
2026-01-31 14:30:00,2025,30400,home_win,1,0,1.6681755721408718,1.483259463523623,0.42209945486176237,0.23525044271820453,0.342650102420033,0.5779005451382375,1,1,0.10587856320030592,1.0,1,Hoffenheim,Union Berlin,,20,20,105,double_poisson_alpha_0_5,783,0.5,10
2026-01-31 14:30:00,2025,30401,home_win,0,0,1.6734620666712496,1.4482739354004077,0.430554844176242,0.23599439856713358,0.3334507572566244,0.569445155823758,1,1,0.10683507703263738,1.0,0,RasenBallsport Leipzig,Mainz 05,,20,20,105,double_poisson_alpha_0_5,783,0.5,10
2026-01-31 14:30:00,2025,30403,home_win,0,0,1.6489177389585967,1.5374364361425243,0.4066210805974647,0.23445771459019607,0.35892120481233925,0.5933789194025353,1,1,0.10475629351660697,1.0,0,Werder Bremen,Borussia M.Gladbach,,20,20,105,double_poisson_alpha_0_5,783,0.5,10
2026-01-31 17:30:00,2025,30399,home_win,0,0,1.5445228946731842,1.747789187410991,0.34252170045894986,0.229351923441829,0.4281263760992211,0.6574782995410501,1,1,0.10033453184547776,1.0,0,Hamburger SV,Bayern Munich,,20,20,106,double_poisson_alpha_0_5,788,0.5,10
2026-02-01 14:30:00,2025,30402,home_win,1,0,1.724582527536263,1.4758611470946577,0.4368113923198234,0.23239082608721087,0.3307977815929657,0.5631886076801765,1,1,0.10370374833075599,1.0,1,VfB Stuttgart,Freiburg,,20,20,107,double_poisson_alpha_0_5,789,0.5,10
2026-02-01 16:30:00,2025,30396,home_win,1,0,1.755096734292386,1.431042687901151,0.45325205012530323,0.23167415569172137,0.3150737941829753,0.5467479498746967,1,1,0.1038080128033935,1.0,1,Borussia Dortmund,FC Heidenheim,,,,108,double_poisson_alpha_0_5,790,0.5,10
2026-02-06 19:30:00,2025,30411,home_win,0,0,1.5673404868966014,1.5619181091438326,0.38254719846386653,0.23724577166562613,0.3802070298705075,0.6174528015361336,1,1,0.10710305819933467,1.0,0,Union Berlin,Eintracht Frankfurt,,21,21,109,double_poisson_alpha_0_5,791,0.5,10
2026-02-07 14:30:00,2025,30407,home_win,1,0,1.633744341813852,1.5093588268580507,0.40868320484607157,0.23617749147225311,0.35513930368167523,0.5913167951539283,1,1,0.10640063826542204,1.0,1,Freiburg,Werder Bremen,,21,21,110,double_poisson_alpha_0_5,792,0.5,10
2026-02-07 14:30:00,2025,30408,home_win,0,0,1.5838982323383424,1.546120936308554,0.3895656876314076,0.2371697542989907,0.3732645580696019,0.6104343123685926,1,1,0.10705838360314417,1.0,0,FC Heidenheim,Hamburger SV,,21,21,110,double_poisson_alpha_0_5,792,0.5,10
2026-02-07 14:30:00,2025,30409,home_win,1,0,1.6175469395004392,1.4582605682481986,0.415220646652519,0.23877029922806026,0.3460090541194206,0.5847793533474809,1,1,0.10886437830894508,1.0,1,Mainz 05,Augsburg,,21,21,110,double_poisson_alpha_0_5,792,0.5,10
2026-02-07 14:30:00,2025,30410,home_win,1,0,1.5351570914406,1.5737844006743802,0.3726022642741392,0.2380768355038462,0.3893209002220146,0.6273977357258608,1,1,0.10787030949752384,1.0,1,St. Pauli,VfB Stuttgart,,21,21,110,double_poisson_alpha_0_5,792,0.5,10
2026-02-07 14:30:00,2025,30412,home_win,0,0,1.572999321482669,1.6162490120334467,0.373418728735173,0.23465741444000918,0.3919238568248179,0.6265812712648271,1,1,0.10475236939012174,1.0000000000000002,0,Wolfsburg,Borussia Dortmund,,,,110,double_poisson_alpha_0_5,792,0.5,10
2026-02-07 17:30:00,2025,30405,home_win,0,0,1.5571828759919326,1.657645161108292,0.36191336648155514,0.23335667958397502,0.40472995393446975,0.6380866335184447,1,1,0.10366904853808076,1.0,0,Borussia M.Gladbach,Bayer Leverkusen,,21,21,111,double_poisson_alpha_0_5,797,0.5,10
2026-02-08 14:30:00,2025,30406,home_win,0,0,1.5451258993988137,1.5832890631182155,0.37314545979042496,0.23723766346989056,0.3896168767396844,0.626854540209575,1,1,0.10712004062501228,1.0,0,FC Cologne,RasenBallsport Leipzig,,21,21,112,double_poisson_alpha_0_5,798,0.5,10
2026-02-08 16:30:00,2025,30404,home_win,1,0,1.9106393450877086,1.480698212873434,0.4780491571023968,0.22163544053934628,0.3003154023582571,0.5219508428976034,1,1,0.09523708218463771,1.0000000000000002,1,Bayern Munich,Hoffenheim,,21,21,113,double_poisson_alpha_0_5,799,0.5,10
2026-02-13 19:30:00,2025,30415,home_win,1,0,1.68864816062834,1.4480488326824612,0.4341789694004956,0.235141044638408,0.33067998596109643,0.5658210305995044,1,1,0.10618720349825467,1.0,1,Borussia Dortmund,Mainz 05,,,,114,double_poisson_alpha_0_5,800,0.5,10
2026-02-14 14:30:00,2025,30414,home_win,1,0,1.7288115985962555,1.390352410338575,0.4557602278599057,0.23412807330380533,0.3101116988362889,0.5442397721400942,1,1,0.10622747155577382,1.0,1,Bayer Leverkusen,St. Pauli,,22,22,115,double_poisson_alpha_0_5,801,0.5,10
2026-02-14 14:30:00,2025,30416,home_win,1,0,1.7068548847049327,1.5183967610828875,0.42397590831764975,0.23217505876891284,0.3438490329134374,0.5760240916823502,1,1,0.10300845551747771,1.0,1,Eintracht Frankfurt,Borussia M.Gladbach,,22,22,115,double_poisson_alpha_0_5,801,0.5,10
2026-02-14 14:30:00,2025,30417,home_win,1,0,1.622533475596235,1.4476296508911213,0.41859614717612637,0.23885263477371288,0.34255121805016087,0.5814038528238737,1,1,0.1090175032134346,1.0,1,Hamburger SV,Union Berlin,,22,22,115,double_poisson_alpha_0_5,801,0.5,10
2026-02-14 14:30:00,2025,30418,home_win,1,0,1.675066161172578,1.5338015185633933,0.4134650601097313,0.233304570870952,0.3532303690193168,0.5865349398902688,1,1,0.10380244956701691,1.0,1,Hoffenheim,Freiburg,,22,22,115,double_poisson_alpha_0_5,801,0.5,10
2026-02-14 14:30:00,2025,30421,home_win,0,0,1.540232572863521,1.7646265974085682,0.3385424568441007,0.22860624168276353,0.43285130147313566,0.6614575431558992,1,1,0.09976013389423821,1.0,0,Werder Bremen,Bayern Munich,,22,22,115,double_poisson_alpha_0_5,801,0.5,10
2026-02-14 17:30:00,2025,30420,home_win,1,0,1.7282071153511185,1.4428873614662348,0.4445157950033915,0.23299694517425915,0.3224872598223494,0.5554842049966086,1,1,0.1046259430038542,1.0,1,VfB Stuttgart,FC Cologne,,22,22,116,double_poisson_alpha_0_5,806,0.5,10
2026-02-15 14:30:00,2025,30413,home_win,1,0,1.6338943437333309,1.4820318073373804,0.4142535853609736,0.2371016567740084,0.34864475786501814,0.5857464146390265,1,1,0.1073623380043695,1.0000000000000002,1,Augsburg,FC Heidenheim,,22,22,117,double_poisson_alpha_0_5,807,0.5,10
2026-02-15 16:30:00,2025,30419,home_win,0,0,1.7200355651744494,1.4583043975983743,0.43939422316079635,0.23309092411654153,0.32751485272266206,0.5606057768392037,1,1,0.10448407563716705,1.0,0,RasenBallsport Leipzig,Wolfsburg,,22,22,118,double_poisson_alpha_0_5,808,0.5,10
2026-02-20 19:30:00,2025,30426,home_win,0,0,1.602621638672119,1.4874690237358055,0.4057132400119014,0.2385277606406644,0.3557589993474344,0.5942867599880988,1,1,0.10846000233215643,1.0000000000000002,0,Mainz 05,Hamburger SV,,23,23,119,double_poisson_alpha_0_5,809,0.5,10
2026-02-21 14:30:00,2025,30422,home_win,1,0,1.886487285803018,1.4827865947717274,0.4722414977972188,0.22302652938016437,0.3047319728226167,0.5277585022027811,1,1,0.09626656584258028,0.9999999999999998,1,Bayern Munich,Eintracht Frankfurt,,23,23,120,double_poisson_alpha_0_5,810,0.5,10
2026-02-21 14:30:00,2025,30423,home_win,0,0,1.6244183896600681,1.563928539791395,0.39562126582819673,0.23464066504730668,0.3697380691244967,0.6043787341718034,1,1,0.1047691268750206,1.0,0,FC Cologne,Hoffenheim,,23,23,120,double_poisson_alpha_0_5,810,0.5,10
2026-02-21 14:30:00,2025,30429,home_win,1,0,1.493542125127183,1.628552187260667,0.3523627344807821,0.23698756500359866,0.41064970051561933,0.647637265519218,1,1,0.10717927738220853,0.9999999999999999,1,Union Berlin,Bayer Leverkusen,,23,23,120,double_poisson_alpha_0_5,810,0.5,10
2026-02-21 14:30:00,2025,30430,home_win,0,0,1.6331101801330061,1.491876533865928,0.41206706290029654,0.236810341998653,0.3511225951010503,0.5879329370997033,1,1,0.1070493126245753,0.9999999999999998,0,Wolfsburg,Augsburg,,23,23,120,double_poisson_alpha_0_5,810,0.5,10
2026-02-21 17:30:00,2025,30427,home_win,0,0,1.6484324923522036,1.551741108763742,0.40365790161839954,0.23397989904169691,0.36236219933990355,0.5963420983816005,1,1,0.10424919158683867,1.0,0,RasenBallsport Leipzig,Borussia Dortmund,,,,121,double_poisson_alpha_0_5,814,0.5,10
2026-02-22 14:30:00,2025,30424,home_win,1,0,1.649637322046872,1.5204671025360663,0.4101914408369217,0.2350043183868612,0.354804240776217,0.5898085591630782,1,1,0.10534323306332627,1.0,1,Freiburg,Borussia M.Gladbach,,23,23,122,double_poisson_alpha_0_5,815,0.5,10
2026-02-22 16:30:00,2025,30428,home_win,1,0,1.591040422992719,1.4799309484735295,0.40446994329451136,0.23939659091299048,0.35613346579249827,0.5955300567054888,1,1,0.10919851825070317,1.0,1,St. Pauli,Werder Bremen,,23,23,123,double_poisson_alpha_0_5,816,0.5,10
2026-02-22 18:30:00,2025,30425,home_win,0,0,1.5512708550769232,1.628646172629091,0.36596716756793035,0.23492060713785398,0.3991122252942158,0.6340328324320698,1,1,0.10507368369627032,1.0000000000000002,0,FC Heidenheim,VfB Stuttgart,,23,23,124,double_poisson_alpha_0_5,817,0.5,10
2026-02-27 19:30:00,2025,30431,home_win,1,0,1.6113495155318673,1.4878905929705208,0.40770781140529494,0.2380668363297464,0.35422535226495877,0.5922921885947052,1,1,0.10808809772252315,1.0000000000000002,1,Augsburg,FC Cologne,,24,24,125,double_poisson_alpha_0_5,818,0.5,10
2026-02-28 14:30:00,2025,30432,home_win,0,0,1.7332235525602424,1.414587008923224,0.45164227120907063,0.2333410243939514,0.3150167043969779,0.5483577287909293,1,1,0.10529493732080998,1.0,0,Bayer Leverkusen,Mainz 05,,24,24,126,double_poisson_alpha_0_5,819,0.5,10
2026-02-28 14:30:00,2025,30433,home_win,1,0,1.6368957165496614,1.480428757704239,0.4152916737946191,0.2369974406834747,0.3477108855219063,0.584708326205381,1,1,0.10729307877473629,1.0,1,Borussia M.Gladbach,Union Berlin,,24,24,126,double_poisson_alpha_0_5,819,0.5,10
2026-02-28 14:30:00,2025,30437,home_win,0,0,1.6605429881624791,1.4878267790924669,0.4193696074971843,0.2355131676229796,0.3451172248798359,0.5806303925028156,1,1,0.1060432128725393,1.0,0,Hoffenheim,St. Pauli,,24,24,126,double_poisson_alpha_0_5,819,0.5,10
2026-02-28 14:30:00,2025,30439,home_win,1,0,1.659360182373951,1.4850696594115897,0.4196537597273406,0.2356623511637999,0.34468388910885955,0.5803462402726595,1,1,0.10618886062940854,1.0,1,Werder Bremen,FC Heidenheim,,24,24,126,double_poisson_alpha_0_5,819,0.5,10
2026-02-28 17:30:00,2025,30434,home_win,0,0,1.6428276450755408,1.6939017064339867,0.37492073162772555,0.2287489491569269,0.39633031921534767,0.6250792683722746,1,1,0.09893661855211229,1.0,0,Borussia Dortmund,Bayern Munich,,,,127,double_poisson_alpha_0_5,823,0.5,10
2026-03-01 14:30:00,2025,30438,home_win,1,0,1.7445881005473498,1.4697069891472962,0.4427264305123696,0.2314236778518889,0.32584989163574146,0.5572735694876303,1,1,0.10303221696176336,1.0,1,VfB Stuttgart,Wolfsburg,,24,24,128,double_poisson_alpha_0_5,824,0.5,10
2026-03-01 16:30:00,2025,30435,home_win,1,0,1.6895975526533245,1.4970393058372236,0.424305428763771,0.2337003170820751,0.3419942541541541,0.5756945712362291,1,1,0.10449070792156841,1.0000000000000002,1,Eintracht Frankfurt,Freiburg,,24,24,129,double_poisson_alpha_0_5,825,0.5,10
2026-03-01 18:30:00,2025,30436,home_win,0,0,1.5867012234759137,1.563100513953396,0.38690122548723926,0.2363528688963233,0.3767459056164375,0.6130987745127607,1,1,0.10630178296016411,1.0,0,Hamburger SV,RasenBallsport Leipzig,,24,24,130,double_poisson_alpha_0_5,826,0.5,10
2026-03-04 19:30:00,2025,30371,home_win,0,0,1.5488046354029537,1.6139963734009553,0.36815692166513425,0.23569026182934846,0.39615281650551715,0.6318430783348656,1,1,0.1057577417722815,1.0,0,Hamburger SV,Bayer Leverkusen,,17,17,131,double_poisson_alpha_0_5,827,0.5,10
2026-03-06 19:30:00,2025,30440,home_win,1,0,1.9206853015818077,1.4401740196581423,0.48883635729078534,0.22144448221209917,0.28971916049711555,0.5111636427092148,1,1,0.09599940190352156,1.0000000000000002,1,Bayern Munich,Borussia M.Gladbach,,25,25,132,double_poisson_alpha_0_5,828,0.5,10
2026-03-07 14:30:00,2025,30442,home_win,0,0,1.5373870411165398,1.6220656415630899,0.36394026718183803,0.23574178228659037,0.4003179505315716,0.636059732818162,1,1,0.10585680340179227,1.0,0,Freiburg,Bayer Leverkusen,,25,25,133,double_poisson_alpha_0_5,829,0.5,10
2026-03-07 14:30:00,2025,30443,home_win,0,0,1.617580394316433,1.5856327088645736,0.38976865877373307,0.2341055431936938,0.3761257980325732,0.610231341226267,1,1,0.10421511098568643,1.0000000000000002,0,FC Heidenheim,Hoffenheim,,25,25,133,double_poisson_alpha_0_5,829,0.5,10
2026-03-07 14:30:00,2025,30444,home_win,0,0,1.5709756756363633,1.568508989083611,0.3821270686533429,0.2368088634526348,0.38106406789402225,0.6178729313466571,1,1,0.10670766254974094,1.0,0,Mainz 05,VfB Stuttgart,,25,25,133,double_poisson_alpha_0_5,829,0.5,10
2026-03-07 14:30:00,2025,30445,home_win,1,0,1.7090233371959782,1.4341365921855749,0.4418662364671167,0.23432785055778013,0.3238059129751032,0.5581337635328834,1,1,0.10575027298281271,1.0,1,RasenBallsport Leipzig,Augsburg,,25,25,133,double_poisson_alpha_0_5,829,0.5,10
2026-03-07 14:30:00,2025,30448,home_win,0,0,1.6160027984011711,1.524996418600791,0.4013545545229058,0.23648863600078235,0.3621568094763118,0.5986454454770942,1,1,0.10655953204998164,1.0,0,Wolfsburg,Hamburger SV,,25,25,133,double_poisson_alpha_0_5,829,0.5,10
2026-03-07 17:30:00,2025,30441,home_win,0,0,1.5519523469589191,1.6090302707486683,0.3698420093592613,0.23579720471021262,0.39436078593052604,0.6301579906407386,1,1,0.10583889288809394,1.0,0,FC Cologne,Borussia Dortmund,,,,134,double_poisson_alpha_0_5,834,0.5,10
2026-03-08 14:30:00,2025,30446,home_win,0,0,1.5759666008094384,1.5381982236110052,0.38924098362511306,0.23785260669207506,0.37290640968281186,0.6107590163748869,1,1,0.10767000068439081,1.0,0,St. Pauli,Eintracht Frankfurt,,25,25,135,double_poisson_alpha_0_5,835,0.5,10
2026-03-08 16:30:00,2025,30447,home_win,0,0,1.5826433640036097,1.492826895368808,0.399860073172417,0.23933388012568135,0.36080604670190164,0.600139926827583,1,1,0.10907689056699349,1.0,0,Union Berlin,Werder Bremen,,25,25,136,double_poisson_alpha_0_5,836,0.5,10
2026-03-13 19:30:00,2025,30450,home_win,1,0,1.6112868666965285,1.4844224363759646,0.40839526865380216,0.23819354984053287,0.353411181505665,0.5916047313461978,1,1,0.10821336679097093,1.0,1,Borussia M.Gladbach,St. Pauli,,26,26,137,double_poisson_alpha_0_5,837,0.5,10
2026-03-14 14:30:00,2025,30449,home_win,0,0,1.6729923936724298,1.664788740730628,0.3873288211495072,0.2287810486019996,0.3838901302484932,0.6126711788504928,1,1,0.09891750827007041,1.0,0,Bayer Leverkusen,Bayern Munich,,26,26,138,double_poisson_alpha_0_5,838,0.5,10
2026-03-14 14:30:00,2025,30451,home_win,1,0,1.7338679165985282,1.435119800281097,0.44746332231504415,0.23284554785734932,0.3196911298276065,0.5525366776849558,1,1,0.10462375144702941,1.0,1,Borussia Dortmund,Augsburg,,,,138,double_poisson_alpha_0_5,838,0.5,10
2026-03-14 14:30:00,2025,30452,home_win,1,0,1.7288575560529922,1.4642048561627157,0.44022108789322234,0.23244466687789114,0.3273342452288866,0.5597789121067778,1,1,0.1039038570087698,1.0000000000000002,1,Eintracht Frankfurt,FC Heidenheim,,26,26,138,double_poisson_alpha_0_5,838,0.5,10
2026-03-14 14:30:00,2025,30455,home_win,0,0,1.707094847265433,1.5280285060162557,0.4220790094778417,0.23188053085364332,0.3460404596685149,0.5779209905221582,1,1,0.10265802082609779,1.0,0,Hoffenheim,Wolfsburg,,26,26,138,double_poisson_alpha_0_5,838,0.5,10
2026-03-14 17:30:00,2025,30454,home_win,0,0,1.6393687717204637,1.4641511719609006,0.41920781229865534,0.2373969680541339,0.34339521964721087,0.5807921877013448,1,1,0.10775092110629601,1.0,0,Hamburger SV,FC Cologne,,26,26,139,double_poisson_alpha_0_5,842,0.5,10
2026-03-15 14:30:00,2025,30457,home_win,0,0,1.59692436129901,1.4950855585227227,0.4028180842189514,0.2385349790561638,0.3586469367248849,0.5971819157810487,1,1,0.1084195365523136,1.0000000000000002,0,Werder Bremen,Mainz 05,,26,26,140,double_poisson_alpha_0_5,843,0.5,10
2026-03-15 16:30:00,2025,30453,home_win,0,0,1.6197257697732432,1.4550265175323362,0.41640435770911455,0.2387610308756169,0.34483461141526855,0.5835956422908855,1,1,0.10888409569581814,1.0,0,Freiburg,Union Berlin,,26,26,141,double_poisson_alpha_0_5,844,0.5,10
2026-03-15 18:30:00,2025,30456,home_win,1,0,1.6722048870759023,1.5341124386187122,0.4127348697170401,0.23343542252536328,0.35382970775759665,0.5872651302829599,1,1,0.10391081659236412,1.0,1,VfB Stuttgart,RasenBallsport Leipzig,,26,26,142,double_poisson_alpha_0_5,845,0.5,10
2026-03-20 19:30:00,2025,30464,home_win,1,0,1.7222793366652482,1.5036613633829068,0.4305580998521535,0.23178240650802312,0.33765949363982345,0.5694419001478466,1,1,0.10285973160796054,1.0000000000000002,1,RasenBallsport Leipzig,Hoffenheim,,27,27,143,double_poisson_alpha_0_5,846,0.5,10
2026-03-21 14:30:00,2025,30459,home_win,1,0,1.883240977713566,1.3793528586924784,0.49353493841948504,0.22435015298148173,0.2821149085990333,0.5064650615805151,1,1,0.09946144739220028,1.0,1,Bayern Munich,Union Berlin,,27,27,144,double_poisson_alpha_0_5,847,0.5,10
2026-03-21 14:30:00,2025,30461,home_win,0,0,1.6163101844893137,1.5203421149352614,0.40235704726783694,0.23664505112113485,0.360997901611028,0.5976429527321628,1,1,0.10671740354092539,0.9999999999999998,0,FC Cologne,Borussia M.Gladbach,,27,27,144,double_poisson_alpha_0_5,847,0.5,10
2026-03-21 14:30:00,2025,30462,home_win,0,0,1.5064159065326816,1.657976591827733,0.34996164591250345,0.23505120148580705,0.4149871526016893,0.6500383540874963,1,1,0.10549820900580183,1.0,0,FC Heidenheim,Bayer Leverkusen,,27,27,144,double_poisson_alpha_0_5,847,0.5,10
2026-03-21 14:30:00,2025,30466,home_win,0,0,1.6299832410626423,1.516342724246845,0.4063904755053611,0.23611974052974768,0.3574897839648912,0.5936095244946389,1,1,0.10630373062215684,1.0,0,Wolfsburg,Werder Bremen,,27,27,144,double_poisson_alpha_0_5,847,0.5,10
2026-03-21 17:30:00,2025,30460,home_win,1,0,1.7135323809663705,1.4556790726635933,0.4384230776197639,0.23352653390212574,0.32805038847811036,0.561576922380236,1,1,0.10485446000169582,1.0,1,Borussia Dortmund,Hamburger SV,,,,145,double_poisson_alpha_0_5,851,0.5,10
2026-03-22 14:30:00,2025,30463,home_win,1,0,1.6011663494852564,1.5269700115857914,0.39744799736610326,0.23712388995670192,0.365428112677195,0.6025520026338969,1,1,0.10708646982235226,1.0000000000000002,1,Mainz 05,Eintracht Frankfurt,,27,27,146,double_poisson_alpha_0_5,852,0.5,10
2026-03-22 16:30:00,2025,30465,home_win,0,0,1.579362855519979,1.4730893011998076,0.40305379639846156,0.2402525784843622,0.35669362511717634,0.5969462036015385,1,1,0.10991269765578295,1.0000000000000002,0,St. Pauli,Freiburg,,27,27,147,double_poisson_alpha_0_5,853,0.5,10
2026-03-22 18:30:00,2025,30458,home_win,0,0,1.5580240153562455,1.5980944488784434,0.3733604539808498,0.23605314020517532,0.39058640581397486,0.6266395460191502,1,1,0.10604538112619215,1.0,0,Augsburg,VfB Stuttgart,,27,27,148,double_poisson_alpha_0_5,854,0.5,10
2026-04-04 13:30:00,2025,30467,home_win,1,0,1.7801414109624343,1.4258453104443713,0.46013485033414503,0.23026809225262806,0.3095970574132269,0.539865149665855,1,1,0.10284532918816841,1.0,1,Bayer Leverkusen,Wolfsburg,,28,28,149,double_poisson_alpha_0_5,855,0.5,10
2026-04-04 13:30:00,2025,30468,home_win,0,0,1.6846723807722148,1.496266931907705,0.42331141151302887,0.23398292129876286,0.3427056671882083,0.5766885884869711,1,1,0.10472735693049497,1.0,0,Borussia M.Gladbach,FC Heidenheim,,28,28,149,double_poisson_alpha_0_5,855,0.5,10
2026-04-04 13:30:00,2025,30470,home_win,0,0,1.5437786184568316,1.7528280395205826,0.3414514550675408,0.2291164678290163,0.429432077103443,0.6585485449324593,1,1,0.10014430408526477,1.0,0,Freiburg,Bayern Munich,,28,28,149,double_poisson_alpha_0_5,855,0.5,10
2026-04-04 13:30:00,2025,30471,home_win,0,0,1.6417778869838309,1.4700998726283148,0.4185596375118257,0.23707562990819103,0.3443647325799835,0.5814403624881745,1,1,0.10744591347542236,1.0000000000000002,0,Hamburger SV,Augsburg,,28,28,149,double_poisson_alpha_0_5,855,0.5,10
2026-04-04 13:30:00,2025,30472,home_win,0,0,1.6485492458964779,1.5201989646610972,0.4099896308061597,0.23506740673418733,0.3549429624596531,0.5900103691938404,1,1,0.10539803037184042,1.0000000000000002,0,Hoffenheim,Mainz 05,,28,28,149,double_poisson_alpha_0_5,855,0.5,10
2026-04-04 13:30:00,2025,30475,home_win,0,0,1.5720643007771342,1.5828326509029964,0.3796095798948691,0.23615054642188435,0.3842398736832465,0.6203904201051309,1,1,0.10610869392945275,1.0,0,Werder Bremen,RasenBallsport Leipzig,,28,28,149,double_poisson_alpha_0_5,855,0.5,10
2026-04-04 16:30:00,2025,30473,home_win,0,0,1.6806048686647048,1.5620149650136914,0.40911313766807605,0.23211256503589378,0.3587742972960301,0.5908868623319239,1,1,0.10254132077315277,1.0,0,VfB Stuttgart,Borussia Dortmund,,,,150,double_poisson_alpha_0_5,861,0.5,10
2026-04-05 13:30:00,2025,30474,home_win,0,0,1.5488484069879238,1.4595927348581248,0.39842215634464606,0.24235125531552995,0.359226588339824,0.6015778436553539,1,1,0.11160694473052019,1.0,0,Union Berlin,St. Pauli,,28,28,151,double_poisson_alpha_0_5,862,0.5,10
2026-04-05 15:30:00,2025,30469,home_win,0,0,1.696589470765885,1.4717967322618022,0.43112249203967085,0.23404532210566933,0.33483218585465985,0.5688775079603292,1,1,0.10505384618535772,1.0,0,Eintracht Frankfurt,FC Cologne,,28,28,152,double_poisson_alpha_0_5,863,0.5,10
2026-04-10 18:30:00,2025,30476,home_win,0,0,1.631585927084324,1.5627620116388754,0.3975318386469102,0.23435943541552542,0.3681087259375643,0.6024681613530897,1,1,0.10452378147927747,0.9999999999999999,0,Augsburg,Hoffenheim,,29,29,153,double_poisson_alpha_0_5,864,0.5,10
2026-04-11 13:30:00,2025,30477,home_win,0,0,1.6496341161013452,1.5812218473432935,0.3981157202525253,0.2328659692912945,0.36901831045618017,0.6018842797474746,1,1,0.10309498011140807,0.9999999999999999,0,Borussia Dortmund,Bayer Leverkusen,,,,154,double_poisson_alpha_0_5,865,0.5,10
2026-04-11 13:30:00,2025,30479,home_win,1,0,1.5943228535092575,1.4932956096767689,0.4025575920481522,0.23873222230548088,0.3587101856463669,0.5974424079518478,1,1,0.10858914132452448,1.0,1,FC Heidenheim,Union Berlin,,29,29,154,double_poisson_alpha_0_5,865,0.5,10
2026-04-11 13:30:00,2025,30481,home_win,1,0,1.7351002146457317,1.4742787946057023,0.4395802559406698,0.23184557180538434,0.3285741722539458,0.5604197440593301,1,1,0.10329720921716158,0.9999999999999998,1,RasenBallsport Leipzig,Borussia M.Gladbach,,29,29,154,double_poisson_alpha_0_5,865,0.5,10
2026-04-11 13:30:00,2025,30484,home_win,0,0,1.6163179725028842,1.5860392463375619,0.3893939081957175,0.23414394716872294,0.3764621446355597,0.6106060918042826,1,1,0.10424966366492734,1.0000000000000002,0,Wolfsburg,Eintracht Frankfurt,,29,29,154,double_poisson_alpha_0_5,865,0.5,10
2026-04-11 16:30:00,2025,30482,home_win,0,0,1.5005685301465053,1.7245110118649296,0.33654436314095293,0.23174696879134993,0.43170866806769725,0.6634556368590472,1,1,0.1028697198996386,1.0,0,St. Pauli,Bayern Munich,,29,29,155,double_poisson_alpha_0_5,869,0.5,10
2026-04-12 13:30:00,2025,30478,home_win,1,0,1.607549574931396,1.515101417059376,0.40132935516758816,0.2372647737825565,0.3614058710498553,0.5986706448324117,1,1,0.1072644930584303,1.0,1,FC Cologne,Werder Bremen,,29,29,156,double_poisson_alpha_0_5,870,0.5,10
2026-04-12 15:30:00,2025,30483,home_win,1,0,1.7171892849613124,1.474483533903753,0.4353764358510683,0.2328359807650163,0.33178758338391523,0.5646235641489316,1,1,0.10407159331919646,0.9999999999999999,1,VfB Stuttgart,Hamburger SV,,29,29,157,double_poisson_alpha_0_5,871,0.5,10
2026-04-12 17:30:00,2025,30480,home_win,0,0,1.6201690269442721,1.4779834053211993,0.41181751557865853,0.23795785930422975,0.3502246251171117,0.5881824844213415,1,1,0.10807354016019613,1.0,0,Mainz 05,Freiburg,,29,29,158,double_poisson_alpha_0_5,872,0.5,10
2026-04-17 18:30:00,2025,30491,home_win,0,0,1.5867027347071707,1.4667681438768938,0.4060986883711104,0.24010815077524247,0.35379316085364715,0.5939013116288896,1,1,0.10983771415267742,1.0,0,St. Pauli,FC Cologne,,30,30,159,double_poisson_alpha_0_5,873,0.5,10
2026-04-18 13:30:00,2025,30485,home_win,0,0,1.7722551919723317,1.4104808086203435,0.4615763006933964,0.23103432501009863,0.3073893742965049,0.5384236993066036,1,1,0.10366896347949518,1.0,0,Bayer Leverkusen,Augsburg,,30,30,160,double_poisson_alpha_0_5,874,0.5,10
2026-04-18 13:30:00,2025,30490,home_win,1,0,1.6230960894582391,1.6294867972105784,0.3825814242993428,0.23212679064427938,0.38529178505637784,0.6174185757006572,1,1,0.10228601939792528,1.0,1,Hoffenheim,Borussia Dortmund,,,,160,double_poisson_alpha_0_5,874,0.5,10
2026-04-18 13:30:00,2025,30492,home_win,0,0,1.5982029534651472,1.5041277381761684,0.40130595031952876,0.23813320925063083,0.3605608404298404,0.5986940496804712,1,1,0.1080417347675569,1.0,0,Union Berlin,Wolfsburg,,30,30,160,double_poisson_alpha_0_5,874,0.5,10
2026-04-18 13:30:00,2025,30493,home_win,1,0,1.615065196618086,1.5151279605076933,0.40310585178920516,0.23689673659909494,0.35999741161170007,0.596894148210795,1,1,0.10695811881704076,1.0000000000000002,1,Werder Bremen,Hamburger SV,,30,30,160,double_poisson_alpha_0_5,874,0.5,10
2026-04-18 16:30:00,2025,30488,home_win,0,0,1.6289065090367325,1.567453379987513,0.3959801124845196,0.23430525752640363,0.3697146299890769,0.6040198875154805,1,1,0.10445502309489242,1.0,0,Eintracht Frankfurt,RasenBallsport Leipzig,,30,30,161,double_poisson_alpha_0_5,878,0.5,10
2026-04-19 13:30:00,2025,30489,home_win,1,0,1.6647312934377125,1.4813271574282298,0.4216842258529901,0.2354934886210551,0.34282228552595473,0.5783157741470099,1,1,0.10609118574044167,1.0,1,Freiburg,FC Heidenheim,,30,30,162,double_poisson_alpha_0_5,879,0.5,10
2026-04-19 15:30:00,2025,30486,home_win,1,0,1.8484776578587505,1.5243447294556978,0.4551013706797058,0.22450828619126892,0.32039034312902515,0.5448986293202941,1,1,0.09662716728090476,1.0,1,Bayern Munich,VfB Stuttgart,,30,30,163,double_poisson_alpha_0_5,880,0.5,10
2026-04-19 17:30:00,2025,30487,home_win,0,0,1.611286012790005,1.5176096147208558,0.4017136684890835,0.23698985720980537,0.3612964743011111,0.5982863315109165,1,1,0.10702139336080271,1.0,0,Borussia M.Gladbach,Mainz 05,,30,30,164,double_poisson_alpha_0_5,881,0.5,10
2025-08-22 18:30:00,2025,30224,home_win,1,0,1.703867373529357,1.538985011995422,0.4191187815269884,0.2317151398319316,0.3491660786410801,0.5808812184730117,1,1,0.10240408479791938,1.0,1,Bayern Munich,RasenBallsport Leipzig,,1,1,1,double_poisson_alpha_1_0,612,1.0,10
2025-08-23 13:30:00,2025,30225,home_win,0,0,1.6044082936831945,1.5495028274848621,0.3937531998399242,0.23610320088908468,0.370143599270991,0.6062468001600757,1,1,0.10611604984117125,1.0,0,FC Heidenheim,Wolfsburg,,1,1,2,double_poisson_alpha_1_0,613,1.0,10
2025-08-23 13:30:00,2025,30226,home_win,0,0,1.7263613873786587,1.5076009738807572,0.4306977840190932,0.23145927268807454,0.3378429432928324,0.5693022159809069,1,1,0.10254774504168782,1.0000000000000002,0,Bayer Leverkusen,Hoffenheim,,1,1,2,double_poisson_alpha_1_0,613,1.0,10
2025-08-23 13:30:00,2025,30227,home_win,1,0,1.5618343873135312,1.5892743662176436,0.37595177026851223,0.23629140747043179,0.3877568222610559,0.6240482297314877,1,1,0.10624896683099617,1.0,1,Union Berlin,VfB Stuttgart,,1,1,2,double_poisson_alpha_1_0,613,1.0,10
2025-08-23 13:30:00,2025,30228,home_win,1,0,1.644501998468112,1.5289211209900049,0.4072879462677905,0.2349671268135316,0.35774492691867765,0.5927120537322093,1,1,0.10524932912190431,0.9999999999999997,1,Eintracht Frankfurt,Werder Bremen,,1,1,2,double_poisson_alpha_1_0,613,1.0,10
2025-08-23 13:30:00,2025,30229,home_win,0,0,1.6139545473244736,1.526479025158396,0.40057437402756846,0.2365321605838382,0.3628934653885934,0.5994256259724315,1,1,0.10658821019407258,1.0,0,Freiburg,Augsburg,,1,1,2,double_poisson_alpha_1_0,613,1.0,10
2025-08-23 16:30:00,2025,30230,home_win,0,0,1.5802250897081704,1.5726005244691719,0.38351972606239937,0.23624002031259644,0.38024025362500413,0.6164802739376005,1,1,0.10618975100614195,1.0,0,St. Pauli,Borussia Dortmund,,,,3,double_poisson_alpha_1_0,618,1.0,10
2025-08-24 13:30:00,2025,30231,home_win,0,0,1.6218838925090395,1.5076087277653643,0.40623047889122554,0.2368314450981772,0.35693807601059746,0.5937695211087747,1,1,0.1069515363441599,1.0,0,Mainz 05,FC Cologne,,1,1,4,double_poisson_alpha_1_0,619,1.0,10
2025-08-24 15:30:00,2025,30232,home_win,0,0,1.6335283417862978,1.5718372421408573,0.39620028025782406,0.23393312271320096,0.36986659702897506,0.603799719742176,1,1,0.10410262072958304,1.0,0,Borussia M.Gladbach,Hamburger SV,,1,1,5,double_poisson_alpha_1_0,620,1.0,10
2025-08-29 18:30:00,2025,30233,home_win,0,0,1.6103201198077008,1.5200597762976928,0.40099505481121117,0.2369458252481841,0.3620591199406048,0.5990049451887889,1,1,0.10697102836808023,1.0,0,Hamburger SV,St. Pauli,,2,2,6,double_poisson_alpha_1_0,621,1.0,10
2025-08-30 13:30:00,2025,30234,home_win,0,0,1.6159746532513866,1.5954269706689876,0.38748894186412486,0.23378682811078513,0.37872423002509004,0.6125110581358751,1,1,0.1039004598297986,1.0,0,Hoffenheim,Eintracht Frankfurt,,2,2,7,double_poisson_alpha_1_0,622,1.0,10
2025-08-30 13:30:00,2025,30235,home_win,1,0,1.6652049606920378,1.507378605795169,0.4164897168573871,0.23465055083228475,0.34885973231032796,0.5835102831426127,1,1,0.10516095144416843,1.0,1,RasenBallsport Leipzig,FC Heidenheim,,2,2,7,double_poisson_alpha_1_0,622,1.0,10
2025-08-30 13:30:00,2025,30236,home_win,0,0,1.5700772720488365,1.617721659254161,0.37245257526935266,0.2347054961423579,0.3928419285882894,0.6275474247306473,1,1,0.10480484061309532,1.0,0,Werder Bremen,Bayer Leverkusen,,2,2,7,double_poisson_alpha_1_0,622,1.0,10
2025-08-30 13:30:00,2025,30237,home_win,1,0,1.683820986444008,1.5346202795073949,0.4153409904681085,0.2328456630948727,0.35181334643701895,0.5846590095318916,1,1,0.10340595953379865,1.0,1,VfB Stuttgart,Borussia M.Gladbach,,2,2,7,double_poisson_alpha_1_0,622,1.0,10
2025-08-30 16:30:00,2025,30238,home_win,0,0,1.5626280620911281,1.6582544589846318,0.36306974427043337,0.23313814973338012,0.4037921059961864,0.6369302557295665,1,1,0.10344161376358019,1.0,0,Augsburg,Bayern Munich,,2,2,8,double_poisson_alpha_1_0,626,1.0,10
2025-08-31 13:30:00,2025,30239,home_win,0,0,1.597923898222341,1.535869702880129,0.3949133952498187,0.2369329814880149,0.36815362326216633,0.6050866047501813,1,1,0.1068860916318865,1.0,0,Wolfsburg,Mainz 05,,2,2,9,double_poisson_alpha_1_0,627,1.0,10
2025-08-31 15:30:00,2025,30240,home_win,1,0,1.663745021766027,1.4944557150163547,0.4187719478711813,0.23513639824761884,0.34609165388119995,0.5812280521288188,1,1,0.10567704637632148,1.0,1,Borussia Dortmund,Union Berlin,,,,10,double_poisson_alpha_1_0,628,1.0,10
2025-08-31 17:30:00,2025,30241,home_win,1,0,1.5987215899163458,1.5394914691527706,0.3943856184769204,0.23675482963343364,0.36885955188964603,0.6056143815230797,1,1,0.10671894223611411,1.0,1,FC Cologne,Freiburg,,2,2,11,double_poisson_alpha_1_0,629,1.0,10
2025-09-12 18:30:00,2025,30242,home_win,1,0,1.6767703643490746,1.5241839649187194,0.41579913000664875,0.23352842553480951,0.35067244445854173,0.5842008699933512,1,1,0.10407685874998733,1.0,1,Bayer Leverkusen,Eintracht Frankfurt,,3,3,12,double_poisson_alpha_1_0,630,1.0,10
2025-09-13 13:30:00,2025,30243,home_win,1,0,1.5912998275970323,1.5967950677853187,0.38144357765416603,0.23476106500001911,0.38379535734581477,0.6185564223458339,1,1,0.10481638501731542,1.0,1,Freiburg,VfB Stuttgart,,3,3,13,double_poisson_alpha_1_0,631,1.0,10
2025-09-13 13:30:00,2025,30244,home_win,0,0,1.5856086368117495,1.6048808555905165,0.3785518717992361,0.23465128966188817,0.38679683853887564,0.6214481282007638,1,1,0.10471932111680954,1.0,0,FC Heidenheim,Borussia Dortmund,,,,13,double_poisson_alpha_1_0,631,1.0,10
2025-09-13 13:30:00,2025,30245,home_win,0,0,1.5886555672906189,1.5577846143606522,0.38840323402010846,0.23648341211205212,0.37511335386783967,0.6115967659798918,1,1,0.10642791416280233,1.0,0,Mainz 05,RasenBallsport Leipzig,,3,3,13,double_poisson_alpha_1_0,631,1.0,10
2025-09-13 13:30:00,2025,30246,home_win,0,0,1.6218941612474058,1.5242897895805758,0.40288815629399477,0.2362300909723784,0.3608817527336271,0.5971118437060055,1,1,0.10634564802353742,1.0000000000000002,0,Wolfsburg,FC Cologne,,3,3,13,double_poisson_alpha_1_0,631,1.0,10
2025-09-13 13:30:00,2025,30247,home_win,0,0,1.6131064280187017,1.5566913573312047,0.3943873548765081,0.2354289826821619,0.37018366244132983,0.6056126451234918,1,1,0.10549693666447232,0.9999999999999999,0,Union Berlin,Hoffenheim,,3,3,13,double_poisson_alpha_1_0,631,1.0,10
2025-09-13 16:30:00,2025,30248,home_win,1,0,1.7395736818645677,1.5157683662044341,0.4320810925752726,0.23054409931336678,0.33737480811136067,0.5679189074247275,1,1,0.10169476090156011,1.0,1,Bayern Munich,Hamburger SV,,3,3,14,double_poisson_alpha_1_0,636,1.0,10
2025-09-14 13:30:00,2025,30249,home_win,1,0,1.6075651047159583,1.5163722838537907,0.40107886127343795,0.2372166949045625,0.36170444382199984,0.5989211387265623,1,1,0.10721749063325611,1.0000000000000002,1,St. Pauli,Augsburg,,3,3,15,double_poisson_alpha_1_0,637,1.0,10
2025-09-14 15:30:00,2025,30250,home_win,0,0,1.6404139296762938,1.564286853548868,0.39929794372453004,0.233900618604975,0.36680143767049517,0.6007020562754701,1,1,0.10410844928341323,1.0,0,Borussia M.Gladbach,Werder Bremen,,3,3,16,double_poisson_alpha_1_0,638,1.0,10
2025-09-19 18:30:00,2025,30251,home_win,1,0,1.6535720066081705,1.5116713733362,0.41288895350174526,0.23510218019522175,0.352008866303033,0.5871110464982547,1,1,0.10549521621776098,1.0,1,VfB Stuttgart,St. Pauli,,4,4,17,double_poisson_alpha_1_0,639,1.0,10
2025-09-20 13:30:00,2025,30252,home_win,0,0,1.635923506346999,1.5451821895840396,0.4020289644703542,0.2348028558905133,0.3631681796391324,0.5979710355296457,1,1,0.10500404666538635,0.9999999999999999,0,Werder Bremen,Freiburg,,4,4,18,double_poisson_alpha_1_0,640,1.0,10
2025-09-20 13:30:00,2025,30253,home_win,0,0,1.5884394927164582,1.539461148626939,0.39195482391623604,0.23723046526432864,0.37081471081943534,0.608045176083764,1,1,0.10712958457661298,1.0000000000000002,0,Augsburg,Mainz 05,,4,4,18,double_poisson_alpha_1_0,640,1.0,10
2025-09-20 13:30:00,2025,30254,home_win,1,0,1.641532659427938,1.5307158315012894,0.40623089379414823,0.23504900649211008,0.35872009971374186,0.5937691062058519,1,1,0.10530623525862073,1.0,1,Hamburger SV,FC Heidenheim,,4,4,18,double_poisson_alpha_1_0,640,1.0,10
2025-09-20 13:30:00,2025,30255,home_win,0,0,1.6005860401003829,1.6958542414589086,0.364864558356195,0.23012445862814104,0.40501098301566374,0.6351354416438048,1,1,0.10047123079871444,0.9999999999999999,0,Hoffenheim,Bayern Munich,,4,4,18,double_poisson_alpha_1_0,640,1.0,10
2025-09-20 16:30:00,2025,30256,home_win,1,0,1.6625569497496733,1.51158005225987,0.415017760760791,0.23465028304732669,0.3503319561918824,0.5849822392392091,1,1,0.10512293989547977,1.0,1,RasenBallsport Leipzig,FC Cologne,,4,4,19,double_poisson_alpha_1_0,644,1.0,10
2025-09-21 13:30:00,2025,30257,home_win,0,0,1.652967417717961,1.5026877817777722,0.4145639859508924,0.23542918687363282,0.35000682717547493,0.5854360140491077,1,1,0.10583989696432687,1.0,0,Eintracht Frankfurt,Union Berlin,,4,4,20,double_poisson_alpha_1_0,645,1.0,10
2025-09-21 15:30:00,2025,30258,home_win,0,0,1.7199583392476037,1.5166760507066868,0.42736397585975705,0.23154580677138797,0.34109021736885514,0.5726360241402431,1,1,0.10250812766699038,1.0,0,Bayer Leverkusen,Borussia M.Gladbach,,4,4,21,double_poisson_alpha_1_0,646,1.0,10
2025-09-21 17:30:00,2025,30259,home_win,1,0,1.6771209248542434,1.534390695632505,0.41382593307080245,0.2331841802238851,0.3529898867053126,0.5861740669291977,1,1,0.10369517729751139,1.0000000000000002,1,Borussia Dortmund,Wolfsburg,,,,22,double_poisson_alpha_1_0,647,1.0,10
2025-09-26 18:30:00,2025,30260,home_win,1,0,1.7562647698975122,1.5179284876754988,0.43547994550517677,0.22960783693046594,0.3349122175643573,0.5645200544948232,1,1,0.10089676381715663,1.0,1,Bayern Munich,Werder Bremen,,5,5,23,double_poisson_alpha_1_0,648,1.0,10
2025-09-27 13:30:00,2025,30261,home_win,1,0,1.6125011410629648,1.549488855725052,0.39566520750044404,0.23573295093096786,0.3686018415685882,0.6043347924995561,1,1,0.10579220770840707,1.0,1,FC Heidenheim,Augsburg,,5,5,24,double_poisson_alpha_1_0,649,1.0,10
2025-09-27 13:30:00,2025,30262,home_win,0,0,1.5968938464829705,1.5781932566550032,0.38636205688378517,0.2352938005508159,0.37834414256539894,0.6136379431162149,1,1,0.10532062370132833,1.0,0,Mainz 05,Borussia Dortmund,,,,24,double_poisson_alpha_1_0,649,1.0,10
2025-09-27 13:30:00,2025,30263,home_win,0,0,1.5593411413695377,1.6047072779584166,0.3724075013284395,0.2357048504826714,0.39188764818888905,0.6275924986715604,1,1,0.10573242444804877,1.0,0,St. Pauli,Bayer Leverkusen,,5,5,24,double_poisson_alpha_1_0,649,1.0,10
2025-09-27 13:30:00,2025,30264,home_win,0,0,1.5990203794218196,1.5849813413248548,0.38554270120559075,0.2349262858484882,0.379531012945921,0.6144572987944092,1,1,0.10497449042794846,1.0,0,Wolfsburg,RasenBallsport Leipzig,,5,5,24,double_poisson_alpha_1_0,649,1.0,10
2025-09-27 16:30:00,2025,30265,home_win,0,0,1.6178040575989858,1.592313340781547,0.38852117586775115,0.23383270795967917,0.3776461161725697,0.6114788241322489,1,1,0.10394848921697672,1.0,0,Borussia M.Gladbach,Eintracht Frankfurt,,5,5,25,double_poisson_alpha_1_0,653,1.0,10
2025-09-28 13:30:00,2025,30266,home_win,0,0,1.6546730995257184,1.5740687847206352,0.40069658791562285,0.23289764148389566,0.3664057706004815,0.5993034120843772,1,1,0.10315995148608388,1.0,0,Freiburg,Hoffenheim,,5,5,26,double_poisson_alpha_1_0,654,1.0,10
2025-09-28 15:30:00,2025,30267,home_win,0,0,1.5876844859252441,1.6060892353629492,0.3788068446189016,0.23451610870744471,0.3866770466736539,0.6211931553810985,1,1,0.1045913018697109,1.0,0,FC Cologne,VfB Stuttgart,,5,5,27,double_poisson_alpha_1_0,655,1.0,10
2025-09-28 17:30:00,2025,30268,home_win,0,0,1.5945025380176039,1.5623144664368014,0.3888976017693183,0.23604110218262345,0.37506129604805827,0.6111023982306817,1,1,0.10602431216122825,1.0,0,Union Berlin,Hamburger SV,,5,5,28,double_poisson_alpha_1_0,656,1.0,10
2025-10-03 18:30:00,2025,30274,home_win,0,0,1.6462478803167468,1.5645169164121155,0.40061627640892905,0.2336251671619026,0.3657585564291682,0.5993837235910708,1,1,0.10386232930064104,0.9999999999999999,0,Hoffenheim,FC Cologne,,6,6,29,double_poisson_alpha_1_0,657,1.0,10
2025-10-04 13:30:00,2025,30269,home_win,1,0,1.6964263639161836,1.4743629469794053,0.4305550462434493,0.23398302715998628,0.33546192659656443,0.5694449537565507,1,1,0.10497433207279976,1.0,1,Bayer Leverkusen,Union Berlin,,6,6,30,double_poisson_alpha_1_0,658,1.0,10
2025-10-04 13:30:00,2025,30271,home_win,0,0,1.6434438563960032,1.5612216808688528,0.40061210191725904,0.23387303800198406,0.36551486008075695,0.599387898082741,1,1,0.10410003770220523,0.9999999999999999,0,Borussia Dortmund,RasenBallsport Leipzig,,,,30,double_poisson_alpha_1_0,658,1.0,10
2025-10-04 13:30:00,2025,30276,home_win,1,0,1.6050607691478964,1.5532260473395796,0.3931735663184664,0.23592838445429373,0.3708980492272397,0.6068264336815334,1,1,0.10594966995469589,0.9999999999999997,1,Augsburg,Wolfsburg,,6,6,30,double_poisson_alpha_1_0,658,1.0,10
2025-10-04 13:30:00,2025,30277,home_win,1,0,1.6081090873151798,1.539274817635113,0.3966490328740059,0.23632670039715897,0.3670242667288353,0.6033509671259942,1,1,0.10635066459283467,1.0,1,Werder Bremen,St. Pauli,,6,6,30,double_poisson_alpha_1_0,658,1.0,10
2025-10-04 16:30:00,2025,30272,home_win,0,0,1.6107492294113037,1.6577511787379662,0.3743423710579887,0.23142688488744045,0.3942307440545709,0.6256576289420114,1,1,0.10163787730402374,1.0,0,Eintracht Frankfurt,Bayern Munich,,6,6,31,double_poisson_alpha_1_0,662,1.0,10
2025-10-05 13:30:00,2025,30275,home_win,1,0,1.6799078821633406,1.5107609293274895,0.4192476351901644,0.23379021701965555,0.34696214779018,0.5807523648098355,1,1,0.10442184302722457,1.0,1,VfB Stuttgart,FC Heidenheim,,6,6,32,double_poisson_alpha_1_0,663,1.0,10
2025-10-05 15:30:00,2025,30273,home_win,1,0,1.6011286468474795,1.536826639445054,0.3954828931888851,0.2367464500152203,0.3677706567958947,0.604517106811115,1,1,0.10672211969896347,1.0,1,Hamburger SV,Mainz 05,,6,6,33,double_poisson_alpha_1_0,664,1.0,10
2025-10-05 17:30:00,2025,30270,home_win,0,0,1.6321977804976961,1.5618774344746698,0.39784967807952376,0.23436442447834388,0.3677858974421325,0.6021503219204765,1,1,0.10453229675712236,1.0,0,Borussia M.Gladbach,Freiburg,,6,6,34,double_poisson_alpha_1_0,665,1.0,10
2025-10-17 18:30:00,2025,30285,home_win,1,0,1.6007996663300708,1.554259193881897,0.3919646229872347,0.23608072823434537,0.3719546487784198,0.6080353770127652,1,1,0.10608055348950131,0.9999999999999999,1,Union Berlin,Borussia M.Gladbach,,7,7,35,double_poisson_alpha_1_0,666,1.0,10
2025-10-18 13:30:00,2025,30279,home_win,0,0,1.6050065856364188,1.5357471736681743,0.3966146436261768,0.23660671308544462,0.36677864328837856,0.6033853563738232,1,1,0.10660670411642961,1.0,0,FC Cologne,Augsburg,,7,7,36,double_poisson_alpha_1_0,667,1.0,10
2025-10-18 13:30:00,2025,30281,home_win,0,0,1.6048602193633366,1.5587988330337876,0.39203022279224053,0.2357192906814139,0.3722504865263456,0.6079697772077595,1,1,0.10574689274683245,1.0,0,FC Heidenheim,Werder Bremen,,7,7,36,double_poisson_alpha_1_0,667,1.0,10
2025-10-18 13:30:00,2025,30282,home_win,0,0,1.5594968614778282,1.5974995894082566,0.3738219464225696,0.2360209939042994,0.39015705967313113,0.6261780535774305,1,1,0.10601299944745614,1.0,0,Mainz 05,Bayer Leverkusen,,7,7,36,double_poisson_alpha_1_0,667,1.0,10
2025-10-18 13:30:00,2025,30283,home_win,1,0,1.6477998382083094,1.5245725957587029,0.4089347441862546,0.23495535766766634,0.3561098981460791,0.5910652558137455,1,1,0.10527099366572315,1.0,1,RasenBallsport Leipzig,Hamburger SV,,7,7,36,double_poisson_alpha_1_0,667,1.0,10
2025-10-18 13:30:00,2025,30286,home_win,0,0,1.5910004385129835,1.590147743238677,0.38265704983609933,0.23505118538216072,0.3822917647817399,0.6173429501639006,1,1,0.10508789070941736,1.0,0,Wolfsburg,VfB Stuttgart,,7,7,36,double_poisson_alpha_1_0,667,1.0,10
2025-10-18 16:30:00,2025,30278,home_win,1,0,1.7197415148001929,1.5514043439592635,0.4202890212285858,0.2305574476949034,0.3491535310765109,0.5797109787714143,1,1,0.10128557140011875,1.0,1,Bayern Munich,Borussia Dortmund,,,,37,double_poisson_alpha_1_0,672,1.0,10
2025-10-19 13:30:00,2025,30280,home_win,0,0,1.6050804306256679,1.577427033207328,0.3884362385896746,0.23497130358767657,0.3765924578226487,0.6115637614103253,1,1,0.10502692466595144,1.0,0,Freiburg,Eintracht Frankfurt,,7,7,38,double_poisson_alpha_1_0,673,1.0,10
2025-10-19 15:30:00,2025,30284,home_win,0,0,1.6276840497860314,1.5447105720417145,0.4001862988144791,0.23520731969336922,0.36460638149215163,0.5998137011855209,1,1,0.10535708542883311,1.0,0,St. Pauli,Hoffenheim,,7,7,39,double_poisson_alpha_1_0,674,1.0,10
2025-10-24 18:30:00,2025,30295,home_win,1,0,1.623240639475724,1.523246395032408,0.40341480522877693,0.2362026976403844,0.3603824971308386,0.596585194771223,1,1,0.1063288482591134,0.9999999999999998,1,Werder Bremen,Union Berlin,,8,8,40,double_poisson_alpha_1_0,675,1.0,10
2025-10-25 13:30:00,2025,30287,home_win,0,0,1.5766801049214596,1.5831522707675316,0.38063735861592174,0.23594426240828606,0.3834183789757923,0.6193626413840784,1,1,0.10591769262619935,1.0000000000000002,0,Augsburg,RasenBallsport Leipzig,,8,8,41,double_poisson_alpha_1_0,676,1.0,10
2025-10-25 13:30:00,2025,30289,home_win,0,0,1.582515211706463,1.6871345398629665,0.36231372950720764,0.23112528318601055,0.4065609873067819,0.6376862704927925,1,1,0.10150951786915885,1.0,0,Borussia M.Gladbach,Bayern Munich,,8,8,41,double_poisson_alpha_1_0,676,1.0,10
2025-10-25 13:30:00,2025,30291,home_win,1,0,1.6328600230282833,1.5177970088217865,0.40677749690216114,0.23592654165660285,0.35729596144123615,0.593222503097839,1,1,0.10613281558617012,1.0,1,Eintracht Frankfurt,St. Pauli,,8,8,41,double_poisson_alpha_1_0,676,1.0,10
2025-10-25 13:30:00,2025,30292,home_win,0,0,1.6253549740954953,1.5390538124869668,0.40076166082774856,0.23552483709712052,0.3637135020751309,0.5992383391722514,1,1,0.10566149597768713,1.0,0,Hamburger SV,Wolfsburg,,8,8,41,double_poisson_alpha_1_0,676,1.0,10
2025-10-25 13:30:00,2025,30293,home_win,1,0,1.6456965247614694,1.5554967665385757,0.40227247516074005,0.23397446436619293,0.3637530604730669,0.5977275248392598,1,1,0.1042217311851761,1.0,1,Hoffenheim,FC Heidenheim,,8,8,41,double_poisson_alpha_1_0,676,1.0,10
2025-10-25 16:30:00,2025,30290,home_win,1,0,1.666510166209785,1.509509313828556,0.41636421906197507,0.23451566517526792,0.3491201157627569,0.5836357809380248,1,1,0.10503064432733931,1.0,1,Borussia Dortmund,FC Cologne,,,,42,double_poisson_alpha_1_0,681,1.0,10
2025-10-26 13:30:00,2025,30288,home_win,1,0,1.6904271082508198,1.4980466246965036,0.4242935879827071,0.23362687531030546,0.34207953670698743,0.5757064120172929,1,1,0.10442037080382285,1.0,1,Bayer Leverkusen,Freiburg,,8,8,43,double_poisson_alpha_1_0,682,1.0,10
2025-10-26 15:30:00,2025,30294,home_win,1,0,1.6474105562309782,1.5143560588394733,0.4108981015071927,0.23532209910702673,0.3537797993857808,0.5891018984928076,1,1,0.10565548550111113,1.0000000000000002,1,VfB Stuttgart,Mainz 05,,8,8,44,double_poisson_alpha_1_0,683,1.0,10
2025-10-31 19:30:00,2025,30296,home_win,0,0,1.57521412958437,1.5982503686445948,0.3773823706544431,0.23535621539170715,0.38726141395384983,0.622617629345557,1,1,0.10538196489375731,1.0,0,Augsburg,Borussia Dortmund,,,,45,double_poisson_alpha_1_0,684,1.0,10
2025-11-01 14:30:00,2025,30299,home_win,0,0,1.585211471228355,1.5874652526010082,0.38181405010641056,0.2354052429636145,0.38278070692997496,0.6181859498935894,1,1,0.10541816211408607,1.0,0,FC Heidenheim,Eintracht Frankfurt,,9,9,46,double_poisson_alpha_1_0,685,1.0,10
2025-11-01 14:30:00,2025,30300,home_win,0,0,1.6086407349061345,1.5341863500587707,0.39778402581560546,0.23649543387800567,0.3657205403063887,0.6022159741843943,1,1,0.10651841998346308,0.9999999999999998,0,Mainz 05,Werder Bremen,,9,9,46,double_poisson_alpha_1_0,685,1.0,10
2025-11-01 14:30:00,2025,30301,home_win,1,0,1.6253180791080761,1.562142481065384,0.3961840331794765,0.23466739992576222,0.3691485668947613,0.6038159668205235,1,1,0.1048002880816609,1.0,1,RasenBallsport Leipzig,VfB Stuttgart,,9,9,46,double_poisson_alpha_1_0,685,1.0,10
2025-11-01 14:30:00,2025,30302,home_win,0,0,1.609391763222206,1.5358291585857125,0.39763548383623426,0.2363977712725674,0.3659667448911985,0.6023645161637659,1,1,0.10642718917613361,1.0,0,St. Pauli,Borussia M.Gladbach,,9,9,46,double_poisson_alpha_1_0,685,1.0,10
2025-11-01 14:30:00,2025,30303,home_win,0,0,1.5807533032338366,1.5380547157268765,0.39040728320863105,0.23763963622427245,0.3719530805670964,0.6095927167913688,1,1,0.10748671021131101,1.0,0,Union Berlin,Freiburg,,9,9,46,double_poisson_alpha_1_0,685,1.0,10
2025-11-01 17:30:00,2025,30297,home_win,1,0,1.683601061919884,1.5700314396045216,0.4082152237448852,0.23170560509292107,0.36007917116219385,0.5917847762551149,1,1,0.10212049202837871,1.0,1,Bayern Munich,Bayer Leverkusen,,9,9,47,double_poisson_alpha_1_0,690,1.0,10
2025-11-02 14:30:00,2025,30298,home_win,1,0,1.5868541994178793,1.5477168200025868,0.3899526622961575,0.2369715745756383,0.37307576312820423,0.6100473377038426,1,1,0.10688127625028192,1.0,1,FC Cologne,Hamburger SV,,9,9,48,double_poisson_alpha_1_0,691,1.0,10
2025-11-02 16:30:00,2025,30304,home_win,0,0,1.632974445142963,1.5597168140150721,0.39845812046121554,0.23440893911023197,0.3671329404285525,0.6015418795387845,1,1,0.10458200076117839,1.0,0,Wolfsburg,Hoffenheim,,9,9,49,double_poisson_alpha_1_0,692,1.0,10
2025-11-07 19:30:00,2025,30313,home_win,1,0,1.6175353613843826,1.5430854336494066,0.3981188274378495,0.23574245323937948,0.36613871932277103,0.6018811725621505,1,1,0.1058287300616072,1.0,1,Werder Bremen,Wolfsburg,,10,10,50,double_poisson_alpha_1_0,693,1.0,10
2025-11-08 14:30:00,2025,30305,home_win,1,0,1.6982008137389684,1.483120644912674,0.42916728350272126,0.23364134330959754,0.3371913731876812,0.5708327164972787,1,1,0.10460083954778678,1.0,1,Bayer Leverkusen,FC Heidenheim,,10,10,51,double_poisson_alpha_1_0,694,1.0,10
2025-11-08 14:30:00,2025,30309,home_win,0,0,1.5904000084780505,1.58557530406291,0.38340089214545214,0.2352665814466811,0.38133252640786686,0.616599107854548,1,1,0.10528940934147962,1.0000000000000002,0,Hamburger SV,Borussia Dortmund,,,,51,double_poisson_alpha_1_0,694,1.0,10
2025-11-08 14:30:00,2025,30310,home_win,1,0,1.6028039788544037,1.6075513451621632,0.3820664438794291,0.233841772142755,0.38409178397781596,0.617933556120571,1,1,0.10394549287773965,1.0,1,Hoffenheim,RasenBallsport Leipzig,,10,10,51,double_poisson_alpha_1_0,694,1.0,10
2025-11-08 14:30:00,2025,30312,home_win,0,0,1.5343262297512408,1.6620236900798704,0.35575955424618794,0.2339276310565254,0.41031281469728675,0.6442404457538121,1,1,0.1043272565083073,1.0,0,Union Berlin,Bayern Munich,,10,10,51,double_poisson_alpha_1_0,694,1.0,10
2025-11-08 17:30:00,2025,30306,home_win,1,0,1.6276182992149801,1.5464413345803458,0.39982750495267605,0.2351466927584905,0.3650258022888334,0.600172495047324,1,1,0.10529540736726535,1.0,1,Borussia M.Gladbach,FC Cologne,,10,10,52,double_poisson_alpha_1_0,698,1.0,10
2025-11-09 14:30:00,2025,30308,home_win,1,0,1.597024277759453,1.520000123002929,0.39785228375384796,0.2375884106125293,0.3645593056336227,0.602147716246152,1,1,0.10750994610790672,1.0,1,Freiburg,St. Pauli,,10,10,53,double_poisson_alpha_1_0,699,1.0,10
2025-11-09 16:30:00,2025,30311,home_win,1,0,1.6724582145265938,1.5066276399040681,0.41834273338715433,0.23430196782704812,0.3473552987857975,0.5816572666128457,1,1,0.10488219370199783,1.0,1,VfB Stuttgart,Augsburg,,10,10,54,double_poisson_alpha_1_0,700,1.0,10
2025-11-09 18:30:00,2025,30307,home_win,1,0,1.6346886169766586,1.5271536881546695,0.4053332856934184,0.235506742255831,0.35915997205075073,0.5946667143065817,1,1,0.10571755686942849,1.0000000000000002,1,Eintracht Frankfurt,Mainz 05,,10,10,55,double_poisson_alpha_1_0,701,1.0,10
2025-11-21 19:30:00,2025,30319,home_win,0,0,1.6322581039203032,1.5487374120825572,0.40046254102414036,0.23484565299522053,0.3646918059806391,0.5995374589758596,1,1,0.10502140484672803,1.0,0,Mainz 05,Hoffenheim,,11,11,56,double_poisson_alpha_1_0,702,1.0,10
2025-11-22 14:30:00,2025,30314,home_win,1,0,1.5992572973987147,1.554524441931662,0.3915483022142913,0.2361398186393003,0.3723118791464084,0.6084516977857087,1,1,0.10613188785316163,1.0,1,Augsburg,Hamburger SV,,11,11,57,double_poisson_alpha_1_0,703,1.0,10
2025-11-22 14:30:00,2025,30315,home_win,1,0,1.7400914307946174,1.4938708524007847,0.43668980128753876,0.23108146757346917,0.3322287311389921,0.5633101987124612,1,1,0.10242197537616479,1.0,1,Bayern Munich,Freiburg,,11,11,57,double_poisson_alpha_1_0,703,1.0,10
2025-11-22 14:30:00,2025,30316,home_win,0,0,1.6372838807702166,1.5634274428711,0.3987351485354709,0.23407507866318858,0.36718977280134035,0.6012648514645289,1,1,0.10426785780779524,1.0,0,Borussia Dortmund,VfB Stuttgart,,,,57,double_poisson_alpha_1_0,703,1.0,10
2025-11-22 14:30:00,2025,30318,home_win,0,0,1.6147141655201012,1.5694316663097563,0.3922623696091483,0.23486403836935177,0.3728735920215001,0.6077376303908519,1,1,0.10494967596159369,1.0,0,FC Heidenheim,Borussia M.Gladbach,,11,11,57,double_poisson_alpha_1_0,703,1.0,10
2025-11-22 14:30:00,2025,30322,home_win,0,0,1.5650818903641643,1.6181171731567292,0.37120448513501964,0.2348803150949651,0.3939151997700154,0.6287955148649804,1,1,0.10497871325757008,1.0,0,Wolfsburg,Bayer Leverkusen,,11,11,57,double_poisson_alpha_1_0,703,1.0,10
2025-11-22 17:30:00,2025,30317,home_win,0,0,1.5920979017164465,1.5785442087150239,0.38516489047089775,0.23548510159727554,0.37935000793182666,0.6148351095291023,1,1,0.10549555143634298,1.0,0,FC Cologne,Eintracht Frankfurt,,11,11,58,double_poisson_alpha_1_0,708,1.0,10
2025-11-23 14:30:00,2025,30320,home_win,1,0,1.663537557563281,1.5264492336733453,0.4122487191314896,0.23411488175394948,0.353636399114561,0.5877512808685105,1,1,0.10454934462873089,1.0,1,RasenBallsport Leipzig,Werder Bremen,,11,11,59,double_poisson_alpha_1_0,709,1.0,10
2025-11-23 16:30:00,2025,30321,home_win,0,0,1.5952824434693123,1.5055758305315114,0.40032004084825135,0.23822241590847262,0.36145754324327617,0.5996799591517488,1,1,0.10810719084723668,1.0000000000000002,0,St. Pauli,Union Berlin,,11,11,60,double_poisson_alpha_1_0,710,1.0,10
2025-11-28 19:30:00,2025,30325,home_win,0,0,1.6035053245566713,1.5999261899898305,0.3837007731171763,0.23412688902243828,0.3821723378603855,0.6162992268828238,1,1,0.10421679764056953,1.0,0,Borussia M.Gladbach,RasenBallsport Leipzig,,12,12,61,double_poisson_alpha_1_0,711,1.0,10
2025-11-29 14:30:00,2025,30324,home_win,1,0,1.732958869495718,1.479194746638679,0.438066401081463,0.23184227979574185,0.3300913191227953,0.5619335989185372,1,1,0.10322693212401302,1.0000000000000002,1,Bayern Munich,St. Pauli,,12,12,62,double_poisson_alpha_1_0,712,1.0,10
2025-11-29 14:30:00,2025,30329,home_win,1,0,1.6456473104318896,1.5534303419128568,0.40267078048787797,0.2340505087906391,0.363278710721483,0.597329219512122,1,1,0.10430059269930655,1.0,1,Hoffenheim,Augsburg,,12,12,62,double_poisson_alpha_1_0,712,1.0,10
2025-11-29 14:30:00,2025,30330,home_win,0,0,1.6023036528421468,1.522372516817935,0.39863295343217,0.23724489439598265,0.36412215217184724,0.6013670465678299,1,1,0.10721020825908313,0.9999999999999999,0,Union Berlin,FC Heidenheim,,12,12,62,double_poisson_alpha_1_0,712,1.0,10
2025-11-29 14:30:00,2025,30331,home_win,0,0,1.625986244538255,1.534535716375039,0.40180944883070957,0.23566022952286655,0.36253032164642396,0.5981905511692905,1,1,0.10580266835472776,1.0000000000000002,0,Werder Bremen,FC Cologne,,12,12,62,double_poisson_alpha_1_0,712,1.0,10
2025-11-29 17:30:00,2025,30323,home_win,0,0,1.6697125437006388,1.5416920023713108,0.41063368620968066,0.2333078735653674,0.35605844022495203,0.5893663137903195,1,1,0.10373947738107084,1.0,0,Bayer Leverkusen,Borussia Dortmund,,,,63,double_poisson_alpha_1_0,716,1.0,10
2025-11-30 14:30:00,2025,30328,home_win,1,0,1.5980625495733138,1.5891036866254828,0.38451822150185877,0.2347981489093905,0.3806836295887509,0.6154817784981415,1,1,0.10485214028338462,1.0,1,Hamburger SV,VfB Stuttgart,,12,12,64,double_poisson_alpha_1_0,717,1.0,10
2025-11-30 16:30:00,2025,30326,home_win,0,0,1.6535691166530377,1.5297248174922962,0.40925521993361463,0.2344964209401531,0.35624835912623243,0.5907447800663855,1,1,0.10484522960634746,1.0000000000000002,0,Eintracht Frankfurt,Wolfsburg,,12,12,65,double_poisson_alpha_1_0,718,1.0,10
2025-11-30 18:30:00,2025,30327,home_win,1,0,1.5956511639427244,1.5366776153710613,0.3942149056296111,0.2370072001110726,0.36877789425931634,0.605785094370389,1,1,0.10694675557177485,1.0,1,Freiburg,Mainz 05,,12,12,66,double_poisson_alpha_1_0,719,1.0,10
2025-12-05 19:30:00,2025,30339,home_win,0,0,1.62030314846198,1.5412648607474104,0.3991322749467121,0.23568101062391972,0.36518671442936806,0.6008677250532878,1,1,0.1057844938427522,1.0,0,Mainz 05,Borussia M.Gladbach,,13,13,67,double_poisson_alpha_1_0,720,1.0,10
2025-12-06 14:30:00,2025,30332,home_win,0,0,1.6203258217799752,1.6435660944951715,0.37924987968740353,0.23165947578142948,0.38909064453116715,0.6207501203125967,1,1,0.10183551822650155,1.0,0,VfB Stuttgart,Bayern Munich,,13,13,68,double_poisson_alpha_1_0,721,1.0,10
2025-12-06 14:30:00,2025,30333,home_win,1,0,1.6083398750963478,1.5129685690356889,0.4019437817068948,0.23730538439195373,0.36075083390115137,0.5980562182931051,1,1,0.10731012524136527,0.9999999999999999,1,Wolfsburg,Union Berlin,,13,13,68,double_poisson_alpha_1_0,721,1.0,10
2025-12-06 14:30:00,2025,30334,home_win,1,0,1.55448688449594,1.6235441519549925,0.3676862893727785,0.2350362727939415,0.39727743783328007,0.6323137106272215,1,1,0.1051598174169848,1.0000000000000002,1,Augsburg,Bayer Leverkusen,,13,13,68,double_poisson_alpha_1_0,721,1.0,10
2025-12-06 14:30:00,2025,30336,home_win,0,0,1.590934163994091,1.5218124954064776,0.3960438766969774,0.2378092254022492,0.3661468979007737,0.6039561233030228,1,1,0.10768734161231157,1.0000000000000002,0,FC Cologne,St. Pauli,,13,13,68,double_poisson_alpha_1_0,721,1.0,10
2025-12-06 14:30:00,2025,30338,home_win,1,0,1.5982901298278713,1.555041863681813,0.3912182135796922,0.23616286671338393,0.37261891970692385,0.6087817864203078,1,1,0.10615073811959616,1.0,1,FC Heidenheim,Freiburg,,13,13,68,double_poisson_alpha_1_0,721,1.0,10
2025-12-06 17:30:00,2025,30340,home_win,1,0,1.6425136092683836,1.5435839538045433,0.40389336527670106,0.23454835862571483,0.361558276097584,0.5961066347232988,1,1,0.10479357138673354,0.9999999999999999,1,RasenBallsport Leipzig,Eintracht Frankfurt,,13,13,69,double_poisson_alpha_1_0,726,1.0,10
2025-12-07 14:30:00,2025,30337,home_win,1,0,1.6239417739743853,1.541546020171923,0.3999336911274445,0.2354996682255535,0.36456664064700195,0.6000663088725554,1,1,0.10562654306993531,1.0,1,Hamburger SV,Werder Bremen,,13,13,70,double_poisson_alpha_1_0,727,1.0,10
2025-12-07 16:30:00,2025,30335,home_win,1,0,1.6887160501143712,1.5404092743506885,0.41531614252671145,0.23242092222367516,0.3522629352496136,0.5846838574732888,1,1,0.10299151484909731,1.0000000000000002,1,Borussia Dortmund,Hoffenheim,,,,71,double_poisson_alpha_1_0,728,1.0,10
2025-12-12 19:30:00,2025,30348,home_win,1,0,1.5560694921818892,1.5809675581767384,0.3761862242554976,0.23689438896083362,0.38691938678366883,0.6238137757445025,1,1,0.10679577356399482,1.0,1,Union Berlin,RasenBallsport Leipzig,,14,14,72,double_poisson_alpha_1_0,729,1.0,10
2025-12-13 14:30:00,2025,30343,home_win,0,0,1.6334006254693976,1.5508742062233936,0.4003072143228672,0.23471426501727086,0.3649785206598618,0.5996927856771327,1,1,0.1048953659046027,0.9999999999999999,0,Borussia M.Gladbach,Wolfsburg,,14,14,73,double_poisson_alpha_1_0,730,1.0,10
2025-12-13 14:30:00,2025,30344,home_win,1,0,1.6580370691857078,1.5219759234097483,0.41185986732241175,0.23453622952641054,0.35360390315117785,0.5881401326775884,1,1,0.10493972533355436,1.0000000000000002,1,Eintracht Frankfurt,Augsburg,,14,14,73,double_poisson_alpha_1_0,730,1.0,10
2025-12-13 14:30:00,2025,30346,home_win,1,0,1.6381103046011711,1.5681237108811263,0.39800263802887925,0.23386457808876918,0.36813278388235166,0.6019973619711209,1,1,0.1040575804134825,1.0,1,Hoffenheim,Hamburger SV,,14,14,73,double_poisson_alpha_1_0,730,1.0,10
2025-12-13 14:30:00,2025,30347,home_win,1,0,1.610556838817008,1.513928499475002,0.40227748602346786,0.23716143531050127,0.3605610786660308,0.5977225139765321,1,1,0.10718516471105816,0.9999999999999998,1,St. Pauli,FC Heidenheim,,14,14,73,double_poisson_alpha_1_0,730,1.0,10
2025-12-13 17:30:00,2025,30341,home_win,1,0,1.699734021762306,1.4865909996167699,0.428812505745084,0.23346086808747107,0.33772662616744475,0.5711874942549158,1,1,0.10441649046152728,0.9999999999999998,1,Bayer Leverkusen,FC Cologne,,14,14,74,double_poisson_alpha_1_0,734,1.0,10
2025-12-14 14:30:00,2025,30345,home_win,0,0,1.5912821058940463,1.5869330268358943,0.3833453966081237,0.23517307774226845,0.3814815256496079,0.6166546033918764,1,1,0.10520211798144975,0.9999999999999999,0,Freiburg,Borussia Dortmund,,,,75,double_poisson_alpha_1_0,735,1.0,10
2025-12-14 16:30:00,2025,30342,home_win,0,0,1.7363053365161094,1.4869428616903122,0.4372416362887205,0.23146299920771637,0.331295364503563,0.5627583637112794,1,1,0.10282091731530733,0.9999999999999999,0,Bayern Munich,Mainz 05,,14,14,76,double_poisson_alpha_1_0,736,1.0,10
2025-12-14 18:30:00,2025,30349,home_win,0,0,1.6061492535683275,1.5897623387934596,0.38628776108094987,0.23442971875796,0.37928252016109004,0.61371223891905,1,1,0.10450843286313105,1.0,0,Werder Bremen,VfB Stuttgart,,14,14,77,double_poisson_alpha_1_0,737,1.0,10
2025-12-19 19:30:00,2025,30351,home_win,1,0,1.6790298066554852,1.5269359087486432,0.4157716019562177,0.23332783455600023,0.350900563487782,0.5842283980437822,1,1,0.10388336168349252,1.0,1,Borussia Dortmund,Borussia M.Gladbach,,,,78,double_poisson_alpha_1_0,738,1.0,10
2025-12-20 14:30:00,2025,30350,home_win,0,0,1.6090753099020076,1.5487212288075356,0.395008878519032,0.23591976042218027,0.3690713610587876,0.6049911214809678,1,1,0.10595855100049546,0.9999999999999999,0,Augsburg,Werder Bremen,,15,15,79,double_poisson_alpha_1_0,739,1.0,10
2025-12-20 14:30:00,2025,30352,home_win,0,0,1.6020208469632724,1.5166263430979685,0.39971218018351007,0.23747607435282922,0.36281174546366074,0.6002878198164899,1,1,0.10743245317729459,1.0,0,FC Cologne,Union Berlin,,15,15,79,double_poisson_alpha_1_0,739,1.0,10
2025-12-20 14:30:00,2025,30353,home_win,0,0,1.6156812426604024,1.5696714985113291,0.39244246856990295,0.2348118093948192,0.3727457220352779,0.607557531430097,1,1,0.10490189588236287,1.0,0,Hamburger SV,Eintracht Frankfurt,,15,15,79,double_poisson_alpha_1_0,739,1.0,10
2025-12-20 14:30:00,2025,30357,home_win,0,0,1.6911362131098324,1.5453132389710877,0.41489403781922796,0.23214739034826307,0.3529585718325091,0.5851059621807722,1,1,0.10271242354046421,1.0,0,VfB Stuttgart,Hoffenheim,,15,15,79,double_poisson_alpha_1_0,739,1.0,10
2025-12-20 14:30:00,2025,30358,home_win,0,0,1.6190033817588239,1.539250561628745,0.39922568458510643,0.235817119893339,0.3649571955215548,0.6007743154148938,1,1,0.10591191401306446,1.0000000000000002,0,Wolfsburg,Freiburg,,15,15,79,double_poisson_alpha_1_0,739,1.0,10
2025-12-20 17:30:00,2025,30356,home_win,0,0,1.60942910643825,1.5796945344375934,0.3890153415447122,0.23469246250287681,0.376292195952411,0.6109846584552878,1,1,0.10476740030027497,1.0,0,RasenBallsport Leipzig,Bayer Leverkusen,,15,15,80,double_poisson_alpha_1_0,744,1.0,10
2025-12-21 14:30:00,2025,30355,home_win,0,0,1.5919909017749436,1.5041844221233542,0.39981434685320094,0.23843697061481836,0.36174868253198067,0.6001856531467991,1,1,0.10829036309555758,1.0,0,Mainz 05,St. Pauli,,15,15,81,double_poisson_alpha_1_0,745,1.0,10
2025-12-21 16:30:00,2025,30354,home_win,0,0,1.5524104616430316,1.6778246205802096,0.35705656424131044,0.23256241696827393,0.41038101879041566,0.6429434357586896,1,1,0.10301011032497964,1.0,0,FC Heidenheim,Bayern Munich,,15,15,82,double_poisson_alpha_1_0,746,1.0,10
2026-01-09 19:30:00,2025,30362,home_win,0,0,1.6140300720560812,1.5743749542944425,0.3911339448719838,0.23470145335113496,0.37416460177688105,0.6088660551280161,1,1,0.10478837010039879,0.9999999999999999,0,Eintracht Frankfurt,Borussia Dortmund,,,,83,double_poisson_alpha_1_0,747,1.0,10
2026-01-10 14:30:00,2025,30363,home_win,1,0,1.6128517351924618,1.5462741815367993,0.39638317420959895,0.23583946270891282,0.36777736308148823,0.6036168257904011,1,1,0.10589854593180577,1.0,1,Freiburg,Hamburger SV,,16,16,84,double_poisson_alpha_1_0,748,1.0,10
2026-01-10 14:30:00,2025,30364,home_win,0,0,1.5989808408195876,1.542169956959233,0.3939175637338464,0.23663827839911222,0.36944415786704116,0.6060824362661534,1,1,0.1066083054083814,0.9999999999999998,0,FC Heidenheim,FC Cologne,,16,16,84,double_poisson_alpha_1_0,748,1.0,10
2026-01-10 14:30:00,2025,30366,home_win,0,0,1.5702286798972618,1.5251612997058746,0.39044698413287726,0.2386500061956876,0.37090300967143514,0.6095530158671227,1,1,0.1083846787295686,1.0,0,Union Berlin,Mainz 05,,16,16,84,double_poisson_alpha_1_0,748,1.0,10
2026-01-10 17:30:00,2025,30359,home_win,0,0,1.6696020424067204,1.5415713963859226,0.41063204384733,0.2333172341169479,0.3560507220357222,0.5893679561526701,1,1,0.10374847121327925,1.0,0,Bayer Leverkusen,VfB Stuttgart,,16,16,85,double_poisson_alpha_1_0,751,1.0,10
2026-01-11 14:30:00,2025,30361,home_win,1,0,1.6296775111695208,1.5392018645177332,0.4017498280441705,0.23531477302488474,0.36293539893094484,0.5982501719558295,1,1,0.10548007419779748,0.9999999999999999,1,Borussia M.Gladbach,Augsburg,,16,16,86,double_poisson_alpha_1_0,752,1.0,10
2026-01-11 16:30:00,2025,30360,home_win,1,0,1.7521056152009058,1.500341973972829,0.4381297873805268,0.23026809897010483,0.3316021136493684,0.5618702126194732,1,1,0.10167882062519892,1.0,1,Bayern Munich,Wolfsburg,,16,16,87,double_poisson_alpha_1_0,753,1.0,10
2026-01-13 17:30:00,2025,30375,home_win,1,0,1.664263104338085,1.553819001279568,0.4069423196854685,0.2331609595455497,0.3598967207689816,0.5930576803145313,1,1,0.1035206791419426,0.9999999999999999,1,VfB Stuttgart,Eintracht Frankfurt,,17,17,88,double_poisson_alpha_1_0,754,1.0,10
2026-01-13 19:30:00,2025,30369,home_win,1,0,1.6738966947390195,1.5206370802335256,0.41584349924339964,0.23378579284384216,0.3503707079127582,0.5841565007566003,1,1,0.10432438603344737,1.0,1,Borussia Dortmund,Werder Bremen,,,,89,double_poisson_alpha_1_0,755,1.0,10
2026-01-13 19:30:00,2025,30373,home_win,1,0,1.6290492511922254,1.514289897820503,0.4065821645046327,0.23623845485748096,0.3571793806378864,0.5934178354953674,1,1,0.10641635823565608,1.0,1,Mainz 05,FC Heidenheim,,17,17,89,double_poisson_alpha_1_0,755,1.0,10
2026-01-14 17:30:00,2025,30376,home_win,1,0,1.609443853397493,1.5297712127315506,0.39885155133859085,0.2366243335796681,0.364524115081741,0.6011484486614092,1,1,0.10664942885289123,0.9999999999999999,1,Wolfsburg,St. Pauli,,17,17,90,double_poisson_alpha_1_0,757,1.0,10
2026-01-14 19:30:00,2025,30370,home_win,0,0,1.5628269104839059,1.6797452979940992,0.3591217496256973,0.23212612931818474,0.4087521210561179,0.6408782503743027,1,1,0.10254703255609293,1.0,0,FC Cologne,Bayern Munich,,17,17,91,double_poisson_alpha_1_0,758,1.0,10
2026-01-14 19:30:00,2025,30372,home_win,1,0,1.6564629244374591,1.5740365401582952,0.40111971933678475,0.23281751348432797,0.3660627671788872,0.5988802806632152,1,1,0.10308807702700676,1.0,1,Hoffenheim,Borussia M.Gladbach,,17,17,91,double_poisson_alpha_1_0,758,1.0,10
2026-01-14 19:30:00,2025,30374,home_win,1,0,1.6651484194539756,1.517815771876471,0.41436551280953415,0.23431701652387704,0.3513174706665889,0.585634487190466,1,1,0.10479202347732479,1.0,1,RasenBallsport Leipzig,Freiburg,,17,17,91,double_poisson_alpha_1_0,758,1.0,10
2026-01-15 19:30:00,2025,30368,home_win,0,0,1.6032063653729836,1.5232605022663404,0.39867014789574423,0.23716796216083597,0.36416188994341986,0.6013298521042558,1,1,0.10714114940134441,1.0,0,Augsburg,Union Berlin,,17,17,92,double_poisson_alpha_1_0,761,1.0,10
2026-01-16 19:30:00,2025,30384,home_win,0,0,1.617854265680311,1.5794316970570315,0.39104245720839115,0.2343364157222273,0.3746211270693817,0.608957542791609,1,1,0.10444234086796873,1.0,0,Werder Bremen,Eintracht Frankfurt,,18,18,93,double_poisson_alpha_1_0,762,1.0,10
2026-01-17 14:30:00,2025,30378,home_win,1,0,1.6603825648403785,1.4959759190655437,0.4176717227716111,0.23526347432313227,0.34706480290525676,0.5823282772283891,1,1,0.10576541907795078,1.0,1,Borussia Dortmund,St. Pauli,,,,94,double_poisson_alpha_1_0,763,1.0,10
2026-01-17 14:30:00,2025,30379,home_win,1,0,1.5956308679047755,1.5405255585580637,0.39344932236955504,0.23685721222936004,0.36969346540108483,0.6065506776304449,1,1,0.10680360375902066,1.0,1,FC Cologne,Mainz 05,,18,18,94,double_poisson_alpha_1_0,763,1.0,10
2026-01-17 14:30:00,2025,30380,home_win,0,0,1.644592531819683,1.5565485507372334,0.4018057151173805,0.233988185936391,0.36420609894622846,0.5981942848826195,1,1,0.1042276815180338,1.0,0,Hamburger SV,Borussia M.Gladbach,,18,18,94,double_poisson_alpha_1_0,763,1.0,10
2026-01-17 14:30:00,2025,30381,home_win,1,0,1.6065717968987725,1.6346027663507867,0.3777645607013691,0.2325640840315243,0.38967135526710645,0.6222354392986307,1,1,0.1027278362261617,0.9999999999999999,1,Hoffenheim,Bayer Leverkusen,,18,18,94,double_poisson_alpha_1_0,763,1.0,10
2026-01-17 14:30:00,2025,30385,home_win,0,0,1.6450122284675102,1.5364273720542496,0.40590651973506603,0.23468099515785543,0.3594124851070784,0.5940934802649338,1,1,0.10495412284668093,0.9999999999999999,0,Wolfsburg,FC Heidenheim,,18,18,94,double_poisson_alpha_1_0,763,1.0,10
2026-01-17 17:30:00,2025,30382,home_win,0,0,1.617290871178573,1.6438394376401335,0.378494621657552,0.23176490011735196,0.38974047822509605,0.621505378342448,1,1,0.10194281756799031,1.0,0,RasenBallsport Leipzig,Bayern Munich,,18,18,95,double_poisson_alpha_1_0,768,1.0,10
2026-01-18 14:30:00,2025,30383,home_win,0,0,1.670783892806479,1.4986816128699112,0.41956502893752234,0.2346368954351396,0.3457980756273381,0.5804349710624777,1,1,0.105232110157673,1.0,0,VfB Stuttgart,Union Berlin,,18,18,96,double_poisson_alpha_1_0,769,1.0,10
2026-01-18 16:30:00,2025,30377,home_win,0,0,1.6065803185907672,1.5490468241904898,0.39435587437914726,0.2360215756206899,0.36962255000016264,0.6056441256208526,1,1,0.10604630307235864,1.0,0,Augsburg,Freiburg,,18,18,97,double_poisson_alpha_1_0,770,1.0,10
2026-01-23 19:30:00,2025,30393,home_win,0,0,1.597445490727806,1.5361402738827716,0.3947464693537326,0.23694473165641775,0.36830879898984953,0.6052535306462673,1,1,0.1068951293317575,0.9999999999999999,0,St. Pauli,Hamburger SV,,19,19,98,double_poisson_alpha_1_0,771,1.0,10
2026-01-24 14:30:00,2025,30386,home_win,1,0,1.7002469994823821,1.5027411346589614,0.4256263175657531,0.23297287761692165,0.34140080481732527,0.5743736824342469,1,1,0.10383795330409185,1.0,1,Bayer Leverkusen,Werder Bremen,,19,19,99,double_poisson_alpha_1_0,772,1.0,10
2026-01-24 14:30:00,2025,30387,home_win,0,0,1.7689343330573715,1.4831886546204824,0.44554246626754124,0.22974528759896404,0.3247122461334946,0.5544575337324587,1,1,0.10151472393855775,1.0,0,Bayern Munich,Augsburg,,19,19,99,double_poisson_alpha_1_0,772,1.0,10
2026-01-24 14:30:00,2025,30389,home_win,0,0,1.6710619821706696,1.562213868268879,0.40685646381432106,0.2325548524202457,0.3605886837654333,0.5931435361856789,1,1,0.1029293398442595,1.0,0,Eintracht Frankfurt,Hoffenheim,,19,19,99,double_poisson_alpha_1_0,772,1.0,10
2026-01-24 14:30:00,2025,30391,home_win,0,0,1.5773111665007642,1.5984951392614926,0.377828799361906,0.235260693592361,0.38691050704573293,0.622171200638094,1,1,0.10529155599150608,1.0,0,FC Heidenheim,RasenBallsport Leipzig,,19,19,99,double_poisson_alpha_1_0,772,1.0,10
2026-01-24 14:30:00,2025,30392,home_win,1,0,1.6185004268308583,1.530138193109888,0.4009194748511725,0.23617898817662683,0.3629015369722006,0.5990805251488275,1,1,0.10626912278520773,1.0,1,Mainz 05,Wolfsburg,,19,19,99,double_poisson_alpha_1_0,772,1.0,10
2026-01-24 17:30:00,2025,30394,home_win,0,0,1.5647020031588803,1.5856654315613343,0.37732384787436807,0.23633248914221283,0.3863436629834192,0.6226761521256321,1,1,0.10628109105244202,1.0,0,Union Berlin,Borussia Dortmund,,,,100,double_poisson_alpha_1_0,777,1.0,10
2026-01-25 14:30:00,2025,30388,home_win,0,0,1.609256273028814,1.6042743961384902,0.3842065021191555,0.23371143418525891,0.3820820636955858,0.6157934978808447,1,1,0.10382100437938126,1.0000000000000002,0,Borussia M.Gladbach,VfB Stuttgart,,19,19,101,double_poisson_alpha_1_0,778,1.0,10
2026-01-25 16:30:00,2025,30390,home_win,1,0,1.6231103115105456,1.5326969881656267,0.40149769226460175,0.23586466132362313,0.3626376464117751,0.5985023077353983,1,1,0.10598749910196024,1.0,1,Freiburg,FC Cologne,,19,19,102,double_poisson_alpha_1_0,779,1.0,10
2026-01-27 19:30:00,2025,30365,home_win,0,0,1.5670879892655976,1.5704616186585014,0.38082721639572903,0.2368913224327485,0.3822814611715224,0.6191727836042709,1,1,0.10678253519701725,1.0,0,St. Pauli,RasenBallsport Leipzig,,16,16,103,double_poisson_alpha_1_0,780,1.0,10
2026-01-27 19:30:00,2025,30367,home_win,0,0,1.6343122554376301,1.5745006312225465,0.3958604406510184,0.23379834586085044,0.3703412134881312,0.6041395593489817,1,1,0.10397002451345014,1.0,0,Werder Bremen,Hoffenheim,,16,16,103,double_poisson_alpha_1_0,780,1.0,10
2026-01-30 19:30:00,2025,30398,home_win,1,0,1.6114633000292,1.5482021467966718,0.39567465736645313,0.2358299156757304,0.36849542695781645,0.6043253426335469,1,1,0.10588216584458487,1.0,1,FC Cologne,Wolfsburg,,20,20,104,double_poisson_alpha_1_0,782,1.0,10
2026-01-31 14:30:00,2025,30395,home_win,1,0,1.5855398361942536,1.5227300267813018,0.39457811327325654,0.23802915796281404,0.3673927287639293,0.6054218867267434,1,1,0.10786874350768415,1.0,1,Augsburg,St. Pauli,,20,20,105,double_poisson_alpha_1_0,783,1.0,10
2026-01-31 14:30:00,2025,30397,home_win,0,0,1.602595215593847,1.6060482684510846,0.38230703861099513,0.23391241211045044,0.3837805492785546,0.617692961389005,1,1,0.10401267742610797,1.0,0,Eintracht Frankfurt,Bayer Leverkusen,,20,20,105,double_poisson_alpha_1_0,783,1.0,10
2026-01-31 14:30:00,2025,30400,home_win,1,0,1.6387993006556056,1.526647384753808,0.40640235307023,0.2353244901726998,0.3582731567570701,0.5935976469297699,1,1,0.1055670728826258,0.9999999999999998,1,Hoffenheim,Union Berlin,,20,20,105,double_poisson_alpha_1_0,783,1.0,10
2026-01-31 14:30:00,2025,30401,home_win,0,0,1.6416581359398326,1.5070460647023172,0.4110174527822087,0.2358589706576558,0.35312357656013527,0.5889825472177911,1,1,0.10615596219718268,0.9999999999999999,0,RasenBallsport Leipzig,Mainz 05,,20,20,105,double_poisson_alpha_1_0,783,1.0,10
2026-01-31 14:30:00,2025,30403,home_win,0,0,1.6284269735418098,1.5564757770025746,0.39803149245362845,0.2347377132654096,0.3672307942809617,0.6019685075463713,1,1,0.10488779698895294,0.9999999999999999,0,Werder Bremen,Borussia M.Gladbach,,20,20,105,double_poisson_alpha_1_0,783,1.0,10
2026-01-31 17:30:00,2025,30399,home_win,0,0,1.5725646932919755,1.6691786986715835,0.36334470760881893,0.23228783519363763,0.4043674571975435,0.6366552923911811,1,1,0.10262190863823589,1.0,0,Hamburger SV,Bayern Munich,,20,20,106,double_poisson_alpha_1_0,788,1.0,10
2026-02-01 14:30:00,2025,30402,home_win,1,0,1.6688989895177142,1.5226626501131415,0.4142659825465144,0.23397162074908212,0.3517623967044034,0.5857340174534855,1,1,0.10446147116990973,1.0,1,VfB Stuttgart,Freiburg,,20,20,107,double_poisson_alpha_1_0,789,1.0,10
2026-02-01 16:30:00,2025,30396,home_win,1,0,1.6842571060223885,1.4969079951257096,0.42308340775553976,0.23398562510937368,0.34293096713508653,0.5769165922444602,1,1,0.10472275210194774,1.0,1,Borussia Dortmund,FC Heidenheim,,,,108,double_poisson_alpha_1_0,790,1.0,10
2026-02-06 19:30:00,2025,30411,home_win,0,0,1.5846298873440587,1.5701081191164898,0.38504499662657893,0.23615435604306986,0.3788006473303511,0.614955003373421,1,1,0.10611385544998364,1.0,0,Union Berlin,Eintracht Frankfurt,,21,21,109,double_poisson_alpha_1_0,791,1.0,10
2026-02-07 14:30:00,2025,30407,home_win,1,0,1.6203302747847945,1.5409536603038179,0.39920042662753136,0.2356913247032079,0.3651082486692607,0.6007995733724686,1,1,0.10579495461976698,0.9999999999999999,1,Freiburg,Werder Bremen,,21,21,110,double_poisson_alpha_1_0,792,1.0,10
2026-02-07 14:30:00,2025,30408,home_win,0,0,1.593276450803984,1.5621458672586033,0.3886411592261504,0.23610211718272117,0.3752567235911286,0.6113588407738497,1,1,0.10607919627029741,1.0000000000000002,0,FC Heidenheim,Hamburger SV,,21,21,110,double_poisson_alpha_1_0,792,1.0,10
2026-02-07 14:30:00,2025,30409,home_win,1,0,1.6117531362929407,1.5125852740872778,0.4028302927636042,0.23715228282991951,0.3600174244064761,0.5971697072363956,1,1,0.10718535747584956,0.9999999999999999,1,Mainz 05,Augsburg,,21,21,110,double_poisson_alpha_1_0,792,1.0,10
2026-02-07 14:30:00,2025,30410,home_win,1,0,1.5676468826999885,1.5766577395115986,0.3797592020587224,0.23660112619144802,0.38363967174982977,0.6202407979412778,1,1,0.10652008966940388,0.9999999999999999,1,St. Pauli,VfB Stuttgart,,21,21,110,double_poisson_alpha_1_0,792,1.0,10
2026-02-07 14:30:00,2025,30412,home_win,0,0,1.587194428439716,1.5991360877309935,0.3800285495341012,0.23483101288369954,0.3851404375821995,0.6199714504658991,1,1,0.10488413328114639,1.0,0,Wolfsburg,Borussia Dortmund,,,,110,double_poisson_alpha_1_0,792,1.0,10
2026-02-07 17:30:00,2025,30405,home_win,0,0,1.5772062516016572,1.6199052466412223,0.3737088046690556,0.23433315590083825,0.39195803943010615,0.6262911953309445,1,1,0.10444561708694994,1.0,0,Borussia M.Gladbach,Bayer Leverkusen,,21,21,111,double_poisson_alpha_1_0,797,1.0,10
2026-02-08 14:30:00,2025,30406,home_win,0,0,1.5712390667313456,1.5794512578378503,0.3800682286690765,0.23633024346943826,0.38360152786148516,0.6199317713309234,1,1,0.10627254340625249,0.9999999999999999,0,FC Cologne,RasenBallsport Leipzig,,21,21,112,double_poisson_alpha_1_0,798,1.0,10
2026-02-08 16:30:00,2025,30404,home_win,1,0,1.7621482491251121,1.5229591546685999,0.4358015452602645,0.22917135876321137,0.3350270959765239,0.5641984547397353,1,1,0.1004677510136002,0.9999999999999999,1,Bayern Munich,Hoffenheim,,21,21,113,double_poisson_alpha_1_0,799,1.0,10
2026-02-13 19:30:00,2025,30415,home_win,1,0,1.6485735590806312,1.505606606105518,0.41293836525719274,0.2355569436250984,0.3515046911177089,0.5870616347428073,1,1,0.1059197143867544,1.0,1,Borussia Dortmund,Mainz 05,,,,114,double_poisson_alpha_1_0,800,1.0,10
2026-02-14 14:30:00,2025,30414,home_win,1,0,1.6706033397271125,1.4741069370998157,0.42454728332149544,0.23539732317029924,0.34005539350820513,0.5754527166785044,1,1,0.10608940528128831,0.9999999999999998,1,Bayer Leverkusen,St. Pauli,,22,22,115,double_poisson_alpha_1_0,801,1.0,10
2026-02-14 14:30:00,2025,30416,home_win,1,0,1.6583482812084478,1.5448008182389783,0.4073585408838789,0.2337508856459996,0.3588905734701215,0.5926414591161211,1,1,0.10409701043820464,1.0,1,Eintracht Frankfurt,Borussia M.Gladbach,,22,22,115,double_poisson_alpha_1_0,801,1.0,10
2026-02-14 14:30:00,2025,30417,home_win,1,0,1.6146185689586658,1.5057599615950794,0.4048800918014663,0.23725960549431396,0.35786030270421976,0.5951199081985337,1,1,0.10731551412444111,0.9999999999999999,1,Hamburger SV,Union Berlin,,22,22,115,double_poisson_alpha_1_0,801,1.0,10
2026-02-14 14:30:00,2025,30418,home_win,1,0,1.641443521804023,1.5534840103258756,0.4016758289885987,0.23424486867175393,0.3640793023396475,0.5983241710114015,1,1,0.10447041851142899,1.0,1,Hoffenheim,Freiburg,,22,22,115,double_poisson_alpha_1_0,801,1.0,10
2026-02-14 14:30:00,2025,30421,home_win,0,0,1.5683122904814397,1.6769138616188324,0.3609194390143702,0.23207498392517123,0.40700557706045853,0.6390805609856298,1,1,0.10246121234152451,1.0,0,Werder Bremen,Bayern Munich,,22,22,115,double_poisson_alpha_1_0,801,1.0,10
2026-02-14 17:30:00,2025,30420,home_win,1,0,1.6702560025053361,1.5040216345537234,0.4183555929899143,0.23449728659958252,0.3471471204105031,0.5816444070100857,1,1,0.10506688649808342,1.0,1,VfB Stuttgart,FC Cologne,,22,22,116,double_poisson_alpha_1_0,806,1.0,10
2026-02-15 14:30:00,2025,30413,home_win,1,0,1.620921011997595,1.5255170824088444,0.4024130782789469,0.23623239879796382,0.3613545229230893,0.5975869217210531,1,1,0.10634038422185489,1.0,1,Augsburg,FC Heidenheim,,22,22,117,double_poisson_alpha_1_0,807,1.0,10
2026-02-15 16:30:00,2025,30419,home_win,0,0,1.6658282623661378,1.511522297969729,0.4157967902387855,0.2344858950014744,0.34971731475974016,0.5842032097612145,1,1,0.10498783230205254,1.0,0,RasenBallsport Leipzig,Wolfsburg,,22,22,118,double_poisson_alpha_1_0,808,1.0,10
2026-02-20 19:30:00,2025,30426,home_win,0,0,1.6035591942439122,1.5288664471769549,0.39763810918126896,0.23693792738891384,0.3654239634298172,0.602361890818731,1,1,0.10692010457055509,1.0,0,Mainz 05,Hamburger SV,,23,23,119,double_poisson_alpha_1_0,809,1.0,10
2026-02-21 14:30:00,2025,30422,home_win,1,0,1.7519792636411275,1.5247527481976595,0.43310264852325064,0.22965925290709227,0.33723809856965703,0.5668973514767492,1,1,0.10084671475898034,1.0,1,Bayern Munich,Eintracht Frankfurt,,23,23,120,double_poisson_alpha_1_0,810,1.0,10
2026-02-21 14:30:00,2025,30423,home_win,0,0,1.6159042684956442,1.5693785907994713,0.3925522555102522,0.23481326795613747,0.37263447653361037,0.6074477444897478,1,1,0.10490412913492275,1.0,0,FC Cologne,Hoffenheim,,23,23,120,double_poisson_alpha_1_0,810,1.0,10
2026-02-21 14:30:00,2025,30429,home_win,1,0,1.543234823398756,1.604989949373716,0.3685523572251058,0.23631949852543485,0.3951281442494594,0.6314476427748943,1,1,0.10632800985045497,1.0000000000000002,1,Union Berlin,Bayer Leverkusen,,23,23,120,double_poisson_alpha_1_0,810,1.0,10
2026-02-21 14:30:00,2025,30430,home_win,0,0,1.619631637169508,1.5302526235706837,0.401163807001619,0.23612068046533982,0.36271551253304124,0.5988361929983811,1,1,0.10621895664775159,1.0,0,Wolfsburg,Augsburg,,23,23,120,double_poisson_alpha_1_0,810,1.0,10
2026-02-21 17:30:00,2025,30427,home_win,0,0,1.62833750124328,1.5638086979753636,0.39656410459780317,0.23446786741363967,0.36896802798855693,0.6034358954021966,1,1,0.10461562875709984,1.0,0,RasenBallsport Leipzig,Borussia Dortmund,,,,121,double_poisson_alpha_1_0,814,1.0,10
2026-02-22 14:30:00,2025,30424,home_win,1,0,1.6293991618776666,1.5467785970006547,0.4001792980138411,0.2350510279014753,0.36476967408468364,0.599820701986159,1,1,0.10521052031787356,1.0,1,Freiburg,Borussia M.Gladbach,,23,23,122,double_poisson_alpha_1_0,815,1.0,10
2026-02-22 16:30:00,2025,30428,home_win,1,0,1.5990921739995643,1.5246578325062736,0.3974158887295749,0.2373110693947356,0.36527304187568965,0.6025841112704252,1,1,0.10725523439892808,1.0,1,St. Pauli,Werder Bremen,,23,23,123,double_poisson_alpha_1_0,816,1.0,10
2026-02-22 18:30:00,2025,30425,home_win,0,0,1.5757940717915566,1.6054960516842764,0.37612910120605947,0.23501848092191263,0.38885241787202784,0.6238708987939405,1,1,0.10507319983975794,1.0,0,FC Heidenheim,VfB Stuttgart,,23,23,124,double_poisson_alpha_1_0,817,1.0,10
2026-02-27 19:30:00,2025,30431,home_win,1,0,1.6093236078305244,1.530370891302776,0.3987038096623272,0.2366074409976851,0.36468874933998774,0.6012961903376728,1,1,0.10663212961682522,1.0,1,Augsburg,FC Cologne,,24,24,125,double_poisson_alpha_1_0,818,1.0,10
2026-02-28 14:30:00,2025,30432,home_win,0,0,1.6742918099530444,1.4878509323617706,0.42259770443262845,0.23478518290180267,0.3426171126655688,0.5774022955673714,1,1,0.10546040390593188,1.0,0,Bayer Leverkusen,Mainz 05,,24,24,126,double_poisson_alpha_1_0,819,1.0,10
2026-02-28 14:30:00,2025,30433,home_win,1,0,1.6230665058228073,1.525108342953655,0.40300147199721614,0.23614360164891413,0.36085492635386995,0.5969985280027841,1,1,0.10626788755438714,1.0000000000000002,1,Borussia M.Gladbach,Union Berlin,,24,24,126,double_poisson_alpha_1_0,819,1.0,10
2026-02-28 14:30:00,2025,30437,home_win,0,0,1.6358409149311695,1.5301839085778906,0.40499858040448816,0.2353434735288585,0.35965794606665336,0.5950014195955119,1,1,0.10555956371021567,1.0,0,Hoffenheim,St. Pauli,,24,24,126,double_poisson_alpha_1_0,819,1.0,10
2026-02-28 14:30:00,2025,30439,home_win,1,0,1.6350378295772905,1.527668888102498,0.4053124476686314,0.23547152979726602,0.35921602253410256,0.5946875523313686,1,1,0.10568441894520766,1.0,1,Werder Bremen,FC Heidenheim,,24,24,126,double_poisson_alpha_1_0,819,1.0,10
2026-02-28 17:30:00,2025,30434,home_win,0,0,1.6239930932059818,1.6389875001231735,0.3809724210834785,0.2317051114071613,0.38732246750936034,0.6190275789165216,1,1,0.1018744678141928,1.0,0,Borussia Dortmund,Bayern Munich,,,,127,double_poisson_alpha_1_0,823,1.0,10
2026-03-01 14:30:00,2025,30438,home_win,1,0,1.678493978270457,1.5174052282208348,0.4175711581808656,0.2336555014539618,0.3487733403651725,0.5824288418191343,1,1,0.10424613772434292,1.0,1,VfB Stuttgart,Wolfsburg,,24,24,128,double_poisson_alpha_1_0,824,1.0,10
2026-03-01 16:30:00,2025,30435,home_win,1,0,1.64990897309214,1.5330208880010419,0.407736468155097,0.23456230360781372,0.3577012282370893,0.592263531844903,1,1,0.10487674062876647,1.0,1,Eintracht Frankfurt,Freiburg,,24,24,129,double_poisson_alpha_1_0,825,1.0,10
2026-03-01 18:30:00,2025,30436,home_win,0,0,1.5952630350680261,1.568891856739286,0.38779104286985866,0.2357420655250839,0.3764668916050576,0.6122089571301415,1,1,0.10574267712670307,1.0000000000000002,0,Hamburger SV,RasenBallsport Leipzig,,24,24,130,double_poisson_alpha_1_0,826,1.0,10
2026-03-04 19:30:00,2025,30371,home_win,0,0,1.5743836018095467,1.5964863230874011,0.37752576885438965,0.23546624300517052,0.3870079881404398,0.6224742311456103,1,1,0.10548347991328794,1.0,0,Hamburger SV,Bayer Leverkusen,,17,17,131,double_poisson_alpha_1_0,827,1.0,10
2026-03-06 19:30:00,2025,30440,home_win,1,0,1.7683084879273323,1.4998974207440128,0.44194526663641676,0.2293975209363991,0.3286572124271844,0.5580547333635835,1,1,0.10098475077600949,1.0,1,Bayern Munich,Borussia M.Gladbach,,25,25,132,double_poisson_alpha_1_0,828,1.0,10
2026-03-07 14:30:00,2025,30442,home_win,0,0,1.567263142029806,1.6007742533309166,0.3750261491299372,0.23556575146388667,0.3894080994061763,0.624973850870063,1,1,0.10558709746359647,1.0,0,Freiburg,Bayer Leverkusen,,25,25,133,double_poisson_alpha_1_0,829,1.0,10
2026-03-07 14:30:00,2025,30443,home_win,0,0,1.6110801955774972,1.5808640138025634,0.3891747437803228,0.23457456107031205,0.37625069514936527,0.6108252562196773,1,1,0.10465691188116598,1.0,0,FC Heidenheim,Hoffenheim,,25,25,133,double_poisson_alpha_1_0,829,1.0,10
2026-03-07 14:30:00,2025,30444,home_win,0,0,1.5856074077447884,1.5718679787680756,0.38493317692713347,0.23603928550560882,0.37902753756725766,0.6150668230728664,1,1,0.10600774489050477,0.9999999999999998,0,Mainz 05,VfB Stuttgart,,25,25,133,double_poisson_alpha_1_0,829,1.0,10
2026-03-07 14:30:00,2025,30445,home_win,1,0,1.6598287891266434,1.4973215172615824,0.41726783678211626,0.2352492849233038,0.34748287829458,0.5827321632178838,1,1,0.1057414842322669,1.0,1,RasenBallsport Leipzig,Augsburg,,25,25,133,double_poisson_alpha_1_0,829,1.0,10
2026-03-07 14:30:00,2025,30448,home_win,0,0,1.6102008025818273,1.5487436763974385,0.3952699428344273,0.23586721120899468,0.36886284595657803,0.6047300571655727,1,1,0.10591255112551602,1.0,0,Wolfsburg,Hamburger SV,,25,25,133,double_poisson_alpha_1_0,829,1.0,10
2026-03-07 17:30:00,2025,30441,home_win,0,0,1.5777725724595997,1.5950885755482986,0.3785924198169872,0.2353885269166041,0.38601905326640873,0.6214075801830128,1,1,0.10540788958447243,1.0,0,FC Cologne,Borussia Dortmund,,,,134,double_poisson_alpha_1_0,834,1.0,10
2026-03-08 14:30:00,2025,30446,home_win,0,0,1.5911597258474597,1.5572410401458787,0.3891018326167156,0.23639405035253377,0.37450411703075065,0.6108981673832844,1,1,0.10634976608589748,1.0,0,St. Pauli,Eintracht Frankfurt,,25,25,135,double_poisson_alpha_1_0,835,1.0,10
2026-03-08 16:30:00,2025,30447,home_win,0,0,1.5930295208533594,1.5312062548122642,0.39467663098627925,0.23734364068850541,0.3679797283252155,0.605323369013721,1,1,0.10725539850999001,1.0,0,Union Berlin,Werder Bremen,,25,25,136,double_poisson_alpha_1_0,836,1.0,10
2026-03-13 19:30:00,2025,30450,home_win,1,0,1.6090500041251576,1.5281645517191802,0.39907807634216896,0.23670357901354014,0.3642183446442908,0.6009219236578309,1,1,0.10672463837881793,1.0,1,Borussia M.Gladbach,St. Pauli,,26,26,137,double_poisson_alpha_1_0,837,1.0,10
2026-03-14 14:30:00,2025,30449,home_win,0,0,1.6413834900610154,1.6250646342412232,0.38767101099282464,0.2315655869604459,0.3807634020467294,0.6123289890071754,1,1,0.10173732253419576,1.0,0,Bayer Leverkusen,Bayern Munich,,26,26,138,double_poisson_alpha_1_0,838,1.0,10
2026-03-14 14:30:00,2025,30451,home_win,1,0,1.6736694049448444,1.4988381003129532,0.4202099993540336,0.23448164142229053,0.345308359223676,0.5797900006459665,1,1,0.10510464220968609,1.0,1,Borussia Dortmund,Augsburg,,,,138,double_poisson_alpha_1_0,838,1.0,10
2026-03-14 14:30:00,2025,30452,home_win,1,0,1.6709774515092706,1.5152641553900812,0.4162462630184211,0.23410459707447223,0.34964913990710655,0.5837537369815788,1,1,0.10463856891567916,1.0,1,Eintracht Frankfurt,FC Heidenheim,,26,26,138,double_poisson_alpha_1_0,838,1.0,10
2026-03-14 14:30:00,2025,30455,home_win,0,0,1.6593510684938597,1.5505762603273856,0.4064416965930915,0.23350490078218095,0.3600534026247276,0.5935583034069085,1,1,0.10384310935295707,1.0,0,Hoffenheim,Wolfsburg,,26,26,138,double_poisson_alpha_1_0,838,1.0,10
2026-03-14 17:30:00,2025,30454,home_win,0,0,1.6225867720612424,1.5146009099098072,0.40499203973913345,0.23654645306462765,0.3584615071962388,0.5950079602608664,1,1,0.10667013520063134,1.0,0,Hamburger SV,FC Cologne,,26,26,139,double_poisson_alpha_1_0,842,1.0,10
2026-03-15 14:30:00,2025,30457,home_win,0,0,1.5988815861538264,1.5307479771163262,0.3961557232043561,0.23708667684367257,0.36675759995197144,0.603844276795644,1,1,0.10703828580881641,1.0,0,Werder Bremen,Mainz 05,,26,26,140,double_poisson_alpha_1_0,843,1.0,10
2026-03-15 16:30:00,2025,30453,home_win,0,0,1.610922544579197,1.5082582496993195,0.40350110593791394,0.23735190677917042,0.3591469872829157,0.5964988940620861,1,1,0.10737603471170193,1.0,0,Freiburg,Union Berlin,,26,26,141,double_poisson_alpha_1_0,844,1.0,10
2026-03-15 18:30:00,2025,30456,home_win,1,0,1.6381539715896918,1.5511185273030068,0.4013739106463541,0.23448371416619185,0.3641423751874542,0.598626089353646,1,1,0.10469266541201457,1.0,1,VfB Stuttgart,RasenBallsport Leipzig,,26,26,142,double_poisson_alpha_1_0,845,1.0,10
2026-03-20 19:30:00,2025,30464,home_win,1,0,1.6638634362682352,1.5338508733662208,0.41083842699381756,0.23385350141713515,0.35530807158904715,0.5891615730061823,1,1,0.10426802243530846,1.0,1,RasenBallsport Leipzig,Hoffenheim,,27,27,143,double_poisson_alpha_1_0,846,1.0,10
2026-03-21 14:30:00,2025,30459,home_win,1,0,1.748102485551947,1.4642247647572324,0.4446798357446929,0.23135279891510602,0.3239673653402011,0.5553201642553072,1,1,0.10305727132274577,1.0,1,Bayern Munich,Union Berlin,,27,27,144,double_poisson_alpha_1_0,847,1.0,10
2026-03-21 14:30:00,2025,30461,home_win,0,0,1.609305463560403,1.543197609332031,0.3961549169877393,0.23612111105164593,0.36772397196061485,0.6038450830122608,1,1,0.10615619384364314,1.0,0,FC Cologne,Borussia M.Gladbach,,27,27,144,double_poisson_alpha_1_0,847,1.0,10
2026-03-21 14:30:00,2025,30462,home_win,0,0,1.5481697457469104,1.6180001092100473,0.3672488508225583,0.23552949270997126,0.39722165646747043,0.6327511491774417,1,1,0.10562020985772433,1.0,0,FC Heidenheim,Bayer Leverkusen,,27,27,144,double_poisson_alpha_1_0,847,1.0,10
2026-03-21 14:30:00,2025,30466,home_win,0,0,1.6156907042950812,1.5413125355870072,0.39803525864711053,0.2358952757869119,0.3660694655659775,0.6019647413528895,1,1,0.10596924752030709,1.0,0,Wolfsburg,Werder Bremen,,27,27,144,double_poisson_alpha_1_0,847,1.0,10
2026-03-21 17:30:00,2025,30460,home_win,1,0,1.6613812818482956,1.5093871481390282,0.41518546776744614,0.23478111119101222,0.3500334210415416,0.5848145322325539,1,1,0.10525015120030716,1.0,1,Borussia Dortmund,Hamburger SV,,,,145,double_poisson_alpha_1_0,851,1.0,10
2026-03-22 14:30:00,2025,30463,home_win,1,0,1.6019361234234026,1.5487956774029357,0.3933087588361397,0.23624366945400466,0.37044757170985554,0.6066912411638602,1,1,0.10624142509836862,0.9999999999999998,1,Mainz 05,Eintracht Frankfurt,,27,27,146,double_poisson_alpha_1_0,852,1.0,10
2026-03-22 16:30:00,2025,30465,home_win,0,0,1.591282839739499,1.5192920066896523,0.3966283601190537,0.23789054612604682,0.36548109375489946,0.6033716398809463,1,1,0.10776634187349539,1.0,0,St. Pauli,Freiburg,,27,27,147,double_poisson_alpha_1_0,853,1.0,10
2026-03-22 18:30:00,2025,30458,home_win,0,0,1.578122221225283,1.5874491244072355,0.3801472699124243,0.23570107461777148,0.38415165546980423,0.6198527300875757,1,1,0.10569398761670076,1.0,0,Augsburg,VfB Stuttgart,,27,27,148,double_poisson_alpha_1_0,854,1.0,10
2026-04-04 13:30:00,2025,30467,home_win,1,0,1.697589752486105,1.4932260272465963,0.42695167463441797,0.23338733145985258,0.3396609939057294,0.573048325365582,1,1,0.10428086146006697,1.0,1,Bayer Leverkusen,Wolfsburg,,28,28,149,double_poisson_alpha_1_0,855,1.0,10
2026-04-04 13:30:00,2025,30468,home_win,0,0,1.6474826126894495,1.5328346851082744,0.4072044467657522,0.23468655515857315,0.35810899807567453,0.5927955532342477,1,1,0.10498370748840086,0.9999999999999999,0,Borussia M.Gladbach,FC Heidenheim,,28,28,149,double_poisson_alpha_1_0,855,1.0,10
2026-04-04 13:30:00,2025,30470,home_win,0,0,1.571087629332809,1.6707636039746592,0.3627065050471737,0.23226569340826145,0.40502780154456486,0.6372934949528263,1,1,0.10261180171028676,1.0,0,Freiburg,Bayern Munich,,28,28,149,double_poisson_alpha_1_0,855,1.0,10
2026-04-04 13:30:00,2025,30471,home_win,0,0,1.6255312265024275,1.518233029111395,0.404959704449091,0.23627150133901842,0.3587687942118906,0.5950402955509091,1,1,0.106417801702759,1.0,0,Hamburger SV,Augsburg,,28,28,149,double_poisson_alpha_1_0,855,1.0,10
2026-04-04 13:30:00,2025,30472,home_win,0,0,1.6282009058753502,1.5460420316774524,0.40004369171192955,0.23513414798715623,0.3648221603009143,0.5999563082880706,1,1,0.10528659889862459,1.0,0,Hoffenheim,Mainz 05,,28,28,149,double_poisson_alpha_1_0,855,1.0,10
2026-04-04 13:30:00,2025,30475,home_win,0,0,1.5868553090754147,1.5802979333535925,0.3835893970629355,0.235635900907166,0.3807747020298986,0.6164106029370646,1,1,0.10563288101059347,1.0,0,Werder Bremen,RasenBallsport Leipzig,,28,28,149,double_poisson_alpha_1_0,855,1.0,10
2026-04-04 16:30:00,2025,30473,home_win,0,0,1.6470946111376954,1.5705711908802304,0.3996192395879197,0.2333676161126613,0.3670131442994189,0.6003807604120802,1,1,0.10360045690343231,1.0,0,VfB Stuttgart,Borussia Dortmund,,,,150,double_poisson_alpha_1_0,861,1.0,10
2026-04-05 13:30:00,2025,30474,home_win,0,0,1.5761247221413495,1.5153281074212477,0.39380439292219604,0.23876975549008245,0.36742585158772156,0.6061956070778041,1,1,0.10851664422454439,1.0,0,Union Berlin,St. Pauli,,28,28,151,double_poisson_alpha_1_0,862,1.0,10
2026-04-05 15:30:00,2025,30469,home_win,0,0,1.654576008995623,1.5212186598871824,0.41120018847037026,0.23473366894511155,0.3540661425845182,0.5887998115296298,1,1,0.10511102387177289,1.0,0,Eintracht Frankfurt,FC Cologne,,28,28,152,double_poisson_alpha_1_0,863,1.0,10
2026-04-10 18:30:00,2025,30476,home_win,0,0,1.620450338098558,1.5707671208402747,0.3933468952481065,0.23455763484600148,0.3720954699058918,0.6066531047518933,1,1,0.10466931810843935,0.9999999999999998,0,Augsburg,Hoffenheim,,29,29,153,double_poisson_alpha_1_0,864,1.0,10
2026-04-11 13:30:00,2025,30477,home_win,0,0,1.6303481354957823,1.5811697662820554,0.39362660417032613,0.23372215443309582,0.372651241396578,0.6063733958296739,1,1,0.10387579232166465,1.0,0,Borussia Dortmund,Bayer Leverkusen,,,,154,double_poisson_alpha_1_0,865,1.0,10
2026-04-11 13:30:00,2025,30479,home_win,1,0,1.6008108435714015,1.5330909110639668,0.39614808670647034,0.23690557987288868,0.36694633342064104,0.6038519132935297,1,1,0.10687390732061462,1.0,1,FC Heidenheim,Union Berlin,,29,29,154,double_poisson_alpha_1_0,865,1.0,10
2026-04-11 13:30:00,2025,30481,home_win,1,0,1.675677011163595,1.52210108206546,0.4159640375702508,0.23364957858482518,0.35038638384492415,0.5840359624297493,1,1,0.10419729052526625,1.0000000000000002,1,RasenBallsport Leipzig,Borussia M.Gladbach,,29,29,154,double_poisson_alpha_1_0,865,1.0,10
2026-04-11 13:30:00,2025,30484,home_win,0,0,1.6123197724773881,1.583670569136632,0.38891853726603787,0.23440978186844286,0.3766716808655193,0.6110814627339621,1,1,0.10449970302509919,0.9999999999999999,0,Wolfsburg,Eintracht Frankfurt,,29,29,154,double_poisson_alpha_1_0,865,1.0,10
2026-04-11 16:30:00,2025,30482,home_win,0,0,1.5488229778624198,1.657231875129447,0.3600382383139279,0.2336659325148181,0.4062958291712542,0.6399617616860722,1,1,0.1039951605305346,1.0000000000000002,0,St. Pauli,Bayern Munich,,29,29,155,double_poisson_alpha_1_0,869,1.0,10
2026-04-12 13:30:00,2025,30478,home_win,1,0,1.607960181992397,1.5443041894353715,0.3956183723847677,0.2361409933214822,0.3682406342937502,0.6043816276152324,1,1,0.10616885110002984,1.0000000000000002,1,FC Cologne,Werder Bremen,,29,29,156,double_poisson_alpha_1_0,870,1.0,10
2026-04-12 15:30:00,2025,30483,home_win,1,0,1.6658370022591111,1.5227269062060589,0.41353638306923146,0.2341226167045978,0.3523410002261707,0.5864636169307685,1,1,0.1045872672769655,1.0,1,VfB Stuttgart,Hamburger SV,,29,29,157,double_poisson_alpha_1_0,871,1.0,10
2026-04-12 17:30:00,2025,30480,home_win,0,0,1.614626637886985,1.5243549954657303,0.40115705862944206,0.2365786132432886,0.36226432812726933,0.5988429413705579,1,1,0.1066389424064328,1.0,0,Mainz 05,Freiburg,,29,29,158,double_poisson_alpha_1_0,872,1.0,10
2026-04-17 18:30:00,2025,30491,home_win,0,0,1.5966713270424449,1.518579807792705,0.39805150155541646,0.23765976296662855,0.36428873547795493,0.6019484984445835,1,1,0.10757634126457767,1.0,0,St. Pauli,FC Cologne,,30,30,159,double_poisson_alpha_1_0,873,1.0,10
2026-04-18 13:30:00,2025,30485,home_win,0,0,1.6941652178194406,1.485345544184947,0.4277671313369922,0.23379622037885794,0.33843664828414993,0.5722328686630078,1,1,0.10469821557426491,1.0,0,Bayer Leverkusen,Augsburg,,30,30,160,double_poisson_alpha_1_0,874,1.0,10
2026-04-18 13:30:00,2025,30490,home_win,1,0,1.614860540101583,1.6060798218632861,0.3851668696527182,0.23340674846419202,0.38142638188308964,0.6148331303472816,1,1,0.10352983516768019,0.9999999999999999,1,Hoffenheim,Borussia Dortmund,,,,160,double_poisson_alpha_1_0,874,1.0,10
2026-04-18 13:30:00,2025,30492,home_win,0,0,1.6018179871324896,1.5381549667812546,0.395383020142398,0.23666295514997007,0.3679540247076316,0.6046169798576017,1,1,0.10664495887638065,0.9999999999999998,0,Union Berlin,Wolfsburg,,30,30,160,double_poisson_alpha_1_0,874,1.0,10
2026-04-18 13:30:00,2025,30493,home_win,1,0,1.610652940348286,1.5449190335040648,0.396132453675409,0.23599287314048464,0.36787467318410655,0.6038675463245912,1,1,0.10603767530842036,1.0,1,Werder Bremen,Hamburger SV,,30,30,160,double_poisson_alpha_1_0,874,1.0,10
2026-04-18 16:30:00,2025,30488,home_win,0,0,1.6182472298248554,1.572760723062087,0.3924393962831167,0.23457840576920574,0.37298219794767773,0.6075606037168835,1,1,0.10468160711408857,1.0,0,Eintracht Frankfurt,RasenBallsport Leipzig,,30,30,161,double_poisson_alpha_1_0,878,1.0,10
2026-04-19 13:30:00,2025,30489,home_win,1,0,1.6376926783867363,1.5257111789457827,0.40632939499423615,0.23541132578155807,0.35825927922420586,0.593670605005764,1,1,0.10564669041622568,1.0,1,Freiburg,FC Heidenheim,,30,30,162,double_poisson_alpha_1_0,879,1.0,10
2026-04-19 15:30:00,2025,30486,home_win,1,0,1.7336135906847756,1.5491881273183266,0.4239290570689941,0.22993439281376676,0.34613655011723915,0.5760709429310059,1,1,0.10077522852144426,1.0,1,Bayern Munich,VfB Stuttgart,,30,30,163,double_poisson_alpha_1_0,880,1.0,10
2026-04-19 17:30:00,2025,30487,home_win,0,0,1.6097193708243747,1.54647818012487,0.395603895682945,0.23597631783719622,0.36841978647985885,0.604396104317055,1,1,0.10601682329466788,1.0,0,Borussia M.Gladbach,Mainz 05,,30,30,164,double_poisson_alpha_1_0,881,1.0,10
2025-08-22 18:30:00,2025,30224,home_win,1,0,1.6503363425835467,1.5603166038495089,0.40240217679300927,0.23358704029528057,0.3640107829117101,0.5975978232069906,1,1,0.10385235173182497,1.0,1,Bayern Munich,RasenBallsport Leipzig,,1,1,1,double_poisson_alpha_2_0,612,2.0,10
2025-08-23 13:30:00,2025,30225,home_win,0,0,1.600510130685599,1.5669661300952207,0.3894039800306698,0.2355892543067078,0.3750067656626223,0.6105960199693301,1,1,0.10560891361686234,0.9999999999999999,0,FC Heidenheim,Wolfsburg,,1,1,2,double_poisson_alpha_2_0,613,2.0,10
2025-08-23 13:30:00,2025,30226,home_win,0,0,1.6628794320031657,1.5446234214059897,0.4084526321789084,0.2335395573202853,0.35800781050080643,0.5915473678210917,1,1,0.10391603978239633,1.0,0,Bayer Leverkusen,Hoffenheim,,1,1,2,double_poisson_alpha_2_0,613,2.0,10
2025-08-23 13:30:00,2025,30227,home_win,1,0,1.5782097182781498,1.5878542230690633,0.3800896885440118,0.23568017071233696,0.38423014074365114,0.6199103114559881,1,1,0.10567475331556493,1.0,1,Union Berlin,VfB Stuttgart,,1,1,2,double_poisson_alpha_2_0,613,2.0,10
2025-08-23 13:30:00,2025,30228,home_win,1,0,1.621245192661559,1.5560387695518274,0.3964306906838828,0.23508318038446588,0.36848612893165134,0.6035693093161172,1,1,0.1051943035231681,1.0,1,Eintracht Frankfurt,Werder Bremen,,1,1,2,double_poisson_alpha_2_0,613,2.0,10
2025-08-23 13:30:00,2025,30229,home_win,0,0,1.6054895963971008,1.5547849205147495,0.3929678552813525,0.2358480948007034,0.3711840499179442,0.6070321447186475,1,1,0.1058736855627214,1.0,0,Freiburg,Augsburg,,1,1,2,double_poisson_alpha_2_0,613,2.0,10
2025-08-23 16:30:00,2025,30230,home_win,0,0,1.5893957436485082,1.5804857181156557,0.3841514281099521,0.2355202024182414,0.3803283694718065,0.6158485718900479,1,1,0.10552627162966581,1.0,0,St. Pauli,Borussia Dortmund,,,,3,double_poisson_alpha_2_0,618,2.0,10
2025-08-24 13:30:00,2025,30231,home_win,0,0,1.6117901484153203,1.5473657528848788,0.39591700644264893,0.23584684499877348,0.3682361485585776,0.6040829935573511,1,1,0.10590037601466784,1.0,0,Mainz 05,FC Cologne,,1,1,4,double_poisson_alpha_2_0,619,2.0,10
2025-08-24 15:30:00,2025,30232,home_win,0,0,1.6169274410605141,1.5802097350647062,0.3906733327552553,0.23434643242870282,0.37498023481604176,0.6093266672447446,1,1,0.10444946770508301,1.0,0,Borussia M.Gladbach,Hamburger SV,,1,1,5,double_poisson_alpha_2_0,620,2.0,10
2025-08-29 18:30:00,2025,30233,home_win,0,0,1.603995200768451,1.5519787855280565,0.39316774539355204,0.23602547447503092,0.3708067801314169,0.6068322546064477,1,1,0.10603927693841002,0.9999999999999998,0,Hamburger SV,St. Pauli,,2,2,6,double_poisson_alpha_2_0,621,2.0,10
2025-08-30 13:30:00,2025,30234,home_win,0,0,1.606075424400503,1.5908687408598077,0.3860558171260972,0.23438813048349447,0.37955605239040846,0.613944182873903,1,1,0.10446843174473125,1.0,0,Hoffenheim,Eintracht Frankfurt,,2,2,7,double_poisson_alpha_2_0,622,2.0,10
2025-08-30 13:30:00,2025,30235,home_win,1,0,1.6315015221800562,1.5444602522357995,0.40113356507567344,0.23503721827025428,0.36382921665407225,0.5988664349243266,1,1,0.10521109627284168,1.0,1,RasenBallsport Leipzig,FC Heidenheim,,2,2,7,double_poisson_alpha_2_0,622,2.0,10
2025-08-30 13:30:00,2025,30236,home_win,0,0,1.5821534669286108,1.6024856604401911,0.378200590717101,0.23489318120863506,0.38690622807426395,0.621799409282899,1,1,0.10494736995330392,1.0,0,Werder Bremen,Bayer Leverkusen,,2,2,7,double_poisson_alpha_2_0,622,2.0,10
2025-08-30 13:30:00,2025,30237,home_win,1,0,1.6409665559997577,1.5588646416698555,0.40049861688997546,0.2340725983634183,0.3654287847466064,0.5995013831100247,1,1,0.10428914433672168,1.0000000000000002,1,VfB Stuttgart,Borussia M.Gladbach,,2,2,7,double_poisson_alpha_2_0,622,2.0,10
2025-08-30 16:30:00,2025,30238,home_win,0,0,1.5783092856413243,1.6234259919221694,0.3732971497491494,0.23413588795866427,0.39256696229218624,0.6267028502508505,1,1,0.10426262215244647,1.0,0,Augsburg,Bayern Munich,,2,2,8,double_poisson_alpha_2_0,626,2.0,10
2025-08-31 13:30:00,2025,30239,home_win,0,0,1.5975741642344383,1.5604463763657732,0.38998848915244,0.23597975652281455,0.37403175432474534,0.6100115108475599,1,1,0.10597391604540898,1.0,0,Wolfsburg,Mainz 05,,2,2,9,double_poisson_alpha_2_0,627,2.0,10
2025-08-31 15:30:00,2025,30240,home_win,1,0,1.63112027042912,1.5378964859791555,0.4023491190241188,0.2352936124573617,0.3623572685185196,0.5976508809758814,1,1,0.1054694300436638,1.0000000000000002,1,Borussia Dortmund,Union Berlin,,,,10,double_poisson_alpha_2_0,628,2.0,10
2025-08-31 17:30:00,2025,30241,home_win,1,0,1.5978726003800647,1.561725502021495,0.38980821243457153,0.23591537503154286,0.37427641253388577,0.6101917875654286,1,1,0.10591338075472836,1.0,1,FC Cologne,Freiburg,,2,2,11,double_poisson_alpha_2_0,629,2.0,10
2025-09-12 18:30:00,2025,30242,home_win,1,0,1.6385055212580184,1.5542635864479286,0.40083297248824734,0.23435342666808306,0.3648136008436697,0.5991670275117528,1,1,0.10456120416431797,1.0,1,Bayer Leverkusen,Eintracht Frankfurt,,3,3,12,double_poisson_alpha_2_0,630,2.0,10
2025-09-13 13:30:00,2025,30243,home_win,1,0,1.594636043708364,1.5927628091868644,0.3830054786863232,0.23479080441294709,0.38220371690072963,0.6169945213136767,1,1,0.10484384730360054,0.9999999999999998,1,Freiburg,VfB Stuttgart,,3,3,13,double_poisson_alpha_2_0,631,2.0,10
2025-09-13 13:30:00,2025,30244,home_win,0,0,1.5916398173415065,1.5969797432369173,0.3814877717014212,0.23473931587188482,0.3837729124266942,0.618512228298579,1,1,0.10479590741413453,1.0000000000000002,0,FC Heidenheim,Borussia Dortmund,,,,13,double_poisson_alpha_2_0,631,2.0,10
2025-09-13 13:30:00,2025,30245,home_win,0,0,1.5933399751109592,1.5723572993184507,0.3866616932957758,0.23568497313568973,0.3776533335685344,0.6133383067042242,1,1,0.10568536112051198,1.0,0,Mainz 05,RasenBallsport Leipzig,,3,3,13,double_poisson_alpha_2_0,631,2.0,10
2025-09-13 13:30:00,2025,30246,home_win,0,0,1.6105354471394153,1.5549476344806532,0.39412528001811037,0.23561295227086063,0.37026176771102914,0.6058747199818898,1,1,0.10566574538522593,1.0,0,Wolfsburg,FC Cologne,,3,3,13,double_poisson_alpha_2_0,631,2.0,10
2025-09-13 13:30:00,2025,30247,home_win,0,0,1.606086133223399,1.5717691067475776,0.389777196365334,0.2351528576059509,0.3750699460287153,0.6102228036346662,1,1,0.10520408073433804,1.0,0,Union Berlin,Hoffenheim,,3,3,13,double_poisson_alpha_2_0,631,2.0,10
2025-09-13 16:30:00,2025,30248,home_win,1,0,1.6717329358670723,1.5513199390458232,0.4091809137617989,0.23289005600075274,0.3579290302374485,0.5908190862382012,1,1,0.10330329993218046,1.0,1,Bayern Munich,Hamburger SV,,3,3,14,double_poisson_alpha_2_0,636,2.0,10
2025-09-14 13:30:00,2025,30249,home_win,1,0,1.6054238827874732,1.5523679446290561,0.393428238637582,0.23594534775189513,0.37062641361052284,0.606571761362418,1,1,0.10596753208332675,1.0,1,St. Pauli,Augsburg,,3,3,15,double_poisson_alpha_2_0,637,2.0,10
2025-09-14 15:30:00,2025,30250,home_win,0,0,1.6219816519531893,1.5774615059765158,0.3923945750608594,0.2342320546562403,0.37337337028290046,0.6076054249391407,1,1,0.10435282212004152,1.0,0,Borussia M.Gladbach,Werder Bremen,,3,3,16,double_poisson_alpha_2_0,638,2.0,10
2025-09-19 18:30:00,2025,30251,home_win,1,0,1.6291994177571507,1.5502297312782167,0.39944834820841507,0.23493336200639903,0.36561828978518585,0.6005516517915849,1,1,0.10509009218059415,1.0,1,VfB Stuttgart,St. Pauli,,4,4,17,double_poisson_alpha_2_0,639,2.0,10
2025-09-20 13:30:00,2025,30252,home_win,0,0,1.6194590430037283,1.5673371365231115,0.39378733951290595,0.234733617077795,0.37147904340929905,0.6062126604870941,1,1,0.10483936869628246,1.0,0,Werder Bremen,Freiburg,,4,4,18,double_poisson_alpha_2_0,640,2.0,10
2025-09-20 13:30:00,2025,30253,home_win,0,0,1.5948071747525645,1.5643589353002814,0.3885694249680415,0.23594523992991193,0.3754853351020468,0.6114305750319587,1,1,0.10593419700258891,1.0000000000000002,0,Augsburg,Mainz 05,,4,4,18,double_poisson_alpha_2_0,640,2.0,10
2025-09-20 13:30:00,2025,30254,home_win,1,0,1.6225861090932305,1.559573628584989,0.3960487532496023,0.23488843801710962,0.369062808733288,0.6039512467503976,1,1,0.10500723475857404,0.9999999999999999,1,Hamburger SV,FC Heidenheim,,4,4,18,double_poisson_alpha_2_0,640,2.0,10
2025-09-20 13:30:00,2025,30255,home_win,0,0,1.6009709486079517,1.6453499524072728,0.37442090981220977,0.23232153848808013,0.3932575516997102,0.6255790901877903,1,1,0.1025138349565162,1.0,0,Hoffenheim,Bayern Munich,,4,4,18,double_poisson_alpha_2_0,640,2.0,10
2025-09-20 16:30:00,2025,30256,home_win,1,0,1.6340428329291956,1.5509005074198972,0.4004527274681472,0.23468339450572223,0.3648638780261305,0.5995472725318527,1,1,0.10486825866749251,0.9999999999999999,1,RasenBallsport Leipzig,FC Cologne,,4,4,19,double_poisson_alpha_2_0,644,2.0,10
2025-09-21 13:30:00,2025,30257,home_win,0,0,1.6296386489447505,1.5461950607499637,0.40035134488357305,0.23506123030943918,0.3645874248069877,0.5996486551164268,1,1,0.10522248205520301,1.0,0,Eintracht Frankfurt,Union Berlin,,4,4,20,double_poisson_alpha_2_0,645,2.0,10
2025-09-21 15:30:00,2025,30258,home_win,0,0,1.6651762262626317,1.5548909164579012,0.4069418791596735,0.2330811764477878,0.3599769443925388,0.5930581208403266,1,1,0.10344338815112264,1.0,0,Bayer Leverkusen,Borussia M.Gladbach,,4,4,21,double_poisson_alpha_2_0,646,2.0,10
2025-09-21 17:30:00,2025,30259,home_win,1,0,1.6428649466449308,1.5639089719158268,0.39994572111760657,0.23380224650349132,0.36625203237890214,0.6000542788823935,1,1,0.10402293827781757,1.0,1,Borussia Dortmund,Wolfsburg,,,,22,double_poisson_alpha_2_0,647,2.0,10
2025-09-26 18:30:00,2025,30260,home_win,1,0,1.6821954161738162,1.5542547056335092,0.41102882229806975,0.23229254162305848,0.35667863607887157,0.5889711777019301,1,1,0.10276049965422746,0.9999999999999998,1,Bayern Munich,Werder Bremen,,5,5,23,double_poisson_alpha_2_0,648,2.0,10
2025-09-27 13:30:00,2025,30261,home_win,1,0,1.6091900298952206,1.571467623189998,0.39056584595253657,0.23502842449514597,0.3744057295523176,0.6094341540474636,1,1,0.10509225314940596,1.0,1,FC Heidenheim,Augsburg,,5,5,24,double_poisson_alpha_2_0,649,2.0,10
2025-09-27 13:30:00,2025,30262,home_win,0,0,1.6009811877271236,1.5865923834287141,0.3856904848557374,0.2347773728980939,0.37953214224616855,0.6143095151442625,1,1,0.10483492317280232,1.0,0,Mainz 05,Borussia Dortmund,,,,24,double_poisson_alpha_2_0,649,2.0,10
2025-09-27 13:30:00,2025,30263,home_win,0,0,1.5815433608020995,1.6006780165083099,0.3784044782393797,0.23499533259955305,0.3866001891610673,0.6215955217606204,1,1,0.10504222186987516,1.0,0,St. Pauli,Bayer Leverkusen,,5,5,24,double_poisson_alpha_2_0,649,2.0,10
2025-09-27 13:30:00,2025,30264,home_win,0,0,1.6021257147655295,1.5901252828914874,0.38527381971491437,0.23458510373518385,0.3801410765499016,0.6147261802850854,1,1,0.10465282130116842,0.9999999999999999,0,Wolfsburg,RasenBallsport Leipzig,,5,5,24,double_poisson_alpha_2_0,649,2.0,10
2025-09-27 16:30:00,2025,30265,home_win,0,0,1.6103501716740278,1.5925987720709764,0.38672166002068253,0.23413767604266617,0.37914066393665125,0.6132783399793174,1,1,0.10423261856008335,1.0,0,Borussia M.Gladbach,Eintracht Frankfurt,,5,5,25,double_poisson_alpha_2_0,653,2.0,10
2025-09-28 13:30:00,2025,30266,home_win,0,0,1.6319776546395923,1.5854544793494327,0.39316947297313487,0.23348763053679542,0.3733428964900696,0.606830527026865,1,1,0.10364657696730181,1.0,0,Freiburg,Hoffenheim,,5,5,26,double_poisson_alpha_2_0,654,2.0,10
2025-09-28 15:30:00,2025,30267,home_win,0,0,1.5969393159755847,1.6017698648654444,0.38180717074123094,0.23432144447237424,0.38387138478639493,0.6181928292587692,1,1,0.10440151129248333,1.0000000000000002,0,FC Cologne,VfB Stuttgart,,5,5,27,double_poisson_alpha_2_0,655,2.0,10
2025-09-28 17:30:00,2025,30268,home_win,0,0,1.6001425145692005,1.5790874582042913,0.3869521359706096,0.23511778282047005,0.3779300812089203,0.6130478640293904,1,1,0.10515812031557795,1.0,0,Union Berlin,Hamburger SV,,5,5,28,double_poisson_alpha_2_0,656,2.0,10
2025-10-03 18:30:00,2025,30274,home_win,0,0,1.6257099053082271,1.579202464620603,0.39292681602326374,0.2340011862242819,0.37307199775245437,0.6070731839767363,1,1,0.10413701090000324,1.0,0,Hoffenheim,FC Cologne,,6,6,29,double_poisson_alpha_2_0,657,2.0,10
2025-10-04 13:30:00,2025,30269,home_win,1,0,1.650828261392197,1.5299737036302876,0.40856243114657453,0.2346220444010667,0.35681552445235887,0.5914375688534256,1,1,0.10494968035905962,1.0,1,Bayer Leverkusen,Union Berlin,,6,6,30,double_poisson_alpha_2_0,658,2.0,10
2025-10-04 13:30:00,2025,30271,home_win,0,0,1.6235906202383352,1.5762989766700894,0.39299895138521773,0.2342059572951034,0.3727950913196788,0.6070010486147822,1,1,0.10433276873315525,1.0,0,Borussia Dortmund,RasenBallsport Leipzig,,,,30,double_poisson_alpha_2_0,658,2.0,10
2025-10-04 13:30:00,2025,30276,home_win,1,0,1.603672575062118,1.57217817918949,0.38912959914784384,0.23524229446525818,0.3756281063868979,0.6108704008521562,1,1,0.10528415323307333,1.0000000000000002,1,Augsburg,Wolfsburg,,6,6,30,double_poisson_alpha_2_0,658,2.0,10
2025-10-04 13:30:00,2025,30277,home_win,1,0,1.6054279789609425,1.5651483680354266,0.3909181313389158,0.23544395199584733,0.3736379166652369,0.6090818686610842,1,1,0.10548301344316707,1.0,1,Werder Bremen,St. Pauli,,6,6,30,double_poisson_alpha_2_0,658,2.0,10
2025-10-04 16:30:00,2025,30272,home_win,0,0,1.605230562703567,1.6251348274322532,0.3792594415081135,0.2330134180830773,0.3877271404088092,0.6207405584918865,1,1,0.10315658442278137,0.9999999999999999,0,Eintracht Frankfurt,Bayern Munich,,6,6,31,double_poisson_alpha_2_0,662,2.0,10
2025-10-05 13:30:00,2025,30275,home_win,1,0,1.640835557598377,1.5481274188619638,0.4025963561963413,0.23446567874752902,0.36293796505612946,0.5974036438036585,1,1,0.10469422771143115,1.0,1,VfB Stuttgart,FC Heidenheim,,6,6,32,double_poisson_alpha_2_0,663,2.0,10
2025-10-05 15:30:00,2025,30273,home_win,1,0,1.5996498595712831,1.5612759294285903,0.39031555504780635,0.2358542958966628,0.37383014905553086,0.6096844449521936,1,1,0.1058600192159485,1.0,1,Hamburger SV,Mainz 05,,6,6,33,double_poisson_alpha_2_0,664,2.0,10
2025-10-05 17:30:00,2025,30270,home_win,0,0,1.6158568403825306,1.5747650079270654,0.391486310633291,0.23460593252110346,0.37390775684560557,0.608513689366709,1,1,0.10470060097222353,1.0,0,Borussia M.Gladbach,Freiburg,,6,6,34,double_poisson_alpha_2_0,665,2.0,10
2025-10-17 18:30:00,2025,30285,home_win,1,0,1.5984716014823437,1.5696613285259111,0.3883968861986221,0.23557068908992376,0.37603242471145404,0.6116031138013778,1,1,0.10558646116423966,1.0,1,Union Berlin,Borussia M.Gladbach,,7,7,35,double_poisson_alpha_2_0,666,2.0,10
2025-10-18 13:30:00,2025,30279,home_win,0,0,1.6013123926145192,1.5600923797566262,0.3909397765156972,0.2358271666611812,0.3732330568231216,0.6090602234843028,1,1,0.10583900114157065,1.0,0,FC Cologne,Augsburg,,7,7,36,double_poisson_alpha_2_0,667,2.0,10
2025-10-18 13:30:00,2025,30281,home_win,0,0,1.6009686427540957,1.5723227926392909,0.388465127972212,0.23535462579418018,0.376180246233608,0.6115348720277882,1,1,0.10538567363804194,1.0000000000000002,0,FC Heidenheim,Werder Bremen,,7,7,36,double_poisson_alpha_2_0,667,2.0,10
2025-10-18 13:30:00,2025,30282,home_win,0,0,1.5771318586645449,1.5926609750748435,0.3789089179628458,0.23551898337328908,0.385572098663865,0.621091082037154,1,1,0.1055280242078864,0.9999999999999999,0,Mainz 05,Bayer Leverkusen,,7,7,36,double_poisson_alpha_2_0,667,2.0,10
2025-10-18 13:30:00,2025,30283,home_win,1,0,1.623120869200077,1.5543594688903684,0.39720311170285216,0.23506049423955971,0.3677363940575879,0.6027968882971476,1,1,0.10518169076659048,0.9999999999999999,1,RasenBallsport Leipzig,Hamburger SV,,7,7,36,double_poisson_alpha_2_0,667,2.0,10
2025-10-18 13:30:00,2025,30286,home_win,0,0,1.5936369469217662,1.5887498024887672,0.38354719690587147,0.23499883422988802,0.38145396886424043,0.6164528030941284,1,1,0.10503931838964178,1.0,0,Wolfsburg,VfB Stuttgart,,7,7,36,double_poisson_alpha_2_0,667,2.0,10
2025-10-18 16:30:00,2025,30278,home_win,1,0,1.6607967887272796,1.5694235759640398,0.4030394353452237,0.23278255069566767,0.3641780139591084,0.5969605646547761,1,1,0.10308365031312247,0.9999999999999998,1,Bayern Munich,Borussia Dortmund,,,,37,double_poisson_alpha_2_0,672,2.0,10
2025-10-19 13:30:00,2025,30280,home_win,0,0,1.6020194697449408,1.5830955734129963,0.3866135340633351,0.23487504878186885,0.3785114171547961,0.6133864659366649,1,1,0.10492936313643256,1.0,0,Freiburg,Eintracht Frankfurt,,7,7,38,double_poisson_alpha_2_0,673,2.0,10
2025-10-19 15:30:00,2025,30284,home_win,0,0,1.6143509033736319,1.566304900163786,0.39279021400520175,0.23500159407996746,0.3722081919148309,0.6072097859947984,1,1,0.10508312593373283,1.0,0,St. Pauli,Hoffenheim,,7,7,39,double_poisson_alpha_2_0,674,2.0,10
2025-10-24 18:30:00,2025,30295,home_win,1,0,1.6116292342692613,1.5548268556072404,0.3944067600138029,0.23556789362436725,0.3700253463618298,0.6055932399861971,1,1,0.10562646926010678,1.0,1,Werder Bremen,Union Berlin,,8,8,40,double_poisson_alpha_2_0,675,2.0,10
2025-10-25 13:30:00,2025,30287,home_win,0,0,1.5865470437989402,1.585598527450008,0.38248961069629184,0.23542763226910748,0.38208275703460076,0.6175103893037083,1,1,0.10543890100876667,1.0,0,Augsburg,RasenBallsport Leipzig,,8,8,41,double_poisson_alpha_2_0,676,2.0,10
2025-10-25 13:30:00,2025,30289,home_win,0,0,1.589487980109001,1.639201098383776,0.37291397130912796,0.2330197023922978,0.39406632629857424,0.627086028690872,1,1,0.10320188597035375,1.0,0,Borussia M.Gladbach,Bayern Munich,,8,8,41,double_poisson_alpha_2_0,676,2.0,10
2025-10-25 13:30:00,2025,30291,home_win,1,0,1.6159386709441934,1.5514565369559485,0.3960865721043236,0.2354999972349362,0.3684134306607404,0.6039134278956766,1,1,0.10558013840143911,1.0,1,Eintracht Frankfurt,St. Pauli,,8,8,41,double_poisson_alpha_2_0,676,2.0,10
2025-10-25 13:30:00,2025,30292,home_win,0,0,1.612043698529482,1.562385979423656,0.3930171500380656,0.23525683985444398,0.3717260101074903,0.6069828499619343,1,1,0.10532412285144181,1.0,0,Hamburger SV,Wolfsburg,,8,8,41,double_poisson_alpha_2_0,676,2.0,10
2025-10-25 13:30:00,2025,30293,home_win,1,0,1.622358692691979,1.5710862727222683,0.3937318257485174,0.23446049768597418,0.3718076765655085,0.6062681742514827,1,1,0.10458066218651144,1.0,1,Hoffenheim,FC Heidenheim,,8,8,41,double_poisson_alpha_2_0,676,2.0,10
2025-10-25 16:30:00,2025,30290,home_win,1,0,1.6329217731578627,1.5470745963285104,0.400948258130081,0.2348752867485532,0.3641764551213658,0.599051741869919,1,1,0.10505621722211879,1.0,1,Borussia Dortmund,FC Cologne,,,,42,double_poisson_alpha_2_0,681,2.0,10
2025-10-26 13:30:00,2025,30288,home_win,1,0,1.644461123507996,1.5398752758376515,0.40508911961419936,0.2345865446588702,0.36032433572693034,0.5949108803858005,1,1,0.10485024029284618,1.0,1,Bayer Leverkusen,Freiburg,,8,8,43,double_poisson_alpha_2_0,682,2.0,10
2025-10-26 15:30:00,2025,30294,home_win,1,0,1.622082847647243,1.5481495257694766,0.3981868785433679,0.23534108540193008,0.36647203605470213,0.6018131214566322,1,1,0.10545605235737099,1.0,1,VfB Stuttgart,Mainz 05,,8,8,44,double_poisson_alpha_2_0,683,2.0,10
2025-10-31 19:30:00,2025,30296,home_win,0,0,1.5844669202149273,1.5922988948196413,0.38070521377897065,0.23523236247127857,0.38406242374975086,0.6192947862210294,1,1,0.10525819213736046,1.0,0,Augsburg,Borussia Dortmund,,,,45,double_poisson_alpha_2_0,684,2.0,10
2025-11-01 14:30:00,2025,30299,home_win,0,0,1.5889669375879112,1.5859565399254527,0.382989867078215,0.2353110262390941,0.3816991066826909,0.617010132921785,1,1,0.10533056071760621,1.0,0,FC Heidenheim,Eintracht Frankfurt,,9,9,46,double_poisson_alpha_2_0,685,2.0,10
2025-11-01 14:30:00,2025,30300,home_win,0,0,1.6011955226948065,1.557960369753759,0.39133070703298495,0.23591678191131787,0.3727525110556972,0.608669292967015,1,1,0.10592459244849244,1.0,0,Mainz 05,Werder Bremen,,9,9,46,double_poisson_alpha_2_0,685,2.0,10
2025-11-01 14:30:00,2025,30301,home_win,1,0,1.6097279519016274,1.5727159302746185,0.39044811525133927,0.2349555747383443,0.37459631001031624,0.6095518847486605,1,1,0.10502312922841343,0.9999999999999999,1,RasenBallsport Leipzig,VfB Stuttgart,,9,9,46,double_poisson_alpha_2_0,685,2.0,10
2025-11-01 14:30:00,2025,30302,home_win,0,0,1.601948825611761,1.5589392243668379,0.3913161976153212,0.23584432769707137,0.37283947468760775,0.6086838023846791,1,1,0.10585748820849614,1.0000000000000002,0,St. Pauli,Borussia M.Gladbach,,9,9,46,double_poisson_alpha_2_0,685,2.0,10
2025-11-01 14:30:00,2025,30303,home_win,0,0,1.5866928513061251,1.5600718644222413,0.3874913501376396,0.23647715168255024,0.37603149817981035,0.6125086498623606,1,1,0.10641795713726769,1.0,0,Union Berlin,Freiburg,,9,9,46,double_poisson_alpha_2_0,685,2.0,10
2025-11-01 17:30:00,2025,30297,home_win,1,0,1.6382628046699592,1.5755351267294633,0.3965804998217104,0.23358327060715892,0.3698362295711307,0.6034195001782896,1,1,0.10377122745199142,1.0,1,Bayern Munich,Bayer Leverkusen,,9,9,47,double_poisson_alpha_2_0,690,2.0,10
2025-11-02 14:30:00,2025,30298,home_win,1,0,1.5887125472642858,1.5638588855874433,0.3872283094556128,0.2362335825942004,0.37653810795018705,0.6127716905443874,1,1,0.10619364075383181,1.0000000000000002,1,FC Cologne,Hamburger SV,,9,9,48,double_poisson_alpha_2_0,691,2.0,10
2025-11-02 16:30:00,2025,30304,home_win,0,0,1.6129892875948835,1.5705729607130545,0.39163363554397973,0.23489596042904656,0.37347040402697373,0.6083663644560203,1,1,0.10497504806242319,1.0000000000000002,0,Wolfsburg,Hoffenheim,,9,9,49,double_poisson_alpha_2_0,692,2.0,10
2025-11-07 19:30:00,2025,30313,home_win,1,0,1.6056229291576436,1.5625245177451896,0.3914785170227043,0.23553869304859396,0.37298278992870193,0.6085214829772959,1,1,0.1055750870213367,1.0,1,Werder Bremen,Wolfsburg,,10,10,50,double_poisson_alpha_2_0,693,2.0,10
2025-11-08 14:30:00,2025,30305,home_win,1,0,1.6469743337876124,1.53043239967527,0.40756598929218485,0.23479432564361863,0.3576396850641964,0.592434010707815,1,1,0.10509226962644805,0.9999999999999999,1,Bayer Leverkusen,FC Heidenheim,,10,10,51,double_poisson_alpha_2_0,694,2.0,10
2025-11-08 14:30:00,2025,30309,home_win,0,0,1.5916424985075428,1.5846624745731401,0.3838700984458104,0.23525201800744525,0.38087788354674446,0.6161299015541897,1,1,0.10527629148741931,1.0,0,Hamburger SV,Borussia Dortmund,,,,51,double_poisson_alpha_2_0,694,2.0,10
2025-11-08 14:30:00,2025,30310,home_win,1,0,1.5979028500016632,1.5961343895238962,0.3831204346973175,0.23451533745407613,0.38236422784860635,0.6168795653026825,1,1,0.10458444065469807,1.0,1,Hoffenheim,RasenBallsport Leipzig,,10,10,51,double_poisson_alpha_2_0,694,2.0,10
2025-11-08 14:30:00,2025,30312,home_win,0,0,1.5619506377781935,1.6243098250747856,0.369294459515094,0.23472035234215616,0.39598518814274997,0.6307055404849061,1,1,0.10484816622049029,1.0,0,Union Berlin,Bayern Munich,,10,10,51,double_poisson_alpha_2_0,694,2.0,10
2025-11-08 17:30:00,2025,30306,home_win,1,0,1.611968572079902,1.5655170470724364,0.3923847845762384,0.23513847616253414,0.37247673926122754,0.6076152154237617,1,1,0.10520827516139078,1.0,1,Borussia M.Gladbach,FC Cologne,,10,10,52,double_poisson_alpha_2_0,698,2.0,10
2025-11-09 14:30:00,2025,30308,home_win,1,0,1.59660455708013,1.5518626012899788,0.39144497711215254,0.236365011521106,0.37219001136674146,0.6085550228878475,1,1,0.10633805641467874,1.0,1,Freiburg,St. Pauli,,10,10,53,double_poisson_alpha_2_0,699,2.0,10
2025-11-09 16:30:00,2025,30311,home_win,1,0,1.6353398144067497,1.544203307054788,0.4020864272121987,0.2348657203448104,0.36304785244299076,0.5979135727878011,1,1,0.10506412692128739,1.0,1,VfB Stuttgart,Augsburg,,10,10,54,double_poisson_alpha_2_0,700,2.0,10
2025-11-09 18:30:00,2025,30307,home_win,1,0,1.6166147647763984,1.5558071646013232,0.39538732322985726,0.2353033276573541,0.3693093491127887,0.6046126767701427,1,1,0.10538940918888773,1.0,1,Eintracht Frankfurt,Mainz 05,,10,10,55,double_poisson_alpha_2_0,701,2.0,10
2025-11-21 19:30:00,2025,30319,home_win,0,0,1.614645167426346,1.566527208258679,0.392815741442049,0.23497984796298516,0.3722044105949659,0.607184258557951,1,1,0.10506291123347083,1.0,0,Mainz 05,Hoffenheim,,11,11,56,double_poisson_alpha_2_0,702,2.0,10
2025-11-22 14:30:00,2025,30314,home_win,1,0,1.5970154969793624,1.5693599113454066,0.3881126864355161,0.23564653316696052,0.3762407803975233,0.6118873135644838,1,1,0.10565555057799474,1.0,1,Augsburg,Hamburger SV,,11,11,57,double_poisson_alpha_2_0,703,2.0,10
2025-11-22 14:30:00,2025,30315,home_win,1,0,1.669074694856248,1.5368403152876648,0.411456707553769,0.2334994390338169,0.35504385341241407,0.5885432924462309,1,1,0.10394253851510787,1.0,1,Bayern Munich,Freiburg,,11,11,57,double_poisson_alpha_2_0,703,2.0,10
2025-11-22 14:30:00,2025,30316,home_win,0,0,1.6166848778784793,1.5738175819201101,0.39186595417784065,0.2346063731341295,0.3735276726880299,0.6081340458221594,1,1,0.10470373062001068,1.0000000000000002,0,Borussia Dortmund,VfB Stuttgart,,,,57,double_poisson_alpha_2_0,703,2.0,10
2025-11-22 14:30:00,2025,30318,home_win,0,0,1.6050954372040116,1.5769959123074724,0.3885238312650029,0.23498789091522726,0.3764882778197698,0.611476168734997,1,1,0.10504290257170491,0.9999999999999999,0,FC Heidenheim,Borussia M.Gladbach,,11,11,57,double_poisson_alpha_2_0,703,2.0,10
2025-11-22 14:30:00,2025,30322,home_win,0,0,1.5791342070837917,1.6023829258120343,0.3775109184192561,0.2350193968166174,0.38746968476412663,0.622489081580744,1,1,0.10506789105214671,1.0,0,Wolfsburg,Bayer Leverkusen,,11,11,57,double_poisson_alpha_2_0,703,2.0,10
2025-11-22 17:30:00,2025,30317,home_win,0,0,1.5956667471441,1.5837570582840657,0.38499217011922965,0.23511885792405887,0.3798889719567114,0.6150078298807703,1,1,0.10515369639414984,1.0,0,FC Cologne,Eintracht Frankfurt,,11,11,58,double_poisson_alpha_2_0,708,2.0,10
2025-11-23 14:30:00,2025,30320,home_win,1,0,1.6336556934510404,1.5575885490268655,0.3990382605464526,0.23445616064230393,0.36650557881124335,0.6009617394535473,1,1,0.10463416464929108,0.9999999999999999,1,RasenBallsport Leipzig,Werder Bremen,,11,11,59,double_poisson_alpha_2_0,709,2.0,10
2025-11-23 16:30:00,2025,30321,home_win,0,0,1.5984180047947074,1.5461909114808563,0.3929907528732042,0.2365065375113243,0.37050270961547144,0.6070092471267957,1,1,0.10647978828018019,1.0,0,St. Pauli,Union Berlin,,11,11,60,double_poisson_alpha_2_0,710,2.0,10
2025-11-28 19:30:00,2025,30325,home_win,0,0,1.6014653584311174,1.595121766497103,0.3841514605920383,0.23440866477170774,0.38143987463625373,0.6158485394079615,1,1,0.10448434892543011,0.9999999999999999,0,Borussia M.Gladbach,RasenBallsport Leipzig,,12,12,61,double_poisson_alpha_2_0,711,2.0,10
2025-11-29 14:30:00,2025,30324,home_win,1,0,1.6667823030787003,1.53041585381814,0.4122105147618681,0.23382372409298183,0.35396576114515,0.5877894852381318,1,1,0.10427082736954796,1.0,1,Bayern Munich,St. Pauli,,12,12,62,double_poisson_alpha_2_0,712,2.0,10
2025-11-29 14:30:00,2025,30329,home_win,1,0,1.6221664827757831,1.569705608558674,0.3939576501665547,0.23452191970355749,0.3715204301298878,0.6060423498334453,1,1,0.10464083525023131,1.0,1,Hoffenheim,Augsburg,,12,12,62,double_poisson_alpha_2_0,712,2.0,10
2025-11-29 14:30:00,2025,30330,home_win,0,0,1.5998584364352848,1.5533460894197013,0.39192196325329187,0.23615925705095392,0.37191877969575426,0.6080780367467082,1,1,0.10615255660999763,1.0,0,Union Berlin,FC Heidenheim,,12,12,62,double_poisson_alpha_2_0,712,2.0,10
2025-11-29 14:30:00,2025,30331,home_win,0,0,1.6119716857659143,1.5600060528086266,0.3934679570104713,0.23535233327549912,0.37117970971402964,0.6065320429895288,1,1,0.10541714837578851,1.0000000000000002,0,Werder Bremen,FC Cologne,,12,12,62,double_poisson_alpha_2_0,712,2.0,10
2025-11-29 17:30:00,2025,30323,home_win,0,0,1.6344257827304383,1.5632393055617941,0.3981030572357067,0.23421239003551864,0.3676845527287749,0.6018969427642935,1,1,0.10439083418328206,1.0,0,Bayer Leverkusen,Borussia Dortmund,,,,63,double_poisson_alpha_2_0,716,2.0,10
2025-11-30 14:30:00,2025,30328,home_win,1,0,1.5974487678739084,1.58804921308174,0.3845784360589691,0.23486729542824586,0.3805542685127852,0.615421563941031,1,1,0.10491720208792894,0.9999999999999999,1,Hamburger SV,VfB Stuttgart,,12,12,64,double_poisson_alpha_2_0,717,2.0,10
2025-11-30 16:30:00,2025,30326,home_win,0,0,1.6259360376975411,1.5567646619941051,0.39738959790828743,0.23484120189016264,0.36776920020155,0.6026104020917127,1,1,0.10497770407792786,1.0000000000000002,0,Eintracht Frankfurt,Wolfsburg,,12,12,65,double_poisson_alpha_2_0,718,2.0,10
2025-11-30 18:30:00,2025,30327,home_win,1,0,1.5956157578022712,1.5601453511366803,0.38958525026303603,0.23607891559833644,0.3743358341386275,0.6104147497369639,1,1,0.10606295973532129,0.9999999999999999,1,Freiburg,Mainz 05,,12,12,66,double_poisson_alpha_2_0,719,2.0,10
2025-12-05 19:30:00,2025,30339,home_win,0,0,1.6088898957409252,1.5628845845327135,0.39217709493551334,0.23537865752387438,0.3724442475406121,0.6078229050644866,1,1,0.10543118240302035,0.9999999999999997,0,Mainz 05,Borussia M.Gladbach,,13,13,67,double_poisson_alpha_2_0,720,2.0,10
2025-12-06 14:30:00,2025,30332,home_win,0,0,1.6080400671249666,1.6154724819937287,0.38176627784553185,0.2333024585579679,0.3849312635965002,0.6182337221544681,1,1,0.10342909340735151,0.9999999999999999,0,VfB Stuttgart,Bayern Munich,,13,13,68,double_poisson_alpha_2_0,721,2.0,10
2025-12-06 14:30:00,2025,30333,home_win,1,0,1.6019910537239064,1.5472176776894362,0.3936329217311656,0.23630281318083213,0.37006426508800216,0.6063670782688343,1,1,0.10629859660071375,1.0,1,Wolfsburg,Union Berlin,,13,13,68,double_poisson_alpha_2_0,721,2.0,10
2025-12-06 14:30:00,2025,30334,home_win,1,0,1.573681750885231,1.6052242277243678,0.3756846138931156,0.23511453445499947,0.3892008516518849,0.6243153861068844,1,1,0.10516501533970003,1.0,1,Augsburg,Bayer Leverkusen,,13,13,68,double_poisson_alpha_2_0,721,2.0,10
2025-12-06 14:30:00,2025,30336,home_win,0,0,1.5932432580711164,1.5521625856819758,0.3905912708994703,0.23650473006882763,0.372903999031702,0.6094087291005297,1,1,0.10646010712225885,1.0,0,FC Cologne,St. Pauli,,13,13,68,double_poisson_alpha_2_0,721,2.0,10
2025-12-06 14:30:00,2025,30338,home_win,1,0,1.5967263136901875,1.569475349010906,0.3880219968523061,0.235654517171004,0.37632348597668985,0.6119780031476938,1,1,0.10566254587948906,1.0,1,FC Heidenheim,Freiburg,,13,13,68,double_poisson_alpha_2_0,721,2.0,10
2025-12-06 17:30:00,2025,30340,home_win,1,0,1.619579243074622,1.563478266039656,0.3945738157854337,0.23487605214627952,0.37055013206828663,0.6054261842145662,1,1,0.10498076636069623,0.9999999999999999,1,RasenBallsport Leipzig,Eintracht Frankfurt,,13,13,69,double_poisson_alpha_2_0,726,2.0,10
2025-12-07 14:30:00,2025,30337,home_win,1,0,1.6112462823254965,1.5631863384211515,0.39267236003204176,0.23526147338607606,0.372066166581882,0.6073276399679581,1,1,0.10532564049262857,1.0,1,Hamburger SV,Werder Bremen,,13,13,70,double_poisson_alpha_2_0,727,2.0,10
2025-12-07 16:30:00,2025,30335,home_win,1,0,1.6447970836980734,1.563146739740485,0.40054797896596367,0.23374122400275585,0.3657107970312805,0.5994520210340364,1,1,0.10397280860149728,1.0,1,Borussia Dortmund,Hoffenheim,,,,71,double_poisson_alpha_2_0,728,2.0,10
2025-12-12 19:30:00,2025,30348,home_win,1,0,1.5758369422508391,1.5841942879255475,0.3802370148180245,0.23593501409622858,0.38382797108574707,0.6197629851819757,1,1,0.1059096650478241,1.0,1,Union Berlin,RasenBallsport Leipzig,,14,14,72,double_poisson_alpha_2_0,729,2.0,10
2025-12-13 14:30:00,2025,30343,home_win,0,0,1.616411750790278,1.5685552633105788,0.39283286351558055,0.23482259597659758,0.37234454050782195,0.6071671364844196,1,1,0.10491515438785451,1.0,0,Borussia M.Gladbach,Wolfsburg,,14,14,73,double_poisson_alpha_2_0,730,2.0,10
2025-12-13 14:30:00,2025,30344,home_win,1,0,1.629129118804054,1.5532276350122936,0.39883843260737517,0.23482587746212513,0.3663356899304998,0.6011615673926249,1,1,0.10498098361081223,1.0,1,Eintracht Frankfurt,Augsburg,,14,14,73,double_poisson_alpha_2_0,730,2.0,10
2025-12-13 14:30:00,2025,30346,home_win,1,0,1.6187675763268354,1.5778081347360748,0.39157374244352083,0.2343596978347183,0.37406655972176095,0.6084262575564793,1,1,0.10446805174153749,1.0000000000000002,1,Hoffenheim,Hamburger SV,,14,14,73,double_poisson_alpha_2_0,730,2.0,10
2025-12-13 14:30:00,2025,30347,home_win,1,0,1.605001071624818,1.5490889544678612,0.3939747713718219,0.2360922064714555,0.36993302215672264,0.6060252286281782,1,1,0.10610791730180107,1.0,1,St. Pauli,FC Heidenheim,,14,14,73,double_poisson_alpha_2_0,730,2.0,10
2025-12-13 17:30:00,2025,30341,home_win,1,0,1.6504483126698832,1.5345708495381316,0.40755281040106084,0.23448277012041396,0.3579644194785251,0.592447189598939,1,1,0.10479791090044001,0.9999999999999999,1,Bayer Leverkusen,FC Cologne,,14,14,74,double_poisson_alpha_2_0,734,2.0,10
2025-12-14 14:30:00,2025,30345,home_win,0,0,1.5943022494215202,1.5871298470936188,0.38401732230290964,0.23503780219069256,0.3809448755063978,0.6159826776970904,1,1,0.10507628595068078,1.0,0,Freiburg,Borussia Dortmund,,,,75,double_poisson_alpha_2_0,735,2.0,10
2025-12-14 16:30:00,2025,30342,home_win,0,0,1.6682258288367253,1.5337444698232459,0.4118794772507812,0.2336430928209619,0.354477429928257,0.5881205227492189,1,1,0.10409019422558358,1.0000000000000002,0,Bayern Munich,Mainz 05,,14,14,76,double_poisson_alpha_2_0,736,2.0,10
2025-12-14 18:30:00,2025,30349,home_win,0,0,1.6018789223481757,1.5884721579778134,0.3855364739169458,0.2346628362148933,0.379800689868161,0.6144635260830543,1,1,0.10472670136437051,1.0000000000000002,0,Werder Bremen,VfB Stuttgart,,14,14,77,double_poisson_alpha_2_0,737,2.0,10
2025-12-19 19:30:00,2025,30351,home_win,1,0,1.6396416668231908,1.5557137509197518,0.40081197331485496,0.23424811701037246,0.36493990967477263,0.599188026685145,1,1,0.10446081525937374,1.0,1,Borussia Dortmund,Borussia M.Gladbach,,,,78,double_poisson_alpha_2_0,738,2.0,10
2025-12-20 14:30:00,2025,30350,home_win,0,0,1.6033186139556435,1.5668994060080697,0.3900785153696583,0.23546801652696303,0.37445346810337876,0.6099214846303418,1,1,0.10550007248543569,1.0000000000000002,0,Augsburg,Werder Bremen,,15,15,79,double_poisson_alpha_2_0,739,2.0,10
2025-12-20 14:30:00,2025,30352,home_win,0,0,1.5999596013999915,1.5498447913890838,0.39263503455576443,0.23629259463445712,0.3710723708097784,0.6073649654442355,1,1,0.10628073720666449,1.0,0,FC Cologne,Union Berlin,,15,15,79,double_poisson_alpha_2_0,739,2.0,10
2025-12-20 14:30:00,2025,30353,home_win,0,0,1.606908120044594,1.5778073952393197,0.38879143662695537,0.23487684961771318,0.37633171375533164,0.6112085633730449,1,1,0.10493990287320762,1.0,0,Hamburger SV,Eintracht Frankfurt,,15,15,79,double_poisson_alpha_2_0,739,2.0,10
2025-12-20 14:30:00,2025,30357,home_win,0,0,1.6454185608692264,1.564985514051986,0.4003299572437652,0.23364626272940114,0.3660237800268336,0.5996700427562347,1,1,0.10387856450966244,0.9999999999999999,0,VfB Stuttgart,Hoffenheim,,15,15,79,double_poisson_alpha_2_0,739,2.0,10
2025-12-20 14:30:00,2025,30358,home_win,0,0,1.6084898850679752,1.5618665471591149,0.3922827879887833,0.23543634986590709,0.37228086214530953,0.6077172120112166,1,1,0.10548578838767277,0.9999999999999999,0,Wolfsburg,Freiburg,,15,15,79,double_poisson_alpha_2_0,739,2.0,10
2025-12-20 17:30:00,2025,30356,home_win,0,0,1.6014852598084781,1.5813524936225778,0.3868269997928647,0.23496845326615062,0.37820454694098454,0.6131730002071352,1,1,0.10501776234898896,0.9999999999999999,0,RasenBallsport Leipzig,Bayer Leverkusen,,15,15,80,double_poisson_alpha_2_0,744,2.0,10
2025-12-21 14:30:00,2025,30355,home_win,0,0,1.5928316651878927,1.5421036926192973,0.3924746380028269,0.23692373381139747,0.37060162818577563,0.6075253619971731,1,1,0.10685585678012258,1.0000000000000002,0,Mainz 05,St. Pauli,,15,15,81,double_poisson_alpha_2_0,745,2.0,10
2025-12-21 16:30:00,2025,30354,home_win,0,0,1.5708345279774973,1.6311370272648344,0.37008432426122384,0.23407792836234548,0.39583774737643074,0.6299156757387763,1,1,0.10423709694799797,1.0,0,FC Heidenheim,Bayern Munich,,15,15,82,double_poisson_alpha_2_0,746,2.0,10
2026-01-09 19:30:00,2025,30362,home_win,0,0,1.6032788605359949,1.578047273509147,0.38789197810930165,0.23502444077192483,0.3770835811187736,0.6121080218906985,1,1,0.1050743447584773,1.0,0,Eintracht Frankfurt,Borussia Dortmund,,,,83,double_poisson_alpha_2_0,747,2.0,10
2026-01-10 14:30:00,2025,30363,home_win,1,0,1.603514377488215,1.5644378859914856,0.390606702716268,0.23555698517793083,0.37383631210580115,0.6093932972837319,1,1,0.10558616011030243,1.0,1,Freiburg,Hamburger SV,,16,16,84,double_poisson_alpha_2_0,748,2.0,10
2026-01-10 14:30:00,2025,30364,home_win,0,0,1.596328468062819,1.5623606036973823,0.38931948743214373,0.2359584225291254,0.3747220900387309,0.6106805125678563,1,1,0.10595032764365087,0.9999999999999999,0,FC Heidenheim,FC Cologne,,16,16,84,double_poisson_alpha_2_0,748,2.0,10
2026-01-10 14:30:00,2025,30366,home_win,0,0,1.5814473367367983,1.553112857212189,0.3876120950075026,0.2369946174762831,0.37539328751621437,0.6123879049924974,1,1,0.10688962506998212,1.0,0,Union Berlin,Mainz 05,,16,16,84,double_poisson_alpha_2_0,748,2.0,10
2026-01-10 17:30:00,2025,30359,home_win,0,0,1.633288810577857,1.5621422455870273,0.3980531069439477,0.23430483668510205,0.36764205637095015,0.6019468930560522,1,1,0.10447815365874302,1.0,0,Bayer Leverkusen,VfB Stuttgart,,16,16,85,double_poisson_alpha_2_0,751,2.0,10
2026-01-11 14:30:00,2025,30361,home_win,1,0,1.6132329602444686,1.5614550621434538,0.39347985377382555,0.23523948150524632,0.371280664720928,0.6065201462261743,1,1,0.10531181232514286,1.0,1,Borussia M.Gladbach,Augsburg,,16,16,86,double_poisson_alpha_2_0,752,2.0,10
2026-01-11 16:30:00,2025,30360,home_win,1,0,1.6759061377144417,1.5410272384329278,0.4122109702241194,0.2330285269790443,0.35476050279683624,0.5877890297758805,1,1,0.10350553935113932,1.0,1,Bayern Munich,Wolfsburg,,16,16,87,double_poisson_alpha_2_0,753,2.0,10
2026-01-13 17:30:00,2025,30375,home_win,1,0,1.633421777534167,1.5712242425082257,0.39629583006436037,0.23396083221165997,0.3697433377239795,0.6037041699356395,1,1,0.10413013460738414,1.0,1,VfB Stuttgart,Eintracht Frankfurt,,17,17,88,double_poisson_alpha_2_0,754,2.0,10
2026-01-13 19:30:00,2025,30369,home_win,1,0,1.6389890078483593,1.5541865653923395,0.40096153186870903,0.234333752540399,0.3647047155908918,0.5990384681312908,1,1,0.10454437250458415,0.9999999999999999,1,Borussia Dortmund,Werder Bremen,,,,89,double_poisson_alpha_2_0,755,2.0,10
2026-01-13 19:30:00,2025,30373,home_win,1,0,1.6159702552204678,1.5508700826143278,0.3962098289528604,0.23552084395788914,0.3682693270892506,0.6037901710471397,1,1,0.10560087019411414,1.0,1,Mainz 05,FC Heidenheim,,17,17,89,double_poisson_alpha_2_0,755,2.0,10
2026-01-14 17:30:00,2025,30376,home_win,1,0,1.6057888052799132,1.5592851540585768,0.3921535417742584,0.23565851383045489,0.37218794439528663,0.6078464582257415,1,1,0.10569143988808938,0.9999999999999999,1,Wolfsburg,St. Pauli,,17,17,90,double_poisson_alpha_2_0,757,2.0,10
2026-01-14 19:30:00,2025,30370,home_win,0,0,1.581341543441319,1.6368323401172553,0.37146252956927583,0.23342994190435679,0.39510752852636755,0.6285374704307243,1,1,0.10360834061826682,1.0000000000000002,0,FC Cologne,Bayern Munich,,17,17,91,double_poisson_alpha_2_0,758,2.0,10
2026-01-14 19:30:00,2025,30372,home_win,1,0,1.629841188882505,1.5821804848951146,0.3933104081121108,0.23370590874056338,0.3729836831473259,0.6066895918878893,1,1,0.10385753814191519,1.0,1,Hoffenheim,Borussia M.Gladbach,,17,17,91,double_poisson_alpha_2_0,758,2.0,10
2026-01-14 19:30:00,2025,30374,home_win,1,0,1.6343812707670888,1.55248401434988,0.40021840393540853,0.23460982156367008,0.3651717745009215,0.5997815960645916,1,1,0.1047954690801832,1.0000000000000002,1,RasenBallsport Leipzig,Freiburg,,17,17,91,double_poisson_alpha_2_0,758,2.0,10
2026-01-15 19:30:00,2025,30368,home_win,0,0,1.6032196996006896,1.5561717762269933,0.3921596582279453,0.23589628950528835,0.3719440522667662,0.6078403417720546,1,1,0.10591178581680151,1.0,0,Augsburg,Union Berlin,,17,17,92,double_poisson_alpha_2_0,761,2.0,10
2026-01-16 19:30:00,2025,30384,home_win,0,0,1.6103727350952926,1.5853960001438403,0.388126238838736,0.23442489840577763,0.37744886275548617,0.6118737611612638,1,1,0.10451038316629183,1.0,0,Werder Bremen,Eintracht Frankfurt,,18,18,93,double_poisson_alpha_2_0,762,2.0,10
2026-01-17 14:30:00,2025,30378,home_win,1,0,1.6333926434144024,1.5423072447259647,0.4020058803131874,0.235026225358072,0.36296789432874066,0.5979941196868126,1,1,0.10521376365981433,1.0000000000000002,1,Borussia Dortmund,St. Pauli,,,,94,double_poisson_alpha_2_0,763,2.0,10
2026-01-17 14:30:00,2025,30379,home_win,1,0,1.6000049758474477,1.5657366283644747,0.38952552619225833,0.2356606614342769,0.3748138123734647,0.6104744738077417,1,1,0.10567589504636227,1.0,1,FC Cologne,Mainz 05,,18,18,94,double_poisson_alpha_2_0,763,2.0,10
2026-01-17 14:30:00,2025,30380,home_win,0,0,1.6253383499909408,1.5741401097505678,0.3938312307579753,0.23421132319647664,0.371957446045548,0.6061687692420246,1,1,0.10434492415620404,1.0,0,Hamburger SV,Borussia M.Gladbach,,18,18,94,double_poisson_alpha_2_0,763,2.0,10
2026-01-17 14:30:00,2025,30381,home_win,1,0,1.605341121411311,1.6149619963690123,0.3812344715810878,0.2334323074501749,0.385333220968737,0.618765528418912,1,1,0.10355468769055269,0.9999999999999998,1,Hoffenheim,Bayer Leverkusen,,18,18,94,double_poisson_alpha_2_0,763,2.0,10
2026-01-17 14:30:00,2025,30385,home_win,0,0,1.6253690149681446,1.5635889626567545,0.39591114610307393,0.23461053069049742,0.3694783232064288,0.6040888538969262,1,1,0.1047436538791704,1.0000000000000002,0,Wolfsburg,FC Heidenheim,,18,18,94,double_poisson_alpha_2_0,763,2.0,10
2026-01-17 17:30:00,2025,30382,home_win,0,0,1.60933808928244,1.618210700179592,0.3815432473426163,0.23313737351764618,0.38531937913973735,0.6184567526573835,1,1,0.10327036912842441,0.9999999999999999,0,RasenBallsport Leipzig,Bayern Munich,,18,18,95,double_poisson_alpha_2_0,768,2.0,10
2026-01-18 14:30:00,2025,30383,home_win,0,0,1.6378843503513154,1.5428295201101765,0.40295715025217155,0.23479482305231406,0.3622480266955145,0.5970428497478285,1,1,0.1050109750058056,1.0,0,VfB Stuttgart,Union Berlin,,18,18,96,double_poisson_alpha_2_0,769,2.0,10
2026-01-18 16:30:00,2025,30377,home_win,0,0,1.6043809557341382,1.5692896452342444,0.38986088624735105,0.23532622593821717,0.3748128878144319,0.6101391137526491,1,1,0.10536660281307837,1.0,0,Augsburg,Freiburg,,18,18,97,double_poisson_alpha_2_0,770,2.0,10
2026-01-23 19:30:00,2025,30393,home_win,0,0,1.6001006410869716,1.563058579579886,0.3900724782047425,0.23576327290930763,0.3741642488859499,0.6099275217952576,1,1,0.10577425104488437,1.0,0,St. Pauli,Hamburger SV,,19,19,98,double_poisson_alpha_2_0,771,2.0,10
2026-01-24 14:30:00,2025,30386,home_win,1,0,1.6517574429194266,1.5438756774200186,0.4060012957057991,0.2340979773370723,0.3599007269571286,0.5939987042942009,1,1,0.10440294931534384,1.0,1,Bayer Leverkusen,Werder Bremen,,19,19,99,double_poisson_alpha_2_0,772,2.0,10
2026-01-24 14:30:00,2025,30387,home_win,0,0,1.6863074234122388,1.5333296943176842,0.41617955560047604,0.23276304733029018,0.35105739706923395,0.5838204443995241,1,1,0.10334790186657944,1.0000000000000002,0,Bayern Munich,Augsburg,,19,19,99,double_poisson_alpha_2_0,772,2.0,10
2026-01-24 14:30:00,2025,30389,home_win,0,0,1.636795732651038,1.575448408385571,0.39625479590432866,0.23365204026474895,0.3700931638309224,0.6037452040956713,1,1,0.10383380400704517,1.0,0,Eintracht Frankfurt,Hoffenheim,,19,19,99,double_poisson_alpha_2_0,772,2.0,10
2026-01-24 14:30:00,2025,30391,home_win,0,0,1.5882928486584116,1.594516335585074,0.38117689203947336,0.23498077603694434,0.38384233192358225,0.6188231079605266,1,1,0.10502267785908062,0.9999999999999999,0,FC Heidenheim,RasenBallsport Leipzig,,19,19,99,double_poisson_alpha_2_0,772,2.0,10
2026-01-24 14:30:00,2025,30392,home_win,1,0,1.6097911167234986,1.5585746635267026,0.3932360676337871,0.23550614144114193,0.37125779092507105,0.606763932366213,1,1,0.10555853725339795,1.0,1,Mainz 05,Wolfsburg,,19,19,99,double_poisson_alpha_2_0,772,2.0,10
2026-01-24 17:30:00,2025,30394,home_win,0,0,1.5813185440271873,1.587605391886198,0.3808702447712699,0.23556161698305278,0.38356813824567726,0.61912975522873,1,1,0.10556397864826955,1.0,0,Union Berlin,Borussia Dortmund,,,,100,double_poisson_alpha_2_0,777,2.0,10
2026-01-25 14:30:00,2025,30388,home_win,0,0,1.604489069044601,1.5972151110402573,0.38445506141271535,0.23419690377658528,0.38134803481069945,0.6155449385872848,1,1,0.1042840081632022,1.0,0,Borussia M.Gladbach,VfB Stuttgart,,19,19,101,double_poisson_alpha_2_0,778,2.0,10
2026-01-25 16:30:00,2025,30390,home_win,1,0,1.6114550309978593,1.5598070812325273,0.3933854771915555,0.2353833194919098,0.3712312033165348,0.6066145228084446,1,1,0.10544535232933452,1.0000000000000002,1,Freiburg,FC Cologne,,19,19,102,double_poisson_alpha_2_0,779,2.0,10
2026-01-27 19:30:00,2025,30365,home_win,0,0,1.5827042767402857,1.5796196108049876,0.38274239816932076,0.23584018221077346,0.38141741961990583,0.6172576018306792,1,1,0.10582115036410335,0.9999999999999999,0,St. Pauli,RasenBallsport Leipzig,,16,16,103,double_poisson_alpha_2_0,780,2.0,10
2026-01-27 19:30:00,2025,30367,home_win,0,0,1.617352099447328,1.5816024474629526,0.39050100614456823,0.23427345998405505,0.3752255338713768,0.6094989938554318,1,1,0.10437911190293046,1.0,0,Werder Bremen,Hoffenheim,,16,16,103,double_poisson_alpha_2_0,780,2.0,10
2026-01-30 19:30:00,2025,30398,home_win,1,0,1.6049052598282543,1.5669441023692605,0.390443312261747,0.23539612094982088,0.3741605667884321,0.609556687738253,1,1,0.10543534637274198,1.0,1,FC Cologne,Wolfsburg,,20,20,104,double_poisson_alpha_2_0,782,2.0,10
2026-01-31 14:30:00,2025,30395,home_win,1,0,1.5906199956905085,1.5532138248505072,0.3897642637040814,0.23658049238193055,0.37365524391398797,0.6102357362959185,1,1,0.1065241321866835,1.0,1,Augsburg,St. Pauli,,20,20,105,double_poisson_alpha_2_0,783,2.0,10
2026-01-31 14:30:00,2025,30397,home_win,0,0,1.599353237331888,1.5966404264872953,0.38336274316846675,0.2344342108418129,0.38220304598972044,0.6166372568315334,1,1,0.10450789557463705,1.0,0,Eintracht Frankfurt,Bayer Leverkusen,,20,20,105,double_poisson_alpha_2_0,783,2.0,10
2026-01-31 14:30:00,2025,30400,home_win,1,0,1.6181509862438777,1.5549645348095846,0.395914945694259,0.23526530565085726,0.36881974865488376,0.604085054305741,1,1,0.10535932248909241,1.0,1,Hoffenheim,Union Berlin,,20,20,105,double_poisson_alpha_2_0,783,2.0,10
2026-01-31 14:30:00,2025,30401,home_win,0,0,1.6196306962789162,1.5445290714987978,0.39832653764244563,0.23559058143280942,0.36608288092474495,0.6016734623575544,1,1,0.10569025830396889,1.0,0,RasenBallsport Leipzig,Mainz 05,,20,20,105,double_poisson_alpha_2_0,783,2.0,10
2026-01-31 14:30:00,2025,30403,home_win,0,0,1.6127670285640965,1.5707221896585706,0.3915522047273725,0.23489995359246477,0.373547841680163,0.6084477952726277,1,1,0.1049782223920051,1.0000000000000002,0,Werder Bremen,Borussia M.Gladbach,,20,20,105,double_poisson_alpha_2_0,783,2.0,10
2026-01-31 17:30:00,2025,30399,home_win,0,0,1.5838027799746097,1.629113678165913,0.3735009638568533,0.23367578627698865,0.39282324986615813,0.6264990361431468,1,1,0.10382468027940035,1.0,0,Hamburger SV,Bayern Munich,,20,20,106,double_poisson_alpha_2_0,788,2.0,10
2026-02-01 14:30:00,2025,30402,home_win,1,0,1.6337954372084806,1.5530071541198776,0.39997735642844656,0.23461788974969136,0.3654047538218621,0.6000226435715534,1,1,0.10479977612037267,1.0,1,VfB Stuttgart,Freiburg,,20,20,107,double_poisson_alpha_2_0,789,2.0,10
2026-02-01 16:30:00,2025,30396,home_win,1,0,1.6410787267080627,1.5386975971045131,0.40453015193354314,0.2347899036226645,0.36067994444379253,0.5954698480664571,1,1,0.10503242199550235,1.0,1,Borussia Dortmund,FC Heidenheim,,,,108,double_poisson_alpha_2_0,790,2.0,10
2026-02-06 19:30:00,2025,30411,home_win,0,0,1.5903161264906924,1.5781578845535107,0.3848203054253929,0.23557720411434732,0.37960249046025984,0.6151796945746072,1,1,0.10558035873038919,1.0,0,Union Berlin,Eintracht Frankfurt,,21,21,109,double_poisson_alpha_2_0,791,2.0,10
2026-02-07 14:30:00,2025,30407,home_win,1,0,1.608480442033555,1.562370211060592,0.39218168052292,0.23541708088527413,0.37240123859180574,0.6078183194770799,1,1,0.10546704860530552,1.0,1,Freiburg,Werder Bremen,,21,21,110,double_poisson_alpha_2_0,792,2.0,10
2026-02-07 14:30:00,2025,30408,home_win,0,0,1.594374034674376,1.5738220786243873,0.3866199095409749,0.23558048891678499,0.37779960154224007,0.6133800904590251,1,1,0.10558829011101445,1.0,0,FC Heidenheim,Hamburger SV,,21,21,110,double_poisson_alpha_2_0,792,2.0,10
2026-02-07 14:30:00,2025,30409,home_win,1,0,1.6040747641564777,1.5473250631991033,0.39410401715961685,0.23620316773843797,0.3696928151019453,0.6058959828403833,1,1,0.10621127231052686,1.0,1,Mainz 05,Augsburg,,21,21,110,double_poisson_alpha_2_0,792,2.0,10
2026-02-07 14:30:00,2025,30410,home_win,1,0,1.5812742389524441,1.5812748392957294,0.38208437914827037,0.23583098384191636,0.3820846370098133,0.6179156208517297,1,1,0.10581249208675242,1.0,1,St. Pauli,VfB Stuttgart,,21,21,110,double_poisson_alpha_2_0,792,2.0,10
2026-02-07 14:30:00,2025,30412,home_win,0,0,1.5911627016457874,1.5928681444671924,0.38216936971389226,0.23493096674069244,0.3828996635454155,0.617830630286108,1,1,0.10497536424872363,1.0000000000000002,0,Wolfsburg,Borussia Dortmund,,,,110,double_poisson_alpha_2_0,792,2.0,10
2026-02-07 17:30:00,2025,30405,home_win,0,0,1.5844709545936717,1.6021800456462059,0.37880356536436255,0.2348124988646517,0.3863839357709856,0.6211964346356373,1,1,0.10486985216398083,1.0,0,Borussia M.Gladbach,Bayer Leverkusen,,21,21,111,double_poisson_alpha_2_0,797,2.0,10
2026-02-08 14:30:00,2025,30406,home_win,0,0,1.5812926378811225,1.5807421799786934,0.38219190208961146,0.23585264775676668,0.3819554501536219,0.6178080979103886,1,1,0.10583249092111062,1.0,0,FC Cologne,RasenBallsport Leipzig,,21,21,112,double_poisson_alpha_2_0,798,2.0,10
2026-02-08 16:30:00,2025,30404,home_win,1,0,1.6784722428917278,1.5508795363376582,0.41083729688942827,0.23258174425871805,0.35658095885185365,0.5891627031105717,1,1,0.10303922211682803,1.0,1,Bayern Munich,Hoffenheim,,21,21,113,double_poisson_alpha_2_0,799,2.0,10
2026-02-13 19:30:00,2025,30415,home_win,1,0,1.6220674840773945,1.5425962528851351,0.39928380485920134,0.235548748788814,0.36516744635198467,0.6007161951407987,1,1,0.10566354875727256,1.0,1,Borussia Dortmund,Mainz 05,,,,114,double_poisson_alpha_2_0,800,2.0,10
2026-02-14 14:30:00,2025,30414,home_win,1,0,1.6337686983654498,1.526186530743708,0.4053101321682965,0.23558574404000096,0.35910412379170276,0.5946898678317037,1,1,0.10579059711261281,1.0000000000000002,1,Bayer Leverkusen,St. Pauli,,22,22,115,double_poisson_alpha_2_0,801,2.0,10
2026-02-14 14:30:00,2025,30416,home_win,1,0,1.627322949188336,1.5635856121948108,0.39637013308707114,0.2345222113621348,0.3691076555507943,0.6036298669129291,1,1,0.10466498947397992,1.0000000000000002,1,Eintracht Frankfurt,Borussia M.Gladbach,,22,22,115,double_poisson_alpha_2_0,801,2.0,10
2026-02-14 14:30:00,2025,30417,home_win,1,0,1.6051100654038812,1.5429345795830027,0.39521589328510354,0.23632553582987467,0.368458570885022,0.6047841067148967,1,1,0.10633443122755061,1.0,1,Hamburger SV,Union Berlin,,22,22,115,double_poisson_alpha_2_0,801,2.0,10
2026-02-14 14:30:00,2025,30418,home_win,1,0,1.6186233494999416,1.5682165104998456,0.39341856009560117,0.23473713179774633,0.37184430810665253,0.6065814399043988,1,1,0.10483947971315385,1.0,1,Hoffenheim,Freiburg,,22,22,115,double_poisson_alpha_2_0,801,2.0,10
2026-02-14 14:30:00,2025,30421,home_win,0,0,1.5805213369404867,1.6321593915744124,0.3721561486223441,0.23366705069452384,0.394176800683132,0.6278438513776559,1,1,0.10382774432123697,1.0,0,Werder Bremen,Bayern Munich,,22,22,115,double_poisson_alpha_2_0,801,2.0,10
2026-02-14 17:30:00,2025,30420,home_win,1,0,1.6340797541343208,1.542705612435132,0.40208814417916994,0.2349793358980224,0.36293251992280773,0.5979118558208301,1,1,0.10517098800909101,1.0,1,VfB Stuttgart,FC Cologne,,22,22,116,double_poisson_alpha_2_0,806,2.0,10
2026-02-15 14:30:00,2025,30413,home_win,1,0,1.6090967793999957,1.5541977500396493,0.39393395756569327,0.23570732515684564,0.3703587172774613,0.606066042434307,1,1,0.10575163308161246,1.0000000000000002,1,Augsburg,FC Heidenheim,,22,22,117,double_poisson_alpha_2_0,807,2.0,10
2026-02-15 16:30:00,2025,30419,home_win,0,0,1.6314873803845318,1.5460840460510201,0.4008078625369107,0.23497865710316812,0.3642134803599212,0.5991921374630893,1,1,0.10515140530562342,1.0,0,RasenBallsport Leipzig,Wolfsburg,,22,22,118,double_poisson_alpha_2_0,808,2.0,10
2026-02-20 19:30:00,2025,30426,home_win,0,0,1.5996504907134697,1.555775107657404,0.3913953429281177,0.23607262219709313,0.37253203487478914,0.6086046570718823,1,1,0.10606888331469286,0.9999999999999999,0,Mainz 05,Hamburger SV,,23,23,119,double_poisson_alpha_2_0,809,2.0,10
2026-02-21 14:30:00,2025,30422,home_win,1,0,1.674965891426988,1.5529059055206433,0.409617162368788,0.2326827462205667,0.3577000914106453,0.590382837631212,1,1,0.10311081021384419,1.0,1,Bayern Munich,Eintracht Frankfurt,,23,23,120,double_poisson_alpha_2_0,810,2.0,10
2026-02-21 14:30:00,2025,30423,home_win,0,0,1.605963507921674,1.576458024939443,0.38883272591012796,0.23497166966178532,0.3761956044280865,0.6111672740898718,1,1,0.10502917967548213,1.0,0,FC Cologne,Hoffenheim,,23,23,120,double_poisson_alpha_2_0,810,2.0,10
2026-02-21 14:30:00,2025,30429,home_win,1,0,1.5676244493563063,1.5952370604589292,0.3761730645050485,0.2357944748430621,0.38803246065188923,0.6238269354949513,1,1,0.1057922754097698,0.9999999999999999,1,Union Berlin,Bayer Leverkusen,,23,23,120,double_poisson_alpha_2_0,810,2.0,10
2026-02-21 14:30:00,2025,30430,home_win,0,0,1.6076349254440918,1.5559658171693889,0.3932412821897481,0.2357049730712645,0.37105374473898745,0.6067587178102519,1,1,0.10574336800384454,1.0,0,Wolfsburg,Augsburg,,23,23,120,double_poisson_alpha_2_0,810,2.0,10
2026-02-21 17:30:00,2025,30427,home_win,0,0,1.6127657708193726,1.5743176660162834,0.3908483778127268,0.23475921616821863,0.37439240601905444,0.609151622187273,1,1,0.1048409424520696,0.9999999999999998,0,RasenBallsport Leipzig,Borussia Dortmund,,,,121,double_poisson_alpha_2_0,814,2.0,10
2026-02-22 14:30:00,2025,30424,home_win,1,0,1.6136124546038848,1.5655741833498789,0.3927600509097142,0.2350628992171729,0.37217704987311284,0.6072399490902858,1,1,0.1051404120243739,0.9999999999999998,1,Freiburg,Borussia M.Gladbach,,23,23,122,double_poisson_alpha_2_0,815,2.0,10
2026-02-22 16:30:00,2025,30428,home_win,1,0,1.5982032924894236,1.5539071377383726,0.3914207197205658,0.236211769092752,0.3723675111866822,0.6085792802794342,1,1,0.10619716335739855,1.0000000000000002,1,St. Pauli,Werder Bremen,,23,23,123,double_poisson_alpha_2_0,816,2.0,10
2026-02-22 18:30:00,2025,30425,home_win,0,0,1.5855450530983664,1.5962161821351606,0.38020342293953097,0.23502217954641613,0.38477439751405307,0.6197965770604692,1,1,0.1050627947213724,1.0,0,FC Heidenheim,VfB Stuttgart,,23,23,124,double_poisson_alpha_2_0,817,2.0,10
2026-02-27 19:30:00,2025,30431,home_win,1,0,1.6038807195505824,1.557854477813475,0.3919848344445255,0.2358003997292794,0.37221476582619495,0.6080151655554744,1,1,0.10582171708490183,1.0,1,Augsburg,FC Cologne,,24,24,125,double_poisson_alpha_2_0,818,2.0,10
2026-02-28 14:30:00,2025,30432,home_win,0,0,1.6371072163941236,1.5345091467637266,0.4044325663904625,0.23512886426930915,0.36043856934022833,0.5955674336095375,1,1,0.10534917019110876,1.0,0,Bayer Leverkusen,Mainz 05,,24,24,126,double_poisson_alpha_2_0,819,2.0,10
2026-02-28 14:30:00,2025,30433,home_win,1,0,1.6107592167342653,1.5544820464605174,0.39426972632556895,0.23562075884793585,0.370109514826495,0.6057302736744309,1,1,0.10567433439972518,0.9999999999999999,1,Borussia M.Gladbach,Union Berlin,,24,24,126,double_poisson_alpha_2_0,819,2.0,10
2026-02-28 14:30:00,2025,30437,home_win,0,0,1.617386331222587,1.5574486398993483,0.3952453107237161,0.23520557006989704,0.36954911920638694,0.604754689276284,1,1,0.10529656247779312,1.0000000000000002,0,Hoffenheim,St. Pauli,,24,24,126,double_poisson_alpha_2_0,819,2.0,10
2026-02-28 14:30:00,2025,30439,home_win,1,0,1.6169195634337197,1.555841417417765,0.3954522881066018,0.23528812922805228,0.36925958266534586,0.6045477118933982,1,1,0.10537586624733514,1.0,1,Werder Bremen,FC Heidenheim,,24,24,126,double_poisson_alpha_2_0,819,2.0,10
2026-02-28 17:30:00,2025,30434,home_win,0,0,1.609130730211195,1.6120024172466851,0.38268789358367294,0.23340093623604435,0.38391117018028253,0.6173121064163269,1,1,0.10352295641313884,1.0,0,Borussia Dortmund,Bayern Munich,,,,127,double_poisson_alpha_2_0,823,2.0,10
2026-03-01 14:30:00,2025,30438,home_win,1,0,1.6377031368440091,1.5488849528355826,0.40171130603561,0.2345855271167286,0.3637031668476614,0.59828869396439,1,1,0.10479407247690045,1.0,1,VfB Stuttgart,Wolfsburg,,24,24,128,double_poisson_alpha_2_0,824,2.0,10
2026-03-01 16:30:00,2025,30435,home_win,1,0,1.6233701464965422,1.5574490293905205,0.3966518453967547,0.23493288731940984,0.3684152672838354,0.6033481546032452,1,1,0.10505559371660306,0.9999999999999999,1,Eintracht Frankfurt,Freiburg,,24,24,129,double_poisson_alpha_2_0,825,2.0,10
2026-03-01 18:30:00,2025,30436,home_win,0,0,1.594987802286862,1.5759801358254375,0.38634416491082996,0.2354660149998982,0.37818982008927193,0.6136558350891701,1,1,0.10548099735058637,1.0,0,Hamburger SV,RasenBallsport Leipzig,,24,24,130,double_poisson_alpha_2_0,826,2.0,10
2026-03-04 19:30:00,2025,30371,home_win,0,0,1.5839750442353957,1.5903673722559633,0.38096228685212985,0.2353343813193655,0.38370333182850486,0.6190377131478704,1,1,0.1053528762927346,1.0,0,Hamburger SV,Bayer Leverkusen,,17,17,131,double_poisson_alpha_2_0,827,2.0,10
2026-03-06 19:30:00,2025,30440,home_win,1,0,1.682161380701086,1.538693062178479,0.4141361149395446,0.23279778398730422,0.353066101073151,0.5858638850604552,1,1,0.10332855170902393,0.9999999999999999,1,Bayern Munich,Borussia M.Gladbach,,25,25,132,double_poisson_alpha_2_0,828,2.0,10
2026-03-07 14:30:00,2025,30442,home_win,0,0,1.579937565531658,1.5925180900637095,0.37959709145292564,0.23540983579005248,0.384993072757022,0.6204029085470745,1,1,0.1054251710483306,1.0000000000000002,0,Freiburg,Bayer Leverkusen,,25,25,133,double_poisson_alpha_2_0,829,2.0,10
2026-03-07 14:30:00,2025,30443,home_win,0,0,1.6028539635104218,1.5820681207384872,0.38700933822851397,0.23488083682045066,0.37810982495103546,0.6129906617714861,1,1,0.10493613117130778,1.0,0,FC Heidenheim,Hoffenheim,,25,25,133,double_poisson_alpha_2_0,829,2.0,10
2026-03-07 14:30:00,2025,30444,home_win,0,0,1.5895405897890929,1.5774400995049065,0.3847770710835431,0.23563999276587785,0.37958293615057914,0.615222928916457,1,1,0.10563850863000598,1.0,0,Mainz 05,VfB Stuttgart,,25,25,133,double_poisson_alpha_2_0,829,2.0,10
2026-03-07 14:30:00,2025,30445,home_win,1,0,1.627993454515792,1.5379288106797582,0.4016067345986707,0.2354410125002247,0.36295225290110467,0.5983932654013293,1,1,0.10559572039190161,1.0,1,RasenBallsport Leipzig,Augsburg,,25,25,133,double_poisson_alpha_2_0,829,2.0,10
2026-03-07 14:30:00,2025,30448,home_win,0,0,1.6023914110017279,1.5654699193164412,0.3901400141284458,0.23556580758611032,0.37429417828544376,0.6098599858715541,1,1,0.10559142240945149,0.9999999999999999,0,Wolfsburg,Hamburger SV,,25,25,133,double_poisson_alpha_2_0,829,2.0,10
2026-03-07 17:30:00,2025,30441,home_win,0,0,1.587445960956676,1.5912229692443491,0.3816135708694727,0.23515426185412608,0.3832321672764012,0.6183864291305272,1,1,0.10518446762669661,1.0,0,FC Cologne,Borussia Dortmund,,,,134,double_poisson_alpha_2_0,834,2.0,10
2026-03-08 14:30:00,2025,30446,home_win,0,0,1.5944724155291998,1.5715576289550988,0.3870844891777395,0.23566838452770128,0.37724712629455914,0.6129155108222604,1,1,0.10567151737806606,0.9999999999999999,0,St. Pauli,Eintracht Frankfurt,,25,25,135,double_poisson_alpha_2_0,835,2.0,10
2026-03-08 16:30:00,2025,30447,home_win,0,0,1.594280362689394,1.5568682702508332,0.3899124426610797,0.23626982065227695,0.37381773668664336,0.6100875573389203,1,1,0.10624049889296015,1.0,0,Union Berlin,Werder Bremen,,25,25,136,double_poisson_alpha_2_0,836,2.0,10
2026-03-13 19:30:00,2025,30450,home_win,1,0,1.6031435409916808,1.5560918192283577,0.39215741195254006,0.23590286427309806,0.37193972377436174,0.6078425880474598,1,1,0.10591784722080315,0.9999999999999998,1,Borussia M.Gladbach,St. Pauli,,26,26,137,double_poisson_alpha_2_0,837,2.0,10
2026-03-14 14:30:00,2025,30449,home_win,0,0,1.6193773992132199,1.6061545976478482,0.38620625976267536,0.2332165989100764,0.38057714132724835,0.6137937402373248,1,1,0.10334861753048742,1.0,0,Bayer Leverkusen,Bayern Munich,,26,26,138,double_poisson_alpha_2_0,838,2.0,10
2026-03-14 14:30:00,2025,30451,home_win,1,0,1.6359976619664307,1.539732305581696,0.4031304645723276,0.23499543730110806,0.36187409812656435,0.5968695354276724,1,1,0.1052024610739563,1.0,1,Borussia Dortmund,Augsburg,,,,138,double_poisson_alpha_2_0,838,2.0,10
2026-03-14 14:30:00,2025,30452,home_win,1,0,1.6346091168024337,1.5485276498971317,0.4010561503135303,0.2347433869936629,0.3642004626928068,0.5989438496864697,1,1,0.10493349745729233,1.0,1,Eintracht Frankfurt,FC Heidenheim,,26,26,138,double_poisson_alpha_2_0,838,2.0,10
2026-03-14 14:30:00,2025,30455,home_win,0,0,1.6286113905963724,1.5672215741579103,0.395956556378654,0.23432727034988626,0.36971617327145967,0.604043443621346,1,1,0.10447568991648758,0.9999999999999999,0,Hoffenheim,Wolfsburg,,26,26,138,double_poisson_alpha_2_0,838,2.0,10
2026-03-14 17:30:00,2025,30454,home_win,0,0,1.6082576311963068,1.5468205356830766,0.3951912766618342,0.2360305155451718,0.36877820779299386,0.6048087233381656,1,1,0.10606265934171878,0.9999999999999999,0,Hamburger SV,FC Cologne,,26,26,139,double_poisson_alpha_2_0,842,2.0,10
2026-03-15 14:30:00,2025,30457,home_win,0,0,1.59549390308561,1.5548596085165005,0.3905934659461586,0.23629578971153287,0.3731107443423085,0.6094065340538414,1,1,0.10626865516681043,1.0,0,Werder Bremen,Mainz 05,,26,26,140,double_poisson_alpha_2_0,843,2.0,10
2026-03-15 16:30:00,2025,30453,home_win,0,0,1.6014269266588537,1.5426253841368218,0.39440625702980214,0.23650768864029553,0.3690860543299023,0.6055937429701979,1,1,0.10649348280490117,0.9999999999999999,0,Freiburg,Union Berlin,,26,26,141,double_poisson_alpha_2_0,844,2.0,10
2026-03-15 18:30:00,2025,30456,home_win,1,0,1.6147859051445248,1.5646230848567728,0.39322259187389075,0.23504727813042345,0.3717301299956859,0.6067774081261094,1,1,0.1051295737454279,1.0,1,VfB Stuttgart,RasenBallsport Leipzig,,26,26,142,double_poisson_alpha_2_0,845,2.0,10
2026-03-20 19:30:00,2025,30464,home_win,1,0,1.627318181493881,1.5549217218533948,0.39807820465225835,0.23484652043353674,0.3670752749142049,0.6019217953477416,1,1,0.1049909286666775,1.0,1,RasenBallsport Leipzig,Hoffenheim,,27,27,143,double_poisson_alpha_2_0,846,2.0,10
2026-03-21 14:30:00,2025,30459,home_win,1,0,1.6705659338081145,1.5181332084728736,0.41557006440916244,0.23403373529535734,0.35039620029548013,0.5844299355908374,1,1,0.10455361645832385,0.9999999999999999,1,Bayern Munich,Union Berlin,,27,27,144,double_poisson_alpha_2_0,847,2.0,10
2026-03-21 14:30:00,2025,30461,home_win,0,0,1.6001266332622281,1.5602553143024622,0.3906281503118437,0.23587363551881776,0.37349821416933854,0.6093718496881563,1,1,0.10587991496207023,1.0,0,FC Cologne,Borussia M.Gladbach,,27,27,144,double_poisson_alpha_2_0,847,2.0,10
2026-03-21 14:30:00,2025,30462,home_win,0,0,1.5678424660203278,1.5994242119966329,0.37542127909758227,0.23560196495625813,0.3889767559461597,0.6245787209024178,1,1,0.10561841565314246,1.0,0,FC Heidenheim,Bayer Leverkusen,,27,27,144,double_poisson_alpha_2_0,847,2.0,10
2026-03-21 14:30:00,2025,30466,home_win,0,0,1.603167948481506,1.5593507290154096,0.3915228851850424,0.2357734750798579,0.3727036397350999,0.6084771148149578,1,1,0.10579336198110634,1.0000000000000002,0,Wolfsburg,Werder Bremen,,27,27,144,double_poisson_alpha_2_0,847,2.0,10
2026-03-21 17:30:00,2025,30460,home_win,1,0,1.6279380494198856,1.543779360791332,0.40043087177103853,0.23522961079322277,0.3643395174357388,0.5995691282289616,1,1,0.10538134444804662,1.0000000000000002,1,Borussia Dortmund,Hamburger SV,,,,145,double_poisson_alpha_2_0,851,2.0,10
2026-03-22 14:30:00,2025,30463,home_win,1,0,1.5978153249345555,1.5650047366252318,0.38915259889185605,0.23578660465389153,0.3750607964542524,0.610847401108144,1,1,0.10579056548087236,1.0,1,Mainz 05,Eintracht Frankfurt,,27,27,146,double_poisson_alpha_2_0,852,2.0,10
2026-03-22 16:30:00,2025,30465,home_win,0,0,1.5925552191023848,1.5494394750853595,0.39096391462154795,0.2366445988665696,0.37239148651188236,0.609036085378452,1,1,0.10659041623288867,0.9999999999999999,0,St. Pauli,Freiburg,,27,27,147,double_poisson_alpha_2_0,853,2.0,10
2026-03-22 18:30:00,2025,30458,home_win,0,0,1.5852167547462273,1.5851791513301856,0.3822575478484694,0.235501037811312,0.38224141434021863,0.6177424521515307,1,1,0.1055070689398307,1.0,0,Augsburg,VfB Stuttgart,,27,27,148,double_poisson_alpha_2_0,854,2.0,10
2026-04-04 13:30:00,2025,30467,home_win,1,0,1.6478888380074226,1.5363940562037817,0.40658806297125083,0.23454350700990612,0.35886843001884333,0.5934119370287494,1,1,0.10483686865347615,1.0000000000000002,1,Bayer Leverkusen,Wolfsburg,,28,28,149,double_poisson_alpha_2_0,855,2.0,10
2026-04-04 13:30:00,2025,30468,home_win,0,0,1.622300837485299,1.5575555995031558,0.39637958492218445,0.23497768155516488,0.36864273352265065,0.6036204150778155,1,1,0.1050947077949825,1.0,0,Borussia M.Gladbach,FC Heidenheim,,28,28,149,double_poisson_alpha_2_0,855,2.0,10
2026-04-04 13:30:00,2025,30470,home_win,0,0,1.582520463330692,1.62926537963218,0.37317247534686493,0.23371817122881886,0.39310935342431624,0.6268275246531351,1,1,0.10386764743691,1.0,0,Freiburg,Bayern Munich,,28,28,149,double_poisson_alpha_2_0,855,2.0,10
2026-04-04 13:30:00,2025,30471,home_win,0,0,1.6112371610459055,1.549786518980156,0.3953084412580582,0.2357795981867547,0.36891196055518716,0.6046915587419419,1,1,0.10583180595421852,1.0000000000000002,0,Hamburger SV,Augsburg,,28,28,149,double_poisson_alpha_2_0,855,2.0,10
2026-04-04 13:30:00,2025,30472,home_win,0,0,1.61235752328416,1.564539758837929,0.3926680310608075,0.2351591348262771,0.3721728341129155,0.6073319689391926,1,1,0.10522986016725723,0.9999999999999999,0,Hoffenheim,Mainz 05,,28,28,149,double_poisson_alpha_2_0,855,2.0,10
2026-04-04 13:30:00,2025,30475,home_win,0,0,1.5908651364897861,1.582554026385308,0.3840960507903125,0.23537218554411019,0.3805317636655772,0.6159039492096874,1,1,0.10538856193879588,1.0,0,Werder Bremen,RasenBallsport Leipzig,,28,28,149,double_poisson_alpha_2_0,855,2.0,10
2026-04-04 16:30:00,2025,30473,home_win,0,0,1.6240157257562133,1.5792970523511294,0.3925118138112046,0.23407195747026613,0.3734162287185292,0.6074881861887953,1,1,0.10420126510615614,1.0,0,VfB Stuttgart,Borussia Dortmund,,,,150,double_poisson_alpha_2_0,861,2.0,10
2026-04-05 13:30:00,2025,30474,home_win,0,0,1.5869624497723054,1.550252708529423,0.3894799432938297,0.23686426160048601,0.37365579510568436,0.6105200567061704,1,1,0.10678098378324835,0.9999999999999998,0,Union Berlin,St. Pauli,,28,28,151,double_poisson_alpha_2_0,862,2.0,10
2026-04-05 15:30:00,2025,30469,home_win,0,0,1.6271026982972223,1.552889863102199,0.3984292789433169,0.2349320270680536,0.36663869398862936,0.601570721056683,1,1,0.10507572576095225,1.0,0,Eintracht Frankfurt,FC Cologne,,28,28,152,double_poisson_alpha_2_0,863,2.0,10
2026-04-10 18:30:00,2025,30476,home_win,0,0,1.6098164833748358,1.5790487144455152,0.3892321953210468,0.23470130110259818,0.3760665035763549,0.6107678046789531,1,1,0.10477685040781076,1.0,0,Augsburg,Hoffenheim,,29,29,153,double_poisson_alpha_2_0,864,2.0,10
2026-04-11 13:30:00,2025,30477,home_win,0,0,1.6151518766915052,1.5847394176477894,0.38937398228548525,0.23424543127538558,0.3763805864391292,0.6106260177145147,1,1,0.10434606954463177,1.0,0,Borussia Dortmund,Bayer Leverkusen,,,,154,double_poisson_alpha_2_0,865,2.0,10
2026-04-11 13:30:00,2025,30479,home_win,1,0,1.599924429147793,1.5594722227025952,0.39073407580507674,0.2359137643922474,0.3733521598026758,0.6092659241949232,1,1,0.10591770966671947,1.0,1,FC Heidenheim,Union Berlin,,29,29,154,double_poisson_alpha_2_0,865,2.0,10
2026-04-11 13:30:00,2025,30481,home_win,1,0,1.6384724950855254,1.5535342355059623,0.4009697239987261,0.23438140622257092,0.36464886977870314,0.599030276001274,1,1,0.10458973782104447,1.0000000000000002,1,RasenBallsport Leipzig,Borussia M.Gladbach,,29,29,154,double_poisson_alpha_2_0,865,2.0,10
2026-04-11 13:30:00,2025,30484,home_win,0,0,1.6057989305161462,1.5860406183416143,0.38692829691175823,0.2345947110732632,0.37847699201497864,0.6130717030882419,1,1,0.10466637099211708,1.0,0,Wolfsburg,Eintracht Frankfurt,,29,29,154,double_poisson_alpha_2_0,865,2.0,10
2026-04-11 16:30:00,2025,30482,home_win,0,0,1.5717485724012945,1.623208504461973,0.37180152746805717,0.23439733399377768,0.3938011385381651,0.6281984725319428,1,1,0.10452138493004187,1.0,0,St. Pauli,Bayern Munich,,29,29,155,double_poisson_alpha_2_0,869,2.0,10
2026-04-12 13:30:00,2025,30478,home_win,1,0,1.6032417610293255,1.564823333231569,0.3904669662311001,0.23555380487162758,0.37397922889727225,0.6095330337688998,1,1,0.10558230557005285,1.0,1,FC Cologne,Werder Bremen,,29,29,156,double_poisson_alpha_2_0,870,2.0,10
2026-04-12 15:30:00,2025,30483,home_win,1,0,1.6330757467466779,1.5538057751466798,0.39965040404659347,0.2346219769006063,0.3657276190528003,0.6003495959534066,1,1,0.1047992080771985,1.0,1,VfB Stuttgart,Hamburger SV,,29,29,157,double_poisson_alpha_2_0,871,2.0,10
2026-04-12 17:30:00,2025,30480,home_win,0,0,1.6070045789640244,1.5547371578587585,0.39333451155051713,0.23578133599538878,0.3708841524540941,0.6066654884494829,1,1,0.10581496751614972,1.0,0,Mainz 05,Freiburg,,29,29,158,double_poisson_alpha_2_0,872,2.0,10
2026-04-17 18:30:00,2025,30491,home_win,0,0,1.5972535040013203,1.55138050919703,0.39169319633230004,0.23635477455424553,0.37195202911345426,0.6083068036676997,1,1,0.10633048699482751,0.9999999999999997,0,St. Pauli,FC Cologne,,30,30,159,double_poisson_alpha_2_0,873,2.0,10
2026-04-18 13:30:00,2025,30485,home_win,0,0,1.6468654028983547,1.5329349697283503,0.407039524199723,0.23471302602119526,0.3582474497790815,0.5929604758002768,1,1,0.10500550846420587,0.9999999999999998,0,Bayer Leverkusen,Augsburg,,30,30,160,double_poisson_alpha_2_0,874,2.0,10
2026-04-18 13:30:00,2025,30490,home_win,1,0,1.606057064502782,1.596712579370568,0.38491945332201494,0.23415192794380346,0.3809286187341817,0.6150805466779852,1,1,0.10424195211478522,1.0000000000000002,1,Hoffenheim,Borussia Dortmund,,,,160,double_poisson_alpha_2_0,874,2.0,10
2026-04-18 13:30:00,2025,30492,home_win,0,0,1.599383320756153,1.5612013621816554,0.39026730738004195,0.2358691276588466,0.3738635649611116,0.6097326926199582,1,1,0.10587343330949353,1.0,0,Union Berlin,Wolfsburg,,30,30,160,double_poisson_alpha_2_0,874,2.0,10
2026-04-18 13:30:00,2025,30493,home_win,1,0,1.603907312713757,1.564957805953692,0.3905973825330924,0.23551896193677171,0.3738836555301358,0.6094026174669075,1,1,0.1055507358212312,0.9999999999999999,1,Werder Bremen,Hamburger SV,,30,30,160,double_poisson_alpha_2_0,874,2.0,10
2026-04-18 16:30:00,2025,30488,home_win,0,0,1.6079385345321093,1.5794324906928496,0.3887165455392486,0.23476743875728792,0.3765160157034634,0.6112834544607513,1,1,0.10483658436278799,1.0,0,Eintracht Frankfurt,RasenBallsport Leipzig,,30,30,161,double_poisson_alpha_2_0,878,2.0,10
2026-04-19 13:30:00,2025,30489,home_win,1,0,1.6182242877699946,1.5548753341639563,0.39594978813888637,0.23526534426961587,0.36878486759149764,0.6040502118611135,1,1,0.1053597261150582,0.9999999999999999,1,Freiburg,FC Heidenheim,,30,30,162,double_poisson_alpha_2_0,879,2.0,10
2026-04-19 15:30:00,2025,30486,home_win,1,0,1.6669384450340543,1.5671506472396146,0.40491827279225634,0.23257814373385255,0.3625035834738913,0.5950817272077438,1,1,0.1029160863250872,1.0,1,Bayern Munich,VfB Stuttgart,,30,30,163,double_poisson_alpha_2_0,880,2.0,10
2026-04-19 17:30:00,2025,30487,home_win,0,0,1.6044861761415021,1.5665675171705151,0.39041839431216907,0.2354295706467884,0.3741520350410425,0.6095816056878309,1,1,0.10546636455025954,1.0,0,Borussia M.Gladbach,Mainz 05,,30,30,164,double_poisson_alpha_2_0,881,2.0,10
