Div,Date,Time,HomeTeam,AwayTeam,FTHG,FTAG,FTR,HTHG,HTAG,HTR,HS,AS,HST,AST,HF,AF,HC,AC,HY,AY,HR,AR,B365H,B365D,B365A,BWH,BWD,BWA,IWH,IWD,IWA,PSH,PSD,PSA,WHH,WHD,WHA,VCH,VCD,VCA,MaxH,MaxD,MaxA,AvgH,AvgD,AvgA,B365>2.5,B365<2.5,P>2.5,P<2.5,Max>2.5,Max<2.5,Avg>2.5,Avg<2.5,AHh,B365AHH,B365AHA,PAHH,PAHA,MaxAHH,MaxAHA,AvgAHH,AvgAHA,B365CH,B365CD,B365CA,BWCH,BWCD,BWCA,IWCH,IWCD,IWCA,PSCH,PSCD,PSCA,WHCH,WHCD,WHCA,VCCH,VCCD,VCCA,MaxCH,MaxCD,MaxCA,AvgCH,AvgCD,AvgCA,B365C>2.5,B365C<2.5,PC>2.5,PC<2.5,MaxC>2.5,MaxC<2.5,AvgC>2.5,AvgC<2.5,AHCh,B365CAHH,B365CAHA,PCAHH,PCAHA,MaxCAHH,MaxCAHA,AvgCAHH,AvgCAHA,season_id,source_name,source_url,BFH,BFD,BFA,1XBH,1XBD,1XBA,BFEH,BFED,BFEA,BFE>2.5,BFE<2.5,BFEAHH,BFEAHA,BFCH,BFCD,BFCA,1XBCH,1XBCD,1XBCA,BFECH,BFECD,BFECA,BFEC>2.5,BFEC<2.5,BFECAHH,BFECAHA,BFDH,BFDD,BFDA,BMGMH,BMGMD,BMGMA,BVH,BVD,BVA,CLH,CLD,CLA,LBH,LBD,LBA,BFDCH,BFDCD,BFDCA,BMGMCH,BMGMCD,BMGMCA,BVCH,BVCD,BVCA,CLCH,CLCD,CLCA,LBCH,LBCD,LBCA
D1,18/08/2023,19:30,Werder Bremen,Bayern Munich,0,4,A,0.0,1.0,A,6.0,25.0,1.0,10.0,16.0,11.0,0.0,6.0,2.0,1.0,0.0,0.0,7.5,6.5,1.3,8.0,6.0,1.31,7.0,5.25,1.4,8.59,6.36,1.33,8.0,5.5,1.22,9.0,6.0,1.3,9.5,6.5,1.4,8.5,6.09,1.32,1.33,3.4,1.35,3.41,1.37,3.55,1.33,3.34,1.75,1.87,2.06,1.84,2.07,,,1.84,2.01,8.5,6.0,1.3,8.5,6.0,1.3,7.0,5.25,1.4,8.8,6.3,1.31,8.0,5.5,1.22,9.5,6.0,1.29,9.5,6.5,1.4,8.69,6.05,1.31,1.36,3.2,1.34,3.38,1.4,3.58,1.34,3.29,1.75,1.85,2.08,1.88,2.03,1.92,2.09,1.85,2.0,2023,Football-Data.co.uk,https://www.football-data.co.uk/mmz4281/2324/D1.csv,,,,,,,,,,,,,,,,,,,,,,,,,,,,,,,,,,,,,,,,,,,,,,,,,,,,,,,,
D1,19/08/2023,14:30,Augsburg,M'gladbach,4,4,D,3.0,3.0,D,20.0,9.0,8.0,6.0,9.0,14.0,8.0,7.0,1.0,2.0,0.0,0.0,2.7,3.6,2.45,2.7,3.5,2.45,2.75,3.6,2.45,2.74,3.78,2.51,2.5,3.4,2.3,2.7,3.7,2.45,2.8,3.88,2.54,2.72,3.69,2.47,1.62,2.3,1.63,2.39,1.66,2.43,1.61,2.34,0.0,2.03,1.87,2.04,1.87,2.07,1.9,2.02,1.84,2.8,3.6,2.38,2.75,3.6,2.4,2.75,3.65,2.45,2.92,3.72,2.43,2.5,3.4,2.3,2.75,3.75,2.38,2.92,3.87,2.51,2.79,3.67,2.42,1.62,2.3,1.67,2.33,1.67,2.4,1.62,2.31,0.25,1.82,2.11,1.83,2.11,1.83,2.18,1.77,2.09,2023,Football-Data.co.uk,https://www.football-data.co.uk/mmz4281/2324/D1.csv,,,,,,,,,,,,,,,,,,,,,,,,,,,,,,,,,,,,,,,,,,,,,,,,,,,,,,,,
D1,19/08/2023,14:30,Hoffenheim,Freiburg,1,2,A,0.0,2.0,A,24.0,17.0,5.0,8.0,9.0,9.0,4.0,2.0,0.0,1.0,0.0,0.0,2.3,3.6,2.9,2.25,3.5,3.1,2.3,3.55,2.95,2.43,3.67,2.92,2.1,3.4,2.8,2.38,3.6,2.88,2.5,3.85,3.1,2.35,3.63,2.94,1.67,2.2,1.67,2.3,1.71,2.32,1.66,2.24,-0.25,2.06,1.84,2.11,1.82,2.11,1.88,2.03,1.82,2.15,3.6,3.1,2.2,3.6,3.1,2.25,3.6,3.0,2.2,3.74,3.32,2.1,3.4,2.8,2.15,3.75,3.13,2.3,3.87,3.32,2.2,3.68,3.15,1.67,2.2,1.69,2.28,1.7,2.36,1.65,2.26,-0.25,1.91,2.02,1.92,2.01,1.98,2.02,1.91,1.95,2023,Football-Data.co.uk,https://www.football-data.co.uk/mmz4281/2324/D1.csv,,,,,,,,,,,,,,,,,,,,,,,,,,,,,,,,,,,,,,,,,,,,,,,,,,,,,,,,
D1,19/08/2023,14:30,Leverkusen,RB Leipzig,3,2,H,2.0,1.0,H,11.0,13.0,7.0,6.0,13.0,10.0,4.0,5.0,1.0,2.0,0.0,0.0,2.45,3.6,2.75,2.45,3.6,2.7,2.5,3.55,2.7,2.5,3.61,2.85,2.3,3.25,2.6,2.45,3.6,2.75,2.56,3.75,2.91,2.47,3.62,2.78,1.67,2.2,1.7,2.24,1.77,2.28,1.68,2.2,0.0,1.83,2.07,1.83,2.09,1.89,2.11,1.82,2.05,2.38,3.6,2.8,2.37,3.5,2.8,2.5,3.6,2.7,2.48,3.63,2.98,2.3,3.25,2.6,2.4,3.6,2.8,2.5,3.78,2.99,2.44,3.6,2.81,1.67,2.2,1.74,2.2,1.75,2.32,1.68,2.19,-0.25,2.11,1.82,2.14,1.84,2.14,1.84,2.09,1.78,2023,Football-Data.co.uk,https://www.football-data.co.uk/mmz4281/2324/D1.csv,,,,,,,,,,,,,,,,,,,,,,,,,,,,,,,,,,,,,,,,,,,,,,,,,,,,,,,,
D1,19/08/2023,14:30,Stuttgart,Bochum,5,0,H,2.0,0.0,H,19.0,4.0,9.0,1.0,5.0,12.0,7.0,0.0,1.0,1.0,0.0,0.0,1.65,4.33,4.5,1.68,4.0,4.75,1.7,4.1,4.5,1.7,4.25,4.78,1.57,3.9,4.33,1.7,4.1,4.6,1.77,4.4,5.0,1.69,4.17,4.69,1.62,2.3,1.66,2.32,1.71,2.38,1.64,2.29,-0.75,1.88,2.02,1.89,2.01,1.95,2.04,1.86,1.98,1.73,4.2,4.2,1.77,3.9,4.2,1.77,4.1,4.2,1.78,4.16,4.52,1.67,3.6,4.0,1.73,4.1,4.33,1.85,4.2,4.52,1.76,4.02,4.32,1.62,2.3,1.67,2.33,1.7,2.35,1.64,2.26,-0.75,1.98,1.95,1.99,1.93,2.06,1.96,1.95,1.89,2023,Football-Data.co.uk,https://www.football-data.co.uk/mmz4281/2324/D1.csv,,,,,,,,,,,,,,,,,,,,,,,,,,,,,,,,,,,,,,,,,,,,,,,,,,,,,,,,
D1,19/08/2023,14:30,Wolfsburg,Heidenheim,2,0,H,2.0,0.0,H,18.0,13.0,8.0,1.0,10.0,9.0,1.0,7.0,3.0,0.0,0.0,0.0,1.6,4.2,5.25,1.61,4.2,5.25,1.63,4.2,5.25,1.62,4.49,5.24,1.5,4.0,4.75,1.6,4.4,5.0,1.66,4.6,5.5,1.62,4.31,5.19,1.62,2.3,1.63,2.39,1.66,2.44,1.61,2.34,-1.0,2.03,1.87,2.03,1.88,2.07,1.88,2.01,1.84,1.62,4.2,5.0,1.65,4.1,4.8,1.65,4.2,4.9,1.66,4.42,5.16,1.5,4.0,4.75,1.62,4.33,5.0,1.69,4.5,5.25,1.64,4.28,5.03,1.57,2.38,1.6,2.49,1.67,2.49,1.59,2.39,-1.0,2.13,1.81,2.1,1.82,2.14,1.85,2.07,1.8,2023,Football-Data.co.uk,https://www.football-data.co.uk/mmz4281/2324/D1.csv,,,,,,,,,,,,,,,,,,,,,,,,,,,,,,,,,,,,,,,,,,,,,,,,,,,,,,,,
D1,19/08/2023,17:30,Dortmund,FC Koln,1,0,H,0.0,0.0,D,12.0,11.0,2.0,4.0,13.0,11.0,6.0,3.0,1.0,0.0,0.0,0.0,1.4,5.0,7.0,1.41,5.0,7.0,1.43,4.9,7.0,1.41,5.42,7.25,1.33,4.75,6.0,1.4,5.25,7.0,1.44,5.6,8.0,1.4,5.21,7.24,1.44,2.75,1.43,2.91,1.45,3.0,1.43,2.83,-1.25,1.83,2.07,1.85,2.07,1.87,2.09,1.82,2.03,1.45,5.0,6.0,1.47,4.8,5.75,1.47,5.0,6.0,1.51,4.98,6.21,1.36,4.5,5.8,1.44,5.0,6.5,1.53,5.3,7.0,1.46,4.95,6.33,1.44,2.75,1.47,2.81,1.5,2.93,1.46,2.73,-1.25,2.06,1.87,2.06,1.87,2.06,1.95,1.96,1.89,2023,Football-Data.co.uk,https://www.football-data.co.uk/mmz4281/2324/D1.csv,,,,,,,,,,,,,,,,,,,,,,,,,,,,,,,,,,,,,,,,,,,,,,,,,,,,,,,,
D1,20/08/2023,14:30,Union Berlin,Mainz,4,1,H,2.0,0.0,H,12.0,9.0,7.0,3.0,15.0,16.0,3.0,1.0,1.0,5.0,0.0,0.0,1.95,3.5,3.9,1.98,3.4,4.0,1.97,3.45,3.85,2.02,3.5,4.02,1.85,3.3,3.6,2.0,3.5,3.8,2.06,3.63,4.1,2.01,3.45,3.92,2.1,1.73,2.14,1.76,2.16,1.82,2.1,1.75,-0.5,2.02,1.88,2.02,1.88,2.05,1.91,2.01,1.85,2.15,3.4,3.5,2.2,3.2,3.4,2.15,3.35,3.5,2.24,3.29,3.68,1.95,3.1,3.4,1.93,3.4,3.7,2.25,3.5,3.93,2.15,3.32,3.61,2.2,1.67,2.27,1.7,2.31,1.84,2.19,1.7,-0.25,1.91,2.02,1.9,2.02,1.93,2.12,1.84,2.02,2023,Football-Data.co.uk,https://www.football-data.co.uk/mmz4281/2324/D1.csv,,,,,,,,,,,,,,,,,,,,,,,,,,,,,,,,,,,,,,,,,,,,,,,,,,,,,,,,
D1,20/08/2023,16:30,Ein Frankfurt,Darmstadt,1,0,H,1.0,0.0,H,10.0,11.0,4.0,2.0,9.0,14.0,7.0,3.0,2.0,3.0,0.0,0.0,1.36,5.25,7.5,1.38,4.8,8.0,1.4,4.9,7.5,1.4,5.42,7.44,1.3,4.5,7.5,1.36,5.0,8.5,1.43,5.6,8.5,1.39,5.12,7.82,1.67,2.2,1.69,2.26,1.71,2.33,1.67,2.23,-1.25,1.86,2.04,1.87,2.04,1.9,2.05,1.85,2.0,1.45,5.0,5.75,1.49,4.5,6.0,1.5,4.5,6.0,1.49,4.78,6.68,1.35,4.33,6.5,1.4,4.75,7.5,1.52,5.16,7.5,1.48,4.69,6.5,1.67,2.2,1.67,2.32,1.69,2.45,1.62,2.31,-1.25,2.11,1.82,2.09,1.85,2.13,1.89,2.04,1.82,2023,Football-Data.co.uk,https://www.football-data.co.uk/mmz4281/2324/D1.csv,,,,,,,,,,,,,,,,,,,,,,,,,,,,,,,,,,,,,,,,,,,,,,,,,,,,,,,,
D1,25/08/2023,19:30,RB Leipzig,Stuttgart,5,1,H,0.0,1.0,A,20.0,8.0,11.0,3.0,12.0,10.0,4.0,4.0,1.0,1.0,0.0,0.0,1.5,4.75,5.75,,,,1.5,4.7,6.0,1.53,4.69,6.14,1.4,4.33,5.5,1.5,4.75,5.75,1.56,5.0,6.71,1.51,4.71,6.09,1.53,2.5,1.56,2.55,1.57,2.63,1.54,2.49,-1.0,1.83,2.1,1.86,2.07,1.86,2.16,1.81,2.06,1.62,4.33,4.75,,,,1.55,4.4,5.75,1.64,4.33,5.33,1.4,4.33,5.5,1.6,4.4,5.0,1.65,4.8,6.0,1.58,4.43,5.4,1.62,2.3,1.64,2.38,1.67,2.7,1.58,2.4,-1.0,2.1,1.83,2.08,1.85,2.14,2.07,1.97,1.89,2023,Football-Data.co.uk,https://www.football-data.co.uk/mmz4281/2324/D1.csv,,,,,,,,,,,,,,,,,,,,,,,,,,,,,,,,,,,,,,,,,,,,,,,,,,,,,,,,
D1,26/08/2023,14:30,Bochum,Dortmund,1,1,D,1.0,0.0,H,17.0,13.0,6.0,3.0,21.0,7.0,5.0,4.0,2.0,1.0,0.0,0.0,7.0,5.0,1.4,,,,6.25,5.25,1.45,6.63,5.36,1.44,6.5,4.6,1.33,6.5,5.5,1.4,7.0,5.75,1.46,6.72,5.29,1.42,1.36,3.2,1.38,3.18,1.39,3.3,1.36,3.17,1.5,1.84,2.06,1.79,2.12,1.86,2.12,1.81,2.05,5.75,4.33,1.57,,,,5.75,4.9,1.5,5.62,4.72,1.57,5.5,4.4,1.4,5.75,5.0,1.5,6.5,5.25,1.58,5.75,4.78,1.52,1.5,2.63,1.51,2.71,1.52,3.13,1.46,2.76,1.0,1.99,1.94,2.01,1.92,2.2,1.94,2.04,1.83,2023,Football-Data.co.uk,https://www.football-data.co.uk/mmz4281/2324/D1.csv,,,,,,,,,,,,,,,,,,,,,,,,,,,,,,,,,,,,,,,,,,,,,,,,,,,,,,,,
D1,26/08/2023,14:30,Darmstadt,Union Berlin,1,4,A,1.0,3.0,A,18.0,12.0,6.0,6.0,15.0,12.0,3.0,5.0,2.0,2.0,0.0,1.0,4.0,3.3,1.95,,,,3.9,3.4,2.0,3.94,3.42,2.08,3.6,3.25,1.85,3.9,3.4,2.0,4.2,3.63,2.1,3.88,3.44,2.03,2.1,1.73,2.15,1.76,2.17,1.82,2.08,1.77,0.5,1.85,2.05,1.84,2.08,1.93,2.08,1.84,2.02,4.0,3.4,1.95,,,,3.9,3.4,2.0,4.17,3.42,2.04,3.6,3.25,1.85,3.8,3.5,2.0,4.21,3.5,2.07,3.98,3.41,2.02,2.2,1.67,2.24,1.71,2.28,1.77,2.19,1.7,0.5,1.91,2.02,1.89,2.04,1.91,2.05,1.85,2.03,2023,Football-Data.co.uk,https://www.football-data.co.uk/mmz4281/2324/D1.csv,,,,,,,,,,,,,,,,,,,,,,,,,,,,,,,,,,,,,,,,,,,,,,,,,,,,,,,,
D1,26/08/2023,14:30,FC Koln,Wolfsburg,1,2,A,0.0,0.0,D,14.0,9.0,2.0,6.0,6.0,10.0,6.0,1.0,1.0,5.0,0.0,0.0,2.3,3.4,3.0,,,,2.4,3.4,2.95,2.41,3.53,3.04,2.1,3.3,2.88,2.38,3.6,2.9,2.42,3.73,3.1,2.36,3.56,2.98,1.73,2.1,1.79,2.1,1.82,2.2,1.75,2.09,-0.25,2.05,1.85,2.08,1.84,2.08,1.89,2.02,1.83,2.15,3.4,3.4,,,,2.2,3.45,3.3,2.19,3.61,3.47,2.1,3.3,2.88,2.2,3.6,3.13,2.25,3.81,3.47,2.16,3.64,3.32,1.73,2.1,1.81,2.11,1.81,2.25,1.71,2.18,-0.25,1.89,2.04,1.89,2.04,1.95,2.06,1.86,1.99,2023,Football-Data.co.uk,https://www.football-data.co.uk/mmz4281/2324/D1.csv,,,,,,,,,,,,,,,,,,,,,,,,,,,,,,,,,,,,,,,,,,,,,,,,,,,,,,,,
D1,26/08/2023,14:30,Freiburg,Werder Bremen,1,0,H,0.0,0.0,D,23.0,16.0,6.0,2.0,9.0,8.0,5.0,5.0,2.0,2.0,0.0,0.0,1.7,3.75,4.75,,,,1.75,3.85,4.5,1.72,4.15,4.76,1.6,3.7,4.4,1.67,4.1,4.75,1.76,4.24,5.0,1.71,4.06,4.75,1.67,2.2,1.67,2.3,1.73,2.31,1.68,2.22,-0.75,1.92,1.98,1.93,1.98,1.94,2.0,1.89,1.96,1.73,4.0,4.5,,,,1.75,3.9,4.5,1.77,4.1,4.67,1.62,3.6,4.2,1.73,4.0,4.6,1.8,4.2,4.99,1.75,4.03,4.54,1.62,2.3,1.65,2.38,1.66,2.42,1.62,2.33,-0.75,1.98,1.95,1.97,1.95,2.0,2.01,1.93,1.92,2023,Football-Data.co.uk,https://www.football-data.co.uk/mmz4281/2324/D1.csv,,,,,,,,,,,,,,,,,,,,,,,,,,,,,,,,,,,,,,,,,,,,,,,,,,,,,,,,
D1,26/08/2023,14:30,Heidenheim,Hoffenheim,2,3,A,1.0,0.0,H,19.0,16.0,9.0,6.0,13.0,9.0,10.0,6.0,1.0,5.0,0.0,0.0,3.0,3.6,2.25,,,,3.0,3.65,2.25,2.96,3.81,2.34,2.8,3.3,2.15,2.9,3.7,2.3,3.1,3.92,2.36,2.98,3.73,2.3,1.67,2.2,1.66,2.31,1.71,2.34,1.67,2.25,0.25,1.88,2.02,1.87,2.05,1.92,2.05,1.86,1.98,3.1,3.75,2.15,,,,3.0,3.8,2.2,3.15,3.83,2.26,2.8,3.3,2.15,2.9,3.8,2.25,3.37,3.9,2.3,3.07,3.75,2.21,1.57,2.38,1.59,2.5,1.63,2.53,1.56,2.42,0.25,1.94,1.99,1.95,1.97,1.99,2.0,1.92,1.92,2023,Football-Data.co.uk,https://www.football-data.co.uk/mmz4281/2324/D1.csv,,,,,,,,,,,,,,,,,,,,,,,,,,,,,,,,,,,,,,,,,,,,,,,,,,,,,,,,
D1,26/08/2023,17:30,M'gladbach,Leverkusen,0,3,A,0.0,2.0,A,13.0,24.0,2.0,10.0,7.0,8.0,5.0,8.0,2.0,3.0,0.0,0.0,3.8,3.8,1.85,,,,3.7,3.8,1.95,3.73,4.2,1.91,3.3,3.7,1.8,3.4,4.1,1.95,3.9,4.35,1.95,3.68,4.1,1.91,1.5,2.63,1.51,2.68,1.52,2.72,1.49,2.63,0.5,1.99,1.91,2.0,1.91,2.0,1.95,1.95,1.9,4.2,3.8,1.8,,,,4.2,3.8,1.83,4.35,4.08,1.81,3.4,3.7,1.75,3.8,4.1,1.75,4.58,4.3,1.86,4.28,4.05,1.79,1.62,2.3,1.63,2.43,1.63,2.58,1.59,2.4,0.75,1.89,2.04,1.88,2.04,1.94,2.06,1.88,1.98,2023,Football-Data.co.uk,https://www.football-data.co.uk/mmz4281/2324/D1.csv,,,,,,,,,,,,,,,,,,,,,,,,,,,,,,,,,,,,,,,,,,,,,,,,,,,,,,,,
D1,27/08/2023,14:30,Mainz,Ein Frankfurt,1,1,D,1.0,0.0,H,13.0,8.0,7.0,2.0,23.0,12.0,5.0,4.0,3.0,4.0,0.0,1.0,2.38,3.5,2.88,,,,2.5,3.45,2.8,2.39,3.74,2.92,2.38,3.25,2.5,2.38,3.6,2.88,2.51,3.78,2.96,2.43,3.63,2.83,1.73,2.1,1.74,2.18,1.78,2.25,1.71,2.17,-0.25,2.09,1.81,2.09,1.83,2.14,1.86,2.07,1.79,2.7,3.25,2.63,,,,2.5,3.4,2.8,2.82,3.4,2.68,2.38,3.25,2.5,2.5,3.4,2.8,2.83,3.52,2.9,2.59,3.4,2.77,2.04,1.86,2.04,1.88,2.09,2.09,1.94,1.9,0.0,2.02,1.91,2.02,1.91,2.02,2.11,1.88,1.99,2023,Football-Data.co.uk,https://www.football-data.co.uk/mmz4281/2324/D1.csv,,,,,,,,,,,,,,,,,,,,,,,,,,,,,,,,,,,,,,,,,,,,,,,,,,,,,,,,
D1,27/08/2023,16:30,Bayern Munich,Augsburg,3,1,H,2.0,0.0,H,19.0,11.0,6.0,2.0,13.0,8.0,10.0,4.0,1.0,2.0,0.0,0.0,1.08,12.0,19.0,,,,1.1,10.0,21.0,1.09,14.24,22.48,1.04,9.5,17.0,1.07,13.0,26.0,1.11,17.0,34.0,1.08,12.99,24.71,1.2,4.5,,,1.21,5.4,1.19,4.78,-3.0,2.0,1.8,2.05,1.81,2.1,1.87,2.02,1.82,1.09,12.0,19.0,,,,1.12,9.0,21.0,1.11,11.5,23.0,1.04,9.5,17.0,1.09,11.5,20.0,1.12,13.4,29.0,1.1,12.01,22.35,1.17,5.0,,,1.19,5.8,1.16,5.18,-3.0,2.0,1.8,2.06,1.82,2.14,1.9,2.04,1.82,2023,Football-Data.co.uk,https://www.football-data.co.uk/mmz4281/2324/D1.csv,,,,,,,,,,,,,,,,,,,,,,,,,,,,,,,,,,,,,,,,,,,,,,,,,,,,,,,,
D1,01/09/2023,19:30,Dortmund,Heidenheim,2,2,D,2.0,0.0,H,20.0,15.0,9.0,6.0,9.0,22.0,3.0,6.0,3.0,3.0,0.0,0.0,1.25,7.0,9.5,1.25,6.75,10.0,1.3,6.0,8.5,1.26,7.07,10.23,1.18,5.8,9.5,1.25,6.5,10.0,1.3,7.5,11.1,1.25,6.82,10.4,1.33,3.4,1.33,3.44,1.37,3.6,1.33,3.34,-1.75,1.84,2.09,1.87,2.04,1.91,2.09,1.85,2.01,1.25,7.0,9.0,1.25,6.75,9.75,1.27,6.25,9.0,1.27,7.05,9.9,1.18,5.8,9.5,1.25,6.5,10.0,1.27,7.25,11.0,1.25,6.76,9.89,1.29,3.75,1.32,3.51,1.32,3.8,1.29,3.6,-1.75,1.89,2.04,1.86,2.05,1.9,2.11,1.82,2.02,2023,Football-Data.co.uk,https://www.football-data.co.uk/mmz4281/2324/D1.csv,,,,,,,,,,,,,,,,,,,,,,,,,,,,,,,,,,,,,,,,,,,,,,,,,,,,,,,,
D1,02/09/2023,14:30,Augsburg,Bochum,2,2,D,1.0,1.0,D,11.0,22.0,3.0,9.0,15.0,13.0,3.0,5.0,2.0,2.0,0.0,0.0,2.0,3.75,3.75,1.95,3.75,3.6,2.0,3.7,3.5,2.09,3.67,3.61,1.83,3.5,3.4,2.05,3.7,3.4,2.11,3.85,3.75,2.03,3.7,3.56,1.73,2.1,1.76,2.15,1.8,2.2,1.73,2.14,-0.5,2.05,1.88,2.09,1.83,2.09,1.88,2.02,1.83,2.2,3.6,3.2,2.2,3.6,3.0,2.25,3.6,3.1,2.25,3.68,3.26,2.05,3.4,2.9,2.15,3.75,3.13,2.29,3.75,3.45,2.22,3.63,3.17,1.67,2.2,1.74,2.2,1.83,2.25,1.74,2.13,-0.25,1.96,1.97,1.95,1.97,1.97,2.01,1.92,1.92,2023,Football-Data.co.uk,https://www.football-data.co.uk/mmz4281/2324/D1.csv,,,,,,,,,,,,,,,,,,,,,,,,,,,,,,,,,,,,,,,,,,,,,,,,,,,,,,,,
D1,02/09/2023,14:30,Hoffenheim,Wolfsburg,3,1,H,1.0,1.0,D,11.0,14.0,5.0,7.0,12.0,15.0,3.0,3.0,2.0,2.0,0.0,0.0,2.5,3.6,2.63,2.45,3.7,2.6,2.5,3.65,2.65,2.48,3.86,2.73,2.15,3.6,2.6,2.45,3.75,2.7,2.55,3.98,2.76,2.47,3.77,2.67,1.53,2.5,1.56,2.55,1.57,2.57,1.53,2.51,0.0,1.89,2.04,1.86,2.05,1.89,2.05,1.86,2.0,2.5,3.75,2.55,2.5,3.75,2.55,2.55,3.8,2.55,2.58,3.97,2.62,2.25,3.4,2.6,2.55,3.8,2.55,2.73,3.97,2.65,2.55,3.81,2.58,1.44,2.75,1.48,2.78,1.55,2.88,1.48,2.69,0.0,1.96,1.97,1.94,1.98,2.01,2.0,1.92,1.94,2023,Football-Data.co.uk,https://www.football-data.co.uk/mmz4281/2324/D1.csv,,,,,,,,,,,,,,,,,,,,,,,,,,,,,,,,,,,,,,,,,,,,,,,,,,,,,,,,
D1,02/09/2023,14:30,Leverkusen,Darmstadt,5,1,H,1.0,1.0,D,24.0,5.0,13.0,1.0,8.0,11.0,4.0,2.0,3.0,2.0,0.0,0.0,1.2,7.0,12.0,1.22,6.75,12.5,1.2,7.0,13.0,1.2,7.79,13.72,1.14,6.0,12.0,1.18,7.0,15.0,1.22,8.3,16.0,1.2,7.3,13.64,1.4,3.0,1.4,3.0,1.44,3.02,1.41,2.9,-2.0,1.98,1.95,1.93,1.96,2.07,2.05,1.91,1.93,1.22,6.5,11.0,1.23,6.5,12.0,1.25,6.5,11.0,1.22,7.25,13.0,1.17,6.0,10.0,1.2,7.0,13.0,1.26,7.3,15.0,1.22,6.78,12.53,1.44,2.75,1.45,2.86,1.53,2.93,1.46,2.74,-2.0,2.0,1.8,2.09,1.83,2.15,1.89,2.07,1.79,2023,Football-Data.co.uk,https://www.football-data.co.uk/mmz4281/2324/D1.csv,,,,,,,,,,,,,,,,,,,,,,,,,,,,,,,,,,,,,,,,,,,,,,,,,,,,,,,,
D1,02/09/2023,14:30,Stuttgart,Freiburg,5,0,H,3.0,0.0,H,13.0,11.0,6.0,5.0,9.0,10.0,2.0,4.0,1.0,1.0,0.0,0.0,2.2,3.5,3.2,2.15,3.6,3.1,2.25,3.55,3.1,2.18,3.79,3.28,1.95,3.3,3.2,2.2,3.6,3.13,2.26,3.87,3.35,2.18,3.68,3.2,1.73,2.1,1.74,2.18,1.79,2.3,1.72,2.15,-0.25,1.93,2.0,1.9,2.01,1.95,2.03,1.89,1.96,2.25,3.5,3.1,2.2,3.6,3.0,2.3,3.5,3.05,2.35,3.64,3.11,2.05,3.4,2.88,2.25,3.75,2.9,2.42,3.83,3.3,2.26,3.66,3.06,1.73,2.1,1.78,2.15,1.87,2.25,1.74,2.14,-0.25,2.04,1.89,2.03,1.89,2.08,1.94,1.97,1.88,2023,Football-Data.co.uk,https://www.football-data.co.uk/mmz4281/2324/D1.csv,,,,,,,,,,,,,,,,,,,,,,,,,,,,,,,,,,,,,,,,,,,,,,,,,,,,,,,,
D1,02/09/2023,14:30,Werder Bremen,Mainz,4,0,H,1.0,0.0,H,12.0,12.0,6.0,3.0,18.0,14.0,1.0,7.0,2.0,2.0,0.0,0.0,2.63,3.5,2.55,2.6,3.6,2.5,2.6,3.55,2.6,2.76,3.55,2.61,2.5,3.4,2.3,2.7,3.6,2.5,2.82,3.75,2.63,2.7,3.57,2.55,1.73,2.1,1.79,2.11,1.79,2.2,1.74,2.12,0.0,2.02,1.91,2.01,1.89,2.02,1.91,1.99,1.87,2.6,3.4,2.6,2.65,3.5,2.55,2.65,3.5,2.6,2.73,3.51,2.7,2.5,3.4,2.3,2.63,3.6,2.55,2.86,3.6,2.7,2.67,3.48,2.59,1.8,2.0,1.85,2.06,1.92,2.13,1.8,2.02,0.0,1.97,1.96,1.97,1.95,2.01,1.96,1.96,1.9,2023,Football-Data.co.uk,https://www.football-data.co.uk/mmz4281/2324/D1.csv,,,,,,,,,,,,,,,,,,,,,,,,,,,,,,,,,,,,,,,,,,,,,,,,,,,,,,,,
D1,02/09/2023,17:30,M'gladbach,Bayern Munich,1,2,A,1.0,0.0,H,8.0,25.0,3.0,9.0,5.0,20.0,1.0,15.0,0.0,2.0,0.0,0.0,8.5,5.75,1.3,7.75,6.25,1.31,8.0,5.0,1.37,7.93,6.61,1.31,6.5,5.0,1.3,8.5,6.5,1.29,9.5,7.0,1.37,8.28,6.34,1.31,1.25,4.0,,,1.25,4.42,1.24,4.09,1.75,1.96,1.97,1.94,1.94,1.99,1.97,1.92,1.92,11.0,6.5,1.25,10.0,6.75,1.24,11.0,5.25,1.3,10.0,7.2,1.26,8.5,6.5,1.18,10.0,7.0,1.25,11.0,7.5,1.3,10.03,6.87,1.25,1.25,4.0,,,1.27,4.5,1.23,4.13,2.0,1.96,1.97,1.93,1.97,1.96,2.1,1.88,1.98,2023,Football-Data.co.uk,https://www.football-data.co.uk/mmz4281/2324/D1.csv,,,,,,,,,,,,,,,,,,,,,,,,,,,,,,,,,,,,,,,,,,,,,,,,,,,,,,,,
D1,03/09/2023,14:30,Ein Frankfurt,FC Koln,1,1,D,0.0,1.0,A,12.0,6.0,4.0,2.0,10.0,10.0,8.0,1.0,1.0,3.0,0.0,0.0,2.1,3.4,3.5,2.1,3.4,3.4,2.15,3.45,3.4,2.18,3.49,3.54,2.0,3.2,3.2,2.1,3.5,3.5,2.21,3.66,3.6,2.13,3.49,3.49,1.97,1.93,1.98,1.91,1.99,1.95,1.94,1.89,-0.25,1.87,2.06,1.88,2.04,1.88,2.1,1.82,2.02,2.15,3.4,3.4,2.15,3.3,3.4,2.15,3.35,3.45,2.17,3.48,3.66,2.05,3.1,3.2,2.15,3.4,3.4,2.35,3.54,3.75,2.17,3.38,3.46,2.09,1.81,2.0,1.91,2.13,1.91,2.01,1.82,-0.25,1.9,2.03,1.86,2.07,2.0,2.07,1.85,2.0,2023,Football-Data.co.uk,https://www.football-data.co.uk/mmz4281/2324/D1.csv,,,,,,,,,,,,,,,,,,,,,,,,,,,,,,,,,,,,,,,,,,,,,,,,,,,,,,,,
D1,03/09/2023,16:30,Union Berlin,RB Leipzig,0,3,A,0.0,0.0,D,4.0,15.0,1.0,8.0,16.0,9.0,3.0,7.0,3.0,1.0,1.0,0.0,3.4,3.25,2.2,3.2,3.4,2.2,3.2,3.4,2.25,3.24,3.48,2.31,3.1,3.1,2.1,3.2,3.4,2.25,3.4,3.64,2.33,3.22,3.45,2.26,1.97,1.93,1.95,1.93,1.99,1.97,1.94,1.89,0.25,1.96,1.97,1.92,1.99,1.96,1.99,1.9,1.93,3.5,3.6,2.0,3.4,3.6,2.05,3.4,3.55,2.1,3.58,3.77,2.09,3.0,3.4,2.0,3.4,3.7,2.05,3.7,3.8,2.18,3.49,3.6,2.09,1.73,2.1,1.72,2.23,1.92,2.25,1.8,2.04,0.25,2.05,1.75,2.12,1.81,2.14,1.85,2.05,1.8,2023,Football-Data.co.uk,https://www.football-data.co.uk/mmz4281/2324/D1.csv,,,,,,,,,,,,,,,,,,,,,,,,,,,,,,,,,,,,,,,,,,,,,,,,,,,,,,,,
D1,15/09/2023,19:30,Bayern Munich,Leverkusen,2,2,D,1.0,1.0,D,15.0,12.0,9.0,5.0,6.0,6.0,7.0,4.0,0.0,3.0,0.0,0.0,1.65,4.5,4.5,1.61,4.5,4.75,1.63,4.6,4.5,1.65,4.7,4.78,1.44,4.4,4.4,1.62,4.6,4.75,1.67,4.95,5.0,1.62,4.66,4.76,1.36,3.2,1.39,3.14,1.41,3.2,1.37,3.09,-1.0,2.06,1.87,2.05,1.88,2.07,1.95,2.0,1.86,1.57,4.75,5.0,1.58,4.4,5.0,1.65,4.6,4.3,1.61,4.55,5.38,1.5,4.2,4.6,1.57,4.75,5.0,1.65,4.85,5.45,1.59,4.62,5.08,1.4,3.0,1.41,3.06,1.41,3.33,1.38,3.09,-1.0,1.95,1.98,1.96,1.96,2.0,2.04,1.92,1.94,2023,Football-Data.co.uk,https://www.football-data.co.uk/mmz4281/2324/D1.csv,,,,,,,,,,,,,,,,,,,,,,,,,,,,,,,,,,,,,,,,,,,,,,,,,,,,,,,,
D1,16/09/2023,14:30,FC Koln,Hoffenheim,1,3,A,0.0,2.0,A,17.0,17.0,7.0,5.0,15.0,14.0,13.0,4.0,4.0,4.0,1.0,0.0,2.25,3.6,3.1,2.2,3.7,2.95,2.25,3.7,3.0,2.26,3.87,3.06,2.05,3.5,2.88,2.2,3.75,3.0,2.29,3.95,3.16,2.22,3.78,3.05,1.62,2.3,1.61,2.42,1.66,2.45,1.61,2.35,-0.25,1.97,1.93,1.98,1.93,1.98,1.98,1.93,1.91,2.2,3.75,3.0,2.15,3.7,3.1,2.2,3.75,3.05,2.22,3.86,3.19,2.05,3.5,2.88,2.15,3.8,3.0,2.25,3.9,3.2,2.18,3.77,3.08,1.57,2.38,1.59,2.5,1.63,2.65,1.56,2.42,-0.25,1.95,1.98,1.94,1.98,1.96,2.0,1.9,1.94,2023,Football-Data.co.uk,https://www.football-data.co.uk/mmz4281/2324/D1.csv,,,,,,,,,,,,,,,,,,,,,,,,,,,,,,,,,,,,,,,,,,,,,,,,,,,,,,,,
D1,16/09/2023,14:30,Freiburg,Dortmund,2,4,A,2.0,1.0,H,14.0,14.0,4.0,6.0,12.0,16.0,6.0,8.0,2.0,3.0,1.0,0.0,3.1,3.8,2.1,3.1,3.8,2.1,3.3,3.6,2.15,3.16,3.86,2.21,3.1,3.5,1.95,3.13,3.8,2.15,3.29,4.08,2.22,3.16,3.84,2.15,1.5,2.63,1.52,2.62,1.53,2.7,1.51,2.58,0.25,1.98,1.92,1.97,1.93,2.02,1.93,1.97,1.86,2.88,3.75,2.3,2.85,3.7,2.25,2.95,3.55,2.3,2.97,3.82,2.36,2.6,3.5,2.2,2.8,3.9,2.3,3.14,3.92,2.4,2.89,3.76,2.32,1.5,2.63,1.52,2.67,1.52,2.82,1.48,2.68,0.25,1.84,2.09,1.87,2.06,1.9,2.13,1.84,2.02,2023,Football-Data.co.uk,https://www.football-data.co.uk/mmz4281/2324/D1.csv,,,,,,,,,,,,,,,,,,,,,,,,,,,,,,,,,,,,,,,,,,,,,,,,,,,,,,,,
D1,16/09/2023,14:30,Mainz,Stuttgart,1,3,A,0.0,0.0,D,15.0,16.0,3.0,6.0,12.0,9.0,6.0,4.0,1.0,2.0,0.0,0.0,2.63,3.4,2.7,2.55,3.6,2.55,2.6,3.55,2.6,2.57,3.71,2.71,2.3,3.3,2.6,2.5,3.7,2.63,2.65,3.78,2.75,2.55,3.65,2.66,1.67,2.2,1.69,2.26,1.76,2.3,1.69,2.2,0.0,1.91,1.99,1.9,2.01,1.94,2.02,1.9,1.96,2.63,3.4,2.63,2.55,3.5,2.65,2.6,3.45,2.65,2.71,3.54,2.71,2.3,3.3,2.6,2.55,3.6,2.6,2.71,3.65,2.79,2.62,3.5,2.67,1.8,2.0,1.83,2.07,1.9,2.25,1.79,2.06,0.0,1.95,1.98,1.96,1.96,1.96,2.0,1.92,1.95,2023,Football-Data.co.uk,https://www.football-data.co.uk/mmz4281/2324/D1.csv,,,,,,,,,,,,,,,,,,,,,,,,,,,,,,,,,,,,,,,,,,,,,,,,,,,,,,,,
D1,16/09/2023,14:30,RB Leipzig,Augsburg,3,0,H,3.0,0.0,H,9.0,16.0,6.0,4.0,16.0,12.0,1.0,6.0,0.0,0.0,0.0,0.0,1.25,7.0,10.0,1.23,6.75,11.5,1.25,6.75,11.0,1.24,7.19,11.19,1.17,6.0,10.0,1.22,6.5,13.0,1.26,7.6,13.0,1.23,6.98,11.49,1.36,3.2,1.37,3.21,1.4,3.22,1.37,3.1,-2.0,2.07,1.83,2.07,1.83,2.09,1.85,2.03,1.82,1.29,6.5,8.5,1.27,6.25,9.5,1.25,6.5,10.0,1.27,6.75,10.25,1.2,5.5,9.0,1.25,7.0,10.5,1.3,7.5,13.0,1.26,6.59,10.42,1.36,3.2,1.39,3.15,1.44,3.4,1.37,3.11,-1.75,1.98,1.95,1.98,1.92,1.99,2.16,1.9,1.96,2023,Football-Data.co.uk,https://www.football-data.co.uk/mmz4281/2324/D1.csv,,,,,,,,,,,,,,,,,,,,,,,,,,,,,,,,,,,,,,,,,,,,,,,,,,,,,,,,
D1,16/09/2023,14:30,Wolfsburg,Union Berlin,2,1,H,2.0,1.0,H,8.0,17.0,3.0,5.0,6.0,8.0,3.0,7.0,1.0,0.0,0.0,0.0,2.25,3.4,3.2,2.25,3.4,3.1,2.3,3.4,3.1,2.27,3.55,3.27,2.15,3.1,3.0,2.25,3.4,3.2,2.3,3.62,3.33,2.26,3.47,3.22,1.96,1.94,1.93,1.95,1.99,1.95,1.94,1.9,-0.25,1.95,1.95,1.96,1.94,1.97,1.98,1.93,1.91,2.1,3.3,3.6,2.15,3.3,3.4,2.2,3.35,3.35,2.23,3.35,3.63,2.05,3.2,3.1,2.15,3.4,3.4,2.25,3.47,3.68,2.19,3.36,3.48,2.1,1.73,2.16,1.77,2.25,1.85,2.09,1.77,-0.25,1.91,2.02,1.91,2.02,1.96,2.08,1.87,1.98,2023,Football-Data.co.uk,https://www.football-data.co.uk/mmz4281/2324/D1.csv,,,,,,,,,,,,,,,,,,,,,,,,,,,,,,,,,,,,,,,,,,,,,,,,,,,,,,,,
D1,16/09/2023,17:30,Bochum,Ein Frankfurt,1,1,D,0.0,0.0,D,24.0,8.0,10.0,6.0,13.0,14.0,8.0,2.0,3.0,2.0,0.0,0.0,2.88,3.6,2.38,2.87,3.6,2.3,2.9,3.6,2.35,2.95,3.63,2.42,2.75,3.4,2.15,2.9,3.6,2.38,3.01,3.78,2.45,2.93,3.63,2.35,1.73,2.1,1.75,2.17,1.79,2.25,1.72,2.15,0.25,1.85,2.05,1.83,2.1,1.87,2.1,1.82,2.02,2.8,3.4,2.5,2.8,3.25,2.55,2.8,3.35,2.5,2.93,3.4,2.59,2.6,3.1,2.4,2.8,3.4,2.5,3.07,3.51,2.61,2.85,3.39,2.52,2.06,1.84,2.07,1.85,2.08,1.95,1.99,1.85,0.0,2.09,1.84,2.09,1.85,2.13,1.88,2.05,1.82,2023,Football-Data.co.uk,https://www.football-data.co.uk/mmz4281/2324/D1.csv,,,,,,,,,,,,,,,,,,,,,,,,,,,,,,,,,,,,,,,,,,,,,,,,,,,,,,,,
D1,17/09/2023,14:30,Heidenheim,Werder Bremen,4,2,H,2.0,0.0,H,19.0,11.0,4.0,4.0,21.0,9.0,10.0,1.0,1.0,1.0,0.0,0.0,2.3,4.0,2.7,2.3,3.7,2.8,2.35,3.8,2.75,2.39,3.88,2.85,2.25,3.2,2.7,2.3,3.8,2.8,2.42,4.0,2.92,2.35,3.79,2.83,1.62,2.3,1.65,2.34,1.69,2.36,1.64,2.29,-0.25,2.07,1.83,2.09,1.83,2.09,1.87,2.03,1.82,2.25,4.0,2.75,2.3,3.6,2.87,2.3,3.8,2.85,2.33,3.87,2.99,2.25,3.2,2.7,2.3,3.8,2.88,2.41,4.08,3.0,2.32,3.78,2.88,1.62,2.3,1.66,2.35,1.68,2.4,1.63,2.31,-0.25,2.06,1.87,2.04,1.89,2.12,1.9,2.02,1.84,2023,Football-Data.co.uk,https://www.football-data.co.uk/mmz4281/2324/D1.csv,,,,,,,,,,,,,,,,,,,,,,,,,,,,,,,,,,,,,,,,,,,,,,,,,,,,,,,,
D1,17/09/2023,16:30,Darmstadt,M'gladbach,3,3,D,3.0,0.0,H,15.0,21.0,8.0,10.0,12.0,8.0,6.0,6.0,1.0,1.0,1.0,0.0,2.9,3.5,2.38,2.9,3.6,2.3,2.95,3.55,2.35,3.01,3.74,2.34,2.75,3.25,2.2,3.0,3.6,2.3,3.06,3.79,2.39,2.96,3.61,2.34,1.73,2.1,1.81,2.08,1.85,2.11,1.78,2.06,0.25,1.87,2.03,1.88,2.04,1.89,2.05,1.83,2.0,2.38,3.6,2.88,2.37,3.5,2.85,2.4,3.5,2.85,2.42,3.71,2.94,2.2,3.3,2.7,2.38,3.6,2.88,2.6,4.0,3.0,2.4,3.61,2.83,1.62,2.3,1.65,2.37,1.72,2.38,1.66,2.24,-0.25,2.1,1.83,2.11,1.83,2.15,1.86,2.06,1.8,2023,Football-Data.co.uk,https://www.football-data.co.uk/mmz4281/2324/D1.csv,,,,,,,,,,,,,,,,,,,,,,,,,,,,,,,,,,,,,,,,,,,,,,,,,,,,,,,,
D1,22/09/2023,19:30,Stuttgart,Darmstadt,3,1,H,2.0,1.0,H,18.0,3.0,11.0,0.0,7.0,12.0,5.0,4.0,1.0,6.0,0.0,0.0,1.36,4.5,8.0,1.38,5.0,7.75,1.43,4.6,7.75,1.4,5.24,8.18,1.3,4.6,7.0,1.36,5.25,8.0,1.42,5.5,8.5,1.38,5.14,7.89,1.57,2.38,1.6,2.49,1.6,2.7,1.56,2.47,-1.5,2.03,1.78,2.09,1.83,2.11,1.86,2.04,1.81,1.36,4.75,8.0,1.37,5.25,7.5,1.4,5.0,7.25,1.39,5.25,8.29,1.3,4.6,7.0,1.33,5.25,8.5,1.41,5.63,9.01,1.38,5.25,7.94,1.53,2.5,1.56,2.58,1.57,2.79,1.52,2.58,-1.5,2.07,1.86,2.07,1.86,2.12,1.93,2.02,1.84,2023,Football-Data.co.uk,https://www.football-data.co.uk/mmz4281/2324/D1.csv,,,,,,,,,,,,,,,,,,,,,,,,,,,,,,,,,,,,,,,,,,,,,,,,,,,,,,,,
D1,23/09/2023,14:30,Augsburg,Mainz,2,1,H,2.0,1.0,H,6.0,13.0,3.0,3.0,16.0,14.0,3.0,4.0,2.0,3.0,1.0,0.0,2.55,3.5,2.63,2.6,3.6,2.55,2.6,3.45,2.7,2.61,3.7,2.68,2.4,3.3,2.45,2.55,3.6,2.63,2.68,3.76,2.69,2.59,3.63,2.62,1.67,2.2,1.67,2.3,1.72,2.31,1.68,2.22,0.0,1.91,1.99,1.93,1.98,1.94,2.0,1.91,1.95,2.5,3.4,2.75,2.6,3.6,2.55,2.55,3.45,2.75,2.56,3.52,2.88,2.3,3.25,2.6,2.5,3.5,2.75,2.74,3.6,2.88,2.52,3.48,2.78,1.89,2.01,1.88,2.03,1.96,2.13,1.83,2.01,0.0,1.83,2.1,1.85,2.09,1.9,2.11,1.84,2.03,2023,Football-Data.co.uk,https://www.football-data.co.uk/mmz4281/2324/D1.csv,,,,,,,,,,,,,,,,,,,,,,,,,,,,,,,,,,,,,,,,,,,,,,,,,,,,,,,,
D1,23/09/2023,14:30,Bayern Munich,Bochum,7,0,H,4.0,0.0,H,26.0,4.0,16.0,1.0,8.0,10.0,8.0,1.0,0.0,1.0,0.0,0.0,1.11,10.0,19.0,1.11,11.0,19.5,1.12,10.0,18.0,1.1,12.85,20.11,1.05,9.0,17.0,1.09,11.5,22.0,1.14,14.0,26.0,1.1,11.34,20.92,1.22,4.33,,,1.23,4.8,1.21,4.41,-2.75,2.01,1.89,2.01,1.86,2.03,1.93,1.98,1.86,1.13,9.0,17.0,1.11,11.0,19.5,1.15,8.75,16.0,1.12,10.5,21.0,1.07,8.0,15.0,1.12,10.0,18.0,1.15,10.75,21.0,1.13,9.45,17.94,1.22,4.33,,,1.22,4.76,1.2,4.38,-2.5,2.01,1.92,2.01,1.9,2.04,2.02,1.94,1.9,2023,Football-Data.co.uk,https://www.football-data.co.uk/mmz4281/2324/D1.csv,,,,,,,,,,,,,,,,,,,,,,,,,,,,,,,,,,,,,,,,,,,,,,,,,,,,,,,,
D1,23/09/2023,14:30,Dortmund,Wolfsburg,1,0,H,0.0,0.0,D,18.0,8.0,4.0,2.0,9.0,14.0,5.0,3.0,0.0,1.0,0.0,0.0,1.65,4.0,4.75,1.65,4.33,4.6,1.7,4.3,4.4,1.71,4.47,4.48,1.57,4.0,4.2,1.7,4.4,4.33,1.74,4.6,4.8,1.69,4.39,4.46,1.44,2.75,1.45,2.87,1.46,3.05,1.43,2.86,-0.75,1.88,2.02,1.89,2.02,1.9,2.04,1.84,1.99,1.73,4.2,4.33,1.65,4.33,4.6,1.75,4.2,4.2,1.74,4.42,4.48,1.62,3.9,4.0,1.73,4.33,4.2,1.76,4.5,4.7,1.72,4.28,4.35,1.44,2.75,1.47,2.81,1.53,3.05,1.45,2.76,-0.75,1.94,1.99,1.93,2.0,1.94,2.04,1.89,1.95,2023,Football-Data.co.uk,https://www.football-data.co.uk/mmz4281/2324/D1.csv,,,,,,,,,,,,,,,,,,,,,,,,,,,,,,,,,,,,,,,,,,,,,,,,,,,,,,,,
D1,23/09/2023,14:30,M'gladbach,RB Leipzig,0,1,A,0.0,0.0,D,13.0,8.0,1.0,4.0,14.0,7.0,11.0,6.0,1.0,1.0,0.0,0.0,4.75,4.75,1.57,5.0,4.5,1.57,5.0,4.7,1.57,5.26,4.74,1.59,4.6,4.2,1.5,5.0,4.6,1.57,5.4,5.0,1.63,5.07,4.69,1.58,1.4,3.0,1.41,3.03,1.42,3.12,1.4,2.96,1.0,1.95,1.95,1.96,1.94,1.96,1.97,1.93,1.92,4.33,4.33,1.65,5.0,4.5,1.57,4.4,4.3,1.7,4.91,4.55,1.66,4.2,4.0,1.57,4.4,4.5,1.67,5.0,4.6,1.76,4.55,4.37,1.69,1.5,2.63,1.5,2.72,1.57,3.05,1.47,2.68,0.75,2.08,1.85,2.11,1.82,2.12,1.91,2.0,1.85,2023,Football-Data.co.uk,https://www.football-data.co.uk/mmz4281/2324/D1.csv,,,,,,,,,,,,,,,,,,,,,,,,,,,,,,,,,,,,,,,,,,,,,,,,,,,,,,,,
D1,23/09/2023,14:30,Union Berlin,Hoffenheim,0,2,A,0.0,2.0,A,22.0,11.0,6.0,4.0,11.0,13.0,11.0,6.0,1.0,3.0,0.0,0.0,2.05,3.6,3.4,2.05,3.6,3.3,2.15,3.55,3.3,2.15,3.72,3.39,1.95,3.3,3.2,2.1,3.6,3.4,2.18,3.8,3.45,2.12,3.67,3.36,1.8,2.0,1.79,2.11,1.83,2.12,1.79,2.05,-0.25,1.86,2.04,1.88,2.04,1.88,2.05,1.83,2.01,2.05,3.6,3.3,2.05,3.6,3.3,2.15,3.55,3.25,2.13,3.72,3.51,1.95,3.3,3.2,2.15,3.6,3.3,2.18,3.74,3.64,2.12,3.61,3.43,1.73,2.1,1.76,2.17,1.88,2.29,1.76,2.1,-0.25,1.86,2.07,1.85,2.08,1.87,2.14,1.83,2.02,2023,Football-Data.co.uk,https://www.football-data.co.uk/mmz4281/2324/D1.csv,,,,,,,,,,,,,,,,,,,,,,,,,,,,,,,,,,,,,,,,,,,,,,,,,,,,,,,,
D1,23/09/2023,17:30,Werder Bremen,FC Koln,2,1,H,1.0,1.0,D,17.0,13.0,6.0,5.0,18.0,16.0,9.0,8.0,2.0,1.0,0.0,0.0,2.5,3.6,2.6,2.55,3.5,2.6,2.55,3.5,2.7,2.56,3.69,2.74,2.4,3.25,2.5,2.5,3.6,2.7,2.6,3.74,2.78,2.54,3.62,2.68,1.73,2.1,1.71,2.23,1.74,2.25,1.71,2.17,0.0,1.89,2.01,1.88,2.02,1.91,2.03,1.87,1.99,2.38,3.6,2.75,2.35,3.5,2.87,2.45,3.5,2.85,2.38,3.69,3.02,2.3,3.25,2.62,2.38,3.7,2.8,2.5,3.79,3.02,2.41,3.62,2.86,1.73,2.1,1.72,2.23,1.75,2.26,1.7,2.18,-0.25,2.05,1.75,2.07,1.87,2.14,1.88,2.06,1.79,2023,Football-Data.co.uk,https://www.football-data.co.uk/mmz4281/2324/D1.csv,,,,,,,,,,,,,,,,,,,,,,,,,,,,,,,,,,,,,,,,,,,,,,,,,,,,,,,,
D1,24/09/2023,14:30,Leverkusen,Heidenheim,4,1,H,1.0,0.0,H,20.0,1.0,10.0,1.0,9.0,10.0,7.0,2.0,1.0,1.0,0.0,0.0,1.22,6.5,12.0,1.23,6.75,11.0,1.25,6.75,11.0,1.23,7.35,11.42,1.17,6.0,10.0,1.22,7.0,12.0,1.26,7.8,12.0,1.23,6.98,11.42,1.33,3.4,1.33,3.43,1.36,3.45,1.34,3.3,-2.0,2.02,1.88,1.98,1.91,2.04,1.91,1.99,1.86,1.2,6.5,13.0,1.19,7.5,13.5,1.25,6.5,11.0,1.2,7.91,13.62,1.15,6.5,10.0,1.18,8.0,13.0,1.25,8.5,17.0,1.2,7.56,13.0,1.36,3.2,1.35,3.32,1.37,3.55,1.34,3.29,-2.0,1.93,2.0,1.91,2.0,2.0,2.17,1.89,1.97,2023,Football-Data.co.uk,https://www.football-data.co.uk/mmz4281/2324/D1.csv,,,,,,,,,,,,,,,,,,,,,,,,,,,,,,,,,,,,,,,,,,,,,,,,,,,,,,,,
D1,24/09/2023,16:30,Ein Frankfurt,Freiburg,0,0,D,0.0,0.0,D,13.0,9.0,5.0,2.0,12.0,5.0,7.0,3.0,4.0,2.0,0.0,0.0,2.05,3.6,3.4,2.05,3.6,3.4,2.1,3.6,3.4,2.16,3.66,3.42,1.91,3.3,3.4,2.1,3.6,3.4,2.17,3.75,3.7,2.09,3.63,3.44,1.87,2.03,1.88,2.01,1.88,2.1,1.83,2.0,-0.25,1.84,2.06,1.88,2.03,1.88,2.1,1.8,2.04,2.2,3.4,3.2,2.2,3.4,3.25,2.25,3.4,3.2,2.22,3.52,3.47,2.15,3.2,2.9,2.15,3.5,3.3,2.33,3.58,3.65,2.22,3.46,3.3,1.99,1.91,2.0,1.9,2.07,2.0,1.96,1.88,-0.25,1.91,2.02,1.91,2.01,1.97,2.04,1.89,1.95,2023,Football-Data.co.uk,https://www.football-data.co.uk/mmz4281/2324/D1.csv,,,,,,,,,,,,,,,,,,,,,,,,,,,,,,,,,,,,,,,,,,,,,,,,,,,,,,,,
D1,29/09/2023,19:30,Hoffenheim,Dortmund,1,3,A,1.0,2.0,A,15.0,6.0,5.0,5.0,14.0,16.0,4.0,3.0,3.0,4.0,0.0,1.0,3.1,4.0,2.05,3.0,4.0,2.1,3.15,3.75,2.15,3.15,4.16,2.12,3.0,4.2,2.05,3.1,4.0,2.1,3.23,4.3,2.15,3.11,4.13,2.11,1.4,3.0,1.4,3.07,1.41,3.17,1.38,3.04,0.25,2.04,1.89,2.03,1.88,2.05,1.91,2.0,1.84,3.0,4.0,2.15,3.1,4.0,2.1,3.1,3.75,2.15,3.12,4.15,2.17,3.1,4.0,2.05,3.1,4.0,2.1,3.31,4.2,2.2,3.1,4.07,2.12,1.36,3.2,1.39,3.17,1.41,3.41,1.37,3.12,0.25,1.98,1.95,2.01,1.92,2.06,1.95,1.98,1.86,2023,Football-Data.co.uk,https://www.football-data.co.uk/mmz4281/2324/D1.csv,,,,,,,,,,,,,,,,,,,,,,,,,,,,,,,,,,,,,,,,,,,,,,,,,,,,,,,,
D1,30/09/2023,14:30,Bochum,M'gladbach,1,3,A,0.0,3.0,A,23.0,25.0,5.0,9.0,12.0,12.0,5.0,10.0,2.0,3.0,0.0,0.0,2.3,3.75,2.9,2.35,3.7,2.75,2.35,3.65,2.85,2.32,3.88,2.96,2.25,3.8,2.8,2.3,3.7,2.88,2.38,3.95,3.0,2.33,3.79,2.88,1.57,2.38,1.58,2.49,1.62,2.55,1.56,2.44,-0.25,2.06,1.84,2.03,1.88,2.12,1.9,2.01,1.83,2.25,3.6,3.1,2.2,3.6,3.0,2.35,3.6,2.9,2.27,3.77,3.15,2.25,3.7,2.9,2.2,3.75,3.0,2.44,3.82,3.19,2.28,3.7,3.03,1.62,2.3,1.65,2.38,1.66,2.48,1.62,2.33,-0.25,2.0,1.93,1.98,1.94,2.03,1.96,1.96,1.88,2023,Football-Data.co.uk,https://www.football-data.co.uk/mmz4281/2324/D1.csv,,,,,,,,,,,,,,,,,,,,,,,,,,,,,,,,,,,,,,,,,,,,,,,,,,,,,,,,
D1,30/09/2023,14:30,FC Koln,Stuttgart,0,2,A,0.0,0.0,D,14.0,18.0,5.0,4.0,16.0,8.0,8.0,4.0,2.0,1.0,0.0,0.0,2.88,3.5,2.38,2.8,3.6,2.37,2.9,3.5,2.4,2.89,3.64,2.46,2.8,3.7,2.3,2.88,3.6,2.38,2.94,3.81,2.52,2.85,3.65,2.42,1.67,2.2,1.69,2.25,1.74,2.28,1.69,2.2,0.25,1.81,2.09,1.79,2.12,1.83,2.13,1.78,2.06,2.8,3.5,2.45,2.7,3.5,2.5,2.75,3.5,2.5,2.86,3.58,2.55,2.7,3.5,2.45,2.75,3.6,2.45,2.98,3.65,2.63,2.81,3.56,2.5,1.73,2.1,1.75,2.18,1.83,2.28,1.74,2.13,0.0,2.09,1.84,2.08,1.85,2.15,1.89,2.03,1.84,2023,Football-Data.co.uk,https://www.football-data.co.uk/mmz4281/2324/D1.csv,,,,,,,,,,,,,,,,,,,,,,,,,,,,,,,,,,,,,,,,,,,,,,,,,,,,,,,,
D1,30/09/2023,14:30,Heidenheim,Union Berlin,1,0,H,0.0,0.0,D,9.0,19.0,4.0,8.0,11.0,14.0,5.0,7.0,1.0,2.0,0.0,0.0,3.0,3.6,2.25,3.0,3.6,2.25,3.05,3.6,2.25,3.05,3.72,2.32,3.0,3.7,2.2,3.1,3.6,2.25,3.25,3.78,2.34,3.07,3.65,2.27,1.73,2.1,1.78,2.13,1.84,2.14,1.78,2.07,0.25,1.91,1.99,1.89,2.02,1.92,2.02,1.88,1.95,3.1,3.5,2.25,3.0,3.4,2.3,3.05,3.5,2.3,3.18,3.53,2.33,3.0,3.5,2.25,3.1,3.6,2.25,3.37,3.69,2.35,3.11,3.54,2.29,1.89,2.01,1.93,1.98,2.0,2.05,1.88,1.96,0.25,1.92,2.01,1.91,2.03,1.97,2.03,1.88,1.96,2023,Football-Data.co.uk,https://www.football-data.co.uk/mmz4281/2324/D1.csv,,,,,,,,,,,,,,,,,,,,,,,,,,,,,,,,,,,,,,,,,,,,,,,,,,,,,,,,
D1,30/09/2023,14:30,Mainz,Leverkusen,0,3,A,0.0,1.0,A,10.0,6.0,3.0,3.0,13.0,11.0,3.0,1.0,4.0,1.0,0.0,0.0,5.75,4.5,1.53,5.5,4.5,1.55,5.75,4.4,1.55,5.85,4.72,1.54,5.5,4.5,1.53,5.75,4.6,1.53,6.2,4.8,1.59,5.65,4.64,1.54,1.53,2.5,1.56,2.55,1.58,2.57,1.54,2.48,1.0,2.04,1.86,2.03,1.88,2.07,1.93,2.0,1.85,5.25,4.5,1.6,5.0,4.33,1.6,5.5,4.3,1.6,5.25,4.52,1.63,5.5,4.5,1.55,5.25,4.5,1.57,5.75,4.7,1.63,5.32,4.5,1.59,1.57,2.38,1.58,2.5,1.6,2.6,1.55,2.48,1.0,1.94,1.99,1.93,2.0,2.05,2.02,1.91,1.95,2023,Football-Data.co.uk,https://www.football-data.co.uk/mmz4281/2324/D1.csv,,,,,,,,,,,,,,,,,,,,,,,,,,,,,,,,,,,,,,,,,,,,,,,,,,,,,,,,
D1,30/09/2023,14:30,Wolfsburg,Ein Frankfurt,2,0,H,1.0,0.0,H,19.0,7.0,7.0,3.0,11.0,18.0,7.0,4.0,1.0,6.0,0.0,1.0,2.05,3.5,3.5,2.1,3.5,3.3,2.15,3.4,3.45,2.11,3.53,3.68,2.1,3.5,3.4,2.1,3.5,3.5,2.16,3.71,3.73,2.11,3.55,3.51,1.97,1.93,1.98,1.91,2.0,1.98,1.92,1.91,-0.25,1.83,2.07,1.82,2.1,1.86,2.13,1.81,2.04,2.05,3.5,3.4,2.15,3.4,3.3,2.15,3.4,3.45,2.21,3.5,3.52,2.15,3.5,3.25,2.15,3.5,3.3,2.21,3.62,3.75,2.15,3.49,3.48,2.0,1.9,1.99,1.93,2.1,2.03,1.95,1.89,-0.25,1.89,2.04,1.9,2.02,1.92,2.09,1.84,2.01,2023,Football-Data.co.uk,https://www.football-data.co.uk/mmz4281/2324/D1.csv,,,,,,,,,,,,,,,,,,,,,,,,,,,,,,,,,,,,,,,,,,,,,,,,,,,,,,,,
D1,30/09/2023,17:30,RB Leipzig,Bayern Munich,2,2,D,2.0,0.0,H,7.0,11.0,2.0,5.0,10.0,11.0,5.0,1.0,2.0,5.0,0.0,0.0,3.4,4.2,1.91,3.3,4.0,1.95,3.5,3.8,2.0,3.73,4.2,1.91,3.4,4.33,1.91,3.5,4.2,1.9,3.81,4.35,1.97,3.56,4.21,1.93,1.4,3.0,1.43,2.95,1.43,3.1,1.4,2.96,0.5,1.96,1.94,1.99,1.91,2.0,1.95,1.94,1.91,4.0,4.5,1.75,4.0,4.33,1.73,3.85,3.95,1.85,4.11,4.5,1.79,3.9,4.33,1.75,4.0,4.4,1.75,4.34,4.6,1.9,3.99,4.39,1.77,1.4,3.0,1.4,3.12,1.43,3.5,1.38,3.07,0.75,1.93,2.0,1.93,1.99,2.03,2.0,1.9,1.94,2023,Football-Data.co.uk,https://www.football-data.co.uk/mmz4281/2324/D1.csv,,,,,,,,,,,,,,,,,,,,,,,,,,,,,,,,,,,,,,,,,,,,,,,,,,,,,,,,
D1,01/10/2023,14:30,Darmstadt,Werder Bremen,4,2,H,2.0,0.0,H,14.0,10.0,5.0,7.0,19.0,19.0,2.0,4.0,3.0,2.0,0.0,0.0,2.8,3.8,2.3,2.8,3.6,2.37,2.8,3.6,2.4,2.82,3.74,2.47,2.7,3.7,2.38,2.8,3.7,2.38,2.87,3.83,2.5,2.8,3.7,2.42,1.67,2.2,1.68,2.28,1.73,2.34,1.68,2.22,0.25,1.78,2.03,1.78,2.14,1.83,2.14,1.77,2.07,2.75,3.8,2.25,2.8,3.7,2.35,2.75,3.7,2.4,3.05,3.84,2.3,2.8,3.7,2.3,2.9,3.8,2.25,3.05,3.95,2.48,2.88,3.77,2.32,1.57,2.38,1.61,2.46,1.63,2.53,1.58,2.38,0.25,1.89,2.01,1.92,2.01,1.94,2.06,1.84,2.0,2023,Football-Data.co.uk,https://www.football-data.co.uk/mmz4281/2324/D1.csv,,,,,,,,,,,,,,,,,,,,,,,,,,,,,,,,,,,,,,,,,,,,,,,,,,,,,,,,
D1,01/10/2023,16:30,Freiburg,Augsburg,2,0,H,1.0,0.0,H,7.0,13.0,3.0,4.0,13.0,17.0,2.0,3.0,2.0,2.0,0.0,0.0,1.73,4.0,4.75,1.71,4.1,4.4,1.73,4.0,4.5,1.73,4.19,4.68,1.7,4.2,4.4,1.7,4.1,4.6,1.76,4.3,4.8,1.72,4.13,4.59,1.67,2.2,1.68,2.29,1.71,2.36,1.65,2.26,-0.75,1.93,1.97,1.93,1.98,1.95,1.99,1.9,1.94,1.85,3.75,4.33,1.87,3.5,4.2,1.83,3.7,4.3,1.93,3.71,4.26,1.85,3.7,4.0,1.85,3.8,4.1,1.93,4.02,4.7,1.85,3.77,4.34,1.97,1.93,1.96,1.94,1.99,2.3,1.87,1.97,-0.5,1.9,2.0,1.93,2.0,1.93,2.13,1.84,2.03,2023,Football-Data.co.uk,https://www.football-data.co.uk/mmz4281/2324/D1.csv,,,,,,,,,,,,,,,,,,,,,,,,,,,,,,,,,,,,,,,,,,,,,,,,,,,,,,,,
D1,06/10/2023,19:30,M'gladbach,Mainz,2,2,D,1.0,1.0,D,20.0,13.0,9.0,7.0,9.0,9.0,10.0,3.0,3.0,1.0,0.0,0.0,2.05,3.75,3.4,2.05,3.7,3.3,2.1,3.65,3.3,2.08,3.93,3.48,2.05,3.8,3.25,2.05,3.8,3.3,2.1,4.01,3.57,2.06,3.87,3.42,1.57,2.38,1.61,2.45,1.63,2.5,1.58,2.42,-0.5,2.06,1.84,2.08,1.85,2.1,1.85,2.04,1.82,2.15,3.6,3.2,2.15,3.7,3.1,2.3,3.6,3.0,2.26,3.82,3.15,2.2,3.7,3.0,2.15,3.8,3.13,2.3,4.0,3.69,2.19,3.75,3.17,1.62,2.3,1.65,2.36,1.65,2.5,1.61,2.35,-0.25,1.9,2.0,1.97,1.95,1.97,2.15,1.88,1.95,2023,Football-Data.co.uk,https://www.football-data.co.uk/mmz4281/2324/D1.csv,,,,,,,,,,,,,,,,,,,,,,,,,,,,,,,,,,,,,,,,,,,,,,,,,,,,,,,,
D1,07/10/2023,14:30,Augsburg,Darmstadt,1,2,A,0.0,0.0,D,17.0,17.0,3.0,5.0,13.0,12.0,4.0,4.0,4.0,2.0,0.0,0.0,1.85,3.75,4.0,1.85,3.8,4.0,1.9,3.75,3.95,1.92,3.9,3.98,1.83,3.9,3.9,1.9,3.8,3.8,1.95,4.0,4.1,1.9,3.87,3.95,1.67,2.2,1.7,2.25,1.75,2.27,1.69,2.21,-0.5,1.9,2.0,1.92,1.99,1.92,2.0,1.88,1.97,1.8,3.75,4.5,1.82,3.6,4.33,1.85,3.75,4.1,1.85,3.75,4.66,1.8,3.8,4.2,1.8,3.8,4.33,1.88,3.91,4.85,1.82,3.77,4.42,1.93,1.97,1.93,2.02,2.0,2.14,1.86,1.98,-0.75,2.1,1.83,2.09,1.83,2.1,1.88,2.03,1.81,2023,Football-Data.co.uk,https://www.football-data.co.uk/mmz4281/2324/D1.csv,,,,,,,,,,,,,,,,,,,,,,,,,,,,,,,,,,,,,,,,,,,,,,,,,,,,,,,,
D1,07/10/2023,14:30,Dortmund,Union Berlin,4,2,H,1.0,2.0,A,12.0,12.0,7.0,6.0,7.0,15.0,4.0,6.0,1.0,1.0,0.0,0.0,1.57,4.33,5.25,1.6,4.2,5.25,1.6,4.3,5.25,1.61,4.51,5.28,1.57,4.4,5.0,1.6,4.33,5.25,1.66,4.6,5.85,1.61,4.38,5.31,1.62,2.3,1.64,2.36,1.71,2.4,1.63,2.31,-1.0,1.98,1.92,2.01,1.9,2.09,1.93,1.99,1.87,1.7,4.0,4.5,1.7,3.9,4.6,1.7,4.0,4.7,1.71,4.17,4.97,1.65,4.0,4.8,1.67,4.2,4.75,1.74,4.33,5.05,1.7,4.09,4.81,1.67,2.2,1.7,2.26,1.76,2.44,1.67,2.23,-0.75,1.91,2.02,1.91,2.02,1.93,2.08,1.87,1.97,2023,Football-Data.co.uk,https://www.football-data.co.uk/mmz4281/2324/D1.csv,,,,,,,,,,,,,,,,,,,,,,,,,,,,,,,,,,,,,,,,,,,,,,,,,,,,,,,,
D1,07/10/2023,14:30,RB Leipzig,Bochum,0,0,D,0.0,0.0,D,18.0,9.0,5.0,2.0,10.0,13.0,9.0,1.0,2.0,4.0,0.0,0.0,1.25,6.0,11.0,1.24,6.75,11.0,1.25,6.75,11.0,1.25,6.87,10.85,1.22,6.5,11.0,1.22,7.0,11.0,1.27,7.3,12.5,1.24,6.81,11.15,1.36,3.2,1.36,3.24,1.39,3.45,1.35,3.21,-2.0,2.05,1.75,2.11,1.78,2.13,1.9,2.04,1.8,1.29,6.0,9.0,1.29,6.0,9.5,1.3,6.0,9.0,1.26,6.66,11.62,1.25,6.0,10.0,1.25,6.5,10.5,1.3,6.75,13.0,1.28,6.23,10.38,1.44,2.75,1.47,2.79,1.57,2.89,1.48,2.66,-1.75,2.02,1.91,1.99,1.92,2.1,1.98,1.99,1.86,2023,Football-Data.co.uk,https://www.football-data.co.uk/mmz4281/2324/D1.csv,,,,,,,,,,,,,,,,,,,,,,,,,,,,,,,,,,,,,,,,,,,,,,,,,,,,,,,,
D1,07/10/2023,14:30,Stuttgart,Wolfsburg,3,1,H,0.0,1.0,A,13.0,12.0,7.0,5.0,13.0,14.0,5.0,6.0,1.0,3.0,0.0,0.0,2.0,3.5,3.75,2.0,3.7,3.4,2.0,3.7,3.55,2.01,3.8,3.73,1.95,3.75,3.6,2.0,3.8,3.5,2.06,3.88,3.83,2.0,3.76,3.64,1.67,2.2,1.7,2.25,1.74,2.28,1.67,2.23,-0.5,2.0,1.9,2.01,1.9,2.01,1.91,1.98,1.87,1.83,3.6,4.33,1.83,3.75,4.0,1.95,3.45,4.2,1.88,3.97,4.16,1.85,3.75,3.9,1.87,3.8,4.0,1.98,3.97,4.4,1.89,3.75,4.08,1.67,2.2,1.69,2.28,1.83,2.36,1.72,2.16,-0.5,1.87,2.06,1.88,2.05,1.95,2.09,1.88,1.98,2023,Football-Data.co.uk,https://www.football-data.co.uk/mmz4281/2324/D1.csv,,,,,,,,,,,,,,,,,,,,,,,,,,,,,,,,,,,,,,,,,,,,,,,,,,,,,,,,
D1,07/10/2023,17:30,Werder Bremen,Hoffenheim,2,3,A,1.0,2.0,A,13.0,11.0,3.0,4.0,15.0,6.0,4.0,4.0,5.0,4.0,0.0,0.0,2.75,3.75,2.4,2.75,3.8,2.3,2.7,3.85,2.35,2.75,3.92,2.44,2.7,3.9,2.3,2.75,3.8,2.38,2.81,4.06,2.46,2.75,3.9,2.38,1.44,2.75,1.48,2.75,1.49,2.82,1.46,2.71,0.25,1.73,2.08,1.79,2.13,1.83,2.13,1.78,2.06,2.63,3.6,2.5,2.6,3.7,2.5,2.65,3.55,2.55,2.69,3.84,2.56,2.5,3.8,2.5,2.6,3.8,2.5,2.8,3.96,2.65,2.63,3.74,2.55,1.53,2.5,1.56,2.57,1.56,2.82,1.52,2.56,0.0,1.99,1.94,2.01,1.92,2.04,1.95,1.95,1.91,2023,Football-Data.co.uk,https://www.football-data.co.uk/mmz4281/2324/D1.csv,,,,,,,,,,,,,,,,,,,,,,,,,,,,,,,,,,,,,,,,,,,,,,,,,,,,,,,,
D1,08/10/2023,14:30,Leverkusen,FC Koln,3,0,H,2.0,0.0,H,21.0,7.0,10.0,3.0,9.0,7.0,11.0,4.0,3.0,0.0,0.0,0.0,1.33,5.5,8.0,1.34,5.5,8.25,1.35,5.5,8.0,1.34,5.68,9.07,1.33,5.5,8.5,1.33,5.5,8.5,1.37,5.9,9.5,1.34,5.58,8.69,1.5,2.63,1.5,2.7,1.52,2.75,1.48,2.65,-1.5,1.94,1.96,1.95,1.95,1.98,1.98,1.92,1.93,1.29,6.0,10.0,1.27,5.75,11.0,1.3,5.75,10.0,1.28,6.28,11.19,1.25,6.0,11.0,1.25,6.5,11.0,1.3,6.5,13.0,1.27,6.08,11.11,1.57,2.38,1.6,2.44,1.6,2.7,1.52,2.51,-1.75,2.06,1.87,2.04,1.87,2.06,1.96,1.95,1.87,2023,Football-Data.co.uk,https://www.football-data.co.uk/mmz4281/2324/D1.csv,,,,,,,,,,,,,,,,,,,,,,,,,,,,,,,,,,,,,,,,,,,,,,,,,,,,,,,,
D1,08/10/2023,16:30,Bayern Munich,Freiburg,3,0,H,2.0,0.0,H,21.0,2.0,5.0,0.0,7.0,8.0,7.0,1.0,1.0,0.0,0.0,0.0,1.14,8.5,17.0,1.16,8.5,15.0,1.17,8.25,14.0,1.16,9.23,14.64,1.14,8.5,15.0,1.15,8.5,15.0,1.19,9.8,17.0,1.16,8.73,15.05,1.29,3.75,,,1.32,3.9,1.28,3.69,-2.25,1.95,1.95,1.95,1.93,1.96,1.98,1.91,1.92,1.09,10.0,21.0,1.11,11.0,21.0,1.17,7.75,14.0,1.12,11.0,21.0,1.08,11.0,23.0,1.1,10.5,22.0,1.17,11.0,26.0,1.12,10.44,20.56,1.22,4.33,,,1.27,4.6,1.23,4.18,-2.5,1.75,2.05,1.77,2.13,2.1,2.19,1.86,2.0,2023,Football-Data.co.uk,https://www.football-data.co.uk/mmz4281/2324/D1.csv,,,,,,,,,,,,,,,,,,,,,,,,,,,,,,,,,,,,,,,,,,,,,,,,,,,,,,,,
D1,08/10/2023,18:30,Ein Frankfurt,Heidenheim,2,0,H,1.0,0.0,H,12.0,7.0,6.0,2.0,14.0,10.0,3.0,6.0,2.0,3.0,0.0,0.0,1.7,4.0,4.75,1.68,4.0,4.6,1.7,4.0,4.6,1.74,4.12,4.7,1.67,4.2,4.5,1.7,4.1,4.6,1.77,4.21,4.8,1.73,4.07,4.63,1.73,2.1,1.71,2.22,1.77,2.24,1.7,2.17,-0.75,1.94,1.96,1.94,1.96,1.96,1.98,1.9,1.93,1.75,3.8,4.5,1.75,3.8,4.5,1.73,3.85,4.6,1.83,3.9,4.56,1.75,3.9,4.33,1.75,3.9,4.5,1.83,4.13,5.05,1.76,3.89,4.61,1.8,2.0,1.83,2.07,1.83,2.18,1.76,2.08,-0.75,2.07,1.86,2.06,1.87,2.07,1.99,1.95,1.89,2023,Football-Data.co.uk,https://www.football-data.co.uk/mmz4281/2324/D1.csv,,,,,,,,,,,,,,,,,,,,,,,,,,,,,,,,,,,,,,,,,,,,,,,,,,,,,,,,
D1,20/10/2023,19:30,Dortmund,Werder Bremen,1,0,H,0.0,0.0,D,22.0,6.0,5.0,1.0,5.0,10.0,10.0,4.0,1.0,5.0,0.0,0.0,1.29,6.5,8.0,1.29,6.25,8.5,1.33,6.0,7.75,1.3,6.69,8.63,1.29,6.0,9.0,1.29,6.5,8.5,1.33,7.0,9.6,1.3,6.52,8.74,1.29,3.75,1.32,3.5,1.3,4.0,1.27,3.76,-1.75,1.98,1.95,1.95,1.95,2.0,2.01,1.91,1.92,1.29,6.5,8.5,1.28,6.5,8.75,1.3,6.25,8.75,1.28,6.77,9.51,1.25,6.5,9.5,1.25,6.5,10.0,1.31,7.1,10.0,1.28,6.53,9.16,1.29,3.75,1.32,3.5,1.3,3.9,1.28,3.71,-1.75,1.93,2.0,1.92,1.98,1.94,2.04,1.88,1.96,2023,Football-Data.co.uk,https://www.football-data.co.uk/mmz4281/2324/D1.csv,,,,,,,,,,,,,,,,,,,,,,,,,,,,,,,,,,,,,,,,,,,,,,,,,,,,,,,,
D1,21/10/2023,14:30,Darmstadt,RB Leipzig,1,3,A,1.0,2.0,A,16.0,10.0,3.0,7.0,16.0,12.0,6.0,0.0,6.0,3.0,0.0,0.0,6.5,4.75,1.44,6.75,4.8,1.43,6.75,4.9,1.43,6.38,5.09,1.47,6.5,4.8,1.44,6.5,5.0,1.44,7.0,5.3,1.5,6.54,4.92,1.46,1.53,2.5,1.55,2.58,1.56,2.63,1.51,2.54,1.25,1.92,1.98,1.91,2.0,1.93,2.01,1.88,1.95,6.5,5.0,1.44,6.0,4.8,1.46,6.0,4.6,1.5,6.59,5.1,1.47,6.5,4.8,1.44,6.5,4.8,1.45,6.65,5.1,1.53,6.27,4.86,1.48,1.5,2.63,1.54,2.62,1.6,2.66,1.54,2.51,1.25,1.94,1.99,1.93,1.99,1.94,2.07,1.85,2.0,2023,Football-Data.co.uk,https://www.football-data.co.uk/mmz4281/2324/D1.csv,,,,,,,,,,,,,,,,,,,,,,,,,,,,,,,,,,,,,,,,,,,,,,,,,,,,,,,,
D1,21/10/2023,14:30,Freiburg,Bochum,2,1,H,2.0,1.0,H,15.0,13.0,5.0,5.0,11.0,16.0,5.0,2.0,3.0,4.0,0.0,0.0,1.7,3.75,5.0,1.7,3.8,4.75,1.73,3.9,4.7,1.76,4.02,4.73,1.7,4.0,4.6,1.73,3.9,4.6,1.78,4.2,5.0,1.73,3.98,4.69,1.73,2.1,1.75,2.17,1.77,2.23,1.71,2.16,-0.75,1.96,1.94,1.97,1.93,1.98,1.98,1.92,1.92,1.75,3.6,4.5,1.8,3.8,4.2,1.8,3.8,4.3,1.81,3.91,4.61,1.75,3.9,4.2,1.8,3.9,4.2,1.84,4.05,5.02,1.8,3.84,4.48,1.73,2.1,1.8,2.12,1.88,2.23,1.75,2.09,-0.75,2.04,1.89,2.05,1.88,2.06,2.02,1.99,1.86,2023,Football-Data.co.uk,https://www.football-data.co.uk/mmz4281/2324/D1.csv,,,,,,,,,,,,,,,,,,,,,,,,,,,,,,,,,,,,,,,,,,,,,,,,,,,,,,,,
D1,21/10/2023,14:30,Hoffenheim,Ein Frankfurt,1,3,A,1.0,3.0,A,14.0,13.0,5.0,5.0,7.0,7.0,6.0,3.0,3.0,0.0,0.0,0.0,2.1,3.5,3.4,2.05,3.6,3.4,2.1,3.55,3.35,2.15,3.72,3.4,2.05,3.7,3.3,2.1,3.7,3.3,2.18,3.89,3.47,2.12,3.67,3.37,1.67,2.2,1.7,2.24,1.76,2.3,1.69,2.21,-0.25,1.85,2.05,1.87,2.04,1.87,2.09,1.82,2.02,1.95,3.4,3.75,2.0,3.6,3.6,2.05,3.5,3.65,2.06,3.65,3.79,2.0,3.6,3.5,2.0,3.7,3.6,2.19,3.75,3.85,2.04,3.62,3.65,1.8,2.0,1.84,2.06,1.88,2.2,1.77,2.08,-0.5,2.06,1.87,2.06,1.87,2.06,1.89,2.03,1.85,2023,Football-Data.co.uk,https://www.football-data.co.uk/mmz4281/2324/D1.csv,,,,,,,,,,,,,,,,,,,,,,,,,,,,,,,,,,,,,,,,,,,,,,,,,,,,,,,,
D1,21/10/2023,14:30,Union Berlin,Stuttgart,0,3,A,0.0,1.0,A,10.0,10.0,2.0,5.0,12.0,12.0,4.0,2.0,2.0,1.0,0.0,0.0,2.5,3.5,2.7,2.45,3.5,2.75,2.5,3.5,2.75,2.56,3.58,2.79,2.45,3.5,2.7,2.5,3.5,2.75,2.6,3.7,2.84,2.54,3.54,2.75,1.8,2.0,1.83,2.06,1.86,2.1,1.8,2.04,0.0,1.86,2.04,1.87,2.04,1.88,2.04,1.85,2.0,2.5,3.25,2.88,2.55,3.3,2.75,2.55,3.3,2.8,2.61,3.37,2.92,2.5,3.4,2.75,2.55,3.4,2.75,2.75,3.5,2.96,2.57,3.37,2.83,2.06,1.84,2.08,1.84,2.15,1.91,2.01,1.83,0.0,1.84,2.09,1.85,2.08,1.93,2.13,1.84,2.03,2023,Football-Data.co.uk,https://www.football-data.co.uk/mmz4281/2324/D1.csv,,,,,,,,,,,,,,,,,,,,,,,,,,,,,,,,,,,,,,,,,,,,,,,,,,,,,,,,
D1,21/10/2023,14:30,Wolfsburg,Leverkusen,1,2,A,1.0,1.0,D,18.0,13.0,7.0,6.0,15.0,14.0,4.0,3.0,3.0,5.0,0.0,0.0,4.33,4.0,1.75,4.1,4.0,1.78,4.6,3.95,1.73,4.52,4.2,1.75,4.33,4.0,1.73,4.4,4.1,1.73,4.8,4.3,1.78,4.47,4.12,1.75,1.57,2.38,1.56,2.54,1.57,2.57,1.55,2.48,0.75,1.95,1.95,1.95,1.95,1.96,1.95,1.91,1.91,4.2,4.2,1.73,4.33,3.9,1.75,4.5,3.9,1.75,4.47,4.11,1.79,4.33,4.0,1.73,4.4,4.0,1.75,4.8,4.3,1.83,4.41,4.09,1.76,1.62,2.3,1.65,2.36,1.65,2.52,1.62,2.35,0.75,1.94,1.99,1.92,2.01,1.99,2.01,1.9,1.95,2023,Football-Data.co.uk,https://www.football-data.co.uk/mmz4281/2324/D1.csv,,,,,,,,,,,,,,,,,,,,,,,,,,,,,,,,,,,,,,,,,,,,,,,,,,,,,,,,
D1,21/10/2023,17:30,Mainz,Bayern Munich,1,3,A,1.0,2.0,A,14.0,12.0,3.0,5.0,12.0,10.0,2.0,7.0,3.0,2.0,0.0,0.0,9.0,6.0,1.29,9.75,6.25,1.27,10.0,5.75,1.3,9.99,6.69,1.27,9.5,6.5,1.25,10.0,6.5,1.25,11.0,7.0,1.31,9.77,6.53,1.28,1.3,3.5,,,1.33,3.85,1.29,3.58,1.75,2.01,1.89,1.99,1.89,2.02,1.92,1.96,1.87,8.5,6.0,1.29,9.25,6.0,1.29,9.0,6.0,1.3,8.78,6.24,1.32,9.5,6.0,1.25,9.5,6.0,1.29,10.0,6.5,1.32,9.26,6.12,1.3,1.36,3.2,1.39,3.24,1.42,3.28,1.37,3.13,1.75,1.9,2.03,1.88,2.03,1.96,2.04,1.88,1.97,2023,Football-Data.co.uk,https://www.football-data.co.uk/mmz4281/2324/D1.csv,,,,,,,,,,,,,,,,,,,,,,,,,,,,,,,,,,,,,,,,,,,,,,,,,,,,,,,,
D1,22/10/2023,14:30,FC Koln,M'gladbach,3,1,H,1.0,0.0,H,21.0,5.0,8.0,2.0,13.0,10.0,8.0,3.0,0.0,2.0,0.0,1.0,2.4,3.6,2.88,2.3,3.7,2.85,2.35,3.65,2.85,2.37,3.77,2.93,2.38,3.75,2.75,2.38,3.75,2.8,2.42,3.93,2.98,2.38,3.72,2.86,1.57,2.38,1.59,2.46,1.65,2.48,1.59,2.39,-0.25,2.07,1.83,2.07,1.85,2.07,1.88,2.03,1.8,2.4,3.75,2.75,2.4,3.6,2.75,2.45,3.75,2.65,2.52,3.67,2.85,2.4,3.6,2.7,2.45,3.7,2.7,2.57,3.81,3.07,2.45,3.67,2.78,1.62,2.3,1.69,2.29,1.7,2.38,1.65,2.27,0.0,1.87,2.06,1.85,2.08,1.91,2.14,1.83,2.05,2023,Football-Data.co.uk,https://www.football-data.co.uk/mmz4281/2324/D1.csv,,,,,,,,,,,,,,,,,,,,,,,,,,,,,,,,,,,,,,,,,,,,,,,,,,,,,,,,
D1,22/10/2023,16:30,Heidenheim,Augsburg,2,5,A,2.0,3.0,A,16.0,9.0,5.0,6.0,11.0,11.0,6.0,5.0,3.0,2.0,0.0,0.0,2.45,3.5,2.8,2.35,3.5,2.85,2.4,3.5,2.85,2.42,3.69,2.91,2.38,3.6,2.75,2.4,3.6,2.8,2.45,3.79,2.94,2.4,3.62,2.87,1.73,2.1,1.75,2.17,1.77,2.23,1.71,2.17,-0.25,2.08,1.73,2.1,1.82,2.13,1.85,2.06,1.79,2.38,3.5,2.9,2.35,3.4,2.9,2.35,3.5,2.95,2.45,3.6,2.97,2.3,3.5,3.0,2.3,3.6,3.0,2.45,3.77,3.23,2.33,3.57,3.04,1.81,2.09,1.83,2.07,1.88,2.17,1.78,2.07,-0.25,2.13,1.81,2.12,1.83,2.13,1.95,2.0,1.85,2023,Football-Data.co.uk,https://www.football-data.co.uk/mmz4281/2324/D1.csv,,,,,,,,,,,,,,,,,,,,,,,,,,,,,,,,,,,,,,,,,,,,,,,,,,,,,,,,
D1,27/10/2023,19:30,Bochum,Mainz,2,2,D,1.0,0.0,H,10.0,10.0,4.0,4.0,14.0,21.0,5.0,4.0,3.0,3.0,0.0,0.0,2.7,3.3,2.55,2.65,3.5,2.5,2.65,3.4,2.6,2.78,3.57,2.57,2.7,3.5,2.45,2.7,3.6,2.5,2.84,3.74,2.65,2.72,3.54,2.56,1.73,2.1,1.76,2.16,1.8,2.18,1.75,2.11,0.0,2.04,1.89,2.05,1.88,2.05,1.9,2.01,1.87,2.8,3.4,2.45,2.65,3.5,2.5,2.7,3.45,2.55,2.85,3.52,2.55,2.7,3.6,2.45,2.7,3.6,2.5,2.9,3.76,2.65,2.78,3.56,2.51,1.8,2.0,1.8,2.11,1.8,2.2,1.74,2.13,0.25,1.7,2.1,1.76,2.2,1.85,2.2,1.74,2.12,2023,Football-Data.co.uk,https://www.football-data.co.uk/mmz4281/2324/D1.csv,,,,,,,,,,,,,,,,,,,,,,,,,,,,,,,,,,,,,,,,,,,,,,,,,,,,,,,,
D1,28/10/2023,14:30,Augsburg,Wolfsburg,3,2,H,1.0,2.0,A,9.0,13.0,5.0,6.0,19.0,14.0,5.0,5.0,6.0,4.0,1.0,0.0,2.9,3.5,2.38,2.75,3.6,2.4,2.8,3.55,2.45,2.91,3.67,2.4,2.7,3.6,2.4,2.88,3.6,2.38,3.0,3.78,2.51,2.87,3.63,2.4,1.73,2.1,1.74,2.19,1.79,2.23,1.71,2.16,0.25,1.82,2.11,1.83,2.09,1.84,2.12,1.8,2.04,2.45,3.6,2.75,2.45,3.5,2.7,2.55,3.55,2.65,2.54,3.62,2.8,2.4,3.6,2.7,2.45,3.6,2.75,2.83,3.7,2.85,2.52,3.6,2.73,1.73,2.1,1.69,2.28,1.83,2.31,1.7,2.18,0.0,1.82,2.11,1.87,2.06,1.88,2.11,1.84,2.03,2023,Football-Data.co.uk,https://www.football-data.co.uk/mmz4281/2324/D1.csv,,,,,,,,,,,,,,,,,,,,,,,,,,,,,,,,,,,,,,,,,,,,,,,,,,,,,,,,
D1,28/10/2023,14:30,Bayern Munich,Darmstadt,8,0,H,0.0,0.0,D,28.0,10.0,16.0,4.0,15.0,13.0,7.0,1.0,1.0,2.0,1.0,2.0,1.06,12.0,26.0,1.07,13.5,34.0,1.08,12.0,24.0,1.07,16.22,27.11,1.05,15.0,26.0,1.06,15.0,26.0,1.09,19.0,36.0,1.07,14.36,28.45,1.17,5.0,,,1.19,5.5,1.17,4.98,-3.0,1.93,2.0,1.91,1.96,1.98,2.0,1.9,1.94,1.06,12.0,23.0,1.08,13.5,29.0,1.08,12.0,23.0,1.06,17.61,32.15,1.05,15.0,26.0,1.06,15.0,26.0,1.1,17.61,36.0,1.07,14.13,28.23,1.17,5.0,,,1.19,5.85,1.15,5.31,-3.0,1.9,2.03,1.85,2.05,1.96,2.05,1.89,1.96,2023,Football-Data.co.uk,https://www.football-data.co.uk/mmz4281/2324/D1.csv,,,,,,,,,,,,,,,,,,,,,,,,,,,,,,,,,,,,,,,,,,,,,,,,,,,,,,,,
D1,28/10/2023,14:30,M'gladbach,Heidenheim,2,1,H,1.0,1.0,D,11.0,8.0,6.0,3.0,5.0,18.0,6.0,4.0,0.0,3.0,0.0,0.0,1.8,4.0,4.0,1.82,4.0,3.9,1.8,4.1,4.0,1.8,4.26,4.16,1.75,4.2,4.0,1.8,4.2,4.0,1.84,4.33,4.3,1.8,4.17,4.09,1.5,2.63,1.49,2.73,1.51,2.79,1.48,2.66,-0.75,2.01,1.92,2.01,1.89,2.02,1.92,1.98,1.87,1.67,4.0,4.5,1.7,4.2,4.4,1.7,4.2,4.4,1.69,4.44,4.7,1.67,4.33,4.33,1.7,4.33,4.33,1.76,4.44,4.98,1.71,4.29,4.5,1.5,2.63,1.51,2.73,1.52,2.86,1.46,2.69,-0.75,1.87,2.06,1.86,2.07,1.93,2.1,1.85,1.99,2023,Football-Data.co.uk,https://www.football-data.co.uk/mmz4281/2324/D1.csv,,,,,,,,,,,,,,,,,,,,,,,,,,,,,,,,,,,,,,,,,,,,,,,,,,,,,,,,
D1,28/10/2023,14:30,Stuttgart,Hoffenheim,2,3,A,0.0,2.0,A,23.0,7.0,10.0,5.0,13.0,11.0,6.0,0.0,2.0,1.0,0.0,0.0,1.85,4.0,3.8,1.83,4.0,3.8,1.85,4.1,3.75,1.88,4.15,3.82,1.8,4.2,3.75,1.85,4.1,3.75,1.9,4.3,3.98,1.86,4.14,3.82,1.5,2.63,1.5,2.68,1.52,2.75,1.49,2.63,-0.5,1.88,2.05,1.88,2.02,1.88,2.05,1.85,2.01,1.65,4.2,4.75,1.71,4.1,4.4,1.73,4.1,4.5,1.67,4.43,4.84,1.65,4.2,4.6,1.65,4.33,4.75,1.74,4.43,5.17,1.68,4.28,4.71,1.5,2.63,1.54,2.58,1.6,2.68,1.53,2.52,-0.75,1.83,2.1,1.85,2.09,1.88,2.14,1.82,2.03,2023,Football-Data.co.uk,https://www.football-data.co.uk/mmz4281/2324/D1.csv,,,,,,,,,,,,,,,,,,,,,,,,,,,,,,,,,,,,,,,,,,,,,,,,,,,,,,,,
D1,28/10/2023,14:30,Werder Bremen,Union Berlin,2,0,H,1.0,0.0,H,9.0,7.0,3.0,2.0,12.0,14.0,3.0,3.0,1.0,4.0,0.0,1.0,2.7,3.3,2.6,2.6,3.4,2.6,2.65,3.45,2.65,2.73,3.61,2.6,2.6,3.6,2.5,2.7,3.5,2.55,2.77,3.68,2.7,2.68,3.54,2.61,1.8,2.0,1.82,2.07,1.87,2.09,1.81,2.03,0.0,2.01,1.92,2.0,1.91,2.01,1.93,1.96,1.9,2.8,3.25,2.45,2.75,3.4,2.5,2.85,3.4,2.45,2.86,3.53,2.53,2.8,3.5,2.4,2.8,3.5,2.45,3.1,3.64,2.55,2.86,3.46,2.49,1.87,2.03,1.83,2.08,1.92,2.1,1.82,2.02,0.0,2.11,1.82,2.09,1.85,2.14,1.85,2.07,1.8,2023,Football-Data.co.uk,https://www.football-data.co.uk/mmz4281/2324/D1.csv,,,,,,,,,,,,,,,,,,,,,,,,,,,,,,,,,,,,,,,,,,,,,,,,,,,,,,,,
D1,28/10/2023,17:30,RB Leipzig,FC Koln,6,0,H,4.0,0.0,H,24.0,6.0,13.0,1.0,8.0,13.0,11.0,1.0,2.0,4.0,0.0,1.0,1.44,4.75,7.0,1.43,4.8,7.0,1.4,4.9,7.75,1.44,5.05,7.18,1.4,5.0,7.0,1.4,5.0,7.0,1.48,5.2,7.75,1.44,4.97,7.1,1.57,2.38,1.6,2.44,1.62,2.5,1.57,2.42,-1.25,1.96,1.97,1.96,1.94,1.97,1.98,1.92,1.92,1.5,4.5,6.5,1.49,4.5,6.25,1.43,4.9,6.75,1.49,4.78,6.56,1.44,4.6,6.5,1.45,4.75,6.5,1.51,5.0,7.29,1.48,4.73,6.58,1.57,2.38,1.59,2.47,1.61,2.55,1.58,2.41,-1.25,2.1,1.83,2.1,1.84,2.1,1.9,2.01,1.84,2023,Football-Data.co.uk,https://www.football-data.co.uk/mmz4281/2324/D1.csv,,,,,,,,,,,,,,,,,,,,,,,,,,,,,,,,,,,,,,,,,,,,,,,,,,,,,,,,
D1,29/10/2023,14:30,Ein Frankfurt,Dortmund,3,3,D,2.0,1.0,H,11.0,14.0,7.0,4.0,11.0,10.0,0.0,4.0,3.0,2.0,0.0,0.0,3.4,3.4,2.15,3.1,3.6,2.15,3.2,3.55,2.2,3.31,3.73,2.18,3.1,3.7,2.15,3.2,3.7,2.15,3.4,3.89,2.22,3.24,3.69,2.17,1.67,2.2,1.69,2.26,1.7,2.4,1.65,2.26,0.25,2.04,1.89,2.01,1.9,2.05,1.91,1.96,1.86,3.2,3.4,2.25,3.0,3.6,2.25,3.15,3.55,2.2,3.14,3.7,2.28,3.0,3.7,2.2,3.1,3.6,2.2,3.55,3.75,2.32,3.12,3.62,2.24,1.67,2.2,1.68,2.3,1.68,2.44,1.63,2.28,0.25,1.92,2.01,1.93,1.99,1.99,2.03,1.91,1.92,2023,Football-Data.co.uk,https://www.football-data.co.uk/mmz4281/2324/D1.csv,,,,,,,,,,,,,,,,,,,,,,,,,,,,,,,,,,,,,,,,,,,,,,,,,,,,,,,,
D1,29/10/2023,16:30,Leverkusen,Freiburg,2,1,H,1.0,0.0,H,19.0,10.0,4.0,4.0,9.0,10.0,11.0,4.0,0.0,2.0,0.0,0.0,1.29,5.5,11.0,1.31,5.75,9.0,1.3,5.75,10.0,1.29,6.08,10.27,1.25,6.0,11.0,1.29,6.0,10.5,1.33,6.55,11.5,1.29,6.01,10.41,1.5,2.63,1.48,2.7,1.51,2.75,1.48,2.65,-1.5,1.78,2.03,1.78,2.1,1.86,2.15,1.8,2.07,1.22,7.0,10.0,1.24,6.5,11.5,1.25,6.5,12.0,1.24,6.67,12.56,1.22,6.5,12.0,1.22,6.5,12.0,1.27,7.48,14.0,1.24,6.71,12.06,1.44,2.75,1.45,2.83,1.53,3.04,1.44,2.8,-1.75,1.86,2.07,1.86,2.05,1.91,2.12,1.84,2.01,2023,Football-Data.co.uk,https://www.football-data.co.uk/mmz4281/2324/D1.csv,,,,,,,,,,,,,,,,,,,,,,,,,,,,,,,,,,,,,,,,,,,,,,,,,,,,,,,,
D1,03/11/2023,19:30,Darmstadt,Bochum,1,2,A,1.0,1.0,D,15.0,9.0,4.0,4.0,7.0,16.0,11.0,2.0,2.0,5.0,1.0,0.0,2.3,3.75,2.88,2.35,3.5,2.87,2.45,3.5,2.85,2.41,3.61,2.98,2.3,3.6,2.75,2.38,3.6,2.88,2.45,3.75,3.03,2.38,3.62,2.91,1.67,2.2,1.7,2.26,1.74,2.36,1.67,2.24,-0.25,2.09,1.84,2.1,1.84,2.11,1.87,2.03,1.8,2.3,3.5,3.0,2.37,3.4,2.9,2.4,3.5,2.85,2.37,3.53,3.1,2.3,3.4,2.9,2.3,3.5,3.0,2.42,3.6,3.18,2.35,3.51,3.02,1.8,2.0,1.81,2.06,1.85,2.15,1.78,2.07,-0.25,2.06,1.87,2.05,1.88,2.09,1.91,2.0,1.84,2023,Football-Data.co.uk,https://www.football-data.co.uk/mmz4281/2324/D1.csv,,,,,,,,,,,,,,,,,,,,,,,,,,,,,,,,,,,,,,,,,,,,,,,,,,,,,,,,
D1,04/11/2023,14:30,FC Koln,Augsburg,1,1,D,1.0,1.0,D,28.0,18.0,12.0,3.0,10.0,10.0,10.0,2.0,1.0,4.0,0.0,0.0,2.3,3.6,2.9,2.3,3.7,2.8,2.4,3.65,2.75,2.32,3.75,2.97,2.3,3.6,2.75,2.38,3.6,2.9,2.47,3.85,3.03,2.35,3.72,2.89,1.62,2.3,1.64,2.36,1.67,2.41,1.63,2.33,-0.25,2.04,1.89,2.03,1.88,2.1,1.89,2.01,1.83,1.95,3.75,3.5,2.05,3.7,3.3,2.05,3.75,3.35,2.05,3.89,3.52,1.95,3.75,3.3,2.05,3.8,3.3,2.16,3.91,3.56,2.05,3.79,3.44,1.62,2.3,1.65,2.34,1.71,2.42,1.64,2.3,-0.5,2.04,1.89,2.06,1.87,2.09,1.9,2.04,1.83,2023,Football-Data.co.uk,https://www.football-data.co.uk/mmz4281/2324/D1.csv,,,,,,,,,,,,,,,,,,,,,,,,,,,,,,,,,,,,,,,,,,,,,,,,,,,,,,,,
D1,04/11/2023,14:30,Freiburg,M'gladbach,3,3,D,1.0,3.0,A,15.0,10.0,8.0,5.0,7.0,10.0,8.0,2.0,2.0,2.0,0.0,0.0,2.1,3.8,3.2,2.1,3.7,3.25,2.1,3.75,3.2,2.08,4.0,3.31,2.05,3.75,3.1,2.05,3.8,3.3,2.15,4.1,3.39,2.1,3.85,3.28,1.57,2.38,1.6,2.46,1.64,2.5,1.59,2.38,-0.25,1.85,2.08,1.83,2.08,1.85,2.08,1.82,2.02,1.95,3.8,3.6,2.0,3.7,3.4,2.05,3.75,3.4,2.03,3.85,3.64,1.95,3.8,3.3,2.0,3.9,3.4,2.12,4.0,3.76,2.02,3.83,3.53,1.67,2.2,1.68,2.31,1.68,2.44,1.63,2.31,-0.5,2.01,1.92,2.03,1.89,2.05,1.94,2.01,1.86,2023,Football-Data.co.uk,https://www.football-data.co.uk/mmz4281/2324/D1.csv,,,,,,,,,,,,,,,,,,,,,,,,,,,,,,,,,,,,,,,,,,,,,,,,,,,,,,,,
D1,04/11/2023,14:30,Hoffenheim,Leverkusen,2,3,A,0.0,2.0,A,12.0,10.0,7.0,4.0,6.0,10.0,4.0,3.0,3.0,2.0,0.0,0.0,5.0,4.5,1.57,4.5,4.6,1.61,4.9,4.5,1.6,4.92,4.9,1.59,4.6,4.8,1.53,4.8,4.6,1.6,5.1,5.1,1.62,4.85,4.82,1.59,1.33,3.4,1.34,3.41,1.34,3.5,1.32,3.35,1.0,1.97,1.96,1.97,1.93,1.98,1.97,1.93,1.92,5.5,4.75,1.5,5.25,4.8,1.51,4.8,4.8,1.6,5.53,5.01,1.53,5.5,4.8,1.5,5.5,5.0,1.5,5.8,5.2,1.6,5.44,4.95,1.53,1.36,3.2,1.38,3.22,1.38,3.45,1.35,3.25,1.25,1.85,2.08,1.85,2.09,1.88,2.14,1.83,2.03,2023,Football-Data.co.uk,https://www.football-data.co.uk/mmz4281/2324/D1.csv,,,,,,,,,,,,,,,,,,,,,,,,,,,,,,,,,,,,,,,,,,,,,,,,,,,,,,,,
D1,04/11/2023,14:30,Mainz,RB Leipzig,2,0,H,0.0,0.0,D,10.0,10.0,3.0,2.0,13.0,9.0,2.0,7.0,3.0,1.0,0.0,0.0,5.75,4.2,1.6,5.25,4.33,1.58,5.25,4.3,1.6,5.42,4.56,1.58,5.0,4.4,1.53,5.25,4.4,1.57,5.75,4.75,1.73,5.23,4.44,1.6,1.62,2.3,1.62,2.39,1.63,2.44,1.59,2.38,1.0,1.91,2.02,1.92,1.98,1.94,2.16,1.88,1.98,4.5,4.0,1.73,4.5,4.0,1.72,4.6,4.2,1.7,4.57,4.04,1.78,4.5,4.0,1.65,4.5,4.2,1.7,5.06,4.44,1.78,4.62,4.12,1.72,1.67,2.2,1.7,2.26,1.7,2.42,1.65,2.28,0.75,1.93,2.0,1.93,2.0,1.99,2.0,1.94,1.9,2023,Football-Data.co.uk,https://www.football-data.co.uk/mmz4281/2324/D1.csv,,,,,,,,,,,,,,,,,,,,,,,,,,,,,,,,,,,,,,,,,,,,,,,,,,,,,,,,
D1,04/11/2023,14:30,Union Berlin,Ein Frankfurt,0,3,A,0.0,2.0,A,10.0,4.0,3.0,3.0,13.0,8.0,9.0,1.0,0.0,1.0,0.0,0.0,2.55,3.1,2.9,2.5,3.3,2.8,2.6,3.25,2.8,2.57,3.21,3.01,2.45,3.2,2.8,2.5,3.25,2.9,2.65,3.3,3.06,2.56,3.25,2.92,2.0,1.8,2.06,1.84,2.13,1.85,2.04,1.8,0.0,1.83,2.1,1.81,2.12,1.87,2.13,1.81,2.06,2.5,3.1,3.0,2.55,3.1,2.9,2.55,3.15,2.9,2.54,3.26,3.06,2.45,3.1,2.88,2.5,3.3,2.9,2.65,3.31,3.13,2.54,3.21,2.98,2.1,1.73,2.13,1.79,2.17,1.81,2.11,1.76,-0.25,2.08,1.73,2.16,1.78,2.2,1.82,2.13,1.75,2023,Football-Data.co.uk,https://www.football-data.co.uk/mmz4281/2324/D1.csv,,,,,,,,,,,,,,,,,,,,,,,,,,,,,,,,,,,,,,,,,,,,,,,,,,,,,,,,
D1,04/11/2023,17:30,Dortmund,Bayern Munich,0,4,A,0.0,2.0,A,15.0,14.0,1.0,8.0,14.0,6.0,3.0,2.0,3.0,2.0,0.0,0.0,4.0,4.33,1.75,3.75,4.33,1.8,3.8,4.3,1.8,3.77,4.42,1.84,3.7,4.2,1.75,3.7,4.4,1.8,4.05,4.61,1.88,3.81,4.39,1.82,1.33,3.4,1.37,3.23,1.37,3.5,1.34,3.32,0.5,2.03,1.78,2.07,1.85,2.11,1.85,2.04,1.82,4.0,4.33,1.75,3.8,4.33,1.77,3.65,4.0,1.9,3.91,4.53,1.81,3.75,4.33,1.73,3.75,4.4,1.8,4.08,4.76,1.9,3.85,4.42,1.81,1.3,3.5,1.34,3.46,1.36,3.5,1.33,3.36,0.75,1.93,2.0,1.91,2.02,1.95,2.05,1.87,1.98,2023,Football-Data.co.uk,https://www.football-data.co.uk/mmz4281/2324/D1.csv,,,,,,,,,,,,,,,,,,,,,,,,,,,,,,,,,,,,,,,,,,,,,,,,,,,,,,,,
D1,05/11/2023,14:30,Wolfsburg,Werder Bremen,2,2,D,1.0,1.0,D,15.0,13.0,5.0,4.0,14.0,17.0,5.0,2.0,4.0,1.0,1.0,0.0,1.7,4.33,4.33,1.73,4.2,4.2,1.73,4.3,4.2,1.74,4.29,4.37,1.67,4.2,4.2,1.73,4.2,4.33,1.77,4.4,4.6,1.73,4.3,4.32,1.44,2.75,1.49,2.71,1.49,2.85,1.45,2.72,-0.75,1.94,1.99,1.94,1.96,1.95,1.99,1.9,1.94,1.7,4.33,4.2,1.7,4.2,4.33,1.7,4.2,4.4,1.75,4.31,4.39,1.65,4.33,4.2,1.7,4.33,4.2,1.75,4.44,4.65,1.71,4.31,4.34,1.44,2.75,1.5,2.74,1.5,2.8,1.45,2.72,-0.75,1.95,1.98,1.95,1.97,1.97,2.05,1.88,1.96,2023,Football-Data.co.uk,https://www.football-data.co.uk/mmz4281/2324/D1.csv,,,,,,,,,,,,,,,,,,,,,,,,,,,,,,,,,,,,,,,,,,,,,,,,,,,,,,,,
D1,05/11/2023,16:30,Heidenheim,Stuttgart,2,0,H,0.0,0.0,D,19.0,14.0,2.0,2.0,7.0,13.0,9.0,6.0,2.0,2.0,0.0,0.0,4.5,4.33,1.65,4.5,4.2,1.66,4.5,4.4,1.67,4.59,4.39,1.69,4.5,4.2,1.62,4.6,4.33,1.67,4.8,4.5,1.73,4.6,4.38,1.68,1.5,2.63,1.51,2.66,1.51,2.72,1.48,2.65,0.75,2.08,1.85,2.03,1.88,2.09,1.88,2.01,1.83,5.25,4.2,1.62,5.5,4.1,1.6,5.5,4.3,1.6,5.3,4.25,1.65,5.5,4.2,1.53,5.5,4.2,1.6,5.6,4.42,1.66,5.44,4.28,1.6,1.73,2.1,1.73,2.22,1.74,2.38,1.65,2.24,1.0,1.83,2.1,1.81,2.11,1.91,2.14,1.85,2.01,2023,Football-Data.co.uk,https://www.football-data.co.uk/mmz4281/2324/D1.csv,,,,,,,,,,,,,,,,,,,,,,,,,,,,,,,,,,,,,,,,,,,,,,,,,,,,,,,,
D1,10/11/2023,19:30,M'gladbach,Wolfsburg,4,0,H,2.0,0.0,H,16.0,12.0,8.0,4.0,7.0,12.0,8.0,5.0,1.0,3.0,0.0,0.0,2.3,3.8,2.7,2.3,3.7,2.8,2.4,3.55,2.85,2.41,3.75,2.89,2.3,3.7,2.7,2.3,3.8,2.8,2.45,3.9,2.95,2.38,3.76,2.82,1.53,2.5,1.57,2.54,1.57,2.65,1.53,2.54,-0.25,2.11,1.82,2.11,1.83,2.14,1.85,2.05,1.8,2.3,3.8,2.7,2.35,3.75,2.75,2.4,3.55,2.8,2.36,3.9,2.87,2.3,3.7,2.7,2.38,3.8,2.75,2.4,3.95,2.92,2.36,3.8,2.81,1.5,2.63,1.52,2.66,1.53,2.7,1.5,2.62,-0.25,2.05,1.88,2.08,1.85,2.11,1.89,2.04,1.82,2023,Football-Data.co.uk,https://www.football-data.co.uk/mmz4281/2324/D1.csv,,,,,,,,,,,,,,,,,,,,,,,,,,,,,,,,,,,,,,,,,,,,,,,,,,,,,,,,
D1,11/11/2023,14:30,Augsburg,Hoffenheim,1,1,D,0.0,1.0,A,11.0,12.0,6.0,6.0,9.0,11.0,3.0,5.0,1.0,2.0,0.0,0.0,2.63,3.6,2.55,2.5,3.75,2.5,2.6,3.75,2.55,2.62,3.92,2.52,2.45,3.8,2.45,2.6,3.75,2.5,2.69,4.0,2.6,2.6,3.8,2.53,1.5,2.63,1.48,2.76,1.5,2.82,1.47,2.69,0.0,1.98,1.92,1.99,1.92,2.0,1.93,1.96,1.9,2.38,3.8,2.75,2.35,3.75,2.7,2.5,3.75,2.6,2.43,3.86,2.8,2.3,3.8,2.62,2.38,3.8,2.75,2.52,4.05,2.86,2.42,3.81,2.75,1.44,2.75,1.48,2.79,1.51,2.81,1.47,2.7,-0.25,2.05,1.75,2.13,1.81,2.16,1.84,2.08,1.78,2023,Football-Data.co.uk,https://www.football-data.co.uk/mmz4281/2324/D1.csv,,,,,,,,,,,,,,,,,,,,,,,,,,,,,,,,,,,,,,,,,,,,,,,,,,,,,,,,
D1,11/11/2023,14:30,Bayern Munich,Heidenheim,4,2,H,2.0,0.0,H,18.0,7.0,8.0,2.0,8.0,8.0,7.0,2.0,1.0,0.0,0.0,0.0,1.06,17.0,21.0,1.07,14.5,31.0,1.1,10.0,23.0,1.06,18.13,28.2,1.04,13.0,26.0,1.06,15.0,29.0,1.08,21.0,41.0,1.06,15.98,30.37,1.17,5.0,,,1.18,5.5,1.16,5.07,-3.0,1.85,2.05,1.85,2.03,1.87,2.06,1.84,2.02,1.11,12.0,15.0,1.12,11.0,17.0,1.1,12.0,17.0,1.11,12.0,19.0,1.07,11.0,19.0,1.09,11.5,21.0,1.14,17.0,34.0,1.11,11.8,20.62,1.17,5.0,,,1.22,5.0,1.18,4.73,-2.75,2.03,1.9,2.0,1.89,2.04,2.14,1.92,1.92,2023,Football-Data.co.uk,https://www.football-data.co.uk/mmz4281/2324/D1.csv,,,,,,,,,,,,,,,,,,,,,,,,,,,,,,,,,,,,,,,,,,,,,,,,,,,,,,,,
D1,11/11/2023,14:30,Darmstadt,Mainz,0,0,D,0.0,0.0,D,9.0,9.0,3.0,0.0,20.0,15.0,0.0,5.0,3.0,3.0,0.0,0.0,3.1,3.5,2.25,2.9,3.6,2.3,2.95,3.6,2.3,3.04,3.72,2.3,2.8,3.6,2.25,3.0,3.6,2.3,3.11,3.84,2.36,2.99,3.67,2.31,1.67,2.2,1.69,2.27,1.71,2.31,1.66,2.22,0.25,1.9,2.0,1.9,2.01,1.9,2.02,1.86,1.98,3.1,3.5,2.25,3.0,3.4,2.3,3.1,3.45,2.3,3.28,3.48,2.3,3.0,3.4,2.25,3.0,3.5,2.3,3.28,3.6,2.38,3.13,3.48,2.31,1.9,2.0,1.92,1.99,1.93,2.14,1.85,1.99,0.25,1.93,2.0,1.93,1.99,1.95,2.03,1.87,1.96,2023,Football-Data.co.uk,https://www.football-data.co.uk/mmz4281/2324/D1.csv,,,,,,,,,,,,,,,,,,,,,,,,,,,,,,,,,,,,,,,,,,,,,,,,,,,,,,,,
D1,11/11/2023,14:30,Stuttgart,Dortmund,2,1,H,1.0,1.0,D,22.0,5.0,10.0,1.0,13.0,16.0,6.0,1.0,2.0,3.0,0.0,0.0,2.55,3.75,2.55,2.55,3.8,2.45,2.55,3.75,2.55,2.61,3.85,2.56,2.5,3.7,2.45,2.55,3.8,2.55,2.7,3.91,2.67,2.59,3.79,2.56,1.44,2.75,1.49,2.72,1.5,2.8,1.47,2.7,0.0,1.97,1.93,1.97,1.93,2.01,2.0,1.95,1.92,2.45,3.8,2.63,2.4,3.7,2.7,2.6,3.75,2.5,2.49,3.84,2.74,2.38,3.75,2.6,2.4,3.8,2.7,2.6,4.11,2.85,2.44,3.8,2.71,1.5,2.63,1.55,2.6,1.55,2.79,1.49,2.6,0.0,1.87,2.06,1.87,2.06,1.9,2.11,1.85,2.03,2023,Football-Data.co.uk,https://www.football-data.co.uk/mmz4281/2324/D1.csv,,,,,,,,,,,,,,,,,,,,,,,,,,,,,,,,,,,,,,,,,,,,,,,,,,,,,,,,
D1,11/11/2023,17:30,Bochum,FC Koln,1,1,D,1.0,0.0,H,25.0,10.0,9.0,6.0,14.0,19.0,3.0,3.0,4.0,1.0,0.0,0.0,2.45,3.4,2.88,2.37,3.6,2.8,2.45,3.55,2.8,2.46,3.7,2.81,2.38,3.6,2.7,2.45,3.6,2.8,2.51,3.75,2.9,2.45,3.62,2.82,1.67,2.2,1.7,2.24,1.73,2.28,1.69,2.2,-0.25,2.08,1.73,2.14,1.78,2.16,1.8,2.09,1.76,2.55,3.5,2.63,2.6,3.5,2.6,2.5,3.5,2.75,2.59,3.61,2.75,2.45,3.6,2.6,2.55,3.6,2.63,2.85,3.72,2.76,2.59,3.57,2.67,1.67,2.2,1.72,2.23,1.73,2.38,1.69,2.21,0.0,1.9,2.03,1.9,2.03,1.93,2.04,1.89,1.98,2023,Football-Data.co.uk,https://www.football-data.co.uk/mmz4281/2324/D1.csv,,,,,,,,,,,,,,,,,,,,,,,,,,,,,,,,,,,,,,,,,,,,,,,,,,,,,,,,
D1,12/11/2023,14:30,Leverkusen,Union Berlin,4,0,H,1.0,0.0,H,19.0,2.0,10.0,2.0,8.0,5.0,10.0,1.0,0.0,1.0,0.0,0.0,1.29,6.0,9.0,1.28,5.75,10.5,1.3,6.0,9.5,1.29,6.09,10.4,1.25,5.8,10.0,1.29,6.0,10.5,1.3,6.5,12.0,1.28,6.03,10.54,1.57,2.38,1.59,2.47,1.62,2.46,1.57,2.41,-1.75,2.03,1.78,2.07,1.83,2.06,1.86,2.01,1.82,1.36,5.25,7.5,1.34,5.25,8.5,1.4,5.5,7.0,1.35,5.56,9.04,1.3,5.5,8.0,1.33,5.5,8.5,1.4,5.8,9.5,1.35,5.34,8.53,1.62,2.3,1.62,2.41,1.65,2.45,1.6,2.36,-1.5,2.01,1.89,2.03,1.9,2.08,1.92,1.99,1.87,2023,Football-Data.co.uk,https://www.football-data.co.uk/mmz4281/2324/D1.csv,,,,,,,,,,,,,,,,,,,,,,,,,,,,,,,,,,,,,,,,,,,,,,,,,,,,,,,,
D1,12/11/2023,16:30,Werder Bremen,Ein Frankfurt,2,2,D,1.0,0.0,H,14.0,14.0,5.0,3.0,3.0,10.0,3.0,7.0,1.0,3.0,0.0,0.0,3.1,3.4,2.3,2.9,3.6,2.3,2.95,3.55,2.3,3.01,3.6,2.36,2.88,3.6,2.25,3.0,3.6,2.3,3.1,3.69,2.41,3.0,3.58,2.34,1.73,2.1,1.73,2.2,1.75,2.23,1.72,2.15,0.25,1.87,2.03,1.86,2.05,1.89,2.07,1.84,2.0,2.7,3.5,2.5,2.7,3.5,2.45,2.75,3.55,2.5,2.73,3.55,2.61,2.62,3.5,2.45,2.7,3.6,2.5,3.04,3.68,2.61,2.76,3.56,2.5,1.67,2.2,1.72,2.23,1.73,2.34,1.68,2.2,0.0,2.0,1.9,2.01,1.92,2.11,1.93,2.03,1.85,2023,Football-Data.co.uk,https://www.football-data.co.uk/mmz4281/2324/D1.csv,,,,,,,,,,,,,,,,,,,,,,,,,,,,,,,,,,,,,,,,,,,,,,,,,,,,,,,,
D1,12/11/2023,18:30,RB Leipzig,Freiburg,3,1,H,1.0,1.0,D,15.0,9.0,6.0,3.0,10.0,12.0,7.0,3.0,2.0,0.0,0.0,0.0,1.44,5.0,6.5,1.44,4.75,6.5,1.45,4.8,6.25,1.46,4.96,6.59,1.4,4.8,6.5,1.44,4.8,6.5,1.49,5.2,7.0,1.45,4.88,6.67,1.57,2.38,1.57,2.52,1.58,2.55,1.56,2.45,-1.25,1.98,1.92,1.99,1.92,2.0,1.93,1.94,1.88,1.44,4.75,6.5,1.46,4.75,6.5,1.45,4.8,6.5,1.47,4.92,6.67,1.4,4.8,6.5,1.45,4.8,6.5,1.51,5.1,7.0,1.46,4.82,6.64,1.53,2.5,1.56,2.56,1.59,2.58,1.54,2.48,-1.25,1.99,1.91,2.01,1.92,2.08,1.93,1.96,1.88,2023,Football-Data.co.uk,https://www.football-data.co.uk/mmz4281/2324/D1.csv,,,,,,,,,,,,,,,,,,,,,,,,,,,,,,,,,,,,,,,,,,,,,,,,,,,,,,,,
D1,24/11/2023,19:30,FC Koln,Bayern Munich,0,1,A,0.0,1.0,A,6.0,19.0,2.0,5.0,6.0,4.0,3.0,12.0,0.0,1.0,0.0,0.0,9.0,7.0,1.25,10.0,6.5,1.25,8.0,6.5,1.3,10.64,6.78,1.25,10.0,6.5,1.22,10.5,7.0,1.25,11.1,7.3,1.28,10.51,6.77,1.26,1.33,3.4,1.34,3.36,1.36,3.56,1.33,3.32,1.75,2.06,1.87,2.03,1.86,2.07,1.88,2.01,1.84,10.0,7.0,1.25,9.5,6.25,1.27,8.0,6.5,1.3,10.08,6.98,1.26,10.0,6.5,1.22,10.0,6.5,1.25,12.2,7.4,1.3,10.11,6.76,1.26,1.33,3.4,1.33,3.44,1.37,3.5,1.33,3.32,1.75,2.02,1.91,2.03,1.88,2.16,1.91,2.0,1.86,2023,Football-Data.co.uk,https://www.football-data.co.uk/mmz4281/2324/D1.csv,,,,,,,,,,,,,,,,,,,,,,,,,,,,,,,,,,,,,,,,,,,,,,,,,,,,,,,,
D1,25/11/2023,14:30,Dortmund,M'gladbach,4,2,H,3.0,2.0,H,20.0,10.0,13.0,3.0,11.0,11.0,5.0,4.0,1.0,2.0,0.0,0.0,1.45,5.5,5.25,1.47,5.0,5.75,1.47,5.25,5.5,1.48,5.38,5.62,1.44,5.0,5.8,1.45,5.25,6.0,1.51,5.5,6.06,1.48,5.23,5.77,1.33,3.4,1.33,3.44,1.34,3.52,1.31,3.4,-1.25,1.98,1.95,1.98,1.92,1.98,1.97,1.94,1.9,1.5,5.25,4.75,1.51,4.8,5.25,1.53,5.0,5.25,1.51,5.24,5.53,1.44,5.0,5.8,1.5,5.0,5.5,1.56,5.5,6.25,1.51,5.13,5.51,1.33,3.4,1.33,3.46,1.36,3.5,1.33,3.35,-1.25,2.06,1.87,2.05,1.88,2.08,1.94,1.99,1.86,2023,Football-Data.co.uk,https://www.football-data.co.uk/mmz4281/2324/D1.csv,,,,,,,,,,,,,,,,,,,,,,,,,,,,,,,,,,,,,,,,,,,,,,,,,,,,,,,,
D1,25/11/2023,14:30,Freiburg,Darmstadt,1,1,D,1.0,1.0,D,16.0,7.0,3.0,1.0,15.0,15.0,11.0,2.0,2.0,0.0,0.0,0.0,1.55,4.33,5.75,1.6,4.1,5.5,1.57,4.3,5.75,1.57,4.42,5.65,1.55,4.2,5.5,1.55,4.4,5.5,1.64,4.6,5.8,1.58,4.37,5.6,1.67,2.2,1.68,2.28,1.72,2.33,1.66,2.27,-1.0,1.98,1.95,1.98,1.93,1.98,1.95,1.94,1.91,1.53,4.33,5.75,1.55,4.33,5.75,1.53,4.5,5.75,1.53,4.55,6.28,1.53,4.2,5.5,1.5,4.6,6.0,1.6,4.6,6.3,1.54,4.46,5.98,1.62,2.3,1.65,2.36,1.75,2.4,1.65,2.29,-1.0,1.86,2.07,1.87,2.06,1.94,2.09,1.87,1.99,2023,Football-Data.co.uk,https://www.football-data.co.uk/mmz4281/2324/D1.csv,,,,,,,,,,,,,,,,,,,,,,,,,,,,,,,,,,,,,,,,,,,,,,,,,,,,,,,,
D1,25/11/2023,14:30,Union Berlin,Augsburg,1,1,D,0.0,1.0,A,16.0,11.0,6.0,2.0,10.0,15.0,3.0,4.0,2.0,2.0,0.0,0.0,1.95,3.6,3.8,2.0,3.6,3.6,2.0,3.6,3.65,2.01,3.65,3.79,1.91,3.7,3.6,2.0,3.6,3.7,2.04,3.76,3.99,2.01,3.63,3.76,1.96,1.94,1.97,1.92,1.99,1.95,1.93,1.9,-0.5,2.04,1.89,2.02,1.88,2.04,1.89,2.0,1.86,1.95,3.5,4.0,1.98,3.5,3.75,2.0,3.5,3.8,1.99,3.59,4.02,1.91,3.6,3.6,1.95,3.6,3.8,2.08,3.66,4.07,2.0,3.55,3.85,2.02,1.88,2.02,1.89,2.09,1.91,2.01,1.84,-0.5,2.01,1.92,2.0,1.92,2.07,1.93,2.0,1.86,2023,Football-Data.co.uk,https://www.football-data.co.uk/mmz4281/2324/D1.csv,,,,,,,,,,,,,,,,,,,,,,,,,,,,,,,,,,,,,,,,,,,,,,,,,,,,,,,,
D1,25/11/2023,14:30,Werder Bremen,Leverkusen,0,3,A,0.0,2.0,A,2.0,13.0,1.0,4.0,15.0,4.0,1.0,6.0,3.0,1.0,0.0,0.0,6.5,5.0,1.45,5.75,5.0,1.46,6.25,5.25,1.45,6.3,5.25,1.45,5.8,4.8,1.44,6.5,5.0,1.44,6.7,5.5,1.49,6.24,5.13,1.46,1.36,3.2,1.4,3.07,1.42,3.25,1.38,3.04,1.25,1.98,1.95,1.97,1.93,2.0,1.97,1.93,1.91,5.5,5.25,1.45,5.75,5.0,1.46,6.25,5.0,1.45,6.0,5.11,1.47,5.8,4.8,1.44,6.5,5.0,1.44,6.68,5.4,1.5,6.1,5.08,1.47,1.4,3.0,1.41,3.02,1.46,3.06,1.41,2.92,1.25,1.91,2.02,1.91,2.01,1.97,2.02,1.9,1.95,2023,Football-Data.co.uk,https://www.football-data.co.uk/mmz4281/2324/D1.csv,,,,,,,,,,,,,,,,,,,,,,,,,,,,,,,,,,,,,,,,,,,,,,,,,,,,,,,,
D1,25/11/2023,14:30,Wolfsburg,RB Leipzig,2,1,H,1.0,0.0,H,10.0,26.0,4.0,10.0,18.0,11.0,1.0,12.0,4.0,2.0,0.0,0.0,3.6,4.0,1.91,3.75,3.8,1.9,3.65,3.9,1.9,3.79,3.97,1.93,3.75,3.8,1.83,3.75,3.8,1.93,4.08,4.1,1.96,3.77,3.94,1.92,1.62,2.3,1.63,2.37,1.64,2.45,1.6,2.36,0.5,1.98,1.95,1.97,1.93,1.99,1.96,1.94,1.92,3.6,4.0,1.91,3.75,3.8,1.9,3.7,3.95,1.9,3.74,4.01,1.95,3.6,3.9,1.83,3.6,4.0,1.91,3.93,4.15,1.97,3.72,3.98,1.93,1.57,2.38,1.64,2.38,1.64,2.47,1.6,2.36,0.5,1.98,1.95,1.96,1.96,1.99,1.97,1.94,1.93,2023,Football-Data.co.uk,https://www.football-data.co.uk/mmz4281/2324/D1.csv,,,,,,,,,,,,,,,,,,,,,,,,,,,,,,,,,,,,,,,,,,,,,,,,,,,,,,,,
D1,25/11/2023,17:30,Ein Frankfurt,Stuttgart,1,2,A,1.0,2.0,A,14.0,11.0,1.0,5.0,14.0,8.0,4.0,2.0,0.0,1.0,0.0,0.0,2.6,3.6,2.6,2.6,3.5,2.55,2.55,3.6,2.6,2.65,3.7,2.6,2.6,3.6,2.45,2.63,3.6,2.55,2.68,3.82,2.65,2.62,3.67,2.6,1.73,2.1,1.71,2.22,1.74,2.32,1.7,2.19,0.0,2.0,1.93,1.97,1.93,2.0,1.95,1.94,1.92,2.88,3.5,2.4,2.7,3.4,2.5,2.8,3.5,2.45,2.89,3.52,2.5,2.62,3.6,2.4,2.8,3.5,2.45,3.05,3.66,2.6,2.84,3.51,2.48,1.93,1.97,1.81,1.99,1.95,2.1,1.83,2.0,0.25,1.73,2.08,1.78,2.15,1.81,2.16,1.76,2.1,2023,Football-Data.co.uk,https://www.football-data.co.uk/mmz4281/2324/D1.csv,,,,,,,,,,,,,,,,,,,,,,,,,,,,,,,,,,,,,,,,,,,,,,,,,,,,,,,,
D1,26/11/2023,14:30,Heidenheim,Bochum,0,0,D,0.0,0.0,D,9.0,9.0,3.0,2.0,14.0,7.0,6.0,5.0,4.0,3.0,0.0,0.0,2.2,3.6,3.1,2.2,3.7,3.0,2.25,3.7,3.0,2.23,3.81,3.09,2.2,3.6,2.9,2.2,3.7,3.1,2.27,3.94,3.19,2.22,3.76,3.07,1.62,2.3,1.65,2.34,1.71,2.38,1.63,2.31,-0.25,1.96,1.97,1.96,1.94,1.97,1.98,1.92,1.92,2.25,3.5,3.1,2.35,3.5,2.9,2.35,3.4,3.05,2.41,3.6,2.99,2.25,3.6,2.8,2.38,3.6,2.88,2.42,3.72,3.17,2.35,3.58,2.97,1.73,2.1,1.75,2.19,1.77,2.29,1.69,2.19,-0.25,2.08,1.85,2.09,1.85,2.09,1.9,2.02,1.83,2023,Football-Data.co.uk,https://www.football-data.co.uk/mmz4281/2324/D1.csv,,,,,,,,,,,,,,,,,,,,,,,,,,,,,,,,,,,,,,,,,,,,,,,,,,,,,,,,
D1,26/11/2023,16:30,Hoffenheim,Mainz,1,1,D,0.0,1.0,A,15.0,15.0,6.0,6.0,9.0,14.0,4.0,5.0,4.0,4.0,0.0,0.0,1.85,3.8,3.8,1.9,3.9,3.7,1.85,3.95,3.85,1.85,4.08,4.01,1.8,4.0,3.7,1.83,4.0,3.9,1.92,4.2,4.1,1.85,4.04,3.94,1.57,2.38,1.63,2.39,1.65,2.46,1.6,2.39,-0.5,1.86,2.07,1.85,2.06,1.87,2.07,1.84,2.03,1.85,3.8,3.8,1.85,3.9,3.8,1.9,3.85,3.8,1.86,4.02,4.1,1.8,3.9,3.8,1.87,4.0,3.8,1.92,4.22,4.2,1.87,3.97,3.92,1.53,2.5,1.57,2.51,1.63,2.56,1.54,2.43,-0.5,1.86,2.07,1.87,2.06,1.92,2.07,1.87,2.01,2023,Football-Data.co.uk,https://www.football-data.co.uk/mmz4281/2324/D1.csv,,,,,,,,,,,,,,,,,,,,,,,,,,,,,,,,,,,,,,,,,,,,,,,,,,,,,,,,
D1,01/12/2023,19:30,Darmstadt,FC Koln,0,1,A,0.0,0.0,D,11.0,11.0,1.0,6.0,12.0,12.0,1.0,6.0,1.0,3.0,0.0,0.0,2.63,3.4,2.6,2.6,3.4,2.6,2.7,3.4,2.6,2.66,3.54,2.71,2.62,3.5,2.45,2.63,3.5,2.6,2.75,3.7,2.76,2.68,3.51,2.63,1.8,2.0,1.81,2.09,1.85,2.14,1.79,2.06,0.0,1.95,1.98,1.94,1.98,2.01,1.98,1.94,1.92,2.7,3.25,2.63,2.75,3.2,2.6,2.7,3.4,2.6,2.8,3.37,2.68,2.7,3.4,2.45,2.7,3.4,2.6,2.95,3.56,2.74,2.73,3.42,2.62,1.96,1.94,1.96,1.93,2.0,2.17,1.87,1.96,0.0,2.01,1.92,2.0,1.93,2.04,1.93,1.97,1.89,2023,Football-Data.co.uk,https://www.football-data.co.uk/mmz4281/2324/D1.csv,,,,,,,,,,,,,,,,,,,,,,,,,,,,,,,,,,,,,,,,,,,,,,,,,,,,,,,,
D1,02/12/2023,14:30,Bochum,Wolfsburg,3,1,H,2.0,1.0,H,19.0,15.0,9.0,6.0,14.0,13.0,6.0,6.0,6.0,2.0,0.0,0.0,2.63,3.6,2.55,2.7,3.6,2.45,2.7,3.6,2.5,2.67,3.6,2.62,2.6,3.5,2.45,2.6,3.6,2.6,2.75,3.83,2.68,2.66,3.65,2.58,1.67,2.2,1.68,2.28,1.71,2.34,1.66,2.26,0.0,1.96,1.97,1.97,1.93,2.0,1.98,1.96,1.91,2.6,3.5,2.63,2.55,3.5,2.6,2.65,3.5,2.55,2.63,3.52,2.75,2.5,3.6,2.5,2.5,3.6,2.7,2.82,3.64,2.8,2.6,3.52,2.68,1.73,2.1,1.77,2.16,1.8,2.23,1.74,2.12,0.0,1.92,2.01,1.92,2.01,1.97,2.02,1.91,1.95,2023,Football-Data.co.uk,https://www.football-data.co.uk/mmz4281/2324/D1.csv,,,,,,,,,,,,,,,,,,,,,,,,,,,,,,,,,,,,,,,,,,,,,,,,,,,,,,,,
D1,02/12/2023,14:30,M'gladbach,Hoffenheim,2,1,H,0.0,0.0,D,9.0,17.0,3.0,5.0,12.0,14.0,6.0,3.0,2.0,2.0,0.0,0.0,2.2,4.0,2.88,2.3,3.9,2.75,2.25,3.95,2.8,2.26,4.13,2.87,2.2,4.0,2.7,2.2,4.0,2.88,2.3,4.25,2.93,2.25,4.07,2.85,1.36,3.2,1.39,3.13,1.39,3.3,1.36,3.11,-0.25,2.01,1.92,2.01,1.9,2.01,1.94,1.96,1.88,2.15,4.0,2.9,2.1,4.0,2.95,2.25,3.8,2.9,2.16,4.23,3.05,2.15,4.0,2.75,2.1,4.1,3.0,2.32,4.3,3.17,2.17,4.1,2.98,1.36,3.2,1.4,3.08,1.41,3.25,1.38,3.08,-0.25,1.9,2.03,1.92,2.0,2.02,2.06,1.89,1.95,2023,Football-Data.co.uk,https://www.football-data.co.uk/mmz4281/2324/D1.csv,,,,,,,,,,,,,,,,,,,,,,,,,,,,,,,,,,,,,,,,,,,,,,,,,,,,,,,,
D1,02/12/2023,14:30,RB Leipzig,Heidenheim,2,1,H,2.0,1.0,H,23.0,7.0,8.0,1.0,13.0,16.0,5.0,3.0,2.0,2.0,0.0,0.0,1.25,7.0,9.0,1.24,6.5,11.0,1.27,6.75,8.75,1.24,7.2,10.19,1.2,6.5,11.0,1.22,7.0,11.0,1.27,7.8,12.1,1.24,7.01,10.83,1.36,3.2,1.39,3.04,1.43,3.2,1.38,3.04,-1.75,1.87,2.06,1.85,2.04,1.88,2.07,1.83,2.02,1.2,7.5,12.0,1.22,7.0,12.0,1.25,6.75,9.5,1.2,7.77,13.33,1.18,7.0,12.0,1.2,7.0,13.0,1.27,7.77,13.33,1.22,7.21,12.15,1.33,3.4,1.35,3.3,1.39,3.62,1.35,3.24,-2.0,1.97,1.96,1.92,1.99,2.06,1.99,1.98,1.88,2023,Football-Data.co.uk,https://www.football-data.co.uk/mmz4281/2324/D1.csv,,,,,,,,,,,,,,,,,,,,,,,,,,,,,,,,,,,,,,,,,,,,,,,,,,,,,,,,
D1,02/12/2023,17:30,Stuttgart,Werder Bremen,2,0,H,1.0,0.0,H,17.0,11.0,6.0,3.0,7.0,9.0,6.0,7.0,1.0,0.0,0.0,0.0,1.4,5.25,6.5,1.43,5.0,6.5,1.43,5.0,6.75,1.4,5.24,7.66,1.4,5.0,6.5,1.4,5.25,7.0,1.44,5.5,8.0,1.41,5.18,7.35,1.5,2.63,1.51,2.65,1.53,2.75,1.49,2.62,-1.25,1.87,2.06,1.85,2.07,1.9,2.08,1.84,2.01,1.3,5.5,8.0,1.33,5.75,8.0,1.35,5.75,7.75,1.36,5.75,8.29,1.29,5.8,8.5,1.3,6.0,8.5,1.41,6.05,9.4,1.33,5.74,8.39,1.36,3.2,1.39,3.14,1.5,3.2,1.39,2.97,-1.5,1.9,2.03,1.9,2.03,2.01,2.04,1.87,1.98,2023,Football-Data.co.uk,https://www.football-data.co.uk/mmz4281/2324/D1.csv,,,,,,,,,,,,,,,,,,,,,,,,,,,,,,,,,,,,,,,,,,,,,,,,,,,,,,,,
D1,03/12/2023,14:30,Mainz,Freiburg,0,1,A,0.0,0.0,D,19.0,13.0,6.0,5.0,16.0,11.0,14.0,3.0,1.0,1.0,0.0,0.0,2.3,3.4,3.1,2.25,3.4,3.1,2.3,3.45,3.05,2.29,3.56,3.16,2.25,3.5,2.9,2.25,3.5,3.1,2.35,3.63,3.23,2.29,3.53,3.12,1.96,1.94,1.95,1.93,1.99,1.97,1.91,1.92,-0.25,2.01,1.92,1.99,1.91,2.01,1.94,1.97,1.87,2.2,3.4,3.2,2.2,3.4,3.25,2.35,3.5,2.95,2.26,3.5,3.34,2.2,3.5,3.0,2.2,3.5,3.2,2.41,3.55,3.45,2.26,3.47,3.2,1.94,1.96,1.95,1.95,2.0,2.03,1.9,1.92,-0.25,1.94,1.99,1.95,1.97,2.01,2.0,1.93,1.9,2023,Football-Data.co.uk,https://www.football-data.co.uk/mmz4281/2324/D1.csv,,,,,,,,,,,,,,,,,,,,,,,,,,,,,,,,,,,,,,,,,,,,,,,,,,,,,,,,
D1,03/12/2023,16:30,Leverkusen,Dortmund,1,1,D,0.0,1.0,A,22.0,6.0,6.0,2.0,12.0,12.0,16.0,1.0,3.0,2.0,0.0,0.0,1.62,4.5,4.75,1.66,4.2,4.6,1.7,4.4,4.2,1.68,4.46,4.59,1.6,4.4,4.4,1.67,4.5,4.4,1.73,4.75,4.75,1.67,4.5,4.57,1.36,3.2,1.4,3.07,1.4,3.22,1.38,3.07,-0.75,1.78,2.03,1.85,2.06,1.88,2.08,1.81,2.04,1.6,4.5,5.0,1.61,4.33,4.8,1.7,4.4,4.2,1.65,4.55,4.93,1.57,4.5,4.6,1.62,4.5,4.8,1.7,4.65,5.3,1.63,4.47,4.87,1.44,2.75,1.46,2.82,1.48,3.0,1.43,2.83,-1.0,2.04,1.89,2.04,1.88,2.1,1.94,2.01,1.85,2023,Football-Data.co.uk,https://www.football-data.co.uk/mmz4281/2324/D1.csv,,,,,,,,,,,,,,,,,,,,,,,,,,,,,,,,,,,,,,,,,,,,,,,,,,,,,,,,
D1,03/12/2023,18:30,Augsburg,Ein Frankfurt,2,1,H,1.0,0.0,H,9.0,12.0,4.0,6.0,9.0,10.0,2.0,4.0,1.0,1.0,0.0,0.0,2.63,3.6,2.55,2.65,3.6,2.5,2.65,3.55,2.55,2.69,3.6,2.61,2.6,3.5,2.5,2.7,3.5,2.55,2.8,3.68,2.66,2.68,3.58,2.59,1.8,2.0,1.82,2.06,1.84,2.16,1.78,2.06,0.0,2.0,1.93,1.98,1.93,2.0,1.94,1.96,1.89,2.5,3.4,2.75,2.65,3.25,2.7,2.6,3.5,2.6,2.61,3.37,2.88,2.6,3.4,2.5,2.6,3.4,2.7,2.82,3.57,2.88,2.64,3.43,2.71,2.06,1.84,2.07,1.85,2.12,2.13,1.92,1.92,0.0,1.87,2.06,1.87,2.06,1.95,2.06,1.9,1.96,2023,Football-Data.co.uk,https://www.football-data.co.uk/mmz4281/2324/D1.csv,,,,,,,,,,,,,,,,,,,,,,,,,,,,,,,,,,,,,,,,,,,,,,,,,,,,,,,,
D1,08/12/2023,19:30,Hoffenheim,Bochum,3,1,H,2.0,0.0,H,18.0,22.0,7.0,5.0,18.0,11.0,4.0,5.0,3.0,2.0,0.0,0.0,1.67,4.2,4.75,1.7,4.2,4.33,1.75,4.0,4.4,1.73,4.32,4.52,1.67,4.2,4.2,1.73,4.2,4.33,1.77,4.46,4.75,1.72,4.25,4.44,1.5,2.63,1.49,2.75,1.55,2.79,1.48,2.67,-0.75,1.93,2.0,1.93,2.0,1.96,2.0,1.9,1.95,1.75,3.8,4.2,1.77,4.0,4.1,1.77,4.0,4.2,1.79,4.04,4.45,1.67,4.2,4.2,1.75,4.2,4.1,1.83,4.3,4.54,1.77,4.05,4.25,1.57,2.38,1.61,2.44,1.63,2.75,1.54,2.48,-0.75,2.01,1.92,2.02,1.91,2.06,1.93,1.96,1.87,2023,Football-Data.co.uk,https://www.football-data.co.uk/mmz4281/2324/D1.csv,,,,,,,,,,,,,,,,,,,,,,,,,,,,,,,,,,,,,,,,,,,,,,,,,,,,,,,,
D1,09/12/2023,14:30,Ein Frankfurt,Bayern Munich,5,1,H,3.0,1.0,H,14.0,17.0,6.0,6.0,8.0,7.0,1.0,9.0,1.0,2.0,0.0,0.0,9.0,5.5,1.3,8.5,5.75,1.31,8.5,5.25,1.35,8.96,6.05,1.31,8.5,5.8,1.29,9.0,6.0,1.3,10.25,6.3,1.4,8.81,5.82,1.32,1.44,2.75,1.47,2.77,1.47,3.0,1.42,2.85,1.5,2.05,1.85,2.06,1.85,2.07,1.92,2.01,1.85,8.5,6.0,1.3,8.25,5.75,1.32,7.75,5.5,1.35,8.95,6.12,1.32,7.5,5.8,1.3,8.5,5.5,1.33,9.5,6.5,1.4,8.64,5.87,1.32,1.44,2.75,1.45,2.85,1.5,2.92,1.45,2.78,1.5,2.0,1.93,2.02,1.91,2.04,1.98,1.97,1.9,2023,Football-Data.co.uk,https://www.football-data.co.uk/mmz4281/2324/D1.csv,,,,,,,,,,,,,,,,,,,,,,,,,,,,,,,,,,,,,,,,,,,,,,,,,,,,,,,,
D1,09/12/2023,14:30,Heidenheim,Darmstadt,3,2,H,1.0,0.0,H,16.0,20.0,7.0,7.0,17.0,13.0,8.0,3.0,2.0,2.0,0.0,0.0,2.05,3.5,3.5,2.05,3.6,3.4,2.1,3.6,3.4,2.07,3.73,3.53,2.0,3.6,3.4,2.05,3.6,3.5,2.12,3.8,3.6,2.08,3.66,3.48,1.8,2.0,1.79,2.11,1.84,2.14,1.77,2.07,-0.25,1.75,2.05,1.81,2.11,1.84,2.13,1.79,2.06,1.8,3.8,4.2,1.83,3.7,4.1,1.9,3.65,4.1,1.82,3.96,4.4,1.75,3.8,4.2,1.8,3.9,4.2,2.09,3.96,4.41,1.85,3.81,4.19,1.73,2.1,1.78,2.14,1.93,2.19,1.78,2.06,-0.5,1.75,2.05,1.82,2.11,1.91,2.14,1.83,2.02,2023,Football-Data.co.uk,https://www.football-data.co.uk/mmz4281/2324/D1.csv,,,,,,,,,,,,,,,,,,,,,,,,,,,,,,,,,,,,,,,,,,,,,,,,,,,,,,,,
D1,09/12/2023,14:30,Union Berlin,M'gladbach,3,1,H,1.0,0.0,H,16.0,13.0,6.0,4.0,9.0,8.0,6.0,7.0,1.0,3.0,0.0,0.0,2.1,3.5,3.4,2.1,3.6,3.25,2.15,3.6,3.25,2.18,3.68,3.29,2.1,3.6,3.1,2.15,3.6,3.3,2.23,3.81,3.4,2.15,3.66,3.29,1.73,2.1,1.75,2.16,1.8,2.19,1.74,2.13,-0.25,1.86,2.04,1.91,2.0,1.91,2.06,1.85,1.99,2.05,3.4,3.6,2.05,3.5,3.5,2.2,3.4,3.3,2.09,3.54,3.74,2.05,3.6,3.2,2.05,3.6,3.5,2.23,3.65,3.77,2.1,3.54,3.55,1.93,1.97,1.9,2.0,1.93,2.07,1.86,1.97,-0.25,1.73,2.08,1.8,2.13,1.86,2.17,1.79,2.07,2023,Football-Data.co.uk,https://www.football-data.co.uk/mmz4281/2324/D1.csv,,,,,,,,,,,,,,,,,,,,,,,,,,,,,,,,,,,,,,,,,,,,,,,,,,,,,,,,
D1,09/12/2023,14:30,Werder Bremen,Augsburg,2,0,H,1.0,0.0,H,12.0,11.0,5.0,1.0,13.0,9.0,5.0,2.0,1.0,2.0,0.0,0.0,2.38,3.6,2.8,2.4,3.7,2.7,2.45,3.65,2.75,2.45,3.71,2.81,2.3,3.75,2.62,2.4,3.7,2.75,2.49,3.89,2.89,2.42,3.71,2.77,1.62,2.3,1.65,2.35,1.67,2.42,1.61,2.35,-0.25,2.05,1.75,2.14,1.78,2.14,1.84,2.09,1.77,2.2,3.75,3.0,2.25,3.6,3.0,2.25,3.65,3.05,2.21,3.73,3.25,2.2,3.7,2.88,2.25,3.8,2.9,2.35,3.9,3.25,2.25,3.7,3.06,1.62,2.3,1.65,2.36,1.67,2.44,1.62,2.32,-0.25,1.98,1.95,1.93,1.99,2.03,1.99,1.93,1.91,2023,Football-Data.co.uk,https://www.football-data.co.uk/mmz4281/2324/D1.csv,,,,,,,,,,,,,,,,,,,,,,,,,,,,,,,,,,,,,,,,,,,,,,,,,,,,,,,,
D1,09/12/2023,14:30,Wolfsburg,Freiburg,0,1,A,0.0,0.0,D,10.0,4.0,3.0,1.0,11.0,16.0,5.0,3.0,1.0,4.0,0.0,0.0,2.25,3.5,3.1,2.2,3.6,3.0,2.3,3.6,3.0,2.29,3.78,3.0,2.15,3.6,3.0,2.3,3.6,3.0,2.34,3.87,3.28,2.27,3.68,3.03,1.73,2.1,1.71,2.22,1.75,2.28,1.7,2.18,-0.25,2.02,1.88,2.01,1.89,2.02,1.93,1.96,1.88,2.15,3.6,3.2,2.15,3.5,3.25,2.25,3.55,3.15,2.22,3.54,3.39,2.15,3.6,3.0,2.15,3.6,3.25,2.27,3.68,3.42,2.2,3.55,3.27,1.92,1.98,1.92,1.99,1.94,2.2,1.85,1.99,-0.25,1.92,2.01,1.93,2.0,1.93,2.04,1.89,1.95,2023,Football-Data.co.uk,https://www.football-data.co.uk/mmz4281/2324/D1.csv,,,,,,,,,,,,,,,,,,,,,,,,,,,,,,,,,,,,,,,,,,,,,,,,,,,,,,,,
D1,09/12/2023,17:30,Dortmund,RB Leipzig,2,3,A,1.0,1.0,D,18.0,24.0,6.0,8.0,6.0,11.0,6.0,6.0,1.0,3.0,1.0,0.0,2.6,3.6,2.55,2.5,3.9,2.5,2.6,3.55,2.6,2.59,3.87,2.57,2.4,4.0,2.45,2.55,3.8,2.55,2.65,4.11,2.8,2.55,3.89,2.54,1.44,2.75,1.47,2.78,1.47,2.95,1.43,2.81,0.0,1.95,1.95,1.96,1.94,2.0,1.97,1.94,1.92,2.6,4.0,2.4,2.65,3.75,2.4,2.65,3.75,2.45,2.69,3.9,2.5,2.45,3.8,2.45,2.6,3.9,2.45,2.81,4.08,2.8,2.65,3.83,2.48,1.44,2.75,1.47,2.85,1.48,3.0,1.44,2.79,0.0,2.04,1.89,2.04,1.89,2.07,1.94,2.01,1.86,2023,Football-Data.co.uk,https://www.football-data.co.uk/mmz4281/2324/D1.csv,,,,,,,,,,,,,,,,,,,,,,,,,,,,,,,,,,,,,,,,,,,,,,,,,,,,,,,,
D1,10/12/2023,14:30,Stuttgart,Leverkusen,1,1,D,1.0,0.0,H,22.0,20.0,12.0,6.0,8.0,7.0,8.0,8.0,1.0,1.0,0.0,0.0,2.9,3.6,2.3,2.87,3.8,2.25,2.85,3.7,2.3,2.84,3.82,2.38,2.8,3.8,2.2,2.88,3.8,2.3,3.0,3.97,2.43,2.88,3.78,2.32,1.53,2.5,1.54,2.59,1.57,2.59,1.53,2.49,0.25,1.85,2.05,1.83,2.1,1.9,2.1,1.83,2.01,2.88,3.5,2.38,2.85,3.5,2.35,2.85,3.6,2.35,2.94,3.71,2.39,2.75,3.75,2.25,2.8,3.75,2.38,3.16,3.8,2.47,2.89,3.65,2.37,1.62,2.3,1.64,2.36,1.68,2.51,1.62,2.3,0.25,1.82,2.08,1.85,2.09,1.89,2.12,1.81,2.05,2023,Football-Data.co.uk,https://www.football-data.co.uk/mmz4281/2324/D1.csv,,,,,,,,,,,,,,,,,,,,,,,,,,,,,,,,,,,,,,,,,,,,,,,,,,,,,,,,
D1,10/12/2023,16:30,FC Koln,Mainz,0,0,D,0.0,0.0,D,7.0,13.0,3.0,5.0,10.0,10.0,1.0,7.0,2.0,4.0,0.0,0.0,2.3,3.5,3.0,2.35,3.5,2.9,2.35,3.5,2.95,2.48,3.44,2.95,2.25,3.5,2.88,2.4,3.4,2.9,2.48,3.64,3.2,2.39,3.49,2.97,1.95,1.95,1.94,1.94,1.98,2.02,1.89,1.94,-0.25,2.1,1.8,2.14,1.79,2.14,1.87,2.04,1.8,2.63,3.5,2.6,2.6,3.3,2.7,2.6,3.45,2.65,2.78,3.45,2.65,2.6,3.5,2.5,2.7,3.4,2.6,2.82,3.57,3.1,2.65,3.44,2.67,1.89,2.01,1.89,2.01,1.9,2.05,1.85,1.98,0.0,1.98,1.92,2.01,1.92,2.05,1.95,1.95,1.9,2023,Football-Data.co.uk,https://www.football-data.co.uk/mmz4281/2324/D1.csv,,,,,,,,,,,,,,,,,,,,,,,,,,,,,,,,,,,,,,,,,,,,,,,,,,,,,,,,
D1,15/12/2023,19:30,M'gladbach,Werder Bremen,2,2,D,1.0,1.0,D,15.0,10.0,4.0,5.0,10.0,12.0,4.0,3.0,4.0,2.0,0.0,0.0,2.0,4.0,3.3,2.0,3.8,3.4,2.0,3.9,3.4,2.01,4.02,3.54,1.91,4.0,3.4,2.0,3.9,3.4,2.07,4.16,3.65,2.0,3.96,3.48,1.53,2.5,1.56,2.57,1.56,2.65,1.52,2.54,-0.5,2.04,1.89,2.02,1.91,2.07,1.91,1.99,1.87,2.1,3.8,3.1,2.1,3.75,3.2,2.1,3.8,3.2,2.16,3.91,3.22,2.05,4.0,3.0,2.1,3.9,3.13,2.19,4.1,3.5,2.11,3.89,3.22,1.57,2.38,1.6,2.47,1.6,2.6,1.55,2.47,-0.25,1.89,2.04,1.9,2.02,1.91,2.08,1.84,2.0,2023,Football-Data.co.uk,https://www.football-data.co.uk/mmz4281/2324/D1.csv,,,,,,,,,,,,,,,,,,,,,,,,,,,,,,,,,,,,,,,,,,,,,,,,,,,,,,,,
D1,16/12/2023,14:30,Augsburg,Dortmund,1,1,D,1.0,1.0,D,20.0,24.0,4.0,6.0,13.0,4.0,4.0,7.0,2.0,1.0,0.0,0.0,3.5,4.2,1.91,3.4,4.0,1.93,3.45,4.1,1.95,3.64,4.24,1.91,3.3,4.2,1.91,3.5,4.2,1.9,3.76,4.33,1.98,3.5,4.2,1.93,1.44,2.75,1.46,2.82,1.46,3.0,1.43,2.82,0.5,1.99,1.94,1.99,1.92,1.99,1.96,1.94,1.93,3.0,4.0,2.1,3.0,3.9,2.1,3.05,4.0,2.1,3.15,3.94,2.19,3.0,4.0,2.05,3.0,3.9,2.15,4.5,4.33,2.21,3.16,3.99,2.12,1.5,2.63,1.51,2.68,1.51,2.85,1.47,2.69,0.25,1.99,1.94,1.99,1.93,2.06,1.94,1.98,1.87,2023,Football-Data.co.uk,https://www.football-data.co.uk/mmz4281/2324/D1.csv,,,,,,,,,,,,,,,,,,,,,,,,,,,,,,,,,,,,,,,,,,,,,,,,,,,,,,,,
D1,16/12/2023,14:30,Bochum,Union Berlin,3,0,H,1.0,0.0,H,21.0,10.0,7.0,2.0,12.0,13.0,6.0,4.0,2.0,2.0,0.0,0.0,2.7,3.4,2.6,2.7,3.4,2.55,2.7,3.4,2.6,2.68,3.48,2.68,2.5,3.4,2.6,2.7,3.4,2.63,2.75,3.6,2.71,2.68,3.46,2.64,1.97,1.93,1.96,1.93,2.0,1.97,1.93,1.9,0.0,1.98,1.95,1.95,1.95,1.98,1.98,1.94,1.93,2.55,3.4,2.75,2.6,3.3,2.7,2.65,3.35,2.65,2.62,3.36,2.88,2.5,3.4,2.6,2.6,3.3,2.75,2.77,3.5,2.88,2.61,3.39,2.76,2.0,1.8,2.06,1.85,2.09,1.91,2.01,1.83,0.0,1.87,2.06,1.87,2.06,1.94,2.06,1.89,1.98,2023,Football-Data.co.uk,https://www.football-data.co.uk/mmz4281/2324/D1.csv,,,,,,,,,,,,,,,,,,,,,,,,,,,,,,,,,,,,,,,,,,,,,,,,,,,,,,,,
D1,16/12/2023,14:30,Darmstadt,Wolfsburg,0,1,A,0.0,0.0,D,14.0,11.0,4.0,3.0,16.0,10.0,7.0,7.0,2.0,0.0,0.0,1.0,3.1,3.6,2.2,3.0,3.6,2.2,3.1,3.6,2.25,3.29,3.61,2.21,3.1,3.6,2.1,3.2,3.6,2.2,3.38,3.8,2.27,3.21,3.62,2.21,1.8,2.0,1.79,2.1,1.81,2.2,1.75,2.11,0.25,2.0,1.93,1.98,1.93,2.0,1.94,1.94,1.89,3.8,3.75,1.85,3.7,3.6,1.98,3.75,3.7,1.95,3.97,3.86,1.93,3.6,3.7,1.91,3.75,3.8,1.93,4.09,3.86,2.15,3.79,3.72,1.97,1.8,2.0,1.83,2.07,1.9,2.14,1.79,2.06,0.5,2.01,1.92,1.99,1.93,2.01,2.0,1.91,1.95,2023,Football-Data.co.uk,https://www.football-data.co.uk/mmz4281/2324/D1.csv,,,,,,,,,,,,,,,,,,,,,,,,,,,,,,,,,,,,,,,,,,,,,,,,,,,,,,,,
D1,16/12/2023,14:30,Mainz,Heidenheim,0,1,A,0.0,1.0,A,16.0,5.0,4.0,2.0,9.0,20.0,8.0,1.0,3.0,3.0,0.0,0.0,1.67,4.2,4.75,1.66,4.1,4.6,1.67,4.2,4.7,1.67,4.23,4.93,1.65,4.0,4.5,1.65,4.2,4.8,1.72,4.4,5.1,1.68,4.22,4.77,1.67,2.2,1.67,2.3,1.71,2.34,1.66,2.27,-0.75,1.87,2.06,1.86,2.05,1.88,2.07,1.84,2.01,1.7,4.2,4.5,1.7,4.0,4.6,1.73,3.85,4.6,1.72,4.14,4.82,1.62,4.0,4.75,1.67,4.1,4.75,1.96,4.27,4.99,1.72,4.07,4.66,1.67,2.2,1.68,2.3,1.71,2.36,1.67,2.24,-0.75,1.91,2.02,1.93,2.0,1.93,2.05,1.88,1.97,2023,Football-Data.co.uk,https://www.football-data.co.uk/mmz4281/2324/D1.csv,,,,,,,,,,,,,,,,,,,,,,,,,,,,,,,,,,,,,,,,,,,,,,,,,,,,,,,,
D1,16/12/2023,17:30,RB Leipzig,Hoffenheim,3,1,H,1.0,1.0,D,23.0,10.0,11.0,4.0,11.0,9.0,9.0,2.0,3.0,2.0,0.0,0.0,1.45,5.0,6.0,1.46,5.0,5.75,1.45,5.25,6.0,1.45,5.3,6.22,1.4,5.5,6.0,1.44,5.25,6.0,1.48,5.6,6.8,1.45,5.21,6.14,1.36,3.2,1.38,3.15,1.4,3.22,1.37,3.1,-1.25,1.94,1.99,1.92,1.99,1.97,1.99,1.91,1.94,1.33,5.75,8.0,1.32,5.75,8.0,1.37,5.5,7.0,1.33,6.1,8.64,1.29,5.5,8.5,1.3,6.0,9.0,1.65,6.55,9.2,1.34,5.86,8.1,1.33,3.4,1.36,3.29,1.38,3.45,1.34,3.29,-1.5,1.87,2.06,1.87,2.06,1.95,2.09,1.87,2.0,2023,Football-Data.co.uk,https://www.football-data.co.uk/mmz4281/2324/D1.csv,,,,,,,,,,,,,,,,,,,,,,,,,,,,,,,,,,,,,,,,,,,,,,,,,,,,,,,,
D1,17/12/2023,14:30,Freiburg,FC Koln,2,0,H,0.0,0.0,D,23.0,7.0,7.0,1.0,13.0,10.0,5.0,2.0,1.0,4.0,0.0,1.0,1.8,3.8,4.2,1.85,3.7,4.1,1.83,3.75,4.2,1.82,3.75,4.57,1.8,3.7,4.0,1.83,3.7,4.33,1.87,3.93,4.7,1.83,3.77,4.36,1.91,1.99,1.93,1.96,1.93,2.06,1.87,1.96,-0.5,1.78,2.03,1.82,2.09,1.85,2.11,1.82,2.04,1.85,3.6,4.2,1.87,3.6,4.1,1.9,3.65,4.0,1.92,3.72,4.18,1.8,3.7,4.0,1.91,3.7,3.9,1.95,3.81,4.32,1.9,3.68,4.13,1.95,1.95,1.94,1.96,1.99,1.97,1.91,1.92,-0.5,1.95,1.98,1.93,2.0,1.96,2.01,1.91,1.96,2023,Football-Data.co.uk,https://www.football-data.co.uk/mmz4281/2324/D1.csv,,,,,,,,,,,,,,,,,,,,,,,,,,,,,,,,,,,,,,,,,,,,,,,,,,,,,,,,
D1,17/12/2023,16:30,Leverkusen,Ein Frankfurt,3,0,H,1.0,0.0,H,14.0,4.0,6.0,2.0,4.0,13.0,5.0,5.0,1.0,1.0,0.0,0.0,1.36,5.0,8.5,1.37,5.25,7.5,1.37,5.25,7.5,1.36,5.67,7.93,1.3,5.5,8.0,1.33,5.5,8.5,1.39,6.0,8.5,1.35,5.48,8.06,1.5,2.63,1.48,2.73,1.51,2.8,1.47,2.69,-1.5,1.99,1.94,1.98,1.93,2.0,1.98,1.95,1.91,1.25,6.0,10.0,1.26,6.25,10.5,1.33,5.75,8.25,1.26,6.43,11.03,1.25,6.0,10.0,1.25,6.0,11.5,1.53,6.6,12.0,1.28,6.14,10.53,1.44,2.75,1.46,2.78,1.55,2.93,1.47,2.73,-1.75,1.95,1.98,1.94,1.96,2.04,1.99,1.95,1.9,2023,Football-Data.co.uk,https://www.football-data.co.uk/mmz4281/2324/D1.csv,,,,,,,,,,,,,,,,,,,,,,,,,,,,,,,,,,,,,,,,,,,,,,,,,,,,,,,,
D1,17/12/2023,18:30,Bayern Munich,Stuttgart,3,0,H,1.0,0.0,H,17.0,5.0,8.0,2.0,7.0,8.0,6.0,2.0,0.0,3.0,0.0,0.0,1.45,5.25,5.5,1.44,5.0,6.0,1.47,5.25,5.75,1.44,5.56,6.06,1.4,5.0,6.0,1.44,5.25,6.0,1.51,5.7,6.5,1.46,5.29,6.01,1.36,3.2,1.36,3.26,1.38,3.33,1.35,3.18,-1.25,1.95,1.98,1.93,1.97,1.99,1.98,1.92,1.92,1.57,5.25,4.5,1.53,4.8,5.0,1.55,5.25,4.6,1.56,5.03,5.28,1.5,5.0,5.0,1.53,5.0,5.0,1.58,5.94,8.0,1.52,5.13,5.41,1.33,3.4,1.35,3.37,1.35,3.62,1.33,3.37,-1.25,2.05,1.75,2.12,1.8,2.2,2.1,2.02,1.83,2023,Football-Data.co.uk,https://www.football-data.co.uk/mmz4281/2324/D1.csv,,,,,,,,,,,,,,,,,,,,,,,,,,,,,,,,,,,,,,,,,,,,,,,,,,,,,,,,
D1,19/12/2023,17:30,Werder Bremen,RB Leipzig,1,1,D,0.0,0.0,D,11.0,18.0,3.0,9.0,15.0,9.0,1.0,4.0,4.0,2.0,0.0,0.0,5.0,4.5,1.57,5.25,4.5,1.57,5.0,4.5,1.6,5.13,4.76,1.6,5.0,4.5,1.53,5.0,4.6,1.57,5.3,4.8,1.65,5.06,4.62,1.6,1.44,2.75,1.46,2.84,1.5,2.88,1.45,2.76,1.0,1.95,1.98,1.96,1.96,1.96,2.0,1.91,1.94,5.0,4.5,1.53,5.25,4.6,1.55,5.25,4.7,1.55,5.56,4.71,1.56,5.0,4.5,1.53,5.5,4.6,1.53,5.77,4.9,1.65,5.3,4.68,1.56,1.44,2.75,1.46,2.84,1.47,3.0,1.43,2.85,1.0,2.02,1.91,2.03,1.9,2.14,1.98,1.99,1.87,2023,Football-Data.co.uk,https://www.football-data.co.uk/mmz4281/2324/D1.csv,,,,,,,,,,,,,,,,,,,,,,,,,,,,,,,,,,,,,,,,,,,,,,,,,,,,,,,,
D1,19/12/2023,19:30,Dortmund,Mainz,1,1,D,1.0,1.0,D,21.0,11.0,8.0,6.0,11.0,14.0,6.0,1.0,0.0,4.0,0.0,0.0,1.55,4.75,5.25,1.52,4.75,5.5,1.53,4.7,5.25,1.57,4.84,5.33,1.5,4.75,5.0,1.53,4.75,5.5,1.57,5.0,5.8,1.54,4.84,5.46,1.44,2.75,1.49,2.76,1.5,2.88,1.46,2.74,-1.0,1.9,2.03,1.92,2.01,1.92,2.06,1.85,2.01,1.57,4.75,4.75,1.55,4.6,5.25,1.55,4.7,5.25,1.56,4.63,5.73,1.44,4.8,5.8,1.53,4.75,5.25,1.62,5.0,6.3,1.54,4.74,5.59,1.44,2.75,1.49,2.76,1.5,2.93,1.45,2.77,-1.0,1.98,1.95,1.93,2.0,1.98,2.16,1.85,2.01,2023,Football-Data.co.uk,https://www.football-data.co.uk/mmz4281/2324/D1.csv,,,,,,,,,,,,,,,,,,,,,,,,,,,,,,,,,,,,,,,,,,,,,,,,,,,,,,,,
D1,19/12/2023,19:30,Hoffenheim,Darmstadt,3,3,D,2.0,1.0,H,13.0,14.0,4.0,3.0,9.0,15.0,8.0,3.0,2.0,4.0,0.0,0.0,1.44,5.0,6.5,1.46,4.8,6.25,1.43,5.0,6.5,1.45,5.14,6.78,1.44,4.75,6.0,1.44,5.0,6.5,1.56,5.3,7.1,1.45,4.97,6.55,1.5,2.63,1.49,2.73,1.51,2.75,1.48,2.65,-1.25,1.94,1.99,1.94,1.98,2.01,2.0,1.92,1.92,1.5,4.75,5.75,1.49,4.6,6.0,1.53,4.7,5.5,1.51,4.74,6.42,1.44,4.6,5.8,1.5,4.75,6.0,1.56,4.88,7.0,1.49,4.68,6.1,1.57,2.38,1.61,2.45,1.62,2.6,1.56,2.41,-1.25,2.03,1.78,2.11,1.81,2.14,1.88,2.03,1.8,2023,Football-Data.co.uk,https://www.football-data.co.uk/mmz4281/2324/D1.csv,,,,,,,,,,,,,,,,,,,,,,,,,,,,,,,,,,,,,,,,,,,,,,,,,,,,,,,,
D1,20/12/2023,17:30,Union Berlin,FC Koln,2,0,H,0.0,0.0,D,12.0,15.0,8.0,7.0,10.0,7.0,4.0,5.0,0.0,0.0,0.0,0.0,1.95,3.6,3.8,1.98,3.5,3.8,1.95,3.55,3.9,1.95,3.59,4.09,1.91,3.6,3.75,1.95,3.5,4.0,2.01,3.7,4.25,1.95,3.58,4.02,2.05,1.85,2.04,1.86,2.07,1.88,2.0,1.84,-0.5,1.95,1.95,1.96,1.94,1.96,1.98,1.93,1.92,1.8,3.8,4.2,1.8,3.7,4.33,1.83,3.7,4.3,1.78,3.83,4.8,1.73,3.75,4.33,1.8,3.8,4.33,1.89,3.94,4.8,1.81,3.78,4.46,1.9,2.0,1.91,2.0,1.92,2.03,1.86,1.97,-0.75,2.05,1.88,2.02,1.91,2.09,1.91,2.02,1.83,2023,Football-Data.co.uk,https://www.football-data.co.uk/mmz4281/2324/D1.csv,,,,,,,,,,,,,,,,,,,,,,,,,,,,,,,,,,,,,,,,,,,,,,,,,,,,,,,,
D1,20/12/2023,19:30,Ein Frankfurt,M'gladbach,2,1,H,0.0,1.0,A,15.0,7.0,7.0,2.0,11.0,14.0,8.0,2.0,1.0,6.0,0.0,1.0,1.83,4.0,3.8,1.85,3.9,3.9,1.85,3.95,3.8,1.88,3.98,4.0,1.8,4.0,3.75,1.85,4.0,3.9,1.98,4.1,4.13,1.87,3.97,3.91,1.62,2.3,1.64,2.37,1.67,2.4,1.61,2.34,-0.5,1.87,2.03,1.88,2.03,1.88,2.04,1.85,2.0,1.7,4.2,4.33,1.68,4.0,4.6,1.77,3.95,4.2,1.74,4.21,4.63,1.67,4.0,4.4,1.7,4.2,4.5,1.98,4.33,4.81,1.73,4.13,4.48,1.62,2.3,1.65,2.36,1.67,2.47,1.61,2.34,-0.75,1.93,2.0,1.94,1.98,1.94,2.05,1.89,1.95,2023,Football-Data.co.uk,https://www.football-data.co.uk/mmz4281/2324/D1.csv,,,,,,,,,,,,,,,,,,,,,,,,,,,,,,,,,,,,,,,,,,,,,,,,,,,,,,,,
D1,20/12/2023,19:30,Heidenheim,Freiburg,3,2,H,0.0,1.0,A,14.0,10.0,3.0,4.0,20.0,12.0,7.0,4.0,3.0,4.0,0.0,0.0,2.8,3.6,2.38,2.7,3.6,2.45,2.8,3.6,2.4,2.9,3.58,2.44,2.75,3.6,2.3,2.8,3.6,2.4,2.97,3.74,2.55,2.85,3.59,2.43,1.73,2.1,1.78,2.12,1.81,2.2,1.74,2.12,0.25,1.8,2.1,1.81,2.12,1.81,2.12,1.78,2.06,3.1,3.5,2.25,3.1,3.4,2.25,3.1,3.45,2.3,3.28,3.43,2.32,2.9,3.5,2.25,3.13,3.5,2.25,3.31,3.6,2.55,3.11,3.46,2.32,2.04,1.86,2.03,1.88,2.13,1.96,1.96,1.87,0.25,1.93,2.0,1.93,2.0,1.93,2.09,1.87,1.98,2023,Football-Data.co.uk,https://www.football-data.co.uk/mmz4281/2324/D1.csv,,,,,,,,,,,,,,,,,,,,,,,,,,,,,,,,,,,,,,,,,,,,,,,,,,,,,,,,
D1,20/12/2023,19:30,Leverkusen,Bochum,4,0,H,3.0,0.0,H,15.0,6.0,8.0,1.0,7.0,12.0,4.0,3.0,0.0,2.0,0.0,0.0,1.17,8.0,15.0,1.19,7.75,13.0,1.2,7.5,13.0,1.18,8.42,13.23,1.15,7.5,13.0,1.17,8.0,15.0,1.22,9.2,16.0,1.19,7.95,13.9,1.36,3.2,1.37,3.18,1.41,3.25,1.37,3.11,-2.0,1.86,2.04,1.88,2.02,1.9,2.08,1.85,2.0,1.22,7.0,11.0,1.22,7.0,11.5,1.22,6.75,12.0,1.22,7.42,12.08,1.15,7.5,13.0,1.22,7.0,12.0,1.25,9.08,15.0,1.21,7.28,12.38,1.44,2.75,1.43,2.91,1.5,3.28,1.41,2.93,-1.75,1.85,2.08,1.83,2.08,1.85,2.24,1.77,2.1,2023,Football-Data.co.uk,https://www.football-data.co.uk/mmz4281/2324/D1.csv,,,,,,,,,,,,,,,,,,,,,,,,,,,,,,,,,,,,,,,,,,,,,,,,,,,,,,,,
D1,20/12/2023,19:30,Stuttgart,Augsburg,3,0,H,2.0,0.0,H,17.0,6.0,7.0,5.0,8.0,14.0,4.0,4.0,0.0,4.0,0.0,0.0,1.36,5.25,7.5,1.37,5.25,7.75,1.43,4.9,6.75,1.37,5.46,7.98,1.33,5.5,7.5,1.36,5.25,8.0,1.43,5.7,8.5,1.37,5.34,7.83,1.44,2.75,1.48,2.73,1.5,2.79,1.48,2.67,-1.5,2.03,1.87,2.03,1.88,2.1,1.9,2.01,1.85,1.36,5.25,8.0,1.36,5.25,7.75,1.4,5.25,7.25,1.38,5.45,8.13,1.35,5.0,7.5,1.33,5.5,8.0,1.42,5.7,8.5,1.37,5.35,7.88,1.5,2.63,1.53,2.65,1.54,2.9,1.49,2.65,-1.5,2.02,1.91,2.03,1.89,2.08,1.91,1.99,1.87,2023,Football-Data.co.uk,https://www.football-data.co.uk/mmz4281/2324/D1.csv,,,,,,,,,,,,,,,,,,,,,,,,,,,,,,,,,,,,,,,,,,,,,,,,,,,,,,,,
D1,20/12/2023,19:30,Wolfsburg,Bayern Munich,1,2,A,1.0,2.0,A,5.0,20.0,4.0,7.0,14.0,12.0,0.0,6.0,4.0,2.0,0.0,0.0,6.5,5.75,1.36,7.5,5.5,1.36,7.0,5.25,1.4,7.64,5.7,1.37,7.5,5.8,1.3,7.5,5.5,1.36,8.4,6.1,1.4,7.57,5.63,1.36,1.4,3.0,1.41,3.02,1.43,3.15,1.39,3.01,1.5,1.92,1.98,1.91,1.99,1.97,2.02,1.9,1.96,5.5,5.0,1.5,6.0,4.8,1.46,6.0,4.9,1.47,6.44,5.08,1.47,7.0,5.0,1.36,6.0,5.0,1.45,7.0,5.65,1.5,6.25,5.05,1.46,1.5,2.63,1.51,2.67,1.54,2.82,1.47,2.68,1.25,1.91,2.02,1.89,2.03,1.98,2.05,1.88,1.97,2023,Football-Data.co.uk,https://www.football-data.co.uk/mmz4281/2324/D1.csv,,,,,,,,,,,,,,,,,,,,,,,,,,,,,,,,,,,,,,,,,,,,,,,,,,,,,,,,
D1,12/01/2024,19:30,Bayern Munich,Hoffenheim,3,0,H,1.0,0.0,H,27.0,12.0,12.0,4.0,8.0,6.0,11.0,2.0,1.0,3.0,0.0,1.0,1.14,9.0,12.0,1.15,9.25,14.5,,,,1.15,9.94,16.13,1.11,9.0,15.0,1.13,9.5,17.0,1.17,11.0,17.0,1.15,9.39,15.67,1.22,4.33,,,1.24,4.75,1.21,4.38,-2.5,2.04,1.86,2.03,1.88,2.07,1.92,2.01,1.86,1.11,10.0,19.0,1.11,10.5,21.0,,,,1.13,10.35,19.0,1.08,10.0,19.0,1.1,10.5,22.0,1.15,11.0,23.0,1.12,10.29,18.84,1.2,4.5,,,1.22,5.2,1.19,4.71,-2.5,1.75,2.05,1.82,2.06,2.04,2.14,1.85,2.01,2023,Football-Data.co.uk,https://www.football-data.co.uk/mmz4281/2324/D1.csv,,,,,,,,,,,,,,,,,,,,,,,,,,,,,,,,,,,,,,,,,,,,,,,,,,,,,,,,
D1,13/01/2024,14:30,Augsburg,Leverkusen,0,1,A,0.0,0.0,D,2.0,25.0,0.0,6.0,11.0,4.0,0.0,12.0,3.0,1.0,0.0,0.0,5.25,4.75,1.5,5.75,4.5,1.52,,,,5.74,4.65,1.54,5.5,4.5,1.5,5.75,4.5,1.53,6.0,4.8,1.58,5.67,4.63,1.54,1.53,2.5,1.57,2.5,1.59,2.63,1.54,2.49,1.0,2.02,1.88,2.01,1.89,2.04,1.91,1.99,1.86,5.25,4.75,1.5,6.0,4.6,1.49,,,,5.89,4.8,1.52,5.5,4.5,1.5,5.75,4.75,1.5,6.85,5.21,1.53,5.92,4.77,1.5,1.53,2.5,1.56,2.54,1.57,2.75,1.52,2.55,1.25,1.75,2.05,1.82,2.1,1.94,2.14,1.81,2.04,2023,Football-Data.co.uk,https://www.football-data.co.uk/mmz4281/2324/D1.csv,,,,,,,,,,,,,,,,,,,,,,,,,,,,,,,,,,,,,,,,,,,,,,,,,,,,,,,,
D1,13/01/2024,14:30,FC Koln,Heidenheim,1,1,D,1.0,0.0,H,13.0,10.0,6.0,2.0,12.0,11.0,9.0,6.0,2.0,1.0,0.0,0.0,2.05,3.6,3.4,2.0,3.7,3.4,,,,2.1,3.67,3.51,2.0,3.7,3.25,2.05,3.7,3.4,2.14,3.85,3.58,2.08,3.71,3.45,1.73,2.1,1.78,2.13,1.8,2.21,1.73,2.14,-0.25,1.82,2.08,1.83,2.09,1.84,2.13,1.8,2.06,2.0,3.6,3.75,1.98,3.6,3.6,,,,2.02,3.8,3.7,1.95,3.7,3.4,1.95,3.8,3.6,2.03,3.81,3.8,2.0,3.7,3.66,1.73,2.1,1.78,2.14,1.82,2.16,1.76,2.1,-0.5,2.01,1.92,2.03,1.9,2.03,1.93,2.0,1.88,2023,Football-Data.co.uk,https://www.football-data.co.uk/mmz4281/2324/D1.csv,,,,,,,,,,,,,,,,,,,,,,,,,,,,,,,,,,,,,,,,,,,,,,,,,,,,,,,,
D1,13/01/2024,14:30,Freiburg,Union Berlin,0,0,D,0.0,0.0,D,14.0,8.0,4.0,4.0,7.0,9.0,4.0,3.0,0.0,2.0,0.0,0.0,2.05,3.6,3.5,2.1,3.4,3.4,,,,2.1,3.62,3.54,2.0,3.5,3.4,2.05,3.6,3.5,2.14,3.68,3.66,2.09,3.58,3.52,2.02,1.88,2.02,1.87,2.04,1.9,1.98,1.85,-0.25,1.82,2.08,1.83,2.09,1.84,2.13,1.8,2.05,2.1,3.3,3.75,2.1,3.3,3.5,,,,2.17,3.33,3.74,2.05,3.5,3.3,2.1,3.4,3.6,2.17,3.56,4.05,2.13,3.38,3.64,2.2,1.67,2.23,1.72,2.23,1.86,2.13,1.74,-0.25,1.86,2.07,1.86,2.07,1.89,2.12,1.83,2.03,2023,Football-Data.co.uk,https://www.football-data.co.uk/mmz4281/2324/D1.csv,,,,,,,,,,,,,,,,,,,,,,,,,,,,,,,,,,,,,,,,,,,,,,,,,,,,,,,,
D1,13/01/2024,14:30,Mainz,Wolfsburg,1,1,D,0.0,1.0,A,12.0,9.0,4.0,4.0,21.0,16.0,7.0,3.0,3.0,4.0,0.0,0.0,2.2,3.4,3.25,2.2,3.4,3.2,,,,2.25,3.47,3.33,2.1,3.5,3.2,2.2,3.5,3.25,2.27,3.62,3.41,2.22,3.49,3.3,1.98,1.92,1.94,1.94,1.98,2.0,1.91,1.92,-0.25,1.92,1.98,1.94,1.96,1.95,2.01,1.89,1.94,2.0,3.4,3.8,2.05,3.4,3.7,,,,2.01,3.57,3.99,1.91,3.5,3.7,2.0,3.5,3.8,2.12,3.57,4.0,2.03,3.49,3.82,2.06,1.84,2.05,1.86,2.08,1.94,1.98,1.85,-0.5,2.0,1.93,2.02,1.91,2.09,1.93,2.03,1.85,2023,Football-Data.co.uk,https://www.football-data.co.uk/mmz4281/2324/D1.csv,,,,,,,,,,,,,,,,,,,,,,,,,,,,,,,,,,,,,,,,,,,,,,,,,,,,,,,,
D1,13/01/2024,14:30,RB Leipzig,Ein Frankfurt,0,1,A,0.0,1.0,A,26.0,5.0,7.0,1.0,7.0,16.0,15.0,4.0,0.0,2.0,0.0,0.0,1.45,4.5,7.5,1.44,4.8,6.5,,,,1.45,4.99,6.78,1.36,5.0,7.0,1.4,5.0,7.0,1.48,5.25,7.75,1.44,4.98,6.88,1.5,2.63,1.52,2.63,1.54,2.7,1.51,2.59,-1.25,1.93,1.97,1.95,1.95,1.99,1.98,1.9,1.93,1.4,4.75,7.5,1.41,4.8,7.25,,,,1.42,5.12,7.54,1.36,5.0,7.0,1.4,5.0,7.5,1.44,5.2,8.19,1.41,5.01,7.55,1.57,2.38,1.56,2.54,1.6,2.58,1.55,2.48,-1.25,1.9,2.03,1.9,2.02,1.91,2.06,1.86,1.99,2023,Football-Data.co.uk,https://www.football-data.co.uk/mmz4281/2324/D1.csv,,,,,,,,,,,,,,,,,,,,,,,,,,,,,,,,,,,,,,,,,,,,,,,,,,,,,,,,
D1,13/01/2024,17:30,Darmstadt,Dortmund,0,3,A,0.0,1.0,A,10.0,17.0,2.0,8.0,10.0,13.0,3.0,4.0,1.0,3.0,0.0,0.0,5.25,4.5,1.53,5.25,4.6,1.55,,,,5.5,4.91,1.53,5.0,4.5,1.53,5.5,4.6,1.53,5.7,5.0,1.58,5.44,4.74,1.54,1.44,2.75,1.48,2.75,1.51,2.9,1.45,2.75,1.0,2.0,1.9,2.05,1.86,2.05,1.9,2.0,1.85,4.5,4.33,1.62,4.6,4.4,1.63,,,,4.83,4.44,1.67,4.8,4.5,1.55,4.6,4.6,1.62,5.39,4.7,1.7,4.83,4.45,1.63,1.44,2.75,1.46,2.86,1.51,2.86,1.46,2.75,1.0,1.78,2.03,1.82,2.1,1.99,2.12,1.84,2.03,2023,Football-Data.co.uk,https://www.football-data.co.uk/mmz4281/2324/D1.csv,,,,,,,,,,,,,,,,,,,,,,,,,,,,,,,,,,,,,,,,,,,,,,,,,,,,,,,,
D1,14/01/2024,14:30,Bochum,Werder Bremen,1,1,D,0.0,0.0,D,13.0,15.0,4.0,4.0,14.0,14.0,3.0,4.0,6.0,5.0,0.0,0.0,2.15,3.6,3.1,2.1,3.7,3.2,,,,2.21,3.78,3.16,2.1,3.6,3.1,2.2,3.7,3.1,2.25,3.82,3.3,2.19,3.72,3.15,1.67,2.2,1.66,2.32,1.71,2.36,1.64,2.28,-0.25,1.95,1.95,1.93,1.97,1.96,1.99,1.9,1.94,2.1,3.6,3.25,2.1,3.6,3.25,,,,2.14,3.67,3.46,2.1,3.6,3.1,2.1,3.75,3.25,2.25,3.77,3.46,2.14,3.66,3.3,1.73,2.1,1.7,2.27,1.74,2.34,1.67,2.2,-0.25,1.85,2.08,1.87,2.06,1.91,2.08,1.85,2.0,2023,Football-Data.co.uk,https://www.football-data.co.uk/mmz4281/2324/D1.csv,,,,,,,,,,,,,,,,,,,,,,,,,,,,,,,,,,,,,,,,,,,,,,,,,,,,,,,,
D1,14/01/2024,16:30,M'gladbach,Stuttgart,3,1,H,2.0,0.0,H,8.0,14.0,4.0,2.0,7.0,11.0,0.0,3.0,3.0,3.0,0.0,0.0,3.5,4.0,1.91,3.5,3.9,1.93,,,,3.67,4.14,1.92,3.5,4.0,1.85,3.6,4.0,1.93,3.87,4.2,1.97,3.6,4.05,1.93,1.53,2.5,1.53,2.61,1.54,2.66,1.51,2.58,0.5,1.95,1.95,1.98,1.93,1.99,1.97,1.93,1.93,3.75,3.8,1.91,3.6,3.8,1.93,,,,3.7,4.04,1.96,3.7,3.9,1.83,3.6,4.0,1.93,3.93,4.1,2.01,3.73,3.91,1.93,1.62,2.3,1.65,2.36,1.66,2.45,1.62,2.34,0.5,1.95,1.98,1.95,1.97,2.01,1.98,1.95,1.92,2023,Football-Data.co.uk,https://www.football-data.co.uk/mmz4281/2324/D1.csv,,,,,,,,,,,,,,,,,,,,,,,,,,,,,,,,,,,,,,,,,,,,,,,,,,,,,,,,
D1,20/01/2024,14:30,Bochum,Stuttgart,1,0,H,0.0,0.0,D,6.0,17.0,1.0,4.0,16.0,16.0,1.0,7.0,5.0,3.0,0.0,0.0,3.6,3.8,1.95,3.7,3.75,1.93,,,,3.66,3.9,1.98,3.6,3.9,1.85,3.6,3.8,1.95,3.84,4.0,2.02,3.65,3.87,1.97,1.67,2.2,1.69,2.25,1.71,2.32,1.67,2.24,0.5,1.91,1.99,1.92,1.99,1.93,2.0,1.89,1.96,4.2,4.0,1.75,4.1,3.9,1.8,,,,4.47,4.05,1.79,4.2,3.9,1.73,4.2,3.9,1.8,4.47,4.12,1.99,4.23,3.96,1.8,1.67,2.2,1.7,2.26,1.71,2.3,1.66,2.23,0.75,1.89,2.01,1.91,2.02,1.92,2.12,1.84,2.0,2023,Football-Data.co.uk,https://www.football-data.co.uk/mmz4281/2324/D1.csv,,,,,,,,,,,,,,,,,,,,,,,,,,,,,,,,,,,,,,,,,,,,,,,,,,,,,,,,
D1,20/01/2024,14:30,Darmstadt,Ein Frankfurt,2,2,D,0.0,1.0,A,13.0,7.0,3.0,4.0,11.0,7.0,4.0,1.0,1.0,1.0,0.0,0.0,3.8,3.75,1.91,3.7,3.6,1.95,,,,3.91,3.71,1.96,3.6,3.7,1.91,3.8,3.6,1.95,4.03,3.84,2.0,3.82,3.7,1.96,1.89,2.01,1.88,2.02,1.91,2.07,1.84,2.0,0.5,1.92,1.98,1.93,1.97,1.93,2.0,1.89,1.96,3.5,3.5,2.05,3.7,3.4,2.05,,,,3.75,3.53,2.09,3.5,3.7,1.91,3.6,3.5,2.05,3.92,3.7,2.1,3.72,3.51,2.04,2.1,1.73,2.09,1.81,2.15,1.86,2.06,1.78,0.5,1.75,2.05,1.84,2.1,1.85,2.1,1.82,2.05,2023,Football-Data.co.uk,https://www.football-data.co.uk/mmz4281/2324/D1.csv,,,,,,,,,,,,,,,,,,,,,,,,,,,,,,,,,,,,,,,,,,,,,,,,,,,,,,,,
D1,20/01/2024,14:30,FC Koln,Dortmund,0,4,A,0.0,1.0,A,16.0,11.0,5.0,7.0,16.0,7.0,13.0,4.0,2.0,2.0,0.0,0.0,4.5,4.0,1.73,4.2,4.1,1.75,,,,4.27,4.29,1.76,4.2,4.2,1.67,4.33,4.2,1.73,4.5,4.4,1.79,4.32,4.22,1.75,1.53,2.5,1.56,2.52,1.58,2.55,1.54,2.49,0.75,1.95,1.95,1.93,1.97,1.95,1.98,1.91,1.91,3.6,4.0,1.85,3.7,4.0,1.87,,,,3.83,4.18,1.89,3.6,4.2,1.8,3.7,4.0,1.9,4.27,4.2,1.91,3.83,4.1,1.86,1.44,2.75,1.47,2.82,1.54,2.99,1.46,2.72,0.5,2.01,1.89,2.03,1.9,2.1,1.9,2.02,1.85,2023,Football-Data.co.uk,https://www.football-data.co.uk/mmz4281/2324/D1.csv,,,,,,,,,,,,,,,,,,,,,,,,,,,,,,,,,,,,,,,,,,,,,,,,,,,,,,,,
D1,20/01/2024,14:30,Freiburg,Hoffenheim,3,2,H,1.0,0.0,H,16.0,16.0,8.0,4.0,18.0,10.0,2.0,2.0,3.0,3.0,1.0,0.0,2.0,3.8,3.4,2.0,3.75,3.4,,,,2.07,3.83,3.44,1.95,3.8,3.3,2.05,3.75,3.4,2.1,4.0,3.6,2.05,3.84,3.42,1.62,2.3,1.67,2.3,1.7,2.34,1.64,2.29,-0.5,2.06,1.84,2.08,1.84,2.08,1.85,2.04,1.83,1.95,4.0,3.5,2.0,3.75,3.4,,,,2.0,3.92,3.67,1.95,3.75,3.4,2.0,3.9,3.4,2.1,4.07,3.79,2.01,3.83,3.49,1.57,2.38,1.63,2.42,1.69,2.53,1.6,2.35,-0.5,2.0,1.9,2.01,1.92,2.05,1.93,2.01,1.85,2023,Football-Data.co.uk,https://www.football-data.co.uk/mmz4281/2324/D1.csv,,,,,,,,,,,,,,,,,,,,,,,,,,,,,,,,,,,,,,,,,,,,,,,,,,,,,,,,
D1,20/01/2024,14:30,Heidenheim,Wolfsburg,1,1,D,1.0,1.0,D,12.0,12.0,3.0,3.0,11.0,10.0,4.0,2.0,0.0,1.0,0.0,0.0,2.7,3.5,2.55,2.7,3.6,2.45,,,,2.78,3.5,2.58,2.62,3.6,2.38,2.7,3.5,2.55,2.8,3.72,2.64,2.71,3.55,2.56,1.8,2.0,1.79,2.1,1.84,2.15,1.77,2.09,0.0,2.01,1.89,2.03,1.88,2.05,1.9,2.0,1.87,2.8,3.4,2.55,2.75,3.3,2.5,,,,2.94,3.4,2.54,2.6,3.6,2.4,2.8,3.4,2.5,2.94,3.6,2.64,2.81,3.42,2.55,2.02,1.88,2.0,1.91,2.02,1.98,1.93,1.9,0.0,2.08,1.82,2.12,1.83,2.12,1.87,2.05,1.83,2023,Football-Data.co.uk,https://www.football-data.co.uk/mmz4281/2324/D1.csv,,,,,,,,,,,,,,,,,,,,,,,,,,,,,,,,,,,,,,,,,,,,,,,,,,,,,,,,
D1,20/01/2024,17:30,RB Leipzig,Leverkusen,2,3,A,1.0,0.0,H,11.0,18.0,6.0,5.0,11.0,11.0,1.0,9.0,2.0,3.0,0.0,0.0,2.4,3.8,2.7,2.37,3.75,2.7,,,,2.44,3.78,2.79,2.38,3.7,2.62,2.45,3.6,2.75,2.5,3.85,2.83,2.44,3.75,2.74,1.62,2.3,1.62,2.41,1.65,2.45,1.6,2.38,0.0,1.82,2.08,1.83,2.09,1.87,2.09,1.82,2.05,2.4,4.0,2.6,2.45,3.7,2.65,,,,2.5,3.77,2.76,2.38,3.7,2.62,2.45,3.75,2.7,2.62,4.08,2.79,2.47,3.76,2.68,1.53,2.5,1.58,2.52,1.59,2.75,1.54,2.51,0.0,1.84,2.06,1.87,2.06,1.94,2.11,1.85,2.02,2023,Football-Data.co.uk,https://www.football-data.co.uk/mmz4281/2324/D1.csv,,,,,,,,,,,,,,,,,,,,,,,,,,,,,,,,,,,,,,,,,,,,,,,,,,,,,,,,
D1,21/01/2024,14:30,Bayern Munich,Werder Bremen,0,1,A,0.0,0.0,D,21.0,8.0,6.0,3.0,12.0,7.0,10.0,2.0,2.0,1.0,0.0,0.0,1.09,11.0,21.0,1.1,11.0,26.0,,,,1.08,11.78,20.98,1.05,12.0,23.0,1.08,12.0,23.0,1.1,14.0,29.7,1.09,11.9,24.26,1.22,4.33,,,1.24,4.8,1.21,4.34,-2.75,1.93,1.97,1.89,1.93,1.94,2.07,1.88,1.94,1.09,11.0,23.0,1.09,12.0,23.0,,,,1.09,13.0,26.0,1.05,12.0,23.0,1.08,12.0,26.0,1.1,15.0,29.0,1.09,12.35,24.99,1.2,4.5,,,1.23,4.85,1.2,4.51,-2.75,1.91,2.02,1.88,2.02,1.91,2.07,1.85,1.99,2023,Football-Data.co.uk,https://www.football-data.co.uk/mmz4281/2324/D1.csv,,,,,,,,,,,,,,,,,,,,,,,,,,,,,,,,,,,,,,,,,,,,,,,,,,,,,,,,
D1,21/01/2024,16:30,M'gladbach,Augsburg,1,2,A,1.0,0.0,H,18.0,15.0,4.0,7.0,10.0,20.0,5.0,7.0,1.0,2.0,0.0,0.0,1.91,3.8,3.8,1.93,3.8,3.6,,,,1.91,3.98,3.61,1.85,4.0,3.5,1.91,4.0,3.6,1.96,4.2,3.86,1.92,3.97,3.67,1.57,2.38,1.56,2.46,1.57,2.55,1.54,2.46,-0.5,1.95,1.95,1.92,1.93,1.96,1.96,1.92,1.93,1.75,4.0,4.2,1.82,3.9,3.9,,,,1.81,4.14,4.22,1.83,3.9,3.6,1.87,4.0,3.8,1.88,4.14,4.36,1.85,3.99,3.96,1.53,2.5,1.56,2.57,1.61,2.66,1.54,2.5,-0.5,1.75,2.05,1.81,2.11,1.89,2.11,1.84,2.01,2023,Football-Data.co.uk,https://www.football-data.co.uk/mmz4281/2324/D1.csv,,,,,,,,,,,,,,,,,,,,,,,,,,,,,,,,,,,,,,,,,,,,,,,,,,,,,,,,
D1,24/01/2024,19:30,Bayern Munich,Union Berlin,1,0,H,0.0,0.0,D,24.0,4.0,10.0,1.0,5.0,9.0,12.0,1.0,2.0,4.0,0.0,0.0,1.18,7.0,17.0,1.17,7.75,16.5,,,,1.15,8.7,17.25,1.12,8.0,17.0,1.15,8.0,17.0,1.19,9.3,19.0,1.16,8.09,17.3,1.4,3.0,1.4,2.95,1.44,3.02,1.4,2.94,-2.25,2.05,1.75,2.01,1.87,2.05,1.91,2.01,1.81,1.13,8.0,19.0,1.15,9.0,16.5,,,,1.14,9.98,18.01,1.12,8.5,15.0,1.13,9.5,18.0,1.15,11.0,23.0,1.14,9.33,17.73,1.3,3.5,1.31,3.55,1.34,3.73,1.31,3.51,-2.25,1.89,2.04,1.87,2.05,1.98,2.06,1.84,2.0,2023,Football-Data.co.uk,https://www.football-data.co.uk/mmz4281/2324/D1.csv,,,,,,,,,,,,,,,,,,,,,,,,,,,,,,,,,,,,,,,,,,,,,,,,,,,,,,,,
D1,26/01/2024,19:30,Ein Frankfurt,Mainz,1,0,H,0.0,0.0,D,13.0,7.0,4.0,0.0,10.0,12.0,2.0,1.0,2.0,1.0,0.0,0.0,2.15,3.4,3.5,2.1,3.3,3.5,,,,2.17,3.44,3.54,2.0,3.5,3.5,2.1,3.4,3.6,2.2,3.66,3.71,2.14,3.46,3.52,2.05,1.75,2.09,1.8,2.12,1.84,2.04,1.8,-0.25,1.87,2.03,1.88,2.04,1.89,2.08,1.84,2.01,2.2,3.3,3.4,2.2,3.2,3.3,,,,2.25,3.36,3.49,2.2,3.3,3.2,2.15,3.4,3.4,2.28,3.6,4.0,2.21,3.39,3.4,2.15,1.67,2.24,1.72,2.28,1.86,2.11,1.75,-0.25,1.92,1.98,1.93,1.99,1.96,2.25,1.88,1.97,2023,Football-Data.co.uk,https://www.football-data.co.uk/mmz4281/2324/D1.csv,,,,,,,,,,,,,,,,,,,,,,,,,,,,,,,,,,,,,,,,,,,,,,,,,,,,,,,,
D1,27/01/2024,14:30,Augsburg,Bayern Munich,2,3,A,0.0,2.0,A,14.0,13.0,7.0,4.0,12.0,11.0,4.0,5.0,2.0,6.0,0.0,0.0,8.5,5.75,1.3,9.5,5.75,1.3,,,,8.77,5.99,1.31,10.0,6.0,1.22,9.0,6.0,1.3,10.0,6.5,1.34,9.05,6.01,1.31,1.4,3.0,1.42,2.98,1.42,3.25,1.39,3.04,1.75,1.78,2.03,1.84,2.06,1.9,2.11,1.83,2.01,8.0,5.75,1.3,8.0,6.0,1.32,,,,7.96,6.54,1.32,8.5,6.5,1.25,8.5,6.5,1.29,9.12,6.6,1.36,8.28,6.16,1.32,1.3,3.5,1.32,3.5,1.37,3.72,1.32,3.4,1.5,2.03,1.78,2.08,1.81,2.15,1.9,2.05,1.82,2023,Football-Data.co.uk,https://www.football-data.co.uk/mmz4281/2324/D1.csv,,,,,,,,,,,,,,,,,,,,,,,,,,,,,,,,,,,,,,,,,,,,,,,,,,,,,,,,
D1,27/01/2024,14:30,Hoffenheim,Heidenheim,1,1,D,1.0,1.0,D,20.0,15.0,8.0,3.0,11.0,13.0,9.0,5.0,4.0,0.0,0.0,0.0,1.67,4.5,4.33,1.68,4.1,4.6,,,,1.7,4.28,4.64,1.65,4.2,4.4,1.67,4.2,4.6,1.74,4.5,4.8,1.7,4.28,4.55,1.5,2.5,1.52,2.6,1.53,2.62,1.5,2.55,-0.75,1.88,2.02,1.89,2.02,1.9,2.05,1.85,1.99,1.7,4.2,4.5,1.71,4.2,4.33,,,,1.74,4.3,4.51,1.65,4.2,4.4,1.7,4.4,4.4,1.76,4.5,4.87,1.72,4.26,4.46,1.48,2.6,1.51,2.67,1.54,2.82,1.47,2.71,-0.75,1.92,1.98,1.93,1.99,1.97,2.04,1.88,1.97,2023,Football-Data.co.uk,https://www.football-data.co.uk/mmz4281/2324/D1.csv,,,,,,,,,,,,,,,,,,,,,,,,,,,,,,,,,,,,,,,,,,,,,,,,,,,,,,,,
D1,27/01/2024,14:30,Stuttgart,RB Leipzig,5,2,H,2.0,1.0,H,19.0,4.0,11.0,2.0,9.0,11.0,9.0,3.0,1.0,4.0,0.0,0.0,2.63,3.8,2.4,2.65,3.6,2.45,,,,2.75,3.82,2.45,2.6,3.8,2.38,2.7,3.7,2.45,2.79,3.98,2.5,2.71,3.77,2.45,1.57,2.38,1.6,2.46,1.6,2.48,1.57,2.4,0.0,2.05,1.85,2.07,1.85,2.07,1.88,2.03,1.84,2.55,3.75,2.6,2.5,3.6,2.6,,,,2.54,3.79,2.7,2.45,3.7,2.5,2.55,3.7,2.6,2.77,3.83,2.74,2.55,3.71,2.63,1.62,2.3,1.62,2.42,1.65,2.48,1.6,2.37,0.0,1.88,2.02,1.9,2.02,1.94,2.05,1.89,1.98,2023,Football-Data.co.uk,https://www.football-data.co.uk/mmz4281/2324/D1.csv,,,,,,,,,,,,,,,,,,,,,,,,,,,,,,,,,,,,,,,,,,,,,,,,,,,,,,,,
D1,27/01/2024,14:30,Werder Bremen,Freiburg,3,1,H,1.0,1.0,D,14.0,7.0,4.0,4.0,14.0,10.0,5.0,5.0,2.0,1.0,0.0,0.0,2.4,3.5,2.88,2.5,3.5,2.7,,,,2.45,3.52,2.94,2.45,3.5,2.6,2.45,3.5,2.8,2.51,3.72,2.97,2.45,3.55,2.83,1.8,2.0,1.81,2.08,1.84,2.16,1.77,2.06,0.0,1.75,2.05,1.78,2.14,1.85,2.16,1.79,2.09,2.4,3.4,2.9,2.35,3.4,2.9,,,,2.41,3.5,3.07,2.38,3.5,2.7,2.4,3.5,2.88,2.43,3.56,3.16,2.39,3.47,2.97,1.91,1.99,1.88,2.02,1.92,2.07,1.84,2.0,-0.25,2.06,1.84,2.08,1.85,2.08,1.9,2.03,1.82,2023,Football-Data.co.uk,https://www.football-data.co.uk/mmz4281/2324/D1.csv,,,,,,,,,,,,,,,,,,,,,,,,,,,,,,,,,,,,,,,,,,,,,,,,,,,,,,,,
D1,27/01/2024,14:30,Wolfsburg,FC Koln,1,1,D,1.0,1.0,D,12.0,6.0,5.0,2.0,17.0,12.0,6.0,3.0,5.0,3.0,0.0,0.0,1.83,3.75,4.2,1.82,3.7,4.2,,,,1.83,3.83,4.41,1.75,3.9,4.0,1.83,3.8,4.2,1.88,3.95,4.5,1.84,3.79,4.28,1.88,2.02,1.87,2.02,1.91,2.05,1.83,2.02,-0.75,2.03,1.78,2.08,1.84,2.13,1.88,2.05,1.8,1.7,4.0,4.75,1.72,3.8,4.75,,,,1.74,3.92,5.03,1.73,3.75,4.33,1.73,3.9,4.75,1.75,4.07,5.3,1.72,3.95,4.83,1.9,2.0,1.91,2.0,1.99,2.08,1.84,2.01,-0.75,1.95,1.95,1.95,1.97,1.99,2.01,1.91,1.93,2023,Football-Data.co.uk,https://www.football-data.co.uk/mmz4281/2324/D1.csv,,,,,,,,,,,,,,,,,,,,,,,,,,,,,,,,,,,,,,,,,,,,,,,,,,,,,,,,
D1,27/01/2024,17:30,Leverkusen,M'gladbach,0,0,D,0.0,0.0,D,28.0,4.0,8.0,3.0,15.0,6.0,8.0,2.0,3.0,1.0,0.0,0.0,1.29,5.5,10.0,1.28,5.75,10.0,,,,1.27,6.56,9.6,1.25,6.0,9.0,1.25,6.5,10.0,1.31,6.9,11.0,1.28,6.31,9.71,1.4,3.0,1.37,3.15,1.41,3.2,1.38,3.08,-1.75,1.99,1.91,1.95,1.93,2.03,1.96,1.94,1.9,1.22,6.5,12.0,1.22,7.0,11.0,,,,1.22,7.78,10.93,1.2,7.0,11.0,1.22,7.0,11.0,1.26,8.16,13.31,1.22,7.34,11.42,1.29,3.75,1.32,3.5,1.33,3.99,1.29,3.66,-2.0,1.93,1.97,1.91,1.99,2.03,2.06,1.93,1.93,2023,Football-Data.co.uk,https://www.football-data.co.uk/mmz4281/2324/D1.csv,,,,,,,,,,,,,,,,,,,,,,,,,,,,,,,,,,,,,,,,,,,,,,,,,,,,,,,,
D1,28/01/2024,14:30,Union Berlin,Darmstadt,1,0,H,0.0,0.0,D,19.0,15.0,6.0,1.0,13.0,9.0,4.0,3.0,3.0,2.0,0.0,0.0,1.62,3.8,5.75,1.62,4.0,5.25,,,,1.64,3.92,5.85,1.55,4.0,5.5,1.62,4.0,5.5,1.69,4.2,6.0,1.63,4.01,5.58,1.95,1.95,1.95,1.93,1.97,2.0,1.89,1.93,-0.75,1.81,2.09,1.83,2.09,1.86,2.12,1.78,2.06,1.7,3.75,5.0,1.7,3.7,5.0,,,,1.73,3.69,5.5,1.6,3.8,5.0,1.67,3.8,5.25,1.76,3.9,5.5,1.71,3.75,5.18,2.0,1.8,2.08,1.81,2.14,1.92,1.99,1.84,-0.75,1.95,1.98,1.96,1.96,2.01,2.01,1.91,1.93,2023,Football-Data.co.uk,https://www.football-data.co.uk/mmz4281/2324/D1.csv,,,,,,,,,,,,,,,,,,,,,,,,,,,,,,,,,,,,,,,,,,,,,,,,,,,,,,,,
D1,28/01/2024,16:30,Dortmund,Bochum,3,1,H,1.0,1.0,D,15.0,10.0,6.0,4.0,10.0,16.0,8.0,4.0,1.0,3.0,0.0,0.0,1.36,5.5,7.5,1.37,5.25,7.25,,,,1.38,5.7,7.32,1.33,5.5,7.0,1.36,5.5,7.5,1.4,5.9,8.0,1.37,5.56,7.43,1.4,3.0,1.42,2.98,1.43,3.07,1.41,2.92,-1.5,1.98,1.92,1.97,1.93,2.02,1.94,1.97,1.88,1.36,5.5,7.0,1.39,5.5,6.75,,,,1.38,5.83,7.23,1.33,5.5,7.0,1.36,5.75,7.0,1.4,6.0,7.64,1.37,5.62,7.04,1.33,3.4,1.35,3.35,1.35,3.62,1.33,3.33,-1.5,2.05,1.88,2.01,1.88,2.05,1.93,1.97,1.88,2023,Football-Data.co.uk,https://www.football-data.co.uk/mmz4281/2324/D1.csv,,,,,,,,,,,,,,,,,,,,,,,,,,,,,,,,,,,,,,,,,,,,,,,,,,,,,,,,
D1,02/02/2024,19:30,Heidenheim,Dortmund,0,0,D,0.0,0.0,D,11.0,13.0,0.0,5.0,7.0,7.0,4.0,6.0,0.0,2.0,0.0,0.0,3.75,4.5,1.8,3.8,4.1,1.8,,,,3.99,4.34,1.82,4.0,4.2,1.7,3.9,4.2,1.8,4.03,4.5,1.86,3.94,4.32,1.81,1.44,2.75,1.44,2.91,1.46,2.96,1.43,2.85,0.75,1.88,2.05,1.88,2.05,1.9,2.06,1.86,1.99,3.0,4.33,2.0,3.3,4.0,1.98,,,,3.29,4.07,2.09,3.2,4.2,1.91,3.25,4.1,2.0,3.95,4.57,2.09,3.31,4.18,1.99,1.4,3.0,1.43,2.95,1.43,3.12,1.4,2.98,0.5,1.85,2.08,1.83,2.09,1.93,2.09,1.85,2.02,2023,Football-Data.co.uk,https://www.football-data.co.uk/mmz4281/2324/D1.csv,,,,,,,,,,,,,,,,,,,,,,,,,,,,,,,,,,,,,,,,,,,,,,,,,,,,,,,,
D1,03/02/2024,14:30,Bayern Munich,M'gladbach,3,1,H,1.0,1.0,D,21.0,11.0,6.0,4.0,11.0,9.0,6.0,5.0,0.0,1.0,0.0,0.0,1.14,9.5,13.0,1.16,8.75,15.5,,,,1.15,9.2,16.53,1.11,8.5,17.0,1.13,9.0,17.0,1.18,9.8,19.0,1.15,8.9,16.45,1.22,4.33,,,1.26,4.4,1.24,4.07,-2.5,2.07,1.86,2.04,1.85,2.11,1.88,2.04,1.83,1.14,10.0,13.0,1.14,9.5,15.5,,,,1.14,10.09,17.99,1.11,8.5,17.0,1.13,9.0,18.0,1.2,10.6,21.0,1.15,9.27,16.63,1.17,5.0,,,1.22,5.25,1.19,4.79,-2.5,1.92,2.01,1.91,2.0,2.09,2.02,1.93,1.94,2023,Football-Data.co.uk,https://www.football-data.co.uk/mmz4281/2324/D1.csv,,,,,,,,,,,,,,,,,,,,,,,,,,,,,,,,,,,,,,,,,,,,,,,,,,,,,,,,
D1,03/02/2024,14:30,Bochum,Augsburg,1,1,D,1.0,0.0,H,9.0,12.0,4.0,6.0,17.0,14.0,3.0,5.0,3.0,1.0,0.0,0.0,2.15,3.4,3.4,2.15,3.6,3.2,,,,2.21,3.65,3.25,2.1,3.6,3.1,2.2,3.6,3.2,2.31,3.75,3.4,2.18,3.62,3.25,1.8,2.0,1.76,2.14,1.81,2.18,1.74,2.08,-0.25,1.9,2.03,1.93,1.97,1.97,2.03,1.88,1.96,2.38,3.4,3.0,2.3,3.5,2.95,,,,2.45,3.45,3.03,2.25,3.5,2.88,2.3,3.6,3.0,2.45,3.6,3.24,2.35,3.52,3.02,1.73,2.1,1.76,2.16,1.82,2.28,1.72,2.16,-0.25,2.1,1.83,2.12,1.83,2.12,1.89,2.01,1.84,2023,Football-Data.co.uk,https://www.football-data.co.uk/mmz4281/2324/D1.csv,,,,,,,,,,,,,,,,,,,,,,,,,,,,,,,,,,,,,,,,,,,,,,,,,,,,,,,,
D1,03/02/2024,14:30,Darmstadt,Leverkusen,0,2,A,0.0,1.0,A,8.0,18.0,6.0,7.0,14.0,8.0,4.0,3.0,2.0,2.0,0.0,0.0,9.5,6.5,1.25,9.25,6.0,1.3,,,,9.27,6.36,1.28,8.5,6.0,1.25,9.5,6.0,1.29,10.5,6.7,1.33,9.56,6.21,1.29,1.44,2.75,1.46,2.78,1.48,2.88,1.44,2.79,1.75,1.88,2.05,1.87,2.02,1.89,2.06,1.85,2.0,9.5,5.75,1.29,10.0,5.75,1.29,,,,10.84,6.14,1.27,9.5,5.8,1.25,10.0,5.75,1.29,11.02,6.2,1.34,10.21,5.83,1.29,1.57,2.38,1.6,2.45,1.64,2.49,1.6,2.38,1.5,2.03,1.78,2.09,1.83,2.11,1.91,2.03,1.84,2023,Football-Data.co.uk,https://www.football-data.co.uk/mmz4281/2324/D1.csv,,,,,,,,,,,,,,,,,,,,,,,,,,,,,,,,,,,,,,,,,,,,,,,,,,,,,,,,
D1,03/02/2024,14:30,Freiburg,Stuttgart,1,3,A,1.0,2.0,A,7.0,17.0,4.0,9.0,10.0,7.0,1.0,6.0,4.0,2.0,1.0,0.0,3.1,3.6,2.2,3.0,3.7,2.2,,,,3.15,3.79,2.21,3.0,3.6,2.15,3.13,3.6,2.2,3.27,3.85,2.26,3.12,3.71,2.21,1.73,2.1,1.75,2.16,1.8,2.2,1.74,2.13,0.25,2.0,1.93,1.96,1.94,2.0,1.96,1.92,1.9,3.2,3.5,2.2,3.1,3.4,2.25,,,,3.22,3.47,2.33,3.0,3.6,2.15,3.13,3.5,2.25,3.4,3.61,2.33,3.21,3.5,2.25,1.99,1.91,1.99,1.92,2.01,2.04,1.9,1.94,0.25,1.91,2.02,1.91,2.02,1.96,2.03,1.91,1.93,2023,Football-Data.co.uk,https://www.football-data.co.uk/mmz4281/2324/D1.csv,,,,,,,,,,,,,,,,,,,,,,,,,,,,,,,,,,,,,,,,,,,,,,,,,,,,,,,,
D1,03/02/2024,14:30,Mainz,Werder Bremen,0,1,A,0.0,1.0,A,20.0,6.0,5.0,1.0,22.0,16.0,11.0,1.0,4.0,3.0,0.0,0.0,2.1,3.5,3.5,2.05,3.5,3.5,,,,2.12,3.52,3.59,2.0,3.5,3.4,2.1,3.4,3.6,2.15,3.68,3.64,2.1,3.53,3.53,2.0,1.9,1.99,1.9,2.0,1.96,1.95,1.89,-0.25,1.84,2.09,1.84,2.08,1.85,2.12,1.81,2.03,2.05,3.4,3.75,2.0,3.4,3.7,,,,2.07,3.51,3.82,2.0,3.5,3.4,2.05,3.5,3.6,2.13,3.6,4.1,2.05,3.5,3.71,2.05,1.85,2.05,1.86,2.13,1.87,2.01,1.83,-0.5,2.08,1.85,2.08,1.85,2.13,1.85,2.06,1.82,2023,Football-Data.co.uk,https://www.football-data.co.uk/mmz4281/2324/D1.csv,,,,,,,,,,,,,,,,,,,,,,,,,,,,,,,,,,,,,,,,,,,,,,,,,,,,,,,,
D1,03/02/2024,17:30,FC Koln,Ein Frankfurt,2,0,H,0.0,0.0,D,14.0,11.0,4.0,4.0,8.0,13.0,7.0,7.0,1.0,4.0,0.0,2.0,3.25,3.4,2.2,3.2,3.4,2.25,,,,3.31,3.47,2.26,3.0,3.5,2.2,3.2,3.4,2.25,3.4,3.6,2.31,3.23,3.46,2.26,2.01,1.89,2.01,1.88,2.05,1.92,1.97,1.87,0.25,1.98,1.95,1.95,1.95,1.98,1.99,1.91,1.92,2.9,3.2,2.45,2.95,3.2,2.45,,,,3.03,3.24,2.57,2.9,3.4,2.3,2.88,3.3,2.5,3.06,3.4,2.6,2.97,3.28,2.48,2.2,1.67,2.21,1.74,2.25,1.8,2.15,1.72,0.0,2.15,1.79,2.14,1.81,2.17,1.83,2.11,1.78,2023,Football-Data.co.uk,https://www.football-data.co.uk/mmz4281/2324/D1.csv,,,,,,,,,,,,,,,,,,,,,,,,,,,,,,,,,,,,,,,,,,,,,,,,,,,,,,,,
D1,04/02/2024,14:30,Wolfsburg,Hoffenheim,2,2,D,0.0,1.0,A,14.0,17.0,8.0,7.0,12.0,16.0,7.0,2.0,2.0,3.0,0.0,0.0,2.1,3.75,3.2,2.05,3.7,3.3,,,,2.14,3.83,3.28,2.05,3.8,3.1,2.1,3.75,3.25,2.16,4.0,3.37,2.12,3.8,3.24,1.62,2.3,1.63,2.38,1.68,2.43,1.6,2.36,-0.25,1.89,2.04,1.88,2.03,1.9,2.07,1.84,1.99,2.1,3.75,3.2,2.1,3.7,3.2,,,,2.15,3.84,3.3,2.05,3.75,3.1,2.1,3.8,3.2,2.19,3.85,3.39,2.13,3.77,3.24,1.57,2.38,1.61,2.44,1.61,2.53,1.57,2.41,-0.25,1.89,2.04,1.89,2.04,1.92,2.06,1.85,2.0,2023,Football-Data.co.uk,https://www.football-data.co.uk/mmz4281/2324/D1.csv,,,,,,,,,,,,,,,,,,,,,,,,,,,,,,,,,,,,,,,,,,,,,,,,,,,,,,,,
D1,04/02/2024,16:30,RB Leipzig,Union Berlin,2,0,H,1.0,0.0,H,16.0,10.0,6.0,2.0,13.0,11.0,5.0,4.0,1.0,2.0,0.0,1.0,1.4,5.0,7.5,1.38,5.0,7.75,,,,1.4,4.98,7.93,1.36,4.8,7.5,1.4,5.0,7.5,1.44,5.2,8.2,1.4,5.0,7.76,1.62,2.3,1.65,2.32,1.69,2.36,1.63,2.3,-1.25,1.88,2.05,1.89,2.02,1.92,2.05,1.85,1.98,1.36,5.5,8.0,1.35,5.25,8.25,,,,1.35,5.39,9.26,1.3,5.5,8.5,1.33,5.5,8.5,1.43,5.75,9.4,1.35,5.37,8.61,1.57,2.38,1.6,2.47,1.61,2.53,1.56,2.46,-1.5,2.02,1.91,2.0,1.92,2.05,1.97,1.98,1.89,2023,Football-Data.co.uk,https://www.football-data.co.uk/mmz4281/2324/D1.csv,,,,,,,,,,,,,,,,,,,,,,,,,,,,,,,,,,,,,,,,,,,,,,,,,,,,,,,,
D1,07/02/2024,17:30,Mainz,Union Berlin,1,1,D,1.0,1.0,D,16.0,15.0,7.0,4.0,14.0,15.0,8.0,3.0,2.0,4.0,0.0,0.0,2.15,3.3,3.5,2.1,3.3,3.5,,,,2.22,3.29,3.58,2.05,3.4,3.4,2.15,3.25,3.6,2.24,3.47,3.7,2.18,3.31,3.56,2.2,1.67,2.31,1.67,2.35,1.72,2.24,1.67,-0.25,1.89,2.04,1.91,2.0,1.91,2.09,1.86,1.99,2.0,3.4,3.8,2.05,3.25,3.7,,,,2.09,3.32,4.02,2.05,3.3,3.5,2.05,3.3,3.8,2.1,3.49,4.26,2.07,3.32,3.89,2.2,1.67,2.3,1.68,2.48,1.74,2.26,1.66,-0.5,2.09,1.84,2.1,1.84,2.1,1.85,2.06,1.82,2023,Football-Data.co.uk,https://www.football-data.co.uk/mmz4281/2324/D1.csv,,,,,,,,,,,,,,,,,,,,,,,,,,,,,,,,,,,,,,,,,,,,,,,,,,,,,,,,
D1,09/02/2024,19:30,Dortmund,Freiburg,3,0,H,2.0,0.0,H,17.0,6.0,8.0,3.0,13.0,7.0,5.0,3.0,2.0,0.0,0.0,0.0,1.45,4.75,6.5,1.46,4.8,6.25,,,,1.47,5.13,6.36,1.4,4.8,6.5,1.44,5.0,6.5,1.53,5.2,6.9,1.46,4.95,6.37,1.44,2.75,1.45,2.88,1.47,2.96,1.44,2.82,-1.25,1.95,1.98,1.96,1.96,2.02,2.0,1.93,1.91,1.45,5.0,5.5,1.46,5.0,6.0,,,,1.47,5.07,6.44,1.4,5.0,6.0,1.45,5.25,6.0,1.5,5.3,7.0,1.46,5.05,6.16,1.44,2.75,1.44,2.91,1.46,2.95,1.43,2.87,-1.25,2.04,1.89,1.99,1.93,2.05,1.94,1.95,1.89,2023,Football-Data.co.uk,https://www.football-data.co.uk/mmz4281/2324/D1.csv,,,,,,,,,,,,,,,,,,,,,,,,,,,,,,,,,,,,,,,,,,,,,,,,,,,,,,,,
D1,10/02/2024,14:30,Augsburg,RB Leipzig,2,2,D,1.0,1.0,D,11.0,9.0,4.0,6.0,15.0,10.0,1.0,3.0,5.0,1.0,0.0,0.0,4.0,4.2,1.75,4.1,4.2,1.75,,,,4.19,4.26,1.78,4.2,4.2,1.67,4.2,4.2,1.75,4.4,4.4,1.8,4.21,4.23,1.76,1.53,2.5,1.55,2.57,1.56,2.65,1.52,2.56,0.75,1.93,2.0,1.91,2.0,1.96,2.0,1.9,1.93,4.2,4.2,1.7,4.4,4.2,1.68,,,,4.42,4.45,1.74,4.2,4.2,1.67,4.4,4.4,1.67,4.6,4.52,1.74,4.43,4.33,1.7,1.44,2.75,1.51,2.68,1.52,2.89,1.47,2.7,0.75,2.01,1.92,2.02,1.93,2.04,1.94,1.99,1.87,2023,Football-Data.co.uk,https://www.football-data.co.uk/mmz4281/2324/D1.csv,,,,,,,,,,,,,,,,,,,,,,,,,,,,,,,,,,,,,,,,,,,,,,,,,,,,,,,,
D1,10/02/2024,14:30,Ein Frankfurt,Bochum,1,1,D,1.0,1.0,D,8.0,14.0,2.0,5.0,6.0,12.0,8.0,3.0,2.0,2.0,0.0,0.0,1.73,3.8,4.75,1.75,3.8,4.5,,,,1.76,3.82,4.86,1.7,3.8,4.4,1.73,3.8,4.75,1.8,4.05,5.0,1.76,3.85,4.67,1.89,2.01,1.88,2.0,1.92,2.03,1.86,1.97,-0.75,2.0,1.9,1.99,1.92,2.02,1.97,1.95,1.89,1.75,3.75,4.5,1.75,3.8,4.5,,,,1.81,3.84,4.63,1.73,3.75,4.33,1.75,3.8,4.6,1.82,3.95,5.4,1.77,3.81,4.58,1.84,2.06,1.82,2.07,1.9,2.09,1.82,2.0,-0.75,2.06,1.87,2.05,1.88,2.07,2.02,1.98,1.87,2023,Football-Data.co.uk,https://www.football-data.co.uk/mmz4281/2324/D1.csv,,,,,,,,,,,,,,,,,,,,,,,,,,,,,,,,,,,,,,,,,,,,,,,,,,,,,,,,
D1,10/02/2024,14:30,M'gladbach,Darmstadt,0,0,D,0.0,0.0,D,22.0,10.0,8.0,1.0,11.0,15.0,7.0,2.0,0.0,5.0,0.0,0.0,1.6,4.5,5.0,1.6,4.2,5.25,,,,1.61,4.33,5.44,1.55,4.2,5.5,1.57,4.4,5.5,1.64,4.5,5.6,1.6,4.32,5.37,1.67,2.2,1.7,2.23,1.73,2.29,1.68,2.23,-1.0,2.05,1.88,2.02,1.89,2.06,1.92,2.0,1.86,1.67,4.33,4.75,1.63,4.0,5.0,,,,1.65,4.13,5.48,1.62,3.9,5.0,1.65,4.1,5.0,1.73,4.38,5.48,1.66,4.12,5.1,1.73,2.1,1.78,2.14,1.82,2.17,1.76,2.1,-0.75,1.82,2.11,1.83,2.11,1.87,2.13,1.82,2.04,2023,Football-Data.co.uk,https://www.football-data.co.uk/mmz4281/2324/D1.csv,,,,,,,,,,,,,,,,,,,,,,,,,,,,,,,,,,,,,,,,,,,,,,,,,,,,,,,,
D1,10/02/2024,14:30,Union Berlin,Wolfsburg,1,0,H,1.0,0.0,H,7.0,15.0,2.0,5.0,12.0,9.0,6.0,10.0,1.0,2.0,0.0,0.0,2.25,3.4,3.2,2.2,3.4,3.2,,,,2.35,3.37,3.22,2.2,3.4,3.1,2.3,3.3,3.2,2.37,3.47,3.29,2.3,3.37,3.21,2.1,1.73,2.15,1.76,2.18,1.8,2.09,1.77,-0.25,2.01,1.92,2.02,1.88,2.02,1.94,1.97,1.88,2.25,3.3,3.25,2.3,3.25,3.1,,,,2.33,3.32,3.36,2.15,3.4,3.2,2.3,3.3,3.2,2.4,3.4,3.36,2.34,3.31,3.21,2.1,1.73,2.2,1.74,2.2,1.78,2.14,1.73,-0.25,1.99,1.94,2.0,1.93,2.04,1.95,1.98,1.87,2023,Football-Data.co.uk,https://www.football-data.co.uk/mmz4281/2324/D1.csv,,,,,,,,,,,,,,,,,,,,,,,,,,,,,,,,,,,,,,,,,,,,,,,,,,,,,,,,
D1,10/02/2024,14:30,Werder Bremen,Heidenheim,1,2,A,1.0,2.0,A,14.0,10.0,3.0,3.0,10.0,13.0,5.0,10.0,1.0,2.0,0.0,0.0,1.8,3.8,4.33,1.82,3.8,4.0,,,,1.86,3.79,4.25,1.75,3.9,4.0,1.85,3.8,4.1,1.9,4.03,4.33,1.85,3.81,4.17,1.73,2.1,1.76,2.15,1.79,2.19,1.74,2.13,-0.5,1.88,2.05,1.87,2.04,1.88,2.05,1.85,2.02,1.83,3.8,4.2,1.83,3.7,4.1,,,,1.86,3.79,4.39,1.8,3.8,3.9,1.83,3.8,4.2,1.88,3.89,4.54,1.84,3.79,4.27,1.8,2.0,1.82,2.09,1.9,2.17,1.79,2.06,-0.5,1.85,2.08,1.87,2.07,1.88,2.11,1.84,2.04,2023,Football-Data.co.uk,https://www.football-data.co.uk/mmz4281/2324/D1.csv,,,,,,,,,,,,,,,,,,,,,,,,,,,,,,,,,,,,,,,,,,,,,,,,,,,,,,,,
D1,10/02/2024,17:30,Leverkusen,Bayern Munich,3,0,H,1.0,0.0,H,14.0,8.0,8.0,1.0,13.0,13.0,4.0,6.0,3.0,2.0,0.0,0.0,2.63,3.8,2.4,2.6,3.8,2.45,,,,2.68,3.9,2.47,2.5,3.9,2.38,2.63,3.8,2.45,2.73,4.01,2.53,2.63,3.84,2.48,1.5,2.63,1.49,2.71,1.51,2.75,1.48,2.66,0.0,2.06,1.87,2.04,1.88,2.06,1.9,2.01,1.87,2.3,3.5,2.88,2.35,3.5,2.9,,,,2.39,3.53,3.07,2.38,3.6,2.62,2.4,3.6,2.8,2.55,3.73,3.07,2.39,3.54,2.88,1.8,2.0,1.82,2.08,1.83,2.48,1.75,2.1,-0.25,2.08,1.85,2.07,1.86,2.13,1.86,2.04,1.81,2023,Football-Data.co.uk,https://www.football-data.co.uk/mmz4281/2324/D1.csv,,,,,,,,,,,,,,,,,,,,,,,,,,,,,,,,,,,,,,,,,,,,,,,,,,,,,,,,
D1,11/02/2024,14:30,Stuttgart,Mainz,3,1,H,2.0,0.0,H,10.0,16.0,7.0,6.0,7.0,9.0,4.0,5.0,1.0,1.0,0.0,0.0,1.44,4.5,7.5,1.43,4.75,7.0,,,,1.44,4.77,7.45,1.4,4.75,6.5,1.44,4.75,7.0,1.48,4.88,7.7,1.44,4.7,7.27,1.73,2.1,1.74,2.17,1.77,2.23,1.71,2.16,-1.25,2.0,1.93,1.99,1.92,2.02,1.94,1.95,1.87,1.5,4.5,7.0,1.47,4.5,6.5,,,,1.47,4.66,7.2,1.4,4.5,7.0,1.45,4.6,7.0,1.57,4.75,7.26,1.48,4.54,6.85,1.73,2.1,1.71,2.24,1.78,2.25,1.73,2.15,-1.25,2.08,1.85,2.08,1.85,2.11,1.88,2.04,1.81,2023,Football-Data.co.uk,https://www.football-data.co.uk/mmz4281/2324/D1.csv,,,,,,,,,,,,,,,,,,,,,,,,,,,,,,,,,,,,,,,,,,,,,,,,,,,,,,,,
D1,11/02/2024,16:30,Hoffenheim,FC Koln,1,1,D,0.0,0.0,D,10.0,5.0,4.0,1.0,12.0,13.0,10.0,3.0,3.0,4.0,0.0,0.0,1.8,3.8,4.33,1.78,4.0,4.1,,,,1.86,3.9,4.12,1.73,4.0,4.0,1.83,3.9,4.1,1.88,4.16,4.33,1.83,3.96,4.08,1.62,2.3,1.63,2.39,1.66,2.45,1.6,2.36,-0.75,2.09,1.84,2.1,1.81,2.1,1.88,2.01,1.82,1.73,3.8,4.75,1.75,3.9,4.33,,,,1.75,4.05,4.74,1.7,4.0,4.2,1.73,4.0,4.5,1.77,4.25,5.0,1.74,4.0,4.6,1.67,2.2,1.66,2.34,1.67,2.56,1.63,2.32,-0.75,1.99,1.94,1.96,1.96,1.99,2.02,1.92,1.93,2023,Football-Data.co.uk,https://www.football-data.co.uk/mmz4281/2324/D1.csv,,,,,,,,,,,,,,,,,,,,,,,,,,,,,,,,,,,,,,,,,,,,,,,,,,,,,,,,
D1,16/02/2024,19:30,FC Koln,Werder Bremen,0,1,A,0.0,0.0,D,10.0,13.0,2.0,4.0,16.0,11.0,5.0,3.0,4.0,4.0,0.0,0.0,2.4,3.4,2.88,2.45,3.3,2.8,,,,2.57,3.38,2.92,2.45,3.4,2.7,2.45,3.4,2.88,2.57,3.58,2.94,2.5,3.4,2.88,2.04,1.86,2.03,1.88,2.07,1.93,1.98,1.86,0.0,1.8,2.1,1.84,2.1,1.85,2.14,1.81,2.08,2.38,3.3,3.0,2.37,3.3,3.0,,,,2.47,3.37,3.07,2.4,3.4,2.75,2.4,3.3,3.0,2.49,3.41,3.1,2.44,3.35,3.0,2.08,1.82,2.09,1.83,2.11,1.88,2.03,1.81,-0.25,2.09,1.81,2.12,1.83,2.13,1.85,2.07,1.79,2023,Football-Data.co.uk,https://www.football-data.co.uk/mmz4281/2324/D1.csv,,,,,,,,,,,,,,,,,,,,,,,,,,,,,,,,,,,,,,,,,,,,,,,,,,,,,,,,
D1,17/02/2024,14:30,Darmstadt,Stuttgart,1,2,A,0.0,1.0,A,21.0,13.0,9.0,4.0,15.0,14.0,5.0,3.0,4.0,5.0,0.0,1.0,6.5,4.75,1.44,6.5,4.5,1.47,,,,6.88,4.89,1.45,7.0,4.6,1.4,7.0,4.75,1.44,7.2,5.0,1.48,6.89,4.77,1.45,1.67,2.2,1.68,2.28,1.72,2.35,1.66,2.27,1.25,1.9,2.0,1.91,1.99,1.93,2.02,1.87,1.97,6.0,4.75,1.5,6.75,4.6,1.44,,,,6.17,4.73,1.52,6.0,4.6,1.44,7.0,4.75,1.44,7.54,5.14,1.52,6.73,4.84,1.45,1.67,2.2,1.69,2.27,1.69,2.44,1.63,2.31,1.25,1.75,2.05,1.79,2.14,1.93,2.14,1.86,1.98,2023,Football-Data.co.uk,https://www.football-data.co.uk/mmz4281/2324/D1.csv,,,,,,,,,,,,,,,,,,,,,,,,,,,,,,,,,,,,,,,,,,,,,,,,,,,,,,,,
D1,17/02/2024,14:30,Heidenheim,Leverkusen,1,2,A,0.0,1.0,A,6.0,17.0,3.0,4.0,15.0,5.0,4.0,5.0,2.0,1.0,0.0,0.0,8.0,5.75,1.33,7.75,5.25,1.36,,,,8.03,5.8,1.35,8.0,5.5,1.3,8.5,5.5,1.33,9.0,5.9,1.39,8.33,5.58,1.35,1.5,2.63,1.54,2.59,1.56,2.65,1.52,2.56,1.5,1.95,1.95,1.93,1.97,1.98,1.99,1.91,1.95,6.5,5.25,1.4,7.5,5.0,1.38,,,,7.47,5.3,1.41,7.5,5.5,1.33,8.0,5.25,1.36,8.0,5.7,1.41,7.61,5.26,1.39,1.57,2.38,1.6,2.48,1.6,2.6,1.55,2.48,1.25,2.01,1.89,2.02,1.9,2.1,1.92,2.02,1.83,2023,Football-Data.co.uk,https://www.football-data.co.uk/mmz4281/2324/D1.csv,,,,,,,,,,,,,,,,,,,,,,,,,,,,,,,,,,,,,,,,,,,,,,,,,,,,,,,,
D1,17/02/2024,14:30,Hoffenheim,Union Berlin,0,1,A,0.0,0.0,D,16.0,10.0,4.0,3.0,10.0,7.0,6.0,2.0,3.0,4.0,1.0,1.0,2.0,3.6,3.6,1.98,3.7,3.5,,,,2.06,3.71,3.58,2.0,3.7,3.3,2.05,3.6,3.5,2.09,3.84,3.7,2.04,3.7,3.54,1.73,2.1,1.8,2.09,1.82,2.14,1.78,2.08,-0.5,2.04,1.86,2.07,1.85,2.07,1.88,2.03,1.83,1.85,3.6,4.0,1.9,3.6,3.9,,,,1.95,3.77,3.99,1.91,3.7,3.5,1.91,3.7,3.9,1.96,3.78,4.13,1.92,3.71,3.95,1.73,2.1,1.81,2.1,1.9,2.13,1.79,2.06,-0.5,1.95,1.95,1.96,1.96,1.98,2.0,1.92,1.94,2023,Football-Data.co.uk,https://www.football-data.co.uk/mmz4281/2324/D1.csv,,,,,,,,,,,,,,,,,,,,,,,,,,,,,,,,,,,,,,,,,,,,,,,,,,,,,,,,
D1,17/02/2024,14:30,Mainz,Augsburg,1,0,H,1.0,0.0,H,19.0,10.0,4.0,4.0,8.0,16.0,7.0,7.0,3.0,2.0,0.0,1.0,2.0,3.5,3.8,2.0,3.6,3.5,,,,2.03,3.66,3.72,2.0,3.6,3.4,2.0,3.6,3.7,2.08,3.74,3.83,2.02,3.61,3.68,1.98,1.92,1.96,1.93,1.98,1.96,1.95,1.89,-0.5,2.04,1.86,2.04,1.87,2.05,1.88,2.02,1.84,1.91,3.6,4.0,1.95,3.5,3.8,,,,2.0,3.65,3.9,2.0,3.5,3.5,1.95,3.6,3.8,2.01,3.77,4.1,1.96,3.62,3.87,1.92,1.98,1.92,1.99,1.99,2.04,1.89,1.94,-0.5,1.99,1.91,2.01,1.91,2.03,1.95,1.97,1.9,2023,Football-Data.co.uk,https://www.football-data.co.uk/mmz4281/2324/D1.csv,,,,,,,,,,,,,,,,,,,,,,,,,,,,,,,,,,,,,,,,,,,,,,,,,,,,,,,,
D1,17/02/2024,14:30,Wolfsburg,Dortmund,1,1,D,0.0,1.0,A,9.0,12.0,4.0,5.0,18.0,5.0,5.0,3.0,3.0,1.0,0.0,0.0,3.2,3.8,2.1,3.0,3.75,2.15,,,,3.32,3.79,2.13,3.0,3.8,2.1,3.2,3.8,2.1,3.39,4.0,2.19,3.22,3.82,2.13,1.57,2.38,1.61,2.42,1.64,2.55,1.58,2.42,0.25,2.04,1.86,2.04,1.87,2.05,1.89,2.0,1.84,3.3,4.0,2.05,3.2,3.75,2.1,,,,3.24,3.91,2.16,3.0,3.75,2.1,3.2,3.8,2.1,3.53,4.04,2.16,3.29,3.83,2.09,1.53,2.5,1.57,2.55,1.6,2.63,1.55,2.47,0.25,2.02,1.88,2.03,1.9,2.09,1.9,2.02,1.83,2023,Football-Data.co.uk,https://www.football-data.co.uk/mmz4281/2324/D1.csv,,,,,,,,,,,,,,,,,,,,,,,,,,,,,,,,,,,,,,,,,,,,,,,,,,,,,,,,
D1,17/02/2024,17:30,RB Leipzig,M'gladbach,2,0,H,1.0,0.0,H,16.0,13.0,9.0,0.0,12.0,13.0,8.0,4.0,1.0,5.0,0.0,0.0,1.36,5.5,7.0,1.38,5.5,7.0,,,,1.38,5.63,7.27,1.33,5.5,7.0,1.36,5.5,7.5,1.42,5.8,7.5,1.38,5.55,7.2,1.36,3.2,1.41,3.03,1.42,3.2,1.38,3.07,-1.5,2.01,1.89,2.0,1.91,2.03,1.93,1.98,1.88,1.3,5.75,8.5,1.32,5.75,8.5,,,,1.32,6.02,9.1,1.3,5.5,8.0,1.3,6.0,8.5,1.37,6.02,9.5,1.32,5.73,8.56,1.4,3.0,1.43,2.95,1.45,3.15,1.4,2.97,-1.5,1.85,2.05,1.88,2.05,1.94,2.11,1.88,1.98,2023,Football-Data.co.uk,https://www.football-data.co.uk/mmz4281/2324/D1.csv,,,,,,,,,,,,,,,,,,,,,,,,,,,,,,,,,,,,,,,,,,,,,,,,,,,,,,,,
D1,18/02/2024,14:30,Freiburg,Ein Frankfurt,3,3,D,2.0,2.0,D,13.0,10.0,8.0,6.0,8.0,10.0,6.0,1.0,0.0,0.0,0.0,0.0,2.3,3.4,3.1,2.3,3.4,3.0,,,,2.33,3.38,3.24,2.3,3.4,2.9,2.3,3.4,3.13,2.38,3.56,3.25,2.32,3.4,3.13,2.06,1.84,2.05,1.85,2.07,1.88,2.0,1.83,-0.25,2.02,1.88,2.01,1.9,2.05,1.93,1.98,1.85,2.45,3.4,2.9,2.45,3.3,2.87,,,,2.52,3.41,2.97,2.38,3.4,2.8,2.5,3.3,2.9,2.56,3.46,3.03,2.48,3.37,2.91,2.01,1.89,2.0,1.91,2.06,1.97,1.98,1.86,-0.25,2.14,1.8,2.16,1.78,2.19,1.81,2.12,1.76,2023,Football-Data.co.uk,https://www.football-data.co.uk/mmz4281/2324/D1.csv,,,,,,,,,,,,,,,,,,,,,,,,,,,,,,,,,,,,,,,,,,,,,,,,,,,,,,,,
D1,18/02/2024,16:30,Bochum,Bayern Munich,3,2,H,2.0,1.0,H,14.0,26.0,5.0,10.0,12.0,10.0,4.0,9.0,2.0,4.0,0.0,1.0,8.0,5.75,1.33,8.5,5.75,1.32,,,,8.13,5.93,1.34,8.0,5.5,1.3,8.5,5.75,1.3,9.0,6.2,1.36,8.25,5.75,1.33,1.4,3.0,1.44,2.9,1.45,3.1,1.41,2.92,1.5,1.99,1.91,2.0,1.91,2.02,1.93,1.96,1.89,6.5,5.75,1.4,6.75,5.25,1.4,,,,7.65,5.72,1.38,7.5,5.5,1.33,7.0,5.25,1.4,7.65,5.81,1.42,7.17,5.5,1.38,1.4,3.0,1.42,3.01,1.47,3.1,1.42,2.91,1.5,1.86,2.07,1.87,2.06,1.9,2.12,1.85,2.02,2023,Football-Data.co.uk,https://www.football-data.co.uk/mmz4281/2324/D1.csv,,,,,,,,,,,,,,,,,,,,,,,,,,,,,,,,,,,,,,,,,,,,,,,,,,,,,,,,
D1,23/02/2024,19:30,Leverkusen,Mainz,2,1,H,1.0,1.0,D,18.0,13.0,7.0,4.0,14.0,16.0,11.0,2.0,3.0,5.0,0.0,1.0,1.22,6.5,13.0,1.27,5.75,10.5,,,,1.26,6.53,12.14,1.18,6.5,13.0,1.25,6.0,12.0,1.3,6.7,13.0,1.26,6.22,11.85,1.57,2.38,1.59,2.48,1.64,2.49,1.58,2.42,-1.75,2.03,1.87,2.06,1.88,2.06,1.93,1.99,1.86,1.29,6.0,9.0,1.32,5.75,8.25,,,,1.3,5.99,10.49,1.29,5.5,9.5,1.3,5.75,9.5,1.37,6.2,13.0,1.3,5.78,9.88,1.57,2.38,1.58,2.5,1.61,2.5,1.56,2.43,-1.5,1.97,1.93,1.98,1.94,2.0,2.1,1.89,1.97,2023,Football-Data.co.uk,https://www.football-data.co.uk/mmz4281/2324/D1.csv,,,,,,,,,,,,,,,,,,,,,,,,,,,,,,,,,,,,,,,,,,,,,,,,,,,,,,,,
D1,24/02/2024,14:30,M'gladbach,Bochum,5,2,H,2.0,0.0,H,22.0,15.0,6.0,5.0,13.0,13.0,5.0,6.0,2.0,4.0,0.0,0.0,2.0,3.8,3.5,1.95,3.75,3.5,,,,2.02,3.77,3.65,1.91,3.8,3.5,2.0,3.8,3.5,2.05,4.04,3.7,2.01,3.83,3.52,1.62,2.3,1.67,2.3,1.69,2.38,1.63,2.31,-0.5,2.04,1.86,2.03,1.88,2.06,1.88,2.02,1.85,2.1,3.8,3.3,2.2,3.6,3.1,,,,2.12,3.63,3.56,2.05,3.7,3.2,2.15,3.75,3.13,2.2,3.84,3.56,2.12,3.7,3.3,1.62,2.3,1.67,2.32,1.7,2.37,1.63,2.28,-0.25,1.84,2.06,1.85,2.09,1.89,2.11,1.82,2.02,2023,Football-Data.co.uk,https://www.football-data.co.uk/mmz4281/2324/D1.csv,,,,,,,,,,,,,,,,,,,,,,,,,,,,,,,,,,,,,,,,,,,,,,,,,,,,,,,,
D1,24/02/2024,14:30,Stuttgart,FC Koln,1,1,D,0.0,0.0,D,13.0,12.0,5.0,6.0,11.0,13.0,9.0,4.0,1.0,0.0,0.0,0.0,1.3,5.25,10.0,1.31,5.5,9.25,,,,1.32,5.75,9.52,1.29,5.5,9.0,1.3,5.75,9.5,1.35,6.0,10.0,1.32,5.63,9.5,1.53,2.5,1.56,2.52,1.58,2.63,1.54,2.49,-1.5,1.91,1.99,1.92,1.99,1.95,2.0,1.9,1.96,1.33,5.5,8.5,1.33,5.5,8.75,,,,1.33,5.66,9.72,1.33,5.0,8.0,1.33,5.25,9.0,1.36,5.7,10.0,1.34,5.45,9.04,1.57,2.38,1.61,2.43,1.62,2.49,1.59,2.39,-1.5,1.95,1.95,1.97,1.95,2.0,1.98,1.95,1.91,2023,Football-Data.co.uk,https://www.football-data.co.uk/mmz4281/2324/D1.csv,,,,,,,,,,,,,,,,,,,,,,,,,,,,,,,,,,,,,,,,,,,,,,,,,,,,,,,,
D1,24/02/2024,14:30,Union Berlin,Heidenheim,2,2,D,2.0,1.0,H,12.0,9.0,3.0,4.0,9.0,12.0,4.0,2.0,2.0,1.0,0.0,0.0,2.0,3.5,3.75,1.98,3.5,3.8,,,,2.04,3.49,3.89,1.91,3.5,3.7,2.0,3.5,3.75,2.06,3.68,3.97,2.01,3.52,3.82,2.0,1.8,2.1,1.79,2.11,1.85,2.03,1.81,-0.5,2.03,1.87,2.05,1.86,2.05,1.89,2.01,1.85,1.85,3.6,4.2,1.85,3.5,4.33,,,,1.87,3.61,4.6,1.8,3.5,4.2,1.9,3.6,4.1,1.91,3.69,4.75,1.87,3.59,4.42,2.06,1.84,2.08,1.84,2.12,1.85,2.04,1.81,-0.5,1.86,2.04,1.88,2.05,1.91,2.07,1.87,2.0,2023,Football-Data.co.uk,https://www.football-data.co.uk/mmz4281/2324/D1.csv,,,,,,,,,,,,,,,,,,,,,,,,,,,,,,,,,,,,,,,,,,,,,,,,,,,,,,,,
D1,24/02/2024,14:30,Werder Bremen,Darmstadt,1,1,D,1.0,1.0,D,13.0,11.0,4.0,3.0,10.0,13.0,4.0,6.0,3.0,4.0,0.0,0.0,1.65,4.2,5.0,1.66,4.0,4.8,,,,1.69,3.94,5.22,1.6,4.0,5.0,1.67,4.0,5.0,1.72,4.2,5.3,1.68,4.04,5.03,1.84,2.06,1.85,2.04,1.88,2.07,1.81,2.03,-0.75,1.89,2.01,1.89,2.02,1.91,2.04,1.85,1.99,1.7,4.2,4.33,1.75,3.9,4.33,,,,1.76,3.95,4.76,1.62,4.0,4.8,1.73,4.0,4.5,1.78,4.31,5.0,1.74,4.0,4.59,1.67,2.2,1.73,2.2,1.76,2.26,1.71,2.16,-0.75,1.99,1.91,1.98,1.94,2.02,1.98,1.93,1.92,2023,Football-Data.co.uk,https://www.football-data.co.uk/mmz4281/2324/D1.csv,,,,,,,,,,,,,,,,,,,,,,,,,,,,,,,,,,,,,,,,,,,,,,,,,,,,,,,,
D1,24/02/2024,17:30,Bayern Munich,RB Leipzig,2,1,H,0.0,0.0,D,16.0,11.0,4.0,5.0,11.0,10.0,6.0,4.0,3.0,3.0,0.0,0.0,1.67,4.33,4.5,1.68,4.33,4.33,,,,1.7,4.4,4.53,1.62,4.4,4.33,1.7,4.4,4.33,1.72,4.64,4.74,1.69,4.41,4.46,1.44,2.75,1.43,2.92,1.45,3.07,1.42,2.9,-0.75,1.87,2.03,1.88,2.03,1.9,2.06,1.84,2.01,1.8,4.5,3.8,1.77,4.33,3.9,,,,1.81,4.39,4.02,1.65,4.33,4.2,1.67,4.4,4.5,1.81,4.7,4.8,1.76,4.38,4.08,1.36,3.2,1.39,3.17,1.46,3.35,1.39,3.07,-0.75,2.0,1.9,2.02,1.9,2.02,2.03,1.92,1.92,2023,Football-Data.co.uk,https://www.football-data.co.uk/mmz4281/2324/D1.csv,,,,,,,,,,,,,,,,,,,,,,,,,,,,,,,,,,,,,,,,,,,,,,,,,,,,,,,,
D1,25/02/2024,14:30,Ein Frankfurt,Wolfsburg,2,2,D,1.0,2.0,A,12.0,14.0,5.0,8.0,9.0,7.0,5.0,3.0,2.0,1.0,0.0,0.0,2.25,3.4,3.2,2.15,3.5,3.25,,,,2.29,3.48,3.24,2.15,3.5,3.1,2.25,3.4,3.2,2.31,3.62,3.35,2.25,3.47,3.22,1.97,1.93,1.96,1.93,1.98,1.96,1.93,1.89,-0.25,1.97,1.93,1.98,1.93,1.98,1.97,1.91,1.91,2.45,3.4,2.9,2.45,3.3,2.87,,,,2.49,3.41,3.01,2.3,3.4,2.88,2.3,3.4,3.13,2.53,3.5,3.13,2.44,3.4,2.94,1.99,1.91,2.0,1.91,2.0,1.97,1.95,1.89,-0.25,2.14,1.8,2.15,1.81,2.15,1.81,2.08,1.79,2023,Football-Data.co.uk,https://www.football-data.co.uk/mmz4281/2324/D1.csv,,,,,,,,,,,,,,,,,,,,,,,,,,,,,,,,,,,,,,,,,,,,,,,,,,,,,,,,
D1,25/02/2024,16:30,Dortmund,Hoffenheim,2,3,A,2.0,1.0,H,19.0,7.0,7.0,5.0,7.0,10.0,10.0,3.0,2.0,3.0,0.0,0.0,1.5,5.0,5.5,1.52,4.8,5.25,,,,1.51,5.16,5.52,1.44,5.0,5.5,1.5,5.0,5.5,1.56,5.2,5.7,1.51,5.0,5.42,1.33,3.4,1.34,3.4,1.35,3.52,1.32,3.36,-1.25,2.03,1.87,2.02,1.89,2.07,1.91,2.0,1.84,1.44,5.25,5.75,1.44,5.25,5.75,,,,1.44,5.61,6.29,1.44,5.0,5.8,1.44,5.5,5.75,1.49,5.7,6.5,1.45,5.43,5.94,1.22,4.33,1.33,3.45,1.28,4.33,1.24,4.07,-1.25,1.78,2.03,1.84,2.07,1.92,2.12,1.84,2.0,2023,Football-Data.co.uk,https://www.football-data.co.uk/mmz4281/2324/D1.csv,,,,,,,,,,,,,,,,,,,,,,,,,,,,,,,,,,,,,,,,,,,,,,,,,,,,,,,,
D1,25/02/2024,18:30,Augsburg,Freiburg,2,1,H,0.0,1.0,A,21.0,5.0,8.0,1.0,16.0,11.0,10.0,2.0,3.0,1.0,0.0,0.0,2.2,3.6,3.1,2.3,3.6,2.9,,,,2.28,3.66,3.11,2.2,3.6,2.9,2.25,3.6,3.1,2.32,3.75,3.16,2.28,3.6,3.05,1.8,2.0,1.79,2.1,1.84,2.13,1.77,2.07,-0.25,1.98,1.92,1.99,1.92,2.0,1.94,1.95,1.87,2.3,3.6,2.88,2.4,3.5,2.8,,,,2.38,3.6,3.03,2.25,3.6,2.8,2.38,3.6,2.88,2.47,3.69,3.05,2.39,3.57,2.9,1.73,2.1,1.77,2.16,1.79,2.2,1.75,2.12,-0.25,2.06,1.87,2.07,1.86,2.11,1.87,2.05,1.81,2023,Football-Data.co.uk,https://www.football-data.co.uk/mmz4281/2324/D1.csv,,,,,,,,,,,,,,,,,,,,,,,,,,,,,,,,,,,,,,,,,,,,,,,,,,,,,,,,
D1,01/03/2024,19:30,Freiburg,Bayern Munich,2,2,D,1.0,1.0,D,17.0,21.0,5.0,9.0,11.0,7.0,3.0,6.0,1.0,2.0,0.0,0.0,5.75,4.75,1.5,6.0,4.6,1.49,,,,6.11,4.86,1.51,6.0,5.0,1.44,5.75,4.75,1.5,6.36,5.0,1.53,5.97,4.78,1.5,1.53,2.5,1.56,2.57,1.56,2.62,1.52,2.56,1.25,1.83,2.07,1.84,2.1,1.86,2.11,1.81,2.05,6.0,5.0,1.44,5.75,4.75,1.49,,,,6.23,4.84,1.51,6.0,5.0,1.44,6.0,4.75,1.5,6.39,5.14,1.52,6.05,4.82,1.49,1.53,2.5,1.56,2.57,1.57,2.7,1.52,2.55,1.0,2.07,1.83,2.11,1.81,2.16,1.83,2.1,1.79,2023,Football-Data.co.uk,https://www.football-data.co.uk/mmz4281/2324/D1.csv,,,,,,,,,,,,,,,,,,,,,,,,,,,,,,,,,,,,,,,,,,,,,,,,,,,,,,,,
D1,02/03/2024,14:30,Bochum,RB Leipzig,1,4,A,1.0,1.0,D,15.0,10.0,4.0,4.0,13.0,10.0,2.0,5.0,3.0,2.0,1.0,0.0,5.0,4.2,1.62,4.6,4.2,1.66,,,,4.76,4.44,1.66,4.75,4.33,1.62,4.75,4.4,1.65,5.0,4.6,1.69,4.76,4.4,1.65,1.53,2.5,1.52,2.61,1.54,2.69,1.51,2.57,0.75,2.07,1.83,2.08,1.84,2.09,1.84,2.04,1.8,4.5,4.5,1.65,4.6,4.2,1.66,,,,4.64,4.5,1.68,4.6,4.4,1.62,4.6,4.4,1.65,4.75,4.58,1.71,4.64,4.44,1.66,1.5,2.63,1.5,2.71,1.54,2.75,1.49,2.66,0.75,2.06,1.84,2.07,1.86,2.1,1.87,2.03,1.82,2023,Football-Data.co.uk,https://www.football-data.co.uk/mmz4281/2324/D1.csv,,,,,,,,,,,,,,,,,,,,,,,,,,,,,,,,,,,,,,,,,,,,,,,,,,,,,,,,
D1,02/03/2024,14:30,Darmstadt,Augsburg,0,6,A,0.0,5.0,A,10.0,21.0,5.0,6.0,4.0,12.0,3.0,6.0,2.0,0.0,0.0,0.0,2.9,3.3,2.4,2.7,3.4,2.5,,,,2.93,3.47,2.48,2.75,3.4,2.5,2.88,3.4,2.45,2.97,3.55,2.61,2.85,3.44,2.48,1.86,2.04,1.82,2.07,1.87,2.1,1.81,2.04,0.25,1.81,2.09,1.78,2.14,1.81,2.17,1.76,2.1,3.5,3.6,2.05,3.4,3.6,2.05,,,,3.63,3.61,2.1,3.25,3.6,2.1,3.4,3.6,2.1,3.64,3.67,2.15,3.43,3.57,2.1,1.73,2.1,1.81,2.12,1.81,2.17,1.76,2.08,0.25,2.05,1.75,2.11,1.82,2.14,1.94,2.02,1.82,2023,Football-Data.co.uk,https://www.football-data.co.uk/mmz4281/2324/D1.csv,,,,,,,,,,,,,,,,,,,,,,,,,,,,,,,,,,,,,,,,,,,,,,,,,,,,,,,,
D1,02/03/2024,14:30,Heidenheim,Ein Frankfurt,1,2,A,0.0,1.0,A,16.0,11.0,3.0,6.0,6.0,10.0,7.0,3.0,1.0,4.0,0.0,0.0,2.8,3.3,2.5,2.7,3.4,2.55,,,,2.84,3.39,2.59,2.75,3.4,2.5,2.8,3.4,2.5,2.9,3.5,2.64,2.8,3.39,2.56,1.97,1.93,1.93,1.96,1.97,1.97,1.9,1.93,0.0,2.07,1.83,2.05,1.87,2.07,1.89,2.02,1.85,2.9,3.3,2.4,2.95,3.3,2.37,,,,3.07,3.41,2.45,2.8,3.4,2.45,2.9,3.5,2.38,3.09,3.5,2.49,2.98,3.4,2.42,1.99,1.91,1.98,1.92,2.0,1.97,1.94,1.89,0.25,1.83,2.07,1.83,2.11,1.86,2.11,1.8,2.05,2023,Football-Data.co.uk,https://www.football-data.co.uk/mmz4281/2324/D1.csv,,,,,,,,,,,,,,,,,,,,,,,,,,,,,,,,,,,,,,,,,,,,,,,,,,,,,,,,
D1,02/03/2024,14:30,Mainz,M'gladbach,1,1,D,1.0,0.0,H,21.0,14.0,5.0,5.0,12.0,15.0,12.0,6.0,5.0,1.0,1.0,0.0,1.91,3.75,3.75,1.98,3.6,3.6,,,,1.98,3.81,3.73,1.91,3.75,3.7,1.95,3.7,3.7,2.02,3.92,3.9,1.97,3.76,3.71,1.8,2.0,1.8,2.09,1.85,2.13,1.78,2.07,-0.5,1.99,1.91,1.99,1.92,2.0,1.93,1.97,1.89,1.91,3.6,4.0,1.88,3.6,4.0,,,,1.94,3.74,4.13,1.91,3.7,3.8,1.9,3.6,4.1,1.98,3.79,4.3,1.92,3.69,4.0,1.95,1.95,1.93,1.98,1.97,2.05,1.87,1.96,-0.5,1.95,1.95,1.95,1.97,1.98,2.0,1.93,1.94,2023,Football-Data.co.uk,https://www.football-data.co.uk/mmz4281/2324/D1.csv,,,,,,,,,,,,,,,,,,,,,,,,,,,,,,,,,,,,,,,,,,,,,,,,,,,,,,,,
D1,02/03/2024,14:30,Union Berlin,Dortmund,0,2,A,0.0,1.0,A,13.0,12.0,5.0,7.0,11.0,8.0,8.0,7.0,2.0,1.0,0.0,0.0,3.4,3.6,2.05,3.5,3.6,2.0,,,,3.44,3.62,2.14,3.3,3.7,2.05,3.4,3.6,2.1,3.58,3.75,2.15,3.44,3.6,2.11,1.73,2.1,1.76,2.14,1.82,2.19,1.74,2.13,0.25,2.07,1.83,2.05,1.86,2.07,1.87,2.02,1.82,3.2,3.6,2.1,3.3,3.6,2.1,,,,3.45,3.65,2.15,3.4,3.6,2.05,3.3,3.7,2.1,3.58,3.75,2.17,3.4,3.66,2.11,1.73,2.1,1.76,2.17,1.78,2.28,1.71,2.17,0.25,2.05,1.85,2.06,1.88,2.09,1.9,2.04,1.82,2023,Football-Data.co.uk,https://www.football-data.co.uk/mmz4281/2324/D1.csv,,,,,,,,,,,,,,,,,,,,,,,,,,,,,,,,,,,,,,,,,,,,,,,,,,,,,,,,
D1,02/03/2024,17:30,Wolfsburg,Stuttgart,2,3,A,0.0,1.0,A,12.0,7.0,2.0,3.0,20.0,12.0,5.0,4.0,3.0,2.0,0.0,0.0,3.3,3.5,2.15,3.25,3.5,2.15,,,,3.34,3.56,2.2,3.2,3.7,2.1,3.2,3.6,2.2,3.37,3.8,2.23,3.26,3.58,2.19,1.73,2.1,1.75,2.16,1.76,2.23,1.73,2.14,0.25,2.0,1.9,1.99,1.92,2.0,1.93,1.95,1.88,3.2,3.4,2.2,3.2,3.5,2.15,,,,3.24,3.58,2.27,3.25,3.6,2.1,3.13,3.6,2.2,3.4,3.75,2.33,3.23,3.56,2.21,1.8,2.0,1.81,2.1,1.85,2.17,1.76,2.06,0.25,1.92,1.98,1.94,1.98,1.99,2.02,1.94,1.91,2023,Football-Data.co.uk,https://www.football-data.co.uk/mmz4281/2324/D1.csv,,,,,,,,,,,,,,,,,,,,,,,,,,,,,,,,,,,,,,,,,,,,,,,,,,,,,,,,
D1,03/03/2024,14:30,FC Koln,Leverkusen,0,2,A,0.0,1.0,A,6.0,17.0,0.0,6.0,10.0,9.0,1.0,9.0,2.0,2.0,1.0,0.0,9.0,4.75,1.36,8.25,5.0,1.37,,,,8.08,5.15,1.39,9.5,5.0,1.33,8.5,5.0,1.36,9.5,5.3,1.42,8.43,5.02,1.38,1.67,2.2,1.71,2.21,1.75,2.3,1.67,2.22,1.25,2.04,1.86,2.05,1.86,2.09,1.9,2.01,1.82,8.5,5.5,1.36,8.25,5.0,1.36,,,,8.62,5.37,1.37,8.5,5.0,1.33,9.0,5.25,1.33,9.5,5.51,1.38,8.57,5.16,1.36,1.62,2.3,1.62,2.42,1.67,2.46,1.61,2.34,1.5,1.89,2.04,1.88,2.04,1.92,2.06,1.86,2.0,2023,Football-Data.co.uk,https://www.football-data.co.uk/mmz4281/2324/D1.csv,,,,,,,,,,,,,,,,,,,,,,,,,,,,,,,,,,,,,,,,,,,,,,,,,,,,,,,,
D1,03/03/2024,16:30,Hoffenheim,Werder Bremen,2,1,H,2.0,0.0,H,14.0,18.0,7.0,8.0,11.0,10.0,3.0,3.0,5.0,1.0,1.0,0.0,1.91,4.0,3.6,1.93,3.8,3.6,,,,1.97,3.87,3.72,1.91,3.9,3.6,1.95,4.0,3.5,2.0,4.09,3.78,1.95,3.92,3.62,1.57,2.38,1.58,2.49,1.61,2.5,1.56,2.43,-0.5,1.97,1.93,1.98,1.93,1.99,1.94,1.95,1.91,1.91,4.2,3.5,1.98,3.9,3.4,,,,1.95,4.18,3.59,1.91,3.9,3.6,1.95,4.1,3.4,2.04,4.27,3.67,1.96,4.03,3.54,1.44,2.75,1.47,2.8,1.53,2.88,1.47,2.72,-0.5,1.98,1.95,1.96,1.96,2.0,1.96,1.95,1.91,2023,Football-Data.co.uk,https://www.football-data.co.uk/mmz4281/2324/D1.csv,,,,,,,,,,,,,,,,,,,,,,,,,,,,,,,,,,,,,,,,,,,,,,,,,,,,,,,,
D1,08/03/2024,19:30,Stuttgart,Union Berlin,2,0,H,1.0,0.0,H,14.0,10.0,5.0,4.0,7.0,14.0,4.0,3.0,1.0,2.0,0.0,1.0,1.45,4.5,7.0,1.49,4.33,6.5,,,,1.48,4.62,7.08,1.5,4.4,6.5,1.45,4.5,7.0,1.52,4.7,7.2,1.48,4.53,6.92,1.73,2.1,1.79,2.12,1.82,2.2,1.76,2.1,-1.25,2.07,1.86,2.09,1.85,2.12,1.87,2.04,1.82,1.45,4.75,6.5,1.5,4.33,6.25,,,,1.52,4.46,6.69,1.44,4.6,7.0,1.5,4.4,6.5,1.53,4.86,7.0,1.5,4.48,6.58,1.73,2.1,1.79,2.11,1.83,2.17,1.77,2.09,-1.0,1.87,2.06,1.88,2.06,1.88,2.11,1.83,2.05,2023,Football-Data.co.uk,https://www.football-data.co.uk/mmz4281/2324/D1.csv,,,,,,,,,,,,,,,,,,,,,,,,,,,,,,,,,,,,,,,,,,,,,,,,,,,,,,,,
D1,09/03/2024,14:30,Augsburg,Heidenheim,1,0,H,1.0,0.0,H,8.0,6.0,4.0,1.0,14.0,20.0,5.0,2.0,1.0,3.0,0.0,0.0,1.85,4.2,3.5,1.9,3.8,3.7,,,,1.88,3.89,4.07,1.85,3.9,3.8,1.87,3.9,3.9,1.93,4.2,4.1,1.89,3.92,3.87,1.62,2.3,1.67,2.3,1.74,2.33,1.67,2.25,-0.5,1.9,2.03,1.88,2.02,1.91,2.03,1.88,1.98,1.65,4.5,4.5,1.65,4.2,4.75,,,,1.69,4.32,4.98,1.65,4.2,4.6,1.65,4.2,4.8,1.91,4.58,4.98,1.68,4.27,4.72,1.53,2.5,1.58,2.51,1.58,2.57,1.55,2.5,-0.75,1.84,2.09,1.85,2.06,1.86,2.12,1.82,2.04,2023,Football-Data.co.uk,https://www.football-data.co.uk/mmz4281/2324/D1.csv,,,,,,,,,,,,,,,,,,,,,,,,,,,,,,,,,,,,,,,,,,,,,,,,,,,,,,,,
D1,09/03/2024,14:30,Bayern Munich,Mainz,8,1,H,3.0,1.0,H,25.0,13.0,12.0,3.0,8.0,7.0,6.0,7.0,1.0,1.0,0.0,0.0,1.25,7.0,10.0,1.24,6.75,11.0,,,,1.23,6.97,11.21,1.22,6.5,11.0,1.22,7.0,11.5,1.27,7.4,13.0,1.23,6.88,11.56,1.4,3.0,1.41,2.96,1.43,3.15,1.39,3.01,-2.0,2.05,1.75,2.11,1.78,2.13,1.86,2.07,1.79,1.2,7.0,13.0,1.24,6.75,10.5,,,,1.24,6.87,11.46,1.22,6.5,11.0,1.22,7.0,11.5,1.25,7.4,13.9,1.23,6.92,11.77,1.36,3.2,1.39,3.07,1.42,3.3,1.38,3.11,-1.75,1.87,2.06,1.87,2.01,1.88,2.11,1.82,2.04,2023,Football-Data.co.uk,https://www.football-data.co.uk/mmz4281/2324/D1.csv,,,,,,,,,,,,,,,,,,,,,,,,,,,,,,,,,,,,,,,,,,,,,,,,,,,,,,,,
D1,09/03/2024,14:30,M'gladbach,FC Koln,3,3,D,1.0,1.0,D,16.0,12.0,5.0,5.0,15.0,15.0,8.0,3.0,3.0,4.0,0.0,0.0,1.83,4.0,4.0,1.83,3.7,4.1,,,,1.85,3.77,4.32,1.8,3.9,4.2,1.85,3.75,4.1,1.89,4.01,4.33,1.85,3.82,4.18,1.73,2.1,1.79,2.1,1.82,2.15,1.74,2.08,-0.5,1.86,2.07,1.86,2.05,1.87,2.08,1.84,2.03,1.8,3.75,4.33,1.83,3.6,4.2,,,,1.88,3.68,4.4,1.8,3.8,4.2,1.83,3.75,4.2,1.89,3.92,4.57,1.83,3.74,4.34,1.99,1.91,1.97,1.93,2.02,2.04,1.92,1.91,-0.5,1.89,2.04,1.89,2.03,1.9,2.1,1.84,2.04,2023,Football-Data.co.uk,https://www.football-data.co.uk/mmz4281/2324/D1.csv,,,,,,,,,,,,,,,,,,,,,,,,,,,,,,,,,,,,,,,,,,,,,,,,,,,,,,,,
D1,09/03/2024,14:30,RB Leipzig,Darmstadt,2,0,H,1.0,0.0,H,28.0,9.0,8.0,4.0,3.0,14.0,8.0,4.0,0.0,3.0,0.0,0.0,1.14,8.5,15.0,1.16,8.75,15.5,,,,1.15,8.79,16.82,1.12,9.0,17.0,1.13,9.0,18.0,1.17,9.55,19.0,1.15,8.73,17.28,1.33,3.4,1.35,3.3,1.37,3.4,1.35,3.25,-2.25,1.95,1.98,1.95,1.93,1.98,1.98,1.92,1.92,1.11,9.0,21.0,1.13,9.5,19.0,,,,1.12,10.42,23.31,1.14,8.0,17.0,1.12,9.0,23.0,1.15,10.42,23.31,1.13,9.48,20.33,1.3,3.5,1.32,3.53,1.34,3.6,1.31,3.51,-2.5,2.02,1.91,2.0,1.88,2.14,1.92,2.03,1.85,2023,Football-Data.co.uk,https://www.football-data.co.uk/mmz4281/2324/D1.csv,,,,,,,,,,,,,,,,,,,,,,,,,,,,,,,,,,,,,,,,,,,,,,,,,,,,,,,,
D1,09/03/2024,17:30,Werder Bremen,Dortmund,1,2,A,0.0,2.0,A,15.0,13.0,5.0,6.0,6.0,8.0,10.0,4.0,1.0,2.0,0.0,1.0,3.5,4.33,1.85,3.7,4.0,1.87,,,,3.87,4.06,1.88,3.8,4.0,1.83,3.7,4.1,1.87,4.06,4.33,1.97,3.77,4.08,1.88,1.44,2.75,1.49,2.71,1.49,2.82,1.46,2.72,0.5,2.03,1.9,2.01,1.89,2.04,1.9,1.99,1.87,3.6,4.5,1.8,3.9,4.1,1.8,,,,4.04,4.28,1.82,3.7,4.2,1.8,3.9,4.2,1.8,4.04,4.61,1.88,3.82,4.27,1.83,1.44,2.75,1.45,2.87,1.46,3.1,1.43,2.88,0.75,1.88,2.05,1.88,2.04,1.9,2.08,1.84,2.02,2023,Football-Data.co.uk,https://www.football-data.co.uk/mmz4281/2324/D1.csv,,,,,,,,,,,,,,,,,,,,,,,,,,,,,,,,,,,,,,,,,,,,,,,,,,,,,,,,
D1,10/03/2024,14:30,Bochum,Freiburg,1,2,A,0.0,1.0,A,18.0,9.0,6.0,5.0,11.0,11.0,12.0,5.0,3.0,7.0,0.0,0.0,2.2,3.75,3.0,2.3,3.5,2.95,,,,2.27,3.65,3.13,2.25,3.6,3.0,2.2,3.6,3.1,2.38,3.75,3.17,2.27,3.61,3.06,1.8,2.0,1.81,2.08,1.85,2.11,1.78,2.06,-0.25,2.0,1.93,1.98,1.93,2.0,1.95,1.95,1.88,2.45,3.5,2.75,2.45,3.25,2.87,,,,2.57,3.45,2.87,2.38,3.4,2.88,2.5,3.4,2.8,2.58,3.58,3.05,2.49,3.4,2.86,1.97,1.93,1.98,1.93,2.06,1.94,1.98,1.85,0.0,1.87,2.06,1.86,2.07,1.87,2.16,1.81,2.08,2023,Football-Data.co.uk,https://www.football-data.co.uk/mmz4281/2324/D1.csv,,,,,,,,,,,,,,,,,,,,,,,,,,,,,,,,,,,,,,,,,,,,,,,,,,,,,,,,
D1,10/03/2024,16:30,Ein Frankfurt,Hoffenheim,3,1,H,1.0,1.0,D,17.0,6.0,7.0,2.0,11.0,10.0,5.0,1.0,2.0,3.0,0.0,2.0,2.0,4.0,3.3,2.1,3.75,3.2,,,,2.06,3.9,3.43,1.95,3.9,3.4,2.05,3.8,3.3,2.11,4.0,3.51,2.06,3.87,3.35,1.57,2.38,1.61,2.42,1.66,2.45,1.6,2.36,-0.5,2.08,1.85,2.07,1.85,2.08,1.85,2.05,1.82,2.0,3.8,3.4,2.0,3.6,3.5,,,,2.07,3.8,3.55,2.0,3.75,3.4,2.05,3.75,3.4,2.07,3.95,3.61,2.03,3.77,3.49,1.73,2.1,1.76,2.17,1.82,2.27,1.71,2.18,-0.5,2.07,1.86,2.08,1.85,2.08,1.89,2.03,1.84,2023,Football-Data.co.uk,https://www.football-data.co.uk/mmz4281/2324/D1.csv,,,,,,,,,,,,,,,,,,,,,,,,,,,,,,,,,,,,,,,,,,,,,,,,,,,,,,,,
D1,10/03/2024,18:30,Leverkusen,Wolfsburg,2,0,H,1.0,0.0,H,19.0,2.0,7.0,1.0,6.0,7.0,9.0,2.0,1.0,3.0,0.0,1.0,1.33,5.75,8.5,1.33,5.5,8.5,,,,1.32,5.89,9.05,1.3,5.5,9.0,1.33,5.5,9.0,1.36,6.2,9.5,1.32,5.66,8.97,1.53,2.5,1.57,2.51,1.6,2.55,1.55,2.47,-1.5,1.99,1.94,1.96,1.94,1.99,1.97,1.93,1.92,1.29,5.5,10.0,1.32,5.25,9.5,,,,1.3,5.79,10.97,1.29,5.8,9.5,1.3,5.5,10.0,1.32,5.9,11.02,1.31,5.6,10.23,1.67,2.2,1.69,2.27,1.7,2.36,1.66,2.26,-1.5,1.98,1.95,1.95,1.97,1.98,2.0,1.93,1.94,2023,Football-Data.co.uk,https://www.football-data.co.uk/mmz4281/2324/D1.csv,,,,,,,,,,,,,,,,,,,,,,,,,,,,,,,,,,,,,,,,,,,,,,,,,,,,,,,,
D1,15/03/2024,19:30,FC Koln,RB Leipzig,1,5,A,1.0,1.0,D,9.0,23.0,2.0,7.0,11.0,12.0,3.0,6.0,2.0,2.0,0.0,0.0,6.5,4.75,1.45,6.25,4.5,1.47,,,,6.61,4.86,1.48,6.5,4.6,1.44,7.0,4.6,1.45,7.0,4.91,1.52,6.54,4.72,1.48,1.62,2.3,1.63,2.41,1.66,2.49,1.61,2.38,1.25,1.88,2.05,1.88,2.06,1.9,2.06,1.84,2.02,6.5,4.75,1.45,6.5,4.6,1.46,,,,6.76,4.89,1.47,6.5,4.75,1.44,6.5,4.8,1.45,7.0,4.89,1.51,6.53,4.77,1.47,1.57,2.38,1.6,2.48,1.64,2.51,1.58,2.41,1.25,1.91,2.02,1.9,2.03,1.92,2.09,1.85,2.01,2023,Football-Data.co.uk,https://www.football-data.co.uk/mmz4281/2324/D1.csv,,,,,,,,,,,,,,,,,,,,,,,,,,,,,,,,,,,,,,,,,,,,,,,,,,,,,,,,
D1,16/03/2024,14:30,Darmstadt,Bayern Munich,2,5,A,1.0,2.0,A,7.0,26.0,3.0,6.0,9.0,6.0,2.0,9.0,1.0,0.0,0.0,0.0,17.0,8.0,1.14,15.0,9.0,1.15,,,,17.12,9.56,1.14,17.0,9.0,1.12,18.0,9.0,1.13,19.0,10.0,1.17,16.6,9.19,1.14,1.29,3.75,1.33,3.39,1.29,4.0,1.28,3.75,2.25,2.06,1.87,2.06,1.84,2.07,1.9,2.02,1.84,17.0,9.5,1.13,15.0,9.25,1.15,,,,17.27,10.13,1.14,17.0,9.0,1.12,17.0,9.5,1.13,18.9,10.3,1.16,16.01,9.35,1.14,1.22,4.33,1.33,3.39,1.25,4.5,1.22,4.16,2.5,1.9,2.03,1.88,2.03,1.9,2.06,1.86,2.02,2023,Football-Data.co.uk,https://www.football-data.co.uk/mmz4281/2324/D1.csv,,,,,,,,,,,,,,,,,,,,,,,,,,,,,,,,,,,,,,,,,,,,,,,,,,,,,,,,
D1,16/03/2024,14:30,Heidenheim,M'gladbach,1,1,D,0.0,1.0,A,16.0,6.0,5.0,2.0,16.0,8.0,10.0,4.0,1.0,3.0,0.0,0.0,2.45,3.6,2.7,2.4,3.6,2.75,,,,2.49,3.63,2.8,2.4,3.7,2.7,2.45,3.6,2.75,2.53,3.82,2.86,2.45,3.64,2.78,1.67,2.2,1.71,2.23,1.72,2.3,1.67,2.24,0.0,1.82,2.11,1.84,2.07,1.88,2.11,1.82,2.06,2.55,3.6,2.63,2.65,3.4,2.55,,,,2.64,3.59,2.71,2.6,3.6,2.5,2.55,3.6,2.63,2.67,3.68,2.72,2.62,3.56,2.63,1.67,2.2,1.71,2.24,1.72,2.28,1.68,2.23,0.0,1.94,1.99,1.93,1.99,1.96,1.99,1.93,1.95,2023,Football-Data.co.uk,https://www.football-data.co.uk/mmz4281/2324/D1.csv,,,,,,,,,,,,,,,,,,,,,,,,,,,,,,,,,,,,,,,,,,,,,,,,,,,,,,,,
D1,16/03/2024,14:30,Mainz,Bochum,2,0,H,1.0,0.0,H,13.0,11.0,4.0,4.0,15.0,15.0,7.0,6.0,4.0,3.0,0.0,0.0,1.8,3.8,4.33,1.8,3.75,4.2,,,,1.79,3.88,4.58,1.73,3.9,4.4,1.75,3.9,4.5,1.82,4.09,4.7,1.78,3.88,4.47,1.8,2.0,1.79,2.09,1.85,2.12,1.8,2.04,-0.75,2.04,1.89,2.02,1.88,2.04,1.95,1.99,1.86,1.8,4.0,4.2,1.82,3.9,4.0,,,,1.83,3.92,4.38,1.75,4.0,4.2,1.83,3.9,4.1,1.85,4.19,4.42,1.8,3.95,4.2,1.67,2.2,1.71,2.23,1.71,2.34,1.66,2.24,-0.75,2.09,1.84,2.08,1.85,2.1,1.86,2.02,1.83,2023,Football-Data.co.uk,https://www.football-data.co.uk/mmz4281/2324/D1.csv,,,,,,,,,,,,,,,,,,,,,,,,,,,,,,,,,,,,,,,,,,,,,,,,,,,,,,,,
D1,16/03/2024,14:30,Union Berlin,Werder Bremen,2,1,H,0.0,0.0,D,11.0,10.0,5.0,2.0,16.0,16.0,4.0,3.0,3.0,5.0,0.0,0.0,2.05,3.4,3.8,2.05,3.5,3.5,,,,2.02,3.64,3.79,2.0,3.6,3.6,2.0,3.6,3.6,2.08,3.7,3.83,2.03,3.56,3.7,2.0,1.9,1.96,1.92,2.01,1.95,1.96,1.88,-0.5,2.06,1.87,2.03,1.88,2.07,1.88,2.03,1.84,2.1,3.4,3.75,2.1,3.4,3.5,,,,2.13,3.45,3.72,2.05,3.4,3.6,2.1,3.5,3.5,2.14,3.5,3.86,2.09,3.41,3.68,2.04,1.86,2.01,1.89,2.13,1.91,1.99,1.85,-0.25,1.82,2.11,1.84,2.1,1.85,2.12,1.8,2.07,2023,Football-Data.co.uk,https://www.football-data.co.uk/mmz4281/2324/D1.csv,,,,,,,,,,,,,,,,,,,,,,,,,,,,,,,,,,,,,,,,,,,,,,,,,,,,,,,,
D1,16/03/2024,14:30,Wolfsburg,Augsburg,1,3,A,1.0,1.0,D,15.0,14.0,4.0,5.0,12.0,19.0,8.0,6.0,1.0,3.0,1.0,0.0,2.05,3.5,3.5,2.0,3.7,3.5,,,,2.12,3.65,3.46,2.05,3.7,3.3,2.1,3.6,3.4,2.14,3.78,3.54,2.09,3.64,3.44,1.8,2.0,1.81,2.08,1.84,2.16,1.77,2.08,-0.25,1.84,2.09,1.85,2.06,1.88,2.1,1.81,2.05,2.2,3.5,3.1,2.25,3.6,3.0,,,,2.36,3.59,3.07,2.25,3.7,2.9,2.3,3.6,3.0,2.36,3.7,3.3,2.28,3.58,3.03,1.67,2.2,1.72,2.24,1.74,2.28,1.68,2.2,-0.25,2.04,1.89,2.05,1.88,2.05,1.92,1.98,1.87,2023,Football-Data.co.uk,https://www.football-data.co.uk/mmz4281/2324/D1.csv,,,,,,,,,,,,,,,,,,,,,,,,,,,,,,,,,,,,,,,,,,,,,,,,,,,,,,,,
D1,16/03/2024,17:30,Hoffenheim,Stuttgart,0,3,A,0.0,2.0,A,8.0,25.0,1.0,12.0,8.0,12.0,5.0,6.0,1.0,0.0,0.0,0.0,3.8,4.0,1.83,3.7,4.0,1.85,,,,3.77,4.23,1.88,3.7,4.2,1.83,3.75,4.1,1.85,3.9,4.33,1.91,3.75,4.15,1.87,1.44,2.75,1.46,2.83,1.48,2.83,1.44,2.7,0.5,2.05,1.88,2.03,1.88,2.05,1.9,2.0,1.87,4.2,4.33,1.73,4.1,4.33,1.72,,,,4.33,4.46,1.74,4.0,4.33,1.73,4.2,4.4,1.7,4.4,4.5,1.77,4.19,4.41,1.73,1.36,3.2,1.42,3.08,1.43,3.2,1.39,3.04,0.75,1.99,1.94,1.99,1.93,2.01,1.96,1.95,1.9,2023,Football-Data.co.uk,https://www.football-data.co.uk/mmz4281/2324/D1.csv,,,,,,,,,,,,,,,,,,,,,,,,,,,,,,,,,,,,,,,,,,,,,,,,,,,,,,,,
D1,17/03/2024,14:30,Freiburg,Leverkusen,2,3,A,1.0,2.0,A,9.0,18.0,3.0,7.0,13.0,6.0,2.0,8.0,1.0,0.0,0.0,0.0,6.0,4.33,1.53,5.5,4.2,1.57,,,,5.92,4.39,1.56,5.5,4.33,1.55,5.75,4.2,1.57,6.0,4.5,1.62,5.69,4.35,1.56,1.73,2.1,1.75,2.16,1.77,2.23,1.72,2.15,1.0,1.94,1.99,1.95,1.95,1.96,2.0,1.92,1.94,6.0,4.5,1.5,6.0,4.33,1.53,,,,6.41,4.62,1.52,6.0,4.4,1.5,6.0,4.6,1.5,6.78,4.7,1.54,6.3,4.53,1.5,1.62,2.3,1.67,2.31,1.7,2.37,1.65,2.28,1.0,2.09,1.84,2.09,1.85,2.1,1.88,2.06,1.83,2023,Football-Data.co.uk,https://www.football-data.co.uk/mmz4281/2324/D1.csv,,,,,,,,,,,,,,,,,,,,,,,,,,,,,,,,,,,,,,,,,,,,,,,,,,,,,,,,
D1,17/03/2024,16:30,Dortmund,Ein Frankfurt,3,1,H,1.0,1.0,D,16.0,8.0,6.0,6.0,5.0,9.0,8.0,3.0,1.0,2.0,0.0,0.0,1.62,4.2,5.0,1.6,4.4,4.8,,,,1.63,4.47,5.01,1.57,4.6,4.8,1.62,4.4,5.0,1.65,4.7,5.1,1.62,4.43,4.92,1.5,2.63,1.53,2.61,1.55,2.63,1.5,2.58,-1.0,2.08,1.85,2.06,1.86,2.08,1.89,2.03,1.84,1.65,4.33,4.75,1.65,4.4,4.5,,,,1.67,4.43,4.87,1.65,4.33,4.6,1.65,4.4,4.6,1.72,4.51,5.01,1.67,4.36,4.66,1.4,3.0,1.44,2.93,1.47,3.04,1.42,2.91,-0.75,1.78,2.03,1.85,2.09,1.88,2.13,1.82,2.04,2023,Football-Data.co.uk,https://www.football-data.co.uk/mmz4281/2324/D1.csv,,,,,,,,,,,,,,,,,,,,,,,,,,,,,,,,,,,,,,,,,,,,,,,,,,,,,,,,
D1,30/03/2024,14:30,Ein Frankfurt,Union Berlin,0,0,D,0.0,0.0,D,18.0,10.0,4.0,2.0,8.0,14.0,6.0,2.0,3.0,1.0,0.0,0.0,2.0,3.5,3.8,2.0,3.4,3.75,,,,2.07,3.41,3.88,1.95,3.5,3.8,2.05,3.4,3.75,2.1,3.6,4.04,2.04,3.44,3.81,2.1,1.73,2.16,1.75,2.17,1.81,2.11,1.75,-0.5,2.06,1.84,2.08,1.84,2.1,1.87,2.05,1.83,1.91,3.6,4.2,1.95,3.4,4.0,,,,1.97,3.51,4.22,1.91,3.5,4.0,1.95,3.5,4.0,2.0,3.63,4.39,1.95,3.49,4.11,2.0,1.8,2.13,1.79,2.24,1.81,2.12,1.75,-0.5,1.98,1.95,1.98,1.94,2.0,1.97,1.96,1.91,2023,Football-Data.co.uk,https://www.football-data.co.uk/mmz4281/2324/D1.csv,,,,,,,,,,,,,,,,,,,,,,,,,,,,,,,,,,,,,,,,,,,,,,,,,,,,,,,,
D1,30/03/2024,14:30,Leverkusen,Hoffenheim,2,1,H,0.0,1.0,A,36.0,6.0,12.0,2.0,9.0,8.0,9.0,2.0,0.0,1.0,0.0,0.0,1.2,7.5,12.0,1.22,7.25,10.5,,,,1.21,7.55,11.72,1.2,7.0,12.0,1.2,7.5,12.0,1.25,8.0,13.0,1.22,7.36,11.77,1.3,3.5,1.33,3.33,1.33,3.65,1.31,3.47,-2.0,1.98,1.92,1.93,1.95,2.0,1.95,1.94,1.91,1.18,8.0,12.0,1.21,7.5,11.5,,,,1.2,7.96,12.98,1.18,7.5,13.0,1.18,8.0,13.0,1.22,8.5,14.0,1.2,7.84,12.62,1.25,4.0,1.33,3.33,1.3,4.0,1.27,3.77,-2.0,1.89,2.04,1.87,2.04,1.91,2.06,1.86,2.01,2023,Football-Data.co.uk,https://www.football-data.co.uk/mmz4281/2324/D1.csv,,,,,,,,,,,,,,,,,,,,,,,,,,,,,,,,,,,,,,,,,,,,,,,,,,,,,,,,
D1,30/03/2024,14:30,M'gladbach,Freiburg,0,3,A,0.0,1.0,A,18.0,13.0,4.0,8.0,11.0,7.0,14.0,1.0,1.0,0.0,0.0,0.0,2.2,3.6,3.2,2.25,3.6,2.95,,,,2.21,3.72,3.19,2.15,3.75,3.0,2.2,3.6,3.13,2.26,3.86,3.28,2.23,3.68,3.11,1.67,2.2,1.68,2.29,1.71,2.35,1.65,2.28,-0.25,1.95,1.95,1.93,1.97,2.0,2.0,1.92,1.92,2.1,3.6,3.4,2.1,3.6,3.3,,,,2.14,3.62,3.52,2.05,3.75,3.25,2.1,3.8,3.25,2.17,3.8,3.58,2.12,3.66,3.38,1.73,2.1,1.75,2.18,1.77,2.33,1.71,2.17,-0.25,1.86,2.07,1.86,2.07,1.89,2.08,1.83,2.03,2023,Football-Data.co.uk,https://www.football-data.co.uk/mmz4281/2324/D1.csv,,,,,,,,,,,,,,,,,,,,,,,,,,,,,,,,,,,,,,,,,,,,,,,,,,,,,,,,
D1,30/03/2024,14:30,RB Leipzig,Mainz,0,0,D,0.0,0.0,D,23.0,8.0,10.0,2.0,10.0,15.0,12.0,2.0,2.0,5.0,0.0,0.0,1.4,5.25,7.5,1.4,5.0,7.25,,,,1.39,5.34,7.66,1.36,5.0,7.5,1.36,5.25,8.0,1.42,5.6,8.0,1.38,5.3,7.65,1.53,2.5,1.56,2.54,1.57,2.6,1.53,2.52,-1.25,1.84,2.06,1.83,2.07,1.87,2.09,1.82,2.03,1.36,5.5,7.5,1.36,5.5,7.5,,,,1.37,5.69,7.85,1.33,5.5,8.0,1.36,5.5,7.5,1.4,6.0,9.0,1.36,5.52,7.78,1.4,3.0,1.42,3.11,1.45,3.11,1.4,2.96,-1.5,2.0,1.93,2.0,1.93,2.0,1.95,1.95,1.9,2023,Football-Data.co.uk,https://www.football-data.co.uk/mmz4281/2324/D1.csv,,,,,,,,,,,,,,,,,,,,,,,,,,,,,,,,,,,,,,,,,,,,,,,,,,,,,,,,
D1,30/03/2024,14:30,Werder Bremen,Wolfsburg,0,2,A,0.0,1.0,A,6.0,15.0,1.0,5.0,13.0,15.0,3.0,6.0,4.0,4.0,1.0,1.0,2.88,3.5,2.4,2.7,3.5,2.5,,,,2.88,3.61,2.44,2.75,3.6,2.38,2.8,3.6,2.4,2.91,3.72,2.5,2.84,3.56,2.43,1.8,2.0,1.81,2.08,1.82,2.14,1.77,2.08,0.0,2.08,1.73,2.13,1.8,2.13,1.84,2.08,1.78,2.63,3.5,2.6,2.65,3.4,2.55,,,,2.71,3.46,2.71,2.62,3.6,2.5,2.7,3.4,2.63,2.76,3.6,2.71,2.67,3.48,2.63,1.87,2.03,1.88,2.03,1.9,2.06,1.83,2.01,0.0,1.95,1.98,1.96,1.96,2.11,1.99,1.97,1.91,2023,Football-Data.co.uk,https://www.football-data.co.uk/mmz4281/2324/D1.csv,,,,,,,,,,,,,,,,,,,,,,,,,,,,,,,,,,,,,,,,,,,,,,,,,,,,,,,,
D1,30/03/2024,17:30,Bayern Munich,Dortmund,0,2,A,0.0,1.0,A,16.0,11.0,3.0,5.0,7.0,7.0,7.0,4.0,0.0,0.0,0.0,0.0,1.4,5.75,6.0,1.43,5.5,6.0,,,,1.39,5.92,6.7,1.36,5.8,6.5,1.4,5.5,6.5,1.43,6.02,7.0,1.4,5.71,6.47,1.25,4.0,,,1.26,4.3,1.24,4.08,-1.5,1.95,1.95,1.95,1.95,2.05,1.97,1.97,1.89,1.33,6.5,6.5,1.36,5.75,6.75,,,,1.35,6.4,7.45,1.35,5.8,7.0,1.36,6.0,7.0,1.38,6.69,7.6,1.35,6.09,7.04,1.22,4.33,,,1.25,4.75,1.22,4.23,-1.5,1.87,2.06,1.87,2.06,1.91,2.09,1.86,2.0,2023,Football-Data.co.uk,https://www.football-data.co.uk/mmz4281/2324/D1.csv,,,,,,,,,,,,,,,,,,,,,,,,,,,,,,,,,,,,,,,,,,,,,,,,,,,,,,,,
D1,31/03/2024,14:30,Augsburg,FC Koln,1,1,D,1.0,1.0,D,24.0,12.0,6.0,2.0,9.0,13.0,12.0,6.0,0.0,3.0,0.0,0.0,1.75,4.0,4.5,1.78,3.75,4.4,,,,1.81,3.84,4.51,1.75,3.9,4.33,1.75,3.9,4.4,1.85,4.01,4.6,1.79,3.87,4.42,1.73,2.1,1.79,2.1,1.86,2.11,1.78,2.06,-0.75,2.04,1.86,2.05,1.87,2.06,1.91,2.0,1.84,1.65,4.2,4.75,1.66,4.1,4.8,,,,1.67,4.13,5.16,1.67,4.0,4.75,1.67,4.2,4.75,1.71,4.3,5.2,1.67,4.11,4.92,1.62,2.3,1.67,2.31,1.71,2.44,1.64,2.3,-0.75,1.86,2.07,1.86,2.07,1.87,2.09,1.84,2.02,2023,Football-Data.co.uk,https://www.football-data.co.uk/mmz4281/2324/D1.csv,,,,,,,,,,,,,,,,,,,,,,,,,,,,,,,,,,,,,,,,,,,,,,,,,,,,,,,,
D1,31/03/2024,16:30,Stuttgart,Heidenheim,3,3,D,1.0,0.0,H,20.0,6.0,6.0,3.0,5.0,9.0,6.0,7.0,1.0,0.0,0.0,1.0,1.25,6.0,10.0,1.29,6.0,9.5,,,,1.26,6.51,10.08,1.25,6.5,10.0,1.25,6.5,10.5,1.29,6.9,12.0,1.27,6.35,10.32,1.4,3.0,1.41,2.97,1.44,3.02,1.41,2.91,-1.75,1.93,1.97,1.92,1.97,1.97,2.0,1.91,1.93,1.3,5.75,9.0,1.3,6.0,8.75,,,,1.28,6.38,9.81,1.25,6.0,9.5,1.29,6.0,9.5,1.33,6.8,11.0,1.29,6.14,9.48,1.4,3.0,1.39,3.09,1.42,3.12,1.4,3.01,-1.5,1.78,2.03,1.82,2.08,1.84,2.12,1.81,2.06,2023,Football-Data.co.uk,https://www.football-data.co.uk/mmz4281/2324/D1.csv,,,,,,,,,,,,,,,,,,,,,,,,,,,,,,,,,,,,,,,,,,,,,,,,,,,,,,,,
D1,31/03/2024,18:30,Bochum,Darmstadt,2,2,D,1.0,0.0,H,20.0,13.0,7.0,3.0,7.0,15.0,6.0,5.0,2.0,2.0,0.0,0.0,1.62,4.0,5.25,1.68,3.9,4.75,,,,1.63,4.3,5.25,1.62,4.2,5.0,1.65,4.2,5.0,1.69,4.4,5.4,1.65,4.18,5.06,1.67,2.2,1.67,2.28,1.72,2.31,1.68,2.22,-0.75,1.81,2.09,1.79,2.12,1.86,2.13,1.8,2.05,1.45,4.5,6.0,1.49,4.6,6.0,,,,1.5,4.76,6.53,1.44,4.75,6.5,1.45,4.8,6.5,1.51,4.9,6.8,1.48,4.71,6.4,1.5,2.63,1.53,2.63,1.56,2.7,1.52,2.58,-1.25,2.05,1.88,2.04,1.88,2.07,1.91,2.01,1.85,2023,Football-Data.co.uk,https://www.football-data.co.uk/mmz4281/2324/D1.csv,,,,,,,,,,,,,,,,,,,,,,,,,,,,,,,,,,,,,,,,,,,,,,,,,,,,,,,,
D1,05/04/2024,19:30,Ein Frankfurt,Werder Bremen,1,1,D,0.0,0.0,D,19.0,10.0,5.0,7.0,10.0,14.0,9.0,0.0,3.0,2.0,1.0,1.0,1.75,3.8,4.5,1.77,3.8,4.33,,,,1.78,4.02,4.56,1.73,4.0,4.33,1.75,3.9,4.5,1.83,4.11,4.6,1.79,3.9,4.44,1.73,2.1,1.74,2.2,1.79,2.23,1.73,2.15,-0.75,1.99,1.94,1.99,1.93,2.02,1.94,1.98,1.88,1.75,3.8,4.33,1.78,3.8,4.33,,,,1.78,3.96,4.66,1.8,3.75,4.2,1.8,3.8,4.33,1.87,4.0,4.66,1.81,3.86,4.37,1.67,2.2,1.71,2.26,1.78,2.31,1.7,2.19,-0.75,2.01,1.92,2.01,1.92,2.13,1.94,2.01,1.85,2023,Football-Data.co.uk,https://www.football-data.co.uk/mmz4281/2324/D1.csv,,,,,,,,,,,,,,,,,,,,,,,,,,,,,,,,,,,,,,,,,,,,,,,,,,,,,,,,
D1,06/04/2024,14:30,FC Koln,Bochum,2,1,H,0.0,0.0,D,17.0,8.0,6.0,2.0,16.0,13.0,9.0,4.0,3.0,3.0,0.0,0.0,2.25,3.5,3.1,2.25,3.5,3.0,,,,2.33,3.63,3.05,2.25,3.6,3.0,2.3,3.6,3.0,2.36,3.7,3.11,2.3,3.59,3.05,1.8,2.0,1.81,2.08,1.86,2.1,1.8,2.04,-0.25,2.03,1.9,2.03,1.88,2.04,1.92,1.98,1.87,2.25,3.5,3.1,2.3,3.5,3.0,,,,2.29,3.51,3.27,2.3,3.6,2.9,2.25,3.5,3.13,2.35,3.61,3.27,2.29,3.54,3.11,1.8,2.0,1.8,2.11,1.85,2.13,1.79,2.06,-0.25,1.99,1.94,1.98,1.94,2.02,1.95,1.97,1.89,2023,Football-Data.co.uk,https://www.football-data.co.uk/mmz4281/2324/D1.csv,,,,,,,,,,,,,,,,,,,,,,,,,,,,,,,,,,,,,,,,,,,,,,,,,,,,,,,,
D1,06/04/2024,14:30,Freiburg,RB Leipzig,1,4,A,0.0,3.0,A,15.0,15.0,4.0,6.0,7.0,12.0,8.0,4.0,3.0,4.0,0.0,0.0,4.75,4.33,1.65,4.5,4.2,1.68,,,,4.79,4.31,1.68,4.5,4.33,1.65,4.6,4.2,1.67,4.9,4.45,1.72,4.63,4.27,1.69,1.53,2.5,1.56,2.53,1.57,2.57,1.54,2.49,0.75,2.03,1.9,2.05,1.86,2.05,1.91,2.0,1.84,5.25,4.5,1.57,5.0,4.4,1.58,,,,5.57,4.65,1.57,5.0,4.6,1.55,5.25,4.6,1.55,5.57,4.7,1.61,5.33,4.54,1.58,1.44,2.75,1.48,2.79,1.5,2.92,1.45,2.78,1.0,2.01,1.92,2.01,1.91,2.02,1.95,1.95,1.91,2023,Football-Data.co.uk,https://www.football-data.co.uk/mmz4281/2324/D1.csv,,,,,,,,,,,,,,,,,,,,,,,,,,,,,,,,,,,,,,,,,,,,,,,,,,,,,,,,
D1,06/04/2024,14:30,Heidenheim,Bayern Munich,3,2,H,0.0,2.0,A,9.0,15.0,4.0,8.0,9.0,8.0,3.0,3.0,2.0,0.0,0.0,0.0,6.5,6.0,1.36,7.25,5.75,1.35,,,,7.05,6.07,1.37,7.5,5.8,1.33,7.5,5.5,1.36,7.55,6.4,1.41,7.21,5.88,1.36,1.33,3.4,1.34,3.37,1.35,3.52,1.33,3.36,1.5,1.93,2.0,1.93,1.97,1.98,2.03,1.92,1.93,6.5,5.75,1.4,7.0,5.5,1.37,,,,7.5,5.8,1.38,7.0,5.5,1.36,7.0,5.75,1.36,7.58,6.0,1.41,7.14,5.66,1.38,1.36,3.2,1.38,3.19,1.4,3.3,1.36,3.18,1.5,1.91,2.02,1.91,2.01,1.93,2.06,1.88,1.98,2023,Football-Data.co.uk,https://www.football-data.co.uk/mmz4281/2324/D1.csv,,,,,,,,,,,,,,,,,,,,,,,,,,,,,,,,,,,,,,,,,,,,,,,,,,,,,,,,
D1,06/04/2024,14:30,Mainz,Darmstadt,4,0,H,1.0,0.0,H,18.0,14.0,9.0,2.0,16.0,9.0,5.0,1.0,2.0,3.0,0.0,0.0,1.4,5.0,7.5,1.44,4.6,6.75,,,,1.41,4.97,7.93,1.4,4.8,7.5,1.4,5.0,7.5,1.46,5.1,8.2,1.42,4.87,7.63,1.67,2.2,1.69,2.25,1.74,2.28,1.7,2.2,-1.25,2.0,1.93,1.95,1.95,2.02,1.97,1.94,1.91,1.4,5.25,6.5,1.42,4.8,7.0,,,,1.42,5.11,7.49,1.4,5.0,7.0,1.4,5.0,7.5,1.46,5.25,7.7,1.42,4.98,7.2,1.57,2.38,1.6,2.45,1.66,2.51,1.59,2.36,-1.25,1.94,1.99,1.93,1.99,1.96,2.01,1.91,1.93,2023,Football-Data.co.uk,https://www.football-data.co.uk/mmz4281/2324/D1.csv,,,,,,,,,,,,,,,,,,,,,,,,,,,,,,,,,,,,,,,,,,,,,,,,,,,,,,,,
D1,06/04/2024,14:30,Union Berlin,Leverkusen,0,1,A,0.0,1.0,A,8.0,19.0,1.0,8.0,10.0,14.0,7.0,10.0,3.0,2.0,1.0,0.0,5.75,4.33,1.55,5.75,4.2,1.55,,,,6.19,4.31,1.55,5.8,4.2,1.53,6.0,4.2,1.55,6.5,4.42,1.59,6.02,4.28,1.56,1.84,2.06,1.87,2.02,1.89,2.09,1.82,2.02,1.0,1.95,1.98,1.95,1.95,1.96,1.98,1.92,1.93,5.25,3.8,1.67,5.25,3.75,1.66,,,,5.59,3.88,1.68,5.5,4.0,1.62,5.25,3.9,1.65,5.59,4.1,1.7,5.39,3.9,1.67,2.0,1.8,2.1,1.8,2.13,1.94,2.0,1.84,0.75,2.03,1.9,2.04,1.89,2.06,1.91,2.02,1.84,2023,Football-Data.co.uk,https://www.football-data.co.uk/mmz4281/2324/D1.csv,,,,,,,,,,,,,,,,,,,,,,,,,,,,,,,,,,,,,,,,,,,,,,,,,,,,,,,,
D1,06/04/2024,17:30,Dortmund,Stuttgart,0,1,A,0.0,0.0,D,14.0,10.0,7.0,2.0,8.0,8.0,8.0,3.0,2.0,4.0,0.0,0.0,2.25,4.0,2.8,2.25,3.9,2.8,,,,2.31,3.95,2.88,2.2,4.0,2.8,2.25,4.1,2.8,2.33,4.16,2.94,2.27,3.99,2.85,1.4,3.0,1.41,3.04,1.43,3.17,1.4,2.96,-0.25,2.04,1.89,2.04,1.87,2.04,1.93,1.99,1.86,1.91,4.2,3.5,1.98,4.0,3.3,,,,1.97,4.25,3.49,2.0,4.0,3.25,1.93,4.2,3.4,2.05,4.27,3.67,1.98,4.13,3.39,1.36,3.2,1.39,3.2,1.39,3.3,1.36,3.19,-0.5,1.98,1.95,1.98,1.94,2.05,1.97,1.99,1.89,2023,Football-Data.co.uk,https://www.football-data.co.uk/mmz4281/2324/D1.csv,,,,,,,,,,,,,,,,,,,,,,,,,,,,,,,,,,,,,,,,,,,,,,,,,,,,,,,,
D1,07/04/2024,14:30,Hoffenheim,Augsburg,3,1,H,2.0,0.0,H,17.0,14.0,6.0,7.0,8.0,14.0,11.0,6.0,3.0,1.0,0.0,0.0,2.2,4.0,2.9,2.15,3.9,2.95,,,,2.29,3.94,2.92,2.15,4.0,2.88,2.25,3.9,2.88,2.31,4.07,3.0,2.25,3.93,2.91,1.44,2.75,1.5,2.69,1.51,2.75,1.48,2.67,-0.25,2.03,1.9,2.02,1.89,2.03,1.94,1.97,1.87,2.2,4.0,2.8,2.3,3.9,2.7,,,,2.31,3.96,2.93,2.2,4.0,2.8,2.3,3.9,2.8,2.34,4.1,3.0,2.27,3.95,2.84,1.4,3.0,1.43,3.06,1.43,3.12,1.39,3.0,-0.25,2.04,1.89,2.03,1.89,2.07,1.92,1.99,1.86,2023,Football-Data.co.uk,https://www.football-data.co.uk/mmz4281/2324/D1.csv,,,,,,,,,,,,,,,,,,,,,,,,,,,,,,,,,,,,,,,,,,,,,,,,,,,,,,,,
D1,07/04/2024,16:30,Wolfsburg,M'gladbach,1,3,A,1.0,0.0,H,13.0,10.0,4.0,6.0,9.0,12.0,4.0,4.0,2.0,2.0,0.0,0.0,1.85,4.0,3.8,1.9,3.75,3.75,,,,1.9,3.89,3.97,1.91,3.9,3.7,1.9,3.8,3.8,1.94,4.03,4.1,1.9,3.88,3.86,1.62,2.3,1.68,2.29,1.71,2.33,1.65,2.27,-0.5,1.92,2.01,1.91,2.0,1.94,2.01,1.9,1.95,1.91,4.0,3.5,1.95,3.75,3.6,,,,2.0,3.84,3.74,1.91,3.8,3.6,1.95,3.9,3.5,2.02,4.11,3.85,1.96,3.82,3.67,1.67,2.2,1.68,2.3,1.71,2.35,1.65,2.27,-0.5,2.0,1.93,2.01,1.92,2.02,1.93,1.97,1.9,2023,Football-Data.co.uk,https://www.football-data.co.uk/mmz4281/2324/D1.csv,,,,,,,,,,,,,,,,,,,,,,,,,,,,,,,,,,,,,,,,,,,,,,,,,,,,,,,,
D1,12/04/2024,19:30,Augsburg,Union Berlin,2,0,H,0.0,0.0,D,12.0,17.0,4.0,4.0,15.0,14.0,5.0,4.0,1.0,1.0,0.0,0.0,2.1,3.4,3.4,2.1,3.4,3.4,,,,2.15,3.52,3.59,2.1,3.5,3.4,2.1,3.5,3.5,2.17,3.68,3.65,2.13,3.48,3.51,2.0,1.93,1.98,1.93,2.0,1.97,1.94,1.9,-0.25,1.86,2.07,1.86,2.07,1.88,2.1,1.83,2.03,2.1,3.4,3.4,2.1,3.4,3.4,,,,2.19,3.44,3.57,2.1,3.5,3.4,2.1,3.5,3.5,2.19,3.51,3.68,2.13,3.46,3.5,2.0,1.93,2.0,1.91,2.0,1.97,1.93,1.89,-0.25,1.85,2.08,1.89,2.04,1.89,2.11,1.83,2.03,2023,Football-Data.co.uk,https://www.football-data.co.uk/mmz4281/2324/D1.csv,,,,,,,,,,,,,,,,,,,,,,,,,,,,,,,,,,,,,,,,,,,,,,,,,,,,,,,,
D1,13/04/2024,14:30,Bayern Munich,FC Koln,2,0,H,0.0,0.0,D,17.0,11.0,7.0,5.0,3.0,15.0,5.0,5.0,0.0,3.0,0.0,0.0,1.22,7.5,11.0,1.21,7.25,12.0,,,,1.18,8.25,13.01,1.18,7.5,12.0,1.18,8.0,13.0,1.23,8.7,14.0,1.2,7.74,12.41,1.33,3.4,1.32,3.44,1.33,3.6,1.31,3.45,-2.0,1.9,2.0,1.87,2.02,1.96,2.04,1.88,1.97,1.2,7.5,12.0,1.21,7.25,12.0,,,,1.19,8.02,14.6,1.22,7.0,11.0,1.2,7.5,12.0,1.24,8.02,14.6,1.21,7.5,12.56,1.33,3.4,1.32,3.48,1.36,3.5,1.33,3.35,-2.0,1.85,2.05,1.85,2.07,1.97,2.07,1.91,1.95,2023,Football-Data.co.uk,https://www.football-data.co.uk/mmz4281/2324/D1.csv,,,,,,,,,,,,,,,,,,,,,,,,,,,,,,,,,,,,,,,,,,,,,,,,,,,,,,,,
D1,13/04/2024,14:30,Bochum,Heidenheim,1,1,D,0.0,0.0,D,24.0,10.0,5.0,3.0,12.0,22.0,6.0,2.0,4.0,1.0,0.0,0.0,2.05,3.75,3.3,2.1,3.7,3.2,,,,2.1,3.71,3.47,2.05,3.7,3.3,2.1,3.75,3.3,2.13,3.93,3.55,2.1,3.72,3.38,1.67,2.2,1.68,2.29,1.72,2.36,1.66,2.25,-0.25,1.83,2.07,1.84,2.08,1.85,2.12,1.82,2.04,2.05,3.75,3.4,2.1,3.6,3.3,,,,2.05,3.69,3.7,2.1,3.6,3.3,2.1,3.6,3.4,2.14,3.81,3.71,2.09,3.66,3.45,1.73,2.1,1.76,2.16,1.79,2.23,1.72,2.15,-0.25,1.73,2.08,1.78,2.16,1.87,2.16,1.8,2.05,2023,Football-Data.co.uk,https://www.football-data.co.uk/mmz4281/2324/D1.csv,,,,,,,,,,,,,,,,,,,,,,,,,,,,,,,,,,,,,,,,,,,,,,,,,,,,,,,,
D1,13/04/2024,14:30,Mainz,Hoffenheim,4,1,H,0.0,1.0,A,23.0,5.0,8.0,1.0,12.0,14.0,9.0,3.0,0.0,2.0,0.0,0.0,1.95,4.0,3.4,1.93,3.9,3.6,,,,2.0,3.91,3.58,1.95,3.9,3.4,2.0,3.9,3.4,2.04,4.05,3.72,1.99,3.93,3.52,1.57,2.38,1.6,2.45,1.63,2.49,1.58,2.42,-0.5,2.01,1.89,2.01,1.89,2.03,1.92,1.98,1.87,1.75,4.2,4.2,1.77,4.0,4.1,,,,1.78,4.13,4.4,1.8,4.0,3.9,1.8,4.0,4.2,1.85,4.27,4.4,1.79,4.05,4.18,1.53,2.5,1.57,2.51,1.58,2.55,1.54,2.49,-0.75,1.98,1.92,2.0,1.93,2.07,1.95,1.97,1.87,2023,Football-Data.co.uk,https://www.football-data.co.uk/mmz4281/2324/D1.csv,,,,,,,,,,,,,,,,,,,,,,,,,,,,,,,,,,,,,,,,,,,,,,,,,,,,,,,,
D1,13/04/2024,14:30,M'gladbach,Dortmund,1,2,A,1.0,2.0,A,16.0,12.0,5.0,4.0,13.0,11.0,2.0,4.0,1.0,4.0,0.0,1.0,3.25,4.0,2.0,3.3,4.1,1.95,,,,3.29,4.24,2.02,3.2,4.0,2.0,3.25,4.1,2.0,3.39,4.3,2.1,3.26,4.1,2.03,1.4,3.0,1.42,2.98,1.43,3.25,1.4,2.99,0.5,1.88,2.02,1.88,2.03,1.91,2.07,1.85,2.02,3.3,3.75,2.05,3.2,3.75,2.1,,,,3.51,3.72,2.11,3.2,3.8,2.05,3.13,3.9,2.1,3.54,3.9,2.26,3.29,3.74,2.12,1.53,2.5,1.55,2.6,1.55,2.74,1.5,2.6,0.25,2.07,1.83,2.1,1.84,2.12,1.88,2.03,1.84,2023,Football-Data.co.uk,https://www.football-data.co.uk/mmz4281/2324/D1.csv,,,,,,,,,,,,,,,,,,,,,,,,,,,,,,,,,,,,,,,,,,,,,,,,,,,,,,,,
D1,13/04/2024,14:30,RB Leipzig,Wolfsburg,3,0,H,1.0,0.0,H,15.0,10.0,6.0,3.0,12.0,7.0,6.0,4.0,2.0,4.0,0.0,0.0,1.36,5.0,8.0,1.39,5.25,7.25,,,,1.36,5.66,7.8,1.35,5.5,7.5,1.33,5.5,8.0,1.4,5.8,8.19,1.36,5.47,7.77,1.44,2.75,1.45,2.84,1.48,2.86,1.45,2.74,-1.5,2.0,1.9,2.0,1.9,2.02,1.93,1.98,1.87,1.25,6.0,11.0,1.27,6.25,9.75,,,,1.26,6.42,11.12,1.25,6.5,10.0,1.25,6.5,10.5,1.29,6.75,11.58,1.26,6.35,10.66,1.4,3.0,1.39,3.13,1.42,3.2,1.39,3.05,-1.75,1.9,2.0,1.92,1.99,1.96,2.02,1.9,1.95,2023,Football-Data.co.uk,https://www.football-data.co.uk/mmz4281/2324/D1.csv,,,,,,,,,,,,,,,,,,,,,,,,,,,,,,,,,,,,,,,,,,,,,,,,,,,,,,,,
D1,13/04/2024,17:30,Stuttgart,Ein Frankfurt,3,0,H,3.0,0.0,H,9.0,10.0,6.0,3.0,4.0,15.0,4.0,5.0,1.0,3.0,0.0,0.0,1.53,4.5,5.5,1.55,4.4,5.5,,,,1.51,4.76,6.01,1.5,4.6,5.8,1.5,4.6,6.0,1.55,4.9,6.21,1.52,4.65,5.86,1.57,2.38,1.56,2.52,1.59,2.52,1.56,2.43,-1.0,1.83,2.07,1.81,2.09,1.87,2.09,1.82,2.03,1.45,5.0,6.0,1.46,5.0,6.0,,,,1.48,5.13,6.22,1.44,5.0,6.0,1.45,5.0,6.0,1.5,5.14,6.5,1.46,4.97,6.13,1.44,2.75,1.44,2.92,1.45,2.96,1.43,2.83,-1.25,1.98,1.92,1.99,1.93,2.02,1.93,1.96,1.88,2023,Football-Data.co.uk,https://www.football-data.co.uk/mmz4281/2324/D1.csv,,,,,,,,,,,,,,,,,,,,,,,,,,,,,,,,,,,,,,,,,,,,,,,,,,,,,,,,
D1,14/04/2024,14:30,Darmstadt,Freiburg,0,1,A,0.0,1.0,A,16.0,9.0,4.0,3.0,6.0,12.0,2.0,2.0,0.0,1.0,0.0,0.0,4.0,3.8,1.83,3.9,3.75,1.85,,,,3.98,3.98,1.88,3.9,3.9,1.83,3.9,4.0,1.83,4.1,4.1,1.92,3.96,3.92,1.86,1.62,2.3,1.65,2.33,1.7,2.36,1.66,2.26,0.5,2.04,1.86,2.02,1.88,2.05,1.88,2.01,1.85,4.5,4.0,1.73,4.4,3.9,1.73,,,,4.57,4.2,1.76,4.33,4.2,1.7,4.4,4.1,1.73,4.8,4.33,1.77,4.49,4.09,1.74,1.67,2.2,1.71,2.24,1.72,2.38,1.65,2.26,0.75,1.95,1.98,1.96,1.96,1.97,1.98,1.92,1.92,2023,Football-Data.co.uk,https://www.football-data.co.uk/mmz4281/2324/D1.csv,,,,,,,,,,,,,,,,,,,,,,,,,,,,,,,,,,,,,,,,,,,,,,,,,,,,,,,,
D1,14/04/2024,16:30,Leverkusen,Werder Bremen,5,0,H,1.0,0.0,H,19.0,7.0,10.0,3.0,10.0,4.0,7.0,0.0,2.0,1.0,0.0,0.0,1.2,7.0,13.0,1.19,7.25,13.5,,,,1.2,7.49,12.7,1.18,7.5,13.0,1.2,7.0,13.0,1.23,7.9,15.0,1.2,7.2,13.63,1.44,2.75,1.43,2.88,1.47,2.95,1.43,2.82,-2.0,2.02,1.88,2.01,1.88,2.02,1.94,1.97,1.87,1.2,7.0,13.0,1.22,7.0,11.5,,,,1.2,7.56,13.47,1.18,7.5,13.0,1.2,7.0,13.0,1.23,7.63,15.0,1.2,7.18,12.81,1.4,3.0,1.39,3.13,1.43,3.3,1.37,3.07,-2.0,2.03,1.9,2.01,1.91,2.05,2.0,1.97,1.89,2023,Football-Data.co.uk,https://www.football-data.co.uk/mmz4281/2324/D1.csv,,,,,,,,,,,,,,,,,,,,,,,,,,,,,,,,,,,,,,,,,,,,,,,,,,,,,,,,
D1,19/04/2024,19:30,Ein Frankfurt,Augsburg,3,1,H,0.0,1.0,A,12.0,6.0,7.0,1.0,2.0,19.0,6.0,5.0,3.0,3.0,0.0,0.0,2.0,3.75,3.5,2.05,3.75,3.3,,,,2.06,3.76,3.6,2.0,3.75,3.4,2.05,3.75,3.4,2.1,3.87,3.61,2.05,3.77,3.48,1.67,2.2,1.69,2.29,1.71,2.35,1.67,2.26,-0.5,2.05,1.85,2.07,1.86,2.07,1.89,2.04,1.83,1.91,4.0,3.6,1.9,3.9,3.6,,,,1.93,3.93,3.93,1.91,3.8,3.6,1.95,3.9,3.6,2.0,4.08,3.93,1.95,3.9,3.68,1.57,2.38,1.58,2.51,1.6,2.58,1.56,2.46,-0.5,1.92,1.98,1.93,1.99,2.0,1.99,1.94,1.93,2023,Football-Data.co.uk,https://www.football-data.co.uk/mmz4281/2324/D1.csv,,,,,,,,,,,,,,,,,,,,,,,,,,,,,,,,,,,,,,,,,,,,,,,,,,,,,,,,
D1,20/04/2024,14:30,FC Koln,Darmstadt,0,2,A,0.0,0.0,D,18.0,12.0,4.0,6.0,10.0,13.0,4.0,3.0,0.0,1.0,0.0,0.0,1.5,4.75,5.75,1.5,4.5,6.0,,,,1.49,4.61,6.76,1.5,4.5,6.0,1.5,4.6,6.0,1.55,4.75,6.9,1.5,4.57,6.35,1.62,2.3,1.66,2.31,1.7,2.34,1.65,2.28,-1.0,1.84,2.06,1.8,2.1,1.85,2.12,1.81,2.04,1.44,5.0,6.5,1.44,4.75,6.75,,,,1.43,5.03,7.57,1.4,4.8,7.5,1.4,5.0,7.5,1.48,5.07,7.57,1.44,4.82,7.05,1.57,2.38,1.6,2.45,1.65,2.45,1.6,2.37,-1.25,1.93,2.0,1.93,2.0,2.06,2.0,1.94,1.91,2023,Football-Data.co.uk,https://www.football-data.co.uk/mmz4281/2324/D1.csv,,,,,,,,,,,,,,,,,,,,,,,,,,,,,,,,,,,,,,,,,,,,,,,,,,,,,,,,
D1,20/04/2024,14:30,Heidenheim,RB Leipzig,1,2,A,0.0,1.0,A,9.0,11.0,5.0,4.0,14.0,7.0,2.0,6.0,3.0,1.0,0.0,0.0,5.75,5.25,1.45,6.25,5.0,1.44,,,,6.19,5.19,1.46,6.0,5.0,1.44,6.5,5.0,1.44,6.63,5.4,1.48,6.24,5.1,1.46,1.44,2.75,1.46,2.83,1.47,2.9,1.44,2.8,1.25,1.95,1.95,1.95,1.95,1.97,1.98,1.92,1.93,6.0,5.0,1.44,6.0,4.8,1.47,,,,6.65,5.3,1.44,6.0,5.0,1.44,6.0,5.0,1.45,6.75,5.4,1.5,6.2,5.09,1.46,1.4,3.0,1.42,2.99,1.45,3.0,1.42,2.9,1.25,1.95,1.98,1.97,1.95,1.98,2.03,1.91,1.94,2023,Football-Data.co.uk,https://www.football-data.co.uk/mmz4281/2324/D1.csv,,,,,,,,,,,,,,,,,,,,,,,,,,,,,,,,,,,,,,,,,,,,,,,,,,,,,,,,
D1,20/04/2024,14:30,Hoffenheim,M'gladbach,4,3,H,1.0,1.0,D,27.0,13.0,9.0,7.0,6.0,11.0,6.0,5.0,1.0,3.0,0.0,0.0,2.1,4.0,3.1,2.1,3.9,3.1,,,,2.16,4.04,3.09,2.05,4.0,3.1,2.1,3.9,3.1,2.18,4.2,3.16,2.12,4.02,3.09,1.44,2.75,1.48,2.75,1.48,3.0,1.44,2.8,-0.25,1.9,2.0,1.91,1.99,1.92,2.02,1.86,1.98,2.3,3.8,2.8,2.25,3.75,2.87,,,,2.36,3.82,2.92,2.15,4.0,2.88,2.25,3.9,2.88,2.37,4.07,3.05,2.26,3.87,2.92,1.5,2.63,1.53,2.61,1.53,2.88,1.48,2.69,-0.25,2.09,1.84,2.07,1.86,2.09,1.93,1.97,1.88,2023,Football-Data.co.uk,https://www.football-data.co.uk/mmz4281/2324/D1.csv,,,,,,,,,,,,,,,,,,,,,,,,,,,,,,,,,,,,,,,,,,,,,,,,,,,,,,,,
D1,20/04/2024,14:30,Wolfsburg,Bochum,1,0,H,1.0,0.0,H,10.0,9.0,5.0,1.0,11.0,16.0,5.0,8.0,4.0,3.0,0.0,0.0,1.75,4.0,4.33,1.77,3.9,4.2,,,,1.81,3.88,4.43,1.75,4.0,4.2,1.8,3.9,4.2,1.84,4.2,4.5,1.79,3.98,4.32,1.67,2.2,1.71,2.21,1.73,2.29,1.68,2.22,-0.75,2.03,1.87,2.06,1.85,2.06,1.91,1.99,1.86,1.91,3.6,3.8,1.95,3.5,3.8,,,,1.99,3.61,4.0,1.91,3.75,3.75,2.0,3.6,3.75,2.04,3.75,4.05,1.97,3.59,3.88,1.95,1.95,1.95,1.95,1.98,1.98,1.9,1.93,-0.5,2.0,1.93,2.0,1.93,2.04,1.96,1.97,1.9,2023,Football-Data.co.uk,https://www.football-data.co.uk/mmz4281/2324/D1.csv,,,,,,,,,,,,,,,,,,,,,,,,,,,,,,,,,,,,,,,,,,,,,,,,,,,,,,,,
D1,20/04/2024,17:30,Union Berlin,Bayern Munich,1,5,A,0.0,2.0,A,15.0,18.0,4.0,9.0,5.0,4.0,5.0,3.0,0.0,0.0,0.0,0.0,4.75,4.5,1.62,4.8,4.4,1.6,,,,4.94,4.62,1.62,5.0,4.4,1.57,5.0,4.4,1.6,5.39,4.7,1.65,4.94,4.51,1.62,1.62,2.3,1.63,2.38,1.65,2.48,1.6,2.38,1.0,1.88,2.02,1.88,2.04,1.9,2.05,1.85,2.0,4.5,4.33,1.67,4.8,4.1,1.65,,,,4.9,4.15,1.71,4.75,4.0,1.67,4.8,4.1,1.67,4.9,4.42,1.73,4.75,4.12,1.69,1.73,2.1,1.76,2.16,1.78,2.21,1.72,2.15,0.75,2.02,1.91,2.01,1.92,2.04,1.92,1.98,1.87,2023,Football-Data.co.uk,https://www.football-data.co.uk/mmz4281/2324/D1.csv,,,,,,,,,,,,,,,,,,,,,,,,,,,,,,,,,,,,,,,,,,,,,,,,,,,,,,,,
D1,21/04/2024,14:30,Werder Bremen,Stuttgart,2,1,H,1.0,0.0,H,9.0,14.0,2.0,5.0,11.0,10.0,1.0,7.0,3.0,3.0,0.0,0.0,4.75,4.75,1.57,5.0,4.4,1.6,,,,5.11,4.66,1.6,5.0,4.4,1.57,5.0,4.6,1.57,5.3,4.75,1.65,4.99,4.54,1.6,1.5,2.63,1.48,2.74,1.5,2.79,1.48,2.67,1.0,1.91,1.99,1.93,1.97,1.93,2.0,1.88,1.96,4.0,4.33,1.73,4.6,4.2,1.66,,,,4.39,4.24,1.77,4.6,4.33,1.65,4.4,4.33,1.7,4.8,4.5,1.77,4.49,4.29,1.7,1.53,2.5,1.58,2.5,1.59,2.6,1.54,2.5,0.75,1.93,2.0,1.94,1.98,2.05,2.0,1.98,1.88,2023,Football-Data.co.uk,https://www.football-data.co.uk/mmz4281/2324/D1.csv,,,,,,,,,,,,,,,,,,,,,,,,,,,,,,,,,,,,,,,,,,,,,,,,,,,,,,,,
D1,21/04/2024,16:30,Dortmund,Leverkusen,1,1,D,0.0,0.0,D,9.0,13.0,2.0,5.0,14.0,11.0,2.0,6.0,4.0,3.0,0.0,0.0,2.55,3.8,2.55,2.4,3.8,2.6,,,,2.56,3.84,2.5,2.5,3.8,2.5,2.55,3.9,2.5,2.66,4.03,2.6,2.55,3.84,2.55,1.5,2.63,1.52,2.54,1.52,2.7,1.48,2.58,0.0,1.95,1.95,1.95,1.9,2.0,1.97,1.93,1.92,2.63,3.5,2.6,2.6,3.5,2.55,,,,2.75,3.48,2.66,2.62,3.6,2.5,2.63,3.6,2.55,2.78,3.68,2.67,2.67,3.54,2.59,1.73,2.1,1.78,2.15,1.78,2.41,1.7,2.2,0.0,2.0,1.93,1.99,1.93,2.02,1.96,1.98,1.89,2023,Football-Data.co.uk,https://www.football-data.co.uk/mmz4281/2324/D1.csv,,,,,,,,,,,,,,,,,,,,,,,,,,,,,,,,,,,,,,,,,,,,,,,,,,,,,,,,
D1,21/04/2024,18:30,Freiburg,Mainz,1,1,D,1.0,1.0,D,7.0,17.0,3.0,4.0,17.0,15.0,2.0,4.0,3.0,4.0,0.0,0.0,2.6,3.5,2.6,2.45,3.5,2.7,,,,2.58,3.59,2.72,2.6,3.7,2.5,2.6,3.5,2.63,2.63,3.75,2.76,2.58,3.56,2.67,1.73,2.1,1.78,2.11,1.81,2.2,1.75,2.11,0.0,1.92,1.98,1.9,2.01,1.95,2.01,1.9,1.95,2.9,3.5,2.38,2.87,3.5,2.35,,,,3.02,3.5,2.44,2.9,3.5,2.38,2.88,3.6,2.38,3.02,3.6,2.44,2.91,3.52,2.39,1.87,2.03,1.88,2.03,1.88,2.12,1.82,2.01,0.25,1.82,2.11,1.83,2.11,1.85,2.14,1.8,2.06,2023,Football-Data.co.uk,https://www.football-data.co.uk/mmz4281/2324/D1.csv,,,,,,,,,,,,,,,,,,,,,,,,,,,,,,,,,,,,,,,,,,,,,,,,,,,,,,,,
D1,26/04/2024,19:30,Bochum,Hoffenheim,3,2,H,2.0,0.0,H,35.0,12.0,13.0,4.0,13.0,10.0,10.0,4.0,1.0,1.0,0.0,0.0,2.15,4.0,2.9,2.15,3.9,2.95,,,,2.21,4.0,3.06,2.2,3.9,2.88,2.2,3.8,3.0,2.29,4.11,3.09,2.21,3.92,2.99,1.44,2.75,1.46,2.87,1.49,2.93,1.44,2.8,-0.25,1.95,1.98,1.95,1.97,1.99,1.98,1.93,1.93,2.05,4.0,3.1,2.1,3.9,3.1,,,,2.15,3.97,3.22,2.15,4.0,2.9,2.1,3.9,3.1,2.25,4.11,3.24,2.15,3.94,3.06,1.44,2.75,1.51,2.68,1.51,2.98,1.44,2.82,-0.25,1.88,2.05,1.89,2.03,1.93,2.06,1.88,1.97,2023,Football-Data.co.uk,https://www.football-data.co.uk/mmz4281/2324/D1.csv,,,,,,,,,,,,,,,,,,,,,,,,,,,,,,,,,,,,,,,,,,,,,,,,,,,,,,,,
D1,27/04/2024,14:30,Augsburg,Werder Bremen,0,3,A,0.0,0.0,D,14.0,16.0,1.0,8.0,18.0,8.0,6.0,4.0,1.0,2.0,0.0,0.0,1.8,4.0,4.0,1.83,3.9,3.9,,,,1.8,4.19,4.13,1.8,4.0,4.0,1.8,4.1,4.0,1.86,4.3,4.22,1.81,4.09,4.05,1.57,2.38,1.56,2.53,1.58,2.57,1.55,2.45,-0.75,2.07,1.86,2.03,1.88,2.11,1.89,2.02,1.84,1.65,4.33,4.5,1.7,4.2,4.33,,,,1.69,4.36,4.78,1.67,4.4,4.2,1.67,4.33,4.5,1.82,4.45,4.78,1.7,4.31,4.44,1.44,2.75,1.46,2.86,1.55,2.9,1.45,2.76,-0.75,1.85,2.08,1.86,2.07,2.0,2.08,1.86,2.0,2023,Football-Data.co.uk,https://www.football-data.co.uk/mmz4281/2324/D1.csv,,,,,,,,,,,,,,,,,,,,,,,,,,,,,,,,,,,,,,,,,,,,,,,,,,,,,,,,
D1,27/04/2024,14:30,Bayern Munich,Ein Frankfurt,2,1,H,1.0,1.0,D,19.0,10.0,9.0,3.0,11.0,7.0,4.0,2.0,0.0,3.0,0.0,0.0,1.4,5.25,7.0,1.41,5.25,6.5,,,,1.42,5.46,6.65,1.36,5.5,7.0,1.4,5.25,7.0,1.44,5.7,7.14,1.41,5.4,6.67,1.36,3.2,1.37,3.22,1.39,3.3,1.36,3.17,-1.25,1.86,2.07,1.85,2.06,1.88,2.09,1.82,2.03,1.44,5.0,6.0,1.44,5.25,6.0,,,,1.44,5.38,6.64,1.44,5.0,6.0,1.44,5.25,6.0,1.48,5.5,7.0,1.44,5.19,6.25,1.36,3.2,1.4,3.1,1.41,3.3,1.37,3.11,-1.25,1.95,1.98,1.96,1.99,1.98,2.0,1.9,1.96,2023,Football-Data.co.uk,https://www.football-data.co.uk/mmz4281/2324/D1.csv,,,,,,,,,,,,,,,,,,,,,,,,,,,,,,,,,,,,,,,,,,,,,,,,,,,,,,,,
D1,27/04/2024,14:30,Freiburg,Wolfsburg,1,2,A,1.0,0.0,H,16.0,13.0,3.0,5.0,12.0,7.0,3.0,6.0,4.0,2.0,1.0,0.0,2.3,3.6,2.88,2.25,3.5,3.0,,,,2.37,3.58,3.01,2.3,3.6,2.9,2.3,3.6,3.0,2.4,3.7,3.1,2.33,3.56,3.0,1.84,2.06,1.88,2.01,1.89,2.11,1.83,2.02,-0.25,2.07,1.86,2.06,1.85,2.07,1.91,2.01,1.85,2.25,3.5,3.1,2.25,3.3,3.1,,,,2.35,3.45,3.2,2.25,3.5,3.0,2.25,3.5,3.1,2.35,3.65,3.27,2.29,3.46,3.15,2.06,1.84,2.07,1.85,2.09,2.0,1.99,1.86,-0.25,2.03,1.9,2.03,1.89,2.04,1.95,1.98,1.88,2023,Football-Data.co.uk,https://www.football-data.co.uk/mmz4281/2324/D1.csv,,,,,,,,,,,,,,,,,,,,,,,,,,,,,,,,,,,,,,,,,,,,,,,,,,,,,,,,
D1,27/04/2024,14:30,RB Leipzig,Dortmund,4,1,H,2.0,1.0,H,21.0,12.0,7.0,5.0,11.0,7.0,5.0,8.0,1.0,2.0,0.0,0.0,1.67,4.33,4.5,1.68,4.33,4.33,,,,1.68,4.45,4.61,1.65,4.33,4.4,1.67,4.33,4.5,1.74,4.6,4.75,1.68,4.41,4.51,1.4,3.0,1.42,2.96,1.43,3.1,1.4,2.98,-0.75,1.86,2.07,1.85,2.06,1.9,2.07,1.83,2.03,1.53,4.5,5.25,1.55,4.75,5.0,,,,1.57,4.87,5.33,1.55,4.8,4.8,1.55,4.75,5.25,1.68,4.9,5.5,1.57,4.72,5.07,1.36,3.2,1.4,3.1,1.4,3.33,1.36,3.15,-1.0,1.89,2.04,1.89,2.02,2.05,2.05,1.89,1.98,2023,Football-Data.co.uk,https://www.football-data.co.uk/mmz4281/2324/D1.csv,,,,,,,,,,,,,,,,,,,,,,,,,,,,,,,,,,,,,,,,,,,,,,,,,,,,,,,,
D1,27/04/2024,17:30,Leverkusen,Stuttgart,2,2,D,0.0,0.0,D,14.0,11.0,6.0,4.0,10.0,19.0,5.0,2.0,4.0,3.0,0.0,0.0,1.75,4.2,4.33,1.73,4.1,4.2,,,,1.76,4.31,4.25,1.73,4.2,4.2,1.75,4.2,4.2,1.81,4.4,4.75,1.75,4.22,4.27,1.57,2.38,1.57,2.53,1.6,2.55,1.55,2.46,-0.75,2.0,1.93,1.98,1.93,2.02,1.98,1.94,1.91,1.8,4.0,4.2,1.8,4.0,3.9,,,,1.85,4.03,4.13,1.8,4.0,3.9,1.83,4.0,4.0,1.88,4.35,4.75,1.83,4.01,4.03,1.57,2.38,1.6,2.47,1.62,2.5,1.58,2.42,-0.75,2.05,1.75,2.09,1.83,2.11,1.98,2.02,1.84,2023,Football-Data.co.uk,https://www.football-data.co.uk/mmz4281/2324/D1.csv,,,,,,,,,,,,,,,,,,,,,,,,,,,,,,,,,,,,,,,,,,,,,,,,,,,,,,,,
D1,28/04/2024,14:30,M'gladbach,Union Berlin,0,0,D,0.0,0.0,D,13.0,14.0,4.0,7.0,3.0,13.0,3.0,4.0,2.0,2.0,0.0,0.0,2.3,3.5,3.0,2.25,3.4,3.1,,,,2.38,3.45,3.1,2.25,3.5,3.0,2.3,3.5,3.0,2.42,3.61,3.12,2.33,3.46,3.07,1.97,1.93,1.97,1.92,1.99,1.95,1.93,1.89,-0.25,2.06,1.87,2.06,1.85,2.06,1.9,2.01,1.84,2.5,3.5,2.7,2.45,3.3,2.85,,,,2.59,3.44,2.85,2.5,3.3,2.8,2.5,3.4,2.8,2.59,3.58,2.97,2.52,3.4,2.84,1.95,1.95,1.95,1.95,1.96,1.99,1.91,1.92,0.0,1.84,2.06,1.87,2.06,1.89,2.08,1.83,2.05,2023,Football-Data.co.uk,https://www.football-data.co.uk/mmz4281/2324/D1.csv,,,,,,,,,,,,,,,,,,,,,,,,,,,,,,,,,,,,,,,,,,,,,,,,,,,,,,,,
D1,28/04/2024,16:30,Mainz,FC Koln,1,1,D,1.0,0.0,H,16.0,16.0,4.0,6.0,17.0,13.0,6.0,6.0,4.0,4.0,1.0,0.0,1.55,4.33,6.0,1.55,4.2,5.75,,,,1.54,4.37,6.2,1.53,4.33,5.8,1.53,4.4,6.0,1.58,4.52,6.5,1.54,4.34,6.02,1.73,2.1,1.76,2.14,1.79,2.18,1.73,2.13,-1.0,1.94,1.99,1.94,1.96,1.97,1.99,1.9,1.95,1.55,4.2,5.75,1.55,4.2,5.75,,,,1.58,4.34,5.99,1.53,4.33,5.5,1.55,4.33,5.75,1.6,4.4,6.0,1.57,4.3,5.72,1.67,2.2,1.71,2.23,1.75,2.28,1.69,2.2,-1.0,1.95,1.98,1.96,1.96,2.0,2.0,1.94,1.92,2023,Football-Data.co.uk,https://www.football-data.co.uk/mmz4281/2324/D1.csv,,,,,,,,,,,,,,,,,,,,,,,,,,,,,,,,,,,,,,,,,,,,,,,,,,,,,,,,
D1,28/04/2024,18:30,Darmstadt,Heidenheim,0,1,A,0.0,0.0,D,12.0,19.0,4.0,6.0,14.0,12.0,3.0,8.0,2.0,1.0,0.0,0.0,3.3,3.75,2.1,3.25,3.7,2.1,,,,3.42,3.71,2.12,3.2,3.7,2.1,3.25,3.75,2.1,3.5,3.86,2.16,3.33,3.71,2.11,1.67,2.2,1.7,2.25,1.74,2.29,1.67,2.23,0.25,2.07,1.86,2.06,1.85,2.07,1.86,2.01,1.82,3.1,3.75,2.2,3.1,3.7,2.15,,,,3.28,3.76,2.19,3.2,3.75,2.1,3.13,3.75,2.15,3.28,3.8,2.26,3.17,3.69,2.18,1.67,2.2,1.65,2.36,1.71,2.36,1.66,2.25,0.25,2.0,1.9,2.01,1.92,2.01,1.95,1.95,1.89,2023,Football-Data.co.uk,https://www.football-data.co.uk/mmz4281/2324/D1.csv,,,,,,,,,,,,,,,,,,,,,,,,,,,,,,,,,,,,,,,,,,,,,,,,,,,,,,,,
D1,03/05/2024,19:30,Hoffenheim,RB Leipzig,1,1,D,0.0,1.0,A,18.0,8.0,8.0,5.0,6.0,8.0,4.0,4.0,1.0,3.0,0.0,1.0,5.25,5.0,1.5,5.25,5.0,1.5,,,,5.44,5.24,1.52,5.5,5.0,1.44,5.25,5.25,1.5,5.6,5.5,1.55,5.4,5.19,1.51,1.25,4.0,,,1.29,4.1,1.26,3.85,1.25,1.91,2.02,1.91,2.02,1.95,2.02,1.88,1.97,5.5,5.25,1.5,5.0,5.0,1.52,,,,5.22,5.35,1.53,5.0,5.0,1.53,5.25,5.25,1.5,5.71,5.4,1.55,5.26,5.14,1.52,1.25,4.0,,,1.28,4.2,1.25,3.93,1.25,1.92,2.01,1.9,2.02,1.94,2.03,1.86,1.99,2023,Football-Data.co.uk,https://www.football-data.co.uk/mmz4281/2324/D1.csv,,,,,,,,,,,,,,,,,,,,,,,,,,,,,,,,,,,,,,,,,,,,,,,,,,,,,,,,
D1,04/05/2024,14:30,Dortmund,Augsburg,5,1,H,4.0,1.0,H,21.0,20.0,10.0,4.0,4.0,11.0,6.0,9.0,0.0,1.0,0.0,0.0,1.85,4.33,3.6,1.8,4.33,3.7,,,,1.86,4.37,3.7,1.8,4.33,3.7,1.87,4.2,3.6,1.89,4.5,3.85,1.85,4.32,3.69,1.33,3.4,1.35,3.32,1.35,3.5,1.32,3.33,-0.5,1.89,2.04,1.87,2.04,1.89,2.06,1.84,2.01,1.95,4.0,3.4,2.0,4.0,3.25,,,,2.01,4.19,3.43,2.0,4.0,3.2,2.0,4.1,3.25,2.08,4.2,3.61,2.02,4.07,3.29,1.36,3.2,1.39,3.15,1.4,3.3,1.37,3.15,-0.5,2.01,1.92,2.02,1.91,2.06,1.92,2.02,1.85,2023,Football-Data.co.uk,https://www.football-data.co.uk/mmz4281/2324/D1.csv,,,,,,,,,,,,,,,,,,,,,,,,,,,,,,,,,,,,,,,,,,,,,,,,,,,,,,,,
D1,04/05/2024,14:30,Stuttgart,Bayern Munich,3,1,H,1.0,1.0,D,24.0,10.0,11.0,3.0,10.0,8.0,3.0,1.0,1.0,2.0,0.0,0.0,2.1,4.0,3.1,2.15,3.8,3.0,,,,2.13,4.14,3.09,2.1,4.0,3.0,2.1,4.0,3.1,2.18,4.21,3.15,2.13,4.04,3.07,1.44,2.75,1.44,2.91,1.44,3.07,1.41,2.9,-0.25,1.89,2.04,1.89,2.01,1.92,2.06,1.86,1.99,2.5,3.8,2.5,2.5,3.8,2.5,,,,2.64,3.87,2.56,2.45,3.9,2.5,2.55,3.9,2.5,2.69,4.0,2.7,2.56,3.85,2.54,1.44,2.75,1.48,2.78,1.48,2.9,1.44,2.8,0.0,1.99,1.94,1.99,1.93,1.99,1.98,1.94,1.92,2023,Football-Data.co.uk,https://www.football-data.co.uk/mmz4281/2324/D1.csv,,,,,,,,,,,,,,,,,,,,,,,,,,,,,,,,,,,,,,,,,,,,,,,,,,,,,,,,
D1,04/05/2024,14:30,Werder Bremen,M'gladbach,2,2,D,1.0,1.0,D,17.0,17.0,6.0,7.0,6.0,7.0,7.0,2.0,0.0,0.0,0.0,0.0,2.25,3.75,3.0,2.25,3.8,2.85,,,,2.31,3.83,2.94,2.3,3.8,2.75,2.3,3.75,2.88,2.35,3.96,3.02,2.3,3.75,2.91,1.57,2.38,1.6,2.45,1.6,2.5,1.56,2.44,-0.25,2.05,1.88,2.03,1.88,2.05,1.91,2.0,1.85,2.05,3.75,3.4,2.1,3.7,3.2,,,,2.11,3.9,3.36,2.05,3.75,3.25,2.15,3.8,3.13,2.16,3.9,3.4,2.13,3.74,3.22,1.57,2.38,1.6,2.49,1.6,2.51,1.57,2.41,-0.25,1.75,2.05,1.85,2.08,1.91,2.08,1.85,1.98,2023,Football-Data.co.uk,https://www.football-data.co.uk/mmz4281/2324/D1.csv,,,,,,,,,,,,,,,,,,,,,,,,,,,,,,,,,,,,,,,,,,,,,,,,,,,,,,,,
D1,04/05/2024,14:30,Wolfsburg,Darmstadt,3,0,H,2.0,0.0,H,18.0,6.0,6.0,1.0,11.0,13.0,9.0,2.0,0.0,3.0,0.0,0.0,1.4,5.0,8.0,1.4,5.0,7.25,,,,1.4,5.13,7.8,1.36,5.0,7.5,1.36,5.25,7.5,1.43,5.5,8.5,1.39,5.15,7.64,1.57,2.38,1.57,2.5,1.59,2.55,1.55,2.46,-1.25,1.85,2.08,1.85,2.06,1.89,2.08,1.83,2.02,1.29,6.0,9.0,1.29,5.75,9.5,,,,1.3,6.02,9.98,1.29,5.8,9.0,1.29,6.0,9.5,1.34,6.08,10.0,1.3,5.87,9.54,1.44,2.75,1.45,2.83,1.49,2.88,1.45,2.76,-1.5,1.75,2.05,1.81,2.09,1.95,2.11,1.82,2.03,2023,Football-Data.co.uk,https://www.football-data.co.uk/mmz4281/2324/D1.csv,,,,,,,,,,,,,,,,,,,,,,,,,,,,,,,,,,,,,,,,,,,,,,,,,,,,,,,,
D1,04/05/2024,17:30,FC Koln,Freiburg,0,0,D,0.0,0.0,D,20.0,4.0,7.0,0.0,10.0,9.0,7.0,1.0,1.0,1.0,0.0,0.0,2.3,3.75,2.88,2.25,3.6,2.9,,,,2.37,3.66,2.95,2.3,3.6,2.88,2.38,3.6,2.88,2.42,3.8,3.0,2.36,3.64,2.9,1.73,2.1,1.79,2.11,1.82,2.16,1.75,2.11,-0.25,2.09,1.84,2.07,1.85,2.09,1.89,2.03,1.82,2.5,3.75,2.7,2.4,3.5,2.75,,,,2.52,3.67,2.78,2.38,3.6,2.75,2.4,3.6,2.8,2.56,3.8,2.94,2.44,3.59,2.81,1.73,2.1,1.75,2.19,1.78,2.23,1.73,2.14,0.0,1.88,2.05,1.87,2.06,1.88,2.12,1.81,2.06,2023,Football-Data.co.uk,https://www.football-data.co.uk/mmz4281/2324/D1.csv,,,,,,,,,,,,,,,,,,,,,,,,,,,,,,,,,,,,,,,,,,,,,,,,,,,,,,,,
D1,05/05/2024,14:30,Union Berlin,Bochum,3,4,A,0.0,3.0,A,12.0,17.0,6.0,5.0,13.0,16.0,6.0,4.0,0.0,1.0,0.0,0.0,1.95,3.5,4.0,1.95,3.4,4.0,,,,1.97,3.51,4.12,1.95,3.4,3.9,1.95,3.5,4.0,2.03,3.58,4.2,1.97,3.47,4.02,2.0,1.8,2.11,1.79,2.13,1.85,2.05,1.78,-0.5,1.99,1.94,1.98,1.93,1.99,1.94,1.96,1.9,1.95,3.6,3.8,1.98,3.4,3.8,,,,2.0,3.57,4.03,2.0,3.5,3.7,2.0,3.5,3.8,2.05,3.68,4.1,1.99,3.51,3.9,1.93,1.97,1.93,1.97,2.01,1.97,1.91,1.91,-0.5,2.03,1.9,2.01,1.92,2.05,1.92,2.0,1.86,2023,Football-Data.co.uk,https://www.football-data.co.uk/mmz4281/2324/D1.csv,,,,,,,,,,,,,,,,,,,,,,,,,,,,,,,,,,,,,,,,,,,,,,,,,,,,,,,,
D1,05/05/2024,16:30,Ein Frankfurt,Leverkusen,1,5,A,1.0,2.0,A,16.0,10.0,5.0,6.0,10.0,4.0,10.0,5.0,0.0,0.0,0.0,0.0,3.2,3.5,2.2,3.0,3.5,2.25,,,,3.27,3.68,2.19,3.0,3.5,2.25,3.13,3.5,2.25,3.33,3.82,2.28,3.16,3.59,2.23,1.73,2.1,1.72,2.21,1.77,2.23,1.71,2.15,0.25,1.98,1.95,1.99,1.92,1.99,1.97,1.92,1.9,2.8,3.5,2.4,2.85,3.5,2.37,,,,2.93,3.63,2.43,2.9,3.5,2.3,2.8,3.5,2.45,3.03,3.65,2.45,2.87,3.51,2.4,1.73,2.1,1.72,2.23,1.8,2.23,1.73,2.12,0.25,1.73,2.08,1.83,2.12,1.83,2.14,1.78,2.06,2023,Football-Data.co.uk,https://www.football-data.co.uk/mmz4281/2324/D1.csv,,,,,,,,,,,,,,,,,,,,,,,,,,,,,,,,,,,,,,,,,,,,,,,,,,,,,,,,
D1,05/05/2024,18:30,Heidenheim,Mainz,1,1,D,0.0,1.0,A,16.0,10.0,6.0,4.0,8.0,8.0,6.0,3.0,2.0,3.0,0.0,0.0,3.0,3.5,2.3,2.9,3.6,2.3,,,,3.03,3.58,2.36,2.88,3.7,2.25,3.0,3.6,2.3,3.1,3.82,2.38,2.99,3.58,2.33,1.73,2.1,1.72,2.21,1.75,2.25,1.7,2.19,0.25,1.87,2.06,1.86,2.05,1.87,2.06,1.84,1.99,3.0,3.4,2.38,2.87,3.4,2.37,,,,3.05,3.54,2.4,2.8,3.5,2.4,2.88,3.5,2.4,3.05,3.6,2.5,2.92,3.48,2.41,1.84,2.06,1.83,2.06,1.85,2.14,1.78,2.07,0.25,1.87,2.06,1.85,2.08,1.87,2.14,1.8,2.07,2023,Football-Data.co.uk,https://www.football-data.co.uk/mmz4281/2324/D1.csv,,,,,,,,,,,,,,,,,,,,,,,,,,,,,,,,,,,,,,,,,,,,,,,,,,,,,,,,
D1,10/05/2024,19:30,Augsburg,Stuttgart,0,1,A,0.0,0.0,D,9.0,19.0,1.0,7.0,15.0,9.0,5.0,5.0,4.0,2.0,0.0,0.0,4.0,4.2,1.75,3.8,4.33,1.77,,,,3.92,4.45,1.82,3.75,4.4,1.75,3.8,4.33,1.8,4.0,4.52,1.85,3.88,4.34,1.81,1.36,3.2,1.37,3.25,1.41,3.33,1.36,3.16,0.5,2.05,1.75,2.1,1.81,2.16,1.83,2.07,1.8,4.0,4.2,1.75,3.8,4.2,1.78,,,,4.02,4.41,1.81,3.9,4.6,1.7,4.0,4.4,1.75,4.25,4.6,1.81,4.0,4.38,1.77,1.4,3.0,1.39,3.14,1.4,3.4,1.36,3.22,0.75,1.9,2.0,1.91,2.02,1.94,2.04,1.9,1.95,2023,Football-Data.co.uk,https://www.football-data.co.uk/mmz4281/2324/D1.csv,,,,,,,,,,,,,,,,,,,,,,,,,,,,,,,,,,,,,,,,,,,,,,,,,,,,,,,,
D1,11/05/2024,14:30,FC Koln,Union Berlin,3,2,H,1.0,2.0,A,18.0,14.0,5.0,6.0,15.0,16.0,6.0,8.0,3.0,2.0,0.0,0.0,2.8,3.3,2.55,2.75,3.4,2.5,,,,2.79,3.39,2.63,2.8,3.5,2.4,2.75,3.4,2.55,2.9,3.54,2.66,2.8,3.38,2.57,2.05,1.85,2.05,1.85,2.06,1.89,1.98,1.82,0.0,2.03,1.87,2.01,1.89,2.08,1.89,2.02,1.83,2.55,3.3,2.75,2.55,3.3,2.7,,,,2.59,3.45,2.85,2.6,3.4,2.6,2.55,3.4,2.75,2.79,3.48,2.85,2.59,3.37,2.74,1.95,1.95,1.95,1.95,2.02,1.96,1.91,1.9,0.0,1.86,2.07,1.87,2.06,2.02,2.08,1.88,1.99,2023,Football-Data.co.uk,https://www.football-data.co.uk/mmz4281/2324/D1.csv,,,,,,,,,,,,,,,,,,,,,,,,,,,,,,,,,,,,,,,,,,,,,,,,,,,,,,,,
D1,11/05/2024,14:30,Freiburg,Heidenheim,1,1,D,1.0,1.0,D,19.0,9.0,3.0,3.0,9.0,11.0,2.0,4.0,1.0,1.0,0.0,0.0,1.7,4.0,4.5,1.77,3.9,4.33,,,,1.72,4.07,4.78,1.7,4.2,4.33,1.7,4.2,4.5,1.77,4.26,4.9,1.73,4.06,4.59,1.62,2.3,1.65,2.32,1.69,2.4,1.63,2.31,-0.75,1.91,1.99,1.92,1.99,1.95,2.02,1.89,1.95,1.75,4.0,4.33,1.75,3.9,4.4,,,,1.78,3.98,4.59,1.73,4.0,4.33,1.73,4.1,4.4,1.81,4.1,4.67,1.76,4.0,4.46,1.67,2.2,1.72,2.22,1.72,2.33,1.66,2.25,-0.75,2.0,1.93,2.01,1.92,2.01,1.97,1.95,1.9,2023,Football-Data.co.uk,https://www.football-data.co.uk/mmz4281/2324/D1.csv,,,,,,,,,,,,,,,,,,,,,,,,,,,,,,,,,,,,,,,,,,,,,,,,,,,,,,,,
D1,11/05/2024,14:30,M'gladbach,Ein Frankfurt,1,1,D,1.0,1.0,D,6.0,16.0,3.0,1.0,9.0,10.0,2.0,8.0,1.0,0.0,0.0,0.0,2.45,3.75,2.63,2.45,3.7,2.6,,,,2.53,3.73,2.7,2.45,3.75,2.6,2.5,3.75,2.63,2.57,3.91,2.73,2.51,3.71,2.66,1.57,2.38,1.6,2.45,1.64,2.5,1.57,2.43,0.0,1.9,2.0,1.89,2.02,1.92,2.02,1.86,1.97,2.6,3.75,2.45,2.6,3.6,2.5,,,,2.74,3.69,2.55,2.5,3.75,2.5,2.7,3.75,2.45,2.76,3.85,2.66,2.67,3.7,2.51,1.57,2.38,1.59,2.48,1.6,2.52,1.56,2.45,0.0,2.04,1.89,2.03,1.89,2.05,2.02,1.98,1.89,2023,Football-Data.co.uk,https://www.football-data.co.uk/mmz4281/2324/D1.csv,,,,,,,,,,,,,,,,,,,,,,,,,,,,,,,,,,,,,,,,,,,,,,,,,,,,,,,,
D1,11/05/2024,14:30,RB Leipzig,Werder Bremen,1,1,D,0.0,1.0,A,13.0,10.0,5.0,1.0,12.0,6.0,4.0,3.0,1.0,0.0,0.0,0.0,1.29,6.5,8.0,1.3,6.25,8.25,,,,1.29,6.72,8.41,1.29,6.5,8.0,1.29,6.5,8.5,1.35,7.1,9.5,1.29,6.54,8.64,1.29,3.75,1.32,3.49,1.32,3.9,1.29,3.63,-1.75,1.95,1.95,1.95,1.93,2.02,1.95,1.92,1.91,1.4,5.25,6.5,1.38,5.5,6.75,,,,1.38,5.78,7.3,1.36,5.0,8.0,1.36,5.75,7.0,1.43,6.55,8.05,1.37,5.55,7.14,1.36,3.2,1.35,3.39,1.36,3.5,1.33,3.3,-1.5,2.06,1.87,1.99,1.93,2.06,2.14,1.96,1.89,2023,Football-Data.co.uk,https://www.football-data.co.uk/mmz4281/2324/D1.csv,,,,,,,,,,,,,,,,,,,,,,,,,,,,,,,,,,,,,,,,,,,,,,,,,,,,,,,,
D1,11/05/2024,17:30,Mainz,Dortmund,3,0,H,3.0,0.0,H,14.0,10.0,6.0,2.0,14.0,11.0,4.0,2.0,2.0,2.0,0.0,0.0,2.2,3.6,3.1,2.25,3.8,2.85,,,,2.19,3.97,3.08,2.2,4.0,2.8,2.2,3.8,3.0,2.26,4.07,3.13,2.21,3.9,2.98,1.5,2.63,1.5,2.67,1.51,2.75,1.48,2.65,-0.25,1.95,1.95,1.93,1.97,1.98,1.97,1.91,1.91,1.83,4.0,3.8,1.85,4.0,3.7,,,,1.87,4.23,3.89,1.91,4.0,3.6,1.87,4.0,3.75,2.25,4.42,3.9,1.91,4.08,3.67,1.44,2.75,1.44,2.9,1.46,2.91,1.42,2.81,-0.25,1.6,2.3,1.65,2.38,1.99,2.38,1.69,2.22,2023,Football-Data.co.uk,https://www.football-data.co.uk/mmz4281/2324/D1.csv,,,,,,,,,,,,,,,,,,,,,,,,,,,,,,,,,,,,,,,,,,,,,,,,,,,,,,,,
D1,12/05/2024,14:30,Darmstadt,Hoffenheim,0,6,A,0.0,5.0,A,9.0,12.0,1.0,7.0,9.0,3.0,2.0,3.0,3.0,0.0,0.0,0.0,4.75,4.5,1.62,4.2,4.5,1.68,,,,4.67,4.73,1.64,4.5,4.6,1.6,4.75,4.6,1.62,5.0,4.9,1.7,4.66,4.62,1.64,1.36,3.2,1.36,3.26,1.37,3.39,1.35,3.2,1.0,1.89,2.01,1.89,2.02,1.89,2.03,1.85,1.99,5.0,5.0,1.53,5.0,4.8,1.53,,,,5.23,5.22,1.54,4.75,4.75,1.57,4.8,5.0,1.55,5.26,5.22,1.63,4.91,4.89,1.56,1.29,3.75,1.3,3.49,1.34,3.87,1.3,3.51,1.0,2.03,1.78,2.1,1.81,2.12,1.95,1.98,1.87,2023,Football-Data.co.uk,https://www.football-data.co.uk/mmz4281/2324/D1.csv,,,,,,,,,,,,,,,,,,,,,,,,,,,,,,,,,,,,,,,,,,,,,,,,,,,,,,,,
D1,12/05/2024,16:30,Bayern Munich,Wolfsburg,2,0,H,2.0,0.0,H,5.0,5.0,3.0,2.0,7.0,8.0,4.0,0.0,0.0,2.0,0.0,0.0,1.33,6.0,7.5,1.36,5.5,7.25,,,,1.34,6.36,7.4,1.35,5.5,7.5,1.33,5.75,8.0,1.39,6.6,8.1,1.35,5.89,7.55,1.36,3.2,1.35,3.35,1.37,3.39,1.35,3.22,-1.5,1.91,1.99,1.9,2.01,1.95,2.01,1.89,1.95,1.5,5.25,5.25,1.49,4.75,6.0,,,,1.49,5.08,6.07,1.44,5.0,6.0,1.45,5.0,6.0,1.53,5.33,6.5,1.48,4.92,5.88,1.44,2.75,1.48,2.76,1.51,2.8,1.46,2.68,-1.25,2.05,1.85,2.04,1.88,2.07,1.89,2.0,1.84,2023,Football-Data.co.uk,https://www.football-data.co.uk/mmz4281/2324/D1.csv,,,,,,,,,,,,,,,,,,,,,,,,,,,,,,,,,,,,,,,,,,,,,,,,,,,,,,,,
D1,12/05/2024,18:30,Bochum,Leverkusen,0,5,A,0.0,2.0,A,2.0,28.0,0.0,10.0,5.0,10.0,2.0,6.0,2.0,1.0,1.0,0.0,4.2,4.33,1.7,4.2,4.2,1.73,,,,4.42,4.35,1.72,4.2,4.33,1.7,4.4,4.2,1.7,4.5,4.45,1.77,4.34,4.32,1.72,1.44,2.75,1.5,2.69,1.52,2.75,1.48,2.66,0.75,1.99,1.91,2.0,1.91,2.01,1.92,1.95,1.88,4.2,4.2,1.73,4.33,3.9,1.75,,,,4.65,3.92,1.79,4.4,3.9,1.73,4.2,4.2,1.75,4.7,4.35,1.8,4.41,4.05,1.75,1.57,2.38,1.62,2.42,1.62,2.6,1.56,2.44,0.75,1.92,2.01,1.92,2.0,1.97,2.04,1.9,1.94,2023,Football-Data.co.uk,https://www.football-data.co.uk/mmz4281/2324/D1.csv,,,,,,,,,,,,,,,,,,,,,,,,,,,,,,,,,,,,,,,,,,,,,,,,,,,,,,,,
D1,18/05/2024,14:30,Dortmund,Darmstadt,4,0,H,2.0,0.0,H,21.0,7.0,10.0,1.0,4.0,10.0,7.0,3.0,0.0,3.0,0.0,0.0,1.17,8.5,13.0,1.17,8.75,13.5,,,,1.15,9.67,14.01,1.14,8.5,15.0,1.14,9.0,15.0,1.18,10.0,17.0,1.16,8.99,14.24,1.2,4.5,1.3,3.39,1.24,4.8,1.21,4.43,-2.25,1.87,2.03,1.85,2.02,1.9,2.08,1.85,2.0,1.13,9.5,19.0,1.12,10.0,19.0,,,,1.12,10.99,19.47,1.1,10.0,19.0,1.11,10.5,18.0,1.15,12.0,21.0,1.12,10.37,18.36,1.2,4.5,1.3,3.39,1.21,5.25,1.18,4.9,-2.5,1.8,2.0,1.87,2.02,1.88,2.11,1.85,2.01,2023,Football-Data.co.uk,https://www.football-data.co.uk/mmz4281/2324/D1.csv,,,,,,,,,,,,,,,,,,,,,,,,,,,,,,,,,,,,,,,,,,,,,,,,,,,,,,,,
D1,18/05/2024,14:30,Ein Frankfurt,RB Leipzig,2,2,D,0.0,1.0,A,19.0,9.0,6.0,5.0,10.0,11.0,8.0,3.0,2.0,2.0,0.0,0.0,2.8,3.8,2.3,2.7,3.75,2.35,,,,2.78,3.75,2.43,2.62,4.0,2.38,2.75,3.8,2.38,2.87,4.09,2.47,2.76,3.79,2.4,1.5,2.63,1.49,2.68,1.5,2.79,1.47,2.7,0.25,1.82,2.08,1.78,2.11,1.83,2.14,1.79,2.07,2.15,3.9,3.0,2.2,3.75,2.95,,,,2.21,3.77,3.16,2.3,3.6,2.88,2.25,3.9,2.9,2.8,3.99,3.16,2.34,3.75,2.87,1.44,2.75,1.47,2.79,1.48,2.95,1.43,2.8,-0.25,1.93,2.0,1.93,1.96,2.4,2.0,2.05,1.84,2023,Football-Data.co.uk,https://www.football-data.co.uk/mmz4281/2324/D1.csv,,,,,,,,,,,,,,,,,,,,,,,,,,,,,,,,,,,,,,,,,,,,,,,,,,,,,,,,
D1,18/05/2024,14:30,Heidenheim,FC Koln,4,1,H,3.0,0.0,H,13.0,19.0,7.0,9.0,9.0,20.0,5.0,12.0,1.0,3.0,0.0,0.0,2.3,4.0,2.7,2.35,3.9,2.65,,,,2.35,4.0,2.74,2.3,3.9,2.7,2.38,4.0,2.7,2.46,4.1,2.83,2.35,3.97,2.74,1.5,2.63,1.52,2.61,1.54,2.66,1.51,2.59,0.0,1.78,2.03,1.79,2.09,1.86,2.12,1.79,2.07,2.05,4.2,3.1,2.1,3.9,3.1,,,,2.12,3.91,3.32,2.1,4.0,3.0,2.05,4.0,3.2,2.26,4.27,3.32,2.11,3.98,3.16,1.5,2.63,1.52,2.64,1.52,2.88,1.47,2.73,-0.25,1.85,2.08,1.86,2.07,1.95,2.09,1.84,2.01,2023,Football-Data.co.uk,https://www.football-data.co.uk/mmz4281/2324/D1.csv,,,,,,,,,,,,,,,,,,,,,,,,,,,,,,,,,,,,,,,,,,,,,,,,,,,,,,,,
D1,18/05/2024,14:30,Hoffenheim,Bayern Munich,4,2,H,1.0,2.0,A,17.0,12.0,9.0,4.0,7.0,9.0,6.0,5.0,3.0,1.0,0.0,0.0,2.88,4.5,2.0,3.0,4.33,2.0,,,,3.07,4.34,2.07,3.0,4.5,2.0,3.0,4.5,2.0,3.16,4.6,2.11,3.0,4.43,2.06,1.25,4.0,,,1.26,4.4,1.23,4.09,0.25,2.05,1.85,2.05,1.85,2.06,1.87,2.02,1.82,3.5,4.33,1.85,3.4,4.2,1.9,,,,3.49,4.55,1.89,3.3,4.33,1.91,3.4,4.5,1.87,3.59,4.55,1.97,3.42,4.4,1.91,1.3,3.5,,,1.32,3.73,1.3,3.57,0.5,2.03,1.9,2.01,1.9,2.04,1.94,1.95,1.9,2023,Football-Data.co.uk,https://www.football-data.co.uk/mmz4281/2324/D1.csv,,,,,,,,,,,,,,,,,,,,,,,,,,,,,,,,,,,,,,,,,,,,,,,,,,,,,,,,
D1,18/05/2024,14:30,Leverkusen,Augsburg,2,1,H,2.0,0.0,H,19.0,8.0,8.0,2.0,6.0,7.0,5.0,4.0,0.0,1.0,0.0,0.0,1.3,6.0,9.0,1.27,6.5,8.75,,,,1.3,6.65,7.63,1.25,6.5,9.0,1.29,6.5,8.5,1.32,7.2,9.5,1.29,6.59,8.71,1.25,4.0,,,1.27,4.2,1.24,4.01,-1.75,1.95,1.95,1.91,1.96,1.96,2.02,1.89,1.96,1.2,7.5,12.0,1.18,7.75,13.5,,,,1.17,8.34,14.37,1.18,7.5,12.0,1.17,8.0,15.0,1.23,8.5,15.0,1.19,7.88,12.94,1.25,4.0,,,1.25,4.6,1.21,4.28,-2.25,1.98,1.95,1.95,1.93,2.03,1.97,1.97,1.88,2023,Football-Data.co.uk,https://www.football-data.co.uk/mmz4281/2324/D1.csv,,,,,,,,,,,,,,,,,,,,,,,,,,,,,,,,,,,,,,,,,,,,,,,,,,,,,,,,
D1,18/05/2024,14:30,Stuttgart,M'gladbach,4,0,H,2.0,0.0,H,21.0,13.0,11.0,5.0,4.0,9.0,8.0,4.0,1.0,2.0,0.0,0.0,1.29,6.25,8.5,1.28,6.5,8.5,,,,1.28,6.62,8.47,1.25,6.5,9.0,1.25,7.0,9.0,1.31,7.0,10.0,1.28,6.63,8.97,1.22,4.33,1.32,3.27,1.25,4.5,1.23,4.19,-1.75,1.89,2.01,1.88,1.99,1.91,2.04,1.86,1.99,1.2,7.5,11.0,1.21,7.5,11.5,,,,1.2,7.88,11.65,1.22,7.0,10.0,1.2,7.5,12.0,1.25,8.0,13.0,1.22,7.49,11.09,1.25,4.0,1.32,3.27,1.25,4.55,1.21,4.32,-2.0,1.75,2.05,1.81,2.06,1.95,2.13,1.84,2.01,2023,Football-Data.co.uk,https://www.football-data.co.uk/mmz4281/2324/D1.csv,,,,,,,,,,,,,,,,,,,,,,,,,,,,,,,,,,,,,,,,,,,,,,,,,,,,,,,,
D1,18/05/2024,14:30,Union Berlin,Freiburg,2,1,H,0.0,0.0,D,14.0,11.0,5.0,5.0,14.0,9.0,3.0,7.0,7.0,4.0,0.0,0.0,2.1,3.4,3.5,2.1,3.4,3.4,,,,2.15,3.39,3.57,2.1,3.5,3.4,2.15,3.4,3.5,2.2,3.7,3.65,2.13,3.47,3.51,1.95,1.95,1.94,1.93,1.97,1.97,1.92,1.92,-0.25,1.85,2.05,1.85,2.04,1.87,2.13,1.82,2.03,1.85,3.7,4.1,1.9,3.7,3.8,,,,1.91,3.83,4.14,1.85,3.75,3.9,1.87,3.75,4.0,1.98,3.86,4.15,1.91,3.75,3.95,1.73,2.1,1.75,2.17,1.79,2.25,1.74,2.13,-0.5,1.91,2.02,1.92,2.01,1.98,2.05,1.91,1.95,2023,Football-Data.co.uk,https://www.football-data.co.uk/mmz4281/2324/D1.csv,,,,,,,,,,,,,,,,,,,,,,,,,,,,,,,,,,,,,,,,,,,,,,,,,,,,,,,,
D1,18/05/2024,14:30,Werder Bremen,Bochum,4,1,H,1.0,0.0,H,25.0,26.0,12.0,8.0,12.0,12.0,8.0,8.0,1.0,1.0,0.0,0.0,2.38,3.6,2.8,2.45,3.6,2.7,,,,2.37,3.61,2.94,2.38,3.7,2.7,2.38,3.75,2.8,2.45,3.99,3.01,2.38,3.67,2.86,1.57,2.38,1.56,2.52,1.57,2.57,1.54,2.48,-0.25,2.07,1.83,2.07,1.83,2.1,1.88,2.03,1.82,2.15,3.8,3.1,2.1,3.8,3.1,,,,2.16,3.87,3.19,2.1,3.7,3.2,2.1,3.9,3.1,2.2,4.0,3.34,2.13,3.84,3.19,1.44,2.75,1.49,2.72,1.54,2.84,1.48,2.68,-0.25,1.92,2.01,1.9,2.0,1.93,2.04,1.86,1.99,2023,Football-Data.co.uk,https://www.football-data.co.uk/mmz4281/2324/D1.csv,,,,,,,,,,,,,,,,,,,,,,,,,,,,,,,,,,,,,,,,,,,,,,,,,,,,,,,,
D1,18/05/2024,14:30,Wolfsburg,Mainz,1,3,A,1.0,1.0,D,12.0,12.0,4.0,6.0,13.0,15.0,1.0,3.0,2.0,3.0,0.0,0.0,3.2,3.5,2.2,3.1,3.6,2.2,,,,3.28,3.54,2.21,3.1,3.7,2.15,3.13,3.6,2.2,3.35,3.78,2.25,3.23,3.58,2.21,1.73,2.1,1.77,2.1,1.82,2.17,1.75,2.11,0.25,1.98,1.92,1.96,1.93,1.99,1.94,1.94,1.89,3.1,3.5,2.25,3.1,3.5,2.25,,,,3.26,3.43,2.3,3.2,3.5,2.15,3.0,3.6,2.25,3.47,3.75,2.35,3.2,3.54,2.24,1.73,2.1,1.77,2.12,1.79,2.27,1.72,2.15,0.25,1.91,2.02,1.92,1.99,1.99,2.02,1.92,1.93,2023,Football-Data.co.uk,https://www.football-data.co.uk/mmz4281/2324/D1.csv,,,,,,,,,,,,,,,,,,,,,,,,,,,,,,,,,,,,,,,,,,,,,,,,,,,,,,,,
D1,23/08/2024,19:30,M'gladbach,Leverkusen,2,3,A,0.0,2.0,A,14.0,25.0,7.0,9.0,11.0,7.0,2.0,4.0,1.0,0.0,0.0,0.0,5.25,4.5,1.55,5.0,4.4,1.58,,,,5.33,4.58,1.6,5.0,4.33,1.57,,,,5.5,4.78,1.62,5.16,4.53,1.58,1.44,2.75,1.5,2.71,1.51,2.75,1.47,2.68,1.0,1.98,1.92,1.98,1.94,2.01,1.94,1.93,1.92,4.75,4.5,1.62,4.75,4.33,1.63,,,,4.94,4.38,1.67,5.0,4.4,1.57,,,,5.6,4.62,1.67,5.09,4.46,1.6,1.44,2.75,1.48,2.79,1.48,2.9,1.45,2.8,1.0,1.86,2.04,1.87,2.06,1.96,2.08,1.91,1.96,2024,Football-Data.co.uk,https://www.football-data.co.uk/mmz4281/2425/D1.csv,5.0,4.5,1.6,5.39,4.78,1.61,5.7,4.7,1.63,1.53,2.86,2.0,1.96,4.75,4.2,1.55,5.13,4.62,1.62,5.4,4.5,1.68,1.5,2.96,1.91,2.07,,,,,,,,,,,,,,,,,,,,,,,,,,,,,,
D1,24/08/2024,14:30,Augsburg,Werder Bremen,2,2,D,2.0,1.0,H,10.0,12.0,3.0,6.0,11.0,10.0,4.0,2.0,3.0,1.0,0.0,0.0,2.2,3.6,3.1,2.25,3.5,3.0,,,,2.32,3.55,3.11,2.25,3.5,3.1,,,,2.35,3.8,3.16,2.28,3.56,3.07,1.73,2.1,1.74,2.18,1.77,2.23,1.72,2.15,-0.25,1.99,1.91,2.02,1.89,2.02,1.95,1.96,1.9,2.45,3.6,2.7,2.45,3.5,2.7,,,,2.57,3.61,2.77,2.45,3.6,2.7,,,,2.57,3.69,3.16,2.46,3.54,2.82,1.67,2.2,1.71,2.26,1.75,2.3,1.69,2.21,0.0,1.88,2.05,1.88,2.04,1.88,2.06,1.86,2.03,2024,Football-Data.co.uk,https://www.football-data.co.uk/mmz4281/2425/D1.csv,2.25,3.6,3.1,2.31,3.8,3.13,2.34,3.7,3.25,1.74,2.24,2.02,1.95,2.38,3.3,2.7,2.51,3.69,2.77,2.6,3.65,2.9,1.74,2.28,1.9,2.1,,,,,,,,,,,,,,,,,,,,,,,,,,,,,,
D1,24/08/2024,14:30,Freiburg,Stuttgart,3,1,H,1.0,1.0,D,15.0,9.0,4.0,2.0,7.0,10.0,6.0,3.0,2.0,1.0,0.0,0.0,3.5,3.6,2.05,3.4,3.6,2.05,,,,3.5,3.7,2.09,3.5,3.7,2.0,,,,3.65,3.87,2.11,3.5,3.7,2.06,1.67,2.2,1.71,2.23,1.78,2.27,1.7,2.18,0.5,1.83,2.07,1.81,2.09,1.85,2.09,1.81,2.05,3.7,3.8,1.91,3.5,3.7,2.0,,,,3.73,3.99,1.96,3.6,3.7,2.0,,,,3.95,3.99,2.11,3.62,3.81,1.98,1.53,2.5,1.56,2.58,1.61,2.62,1.55,2.43,0.5,1.95,1.98,1.95,1.97,1.98,2.09,1.87,2.0,2024,Football-Data.co.uk,https://www.football-data.co.uk/mmz4281/2425/D1.csv,3.5,3.6,2.05,3.58,3.87,2.1,3.7,3.7,2.16,1.75,2.3,1.85,2.16,3.5,3.7,1.9,3.95,3.9,1.92,3.8,4.0,2.04,1.59,2.66,1.95,2.04,,,,,,,,,,,,,,,,,,,,,,,,,,,,,,
D1,24/08/2024,14:30,Hoffenheim,Holstein Kiel,3,2,H,2.0,0.0,H,20.0,15.0,8.0,6.0,8.0,14.0,8.0,6.0,2.0,3.0,0.0,1.0,1.65,4.5,4.5,1.65,4.2,4.6,,,,1.64,4.38,5.07,1.65,4.2,4.75,,,,1.69,4.52,5.2,1.65,4.33,4.85,1.53,2.5,1.55,2.56,1.55,2.56,1.53,2.49,-1.0,2.08,1.82,2.08,1.84,2.09,1.84,2.05,1.8,1.62,4.75,4.5,1.61,4.4,4.8,,,,1.61,4.68,5.05,1.6,4.5,4.8,,,,1.7,4.82,5.1,1.62,4.54,4.87,1.4,3.0,1.45,2.89,1.56,3.0,1.45,2.77,-1.0,2.03,1.9,1.99,1.93,2.16,1.95,2.02,1.86,2024,Football-Data.co.uk,https://www.football-data.co.uk/mmz4281/2425/D1.csv,1.62,4.33,5.0,1.69,4.52,4.98,1.67,4.5,5.3,,,2.1,1.86,1.55,4.2,4.75,1.61,4.82,4.99,1.64,4.7,5.4,1.47,3.0,2.0,1.95,,,,,,,,,,,,,,,,,,,,,,,,,,,,,,
D1,24/08/2024,14:30,Mainz,Union Berlin,1,1,D,0.0,0.0,D,15.0,15.0,3.0,4.0,9.0,15.0,8.0,9.0,1.0,3.0,0.0,0.0,2.0,3.4,3.9,2.0,3.3,3.9,,,,2.08,3.24,4.1,2.05,3.2,3.9,,,,2.11,3.4,4.2,2.05,3.3,4.01,2.2,1.67,2.27,1.68,2.3,1.72,2.23,1.68,-0.5,2.05,1.85,2.09,1.83,2.09,1.88,2.04,1.83,2.05,3.3,3.75,2.05,3.3,3.7,,,,2.1,3.39,3.9,2.05,3.25,3.8,,,,2.15,3.5,3.99,2.08,3.34,3.8,2.07,1.83,2.09,1.83,2.27,1.87,2.07,1.79,-0.5,2.1,1.83,2.11,1.83,2.13,1.85,2.07,1.81,2024,Football-Data.co.uk,https://www.football-data.co.uk/mmz4281/2425/D1.csv,2.05,3.3,4.0,2.11,3.37,4.11,2.12,3.4,4.1,,,2.12,1.86,2.0,3.1,3.6,2.1,3.38,3.85,2.18,3.4,3.95,2.14,1.85,2.18,1.84,,,,,,,,,,,,,,,,,,,,,,,,,,,,,,
D1,24/08/2024,14:30,RB Leipzig,Bochum,1,0,H,0.0,0.0,D,12.0,10.0,3.0,4.0,9.0,17.0,9.0,3.0,1.0,3.0,1.0,0.0,1.25,7.0,9.0,1.27,6.25,9.75,,,,1.25,6.71,10.65,1.25,6.0,11.0,,,,1.28,7.01,12.0,1.25,6.58,10.53,1.36,3.2,1.35,3.26,1.38,3.33,1.36,3.14,-1.75,1.87,2.03,1.86,2.03,1.93,2.04,1.86,2.0,1.22,7.5,11.0,1.23,6.75,12.0,,,,1.22,7.23,12.72,1.22,6.5,12.0,,,,1.25,7.58,13.0,1.22,7.05,11.94,1.33,3.4,1.34,3.38,1.37,3.56,1.33,3.35,-2.0,1.99,1.94,1.99,1.92,2.02,1.95,1.97,1.89,2024,Football-Data.co.uk,https://www.football-data.co.uk/mmz4281/2425/D1.csv,1.25,6.5,11.0,1.28,7.01,11.3,1.27,7.2,12.0,,,1.88,2.05,1.17,6.5,11.0,1.23,7.58,11.5,1.24,7.8,14.0,1.37,3.6,2.01,1.93,,,,,,,,,,,,,,,,,,,,,,,,,,,,,,
D1,24/08/2024,17:30,Dortmund,Ein Frankfurt,2,0,H,0.0,0.0,D,17.0,7.0,5.0,2.0,6.0,3.0,7.0,7.0,0.0,1.0,0.0,0.0,1.7,4.1,4.5,1.71,4.2,4.33,,,,1.71,4.4,4.48,1.7,4.2,4.33,,,,1.75,4.52,4.52,1.71,4.31,4.39,1.5,2.63,1.48,2.73,1.5,2.79,1.47,2.68,-0.75,1.89,2.01,1.89,2.01,1.92,2.03,1.88,1.98,1.7,4.0,4.5,1.75,4.0,4.2,,,,1.75,4.19,4.58,1.75,4.0,4.2,,,,1.81,4.35,4.82,1.76,4.1,4.36,1.5,2.63,1.52,2.7,1.52,2.81,1.49,2.65,-0.75,1.93,2.0,1.93,1.99,1.99,2.0,1.92,1.93,2024,Football-Data.co.uk,https://www.football-data.co.uk/mmz4281/2425/D1.csv,1.7,4.2,4.5,1.75,4.52,4.52,1.76,4.5,4.7,1.51,2.84,1.93,2.04,1.75,3.8,4.2,1.73,4.11,4.82,1.87,4.1,4.5,1.58,2.68,2.07,1.91,,,,,,,,,,,,,,,,,,,,,,,,,,,,,,
D1,25/08/2024,14:30,Wolfsburg,Bayern Munich,2,3,A,0.0,1.0,A,11.0,14.0,2.0,8.0,13.0,11.0,1.0,7.0,2.0,3.0,0.0,0.0,6.25,4.75,1.45,6.0,4.8,1.47,,,,6.33,5.0,1.47,7.0,5.0,1.4,,,,6.6,5.1,1.51,6.32,4.93,1.46,1.44,2.75,1.46,2.81,1.46,2.86,1.44,2.76,1.25,1.92,1.98,1.92,1.99,1.96,2.0,1.9,1.95,6.0,4.75,1.45,6.5,4.6,1.46,,,,6.5,4.57,1.52,6.5,4.6,1.5,,,,7.0,4.92,1.54,6.36,4.67,1.49,1.44,2.75,1.53,2.59,1.53,2.95,1.46,2.76,1.25,1.95,1.98,1.94,1.98,1.98,2.02,1.91,1.95,2024,Football-Data.co.uk,https://www.football-data.co.uk/mmz4281/2425/D1.csv,6.5,5.0,1.44,6.37,5.08,1.51,7.0,5.3,1.49,,,1.94,1.99,6.0,4.5,1.5,6.5,4.92,1.49,6.4,4.7,1.58,1.51,2.9,1.96,2.03,,,,,,,,,,,,,,,,,,,,,,,,,,,,,,
D1,25/08/2024,16:30,St Pauli,Heidenheim,0,2,A,0.0,0.0,D,11.0,6.0,3.0,3.0,10.0,15.0,4.0,2.0,2.0,3.0,0.0,0.0,2.1,3.5,3.4,2.1,3.5,3.4,,,,2.13,3.5,3.59,2.1,3.4,3.5,,,,2.17,3.62,3.68,2.12,3.5,3.46,1.87,2.03,1.87,2.02,1.91,2.05,1.85,1.98,-0.25,1.84,2.06,1.85,2.07,1.87,2.08,1.82,2.03,1.95,3.5,3.75,2.0,3.5,3.7,,,,2.02,3.49,4.06,2.0,3.5,3.7,,,,2.05,3.62,4.06,2.0,3.51,3.8,2.03,1.87,2.03,1.88,2.05,2.0,1.94,1.88,-0.5,2.02,1.91,2.03,1.9,2.05,1.93,2.01,1.86,2024,Football-Data.co.uk,https://www.football-data.co.uk/mmz4281/2425/D1.csv,2.1,3.5,3.4,2.17,3.62,3.6,2.2,3.55,3.7,1.88,2.04,1.89,2.08,1.91,3.25,3.8,2.05,3.62,3.74,2.04,3.55,4.2,2.04,1.93,2.06,1.92,,,,,,,,,,,,,,,,,,,,,,,,,,,,,,
D1,30/08/2024,19:30,Union Berlin,St Pauli,1,0,H,1.0,0.0,H,10.0,8.0,5.0,2.0,10.0,11.0,5.0,4.0,3.0,1.0,0.0,0.0,1.91,3.5,4.1,1.93,3.5,4.0,,,,1.96,3.5,4.29,1.91,3.4,4.2,,,,2.01,3.6,4.4,1.94,3.5,4.15,2.03,1.87,2.03,1.88,2.05,1.91,1.99,1.86,-0.5,1.95,1.98,1.97,1.95,1.97,2.0,1.94,1.93,1.95,3.4,4.2,1.95,3.4,4.0,,,,1.95,3.43,4.43,2.0,3.3,4.0,,,,2.04,3.51,4.43,1.97,3.43,4.13,2.1,1.73,2.17,1.76,2.21,1.89,2.06,1.79,-0.5,1.99,1.94,1.96,1.96,2.01,1.96,1.98,1.89,2024,Football-Data.co.uk,https://www.football-data.co.uk/mmz4281/2425/D1.csv,1.95,3.4,4.2,1.99,3.59,4.26,1.98,3.6,4.5,2.04,1.93,1.98,2.01,1.95,3.3,3.9,1.94,3.45,4.43,2.04,3.5,4.3,2.2,1.81,2.03,1.96,,,,,,,,,,,,,,,,,,,,,,,,,,,,,,
D1,31/08/2024,14:30,Bochum,M'gladbach,0,2,A,0.0,0.0,D,16.0,15.0,4.0,6.0,9.0,10.0,3.0,4.0,1.0,0.0,0.0,0.0,2.6,3.6,2.6,2.5,3.6,2.6,,,,2.66,3.73,2.57,2.62,3.6,2.5,,,,2.69,3.88,2.65,2.62,3.69,2.56,1.57,2.38,1.61,2.44,1.65,2.47,1.6,2.38,0.0,1.98,1.92,1.99,1.92,2.01,1.95,1.97,1.91,2.88,3.8,2.3,2.8,3.7,2.3,,,,2.88,3.85,2.38,2.8,3.7,2.38,,,,2.96,3.9,2.38,2.86,3.75,2.34,1.5,2.63,1.51,2.7,1.53,2.75,1.5,2.62,0.25,1.86,2.07,1.85,2.09,1.88,2.09,1.83,2.03,2024,Football-Data.co.uk,https://www.football-data.co.uk/mmz4281/2425/D1.csv,2.63,3.6,2.55,2.69,3.88,2.59,2.74,3.75,2.66,1.63,2.5,2.01,1.95,2.8,3.6,2.3,2.95,3.82,2.33,2.96,4.0,2.4,1.55,2.78,1.89,2.1,,,,,,,,,,,,,,,,,,,,,,,,,,,,,,
D1,31/08/2024,14:30,Ein Frankfurt,Hoffenheim,3,1,H,2.0,0.0,H,17.0,10.0,7.0,3.0,10.0,10.0,1.0,4.0,0.0,3.0,0.0,0.0,1.8,4.2,3.9,1.82,4.0,3.9,,,,1.8,4.2,4.12,1.83,4.0,3.9,,,,1.85,4.3,4.2,1.81,4.1,4.01,1.44,2.75,1.47,2.78,1.5,2.82,1.46,2.71,-0.75,2.03,1.87,2.02,1.89,2.07,1.9,2.01,1.85,1.62,4.5,4.5,1.68,4.2,4.5,,,,1.65,4.6,4.84,1.67,4.2,4.6,,,,1.71,4.6,5.02,1.67,4.4,4.62,1.4,3.0,1.46,3.04,1.46,3.11,1.43,2.89,-0.75,1.75,2.05,1.8,2.13,1.91,2.13,1.81,2.05,2024,Football-Data.co.uk,https://www.football-data.co.uk/mmz4281/2425/D1.csv,1.75,4.0,4.2,1.85,4.27,4.16,1.85,4.2,4.3,1.5,2.84,2.05,1.9,1.67,4.33,4.33,1.63,4.59,5.02,1.72,4.5,4.9,1.47,3.05,1.89,2.1,,,,,,,,,,,,,,,,,,,,,,,,,,,,,,
D1,31/08/2024,14:30,Holstein Kiel,Wolfsburg,0,2,A,0.0,2.0,A,12.0,12.0,5.0,4.0,17.0,14.0,1.0,7.0,4.0,7.0,0.0,0.0,3.2,3.7,2.15,3.1,3.6,2.15,,,,3.26,3.69,2.19,3.2,3.6,2.15,,,,3.4,3.86,2.21,3.2,3.69,2.18,1.73,2.1,1.72,2.21,1.74,2.28,1.7,2.18,0.25,1.99,1.91,1.99,1.92,2.0,1.92,1.95,1.88,2.9,3.7,2.3,2.9,3.6,2.3,,,,3.06,3.68,2.33,2.9,3.6,2.3,,,,3.07,3.77,2.38,2.97,3.64,2.32,1.62,2.3,1.67,2.32,1.68,2.41,1.64,2.28,0.25,1.89,2.04,1.89,2.03,1.93,2.05,1.85,2.0,2024,Football-Data.co.uk,https://www.football-data.co.uk/mmz4281/2425/D1.csv,3.4,3.6,2.15,3.34,3.86,2.19,3.4,3.7,2.22,1.72,2.26,2.04,1.92,3.0,3.5,2.25,2.95,3.77,2.34,3.15,3.7,2.38,1.71,2.38,1.93,2.06,,,,,,,,,,,,,,,,,,,,,,,,,,,,,,
D1,31/08/2024,14:30,Stuttgart,Mainz,3,3,D,2.0,1.0,H,28.0,9.0,13.0,7.0,6.0,12.0,11.0,2.0,4.0,2.0,0.0,0.0,1.62,4.33,5.25,1.61,4.2,5.25,,,,1.66,4.23,5.09,1.62,4.2,5.0,,,,1.7,4.42,5.25,1.65,4.24,5.02,1.62,2.3,1.64,2.36,1.67,2.4,1.62,2.32,-0.75,1.75,2.05,1.83,2.08,1.85,2.11,1.8,2.06,1.67,4.33,4.75,1.65,4.2,4.8,,,,1.67,4.21,4.97,1.65,4.2,4.8,,,,1.69,4.36,5.21,1.66,4.25,4.88,1.57,2.38,1.58,2.51,1.66,2.53,1.58,2.42,-0.75,1.87,2.06,1.85,2.09,1.87,2.13,1.82,2.05,2024,Football-Data.co.uk,https://www.football-data.co.uk/mmz4281/2425/D1.csv,1.65,4.1,5.0,1.7,4.42,5.03,1.69,4.2,5.7,1.67,2.34,1.84,2.14,1.62,4.0,5.0,1.64,4.36,5.21,1.71,4.3,5.4,1.62,2.56,1.88,2.1,,,,,,,,,,,,,,,,,,,,,,,,,,,,,,
D1,31/08/2024,14:30,Werder Bremen,Dortmund,0,0,D,0.0,0.0,D,5.0,9.0,1.0,4.0,11.0,16.0,5.0,6.0,2.0,7.0,0.0,1.0,4.1,4.0,1.8,3.75,4.0,1.83,,,,4.05,4.14,1.83,3.9,4.0,1.83,,,,4.2,4.37,1.86,3.94,4.12,1.82,1.44,2.75,1.46,2.84,1.48,2.93,1.44,2.77,0.5,2.03,1.78,2.07,1.83,2.1,1.85,2.03,1.82,3.9,3.75,1.91,3.75,3.75,1.9,,,,3.88,3.94,1.93,3.6,3.8,1.95,,,,4.15,4.1,1.95,3.79,3.89,1.91,1.57,2.38,1.6,2.49,1.62,2.63,1.55,2.47,0.5,1.98,1.95,1.98,1.94,2.01,1.95,1.95,1.91,2024,Football-Data.co.uk,https://www.football-data.co.uk/mmz4281/2425/D1.csv,4.0,4.1,1.8,4.03,4.37,1.86,4.2,4.2,1.87,1.45,2.94,2.12,1.88,3.75,3.9,1.87,4.15,3.81,1.9,3.85,4.0,2.0,1.61,2.58,1.99,2.0,,,,,,,,,,,,,,,,,,,,,,,,,,,,,,
D1,31/08/2024,17:30,Leverkusen,RB Leipzig,2,3,A,2.0,1.0,H,27.0,10.0,10.0,4.0,7.0,8.0,18.0,2.0,3.0,1.0,0.0,0.0,1.75,4.2,4.1,1.8,4.0,3.9,,,,1.8,4.22,4.1,1.8,4.0,4.0,,,,1.85,4.3,4.4,1.8,4.14,4.05,1.5,2.63,1.49,2.72,1.51,2.75,1.48,2.65,-0.75,2.01,1.89,2.02,1.88,2.05,1.92,1.99,1.86,1.62,4.5,4.75,1.63,4.33,4.6,,,,1.63,4.45,5.15,1.65,4.2,4.75,,,,1.75,4.59,5.15,1.67,4.34,4.66,1.44,2.75,1.47,2.83,1.5,2.89,1.45,2.78,-0.75,1.73,2.08,1.78,2.16,1.89,2.19,1.81,2.04,2024,Football-Data.co.uk,https://www.football-data.co.uk/mmz4281/2425/D1.csv,1.75,4.0,4.4,1.85,4.27,4.16,1.82,4.2,4.5,1.51,2.8,2.02,1.92,1.62,4.1,4.75,1.67,4.59,4.66,1.68,4.5,5.2,1.51,2.92,1.84,2.17,,,,,,,,,,,,,,,,,,,,,,,,,,,,,,
D1,01/09/2024,14:30,Heidenheim,Augsburg,4,0,H,2.0,0.0,H,17.0,15.0,9.0,1.0,15.0,11.0,5.0,6.0,0.0,3.0,0.0,0.0,2.38,3.5,2.9,2.37,3.5,2.8,,,,2.42,3.47,3.02,2.38,3.5,2.88,,,,2.46,3.72,3.04,2.4,3.49,2.94,1.73,2.1,1.81,2.08,1.82,2.19,1.77,2.09,-0.25,2.07,1.83,2.09,1.83,2.12,1.87,2.05,1.81,2.38,3.5,2.9,2.45,3.4,2.8,,,,2.42,3.49,3.05,2.38,3.5,2.88,,,,2.5,3.65,3.05,2.42,3.47,2.92,1.8,2.0,1.81,2.11,1.82,2.2,1.77,2.08,-0.25,2.09,1.84,2.09,1.85,2.11,1.85,2.07,1.8,2024,Football-Data.co.uk,https://www.football-data.co.uk/mmz4281/2425/D1.csv,2.38,3.4,3.0,2.44,3.72,2.97,2.46,3.6,3.1,1.76,2.12,2.12,1.86,2.3,3.3,2.88,2.5,3.57,2.86,2.48,3.55,3.1,1.83,2.16,2.13,1.86,,,,,,,,,,,,,,,,,,,,,,,,,,,,,,
D1,01/09/2024,16:30,Bayern Munich,Freiburg,2,0,H,1.0,0.0,H,11.0,8.0,4.0,4.0,13.0,12.0,2.0,4.0,1.0,0.0,0.0,0.0,1.2,8.0,11.0,1.2,7.75,11.5,,,,1.21,7.89,11.45,1.2,7.0,12.0,,,,1.24,8.4,13.0,1.21,7.74,11.63,1.25,4.0,,,1.27,4.23,1.24,3.96,-2.25,2.03,1.78,2.08,1.8,2.11,1.85,2.07,1.79,1.2,7.5,11.0,1.2,7.5,12.0,,,,1.19,8.1,13.69,1.2,7.0,13.0,,,,1.22,8.8,14.0,1.2,7.84,12.66,1.29,3.75,,,1.29,3.93,1.27,3.72,-2.0,1.9,2.03,1.88,2.02,1.9,2.07,1.85,2.02,2024,Football-Data.co.uk,https://www.football-data.co.uk/mmz4281/2425/D1.csv,1.2,7.5,12.0,1.23,8.1,12.5,1.23,8.0,13.5,1.27,4.1,2.11,1.81,1.15,7.5,13.0,1.22,7.96,12.1,1.21,8.6,16.5,1.31,4.1,1.9,2.07,,,,,,,,,,,,,,,,,,,,,,,,,,,,,,
D1,13/09/2024,19:30,Dortmund,Heidenheim,4,2,H,3.0,1.0,H,13.0,11.0,7.0,4.0,13.0,18.0,8.0,1.0,2.0,2.0,0.0,0.0,1.4,5.5,6.5,1.39,5.0,7.5,,,,1.39,5.35,7.83,1.36,5.0,8.0,,,,1.43,5.5,8.0,1.39,5.26,7.6,1.5,2.63,1.51,2.65,1.53,2.7,1.5,2.62,-1.5,2.07,1.83,2.08,1.81,2.13,1.85,2.06,1.81,1.33,5.75,7.5,1.34,5.5,7.75,,,,1.34,5.7,8.67,1.35,5.5,8.0,,,,1.42,5.91,9.0,1.35,5.56,8.14,1.44,2.75,1.47,2.77,1.53,2.93,1.45,2.81,-1.5,1.95,1.95,1.94,1.94,2.11,2.01,1.95,1.9,2024,Football-Data.co.uk,https://www.football-data.co.uk/mmz4281/2425/D1.csv,1.36,5.0,8.0,1.43,5.39,7.7,1.42,5.7,8.2,1.54,2.8,2.14,1.84,1.33,5.0,9.0,1.36,5.91,7.98,1.37,5.8,9.4,1.5,2.96,2.0,1.98,,,,,,,,,,,,,,,,,,,,,,,,,,,,,,
D1,14/09/2024,14:30,Freiburg,Bochum,2,1,H,0.0,1.0,A,27.0,13.0,9.0,2.0,5.0,16.0,5.0,6.0,0.0,3.0,0.0,0.0,1.7,3.9,5.0,1.73,3.9,4.5,,,,1.69,4.08,4.9,1.7,4.0,4.6,,,,1.75,4.26,5.0,1.71,4.06,4.72,1.67,2.2,1.65,2.29,1.7,2.34,1.66,2.27,-0.75,1.9,2.0,1.88,2.01,1.93,2.02,1.88,1.97,1.55,4.2,5.75,1.6,4.2,5.25,,,,1.58,4.41,5.8,1.57,4.2,5.5,,,,1.61,4.41,5.9,1.58,4.29,5.58,1.62,2.3,1.63,2.41,1.69,2.44,1.61,2.34,-1.0,1.95,1.98,1.96,1.96,2.01,1.98,1.96,1.91,2024,Football-Data.co.uk,https://www.football-data.co.uk/mmz4281/2425/D1.csv,1.67,4.0,5.0,1.75,4.26,4.82,1.73,4.1,5.5,1.71,2.32,1.92,2.05,1.5,4.1,5.0,1.59,4.31,5.9,1.62,4.4,6.2,1.66,2.48,2.0,1.96,,,,,,,,,,,,,,,,,,,,,,,,,,,,,,
D1,14/09/2024,14:30,Hoffenheim,Leverkusen,1,4,A,1.0,2.0,A,14.0,20.0,5.0,8.0,9.0,10.0,4.0,12.0,2.0,2.0,0.0,0.0,5.75,4.5,1.48,5.25,4.75,1.55,,,,5.95,4.96,1.49,5.5,4.75,1.5,,,,6.2,5.19,1.55,5.78,4.94,1.5,1.33,3.4,1.34,3.39,1.35,3.6,1.31,3.41,1.25,1.89,2.01,1.9,1.98,1.9,2.05,1.86,1.98,7.0,5.0,1.42,6.25,5.25,1.42,,,,6.84,5.37,1.43,6.5,5.0,1.44,,,,7.37,5.5,1.46,6.66,5.22,1.42,1.33,3.4,1.34,3.39,1.35,3.58,1.32,3.4,1.25,2.03,1.78,2.06,1.87,2.09,1.93,2.02,1.83,2024,Football-Data.co.uk,https://www.football-data.co.uk/mmz4281/2425/D1.csv,5.5,5.0,1.5,5.6,5.19,1.55,6.2,5.2,1.54,1.35,3.65,1.9,2.07,6.0,5.0,1.33,7.37,5.08,1.43,7.0,5.5,1.47,1.36,3.65,2.1,1.88,,,,,,,,,,,,,,,,,,,,,,,,,,,,,,
D1,14/09/2024,14:30,M'gladbach,Stuttgart,1,3,A,1.0,1.0,D,15.0,12.0,7.0,7.0,14.0,12.0,6.0,2.0,2.0,2.0,0.0,0.0,2.75,4.0,2.3,2.75,3.8,2.3,,,,2.84,3.96,2.31,2.88,3.8,2.25,,,,2.93,4.11,2.37,2.81,3.94,2.31,1.44,2.75,1.45,2.82,1.47,2.93,1.44,2.78,0.25,1.83,2.07,1.82,2.08,1.85,2.1,1.83,2.02,2.63,3.8,2.45,2.65,3.75,2.4,,,,2.7,3.86,2.51,2.7,3.8,2.38,,,,2.78,4.0,2.53,2.68,3.84,2.44,1.5,2.63,1.5,2.72,1.5,2.88,1.46,2.76,0.0,2.02,1.91,2.04,1.88,2.06,1.92,2.03,1.87,2024,Football-Data.co.uk,https://www.football-data.co.uk/mmz4281/2425/D1.csv,2.8,3.9,2.3,2.93,4.11,2.32,2.96,4.0,2.4,1.49,2.94,1.89,2.1,2.55,3.8,2.25,2.78,3.88,2.42,2.76,3.9,2.58,1.53,2.84,2.07,1.92,,,,,,,,,,,,,,,,,,,,,,,,,,,,,,
D1,14/09/2024,14:30,RB Leipzig,Union Berlin,0,0,D,0.0,0.0,D,16.0,11.0,3.0,3.0,9.0,19.0,6.0,5.0,2.0,3.0,0.0,0.0,1.48,4.5,6.5,1.46,4.5,6.75,,,,1.48,4.69,6.64,1.44,4.5,7.0,,,,1.51,4.9,7.0,1.48,4.68,6.68,1.67,2.2,1.71,2.2,1.73,2.29,1.68,2.22,-1.25,2.07,1.83,2.06,1.83,2.08,1.85,2.04,1.81,1.48,4.75,6.25,1.47,4.6,6.25,,,,1.49,4.8,6.62,1.44,4.6,7.0,,,,1.5,5.0,7.0,1.46,4.77,6.67,1.57,2.38,1.62,2.42,1.62,2.49,1.59,2.4,-1.25,2.08,1.85,2.09,1.85,2.09,1.89,2.01,1.85,2024,Football-Data.co.uk,https://www.football-data.co.uk/mmz4281/2425/D1.csv,1.44,4.6,7.0,1.51,4.83,6.83,1.5,4.9,7.4,1.73,2.3,2.08,1.87,1.4,4.5,6.5,1.5,4.87,6.41,1.5,5.0,7.2,1.65,2.48,2.11,1.88,,,,,,,,,,,,,,,,,,,,,,,,,,,,,,
D1,14/09/2024,14:30,Wolfsburg,Ein Frankfurt,1,2,A,0.0,1.0,A,17.0,15.0,4.0,7.0,7.0,18.0,5.0,4.0,1.0,2.0,0.0,0.0,2.63,3.6,2.5,2.55,3.5,2.6,,,,2.72,3.45,2.63,2.6,3.5,2.6,,,,2.75,3.74,2.67,2.69,3.53,2.58,1.73,2.1,1.77,2.12,1.8,2.21,1.73,2.09,0.0,2.01,1.89,1.98,1.91,2.02,1.92,1.98,1.89,2.7,3.6,2.45,2.75,3.3,2.5,,,,2.82,3.44,2.61,2.7,3.5,2.5,,,,2.9,3.69,2.66,2.75,3.46,2.55,1.87,2.03,1.88,2.03,1.88,2.1,1.83,2.01,0.0,2.04,1.89,2.04,1.88,2.07,1.9,2.01,1.88,2024,Football-Data.co.uk,https://www.football-data.co.uk/mmz4281/2425/D1.csv,2.7,3.5,2.55,2.75,3.74,2.6,2.82,3.65,2.68,1.78,2.18,2.04,1.94,2.63,3.3,2.4,2.77,3.69,2.51,2.86,3.55,2.68,1.92,2.06,2.07,1.92,,,,,,,,,,,,,,,,,,,,,,,,,,,,,,
D1,14/09/2024,17:30,Holstein Kiel,Bayern Munich,1,6,A,0.0,4.0,A,5.0,23.0,1.0,13.0,12.0,11.0,2.0,10.0,0.0,1.0,0.0,0.0,11.0,7.0,1.22,10.5,7.0,1.23,,,,11.8,7.52,1.21,11.0,6.5,1.25,,,,13.0,7.9,1.26,11.32,7.34,1.23,1.29,3.75,,,1.29,4.0,1.27,3.81,2.0,1.97,1.93,1.94,1.93,1.97,2.01,1.9,1.94,11.0,7.5,1.2,11.5,7.5,1.21,,,,13.19,7.77,1.2,12.0,7.0,1.2,,,,15.0,8.2,1.22,12.51,7.61,1.2,1.3,3.5,,,1.31,4.0,1.28,3.74,2.0,2.05,1.88,1.99,1.92,2.07,1.95,1.99,1.87,2024,Football-Data.co.uk,https://www.football-data.co.uk/mmz4281/2425/D1.csv,12.0,7.5,1.2,11.3,7.36,1.26,12.5,8.2,1.24,1.3,3.9,1.97,1.99,11.0,7.0,1.18,12.1,7.96,1.22,17.0,8.4,1.21,1.31,4.1,2.07,1.9,,,,,,,,,,,,,,,,,,,,,,,,,,,,,,
D1,15/09/2024,14:30,Augsburg,St Pauli,3,1,H,0.0,0.0,D,18.0,12.0,10.0,3.0,12.0,10.0,7.0,7.0,4.0,3.0,0.0,0.0,2.1,3.6,3.4,2.05,3.5,3.5,,,,2.09,3.61,3.52,2.05,3.6,3.4,,,,2.13,3.84,3.56,2.09,3.62,3.47,1.73,2.1,1.78,2.1,1.8,2.18,1.76,2.11,-0.25,1.82,2.08,1.82,2.08,1.83,2.13,1.79,2.05,2.05,3.25,3.9,2.05,3.25,3.75,,,,2.08,3.33,4.02,2.05,3.25,3.8,,,,2.14,3.55,4.1,2.07,3.36,3.81,2.1,1.73,2.15,1.76,2.2,2.04,2.04,1.81,-0.5,2.1,1.83,2.09,1.85,2.13,1.89,2.06,1.81,2024,Football-Data.co.uk,https://www.football-data.co.uk/mmz4281/2425/D1.csv,2.1,3.6,3.4,2.13,3.84,3.51,2.12,3.75,3.65,1.85,2.16,1.85,2.14,2.0,3.3,3.5,2.1,3.36,3.9,2.14,3.4,4.0,2.2,1.81,2.14,1.84,,,,,,,,,,,,,,,,,,,,,,,,,,,,,,
D1,15/09/2024,16:30,Mainz,Werder Bremen,1,2,A,1.0,1.0,D,11.0,11.0,5.0,5.0,12.0,7.0,10.0,4.0,3.0,1.0,0.0,1.0,2.0,3.7,3.5,2.05,3.5,3.6,,,,2.04,3.66,3.61,2.05,3.6,3.5,,,,2.08,3.84,3.72,2.04,3.66,3.57,1.73,2.1,1.78,2.1,1.82,2.15,1.75,2.09,-0.5,2.05,1.85,2.05,1.84,2.08,1.86,2.04,1.83,2.15,3.6,3.2,2.2,3.5,3.2,,,,2.2,3.62,3.37,2.2,3.5,3.2,,,,2.26,3.7,3.5,2.17,3.58,3.31,1.73,2.1,1.76,2.16,1.78,2.21,1.75,2.12,-0.25,1.92,2.01,1.91,2.01,1.96,2.07,1.88,1.98,2024,Football-Data.co.uk,https://www.football-data.co.uk/mmz4281/2425/D1.csv,2.0,3.75,3.6,2.06,3.84,3.7,2.1,3.75,3.75,1.8,2.16,2.1,1.88,2.1,3.5,3.3,2.2,3.68,3.28,2.28,3.6,3.5,1.8,2.22,1.96,2.03,,,,,,,,,,,,,,,,,,,,,,,,,,,,,,
D1,20/09/2024,19:30,Augsburg,Mainz,2,3,A,1.0,2.0,A,30.0,5.0,9.0,3.0,7.0,12.0,14.0,1.0,3.0,5.0,1.0,1.0,2.38,3.5,2.9,2.4,3.4,2.8,,,,2.42,3.6,2.97,2.4,3.4,2.88,,,,2.5,3.72,3.01,2.42,3.54,2.9,1.67,2.2,1.7,2.26,1.73,2.33,1.68,2.22,-0.25,2.1,1.83,2.11,1.83,2.14,1.84,2.07,1.79,2.3,3.5,3.0,2.35,3.4,2.9,,,,2.41,3.53,3.03,2.4,3.4,2.88,,,,2.44,3.62,3.18,2.37,3.51,2.98,1.73,2.1,1.78,2.15,1.84,2.25,1.73,2.13,-0.25,2.08,1.85,2.09,1.85,2.11,1.88,2.03,1.83,2024,Football-Data.co.uk,https://www.football-data.co.uk/mmz4281/2425/D1.csv,2.45,3.4,2.88,2.44,3.72,2.97,2.54,3.6,3.0,1.73,2.34,2.19,1.83,2.38,3.4,2.88,2.29,3.58,3.18,2.46,3.6,3.1,1.79,2.24,2.13,1.88,,,,,,,,,,,,,,,,,,,,,,,,,,,,,,
D1,21/09/2024,14:30,Bochum,Holstein Kiel,2,2,D,2.0,1.0,H,14.0,13.0,3.0,4.0,20.0,9.0,2.0,5.0,4.0,1.0,0.0,0.0,1.91,3.5,4.0,1.98,3.7,3.5,,,,1.99,3.8,3.7,1.95,3.7,3.7,,,,2.02,3.9,4.0,1.98,3.73,3.68,1.62,2.3,1.61,2.42,1.65,2.45,1.61,2.36,-0.5,2.02,1.91,2.0,1.9,2.02,1.92,1.98,1.88,1.75,3.8,4.33,1.83,3.8,4.0,,,,1.82,3.94,4.4,1.8,3.8,4.2,,,,2.04,4.0,4.48,1.83,3.89,4.17,1.5,2.63,1.51,2.7,1.51,2.78,1.48,2.68,-0.5,1.75,2.05,1.82,2.1,2.02,2.12,1.84,2.01,2024,Football-Data.co.uk,https://www.football-data.co.uk/mmz4281/2425/D1.csv,1.95,3.7,3.9,2.02,3.9,3.78,2.02,3.8,4.0,1.66,2.42,2.03,1.96,1.75,3.75,4.33,1.83,3.86,4.48,1.86,4.0,4.6,1.53,2.84,1.86,2.14,,,,,,,,,,,,,,,,,,,,,,,,,,,,,,
D1,21/09/2024,14:30,Heidenheim,Freiburg,0,3,A,0.0,0.0,D,7.0,14.0,2.0,5.0,6.0,7.0,3.0,9.0,1.0,1.0,0.0,0.0,2.7,3.5,2.55,2.75,3.5,2.45,,,,2.75,3.4,2.66,2.7,3.3,2.6,,,,2.82,3.55,2.66,2.72,3.46,2.59,1.73,2.1,1.75,2.16,1.79,2.24,1.72,2.15,0.0,2.02,1.91,1.99,1.92,2.05,1.92,1.99,1.89,3.25,3.5,2.2,3.2,3.4,2.2,,,,3.37,3.48,2.25,3.2,3.4,2.25,,,,3.43,3.6,2.48,3.23,3.48,2.25,1.8,2.0,1.83,2.07,1.85,2.19,1.78,2.06,0.25,1.97,1.96,1.97,1.95,1.98,2.12,1.92,1.93,2024,Football-Data.co.uk,https://www.football-data.co.uk/mmz4281/2425/D1.csv,2.7,3.5,2.55,2.82,3.52,2.66,2.8,3.65,2.66,1.71,2.28,2.03,1.94,3.2,3.3,2.2,3.43,3.56,2.18,3.45,3.55,2.32,1.85,2.14,1.99,2.0,,,,,,,,,,,,,,,,,,,,,,,,,,,,,,
D1,21/09/2024,14:30,Union Berlin,Hoffenheim,2,1,H,2.0,0.0,H,12.0,6.0,2.0,3.0,17.0,18.0,5.0,5.0,3.0,3.0,0.0,0.0,2.0,3.6,3.7,2.05,3.6,3.4,,,,2.04,3.72,3.65,2.05,3.6,3.4,,,,2.12,3.88,3.8,2.03,3.68,3.58,1.73,2.1,1.75,2.17,1.79,2.2,1.74,2.13,-0.5,2.06,1.87,2.05,1.87,2.12,1.87,2.04,1.83,1.8,3.9,4.2,1.87,3.75,3.9,,,,1.87,3.84,4.28,1.85,3.75,4.0,,,,1.9,4.0,4.43,1.83,3.88,4.17,1.57,2.38,1.61,2.46,1.64,2.5,1.58,2.4,-0.5,1.78,2.03,1.88,2.05,1.88,2.14,1.84,2.03,2024,Football-Data.co.uk,https://www.football-data.co.uk/mmz4281/2425/D1.csv,2.0,3.6,3.7,2.07,3.88,3.66,2.1,3.7,3.85,1.78,2.2,2.1,1.89,1.83,3.7,4.0,1.81,3.97,4.43,1.88,4.0,4.4,1.63,2.54,1.89,2.11,,,,,,,,,,,,,,,,,,,,,,,,,,,,,,
D1,21/09/2024,14:30,Werder Bremen,Bayern Munich,0,5,A,0.0,2.0,A,0.0,25.0,0.0,7.0,4.0,13.0,1.0,4.0,0.0,3.0,0.0,0.0,8.0,5.5,1.36,7.25,5.5,1.36,,,,7.92,5.6,1.36,8.5,5.8,1.3,,,,8.5,5.9,1.4,7.74,5.57,1.36,1.36,3.2,1.39,3.11,1.4,3.3,1.36,3.11,1.5,1.94,1.99,1.93,1.97,1.97,2.0,1.91,1.95,8.5,5.75,1.33,8.25,6.0,1.31,,,,9.26,6.08,1.32,11.0,6.0,1.25,,,,11.0,6.3,1.34,9.06,6.0,1.3,1.36,3.2,1.35,3.34,1.38,3.4,1.34,3.27,1.75,1.86,2.07,1.85,2.08,1.89,2.09,1.85,2.01,2024,Football-Data.co.uk,https://www.football-data.co.uk/mmz4281/2425/D1.csv,8.0,5.5,1.33,7.8,5.77,1.4,8.6,6.2,1.37,1.4,3.4,1.94,2.01,9.0,6.0,1.25,9.3,5.98,1.32,10.0,6.8,1.32,1.38,3.55,1.9,2.08,,,,,,,,,,,,,,,,,,,,,,,,,,,,,,
D1,21/09/2024,17:30,Ein Frankfurt,M'gladbach,2,0,H,1.0,0.0,H,14.0,22.0,4.0,7.0,10.0,12.0,8.0,5.0,1.0,1.0,0.0,0.0,1.75,4.0,4.33,1.75,4.0,4.2,,,,1.79,4.14,4.26,1.8,4.0,4.0,,,,1.82,4.36,4.33,1.78,4.13,4.18,1.5,2.63,1.51,2.64,1.52,2.72,1.49,2.6,-0.75,2.02,1.91,2.0,1.9,2.02,1.92,1.96,1.88,1.73,4.1,4.33,1.75,4.1,4.1,,,,1.77,4.29,4.3,1.73,4.0,4.33,,,,1.8,4.45,4.43,1.76,4.23,4.22,1.44,2.75,1.45,2.89,1.46,2.99,1.42,2.84,-0.75,1.97,1.96,1.98,1.94,1.98,2.0,1.92,1.92,2024,Football-Data.co.uk,https://www.football-data.co.uk/mmz4281/2425/D1.csv,1.75,4.2,4.33,1.82,4.36,4.26,1.8,4.3,4.5,1.53,2.76,2.0,1.96,1.67,3.9,4.2,1.8,4.45,4.26,1.79,4.3,4.7,1.46,3.1,1.98,2.0,,,,,,,,,,,,,,,,,,,,,,,,,,,,,,
D1,22/09/2024,14:30,Leverkusen,Wolfsburg,4,3,H,2.0,3.0,A,20.0,8.0,7.0,4.0,6.0,14.0,6.0,2.0,4.0,5.0,0.0,1.0,1.3,5.75,8.0,1.31,5.75,9.0,,,,1.31,5.91,9.23,1.3,5.5,9.5,,,,1.34,6.2,10.5,1.3,5.83,9.28,1.44,2.75,1.47,2.77,1.5,2.79,1.46,2.69,-1.5,1.88,2.05,1.87,2.04,1.9,2.05,1.85,2.0,1.27,6.0,8.5,1.28,6.0,9.75,,,,1.27,6.45,10.37,1.29,5.8,9.5,,,,1.31,6.9,12.0,1.27,6.27,10.09,1.36,3.2,1.4,3.08,1.44,3.2,1.39,3.02,-1.75,2.0,1.93,1.97,1.93,2.02,2.03,1.94,1.92,2024,Football-Data.co.uk,https://www.football-data.co.uk/mmz4281/2425/D1.csv,1.29,6.0,10.5,1.34,6.02,9.65,1.32,6.4,10.5,1.51,2.86,1.92,2.02,1.22,6.0,9.0,1.29,6.56,9.68,1.3,6.6,11.5,1.43,3.25,2.03,1.94,,,,,,,,,,,,,,,,,,,,,,,,,,,,,,
D1,22/09/2024,16:30,Stuttgart,Dortmund,5,1,H,2.0,0.0,H,16.0,6.0,9.0,3.0,10.0,6.0,6.0,4.0,1.0,3.0,0.0,0.0,2.3,3.75,2.9,2.3,3.8,2.75,,,,2.32,3.8,2.94,2.25,3.8,2.88,,,,2.36,4.16,2.99,2.31,3.82,2.86,1.44,2.75,1.45,2.87,1.46,2.93,1.43,2.79,-0.25,2.06,1.87,2.04,1.87,2.06,1.87,1.99,1.84,2.25,3.75,3.0,2.3,3.7,2.85,,,,2.32,3.81,2.99,2.25,3.7,2.9,,,,2.37,3.87,3.02,2.3,3.77,2.92,1.44,2.75,1.47,2.81,1.47,3.0,1.44,2.8,-0.25,2.05,1.88,2.04,1.89,2.08,1.9,2.01,1.85,2024,Football-Data.co.uk,https://www.football-data.co.uk/mmz4281/2425/D1.csv,2.3,3.9,2.88,2.32,4.16,2.91,2.38,4.0,2.98,1.47,2.98,2.08,1.9,2.2,3.6,2.88,2.35,3.8,2.92,2.36,3.9,3.1,1.48,3.0,2.06,1.93,,,,,,,,,,,,,,,,,,,,,,,,,,,,,,
D1,22/09/2024,18:30,St Pauli,RB Leipzig,0,0,D,0.0,0.0,D,15.0,10.0,4.0,5.0,6.0,9.0,3.0,1.0,2.0,1.0,0.0,0.0,5.75,3.9,1.62,5.0,4.0,1.65,,,,5.19,4.25,1.64,5.0,4.0,1.65,,,,5.75,4.37,1.67,5.11,4.15,1.64,1.67,2.2,1.69,2.24,1.73,2.3,1.66,2.23,1.0,1.83,2.1,1.83,2.09,1.83,2.13,1.79,2.07,5.5,3.9,1.62,4.8,4.1,1.65,,,,5.25,4.22,1.66,5.0,3.9,1.65,,,,5.88,4.3,1.7,5.12,4.1,1.65,1.67,2.2,1.66,2.33,1.76,2.41,1.65,2.26,0.75,2.05,1.75,2.11,1.83,2.17,1.85,2.07,1.8,2024,Football-Data.co.uk,https://www.football-data.co.uk/mmz4281/2425/D1.csv,5.0,4.2,1.62,5.29,4.37,1.67,5.8,4.4,1.66,1.73,2.32,1.86,2.08,4.75,4.0,1.65,5.88,4.0,1.64,5.3,4.4,1.7,1.69,2.42,2.11,1.88,,,,,,,,,,,,,,,,,,,,,,,,,,,,,,
D1,27/09/2024,19:30,Dortmund,Bochum,4,2,H,1.0,2.0,A,23.0,10.0,8.0,6.0,12.0,9.0,11.0,0.0,2.0,0.0,0.0,0.0,1.25,7.0,9.0,1.24,6.75,10.5,,,,1.24,7.21,11.22,1.25,6.5,11.0,,,,1.26,7.32,11.4,1.24,6.99,10.74,1.29,3.75,1.32,3.43,1.32,3.75,1.29,3.57,-1.75,1.75,2.03,1.82,2.08,1.91,2.16,1.79,2.06,1.22,7.0,11.0,1.2,7.5,12.0,,,,1.2,7.66,13.43,1.22,6.5,12.0,,,,1.25,8.2,14.0,1.2,7.53,12.5,1.29,3.75,1.32,3.43,1.29,4.1,1.27,3.84,-2.0,1.89,2.01,1.89,2.01,1.95,2.06,1.89,1.97,2024,Football-Data.co.uk,https://www.football-data.co.uk/mmz4281/2425/D1.csv,1.22,7.0,11.0,1.26,7.32,11.4,1.27,7.4,12.0,1.32,4.0,1.85,2.13,1.18,7.0,12.0,1.25,7.2,11.3,1.22,8.2,16.0,1.3,4.2,1.9,2.09,,,,,,,,,,,,,,,,,,,,,,,,,,,,,,
D1,28/09/2024,14:30,Freiburg,St Pauli,0,3,A,0.0,2.0,A,6.0,10.0,2.0,4.0,7.0,18.0,4.0,2.0,3.0,3.0,0.0,0.0,1.62,4.0,5.5,1.63,3.9,5.25,,,,1.62,4.15,5.59,1.62,3.9,5.5,,,,1.69,4.27,5.7,1.63,4.08,5.44,1.84,2.06,1.81,2.06,1.87,2.09,1.82,2.03,-0.75,1.75,2.05,1.79,2.12,1.82,2.13,1.78,2.07,1.57,4.2,5.5,1.57,4.1,5.5,,,,1.6,4.2,5.98,1.55,4.2,5.8,,,,1.61,4.35,6.25,1.57,4.18,5.77,1.67,2.2,1.7,2.26,1.82,2.29,1.71,2.17,-1.0,2.01,1.92,2.0,1.92,2.01,1.95,1.96,1.9,2024,Football-Data.co.uk,https://www.football-data.co.uk/mmz4281/2425/D1.csv,1.62,4.0,5.5,1.66,4.27,5.56,1.67,4.2,6.0,1.83,2.12,1.84,2.15,1.5,3.8,5.5,1.58,4.31,6.11,1.62,4.2,6.6,1.79,2.24,2.04,1.95,,,,,,,,,,,,,,,,,,,,,,,,,,,,,,
D1,28/09/2024,14:30,Mainz,Heidenheim,0,2,A,0.0,1.0,A,7.0,14.0,2.0,7.0,10.0,10.0,7.0,6.0,4.0,4.0,1.0,1.0,1.83,3.75,4.2,1.82,3.7,4.2,,,,1.86,3.82,4.21,1.83,3.75,4.2,,,,1.89,4.01,4.3,1.85,3.8,4.2,1.73,2.1,1.74,2.16,1.79,2.2,1.74,2.13,-0.75,2.03,1.78,2.11,1.79,2.13,1.83,2.06,1.79,1.83,3.7,4.33,1.82,3.6,4.33,,,,1.86,3.67,4.56,1.83,3.7,4.2,,,,1.89,3.76,4.58,1.85,3.67,4.35,1.85,2.05,1.85,2.06,1.88,2.1,1.81,2.04,-0.5,1.87,2.06,1.87,2.07,1.91,2.09,1.86,2.02,2024,Football-Data.co.uk,https://www.football-data.co.uk/mmz4281/2425/D1.csv,1.85,3.8,4.2,1.89,4.01,4.22,1.9,3.95,4.5,1.78,2.22,2.15,1.84,1.75,3.4,4.33,1.86,3.76,4.4,1.89,3.75,4.8,1.83,2.18,1.89,2.11,,,,,,,,,,,,,,,,,,,,,,,,,,,,,,
D1,28/09/2024,14:30,M'gladbach,Union Berlin,1,0,H,0.0,0.0,D,8.0,9.0,3.0,3.0,10.0,12.0,2.0,4.0,3.0,1.0,0.0,0.0,2.1,3.5,3.4,2.1,3.5,3.4,,,,2.13,3.54,3.54,2.1,3.5,3.4,,,,2.2,3.79,3.64,2.12,3.54,3.47,1.8,2.0,1.81,2.07,1.85,2.1,1.8,2.05,-0.25,1.84,2.06,1.85,2.06,1.85,2.08,1.82,2.03,2.15,3.5,3.25,2.15,3.5,3.25,,,,2.19,3.47,3.53,2.15,3.5,3.3,,,,2.26,3.61,3.53,2.19,3.44,3.37,1.8,2.0,1.82,2.09,1.9,2.12,1.8,2.05,-0.25,1.89,2.04,1.89,2.04,1.95,2.04,1.88,1.97,2024,Football-Data.co.uk,https://www.football-data.co.uk/mmz4281/2425/D1.csv,2.15,3.4,3.4,2.14,3.79,3.52,2.22,3.65,3.6,1.86,2.12,1.91,2.08,2.05,3.25,3.3,2.17,3.61,3.41,2.26,3.55,3.55,1.83,2.16,1.94,2.04,,,,,,,,,,,,,,,,,,,,,,,,,,,,,,
D1,28/09/2024,14:30,RB Leipzig,Augsburg,4,0,H,2.0,0.0,H,14.0,7.0,7.0,1.0,9.0,13.0,8.0,5.0,1.0,2.0,0.0,0.0,1.4,5.25,6.5,1.4,5.25,6.75,,,,1.4,5.4,7.14,1.44,5.0,6.0,,,,1.48,5.55,7.5,1.42,5.22,6.88,1.44,2.75,1.45,2.84,1.47,2.9,1.43,2.8,-1.25,1.86,2.04,1.86,2.05,1.92,2.06,1.84,2.0,1.5,4.75,5.5,1.49,4.6,5.75,,,,1.51,4.84,6.15,1.5,4.6,6.0,,,,1.56,5.1,6.5,1.5,4.77,5.92,1.5,2.63,1.51,2.68,1.52,2.87,1.48,2.69,-1.0,1.78,2.03,1.83,2.11,1.88,2.16,1.8,2.08,2024,Football-Data.co.uk,https://www.football-data.co.uk/mmz4281/2425/D1.csv,1.4,5.0,7.0,1.48,5.55,6.22,1.45,5.5,7.6,1.48,2.94,1.9,2.06,1.44,4.5,5.5,1.56,4.88,5.46,1.53,5.1,6.4,1.53,2.84,1.84,2.17,,,,,,,,,,,,,,,,,,,,,,,,,,,,,,
D1,28/09/2024,14:30,Wolfsburg,Stuttgart,2,2,D,1.0,1.0,D,5.0,17.0,2.0,5.0,20.0,10.0,1.0,3.0,5.0,2.0,0.0,1.0,3.2,3.9,2.05,3.1,3.8,2.1,,,,3.35,3.89,2.09,3.1,3.8,2.15,,,,3.39,4.1,2.19,3.22,3.89,2.1,1.5,2.63,1.52,2.62,1.54,2.69,1.5,2.58,0.25,2.05,1.85,2.08,1.84,2.08,1.88,2.02,1.83,3.6,3.75,2.0,3.4,3.7,2.05,,,,3.66,3.82,2.03,3.3,3.75,2.05,,,,3.72,3.91,2.1,3.48,3.76,2.04,1.62,2.3,1.66,2.35,1.66,2.45,1.61,2.35,0.5,1.88,2.05,1.89,2.04,1.9,2.08,1.83,2.05,2024,Football-Data.co.uk,https://www.football-data.co.uk/mmz4281/2425/D1.csv,3.3,3.9,2.05,3.34,4.1,2.12,3.4,4.0,2.16,1.54,2.72,2.1,1.89,3.3,3.6,1.95,3.72,3.83,2.0,3.65,3.95,2.08,1.66,2.48,1.91,2.08,,,,,,,,,,,,,,,,,,,,,,,,,,,,,,
D1,28/09/2024,17:30,Bayern Munich,Leverkusen,1,1,D,1.0,1.0,D,18.0,3.0,3.0,3.0,11.0,15.0,6.0,1.0,1.0,3.0,0.0,0.0,1.73,4.33,4.2,1.72,4.33,4.1,,,,1.74,4.34,4.36,1.7,4.33,4.2,,,,1.75,4.79,4.53,1.73,4.41,4.22,1.3,3.5,1.35,3.33,1.34,3.6,1.31,3.42,-2.5,4.5,1.19,,,5.2,1.2,4.61,1.19,1.67,4.5,4.33,1.65,4.4,4.5,,,,1.67,4.53,4.75,1.65,4.2,4.75,,,,1.68,4.75,5.5,1.64,4.49,4.75,1.33,3.4,1.36,3.34,1.36,3.56,1.33,3.3,-1.0,2.03,1.78,2.08,1.85,2.12,1.98,2.0,1.86,2024,Football-Data.co.uk,https://www.football-data.co.uk/mmz4281/2425/D1.csv,1.73,4.33,4.33,1.71,4.79,4.53,1.77,4.6,4.5,1.34,3.65,5.1,1.23,1.62,4.33,4.6,1.66,4.58,4.8,1.71,4.8,4.8,1.37,3.65,2.11,1.88,,,,,,,,,,,,,,,,,,,,,,,,,,,,,,
D1,29/09/2024,14:30,Holstein Kiel,Ein Frankfurt,2,4,A,1.0,1.0,D,10.0,18.0,5.0,10.0,12.0,13.0,4.0,9.0,1.0,3.0,0.0,0.0,4.2,4.2,1.73,4.5,4.2,1.68,,,,4.5,4.22,1.73,4.4,4.2,1.7,,,,4.6,4.43,1.77,4.41,4.24,1.72,1.5,2.63,1.52,2.62,1.54,2.66,1.5,2.57,0.75,1.95,1.95,1.97,1.93,1.98,1.97,1.94,1.89,3.5,3.9,1.95,3.6,3.9,1.9,,,,3.77,3.88,2.0,3.7,3.8,1.91,,,,4.0,3.98,2.04,3.66,3.86,1.96,1.57,2.38,1.61,2.43,1.61,2.51,1.57,2.43,0.5,1.9,2.03,1.92,2.01,2.0,2.04,1.91,1.96,2024,Football-Data.co.uk,https://www.football-data.co.uk/mmz4281/2425/D1.csv,4.4,4.33,1.73,4.46,4.43,1.77,4.6,4.5,1.77,1.52,2.72,2.01,1.96,3.6,3.8,1.91,3.79,3.96,1.94,3.95,3.95,2.02,1.63,2.56,1.96,2.03,,,,,,,,,,,,,,,,,,,,,,,,,,,,,,
D1,29/09/2024,16:30,Hoffenheim,Werder Bremen,3,4,A,3.0,3.0,D,10.0,18.0,5.0,10.0,12.0,19.0,2.0,6.0,3.0,3.0,1.0,0.0,2.38,3.8,2.7,2.25,3.75,2.9,,,,2.4,3.78,2.84,2.3,3.8,2.8,,,,2.42,4.07,2.9,2.36,3.8,2.8,1.44,2.75,1.48,2.74,1.49,2.85,1.45,2.74,-0.25,2.05,1.75,2.11,1.82,2.11,1.83,2.04,1.8,2.25,3.8,2.9,2.25,3.7,2.95,,,,2.29,3.78,3.07,2.25,3.75,2.88,,,,2.37,3.87,3.1,2.28,3.73,2.95,1.5,2.63,1.53,2.64,1.54,2.75,1.5,2.6,-0.25,2.01,1.92,2.0,1.92,2.06,1.92,2.0,1.86,2024,Football-Data.co.uk,https://www.football-data.co.uk/mmz4281/2425/D1.csv,2.38,3.8,2.8,2.4,4.07,2.83,2.46,3.9,2.94,1.52,2.82,2.14,1.86,2.15,3.5,2.88,2.3,3.87,2.96,2.34,3.75,3.2,1.56,2.76,2.03,1.95,,,,,,,,,,,,,,,,,,,,,,,,,,,,,,
D1,04/10/2024,19:30,Augsburg,M'gladbach,2,1,H,1.0,0.0,H,13.0,11.0,5.0,5.0,13.0,15.0,6.0,5.0,2.0,4.0,0.0,0.0,2.38,3.7,2.7,2.37,3.7,2.7,,,,2.46,3.78,2.81,2.4,3.7,2.7,,,,2.5,4.02,2.85,2.43,3.75,2.75,1.5,2.63,1.53,2.63,1.54,2.69,1.5,2.59,0.0,1.82,2.08,1.84,2.1,1.9,2.13,1.83,2.06,2.4,3.6,2.75,2.37,3.7,2.75,,,,2.45,3.7,2.86,2.3,3.6,2.9,,,,2.55,3.8,2.93,2.41,3.7,2.8,1.57,2.38,1.6,2.47,1.6,2.57,1.55,2.47,0.0,1.81,2.09,1.82,2.13,1.88,2.16,1.82,2.09,2024,Football-Data.co.uk,https://www.football-data.co.uk/mmz4281/2425/D1.csv,2.4,3.7,2.8,2.5,4.02,2.73,2.5,3.85,2.9,1.54,2.78,1.85,2.15,2.3,3.6,2.75,2.55,3.69,2.71,2.48,3.85,2.94,1.61,2.6,1.84,2.17,,,,,,,,,,,,,,,,,,,,,,,,,,,,,,
D1,05/10/2024,14:30,Bochum,Wolfsburg,1,3,A,0.0,2.0,A,17.0,15.0,5.0,5.0,11.0,12.0,7.0,6.0,1.0,2.0,0.0,0.0,3.0,3.7,2.2,3.0,3.7,2.2,,,,3.07,3.78,2.25,3.0,3.7,2.2,,,,3.14,3.91,2.3,3.03,3.75,2.24,1.62,2.3,1.63,2.39,1.67,2.43,1.61,2.35,0.25,1.92,1.98,1.93,1.98,1.93,2.0,1.91,1.93,3.0,3.7,2.2,2.95,3.7,2.2,,,,3.13,3.71,2.28,3.1,3.6,2.2,,,,3.21,3.8,2.3,3.04,3.69,2.23,1.62,2.3,1.65,2.37,1.65,2.42,1.61,2.33,0.25,1.92,2.01,1.93,1.99,1.96,2.01,1.91,1.94,2024,Football-Data.co.uk,https://www.football-data.co.uk/mmz4281/2425/D1.csv,3.0,3.6,2.3,3.14,3.91,2.27,3.1,3.8,2.38,1.64,2.44,1.93,2.06,3.0,3.5,2.1,3.21,3.8,2.19,3.2,3.8,2.32,1.66,2.48,1.96,2.02,,,,,,,,,,,,,,,,,,,,,,,,,,,,,,
D1,05/10/2024,14:30,Leverkusen,Holstein Kiel,2,2,D,2.0,1.0,H,24.0,8.0,7.0,4.0,5.0,9.0,12.0,3.0,2.0,2.0,0.0,0.0,1.09,11.0,21.0,1.09,12.0,23.0,,,,1.08,13.45,25.93,1.08,11.0,26.0,,,,1.1,15.0,29.0,1.09,12.54,25.37,1.22,4.33,,,1.25,4.7,1.21,4.32,-2.75,1.92,1.98,1.93,1.94,1.95,2.0,1.9,1.93,1.08,12.0,21.0,1.09,12.5,23.0,,,,1.09,11.97,31.01,1.07,12.0,26.0,,,,1.11,14.0,34.0,1.09,12.08,26.95,1.2,4.5,,,1.22,5.1,1.19,4.65,-2.75,1.86,2.07,1.85,2.05,1.88,2.08,1.85,2.01,2024,Football-Data.co.uk,https://www.football-data.co.uk/mmz4281/2425/D1.csv,1.08,14.0,29.0,1.1,13.7,27.0,1.1,15.0,34.0,1.24,4.7,1.96,1.99,1.06,11.0,23.0,1.09,13.7,24.0,1.11,13.0,38.0,1.22,5.4,1.89,2.07,,,,,,,,,,,,,,,,,,,,,,,,,,,,,,
D1,05/10/2024,14:30,Union Berlin,Dortmund,2,1,H,2.0,0.0,H,13.0,9.0,5.0,5.0,15.0,17.0,3.0,3.0,4.0,4.0,0.0,0.0,3.3,3.5,2.15,3.3,3.4,2.15,,,,3.43,3.52,2.18,3.4,3.4,2.15,,,,3.5,3.79,2.22,3.37,3.53,2.16,1.73,2.1,1.79,2.1,1.85,2.13,1.77,2.07,0.25,2.02,1.88,2.02,1.89,2.05,1.91,1.99,1.85,3.6,3.6,2.0,3.6,3.5,2.0,,,,3.77,3.6,2.06,3.7,3.6,2.0,,,,3.87,3.69,2.07,3.71,3.57,2.02,1.73,2.1,1.81,2.1,1.84,2.2,1.78,2.08,0.5,1.86,2.07,1.86,2.07,1.9,2.07,1.85,2.03,2024,Football-Data.co.uk,https://www.football-data.co.uk/mmz4281/2425/D1.csv,3.4,3.5,2.1,3.44,3.79,2.17,3.55,3.6,2.22,1.84,2.14,2.06,1.91,3.7,3.3,1.95,3.86,3.69,2.0,4.0,3.75,2.06,1.84,2.16,1.93,2.06,,,,,,,,,,,,,,,,,,,,,,,,,,,,,,
D1,05/10/2024,14:30,Werder Bremen,Freiburg,0,1,A,0.0,0.0,D,11.0,13.0,3.0,3.0,7.0,9.0,7.0,5.0,1.0,2.0,0.0,0.0,2.6,3.5,2.6,2.6,3.5,2.55,,,,2.67,3.61,2.62,2.6,3.6,2.6,,,,2.7,3.81,2.66,2.61,3.63,2.61,1.67,2.2,1.68,2.27,1.72,2.33,1.67,2.24,0.0,1.95,1.95,1.97,1.93,2.0,1.96,1.95,1.93,2.63,3.4,2.6,2.65,3.4,2.55,,,,2.75,3.46,2.67,2.62,3.6,2.5,,,,2.8,3.63,2.72,2.69,3.5,2.59,1.73,2.1,1.79,2.13,1.79,2.29,1.72,2.16,0.0,1.99,1.94,1.99,1.93,2.01,1.97,1.97,1.92,2024,Football-Data.co.uk,https://www.football-data.co.uk/mmz4281/2425/D1.csv,2.63,3.6,2.6,2.69,3.81,2.63,2.76,3.75,2.66,1.71,2.32,2.03,1.95,2.6,3.3,2.45,2.8,3.5,2.58,2.82,3.65,2.68,1.81,2.2,2.04,1.96,,,,,,,,,,,,,,,,,,,,,,,,,,,,,,
D1,05/10/2024,17:30,St Pauli,Mainz,0,3,A,0.0,2.0,A,17.0,8.0,4.0,4.0,12.0,16.0,2.0,2.0,0.0,3.0,0.0,0.0,2.4,3.3,2.9,2.4,3.4,2.85,,,,2.46,3.42,2.99,2.45,3.3,2.9,,,,2.5,3.66,3.02,2.44,3.42,2.93,1.88,2.02,1.89,2.0,1.93,2.06,1.87,1.97,-0.25,2.09,1.81,2.13,1.8,2.13,1.81,2.08,1.78,2.15,3.3,3.5,2.15,3.3,3.3,,,,2.17,3.38,3.68,2.15,3.5,3.3,,,,2.26,3.6,3.68,2.18,3.42,3.44,2.0,1.9,2.01,1.9,2.04,2.07,1.88,1.94,-0.25,1.88,2.05,1.87,2.06,1.92,2.06,1.86,2.0,2024,Football-Data.co.uk,https://www.football-data.co.uk/mmz4281/2425/D1.csv,2.4,3.4,3.0,2.47,3.66,2.97,2.54,3.45,3.15,1.9,2.06,2.17,1.84,2.15,3.3,3.4,2.2,3.38,3.58,2.24,3.45,3.7,2.06,1.93,1.93,2.04,,,,,,,,,,,,,,,,,,,,,,,,,,,,,,
D1,06/10/2024,14:30,Heidenheim,RB Leipzig,0,1,A,0.0,0.0,D,15.0,12.0,4.0,2.0,12.0,13.0,3.0,2.0,2.0,2.0,0.0,0.0,4.5,4.33,1.67,4.6,4.2,1.66,,,,4.77,4.18,1.7,4.6,4.2,1.67,,,,4.9,4.5,1.75,4.64,4.23,1.69,1.57,2.38,1.6,2.45,1.61,2.55,1.57,2.42,0.75,2.01,1.89,2.01,1.9,2.02,1.9,1.98,1.86,4.75,4.0,1.67,4.5,4.0,1.71,,,,5.18,4.04,1.69,4.6,4.0,1.7,,,,5.32,4.2,1.77,4.78,4.05,1.7,1.67,2.2,1.65,2.32,1.67,2.41,1.62,2.33,0.75,2.04,1.89,2.04,1.88,2.04,1.96,1.98,1.88,2024,Football-Data.co.uk,https://www.football-data.co.uk/mmz4281/2425/D1.csv,4.6,4.2,1.7,4.64,4.38,1.75,4.8,4.5,1.74,1.63,2.52,2.04,1.92,4.5,3.75,1.65,5.32,4.08,1.68,5.3,4.1,1.74,1.69,2.42,2.05,1.94,,,,,,,,,,,,,,,,,,,,,,,,,,,,,,
D1,06/10/2024,16:30,Ein Frankfurt,Bayern Munich,3,3,D,2.0,2.0,D,5.0,22.0,4.0,13.0,10.0,6.0,0.0,11.0,1.0,1.0,0.0,0.0,5.5,4.5,1.53,5.25,4.75,1.52,,,,5.72,4.85,1.52,5.5,4.75,1.5,,,,5.9,5.04,1.57,5.51,4.85,1.52,1.36,3.2,1.37,3.21,1.38,3.27,1.35,3.13,1.0,2.07,1.83,2.08,1.84,2.09,1.87,2.04,1.81,5.75,4.5,1.5,5.25,4.6,1.53,,,,5.64,4.79,1.55,5.5,4.5,1.53,,,,6.01,4.9,1.55,5.61,4.71,1.53,1.4,3.0,1.41,3.05,1.42,3.2,1.39,3.05,1.0,2.03,1.78,2.05,1.88,2.12,1.88,2.05,1.83,2024,Football-Data.co.uk,https://www.football-data.co.uk/mmz4281/2425/D1.csv,5.5,4.75,1.5,5.5,5.04,1.57,5.8,5.0,1.57,1.4,3.3,2.08,1.89,5.0,4.33,1.47,5.87,4.61,1.55,6.2,4.9,1.57,1.44,3.25,2.1,1.89,,,,,,,,,,,,,,,,,,,,,,,,,,,,,,
D1,06/10/2024,18:30,Stuttgart,Hoffenheim,1,1,D,0.0,1.0,A,18.0,7.0,7.0,5.0,10.0,7.0,10.0,5.0,1.0,4.0,0.0,0.0,1.3,6.0,8.0,1.31,6.25,7.75,,,,1.3,6.4,8.25,1.3,6.0,8.5,,,,1.35,6.7,8.7,1.31,6.32,8.07,1.25,4.0,,,1.26,4.4,1.23,4.05,-1.75,2.0,1.9,1.99,1.9,2.02,1.91,1.96,1.87,1.33,5.75,8.0,1.32,6.0,7.5,,,,1.32,6.3,8.55,1.3,5.8,8.5,,,,1.37,6.45,8.55,1.33,6.05,7.9,1.29,3.75,,,1.3,4.25,1.27,3.83,-1.5,1.87,2.06,1.86,2.05,1.89,2.14,1.84,2.03,2024,Football-Data.co.uk,https://www.football-data.co.uk/mmz4281/2425/D1.csv,1.3,6.0,8.5,1.35,6.47,8.25,1.34,6.6,9.4,1.27,4.4,1.99,1.92,1.33,5.5,7.5,1.37,5.85,7.83,1.35,6.6,8.8,1.3,4.2,1.84,2.12,,,,,,,,,,,,,,,,,,,,,,,,,,,,,,
D1,18/10/2024,19:30,Dortmund,St Pauli,2,1,H,1.0,0.0,H,20.0,10.0,7.0,3.0,8.0,7.0,7.0,1.0,2.0,1.0,0.0,0.0,1.3,5.25,9.5,1.31,5.5,9.25,,,,1.31,5.95,10.18,1.3,5.5,10.0,,,,1.36,6.02,11.0,1.31,5.72,9.79,1.5,2.63,1.5,2.68,1.52,2.72,1.49,2.61,-1.5,1.87,2.03,1.9,2.03,1.93,2.06,1.87,2.0,1.29,5.5,11.0,1.3,5.75,9.5,,,,1.3,5.85,10.67,1.29,5.5,11.0,,,,1.32,6.2,11.7,1.3,5.76,10.31,1.53,2.5,1.57,2.52,1.57,2.71,1.52,2.56,-1.5,1.9,2.0,1.91,2.01,1.91,2.11,1.86,2.0,2024,Football-Data.co.uk,https://www.football-data.co.uk/mmz4281/2425/D1.csv,1.3,5.5,10.5,1.34,6.02,9.6,1.33,6.0,11.0,1.55,2.78,1.91,2.04,1.25,5.5,10.0,1.3,5.6,11.7,1.32,6.2,11.5,1.57,2.72,1.91,2.06,,,,,,,,,,,,,,,,,,,,,,,,,,,,,,
D1,19/10/2024,14:30,Freiburg,Augsburg,3,1,H,3.0,0.0,H,15.0,9.0,6.0,3.0,11.0,7.0,5.0,4.0,1.0,1.0,0.0,0.0,1.73,3.75,4.75,1.71,3.9,4.5,,,,1.74,3.87,4.93,1.7,3.9,4.75,,,,1.77,4.11,5.0,1.74,3.91,4.75,1.73,2.1,1.72,2.21,1.76,2.28,1.7,2.18,-0.75,1.89,1.89,1.95,1.95,1.97,1.97,1.92,1.91,1.62,3.9,5.25,1.68,3.9,5.0,,,,1.69,4.01,5.3,1.65,4.0,5.0,,,,1.72,4.2,5.56,1.66,4.02,5.2,1.67,2.2,1.68,2.29,1.7,2.36,1.65,2.23,-0.75,1.86,2.07,1.88,2.05,1.88,2.16,1.82,2.04,2024,Football-Data.co.uk,https://www.football-data.co.uk/mmz4281/2425/D1.csv,1.73,3.8,5.0,1.77,4.11,4.83,1.78,4.0,5.3,1.73,2.28,1.98,1.99,1.62,3.9,5.0,1.66,4.11,5.4,1.68,4.2,5.8,1.69,2.42,1.84,2.15,,,,,,,,,,,,,,,,,,,,,,,,,,,,,,
D1,19/10/2024,14:30,Hoffenheim,Bochum,3,1,H,1.0,0.0,H,12.0,13.0,7.0,4.0,10.0,12.0,4.0,2.0,1.0,1.0,0.0,0.0,1.7,4.5,4.2,1.68,4.33,4.33,,,,1.7,4.47,4.45,1.7,4.2,4.33,,,,1.74,4.6,4.52,1.7,4.44,4.38,1.4,3.0,1.39,3.11,1.43,3.11,1.4,2.96,-0.75,1.82,1.96,1.88,2.03,1.89,2.03,1.85,1.99,1.48,5.25,5.25,1.49,4.8,5.5,,,,1.52,4.94,5.89,1.55,4.6,5.0,,,,1.6,5.38,6.0,1.52,4.91,5.41,1.3,3.5,1.36,3.34,1.36,3.53,1.32,3.37,-1.0,1.7,2.1,1.78,2.16,2.0,2.23,1.79,2.09,2024,Football-Data.co.uk,https://www.football-data.co.uk/mmz4281/2425/D1.csv,1.67,4.33,4.5,1.74,4.58,4.52,1.73,4.6,4.7,1.42,3.2,1.89,2.08,1.5,4.5,5.5,1.52,5.38,5.38,1.56,5.1,6.0,1.36,3.7,1.83,2.16,,,,,,,,,,,,,,,,,,,,,,,,,,,,,,
D1,19/10/2024,14:30,Leverkusen,Ein Frankfurt,2,1,H,1.0,1.0,D,27.0,9.0,9.0,2.0,9.0,5.0,8.0,3.0,2.0,1.0,0.0,0.0,1.44,4.75,6.5,1.44,5.0,6.0,,,,1.45,5.18,6.35,1.44,4.8,6.5,,,,1.49,5.3,6.5,1.45,5.04,6.32,1.4,3.0,1.38,3.17,1.41,3.17,1.38,3.06,-1.25,1.95,1.95,1.94,1.96,1.96,1.96,1.91,1.92,1.44,4.5,6.5,1.47,4.8,6.0,,,,1.47,4.95,6.59,1.5,4.6,6.0,,,,1.53,5.0,6.59,1.48,4.81,6.23,1.44,2.75,1.45,2.87,1.45,3.01,1.42,2.87,-1.25,2.0,1.93,2.01,1.92,2.04,1.95,1.99,1.87,2024,Football-Data.co.uk,https://www.football-data.co.uk/mmz4281/2425/D1.csv,1.4,5.0,6.5,1.49,5.3,6.38,1.47,5.4,7.0,1.41,3.25,1.95,2.02,1.44,4.6,6.5,1.51,4.66,6.48,1.5,5.1,7.2,1.46,3.1,2.03,1.95,,,,,,,,,,,,,,,,,,,,,,,,,,,,,,
D1,19/10/2024,14:30,Mainz,RB Leipzig,0,2,A,0.0,2.0,A,16.0,11.0,2.0,5.0,12.0,15.0,5.0,3.0,1.0,3.0,0.0,0.0,3.9,3.8,1.85,3.9,3.75,1.87,,,,4.27,3.71,1.88,4.0,3.8,1.83,,,,4.3,4.1,1.91,4.04,3.83,1.88,1.67,2.2,1.68,2.27,1.72,2.31,1.66,2.26,0.5,1.96,1.82,2.02,1.88,2.02,1.91,1.98,1.87,3.8,3.9,1.83,3.75,3.8,1.88,,,,4.09,3.96,1.88,3.9,3.9,1.83,,,,4.22,4.03,1.92,3.97,3.9,1.88,1.53,2.5,1.56,2.56,1.67,2.58,1.57,2.45,0.5,2.04,1.89,2.04,1.88,2.06,1.92,1.99,1.89,2024,Football-Data.co.uk,https://www.football-data.co.uk/mmz4281/2425/D1.csv,4.1,3.8,1.87,4.17,4.1,1.88,4.3,4.0,1.93,1.68,2.4,2.07,1.93,4.0,3.7,1.83,4.07,4.03,1.86,4.3,3.9,1.93,1.62,2.58,2.04,1.94,,,,,,,,,,,,,,,,,,,,,,,,,,,,,,
D1,19/10/2024,14:30,M'gladbach,Heidenheim,3,2,H,1.0,1.0,D,20.0,19.0,10.0,6.0,15.0,9.0,6.0,3.0,3.0,3.0,0.0,0.0,1.85,3.7,4.1,1.85,3.8,3.9,,,,1.83,3.77,4.44,1.85,3.6,4.2,,,,1.9,4.0,4.5,1.85,3.8,4.21,1.62,2.3,1.65,2.33,1.72,2.36,1.64,2.29,-0.5,1.86,2.04,1.83,2.07,1.89,2.07,1.85,2.02,1.9,3.7,3.8,1.88,3.75,3.8,,,,1.91,3.79,4.11,1.91,3.6,3.9,,,,1.98,3.83,4.11,1.92,3.74,3.92,1.62,2.3,1.64,2.4,1.65,2.42,1.61,2.35,-0.5,1.93,2.0,1.93,2.0,1.98,2.0,1.93,1.95,2024,Football-Data.co.uk,https://www.football-data.co.uk/mmz4281/2425/D1.csv,1.87,3.8,4.2,1.9,3.86,4.38,1.92,3.95,4.4,1.68,2.34,1.92,2.08,1.9,3.6,3.9,1.92,3.8,4.05,1.97,3.85,4.2,1.67,2.46,1.97,2.02,,,,,,,,,,,,,,,,,,,,,,,,,,,,,,
D1,19/10/2024,17:30,Bayern Munich,Stuttgart,4,0,H,0.0,0.0,D,22.0,4.0,10.0,1.0,6.0,10.0,7.0,3.0,0.0,2.0,0.0,0.0,1.36,5.25,7.5,1.34,5.75,7.5,,,,1.36,5.88,7.55,1.35,5.5,7.5,,,,1.39,6.01,8.0,1.35,5.77,7.7,1.3,3.5,1.33,3.48,1.34,3.6,1.31,3.42,-1.5,1.91,1.99,1.93,1.98,1.93,2.01,1.9,1.96,1.33,5.5,8.0,1.29,6.25,8.75,,,,1.3,6.28,9.55,1.29,6.0,9.0,,,,1.33,6.5,10.48,1.29,6.15,9.04,1.29,3.75,1.33,3.48,1.29,4.24,1.26,3.86,-1.75,1.98,1.95,1.96,1.94,1.98,2.05,1.9,1.95,2024,Football-Data.co.uk,https://www.football-data.co.uk/mmz4281/2425/D1.csv,1.33,5.5,8.0,1.39,6.01,7.85,1.36,6.4,8.8,1.33,3.8,1.95,2.02,1.25,5.5,9.0,1.31,6.28,9.29,1.33,6.6,10.0,1.3,4.2,1.94,2.01,,,,,,,,,,,,,,,,,,,,,,,,,,,,,,
D1,20/10/2024,14:30,Holstein Kiel,Union Berlin,0,2,A,0.0,1.0,A,12.0,14.0,5.0,4.0,8.0,11.0,7.0,3.0,2.0,1.0,0.0,0.0,3.5,3.3,2.15,3.4,3.4,2.15,,,,3.48,3.43,2.2,3.4,3.4,2.15,,,,3.5,3.63,2.21,3.44,3.42,2.16,2.0,1.9,1.98,1.91,2.02,1.94,1.96,1.87,0.25,2.01,1.89,2.01,1.9,2.02,1.91,1.98,1.85,3.6,3.5,2.0,3.6,3.4,2.05,,,,3.83,3.51,2.07,3.75,3.4,2.0,,,,3.95,3.6,2.1,3.71,3.47,2.05,1.85,2.05,1.86,2.05,1.9,2.1,1.83,2.0,0.5,1.84,2.06,1.85,2.08,1.89,2.1,1.82,2.06,2024,Football-Data.co.uk,https://www.football-data.co.uk/mmz4281/2425/D1.csv,3.4,3.3,2.15,3.5,3.63,2.2,3.6,3.55,2.24,1.95,1.92,2.05,1.92,3.7,3.3,2.0,3.73,3.6,2.06,3.9,3.6,2.12,1.91,2.08,1.87,2.14,,,,,,,,,,,,,,,,,,,,,,,,,,,,,,
D1,20/10/2024,16:30,Wolfsburg,Werder Bremen,2,4,A,1.0,1.0,D,14.0,15.0,6.0,7.0,15.0,9.0,4.0,4.0,1.0,1.0,1.0,0.0,2.1,3.6,3.3,2.05,3.7,3.3,,,,2.09,3.66,3.55,2.05,3.6,3.4,,,,2.1,3.87,3.57,2.07,3.66,3.44,1.73,2.1,1.71,2.22,1.76,2.25,1.7,2.18,-0.5,2.05,1.75,2.1,1.83,2.11,1.83,2.07,1.8,1.92,3.75,3.6,2.0,3.7,3.5,,,,2.02,3.79,3.67,2.0,3.6,3.7,,,,2.05,3.85,3.75,2.01,3.74,3.59,1.57,2.38,1.63,2.47,1.65,2.56,1.59,2.39,-0.5,2.02,1.88,2.03,1.9,2.05,1.9,2.01,1.86,2024,Football-Data.co.uk,https://www.football-data.co.uk/mmz4281/2425/D1.csv,2.05,3.6,3.5,2.1,3.87,3.56,2.16,3.75,3.65,1.71,2.24,2.16,1.84,2.0,3.5,3.6,2.05,3.85,3.75,2.08,3.75,3.85,1.63,2.56,2.08,1.9,,,,,,,,,,,,,,,,,,,,,,,,,,,,,,
D1,25/10/2024,19:30,Mainz,M'gladbach,1,1,D,0.0,0.0,D,23.0,9.0,6.0,5.0,16.0,16.0,2.0,4.0,3.0,2.0,0.0,0.0,2.3,3.75,2.8,2.3,3.7,2.85,,,,2.39,3.79,2.89,2.3,3.7,2.88,,,,2.4,3.93,2.93,2.35,3.76,2.86,1.57,2.38,1.6,2.48,1.6,2.53,1.56,2.43,-0.25,2.09,1.84,2.1,1.84,2.11,1.85,2.03,1.82,2.25,3.75,2.88,2.25,3.7,2.9,,,,2.32,3.76,3.02,2.2,3.7,3.0,,,,2.38,3.92,3.23,2.26,3.74,2.98,1.57,2.38,1.63,2.42,1.63,2.55,1.57,2.43,-0.25,2.06,1.87,2.03,1.89,2.07,1.97,1.98,1.88,2024,Football-Data.co.uk,https://www.football-data.co.uk/mmz4281/2425/D1.csv,2.3,3.75,2.88,2.4,3.93,2.9,2.42,3.85,2.98,1.61,2.6,2.1,1.87,2.15,3.5,2.88,2.33,3.92,2.89,2.36,3.85,3.1,1.64,2.52,2.06,1.93,,,,,,,,,,,,,,,,,,,,,,,,,,,,,,
D1,26/10/2024,14:30,Augsburg,Dortmund,2,1,H,1.0,1.0,D,12.0,11.0,4.0,4.0,13.0,10.0,3.0,5.0,3.0,3.0,0.0,1.0,3.6,4.0,1.9,3.6,3.9,1.9,,,,3.83,3.92,1.93,3.6,3.9,1.91,,,,3.96,4.17,1.96,3.73,3.96,1.91,1.5,2.63,1.55,2.58,1.55,2.63,1.52,2.55,0.5,1.99,1.91,1.97,1.93,2.0,1.93,1.95,1.91,4.0,4.0,1.8,3.9,4.0,1.8,,,,4.15,4.15,1.83,4.0,4.0,1.8,,,,4.3,4.2,1.88,4.05,4.08,1.82,1.5,2.63,1.5,2.7,1.52,2.76,1.48,2.69,0.75,1.87,2.06,1.88,2.05,1.9,2.07,1.85,2.01,2024,Football-Data.co.uk,https://www.football-data.co.uk/mmz4281/2425/D1.csv,3.75,3.9,1.91,3.79,4.17,1.96,3.95,4.1,1.97,1.54,2.72,2.01,1.97,4.1,3.9,1.75,4.29,4.1,1.81,4.3,4.2,1.86,1.53,2.86,1.9,2.08,,,,,,,,,,,,,,,,,,,,,,,,,,,,,,
D1,26/10/2024,14:30,RB Leipzig,Freiburg,3,1,H,0.0,1.0,A,12.0,15.0,9.0,5.0,9.0,7.0,3.0,3.0,3.0,2.0,0.0,0.0,1.73,4.1,4.5,1.7,4.1,4.5,,,,1.75,4.11,4.55,1.73,4.0,4.5,,,,1.77,4.3,4.9,1.73,4.12,4.52,1.67,2.2,1.68,2.26,1.72,2.32,1.67,2.24,-0.75,1.95,1.95,1.95,1.95,1.98,1.97,1.9,1.93,1.8,4.0,4.0,1.77,3.9,4.2,,,,1.83,3.93,4.39,1.83,3.8,4.0,,,,1.84,4.1,4.39,1.8,3.94,4.19,1.67,2.2,1.69,2.26,1.72,2.33,1.65,2.25,-0.75,2.08,1.85,2.07,1.86,2.08,1.88,2.02,1.84,2024,Football-Data.co.uk,https://www.football-data.co.uk/mmz4281/2425/D1.csv,1.73,4.0,4.5,1.77,4.22,4.68,1.78,4.3,4.8,1.68,2.3,1.99,1.98,1.75,3.75,4.33,1.81,4.1,4.27,1.84,4.0,4.7,1.72,2.34,2.07,1.9,,,,,,,,,,,,,,,,,,,,,,,,,,,,,,
D1,26/10/2024,14:30,St Pauli,Wolfsburg,0,0,D,0.0,0.0,D,14.0,10.0,5.0,4.0,9.0,12.0,7.0,6.0,0.0,3.0,0.0,0.0,2.55,3.5,2.63,2.55,3.4,2.65,,,,2.66,3.47,2.71,2.6,3.3,2.7,,,,2.74,3.59,2.76,2.61,3.46,2.68,1.78,2.0,1.86,2.03,1.89,2.06,1.83,2.01,0.0,1.92,1.98,1.93,1.97,1.97,1.99,1.91,1.96,2.45,3.5,2.75,2.5,3.4,2.75,,,,2.61,3.45,2.82,2.6,3.3,2.75,,,,2.61,3.59,2.91,2.54,3.42,2.8,1.93,1.97,1.89,2.01,1.96,2.01,1.88,1.96,0.0,1.83,2.1,1.88,2.04,1.88,2.12,1.84,2.05,2024,Football-Data.co.uk,https://www.football-data.co.uk/mmz4281/2425/D1.csv,2.63,3.4,2.63,2.74,3.48,2.76,2.72,3.6,2.78,1.87,2.06,1.97,2.0,2.5,3.25,2.75,2.59,3.59,2.73,2.7,3.45,2.94,1.96,2.02,1.91,2.08,,,,,,,,,,,,,,,,,,,,,,,,,,,,,,
D1,26/10/2024,14:30,Stuttgart,Holstein Kiel,2,1,H,1.0,0.0,H,16.0,9.0,6.0,3.0,6.0,17.0,9.0,5.0,3.0,6.0,1.0,1.0,1.22,7.5,9.5,1.24,6.75,10.5,,,,1.23,7.21,11.08,1.22,7.0,10.0,,,,1.28,7.7,12.0,1.23,7.14,10.95,1.3,3.5,1.34,3.36,1.33,3.67,1.3,3.48,-2.0,2.02,1.88,2.01,1.88,2.05,1.94,1.99,1.86,1.2,7.5,9.5,1.21,7.25,12.0,,,,1.2,7.69,13.72,1.2,7.0,12.0,,,,1.27,8.47,13.72,1.21,7.47,11.93,1.29,3.75,1.34,3.36,1.32,3.93,1.28,3.7,-2.0,1.88,2.05,1.88,2.02,2.01,2.08,1.91,1.95,2024,Football-Data.co.uk,https://www.football-data.co.uk/mmz4281/2425/D1.csv,1.22,7.0,11.0,1.28,7.45,10.3,1.26,7.8,12.5,1.34,3.8,2.01,1.89,1.17,7.5,12.0,1.23,8.47,10.4,1.23,8.2,14.0,1.32,4.0,1.93,2.03,,,,,,,,,,,,,,,,,,,,,,,,,,,,,,
D1,26/10/2024,17:30,Werder Bremen,Leverkusen,2,2,D,0.0,1.0,A,13.0,15.0,8.0,6.0,9.0,11.0,3.0,5.0,1.0,1.0,0.0,0.0,5.25,5.0,1.5,5.5,4.8,1.5,,,,5.84,4.9,1.51,5.8,4.6,1.5,,,,6.0,5.1,1.55,5.64,4.9,1.51,1.4,3.0,1.42,2.97,1.44,3.02,1.4,2.92,1.25,1.84,2.06,1.85,2.07,1.85,2.08,1.82,2.02,5.75,5.25,1.44,6.25,5.0,1.43,,,,6.48,5.2,1.46,6.5,4.8,1.44,,,,6.5,5.4,1.49,6.31,5.13,1.45,1.4,3.0,1.44,2.94,1.46,3.15,1.41,2.97,1.25,1.99,1.94,1.96,1.96,2.04,2.0,1.94,1.92,2024,Football-Data.co.uk,https://www.football-data.co.uk/mmz4281/2425/D1.csv,5.5,5.0,1.5,5.91,5.04,1.54,6.0,5.2,1.55,1.43,3.1,1.86,2.1,6.5,4.75,1.4,6.4,5.4,1.45,7.4,5.3,1.47,1.45,3.2,2.05,1.93,,,,,,,,,,,,,,,,,,,,,,,,,,,,,,
D1,27/10/2024,14:30,Bochum,Bayern Munich,0,5,A,0.0,2.0,A,6.0,17.0,2.0,9.0,15.0,6.0,2.0,5.0,1.0,1.0,0.0,0.0,12.0,9.5,1.17,15.0,9.0,1.15,,,,14.33,9.86,1.15,15.0,8.5,1.14,,,,17.0,10.0,1.17,14.44,9.35,1.15,1.22,4.33,1.32,3.24,1.26,4.35,1.23,4.08,2.25,2.04,1.86,2.02,1.88,2.06,1.89,1.99,1.84,11.0,9.5,1.17,14.5,9.0,1.16,,,,17.88,9.51,1.13,15.0,8.5,1.15,,,,21.0,10.0,1.18,15.78,9.43,1.15,1.2,4.5,1.32,3.24,1.23,4.9,1.2,4.49,2.5,1.8,2.0,1.86,2.05,1.91,2.08,1.86,2.0,2024,Football-Data.co.uk,https://www.football-data.co.uk/mmz4281/2425/D1.csv,15.0,9.5,1.15,17.0,9.7,1.17,17.0,10.0,1.18,1.26,4.5,2.03,1.86,21.0,9.5,1.11,12.1,10.0,1.18,26.0,11.0,1.14,1.24,5.0,1.9,2.08,,,,,,,,,,,,,,,,,,,,,,,,,,,,,,
D1,27/10/2024,16:30,Union Berlin,Ein Frankfurt,1,1,D,0.0,1.0,A,13.0,17.0,4.0,5.0,13.0,7.0,4.0,5.0,5.0,3.0,0.0,1.0,2.55,3.3,2.75,2.55,3.4,2.7,,,,2.63,3.32,2.84,2.6,3.4,2.7,,,,2.64,3.6,2.84,2.58,3.37,2.76,1.95,1.95,1.95,1.93,1.97,1.98,1.9,1.9,0.0,1.87,2.03,1.88,2.03,1.92,2.05,1.87,2.0,2.45,3.3,2.87,2.4,3.3,3.0,,,,2.55,3.22,3.08,2.5,3.2,2.9,,,,2.58,3.4,3.12,2.49,3.27,2.98,1.92,1.86,1.98,1.93,2.0,1.97,1.93,1.88,0.0,1.82,2.08,1.79,2.17,1.83,2.2,1.79,2.11,2024,Football-Data.co.uk,https://www.football-data.co.uk/mmz4281/2425/D1.csv,2.6,3.3,2.8,2.64,3.6,2.79,2.7,3.45,2.9,1.95,1.94,1.92,2.06,2.38,3.1,2.9,2.52,3.39,2.95,2.54,3.35,3.2,2.04,1.95,1.79,2.25,,,,,,,,,,,,,,,,,,,,,,,,,,,,,,
D1,27/10/2024,18:30,Heidenheim,Hoffenheim,0,0,D,0.0,0.0,D,17.0,12.0,3.0,4.0,12.0,16.0,7.0,3.0,1.0,2.0,0.0,0.0,2.25,3.5,3.1,2.2,3.7,2.95,,,,2.32,3.68,3.03,2.3,3.5,3.0,,,,2.41,3.8,3.13,2.29,3.65,2.98,1.53,2.5,1.56,2.56,1.56,2.63,1.53,2.52,-0.25,2.02,1.88,2.02,1.88,2.04,1.92,1.98,1.85,2.75,3.4,2.55,2.7,3.4,2.55,,,,2.88,3.38,2.6,2.62,3.4,2.6,,,,2.9,3.62,2.82,2.7,3.47,2.61,1.73,2.1,1.8,2.11,1.8,2.45,1.66,2.26,0.0,2.05,1.85,2.07,1.86,2.07,1.95,2.0,1.88,2024,Football-Data.co.uk,https://www.football-data.co.uk/mmz4281/2425/D1.csv,2.25,3.6,3.0,2.41,3.56,3.13,2.34,3.75,3.15,1.59,2.6,2.03,1.93,2.63,3.4,2.55,2.9,3.46,2.52,2.86,3.6,2.68,1.76,2.3,2.06,1.93,,,,,,,,,,,,,,,,,,,,,,,,,,,,,,
D1,01/11/2024,19:30,Leverkusen,Stuttgart,0,0,D,0.0,0.0,D,19.0,4.0,5.0,1.0,13.0,14.0,10.0,2.0,3.0,4.0,0.0,0.0,1.55,4.75,5.25,1.55,4.6,5.0,,,,1.57,4.87,5.29,1.57,4.6,5.0,,,,1.61,5.0,5.5,1.56,4.8,5.16,1.36,3.2,1.38,3.22,1.39,3.27,1.36,3.15,-1.0,1.88,2.02,1.89,2.03,1.9,2.04,1.86,2.0,1.62,4.5,4.75,1.6,4.5,4.8,,,,1.63,4.55,5.05,1.62,4.4,4.75,,,,1.64,4.8,5.5,1.6,4.59,4.95,1.4,3.0,1.41,3.06,1.41,3.3,1.38,3.06,-1.0,2.02,1.88,2.02,1.9,2.04,2.0,1.96,1.9,2024,Football-Data.co.uk,https://www.football-data.co.uk/mmz4281/2425/D1.csv,1.57,4.6,5.0,1.61,4.94,5.25,1.6,5.0,5.6,1.38,3.55,1.9,2.05,1.5,4.6,5.0,1.63,4.59,5.05,1.64,4.6,5.6,1.44,3.2,2.04,1.93,,,,,,,,,,,,,,,,,,,,,,,,,,,,,,
D1,02/11/2024,14:30,Bayern Munich,Union Berlin,3,0,H,2.0,0.0,H,16.0,8.0,7.0,1.0,2.0,9.0,7.0,4.0,0.0,2.0,0.0,0.0,1.18,7.5,13.0,1.18,7.75,14.0,,,,1.17,8.24,15.58,1.17,7.5,15.0,,,,1.2,8.7,17.0,1.17,7.97,15.38,1.44,2.75,1.44,2.85,1.47,3.05,1.42,2.84,-2.0,1.87,2.03,1.86,2.03,1.9,2.04,1.86,2.0,1.14,9.0,15.0,1.14,9.0,19.0,,,,1.15,8.88,19.22,1.14,8.0,17.0,,,,1.18,9.59,21.59,1.15,8.62,17.76,1.36,3.2,1.38,3.16,1.43,3.35,1.37,3.13,-2.25,1.9,2.03,2.0,1.9,2.06,2.06,1.94,1.91,2024,Football-Data.co.uk,https://www.football-data.co.uk/mmz4281/2425/D1.csv,1.15,8.0,16.0,1.19,8.45,17.0,1.2,8.8,18.0,1.45,3.05,1.88,2.09,1.13,8.0,19.0,1.15,9.59,16.6,1.17,9.2,24.0,1.41,3.35,2.01,1.96,,,,,,,,,,,,,,,,,,,,,,,,,,,,,,
D1,02/11/2024,14:30,Ein Frankfurt,Bochum,7,2,H,4.0,1.0,H,18.0,11.0,9.0,8.0,6.0,15.0,5.0,2.0,1.0,2.0,0.0,0.0,1.33,5.75,7.5,1.32,6.0,8.0,,,,1.34,6.0,7.96,1.33,5.5,8.0,,,,1.37,6.2,8.6,1.33,5.88,8.06,1.36,3.2,1.39,3.12,1.42,3.2,1.38,3.05,-1.5,1.9,2.0,1.91,2.0,1.93,2.01,1.89,1.97,1.45,5.25,5.5,1.47,4.8,6.0,,,,1.46,4.95,6.59,1.44,4.8,6.5,,,,1.51,5.8,7.7,1.45,5.06,6.33,1.4,3.0,1.41,3.01,1.45,3.17,1.4,2.99,-1.25,1.99,1.94,2.01,1.94,2.01,2.16,1.93,1.93,2024,Football-Data.co.uk,https://www.football-data.co.uk/mmz4281/2425/D1.csv,1.3,5.5,8.5,1.36,6.03,8.6,1.35,6.2,9.2,1.4,3.25,1.87,2.03,1.44,4.75,6.5,1.48,5.41,5.87,1.49,5.1,7.2,1.45,3.15,2.02,1.96,,,,,,,,,,,,,,,,,,,,,,,,,,,,,,
D1,02/11/2024,14:30,Hoffenheim,St Pauli,0,2,A,0.0,1.0,A,12.0,7.0,6.0,3.0,10.0,10.0,7.0,2.0,0.0,2.0,0.0,0.0,1.83,3.8,4.0,1.87,3.9,3.75,,,,1.88,3.9,4.02,1.91,3.8,3.8,,,,1.93,4.1,4.1,1.88,3.91,3.9,1.62,2.3,1.65,2.34,1.67,2.39,1.62,2.34,-0.5,1.9,2.0,1.89,2.01,1.91,2.01,1.88,1.98,1.9,3.7,3.9,1.93,3.7,3.7,,,,1.89,3.86,4.12,1.91,3.7,3.8,,,,1.98,4.0,4.13,1.91,3.79,3.91,1.67,2.2,1.69,2.29,1.72,2.47,1.67,2.25,-0.5,1.91,2.02,1.9,2.02,1.97,2.04,1.91,1.96,2024,Football-Data.co.uk,https://www.football-data.co.uk/mmz4281/2425/D1.csv,1.87,3.9,4.0,1.93,4.1,3.97,1.94,4.0,4.2,1.66,2.38,1.94,2.05,1.87,3.7,3.9,1.91,3.78,4.13,1.95,3.95,4.2,1.74,2.32,1.95,2.04,,,,,,,,,,,,,,,,,,,,,,,,,,,,,,
D1,02/11/2024,14:30,Holstein Kiel,Heidenheim,1,0,H,1.0,0.0,H,11.0,17.0,6.0,4.0,16.0,14.0,5.0,6.0,4.0,5.0,0.0,0.0,2.7,3.5,2.45,2.75,3.5,2.45,,,,2.82,3.52,2.54,2.8,3.4,2.45,,,,2.88,3.62,2.6,2.79,3.49,2.51,1.73,2.1,1.77,2.13,1.81,2.16,1.76,2.11,0.0,2.04,1.86,2.02,1.89,2.09,1.89,2.04,1.84,2.38,3.5,2.88,2.45,3.4,2.8,,,,2.5,3.39,3.0,2.4,3.4,2.9,,,,2.55,3.6,3.0,2.49,3.44,2.85,1.92,1.98,1.93,1.98,1.95,2.05,1.88,1.95,0.0,1.73,2.08,1.79,2.15,1.85,2.16,1.8,2.08,2024,Football-Data.co.uk,https://www.football-data.co.uk/mmz4281/2425/D1.csv,2.8,3.4,2.5,2.88,3.62,2.55,2.86,3.6,2.62,1.79,2.16,2.09,1.9,2.5,3.3,2.8,2.54,3.6,2.78,2.6,3.5,3.0,1.97,2.0,1.86,2.14,,,,,,,,,,,,,,,,,,,,,,,,,,,,,,
D1,02/11/2024,14:30,Wolfsburg,Augsburg,1,1,D,0.0,1.0,A,18.0,3.0,6.0,1.0,7.0,14.0,8.0,1.0,1.0,3.0,0.0,0.0,2.0,3.75,3.5,1.98,3.75,3.5,,,,2.01,3.86,3.59,2.0,3.7,3.5,,,,2.05,4.0,3.65,2.01,3.83,3.53,1.62,2.3,1.65,2.35,1.68,2.38,1.64,2.31,-0.5,2.03,1.87,2.02,1.88,2.04,1.89,2.0,1.86,2.05,3.6,3.4,2.1,3.5,3.4,,,,2.1,3.59,3.67,2.05,3.6,3.4,,,,2.15,3.81,3.74,2.08,3.59,3.52,1.8,2.0,1.81,2.1,1.83,2.41,1.76,2.1,-0.25,1.84,2.09,1.81,2.11,1.85,2.16,1.79,2.08,2024,Football-Data.co.uk,https://www.football-data.co.uk/mmz4281/2425/D1.csv,2.0,3.8,3.6,2.05,3.98,3.63,2.06,4.0,3.7,1.66,2.44,2.06,1.92,2.0,3.5,3.5,2.03,3.71,3.74,2.12,3.7,3.8,1.83,2.18,1.83,2.17,,,,,,,,,,,,,,,,,,,,,,,,,,,,,,
D1,02/11/2024,17:30,Dortmund,RB Leipzig,2,1,H,1.0,1.0,D,19.0,7.0,7.0,3.0,11.0,12.0,4.0,0.0,3.0,4.0,0.0,0.0,2.2,3.8,3.0,2.2,3.8,2.9,,,,2.25,3.69,3.15,2.25,3.7,3.0,,,,2.3,3.93,3.18,2.25,3.77,3.03,1.5,2.63,1.5,2.68,1.5,2.79,1.47,2.68,-0.25,1.99,1.91,2.0,1.91,2.0,1.93,1.95,1.89,2.15,3.8,3.1,2.15,3.75,3.1,,,,2.19,3.84,3.21,2.15,3.7,3.1,,,,2.26,3.99,3.27,2.18,3.82,3.1,1.44,2.75,1.48,2.79,1.48,2.9,1.46,2.77,-0.25,1.95,1.98,1.93,2.0,2.0,2.06,1.9,1.96,2024,Football-Data.co.uk,https://www.football-data.co.uk/mmz4281/2425/D1.csv,2.2,3.8,3.0,2.28,3.93,3.11,2.32,3.95,3.1,1.51,2.8,2.02,1.94,2.1,3.7,3.1,2.26,3.87,3.03,2.24,3.9,3.3,1.5,2.98,1.95,2.03,,,,,,,,,,,,,,,,,,,,,,,,,,,,,,
D1,03/11/2024,14:30,Freiburg,Mainz,0,0,D,0.0,0.0,D,10.0,9.0,2.0,2.0,9.0,12.0,8.0,4.0,1.0,2.0,0.0,0.0,1.7,3.9,4.75,1.7,3.9,4.6,,,,1.7,3.9,5.21,1.7,3.9,4.75,,,,1.74,4.22,5.21,1.7,3.95,4.84,1.73,2.1,1.75,2.16,1.78,2.21,1.72,2.14,-0.75,1.9,2.0,1.91,2.0,1.92,2.02,1.88,1.95,1.73,3.8,4.75,1.8,3.7,4.33,,,,1.77,3.78,4.98,1.8,3.7,4.4,,,,1.87,3.88,5.03,1.79,3.75,4.62,1.8,2.0,1.83,2.07,1.85,2.1,1.8,2.04,-0.75,1.98,1.95,2.0,1.93,2.13,1.97,1.99,1.87,2024,Football-Data.co.uk,https://www.football-data.co.uk/mmz4281/2425/D1.csv,1.7,4.0,5.0,1.74,4.22,4.94,1.73,4.2,5.3,1.76,2.2,1.92,2.04,1.73,3.5,4.5,1.74,3.88,5.03,1.85,3.8,5.0,1.85,2.14,2.15,1.85,,,,,,,,,,,,,,,,,,,,,,,,,,,,,,
D1,03/11/2024,16:30,M'gladbach,Werder Bremen,4,1,H,3.0,0.0,H,16.0,15.0,8.0,5.0,12.0,10.0,7.0,7.0,1.0,4.0,0.0,1.0,2.1,3.8,3.2,2.05,3.9,3.1,,,,2.14,3.89,3.22,2.1,3.7,3.2,,,,2.18,4.0,3.3,2.1,3.87,3.18,1.5,2.63,1.5,2.7,1.5,2.79,1.48,2.65,-0.25,1.87,2.03,1.88,2.02,1.88,2.05,1.83,1.99,2.3,3.75,2.9,2.25,3.7,2.95,,,,2.34,3.73,3.01,2.25,3.6,3.0,,,,2.35,3.83,3.15,2.26,3.74,3.02,1.5,2.63,1.54,2.61,1.54,2.77,1.51,2.6,-0.25,2.05,1.88,2.05,1.88,2.06,1.93,1.96,1.89,2024,Football-Data.co.uk,https://www.football-data.co.uk/mmz4281/2425/D1.csv,2.05,3.9,3.25,2.18,3.97,3.28,2.2,3.95,3.35,1.51,2.8,1.92,2.05,2.2,3.6,3.0,2.28,3.8,3.04,2.3,3.8,3.25,1.55,2.76,1.99,1.98,,,,,,,,,,,,,,,,,,,,,,,,,,,,,,
D1,08/11/2024,19:30,Union Berlin,Freiburg,0,0,D,0.0,0.0,D,12.0,14.0,6.0,4.0,11.0,8.0,4.0,1.0,2.0,0.0,0.0,0.0,2.45,3.25,2.9,2.45,3.1,3.0,,,,2.55,3.19,3.11,2.5,3.1,3.0,,,,2.56,3.3,3.15,2.52,3.18,3.04,2.38,1.57,2.46,1.61,2.51,1.65,2.41,1.59,-0.25,2.08,1.73,2.17,1.79,2.17,1.8,2.11,1.76,2.38,3.1,3.1,2.4,3.1,3.1,,,,2.48,3.25,3.16,2.38,3.2,3.1,,,,2.49,3.27,3.32,2.42,3.2,3.15,2.3,1.62,2.41,1.65,2.44,1.66,2.33,1.62,-0.25,2.07,1.86,2.12,1.83,2.12,1.89,2.04,1.82,2024,Football-Data.co.uk,https://www.football-data.co.uk/mmz4281/2425/D1.csv,2.5,3.2,3.0,2.56,3.3,3.11,2.6,3.25,3.15,2.54,1.64,2.2,1.81,2.4,3.0,3.1,2.39,3.21,3.32,2.56,3.25,3.3,2.42,1.7,2.16,1.85,,,,,,,,,,,,,,,,,,,,,,,,,,,,,,
D1,09/11/2024,14:30,Bochum,Leverkusen,1,1,D,0.0,1.0,A,15.0,11.0,3.0,3.0,10.0,9.0,6.0,4.0,0.0,1.0,0.0,0.0,9.5,6.5,1.27,9.25,6.25,1.28,,,,10.94,6.8,1.24,9.0,6.5,1.29,,,,11.0,7.24,1.3,10.15,6.68,1.26,1.3,3.5,1.32,3.31,1.32,3.73,1.29,3.54,1.75,2.04,1.86,2.05,1.84,2.09,1.93,2.01,1.83,9.5,6.25,1.25,10.0,6.5,1.26,,,,11.26,6.81,1.25,10.0,6.5,1.25,,,,11.26,7.0,1.29,10.39,6.57,1.26,1.36,3.2,1.35,3.28,1.37,3.6,1.35,3.24,1.75,2.05,1.88,2.03,1.88,2.06,1.91,1.98,1.87,2024,Football-Data.co.uk,https://www.football-data.co.uk/mmz4281/2425/D1.csv,10.5,7.0,1.22,9.4,7.24,1.3,11.5,7.2,1.28,1.33,3.8,2.1,1.86,11.0,6.5,1.2,10.6,6.72,1.27,12.5,7.0,1.28,1.38,3.55,2.04,1.92,,,,,,,,,,,,,,,,,,,,,,,,,,,,,,
D1,09/11/2024,14:30,Mainz,Dortmund,3,1,H,2.0,1.0,H,13.0,2.0,9.0,1.0,17.0,5.0,8.0,0.0,3.0,1.0,0.0,1.0,3.5,3.6,2.0,3.4,3.7,2.05,,,,3.48,3.74,2.08,3.5,3.75,2.0,,,,3.63,4.02,2.1,3.46,3.74,2.06,1.62,2.3,1.6,2.45,1.65,2.5,1.59,2.4,0.5,1.84,2.06,1.83,2.09,1.85,2.1,1.82,2.05,3.9,3.6,1.95,3.6,3.7,1.95,,,,3.75,3.8,2.01,3.7,3.8,1.91,,,,4.26,3.84,2.05,3.83,3.72,1.96,1.57,2.38,1.57,2.55,1.59,2.55,1.56,2.44,0.5,1.93,2.0,1.91,2.01,1.97,2.05,1.9,1.96,2024,Football-Data.co.uk,https://www.football-data.co.uk/mmz4281/2425/D1.csv,3.5,3.7,2.05,3.63,4.02,2.04,3.65,3.85,2.14,1.61,2.48,1.87,2.14,3.8,3.6,1.91,4.26,3.68,1.91,4.0,3.85,2.0,1.62,2.58,1.98,2.0,,,,,,,,,,,,,,,,,,,,,,,,,,,,,,
D1,09/11/2024,14:30,St Pauli,Bayern Munich,0,1,A,0.0,1.0,A,3.0,13.0,0.0,6.0,10.0,7.0,5.0,10.0,2.0,2.0,0.0,0.0,9.0,7.0,1.25,11.0,6.5,1.24,,,,12.45,7.14,1.22,12.0,6.5,1.22,,,,13.0,7.5,1.26,11.42,6.92,1.23,1.4,3.0,1.38,3.1,1.41,3.17,1.38,3.03,1.75,2.07,1.83,2.11,1.78,2.11,1.86,2.04,1.81,13.0,7.0,1.2,13.0,7.25,1.2,,,,16.12,7.69,1.19,15.0,7.0,1.18,,,,17.0,7.9,1.23,14.67,7.32,1.2,1.44,2.75,1.46,2.79,1.49,2.9,1.45,2.79,2.0,1.93,2.0,1.93,1.97,1.97,2.02,1.9,1.96,2024,Football-Data.co.uk,https://www.football-data.co.uk/mmz4281/2425/D1.csv,12.0,7.0,1.22,11.4,7.32,1.26,13.5,7.4,1.25,1.43,3.2,2.14,1.84,15.0,7.0,1.17,14.1,7.28,1.22,18.0,8.0,1.21,1.48,3.05,1.94,2.0,,,,,,,,,,,,,,,,,,,,,,,,,,,,,,
D1,09/11/2024,14:30,Werder Bremen,Holstein Kiel,2,1,H,1.0,0.0,H,16.0,12.0,5.0,5.0,10.0,19.0,6.0,3.0,3.0,2.0,0.0,0.0,1.62,4.33,4.75,1.63,4.2,4.8,,,,1.64,4.29,5.15,1.65,4.2,4.8,,,,1.69,4.53,5.3,1.64,4.3,4.93,1.53,2.5,1.54,2.59,1.55,2.65,1.52,2.55,-1.0,2.06,1.84,2.07,1.85,2.11,1.85,2.05,1.82,1.57,4.33,5.0,1.58,4.33,5.25,,,,1.61,4.35,5.53,1.62,4.2,5.0,,,,1.66,4.49,5.53,1.62,4.31,5.19,1.57,2.38,1.61,2.45,1.61,2.6,1.55,2.48,-1.0,2.02,1.91,2.01,1.92,2.06,1.93,2.0,1.86,2024,Football-Data.co.uk,https://www.football-data.co.uk/mmz4281/2425/D1.csv,1.62,4.33,5.0,1.69,4.53,4.94,1.68,4.5,5.4,1.56,2.6,2.11,1.86,1.62,4.1,5.0,1.63,4.49,5.18,1.69,4.4,5.4,1.59,2.62,2.12,1.87,,,,,,,,,,,,,,,,,,,,,,,,,,,,,,
D1,09/11/2024,17:30,RB Leipzig,M'gladbach,0,0,D,0.0,0.0,D,11.0,14.0,4.0,4.0,14.0,7.0,8.0,4.0,2.0,2.0,0.0,0.0,1.57,4.33,5.25,1.55,4.5,5.25,,,,1.6,4.67,5.11,1.57,4.5,5.0,,,,1.64,4.8,5.5,1.59,4.59,5.08,1.4,3.0,1.42,2.95,1.44,3.02,1.41,2.92,-1.0,1.95,1.95,1.96,1.94,1.96,1.99,1.92,1.92,1.62,4.33,5.0,1.63,4.33,4.6,,,,1.66,4.4,4.94,1.62,4.33,4.8,,,,1.68,4.5,5.3,1.63,4.36,4.87,1.44,2.75,1.45,2.88,1.5,2.95,1.43,2.83,-1.0,2.05,1.88,2.08,1.85,2.08,1.91,2.01,1.85,2024,Football-Data.co.uk,https://www.football-data.co.uk/mmz4281/2425/D1.csv,1.6,4.5,5.0,1.64,4.79,5.1,1.66,4.6,5.4,1.44,3.05,1.99,1.96,1.62,4.2,5.0,1.65,4.35,5.12,1.69,4.5,5.2,1.48,3.05,2.09,1.88,,,,,,,,,,,,,,,,,,,,,,,,,,,,,,
D1,10/11/2024,14:30,Augsburg,Hoffenheim,0,0,D,0.0,0.0,D,16.0,11.0,4.0,2.0,16.0,7.0,10.0,6.0,2.0,3.0,0.0,0.0,2.05,3.75,3.25,2.1,3.75,3.1,,,,2.11,3.85,3.33,2.1,3.75,3.2,,,,2.15,4.02,3.37,2.1,3.79,3.25,1.57,2.38,1.58,2.49,1.59,2.55,1.55,2.45,-0.25,1.85,2.05,1.85,2.06,1.87,2.07,1.82,2.01,2.05,3.4,3.4,2.1,3.4,3.4,,,,2.18,3.41,3.63,2.1,3.5,3.4,,,,2.2,3.65,3.74,2.11,3.48,3.53,1.92,1.98,1.94,1.96,1.97,2.24,1.84,2.01,-0.25,1.87,2.06,1.88,2.05,1.9,2.13,1.82,2.04,2024,Football-Data.co.uk,https://www.football-data.co.uk/mmz4281/2425/D1.csv,2.05,3.8,3.3,2.14,4.02,3.34,2.16,4.0,3.4,1.58,2.58,1.89,2.08,2.0,3.5,3.5,2.1,3.55,3.68,2.18,3.65,3.65,1.95,2.04,1.89,2.1,,,,,,,,,,,,,,,,,,,,,,,,,,,,,,
D1,10/11/2024,16:30,Stuttgart,Ein Frankfurt,2,3,A,0.0,1.0,A,22.0,8.0,11.0,5.0,10.0,15.0,8.0,3.0,2.0,3.0,0.0,0.0,1.9,4.0,3.7,1.87,3.9,3.7,,,,1.93,4.05,3.72,1.91,4.0,3.6,,,,1.95,4.27,3.85,1.91,4.04,3.65,1.44,2.75,1.46,2.8,1.48,2.88,1.45,2.72,-0.5,1.92,1.98,1.93,1.97,1.93,2.0,1.89,1.96,1.73,3.9,4.5,1.75,3.8,4.4,,,,1.78,3.95,4.54,1.75,3.75,4.5,,,,1.82,4.0,4.68,1.78,3.91,4.38,1.62,2.3,1.66,2.32,1.66,2.41,1.6,2.34,-0.75,1.98,1.95,1.99,1.93,2.05,1.96,1.97,1.88,2024,Football-Data.co.uk,https://www.football-data.co.uk/mmz4281/2425/D1.csv,1.95,3.9,3.7,1.95,4.27,3.73,1.99,4.1,3.85,1.5,2.88,1.99,2.0,1.8,3.8,4.1,1.8,4.0,4.44,1.78,4.1,5.0,1.67,2.46,2.01,1.97,,,,,,,,,,,,,,,,,,,,,,,,,,,,,,
D1,10/11/2024,18:30,Heidenheim,Wolfsburg,1,3,A,0.0,2.0,A,19.0,13.0,4.0,6.0,9.0,23.0,5.0,5.0,1.0,6.0,0.0,0.0,2.75,3.4,2.45,2.7,3.3,2.55,,,,2.91,3.27,2.61,2.75,3.4,2.5,,,,2.94,3.6,2.61,2.83,3.33,2.54,1.95,1.95,1.96,1.93,1.98,1.96,1.92,1.91,0.0,2.05,1.85,2.07,1.85,2.09,1.88,2.04,1.83,2.88,3.2,2.55,2.8,3.2,2.55,,,,2.95,3.29,2.6,2.9,3.2,2.5,,,,3.01,3.31,2.65,2.91,3.25,2.55,2.02,1.88,2.02,1.89,2.08,2.0,1.98,1.86,0.0,2.1,1.83,2.09,1.85,2.11,1.87,2.07,1.81,2024,Football-Data.co.uk,https://www.football-data.co.uk/mmz4281/2425/D1.csv,2.8,3.3,2.6,2.88,3.6,2.56,2.94,3.5,2.64,1.96,1.95,2.11,1.89,2.88,3.2,2.45,2.86,3.29,2.65,2.98,3.35,2.7,2.08,1.9,2.11,1.89,,,,,,,,,,,,,,,,,,,,,,,,,,,,,,
D1,22/11/2024,19:30,Bayern Munich,Augsburg,3,0,H,0.0,0.0,D,33.0,2.0,14.0,1.0,9.0,9.0,8.0,0.0,0.0,2.0,0.0,1.0,1.13,10.0,15.0,1.13,9.75,17.0,,,,1.12,11.15,21.63,1.1,9.0,21.0,,,,1.15,12.0,23.0,1.12,10.21,19.53,1.29,3.75,,,1.31,4.0,1.28,3.67,-2.5,2.0,1.93,2.0,1.91,2.02,1.94,1.98,1.88,1.13,10.0,15.0,1.13,9.75,17.5,,,,1.11,11.5,23.0,1.11,9.0,19.0,,,,1.14,12.0,23.0,1.12,10.36,19.07,1.29,3.75,,,1.3,4.0,1.27,3.79,-2.5,1.99,1.94,1.99,1.92,2.04,1.97,1.97,1.89,2024,Football-Data.co.uk,https://www.football-data.co.uk/mmz4281/2425/D1.csv,1.11,10.5,20.0,1.13,11.2,23.0,1.14,11.5,25.0,1.3,4.1,2.0,1.96,1.07,10.0,17.0,1.14,11.0,17.1,1.13,12.0,28.0,1.3,4.2,2.01,1.97,,,,,,,,,,,,,,,,,,,,,,,,,,,,,,
D1,23/11/2024,14:30,Dortmund,Freiburg,4,0,H,2.0,0.0,H,19.0,7.0,7.0,3.0,11.0,4.0,7.0,0.0,1.0,2.0,0.0,2.0,1.67,4.2,4.5,1.65,4.2,4.75,,,,1.69,4.18,4.86,1.65,4.2,4.6,,,,1.75,4.42,5.0,1.68,4.2,4.73,1.57,2.38,1.61,2.41,1.64,2.46,1.59,2.4,-0.75,1.87,2.03,1.88,2.03,1.88,2.06,1.84,2.0,1.75,3.7,4.75,1.82,3.75,4.2,,,,1.82,3.87,4.52,1.83,3.7,4.0,,,,1.88,4.05,5.02,1.82,3.78,4.34,1.73,2.1,1.75,2.17,1.77,2.31,1.72,2.15,-0.75,2.06,1.87,2.06,1.87,2.12,1.9,2.04,1.82,2024,Football-Data.co.uk,https://www.football-data.co.uk/mmz4281/2425/D1.csv,1.65,4.33,4.75,1.72,4.42,4.83,1.7,4.4,5.2,1.62,2.54,1.88,2.09,1.75,3.5,4.2,1.77,3.78,5.02,1.86,3.9,4.7,1.77,2.26,2.12,1.87,,,,,,,,,,,,,,,,,,,,,,,,,,,,,,
D1,23/11/2024,14:30,Hoffenheim,RB Leipzig,4,3,H,1.0,2.0,A,20.0,14.0,7.0,6.0,14.0,12.0,4.0,3.0,2.0,1.0,0.0,0.0,3.4,3.5,2.1,3.4,3.6,2.05,,,,3.49,3.7,2.09,3.3,3.6,2.05,,,,3.55,3.79,2.15,3.39,3.66,2.1,1.57,2.38,1.58,2.5,1.58,2.55,1.55,2.45,0.25,2.07,1.83,2.09,1.83,2.09,1.85,2.03,1.81,3.2,3.5,2.2,3.2,3.6,2.15,,,,3.21,3.75,2.22,3.25,3.5,2.1,,,,3.55,3.81,2.23,3.27,3.65,2.15,1.53,2.5,1.57,2.56,1.61,2.57,1.56,2.46,0.25,2.01,1.92,1.98,1.94,2.06,1.94,1.99,1.87,2024,Football-Data.co.uk,https://www.football-data.co.uk/mmz4281/2425/D1.csv,3.4,3.75,2.1,3.52,3.79,2.14,3.55,3.9,2.14,1.61,2.54,2.13,1.87,3.1,3.5,2.05,3.55,3.61,2.12,3.45,3.8,2.22,1.61,2.6,2.06,1.92,,,,,,,,,,,,,,,,,,,,,,,,,,,,,,
D1,23/11/2024,14:30,Leverkusen,Heidenheim,5,2,H,2.0,2.0,D,20.0,6.0,10.0,3.0,8.0,11.0,6.0,0.0,0.0,0.0,0.0,0.0,1.2,6.5,15.0,1.2,7.5,12.5,,,,1.19,8.07,13.4,1.18,7.0,13.0,,,,1.22,8.6,15.0,1.19,7.63,13.79,1.4,3.0,1.4,3.01,1.44,3.1,1.41,2.92,-2.0,1.92,1.98,1.92,1.97,1.96,2.0,1.9,1.94,1.22,6.0,13.0,1.22,6.75,12.0,,,,1.21,7.42,13.66,1.2,6.5,13.0,,,,1.24,7.8,15.0,1.21,6.93,13.24,1.44,2.75,1.45,2.83,1.48,3.05,1.44,2.82,-2.0,2.09,1.84,2.08,1.84,2.11,1.99,2.02,1.85,2024,Football-Data.co.uk,https://www.football-data.co.uk/mmz4281/2425/D1.csv,1.18,8.0,15.0,1.22,7.75,14.8,1.21,8.4,17.5,1.45,3.1,1.95,1.99,1.15,6.5,13.0,1.24,6.52,14.0,1.22,7.8,16.5,1.49,2.98,2.09,1.87,,,,,,,,,,,,,,,,,,,,,,,,,,,,,,
D1,23/11/2024,14:30,Stuttgart,Bochum,2,0,H,0.0,0.0,D,15.0,9.0,5.0,2.0,7.0,16.0,7.0,4.0,2.0,3.0,0.0,0.0,1.29,6.0,9.0,1.28,6.25,9.25,,,,1.33,6.24,7.44,1.29,5.8,9.0,,,,1.35,6.51,9.65,1.31,6.11,8.33,1.33,3.4,1.34,3.31,1.37,3.6,1.34,3.27,-1.75,2.0,1.9,2.01,1.88,2.01,1.92,1.97,1.86,1.33,5.5,8.5,1.31,6.0,8.25,,,,1.34,6.01,8.33,1.3,5.5,8.5,,,,1.35,6.5,10.0,1.31,5.98,8.57,1.36,3.2,1.39,3.15,1.41,3.45,1.36,3.16,-1.5,1.92,2.01,1.93,2.0,1.93,2.1,1.84,2.02,2024,Football-Data.co.uk,https://www.football-data.co.uk/mmz4281/2425/D1.csv,1.3,6.0,8.5,1.32,6.51,9.65,1.34,6.4,9.8,1.38,3.5,1.99,1.89,1.25,5.5,8.5,1.33,5.88,9.2,1.33,6.2,10.0,1.41,3.35,1.89,2.1,,,,,,,,,,,,,,,,,,,,,,,,,,,,,,
D1,23/11/2024,14:30,Wolfsburg,Union Berlin,1,0,H,0.0,0.0,D,10.0,11.0,5.0,4.0,7.0,15.0,8.0,5.0,1.0,2.0,0.0,0.0,2.3,3.3,3.2,2.25,3.3,3.25,,,,2.37,3.28,3.27,2.25,3.25,3.2,,,,2.4,3.48,3.31,2.32,3.3,3.24,2.1,1.73,2.19,1.73,2.25,1.78,2.15,1.72,-0.25,2.02,1.88,2.03,1.88,2.04,1.91,1.97,1.87,2.15,3.3,3.6,2.15,3.25,3.5,,,,2.18,3.31,3.74,2.05,3.25,3.7,,,,2.43,3.4,3.85,2.15,3.31,3.62,2.1,1.73,2.19,1.75,2.24,1.79,2.14,1.73,-0.25,1.88,2.05,1.87,2.06,2.0,2.13,1.85,2.01,2024,Football-Data.co.uk,https://www.football-data.co.uk/mmz4281/2425/D1.csv,2.3,3.3,3.25,2.36,3.48,3.29,2.4,3.4,3.4,2.22,1.79,2.05,1.93,2.05,3.1,3.6,2.14,3.38,3.72,2.2,3.35,4.0,2.22,1.81,1.87,2.13,,,,,,,,,,,,,,,,,,,,,,,,,,,,,,
D1,23/11/2024,17:30,Ein Frankfurt,Werder Bremen,1,0,H,1.0,0.0,H,15.0,8.0,5.0,1.0,15.0,9.0,5.0,6.0,2.0,2.0,0.0,0.0,1.7,4.1,4.5,1.68,4.33,4.4,,,,1.71,4.24,4.59,1.67,4.2,4.4,,,,1.77,4.46,4.7,1.71,4.25,4.46,1.5,2.63,1.52,2.62,1.54,2.66,1.5,2.59,-0.75,1.9,2.0,1.9,2.0,1.91,2.02,1.87,1.96,1.75,4.0,4.33,1.77,4.0,4.1,,,,1.79,4.13,4.37,1.73,4.0,4.2,,,,1.81,4.2,4.58,1.77,4.08,4.29,1.5,2.63,1.5,2.7,1.53,2.75,1.5,2.62,-0.75,2.01,1.92,2.0,1.93,2.02,1.95,1.95,1.9,2024,Football-Data.co.uk,https://www.football-data.co.uk/mmz4281/2425/D1.csv,1.73,4.33,4.4,1.74,4.46,4.63,1.76,4.5,4.6,1.53,2.8,1.94,2.04,1.75,3.9,4.33,1.76,4.08,4.58,1.82,4.1,4.6,1.54,2.82,2.03,1.94,,,,,,,,,,,,,,,,,,,,,,,,,,,,,,
D1,24/11/2024,14:30,Holstein Kiel,Mainz,0,3,A,0.0,2.0,A,7.0,18.0,2.0,7.0,11.0,7.0,2.0,6.0,1.0,0.0,0.0,0.0,3.1,3.4,2.3,2.95,3.5,2.3,,,,3.15,3.49,2.33,2.9,3.5,2.3,,,,3.2,3.73,2.36,3.07,3.49,2.3,1.8,2.0,1.81,2.07,1.85,2.17,1.78,2.06,0.25,1.88,2.02,1.89,2.02,1.9,2.04,1.86,1.97,3.2,3.3,2.25,3.1,3.4,2.25,,,,3.35,3.39,2.3,3.2,3.2,2.25,,,,3.4,3.52,2.37,3.21,3.36,2.3,1.86,2.04,1.88,2.04,1.89,2.12,1.82,2.02,0.25,1.93,2.0,1.94,1.98,1.96,2.04,1.89,1.97,2024,Football-Data.co.uk,https://www.football-data.co.uk/mmz4281/2425/D1.csv,3.0,3.5,2.3,3.17,3.73,2.32,3.2,3.6,2.4,1.83,2.12,1.9,2.06,3.1,3.1,2.2,3.3,3.39,2.3,3.4,3.5,2.36,1.89,2.1,1.96,2.02,,,,,,,,,,,,,,,,,,,,,,,,,,,,,,
D1,24/11/2024,16:30,M'gladbach,St Pauli,2,0,H,2.0,0.0,H,15.0,15.0,4.0,3.0,7.0,8.0,5.0,4.0,1.0,0.0,0.0,0.0,1.8,3.8,4.2,1.85,3.7,4.0,,,,1.83,3.77,4.49,1.75,3.75,4.33,,,,1.85,4.0,4.54,1.81,3.77,4.34,1.8,2.0,1.81,2.07,1.85,2.1,1.79,2.05,-0.75,2.06,1.84,2.08,1.84,2.09,1.88,2.02,1.81,1.9,3.7,3.9,1.9,3.6,3.9,,,,1.92,3.75,4.14,1.91,3.5,3.9,,,,2.0,3.87,4.56,1.9,3.71,4.07,1.73,2.1,1.77,2.15,1.85,2.25,1.75,2.12,-0.5,1.93,2.0,1.93,2.0,1.95,2.06,1.89,1.98,2024,Football-Data.co.uk,https://www.football-data.co.uk/mmz4281/2425/D1.csv,1.8,3.75,4.5,1.84,3.99,4.52,1.87,3.9,4.7,1.82,2.1,2.11,1.86,1.87,3.4,3.8,1.91,3.78,4.13,1.95,3.75,4.4,1.78,2.26,1.95,2.04,,,,,,,,,,,,,,,,,,,,,,,,,,,,,,
D1,29/11/2024,19:30,St Pauli,Holstein Kiel,3,1,H,1.0,0.0,H,11.0,10.0,4.0,3.0,10.0,11.0,4.0,4.0,2.0,5.0,0.0,0.0,1.67,3.75,5.25,1.71,3.7,5.0,,,,1.71,3.83,5.22,1.7,3.6,5.0,,,,1.86,3.97,5.4,1.71,3.79,5.11,1.95,1.95,1.95,1.93,1.99,2.0,1.92,1.91,-0.75,1.93,2.0,1.93,1.98,2.02,2.01,1.9,1.93,1.67,3.7,5.25,1.7,3.6,5.0,,,,1.67,3.84,5.61,1.67,3.7,5.0,,,,1.74,3.84,5.61,1.69,3.73,5.32,2.01,1.89,2.02,1.87,2.04,1.92,1.96,1.86,-0.75,1.89,2.04,1.87,2.04,1.92,2.04,1.87,1.97,2024,Football-Data.co.uk,https://www.football-data.co.uk/mmz4281/2425/D1.csv,1.7,3.75,5.0,1.74,3.97,5.3,1.76,3.95,5.5,2.0,1.98,1.98,2.0,1.62,3.6,5.0,1.72,3.81,5.4,1.74,3.9,5.7,2.02,1.95,1.95,2.04,,,,,,,,,,,,,,,,,,,,,,,,,,,,,,
D1,30/11/2024,14:30,Augsburg,Bochum,1,0,H,1.0,0.0,H,16.0,7.0,4.0,1.0,8.0,22.0,6.0,1.0,3.0,3.0,0.0,0.0,1.73,4.0,4.5,1.7,4.0,4.6,,,,1.72,3.99,4.88,1.7,3.9,4.5,,,,1.76,4.22,5.12,1.73,3.96,4.69,1.73,2.1,1.73,2.18,1.78,2.22,1.72,2.15,-0.75,1.93,1.97,1.93,1.98,1.96,1.99,1.91,1.92,1.8,3.8,4.33,1.77,3.8,4.4,,,,1.82,3.8,4.61,1.75,3.75,4.4,,,,1.85,3.94,4.97,1.78,3.81,4.51,1.84,2.06,1.85,2.07,1.85,2.15,1.8,2.04,-0.75,2.04,1.86,2.06,1.87,2.09,1.91,2.0,1.85,2024,Football-Data.co.uk,https://www.football-data.co.uk/mmz4281/2425/D1.csv,1.75,3.9,4.75,1.75,4.22,4.84,1.78,4.1,5.0,1.75,2.3,1.99,1.98,1.7,3.7,4.4,1.81,3.87,4.57,1.86,3.9,4.8,1.88,2.12,2.1,1.88,,,,,,,,,,,,,,,,,,,,,,,,,,,,,,
D1,30/11/2024,14:30,Freiburg,M'gladbach,3,1,H,1.0,0.0,H,17.0,15.0,7.0,4.0,5.0,14.0,4.0,6.0,1.0,1.0,0.0,0.0,1.95,3.8,3.6,1.98,3.7,3.6,,,,2.01,3.78,3.69,2.0,3.6,3.5,,,,2.06,3.91,3.74,2.0,3.75,3.59,1.67,2.2,1.69,2.25,1.73,2.29,1.68,2.23,-0.5,2.02,1.88,2.01,1.89,2.02,1.9,1.99,1.86,2.05,3.75,3.4,2.0,3.7,3.5,,,,2.08,3.71,3.59,2.0,3.6,3.5,,,,2.09,3.87,3.93,2.02,3.71,3.59,1.67,2.2,1.69,2.28,1.72,2.33,1.66,2.25,-0.5,2.06,1.84,2.09,1.85,2.09,1.91,2.01,1.85,2024,Football-Data.co.uk,https://www.football-data.co.uk/mmz4281/2425/D1.csv,2.0,3.75,3.6,2.06,3.91,3.65,2.08,3.8,3.8,1.73,2.28,2.08,1.92,1.87,3.5,3.7,2.08,3.87,3.44,2.1,3.75,3.8,1.75,2.3,2.1,1.89,,,,,,,,,,,,,,,,,,,,,,,,,,,,,,
D1,30/11/2024,14:30,RB Leipzig,Wolfsburg,1,5,A,0.0,3.0,A,9.0,13.0,4.0,8.0,11.0,6.0,7.0,3.0,2.0,1.0,0.0,0.0,1.7,4.0,4.75,1.65,4.1,4.75,,,,1.7,4.17,4.8,1.67,4.0,4.6,,,,1.73,4.38,5.0,1.69,4.12,4.75,1.62,2.3,1.62,2.39,1.65,2.44,1.61,2.35,-0.75,1.9,2.0,1.89,2.02,1.92,2.02,1.86,1.98,1.75,3.8,4.5,1.75,3.9,4.4,,,,1.79,3.89,4.64,1.7,3.9,4.5,,,,1.8,4.1,5.0,1.74,3.93,4.64,1.62,2.3,1.66,2.32,1.68,2.41,1.63,2.3,-0.75,2.01,1.89,2.02,1.91,2.02,1.98,1.93,1.92,2024,Football-Data.co.uk,https://www.football-data.co.uk/mmz4281/2425/D1.csv,1.67,4.1,5.0,1.73,4.38,4.79,1.74,4.2,5.2,1.63,2.42,1.92,2.05,1.65,3.7,4.75,1.74,3.93,4.98,1.8,4.0,5.0,1.68,2.4,2.0,1.97,,,,,,,,,,,,,,,,,,,,,,,,,,,,,,
D1,30/11/2024,14:30,Union Berlin,Leverkusen,1,2,A,1.0,1.0,D,8.0,8.0,2.0,3.0,18.0,11.0,1.0,3.0,4.0,2.0,0.0,0.0,4.75,3.7,1.75,4.6,3.7,1.75,,,,4.72,3.84,1.78,4.5,3.75,1.73,,,,4.96,4.0,1.81,4.65,3.83,1.76,1.89,2.01,1.9,1.99,1.93,2.03,1.86,1.98,0.75,1.9,2.0,1.9,2.01,1.91,2.01,1.87,1.96,4.33,3.4,1.85,4.2,3.4,1.9,,,,4.88,3.47,1.9,4.5,3.5,1.8,,,,5.6,3.63,1.95,4.63,3.49,1.85,2.1,1.73,2.19,1.74,2.2,1.79,2.13,1.73,0.5,1.99,1.91,2.08,1.85,2.09,1.95,2.01,1.85,2024,Football-Data.co.uk,https://www.football-data.co.uk/mmz4281/2425/D1.csv,4.75,3.9,1.75,4.69,4.0,1.81,4.9,4.0,1.8,1.91,2.04,1.94,2.03,4.6,3.25,1.75,4.69,3.51,1.88,5.1,3.6,1.89,2.24,1.79,2.11,1.89,,,,,,,,,,,,,,,,,,,,,,,,,,,,,,
D1,30/11/2024,14:30,Werder Bremen,Stuttgart,2,2,D,1.0,1.0,D,20.0,10.0,6.0,4.0,8.0,13.0,11.0,2.0,1.0,1.0,0.0,0.0,3.0,3.75,2.2,3.1,3.75,2.15,,,,3.02,3.75,2.3,2.9,3.75,2.2,,,,3.1,4.0,2.33,3.0,3.75,2.25,1.53,2.5,1.56,2.55,1.58,2.6,1.53,2.5,0.25,1.9,2.0,1.89,2.01,1.93,2.01,1.88,1.95,2.5,3.6,2.7,2.6,3.4,2.65,,,,2.57,3.56,2.8,2.5,3.6,2.6,,,,2.87,3.66,2.8,2.59,3.52,2.67,1.67,2.2,1.68,2.3,1.71,2.35,1.65,2.27,0.0,1.86,2.04,1.89,2.05,1.9,2.05,1.88,1.99,2024,Football-Data.co.uk,https://www.football-data.co.uk/mmz4281/2425/D1.csv,3.0,3.8,2.25,3.07,4.0,2.28,3.1,3.9,2.34,1.57,2.64,1.94,2.04,2.5,3.3,2.5,2.63,3.66,2.65,2.66,3.6,2.82,1.72,2.36,1.93,2.04,,,,,,,,,,,,,,,,,,,,,,,,,,,,,,
D1,30/11/2024,17:30,Dortmund,Bayern Munich,1,1,D,1.0,0.0,H,7.0,14.0,2.0,5.0,11.0,7.0,2.0,3.0,2.0,2.0,0.0,0.0,4.75,4.1,1.67,4.4,4.4,1.66,,,,4.67,4.38,1.68,4.4,4.2,1.67,,,,4.75,4.58,1.74,4.54,4.32,1.69,1.4,3.0,1.41,3.01,1.41,3.12,1.39,2.99,0.75,2.05,1.85,2.06,1.85,2.06,1.86,2.01,1.83,4.5,4.0,1.73,4.2,4.0,1.73,,,,4.69,4.17,1.73,4.5,3.9,1.7,,,,4.92,4.55,1.78,4.51,4.07,1.73,1.57,2.38,1.6,2.46,1.61,2.71,1.55,2.47,0.75,1.97,1.93,1.99,1.93,2.08,1.99,1.94,1.91,2024,Football-Data.co.uk,https://www.football-data.co.uk/mmz4281/2425/D1.csv,4.6,4.2,1.7,4.52,4.58,1.74,4.8,4.4,1.75,1.42,3.15,2.05,1.92,4.5,3.9,1.62,4.78,4.08,1.74,4.8,4.2,1.77,1.62,2.58,2.01,1.97,,,,,,,,,,,,,,,,,,,,,,,,,,,,,,
D1,01/12/2024,14:30,Mainz,Hoffenheim,2,0,H,2.0,0.0,H,18.0,10.0,8.0,2.0,13.0,12.0,8.0,3.0,1.0,3.0,0.0,0.0,2.1,3.4,3.5,2.05,3.6,3.4,,,,2.08,3.7,3.53,2.05,3.6,3.3,,,,2.13,3.8,3.6,2.08,3.61,3.45,1.67,2.2,1.67,2.29,1.73,2.33,1.66,2.26,-0.25,1.83,2.07,1.81,2.1,1.85,2.11,1.79,2.05,2.0,3.4,3.7,2.05,3.5,3.5,,,,2.15,3.57,3.52,2.05,3.4,3.5,,,,2.15,3.68,3.93,2.05,3.57,3.62,1.8,2.0,1.79,2.12,1.83,2.24,1.74,2.13,-0.25,1.73,2.08,1.85,2.07,1.85,2.17,1.77,2.1,2024,Football-Data.co.uk,https://www.football-data.co.uk/mmz4281/2425/D1.csv,2.05,3.6,3.6,2.13,3.73,3.6,2.1,3.75,3.75,1.71,2.32,1.83,2.16,2.0,3.5,3.6,2.01,3.58,3.93,2.12,3.7,3.8,1.82,2.18,1.83,2.18,,,,,,,,,,,,,,,,,,,,,,,,,,,,,,
D1,01/12/2024,16:30,Heidenheim,Ein Frankfurt,0,4,A,0.0,1.0,A,8.0,14.0,1.0,8.0,7.0,9.0,6.0,5.0,0.0,2.0,0.0,0.0,3.7,3.7,1.95,3.6,3.6,2.0,,,,3.85,3.73,1.97,3.6,3.6,1.95,,,,3.89,3.87,2.0,3.73,3.69,1.97,1.73,2.1,1.78,2.12,1.83,2.16,1.76,2.09,0.5,1.91,1.99,1.93,1.98,1.93,2.0,1.88,1.97,3.75,3.7,1.91,3.7,3.6,1.95,,,,4.09,3.54,1.99,3.6,3.6,1.95,,,,4.37,3.81,2.0,3.86,3.65,1.94,1.73,2.1,1.76,2.17,1.81,2.25,1.72,2.13,0.5,1.94,1.99,1.93,2.0,1.96,2.0,1.9,1.96,2024,Football-Data.co.uk,https://www.football-data.co.uk/mmz4281/2425/D1.csv,3.8,3.8,1.95,3.89,3.87,2.0,4.0,3.95,1.99,1.81,2.14,1.98,2.0,3.75,3.4,1.9,4.04,3.81,1.92,4.1,3.7,2.02,1.77,2.28,2.0,1.99,,,,,,,,,,,,,,,,,,,,,,,,,,,,,,
D1,06/12/2024,19:30,Stuttgart,Union Berlin,3,2,H,0.0,1.0,A,7.0,14.0,5.0,3.0,14.0,19.0,1.0,6.0,1.0,6.0,0.0,0.0,1.8,3.6,4.5,1.82,3.5,4.5,,,,1.84,3.61,4.78,1.75,3.6,4.6,,,,1.87,3.71,4.8,1.83,3.58,4.64,2.1,1.73,2.11,1.79,2.16,1.82,2.08,1.77,-0.5,1.84,2.06,,,1.87,2.09,1.83,2.03,1.91,3.5,4.1,1.9,3.4,4.2,,,,1.93,3.51,4.42,1.85,3.5,4.2,,,,1.98,3.6,4.6,1.9,3.49,4.32,2.1,1.73,2.14,1.78,2.17,1.83,2.1,1.76,-0.5,1.95,1.95,1.94,1.98,1.98,2.01,1.91,1.95,2024,Football-Data.co.uk,https://www.football-data.co.uk/mmz4281/2425/D1.csv,1.8,3.5,4.75,,,,1.86,3.7,5.1,2.16,1.85,1.86,2.14,1.83,3.25,4.2,1.92,3.58,4.36,1.96,3.6,4.6,2.16,1.85,1.97,2.02,,,,,,,,,,,,,,,,,,,,,,,,,,,,,,
D1,07/12/2024,14:30,Bayern Munich,Heidenheim,4,2,H,1.0,0.0,H,21.0,2.0,10.0,2.0,4.0,5.0,8.0,0.0,1.0,0.0,0.0,0.0,1.1,11.0,19.0,1.1,12.0,19.5,,,,1.09,14.33,22.78,1.07,11.0,26.0,,,,1.11,15.0,29.0,1.09,12.51,23.3,1.25,3.75,,,1.31,4.1,1.28,3.73,-2.5,1.8,2.0,1.85,2.05,1.86,2.09,1.83,2.01,1.13,9.5,15.0,1.14,10.0,16.0,,,,1.11,11.25,24.0,1.1,9.0,21.0,,,,1.14,12.0,25.02,1.12,10.41,20.98,1.3,3.5,,,1.31,3.98,1.28,3.68,-2.5,2.05,1.88,2.03,1.88,2.07,2.08,1.97,1.88,2024,Football-Data.co.uk,https://www.football-data.co.uk/mmz4281/2425/D1.csv,1.08,12.0,29.0,,,,1.11,14.5,30.0,1.31,4.0,1.86,2.06,1.08,10.5,21.0,1.14,10.8,17.6,1.13,12.0,29.0,1.34,3.8,2.04,1.93,,,,,,,,,,,,,,,,,,,,,,,,,,,,,,
D1,07/12/2024,14:30,Bochum,Werder Bremen,0,1,A,0.0,0.0,D,12.0,9.0,2.0,1.0,12.0,10.0,9.0,5.0,1.0,1.0,0.0,0.0,3.2,3.5,2.2,3.0,3.6,2.2,,,,3.21,3.59,2.25,3.0,3.7,2.15,,,,3.25,3.75,2.27,3.14,3.62,2.23,1.62,2.3,1.65,2.35,1.65,2.41,1.62,2.34,0.25,1.95,1.95,1.94,1.96,2.0,1.96,1.92,1.92,3.6,3.75,1.95,3.5,3.7,2.0,,,,3.62,3.8,2.05,3.6,3.5,2.0,,,,3.75,3.85,2.2,3.55,3.71,2.03,1.57,2.38,1.62,2.44,1.67,2.49,1.6,2.38,0.5,1.87,2.06,1.88,2.06,1.89,2.1,1.84,2.03,2024,Football-Data.co.uk,https://www.football-data.co.uk/mmz4281/2425/D1.csv,3.25,3.6,2.2,,,,3.3,3.75,2.28,1.68,2.42,2.0,1.97,3.6,3.6,1.95,3.69,3.85,2.0,3.8,3.85,2.08,1.65,2.48,1.91,2.09,,,,,,,,,,,,,,,,,,,,,,,,,,,,,,
D1,07/12/2024,14:30,Ein Frankfurt,Augsburg,2,2,D,0.0,0.0,D,16.0,8.0,4.0,3.0,17.0,9.0,4.0,0.0,2.0,2.0,0.0,0.0,1.53,4.1,6.25,1.57,4.2,5.5,,,,1.56,4.43,5.91,1.53,4.2,5.8,,,,1.59,4.6,6.25,1.55,4.36,5.89,1.62,2.3,1.61,2.41,1.65,2.45,1.6,2.36,-1.0,1.92,1.98,1.92,1.99,1.96,2.01,1.89,1.97,1.53,4.33,6.0,1.55,4.2,5.75,,,,1.54,4.4,6.39,1.53,4.2,5.8,,,,1.62,4.5,6.5,1.55,4.31,6.06,1.67,2.2,1.68,2.28,1.7,2.41,1.65,2.28,-1.0,1.88,2.05,1.89,2.03,2.0,2.08,1.89,1.97,2024,Football-Data.co.uk,https://www.football-data.co.uk/mmz4281/2425/D1.csv,1.55,4.2,6.0,,,,1.6,4.4,6.6,1.64,2.52,1.95,2.02,1.5,4.2,6.5,1.55,4.41,6.33,1.55,4.5,7.2,1.7,2.4,1.91,2.08,,,,,,,,,,,,,,,,,,,,,,,,,,,,,,
D1,07/12/2024,14:30,Holstein Kiel,RB Leipzig,0,2,A,0.0,1.0,A,17.0,9.0,5.0,5.0,11.0,13.0,6.0,1.0,4.0,3.0,0.0,0.0,5.75,4.2,1.57,5.0,4.33,1.6,,,,5.49,4.42,1.59,5.0,4.33,1.57,,,,5.75,4.5,1.62,5.36,4.37,1.59,1.49,2.45,1.52,2.6,1.53,2.66,1.5,2.58,1.0,1.93,1.97,1.93,1.97,1.95,2.01,1.89,1.96,7.0,4.75,1.44,6.75,4.8,1.44,,,,6.95,4.91,1.46,7.0,4.6,1.44,,,,7.0,5.0,1.6,6.37,4.75,1.48,1.53,2.5,1.56,2.55,1.58,2.85,1.51,2.53,1.25,1.94,1.99,1.94,1.98,1.97,2.1,1.86,2.0,2024,Football-Data.co.uk,https://www.football-data.co.uk/mmz4281/2425/D1.csv,5.5,4.33,1.57,,,,6.0,4.5,1.62,1.58,2.68,1.97,1.99,6.0,4.5,1.44,6.89,4.86,1.47,7.4,4.9,1.5,1.57,2.68,1.9,2.09,,,,,,,,,,,,,,,,,,,,,,,,,,,,,,
D1,07/12/2024,14:30,Leverkusen,St Pauli,2,1,H,2.0,0.0,H,6.0,12.0,2.0,4.0,8.0,10.0,7.0,4.0,1.0,3.0,0.0,0.0,1.25,6.5,10.0,1.24,6.75,11.0,,,,1.24,6.76,11.47,1.22,6.0,12.0,,,,1.26,7.1,13.0,1.24,6.57,11.8,1.5,2.63,1.53,2.57,1.56,2.75,1.51,2.59,-1.75,1.92,1.98,1.93,1.96,1.93,2.0,1.89,1.95,1.3,5.75,9.5,1.29,5.75,9.75,,,,1.28,6.06,11.8,1.29,5.5,10.0,,,,1.31,6.5,11.8,1.28,5.88,10.57,1.62,2.3,1.63,2.41,1.66,2.6,1.59,2.38,-1.5,1.87,2.06,1.86,2.07,1.91,2.07,1.84,2.01,2024,Football-Data.co.uk,https://www.football-data.co.uk/mmz4281/2425/D1.csv,1.22,6.5,13.0,,,,1.27,7.2,13.0,1.55,2.7,2.0,1.99,1.25,5.5,11.0,1.31,6.11,9.67,1.28,6.6,13.0,1.64,2.54,1.88,2.08,,,,,,,,,,,,,,,,,,,,,,,,,,,,,,
D1,07/12/2024,17:30,M'gladbach,Dortmund,1,1,D,0.0,0.0,D,9.0,16.0,3.0,3.0,16.0,11.0,7.0,4.0,3.0,2.0,1.0,0.0,3.2,3.75,2.1,3.2,3.9,2.05,,,,3.24,3.87,2.14,3.2,3.9,2.0,,,,3.31,4.0,2.15,3.23,3.89,2.1,1.44,2.75,1.48,2.75,1.48,2.86,1.46,2.74,0.25,2.03,1.87,2.03,1.88,2.08,1.88,2.01,1.85,3.2,3.9,2.05,3.3,3.75,2.05,,,,3.45,3.88,2.08,3.3,3.6,2.05,,,,3.65,4.01,2.1,3.37,3.84,2.04,1.5,2.63,1.53,2.62,1.57,2.79,1.49,2.61,0.5,1.78,2.03,1.85,2.09,1.87,2.11,1.82,2.04,2024,Football-Data.co.uk,https://www.football-data.co.uk/mmz4281/2425/D1.csv,3.25,3.9,2.1,,,,3.35,4.1,2.16,1.54,2.8,2.09,1.89,3.2,3.7,1.95,3.65,3.9,2.0,3.5,4.0,2.1,1.54,2.82,1.89,2.11,,,,,,,,,,,,,,,,,,,,,,,,,,,,,,
D1,08/12/2024,14:30,Wolfsburg,Mainz,4,3,H,1.0,2.0,A,10.0,12.0,5.0,5.0,10.0,15.0,3.0,5.0,3.0,4.0,0.0,0.0,2.15,3.3,3.5,2.1,3.4,3.4,,,,2.15,3.34,3.5,2.1,3.4,3.4,,,,2.2,3.55,3.64,2.15,3.42,3.46,1.84,2.06,1.83,2.02,1.86,2.06,1.82,2.02,-0.25,1.88,2.02,1.85,2.0,1.89,2.05,1.84,2.0,2.15,3.3,3.6,2.05,3.4,3.6,,,,2.13,3.45,3.72,2.1,3.3,3.5,,,,2.23,3.56,3.9,2.12,3.4,3.6,1.92,1.98,1.93,1.97,1.94,2.0,1.88,1.95,-0.25,1.88,2.02,1.84,2.1,1.9,2.1,1.82,2.04,2024,Football-Data.co.uk,https://www.football-data.co.uk/mmz4281/2425/D1.csv,,,,,,,2.2,3.55,3.75,1.84,2.06,1.89,2.1,2.0,3.1,3.5,2.1,3.36,3.9,2.18,3.45,3.9,1.94,2.04,1.87,2.13,,,,,,,,,,,,,,,,,,,,,,,,,,,,,,
D1,08/12/2024,16:30,Hoffenheim,Freiburg,1,1,D,0.0,0.0,D,15.0,11.0,5.0,4.0,10.0,5.0,6.0,1.0,1.0,1.0,0.0,0.0,2.7,3.4,2.55,2.65,3.5,2.55,,,,2.73,3.45,2.54,2.7,3.4,2.5,,,,2.78,3.6,2.61,2.71,3.47,2.54,1.73,2.1,1.68,2.2,1.73,2.29,1.7,2.18,0.0,2.02,1.88,2.0,1.86,2.05,1.89,1.99,1.86,2.4,3.25,3.0,2.55,3.1,2.87,,,,2.51,3.3,3.07,2.45,3.2,2.9,,,,2.7,3.4,3.09,2.5,3.28,2.94,1.99,1.91,1.98,1.93,2.02,2.2,1.89,1.95,-0.25,2.1,1.8,2.15,1.81,2.17,1.81,2.11,1.77,2024,Football-Data.co.uk,https://www.football-data.co.uk/mmz4281/2425/D1.csv,,,,,,,2.8,3.65,2.68,1.74,2.26,2.03,1.95,2.4,3.1,2.8,2.46,3.34,3.08,2.58,3.35,3.1,2.02,1.97,2.2,1.81,,,,,,,,,,,,,,,,,,,,,,,,,,,,,,
D1,13/12/2024,19:30,Freiburg,Wolfsburg,3,2,H,1.0,0.0,H,18.0,20.0,9.0,5.0,11.0,3.0,5.0,6.0,4.0,1.0,0.0,0.0,2.2,3.3,3.3,2.15,3.3,3.3,,,,2.26,3.45,3.38,2.2,3.3,3.25,,,,2.27,3.54,3.42,2.22,3.41,3.3,1.93,1.97,1.95,1.95,1.97,2.0,1.9,1.92,-0.25,1.95,1.98,1.95,1.97,1.96,1.99,1.9,1.92,2.25,3.4,3.2,2.3,3.4,3.1,,,,2.32,3.46,3.25,2.25,3.4,3.1,,,,2.38,3.55,3.3,2.28,3.42,3.14,1.87,2.03,1.88,2.03,1.94,2.07,1.85,1.97,-0.25,2.01,1.92,2.0,1.93,2.04,1.93,1.98,1.87,2024,Football-Data.co.uk,https://www.football-data.co.uk/mmz4281/2425/D1.csv,2.2,3.4,3.4,2.27,3.54,3.42,2.28,3.5,3.5,1.96,2.02,1.97,2.02,2.2,3.25,3.1,2.36,3.46,3.14,2.36,3.55,3.35,1.99,2.0,2.02,1.95,,,,,,,,,,,,,,,,,,,,,,,,,,,,,,
D1,14/12/2024,14:30,Augsburg,Leverkusen,0,2,A,0.0,2.0,A,8.0,14.0,4.0,3.0,12.0,5.0,4.0,9.0,3.0,0.0,0.0,0.0,5.75,4.0,1.57,5.0,4.1,1.63,,,,5.59,4.28,1.6,5.5,4.0,1.57,,,,5.75,4.46,1.64,5.47,4.2,1.59,1.67,2.2,1.69,2.25,1.7,2.34,1.66,2.25,1.0,1.87,2.03,1.88,2.02,1.9,2.04,1.85,1.99,6.25,3.7,1.62,5.75,4.0,1.58,,,,6.3,4.09,1.59,6.5,3.8,1.53,,,,7.0,4.35,1.62,6.0,4.0,1.58,1.98,1.92,1.94,1.96,2.0,2.25,1.86,1.97,1.0,1.84,2.09,1.9,2.03,1.93,2.09,1.85,2.0,2024,Football-Data.co.uk,https://www.football-data.co.uk/mmz4281/2425/D1.csv,5.5,4.1,1.57,5.55,4.46,1.64,6.2,4.3,1.64,1.72,2.32,1.9,2.05,6.0,3.75,1.5,6.61,3.82,1.62,6.8,4.2,1.61,2.0,1.99,1.89,2.09,,,,,,,,,,,,,,,,,,,,,,,,,,,,,,
D1,14/12/2024,14:30,Mainz,Bayern Munich,2,1,H,1.0,0.0,H,8.0,13.0,4.0,1.0,21.0,12.0,3.0,2.0,3.0,2.0,0.0,0.0,6.5,4.5,1.48,5.75,4.6,1.5,,,,6.86,4.87,1.46,6.5,4.5,1.44,,,,7.21,4.94,1.5,6.54,4.69,1.47,1.53,2.5,1.53,2.6,1.58,2.63,1.52,2.52,1.25,1.86,2.04,1.88,2.02,1.88,2.08,1.83,2.0,6.0,4.1,1.53,5.75,4.33,1.53,,,,6.26,4.59,1.53,5.8,4.2,1.53,,,,7.0,5.0,1.57,6.15,4.43,1.51,1.57,2.38,1.61,2.45,1.61,2.6,1.57,2.4,1.0,2.05,1.88,2.04,1.89,2.15,1.91,2.02,1.85,2024,Football-Data.co.uk,https://www.football-data.co.uk/mmz4281/2425/D1.csv,6.5,4.75,1.44,7.0,4.94,1.49,7.0,5.1,1.5,1.56,2.68,1.88,2.04,5.5,4.2,1.47,6.48,4.23,1.57,6.6,4.7,1.56,1.64,2.52,2.07,1.92,,,,,,,,,,,,,,,,,,,,,,,,,,,,,,
D1,14/12/2024,14:30,M'gladbach,Holstein Kiel,4,1,H,3.0,1.0,H,15.0,11.0,6.0,3.0,10.0,14.0,5.0,2.0,1.0,1.0,0.0,0.0,1.44,4.75,6.5,1.47,4.75,6.25,,,,1.46,4.89,6.75,1.44,4.6,6.5,,,,1.49,5.09,7.13,1.44,4.89,6.63,1.5,2.63,1.52,2.62,1.52,2.88,1.48,2.64,-1.25,1.95,1.95,1.96,1.93,1.98,1.98,1.91,1.91,1.4,5.0,7.0,1.41,5.0,6.75,,,,1.43,5.29,7.5,1.44,4.8,6.5,,,,1.48,5.3,7.5,1.42,4.99,6.87,1.4,3.0,1.43,2.97,1.47,3.14,1.41,2.89,-1.25,1.86,2.07,1.88,2.06,1.92,2.07,1.87,1.98,2024,Football-Data.co.uk,https://www.football-data.co.uk/mmz4281/2425/D1.csv,1.4,4.75,7.0,1.49,5.09,6.69,1.47,5.1,7.8,1.52,2.76,1.95,1.99,1.36,4.75,6.0,1.43,5.13,7.44,1.45,5.4,7.8,1.45,3.15,1.91,2.07,,,,,,,,,,,,,,,,,,,,,,,,,,,,,,
D1,14/12/2024,14:30,Union Berlin,Bochum,0,2,A,,,,,,,,,,,,,,,,1.6,3.8,6.0,1.61,3.8,6.0,,,,1.6,4.01,6.13,1.55,3.9,6.0,,,,1.63,4.17,6.5,1.59,3.94,6.09,2.04,1.86,2.04,1.86,2.07,1.89,2.01,1.83,-1.0,2.07,1.83,2.07,1.85,2.09,1.85,2.03,1.82,1.65,3.9,5.25,1.65,3.9,5.25,,,,1.67,3.93,5.68,1.62,3.9,5.0,,,,1.69,4.09,6.25,1.64,3.92,5.43,1.91,1.99,1.93,1.98,2.0,2.03,1.87,1.95,-0.75,1.86,2.07,1.86,2.08,1.88,2.12,1.82,2.04,2024,Football-Data.co.uk,https://www.football-data.co.uk/mmz4281/2425/D1.csv,1.57,3.9,6.5,1.63,4.17,6.22,1.63,4.1,6.8,2.06,1.9,2.11,1.86,1.57,3.75,5.0,1.69,3.98,5.36,1.71,3.9,6.2,1.97,2.0,1.9,2.08,,,,,,,,,,,,,,,,,,,,,,,,,,,,,,
D1,14/12/2024,17:30,St Pauli,Werder Bremen,0,2,A,0.0,1.0,A,15.0,8.0,4.0,4.0,10.0,9.0,4.0,5.0,2.0,3.0,0.0,0.0,2.63,3.4,2.63,2.65,3.4,2.55,,,,2.69,3.36,2.75,2.6,3.4,2.6,,,,2.72,3.58,2.77,2.64,3.4,2.66,1.95,1.95,1.97,1.92,1.99,1.96,1.92,1.9,0.0,1.95,1.95,1.93,1.97,1.97,1.97,1.93,1.93,2.8,3.3,2.5,2.85,3.2,2.55,,,,3.0,3.19,2.63,2.75,3.3,2.5,,,,3.0,3.4,2.68,2.85,3.28,2.55,2.0,1.8,2.1,1.81,2.13,1.94,1.99,1.83,0.0,2.08,1.85,2.1,1.84,2.11,1.87,2.05,1.83,2024,Football-Data.co.uk,https://www.football-data.co.uk/mmz4281/2425/D1.csv,2.6,3.4,2.7,2.72,3.58,2.72,2.68,3.55,2.86,1.98,2.0,1.94,2.05,2.75,3.1,2.45,2.98,3.39,2.5,3.05,3.3,2.66,2.12,1.86,2.13,1.85,,,,,,,,,,,,,,,,,,,,,,,,,,,,,,
D1,15/12/2024,14:30,Heidenheim,Stuttgart,1,3,A,1.0,2.0,A,9.0,18.0,2.0,7.0,25.0,13.0,9.0,6.0,4.0,3.0,0.0,0.0,4.0,4.0,1.8,4.0,3.75,1.83,,,,4.27,3.93,1.83,4.0,3.8,1.8,,,,4.27,4.05,1.87,4.09,3.89,1.82,1.73,2.1,1.72,2.2,1.76,2.24,1.71,2.16,0.75,1.78,2.03,1.84,2.08,1.84,2.12,1.79,2.04,4.33,4.0,1.73,4.4,4.0,1.73,,,,4.72,4.07,1.75,4.4,3.8,1.73,,,,4.73,4.2,1.91,4.45,3.99,1.74,1.57,2.38,1.58,2.49,1.65,2.5,1.58,2.4,0.75,1.98,1.95,1.97,1.95,1.99,2.0,1.93,1.92,2024,Football-Data.co.uk,https://www.football-data.co.uk/mmz4281/2425/D1.csv,4.2,3.9,1.8,4.27,4.05,1.87,4.4,4.0,1.87,1.76,2.22,1.86,2.12,4.4,3.75,1.67,4.62,4.11,1.75,4.9,4.2,1.78,1.62,2.58,1.99,1.98,,,,,,,,,,,,,,,,,,,,,,,,,,,,,,
D1,15/12/2024,16:30,Dortmund,Hoffenheim,1,1,D,0.0,0.0,D,6.0,12.0,2.0,1.0,9.0,10.0,3.0,9.0,5.0,2.0,0.0,0.0,1.44,5.0,6.0,1.44,5.0,6.25,,,,1.45,5.13,6.46,1.44,4.8,6.5,,,,1.48,5.3,7.0,1.44,5.01,6.34,1.4,3.0,1.43,2.94,1.43,3.05,1.4,2.93,-1.25,1.93,1.97,1.95,1.95,1.95,2.0,1.89,1.92,1.33,5.5,7.5,1.35,5.5,8.0,,,,1.36,5.51,8.55,1.33,5.0,8.5,,,,1.43,5.8,9.0,1.36,5.42,8.0,1.44,2.75,1.49,2.73,1.49,3.0,1.44,2.78,-1.5,1.97,1.96,2.01,1.92,2.01,1.97,1.96,1.89,2024,Football-Data.co.uk,https://www.football-data.co.uk/mmz4281/2425/D1.csv,1.44,5.0,6.5,1.48,5.3,6.58,1.48,5.4,7.0,1.47,3.05,1.94,2.01,1.33,5.0,8.0,1.36,5.8,8.19,1.39,5.6,9.2,1.49,3.0,2.03,1.94,,,,,,,,,,,,,,,,,,,,,,,,,,,,,,
D1,15/12/2024,18:30,RB Leipzig,Ein Frankfurt,2,1,H,1.0,1.0,D,19.0,16.0,9.0,3.0,15.0,10.0,6.0,7.0,1.0,3.0,0.0,0.0,2.05,4.0,3.2,2.15,3.7,3.0,,,,2.11,3.92,3.29,2.1,3.7,3.1,,,,2.15,4.06,3.29,2.1,3.86,3.18,1.53,2.5,1.56,2.52,1.56,2.55,1.53,2.48,-0.25,1.85,2.05,1.85,2.06,1.87,2.06,1.82,2.0,2.25,3.8,2.88,2.2,3.6,3.0,,,,2.3,3.76,3.06,2.25,3.7,2.88,,,,2.38,3.97,3.31,2.26,3.74,2.97,1.5,2.63,1.52,2.63,1.56,2.75,1.5,2.6,-0.25,2.04,1.89,2.01,1.92,2.07,1.97,1.98,1.87,2024,Football-Data.co.uk,https://www.football-data.co.uk/mmz4281/2425/D1.csv,2.1,3.8,3.25,2.15,4.06,3.29,2.18,3.95,3.35,1.58,2.54,1.9,2.06,2.25,3.6,2.9,2.23,3.97,3.03,2.36,3.85,3.1,1.54,2.82,2.07,1.93,,,,,,,,,,,,,,,,,,,,,,,,,,,,,,
D1,20/12/2024,19:30,Bayern Munich,RB Leipzig,5,1,H,3.0,1.0,H,22.0,4.0,9.0,1.0,9.0,10.0,8.0,1.0,5.0,2.0,0.0,0.0,1.2,7.5,11.0,1.21,7.25,12.0,,,,1.21,7.48,13.15,1.22,6.5,11.0,,,,1.28,7.95,13.15,1.22,7.04,11.46,1.29,3.75,1.33,3.43,1.3,3.75,1.28,3.59,-2.0,1.86,2.04,1.87,2.04,2.02,2.06,1.91,1.92,1.2,7.0,13.0,1.21,7.5,11.5,,,,1.22,7.36,12.59,1.22,7.0,11.0,,,,1.26,7.7,13.0,1.21,7.21,11.88,1.29,3.75,1.33,3.43,1.29,4.0,1.27,3.77,-2.0,1.86,2.04,1.88,2.02,1.96,2.07,1.87,1.98,2024,Football-Data.co.uk,https://www.football-data.co.uk/mmz4281/2425/D1.csv,1.22,7.0,11.0,1.23,7.95,12.9,1.26,7.6,13.0,1.32,4.0,1.88,2.11,1.17,6.5,11.0,1.23,7.28,12.8,1.24,8.0,14.0,1.32,4.0,1.93,2.06,,,,,,,,,,,,,,,,,,,,,,,,,,,,,,
D1,21/12/2024,14:30,Ein Frankfurt,Mainz,1,3,A,0.0,2.0,A,34.0,9.0,9.0,3.0,10.0,10.0,17.0,2.0,1.0,1.0,0.0,1.0,1.83,4.0,3.9,1.83,3.9,3.9,,,,1.85,4.02,4.05,1.85,3.9,3.9,,,,1.91,4.07,4.2,1.84,3.95,3.97,1.67,2.2,1.67,2.3,1.73,2.33,1.66,2.24,-0.5,1.86,2.04,1.86,2.05,1.86,2.06,1.84,2.01,2.1,3.7,3.4,2.1,3.6,3.3,,,,2.1,3.6,3.63,2.05,3.6,3.4,,,,2.16,3.79,3.84,2.07,3.62,3.49,1.73,2.1,1.76,2.17,1.79,2.27,1.71,2.15,-0.25,1.85,2.08,1.83,2.11,1.87,2.16,1.79,2.07,2024,Football-Data.co.uk,https://www.football-data.co.uk/mmz4281/2425/D1.csv,1.8,3.9,4.2,1.91,4.06,4.1,1.89,4.1,4.4,1.71,2.36,1.89,2.12,1.95,3.5,3.3,2.06,3.73,3.59,2.18,3.7,3.6,1.79,2.24,1.89,2.1,,,,,,,,,,,,,,,,,,,,,,,,,,,,,,
D1,21/12/2024,14:30,Hoffenheim,M'gladbach,1,2,A,0.0,1.0,A,18.0,5.0,8.0,3.0,14.0,6.0,8.0,4.0,0.0,0.0,0.0,0.0,2.3,3.6,2.9,2.35,3.7,2.8,,,,2.4,3.66,2.91,2.3,3.75,2.8,,,,2.42,3.93,2.92,2.35,3.69,2.85,1.57,2.38,1.62,2.39,1.64,2.47,1.58,2.39,-0.25,2.08,1.82,2.1,1.83,2.1,1.83,2.03,1.8,2.2,3.6,3.0,2.3,3.6,2.9,,,,2.3,3.63,3.14,2.3,3.5,2.9,,,,2.39,3.75,3.14,2.28,3.63,2.99,1.57,2.38,1.62,2.4,1.62,2.5,1.58,2.38,-0.25,2.0,1.93,2.01,1.92,2.05,1.93,1.97,1.87,2024,Football-Data.co.uk,https://www.football-data.co.uk/mmz4281/2425/D1.csv,2.38,3.7,2.88,2.41,3.93,2.89,2.44,3.8,3.0,1.68,2.44,2.12,1.87,2.15,3.4,2.9,2.39,3.73,2.9,2.36,3.75,3.15,1.65,2.52,2.06,1.93,,,,,,,,,,,,,,,,,,,,,,,,,,,,,,
D1,21/12/2024,14:30,Holstein Kiel,Augsburg,5,1,H,4.0,1.0,H,8.0,17.0,6.0,4.0,11.0,13.0,3.0,8.0,0.0,4.0,0.0,0.0,3.0,3.4,2.35,3.0,3.3,2.35,,,,3.17,3.25,2.44,3.1,3.25,2.38,,,,3.19,3.4,2.46,3.05,3.31,2.4,1.97,1.93,1.96,1.93,1.99,1.96,1.92,1.89,0.25,1.83,2.07,1.83,2.09,1.85,2.09,1.8,2.03,3.4,3.5,2.1,3.5,3.3,2.1,,,,3.59,3.36,2.21,3.4,3.3,2.15,,,,3.6,3.58,2.29,3.43,3.4,2.16,1.93,1.97,1.93,1.96,1.96,2.0,1.9,1.92,0.25,2.04,1.89,2.03,1.9,2.07,1.9,2.0,1.85,2024,Football-Data.co.uk,https://www.football-data.co.uk/mmz4281/2425/D1.csv,3.1,3.4,2.38,3.19,3.38,2.46,3.2,3.5,2.46,1.98,2.0,1.89,2.1,3.25,3.3,2.05,3.5,3.58,2.15,3.6,3.6,2.24,1.95,2.02,2.06,1.92,,,,,,,,,,,,,,,,,,,,,,,,,,,,,,
D1,21/12/2024,14:30,Stuttgart,St Pauli,0,1,A,0.0,1.0,A,25.0,11.0,5.0,5.0,10.0,11.0,9.0,1.0,2.0,2.0,0.0,0.0,1.45,4.75,6.5,1.51,4.5,6.0,,,,1.47,4.73,6.93,1.44,4.5,6.5,,,,1.51,4.79,6.93,1.47,4.64,6.51,1.67,2.2,1.67,2.3,1.72,2.35,1.66,2.24,-1.25,2.05,1.85,2.04,1.87,2.08,1.87,2.02,1.81,1.45,4.75,6.25,1.47,4.5,6.5,,,,1.46,4.77,7.33,1.5,4.5,6.0,,,,1.51,4.85,7.33,1.47,4.61,6.54,1.62,2.3,1.66,2.34,1.69,2.41,1.62,2.3,-1.25,2.05,1.88,2.04,1.88,2.09,1.89,2.02,1.83,2024,Football-Data.co.uk,https://www.football-data.co.uk/mmz4281/2425/D1.csv,1.47,4.6,6.5,1.51,4.79,6.85,1.51,4.9,7.2,1.73,2.34,2.08,1.89,1.4,4.2,6.5,1.5,4.85,6.38,1.5,4.9,7.6,1.69,2.44,2.09,1.89,,,,,,,,,,,,,,,,,,,,,,,,,,,,,,
D1,21/12/2024,14:30,Werder Bremen,Union Berlin,4,1,H,3.0,1.0,H,11.0,16.0,6.0,4.0,9.0,12.0,4.0,9.0,2.0,2.0,0.0,0.0,2.05,3.3,3.75,2.1,3.4,3.5,,,,2.11,3.38,3.78,2.15,3.3,3.5,,,,2.15,3.52,3.79,2.1,3.37,3.64,2.0,1.8,2.08,1.81,2.1,1.85,2.03,1.8,-0.25,1.75,2.05,1.82,2.11,1.83,2.12,1.79,2.05,2.25,3.25,3.3,2.25,3.25,3.25,,,,2.33,3.25,3.43,2.3,3.2,3.3,,,,2.36,3.36,3.56,2.26,3.26,3.35,2.1,1.73,2.13,1.79,2.24,1.84,2.09,1.76,-0.25,1.99,1.94,1.99,1.93,2.0,2.0,1.92,1.92,2024,Football-Data.co.uk,https://www.football-data.co.uk/mmz4281/2425/D1.csv,2.1,3.4,3.7,2.15,3.52,3.75,2.14,3.55,3.9,2.12,1.88,1.85,2.16,2.15,3.1,3.3,2.25,3.33,3.5,2.38,3.25,3.6,2.16,1.85,2.03,1.96,,,,,,,,,,,,,,,,,,,,,,,,,,,,,,
D1,21/12/2024,17:30,Leverkusen,Freiburg,5,1,H,1.0,0.0,H,20.0,8.0,12.0,2.0,8.0,9.0,4.0,2.0,1.0,2.0,0.0,0.0,1.38,5.0,7.5,1.38,5.0,7.75,,,,1.37,5.33,8.23,1.4,4.8,7.5,,,,1.43,5.33,9.0,1.38,5.03,8.04,1.62,2.3,1.6,2.43,1.67,2.43,1.6,2.35,-1.25,1.83,2.07,1.83,2.09,1.87,2.12,1.81,2.02,1.38,5.0,7.5,1.39,5.0,7.25,,,,1.39,5.32,8.17,1.4,4.75,7.0,,,,1.46,5.34,8.24,1.39,4.95,7.74,1.53,2.5,1.57,2.52,1.67,2.58,1.56,2.43,-1.25,1.86,2.07,1.85,2.08,1.93,2.11,1.85,2.0,2024,Football-Data.co.uk,https://www.football-data.co.uk/mmz4281/2425/D1.csv,1.36,5.0,8.5,1.43,5.2,8.0,1.4,5.4,9.2,1.66,2.48,1.88,2.09,1.36,4.75,8.0,1.41,5.13,8.02,1.42,5.3,9.0,1.6,2.66,1.88,2.09,,,,,,,,,,,,,,,,,,,,,,,,,,,,,,
D1,22/12/2024,14:30,Bochum,Heidenheim,2,0,H,2.0,0.0,H,14.0,10.0,4.0,2.0,18.0,15.0,5.0,2.0,2.0,7.0,0.0,0.0,2.3,3.5,3.0,2.35,3.4,2.9,,,,2.35,3.55,3.07,2.3,3.5,2.9,,,,2.37,3.77,3.07,2.32,3.52,2.98,1.73,2.1,1.76,2.15,1.8,2.19,1.74,2.11,-0.25,2.03,1.87,2.04,1.87,2.04,1.9,1.98,1.84,2.0,3.5,3.6,2.1,3.4,3.5,,,,2.11,3.47,3.74,2.1,3.5,3.4,,,,2.19,3.67,3.74,2.1,3.49,3.5,1.8,2.0,1.83,2.07,1.85,2.23,1.76,2.09,-0.25,1.73,2.08,1.83,2.12,1.86,2.12,1.81,2.04,2024,Football-Data.co.uk,https://www.football-data.co.uk/mmz4281/2425/D1.csv,2.3,3.5,3.0,2.37,3.77,3.05,2.36,3.65,3.2,1.8,2.18,2.04,1.94,2.0,3.3,3.4,2.09,3.67,3.57,2.2,3.6,3.7,1.81,2.22,1.89,2.1,,,,,,,,,,,,,,,,,,,,,,,,,,,,,,
D1,22/12/2024,16:30,Wolfsburg,Dortmund,1,3,A,0.0,3.0,A,14.0,12.0,5.0,4.0,8.0,8.0,10.0,4.0,3.0,2.0,0.0,1.0,3.1,3.6,2.2,3.0,3.7,2.15,,,,3.09,3.65,2.29,3.0,3.75,2.2,,,,3.15,3.9,2.3,3.05,3.67,2.23,1.62,2.3,1.64,2.34,1.67,2.45,1.59,2.36,0.25,1.92,1.98,1.91,2.0,1.95,2.0,1.89,1.93,3.1,3.8,2.15,3.2,3.6,2.15,,,,3.35,3.76,2.15,3.1,3.75,2.15,,,,3.37,3.87,2.2,3.18,3.72,2.15,1.62,2.3,1.64,2.37,1.66,2.5,1.59,2.37,0.25,2.03,1.9,2.04,1.88,2.06,1.92,1.99,1.85,2024,Football-Data.co.uk,https://www.football-data.co.uk/mmz4281/2425/D1.csv,3.1,3.7,2.25,3.13,3.9,2.28,3.15,3.8,2.32,1.66,2.42,1.94,2.02,3.1,3.5,2.05,3.29,3.87,2.14,3.4,3.9,2.2,1.66,2.5,2.06,1.92,,,,,,,,,,,,,,,,,,,,,,,,,,,,,,
D1,10/01/2025,19:30,Dortmund,Leverkusen,2,3,A,1.0,3.0,A,12.0,7.0,5.0,5.0,8.0,6.0,6.0,1.0,1.0,2.0,0.0,0.0,2.7,3.6,2.45,2.8,3.4,2.4,,,,2.92,3.6,2.43,2.8,3.5,2.4,,,,2.96,3.67,2.49,2.82,3.55,2.43,1.57,2.38,1.61,2.4,1.65,2.45,1.59,2.37,0.25,1.73,2.08,1.81,2.11,1.81,2.14,1.76,2.08,3.7,3.8,1.91,3.7,3.7,1.95,,,,3.88,3.82,1.96,3.7,3.6,1.95,,,,3.88,3.95,2.12,3.65,3.76,1.97,1.53,2.5,1.56,2.55,1.56,2.7,1.51,2.56,0.5,1.94,1.99,1.95,1.97,1.96,2.0,1.9,1.96,2024,Football-Data.co.uk,https://www.football-data.co.uk/mmz4281/2425/D1.csv,2.8,3.6,2.45,2.96,3.67,2.47,2.94,3.75,2.52,1.63,2.54,1.83,2.18,3.5,3.6,1.95,3.65,3.9,2.0,3.9,3.95,2.02,1.58,2.72,1.96,2.02,,,,,,,,,,,,,,,,,,,,,,,,,,,,,,
D1,11/01/2025,14:30,Freiburg,Holstein Kiel,3,2,H,2.0,0.0,H,14.0,14.0,5.0,7.0,9.0,12.0,7.0,1.0,2.0,3.0,0.0,0.0,1.4,4.75,7.5,1.38,5.0,7.75,,,,1.4,5.21,7.67,1.4,4.8,7.0,,,,1.43,5.25,8.0,1.39,4.98,7.58,1.57,2.38,1.61,2.42,1.64,2.47,1.57,2.4,-1.25,1.88,2.02,1.86,2.05,1.88,2.05,1.83,1.99,1.45,5.0,6.5,1.44,4.8,6.25,,,,1.46,5.04,6.73,1.44,4.75,6.5,,,,1.47,5.18,7.59,1.44,4.87,6.6,1.5,2.63,1.52,2.65,1.59,2.69,1.51,2.57,-1.25,1.99,1.94,1.98,1.94,2.0,1.97,1.93,1.9,2024,Football-Data.co.uk,https://www.football-data.co.uk/mmz4281/2425/D1.csv,1.4,5.0,8.0,1.43,5.25,7.9,1.42,5.4,8.6,1.61,2.56,1.88,2.05,1.4,4.5,6.0,1.46,5.06,6.82,1.49,5.0,7.4,1.55,2.78,2.02,1.96,,,,,,,,,,,,,,,,,,,,,,,,,,,,,,
D1,11/01/2025,14:30,Heidenheim,Union Berlin,2,0,H,1.0,0.0,H,16.0,10.0,9.0,6.0,8.0,10.0,5.0,4.0,0.0,1.0,0.0,1.0,3.1,3.3,2.3,3.1,3.25,2.35,,,,3.24,3.29,2.38,3.2,3.25,2.3,,,,3.31,3.31,2.43,3.17,3.26,2.34,2.05,1.85,2.06,1.83,2.13,1.86,2.04,1.79,0.25,1.87,2.03,1.87,2.04,1.88,2.04,1.84,1.98,3.2,3.3,2.25,3.1,3.3,2.3,,,,3.25,3.46,2.32,3.1,3.3,2.3,,,,3.29,3.46,2.62,3.16,3.33,2.31,1.88,2.05,1.85,2.07,1.98,2.07,1.85,1.96,0.25,1.91,2.02,1.92,2.01,1.92,2.2,1.85,2.0,2024,Football-Data.co.uk,https://www.football-data.co.uk/mmz4281/2425/D1.csv,3.25,3.3,2.3,3.31,3.31,2.43,3.25,3.4,2.46,2.08,1.87,1.89,2.1,3.0,3.1,2.25,3.29,3.39,2.31,3.3,3.45,2.42,1.91,2.08,1.92,2.07,,,,,,,,,,,,,,,,,,,,,,,,,,,,,,
D1,11/01/2025,14:30,Hoffenheim,Wolfsburg,0,1,A,0.0,1.0,A,15.0,12.0,2.0,3.0,15.0,14.0,4.0,8.0,1.0,2.0,0.0,0.0,2.35,3.6,2.88,2.35,3.5,2.9,,,,2.44,3.45,3.0,2.45,3.4,2.8,,,,2.5,3.6,3.02,2.43,3.45,2.87,1.57,2.38,1.63,2.38,1.67,2.41,1.61,2.33,-0.25,2.08,1.82,2.11,1.81,2.11,1.82,2.07,1.77,2.3,3.5,3.0,2.3,3.4,3.0,,,,2.36,3.48,3.15,2.3,3.3,3.0,,,,2.45,3.6,3.15,2.33,3.44,3.02,1.73,2.1,1.74,2.2,1.76,2.39,1.7,2.17,-0.25,2.06,1.87,2.05,1.88,2.1,1.88,2.01,1.84,2024,Football-Data.co.uk,https://www.football-data.co.uk/mmz4281/2425/D1.csv,2.45,3.6,2.8,2.5,3.52,3.02,2.48,3.65,3.05,1.65,2.44,2.14,1.85,2.2,3.3,3.0,2.42,3.58,2.97,2.38,3.6,3.25,1.78,2.26,2.05,1.93,,,,,,,,,,,,,,,,,,,,,,,,,,,,,,
D1,11/01/2025,14:30,Mainz,Bochum,2,0,H,1.0,0.0,H,10.0,11.0,5.0,2.0,6.0,16.0,5.0,6.0,0.0,2.0,0.0,0.0,1.53,4.33,5.75,1.53,4.33,5.75,,,,1.57,4.38,5.81,1.57,4.2,5.5,,,,1.61,4.46,6.0,1.56,4.28,5.76,1.73,2.1,1.74,2.16,1.8,2.18,1.72,2.12,-1.0,1.95,1.95,1.95,1.95,1.98,1.95,1.92,1.9,1.65,4.0,5.0,1.65,3.9,5.25,,,,1.68,3.97,5.47,1.67,3.8,5.0,,,,1.7,4.1,5.5,1.66,3.95,5.18,1.92,2.01,1.93,1.98,1.93,2.09,1.86,1.96,-0.75,1.86,2.07,1.88,2.06,1.91,2.08,1.84,2.0,2024,Football-Data.co.uk,https://www.football-data.co.uk/mmz4281/2425/D1.csv,1.53,4.33,6.0,1.61,4.46,5.92,1.6,4.4,6.4,1.76,2.24,1.99,1.96,1.6,3.7,5.0,1.67,4.1,5.31,1.7,4.0,5.9,1.94,2.04,1.89,2.09,,,,,,,,,,,,,,,,,,,,,,,,,,,,,,
D1,11/01/2025,14:30,St Pauli,Ein Frankfurt,0,1,A,0.0,1.0,A,18.0,14.0,4.0,6.0,8.0,7.0,3.0,3.0,0.0,3.0,0.0,0.0,3.7,3.5,2.05,3.5,3.5,2.05,,,,3.8,3.4,2.1,3.5,3.4,2.1,,,,3.81,3.6,2.14,3.57,3.47,2.08,1.85,2.05,1.87,2.02,1.89,2.06,1.81,2.01,0.25,2.05,1.75,2.11,1.8,2.14,1.83,2.06,1.77,3.5,3.4,2.15,3.4,3.4,2.15,,,,3.58,3.43,2.18,3.4,3.4,2.15,,,,3.7,3.5,2.23,3.46,3.42,2.15,1.86,2.07,1.87,2.05,1.87,2.16,1.78,2.05,0.25,2.06,1.87,2.04,1.88,2.08,1.91,2.0,1.84,2024,Football-Data.co.uk,https://www.football-data.co.uk/mmz4281/2425/D1.csv,3.5,3.6,2.05,3.81,3.52,2.13,3.8,3.6,2.14,1.89,2.06,2.14,1.85,3.3,3.3,2.05,3.7,3.45,2.13,3.6,3.55,2.24,1.87,2.12,2.05,1.93,,,,,,,,,,,,,,,,,,,,,,,,,,,,,,
D1,11/01/2025,17:30,M'gladbach,Bayern Munich,0,1,A,0.0,0.0,D,5.0,23.0,0.0,10.0,10.0,7.0,4.0,10.0,3.0,1.0,0.0,0.0,7.0,5.0,1.4,6.25,5.25,1.42,,,,7.2,5.47,1.4,6.5,5.0,1.4,,,,7.2,5.5,1.45,6.8,5.23,1.4,1.36,3.2,1.36,3.27,1.36,3.4,1.34,3.22,1.25,2.03,1.78,2.08,1.81,2.08,1.85,2.0,1.8,8.0,5.25,1.33,7.75,5.5,1.34,,,,8.68,5.86,1.34,7.5,5.5,1.35,,,,8.79,6.04,1.36,8.08,5.65,1.34,1.36,3.2,1.39,3.12,1.41,3.2,1.38,3.04,1.5,2.02,1.91,2.02,1.91,2.02,1.94,1.95,1.9,2024,Football-Data.co.uk,https://www.football-data.co.uk/mmz4281/2425/D1.csv,7.0,5.0,1.36,6.89,5.5,1.45,7.6,5.5,1.44,1.39,3.4,2.1,1.88,7.5,5.5,1.25,8.79,5.54,1.36,9.2,6.2,1.36,1.42,3.3,2.02,1.97,,,,,,,,,,,,,,,,,,,,,,,,,,,,,,
D1,12/01/2025,14:30,RB Leipzig,Werder Bremen,4,2,H,2.0,1.0,H,18.0,7.0,7.0,2.0,7.0,12.0,4.0,1.0,1.0,1.0,0.0,0.0,1.75,4.0,4.2,1.75,4.1,4.2,,,,1.76,4.18,4.34,1.75,4.0,4.0,,,,1.81,4.32,4.6,1.75,4.11,4.22,1.53,2.5,1.54,2.59,1.54,2.6,1.51,2.51,-0.75,1.99,1.91,1.98,1.93,2.0,1.95,1.92,1.89,1.85,3.9,3.7,1.88,3.75,3.8,,,,1.91,3.85,4.06,1.85,3.9,3.8,,,,1.98,4.04,4.15,1.88,3.84,3.88,1.57,2.38,1.63,2.4,1.63,2.52,1.56,2.42,-0.5,1.93,2.0,1.92,2.0,1.98,2.0,1.89,1.96,2024,Football-Data.co.uk,https://www.football-data.co.uk/mmz4281/2425/D1.csv,1.75,4.2,4.33,1.81,4.32,4.32,1.79,4.3,4.6,1.57,2.66,1.98,1.96,1.8,3.7,3.8,1.92,4.04,3.83,1.94,4.0,4.1,1.65,2.52,1.94,2.05,,,,,,,,,,,,,,,,,,,,,,,,,,,,,,
D1,12/01/2025,16:30,Augsburg,Stuttgart,0,1,A,0.0,0.0,D,8.0,13.0,2.0,5.0,11.0,14.0,3.0,9.0,5.0,1.0,0.0,0.0,3.6,3.6,2.0,3.5,3.6,2.0,,,,3.76,3.71,2.0,3.6,3.6,2.0,,,,3.79,3.79,2.05,3.61,3.65,1.99,1.73,2.1,1.74,2.17,1.78,2.25,1.71,2.14,0.5,1.88,2.02,1.89,2.01,1.9,2.02,1.85,1.98,3.9,3.7,1.9,3.8,3.6,1.95,,,,4.15,3.69,1.93,3.9,3.6,1.91,,,,4.15,3.78,2.06,3.95,3.65,1.92,1.73,2.1,1.81,2.1,1.83,2.14,1.78,2.05,0.5,1.96,1.97,1.98,1.94,2.0,1.97,1.92,1.92,2024,Football-Data.co.uk,https://www.football-data.co.uk/mmz4281/2425/D1.csv,3.6,3.75,2.0,3.79,3.79,2.05,3.7,3.85,2.08,1.76,2.24,1.9,2.08,3.9,3.4,1.85,4.13,3.78,1.91,4.3,3.75,1.99,1.82,2.18,2.0,1.99,,,,,,,,,,,,,,,,,,,,,,,,,,,,,,
D1,14/01/2025,17:30,Holstein Kiel,Dortmund,4,2,H,3.0,0.0,H,11.0,16.0,7.0,4.0,13.0,11.0,1.0,9.0,2.0,2.0,1.0,0.0,5.25,4.5,1.55,5.25,4.5,1.55,,,,5.52,4.77,1.56,5.0,4.5,1.57,,,,5.75,4.79,1.61,5.41,4.64,1.55,1.44,2.75,1.47,2.81,1.47,2.9,1.44,2.77,1.0,2.0,1.9,2.03,1.9,2.03,1.9,1.98,1.86,6.5,4.75,1.45,6.25,4.75,1.47,,,,6.9,4.8,1.48,6.5,4.6,1.44,,,,7.0,5.0,1.57,6.48,4.79,1.46,1.5,2.63,1.52,2.64,1.53,2.85,1.48,2.65,1.25,1.88,2.02,1.9,2.03,1.94,2.08,1.86,1.97,2024,Football-Data.co.uk,https://www.football-data.co.uk/mmz4281/2425/D1.csv,5.5,4.6,1.53,5.45,4.79,1.61,6.0,4.8,1.57,1.48,2.98,2.05,1.92,6.0,4.5,1.44,6.89,4.86,1.47,7.0,5.0,1.52,1.53,2.84,1.94,2.0,,,,,,,,,,,,,,,,,,,,,,,,,,,,,,
D1,14/01/2025,19:30,Ein Frankfurt,Freiburg,4,1,H,1.0,1.0,D,23.0,7.0,8.0,5.0,8.0,11.0,8.0,1.0,1.0,1.0,0.0,0.0,1.7,4.2,4.33,1.7,4.0,4.5,,,,1.72,4.19,4.77,1.73,4.0,4.5,,,,1.8,4.38,4.77,1.71,4.12,4.53,1.57,2.38,1.6,2.47,1.63,2.53,1.57,2.42,-0.75,1.9,2.0,1.92,2.01,1.92,2.03,1.88,1.94,1.67,4.33,4.5,1.68,4.1,4.6,,,,1.7,4.13,5.03,1.67,4.0,4.6,,,,1.79,4.42,5.03,1.7,4.15,4.59,1.53,2.5,1.56,2.56,1.56,2.75,1.51,2.57,-0.75,1.86,2.04,1.88,2.05,1.91,2.07,1.86,1.97,2024,Football-Data.co.uk,https://www.football-data.co.uk/mmz4281/2425/D1.csv,1.7,4.1,4.6,1.75,4.38,4.64,1.76,4.3,5.0,1.62,2.56,1.95,2.03,1.67,4.0,4.6,1.7,4.42,4.6,1.75,4.3,4.9,1.56,2.76,1.93,2.04,,,,,,,,,,,,,,,,,,,,,,,,,,,,,,
D1,14/01/2025,19:30,Leverkusen,Mainz,1,0,H,0.0,0.0,D,20.0,7.0,9.0,4.0,4.0,14.0,8.0,4.0,2.0,3.0,0.0,0.0,1.36,5.25,7.5,1.37,5.0,7.75,,,,1.38,5.26,8.51,1.36,5.0,8.0,,,,1.4,5.39,9.0,1.37,5.12,8.38,1.62,2.3,1.65,2.35,1.68,2.43,1.62,2.31,-1.5,2.06,1.84,2.09,1.85,2.12,1.85,2.04,1.81,1.36,5.25,8.0,1.36,5.0,8.25,,,,1.37,5.25,8.81,1.36,5.0,8.5,,,,1.39,5.34,9.5,1.36,5.13,8.66,1.67,2.2,1.69,2.3,1.69,2.49,1.64,2.26,-1.5,2.05,1.85,2.07,1.87,2.07,1.87,2.01,1.84,2024,Football-Data.co.uk,https://www.football-data.co.uk/mmz4281/2425/D1.csv,1.33,5.0,9.0,1.4,5.39,8.8,1.39,5.5,9.8,1.69,2.4,2.11,1.85,1.33,5.0,8.5,1.39,5.34,8.14,1.38,5.5,10.0,1.72,2.38,2.11,1.89,,,,,,,,,,,,,,,,,,,,,,,,,,,,,,
D1,14/01/2025,19:30,Wolfsburg,M'gladbach,5,1,H,1.0,0.0,H,16.0,9.0,5.0,5.0,10.0,7.0,4.0,7.0,1.0,0.0,0.0,0.0,1.91,3.8,3.75,1.98,3.75,3.5,,,,1.95,3.86,3.87,1.95,3.75,3.6,,,,1.99,4.06,3.9,1.96,3.8,3.69,1.62,2.3,1.62,2.42,1.65,2.45,1.59,2.36,-0.5,1.95,1.95,1.96,1.96,1.98,1.97,1.94,1.9,1.85,3.75,4.0,1.87,3.75,3.9,,,,1.9,3.81,4.14,1.91,3.8,3.8,,,,1.93,3.89,4.2,1.9,3.75,3.93,1.67,2.2,1.68,2.31,1.69,2.43,1.64,2.27,-0.5,1.89,2.01,1.91,2.01,1.92,2.05,1.89,1.96,2024,Football-Data.co.uk,https://www.football-data.co.uk/mmz4281/2425/D1.csv,1.95,3.8,3.7,1.99,4.06,3.77,2.0,3.9,4.0,1.67,2.46,2.0,1.98,1.9,3.6,3.9,1.93,3.85,3.96,1.93,3.9,4.3,1.71,2.38,1.95,2.04,,,,,,,,,,,,,,,,,,,,,,,,,,,,,,
D1,15/01/2025,17:30,Bochum,St Pauli,1,0,H,0.0,0.0,D,13.0,12.0,5.0,1.0,7.0,15.0,6.0,7.0,1.0,3.0,0.0,1.0,2.6,3.25,2.75,2.5,3.2,2.85,,,,2.64,3.28,2.87,2.6,3.3,2.75,,,,2.66,3.5,2.87,2.59,3.27,2.81,2.0,1.8,2.09,1.8,2.12,1.85,2.04,1.78,0.0,1.88,2.02,1.88,2.04,1.92,2.04,1.87,2.0,2.45,3.2,3.0,2.55,3.2,2.8,,,,2.56,3.26,3.03,2.6,3.1,2.9,,,,2.63,3.31,3.03,2.56,3.21,2.89,2.04,1.86,2.04,1.88,2.06,1.91,1.99,1.83,-0.25,2.11,1.82,2.18,1.76,2.2,1.82,2.15,1.73,2024,Football-Data.co.uk,https://www.football-data.co.uk/mmz4281/2425/D1.csv,2.6,3.3,2.8,2.66,3.5,2.83,2.72,3.4,2.94,2.14,1.83,1.92,2.07,2.55,3.1,2.8,2.61,3.27,2.94,2.66,3.3,3.05,2.1,1.9,2.27,1.77,,,,,,,,,,,,,,,,,,,,,,,,,,,,,,
D1,15/01/2025,19:30,Bayern Munich,Hoffenheim,5,0,H,3.0,0.0,H,25.0,5.0,10.0,2.0,8.0,10.0,13.0,1.0,1.0,1.0,0.0,0.0,1.13,9.0,17.0,1.13,9.75,17.5,,,,1.12,11.23,17.9,1.12,10.0,19.0,,,,1.14,11.3,21.0,1.12,10.12,18.51,1.25,4.0,,,1.25,4.33,1.23,4.01,-2.5,1.95,1.95,1.94,1.94,1.95,2.0,1.92,1.92,1.11,9.5,19.0,1.12,10.5,18.0,,,,1.1,11.74,25.84,1.12,10.0,21.0,,,,1.13,12.0,25.84,1.11,10.48,20.64,1.25,4.0,,,1.29,4.25,1.24,3.92,-2.5,1.91,2.02,1.91,2.0,2.02,2.03,1.9,1.94,2024,Football-Data.co.uk,https://www.football-data.co.uk/mmz4281/2425/D1.csv,1.11,10.5,21.0,1.14,11.3,21.0,1.14,11.5,25.0,1.29,4.3,1.97,2.02,1.07,10.0,18.0,1.13,10.7,21.0,1.13,12.0,28.0,1.28,4.4,1.93,2.04,,,,,,,,,,,,,,,,,,,,,,,,,,,,,,
D1,15/01/2025,19:30,Stuttgart,RB Leipzig,2,1,H,0.0,1.0,A,14.0,6.0,6.0,3.0,10.0,19.0,5.0,0.0,2.0,7.0,0.0,2.0,1.95,3.9,3.4,2.05,3.7,3.3,,,,2.01,3.81,3.63,2.0,3.7,3.5,,,,2.05,3.9,3.71,2.01,3.78,3.47,1.44,2.75,1.47,2.74,1.47,2.8,1.44,2.71,-0.5,2.0,1.9,2.02,1.88,2.05,1.9,2.01,1.84,1.95,3.8,3.5,2.0,3.7,3.5,,,,2.01,3.88,3.64,1.95,4.0,3.3,,,,2.05,4.0,3.76,1.99,3.8,3.52,1.44,2.75,1.49,2.74,1.5,2.88,1.46,2.7,-0.5,2.02,1.91,2.02,1.9,2.05,1.91,1.99,1.85,2024,Football-Data.co.uk,https://www.football-data.co.uk/mmz4281/2425/D1.csv,1.95,3.9,3.5,2.05,3.89,3.71,2.06,4.0,3.7,1.5,2.88,2.06,1.92,1.95,3.6,3.4,2.04,3.9,3.52,2.06,3.95,3.75,1.52,2.88,2.06,1.93,,,,,,,,,,,,,,,,,,,,,,,,,,,,,,
D1,15/01/2025,19:30,Union Berlin,Augsburg,0,2,A,0.0,2.0,A,13.0,11.0,2.0,5.0,15.0,9.0,7.0,4.0,1.0,2.0,0.0,0.0,1.83,3.5,4.5,1.85,3.4,4.4,,,,1.84,3.56,4.74,1.85,3.5,4.4,,,,1.87,3.73,4.75,1.84,3.51,4.55,2.1,1.73,2.13,1.77,2.21,1.78,2.11,1.74,-0.5,1.85,2.05,1.85,2.07,1.85,2.07,1.83,2.01,2.15,3.3,3.5,2.1,3.25,3.7,,,,2.2,3.33,3.65,2.15,3.25,3.5,,,,2.21,3.4,3.87,2.14,3.28,3.62,2.1,1.73,2.17,1.76,2.24,1.79,2.13,1.72,-0.25,1.9,2.03,1.89,2.04,1.9,2.1,1.82,2.02,2024,Football-Data.co.uk,https://www.football-data.co.uk/mmz4281/2425/D1.csv,1.85,3.4,4.75,1.87,3.73,4.69,1.91,3.6,5.0,2.2,1.79,1.91,2.09,2.05,3.0,3.6,2.14,3.35,3.78,2.22,3.3,3.95,2.18,1.83,1.89,2.11,,,,,,,,,,,,,,,,,,,,,,,,,,,,,,
D1,15/01/2025,19:30,Werder Bremen,Heidenheim,3,3,D,1.0,1.0,D,12.0,14.0,5.0,5.0,10.0,15.0,4.0,2.0,5.0,3.0,0.0,0.0,1.6,4.2,4.75,1.63,4.2,5.0,,,,1.64,4.42,4.97,1.62,4.0,4.6,,,,1.68,4.46,5.25,1.63,4.26,4.92,1.57,2.38,1.6,2.44,1.64,2.47,1.59,2.37,-1.0,2.07,1.83,2.08,1.84,2.13,1.84,2.03,1.81,1.73,4.0,4.5,1.73,3.9,4.33,,,,1.76,4.08,4.58,1.73,3.8,4.2,,,,1.78,4.29,4.85,1.74,3.99,4.44,1.62,2.3,1.65,2.36,1.65,2.4,1.62,2.31,-0.75,1.99,1.94,1.98,1.94,2.01,2.0,1.93,1.91,2024,Football-Data.co.uk,https://www.football-data.co.uk/mmz4281/2425/D1.csv,1.6,4.2,5.0,1.68,4.46,5.14,1.64,4.5,5.7,1.63,2.52,2.07,1.89,1.67,3.75,4.5,1.78,4.08,4.43,1.79,4.1,4.9,1.66,2.48,2.01,1.98,,,,,,,,,,,,,,,,,,,,,,,,,,,,,,
D1,17/01/2025,19:30,Ein Frankfurt,Dortmund,2,0,H,1.0,0.0,H,13.0,12.0,5.0,3.0,8.0,6.0,5.0,7.0,0.0,2.0,0.0,0.0,2.55,3.6,2.63,2.55,3.5,2.6,,,,2.61,3.64,2.71,2.5,3.6,2.6,,,,2.65,3.75,2.72,2.56,3.59,2.65,1.57,2.38,1.61,2.43,1.61,2.64,1.56,2.41,0.0,1.94,1.99,1.93,2.0,1.96,1.99,1.92,1.95,2.8,3.5,2.45,2.75,3.4,2.5,,,,2.89,3.58,2.49,2.75,3.5,2.5,,,,2.99,3.85,2.61,2.76,3.53,2.49,1.67,2.2,1.73,2.25,1.73,2.5,1.64,2.26,0.0,2.1,1.83,2.12,1.83,2.14,1.86,2.05,1.82,2024,Football-Data.co.uk,https://www.football-data.co.uk/mmz4281/2425/D1.csv,2.55,3.6,2.63,2.65,3.75,2.7,2.64,3.8,2.76,1.64,2.52,1.95,2.03,2.63,3.4,2.4,2.99,3.57,2.41,2.88,3.7,2.58,1.73,2.34,2.11,1.88,,,,,,,,,,,,,,,,,,,,,,,,,,,,,,
D1,18/01/2025,14:30,Bayern Munich,Wolfsburg,3,2,H,2.0,1.0,H,25.0,7.0,10.0,3.0,10.0,9.0,6.0,2.0,2.0,3.0,0.0,0.0,1.17,7.5,15.0,1.18,8.25,13.5,,,,1.17,8.66,14.14,1.17,8.5,15.0,,,,1.19,9.4,17.0,1.17,8.34,14.42,1.3,3.5,1.3,3.4,1.3,3.95,1.27,3.62,-2.25,1.98,1.92,1.96,1.93,2.0,1.92,1.94,1.86,1.14,8.0,19.0,1.14,9.25,15.0,,,,1.14,9.0,21.0,1.15,8.0,17.0,,,,1.18,9.5,21.0,1.15,8.58,17.86,1.33,3.4,1.32,3.52,1.33,3.85,1.3,3.49,-2.25,1.85,2.05,1.87,2.05,1.91,2.06,1.87,1.97,2024,Football-Data.co.uk,https://www.football-data.co.uk/mmz4281/2425/D1.csv,1.17,8.5,16.0,1.18,9.4,17.0,1.19,9.2,17.0,1.31,3.95,2.0,1.93,1.13,8.5,16.0,1.16,8.52,19.4,1.17,9.6,24.0,1.34,3.8,1.87,2.13,,,,,,,,,,,,,,,,,,,,,,,,,,,,,,
D1,18/01/2025,14:30,Bochum,RB Leipzig,3,3,D,0.0,3.0,A,14.0,11.0,3.0,3.0,14.0,7.0,6.0,3.0,4.0,0.0,0.0,0.0,3.7,3.6,2.0,3.7,3.7,1.95,,,,3.71,3.75,2.01,3.6,3.7,2.0,,,,3.75,3.92,2.04,3.63,3.7,1.99,1.73,2.1,1.74,2.18,1.77,2.22,1.73,2.12,0.5,1.89,2.01,1.89,2.02,1.9,2.02,1.85,1.98,3.3,3.4,2.15,3.25,3.4,2.2,,,,3.39,3.51,2.23,3.3,3.4,2.15,,,,3.6,3.83,2.23,3.33,3.51,2.16,1.73,2.1,1.78,2.12,1.9,2.3,1.75,2.09,0.25,1.98,1.92,1.99,1.93,2.11,1.93,1.97,1.87,2024,Football-Data.co.uk,https://www.football-data.co.uk/mmz4281/2425/D1.csv,3.75,3.6,2.0,3.71,3.92,2.04,3.85,3.75,2.08,1.79,2.24,1.9,2.08,3.25,3.4,2.15,3.48,3.59,2.15,3.6,3.55,2.24,1.84,2.16,2.06,1.93,,,,,,,,,,,,,,,,,,,,,,,,,,,,,,
D1,18/01/2025,14:30,Heidenheim,St Pauli,0,2,A,0.0,1.0,A,8.0,7.0,1.0,4.0,11.0,17.0,4.0,4.0,1.0,2.0,0.0,0.0,2.38,3.5,2.8,2.45,3.4,2.75,,,,2.43,3.5,2.97,2.4,3.4,2.88,,,,2.49,3.59,3.0,2.42,3.47,2.87,1.97,1.93,1.97,1.92,1.99,1.96,1.93,1.89,-0.25,2.08,1.82,2.11,1.81,2.16,1.82,2.06,1.77,2.38,3.4,2.9,2.37,3.4,2.95,,,,2.41,3.46,3.09,2.4,3.3,3.0,,,,2.49,3.5,3.1,2.39,3.4,2.99,1.99,1.91,1.99,1.92,1.99,1.94,1.94,1.88,-0.25,2.07,1.83,2.08,1.85,2.08,1.88,2.02,1.81,2024,Football-Data.co.uk,https://www.football-data.co.uk/mmz4281/2425/D1.csv,2.4,3.4,2.9,2.48,3.59,3.0,2.5,3.5,3.1,1.99,1.95,2.14,1.84,2.3,3.3,3.0,2.38,3.5,3.09,2.46,3.45,3.2,2.02,1.95,2.1,1.87,,,,,,,,,,,,,,,,,,,,,,,,,,,,,,
D1,18/01/2025,14:30,Holstein Kiel,Hoffenheim,1,3,A,0.0,2.0,A,12.0,11.0,3.0,6.0,13.0,14.0,4.0,3.0,2.0,1.0,0.0,0.0,3.0,3.4,2.35,2.85,3.6,2.35,,,,2.94,3.63,2.39,2.8,3.6,2.38,,,,3.0,3.83,2.45,2.9,3.6,2.35,1.67,2.2,1.67,2.3,1.71,2.35,1.64,2.26,0.25,1.84,2.06,1.83,2.09,1.85,2.09,1.82,2.0,2.88,3.4,2.45,2.8,3.5,2.37,,,,2.99,3.53,2.44,2.8,3.3,2.45,,,,2.99,3.6,2.5,2.87,3.45,2.44,1.67,2.2,1.66,2.33,1.67,2.33,1.63,2.27,0.25,1.73,2.08,1.83,2.12,1.83,2.12,1.77,2.07,2024,Football-Data.co.uk,https://www.football-data.co.uk/mmz4281/2425/D1.csv,3.0,3.5,2.3,2.98,3.83,2.39,3.05,3.7,2.46,1.68,2.38,1.86,2.12,2.8,3.3,2.4,2.96,3.47,2.47,3.1,3.55,2.48,1.71,2.38,1.86,2.13,,,,,,,,,,,,,,,,,,,,,,,,,,,,,,
D1,18/01/2025,14:30,Stuttgart,Freiburg,4,0,H,3.0,0.0,H,12.0,4.0,7.0,0.0,8.0,12.0,4.0,1.0,5.0,3.0,0.0,0.0,1.65,4.5,4.5,1.63,4.2,4.8,,,,1.67,4.39,4.78,1.67,4.2,4.75,,,,1.7,4.5,5.0,1.66,4.33,4.71,1.53,2.5,1.55,2.57,1.55,2.57,1.52,2.5,-1.0,2.05,1.75,2.1,1.81,2.11,1.82,2.07,1.78,1.57,4.33,5.25,1.58,4.2,5.25,,,,1.61,4.37,5.54,1.62,4.2,5.0,,,,1.62,4.5,5.8,1.58,4.33,5.4,1.62,2.3,1.64,2.36,1.65,2.48,1.6,2.35,-1.0,2.01,1.89,2.03,1.9,2.03,1.95,1.97,1.88,2024,Football-Data.co.uk,https://www.football-data.co.uk/mmz4281/2425/D1.csv,1.65,4.2,5.0,1.7,4.46,4.94,1.7,4.4,5.3,1.56,2.68,2.14,1.82,1.57,4.2,5.0,1.61,4.45,5.39,1.65,4.5,5.8,1.64,2.52,2.06,1.92,,,,,,,,,,,,,,,,,,,,,,,,,,,,,,
D1,18/01/2025,17:30,Leverkusen,M'gladbach,3,1,H,1.0,0.0,H,10.0,7.0,5.0,4.0,12.0,10.0,7.0,6.0,0.0,2.0,0.0,0.0,1.27,5.75,11.0,1.26,6.25,10.5,,,,1.27,6.29,9.26,1.29,6.0,10.0,,,,1.3,6.59,11.0,1.27,6.22,10.05,1.44,2.75,1.4,2.94,1.44,3.2,1.39,2.92,-1.75,1.95,1.95,1.96,1.91,1.96,1.97,1.91,1.89,1.27,6.0,10.0,1.26,6.25,10.5,,,,1.26,6.52,11.25,1.25,6.0,10.0,,,,1.29,6.59,11.6,1.26,6.25,10.59,1.44,2.75,1.43,2.89,1.47,2.95,1.43,2.82,-1.75,1.95,1.95,1.95,1.95,1.95,2.0,1.91,1.91,2024,Football-Data.co.uk,https://www.football-data.co.uk/mmz4281/2425/D1.csv,1.25,6.0,11.0,1.3,6.59,10.8,1.29,6.8,12.0,1.44,3.1,1.98,1.96,1.2,6.0,10.5,1.29,6.59,11.6,1.3,6.4,13.0,1.46,3.1,1.99,1.98,,,,,,,,,,,,,,,,,,,,,,,,,,,,,,
D1,19/01/2025,14:30,Union Berlin,Mainz,2,1,H,2.0,1.0,H,12.0,9.0,4.0,1.0,12.0,10.0,2.0,2.0,2.0,2.0,0.0,0.0,2.55,3.2,2.88,2.6,3.25,2.7,,,,2.63,3.2,2.94,2.6,3.1,2.88,,,,2.69,3.28,2.97,2.58,3.18,2.88,2.1,1.73,2.17,1.75,2.19,1.79,2.11,1.73,0.0,1.84,2.06,1.85,2.07,1.89,2.07,1.83,2.03,2.7,3.25,2.63,2.75,3.1,2.65,,,,2.86,3.15,2.78,2.8,3.2,2.62,,,,2.88,3.34,2.98,2.78,3.17,2.68,2.07,1.83,2.09,1.81,2.09,1.87,2.03,1.8,0.0,2.0,1.93,1.99,1.93,2.03,1.93,1.99,1.88,2024,Football-Data.co.uk,https://www.football-data.co.uk/mmz4281/2425/D1.csv,2.63,3.1,2.88,2.69,3.28,2.96,2.74,3.25,3.0,2.2,1.81,1.9,2.08,2.75,3.0,2.63,2.88,3.34,2.61,2.96,3.25,2.78,2.12,1.88,2.05,1.93,,,,,,,,,,,,,,,,,,,,,,,,,,,,,,
D1,19/01/2025,16:30,Werder Bremen,Augsburg,0,2,A,0.0,2.0,A,20.0,9.0,2.0,4.0,8.0,14.0,6.0,2.0,1.0,2.0,0.0,0.0,1.85,3.8,4.0,1.82,3.75,4.1,,,,1.88,3.79,4.19,1.85,3.7,4.0,,,,1.9,3.91,4.27,1.86,3.72,4.09,1.87,2.03,1.89,2.0,1.92,2.03,1.85,1.97,-0.5,1.89,2.01,1.88,2.02,1.89,2.05,1.86,1.98,1.9,3.8,3.8,1.9,3.6,3.9,,,,1.91,3.73,4.2,1.95,3.7,3.75,,,,1.98,3.88,4.25,1.92,3.72,3.91,1.8,2.0,1.85,2.06,1.85,2.16,1.78,2.05,-0.5,1.93,2.0,1.93,2.0,1.98,2.0,1.91,1.94,2024,Football-Data.co.uk,https://www.football-data.co.uk/mmz4281/2425/D1.csv,1.9,3.6,4.2,1.9,3.91,4.27,1.96,3.75,4.3,1.89,2.06,1.96,2.02,1.87,3.6,4.0,1.94,3.88,3.88,1.98,3.8,4.2,1.86,2.14,1.98,2.01,,,,,,,,,,,,,,,,,,,,,,,,,,,,,,
D1,24/01/2025,19:30,Wolfsburg,Holstein Kiel,2,2,D,0.0,1.0,A,22.0,5.0,5.0,2.0,9.0,10.0,10.0,3.0,2.0,4.0,0.0,0.0,1.42,5.0,7.0,1.42,4.8,6.75,,,,1.44,5.08,7.11,1.44,4.8,6.5,,,,1.47,5.17,7.5,1.43,4.96,6.99,1.53,2.5,1.57,2.52,1.57,2.65,1.53,2.48,-1.25,1.95,1.98,1.94,1.97,1.96,1.99,1.9,1.92,1.48,5.0,6.0,1.46,4.8,6.0,,,,1.47,4.94,6.39,1.44,4.8,6.0,,,,1.5,5.2,6.75,1.46,4.87,6.34,1.44,2.75,1.47,2.73,1.49,2.9,1.45,2.76,-1.25,2.03,1.9,2.03,1.93,2.03,1.95,1.96,1.88,2024,Football-Data.co.uk,https://www.football-data.co.uk/mmz4281/2425/D1.csv,1.4,5.0,7.0,1.47,5.09,7.15,1.46,5.3,7.8,1.59,2.66,1.98,2.0,1.4,4.5,6.0,1.46,5.09,6.63,1.5,5.1,7.2,1.51,2.94,2.04,1.95,,,,,,,,,,,,,,,,,,,,,,,,,,,,,,
D1,25/01/2025,14:30,Augsburg,Heidenheim,2,1,H,1.0,0.0,H,11.0,11.0,7.0,6.0,8.0,9.0,6.0,4.0,1.0,0.0,0.0,0.0,1.82,3.6,4.0,1.93,3.6,3.8,,,,1.91,3.65,4.22,1.85,3.6,4.0,,,,1.95,3.83,4.33,1.9,3.62,4.05,1.92,1.98,1.93,1.96,1.96,1.99,1.9,1.92,-0.5,1.85,1.96,1.92,1.99,1.95,2.02,1.9,1.95,1.95,3.5,3.75,1.98,3.5,3.75,,,,2.01,3.56,3.98,1.95,3.5,3.75,,,,2.02,3.72,4.22,1.97,3.53,3.89,1.9,2.0,1.9,2.0,1.93,2.06,1.88,1.94,-0.5,2.03,1.9,2.02,1.9,2.04,1.92,1.98,1.88,2024,Football-Data.co.uk,https://www.football-data.co.uk/mmz4281/2425/D1.csv,1.87,3.6,4.33,1.93,3.83,4.22,1.93,3.75,4.5,1.94,1.99,1.93,2.06,1.91,3.3,3.9,1.98,3.62,4.04,2.06,3.55,4.1,1.93,2.06,2.06,1.92,,,,,,,,,,,,,,,,,,,,,,,,,,,,,,
D1,25/01/2025,14:30,Dortmund,Werder Bremen,2,2,D,1.0,0.0,H,8.0,13.0,4.0,4.0,11.0,15.0,5.0,5.0,1.0,4.0,1.0,0.0,1.62,4.33,4.75,1.61,4.33,4.8,,,,1.63,4.44,5.03,1.65,4.33,4.75,,,,1.68,4.58,5.03,1.62,4.39,4.9,1.5,2.63,1.51,2.62,1.51,2.63,1.5,2.57,-1.0,2.01,1.8,2.05,1.86,2.08,1.86,2.01,1.82,1.5,4.75,5.5,1.49,4.75,5.75,,,,1.52,4.8,6.0,1.5,4.6,5.8,,,,1.58,4.92,6.34,1.5,4.71,5.86,1.44,2.75,1.47,2.78,1.49,2.9,1.44,2.77,-1.25,2.1,1.83,2.09,1.82,2.1,1.9,2.03,1.82,2024,Football-Data.co.uk,https://www.football-data.co.uk/mmz4281/2425/D1.csv,1.62,4.4,5.0,1.68,4.58,4.99,1.67,4.7,5.3,1.53,2.76,2.08,1.88,1.44,4.5,5.5,1.53,4.88,5.88,1.53,5.0,6.6,1.49,3.0,2.07,1.89,,,,,,,,,,,,,,,,,,,,,,,,,,,,,,
D1,25/01/2025,14:30,Freiburg,Bayern Munich,1,2,A,0.0,1.0,A,7.0,7.0,2.0,3.0,15.0,9.0,2.0,4.0,4.0,2.0,0.0,0.0,7.5,5.75,1.33,8.5,5.5,1.32,,,,8.98,5.78,1.33,8.0,5.5,1.35,,,,9.5,5.87,1.37,8.55,5.6,1.32,1.44,2.75,1.44,2.85,1.44,3.0,1.42,2.82,1.5,2.01,1.92,2.0,1.91,2.01,1.94,1.96,1.89,9.5,6.5,1.25,11.5,6.75,1.23,,,,13.24,6.82,1.23,10.0,6.0,1.25,,,,13.39,7.0,1.28,11.67,6.69,1.23,1.4,3.0,1.42,2.96,1.42,3.16,1.39,2.98,2.0,1.86,2.07,1.87,2.04,1.88,2.1,1.83,2.03,2024,Football-Data.co.uk,https://www.football-data.co.uk/mmz4281/2425/D1.csv,9.5,5.5,1.3,8.8,5.87,1.37,9.6,6.2,1.35,1.46,3.05,2.01,1.93,11.0,6.0,1.17,9.98,6.83,1.28,13.5,7.4,1.26,1.45,3.15,1.86,2.08,,,,,,,,,,,,,,,,,,,,,,,,,,,,,,
D1,25/01/2025,14:30,Mainz,Stuttgart,2,0,H,1.0,0.0,H,11.0,10.0,4.0,5.0,12.0,8.0,9.0,2.0,4.0,3.0,0.0,0.0,2.8,3.5,2.45,2.85,3.4,2.4,,,,2.88,3.55,2.47,2.8,3.4,2.45,,,,2.95,3.65,2.5,2.84,3.5,2.44,1.73,2.1,1.78,2.13,1.81,2.17,1.75,2.1,0.0,2.04,1.77,2.12,1.81,2.14,1.83,2.08,1.79,3.2,3.5,2.2,3.2,3.4,2.25,,,,3.38,3.46,2.26,3.2,3.4,2.2,,,,3.54,3.57,2.47,3.24,3.45,2.23,1.73,2.1,1.83,2.07,1.83,2.17,1.78,2.06,0.25,1.99,1.94,1.97,1.95,2.0,2.0,1.92,1.92,2024,Football-Data.co.uk,https://www.football-data.co.uk/mmz4281/2425/D1.csv,2.8,3.5,2.5,2.95,3.65,2.49,2.92,3.6,2.56,1.79,2.22,2.13,1.86,3.1,3.25,2.2,3.41,3.57,2.19,3.4,3.55,2.32,1.83,2.18,1.98,1.99,,,,,,,,,,,,,,,,,,,,,,,,,,,,,,
D1,25/01/2025,14:30,RB Leipzig,Leverkusen,2,2,D,1.0,2.0,A,8.0,13.0,4.0,7.0,12.0,6.0,7.0,3.0,0.0,0.0,0.0,0.0,3.7,3.9,1.9,3.7,3.9,1.9,,,,3.79,4.03,1.92,3.6,3.9,1.91,,,,3.84,4.16,1.95,3.7,3.95,1.91,1.49,2.45,1.56,2.53,1.56,2.63,1.53,2.48,0.5,1.99,1.94,1.98,1.93,1.99,1.95,1.94,1.91,3.4,3.5,2.1,3.5,3.5,2.05,,,,3.63,3.54,2.13,3.4,3.6,2.05,,,,4.02,3.85,2.16,3.56,3.53,2.07,1.85,2.05,1.86,2.05,1.87,2.33,1.79,2.05,0.5,1.75,2.05,1.8,2.12,1.91,2.15,1.79,2.07,2024,Football-Data.co.uk,https://www.football-data.co.uk/mmz4281/2425/D1.csv,3.75,3.9,1.95,3.84,4.16,1.94,3.9,4.1,1.99,1.57,2.64,2.0,1.99,3.4,3.4,1.95,3.63,3.58,2.1,3.7,3.75,2.14,1.89,2.12,1.85,2.16,,,,,,,,,,,,,,,,,,,,,,,,,,,,,,
D1,25/01/2025,17:30,M'gladbach,Bochum,3,0,H,1.0,0.0,H,16.0,10.0,6.0,4.0,6.0,15.0,8.0,7.0,1.0,3.0,0.0,0.0,1.73,4.0,4.5,1.71,4.0,4.5,,,,1.72,4.12,4.66,1.75,4.0,4.33,,,,1.78,4.27,4.66,1.72,4.08,4.49,1.62,2.3,1.63,2.38,1.67,2.41,1.61,2.34,-0.75,1.95,1.98,1.93,1.97,1.95,1.98,1.89,1.92,1.73,4.0,4.5,1.75,4.0,4.2,,,,1.77,4.09,4.52,1.75,3.9,4.5,,,,1.8,4.15,4.78,1.74,3.97,4.49,1.57,2.38,1.62,2.42,1.62,2.53,1.56,2.43,-0.75,1.98,1.95,1.99,1.93,2.01,1.97,1.94,1.91,2024,Football-Data.co.uk,https://www.football-data.co.uk/mmz4281/2425/D1.csv,1.75,4.0,4.5,1.78,4.27,4.58,1.76,4.2,5.0,1.65,2.46,1.95,2.02,1.67,3.75,4.33,1.74,4.08,4.78,1.8,4.1,4.8,1.62,2.6,2.0,1.97,,,,,,,,,,,,,,,,,,,,,,,,,,,,,,
D1,26/01/2025,14:30,Hoffenheim,Ein Frankfurt,2,2,D,0.0,1.0,A,24.0,12.0,8.0,7.0,16.0,8.0,9.0,3.0,3.0,0.0,0.0,0.0,3.1,3.6,2.2,3.1,3.5,2.2,,,,3.16,3.58,2.29,3.1,3.6,2.2,,,,3.17,3.86,2.3,3.08,3.59,2.24,1.67,2.2,1.69,2.26,1.7,2.34,1.66,2.23,0.25,1.92,1.98,1.92,1.99,1.95,1.99,1.89,1.93,3.2,3.8,2.1,3.2,3.75,2.1,,,,3.43,3.88,2.09,3.3,3.7,2.05,,,,3.43,3.9,2.14,3.28,3.79,2.08,1.44,2.75,1.49,2.75,1.53,2.81,1.47,2.7,0.25,2.07,1.86,2.1,1.83,2.11,1.86,2.04,1.82,2024,Football-Data.co.uk,https://www.football-data.co.uk/mmz4281/2425/D1.csv,3.0,3.6,2.25,3.17,3.86,2.27,3.2,3.75,2.3,1.73,2.34,1.95,2.0,3.1,3.6,2.0,3.4,3.88,2.09,3.45,4.0,2.14,1.54,2.76,2.12,1.88,,,,,,,,,,,,,,,,,,,,,,,,,,,,,,
D1,26/01/2025,16:30,St Pauli,Union Berlin,3,0,H,1.0,0.0,H,16.0,14.0,5.0,2.0,6.0,15.0,5.0,7.0,0.0,3.0,0.0,0.0,2.55,3.1,3.0,2.5,3.1,2.95,,,,2.53,3.15,3.12,2.5,3.2,2.9,,,,2.55,3.38,3.12,2.5,3.14,3.01,2.2,1.67,2.35,1.65,2.35,1.7,2.27,1.64,0.0,1.79,2.11,1.76,2.17,1.8,2.17,1.76,2.12,2.35,3.2,3.2,2.37,3.1,3.2,,,,2.39,3.2,3.37,2.38,3.1,3.25,,,,2.49,3.26,3.4,2.38,3.15,3.24,2.1,1.73,2.19,1.75,2.25,1.79,2.14,1.72,-0.25,2.04,1.89,2.04,1.89,2.09,1.91,2.01,1.84,2024,Football-Data.co.uk,https://www.football-data.co.uk/mmz4281/2425/D1.csv,2.55,3.1,3.0,2.53,3.38,3.08,2.58,3.2,3.2,2.36,1.68,1.78,2.2,2.38,3.0,3.2,2.47,3.26,3.14,2.48,3.25,3.4,2.26,1.78,2.09,1.9,,,,,,,,,,,,,,,,,,,,,,,,,,,,,,
D1,31/01/2025,19:30,Werder Bremen,Mainz,1,0,H,1.0,0.0,H,12.0,13.0,5.0,2.0,14.0,13.0,3.0,8.0,8.0,4.0,3.0,0.0,2.25,3.3,3.2,2.25,3.3,3.2,,,,2.35,3.46,3.19,2.25,3.4,3.1,,,,2.38,3.55,3.25,2.31,3.4,3.13,1.89,2.01,1.89,2.02,1.92,2.03,1.86,1.98,-0.25,2.03,1.9,2.03,1.9,2.05,1.9,1.97,1.87,2.35,3.4,3.1,2.3,3.3,3.1,,,,2.4,3.45,3.13,2.3,3.4,3.0,,,,2.5,3.52,3.14,2.36,3.39,3.05,1.8,2.0,1.79,2.13,1.86,2.16,1.79,2.05,-0.25,2.06,1.87,2.07,1.86,2.15,1.88,2.02,1.83,2024,Football-Data.co.uk,https://www.football-data.co.uk/mmz4281/2425/D1.csv,2.3,3.4,3.25,2.38,3.55,3.19,2.38,3.5,3.3,1.91,2.08,2.05,1.92,2.3,3.3,3.0,2.38,3.44,3.14,2.44,3.45,3.25,1.87,2.12,2.11,1.89,,,,,,,,,,,,,,,,,,,,,,,,,,,,,,
D1,01/02/2025,14:30,Bayern Munich,Holstein Kiel,4,3,H,2.0,0.0,H,29.0,10.0,12.0,6.0,7.0,10.0,12.0,1.0,1.0,1.0,0.0,0.0,1.05,17.0,26.0,1.06,17.0,36.0,,,,1.05,17.7,41.8,1.05,19.0,36.0,,,,1.07,24.0,55.0,1.05,16.44,38.04,1.14,5.5,,,1.15,6.0,1.13,5.31,-3.25,1.88,2.02,1.84,2.04,1.91,2.04,1.84,1.98,1.04,19.0,29.0,1.04,18.0,34.0,,,,1.04,18.0,51.0,1.03,23.0,51.0,,,,1.05,23.0,65.0,1.04,18.08,43.76,1.13,6.0,,,1.15,6.75,1.12,5.77,-3.5,1.91,2.02,1.87,2.03,1.95,2.05,1.87,1.98,2024,Football-Data.co.uk,https://www.football-data.co.uk/mmz4281/2425/D1.csv,1.06,18.0,41.0,1.05,24.0,50.0,1.07,19.5,48.0,1.16,5.9,1.9,2.02,1.03,18.0,56.0,1.04,19.0,29.0,1.04,29.0,80.0,1.14,7.6,1.89,2.06,,,,,,,,,,,,,,,,,,,,,,,,,,,,,,
D1,01/02/2025,14:30,Bochum,Freiburg,0,1,A,0.0,1.0,A,22.0,13.0,4.0,5.0,15.0,10.0,9.0,7.0,3.0,2.0,0.0,0.0,2.8,3.4,2.5,2.7,3.4,2.5,,,,2.88,3.42,2.54,2.75,3.3,2.5,,,,2.96,3.46,2.57,2.81,3.38,2.51,1.8,2.0,1.82,2.07,1.85,2.1,1.79,2.03,0.0,2.06,1.84,2.08,1.84,2.11,1.85,2.05,1.82,2.7,3.25,2.63,2.75,3.3,2.55,,,,2.74,3.35,2.74,2.8,3.3,2.5,,,,2.94,3.39,2.74,2.78,3.3,2.59,1.97,1.93,1.97,1.93,2.0,2.01,1.92,1.91,0.0,1.95,1.98,1.96,1.96,2.08,1.98,2.01,1.87,2024,Football-Data.co.uk,https://www.football-data.co.uk/mmz4281/2425/D1.csv,2.8,3.4,2.55,2.96,3.46,2.57,2.92,3.55,2.6,1.84,2.12,2.12,1.87,2.7,3.1,2.45,2.94,3.39,2.53,2.9,3.35,2.74,2.0,1.97,2.05,1.94,,,,,,,,,,,,,,,,,,,,,,,,,,,,,,
D1,01/02/2025,14:30,Heidenheim,Dortmund,1,2,A,0.0,1.0,A,11.0,16.0,5.0,5.0,11.0,9.0,4.0,5.0,0.0,0.0,0.0,0.0,4.33,3.9,1.75,4.2,3.9,1.78,,,,4.49,4.04,1.76,4.0,4.0,1.8,,,,4.49,4.32,1.81,4.3,4.01,1.76,1.57,2.38,1.58,2.45,1.58,2.45,1.56,2.4,0.75,1.92,1.98,1.93,1.98,1.94,2.0,1.87,1.95,4.5,4.1,1.67,4.6,4.0,1.7,,,,4.82,4.11,1.72,4.4,4.0,1.73,,,,4.98,4.24,1.75,4.66,4.07,1.7,1.57,2.38,1.62,2.4,1.64,2.5,1.58,2.38,0.75,2.01,1.92,2.0,1.92,2.06,1.94,1.97,1.88,2024,Football-Data.co.uk,https://www.football-data.co.uk/mmz4281/2425/D1.csv,4.4,4.0,1.75,4.32,4.32,1.81,4.6,4.2,1.81,1.61,2.56,1.94,2.02,4.5,3.75,1.65,4.85,4.24,1.7,4.9,4.3,1.76,1.64,2.54,2.02,1.95,,,,,,,,,,,,,,,,,,,,,,,,,,,,,,
D1,01/02/2025,14:30,St Pauli,Augsburg,1,1,D,1.0,0.0,H,5.0,2.0,1.0,1.0,16.0,18.0,3.0,1.0,1.0,3.0,0.0,0.0,2.35,3.3,3.1,2.3,3.2,3.2,,,,2.38,3.2,3.32,2.38,3.1,3.2,,,,2.43,3.3,3.4,2.35,3.2,3.23,2.2,1.67,2.28,1.68,2.31,1.72,2.22,1.66,-0.25,2.04,1.86,2.04,1.88,2.06,1.88,1.98,1.84,2.1,3.3,3.6,2.1,3.2,3.7,,,,2.15,3.32,3.83,2.1,3.2,3.7,,,,2.21,3.38,3.86,2.13,3.26,3.7,2.2,1.67,2.23,1.72,2.24,1.75,2.17,1.7,-0.25,1.85,2.08,1.84,2.1,1.88,2.11,1.82,2.04,2024,Football-Data.co.uk,https://www.football-data.co.uk/mmz4281/2425/D1.csv,2.25,3.25,3.4,2.43,3.28,3.35,2.42,3.3,3.4,2.3,1.72,2.05,1.92,2.05,3.1,3.6,2.21,3.38,3.55,2.2,3.35,3.95,2.28,1.76,1.87,2.12,,,,,,,,,,,,,,,,,,,,,,,,,,,,,,
D1,01/02/2025,14:30,Stuttgart,M'gladbach,1,2,A,0.0,1.0,A,10.0,12.0,3.0,6.0,11.0,11.0,2.0,0.0,2.0,2.0,0.0,0.0,1.57,4.5,5.0,1.57,4.6,5.0,,,,1.58,4.65,5.2,1.57,4.5,5.0,,,,1.62,4.84,5.5,1.57,4.62,5.05,1.44,2.75,1.43,2.92,1.44,2.92,1.41,2.84,-1.0,1.95,1.95,1.93,1.97,1.95,1.98,1.9,1.93,1.65,4.2,4.75,1.66,4.2,4.5,,,,1.68,4.31,4.94,1.67,4.33,4.5,,,,1.69,4.45,5.06,1.66,4.27,4.76,1.5,2.63,1.51,2.66,1.51,2.82,1.48,2.64,-1.0,2.05,1.75,2.11,1.81,2.12,1.91,2.07,1.8,2024,Football-Data.co.uk,https://www.football-data.co.uk/mmz4281/2425/D1.csv,1.57,4.6,5.0,1.62,4.84,5.25,1.62,4.8,5.5,1.46,3.05,1.95,1.99,1.6,4.0,4.6,1.66,4.3,5.06,1.7,4.4,5.2,1.53,2.84,2.17,1.84,,,,,,,,,,,,,,,,,,,,,,,,,,,,,,
D1,01/02/2025,17:30,Union Berlin,RB Leipzig,0,0,D,0.0,0.0,D,21.0,6.0,6.0,2.0,5.0,12.0,4.0,5.0,3.0,2.0,0.0,0.0,3.1,3.5,2.25,3.0,3.4,2.25,,,,3.2,3.52,2.29,3.1,3.4,2.25,,,,3.24,3.66,2.31,3.12,3.49,2.26,1.73,2.1,1.78,2.12,1.8,2.17,1.76,2.08,0.25,1.92,1.98,1.92,1.99,1.95,2.0,1.88,1.94,2.8,3.4,2.45,3.1,3.3,2.3,,,,2.96,3.47,2.49,2.9,3.5,2.3,,,,3.25,3.59,2.48,3.05,3.43,2.34,1.8,2.0,1.83,2.08,1.85,2.19,1.76,2.08,0.25,1.73,2.08,1.79,2.14,1.98,2.08,1.83,1.99,2024,Football-Data.co.uk,https://www.football-data.co.uk/mmz4281/2425/D1.csv,3.2,3.4,2.25,3.24,3.66,2.31,3.25,3.6,2.36,1.81,2.18,1.93,2.04,2.88,3.3,2.4,3.0,3.59,2.48,3.4,3.5,2.36,1.78,2.26,1.97,2.02,,,,,,,,,,,,,,,,,,,,,,,,,,,,,,
D1,02/02/2025,14:30,Ein Frankfurt,Wolfsburg,1,1,D,0.0,0.0,D,16.0,11.0,4.0,2.0,8.0,8.0,9.0,1.0,1.0,3.0,0.0,0.0,1.95,3.8,3.6,1.9,3.75,3.75,,,,1.99,3.8,3.72,1.95,3.9,3.5,,,,2.02,4.1,3.75,1.96,3.82,3.59,1.53,2.5,1.55,2.55,1.56,2.63,1.52,2.5,-0.5,1.99,1.91,2.0,1.91,2.0,1.92,1.97,1.87,2.05,3.6,3.4,2.05,3.5,3.4,,,,2.11,3.58,3.63,2.05,3.75,3.3,,,,2.16,3.75,3.87,2.06,3.58,3.55,1.67,2.2,1.68,2.29,1.69,2.42,1.63,2.29,-0.25,1.86,2.07,1.83,2.11,1.87,2.15,1.79,2.08,2024,Football-Data.co.uk,https://www.football-data.co.uk/mmz4281/2425/D1.csv,1.95,3.9,3.6,2.02,4.1,3.63,2.02,3.95,3.75,1.59,2.62,2.03,1.92,2.0,3.4,3.6,2.05,3.69,3.69,2.12,3.7,3.75,1.69,2.42,1.85,2.15,,,,,,,,,,,,,,,,,,,,,,,,,,,,,,
D1,02/02/2025,16:30,Leverkusen,Hoffenheim,3,1,H,2.0,0.0,H,9.0,16.0,5.0,7.0,14.0,7.0,3.0,3.0,4.0,3.0,1.0,0.0,1.25,7.0,9.5,1.24,6.75,10.5,,,,1.23,7.29,10.7,1.25,6.5,11.0,,,,1.27,7.5,12.0,1.23,6.86,10.7,1.36,3.2,1.37,3.15,1.38,3.2,1.36,3.07,-1.75,1.83,2.07,1.83,2.07,1.85,2.09,1.81,2.01,1.14,9.5,13.0,1.14,9.5,16.0,,,,1.14,9.66,18.88,1.14,9.5,17.0,,,,1.19,10.1,19.21,1.14,9.33,16.32,1.25,4.0,1.31,3.54,1.39,4.21,1.26,3.83,-2.25,1.78,2.03,1.81,2.08,2.11,2.13,1.83,2.0,2024,Football-Data.co.uk,https://www.football-data.co.uk/mmz4281/2425/D1.csv,1.22,6.5,12.0,1.26,7.1,12.0,1.26,7.4,12.5,1.41,3.25,1.82,2.08,1.1,8.5,15.0,1.16,10.1,14.4,1.17,10.0,21.0,1.29,4.2,1.86,2.11,,,,,,,,,,,,,,,,,,,,,,,,,,,,,,
D1,07/02/2025,19:30,Bayern Munich,Werder Bremen,3,0,H,0.0,0.0,D,21.0,2.0,12.0,0.0,9.0,8.0,5.0,2.0,1.0,3.0,0.0,0.0,1.1,11.0,17.0,1.11,11.0,19.0,,,,1.09,12.89,20.27,1.08,12.0,23.0,,,,1.14,14.2,31.0,1.1,11.87,21.03,1.2,4.5,,,1.22,4.9,1.19,4.49,-2.75,1.98,1.95,1.93,1.93,2.0,1.97,1.94,1.89,1.11,11.0,19.0,1.11,11.5,19.5,,,,1.1,12.94,20.92,1.1,11.0,21.0,,,,1.12,14.0,23.0,1.1,11.95,20.3,1.2,4.5,,,1.24,4.6,1.2,4.37,-2.75,2.01,1.92,1.98,1.91,2.05,1.93,1.98,1.87,2024,Football-Data.co.uk,https://www.football-data.co.uk/mmz4281/2425/D1.csv,1.1,12.0,21.0,1.09,14.2,31.0,1.12,14.0,25.0,1.22,5.2,2.01,1.94,1.08,11.0,21.0,1.11,12.1,19.9,1.12,13.5,29.0,1.23,5.2,2.02,1.95,,,,,,,,,,,,,,,,,,,,,,,,,,,,,,
D1,08/02/2025,14:30,Dortmund,Stuttgart,1,2,A,0.0,0.0,D,16.0,4.0,5.0,2.0,13.0,14.0,9.0,4.0,5.0,2.0,1.0,0.0,1.85,3.8,3.9,1.87,3.9,3.7,,,,1.88,3.93,3.98,1.85,3.9,3.75,,,,1.92,4.27,4.1,1.89,3.92,3.84,1.5,2.63,1.52,2.62,1.53,2.69,1.5,2.6,-0.5,1.89,2.01,1.89,2.01,1.92,2.02,1.89,1.97,1.95,3.8,3.5,1.98,3.75,3.5,,,,2.0,3.95,3.62,1.95,3.75,3.5,,,,2.04,4.0,3.81,1.96,3.87,3.62,1.5,2.63,1.5,2.7,1.53,2.77,1.49,2.64,-0.5,2.02,1.91,2.01,1.91,2.06,1.94,1.97,1.9,2024,Football-Data.co.uk,https://www.football-data.co.uk/mmz4281/2425/D1.csv,1.87,3.9,3.9,1.9,4.27,3.91,1.92,4.1,4.1,1.54,2.74,1.92,2.06,1.91,3.7,3.5,1.95,3.91,3.79,2.04,4.0,3.75,1.54,2.8,2.06,1.93,,,,,,,,,,,,,,,,,,,,,,,,,,,,,,
D1,08/02/2025,14:30,Freiburg,Heidenheim,1,0,H,1.0,0.0,H,9.0,11.0,3.0,5.0,11.0,8.0,6.0,3.0,3.0,1.0,0.0,0.0,1.7,3.75,4.75,1.73,3.8,4.6,,,,1.74,3.99,4.77,1.75,3.8,4.6,,,,1.76,4.17,4.84,1.73,3.93,4.65,1.73,2.1,1.77,2.12,1.81,2.17,1.75,2.1,-0.75,1.95,1.95,1.95,1.95,1.97,1.98,1.91,1.91,1.7,3.75,5.0,1.71,3.7,4.8,,,,1.71,3.81,5.41,1.7,3.75,5.0,,,,1.75,3.99,5.41,1.7,3.81,5.11,1.8,2.0,1.82,2.08,1.85,2.21,1.77,2.08,-0.75,1.93,2.0,1.92,2.01,1.95,2.02,1.89,1.97,2024,Football-Data.co.uk,https://www.football-data.co.uk/mmz4281/2425/D1.csv,1.73,3.9,4.75,1.76,4.17,4.84,1.79,4.0,5.1,1.78,2.2,2.0,1.96,1.62,3.7,5.0,1.7,3.92,5.37,1.76,3.9,5.6,1.86,2.14,1.95,2.04,,,,,,,,,,,,,,,,,,,,,,,,,,,,,,
D1,08/02/2025,14:30,Hoffenheim,Union Berlin,0,4,A,0.0,1.0,A,16.0,22.0,4.0,7.0,9.0,16.0,8.0,4.0,2.0,1.0,0.0,0.0,2.2,3.5,3.2,2.15,3.6,3.25,,,,2.26,3.6,3.2,2.2,3.5,3.1,,,,2.29,3.75,3.25,2.22,3.57,3.18,1.84,2.06,1.83,2.06,1.86,2.09,1.82,2.03,-0.25,1.97,1.93,1.96,1.94,1.99,1.96,1.91,1.91,2.3,3.5,3.0,2.3,3.4,3.0,,,,2.38,3.57,3.06,2.3,3.4,3.0,,,,2.43,3.59,3.15,2.34,3.5,3.03,1.73,2.1,1.74,2.21,1.78,2.26,1.73,2.14,-0.25,2.07,1.86,2.06,1.87,2.1,1.88,2.01,1.84,2024,Football-Data.co.uk,https://www.football-data.co.uk/mmz4281/2425/D1.csv,2.2,3.5,3.2,2.27,3.75,3.24,2.3,3.6,3.35,1.87,2.08,1.98,1.99,2.2,3.4,3.1,2.43,3.58,2.95,2.44,3.55,3.2,1.76,2.28,2.09,1.89,,,,,,,,,,,,,,,,,,,,,,,,,,,,,,
D1,08/02/2025,14:30,Mainz,Augsburg,0,0,D,0.0,0.0,D,9.0,9.0,5.0,2.0,12.0,9.0,1.0,3.0,3.0,3.0,0.0,0.0,1.75,3.5,5.0,1.78,3.6,4.5,,,,1.78,3.72,4.88,1.75,3.6,4.6,,,,1.8,3.89,5.0,1.77,3.66,4.78,2.05,1.85,2.07,1.83,2.1,1.88,2.03,1.81,-0.75,2.03,1.87,2.03,1.88,2.06,1.88,1.99,1.84,1.75,3.6,4.75,1.8,3.5,4.6,,,,1.83,3.6,4.87,1.8,3.5,4.6,,,,1.87,3.7,5.09,1.81,3.56,4.74,2.0,1.8,2.1,1.81,2.14,1.88,2.06,1.78,-0.75,2.07,1.86,2.09,1.85,2.13,1.89,2.05,1.82,2024,Football-Data.co.uk,https://www.football-data.co.uk/mmz4281/2425/D1.csv,1.75,3.6,5.0,1.8,3.89,4.94,1.82,3.75,5.2,2.06,1.87,2.06,1.9,1.73,3.4,4.5,1.78,3.7,5.09,1.85,3.7,5.2,2.14,1.86,2.1,1.88,,,,,,,,,,,,,,,,,,,,,,,,,,,,,,
D1,08/02/2025,14:30,Wolfsburg,Leverkusen,0,0,D,0.0,0.0,D,13.0,15.0,8.0,1.0,7.0,8.0,3.0,9.0,2.0,3.0,0.0,0.0,4.33,3.6,1.8,4.0,3.8,1.83,,,,4.3,3.86,1.84,4.0,3.9,1.8,,,,4.5,4.1,1.88,4.21,3.83,1.83,1.67,2.2,1.68,2.28,1.71,2.32,1.66,2.25,0.5,2.06,1.84,2.07,1.85,2.08,1.88,2.03,1.83,3.5,3.3,2.15,3.5,3.25,2.15,,,,3.72,3.38,2.16,3.3,3.3,2.15,,,,4.58,3.81,2.23,3.62,3.34,2.13,1.8,2.0,1.82,2.07,1.88,2.18,1.81,2.03,0.25,2.04,1.89,2.08,1.85,2.37,1.9,2.04,1.83,2024,Football-Data.co.uk,https://www.football-data.co.uk/mmz4281/2425/D1.csv,4.4,3.75,1.83,4.22,4.1,1.87,4.5,3.9,1.89,1.68,2.42,2.1,1.89,3.4,3.1,2.05,3.69,3.4,2.15,3.75,3.45,2.22,1.86,2.14,2.08,1.91,,,,,,,,,,,,,,,,,,,,,,,,,,,,,,
D1,08/02/2025,17:30,M'gladbach,Ein Frankfurt,1,1,D,1.0,1.0,D,8.0,15.0,3.0,7.0,10.0,9.0,6.0,1.0,3.0,3.0,0.0,0.0,2.63,3.5,2.55,2.55,3.6,2.5,,,,2.62,3.7,2.63,2.5,3.6,2.6,,,,2.67,3.83,2.69,2.59,3.64,2.59,1.53,2.5,1.56,2.52,1.57,2.57,1.54,2.48,0.0,1.95,1.95,1.95,1.95,1.99,1.96,1.94,1.93,2.55,3.5,2.63,2.55,3.6,2.6,,,,2.59,3.73,2.68,2.5,3.6,2.5,,,,2.73,3.75,2.71,2.58,3.6,2.63,1.5,2.63,1.51,2.69,1.57,2.77,1.5,2.61,0.0,1.94,1.99,1.93,2.0,1.96,2.01,1.92,1.96,2024,Football-Data.co.uk,https://www.football-data.co.uk/mmz4281/2425/D1.csv,2.63,3.6,2.55,2.67,3.83,2.64,2.74,3.75,2.66,1.59,2.62,2.02,1.95,2.4,3.5,2.55,2.73,3.59,2.59,2.66,3.8,2.76,1.55,2.78,1.96,2.03,,,,,,,,,,,,,,,,,,,,,,,,,,,,,,
D1,09/02/2025,14:30,Holstein Kiel,Bochum,2,2,D,1.0,2.0,A,10.0,21.0,3.0,6.0,11.0,17.0,3.0,5.0,2.0,2.0,0.0,0.0,2.25,3.5,3.0,2.3,3.5,2.9,,,,2.31,3.54,3.15,2.25,3.6,3.0,,,,2.35,3.81,3.15,2.29,3.54,3.04,1.67,2.2,1.71,2.23,1.74,2.3,1.68,2.21,-0.25,2.01,1.89,2.0,1.9,2.02,1.9,1.97,1.86,2.3,3.6,2.9,2.3,3.4,3.0,,,,2.4,3.49,3.09,2.25,3.6,3.0,,,,2.42,3.67,3.31,2.3,3.54,3.06,1.73,2.1,1.78,2.14,1.78,2.31,1.73,2.15,-0.25,2.07,1.86,2.08,1.86,2.09,1.97,1.99,1.87,2024,Football-Data.co.uk,https://www.football-data.co.uk/mmz4281/2425/D1.csv,2.25,3.5,3.1,2.32,3.81,3.11,2.36,3.65,3.25,1.74,2.28,2.03,1.94,2.15,3.3,3.0,2.34,3.65,3.05,2.38,3.7,3.2,1.76,2.3,2.06,1.93,,,,,,,,,,,,,,,,,,,,,,,,,,,,,,
D1,09/02/2025,16:30,RB Leipzig,St Pauli,2,0,H,2.0,0.0,H,11.0,7.0,6.0,4.0,12.0,8.0,5.0,4.0,2.0,2.0,1.0,0.0,1.57,4.2,5.25,1.58,4.33,5.25,,,,1.57,4.39,5.81,1.57,4.2,5.5,,,,1.62,4.5,6.0,1.57,4.31,5.56,1.73,2.1,1.73,2.19,1.77,2.22,1.71,2.16,-1.0,2.0,1.9,1.97,1.93,2.01,1.93,1.95,1.89,1.65,4.0,4.75,1.68,3.9,5.0,,,,1.66,4.11,5.36,1.67,3.8,5.0,,,,1.71,4.4,5.5,1.67,4.0,5.11,1.8,2.0,1.85,2.07,1.86,2.19,1.8,2.04,-0.75,1.86,2.07,1.85,2.08,1.89,2.13,1.84,2.02,2024,Football-Data.co.uk,https://www.football-data.co.uk/mmz4281/2425/D1.csv,1.57,4.2,6.0,1.62,4.46,5.81,1.62,4.3,6.2,1.76,2.22,2.04,1.93,1.6,3.8,5.0,1.69,4.14,5.12,1.7,4.2,5.6,1.9,2.08,1.89,2.09,,,,,,,,,,,,,,,,,,,,,,,,,,,,,,
D1,14/02/2025,19:30,Augsburg,RB Leipzig,0,0,D,0.0,0.0,D,11.0,14.0,2.0,4.0,12.0,12.0,8.0,9.0,2.0,1.0,0.0,0.0,2.9,3.3,2.4,,,,,,,3.02,3.41,2.48,2.9,3.4,2.38,,,,3.1,3.54,2.51,2.97,3.39,2.43,1.9,2.0,1.92,1.99,1.93,2.02,1.89,1.96,0.25,1.82,2.11,1.83,2.12,1.83,2.13,1.79,2.07,3.0,3.25,2.38,,,,,,,3.09,3.4,2.44,3.0,3.3,2.38,,,,3.26,3.45,2.45,3.06,3.34,2.39,1.92,1.98,1.94,1.96,1.99,2.01,1.9,1.95,0.25,1.82,2.11,1.83,2.1,1.87,2.11,1.82,2.04,2024,Football-Data.co.uk,https://www.football-data.co.uk/mmz4281/2425/D1.csv,3.1,3.4,2.4,3.05,3.54,2.47,3.15,3.45,2.52,1.95,2.04,1.85,2.16,3.0,3.25,2.3,3.26,3.35,2.35,3.15,3.5,2.48,1.98,2.0,1.86,2.14,,,,,,,,,,,,,,,,,,,,,,,,,,,,,,
D1,15/02/2025,14:30,Bochum,Dortmund,2,0,H,2.0,0.0,H,18.0,17.0,9.0,2.0,12.0,4.0,2.0,8.0,1.0,0.0,0.0,0.0,5.0,3.9,1.67,,,,,,,4.98,4.27,1.66,4.6,4.2,1.67,,,,5.1,4.43,1.71,4.83,4.21,1.66,1.62,2.3,1.61,2.42,1.65,2.49,1.59,2.4,0.75,2.06,1.84,2.07,1.85,2.08,1.86,2.01,1.82,5.5,4.5,1.55,,,,,,,5.77,4.48,1.57,5.0,4.33,1.62,,,,5.84,4.6,1.62,5.51,4.45,1.57,1.53,2.32,1.61,2.44,1.62,2.66,1.55,2.48,1.0,2.0,1.93,1.97,1.95,2.0,1.99,1.94,1.92,2024,Football-Data.co.uk,https://www.football-data.co.uk/mmz4281/2425/D1.csv,5.0,4.2,1.65,4.89,4.43,1.71,5.3,4.3,1.7,1.63,2.48,2.11,1.87,5.0,4.2,1.57,5.57,4.58,1.58,6.0,4.5,1.61,1.63,2.56,2.0,1.97,,,,,,,,,,,,,,,,,,,,,,,,,,,,,,
D1,15/02/2025,14:30,St Pauli,Freiburg,0,1,A,0.0,0.0,D,5.0,6.0,1.0,4.0,10.0,10.0,2.0,6.0,1.0,0.0,0.0,0.0,2.5,3.25,2.88,,,,,,,2.6,3.25,2.94,2.5,3.1,2.9,,,,2.66,3.29,3.01,2.56,3.21,2.92,2.2,1.67,2.26,1.69,2.29,1.73,2.21,1.68,0.0,1.84,2.06,1.84,2.08,1.87,2.09,1.82,2.04,2.5,3.1,3.0,,,,,,,2.59,3.1,3.14,2.4,3.1,3.1,,,,2.59,3.21,3.35,2.5,3.11,3.12,2.15,1.62,2.31,1.68,2.35,1.73,2.23,1.67,-0.25,2.1,1.7,2.19,1.76,2.19,1.88,2.1,1.77,2024,Football-Data.co.uk,https://www.football-data.co.uk/mmz4281/2425/D1.csv,2.55,3.2,2.88,2.66,3.29,2.99,2.64,3.3,3.05,2.32,1.72,1.87,2.09,2.4,3.0,3.2,2.56,3.18,3.08,2.6,3.2,3.25,2.38,1.71,2.19,1.82,,,,,,,,,,,,,,,,,,,,,,,,,,,,,,
D1,15/02/2025,14:30,Stuttgart,Wolfsburg,1,2,A,0.0,0.0,D,10.0,7.0,4.0,3.0,10.0,15.0,7.0,5.0,3.0,4.0,0.0,0.0,1.73,4.2,4.2,,,,,,,1.76,4.24,4.32,1.7,4.33,4.2,,,,1.79,4.38,4.5,1.75,4.19,4.25,1.53,2.5,1.54,2.59,1.56,2.6,1.52,2.53,-0.75,1.98,1.92,1.97,1.93,2.0,1.95,1.94,1.89,1.53,4.75,5.25,,,,,,,1.57,4.61,5.63,1.57,4.4,5.0,,,,1.63,4.75,5.8,1.58,4.51,5.32,1.41,2.7,1.5,2.72,1.53,2.78,1.48,2.67,-1.0,1.91,2.02,1.92,2.01,2.01,2.04,1.92,1.94,2024,Football-Data.co.uk,https://www.football-data.co.uk/mmz4281/2425/D1.csv,1.73,4.0,4.5,1.79,4.38,4.38,1.79,4.2,4.7,1.56,2.64,2.01,1.95,1.55,4.33,5.0,1.63,4.62,4.94,1.6,4.6,6.2,1.53,2.84,1.93,2.05,,,,,,,,,,,,,,,,,,,,,,,,,,,,,,
D1,15/02/2025,14:30,Union Berlin,M'gladbach,1,2,A,0.0,2.0,A,18.0,9.0,3.0,5.0,9.0,8.0,4.0,5.0,0.0,1.0,0.0,0.0,2.2,3.5,3.1,,,,,,,2.28,3.57,3.18,2.3,3.4,3.1,,,,2.33,3.75,3.25,2.27,3.54,3.11,1.73,2.1,1.78,2.12,1.82,2.14,1.77,2.09,-0.25,1.98,1.92,1.98,1.93,1.99,1.93,1.96,1.87,2.15,3.5,3.3,,,,,,,2.16,3.59,3.48,2.1,3.6,3.3,,,,2.2,3.64,3.48,2.15,3.55,3.39,1.68,2.05,1.78,2.13,1.82,2.19,1.75,2.11,-0.25,1.88,2.05,1.88,2.05,1.89,2.05,1.86,2.0,2024,Football-Data.co.uk,https://www.football-data.co.uk/mmz4281/2425/D1.csv,2.2,3.4,3.25,2.31,3.75,3.17,2.36,3.6,3.3,1.8,2.16,2.01,1.94,2.1,3.4,3.3,2.2,3.58,3.38,2.22,3.6,3.6,1.82,2.2,1.91,2.07,,,,,,,,,,,,,,,,,,,,,,,,,,,,,,
D1,15/02/2025,17:30,Leverkusen,Bayern Munich,0,0,D,0.0,0.0,D,15.0,2.0,3.0,0.0,16.0,13.0,6.0,0.0,2.0,3.0,0.0,0.0,2.9,3.7,2.25,,,,,,,3.08,3.71,2.27,3.0,3.6,2.25,,,,3.14,3.87,2.3,3.01,3.66,2.26,1.67,2.2,1.68,2.28,1.7,2.36,1.65,2.26,0.25,1.9,2.0,1.92,1.99,1.93,2.02,1.87,1.96,3.0,3.5,2.25,,,,,,,3.11,3.56,2.35,3.0,3.5,2.3,,,,3.16,3.61,2.4,3.05,3.49,2.33,1.8,2.0,1.83,2.06,1.87,2.13,1.81,2.03,0.25,1.89,2.04,1.88,2.04,1.9,2.06,1.85,2.01,2024,Football-Data.co.uk,https://www.football-data.co.uk/mmz4281/2425/D1.csv,3.1,3.6,2.25,3.11,3.87,2.3,3.15,3.75,2.36,1.73,2.32,1.92,2.04,2.9,3.3,2.2,3.1,3.61,2.32,3.2,3.6,2.4,1.87,2.12,1.91,2.07,,,,,,,,,,,,,,,,,,,,,,,,,,,,,,
D1,16/02/2025,14:30,Werder Bremen,Hoffenheim,1,3,A,1.0,2.0,A,14.0,16.0,1.0,7.0,14.0,12.0,6.0,4.0,2.0,3.0,0.0,0.0,1.85,3.8,3.9,,,,,,,1.9,4.04,3.8,1.85,4.0,3.75,,,,1.93,4.22,3.9,1.89,3.96,3.74,1.53,2.5,1.52,2.6,1.54,2.66,1.51,2.55,-0.5,1.9,2.0,1.92,1.99,1.92,2.02,1.89,1.95,1.85,3.8,3.9,,,,,,,1.88,3.88,4.2,1.85,3.8,3.8,,,,1.93,3.92,4.2,1.88,3.81,3.97,1.57,2.38,1.61,2.43,1.62,2.57,1.57,2.43,-0.5,1.82,1.99,1.88,2.05,1.92,2.06,1.88,1.98,2024,Football-Data.co.uk,https://www.football-data.co.uk/mmz4281/2425/D1.csv,1.87,4.0,3.9,1.93,4.22,3.86,1.9,4.2,4.1,1.55,2.66,1.91,2.07,1.8,3.7,3.8,1.9,3.91,4.01,1.92,4.0,4.3,1.63,2.56,1.91,2.08,,,,,,,,,,,,,,,,,,,,,,,,,,,,,,
D1,16/02/2025,16:30,Ein Frankfurt,Holstein Kiel,3,1,H,2.0,0.0,H,20.0,10.0,9.0,4.0,16.0,10.0,4.0,6.0,2.0,0.0,0.0,0.0,1.33,5.75,7.5,,,,,,,1.34,5.94,8.04,1.33,5.5,8.0,,,,1.35,6.09,9.0,1.33,5.69,8.17,1.4,3.0,1.4,3.05,1.43,3.1,1.39,3.01,-1.5,1.9,2.0,1.92,1.98,1.93,2.02,1.88,1.96,1.33,5.75,8.0,,,,,,,1.34,5.71,8.82,1.35,5.5,8.0,,,,1.37,6.2,9.5,1.34,5.66,8.46,1.44,2.75,1.48,2.77,1.48,3.07,1.44,2.82,-1.5,1.94,1.99,1.94,1.98,1.99,2.02,1.91,1.94,2024,Football-Data.co.uk,https://www.football-data.co.uk/mmz4281/2425/D1.csv,1.3,5.5,9.0,1.35,6.09,8.95,1.34,6.2,9.4,1.42,3.15,1.89,2.02,1.29,5.0,7.5,1.37,5.85,7.83,1.37,6.0,9.2,1.49,3.0,1.96,2.03,,,,,,,,,,,,,,,,,,,,,,,,,,,,,,
D1,16/02/2025,18:30,Heidenheim,Mainz,0,2,A,0.0,1.0,A,12.0,6.0,3.0,5.0,9.0,16.0,8.0,4.0,1.0,3.0,0.0,0.0,3.6,3.5,2.05,,,,,,,3.69,3.53,2.08,3.5,3.5,2.05,,,,3.69,3.73,2.11,3.56,3.51,2.07,1.92,1.98,1.93,1.95,1.96,1.99,1.9,1.93,0.5,1.84,2.06,1.83,2.08,1.84,2.09,1.8,2.06,3.7,3.5,2.0,,,,,,,3.8,3.44,2.1,3.6,3.4,2.05,,,,3.86,3.57,2.15,3.72,3.43,2.07,1.98,1.92,1.99,1.92,2.0,1.95,1.94,1.9,0.5,1.85,2.08,1.83,2.11,1.85,2.16,1.8,2.07,2024,Football-Data.co.uk,https://www.football-data.co.uk/mmz4281/2425/D1.csv,3.6,3.5,2.1,3.69,3.73,2.1,3.75,3.6,2.14,1.95,1.99,1.86,2.14,3.5,3.25,2.0,3.82,3.57,2.05,3.8,3.6,2.16,2.0,1.99,1.86,2.16,,,,,,,,,,,,,,,,,,,,,,,,,,,,,,
D1,21/02/2025,19:30,Freiburg,Werder Bremen,5,0,H,2.0,0.0,H,13.0,9.0,8.0,3.0,14.0,8.0,3.0,7.0,3.0,0.0,0.0,0.0,2.0,3.5,3.75,,,,,,,2.09,3.45,3.84,2.0,3.5,3.6,,,,2.1,3.76,3.94,2.06,3.48,3.74,1.98,1.92,2.01,1.9,2.01,1.98,1.93,1.91,-0.5,2.08,1.85,2.1,1.84,2.1,1.86,2.06,1.81,1.95,3.5,3.9,,,,,,,2.02,3.49,4.03,1.95,3.4,3.9,,,,2.05,3.6,4.2,1.99,3.49,3.93,1.91,1.99,1.93,1.98,1.94,2.01,1.89,1.95,-0.5,2.03,1.9,2.03,1.89,2.04,1.92,2.0,1.87,2024,Football-Data.co.uk,https://www.football-data.co.uk/mmz4281/2425/D1.csv,2.0,3.4,3.9,2.07,3.76,3.76,2.12,3.55,4.0,1.99,1.99,2.12,1.88,1.95,3.3,3.9,1.94,3.58,4.2,2.04,3.55,4.2,1.96,2.02,2.04,1.94,,,,,,,,,,,,,,,,,,,,,,,,,,,,,,
D1,22/02/2025,14:30,Holstein Kiel,Leverkusen,0,2,A,0.0,2.0,A,4.0,18.0,3.0,8.0,11.0,10.0,5.0,11.0,4.0,1.0,0.0,0.0,11.0,6.0,1.25,,,,,,,10.87,6.67,1.25,10.0,6.5,1.25,,,,12.51,7.02,1.3,10.53,6.57,1.25,1.4,3.0,1.39,3.05,1.44,3.05,1.4,2.95,1.75,2.0,1.9,1.99,1.89,2.05,1.95,1.96,1.87,15.0,6.5,1.18,,,,,,,15.26,7.32,1.2,12.0,6.5,1.22,,,,17.0,7.4,1.23,14.5,6.98,1.2,1.5,2.63,1.52,2.63,1.53,2.9,1.49,2.67,2.0,1.91,2.02,1.9,2.01,1.91,2.06,1.86,2.0,2024,Football-Data.co.uk,https://www.football-data.co.uk/mmz4281/2425/D1.csv,11.0,6.5,1.25,10.1,6.86,1.3,12.5,7.0,1.28,1.44,3.1,2.01,1.97,13.0,6.5,1.15,16.7,7.25,1.2,17.0,7.4,1.23,1.55,2.8,1.9,2.07,,,,,,,,,,,,,,,,,,,,,,,,,,,,,,
D1,22/02/2025,14:30,Mainz,St Pauli,2,0,H,0.0,0.0,D,10.0,12.0,5.0,0.0,9.0,10.0,6.0,5.0,3.0,3.0,0.0,0.0,1.8,3.5,4.75,,,,,,,1.79,3.66,4.88,1.8,3.5,4.6,,,,1.84,3.74,5.0,1.8,3.57,4.73,2.1,1.73,2.19,1.72,2.22,1.77,2.15,1.72,-0.75,2.07,1.83,2.05,1.86,2.08,1.86,2.03,1.81,1.73,3.6,5.25,,,,,,,1.74,3.7,5.36,1.8,3.5,4.6,,,,1.82,3.7,5.55,1.76,3.61,5.08,2.1,1.73,2.16,1.76,2.25,1.8,2.15,1.73,-0.75,1.98,1.95,1.98,1.94,2.07,1.95,1.98,1.87,2024,Football-Data.co.uk,https://www.football-data.co.uk/mmz4281/2425/D1.csv,1.8,3.5,5.0,1.84,3.74,4.88,1.85,3.65,5.3,2.22,1.77,2.11,1.87,1.7,3.4,4.75,1.73,3.66,5.55,1.79,3.7,5.8,2.28,1.76,2.03,1.96,,,,,,,,,,,,,,,,,,,,,,,,,,,,,,
D1,22/02/2025,14:30,M'gladbach,Augsburg,0,3,A,0.0,0.0,D,8.0,17.0,5.0,4.0,10.0,9.0,2.0,4.0,3.0,2.0,1.0,0.0,1.85,3.75,4.0,,,,,,,1.83,3.82,4.4,1.85,3.8,4.0,,,,1.88,4.04,4.5,1.84,3.79,4.19,1.73,2.1,1.74,2.18,1.77,2.22,1.72,2.15,-0.5,1.86,2.04,1.83,2.07,1.89,2.07,1.84,2.01,1.91,3.5,3.9,,,,,,,1.97,3.58,4.12,1.91,3.7,3.8,,,,1.98,3.73,4.18,1.94,3.6,4.0,1.95,1.95,1.93,1.98,1.99,2.1,1.86,1.98,-0.5,1.99,1.94,1.98,1.94,1.99,1.96,1.95,1.91,2024,Football-Data.co.uk,https://www.football-data.co.uk/mmz4281/2425/D1.csv,1.85,3.8,4.2,1.88,4.04,4.22,1.9,3.85,4.5,1.79,2.22,1.9,2.09,1.85,3.5,3.8,1.92,3.7,4.18,2.0,3.75,4.2,1.94,2.04,2.0,1.98,,,,,,,,,,,,,,,,,,,,,,,,,,,,,,
D1,22/02/2025,14:30,Wolfsburg,Bochum,1,1,D,0.0,0.0,D,13.0,11.0,6.0,5.0,8.0,15.0,3.0,5.0,2.0,3.0,0.0,0.0,1.53,4.2,6.0,,,,,,,1.56,4.53,5.71,1.57,4.33,5.5,,,,1.6,4.64,6.0,1.55,4.42,5.7,1.62,2.3,1.63,2.36,1.68,2.41,1.62,2.32,-1.0,1.92,1.98,1.93,1.97,1.95,2.0,1.89,1.95,1.62,4.2,5.0,,,,,,,1.66,4.35,5.0,1.62,4.2,5.0,,,,1.66,4.5,5.6,1.63,4.3,5.09,1.53,2.5,1.57,2.53,1.59,2.56,1.56,2.48,-1.0,2.03,1.78,2.1,1.81,2.11,1.91,2.02,1.83,2024,Football-Data.co.uk,https://www.football-data.co.uk/mmz4281/2425/D1.csv,1.55,4.5,5.5,1.6,4.64,5.76,1.59,4.5,6.2,1.66,2.42,1.96,1.96,1.55,4.0,5.0,1.64,4.31,5.34,1.66,4.4,5.7,1.61,2.6,2.09,1.89,,,,,,,,,,,,,,,,,,,,,,,,,,,,,,
D1,22/02/2025,17:30,Dortmund,Union Berlin,6,0,H,2.0,0.0,H,24.0,6.0,8.0,1.0,10.0,11.0,5.0,3.0,2.0,2.0,0.0,0.0,1.53,4.5,5.5,,,,,,,1.57,4.52,5.55,1.55,4.4,5.5,,,,1.58,4.7,6.0,1.55,4.46,5.59,1.62,2.3,1.63,2.38,1.66,2.43,1.61,2.35,-1.0,1.92,1.98,1.93,1.98,1.94,1.99,1.89,1.95,1.5,4.33,6.5,,,,,,,1.52,4.59,6.34,1.5,4.5,6.0,,,,1.52,5.0,7.1,1.49,4.58,6.39,1.62,2.3,1.67,2.32,1.68,2.42,1.62,2.35,-1.25,2.05,1.75,2.12,1.8,2.14,1.9,2.06,1.8,2024,Football-Data.co.uk,https://www.football-data.co.uk/mmz4281/2425/D1.csv,1.57,4.5,5.5,1.58,4.69,5.92,1.59,4.7,6.0,1.65,2.44,1.95,1.98,1.44,4.2,6.5,1.51,4.58,6.62,1.54,4.6,7.2,1.7,2.42,2.16,1.84,,,,,,,,,,,,,,,,,,,,,,,,,,,,,,
D1,23/02/2025,14:30,RB Leipzig,Heidenheim,2,2,D,1.0,2.0,A,17.0,4.0,6.0,2.0,15.0,15.0,7.0,4.0,3.0,3.0,0.0,0.0,1.33,5.0,8.5,,,,,,,1.35,5.61,8.22,1.36,5.0,8.0,,,,1.37,5.77,8.7,1.35,5.37,7.98,1.5,2.63,1.5,2.69,1.52,2.75,1.48,2.64,-1.5,1.98,1.92,1.97,1.93,2.03,1.94,1.96,1.88,1.3,5.25,9.0,,,,,,,1.31,5.91,10.15,1.3,5.0,9.5,,,,1.34,6.0,10.15,1.31,5.65,9.48,1.5,2.63,1.5,2.69,1.52,2.77,1.48,2.68,-1.5,1.93,2.0,1.93,2.0,1.97,2.03,1.89,1.96,2024,Football-Data.co.uk,https://www.football-data.co.uk/mmz4281/2425/D1.csv,1.33,5.0,8.0,1.37,5.77,8.7,1.38,5.8,8.8,1.52,2.78,1.98,1.94,1.3,5.0,9.0,1.33,5.67,10.1,1.34,6.0,10.5,1.54,2.8,1.96,2.02,,,,,,,,,,,,,,,,,,,,,,,,,,,,,,
D1,23/02/2025,16:30,Bayern Munich,Ein Frankfurt,4,0,H,1.0,0.0,H,19.0,7.0,12.0,2.0,8.0,7.0,4.0,1.0,1.0,1.0,0.0,0.0,1.3,6.5,7.5,,,,,,,1.3,6.5,8.28,1.3,6.0,8.0,,,,1.34,6.8,9.5,1.3,6.33,8.27,1.33,3.4,1.34,3.34,1.37,3.4,1.33,3.3,-1.75,2.01,1.89,2.0,1.89,2.02,1.91,1.97,1.86,1.25,7.0,8.5,,,,,,,1.26,6.85,10.75,1.25,6.5,9.5,,,,1.29,7.39,11.25,1.25,6.63,10.11,1.36,3.2,1.38,3.13,1.41,3.39,1.37,3.13,-1.75,1.88,2.05,1.9,2.01,1.94,2.06,1.88,1.97,2024,Football-Data.co.uk,https://www.football-data.co.uk/mmz4281/2425/D1.csv,1.3,6.0,9.0,1.34,6.65,8.35,1.32,6.8,9.6,1.38,3.5,2.0,1.9,1.22,6.5,10.0,1.28,7.39,8.63,1.27,7.2,12.0,1.42,3.3,1.9,2.08,,,,,,,,,,,,,,,,,,,,,,,,,,,,,,
D1,23/02/2025,18:30,Hoffenheim,Stuttgart,1,1,D,0.0,1.0,A,9.0,14.0,2.0,7.0,8.0,10.0,4.0,8.0,0.0,0.0,0.0,0.0,3.5,3.9,1.95,,,,,,,3.63,3.96,1.97,3.4,4.0,1.95,,,,3.66,4.22,2.0,3.5,3.92,1.96,1.5,2.63,1.5,2.65,1.52,2.72,1.48,2.63,0.5,1.91,1.99,1.93,1.98,1.93,2.02,1.88,1.96,3.3,3.75,2.05,,,,,,,3.43,3.94,2.07,3.3,3.9,2.0,,,,3.63,3.98,2.1,3.42,3.85,2.04,1.53,2.5,1.54,2.6,1.54,2.66,1.52,2.56,0.5,1.75,2.05,1.85,2.08,1.88,2.1,1.82,2.04,2024,Football-Data.co.uk,https://www.football-data.co.uk/mmz4281/2425/D1.csv,3.4,3.8,2.0,3.6,4.22,2.0,3.65,3.95,2.04,1.53,2.74,1.94,2.04,3.3,3.7,1.95,3.63,3.9,2.01,3.6,4.0,2.1,1.56,2.76,1.89,2.1,,,,,,,,,,,,,,,,,,,,,,,,,,,,,,
D1,28/02/2025,19:30,Stuttgart,Bayern Munich,1,3,A,1.0,1.0,D,12.0,17.0,3.0,8.0,12.0,13.0,4.0,6.0,5.0,3.0,0.0,0.0,4.75,4.2,1.65,,,,,,,4.94,4.37,1.67,4.6,4.2,1.67,,,,5.0,4.46,1.7,4.85,4.29,1.67,1.53,2.5,1.56,2.53,1.58,2.55,1.54,2.49,0.75,2.08,1.85,2.09,1.85,2.11,1.86,2.04,1.81,4.2,4.1,1.73,,,,,,,4.45,4.18,1.76,4.33,4.0,1.73,,,,4.8,4.3,1.8,4.46,4.12,1.74,1.53,2.5,1.56,2.54,1.62,2.65,1.55,2.49,0.75,1.94,1.99,1.94,1.98,2.0,2.0,1.93,1.92,2024,Football-Data.co.uk,https://www.football-data.co.uk/mmz4281/2425/D1.csv,5.0,4.33,1.65,4.94,4.46,1.7,5.3,4.5,1.68,1.6,2.62,2.13,1.85,4.5,4.0,1.67,4.55,4.22,1.74,4.8,4.3,1.77,1.6,2.64,2.01,1.97,,,,,,,,,,,,,,,,,,,,,,,,,,,,,,
D1,01/03/2025,14:30,Bochum,Hoffenheim,0,1,A,0.0,0.0,D,12.0,10.0,3.0,2.0,16.0,17.0,8.0,5.0,0.0,1.0,0.0,0.0,2.4,3.6,2.8,,,,,,,2.47,3.56,2.88,2.38,3.6,2.8,,,,2.52,3.85,2.9,2.43,3.57,2.83,1.57,2.25,1.66,2.31,1.7,2.38,1.63,2.3,-0.25,2.1,1.83,2.14,1.78,2.14,1.83,2.08,1.77,2.38,3.3,2.9,,,,,,,2.41,3.55,3.01,2.45,3.5,2.75,,,,2.61,3.6,3.01,2.45,3.47,2.89,1.73,2.1,1.72,2.23,1.75,2.28,1.7,2.18,-0.25,2.11,1.82,2.1,1.84,2.22,1.84,2.1,1.78,2024,Football-Data.co.uk,https://www.football-data.co.uk/mmz4281/2425/D1.csv,2.4,3.6,2.8,2.46,3.85,2.86,2.46,3.8,2.94,1.68,2.38,2.15,1.85,2.4,3.3,2.8,2.46,3.42,3.01,2.58,3.55,3.0,1.76,2.28,2.2,1.82,,,,,,,,,,,,,,,,,,,,,,,,,,,,,,
D1,01/03/2025,14:30,Heidenheim,M'gladbach,0,3,A,0.0,2.0,A,20.0,13.0,5.0,5.0,9.0,15.0,6.0,2.0,2.0,3.0,0.0,0.0,3.1,3.5,2.25,,,,,,,3.1,3.62,2.3,2.9,3.6,2.3,,,,3.13,3.85,2.38,3.02,3.59,2.29,1.62,2.15,1.65,2.32,1.7,2.36,1.64,2.28,0.25,1.9,2.03,1.9,2.0,1.91,2.03,1.86,1.95,2.63,3.4,2.6,,,,,,,2.73,3.43,2.7,2.62,3.5,2.5,,,,2.83,3.52,2.7,2.71,3.43,2.61,1.73,2.1,1.75,2.19,1.78,2.26,1.71,2.17,0.0,1.98,1.95,1.97,1.95,2.02,1.95,1.97,1.9,2024,Football-Data.co.uk,https://www.football-data.co.uk/mmz4281/2425/D1.csv,3.1,3.5,2.3,3.11,3.85,2.31,3.2,3.65,2.36,1.7,2.34,1.94,2.03,2.7,3.3,2.55,2.81,3.5,2.57,2.82,3.55,2.72,1.79,2.24,2.03,1.96,,,,,,,,,,,,,,,,,,,,,,,,,,,,,,
D1,01/03/2025,14:30,RB Leipzig,Mainz,1,2,A,1.0,0.0,H,13.0,15.0,4.0,3.0,8.0,15.0,7.0,1.0,1.0,1.0,0.0,0.0,1.95,3.7,3.75,,,,,,,2.02,3.76,3.66,2.0,3.6,3.6,,,,2.06,3.84,3.85,1.99,3.7,3.64,1.76,1.96,1.83,2.05,1.86,2.11,1.8,2.03,-0.5,2.03,1.9,2.03,1.88,2.03,1.92,1.99,1.86,1.9,3.7,3.8,,,,,,,1.93,3.76,4.07,1.95,3.7,3.6,,,,2.01,3.85,4.07,1.93,3.72,3.89,1.73,2.1,1.75,2.17,1.82,2.2,1.74,2.13,-0.5,1.95,1.98,1.94,1.98,1.99,2.0,1.93,1.93,2024,Football-Data.co.uk,https://www.football-data.co.uk/mmz4281/2425/D1.csv,1.95,3.7,3.75,2.04,3.81,3.81,2.04,3.85,3.95,1.86,2.12,2.05,1.94,1.91,3.5,3.9,1.92,3.8,4.07,2.0,3.75,4.2,1.79,2.24,2.0,1.98,,,,,,,,,,,,,,,,,,,,,,,,,,,,,,
D1,01/03/2025,14:30,St Pauli,Dortmund,0,2,A,0.0,0.0,D,7.0,14.0,1.0,3.0,11.0,13.0,7.0,1.0,1.0,2.0,0.0,0.0,4.1,3.8,1.83,,,,,,,4.31,3.73,1.87,4.0,3.7,1.85,,,,4.4,3.99,1.92,4.12,3.73,1.87,1.8,2.0,1.83,2.06,1.85,2.11,1.8,2.04,0.5,2.06,1.87,2.03,1.88,2.06,1.92,1.99,1.87,4.33,3.7,1.8,,,,,,,4.39,3.71,1.88,4.2,3.7,1.83,,,,4.67,3.79,1.95,4.35,3.64,1.86,1.91,1.99,1.92,1.99,1.94,2.06,1.87,1.97,0.5,2.04,1.89,2.04,1.89,2.07,1.9,2.01,1.85,2024,Football-Data.co.uk,https://www.football-data.co.uk/mmz4281/2425/D1.csv,4.2,3.75,1.87,4.27,3.99,1.88,4.4,3.9,1.93,1.89,2.1,2.06,1.93,4.33,3.6,1.8,4.67,3.79,1.81,4.7,3.8,1.89,1.95,2.04,2.11,1.89,,,,,,,,,,,,,,,,,,,,,,,,,,,,,,
D1,01/03/2025,14:30,Werder Bremen,Wolfsburg,1,2,A,0.0,1.0,A,15.0,9.0,7.0,3.0,13.0,9.0,8.0,2.0,2.0,0.0,0.0,0.0,2.63,3.4,2.6,,,,,,,2.72,3.55,2.61,2.62,3.6,2.5,,,,2.75,3.79,2.7,2.65,3.53,2.59,1.67,2.2,1.72,2.21,1.75,2.28,1.68,2.2,0.0,1.99,1.94,1.99,1.91,2.01,1.95,1.95,1.9,3.0,3.5,2.3,,,,,,,3.13,3.52,2.36,2.9,3.5,2.3,,,,3.19,3.55,2.43,3.04,3.49,2.34,1.73,2.1,1.77,2.16,1.78,2.23,1.73,2.14,0.25,1.89,2.04,1.88,2.04,1.9,2.06,1.85,1.99,2024,Football-Data.co.uk,https://www.football-data.co.uk/mmz4281/2425/D1.csv,2.63,3.6,2.63,2.72,3.79,2.61,2.74,3.7,2.7,1.76,2.26,2.0,1.97,2.88,3.4,2.38,3.19,3.5,2.32,3.2,3.6,2.4,1.79,2.24,1.92,2.08,,,,,,,,,,,,,,,,,,,,,,,,,,,,,,
D1,01/03/2025,17:30,Ein Frankfurt,Leverkusen,1,4,A,1.0,3.0,A,7.0,20.0,3.0,9.0,9.0,7.0,2.0,6.0,1.0,1.0,0.0,0.0,4.75,3.75,1.73,,,,,,,4.72,3.92,1.76,4.5,3.9,1.73,,,,4.9,4.22,1.78,4.58,3.92,1.74,1.67,2.2,1.71,2.22,1.73,2.3,1.68,2.21,0.75,1.93,2.0,1.93,1.98,1.93,2.0,1.89,1.94,3.9,3.9,1.85,,,,,,,4.16,3.93,1.87,4.2,3.75,1.83,,,,4.5,4.02,1.89,4.18,3.89,1.83,1.53,2.5,1.57,2.52,1.64,2.53,1.57,2.45,0.5,2.03,1.78,2.05,1.88,2.11,1.9,2.03,1.83,2024,Football-Data.co.uk,https://www.football-data.co.uk/mmz4281/2425/D1.csv,4.5,3.9,1.75,4.63,4.22,1.78,4.9,4.0,1.82,1.72,2.32,1.94,2.03,4.33,3.7,1.75,4.29,4.02,1.82,4.3,4.0,1.89,1.62,2.6,2.11,1.89,,,,,,,,,,,,,,,,,,,,,,,,,,,,,,
D1,02/03/2025,14:30,Union Berlin,Holstein Kiel,0,1,A,0.0,1.0,A,14.0,10.0,3.0,3.0,16.0,12.0,11.0,3.0,4.0,0.0,0.0,0.0,1.57,4.33,5.25,,,,,,,1.62,4.25,5.45,1.62,4.2,5.0,,,,1.64,4.43,5.61,1.6,4.23,5.3,1.67,2.2,1.73,2.19,1.76,2.25,1.7,2.18,-1.0,2.06,1.87,2.04,1.87,2.06,1.87,2.0,1.84,1.55,4.33,5.5,,,,,,,1.57,4.36,6.0,1.57,4.2,5.5,,,,1.61,4.45,6.2,1.57,4.25,5.83,1.73,2.1,1.79,2.11,1.9,2.15,1.79,2.07,-1.0,1.98,1.95,1.97,1.95,2.01,1.96,1.95,1.9,2024,Football-Data.co.uk,https://www.football-data.co.uk/mmz4281/2425/D1.csv,1.62,4.1,5.0,1.64,4.43,5.61,1.67,4.3,5.6,1.75,2.24,2.1,1.85,1.5,4.0,5.5,1.59,4.45,5.64,1.62,4.4,6.2,1.84,2.18,2.03,1.96,,,,,,,,,,,,,,,,,,,,,,,,,,,,,,
D1,02/03/2025,16:30,Augsburg,Freiburg,0,0,D,0.0,0.0,D,13.0,7.0,5.0,3.0,13.0,9.0,5.0,2.0,1.0,1.0,0.0,0.0,2.63,3.25,2.7,,,,,,,2.71,3.13,2.91,2.62,3.2,2.75,,,,2.72,3.39,2.91,2.65,3.15,2.82,2.2,1.67,2.31,1.67,2.32,1.71,2.25,1.66,0.0,1.9,2.03,1.88,2.03,1.94,2.03,1.86,1.98,2.45,3.25,2.9,,,,,,,2.54,3.11,3.21,2.45,3.2,3.0,,,,2.61,3.26,3.21,2.52,3.11,3.08,2.3,1.62,2.37,1.64,2.4,1.68,2.31,1.63,-0.25,2.13,1.81,2.15,1.8,2.2,1.81,2.12,1.76,2024,Football-Data.co.uk,https://www.football-data.co.uk/mmz4281/2425/D1.csv,2.7,3.1,2.8,2.71,3.39,2.85,2.76,3.3,2.92,2.32,1.73,1.93,2.04,2.4,2.88,3.0,2.61,3.19,2.87,2.7,3.15,3.15,2.42,1.7,2.22,1.81,,,,,,,,,,,,,,,,,,,,,,,,,,,,,,
D1,07/03/2025,19:30,M'gladbach,Mainz,1,3,A,0.0,1.0,A,12.0,16.0,4.0,8.0,6.0,6.0,4.0,3.0,0.0,1.0,0.0,0.0,2.6,3.3,2.7,,,,,,,2.65,3.43,2.74,2.62,3.3,2.7,,,,2.71,3.5,2.79,2.6,3.41,2.7,1.76,1.96,1.81,2.07,1.85,2.1,1.79,2.05,0.0,1.92,1.98,1.92,1.99,1.94,2.0,1.89,1.96,2.62,3.4,2.6,,,,,,,2.73,3.5,2.67,2.62,3.5,2.5,,,,2.82,3.5,2.71,2.71,3.42,2.62,1.73,2.1,1.78,2.14,1.78,2.21,1.74,2.13,0.0,1.95,1.95,1.98,1.93,2.0,1.95,1.96,1.9,2024,Football-Data.co.uk,https://www.football-data.co.uk/mmz4281/2425/D1.csv,2.63,3.4,2.7,2.71,3.48,2.79,2.74,3.55,2.82,1.86,2.12,1.96,2.02,2.63,3.4,2.6,2.7,3.5,2.68,2.78,3.6,2.74,1.83,2.18,2.0,1.97,,,,,,,,,,,,,,,,,,,,,,,,,,,,,,
D1,08/03/2025,14:30,Bayern Munich,Bochum,2,3,A,2.0,1.0,H,14.0,8.0,5.0,5.0,7.0,14.0,9.0,3.0,0.0,6.0,1.0,0.0,1.11,9.5,19.0,,,,,,,1.11,12.4,17.74,1.12,10.0,17.0,,,,1.13,14.0,21.0,1.11,10.81,18.52,1.29,3.75,1.3,3.56,1.3,3.9,1.28,3.67,-2.5,2.0,1.9,1.99,1.9,2.02,1.94,1.96,1.88,1.17,8.5,13.0,,,,,,,1.17,8.25,17.0,1.18,8.0,13.0,,,,1.2,9.0,17.0,1.17,8.18,14.6,1.33,3.4,1.33,3.45,1.38,3.58,1.33,3.38,-2.0,1.88,2.05,1.86,2.05,1.92,2.15,1.84,2.03,2024,Football-Data.co.uk,https://www.football-data.co.uk/mmz4281/2425/D1.csv,1.11,11.0,20.0,1.14,11.5,20.0,1.14,12.5,23.0,1.34,3.85,2.02,1.93,1.14,8.0,15.0,1.18,8.89,14.2,1.19,8.6,19.0,1.37,3.6,1.87,2.09,,,,,,,,,,,,,,,,,,,,,,,,,,,,,,
D1,08/03/2025,14:30,Dortmund,Augsburg,0,1,A,0.0,1.0,A,14.0,6.0,1.0,1.0,6.0,12.0,12.0,3.0,1.0,4.0,0.0,0.0,1.53,4.33,5.75,,,,,,,1.55,4.42,6.05,1.53,4.33,6.0,,,,1.56,4.6,6.5,1.53,4.39,6.02,1.73,2.1,1.74,2.18,1.75,2.19,1.71,2.13,-1.0,1.91,1.99,1.91,1.99,1.91,1.99,1.88,1.96,1.38,4.75,8.0,,,,,,,1.41,4.87,8.32,1.4,4.75,7.5,,,,1.43,5.2,8.8,1.4,4.85,8.12,1.62,2.3,1.68,2.33,1.73,2.42,1.65,2.28,-1.25,1.87,2.06,1.88,2.03,2.0,2.06,1.87,1.98,2024,Football-Data.co.uk,https://www.football-data.co.uk/mmz4281/2425/D1.csv,1.5,4.33,6.5,1.58,4.58,6.17,1.55,4.5,6.8,1.77,2.24,1.91,2.04,1.36,4.75,8.5,1.43,4.89,7.92,1.41,5.2,9.4,1.68,2.42,1.92,2.06,,,,,,,,,,,,,,,,,,,,,,,,,,,,,,
D1,08/03/2025,14:30,Holstein Kiel,Stuttgart,2,2,D,1.0,1.0,D,17.0,5.0,5.0,2.0,8.0,9.0,3.0,1.0,1.0,2.0,1.0,0.0,5.75,4.33,1.53,,,,,,,5.89,4.71,1.52,5.5,4.6,1.53,,,,6.2,4.8,1.54,5.78,4.64,1.52,1.5,2.63,1.51,2.63,1.53,2.69,1.5,2.61,1.0,2.03,1.87,2.06,1.85,2.06,1.87,2.01,1.83,6.0,4.75,1.48,,,,,,,6.23,4.82,1.51,5.5,4.6,1.5,,,,6.23,4.9,1.53,5.94,4.74,1.5,1.44,2.75,1.49,2.73,1.5,2.86,1.46,2.74,1.25,1.88,2.05,1.87,2.06,1.88,2.1,1.82,2.04,2024,Football-Data.co.uk,https://www.football-data.co.uk/mmz4281/2425/D1.csv,5.5,4.6,1.53,5.97,4.89,1.55,6.0,4.8,1.57,1.52,2.82,2.05,1.89,5.5,4.6,1.5,5.89,4.85,1.53,6.4,5.0,1.54,1.53,2.84,1.89,2.08,,,,,,,,,,,,,,,,,,,,,,,,,,,,,,
D1,08/03/2025,14:30,Leverkusen,Werder Bremen,0,2,A,0.0,1.0,A,18.0,11.0,4.0,7.0,12.0,10.0,10.0,3.0,4.0,4.0,0.0,0.0,1.27,5.75,11.0,,,,,,,1.27,6.39,10.17,1.25,6.0,11.0,,,,1.28,6.8,12.0,1.26,6.22,10.53,1.53,2.5,1.53,2.58,1.57,2.63,1.52,2.53,-1.75,2.02,1.88,2.03,1.87,2.04,1.88,1.99,1.84,1.33,5.5,8.5,,,,,,,1.33,5.74,9.49,1.35,5.0,8.0,,,,1.36,5.9,10.0,1.33,5.46,8.92,1.53,2.5,1.55,2.59,1.58,2.59,1.55,2.5,-1.5,2.02,1.91,1.97,1.95,2.03,1.97,1.96,1.9,2024,Football-Data.co.uk,https://www.football-data.co.uk/mmz4281/2425/D1.csv,1.25,6.0,12.0,1.29,6.5,11.9,1.29,6.6,13.0,1.56,2.7,2.03,1.92,1.33,5.0,8.5,1.35,5.6,9.01,1.36,5.8,10.0,1.59,2.68,2.01,1.98,,,,,,,,,,,,,,,,,,,,,,,,,,,,,,
D1,08/03/2025,14:30,Wolfsburg,St Pauli,1,1,D,0.0,1.0,A,16.0,14.0,4.0,4.0,11.0,13.0,6.0,6.0,1.0,0.0,0.0,0.0,1.75,3.5,5.0,,,,,,,1.78,3.75,4.85,1.75,3.8,4.6,,,,1.81,3.88,5.0,1.76,3.72,4.79,1.85,1.93,1.9,1.99,1.9,2.01,1.87,1.96,-0.75,2.01,1.89,2.01,1.9,2.01,1.9,1.97,1.87,1.83,3.5,4.5,,,,,,,1.85,3.56,4.76,1.8,3.7,4.4,,,,1.89,3.7,4.81,1.83,3.56,4.61,2.01,1.89,2.01,1.89,2.03,1.91,1.97,1.87,-0.5,1.87,2.06,1.86,2.07,1.89,2.07,1.84,2.03,2024,Football-Data.co.uk,https://www.football-data.co.uk/mmz4281/2425/D1.csv,1.75,3.75,5.0,1.78,4.04,4.84,1.8,3.8,5.3,1.92,2.06,2.02,1.94,1.75,3.4,4.75,1.85,3.58,4.79,1.86,3.75,5.0,2.06,1.92,1.86,2.14,,,,,,,,,,,,,,,,,,,,,,,,,,,,,,
D1,08/03/2025,17:30,Freiburg,RB Leipzig,0,0,D,0.0,0.0,D,10.0,18.0,2.0,3.0,6.0,11.0,2.0,6.0,0.0,3.0,0.0,0.0,2.55,3.3,2.7,,,,,,,2.66,3.32,2.81,2.62,3.25,2.75,,,,2.67,3.4,2.86,2.6,3.32,2.75,1.8,2.0,1.83,2.05,1.84,2.11,1.8,2.03,0.0,1.89,2.01,1.9,2.01,1.93,2.01,1.87,1.97,2.5,3.3,2.8,,,,,,,2.56,3.37,2.94,2.5,3.25,2.88,,,,2.65,3.4,2.94,2.56,3.31,2.84,1.8,2.0,1.83,2.07,1.92,2.09,1.85,1.99,0.0,1.83,2.1,1.83,2.11,1.87,2.11,1.83,2.04,2024,Football-Data.co.uk,https://www.football-data.co.uk/mmz4281/2425/D1.csv,2.63,3.4,2.75,2.71,3.42,2.83,2.66,3.5,2.86,1.85,2.1,1.91,2.06,2.5,3.25,2.75,2.65,3.33,2.83,2.66,3.45,2.96,1.92,2.08,1.89,2.1,,,,,,,,,,,,,,,,,,,,,,,,,,,,,,
D1,09/03/2025,14:30,Ein Frankfurt,Union Berlin,1,2,A,1.0,0.0,H,14.0,11.0,3.0,3.0,10.0,8.0,1.0,5.0,3.0,0.0,0.0,0.0,1.73,4.0,4.5,,,,,,,1.77,4.13,4.39,1.7,4.0,4.6,,,,1.78,4.22,4.75,1.74,4.04,4.45,1.67,2.2,1.69,2.25,1.73,2.3,1.67,2.22,-0.75,1.95,1.95,1.97,1.93,1.97,1.95,1.91,1.9,1.95,3.6,3.75,,,,,,,1.99,3.67,3.95,1.95,3.6,3.7,,,,2.04,3.72,4.05,1.98,3.62,3.81,1.84,2.06,1.86,2.06,1.88,2.1,1.83,2.02,-0.5,2.01,1.92,2.0,1.93,2.04,1.93,1.98,1.87,2024,Football-Data.co.uk,https://www.football-data.co.uk/mmz4281/2425/D1.csv,1.73,4.0,4.75,1.77,4.22,4.68,1.78,4.1,4.9,1.71,2.32,1.98,1.97,1.9,3.4,3.75,1.95,3.69,4.05,2.02,3.75,4.1,1.88,2.12,2.02,1.96,,,,,,,,,,,,,,,,,,,,,,,,,,,,,,
D1,09/03/2025,16:30,Hoffenheim,Heidenheim,1,1,D,1.0,0.0,H,16.0,23.0,3.0,5.0,9.0,11.0,6.0,4.0,2.0,3.0,0.0,0.0,1.75,4.0,4.33,,,,,,,1.78,4.03,4.41,1.75,4.0,4.2,,,,1.81,4.22,4.43,1.77,3.98,4.31,1.62,2.15,1.69,2.25,1.7,2.38,1.65,2.24,-0.75,,,2.01,1.89,2.03,1.92,1.97,1.85,1.9,3.8,3.9,,,,,,,1.93,3.85,3.96,1.85,3.8,3.9,,,,1.98,3.98,4.2,1.89,3.78,3.99,1.73,2.1,1.74,2.2,1.77,2.21,1.72,2.15,-0.5,1.95,1.98,1.94,1.98,1.98,2.01,1.9,1.96,2024,Football-Data.co.uk,https://www.football-data.co.uk/mmz4281/2425/D1.csv,1.75,4.0,4.4,1.81,4.22,4.43,1.81,4.1,4.5,1.71,2.32,2.04,1.9,1.8,3.7,4.1,1.89,3.85,4.12,1.96,3.9,4.2,1.77,2.28,1.96,2.03,,,,,,,,,,,,,,,,,,,,,,,,,,,,,,
D1,14/03/2025,19:30,St Pauli,Hoffenheim,1,0,H,0.0,0.0,D,10.0,4.0,5.0,0.0,6.0,8.0,11.0,2.0,0.0,1.0,0.0,0.0,2.25,3.25,3.3,,,,,,,2.31,3.3,3.37,2.3,3.25,3.25,,,,2.38,3.42,3.41,2.3,3.28,3.3,2.1,1.73,2.13,1.78,2.16,1.81,2.1,1.76,-0.25,1.99,1.94,1.98,1.93,1.99,1.95,1.95,1.9,2.25,3.25,3.3,,,,,,,2.35,3.22,3.44,2.25,3.25,3.25,,,,2.38,3.4,3.45,2.31,3.24,3.31,2.1,1.73,2.21,1.74,2.21,1.81,2.11,1.75,-0.25,1.99,1.94,2.0,1.92,2.01,1.98,1.96,1.9,2024,Football-Data.co.uk,https://www.football-data.co.uk/mmz4281/2425/D1.csv,2.25,3.3,3.3,2.34,3.42,3.4,2.36,3.45,3.45,2.18,1.82,2.01,1.96,2.25,3.2,3.25,2.37,3.33,3.25,2.38,3.4,3.45,2.24,1.79,2.02,1.97,,,,,,,,,,,,,,,,,,,,,,,,,,,,,,
D1,15/03/2025,14:30,Augsburg,Wolfsburg,1,0,H,0.0,0.0,D,9.0,13.0,2.0,2.0,7.0,9.0,1.0,4.0,1.0,2.0,0.0,0.0,2.55,3.3,2.75,,,,,,,2.63,3.29,2.87,2.62,3.3,2.7,,,,2.69,3.4,2.89,2.6,3.29,2.81,2.0,1.8,2.09,1.8,2.11,1.85,2.05,1.78,0.0,1.88,2.02,1.87,2.04,1.92,2.04,1.86,1.99,2.4,3.25,3.0,,,,,,,2.48,3.28,3.13,2.45,3.2,3.0,,,,2.55,3.34,3.14,2.47,3.23,3.01,2.1,1.73,2.13,1.78,2.14,1.82,2.09,1.76,-0.25,2.11,1.82,2.13,1.82,2.14,1.84,2.1,1.78,2024,Football-Data.co.uk,https://www.football-data.co.uk/mmz4281/2425/D1.csv,2.6,3.25,2.88,2.69,3.4,2.86,2.7,3.35,2.98,2.12,1.84,1.9,2.09,2.4,3.0,2.9,2.54,3.34,2.96,2.56,3.3,3.2,2.16,1.83,2.19,1.83,,,,,,,,,,,,,,,,,,,,,,,,,,,,,,
D1,15/03/2025,14:30,Mainz,Freiburg,2,2,D,1.0,0.0,H,9.0,24.0,4.0,8.0,7.0,7.0,1.0,4.0,1.0,2.0,1.0,0.0,1.95,3.3,4.1,,,,,,,2.02,3.45,4.0,2.0,3.4,3.9,,,,2.06,3.52,4.1,2.01,3.42,3.91,2.1,1.73,2.14,1.76,2.17,1.8,2.1,1.75,-0.5,2.02,1.88,2.03,1.88,2.05,1.9,2.0,1.85,1.8,3.5,4.5,,,,,,,1.86,3.54,4.74,1.85,3.4,4.4,,,,1.9,3.63,4.83,1.84,3.52,4.54,2.07,1.83,2.08,1.84,2.08,1.91,2.0,1.84,-0.5,1.87,2.06,1.88,2.06,1.88,2.11,1.86,2.01,2024,Football-Data.co.uk,https://www.football-data.co.uk/mmz4281/2425/D1.csv,2.0,3.4,3.9,2.06,3.52,4.07,2.04,3.5,4.2,2.18,1.8,2.04,1.92,1.75,3.3,4.4,1.83,3.61,4.83,1.88,3.7,5.0,2.06,1.92,1.87,2.13,,,,,,,,,,,,,,,,,,,,,,,,,,,,,,
D1,15/03/2025,14:30,Union Berlin,Bayern Munich,1,1,D,0.0,0.0,D,7.0,18.0,3.0,4.0,13.0,8.0,2.0,14.0,1.0,2.0,0.0,0.0,8.5,5.0,1.36,,,,,,,9.0,5.36,1.35,7.5,5.0,1.36,,,,9.2,5.7,1.4,8.5,5.27,1.35,1.57,2.38,1.62,2.39,1.63,2.49,1.59,2.38,1.5,1.86,2.04,1.88,2.02,1.9,2.07,1.85,2.0,8.5,5.25,1.33,,,,,,,9.31,5.42,1.34,8.5,5.5,1.3,,,,10.0,5.7,1.36,9.24,5.43,1.33,1.57,2.38,1.59,2.48,1.61,2.56,1.56,2.45,1.5,1.93,2.0,1.93,1.99,1.99,2.0,1.93,1.93,2024,Football-Data.co.uk,https://www.football-data.co.uk/mmz4281/2425/D1.csv,9.0,5.5,1.33,7.95,5.7,1.4,9.6,5.6,1.38,1.64,2.48,1.9,2.04,9.5,5.5,1.29,9.12,5.41,1.36,11.5,6.0,1.33,1.62,2.6,2.0,1.96,,,,,,,,,,,,,,,,,,,,,,,,,,,,,,
D1,15/03/2025,14:30,Werder Bremen,M'gladbach,2,4,A,2.0,2.0,D,23.0,13.0,2.0,7.0,10.0,7.0,4.0,1.0,1.0,2.0,0.0,1.0,2.35,3.6,2.8,,,,,,,2.42,3.68,2.87,2.4,3.5,2.8,,,,2.46,3.79,2.9,2.4,3.61,2.83,1.57,2.38,1.62,2.4,1.66,2.45,1.59,2.37,-0.25,2.09,1.81,2.12,1.81,2.12,1.83,2.06,1.78,2.2,3.6,3.1,,,,,,,2.24,3.78,3.15,2.25,3.6,3.0,,,,2.34,3.8,3.3,2.24,3.66,3.09,1.57,2.38,1.62,2.42,1.62,2.51,1.57,2.43,-0.25,1.95,1.98,1.96,1.96,1.99,1.98,1.94,1.92,2024,Football-Data.co.uk,https://www.football-data.co.uk/mmz4281/2425/D1.csv,2.4,3.6,2.88,2.46,3.79,2.9,2.48,3.75,2.94,1.65,2.46,2.16,1.83,2.1,3.5,3.0,2.32,3.68,3.05,2.3,3.85,3.2,1.63,2.54,2.0,1.98,,,,,,,,,,,,,,,,,,,,,,,,,,,,,,
D1,15/03/2025,17:30,RB Leipzig,Dortmund,2,0,H,1.0,0.0,H,15.0,25.0,5.0,9.0,14.0,10.0,3.0,12.0,3.0,3.0,0.0,0.0,2.38,3.6,2.88,,,,,,,2.43,3.68,2.87,2.45,3.6,2.7,,,,2.47,3.79,2.95,2.41,3.63,2.82,1.62,2.3,1.61,2.4,1.64,2.47,1.59,2.4,-0.25,2.08,1.82,2.12,1.81,2.16,1.83,2.07,1.78,2.7,3.6,2.45,,,,,,,2.8,3.64,2.52,2.7,3.5,2.5,,,,2.83,3.7,2.61,2.72,3.58,2.52,1.67,2.2,1.68,2.31,1.68,2.35,1.64,2.29,0.0,2.08,1.85,2.07,1.87,2.11,1.89,2.03,1.85,2024,Football-Data.co.uk,https://www.football-data.co.uk/mmz4281/2425/D1.csv,2.4,3.6,2.88,2.47,3.79,2.88,2.48,3.75,3.0,1.63,2.46,2.15,1.85,2.63,3.4,2.5,2.66,3.69,2.61,2.86,3.7,2.6,1.7,2.42,2.09,1.89,,,,,,,,,,,,,,,,,,,,,,,,,,,,,,
D1,16/03/2025,14:30,Bochum,Ein Frankfurt,1,3,A,0.0,2.0,A,17.0,18.0,7.0,7.0,7.0,9.0,8.0,3.0,4.0,1.0,0.0,0.0,3.1,3.6,2.2,,,,,,,3.13,3.66,2.27,3.1,3.6,2.2,,,,3.2,3.83,2.3,3.09,3.6,2.24,1.67,2.2,1.71,2.23,1.75,2.25,1.69,2.17,0.25,1.91,1.99,1.93,1.98,1.94,2.0,1.89,1.91,2.63,3.6,2.5,,,,,,,2.73,3.54,2.64,2.7,3.5,2.5,,,,2.84,3.7,2.64,2.71,3.53,2.54,1.67,2.2,1.72,2.22,1.72,2.32,1.67,2.23,0.0,1.99,1.91,1.99,1.93,2.04,1.95,1.99,1.88,2024,Football-Data.co.uk,https://www.football-data.co.uk/mmz4281/2425/D1.csv,3.1,3.6,2.25,3.17,3.83,2.28,3.2,3.7,2.36,1.74,2.26,1.94,2.04,2.63,3.4,2.4,2.84,3.7,2.45,2.82,3.6,2.68,1.72,2.36,2.05,1.94,,,,,,,,,,,,,,,,,,,,,,,,,,,,,,
D1,16/03/2025,16:30,Heidenheim,Holstein Kiel,3,1,H,1.0,0.0,H,14.0,16.0,5.0,4.0,15.0,13.0,3.0,5.0,1.0,3.0,0.0,0.0,2.0,3.5,3.75,,,,,,,2.03,3.66,3.72,2.0,3.6,3.6,,,,2.06,3.73,3.83,2.02,3.59,3.64,1.8,2.0,1.82,2.06,1.85,2.1,1.8,2.03,-0.5,2.05,1.85,2.04,1.87,2.06,1.87,2.02,1.83,2.0,3.5,3.7,,,,,,,2.05,3.63,3.77,2.05,3.4,3.6,,,,2.1,3.64,3.95,2.04,3.54,3.66,1.73,2.1,1.79,2.12,1.82,2.21,1.76,2.09,-0.5,2.05,1.85,2.06,1.87,2.09,1.87,2.04,1.83,2024,Football-Data.co.uk,https://www.football-data.co.uk/mmz4281/2425/D1.csv,2.0,3.5,3.8,2.06,3.73,3.83,2.08,3.7,3.9,1.86,2.1,2.08,1.91,1.95,3.4,3.5,2.01,3.58,3.95,2.1,3.75,3.8,1.84,2.16,2.12,1.88,,,,,,,,,,,,,,,,,,,,,,,,,,,,,,
D1,16/03/2025,18:30,Stuttgart,Leverkusen,3,4,A,1.0,0.0,H,11.0,16.0,6.0,4.0,13.0,14.0,1.0,10.0,3.0,2.0,0.0,0.0,3.1,3.4,2.3,,,,,,,3.09,3.6,2.32,3.0,3.5,2.25,,,,3.14,3.73,2.35,3.03,3.54,2.29,1.67,2.2,1.7,2.24,1.73,2.3,1.67,2.23,0.25,1.89,2.01,1.89,2.02,1.9,2.02,1.85,1.95,3.3,3.3,2.2,,,,,,,3.34,3.45,2.28,3.2,3.4,2.2,,,,3.54,3.53,2.35,3.28,3.4,2.25,1.86,2.04,1.88,2.02,1.88,2.13,1.84,2.0,0.25,1.92,1.98,1.95,1.97,1.99,1.98,1.93,1.89,2024,Football-Data.co.uk,https://www.football-data.co.uk/mmz4281/2425/D1.csv,3.0,3.6,2.25,3.14,3.73,2.34,3.15,3.7,2.4,1.73,2.28,1.91,2.07,3.3,3.3,2.2,3.54,3.4,2.21,3.5,3.5,2.3,1.91,2.08,2.01,1.97,,,,,,,,,,,,,,,,,,,,,,,,,,,,,,
D1,28/03/2025,19:30,Leverkusen,Bochum,3,1,H,1.0,1.0,D,14.0,8.0,5.0,3.0,6.0,12.0,3.0,2.0,0.0,1.0,0.0,0.0,1.22,6.5,12.0,,,,,,,1.23,6.93,11.71,,,,,,,1.26,7.0,13.0,1.23,6.58,12.03,1.41,2.7,1.44,2.83,1.5,2.83,1.44,2.71,-1.75,1.84,2.06,1.84,2.06,1.84,2.08,1.81,2.0,1.22,6.5,12.0,,,,,,,1.23,7.02,12.77,,,,,,,1.25,7.02,13.0,1.22,6.72,12.4,1.44,2.75,1.46,2.78,1.46,2.9,1.44,2.8,-1.75,1.85,2.08,1.86,2.05,1.86,2.09,1.83,2.04,2024,Football-Data.co.uk,https://www.football-data.co.uk/mmz4281/2425/D1.csv,1.22,6.5,12.0,1.26,6.77,13.0,1.25,7.2,15.0,1.46,3.0,1.81,2.13,1.18,7.0,13.0,1.24,6.79,13.0,1.24,7.6,15.5,1.49,3.0,1.88,2.09,,,,,,,,,,,,,,,,,,,,,,,,,,,,,,
D1,29/03/2025,14:30,Bayern Munich,St Pauli,3,2,H,1.0,1.0,D,19.0,10.0,9.0,4.0,13.0,4.0,5.0,4.0,3.0,0.0,0.0,0.0,1.14,8.0,15.0,,,,,,,1.15,9.41,16.44,,,,,,,1.16,9.6,22.0,1.14,8.67,17.25,1.44,2.75,1.44,2.84,1.45,2.84,1.43,2.75,-2.25,2.04,1.86,2.04,1.85,2.05,1.86,2.01,1.82,1.13,9.5,19.0,,,,,,,1.12,9.5,26.0,,,,,,,1.14,10.5,29.0,1.12,9.26,22.65,1.33,3.4,1.35,3.33,1.4,3.4,1.34,3.21,-2.5,2.01,1.92,1.99,1.92,2.04,1.97,1.95,1.89,2024,Football-Data.co.uk,https://www.football-data.co.uk/mmz4281/2425/D1.csv,1.13,9.0,19.0,1.15,9.6,22.0,1.16,10.0,22.0,1.47,2.98,2.04,1.91,1.13,8.0,17.0,1.14,9.88,21.0,1.13,11.0,29.0,1.4,3.45,2.02,1.95,,,,,,,,,,,,,,,,,,,,,,,,,,,,,,
D1,29/03/2025,14:30,Hoffenheim,Augsburg,1,1,D,0.0,0.0,D,13.0,11.0,4.0,4.0,14.0,12.0,2.0,2.0,1.0,2.0,0.0,0.0,2.35,3.3,3.1,,,,,,,2.43,3.29,3.15,,,,,,,2.45,3.48,3.15,2.4,3.3,3.05,2.1,1.73,2.13,1.78,2.15,1.82,2.08,1.76,-0.25,2.06,1.84,2.08,1.83,2.08,1.86,2.03,1.8,2.3,3.4,3.0,,,,,,,2.36,3.43,3.19,,,,,,,2.48,3.5,3.19,2.37,3.36,3.05,1.92,1.98,1.93,1.98,2.0,2.01,1.91,1.92,-0.25,2.06,1.87,2.04,1.88,2.06,1.9,2.02,1.84,2024,Football-Data.co.uk,https://www.football-data.co.uk/mmz4281/2425/D1.csv,2.4,3.3,3.1,2.45,3.48,3.13,2.48,3.4,3.25,2.2,1.81,2.11,1.88,2.38,3.2,3.0,2.37,3.5,3.09,2.48,3.4,3.25,2.0,1.98,2.11,1.88,,,,,,,,,,,,,,,,,,,,,,,,,,,,,,
D1,29/03/2025,14:30,Holstein Kiel,Werder Bremen,0,3,A,0.0,1.0,A,11.0,14.0,0.0,7.0,13.0,8.0,3.0,4.0,4.0,1.0,0.0,0.0,3.2,3.9,2.05,,,,,,,3.42,3.85,2.08,,,,,,,3.45,3.98,2.15,3.32,3.8,2.07,1.62,2.3,1.63,2.37,1.67,2.4,1.61,2.33,0.25,2.06,1.84,2.09,1.82,2.09,1.84,2.03,1.77,3.0,3.7,2.2,,,,,,,3.18,3.74,2.24,,,,,,,3.28,3.77,2.26,3.11,3.72,2.19,1.62,2.3,1.68,2.32,1.68,2.34,1.63,2.29,0.25,1.95,1.98,1.96,1.96,1.98,1.99,1.94,1.88,2024,Football-Data.co.uk,https://www.football-data.co.uk/mmz4281/2425/D1.csv,3.4,3.8,2.1,3.45,3.98,2.11,3.5,4.0,2.12,1.65,2.46,2.13,1.85,3.1,3.75,2.1,3.28,3.76,2.18,3.3,3.8,2.3,1.7,2.4,1.98,1.99,,,,,,,,,,,,,,,,,,,,,,,,,,,,,,
D1,29/03/2025,14:30,M'gladbach,RB Leipzig,1,0,H,0.0,0.0,D,16.0,19.0,3.0,3.0,5.0,9.0,5.0,8.0,2.0,2.0,0.0,0.0,2.88,3.7,2.3,,,,,,,2.94,3.58,2.41,,,,,,,3.05,3.7,2.46,2.9,3.57,2.37,1.53,2.5,1.54,2.57,1.55,2.57,1.52,2.5,0.25,1.83,2.07,1.83,2.1,1.84,2.1,1.8,2.0,2.88,3.6,2.25,,,,,,,3.01,3.71,2.35,,,,,,,2.97,3.72,2.45,2.88,3.61,2.36,1.44,2.75,1.51,2.66,1.51,2.77,1.49,2.62,0.25,1.88,2.05,1.88,2.05,1.88,2.09,1.81,2.0,2024,Football-Data.co.uk,https://www.football-data.co.uk/mmz4281/2425/D1.csv,3.0,3.6,2.3,3.04,3.58,2.46,3.0,3.75,2.48,1.57,2.66,1.85,2.14,2.8,3.5,2.3,2.9,3.72,2.39,3.0,3.75,2.44,1.54,2.78,1.86,2.13,,,,,,,,,,,,,,,,,,,,,,,,,,,,,,
D1,29/03/2025,14:30,Wolfsburg,Heidenheim,0,1,A,0.0,1.0,A,11.0,11.0,2.0,4.0,8.0,10.0,4.0,5.0,2.0,4.0,0.0,0.0,1.67,3.75,5.0,,,,,,,1.66,4.12,5.22,,,,,,,1.7,4.2,5.45,1.66,4.02,5.04,1.73,2.1,1.76,2.13,1.81,2.21,1.73,2.11,-0.75,1.85,2.05,1.84,2.08,1.86,2.08,1.82,2.01,1.7,3.9,4.75,,,,,,,1.72,4.05,4.98,,,,,,,1.8,4.05,5.06,1.7,3.92,4.88,1.73,2.1,1.76,2.15,1.77,2.21,1.73,2.11,-0.75,1.93,2.0,1.93,2.0,1.94,2.02,1.89,1.96,2024,Football-Data.co.uk,https://www.football-data.co.uk/mmz4281/2425/D1.csv,1.67,4.0,5.0,1.69,4.17,5.45,1.7,4.2,5.6,1.86,2.14,1.88,2.08,1.62,3.9,5.0,1.72,3.99,5.06,1.74,4.1,5.3,1.82,2.18,1.94,2.04,,,,,,,,,,,,,,,,,,,,,,,,,,,,,,
D1,29/03/2025,17:30,Ein Frankfurt,Stuttgart,1,0,H,0.0,0.0,D,19.0,8.0,6.0,2.0,9.0,6.0,6.0,10.0,1.0,3.0,0.0,1.0,2.5,3.8,2.5,,,,,,,2.6,3.67,2.66,,,,,,,2.66,3.8,2.75,2.52,3.65,2.63,1.5,2.63,1.52,2.62,1.55,2.63,1.51,2.52,0.0,1.95,1.95,1.93,1.97,1.96,1.99,1.91,1.95,2.55,3.75,2.55,,,,,,,2.58,3.79,2.67,,,,,,,2.65,3.82,2.71,2.56,3.72,2.59,1.5,2.63,1.53,2.61,1.53,2.77,1.49,2.62,0.0,1.93,2.0,1.93,2.0,1.97,2.0,1.92,1.96,2024,Football-Data.co.uk,https://www.football-data.co.uk/mmz4281/2425/D1.csv,2.4,3.7,2.75,2.66,3.75,2.69,2.66,3.85,2.72,1.55,2.74,1.97,2.01,2.4,3.8,2.6,2.5,3.82,2.71,2.66,3.8,2.74,1.54,2.84,1.96,2.02,,,,,,,,,,,,,,,,,,,,,,,,,,,,,,
D1,30/03/2025,14:30,Freiburg,Union Berlin,1,2,A,1.0,1.0,D,9.0,10.0,3.0,6.0,8.0,11.0,3.0,3.0,3.0,4.0,0.0,0.0,2.0,3.5,3.7,,,,,,,2.02,3.43,4.05,,,,,,,2.06,3.54,4.05,2.0,3.43,3.89,2.1,1.73,2.15,1.76,2.18,1.8,2.1,1.74,-0.5,2.01,1.89,2.03,1.88,2.03,1.89,1.99,1.84,1.95,3.4,4.0,,,,,,,1.96,3.48,4.3,,,,,,,2.07,3.5,4.3,1.96,3.42,4.06,2.05,1.85,2.06,1.85,2.07,1.88,2.03,1.8,-0.5,1.99,1.94,1.97,1.95,2.08,1.95,1.97,1.9,2024,Football-Data.co.uk,https://www.football-data.co.uk/mmz4281/2425/D1.csv,2.0,3.4,3.9,2.06,3.54,4.04,2.04,3.5,4.3,2.2,1.78,2.04,1.92,1.87,3.2,4.0,2.0,3.49,4.1,2.0,3.55,4.5,2.1,1.89,2.04,1.95,,,,,,,,,,,,,,,,,,,,,,,,,,,,,,
D1,30/03/2025,16:30,Dortmund,Mainz,3,1,H,2.0,0.0,H,18.0,12.0,7.0,3.0,10.0,8.0,6.0,4.0,2.0,0.0,0.0,0.0,1.62,3.9,5.0,,,,,,,1.67,4.17,5.07,,,,,,,1.71,4.32,5.07,1.66,4.1,4.86,1.67,2.2,1.69,2.24,1.73,2.28,1.67,2.2,-0.75,1.86,2.04,1.85,2.06,1.86,2.06,1.83,2.0,1.62,4.1,4.75,,,,,,,1.67,4.24,5.02,,,,,,,1.71,4.3,5.2,1.66,4.12,4.92,1.73,2.1,1.75,2.17,1.75,2.45,1.68,2.2,-0.75,1.87,2.06,1.86,2.07,1.9,2.13,1.83,2.03,2024,Football-Data.co.uk,https://www.football-data.co.uk/mmz4281/2425/D1.csv,1.67,4.0,5.0,1.71,4.32,5.04,1.72,4.2,5.3,1.69,2.34,1.9,2.05,1.65,4.0,4.75,1.71,4.27,4.71,1.7,4.4,5.3,1.73,2.34,1.87,2.13,,,,,,,,,,,,,,,,,,,,,,,,,,,,,,
D1,04/04/2025,19:30,Augsburg,Bayern Munich,1,3,A,1.0,1.0,D,6.0,19.0,3.0,7.0,8.0,8.0,2.0,4.0,4.0,0.0,1.0,0.0,7.5,4.75,1.42,,,,,,,7.61,5.01,1.43,,,,,,,7.8,5.15,1.45,7.41,4.85,1.42,1.62,2.3,1.64,2.38,1.66,2.42,1.61,2.32,1.25,2.0,1.93,2.0,1.93,2.0,1.95,1.96,1.88,7.5,4.75,1.4,,,,,,,7.76,5.12,1.41,,,,,,,8.3,5.2,1.44,7.75,4.86,1.4,1.57,2.38,1.6,2.45,1.62,2.5,1.57,2.39,1.25,2.03,1.9,2.02,1.9,2.08,1.9,2.01,1.85,2024,Football-Data.co.uk,https://www.football-data.co.uk/mmz4281/2425/D1.csv,7.5,4.75,1.4,7.8,5.15,1.44,8.4,5.1,1.45,1.65,2.48,2.02,1.95,7.5,4.75,1.36,8.02,4.87,1.43,8.8,5.6,1.41,1.6,2.64,2.14,1.85,,,,,,,,,,,,,,,,,,,,,,,,,,,,,,
D1,05/04/2025,14:30,Bochum,Stuttgart,0,4,A,0.0,2.0,A,11.0,14.0,2.0,6.0,17.0,13.0,2.0,4.0,1.0,1.0,0.0,0.0,3.1,3.7,2.15,,,,,,,3.2,3.8,2.18,,,,,,,3.3,3.87,2.22,3.13,3.71,2.16,1.57,2.38,1.59,2.46,1.6,2.46,1.56,2.37,0.25,1.99,1.91,1.99,1.92,2.0,1.92,1.94,1.84,2.45,3.4,2.8,,,,,,,2.53,3.46,2.91,,,,,,,2.82,3.9,2.91,2.54,3.53,2.69,1.57,2.38,1.61,2.45,1.61,2.55,1.57,2.39,0.0,1.7,2.1,1.83,2.11,1.89,2.11,1.84,2.02,2024,Football-Data.co.uk,https://www.football-data.co.uk/mmz4281/2425/D1.csv,3.1,3.75,2.15,3.25,3.87,2.22,3.3,3.9,2.22,1.61,2.56,2.2,1.93,2.4,3.4,2.63,2.66,3.49,2.71,2.66,3.5,2.92,1.63,2.54,2.78,2.09,,,,,,,,,,,,,,,,,,,,,,,,,,,,,,
D1,05/04/2025,14:30,Freiburg,Dortmund,1,4,A,0.0,1.0,A,12.0,18.0,3.0,7.0,8.0,6.0,3.0,4.0,1.0,0.0,0.0,0.0,3.1,3.5,2.2,,,,,,,3.1,3.61,2.31,,,,,,,3.22,3.61,2.35,3.07,3.53,2.27,1.8,2.0,1.79,2.11,1.84,2.13,1.77,2.05,0.25,1.9,2.0,1.9,2.01,1.9,2.03,1.87,1.92,3.3,3.5,2.1,,,,,,,3.42,3.68,2.15,,,,,,,3.55,3.75,2.2,3.35,3.6,2.12,1.73,2.1,1.72,2.21,1.74,2.26,1.69,2.17,0.25,2.04,1.89,2.06,1.88,2.08,1.89,2.02,1.81,2024,Football-Data.co.uk,https://www.football-data.co.uk/mmz4281/2425/D1.csv,3.1,3.5,2.3,3.22,3.59,2.35,3.2,3.7,2.36,1.83,2.14,1.94,2.04,3.25,3.4,2.0,3.55,3.61,2.12,3.45,3.8,2.22,1.77,2.24,2.07,1.92,,,,,,,,,,,,,,,,,,,,,,,,,,,,,,
D1,05/04/2025,14:30,Heidenheim,Leverkusen,0,1,A,0.0,0.0,D,10.0,6.0,2.0,2.0,14.0,10.0,4.0,0.0,1.0,0.0,0.0,0.0,6.5,4.75,1.44,,,,,,,6.78,4.84,1.46,,,,,,,7.21,4.94,1.48,6.78,4.7,1.44,1.62,2.3,1.66,2.3,1.68,2.38,1.62,2.28,1.25,1.9,2.0,1.88,2.03,1.91,2.03,1.86,1.96,5.75,4.33,1.53,,,,,,,6.09,4.55,1.52,,,,,,,6.5,4.61,1.53,6.15,4.42,1.51,1.73,2.1,1.72,2.23,1.82,2.25,1.7,2.16,1.0,2.0,1.93,2.05,1.88,2.06,1.93,2.0,1.86,2024,Football-Data.co.uk,https://www.football-data.co.uk/mmz4281/2425/D1.csv,7.0,4.6,1.44,7.21,4.94,1.48,7.4,5.0,1.49,1.67,2.42,1.92,2.02,6.0,4.33,1.44,6.4,4.61,1.52,6.8,4.9,1.54,1.77,2.26,2.1,1.89,,,,,,,,,,,,,,,,,,,,,,,,,,,,,,
D1,05/04/2025,14:30,Mainz,Holstein Kiel,1,1,D,0.0,1.0,A,13.0,10.0,3.0,5.0,12.0,8.0,4.0,4.0,4.0,4.0,0.0,0.0,1.45,4.5,7.0,,,,,,,1.43,5.01,7.05,,,,,,,1.47,5.01,7.4,1.44,4.72,6.92,1.67,2.2,1.64,2.35,1.69,2.4,1.62,2.28,-1.25,2.0,1.9,1.98,1.93,2.0,1.93,1.95,1.87,1.42,4.5,7.5,,,,,,,1.44,5.07,7.16,,,,,,,1.45,5.07,8.03,1.42,4.81,7.16,1.53,2.5,1.55,2.51,1.56,2.72,1.52,2.52,-1.25,1.94,1.99,1.95,1.97,1.95,2.01,1.9,1.95,2024,Football-Data.co.uk,https://www.football-data.co.uk/mmz4281/2425/D1.csv,1.44,4.6,7.0,1.47,4.99,7.4,1.48,4.9,8.0,1.66,2.4,2.02,1.93,1.36,4.5,6.5,1.45,4.63,8.03,1.46,5.2,8.0,1.57,2.7,1.97,1.99,,,,,,,,,,,,,,,,,,,,,,,,,,,,,,
D1,05/04/2025,14:30,RB Leipzig,Hoffenheim,3,1,H,2.0,1.0,H,16.0,9.0,5.0,5.0,10.0,12.0,8.0,2.0,0.0,3.0,0.0,1.0,1.55,4.2,5.5,,,,,,,1.58,4.55,5.43,,,,,,,1.58,4.79,6.0,1.54,4.53,5.57,1.53,2.5,1.54,2.58,1.55,2.58,1.52,2.48,-1.0,1.93,1.97,1.96,1.94,1.96,1.98,1.9,1.93,1.7,4.0,4.5,,,,,,,1.72,4.29,4.65,,,,,,,1.72,4.5,5.1,1.67,4.24,4.72,1.5,2.63,1.5,2.7,1.5,2.78,1.48,2.65,-0.75,1.91,2.02,1.85,2.02,1.92,2.04,1.85,2.0,2024,Football-Data.co.uk,https://www.football-data.co.uk/mmz4281/2425/D1.csv,1.5,4.6,6.0,1.58,4.79,5.76,1.56,4.7,6.6,1.57,2.66,1.88,2.08,1.55,4.2,5.0,1.69,4.11,5.09,1.7,4.4,5.2,1.53,2.84,1.88,2.12,,,,,,,,,,,,,,,,,,,,,,,,,,,,,,
D1,05/04/2025,17:30,Werder Bremen,Ein Frankfurt,2,0,H,1.0,0.0,H,12.0,9.0,4.0,0.0,8.0,15.0,5.0,6.0,3.0,3.0,0.0,0.0,2.63,3.5,2.5,,,,,,,2.65,3.73,2.58,,,,,,,2.8,3.95,2.58,2.64,3.67,2.51,1.57,2.38,1.56,2.53,1.57,2.55,1.53,2.44,0.0,1.99,1.91,1.98,1.93,2.02,1.93,1.97,1.89,2.25,3.6,2.88,,,,,,,2.34,3.71,3.03,,,,,,,2.43,3.74,3.1,2.33,3.63,2.91,1.5,2.63,1.54,2.59,1.56,2.63,1.52,2.51,-0.25,2.04,1.89,2.04,1.88,2.08,1.89,2.02,1.84,2024,Football-Data.co.uk,https://www.football-data.co.uk/mmz4281/2425/D1.csv,2.7,3.75,2.5,2.7,3.95,2.55,2.8,3.85,2.58,1.58,2.66,2.07,1.9,2.25,3.6,2.88,2.43,3.74,2.84,2.4,3.7,3.1,1.57,2.66,2.07,1.91,,,,,,,,,,,,,,,,,,,,,,,,,,,,,,
D1,06/04/2025,14:30,St Pauli,M'gladbach,1,1,D,0.0,1.0,A,26.0,5.0,9.0,3.0,6.0,13.0,11.0,2.0,0.0,2.0,0.0,0.0,2.5,3.3,2.75,,,,,,,2.52,3.45,2.89,,,,,,,2.55,3.67,2.9,2.49,3.4,2.8,1.88,2.02,1.86,2.03,1.9,2.05,1.84,1.97,0.0,1.82,2.08,1.83,2.1,1.86,2.1,1.82,2.05,2.2,3.5,3.2,,,,,,,2.3,3.61,3.16,,,,,,,2.4,3.61,3.24,2.29,3.49,3.11,1.8,2.0,1.82,2.08,1.89,2.11,1.81,2.01,-0.25,1.98,1.95,2.0,1.93,2.0,1.95,1.97,1.89,2024,Football-Data.co.uk,https://www.football-data.co.uk/mmz4281/2425/D1.csv,2.45,3.4,2.88,2.53,3.67,2.87,2.6,3.55,2.96,1.89,2.02,1.86,2.12,2.25,3.4,3.0,2.31,3.57,3.14,2.36,3.65,3.2,1.96,2.02,2.04,1.94,,,,,,,,,,,,,,,,,,,,,,,,,,,,,,
D1,06/04/2025,16:30,Union Berlin,Wolfsburg,1,0,H,0.0,0.0,D,13.0,12.0,3.0,3.0,13.0,14.0,6.0,4.0,0.0,1.0,0.0,0.0,2.45,3.3,2.88,,,,,,,2.49,3.32,3.02,,,,,,,2.51,3.52,3.02,2.45,3.31,2.92,2.05,1.85,2.05,1.85,2.07,1.88,2.01,1.81,-0.25,2.08,1.73,2.14,1.79,2.14,1.8,2.07,1.76,2.25,3.4,3.2,,,,,,,2.31,3.4,3.33,,,,,,,2.38,3.45,3.41,2.3,3.36,3.2,1.99,1.91,2.01,1.9,2.05,1.92,1.97,1.85,-0.25,2.0,1.93,1.99,1.93,2.0,1.95,1.96,1.89,2024,Football-Data.co.uk,https://www.football-data.co.uk/mmz4281/2425/D1.csv,2.4,3.3,3.0,2.51,3.52,3.0,2.5,3.4,3.15,2.1,1.88,2.13,1.86,2.38,3.2,3.0,2.36,3.4,3.38,2.36,3.5,3.4,2.02,1.97,2.03,1.94,,,,,,,,,,,,,,,,,,,,,,,,,,,,,,
D1,11/04/2025,19:30,Wolfsburg,RB Leipzig,2,3,A,0.0,2.0,A,17.0,16.0,6.0,5.0,14.0,13.0,8.0,5.0,2.0,3.0,0.0,0.0,2.88,3.75,2.3,,,,,,,3.0,3.71,2.36,,,,,,,3.0,3.93,2.4,2.9,3.7,2.32,1.57,2.38,1.59,2.47,1.64,2.51,1.57,2.41,0.25,1.86,2.07,1.87,2.06,1.87,2.07,1.84,1.97,2.7,3.7,2.45,,,,,,,2.75,3.75,2.51,,,,,,,2.86,3.76,2.51,2.75,3.68,2.41,1.53,2.5,1.55,2.57,1.58,2.58,1.53,2.48,0.0,2.05,1.88,2.06,1.88,2.11,1.88,2.07,1.83,2024,Football-Data.co.uk,https://www.football-data.co.uk/mmz4281/2425/D1.csv,2.88,3.6,2.4,2.99,3.93,2.35,3.0,3.85,2.4,1.64,2.56,1.89,2.08,2.8,3.5,2.2,2.86,3.76,2.41,2.9,3.75,2.54,1.6,2.64,2.14,1.86,,,,,,,,,,,,,,,,,,,,,,,,,,,,,,
D1,12/04/2025,14:30,Bochum,Augsburg,1,2,A,0.0,1.0,A,25.0,12.0,9.0,5.0,14.0,9.0,7.0,6.0,2.0,1.0,0.0,1.0,2.5,3.4,2.8,,,,,,,2.5,3.35,3.0,,,,,,,2.51,3.55,3.0,2.46,3.34,2.9,2.02,1.88,2.02,1.87,2.05,1.9,1.99,1.84,0.0,1.82,2.08,1.78,2.14,1.82,2.16,1.78,2.1,2.3,3.4,3.1,,,,,,,2.37,3.35,3.26,,,,,,,2.42,3.47,3.26,2.38,3.3,3.08,2.1,1.73,2.13,1.79,2.2,1.8,2.1,1.75,-0.25,2.05,1.88,2.04,1.89,2.07,1.89,2.02,1.84,2024,Football-Data.co.uk,https://www.football-data.co.uk/mmz4281/2425/D1.csv,2.45,3.3,2.9,2.51,3.55,2.98,2.54,3.45,3.1,2.06,1.89,1.8,2.21,2.4,3.2,3.0,2.42,3.47,3.04,2.46,3.4,3.25,2.2,1.82,2.11,1.89,,,,,,,,,,,,,,,,,,,,,,,,,,,,,,
D1,12/04/2025,14:30,Hoffenheim,Mainz,2,0,H,2.0,0.0,H,8.0,14.0,5.0,1.0,18.0,11.0,4.0,7.0,4.0,2.0,0.0,1.0,2.7,3.5,2.55,,,,,,,2.69,3.5,2.66,,,,,,,2.76,3.56,2.69,2.66,3.46,2.59,1.73,2.1,1.76,2.16,1.8,2.18,1.74,2.1,0.0,1.99,1.91,1.96,1.94,2.0,1.94,1.96,1.9,2.4,3.5,2.9,,,,,,,2.46,3.48,3.0,,,,,,,2.58,3.6,3.0,2.45,3.44,2.87,1.8,2.0,1.81,2.1,1.82,2.16,1.77,2.07,-0.25,2.1,1.83,2.14,1.82,2.14,1.83,2.09,1.78,2024,Football-Data.co.uk,https://www.football-data.co.uk/mmz4281/2425/D1.csv,2.75,3.4,2.55,2.76,3.56,2.69,2.78,3.65,2.72,1.8,2.2,2.01,1.97,2.5,3.25,2.75,2.52,3.55,2.83,2.56,3.55,3.0,1.83,2.18,2.19,1.83,,,,,,,,,,,,,,,,,,,,,,,,,,,,,,
D1,12/04/2025,14:30,Holstein Kiel,St Pauli,1,2,A,1.0,1.0,D,6.0,14.0,2.0,6.0,15.0,11.0,3.0,3.0,3.0,4.0,0.0,0.0,3.25,3.3,2.25,,,,,,,3.28,3.42,2.29,,,,,,,3.31,3.6,2.38,3.16,3.37,2.29,2.0,1.9,1.98,1.91,2.01,1.93,1.95,1.87,0.25,1.93,1.97,1.93,1.98,1.93,2.0,1.87,1.91,3.3,3.4,2.15,,,,,,,3.59,3.5,2.16,,,,,,,3.66,3.6,2.23,3.44,3.42,2.14,1.92,1.98,1.91,1.99,1.92,2.02,1.88,1.94,0.25,2.04,1.89,2.07,1.87,2.09,1.92,2.01,1.82,2024,Football-Data.co.uk,https://www.football-data.co.uk/mmz4281/2425/D1.csv,3.1,3.4,2.3,3.31,3.6,2.3,3.35,3.5,2.36,2.02,1.96,1.95,2.02,3.6,3.25,1.95,3.66,3.51,2.12,3.65,3.55,2.24,1.97,2.0,2.07,1.93,,,,,,,,,,,,,,,,,,,,,,,,,,,,,,
D1,12/04/2025,14:30,Leverkusen,Union Berlin,0,0,D,0.0,0.0,D,16.0,7.0,3.0,3.0,10.0,13.0,7.0,3.0,2.0,1.0,0.0,0.0,1.33,4.75,9.5,,,,,,,1.34,5.61,8.99,,,,,,,1.37,5.61,9.55,1.33,5.32,8.99,1.62,2.3,1.63,2.36,1.67,2.4,1.61,2.31,-1.5,2.01,1.89,1.99,1.92,2.03,1.92,1.96,1.87,1.38,4.75,7.5,,,,,,,1.38,5.12,8.87,,,,,,,1.41,5.3,9.0,1.36,5.0,8.34,1.73,2.1,1.76,2.16,1.76,2.25,1.71,2.15,-1.25,1.91,2.02,1.9,2.03,1.91,2.08,1.84,2.02,2024,Football-Data.co.uk,https://www.football-data.co.uk/mmz4281/2425/D1.csv,1.33,5.5,9.5,1.37,5.58,9.55,1.36,5.7,10.5,1.62,2.48,2.0,1.94,1.25,5.0,9.0,1.41,5.01,8.25,1.4,5.3,9.8,1.79,2.24,1.88,2.09,,,,,,,,,,,,,,,,,,,,,,,,,,,,,,
D1,12/04/2025,14:30,M'gladbach,Freiburg,1,2,A,1.0,1.0,D,10.0,19.0,1.0,7.0,4.0,11.0,4.0,6.0,0.0,1.0,0.0,0.0,2.15,3.6,3.25,,,,,,,2.19,3.71,3.26,,,,,,,2.26,3.75,3.3,2.18,3.65,3.15,1.67,2.2,1.67,2.3,1.72,2.31,1.66,2.23,-0.25,1.91,1.99,1.91,1.99,1.91,1.99,1.88,1.93,2.25,3.7,3.0,,,,,,,2.29,3.8,3.06,,,,,,,2.35,3.8,3.18,2.26,3.67,3.0,1.53,2.5,1.57,2.52,1.58,2.56,1.56,2.43,-0.25,2.02,1.91,2.0,1.92,2.02,1.95,1.97,1.89,2024,Football-Data.co.uk,https://www.football-data.co.uk/mmz4281/2425/D1.csv,2.15,3.6,3.25,2.26,3.73,3.3,2.24,3.8,3.35,1.69,2.34,1.94,2.02,2.15,3.4,3.0,2.22,3.76,3.18,2.36,3.8,3.15,1.6,2.62,2.04,1.94,,,,,,,,,,,,,,,,,,,,,,,,,,,,,,
D1,12/04/2025,17:30,Bayern Munich,Dortmund,2,2,D,0.0,0.0,D,28.0,11.0,11.0,3.0,8.0,5.0,6.0,5.0,0.0,0.0,0.0,0.0,1.44,5.25,6.0,,,,,,,1.43,5.36,6.51,,,,,,,1.47,5.5,6.69,1.43,5.2,6.4,1.4,3.0,1.4,3.04,1.4,3.2,1.38,2.99,-1.25,1.9,2.0,1.91,2.0,1.91,2.01,1.87,1.96,1.45,5.25,5.75,,,,,,,1.44,5.35,6.6,,,,,,,1.47,5.5,6.6,1.45,5.22,6.02,1.33,3.4,1.35,3.36,1.35,3.58,1.33,3.31,-1.25,1.93,2.0,1.93,1.99,1.95,2.02,1.9,1.96,2024,Football-Data.co.uk,https://www.football-data.co.uk/mmz4281/2425/D1.csv,1.4,5.0,6.5,1.47,5.35,6.69,1.46,5.7,7.0,1.42,3.2,1.93,2.01,1.44,4.6,5.0,1.47,5.37,6.12,1.46,5.5,7.0,1.37,3.6,1.92,2.04,,,,,,,,,,,,,,,,,,,,,,,,,,,,,,
D1,13/04/2025,14:30,Stuttgart,Werder Bremen,1,2,A,1.0,1.0,D,12.0,14.0,4.0,5.0,12.0,13.0,3.0,4.0,3.0,2.0,1.0,0.0,1.65,4.33,4.5,,,,,,,1.67,4.62,4.53,,,,,,,1.69,4.63,5.0,1.64,4.45,4.57,1.44,2.75,1.47,2.75,1.47,2.8,1.44,2.7,-0.75,1.83,2.07,1.84,2.08,1.84,2.09,1.79,2.04,1.73,4.2,4.1,,,,,,,1.75,4.31,4.44,,,,,,,1.78,4.35,4.6,1.73,4.25,4.26,1.5,2.63,1.51,2.67,1.51,2.74,1.48,2.65,-0.75,1.95,1.98,1.94,1.98,1.96,1.99,1.91,1.94,2024,Football-Data.co.uk,https://www.football-data.co.uk/mmz4281/2425/D1.csv,1.62,4.5,5.0,1.69,4.63,4.84,1.7,4.6,4.9,1.49,2.84,1.88,2.11,1.62,4.2,4.6,1.75,4.32,4.4,1.77,4.3,4.7,1.52,2.88,1.96,2.02,,,,,,,,,,,,,,,,,,,,,,,,,,,,,,
D1,13/04/2025,16:30,Ein Frankfurt,Heidenheim,3,0,H,2.0,0.0,H,19.0,14.0,8.0,3.0,6.0,7.0,5.0,3.0,1.0,1.0,0.0,0.0,1.73,4.2,4.2,,,,,,,1.75,4.18,4.43,,,,,,,1.77,4.22,4.68,1.72,4.08,4.41,1.67,2.2,1.69,2.25,1.72,2.3,1.65,2.23,-0.75,1.97,1.93,1.96,1.94,1.97,1.96,1.9,1.91,1.73,4.2,4.2,,,,,,,1.76,4.06,4.62,,,,,,,1.78,4.3,4.62,1.74,4.04,4.39,1.67,2.2,1.68,2.29,1.68,2.32,1.65,2.25,-0.75,1.99,1.94,1.98,1.94,2.0,1.97,1.94,1.92,2024,Football-Data.co.uk,https://www.football-data.co.uk/mmz4281/2425/D1.csv,1.7,4.2,4.6,1.77,4.22,4.68,1.79,4.2,4.7,1.72,2.3,2.01,1.96,1.75,3.9,4.2,1.74,4.3,4.48,1.81,4.1,4.8,1.73,2.34,1.99,1.99,,,,,,,,,,,,,,,,,,,,,,,,,,,,,,
D1,19/04/2025,14:30,Freiburg,Hoffenheim,3,2,H,2.0,2.0,D,12.0,19.0,6.0,6.0,14.0,13.0,2.0,6.0,3.0,2.0,0.0,0.0,1.91,3.7,3.75,,,,,,,1.96,3.75,3.85,,,,,,,1.98,3.97,3.97,1.94,3.72,3.76,1.73,2.1,1.78,2.13,1.8,2.18,1.74,2.1,-0.5,1.97,1.93,1.97,1.93,1.98,1.93,1.94,1.89,1.91,3.75,3.8,,,,,,,1.94,3.8,4.0,,,,,,,1.95,3.88,4.04,1.91,3.76,3.87,1.73,2.1,1.72,2.21,1.75,2.25,1.7,2.16,-0.5,1.98,1.95,1.95,1.97,1.98,2.0,1.92,1.94,2024,Football-Data.co.uk,https://www.football-data.co.uk/mmz4281/2425/D1.csv,1.95,3.75,3.8,1.96,3.97,3.97,1.98,3.9,4.0,1.8,2.16,1.98,2.0,1.85,3.75,3.9,1.9,3.88,4.04,1.98,3.9,4.1,1.77,2.26,1.98,2.01,,,,,,,,,,,,,,,,,,,,,,,,,,,,,,
D1,19/04/2025,14:30,Heidenheim,Bayern Munich,0,4,A,0.0,3.0,A,4.0,18.0,1.0,11.0,8.0,11.0,4.0,4.0,3.0,1.0,0.0,0.0,9.0,6.0,1.29,,,,,,,9.06,6.38,1.29,,,,,,,10.5,6.5,1.31,9.41,6.18,1.28,1.4,3.0,1.39,3.06,1.4,3.1,1.38,2.98,1.75,1.89,2.01,1.88,2.01,1.9,2.01,1.87,1.95,10.0,6.0,1.27,,,,,,,9.59,6.57,1.27,,,,,,,11.0,6.75,1.3,9.71,6.36,1.27,1.29,3.75,1.32,3.48,1.32,3.85,1.3,3.53,1.75,2.05,1.88,2.03,1.88,2.06,1.92,2.0,1.86,2024,Football-Data.co.uk,https://www.football-data.co.uk/mmz4281/2425/D1.csv,10.5,6.0,1.25,10.3,6.49,1.31,10.0,6.8,1.31,1.42,3.15,1.88,1.98,10.0,6.0,1.25,10.7,6.16,1.29,11.5,6.6,1.3,1.35,3.75,2.05,1.93,,,,,,,,,,,,,,,,,,,,,,,,,,,,,,
D1,19/04/2025,14:30,Mainz,Wolfsburg,2,2,D,2.0,1.0,H,18.0,16.0,7.0,4.0,15.0,8.0,7.0,5.0,2.0,3.0,0.0,0.0,2.0,3.6,3.6,,,,,,,2.05,3.72,3.6,,,,,,,2.06,3.83,3.75,2.02,3.65,3.53,1.8,2.0,1.83,2.06,1.86,2.1,1.79,2.02,-0.5,2.06,1.84,2.06,1.85,2.06,1.85,2.03,1.81,1.95,3.75,3.6,,,,,,,2.03,3.73,3.73,,,,,,,2.06,3.8,3.73,2.02,3.67,3.58,1.73,2.1,1.74,2.2,1.77,2.28,1.71,2.14,-0.5,2.03,1.9,2.04,1.89,2.06,1.9,2.02,1.84,2024,Football-Data.co.uk,https://www.football-data.co.uk/mmz4281/2425/D1.csv,2.0,3.6,3.75,2.06,3.83,3.73,2.12,3.75,3.6,1.83,2.16,2.12,1.84,2.0,3.6,3.5,2.01,3.79,3.73,2.08,3.8,3.8,1.79,2.22,2.1,1.9,,,,,,,,,,,,,,,,,,,,,,,,,,,,,,
D1,19/04/2025,14:30,RB Leipzig,Holstein Kiel,1,1,D,0.0,1.0,A,10.0,13.0,4.0,3.0,5.0,9.0,9.0,7.0,1.0,2.0,0.0,0.0,1.33,5.75,7.5,,,,,,,1.31,6.22,8.55,,,,,,,1.34,6.22,9.5,1.31,5.89,8.51,1.4,3.0,1.41,3.0,1.42,3.0,1.39,2.9,-1.5,1.88,2.02,1.88,2.03,1.92,2.03,1.86,1.97,1.48,4.75,6.25,,,,,,,1.48,5.21,6.11,,,,,,,1.48,5.3,6.92,1.45,4.99,6.23,1.44,2.75,1.43,2.96,1.48,2.96,1.42,2.84,-1.25,2.03,1.9,2.04,1.89,2.04,1.99,1.96,1.9,2024,Football-Data.co.uk,https://www.football-data.co.uk/mmz4281/2425/D1.csv,1.3,6.0,9.0,1.34,6.21,9.15,1.34,6.4,9.4,1.44,3.1,,,1.4,5.0,6.0,1.47,4.86,6.92,1.48,5.3,7.0,1.46,3.1,2.0,1.96,,,,,,,,,,,,,,,,,,,,,,,,,,,,,,
D1,19/04/2025,14:30,Werder Bremen,Bochum,1,0,H,0.0,0.0,D,14.0,12.0,4.0,1.0,9.0,20.0,2.0,7.0,3.0,3.0,0.0,1.0,1.73,4.1,4.33,,,,,,,1.74,4.19,4.49,,,,,,,1.77,4.27,4.63,1.73,4.11,4.35,1.57,2.38,1.57,2.5,1.64,2.5,1.56,2.43,-0.75,1.95,1.95,1.94,1.96,1.96,1.97,1.91,1.91,1.6,4.5,4.75,,,,,,,1.63,4.48,5.12,,,,,,,1.64,4.62,5.5,1.59,4.44,5.1,1.5,2.63,1.55,2.58,1.55,2.63,1.52,2.54,-1.0,2.04,1.89,2.05,1.88,2.05,1.95,1.98,1.87,2024,Football-Data.co.uk,https://www.football-data.co.uk/mmz4281/2425/D1.csv,1.7,4.1,4.5,1.77,4.27,4.63,1.78,4.4,4.5,1.61,2.52,1.97,1.93,1.5,4.33,5.5,1.59,4.62,5.35,1.64,4.6,5.5,1.59,2.68,2.02,1.96,,,,,,,,,,,,,,,,,,,,,,,,,,,,,,
D1,19/04/2025,17:30,Union Berlin,Stuttgart,4,4,D,4.0,4.0,D,12.0,13.0,5.0,6.0,8.0,9.0,3.0,5.0,0.0,2.0,0.0,0.0,2.8,3.4,2.45,,,,,,,2.87,3.43,2.54,,,,,,,2.97,3.54,2.55,2.83,3.4,2.48,1.8,2.0,1.82,2.07,1.84,2.13,1.78,2.05,0.0,2.08,1.82,2.08,1.84,2.13,1.84,2.07,1.8,3.0,3.4,2.25,,,,,,,3.2,3.5,2.32,,,,,,,3.25,3.55,2.47,3.07,3.44,2.29,1.8,2.0,1.82,2.09,1.82,2.12,1.79,2.05,0.25,1.92,2.01,1.92,2.01,1.95,2.02,1.87,1.94,2024,Football-Data.co.uk,https://www.football-data.co.uk/mmz4281/2425/D1.csv,2.88,3.4,2.45,2.97,3.54,2.52,2.98,3.55,2.58,1.83,2.1,2.14,1.86,2.9,3.3,2.2,3.25,3.53,2.27,3.25,3.6,2.38,1.85,2.16,1.94,2.04,,,,,,,,,,,,,,,,,,,,,,,,,,,,,,
D1,20/04/2025,14:30,Augsburg,Ein Frankfurt,0,0,D,0.0,0.0,D,13.0,8.0,2.0,5.0,6.0,8.0,3.0,9.0,2.0,1.0,0.0,0.0,2.55,3.3,2.75,,,,,,,2.63,3.44,2.77,,,,,,,2.69,3.48,2.81,2.58,3.36,2.72,1.92,1.98,1.91,1.98,1.95,1.99,1.88,1.93,0.0,1.89,2.01,1.9,2.0,1.93,2.01,1.88,1.98,2.55,3.4,2.7,,,,,,,2.62,3.46,2.8,,,,,,,2.72,3.5,2.8,2.58,3.39,2.73,1.8,2.0,1.85,2.06,1.85,2.12,1.8,2.03,0.0,1.9,2.03,1.89,2.03,1.92,2.05,1.88,2.0,2024,Football-Data.co.uk,https://www.football-data.co.uk/mmz4281/2425/D1.csv,2.6,3.3,2.8,2.69,3.48,2.81,2.62,3.5,2.9,1.85,1.86,1.89,2.08,2.45,3.2,2.63,2.72,3.49,2.66,2.68,3.55,2.88,1.86,2.14,1.92,2.06,,,,,,,,,,,,,,,,,,,,,,,,,,,,,,
D1,20/04/2025,16:30,Dortmund,M'gladbach,3,2,H,3.0,1.0,H,14.0,6.0,6.0,3.0,13.0,10.0,6.0,2.0,1.0,2.0,0.0,0.0,1.42,5.25,6.5,,,,,,,1.43,5.46,6.47,,,,,,,1.45,5.5,7.5,1.41,5.25,6.6,1.36,3.2,1.37,3.19,1.38,3.2,1.36,3.07,-1.25,1.87,2.03,1.88,2.02,1.88,2.03,1.84,1.99,1.36,5.75,6.5,,,,,,,1.37,5.91,7.62,,,,,,,1.4,5.95,7.62,1.36,5.65,7.12,1.29,3.75,1.33,3.5,1.33,3.95,1.28,3.62,-1.5,1.93,2.0,1.93,2.0,1.94,2.01,1.91,1.93,2024,Football-Data.co.uk,https://www.football-data.co.uk/mmz4281/2425/D1.csv,1.36,5.0,7.5,1.45,5.45,6.99,1.43,5.6,6.8,1.35,2.96,1.79,1.94,1.3,5.0,6.5,1.4,5.95,6.72,1.4,5.9,8.2,1.33,3.9,1.95,2.03,,,,,,,,,,,,,,,,,,,,,,,,,,,,,,
D1,20/04/2025,18:30,St Pauli,Leverkusen,1,1,D,0.0,1.0,A,10.0,6.0,5.0,4.0,12.0,12.0,4.0,4.0,1.0,4.0,0.0,0.0,5.25,3.8,1.67,,,,,,,5.42,3.93,1.67,,,,,,,5.5,4.0,1.72,5.15,3.85,1.67,2.03,1.87,2.03,1.86,2.05,1.9,1.97,1.84,0.75,2.01,1.89,2.03,1.88,2.03,1.89,1.98,1.84,4.75,3.8,1.7,,,,,,,5.08,3.93,1.72,,,,,,,5.2,4.0,1.73,4.96,3.88,1.7,1.88,2.02,1.9,2.01,1.91,2.05,1.86,1.96,0.75,1.99,1.94,1.98,1.94,1.99,1.96,1.96,1.89,2024,Football-Data.co.uk,https://www.football-data.co.uk/mmz4281/2425/D1.csv,5.0,3.8,1.7,5.5,3.97,1.72,4.7,3.95,1.62,1.93,1.79,2.0,1.79,4.75,3.6,1.67,5.1,3.91,1.73,5.3,4.0,1.77,1.96,2.02,2.0,1.96,,,,,,,,,,,,,,,,,,,,,,,,,,,,,,
D1,25/04/2025,19:30,Stuttgart,Heidenheim,0,1,A,0.0,0.0,D,19.0,6.0,3.0,2.0,14.0,16.0,6.0,5.0,0.0,4.0,0.0,0.0,1.48,5.0,5.75,,,,,,,1.51,4.97,5.99,,,,,,,1.53,5.1,6.12,1.49,4.9,5.87,1.44,2.75,1.49,2.75,1.49,2.78,1.45,2.7,-1.25,2.05,1.85,2.07,1.87,2.07,1.87,2.01,1.83,1.45,4.75,6.0,,,,,,,1.51,4.86,6.06,,,,,,,1.54,5.1,6.65,1.46,4.88,6.19,1.5,2.63,1.5,2.71,1.5,2.85,1.47,2.7,-1.25,2.02,1.88,2.08,1.85,2.08,1.99,1.96,1.89,2024,Football-Data.co.uk,https://www.football-data.co.uk/mmz4281/2425/D1.csv,1.47,5.0,6.0,1.53,4.99,6.12,1.54,5.1,6.4,1.51,2.9,2.08,1.9,1.4,4.6,5.5,1.46,5.1,6.65,1.51,5.2,6.6,1.53,2.84,2.06,1.93,,,,,,,,,,,,,,,,,,,,,,,,,,,,,,
D1,26/04/2025,14:30,Bayern Munich,Mainz,3,0,H,2.0,0.0,H,14.0,8.0,6.0,3.0,13.0,17.0,4.0,4.0,2.0,2.0,0.0,0.0,1.22,7.0,11.0,,,,,,,1.22,7.3,11.15,,,,,,,1.25,7.5,13.0,1.22,7.12,11.36,1.33,3.4,1.34,3.34,1.34,3.4,1.32,3.29,-2.0,2.02,1.88,2.01,1.88,2.03,1.9,1.97,1.86,1.25,7.0,9.5,,,,,,,1.24,7.26,11.09,,,,,,,1.27,7.5,12.0,1.23,7.02,10.41,1.25,4.0,1.33,3.36,1.33,4.17,1.26,3.84,-2.0,2.03,1.87,2.03,1.88,2.03,1.94,1.97,1.87,2024,Football-Data.co.uk,https://www.football-data.co.uk/mmz4281/2425/D1.csv,1.2,7.5,13.0,1.25,7.36,12.2,1.24,7.8,14.0,1.36,3.55,2.01,1.91,1.18,7.0,12.0,1.27,7.12,9.66,1.25,8.0,12.0,1.29,4.3,2.0,1.94,,,,,,,,,,,,,,,,,,,,,,,,,,,,,,
D1,26/04/2025,14:30,Hoffenheim,Dortmund,2,3,A,0.0,1.0,A,11.0,16.0,3.0,8.0,17.0,9.0,2.0,5.0,5.0,1.0,0.0,0.0,4.1,4.33,1.73,,,,,,,4.3,4.37,1.74,,,,,,,4.43,4.46,1.78,4.15,4.3,1.73,1.44,2.75,1.44,2.86,1.45,2.88,1.42,2.78,0.75,1.97,1.93,1.97,1.93,1.98,1.93,1.92,1.9,4.0,3.9,1.83,,,,,,,4.01,4.08,1.87,,,,,,,4.25,4.08,1.91,3.97,3.96,1.84,1.53,2.5,1.56,2.56,1.6,2.63,1.53,2.5,0.5,2.03,1.87,2.05,1.88,2.09,1.88,2.01,1.84,2024,Football-Data.co.uk,https://www.football-data.co.uk/mmz4281/2425/D1.csv,4.2,4.33,1.73,4.43,4.46,1.77,4.3,4.6,1.79,1.47,3.0,1.98,1.98,3.9,3.9,1.8,4.25,3.98,1.84,4.2,4.1,1.92,1.59,2.66,2.08,1.92,,,,,,,,,,,,,,,,,,,,,,,,,,,,,,
D1,26/04/2025,14:30,Holstein Kiel,M'gladbach,4,3,H,2.0,0.0,H,22.0,16.0,11.0,7.0,13.0,11.0,7.0,8.0,2.0,1.0,0.0,0.0,3.1,3.8,2.15,,,,,,,3.18,3.9,2.16,,,,,,,3.22,4.0,2.21,3.06,3.86,2.15,1.5,2.63,1.5,2.67,1.5,2.75,1.47,2.62,0.25,1.99,1.91,2.0,1.9,2.0,1.92,1.94,1.85,2.45,3.8,2.63,,,,,,,2.51,3.83,2.72,,,,,,,2.71,3.85,2.72,2.54,3.74,2.6,1.44,2.75,1.49,2.74,1.53,2.75,1.48,2.66,0.0,1.87,2.03,1.88,2.05,1.97,2.05,1.91,1.97,2024,Football-Data.co.uk,https://www.football-data.co.uk/mmz4281/2425/D1.csv,3.1,3.8,2.15,3.22,3.96,2.21,3.2,4.0,2.26,1.54,2.76,2.01,1.97,2.55,3.6,2.55,2.71,3.82,2.5,2.66,3.85,2.72,1.51,2.92,1.97,2.02,,,,,,,,,,,,,,,,,,,,,,,,,,,,,,
D1,26/04/2025,14:30,Leverkusen,Augsburg,2,0,H,2.0,0.0,H,14.0,11.0,5.0,2.0,10.0,10.0,3.0,7.0,0.0,1.0,0.0,0.0,1.36,5.0,8.5,,,,,,,1.37,5.23,8.61,,,,,,,1.4,5.28,9.5,1.36,5.01,8.72,1.73,2.1,1.78,2.12,1.83,2.16,1.76,2.08,-1.25,1.85,2.05,1.85,2.07,1.85,2.07,1.8,2.02,1.48,4.75,6.0,,,,,,,1.47,4.77,6.41,,,,,,,1.52,4.81,6.75,1.48,4.67,6.24,1.62,2.3,1.64,2.35,1.66,2.36,1.63,2.29,-1.25,2.08,1.82,2.1,1.84,2.12,1.84,2.05,1.8,2024,Football-Data.co.uk,https://www.football-data.co.uk/mmz4281/2425/D1.csv,1.33,5.0,9.5,1.4,5.28,9.1,1.39,5.3,10.0,1.84,2.16,1.87,2.07,1.4,4.75,6.5,1.52,4.81,6.07,1.51,4.8,7.4,1.69,2.42,2.12,1.87,,,,,,,,,,,,,,,,,,,,,,,,,,,,,,
D1,26/04/2025,14:30,Wolfsburg,Freiburg,0,1,A,0.0,0.0,D,8.0,15.0,1.0,2.0,6.0,9.0,3.0,2.0,3.0,1.0,1.0,0.0,2.35,3.5,2.88,,,,,,,2.4,3.67,2.91,,,,,,,2.53,3.67,2.96,2.4,3.56,2.84,1.73,2.1,1.74,2.18,1.78,2.2,1.73,2.11,-0.25,2.08,1.82,2.09,1.83,2.09,1.83,2.04,1.79,2.3,3.6,2.88,,,,,,,2.37,3.69,2.98,,,,,,,2.44,3.7,2.98,2.36,3.63,2.86,1.62,2.3,1.63,2.4,1.65,2.42,1.6,2.35,-0.25,2.05,1.85,2.07,1.86,2.09,1.86,2.03,1.82,2024,Football-Data.co.uk,https://www.football-data.co.uk/mmz4281/2425/D1.csv,2.4,3.5,2.88,2.47,3.67,2.96,2.48,3.75,3.0,1.77,2.24,2.14,1.85,2.4,3.5,2.8,2.37,3.7,2.96,2.42,3.75,3.05,1.64,2.52,2.1,1.89,,,,,,,,,,,,,,,,,,,,,,,,,,,,,,
D1,26/04/2025,17:30,Ein Frankfurt,RB Leipzig,4,0,H,1.0,0.0,H,9.0,7.0,6.0,3.0,10.0,13.0,8.0,4.0,1.0,2.0,0.0,1.0,2.15,3.8,3.0,,,,,,,2.17,3.92,3.15,,,,,,,2.23,4.1,3.15,2.16,3.84,3.03,1.5,2.63,1.51,2.64,1.51,2.65,1.48,2.59,-0.25,1.92,1.98,1.91,2.0,1.92,2.0,1.88,1.94,2.0,4.0,3.4,,,,,,,2.06,3.91,3.48,,,,,,,2.07,4.05,3.48,2.02,3.94,3.35,1.44,2.75,1.49,2.76,1.49,2.95,1.45,2.76,-0.5,2.04,1.86,2.07,1.88,2.07,1.88,2.02,1.84,2024,Football-Data.co.uk,https://www.football-data.co.uk/mmz4281/2425/D1.csv,2.15,3.9,3.0,2.2,4.1,3.15,2.24,4.0,3.25,1.53,2.84,1.96,2.02,1.95,3.75,3.3,2.03,4.05,3.45,2.08,4.1,3.6,1.5,2.92,2.06,1.92,,,,,,,,,,,,,,,,,,,,,,,,,,,,,,
D1,27/04/2025,14:30,Bochum,Union Berlin,1,1,D,0.0,1.0,A,10.0,5.0,4.0,1.0,11.0,9.0,10.0,4.0,3.0,2.0,0.0,0.0,2.25,3.4,3.1,,,,,,,2.36,3.5,3.09,,,,,,,2.36,3.71,3.2,2.3,3.49,3.04,1.85,2.05,1.84,2.05,1.88,2.07,1.82,2.01,-0.25,2.01,1.89,2.04,1.87,2.04,1.89,1.97,1.85,2.3,3.3,3.1,,,,,,,2.4,3.46,3.11,,,,,,,2.45,3.46,3.15,2.37,3.37,3.04,1.86,2.04,1.88,2.04,1.99,2.04,1.88,1.94,-0.25,2.05,1.85,2.07,1.86,2.07,1.89,2.03,1.83,2024,Football-Data.co.uk,https://www.football-data.co.uk/mmz4281/2425/D1.csv,2.3,3.4,3.2,2.36,3.71,3.11,2.44,3.55,3.2,1.87,2.06,2.09,1.89,2.2,3.3,2.9,2.44,3.39,3.06,2.4,3.55,3.3,1.96,2.02,2.05,1.93,,,,,,,,,,,,,,,,,,,,,,,,,,,,,,
D1,27/04/2025,16:30,Werder Bremen,St Pauli,0,0,D,0.0,0.0,D,11.0,10.0,2.0,4.0,9.0,16.0,1.0,3.0,2.0,3.0,0.0,1.0,1.85,3.6,4.0,,,,,,,1.92,3.74,4.07,,,,,,,1.96,3.89,4.2,1.9,3.68,3.93,1.88,2.02,1.88,2.01,1.9,2.05,1.83,1.99,-0.5,1.92,1.98,1.93,1.98,1.93,1.98,1.91,1.93,1.95,3.6,3.8,,,,,,,2.03,3.6,3.87,,,,,,,2.13,3.68,4.05,1.99,3.56,3.75,1.86,2.04,1.88,2.03,1.98,2.06,1.86,1.97,-0.5,2.03,1.87,2.04,1.89,2.12,1.89,2.02,1.84,2024,Football-Data.co.uk,https://www.football-data.co.uk/mmz4281/2425/D1.csv,1.87,3.6,4.2,1.96,3.89,4.04,1.96,3.9,4.1,1.89,2.06,1.96,2.02,1.95,3.4,3.6,1.95,3.68,4.05,2.04,3.65,4.1,1.92,2.06,2.04,1.95,,,,,,,,,,,,,,,,,,,,,,,,,,,,,,
D1,02/05/2025,19:30,Heidenheim,Bochum,0,0,D,0.0,0.0,D,11.0,14.0,3.0,3.0,8.0,14.0,6.0,4.0,0.0,1.0,0.0,0.0,2.25,3.6,3.1,,,,,,,2.32,3.59,3.13,,,,,,,2.37,3.63,3.15,2.29,3.54,3.06,1.62,2.15,1.7,2.26,1.75,2.28,1.68,2.2,-0.25,2.01,1.89,2.02,1.91,2.03,1.91,1.97,1.87,2.35,3.4,3.0,,,,,,,2.41,3.39,3.15,,,,,,,2.44,3.48,3.15,2.36,3.38,3.02,1.95,1.95,1.93,1.97,1.99,2.04,1.89,1.94,-0.25,1.98,1.8,2.08,1.86,2.08,1.87,2.02,1.83,2024,Football-Data.co.uk,https://www.football-data.co.uk/mmz4281/2425/D1.csv,2.3,3.5,3.0,2.37,3.63,3.15,2.4,3.65,3.2,1.76,2.28,2.07,1.92,2.25,3.2,2.9,2.4,3.48,3.06,2.46,3.45,3.2,1.94,2.06,2.1,1.88,,,,,,,,,,,,,,,,,,,,,,,,,,,,,,
D1,03/05/2025,14:30,M'gladbach,Hoffenheim,4,4,D,2.0,1.0,H,12.0,26.0,7.0,8.0,6.0,8.0,4.0,7.0,0.0,0.0,0.0,0.0,2.1,4.0,3.0,,,,,,,2.13,4.03,3.16,,,,,,,2.16,4.16,3.3,2.1,3.95,3.11,1.41,2.7,1.47,2.76,1.47,2.8,1.44,2.71,-0.25,1.88,2.02,1.88,2.03,1.88,2.06,1.83,1.99,2.25,3.8,2.88,,,,,,,2.27,4.05,2.94,,,,,,,2.31,4.05,2.94,2.26,3.95,2.84,1.36,3.2,1.38,3.19,1.41,3.2,1.36,3.11,-0.25,2.0,1.9,2.01,1.92,2.06,1.92,2.0,1.86,2024,Football-Data.co.uk,https://www.football-data.co.uk/mmz4281/2425/D1.csv,2.1,3.9,3.3,2.16,4.16,3.21,2.2,4.0,3.2,1.5,2.86,1.93,2.05,2.2,3.9,2.8,2.3,3.89,2.94,2.36,4.1,2.96,1.4,3.4,2.07,1.91,,,,,,,,,,,,,,,,,,,,,,,,,,,,,,
D1,03/05/2025,14:30,RB Leipzig,Bayern Munich,3,3,D,2.0,0.0,H,8.0,20.0,6.0,6.0,9.0,6.0,2.0,7.0,3.0,1.0,0.0,0.0,4.5,4.33,1.62,,,,,,,4.46,4.73,1.66,,,,,,,4.75,4.75,1.69,4.49,4.57,1.64,1.33,3.2,1.37,3.2,1.37,3.4,1.34,3.17,1.0,1.83,2.07,1.85,2.06,1.85,2.11,1.81,2.01,4.2,4.5,1.7,,,,,,,4.19,4.77,1.72,,,,,,,4.2,4.77,1.78,4.12,4.52,1.71,1.29,3.75,1.34,3.38,1.34,3.75,1.3,3.48,0.75,2.02,1.88,2.04,1.88,2.04,1.92,1.98,1.87,2024,Football-Data.co.uk,https://www.football-data.co.uk/mmz4281/2425/D1.csv,4.6,4.5,1.62,4.73,4.73,1.69,4.8,4.8,1.7,1.38,3.4,1.87,2.08,4.1,4.5,1.67,4.11,4.45,1.78,4.4,4.8,1.76,1.34,3.8,2.05,1.93,,,,,,,,,,,,,,,,,,,,,,,,,,,,,,
D1,03/05/2025,14:30,St Pauli,Stuttgart,0,1,A,0.0,0.0,D,6.0,21.0,1.0,8.0,17.0,12.0,4.0,4.0,6.0,3.0,2.0,0.0,2.62,3.5,2.55,,,,,,,2.73,3.52,2.61,,,,,,,2.8,3.57,2.65,2.67,3.47,2.57,1.85,2.05,1.85,2.04,1.89,2.06,1.83,2.0,0.0,2.0,1.9,1.99,1.91,2.03,1.92,1.98,1.88,2.8,3.4,2.45,,,,,,,2.86,3.53,2.53,,,,,,,2.88,3.53,2.61,2.79,3.46,2.5,1.8,2.0,1.8,2.1,1.83,2.11,1.79,2.05,0.0,2.06,1.84,2.09,1.85,2.09,1.88,2.04,1.85,2024,Football-Data.co.uk,https://www.football-data.co.uk/mmz4281/2425/D1.csv,2.7,3.4,2.63,2.8,3.56,2.65,2.76,3.6,2.72,1.87,2.08,2.0,1.98,2.7,3.4,2.45,2.88,3.5,2.52,2.94,3.55,2.62,1.84,2.16,2.09,1.89,,,,,,,,,,,,,,,,,,,,,,,,,,,,,,
D1,03/05/2025,14:30,Union Berlin,Werder Bremen,2,2,D,1.0,2.0,A,17.0,13.0,7.0,6.0,9.0,8.0,5.0,5.0,2.0,3.0,0.0,0.0,2.7,3.4,2.55,,,,,,,2.78,3.45,2.61,,,,,,,2.84,3.55,2.64,2.72,3.42,2.56,1.89,2.01,1.9,1.99,1.92,2.02,1.86,1.96,0.0,2.0,1.85,2.02,1.89,2.05,1.9,2.0,1.86,3.2,3.5,2.15,,,,,,,3.38,3.49,2.25,,,,,,,3.38,3.58,2.44,3.12,3.45,2.28,1.88,2.02,1.91,2.0,1.99,2.07,1.86,1.96,0.25,1.95,1.9,1.98,1.94,1.98,2.05,1.88,1.92,2024,Football-Data.co.uk,https://www.football-data.co.uk/mmz4281/2425/D1.csv,2.7,3.4,2.63,2.84,3.52,2.64,2.78,3.6,2.72,1.92,2.02,2.02,1.96,3.1,3.3,2.3,3.07,3.58,2.35,3.35,3.5,2.38,1.94,2.04,1.94,2.04,,,,,,,,,,,,,,,,,,,,,,,,,,,,,,
D1,03/05/2025,17:30,Dortmund,Wolfsburg,4,0,H,1.0,0.0,H,11.0,11.0,5.0,2.0,13.0,6.0,4.0,3.0,0.0,1.0,0.0,0.0,1.33,5.75,7.5,,,,,,,1.32,6.21,7.74,,,,,,,1.34,6.42,8.75,1.32,5.97,7.96,1.33,3.4,1.33,3.46,1.33,3.46,1.31,3.35,-1.5,1.86,2.04,1.83,2.05,1.88,2.07,1.84,1.99,1.27,6.25,9.0,,,,,,,1.27,6.72,9.89,,,,,,,1.3,7.0,11.0,1.27,6.36,9.43,1.3,3.5,1.32,3.49,1.34,3.6,1.31,3.4,-1.75,1.89,2.01,1.91,2.0,1.96,2.01,1.9,1.95,2024,Football-Data.co.uk,https://www.football-data.co.uk/mmz4281/2425/D1.csv,1.3,6.0,8.5,1.34,6.42,8.75,1.34,6.6,9.2,1.37,3.5,1.88,2.06,1.22,6.0,8.5,1.3,6.41,9.62,1.31,6.8,10.5,1.36,3.7,2.02,1.94,,,,,,,,,,,,,,,,,,,,,,,,,,,,,,
D1,04/05/2025,14:30,Augsburg,Holstein Kiel,1,3,A,0.0,2.0,A,27.0,7.0,10.0,5.0,4.0,20.0,12.0,0.0,0.0,2.0,0.0,0.0,1.83,3.9,4.0,,,,,,,1.85,3.81,4.29,,,,,,,1.88,3.95,4.32,1.84,3.76,4.14,1.85,2.05,1.84,2.06,1.89,2.06,1.81,2.01,-0.5,1.86,2.04,1.86,2.05,1.87,2.05,1.84,2.0,1.75,4.0,4.2,,,,,,,1.79,4.1,4.4,,,,,,,1.81,4.1,4.4,1.78,3.97,4.23,1.62,2.3,1.66,2.31,1.7,2.4,1.64,2.26,-0.75,2.03,1.87,2.02,1.91,2.05,1.91,1.99,1.86,2024,Football-Data.co.uk,https://www.football-data.co.uk/mmz4281/2425/D1.csv,1.85,3.7,4.2,1.88,3.95,4.32,1.92,3.85,4.5,1.87,2.1,1.92,2.07,1.7,3.8,4.0,1.81,4.03,4.34,1.82,4.2,4.6,1.69,2.42,2.05,1.93,,,,,,,,,,,,,,,,,,,,,,,,,,,,,,
D1,04/05/2025,16:30,Freiburg,Leverkusen,2,2,D,1.0,0.0,H,8.0,5.0,4.0,2.0,10.0,16.0,4.0,1.0,1.0,2.0,0.0,0.0,3.2,3.4,2.25,,,,,,,3.14,3.51,2.33,,,,,,,3.2,3.75,2.35,3.08,3.51,2.27,1.73,2.1,1.77,2.13,1.81,2.17,1.75,2.09,0.25,1.91,1.99,1.89,2.02,1.91,2.02,1.87,1.92,3.1,3.5,2.2,,,,,,,3.23,3.62,2.27,,,,,,,3.26,3.65,2.31,3.14,3.55,2.23,1.62,2.3,1.65,2.34,1.7,2.4,1.63,2.3,0.25,1.95,1.95,1.95,1.97,1.95,2.01,1.92,1.9,2024,Football-Data.co.uk,https://www.football-data.co.uk/mmz4281/2425/D1.csv,3.2,3.4,2.3,3.17,3.75,2.31,3.25,3.65,2.34,1.84,2.16,1.94,2.02,3.0,3.4,2.1,3.2,3.61,2.27,3.3,3.65,2.32,1.7,2.4,1.98,2.0,,,,,,,,,,,,,,,,,,,,,,,,,,,,,,
D1,04/05/2025,18:30,Mainz,Ein Frankfurt,1,1,D,0.0,1.0,A,12.0,8.0,3.0,2.0,10.0,10.0,8.0,1.0,1.0,0.0,0.0,0.0,2.35,3.5,2.9,,,,,,,2.41,3.67,2.89,,,,,,,2.45,3.89,2.9,2.38,3.64,2.82,1.62,2.3,1.65,2.33,1.67,2.4,1.62,2.31,-0.25,2.08,1.82,2.1,1.82,2.1,1.82,2.04,1.79,2.4,3.7,2.7,,,,,,,2.37,3.62,3.02,,,,,,,2.45,3.8,3.02,2.36,3.62,2.87,1.57,2.38,1.64,2.4,1.65,2.42,1.6,2.34,-0.25,2.08,1.73,2.06,1.87,2.11,1.87,2.06,1.8,2024,Football-Data.co.uk,https://www.football-data.co.uk/mmz4281/2425/D1.csv,2.4,3.7,2.88,2.42,3.89,2.9,2.46,3.8,2.96,1.67,2.4,2.14,1.86,2.25,3.4,2.8,2.31,3.8,2.98,2.44,3.75,3.05,1.66,2.5,2.11,1.89,,,,,,,,,,,,,,,,,,,,,,,,,,,,,,
D1,09/05/2025,19:30,Wolfsburg,Hoffenheim,2,2,D,1.0,1.0,D,14.0,17.0,5.0,7.0,11.0,10.0,5.0,6.0,0.0,2.0,0.0,0.0,2.2,3.6,2.9,,,,,,,2.3,3.77,2.99,,,,,,,2.39,3.83,3.1,2.29,3.7,2.94,1.5,2.63,1.52,2.6,1.52,2.63,1.5,2.57,-0.25,2.03,1.87,2.02,1.89,2.06,1.89,1.99,1.84,2.8,3.6,2.3,,,,,,,2.98,3.62,2.4,,,,,,,2.98,3.73,2.54,2.77,3.61,2.46,1.5,2.63,1.53,2.62,1.53,2.7,1.49,2.61,0.25,1.85,2.05,1.85,2.09,1.85,2.23,1.77,2.07,2024,Football-Data.co.uk,https://www.football-data.co.uk/mmz4281/2425/D1.csv,2.2,3.6,3.1,2.37,3.83,3.02,2.34,3.8,3.2,1.62,2.56,2.03,1.95,2.63,3.5,2.5,2.79,3.73,2.47,2.86,3.75,2.58,1.55,2.78,1.8,2.23,,,,,,,,,,,,,,,,,,,,,,,,,,,,,,
D1,10/05/2025,14:30,Bochum,Mainz,1,4,A,0.0,1.0,A,11.0,22.0,6.0,8.0,9.0,6.0,6.0,6.0,3.0,0.0,0.0,0.0,2.9,3.6,2.3,,,,,,,3.0,3.73,2.31,,,,,,,3.06,3.89,2.32,2.95,3.68,2.27,1.67,2.2,1.66,2.31,1.7,2.33,1.64,2.26,0.25,1.88,2.02,1.88,2.03,1.88,2.03,1.85,1.94,3.0,3.8,2.15,,,,,,,3.16,3.9,2.2,,,,,,,3.22,4.0,2.25,3.07,3.83,2.16,1.57,2.38,1.58,2.5,1.61,2.51,1.56,2.44,0.25,1.95,1.95,1.99,1.93,1.99,1.95,1.95,1.87,2024,Football-Data.co.uk,https://www.football-data.co.uk/mmz4281/2425/D1.csv,3.0,3.6,2.3,3.06,3.89,2.32,3.05,3.75,2.4,1.62,2.18,1.89,2.08,2.88,3.6,2.1,3.22,3.91,2.15,3.15,4.0,2.26,1.59,2.66,1.99,1.98,,,,,,,,,,,,,,,,,,,,,,,,,,,,,,
D1,10/05/2025,14:30,Holstein Kiel,Freiburg,1,2,A,1.0,1.0,D,15.0,9.0,3.0,4.0,9.0,13.0,2.0,5.0,1.0,0.0,0.0,0.0,3.1,3.75,2.15,,,,,,,3.29,3.88,2.12,,,,,,,3.4,3.95,2.17,3.21,3.8,2.09,1.53,2.5,1.55,2.57,1.55,2.57,1.52,2.48,0.25,2.03,1.87,2.05,1.86,2.05,1.9,2.0,1.8,3.4,3.7,2.0,,,,,,,3.59,3.85,2.04,,,,,,,3.59,3.85,2.1,3.43,3.73,2.04,1.57,2.38,1.62,2.4,1.65,2.45,1.58,2.37,0.5,1.86,2.04,1.88,2.05,1.88,2.1,1.82,2.05,2024,Football-Data.co.uk,https://www.football-data.co.uk/mmz4281/2425/D1.csv,3.4,3.8,2.05,3.31,3.95,2.17,3.45,3.9,2.12,1.52,2.36,2.14,1.85,3.3,3.5,2.0,3.51,3.82,2.06,3.65,3.85,2.12,1.66,2.48,1.87,2.12,,,,,,,,,,,,,,,,,,,,,,,,,,,,,,
D1,10/05/2025,14:30,Union Berlin,Heidenheim,0,3,A,0.0,1.0,A,10.0,8.0,1.0,4.0,14.0,7.0,1.0,2.0,2.0,0.0,0.0,0.0,2.25,3.3,3.3,,,,,,,2.21,3.55,3.33,,,,,,,2.25,3.61,3.44,2.19,3.47,3.28,1.95,1.95,1.93,1.95,1.96,1.98,1.91,1.9,-0.25,1.93,1.97,1.92,1.98,1.95,1.98,1.88,1.94,2.05,3.6,3.5,,,,,,,2.11,3.57,3.64,,,,,,,2.11,3.69,3.81,2.02,3.56,3.64,1.73,2.1,1.81,2.09,1.84,2.14,1.79,2.05,-0.5,2.07,1.83,2.1,1.81,2.1,1.85,2.03,1.83,2024,Football-Data.co.uk,https://www.football-data.co.uk/mmz4281/2425/D1.csv,2.2,3.4,3.4,2.24,3.61,3.44,2.28,3.55,3.5,1.86,1.85,1.96,2.01,1.95,3.4,3.5,2.05,3.69,3.69,2.08,3.7,3.95,1.82,2.16,2.08,1.9,,,,,,,,,,,,,,,,,,,,,,,,,,,,,,
D1,10/05/2025,14:30,Werder Bremen,RB Leipzig,0,0,D,0.0,0.0,D,21.0,16.0,6.0,4.0,6.0,13.0,11.0,4.0,1.0,3.0,0.0,0.0,2.35,3.7,2.8,,,,,,,2.38,3.7,2.92,,,,,,,2.45,3.75,2.95,2.36,3.68,2.82,1.53,2.5,1.56,2.52,1.56,2.55,1.52,2.48,-0.25,2.05,1.8,2.08,1.84,2.08,1.84,2.02,1.79,1.9,4.0,3.5,,,,,,,1.95,4.18,3.59,,,,,,,2.08,4.2,3.59,1.97,4.06,3.39,1.36,3.2,1.39,3.14,1.41,3.2,1.38,3.02,-0.5,1.93,1.93,1.96,1.96,2.01,1.96,1.96,1.89,2024,Football-Data.co.uk,https://www.football-data.co.uk/mmz4281/2425/D1.csv,2.3,3.75,2.8,2.45,3.75,2.95,2.44,3.8,2.96,1.5,2.42,2.12,1.87,1.95,3.75,3.1,2.0,4.12,3.47,2.02,4.2,3.6,1.43,3.25,2.03,1.95,,,,,,,,,,,,,,,,,,,,,,,,,,,,,,
D1,10/05/2025,17:30,Bayern Munich,M'gladbach,2,0,H,1.0,0.0,H,24.0,16.0,9.0,6.0,3.0,8.0,4.0,9.0,1.0,1.0,0.0,0.0,1.17,9.5,11.0,,,,,,,1.16,10.06,12.25,,,,,,,1.2,10.5,15.0,1.16,9.49,12.4,1.17,5.0,0.0,0.0,1.18,5.25,1.16,4.8,-2.25,1.87,2.03,1.85,2.05,1.87,2.05,1.81,1.99,1.13,10.0,13.0,,,,,,,1.14,9.5,16.5,,,,,,,1.18,11.7,19.0,1.14,9.73,15.06,1.14,5.5,0.0,0.0,1.16,6.5,1.14,5.51,-2.5,1.8,2.0,1.82,2.04,1.88,2.08,1.82,2.01,2024,Football-Data.co.uk,https://www.football-data.co.uk/mmz4281/2425/D1.csv,1.17,10.5,13.0,1.2,10.5,11.2,1.16,11.5,16.0,1.05,1.16,1.43,1.24,1.15,9.5,14.0,1.14,11.7,14.3,1.17,10.5,19.5,1.16,6.8,1.88,2.1,,,,,,,,,,,,,,,,,,,,,,,,,,,,,,
D1,11/05/2025,14:30,Leverkusen,Dortmund,2,4,A,1.0,2.0,A,19.0,9.0,10.0,5.0,7.0,8.0,12.0,0.0,0.0,2.0,0.0,0.0,2.7,3.9,2.35,,,,,,,2.66,4.08,2.43,,,,,,,2.74,4.08,2.5,2.65,3.94,2.39,1.5,2.63,1.49,2.72,1.5,2.72,1.47,2.64,0.0,2.06,1.84,2.05,1.87,2.07,1.88,2.03,1.83,2.5,3.8,2.55,,,,,,,2.59,3.89,2.6,,,,,,,2.72,3.9,2.66,2.54,3.8,2.55,1.44,2.75,1.48,2.74,1.49,2.75,1.47,2.69,0.0,1.95,1.95,1.95,1.97,2.02,1.97,1.96,1.92,2024,Football-Data.co.uk,https://www.football-data.co.uk/mmz4281/2425/D1.csv,2.5,4.0,2.5,2.74,4.07,2.47,2.64,4.2,2.54,1.46,2.56,2.02,1.96,2.45,3.6,2.4,2.72,3.89,2.46,2.66,3.95,2.68,1.52,2.9,1.98,2.01,,,,,,,,,,,,,,,,,,,,,,,,,,,,,,
D1,11/05/2025,16:30,Ein Frankfurt,St Pauli,2,2,D,1.0,2.0,A,13.0,5.0,5.0,2.0,11.0,12.0,3.0,1.0,2.0,2.0,0.0,0.0,1.53,4.33,5.75,,,,,,,1.52,4.61,6.18,,,,,,,1.56,4.75,6.28,1.52,4.49,5.96,1.73,2.1,1.73,2.19,1.78,2.21,1.7,2.14,-1.0,1.88,2.02,1.87,2.04,1.88,2.04,1.84,1.99,1.55,4.33,5.5,,,,,,,1.57,4.34,6.03,,,,,,,1.59,4.45,6.03,1.56,4.29,5.66,1.67,2.2,1.7,2.24,1.7,2.35,1.65,2.24,-1.0,1.92,1.98,1.95,1.97,1.99,1.98,1.93,1.92,2024,Football-Data.co.uk,https://www.football-data.co.uk/mmz4281/2425/D1.csv,1.55,4.4,6.0,1.56,4.69,6.28,1.54,4.6,6.6,1.67,2.08,1.81,1.98,1.53,4.0,5.0,1.59,4.45,5.64,1.6,4.4,6.4,1.7,2.4,1.98,2.0,,,,,,,,,,,,,,,,,,,,,,,,,,,,,,
D1,11/05/2025,18:30,Stuttgart,Augsburg,4,0,H,1.0,0.0,H,29.0,7.0,11.0,0.0,9.0,7.0,11.0,2.0,1.0,1.0,0.0,1.0,1.55,4.33,5.75,,,,,,,1.56,4.54,5.67,,,,,,,1.58,4.78,5.75,1.55,4.46,5.47,1.53,2.5,1.54,2.57,1.55,2.57,1.52,2.47,-1.0,1.92,1.98,1.91,2.0,1.92,2.0,1.87,1.95,1.5,4.75,5.5,,,,,,,1.53,4.78,5.84,,,,,,,1.62,4.78,5.84,1.53,4.61,5.52,1.4,3.0,1.43,2.96,1.53,3.0,1.43,2.81,-1.0,1.84,2.06,1.82,2.08,1.91,2.11,1.84,2.02,2024,Football-Data.co.uk,https://www.football-data.co.uk/mmz4281/2425/D1.csv,1.57,4.4,5.5,1.58,4.78,5.71,1.63,4.5,5.6,1.53,2.34,1.9,1.89,1.47,4.5,5.0,1.57,4.61,5.64,1.58,4.8,6.0,1.48,3.0,1.88,2.11,,,,,,,,,,,,,,,,,,,,,,,,,,,,,,
D1,17/05/2025,14:30,Augsburg,Union Berlin,1,2,A,1.0,0.0,H,19.0,6.0,4.0,4.0,6.0,5.0,4.0,0.0,0.0,0.0,0.0,0.0,2.1,3.5,3.4,,,,,,,2.07,3.43,3.62,,,,,,,2.14,3.63,3.67,2.08,3.47,3.52,1.62,2.3,1.65,2.25,1.7,2.33,1.63,2.26,-0.25,1.84,2.06,1.8,2.09,1.84,2.09,1.78,2.04,1.9,3.7,4.0,,,,,,,1.9,3.69,4.29,,,,,,,1.98,3.92,4.45,1.88,3.68,4.07,1.73,2.1,1.76,2.14,1.82,2.23,1.73,2.12,-0.5,1.9,2.0,1.91,2.01,1.92,2.06,1.89,1.97,2024,Football-Data.co.uk,https://www.football-data.co.uk/mmz4281/2425/D1.csv,2.1,3.5,3.5,2.14,3.63,3.67,2.16,3.7,3.7,1.68,2.38,1.86,2.13,1.8,3.5,4.0,1.98,3.76,3.87,1.93,3.85,4.4,1.78,2.24,1.92,2.07,,,,,,,,,,,,,,,,,,,,,,,,,,,,,,
D1,17/05/2025,14:30,Dortmund,Holstein Kiel,3,0,H,1.0,0.0,H,19.0,4.0,6.0,2.0,12.0,6.0,7.0,1.0,3.0,1.0,0.0,1.0,1.09,12.0,19.0,,,,,,,1.07,13.97,18.89,,,,,,,1.11,14.3,29.0,1.08,12.72,21.58,1.14,5.5,1.12,6.04,1.15,6.04,1.13,5.4,-3.0,2.03,1.87,2.0,1.84,2.08,1.87,1.98,1.83,1.13,9.5,15.0,,,,,,,1.13,10.5,18.0,,,,,,,1.16,10.5,21.0,1.13,9.8,16.55,1.2,4.5,1.1,7.03,1.2,7.03,1.17,4.91,-2.5,1.9,2.0,1.91,2.0,1.99,2.0,1.91,1.93,2024,Football-Data.co.uk,https://www.football-data.co.uk/mmz4281/2425/D1.csv,1.08,14.0,23.0,1.11,14.3,23.0,1.11,15.5,26.0,1.17,6.4,2.08,1.87,1.11,9.5,15.0,1.16,9.79,15.5,1.15,11.5,19.5,1.22,5.2,,,,,,,,,,,,,,,,,,,,,,,,,,,,,,,,
D1,17/05/2025,14:30,Freiburg,Ein Frankfurt,1,3,A,1.0,1.0,D,8.0,11.0,1.0,6.0,13.0,16.0,4.0,7.0,2.0,4.0,0.0,0.0,2.35,3.7,2.8,,,,,,,2.38,3.77,2.74,,,,,,,2.48,3.87,2.88,2.37,3.72,2.76,1.53,2.5,1.55,2.49,1.55,2.55,1.52,2.46,-0.25,2.08,1.73,2.09,1.77,2.12,1.79,2.06,1.76,2.3,3.6,2.9,,,,,,,2.38,3.68,2.98,,,,,,,2.4,3.69,2.98,2.34,3.6,2.9,1.62,2.3,1.64,2.37,1.65,2.45,1.6,2.33,-0.25,2.06,1.84,2.08,1.85,2.09,1.86,2.03,1.82,2024,Football-Data.co.uk,https://www.football-data.co.uk/mmz4281/2425/D1.csv,2.3,3.75,2.88,2.48,3.85,2.83,2.46,3.9,2.94,1.58,2.62,2.14,1.86,2.2,3.4,2.88,2.36,3.69,2.98,2.4,3.7,3.15,1.67,2.46,2.07,1.92,,,,,,,,,,,,,,,,,,,,,,,,,,,,,,
D1,17/05/2025,14:30,Heidenheim,Werder Bremen,1,4,A,0.0,2.0,A,21.0,13.0,8.0,7.0,11.0,11.0,6.0,4.0,2.0,2.0,0.0,0.0,2.3,3.8,2.75,,,,,,,2.31,3.91,2.76,,,,,,,2.4,4.02,2.9,2.3,3.87,2.78,1.99,1.91,1.94,1.91,2.02,1.91,1.94,1.87,-0.25,2.05,1.8,2.06,1.83,2.07,1.83,2.01,1.81,2.6,3.9,2.4,,,,,,,2.74,3.77,2.52,,,,,,,2.74,4.0,2.58,2.61,3.8,2.48,1.44,2.75,1.5,2.7,1.5,2.87,1.46,2.71,0.0,1.98,1.88,2.05,1.88,2.05,1.94,1.99,1.88,2024,Football-Data.co.uk,https://www.football-data.co.uk/mmz4281/2425/D1.csv,2.3,3.9,2.8,2.4,3.93,2.9,2.42,4.0,2.88,,,2.12,1.85,2.4,3.6,2.5,2.67,4.0,2.46,2.68,3.95,2.64,1.49,2.96,2.0,1.97,,,,,,,,,,,,,,,,,,,,,,,,,,,,,,
D1,17/05/2025,14:30,Hoffenheim,Bayern Munich,0,4,A,0.0,1.0,A,6.0,14.0,2.0,5.0,9.0,7.0,1.0,4.0,0.0,0.0,0.0,0.0,5.0,5.25,1.5,,,,,,,5.05,5.25,1.5,,,,,,,5.5,5.5,1.56,5.11,5.23,1.5,1.29,3.75,1.27,3.81,1.29,4.0,1.25,3.76,1.25,1.9,2.0,1.9,1.97,1.9,2.05,1.86,1.96,4.5,4.5,1.65,,,,,,,4.5,4.61,1.67,,,,,,,4.83,4.75,1.68,4.48,4.56,1.65,1.33,3.4,1.34,3.43,1.34,3.43,1.32,3.38,1.0,1.75,2.05,1.81,2.09,1.87,2.13,1.82,2.02,2024,Football-Data.co.uk,https://www.football-data.co.uk/mmz4281/2425/D1.csv,5.0,5.0,1.53,5.24,5.4,1.56,5.5,5.5,1.56,1.3,4.0,1.91,2.02,4.4,4.33,1.57,4.83,4.58,1.65,5.0,4.7,1.69,1.35,3.7,1.92,2.06,,,,,,,,,,,,,,,,,,,,,,,,,,,,,,
D1,17/05/2025,14:30,Mainz,Leverkusen,2,2,D,1.0,0.0,H,20.0,7.0,6.0,4.0,14.0,13.0,7.0,3.0,2.0,6.0,0.0,0.0,2.15,3.9,3.0,,,,,,,2.18,3.99,2.93,,,,,,,2.26,4.12,3.04,2.18,3.94,2.94,1.44,2.75,1.45,2.77,1.46,2.8,1.44,2.73,-0.25,1.95,1.95,1.94,1.93,1.95,1.95,1.91,1.91,2.4,3.9,2.63,,,,,,,2.55,3.72,2.73,,,,,,,2.57,3.99,2.97,2.44,3.78,2.68,1.44,2.75,1.5,2.71,1.5,2.8,1.46,2.71,0.0,1.86,2.04,1.89,2.03,1.9,2.08,1.86,2.03,2024,Football-Data.co.uk,https://www.football-data.co.uk/mmz4281/2425/D1.csv,2.2,3.9,3.0,2.26,4.12,3.04,2.28,4.1,3.1,1.49,2.92,2.0,1.98,2.25,3.6,2.63,2.57,3.99,2.56,2.46,3.95,2.9,1.51,2.92,1.85,2.16,,,,,,,,,,,,,,,,,,,,,,,,,,,,,,
D1,17/05/2025,14:30,M'gladbach,Wolfsburg,0,1,A,0.0,0.0,D,16.0,17.0,3.0,6.0,6.0,4.0,7.0,10.0,0.0,0.0,0.0,0.0,2.2,4.2,2.8,,,,,,,2.17,4.31,2.79,,,,,,,2.28,4.37,2.88,2.19,4.23,2.79,1.3,3.5,1.31,3.44,1.31,3.55,1.29,3.44,-0.25,1.92,1.86,1.96,1.91,2.01,1.91,1.93,1.87,2.25,4.1,2.7,,,,,,,2.29,4.1,2.84,,,,,,,2.36,4.21,2.84,2.28,4.06,2.74,1.33,3.4,1.36,3.29,1.36,3.55,1.33,3.29,-0.25,2.04,1.86,2.03,1.88,2.04,1.9,2.01,1.85,2024,Football-Data.co.uk,https://www.football-data.co.uk/mmz4281/2425/D1.csv,2.2,4.1,2.88,2.28,4.37,2.88,2.28,4.3,2.96,1.34,3.7,2.02,1.96,2.15,3.9,2.63,2.31,4.21,2.78,2.34,4.3,2.88,1.38,3.5,2.07,1.9,,,,,,,,,,,,,,,,,,,,,,,,,,,,,,
D1,17/05/2025,14:30,RB Leipzig,Stuttgart,2,3,A,2.0,1.0,H,8.0,15.0,5.0,7.0,9.0,9.0,5.0,8.0,1.0,0.0,0.0,0.0,2.0,4.2,3.2,,,,,,,1.97,4.31,3.2,,,,,,,2.04,4.46,3.33,1.99,4.24,3.19,1.33,3.4,1.33,3.3,1.33,3.4,1.32,3.31,-0.5,2.02,1.88,1.99,1.88,2.03,1.88,1.99,1.84,1.9,4.5,3.3,,,,,,,1.91,4.4,3.6,,,,,,,1.97,4.7,3.6,1.91,4.34,3.39,1.29,3.75,1.3,3.68,1.32,3.75,1.29,3.56,-0.5,1.91,1.99,1.92,2.01,1.98,2.03,1.92,1.93,2024,Football-Data.co.uk,https://www.football-data.co.uk/mmz4281/2425/D1.csv,2.0,4.2,3.2,2.04,4.46,3.33,2.08,4.4,3.35,1.39,3.45,2.08,1.9,1.95,4.0,3.1,1.89,4.59,3.54,2.04,4.4,3.45,1.35,3.7,2.04,1.94,,,,,,,,,,,,,,,,,,,,,,,,,,,,,,
D1,17/05/2025,14:30,St Pauli,Bochum,0,2,A,0.0,1.0,A,10.0,9.0,2.0,6.0,3.0,11.0,7.0,4.0,0.0,0.0,0.0,0.0,1.67,4.2,4.5,,,,,,,1.66,4.19,4.65,,,,,,,1.71,4.37,5.0,1.67,4.2,4.68,1.57,2.38,1.6,2.36,1.66,2.42,1.58,2.36,-0.75,1.82,1.96,1.85,2.02,1.85,2.05,1.82,1.98,1.73,4.1,4.33,,,,,,,1.76,4.09,4.57,,,,,,,1.78,4.19,4.6,1.74,4.04,4.42,1.62,2.3,1.65,2.34,1.65,2.34,1.62,2.3,-0.75,1.97,1.93,1.98,1.94,1.98,1.97,1.93,1.92,2024,Football-Data.co.uk,https://www.football-data.co.uk/mmz4281/2425/D1.csv,1.67,4.2,5.0,1.71,4.37,4.94,1.71,4.4,5.3,1.64,2.44,1.88,2.1,1.67,3.8,4.4,1.77,4.19,4.43,1.77,4.2,4.9,1.69,2.4,1.99,1.99,,,,,,,,,,,,,,,,,,,,,,,,,,,,,,
D1,22/08/2025,19:30,Bayern Munich,RB Leipzig,6,0,H,3.0,0.0,H,19.0,12.0,10.0,1.0,13.0,13.0,5.0,5.0,4.0,1.0,0.0,0.0,1.22,7.0,9.0,1.23,7.0,10.5,,,,1.23,7.43,10.85,,,,,,,1.26,7.5,12.0,1.21,7.13,10.3,1.25,4.0,1.32,3.33,1.25,4.2,1.24,3.91,-2.0,1.93,1.93,1.93,1.96,1.94,1.94,1.86,1.86,1.22,7.0,11.0,1.25,7.0,9.75,,,,1.25,7.24,10.31,,,,,,,1.26,7.5,11.0,1.23,6.98,9.87,1.25,4.0,1.32,3.33,1.25,4.33,1.22,4.06,-2.0,1.98,1.88,1.98,1.93,1.99,1.93,1.9,1.86,2025,Football-Data.co.uk,https://www.football-data.co.uk/mmz4281/2526/D1.csv,,,,,,,1.26,7.8,12.0,1.27,4.5,1.96,1.98,,,,,,,1.27,7.6,12.0,1.28,4.4,2.07,1.92,1.22,7.0,12.0,1.19,7.5,10.0,1.2,7.0,11.0,1.22,7.0,10.0,1.22,7.0,10.0,1.25,7.0,10.0,1.2,7.0,10.0,1.22,7.0,10.0,1.25,7.0,9.5,1.25,7.0,9.5
D1,23/08/2025,14:30,Ein Frankfurt,Werder Bremen,4,1,H,2.0,0.0,H,18.0,10.0,5.0,5.0,9.0,9.0,7.0,1.0,1.0,3.0,0.0,0.0,1.7,4.1,4.5,1.71,4.0,4.5,,,,1.7,4.26,4.68,,,,,,,1.73,4.2,4.6,1.69,4.0,4.46,1.57,2.38,1.57,2.5,1.6,2.4,1.55,2.35,-0.75,1.88,1.98,1.89,2.02,1.9,1.98,1.84,1.86,1.53,4.75,5.25,1.53,4.6,5.25,,,,1.62,4.52,5.21,,,,,,,1.57,4.75,5.5,1.53,4.55,5.28,1.4,3.0,1.52,2.63,1.5,3.0,1.42,2.77,-1.0,1.83,2.03,2.02,1.91,1.91,2.03,1.83,1.93,2025,Football-Data.co.uk,https://www.football-data.co.uk/mmz4281/2526/D1.csv,,,,,,,1.73,4.3,5.1,1.63,2.5,1.91,2.05,,,,,,,1.59,4.8,6.0,1.45,3.05,1.91,2.06,1.7,4.0,4.6,1.66,3.95,4.5,1.65,3.9,4.2,1.7,4.0,4.5,1.7,4.0,4.4,1.53,4.6,5.5,1.52,4.5,5.1,1.53,4.4,5.5,1.57,4.33,5.25,1.53,4.6,5.25
D1,23/08/2025,14:30,Freiburg,Augsburg,1,3,A,0.0,3.0,A,16.0,14.0,4.0,5.0,14.0,18.0,5.0,5.0,4.0,5.0,0.0,0.0,1.85,3.6,4.33,1.8,3.7,4.33,,,,1.87,3.71,4.33,,,,,,,1.86,3.7,4.5,1.82,3.58,4.25,1.93,1.93,1.96,1.93,1.93,1.93,1.89,1.87,-0.5,1.85,2.0,1.88,2.03,1.85,2.0,1.8,1.95,1.91,3.6,3.9,1.95,3.5,3.9,,,,1.96,3.63,4.11,,,,,,,2.0,3.6,4.0,1.93,3.5,3.88,1.95,1.9,1.99,1.92,1.98,1.91,1.93,1.83,-0.5,1.93,1.93,1.97,1.95,1.97,1.93,1.9,1.86,2025,Football-Data.co.uk,https://www.football-data.co.uk/mmz4281/2526/D1.csv,,,,,,,1.92,3.75,4.5,1.99,1.96,1.92,2.06,,,,,,,2.02,3.65,4.2,2.04,1.93,2.03,1.96,1.83,3.6,4.33,1.79,3.55,4.3,1.8,3.4,4.0,1.8,3.7,4.33,1.8,3.7,4.2,1.95,3.5,4.0,1.89,3.45,3.85,1.93,3.5,3.8,1.95,3.5,3.9,1.95,3.5,3.8
D1,23/08/2025,14:30,Heidenheim,Wolfsburg,1,3,A,1.0,1.0,D,7.0,15.0,2.0,5.0,12.0,12.0,2.0,5.0,2.0,3.0,0.0,0.0,3.2,3.5,2.2,3.0,3.6,2.25,,,,3.19,3.59,2.26,,,,,,,3.2,3.6,2.25,3.05,3.51,2.2,1.67,2.2,1.71,2.23,1.73,2.2,1.68,2.12,0.25,1.93,1.93,1.93,1.97,1.93,1.93,1.85,1.8,2.8,3.3,2.55,2.8,3.3,2.45,,,,2.84,3.47,2.58,,,,,,,2.8,3.5,2.56,2.74,3.38,2.5,1.9,1.95,1.81,2.08,1.9,2.06,1.8,1.98,0.0,2.03,1.83,2.06,1.87,2.03,1.85,1.97,1.81,2025,Football-Data.co.uk,https://www.football-data.co.uk/mmz4281/2526/D1.csv,,,,,,,3.3,3.65,2.32,1.75,2.26,1.96,2.0,,,,,,,2.98,3.45,2.64,1.92,2.04,2.12,1.88,3.1,3.5,2.25,3.05,3.5,2.17,2.9,3.5,2.15,3.0,3.6,2.25,3.0,3.5,2.2,2.75,3.4,2.5,2.63,3.45,2.48,2.7,3.4,2.5,2.8,3.4,2.45,2.8,3.3,2.45
D1,23/08/2025,14:30,Leverkusen,Hoffenheim,1,2,A,1.0,1.0,D,7.0,10.0,2.0,5.0,9.0,17.0,6.0,4.0,0.0,4.0,0.0,0.0,1.53,4.75,5.25,1.51,4.6,5.75,,,,1.56,4.74,5.46,,,,,,,1.55,5.4,6.2,1.5,4.63,5.56,1.5,2.63,1.5,2.68,1.5,2.7,1.46,2.62,-1.25,2.08,1.73,2.16,1.76,2.08,1.92,1.94,1.75,1.73,4.2,4.1,1.73,4.1,4.2,,,,1.76,4.25,4.41,,,,,,,1.75,4.7,4.4,1.71,4.15,4.24,1.57,2.38,1.57,2.51,1.57,2.5,1.53,2.43,-0.75,1.98,1.88,1.97,1.95,1.98,2.02,1.88,1.86,2025,Football-Data.co.uk,https://www.football-data.co.uk/mmz4281/2526/D1.csv,,,,,,,1.58,4.9,6.0,1.52,2.8,2.2,1.78,,,,,,,1.79,4.3,4.7,1.59,2.64,2.0,1.97,1.53,4.5,5.5,1.46,4.6,5.75,1.5,4.2,5.25,1.5,4.6,5.75,1.5,4.6,5.5,1.73,4.0,4.33,1.68,4.1,4.2,1.7,4.1,4.33,1.73,4.2,4.2,1.73,4.0,4.2
D1,23/08/2025,14:30,Union Berlin,Stuttgart,2,1,H,2.0,0.0,H,8.0,21.0,2.0,6.0,21.0,13.0,5.0,11.0,4.0,4.0,0.0,0.0,3.4,3.7,2.05,3.25,3.6,2.1,,,,3.56,3.69,2.07,,,,,,,3.4,3.75,2.1,3.3,3.59,2.06,1.67,2.2,1.7,2.25,1.67,2.21,1.66,2.16,0.25,2.05,1.8,2.11,1.8,2.05,1.8,1.96,1.7,4.1,3.75,1.83,3.8,3.75,1.88,,,,4.23,3.87,1.87,,,,,,,4.1,3.9,1.92,3.91,3.78,1.85,1.62,2.3,1.67,2.32,1.67,2.3,1.63,2.21,0.5,2.03,1.83,2.05,1.88,2.03,1.9,1.94,1.82,2025,Football-Data.co.uk,https://www.football-data.co.uk/mmz4281/2526/D1.csv,,,,,,,3.65,3.8,2.12,1.72,2.3,2.15,1.84,,,,,,,4.4,4.0,1.89,1.7,2.38,2.11,1.89,3.4,3.6,2.05,3.3,3.55,2.02,3.2,3.5,2.0,3.25,3.7,2.1,3.25,3.6,2.1,4.0,3.75,1.83,3.9,3.8,1.8,3.9,3.8,1.83,3.8,3.75,1.91,3.8,3.75,1.91
D1,23/08/2025,17:30,St Pauli,Dortmund,3,3,D,0.0,1.0,A,11.0,8.0,7.0,7.0,13.0,12.0,5.0,2.0,2.0,3.0,0.0,1.0,4.5,3.9,1.75,4.5,3.9,1.73,,,,4.82,3.79,1.77,,,,,,,4.75,4.1,1.75,4.52,3.85,1.71,1.83,2.03,1.87,2.02,1.83,2.07,1.75,2.02,0.75,1.88,1.98,1.9,2.0,1.9,1.98,1.82,1.87,4.2,3.7,1.9,4.2,3.7,1.83,,,,4.13,3.64,1.95,,,,,,,4.2,3.75,1.95,4.04,3.65,1.86,1.8,2.0,1.86,2.05,1.82,2.05,1.77,2.01,0.5,1.98,1.88,1.96,1.96,1.98,1.91,1.92,1.83,2025,Football-Data.co.uk,https://www.football-data.co.uk/mmz4281/2526/D1.csv,,,,,,,4.9,4.0,1.81,1.86,2.08,1.92,2.03,,,,,,,4.4,3.75,1.97,1.89,2.1,2.02,1.96,4.6,3.75,1.73,4.5,4.0,1.65,4.4,3.6,1.67,4.5,3.9,1.75,4.4,3.8,1.73,4.0,3.6,1.9,3.95,3.65,1.82,3.9,3.7,1.85,4.2,3.7,1.83,4.2,3.6,1.83
D1,24/08/2025,14:30,Mainz,FC Koln,0,1,A,0.0,0.0,D,19.0,12.0,2.0,2.0,7.0,9.0,8.0,3.0,0.0,2.0,1.0,0.0,1.9,3.7,4.0,1.85,3.7,4.1,,,,1.93,3.7,4.07,,,,,,,1.91,3.7,4.1,1.86,3.61,3.95,1.83,2.03,1.85,2.05,1.83,2.03,1.8,1.96,-0.5,1.88,1.98,1.93,1.97,1.9,1.98,1.84,1.92,1.95,3.6,3.7,1.95,3.6,3.75,,,,1.93,3.73,4.12,,,,,,,2.0,3.75,3.85,1.95,3.6,3.7,1.83,2.03,1.85,2.06,1.83,2.05,1.79,1.98,-0.5,1.98,1.88,1.93,1.98,1.98,1.9,1.9,1.85,2025,Football-Data.co.uk,https://www.football-data.co.uk/mmz4281/2526/D1.csv,,,,,,,1.97,3.7,4.1,1.9,2.06,1.97,1.98,,,,,,,2.04,3.8,3.95,1.86,2.12,2.04,1.94,1.9,3.6,4.0,1.83,3.6,3.95,1.83,3.5,3.75,1.85,3.7,4.0,1.83,3.6,4.0,1.95,3.6,3.75,1.93,3.6,3.6,1.95,3.6,3.6,1.95,3.6,3.75,1.95,3.6,3.7
D1,24/08/2025,16:30,M'gladbach,Hamburg,0,0,D,0.0,0.0,D,17.0,7.0,4.0,2.0,10.0,10.0,7.0,6.0,2.0,1.0,0.0,0.0,1.85,3.9,3.9,1.87,3.9,3.75,,,,1.86,4.06,3.96,,,,,,,1.88,4.1,4.0,1.82,3.92,3.78,1.53,2.5,1.54,2.58,1.53,2.5,1.5,2.47,-0.5,1.85,2.0,1.87,2.04,1.85,2.0,1.8,1.95,1.95,3.8,3.5,1.95,3.8,3.5,,,,1.88,4.02,4.03,,,,,,,2.0,4.0,3.85,1.89,3.87,3.65,1.53,2.5,1.58,2.51,1.58,2.55,1.52,2.45,-0.5,2.0,1.85,1.88,2.04,2.0,1.99,1.86,1.89,2025,Football-Data.co.uk,https://www.football-data.co.uk/mmz4281/2526/D1.csv,,,,,,,1.93,4.1,4.1,1.58,2.62,1.93,2.06,,,,,,,1.99,4.0,4.0,1.59,2.62,1.96,2.03,1.83,4.0,3.75,1.76,4.0,3.85,1.8,3.75,3.6,1.85,3.9,3.75,1.85,3.8,3.75,1.95,3.75,3.6,1.8,3.95,3.75,1.91,3.9,3.5,1.85,3.9,3.75,1.85,3.8,3.75
D1,29/08/2025,19:30,Hamburg,St Pauli,0,2,A,0.0,1.0,A,5.0,17.0,2.0,6.0,13.0,19.0,2.0,5.0,3.0,3.0,1.0,0.0,2.4,3.3,3.0,2.37,3.3,3.0,,,,2.45,3.29,3.12,,,,,,,2.46,3.33,3.05,2.39,3.26,2.99,2.0,1.8,2.1,1.81,2.1,1.81,2.02,1.76,-0.25,2.05,1.8,2.14,1.81,2.05,1.81,1.96,1.78,2.45,3.2,3.0,2.45,3.2,2.95,,,,2.49,3.18,3.2,,,,,,,2.47,3.3,3.1,2.42,3.22,2.97,2.2,1.67,2.29,1.69,2.22,1.8,2.1,1.7,-0.25,2.1,1.78,2.13,1.82,2.1,1.78,2.01,1.75,2025,Football-Data.co.uk,https://www.football-data.co.uk/mmz4281/2526/D1.csv,,,,,,,2.56,3.4,3.15,2.14,1.86,2.08,1.89,,,,,,,2.52,3.35,3.2,2.26,1.77,2.14,1.86,2.4,3.2,3.0,2.38,3.3,3.05,2.4,3.3,2.9,2.37,3.3,3.0,2.37,3.25,3.0,2.4,3.25,3.0,2.43,3.3,2.95,2.4,3.25,2.9,2.45,3.2,3.0,2.4,3.2,2.9
D1,30/08/2025,14:30,Hoffenheim,Ein Frankfurt,1,3,A,0.0,2.0,A,17.0,9.0,5.0,6.0,14.0,10.0,4.0,5.0,2.0,3.0,0.0,0.0,2.88,3.75,2.25,2.85,3.8,2.25,,,,2.95,3.84,2.3,,,,,,,2.9,3.9,2.3,2.84,3.76,2.24,1.5,2.63,1.5,2.67,1.5,2.7,1.47,2.58,0.25,1.85,2.0,1.88,2.03,1.86,2.0,1.84,1.87,2.6,3.8,2.45,2.65,3.8,2.37,,,,2.74,3.81,2.47,,,,,,,2.7,3.9,2.5,2.64,3.79,2.4,1.44,2.75,1.48,2.68,1.45,2.9,1.42,2.75,0.0,2.03,1.83,2.06,1.85,2.14,1.84,2.03,1.75,2025,Football-Data.co.uk,https://www.football-data.co.uk/mmz4281/2526/D1.csv,,,,,,,3.0,3.9,2.4,1.52,2.82,1.89,2.09,,,,,,,2.78,4.0,2.52,1.5,2.98,2.08,1.9,2.8,3.75,2.3,2.9,3.9,2.2,2.7,3.7,2.2,2.87,3.8,2.25,2.8,3.75,2.25,2.63,3.75,2.5,2.7,3.8,2.4,2.55,3.9,2.4,2.62,3.8,2.37,2.62,3.8,2.37
D1,30/08/2025,14:30,RB Leipzig,Heidenheim,2,0,H,0.0,0.0,D,19.0,5.0,5.0,3.0,7.0,13.0,4.0,3.0,2.0,5.0,0.0,0.0,1.44,5.0,6.25,1.43,4.8,6.5,,,,1.45,5.17,6.4,,,,,,,1.46,5.0,7.0,1.42,4.83,6.48,1.5,2.63,1.51,2.66,1.53,2.63,1.5,2.5,-1.25,1.93,1.93,1.92,1.99,1.95,1.93,1.85,1.9,1.48,4.75,5.75,1.47,4.8,6.0,,,,1.48,4.96,6.28,,,,,,,1.5,5.0,6.0,1.47,4.88,5.82,1.4,3.0,1.51,2.61,1.44,3.0,1.41,2.8,-1.25,2.0,1.85,2.01,1.89,2.0,1.86,1.91,1.84,2025,Football-Data.co.uk,https://www.football-data.co.uk/mmz4281/2526/D1.csv,,,,,,,1.48,5.2,7.0,1.54,2.74,2.02,1.95,,,,,,,1.53,5.3,6.2,1.45,3.15,2.06,1.92,1.44,4.6,7.0,1.42,5.0,6.75,1.4,4.5,6.0,1.44,4.8,6.5,1.44,4.8,6.5,1.5,5.0,5.5,1.46,5.0,6.0,1.44,4.8,6.0,1.48,4.8,6.0,1.48,4.8,5.75
D1,30/08/2025,14:30,Stuttgart,M'gladbach,1,0,H,0.0,0.0,D,13.0,15.0,5.0,6.0,5.0,13.0,6.0,10.0,2.0,1.0,0.0,0.0,1.6,4.5,4.75,1.62,4.5,4.6,,,,1.62,4.59,4.97,,,,,,,1.62,4.6,5.0,1.59,4.45,4.75,1.4,3.0,1.42,2.95,1.42,3.0,1.4,2.83,-1.0,1.98,1.88,1.99,1.92,1.98,1.88,1.92,1.84,1.57,4.5,5.0,1.58,4.6,4.8,,,,1.58,4.81,5.08,,,,,,,1.59,4.8,5.0,1.57,4.59,4.9,1.33,3.4,1.34,3.31,1.35,3.4,1.34,3.16,-1.0,1.88,1.98,1.91,2.0,1.91,1.98,1.87,1.9,2025,Football-Data.co.uk,https://www.football-data.co.uk/mmz4281/2526/D1.csv,,,,,,,1.68,4.6,5.1,1.44,3.15,2.05,1.91,,,,,,,1.62,5.0,5.2,1.39,3.5,1.95,2.01,1.6,4.5,5.0,1.58,4.6,4.9,1.55,4.2,4.6,1.61,4.5,4.6,1.61,4.5,4.6,1.57,4.6,5.0,1.58,4.5,5.0,1.55,4.75,5.0,1.57,4.6,4.8,1.57,4.6,4.8
D1,30/08/2025,14:30,Werder Bremen,Leverkusen,3,3,D,1.0,2.0,A,12.0,10.0,5.0,4.0,11.0,10.0,3.0,7.0,4.0,3.0,1.0,0.0,3.7,3.8,1.91,3.5,3.8,1.95,,,,3.82,3.87,1.94,,,,,,,3.75,4.0,1.95,3.56,3.83,1.91,1.57,2.38,1.6,2.44,1.57,2.5,1.54,2.38,0.5,1.93,1.93,1.95,1.95,1.93,1.93,1.88,1.87,3.6,3.9,1.91,3.5,3.9,1.93,,,,3.59,3.89,2.0,,,,,,,3.75,4.0,1.95,3.54,3.9,1.92,1.44,2.75,1.49,2.66,1.48,2.75,1.44,2.68,0.5,1.93,1.93,1.89,2.01,1.93,1.95,1.87,1.88,2025,Football-Data.co.uk,https://www.football-data.co.uk/mmz4281/2526/D1.csv,,,,,,,4.0,4.0,1.97,1.62,2.52,2.01,1.97,,,,,,,3.9,4.0,2.0,1.5,2.96,1.98,2.0,3.6,3.75,1.95,3.65,4.0,1.88,3.4,3.7,1.87,3.5,3.8,1.95,3.5,3.8,1.95,3.5,4.0,1.95,3.6,3.95,1.92,3.5,4.0,1.9,3.5,3.9,1.95,3.5,3.9,1.91
D1,30/08/2025,17:30,Augsburg,Bayern Munich,2,3,A,0.0,2.0,A,10.0,20.0,3.0,10.0,14.0,11.0,7.0,5.0,3.0,4.0,0.0,0.0,9.0,6.5,1.27,10.5,6.5,1.25,,,,9.88,6.53,1.27,,,,,,,11.0,6.75,1.27,9.87,6.41,1.24,1.33,3.4,1.34,3.24,1.35,3.4,1.32,3.23,1.75,1.98,1.88,1.99,1.9,2.02,1.9,1.93,1.82,9.0,6.0,1.29,9.25,6.0,1.29,,,,9.65,6.2,1.29,,,,,,,10.0,6.0,1.32,9.33,5.93,1.28,1.44,2.75,1.43,2.87,1.44,3.1,1.4,2.86,1.75,1.83,2.03,1.88,2.03,1.86,2.04,1.8,1.96,2025,Football-Data.co.uk,https://www.football-data.co.uk/mmz4281/2526/D1.csv,,,,,,,11.5,7.2,1.28,1.39,3.4,1.99,1.93,,,,,,,11.0,6.6,1.31,1.44,3.15,1.94,2.02,11.0,6.5,1.22,10.0,6.75,1.24,9.5,5.75,1.22,10.0,6.5,1.25,10.0,6.5,1.25,10.0,6.0,1.29,9.5,6.0,1.28,10.0,6.0,1.25,9.5,6.0,1.28,9.0,5.75,1.28
D1,31/08/2025,14:30,Wolfsburg,Mainz,1,1,D,1.0,0.0,H,11.0,17.0,3.0,3.0,15.0,14.0,3.0,10.0,3.0,5.0,1.0,0.0,2.0,3.6,3.5,2.1,3.6,3.3,,,,2.08,3.68,3.54,,,,,,,2.1,3.8,3.6,2.04,3.62,3.34,1.73,2.1,1.78,2.13,1.75,2.1,1.72,2.06,-0.5,2.03,1.83,2.09,1.83,2.05,1.83,2.01,1.76,2.15,3.5,3.2,2.15,3.6,3.25,,,,2.13,3.65,3.51,,,,,,,2.2,3.6,3.3,2.14,3.53,3.23,1.73,2.1,1.79,2.13,1.77,2.1,1.73,2.06,-0.25,1.9,1.95,1.85,2.08,1.9,1.98,1.81,1.94,2025,Football-Data.co.uk,https://www.football-data.co.uk/mmz4281/2526/D1.csv,,,,,,,2.12,3.7,3.7,1.81,2.16,2.12,1.86,,,,,,,2.24,3.65,3.5,1.82,2.18,1.93,2.04,2.05,3.6,3.4,2.06,3.8,3.3,1.95,3.5,3.3,2.1,3.6,3.3,2.1,3.6,3.25,2.15,3.5,3.25,2.1,3.6,3.3,2.15,3.6,3.13,2.15,3.6,3.25,2.1,3.5,3.2
D1,31/08/2025,16:30,Dortmund,Union Berlin,3,0,H,1.0,0.0,H,11.0,12.0,6.0,3.0,14.0,7.0,4.0,6.0,0.0,0.0,0.0,0.0,1.4,5.25,6.5,1.38,5.0,7.5,,,,1.4,5.3,7.28,,,,,,,1.41,5.3,8.0,1.38,5.06,7.02,1.5,2.63,1.54,2.59,1.53,2.63,1.49,2.53,-1.25,1.85,2.0,1.88,2.03,1.85,2.0,1.79,1.95,1.4,4.75,6.5,1.42,4.8,7.25,,,,1.41,5.29,7.35,,,,,,,1.46,5.1,8.0,1.41,4.84,6.88,1.57,2.38,1.55,2.6,1.6,2.45,1.56,2.36,-1.25,1.93,1.93,1.88,2.04,1.97,1.93,1.86,1.89,2025,Football-Data.co.uk,https://www.football-data.co.uk/mmz4281/2526/D1.csv,,,,,,,1.42,5.6,7.8,1.56,2.68,1.86,2.05,,,,,,,1.46,5.1,8.0,1.64,2.48,1.96,2.0,1.36,5.0,8.0,1.4,5.3,6.75,1.36,4.6,6.5,1.4,5.0,7.5,1.36,5.0,7.5,1.4,4.6,8.0,1.42,5.1,6.75,1.4,4.8,7.0,1.4,4.8,7.0,1.4,4.8,7.0
D1,31/08/2025,18:30,FC Koln,Freiburg,4,1,H,1.0,0.0,H,18.0,12.0,6.0,2.0,12.0,9.0,3.0,5.0,2.0,1.0,0.0,0.0,2.55,3.3,2.8,2.55,3.3,2.75,,,,2.66,3.38,2.77,,,,,,,2.6,3.35,2.85,2.5,3.26,2.74,2.03,1.83,2.03,1.87,2.03,1.83,1.97,1.79,0.0,1.85,2.0,1.91,2.0,1.85,2.0,1.81,1.93,2.6,3.3,2.7,2.55,3.3,2.75,,,,2.6,3.42,2.86,,,,,,,2.62,3.4,2.8,2.53,3.31,2.72,1.9,1.95,1.92,1.98,1.91,1.96,1.87,1.9,0.0,1.9,1.95,1.87,2.06,1.9,1.99,1.83,1.92,2025,Football-Data.co.uk,https://www.football-data.co.uk/mmz4281/2526/D1.csv,,,,,,,2.64,3.4,2.9,2.08,1.86,1.88,2.05,,,,,,,2.68,3.5,2.9,1.93,2.02,1.91,2.07,2.6,3.25,2.8,2.48,3.35,2.85,2.45,3.2,2.63,2.4,3.1,2.62,2.4,3.1,2.62,2.6,3.3,2.75,2.48,3.4,2.8,2.5,3.4,2.7,2.45,3.1,2.6,2.45,3.1,2.6
D1,12/09/2025,19:30,Leverkusen,Ein Frankfurt,3,1,H,2.0,0.0,H,18.0,13.0,8.0,2.0,10.0,9.0,4.0,8.0,5.0,3.0,2.0,0.0,2.1,3.8,3.2,2.1,3.9,3.1,,,,2.16,3.83,3.29,,,,,,,2.15,3.9,3.2,2.1,3.8,3.11,1.44,2.75,1.44,2.82,1.46,2.8,1.44,2.72,-0.25,1.85,2.0,1.89,2.03,1.86,2.0,1.82,1.95,2.15,3.6,3.1,2.15,3.7,3.1,,,,2.19,3.8,3.24,,,,,,,2.16,3.85,3.2,2.12,3.72,3.13,1.53,2.5,1.57,2.49,1.56,2.6,1.51,2.48,-0.25,1.88,1.98,1.93,2.0,1.88,1.98,1.84,1.95,2025,Football-Data.co.uk,https://www.football-data.co.uk/mmz4281/2526/D1.csv,,,,,,,2.22,3.95,3.35,1.48,3.0,1.93,2.06,,,,,,,2.22,3.75,3.45,1.6,2.62,1.92,2.06,2.15,3.75,3.1,2.08,3.75,3.2,2.1,3.9,3.0,2.1,3.9,3.1,2.1,3.8,3.1,2.15,3.75,3.1,2.1,3.85,3.15,2.1,3.8,3.1,2.15,3.7,3.1,2.15,3.7,3.1
D1,13/09/2025,14:30,Freiburg,Stuttgart,3,1,H,0.0,1.0,A,14.0,7.0,6.0,2.0,8.0,13.0,7.0,1.0,1.0,1.0,1.0,0.0,2.9,3.6,2.35,2.8,3.6,2.35,,,,2.92,3.64,2.41,,,,,,,3.0,3.7,2.37,2.84,3.59,2.29,1.57,2.38,1.61,2.41,1.63,2.38,1.58,2.29,0.25,1.8,2.05,1.83,2.1,1.89,2.05,1.8,1.93,2.63,3.5,2.63,2.65,3.5,2.55,,,,2.66,3.5,2.73,,,,,,,3.0,3.65,2.65,2.62,3.54,2.53,1.67,2.2,1.73,2.22,1.75,2.28,1.64,2.19,0.0,1.93,1.93,1.93,1.99,1.95,1.94,1.89,1.89,2025,Football-Data.co.uk,https://www.football-data.co.uk/mmz4281/2526/D1.csv,,,,,,,3.0,3.7,2.46,1.64,2.46,1.87,2.12,,,,,,,2.76,3.55,2.78,1.78,2.26,1.97,2.01,2.88,3.6,2.3,2.9,3.7,2.28,2.7,3.5,2.25,2.8,3.6,2.37,2.8,3.6,2.3,2.6,3.5,2.6,2.6,3.65,2.5,2.5,3.6,2.6,2.62,3.5,2.5,2.62,3.5,2.5
D1,13/09/2025,14:30,Heidenheim,Dortmund,0,2,A,0.0,2.0,A,6.0,17.0,1.0,8.0,5.0,9.0,5.0,4.0,2.0,3.0,1.0,0.0,5.5,4.5,1.55,5.0,4.4,1.58,,,,5.53,4.66,1.56,,,,,,,5.5,4.6,1.66,5.16,4.39,1.55,1.5,2.63,1.48,2.68,1.52,2.63,1.49,2.55,1.0,1.98,1.88,2.01,1.9,1.98,2.12,1.91,1.88,5.0,4.5,1.57,4.8,4.5,1.6,,,,5.34,4.54,1.6,,,,,,,5.33,4.5,1.62,4.98,4.44,1.58,1.44,2.75,1.47,2.75,1.5,2.75,1.46,2.63,1.0,1.93,1.93,1.95,1.97,1.93,1.97,1.87,1.91,2025,Football-Data.co.uk,https://www.football-data.co.uk/mmz4281/2526/D1.csv,,,,,,,5.8,4.7,1.61,1.53,2.72,2.0,1.93,,,,,,,5.6,4.5,1.66,1.5,2.92,1.93,2.06,5.5,4.33,1.57,5.4,4.5,1.54,5.0,4.2,1.5,5.0,4.4,1.57,5.0,4.33,1.57,5.0,4.33,1.6,5.2,4.5,1.57,5.0,4.5,1.55,4.8,4.5,1.6,4.8,4.5,1.6
D1,13/09/2025,14:30,Mainz,RB Leipzig,0,1,A,0.0,1.0,A,13.0,19.0,2.0,3.0,12.0,11.0,3.0,5.0,1.0,0.0,0.0,0.0,2.55,3.6,2.63,2.6,3.6,2.5,,,,2.6,3.7,2.64,,,,,,,2.66,3.75,2.7,2.56,3.58,2.53,1.67,2.2,1.63,2.36,1.67,2.3,1.63,2.21,0.0,1.9,1.95,1.93,1.97,1.95,2.0,1.82,1.92,2.35,3.8,2.8,2.35,3.7,2.8,,,,2.41,3.79,2.87,,,,,,,2.38,3.8,2.88,2.32,3.69,2.8,1.53,2.5,1.56,2.55,1.55,2.63,1.52,2.47,-0.25,2.05,1.8,2.11,1.83,2.05,1.81,2.01,1.78,2025,Football-Data.co.uk,https://www.football-data.co.uk/mmz4281/2526/D1.csv,,,,,,,2.74,3.7,2.68,1.66,2.38,2.0,1.97,,,,,,,2.44,3.9,2.94,1.58,2.68,2.13,1.87,2.6,3.5,2.6,2.63,3.7,2.48,2.45,3.5,2.45,2.62,3.6,2.5,2.6,3.5,2.5,2.3,3.6,2.88,2.33,3.8,2.8,2.3,3.75,2.75,2.3,3.7,2.8,2.3,3.6,2.8
D1,13/09/2025,14:30,Union Berlin,Hoffenheim,2,4,A,0.0,2.0,A,20.0,9.0,7.0,8.0,13.0,12.0,9.0,2.0,1.0,1.0,1.0,0.0,2.6,3.4,2.7,2.55,3.4,2.65,,,,2.66,3.51,2.68,,,,,,,2.62,3.5,2.8,2.56,3.39,2.64,1.88,1.98,1.92,1.97,1.93,1.98,1.86,1.9,0.0,1.93,1.93,1.94,1.96,1.93,2.07,1.8,1.96,2.88,3.4,2.45,2.7,3.4,2.55,,,,2.94,3.42,2.53,,,,,,,2.88,3.6,2.55,2.74,3.4,2.49,1.83,2.03,1.88,2.03,1.84,2.05,1.79,1.98,0.0,2.1,1.78,2.12,1.83,2.1,2.07,1.91,1.86,2025,Football-Data.co.uk,https://www.football-data.co.uk/mmz4281/2526/D1.csv,,,,,,,2.68,3.6,2.76,1.96,1.98,1.95,2.0,,,,,,,2.94,3.5,2.6,1.9,2.08,2.11,1.87,2.6,3.3,2.75,2.55,3.5,2.65,2.5,3.3,2.55,2.6,3.4,2.62,2.6,3.4,2.62,2.8,3.4,2.5,2.63,3.6,2.5,2.8,3.3,2.45,2.7,3.4,2.5,2.7,3.4,2.5
D1,13/09/2025,14:30,Wolfsburg,FC Koln,3,3,D,1.0,1.0,D,14.0,14.0,6.0,8.0,15.0,11.0,7.0,4.0,2.0,3.0,0.0,0.0,1.95,3.5,3.9,2.0,3.5,3.7,,,,2.01,3.61,3.85,,,,,,,2.0,3.8,3.95,1.96,3.56,3.66,1.8,2.0,1.81,2.08,1.85,2.05,1.78,1.98,-0.5,2.0,1.85,2.02,1.89,2.0,1.98,1.93,1.84,1.91,3.6,3.75,1.93,3.7,3.7,,,,1.97,3.71,3.97,,,,,,,1.95,3.8,4.0,1.92,3.65,3.76,1.73,2.1,1.76,2.17,1.8,2.15,1.73,2.06,-0.5,1.95,1.9,1.98,1.94,1.95,1.98,1.88,1.88,2025,Football-Data.co.uk,https://www.football-data.co.uk/mmz4281/2526/D1.csv,,,,,,,2.06,3.7,4.0,1.83,2.12,2.06,1.92,,,,,,,1.98,3.8,4.2,1.77,2.24,1.98,2.01,2.0,3.6,3.6,1.94,3.65,3.8,1.93,3.5,3.4,2.0,3.5,3.7,2.0,3.5,3.6,1.95,3.6,3.75,1.94,3.65,3.8,1.9,3.7,3.75,1.95,3.7,3.7,1.95,3.6,3.7
D1,13/09/2025,17:30,Bayern Munich,Hamburg,5,0,H,4.0,0.0,H,22.0,9.0,12.0,2.0,11.0,14.0,5.0,3.0,2.0,2.0,0.0,0.0,1.06,12.0,26.0,1.08,13.5,26.0,,,,1.07,14.97,29.41,,,,,,,1.08,13.5,31.0,1.06,11.91,26.44,1.22,4.33,1.32,3.2,1.22,4.6,1.2,4.25,-3.0,1.98,1.88,1.96,1.91,2.2,1.98,1.91,1.88,1.06,12.0,23.0,1.08,13.5,26.0,,,,1.08,16.5,21.0,,,,,,,1.08,14.0,29.0,1.07,12.59,25.03,1.14,5.5,1.32,3.2,1.17,6.0,1.15,5.3,-3.0,1.85,2.0,1.88,1.98,1.87,2.04,1.81,1.98,2025,Football-Data.co.uk,https://www.football-data.co.uk/mmz4281/2526/D1.csv,,,,,,,1.08,17.0,42.0,1.24,4.8,1.97,1.92,,,,,,,1.08,19.5,38.0,1.17,6.4,1.95,2.04,1.07,12.0,29.0,1.06,13.0,31.0,1.06,9.5,21.0,1.08,13.0,26.0,1.07,13.0,23.0,1.07,12.0,26.0,1.06,14.0,29.0,1.06,13.0,26.0,1.07,13.0,26.0,1.07,13.0,26.0
D1,14/09/2025,14:30,St Pauli,Augsburg,2,1,H,1.0,1.0,D,13.0,10.0,7.0,5.0,10.0,12.0,3.0,1.0,1.0,4.0,0.0,0.0,2.2,3.4,3.3,2.2,3.3,3.3,,,,2.23,3.39,3.46,,,,,,,2.25,3.4,3.33,2.19,3.31,3.25,2.1,1.73,2.15,1.76,2.1,1.75,2.04,1.73,-0.25,1.88,1.98,1.92,1.99,1.9,1.98,1.88,1.9,2.1,3.5,3.3,2.1,3.4,3.5,,,,2.23,3.32,3.6,,,,,,,2.18,3.5,3.55,2.11,3.37,3.43,1.9,1.95,2.17,1.75,2.1,1.95,1.96,1.82,-0.25,1.8,2.05,1.91,2.02,1.9,2.05,1.81,1.98,2025,Football-Data.co.uk,https://www.football-data.co.uk/mmz4281/2526/D1.csv,,,,,,,2.24,3.45,3.6,2.16,1.81,1.93,2.04,,,,,,,2.22,3.4,3.85,2.12,1.87,1.89,2.11,2.25,3.25,3.3,2.2,3.4,3.2,2.1,3.2,3.2,2.2,3.3,3.3,2.2,3.3,3.25,2.1,3.4,3.4,2.1,3.4,3.55,2.1,3.4,3.4,2.1,3.4,3.5,2.1,3.3,3.4
D1,14/09/2025,16:30,M'gladbach,Werder Bremen,0,4,A,0.0,2.0,A,19.0,12.0,3.0,7.0,12.0,9.0,9.0,4.0,1.0,0.0,0.0,0.0,1.95,3.9,3.4,1.95,3.8,3.5,,,,2.0,4.11,3.44,,,,,,,1.98,4.2,4.25,1.92,3.92,3.46,1.5,2.63,1.5,2.67,1.52,2.63,1.48,2.55,-0.5,1.98,1.88,2.01,1.9,1.98,2.12,1.9,1.87,2.1,3.9,3.0,2.1,3.8,3.1,,,,2.05,4.08,3.38,,,,,,,2.15,4.0,3.2,2.09,3.89,3.09,1.44,2.75,1.39,3.09,1.44,3.0,1.42,2.79,-0.25,1.85,2.0,1.81,2.12,1.85,2.0,1.82,1.96,2025,Football-Data.co.uk,https://www.football-data.co.uk/mmz4281/2526/D1.csv,,,,,,,2.04,4.0,3.7,1.52,2.8,2.04,1.92,,,,,,,2.16,4.0,3.4,1.48,3.0,1.89,2.11,1.95,4.0,3.5,1.93,4.1,3.45,1.93,3.75,3.2,1.95,3.8,3.5,1.95,3.8,3.5,2.05,4.0,3.2,2.1,4.0,3.1,2.1,4.0,3.0,2.1,3.8,3.1,2.1,3.8,3.1
D1,19/09/2025,19:30,Stuttgart,St Pauli,2,0,H,1.0,0.0,H,17.0,9.0,8.0,2.0,13.0,15.0,8.0,4.0,0.0,2.0,0.0,0.0,1.75,4.1,4.2,1.78,3.8,4.2,,,,1.78,4.0,4.46,,,,,,,1.8,4.1,4.6,1.75,3.89,4.33,1.73,2.1,1.74,2.18,1.75,2.15,1.7,2.1,-0.75,2.0,1.85,2.01,1.89,2.0,1.9,1.92,1.85,1.8,3.9,4.0,1.87,3.8,3.8,,,,1.8,4.09,4.37,,,,,,,1.87,4.0,4.0,1.82,3.88,3.89,1.62,2.3,1.66,2.32,1.62,2.38,1.6,2.28,-0.5,1.78,2.03,1.79,2.13,1.86,2.03,1.8,1.96,2025,Football-Data.co.uk,https://www.football-data.co.uk/mmz4281/2526/D1.csv,,,,,,,1.82,4.1,4.7,1.78,2.24,2.04,1.92,,,,,,,1.95,4.0,4.1,1.65,2.48,1.95,2.04,1.73,3.75,4.6,1.73,4.0,4.4,1.73,3.9,4.4,1.8,3.8,4.2,1.8,3.8,4.2,1.83,3.75,4.0,1.83,3.95,3.95,1.8,3.9,4.0,1.85,3.8,3.8,1.85,3.8,3.8
D1,20/09/2025,14:30,Augsburg,Mainz,1,4,A,0.0,2.0,A,18.0,12.0,5.0,4.0,13.0,10.0,6.0,6.0,1.0,2.0,0.0,1.0,2.7,3.4,2.6,2.65,3.3,2.6,,,,2.77,3.47,2.61,,,,,,,2.75,3.5,2.62,2.66,3.34,2.55,1.93,1.93,1.92,1.97,1.93,1.95,1.88,1.87,0.0,1.98,1.88,2.01,1.89,2.02,1.88,1.96,1.79,2.63,3.5,2.63,2.65,3.4,2.6,,,,2.75,3.42,2.69,,,,,,,2.65,3.6,2.66,2.61,3.47,2.58,1.67,2.2,1.96,1.94,1.79,2.2,1.72,2.08,0.0,1.95,1.9,1.98,1.94,2.02,1.91,1.93,1.83,2025,Football-Data.co.uk,https://www.football-data.co.uk/mmz4281/2526/D1.csv,,,,,,,2.84,3.45,2.72,1.96,1.99,2.03,1.94,,,,,,,2.78,3.6,2.72,1.79,2.24,2.02,1.96,2.75,3.3,2.6,2.7,3.5,2.5,2.6,3.25,2.5,2.62,3.3,2.62,2.62,3.3,2.6,2.63,3.4,2.6,2.6,3.55,2.6,2.6,3.6,2.5,2.62,3.4,2.6,2.62,3.4,2.6
D1,20/09/2025,14:30,Hamburg,Heidenheim,2,1,H,1.0,0.0,H,22.0,20.0,9.0,8.0,15.0,10.0,1.0,12.0,5.0,1.0,0.0,0.0,2.05,3.6,3.5,2.05,3.5,3.6,,,,2.1,3.53,3.66,,,,,,,2.1,3.65,3.66,2.02,3.51,3.45,1.8,2.0,1.85,2.04,1.8,2.02,1.77,2.0,-0.5,2.05,1.8,2.11,1.82,2.05,1.8,2.0,1.77,1.75,3.9,4.5,1.77,3.9,4.2,,,,1.88,3.89,4.18,,,,,,,1.81,4.0,4.5,1.77,3.87,4.2,1.67,2.2,1.68,2.29,1.67,2.28,1.64,2.21,-0.75,1.98,1.88,2.12,1.79,2.02,1.88,1.97,1.81,2025,Football-Data.co.uk,https://www.football-data.co.uk/mmz4281/2526/D1.csv,,,,,,,2.14,3.7,3.65,1.87,2.08,2.14,1.84,,,,,,,1.84,4.1,4.6,1.69,2.4,2.03,1.94,2.1,3.5,3.4,2.04,3.65,3.45,2.0,3.4,3.25,1.95,3.3,3.4,2.0,3.5,3.6,1.8,3.75,4.2,1.8,3.95,4.1,1.73,3.9,4.33,1.8,3.9,4.2,1.75,3.9,4.2
D1,20/09/2025,14:30,Hoffenheim,Bayern Munich,1,4,A,0.0,1.0,A,12.0,18.0,4.0,10.0,17.0,9.0,5.0,5.0,1.0,2.0,0.0,0.0,7.0,6.0,1.33,7.5,5.75,1.35,,,,7.87,6.19,1.33,,,,,,,8.0,6.0,1.35,7.48,5.7,1.32,1.29,3.75,1.32,3.45,1.33,3.75,1.3,3.38,1.5,2.0,1.85,2.04,1.87,2.0,1.85,1.95,1.81,7.5,5.25,1.36,7.0,5.5,1.37,,,,8.29,6.37,1.31,,,,,,,7.5,5.6,1.4,6.98,5.37,1.37,1.33,3.4,1.32,3.45,1.35,3.5,1.32,3.26,1.5,1.88,1.98,2.08,1.81,1.9,1.98,1.85,1.91,2025,Football-Data.co.uk,https://www.football-data.co.uk/mmz4281/2526/D1.csv,,,,,,,8.8,6.4,1.35,1.34,3.75,2.05,1.88,,,,,,,8.2,5.7,1.41,1.39,3.45,1.9,2.09,8.0,5.5,1.33,8.0,6.0,1.32,7.0,5.25,1.3,7.5,5.75,1.35,7.5,5.5,1.35,7.0,5.5,1.36,6.75,5.6,1.38,7.5,5.5,1.33,7.0,5.5,1.36,6.5,5.25,1.4
D1,20/09/2025,14:30,Werder Bremen,Freiburg,0,3,A,0.0,1.0,A,12.0,10.0,5.0,5.0,13.0,7.0,2.0,0.0,5.0,2.0,0.0,0.0,2.38,3.6,2.8,2.4,3.5,2.75,,,,2.38,3.81,2.86,,,,,,,2.43,3.75,2.8,2.37,3.59,2.72,1.62,2.3,1.63,2.36,1.62,2.3,1.6,2.26,-0.25,2.05,1.8,2.09,1.83,2.1,1.8,2.04,1.74,2.35,3.6,2.88,2.4,3.5,2.75,,,,2.51,3.68,2.79,,,,,,,2.45,3.7,2.9,2.37,3.55,2.79,1.73,2.1,1.64,2.38,1.73,2.25,1.64,2.2,-0.25,2.05,1.8,2.18,1.76,2.1,1.8,2.04,1.75,2025,Football-Data.co.uk,https://www.football-data.co.uk/mmz4281/2526/D1.csv,,,,,,,2.5,3.75,2.9,1.64,2.44,2.17,1.82,,,,,,,2.54,3.65,2.96,1.73,2.34,2.19,1.82,2.38,3.6,2.8,2.43,3.75,2.65,2.3,3.5,2.63,2.4,3.5,2.75,2.4,3.5,2.75,2.4,3.5,2.8,2.35,3.7,2.8,2.38,3.6,2.75,2.4,3.5,2.75,2.4,3.5,2.75
D1,20/09/2025,17:30,RB Leipzig,FC Koln,3,1,H,3.0,1.0,H,18.0,13.0,8.0,2.0,10.0,8.0,9.0,5.0,1.0,1.0,0.0,0.0,1.65,4.33,4.5,1.68,4.1,4.6,,,,1.68,4.39,4.73,,,,,,,1.7,4.35,4.8,1.65,4.15,4.61,1.53,2.5,1.57,2.5,1.6,2.5,1.55,2.37,-0.75,1.83,2.03,1.85,2.06,1.83,2.03,1.79,1.98,1.9,4.0,3.75,1.9,4.0,3.6,,,,1.95,3.9,3.84,,,,,,,1.91,4.2,3.8,1.86,4.01,3.64,1.4,3.0,1.49,2.72,1.43,3.13,1.4,2.88,-0.5,1.88,1.98,1.96,1.96,1.88,2.0,1.82,1.94,2025,Football-Data.co.uk,https://www.football-data.co.uk/mmz4281/2526/D1.csv,,,,,,,1.75,4.4,4.9,1.61,2.54,1.94,2.03,,,,,,,1.98,4.0,4.0,1.44,3.15,1.97,2.01,1.67,4.2,4.6,1.63,4.35,4.8,1.6,4.0,4.5,1.67,4.2,4.6,1.67,4.0,4.6,1.9,4.0,3.6,1.81,4.2,3.8,1.83,4.1,3.6,1.91,4.0,3.6,1.85,3.9,3.6
D1,21/09/2025,14:30,Ein Frankfurt,Union Berlin,3,4,A,1.0,2.0,A,19.0,11.0,10.0,5.0,10.0,11.0,5.0,1.0,3.0,2.0,0.0,0.0,1.57,4.33,5.5,1.58,4.33,5.25,,,,1.58,4.47,5.57,,,,,,,1.58,4.6,5.5,1.55,4.27,5.27,1.57,2.38,1.63,2.38,1.62,2.38,1.58,2.29,-1.0,1.93,1.93,1.96,1.94,1.95,1.93,1.89,1.88,1.62,4.2,4.75,1.61,4.2,5.0,,,,1.65,4.38,5.03,,,,,,,1.66,4.25,5.1,1.62,4.17,4.92,1.62,2.3,1.57,2.5,1.63,2.38,1.59,2.3,-1.0,2.05,1.8,2.09,1.85,2.08,1.8,2.03,1.77,2025,Football-Data.co.uk,https://www.football-data.co.uk/mmz4281/2526/D1.csv,,,,,,,1.6,4.4,6.0,1.66,2.42,1.97,1.96,,,,,,,1.7,4.4,5.3,1.68,2.44,2.14,1.84,1.57,4.2,5.5,1.54,4.6,5.4,1.53,4.0,5.0,1.57,4.33,5.25,1.57,4.2,5.25,1.62,4.2,5.0,1.66,4.25,4.7,1.6,4.2,5.0,1.6,4.2,5.0,1.6,4.2,5.0
D1,21/09/2025,16:30,Leverkusen,M'gladbach,1,1,D,0.0,0.0,D,13.0,13.0,9.0,7.0,12.0,15.0,3.0,4.0,5.0,5.0,0.0,0.0,1.57,5.0,4.5,1.58,4.4,5.0,,,,1.56,4.77,5.33,,,,,,,1.58,5.0,5.5,1.55,4.52,5.01,1.44,2.75,1.48,2.7,1.48,2.9,1.43,2.7,-1.0,1.93,1.93,1.93,1.97,1.93,1.95,1.86,1.91,1.5,4.5,6.25,1.52,4.4,5.75,,,,1.56,4.48,5.96,,,,,,,1.54,4.6,6.25,1.51,4.45,5.74,1.57,2.38,1.62,2.38,1.62,2.48,1.56,2.36,-1.0,1.83,2.03,1.92,2.01,1.85,2.03,1.82,1.97,2025,Football-Data.co.uk,https://www.football-data.co.uk/mmz4281/2526/D1.csv,,,,,,,1.6,5.1,5.5,1.5,2.86,1.97,1.96,,,,,,,1.55,4.8,6.6,1.64,2.54,1.89,2.09,1.53,4.5,5.5,1.54,4.75,5.1,1.5,4.2,5.0,1.57,4.4,5.0,1.57,4.4,5.0,1.53,4.33,6.0,1.54,4.6,5.5,1.5,4.4,5.75,1.53,4.4,6.0,1.5,4.4,5.75
D1,21/09/2025,18:30,Dortmund,Wolfsburg,1,0,H,1.0,0.0,H,12.0,10.0,4.0,1.0,10.0,9.0,9.0,3.0,1.0,0.0,0.0,0.0,1.5,5.0,5.5,1.49,4.75,5.75,,,,1.52,5.13,5.42,,,,,,,1.52,5.0,6.5,1.47,4.72,5.78,1.44,2.75,1.44,2.84,1.48,2.8,1.44,2.67,-1.25,2.05,1.8,2.09,1.83,2.05,1.86,1.95,1.81,1.53,4.5,5.25,1.53,4.6,5.5,,,,1.59,4.66,5.27,,,,,,,1.55,4.75,5.5,1.52,4.57,5.36,1.44,2.75,1.46,2.79,1.45,2.88,1.43,2.72,-1.0,1.85,2.0,1.96,1.96,1.86,2.0,1.82,1.95,2025,Football-Data.co.uk,https://www.football-data.co.uk/mmz4281/2526/D1.csv,,,,,,,1.53,5.1,6.4,1.48,2.92,2.08,1.86,,,,,,,1.58,5.0,5.8,1.47,3.05,1.91,2.06,1.44,4.6,6.5,1.46,5.0,6.1,1.44,4.4,5.5,1.5,4.8,5.75,1.5,4.6,5.75,1.53,4.6,5.5,1.54,4.7,5.3,1.5,4.6,5.5,1.55,4.5,5.25,1.53,4.4,5.25
D1,26/09/2025,19:30,Bayern Munich,Werder Bremen,4,0,H,2.0,0.0,H,26.0,9.0,13.0,3.0,9.0,4.0,7.0,6.0,2.0,0.0,0.0,0.0,1.09,11.0,21.0,1.1,12.5,19.0,,,,1.09,12.5,26.0,,,,,,,1.1,12.5,22.0,1.09,10.97,20.23,1.2,4.5,,,1.2,5.25,1.17,4.79,-2.75,1.88,1.98,1.88,2.01,1.88,2.0,1.84,1.94,1.09,11.0,21.0,1.12,11.5,16.5,,,,1.1,12.0,26.0,,,,,,,1.12,11.5,21.0,1.1,10.52,18.3,1.2,4.5,,,1.2,4.8,1.19,4.49,-2.5,1.8,2.0,1.83,2.04,1.81,2.07,1.77,1.99,2025,Football-Data.co.uk,https://www.football-data.co.uk/mmz4281/2526/D1.csv,,,,,,,1.11,14.0,32.0,1.2,5.7,1.95,2.0,,,,,,,1.12,13.0,28.0,1.23,5.1,1.9,2.07,1.1,10.0,21.0,1.09,11.0,21.0,1.07,11.5,22.0,1.1,12.0,19.0,1.1,12.0,19.0,1.11,10.0,19.0,1.1,11.0,19.0,1.09,10.5,20.0,1.11,11.0,17.0,1.11,11.0,15.0
D1,27/09/2025,14:30,Heidenheim,Augsburg,2,1,H,0.0,0.0,D,11.0,8.0,5.0,2.0,16.0,20.0,3.0,2.0,1.0,6.0,0.0,0.0,2.7,3.5,2.5,2.75,3.5,2.45,,,,2.77,3.65,2.51,,,,,,,2.8,3.66,2.5,2.69,3.46,2.46,1.73,2.1,1.75,2.17,1.8,2.12,1.74,2.03,0.0,2.03,1.83,2.06,1.86,2.03,1.85,1.97,1.8,2.9,3.5,2.35,2.75,3.5,2.45,,,,2.85,3.56,2.53,,,,,,,2.9,3.5,2.45,2.82,3.46,2.39,1.73,2.1,1.81,2.09,1.77,2.1,1.73,2.07,0.25,1.83,2.03,1.76,2.18,1.83,2.08,1.76,1.98,2025,Football-Data.co.uk,https://www.football-data.co.uk/mmz4281/2526/D1.csv,,,,,,,2.84,3.65,2.62,1.81,2.16,2.07,1.9,,,,,,,3.0,3.65,2.52,1.83,2.16,1.85,2.17,2.75,3.4,2.5,2.7,3.55,2.5,2.6,3.4,2.38,2.75,3.5,2.45,2.7,3.4,2.45,2.8,3.5,2.4,2.85,3.5,2.43,2.88,3.5,2.3,2.75,3.5,2.45,2.75,3.5,2.45
D1,27/09/2025,14:30,Mainz,Dortmund,0,2,A,0.0,2.0,A,8.0,10.0,2.0,4.0,12.0,14.0,7.0,5.0,2.0,1.0,1.0,0.0,3.2,3.7,2.1,3.1,3.8,2.15,,,,3.32,3.79,2.13,,,,,,,3.3,3.9,2.15,3.14,3.74,2.08,1.62,2.3,1.63,2.37,1.62,2.45,1.57,2.33,0.25,2.03,1.83,2.04,1.87,2.03,1.83,1.97,1.76,3.4,3.8,2.0,3.4,3.75,2.0,,,,3.53,3.83,2.06,,,,,,,3.55,3.95,2.08,3.39,3.76,2.0,1.57,2.38,1.63,2.41,1.66,2.45,1.56,2.36,0.5,1.83,2.03,1.86,2.07,1.87,2.05,1.81,1.96,2025,Football-Data.co.uk,https://www.football-data.co.uk/mmz4281/2526/D1.csv,,,,,,,3.4,3.85,2.18,1.66,2.44,2.07,1.89,,,,,,,3.6,3.95,2.12,1.64,2.54,1.9,2.08,3.3,3.75,2.05,3.2,3.9,2.07,3.0,3.6,2.05,3.1,3.8,2.15,3.0,3.75,2.15,3.5,3.75,2.0,3.55,3.95,1.94,3.3,3.8,2.0,3.4,3.75,2.0,3.4,3.7,2.0
D1,27/09/2025,14:30,St Pauli,Leverkusen,1,2,A,1.0,1.0,D,13.0,5.0,6.0,4.0,13.0,11.0,13.0,1.0,3.0,5.0,0.0,0.0,3.1,3.6,2.2,3.1,3.5,2.2,,,,3.28,3.55,2.24,,,,,,,3.2,3.6,2.25,3.12,3.45,2.18,1.88,1.98,1.91,1.98,1.91,1.98,1.84,1.92,0.25,1.93,1.93,1.96,1.94,1.93,1.93,1.89,1.83,3.0,3.4,2.38,2.95,3.4,2.3,,,,3.37,3.54,2.23,,,,,,,3.1,3.5,2.38,2.97,3.42,2.32,1.85,2.0,1.95,1.95,1.85,2.05,1.82,1.95,0.0,2.15,1.68,2.46,1.62,2.16,1.7,2.13,1.68,2025,Football-Data.co.uk,https://www.football-data.co.uk/mmz4281/2526/D1.csv,,,,,,,3.3,3.65,2.32,1.93,2.0,1.97,2.0,,,,,,,3.15,3.5,2.48,1.92,2.06,2.26,1.78,3.2,3.4,2.25,3.15,3.55,2.18,3.1,3.3,2.1,3.1,3.5,2.2,3.1,3.5,2.2,3.1,3.4,2.3,3.0,3.5,2.3,2.9,3.5,2.3,3.0,3.4,2.3,3.0,3.4,2.3
D1,27/09/2025,14:30,Wolfsburg,RB Leipzig,0,1,A,0.0,1.0,A,22.0,20.0,4.0,6.0,7.0,9.0,6.0,11.0,2.0,2.0,0.0,0.0,2.55,3.6,2.6,2.6,3.7,2.5,,,,2.6,3.75,2.61,,,,,,,2.6,3.75,2.6,2.54,3.65,2.5,1.53,2.5,1.54,2.59,1.53,2.5,1.51,2.47,0.0,1.93,1.93,1.95,1.95,1.93,1.93,1.88,1.88,2.63,3.6,2.5,2.6,3.6,2.5,,,,2.63,3.73,2.63,,,,,,,2.63,3.8,2.54,2.59,3.65,2.48,1.44,2.75,1.54,2.59,1.52,2.75,1.48,2.58,0.0,1.98,1.88,1.96,1.96,1.98,1.88,1.93,1.84,2025,Football-Data.co.uk,https://www.football-data.co.uk/mmz4281/2526/D1.csv,,,,,,,2.74,3.85,2.62,1.56,2.66,2.03,1.95,,,,,,,2.78,3.85,2.62,1.54,2.8,2.05,1.94,2.5,3.6,2.6,2.6,3.75,2.48,2.45,3.6,2.4,2.6,3.7,2.5,2.6,3.6,2.5,2.63,3.6,2.5,2.6,3.8,2.5,2.55,3.8,2.45,2.6,3.6,2.5,2.6,3.6,2.5
D1,27/09/2025,17:30,M'gladbach,Ein Frankfurt,4,6,A,0.0,5.0,A,11.0,21.0,8.0,7.0,14.0,8.0,4.0,6.0,1.0,2.0,0.0,0.0,3.1,3.6,2.2,2.95,3.7,2.2,,,,3.2,3.59,2.26,,,,,,,3.2,3.8,2.25,2.98,3.68,2.18,1.53,2.5,1.52,2.56,1.53,2.65,1.48,2.56,0.25,1.93,1.93,1.93,1.97,1.93,1.93,1.89,1.84,3.0,3.6,2.25,2.87,3.7,2.25,,,,3.08,3.72,2.3,,,,,,,3.0,3.75,2.33,2.9,3.63,2.26,1.57,2.38,1.56,2.52,1.58,2.5,1.53,2.44,0.25,1.83,2.03,1.91,2.01,1.85,2.03,1.8,1.92,2025,Football-Data.co.uk,https://www.football-data.co.uk/mmz4281/2526/D1.csv,,,,,,,3.2,3.8,2.32,1.54,2.72,1.95,2.01,,,,,,,3.05,3.75,2.44,1.61,2.58,1.89,2.11,3.0,3.75,2.2,3.05,3.8,2.16,2.8,3.7,2.1,3.0,3.7,2.2,3.0,3.7,2.2,3.0,3.6,2.25,2.9,3.65,2.3,2.8,3.75,2.25,2.87,3.7,2.25,2.87,3.7,2.25
D1,28/09/2025,14:30,Freiburg,Hoffenheim,1,1,D,1.0,1.0,D,6.0,15.0,1.0,4.0,9.0,15.0,6.0,8.0,3.0,1.0,0.0,0.0,2.25,3.4,3.1,2.2,3.6,3.0,,,,2.27,3.66,3.13,,,,,,,2.25,3.75,3.14,2.19,3.59,3.01,1.62,2.3,1.63,2.36,1.62,2.35,1.58,2.28,-0.25,1.98,1.88,1.98,1.93,1.98,1.91,1.89,1.88,2.3,3.4,3.1,2.3,3.3,3.1,,,,2.36,3.55,3.1,,,,,,,2.33,3.5,3.2,2.29,3.35,3.08,1.85,2.0,1.65,2.31,1.85,2.14,1.77,2.01,-0.25,2.0,1.85,2.05,1.88,2.0,1.85,1.95,1.82,2025,Football-Data.co.uk,https://www.football-data.co.uk/mmz4281/2526/D1.csv,,,,,,,2.32,3.65,3.25,1.65,2.44,2.01,1.95,,,,,,,2.4,3.55,3.3,1.88,2.08,2.06,1.93,2.25,3.6,3.0,2.16,3.75,3.1,2.15,3.5,2.88,2.2,3.6,3.1,2.2,3.6,3.0,2.3,3.4,3.1,2.3,3.5,3.0,2.25,3.4,3.1,2.3,3.3,3.1,2.3,3.25,3.1
D1,28/09/2025,16:30,FC Koln,Stuttgart,1,2,A,1.0,1.0,D,14.0,15.0,6.0,5.0,12.0,12.0,8.0,8.0,2.0,2.0,0.0,0.0,2.9,3.5,2.35,2.8,3.7,2.3,,,,2.91,3.68,2.39,,,,,,,2.9,3.8,2.38,2.78,3.64,2.29,1.53,2.5,1.56,2.53,1.55,2.5,1.53,2.41,0.25,1.83,2.03,1.83,2.09,1.83,2.03,1.77,1.93,2.5,3.7,2.63,2.55,3.7,2.55,,,,2.61,3.72,2.66,,,,,,,2.6,3.7,2.63,2.53,3.62,2.55,1.5,2.63,1.56,2.5,1.54,2.63,1.5,2.51,0.0,1.88,1.98,1.94,1.98,1.9,1.98,1.87,1.89,2025,Football-Data.co.uk,https://www.football-data.co.uk/mmz4281/2526/D1.csv,,,,,,,2.98,3.8,2.46,1.59,2.6,1.86,2.13,,,,,,,2.62,3.9,2.74,1.55,2.74,1.95,2.03,2.88,3.6,2.3,2.8,3.8,2.3,2.7,3.6,2.2,2.8,3.7,2.3,2.75,3.7,2.3,2.6,3.6,2.5,2.55,3.6,2.6,2.6,3.6,2.5,2.5,3.7,2.6,2.5,3.6,2.5
D1,28/09/2025,18:30,Union Berlin,Hamburg,0,0,D,0.0,0.0,D,11.0,16.0,2.0,6.0,18.0,17.0,5.0,3.0,2.0,2.0,0.0,1.0,1.95,3.4,4.0,2.0,3.6,3.5,,,,1.99,3.7,3.82,,,,,,,2.05,3.65,4.0,1.97,3.53,3.61,1.8,2.0,1.79,2.11,1.84,2.0,1.78,1.97,-0.5,1.98,1.88,2.0,1.91,2.0,1.88,1.94,1.83,1.95,3.6,3.8,1.98,3.5,3.7,,,,2.01,3.61,3.95,,,,,,,2.0,3.65,3.8,1.97,3.57,3.65,1.8,2.0,1.92,1.99,1.81,2.05,1.78,2.0,-0.5,1.98,1.88,2.02,1.91,1.98,1.88,1.93,1.82,2025,Football-Data.co.uk,https://www.football-data.co.uk/mmz4281/2526/D1.csv,,,,,,,2.02,3.65,4.1,1.84,2.12,2.02,1.96,,,,,,,2.04,3.8,4.0,1.84,2.16,2.04,1.94,2.0,3.6,3.6,1.97,3.65,3.7,1.91,3.4,3.5,2.05,3.6,3.5,2.0,3.5,3.5,1.95,3.6,3.75,1.98,3.65,3.65,1.95,3.6,3.6,2.0,3.5,3.7,1.95,3.5,3.6
D1,03/10/2025,19:30,Hoffenheim,FC Koln,0,1,A,0.0,1.0,A,15.0,10.0,4.0,4.0,15.0,6.0,11.0,6.0,3.0,1.0,0.0,0.0,1.91,3.7,3.75,1.88,3.8,3.75,,,,1.93,3.98,3.79,,,,,,,1.95,3.95,3.75,1.91,3.82,3.61,1.57,2.38,1.57,2.45,1.58,2.5,1.53,2.42,-0.5,1.9,1.95,1.93,1.97,1.92,1.95,1.88,1.87,1.95,3.7,3.6,1.93,3.8,3.6,,,,1.92,3.95,3.92,,,,,,,2.0,3.85,3.7,1.94,3.76,3.56,1.57,2.38,1.57,2.5,1.62,2.5,1.55,2.39,-0.5,1.98,1.88,1.93,1.99,1.98,1.91,1.9,1.86,2025,Football-Data.co.uk,https://www.football-data.co.uk/mmz4281/2526/D1.csv,,,,,,,2.0,4.0,3.9,1.6,2.62,2.0,1.99,,,,,,,2.02,3.9,3.95,1.63,2.56,2.02,1.96,1.95,3.75,3.6,1.93,3.95,3.55,1.93,3.8,3.5,1.91,3.9,3.75,1.85,3.8,3.7,1.95,3.75,3.6,1.95,3.85,3.6,1.95,3.8,3.4,1.95,3.8,3.6,1.91,3.75,3.6
D1,04/10/2025,14:30,Augsburg,Wolfsburg,3,1,H,1.0,0.0,H,10.0,14.0,5.0,4.0,9.0,7.0,10.0,5.0,2.0,1.0,0.0,0.0,2.75,3.5,2.45,2.7,3.6,2.45,,,,2.86,3.58,2.48,,,,,,,2.8,3.65,2.45,2.71,3.53,2.42,1.73,2.1,1.75,2.17,1.74,2.14,1.7,2.09,0.0,2.03,1.83,2.1,1.82,2.03,1.83,1.98,1.79,2.55,3.5,2.63,2.5,3.5,2.65,,,,2.64,3.58,2.71,,,,,,,2.6,3.65,2.8,2.5,3.51,2.67,1.67,2.2,1.78,2.15,1.73,2.2,1.67,2.15,0.0,1.88,1.98,1.93,1.99,1.88,2.0,1.83,1.94,2025,Football-Data.co.uk,https://www.football-data.co.uk/mmz4281/2526/D1.csv,,,,,,,2.9,3.65,2.6,1.78,2.22,2.1,1.89,,,,,,,2.64,3.6,2.86,1.72,2.34,1.92,2.06,2.8,3.5,2.4,2.75,3.65,2.43,2.6,3.4,2.38,2.7,3.6,2.45,2.7,3.6,2.45,2.5,3.5,2.75,2.5,3.65,2.7,2.5,3.6,2.6,2.5,3.5,2.62,2.5,3.5,2.62
D1,04/10/2025,14:30,Dortmund,RB Leipzig,1,1,D,1.0,1.0,D,15.0,13.0,3.0,3.0,13.0,14.0,7.0,7.0,1.0,3.0,0.0,0.0,1.7,4.5,4.2,1.7,4.4,4.2,,,,1.7,4.67,4.25,,,,,,,1.7,4.5,4.25,1.68,4.36,4.14,1.36,3.2,1.37,3.16,1.38,3.2,1.36,3.03,-0.75,1.85,2.0,1.88,2.03,1.85,2.0,1.82,1.96,1.67,4.75,4.2,1.7,4.5,4.1,,,,1.71,4.63,4.29,,,,,,,1.7,4.75,4.33,1.67,4.5,4.12,1.3,3.5,1.34,3.38,1.33,3.6,1.3,3.4,-0.75,1.83,2.03,1.89,2.04,1.84,2.03,1.81,1.96,2025,Football-Data.co.uk,https://www.football-data.co.uk/mmz4281/2526/D1.csv,,,,,,,1.73,4.7,4.6,1.41,3.25,1.89,2.08,,,,,,,1.74,4.8,4.6,1.35,3.7,1.88,2.12,1.7,4.33,4.2,1.68,4.5,4.25,1.65,4.1,4.0,1.7,4.4,4.2,1.7,4.4,4.2,1.67,4.5,4.33,1.68,4.6,4.1,1.65,4.5,4.2,1.7,4.5,4.0,1.7,4.5,4.0
D1,04/10/2025,14:30,Leverkusen,Union Berlin,2,0,H,1.0,0.0,H,20.0,10.0,3.0,3.0,11.0,13.0,4.0,4.0,1.0,3.0,0.0,0.0,1.7,4.0,4.75,1.68,4.0,4.6,,,,1.7,4.1,4.88,,,,,,,1.73,4.1,5.0,1.68,3.91,4.65,1.8,2.0,1.81,2.06,1.8,2.07,1.75,2.02,-0.75,1.88,1.98,1.92,1.99,1.92,1.98,1.86,1.91,1.7,4.0,4.75,1.73,3.8,4.6,,,,1.7,4.09,4.94,,,,,,,1.73,4.0,5.0,1.7,3.89,4.69,1.83,2.03,1.75,2.17,1.83,2.03,1.79,1.98,-0.75,1.9,1.95,1.91,2.02,1.9,1.95,1.87,1.9,2025,Football-Data.co.uk,https://www.football-data.co.uk/mmz4281/2526/D1.csv,,,,,,,1.75,4.1,5.3,1.85,2.12,1.95,2.01,,,,,,,1.75,4.2,5.1,1.88,2.12,1.98,1.98,1.7,3.75,5.0,1.7,4.1,4.6,1.65,3.7,4.6,1.7,4.0,4.6,1.7,4.0,4.6,1.7,4.0,5.0,1.68,4.0,4.75,1.67,3.9,4.8,1.73,3.8,4.6,1.73,3.8,4.6
D1,04/10/2025,14:30,Werder Bremen,St Pauli,1,0,H,1.0,0.0,H,15.0,13.0,5.0,3.0,8.0,9.0,4.0,1.0,3.0,1.0,0.0,0.0,2.35,3.7,2.88,2.3,3.5,2.9,,,,2.43,3.67,2.87,,,,,,,2.4,3.7,2.9,2.32,3.51,2.86,1.73,2.1,1.77,2.13,1.8,2.1,1.74,2.03,-0.25,2.03,1.83,2.12,1.81,2.06,1.83,1.99,1.78,2.3,3.4,3.0,2.35,3.5,2.87,,,,2.37,3.61,3.04,,,,,,,2.4,3.7,3.0,2.31,3.51,2.9,1.73,2.1,1.7,2.26,1.73,2.25,1.66,2.17,-0.25,2.03,1.83,2.07,1.87,2.03,1.83,1.97,1.81,2025,Football-Data.co.uk,https://www.football-data.co.uk/mmz4281/2526/D1.csv,,,,,,,2.38,3.7,3.15,1.8,2.18,2.06,1.92,,,,,,,2.44,3.6,3.15,1.72,2.34,2.1,1.89,2.4,3.4,2.88,2.4,3.6,2.85,2.2,3.4,2.88,2.3,3.5,2.9,2.3,3.5,2.9,2.4,3.5,2.8,2.28,3.7,2.95,2.25,3.6,2.9,2.37,3.5,2.87,2.3,3.5,2.87
D1,04/10/2025,17:30,Ein Frankfurt,Bayern Munich,0,3,A,0.0,2.0,A,6.0,12.0,1.0,3.0,11.0,11.0,4.0,3.0,1.0,2.0,0.0,0.0,6.25,5.25,1.42,5.75,5.25,1.46,,,,6.14,5.53,1.44,,,,,,,6.33,5.5,1.46,5.9,5.19,1.42,1.29,3.75,1.32,3.37,1.29,3.75,1.28,3.54,1.5,1.78,2.03,1.79,2.12,1.8,2.03,1.75,2.01,7.5,5.75,1.33,6.75,5.75,1.37,,,,7.49,5.65,1.38,,,,,,,7.5,5.8,1.4,6.7,5.66,1.36,1.22,4.33,1.32,3.37,1.25,4.33,1.22,4.08,1.5,1.95,1.9,1.93,1.99,2.0,1.9,1.89,1.87,2025,Football-Data.co.uk,https://www.football-data.co.uk/mmz4281/2526/D1.csv,,,,,,,6.8,5.9,1.45,1.31,4.0,1.87,2.08,,,,,,,8.2,6.4,1.37,1.24,4.8,2.04,1.93,6.0,5.5,1.4,6.0,5.4,1.42,5.75,4.8,1.4,5.75,5.25,1.44,5.75,5.0,1.44,7.0,5.5,1.36,6.5,5.8,1.38,6.5,5.5,1.36,6.5,5.75,1.36,6.5,5.75,1.36
D1,05/10/2025,14:30,Stuttgart,Heidenheim,1,0,H,0.0,0.0,D,18.0,5.0,6.0,1.0,11.0,12.0,1.0,1.0,1.0,1.0,0.0,0.0,1.42,4.75,7.0,1.46,4.8,6.25,,,,1.44,5.16,6.75,,,,,,,1.46,5.1,7.5,1.42,4.81,6.48,1.5,2.63,1.49,2.67,1.5,2.75,1.46,2.62,-1.25,1.93,1.93,1.94,1.96,1.93,1.96,1.86,1.91,1.38,5.0,7.5,1.43,5.0,6.5,,,,1.41,5.33,7.49,,,,,,,1.44,5.25,7.5,1.39,5.06,6.99,1.44,2.75,1.48,2.69,1.48,2.75,1.44,2.7,-1.5,2.03,1.83,2.1,1.8,2.05,1.83,2.01,1.77,2025,Football-Data.co.uk,https://www.football-data.co.uk/mmz4281/2526/D1.csv,,,,,,,1.46,5.1,7.6,1.54,2.74,1.95,1.97,,,,,,,1.43,5.5,8.4,1.48,3.0,2.11,1.87,1.44,4.6,7.0,1.41,5.1,6.75,1.4,4.6,6.0,1.44,4.8,6.5,1.44,4.8,6.0,1.4,5.0,7.5,1.38,5.0,7.5,1.36,5.25,7.0,1.44,5.0,6.5,1.44,5.0,6.5
D1,05/10/2025,16:30,Hamburg,Mainz,4,0,H,2.0,0.0,H,15.0,11.0,9.0,4.0,14.0,13.0,1.0,4.0,2.0,3.0,0.0,0.0,2.8,3.5,2.4,2.75,3.6,2.4,,,,2.89,3.53,2.48,,,,,,,2.83,3.8,2.42,2.76,3.54,2.36,1.73,2.1,1.77,2.14,1.73,2.17,1.69,2.1,0.25,1.73,2.08,1.78,2.14,1.8,2.08,1.75,1.96,3.1,3.75,2.15,3.1,3.7,2.15,,,,3.21,3.77,2.21,,,,,,,3.2,3.8,2.2,3.08,3.67,2.14,1.53,2.5,1.57,2.54,1.58,2.6,1.54,2.42,0.25,1.95,1.9,1.98,1.93,1.96,1.9,1.91,1.82,2025,Football-Data.co.uk,https://www.football-data.co.uk/mmz4281/2526/D1.csv,,,,,,,2.96,3.7,2.5,1.78,2.22,1.83,2.16,,,,,,,3.35,3.9,2.22,1.62,2.58,2.04,1.95,2.8,3.5,2.4,2.8,3.8,2.3,2.7,3.4,2.3,2.75,3.6,2.4,2.75,3.5,2.4,3.0,3.6,2.2,3.1,3.65,2.2,3.1,3.8,2.0,3.1,3.7,2.15,3.1,3.6,2.15
D1,05/10/2025,18:30,M'gladbach,Freiburg,0,0,D,0.0,0.0,D,9.0,12.0,5.0,1.0,15.0,7.0,4.0,1.0,3.0,1.0,0.0,0.0,2.25,3.6,3.0,2.2,3.6,3.1,,,,2.36,3.57,3.04,,,,,,,2.38,3.7,3.1,2.27,3.53,2.92,1.73,2.1,1.8,2.09,1.75,2.2,1.7,2.1,-0.25,2.0,1.85,2.05,1.86,2.0,1.86,1.96,1.8,2.7,3.25,2.63,2.5,3.4,2.75,,,,2.66,3.4,2.8,,,,,,,2.75,3.6,2.75,2.59,3.36,2.66,1.93,1.93,1.93,1.97,1.93,2.02,1.84,1.93,0.0,1.93,1.93,1.91,2.01,1.93,1.93,1.87,1.89,2025,Football-Data.co.uk,https://www.football-data.co.uk/mmz4281/2526/D1.csv,,,,,,,2.44,3.65,3.1,1.81,2.18,2.1,1.87,,,,,,,2.76,3.6,2.72,1.96,2.02,2.0,1.98,2.38,3.5,2.88,2.3,3.7,2.85,2.25,3.4,2.8,2.2,3.6,3.1,2.2,3.5,3.1,2.75,3.3,2.63,2.55,3.45,2.7,2.6,3.4,2.6,2.5,3.4,2.75,2.5,3.3,2.7
D1,17/10/2025,19:30,Union Berlin,M'gladbach,3,1,H,2.0,1.0,H,16.0,8.0,5.0,2.0,21.0,15.0,6.0,6.0,5.0,3.0,0.0,0.0,2.2,3.4,3.2,2.2,3.4,3.25,,,,2.24,3.5,3.31,,,,,,,2.2,3.5,3.3,2.17,3.44,3.24,1.88,1.98,1.9,1.99,1.88,2.0,1.83,1.93,-0.25,1.93,1.93,1.94,1.96,1.93,1.94,1.86,1.91,2.25,3.25,3.2,2.25,3.25,3.2,,,,2.25,3.46,3.39,,,,,,,2.3,3.45,3.4,2.24,3.33,3.18,2.05,1.8,1.97,1.93,2.05,1.97,1.91,1.86,-0.25,1.98,1.88,1.94,1.98,1.98,1.88,1.92,1.85,2025,Football-Data.co.uk,https://www.football-data.co.uk/mmz4281/2526/D1.csv,,,,,,,2.28,3.6,3.45,1.93,2.04,1.98,1.99,,,,,,,2.34,3.5,3.45,2.04,1.94,2.01,1.96,2.2,3.4,3.3,2.15,3.5,3.3,2.15,3.5,3.2,2.2,3.4,3.25,2.2,3.4,3.2,2.3,3.3,3.2,2.23,3.45,3.1,2.25,3.4,3.1,2.2,3.3,3.25,2.2,3.3,3.25
D1,18/10/2025,14:30,FC Koln,Augsburg,1,1,D,0.0,0.0,D,9.0,10.0,2.0,4.0,10.0,17.0,5.0,2.0,2.0,2.0,0.0,0.0,1.95,3.9,3.5,1.98,3.7,3.5,,,,2.0,3.96,3.56,,,,,,,2.0,4.0,3.5,1.98,3.79,3.39,1.57,2.38,1.6,2.42,1.6,2.38,1.57,2.31,-0.5,1.98,1.88,2.0,1.9,2.0,1.88,1.95,1.82,2.0,3.8,3.4,2.05,3.75,3.3,,,,1.92,3.9,3.98,,,,,,,2.05,3.95,3.65,1.98,3.78,3.43,1.53,2.5,1.61,2.44,1.57,2.5,1.54,2.4,-0.5,2.03,1.83,1.93,2.0,2.03,1.9,1.95,1.82,2025,Football-Data.co.uk,https://www.football-data.co.uk/mmz4281/2526/D1.csv,,,,,,,2.04,3.95,3.75,1.63,2.52,2.05,1.94,,,,,,,2.08,3.9,3.7,1.61,2.58,2.1,1.89,2.0,3.75,3.5,2.0,3.9,3.35,1.91,3.7,3.3,2.0,3.7,3.5,2.0,3.7,3.5,2.0,3.75,3.5,1.91,3.95,3.65,2.0,3.8,3.3,2.0,3.8,3.4,2.0,3.75,3.4
D1,18/10/2025,14:30,Heidenheim,Werder Bremen,2,2,D,0.0,0.0,D,31.0,11.0,11.0,4.0,9.0,11.0,12.0,2.0,1.0,3.0,0.0,0.0,2.88,3.5,2.35,2.85,3.6,2.35,,,,2.97,3.61,2.39,,,,,,,2.9,3.6,2.38,2.84,3.53,2.32,1.67,2.2,1.69,2.26,1.68,2.2,1.66,2.16,0.25,1.8,2.05,1.84,2.08,1.8,2.05,1.78,1.94,2.63,3.4,2.55,2.65,3.5,2.5,,,,3.08,3.6,2.35,,,,,,,2.8,3.6,2.6,2.67,3.46,2.51,1.67,2.2,1.72,2.23,1.71,2.25,1.65,2.17,0.0,1.98,1.88,2.26,1.72,1.98,1.88,1.92,1.84,2025,Football-Data.co.uk,https://www.football-data.co.uk/mmz4281/2526/D1.csv,,,,,,,3.0,3.75,2.46,1.72,2.3,1.86,2.13,,,,,,,2.86,3.55,2.66,1.71,2.36,2.07,1.92,2.88,3.5,2.38,2.85,3.6,2.35,2.7,3.5,2.25,2.87,3.6,2.37,2.8,3.5,2.3,2.75,3.5,2.5,2.8,3.4,2.45,2.6,3.6,2.5,2.7,3.5,2.5,2.62,3.4,2.5
D1,18/10/2025,14:30,Mainz,Leverkusen,3,4,A,1.0,3.0,A,12.0,20.0,4.0,8.0,20.0,12.0,2.0,3.0,4.0,4.0,0.0,0.0,2.8,3.4,2.45,2.85,3.4,2.4,,,,2.83,3.46,2.56,,,,,,,2.95,3.55,2.5,2.78,3.4,2.39,1.8,2.0,1.81,2.08,1.8,2.1,1.74,2.02,0.0,2.05,1.8,2.06,1.85,2.05,1.8,1.99,1.76,2.45,3.4,2.8,2.55,3.5,2.65,,,,2.69,3.59,2.65,,,,,,,2.55,3.6,2.8,2.49,3.45,2.66,1.62,2.3,1.72,2.23,1.66,2.3,1.64,2.2,0.0,1.8,2.05,1.97,1.95,1.85,2.05,1.8,1.97,2025,Football-Data.co.uk,https://www.football-data.co.uk/mmz4281/2526/D1.csv,,,,,,,2.94,3.65,2.56,1.85,2.12,2.13,1.87,,,,,,,2.64,3.6,2.88,1.74,2.3,1.91,2.08,2.8,3.4,2.5,2.95,3.55,2.33,2.63,3.4,2.38,2.7,3.2,2.3,2.7,3.2,2.3,2.5,3.5,2.75,2.55,3.6,2.6,2.45,3.6,2.63,2.4,3.25,2.5,2.4,3.25,2.5
D1,18/10/2025,14:30,RB Leipzig,Hamburg,2,1,H,1.0,0.0,H,10.0,15.0,4.0,3.0,13.0,12.0,3.0,5.0,3.0,1.0,0.0,0.0,1.44,4.75,6.5,1.42,5.25,6.25,,,,1.43,5.37,6.59,,,,,,,1.44,5.4,7.0,1.4,5.07,6.34,1.36,3.2,1.36,3.19,1.38,3.2,1.35,3.07,-1.25,1.88,1.98,1.88,2.03,1.88,2.08,1.79,1.99,1.45,5.0,6.0,1.46,5.0,6.0,,,,1.47,5.28,6.25,,,,,,,1.48,5.1,6.0,1.45,4.96,5.85,1.33,3.4,1.38,3.13,1.35,3.4,1.34,3.18,-1.25,1.93,1.93,1.95,1.97,1.93,1.93,1.88,1.89,2025,Football-Data.co.uk,https://www.football-data.co.uk/mmz4281/2526/D1.csv,,,,,,,1.46,5.5,7.2,1.4,3.3,1.93,2.0,,,,,,,1.5,5.1,7.0,1.4,3.4,2.0,1.94,1.44,5.0,6.5,1.37,5.4,7.0,1.4,4.75,6.0,1.44,5.25,6.0,1.4,4.8,5.75,1.44,5.0,6.0,1.45,5.1,6.0,1.44,5.0,5.75,1.48,5.0,5.75,1.44,5.0,5.75
D1,18/10/2025,14:30,Wolfsburg,Stuttgart,0,3,A,0.0,1.0,A,11.0,15.0,3.0,7.0,12.0,8.0,3.0,8.0,1.0,1.0,0.0,0.0,2.63,3.6,2.5,2.55,3.7,2.5,,,,2.72,3.62,2.57,,,,,,,2.75,3.7,2.54,2.6,3.59,2.49,1.62,2.3,1.64,2.34,1.62,2.3,1.58,2.28,0.0,1.98,1.88,2.01,1.89,1.98,1.88,1.93,1.83,2.8,3.5,2.38,2.75,3.6,2.4,,,,2.89,3.75,2.41,,,,,,,2.9,3.7,2.42,2.83,3.52,2.35,1.67,2.2,1.6,2.45,1.7,2.25,1.66,2.17,0.25,1.78,2.1,1.83,2.11,1.8,2.1,1.77,1.96,2025,Football-Data.co.uk,https://www.football-data.co.uk/mmz4281/2526/D1.csv,,,,,,,2.74,3.8,2.64,1.65,2.46,2.03,1.95,,,,,,,3.05,3.7,2.46,1.73,2.32,1.87,2.12,2.75,3.5,2.5,2.6,3.7,2.5,2.5,3.5,2.4,2.6,3.7,2.5,2.6,3.6,2.5,2.88,3.5,2.38,2.8,3.65,2.35,2.8,3.7,2.3,2.8,3.6,2.4,2.75,3.5,2.37
D1,18/10/2025,17:30,Bayern Munich,Dortmund,2,1,H,1.0,0.0,H,15.0,8.0,7.0,1.0,12.0,17.0,4.0,3.0,1.0,3.0,0.0,0.0,1.33,5.5,7.5,1.36,5.5,7.25,,,,1.38,5.55,7.5,,,,,,,1.38,6.0,8.0,1.34,5.52,7.34,1.33,3.4,1.34,3.32,1.33,3.45,1.31,3.31,-1.5,1.93,1.93,1.96,1.94,1.93,1.98,1.84,1.92,1.38,5.25,7.0,1.37,5.5,7.25,,,,1.36,5.75,8.25,,,,,,,1.38,6.0,8.5,1.35,5.52,7.41,1.33,3.4,1.33,3.41,1.33,3.65,1.3,3.43,-1.5,1.98,1.88,1.92,2.01,1.98,2.0,1.86,1.9,2025,Football-Data.co.uk,https://www.football-data.co.uk/mmz4281/2526/D1.csv,,,,,,,1.39,6.0,8.4,1.36,3.6,1.97,1.96,,,,,,,1.4,5.8,8.6,1.36,3.7,2.01,1.97,1.33,5.5,8.0,1.33,6.0,7.5,1.3,5.25,7.0,1.36,5.5,7.5,1.35,5.5,7.0,1.33,5.5,8.0,1.34,6.0,7.5,1.36,5.5,7.0,1.36,5.5,7.5,1.35,5.5,7.0
D1,19/10/2025,14:30,Freiburg,Ein Frankfurt,2,2,D,1.0,2.0,A,12.0,8.0,5.0,3.0,6.0,15.0,3.0,1.0,2.0,3.0,0.0,0.0,2.5,3.5,2.7,2.55,3.6,2.55,,,,2.54,3.68,2.72,,,,,,,2.6,3.7,2.75,2.48,3.57,2.6,1.62,2.3,1.63,2.38,1.63,2.38,1.6,2.27,0.0,1.85,2.0,1.88,2.02,1.85,2.0,1.82,1.93,2.35,3.6,2.88,2.45,3.5,2.7,,,,2.56,3.64,2.76,,,,,,,2.55,3.7,2.88,2.46,3.54,2.69,1.67,2.2,1.68,2.29,1.67,2.38,1.6,2.27,0.0,1.7,2.1,1.89,2.04,1.83,2.1,1.76,2.01,2025,Football-Data.co.uk,https://www.football-data.co.uk/mmz4281/2526/D1.csv,,,,,,,2.58,3.65,2.8,1.65,2.46,1.9,2.06,,,,,,,2.6,3.7,2.86,1.71,2.38,1.9,2.08,2.5,3.5,2.75,2.55,3.7,2.55,2.4,3.5,2.5,2.6,3.6,2.6,2.5,3.5,2.6,2.5,3.5,2.75,2.55,3.65,2.6,2.38,3.7,2.7,2.5,3.5,2.7,2.45,3.5,2.7
D1,19/10/2025,16:30,St Pauli,Hoffenheim,0,3,A,0.0,0.0,D,10.0,14.0,2.0,5.0,10.0,17.0,9.0,7.0,1.0,3.0,0.0,0.0,2.5,3.4,2.8,2.45,3.4,2.8,,,,2.51,3.64,2.78,,,,,,,2.5,3.6,2.9,2.41,3.45,2.78,1.8,2.0,1.81,2.07,1.8,2.05,1.77,1.99,0.0,1.83,2.03,1.85,2.06,1.83,2.03,1.77,1.98,2.63,3.5,2.55,2.65,3.4,2.6,,,,2.57,3.49,2.84,,,,,,,2.8,3.5,2.65,2.65,3.4,2.57,1.73,2.1,1.82,2.08,1.8,2.1,1.76,2.02,0.0,1.98,1.88,1.87,2.07,1.98,1.88,1.93,1.83,2025,Football-Data.co.uk,https://www.football-data.co.uk/mmz4281/2526/D1.csv,,,,,,,2.64,3.6,2.86,1.86,2.1,1.91,2.06,,,,,,,2.88,3.5,2.7,1.84,2.16,2.05,1.93,2.5,3.4,2.8,2.32,3.6,2.9,2.38,3.4,2.63,2.45,3.4,2.8,2.4,3.4,2.8,2.75,3.4,2.5,2.6,3.45,2.65,2.63,3.5,2.5,2.6,3.4,2.62,2.6,3.4,2.62
D1,24/10/2025,19:30,Werder Bremen,Union Berlin,1,0,H,0.0,0.0,D,16.0,12.0,3.0,2.0,6.0,13.0,5.0,6.0,4.0,0.0,0.0,0.0,2.25,3.6,2.9,2.25,3.5,3.0,,,,2.33,3.63,3.09,,,,,,,2.3,3.6,3.3,2.24,3.52,3.03,1.67,2.2,1.7,2.27,1.73,2.2,1.68,2.13,-0.25,2.03,1.83,2.03,1.89,2.03,1.89,1.94,1.84,2.3,3.4,3.0,2.3,3.5,2.95,,,,2.36,3.59,3.08,,,,,,,2.38,3.6,3.1,2.29,3.46,2.99,1.73,2.1,1.7,2.24,1.73,2.2,1.69,2.12,-0.25,2.03,1.83,2.05,1.88,2.03,1.85,1.96,1.82,2025,Football-Data.co.uk,https://www.football-data.co.uk/mmz4281/2526/D1.csv,,,,,,,2.36,3.65,3.25,1.74,2.28,2.03,1.94,,,,,,,2.38,3.65,3.2,1.75,2.3,2.05,1.93,2.25,3.5,3.1,2.17,3.55,3.3,2.25,3.6,2.9,2.25,3.5,3.0,2.25,3.5,3.0,2.25,3.5,3.1,2.3,3.5,3.0,2.25,3.5,3.0,2.3,3.5,3.0,2.3,3.5,2.9
D1,25/10/2025,14:30,Augsburg,RB Leipzig,0,6,A,0.0,4.0,A,15.0,15.0,2.0,8.0,9.0,10.0,2.0,3.0,3.0,1.0,0.0,0.0,3.2,3.9,2.05,3.3,4.0,1.98,,,,3.29,4.06,2.07,,,,,,,3.5,4.1,2.05,3.25,3.91,1.99,1.44,2.75,1.46,2.76,1.45,2.75,1.44,2.69,0.5,1.75,2.05,1.84,2.08,1.87,2.05,1.81,1.96,3.2,3.8,2.05,3.25,3.8,2.05,,,,3.41,3.81,2.12,,,,,,,3.3,3.95,2.1,3.23,3.8,2.04,1.53,2.5,1.53,2.58,1.53,2.71,1.48,2.59,0.25,2.03,1.83,2.08,1.85,2.04,1.83,2.0,1.74,2025,Football-Data.co.uk,https://www.football-data.co.uk/mmz4281/2526/D1.csv,,,,,,,3.4,4.1,2.14,1.49,2.9,1.86,2.14,,,,,,,3.45,3.9,2.16,1.56,2.68,2.09,1.89,3.25,3.75,2.05,3.35,4.1,1.94,3.0,3.75,2.0,3.3,4.0,2.0,3.3,3.9,1.95,3.25,3.75,2.05,3.25,3.95,2.02,3.13,3.9,2.05,3.25,3.8,2.05,3.25,3.8,2.0
D1,25/10/2025,14:30,Ein Frankfurt,St Pauli,2,0,H,1.0,0.0,H,10.0,9.0,6.0,1.0,11.0,6.0,1.0,3.0,0.0,1.0,0.0,0.0,1.67,4.2,4.5,1.71,4.1,4.4,,,,1.74,4.19,4.49,,,,,,,1.73,4.3,4.6,1.68,4.06,4.43,1.57,2.38,1.6,2.43,1.6,2.4,1.56,2.35,-0.75,1.9,1.95,1.94,1.96,1.9,1.97,1.83,1.94,1.62,4.5,4.5,1.66,4.2,4.6,,,,1.65,4.43,4.92,,,,,,,1.67,4.5,4.75,1.64,4.26,4.59,1.44,2.75,1.5,2.7,1.5,2.75,1.48,2.58,-0.75,1.78,2.03,1.81,2.1,1.83,2.03,1.79,1.99,2025,Football-Data.co.uk,https://www.football-data.co.uk/mmz4281/2526/D1.csv,,,,,,,1.76,4.3,4.9,1.62,2.52,1.95,2.02,,,,,,,1.69,4.6,5.2,1.54,2.78,1.85,2.15,1.7,4.0,4.6,1.66,4.3,4.5,1.65,3.8,4.33,1.7,4.0,4.4,1.7,4.0,4.4,1.67,4.2,4.6,1.67,4.3,4.5,1.62,4.33,4.6,1.67,4.2,4.6,1.65,4.2,4.6
D1,25/10/2025,14:30,Hamburg,Wolfsburg,0,1,A,0.0,1.0,A,27.0,6.0,6.0,2.0,8.0,18.0,11.0,1.0,1.0,5.0,0.0,0.0,2.35,3.5,2.9,2.35,3.7,2.8,,,,2.4,3.73,2.88,,,,,,,2.38,3.7,2.9,2.32,3.58,2.81,1.67,2.2,1.67,2.3,1.67,2.32,1.61,2.26,-0.25,2.05,1.8,2.1,1.83,2.06,1.81,2.02,1.76,2.2,3.6,3.1,2.2,3.7,3.0,,,,2.21,3.76,3.24,,,,,,,2.2,3.75,3.15,2.16,3.66,3.08,1.53,2.5,1.55,2.58,1.62,2.6,1.54,2.41,-0.25,1.93,1.93,1.93,1.99,1.93,1.93,1.87,1.9,2025,Football-Data.co.uk,https://www.football-data.co.uk/mmz4281/2526/D1.csv,,,,,,,2.44,3.75,3.0,1.69,2.36,2.11,1.88,,,,,,,2.28,3.75,3.3,1.6,2.64,1.99,2.0,2.3,3.6,2.88,2.38,3.65,2.8,2.25,3.5,2.7,2.37,3.7,2.8,2.3,3.6,2.8,2.15,3.75,3.1,2.15,3.7,3.15,2.15,3.75,3.0,2.2,3.6,3.1,2.15,3.6,3.1
D1,25/10/2025,14:30,Hoffenheim,Heidenheim,3,1,H,2.0,0.0,H,14.0,12.0,7.0,3.0,14.0,13.0,7.0,5.0,1.0,1.0,0.0,0.0,1.57,4.5,5.25,1.58,4.5,5.0,,,,1.6,4.45,5.32,,,,,,,1.6,4.6,5.33,1.57,4.38,5.03,1.5,2.63,1.53,2.62,1.5,2.63,1.48,2.56,-1.0,1.95,1.9,1.98,1.93,1.95,1.9,1.9,1.87,1.6,4.33,5.25,1.58,4.4,5.0,,,,1.6,4.5,5.32,,,,,,,1.6,4.5,5.33,1.57,4.37,5.13,1.53,2.5,1.53,2.62,1.53,2.63,1.49,2.53,-1.0,1.98,1.88,2.0,1.93,1.98,1.93,1.9,1.88,2025,Football-Data.co.uk,https://www.football-data.co.uk/mmz4281/2526/D1.csv,,,,,,,1.62,4.7,5.8,1.55,2.72,1.97,1.98,,,,,,,1.61,4.7,5.9,1.55,2.74,1.99,1.97,1.6,4.33,5.0,1.56,4.6,5.1,1.53,4.2,4.8,1.57,4.5,5.0,1.57,4.4,5.0,1.6,4.33,5.0,1.57,4.5,5.2,1.55,4.33,5.25,1.6,4.4,5.0,1.57,4.33,5.0
D1,25/10/2025,14:30,M'gladbach,Bayern Munich,0,3,A,0.0,0.0,D,1.0,27.0,0.0,11.0,6.0,9.0,1.0,8.0,0.0,3.0,1.0,0.0,10.0,6.5,1.22,10.0,7.0,1.24,,,,11.5,7.11,1.23,,,,,,,11.5,7.0,1.25,10.53,6.81,1.22,1.29,3.75,,,1.29,4.0,1.26,3.67,2.0,1.9,1.95,1.95,1.93,1.93,1.95,1.88,1.89,11.0,7.0,1.22,8.75,6.75,1.27,,,,10.65,7.0,1.24,,,,,,,11.0,7.0,1.29,9.37,6.73,1.24,1.22,4.33,,,1.26,4.33,1.24,3.92,1.75,1.98,1.88,2.08,1.84,2.08,1.88,2.01,1.78,2025,Football-Data.co.uk,https://www.football-data.co.uk/mmz4281/2526/D1.csv,,,,,,,14.0,7.8,1.24,1.29,4.1,1.95,1.97,,,,,,,11.5,7.8,1.26,1.27,4.5,2.11,1.85,11.0,7.0,1.22,11.5,7.0,1.21,10.0,6.5,1.18,10.0,7.0,1.25,10.0,7.0,1.25,10.0,6.5,1.25,10.0,7.0,1.23,9.0,6.5,1.25,9.5,7.0,1.25,9.0,7.0,1.25
D1,25/10/2025,17:30,Dortmund,FC Koln,1,0,H,0.0,0.0,D,27.0,5.0,9.0,0.0,10.0,8.0,17.0,2.0,2.0,2.0,0.0,0.0,1.44,5.25,6.5,1.43,5.0,6.5,,,,1.46,4.96,6.64,,,,,,,1.44,5.25,6.66,1.42,4.97,6.36,1.4,3.0,1.42,2.91,1.44,3.0,1.4,2.8,-1.25,1.88,1.98,1.9,2.01,1.88,1.98,1.84,1.93,1.36,5.25,7.5,1.38,5.25,7.5,,,,1.39,5.38,7.8,,,,,,,1.41,5.3,8.0,1.37,5.12,7.38,1.44,2.75,1.5,2.66,1.5,2.75,1.45,2.65,-1.5,2.03,1.83,2.06,1.88,2.05,1.89,1.97,1.8,2025,Football-Data.co.uk,https://www.football-data.co.uk/mmz4281/2526/D1.csv,,,,,,,1.45,5.6,7.4,1.46,3.0,1.94,2.0,,,,,,,1.41,5.5,8.8,1.52,2.88,2.07,1.89,1.44,5.0,6.5,1.42,5.2,6.5,1.4,4.75,6.0,1.44,5.0,6.5,1.44,5.0,6.5,1.36,5.0,8.0,1.37,5.3,7.5,1.36,5.25,7.5,1.4,5.0,7.0,1.36,5.0,7.5
D1,26/10/2025,14:30,Leverkusen,Freiburg,2,0,H,1.0,0.0,H,19.0,10.0,4.0,3.0,9.0,8.0,2.0,3.0,1.0,2.0,0.0,1.0,1.83,3.9,4.0,1.77,3.9,4.33,,,,1.84,3.92,4.2,,,,,,,1.83,4.0,4.5,1.77,3.82,4.17,1.73,2.1,1.77,2.12,1.76,2.1,1.72,2.06,-0.5,1.83,2.03,1.85,2.06,1.83,2.1,1.76,2.01,2.0,3.7,3.5,2.0,3.6,3.6,,,,2.02,3.59,3.91,,,,,,,2.0,3.8,3.9,1.96,3.6,3.68,1.8,2.0,1.81,2.08,1.8,2.07,1.76,2.02,-0.5,2.03,1.83,2.03,1.89,2.03,1.91,1.93,1.83,2025,Football-Data.co.uk,https://www.football-data.co.uk/mmz4281/2526/D1.csv,,,,,,,1.88,4.0,4.4,1.77,2.22,1.87,2.12,,,,,,,2.04,3.7,4.1,1.85,2.16,2.04,1.94,1.8,3.75,4.33,1.73,3.95,4.5,1.75,3.6,3.9,1.75,3.9,4.33,1.75,3.8,4.2,1.95,3.6,3.75,1.92,3.65,3.9,2.0,3.6,3.5,2.0,3.6,3.6,1.91,3.6,3.9
D1,26/10/2025,16:30,Stuttgart,Mainz,2,1,H,1.0,1.0,D,19.0,13.0,8.0,2.0,11.0,12.0,7.0,5.0,4.0,3.0,0.0,0.0,1.75,4.0,4.33,1.75,4.0,4.2,,,,1.79,4.13,4.24,,,,,,,1.78,4.2,4.6,1.73,3.99,4.22,1.57,2.38,1.6,2.43,1.6,2.38,1.57,2.33,-0.75,1.98,1.88,2.03,1.88,1.98,1.88,1.92,1.85,2.1,3.4,3.4,2.1,3.6,3.3,,,,2.16,3.63,3.44,,,,,,,2.16,3.8,3.5,2.06,3.61,3.33,1.73,2.1,1.74,2.19,1.73,2.35,1.63,2.22,-0.25,1.85,2.0,1.88,2.05,1.85,2.07,1.78,2.01,2025,Football-Data.co.uk,https://www.football-data.co.uk/mmz4281/2526/D1.csv,,,,,,,1.82,4.0,4.5,1.63,2.46,2.02,1.89,,,,,,,2.2,3.8,3.5,1.73,2.34,1.89,2.09,1.7,4.0,4.6,1.72,4.2,4.3,1.7,3.8,4.0,1.75,4.0,4.2,1.75,4.0,4.2,2.05,3.6,3.4,2.0,3.8,3.45,2.05,3.7,3.25,2.1,3.6,3.3,2.1,3.6,3.25
D1,31/10/2025,19:30,Augsburg,Dortmund,0,1,A,0.0,1.0,A,9.0,5.0,1.0,1.0,14.0,16.0,4.0,3.0,4.0,1.0,0.0,0.0,5.0,4.5,1.57,5.0,4.33,1.6,,,,5.3,4.42,1.61,,,,,,,5.2,4.5,1.61,5.03,4.34,1.58,1.5,2.63,1.52,2.62,1.5,2.7,1.48,2.57,1.0,1.93,1.93,1.92,1.99,1.93,1.96,1.86,1.91,5.25,4.33,1.55,5.25,4.4,1.57,,,,5.34,4.42,1.6,,,,,,,5.6,4.5,1.6,5.37,4.35,1.55,1.57,2.38,1.53,2.6,1.57,2.55,1.52,2.45,1.0,1.93,1.93,1.92,1.99,1.96,1.93,1.91,1.87,2025,Football-Data.co.uk,https://www.football-data.co.uk/mmz4281/2526/D1.csv,,,,,,,5.6,4.5,1.65,1.57,2.7,1.92,2.03,,,,,,,6.2,4.4,1.61,1.57,2.74,1.98,1.99,5.0,4.33,1.6,5.2,4.4,1.58,5.0,4.4,1.57,5.0,4.33,1.6,5.0,4.33,1.6,5.5,4.33,1.57,5.6,4.5,1.53,5.5,4.4,1.53,5.25,4.4,1.57,5.25,4.33,1.57
D1,01/11/2025,14:30,Heidenheim,Ein Frankfurt,1,1,D,1.0,0.0,H,9.0,16.0,4.0,3.0,7.0,11.0,2.0,8.0,0.0,2.0,0.0,0.0,3.6,4.0,1.9,3.4,3.9,1.95,,,,3.69,4.18,1.9,,,,,,,3.6,4.1,1.95,3.48,3.96,1.91,1.5,2.63,1.5,2.62,1.5,2.7,1.47,2.59,0.5,1.98,1.88,1.99,1.91,1.98,1.92,1.88,1.88,4.1,4.1,1.8,3.9,4.0,1.8,,,,3.88,4.14,1.88,,,,,,,4.2,4.2,1.8,4.0,4.03,1.77,1.53,2.5,1.5,2.67,1.55,2.63,1.51,2.47,0.75,1.85,2.0,1.8,2.12,1.85,2.0,1.82,1.96,2025,Football-Data.co.uk,https://www.football-data.co.uk/mmz4281/2526/D1.csv,,,,,,,3.85,4.2,1.98,1.53,2.8,1.99,2.0,,,,,,,4.3,4.3,1.85,1.6,2.62,1.91,2.07,3.6,4.0,1.91,3.4,4.1,1.93,3.4,3.8,1.83,3.5,3.9,1.95,3.4,3.9,1.95,4.0,4.0,1.8,3.95,4.1,1.79,4.1,4.0,1.75,3.9,4.0,1.8,3.9,4.0,1.8
D1,01/11/2025,14:30,Mainz,Werder Bremen,1,1,D,1.0,0.0,H,10.0,5.0,5.0,3.0,19.0,11.0,2.0,0.0,1.0,3.0,0.0,0.0,1.95,3.9,3.5,2.0,3.8,3.4,,,,2.02,3.92,3.51,,,,,,,2.08,3.9,3.5,1.99,3.77,3.37,1.57,2.38,1.58,2.48,1.57,2.5,1.55,2.37,-0.5,2.0,1.85,2.03,1.88,2.0,1.86,1.95,1.82,1.85,3.7,3.9,1.93,3.75,3.7,,,,1.83,4.02,4.27,,,,,,,1.93,3.95,4.0,1.86,3.81,3.8,1.53,2.5,1.52,2.64,1.55,2.63,1.52,2.46,-0.5,1.88,1.98,1.82,2.09,1.88,1.98,1.83,1.94,2025,Football-Data.co.uk,https://www.football-data.co.uk/mmz4281/2526/D1.csv,,,,,,,2.08,3.9,3.7,1.6,2.5,2.06,1.92,,,,,,,1.94,4.1,4.1,1.62,2.58,1.95,2.05,2.0,3.75,3.5,2.08,3.8,3.25,1.93,3.7,3.25,2.0,3.8,3.4,2.0,3.75,3.3,1.9,3.75,3.75,1.84,3.95,3.95,1.85,3.9,3.7,1.91,3.8,3.7,1.91,3.75,3.6
D1,01/11/2025,14:30,RB Leipzig,Stuttgart,3,1,H,1.0,0.0,H,16.0,14.0,9.0,4.0,8.0,10.0,5.0,5.0,1.0,2.0,0.0,0.0,1.95,3.9,3.5,1.98,3.9,3.4,,,,2.02,3.88,3.55,,,,,,,2.02,4.0,3.5,1.97,3.87,3.35,1.44,2.75,1.43,2.89,1.44,2.88,1.41,2.76,-0.5,1.98,1.88,2.03,1.88,2.0,1.88,1.95,1.82,2.1,3.8,3.25,2.1,3.7,3.2,,,,2.04,3.89,3.55,,,,,,,2.2,4.0,3.25,2.09,3.76,3.17,1.44,2.75,1.48,2.72,1.46,2.9,1.42,2.75,-0.25,1.85,2.0,1.79,2.15,1.9,2.0,1.81,1.96,2025,Football-Data.co.uk,https://www.football-data.co.uk/mmz4281/2526/D1.csv,,,,,,,2.06,4.0,3.7,1.47,3.05,2.06,1.93,,,,,,,2.18,3.9,3.4,1.5,2.96,1.91,2.06,2.0,4.0,3.3,2.02,4.0,3.25,1.91,3.8,3.2,2.0,3.9,3.4,1.95,3.9,3.4,2.1,3.8,3.2,2.06,3.85,3.25,2.05,4.0,3.1,2.1,3.7,3.2,2.1,3.6,3.2
D1,01/11/2025,14:30,St Pauli,M'gladbach,0,4,A,0.0,2.0,A,16.0,15.0,4.0,11.0,11.0,8.0,8.0,1.0,4.0,0.0,0.0,0.0,2.15,3.5,3.3,2.1,3.5,3.4,,,,2.2,3.51,3.4,,,,,,,2.15,3.5,3.45,2.11,3.44,3.34,1.88,1.98,1.92,1.97,1.93,1.98,1.85,1.89,-0.25,1.88,1.98,1.91,2.0,1.88,1.98,1.81,1.95,2.3,3.4,3.1,2.3,3.4,3.0,,,,2.35,3.49,3.17,,,,,,,2.38,3.5,3.2,2.31,3.39,3.01,1.83,2.03,1.85,2.06,1.85,2.03,1.81,1.96,-0.25,2.0,1.85,2.03,1.89,2.04,1.9,1.98,1.81,2025,Football-Data.co.uk,https://www.football-data.co.uk/mmz4281/2526/D1.csv,,,,,,,2.26,3.6,3.55,1.98,1.98,1.94,2.04,,,,,,,2.42,3.6,3.2,1.9,2.06,2.08,1.91,2.15,3.4,3.4,2.08,3.5,3.45,2.1,3.3,3.13,2.1,3.5,3.4,2.05,3.5,3.4,2.3,3.4,3.1,2.38,3.4,3.0,2.3,3.5,2.9,2.3,3.4,3.0,2.3,3.3,3.0
D1,01/11/2025,14:30,Union Berlin,Freiburg,0,0,D,0.0,0.0,D,11.0,13.0,2.0,4.0,20.0,13.0,5.0,5.0,6.0,1.0,0.0,0.0,2.5,3.3,2.75,2.55,3.25,2.75,,,,2.65,3.27,2.86,,,,,,,2.63,3.4,2.88,2.56,3.23,2.74,2.1,1.73,2.18,1.74,2.15,1.74,2.08,1.7,0.0,1.83,2.03,1.88,2.03,1.85,2.03,1.8,1.95,2.6,3.2,2.8,2.6,3.2,2.8,,,,2.72,3.21,2.87,,,,,,,2.7,3.2,2.83,2.62,3.14,2.78,2.2,1.67,2.24,1.71,2.22,1.73,2.16,1.66,0.0,1.85,2.0,1.91,2.02,1.85,2.0,1.82,1.94,2025,Football-Data.co.uk,https://www.football-data.co.uk/mmz4281/2526/D1.csv,,,,,,,2.74,3.35,2.96,2.26,1.76,1.92,2.06,,,,,,,2.78,3.2,3.0,2.26,1.76,1.92,2.07,2.6,3.2,2.8,2.63,3.4,2.65,2.45,3.13,2.7,2.6,3.25,2.75,2.6,3.25,2.75,2.6,3.2,2.8,2.7,3.1,2.75,2.55,3.2,2.75,2.6,3.2,2.8,2.6,3.2,2.8
D1,01/11/2025,17:30,Bayern Munich,Leverkusen,3,0,H,3.0,0.0,H,18.0,7.0,4.0,1.0,11.0,3.0,10.0,4.0,1.0,1.0,0.0,0.0,1.22,7.0,9.5,1.22,7.25,11.0,,,,1.23,7.43,10.66,,,,,,,1.25,7.25,11.0,1.22,6.85,10.44,1.25,4.0,,,1.26,4.0,1.25,3.76,-2.0,1.95,1.9,1.97,1.92,1.95,1.9,1.91,1.87,1.25,6.5,10.0,1.29,6.25,8.75,,,,1.21,7.57,12.27,,,,,,,1.29,6.75,10.0,1.26,6.2,9.42,1.36,3.2,,,1.4,3.35,1.35,3.07,-1.75,1.93,1.93,1.72,2.21,1.93,2.0,1.85,1.92,2025,Football-Data.co.uk,https://www.football-data.co.uk/mmz4281/2526/D1.csv,,,,,,,1.24,8.2,12.5,1.29,4.1,1.96,1.98,,,,,,,1.29,6.8,11.5,1.42,3.3,2.01,1.97,1.22,7.0,11.0,1.22,7.0,10.5,1.18,6.5,10.0,1.22,7.0,11.0,1.22,7.0,11.0,1.29,6.0,10.0,1.25,6.75,9.5,1.25,6.0,10.0,1.28,6.0,8.5,1.28,6.0,8.5
D1,02/11/2025,14:30,FC Koln,Hamburg,4,1,H,1.0,0.0,H,23.0,11.0,10.0,5.0,8.0,18.0,2.0,3.0,1.0,6.0,0.0,2.0,2.1,3.7,3.2,2.05,3.7,3.3,,,,2.18,3.67,3.29,,,,,,,2.15,3.75,3.3,2.1,3.64,3.19,1.62,2.3,1.63,2.36,1.7,2.3,1.62,2.23,-0.25,1.88,1.98,1.91,2.0,1.88,1.98,1.82,1.94,2.45,3.7,2.7,2.45,3.6,2.75,,,,2.49,3.64,2.84,,,,,,,2.45,3.7,2.8,2.43,3.54,2.74,1.57,2.38,1.58,2.48,1.62,2.45,1.57,2.34,0.0,1.83,2.03,1.84,2.1,1.83,2.03,1.79,1.98,2025,Football-Data.co.uk,https://www.football-data.co.uk/mmz4281/2526/D1.csv,,,,,,,2.22,3.7,3.4,1.67,2.4,1.94,2.03,,,,,,,2.58,3.7,2.9,1.64,2.54,1.86,2.14,2.15,3.6,3.2,2.12,3.7,3.25,2.05,3.6,3.0,2.05,3.7,3.3,2.05,3.7,3.3,2.4,3.6,2.75,2.43,3.55,2.8,2.45,3.5,2.7,2.45,3.6,2.75,2.4,3.5,2.7
D1,02/11/2025,16:30,Wolfsburg,Hoffenheim,2,3,A,1.0,1.0,D,12.0,10.0,6.0,4.0,10.0,17.0,2.0,2.0,0.0,2.0,0.0,0.0,2.75,3.9,2.3,2.8,3.7,2.3,,,,2.77,3.78,2.45,,,,,,,2.88,3.9,2.38,2.76,3.68,2.31,1.57,2.38,1.57,2.5,1.57,2.5,1.53,2.39,0.25,1.8,2.05,1.78,2.14,1.8,2.05,1.77,1.95,2.8,3.8,2.3,2.7,3.7,2.37,,,,2.79,3.77,2.47,,,,,,,2.8,3.85,2.45,2.7,3.7,2.37,1.5,2.63,1.52,2.63,1.5,2.75,1.48,2.58,0.0,2.08,1.73,2.09,1.85,2.08,1.83,2.0,1.76,2025,Football-Data.co.uk,https://www.football-data.co.uk/mmz4281/2526/D1.csv,,,,,,,2.9,3.85,2.48,1.61,2.56,1.84,2.17,,,,,,,2.9,3.9,2.5,1.54,2.8,2.15,1.85,2.88,3.6,2.3,2.85,3.75,2.33,2.63,3.6,2.25,2.8,3.75,2.3,2.8,3.7,2.3,2.75,3.6,2.4,2.65,3.85,2.4,2.7,3.8,2.3,2.7,3.7,2.37,2.7,3.7,2.37
D1,07/11/2025,19:30,Werder Bremen,Wolfsburg,2,1,H,0.0,1.0,A,20.0,7.0,7.0,4.0,13.0,8.0,13.0,3.0,2.0,0.0,0.0,0.0,2.15,3.6,3.1,2.2,3.6,3.1,,,,2.23,3.84,3.13,,,,,,,2.25,3.75,3.15,2.18,3.64,3.07,1.53,2.5,1.58,2.52,1.6,2.5,1.55,2.39,-0.25,1.93,1.93,1.96,1.96,1.93,1.93,1.88,1.9,2.15,3.6,3.1,2.15,3.6,3.2,,,,2.2,3.76,3.26,,,,,,,2.16,3.75,3.2,2.14,3.64,3.14,1.57,2.38,1.61,2.45,1.57,2.45,1.55,2.38,-0.25,1.88,1.98,1.93,2.0,1.88,1.98,1.86,1.91,2025,Football-Data.co.uk,https://www.football-data.co.uk/mmz4281/2526/D1.csv,,,,,,,2.28,3.85,3.25,1.61,2.6,1.98,1.99,,,,,,,2.26,3.75,3.35,1.63,2.56,1.97,2.02,2.25,3.6,3.0,2.2,3.65,3.15,2.15,3.6,3.1,2.2,3.6,3.1,2.2,3.6,3.1,2.15,3.6,3.2,2.16,3.7,3.1,2.15,3.6,3.13,2.15,3.6,3.2,2.15,3.6,3.2
D1,08/11/2025,14:30,Hamburg,Dortmund,1,1,D,0.0,0.0,D,9.0,17.0,3.0,1.0,14.0,8.0,2.0,6.0,1.0,1.0,0.0,0.0,4.33,4.2,1.7,4.33,4.33,1.68,,,,4.58,4.28,1.71,,,,,,,4.8,4.35,1.7,4.45,4.21,1.66,1.5,2.63,1.53,2.6,1.5,2.63,1.47,2.57,0.75,1.98,1.88,2.0,1.91,2.02,1.88,1.97,1.8,3.8,3.8,1.85,3.75,3.8,1.88,,,,4.1,3.9,1.89,,,,,,,3.9,4.0,1.93,3.79,3.84,1.86,1.57,2.38,1.6,2.45,1.57,2.5,1.53,2.42,0.5,1.98,1.88,2.03,1.9,1.98,1.9,1.94,1.83,2025,Football-Data.co.uk,https://www.football-data.co.uk/mmz4281/2526/D1.csv,,,,,,,5.1,4.3,1.72,1.57,2.64,2.08,1.91,,,,,,,4.1,4.0,1.93,1.6,2.6,2.05,1.94,4.6,4.2,1.67,4.8,4.35,1.63,4.2,4.0,1.65,4.33,4.33,1.7,4.33,4.2,1.67,3.75,3.75,1.9,3.9,4.0,1.84,3.9,4.0,1.8,3.75,3.8,1.91,3.75,3.8,1.85
D1,08/11/2025,14:30,Hoffenheim,RB Leipzig,3,1,H,2.0,1.0,H,12.0,17.0,4.0,5.0,13.0,5.0,5.0,5.0,3.0,2.0,0.0,0.0,2.6,3.9,2.4,2.6,3.9,2.37,,,,2.71,3.97,2.43,,,,,,,2.75,3.9,2.4,2.64,3.8,2.36,1.4,3.0,1.4,3.01,1.4,3.0,1.39,2.89,0.0,2.0,1.85,2.07,1.85,2.05,1.85,1.98,1.79,2.7,3.8,2.35,2.7,3.75,2.37,,,,2.79,3.95,2.4,,,,,,,2.75,3.9,2.4,2.7,3.76,2.36,1.44,2.75,1.45,2.84,1.45,3.0,1.4,2.84,0.25,1.83,2.03,1.83,2.12,1.83,2.08,1.75,1.99,2025,Football-Data.co.uk,https://www.football-data.co.uk/mmz4281/2526/D1.csv,,,,,,,2.84,4.0,2.5,1.43,3.15,2.13,1.87,,,,,,,2.84,4.1,2.46,1.48,3.0,1.85,2.16,2.75,3.75,2.38,2.7,3.8,2.4,2.5,3.75,2.3,2.62,3.9,2.37,2.6,3.9,2.37,2.75,3.75,2.4,2.7,3.75,2.4,2.7,3.9,2.3,2.7,3.75,2.37,2.7,3.7,2.37
D1,08/11/2025,14:30,Leverkusen,Heidenheim,6,0,H,5.0,0.0,H,25.0,1.0,10.0,0.0,5.0,7.0,11.0,1.0,0.0,1.0,0.0,0.0,1.4,5.0,6.5,1.4,5.0,7.0,,,,1.41,5.1,7.57,,,,,,,1.4,5.0,8.0,1.39,4.86,7.14,1.53,2.5,1.53,2.56,1.53,2.55,1.5,2.49,-1.25,1.85,2.0,1.88,2.04,1.85,2.0,1.8,1.95,1.44,4.75,7.0,1.4,5.0,7.0,,,,1.4,5.23,7.71,,,,,,,1.44,5.33,8.1,1.39,4.96,7.35,1.53,2.5,1.55,2.56,1.53,2.6,1.5,2.5,-1.25,1.95,1.9,1.88,2.05,1.95,2.05,1.8,1.98,2025,Football-Data.co.uk,https://www.football-data.co.uk/mmz4281/2526/D1.csv,,,,,,,1.42,5.4,8.2,1.56,2.68,1.87,2.09,,,,,,,1.41,5.4,8.6,1.56,2.74,1.89,2.08,1.4,5.0,7.5,1.4,5.0,7.5,1.36,4.6,6.5,1.4,5.0,7.0,1.4,5.0,7.0,1.4,5.0,7.5,1.36,5.2,8.0,1.4,4.8,7.0,1.4,5.0,7.0,1.4,5.0,7.0
D1,08/11/2025,14:30,Union Berlin,Bayern Munich,2,2,D,1.0,1.0,D,12.0,12.0,4.0,4.0,8.0,8.0,6.0,5.0,2.0,4.0,0.0,0.0,13.0,7.0,1.2,12.0,6.75,1.22,,,,12.56,7.33,1.21,,,,,,,13.0,7.0,1.22,12.03,6.7,1.2,1.36,3.2,1.37,3.08,1.4,3.2,1.37,2.99,2.0,1.88,1.98,1.88,2.0,1.93,1.98,1.86,1.92,11.0,6.5,1.22,11.5,7.0,1.22,,,,13.0,7.05,1.22,,,,,,,13.0,7.0,1.22,11.72,6.69,1.21,1.36,3.2,1.37,3.13,1.4,3.2,1.36,3.01,2.0,1.85,2.0,1.91,2.0,1.87,2.0,1.82,1.95,2025,Football-Data.co.uk,https://www.football-data.co.uk/mmz4281/2526/D1.csv,,,,,,,16.0,7.8,1.23,1.42,3.2,1.92,2.0,,,,,,,14.5,7.8,1.24,1.41,3.35,1.92,2.08,13.0,7.0,1.2,12.5,7.0,1.2,11.0,6.0,1.18,12.0,7.0,1.22,12.0,6.5,1.22,12.0,6.5,1.22,12.0,6.75,1.22,12.0,7.0,1.2,11.0,7.0,1.22,11.0,7.0,1.22
D1,08/11/2025,17:30,M'gladbach,FC Koln,3,1,H,1.0,0.0,H,9.0,19.0,4.0,5.0,11.0,13.0,2.0,6.0,2.0,3.0,0.0,0.0,2.2,3.6,3.1,2.2,3.5,3.1,,,,2.28,3.65,3.11,,,,,,,2.26,3.6,3.2,2.19,3.54,3.06,1.62,2.3,1.64,2.34,1.64,2.3,1.61,2.24,-0.25,1.93,1.93,1.99,1.92,1.93,1.93,1.9,1.88,2.05,3.75,3.4,2.1,3.6,3.25,,,,2.07,3.77,3.57,,,,,,,2.1,3.8,3.6,2.03,3.67,3.36,1.57,2.38,1.61,2.44,1.57,2.45,1.56,2.37,-0.5,2.03,1.83,2.08,1.85,2.08,1.83,2.02,1.76,2025,Football-Data.co.uk,https://www.football-data.co.uk/mmz4281/2526/D1.csv,,,,,,,2.36,3.7,3.25,1.68,2.4,2.04,1.95,,,,,,,2.14,3.85,3.65,1.62,2.56,2.12,1.88,2.25,3.6,3.0,2.23,3.55,3.15,2.1,3.6,2.9,2.2,3.5,3.1,2.2,3.5,3.1,2.05,3.75,3.3,2.0,3.7,3.5,2.05,3.8,3.2,2.1,3.6,3.25,2.1,3.6,3.25
D1,09/11/2025,14:30,Freiburg,St Pauli,2,1,H,1.0,0.0,H,8.0,7.0,4.0,2.0,8.0,12.0,9.0,3.0,2.0,2.0,0.0,0.0,1.83,3.5,4.5,1.83,3.5,4.33,,,,1.87,3.61,4.48,,,,,,,1.85,3.6,4.5,1.82,3.51,4.32,2.0,1.8,2.09,1.8,2.0,1.81,1.97,1.78,-0.5,1.83,2.03,1.88,2.04,1.83,2.03,1.8,1.96,1.75,3.6,4.75,1.78,3.6,4.6,,,,1.78,3.62,5.17,,,,,,,1.8,3.6,4.75,1.77,3.57,4.61,2.0,1.85,2.03,1.88,2.05,1.85,1.99,1.79,-0.75,2.0,1.85,2.03,1.9,2.04,1.85,1.99,1.79,2025,Football-Data.co.uk,https://www.football-data.co.uk/mmz4281/2526/D1.csv,,,,,,,1.88,3.7,4.8,2.16,1.83,1.88,2.11,,,,,,,1.81,3.65,5.6,2.08,1.89,2.05,1.93,1.83,3.5,4.5,1.81,3.6,4.4,1.8,3.4,4.1,1.83,3.5,4.33,1.83,3.5,4.33,1.8,3.6,4.6,1.8,3.6,4.6,1.75,3.6,4.6,1.8,3.6,4.6,1.8,3.5,4.5
D1,09/11/2025,16:30,Stuttgart,Augsburg,3,2,H,2.0,2.0,D,17.0,17.0,6.0,6.0,13.0,10.0,4.0,4.0,2.0,3.0,0.0,0.0,1.55,4.33,5.75,1.53,4.5,5.5,,,,1.54,4.63,5.84,,,,,,,1.55,4.75,6.0,1.5,4.49,5.63,1.57,2.38,1.57,2.5,1.57,2.5,1.53,2.41,-1.0,1.85,2.0,1.88,2.03,1.85,2.0,1.81,1.97,1.55,4.33,5.5,1.55,4.5,5.25,,,,1.53,4.63,6.08,,,,,,,1.55,4.8,6.0,1.51,4.52,5.58,1.5,2.63,1.52,2.62,1.53,2.7,1.5,2.51,-1.0,1.88,1.98,1.85,2.08,1.88,2.0,1.81,1.97,2025,Football-Data.co.uk,https://www.football-data.co.uk/mmz4281/2526/D1.csv,,,,,,,1.57,4.7,6.4,1.59,2.58,1.88,2.08,,,,,,,1.55,5.0,6.4,1.56,2.7,1.9,2.08,1.5,4.5,6.0,1.5,4.7,5.8,1.45,4.2,5.5,1.53,4.5,5.5,1.53,4.5,5.5,1.5,4.5,6.0,1.49,4.8,5.75,1.5,4.6,5.5,1.55,4.5,5.25,1.53,4.5,5.25
D1,09/11/2025,18:30,Ein Frankfurt,Mainz,1,0,H,0.0,0.0,D,14.0,3.0,4.0,0.0,8.0,14.0,4.0,3.0,0.0,5.0,0.0,0.0,1.83,4.0,3.9,1.88,3.9,3.7,,,,1.87,4.11,3.9,,,,,,,1.91,4.2,4.0,1.84,3.93,3.73,1.57,2.38,1.57,2.5,1.57,2.5,1.53,2.41,-0.5,1.85,2.0,1.88,2.04,1.85,2.0,1.82,1.94,1.9,4.0,3.7,1.83,3.9,3.9,,,,1.88,3.94,4.1,,,,,,,1.92,4.0,4.0,1.84,3.9,3.84,1.57,2.38,1.6,2.46,1.57,2.5,1.54,2.41,-0.5,1.88,1.98,1.89,2.04,1.91,2.0,1.82,1.95,2025,Football-Data.co.uk,https://www.football-data.co.uk/mmz4281/2526/D1.csv,,,,,,,1.89,4.1,4.2,1.61,2.56,1.89,2.09,,,,,,,1.91,4.2,4.1,1.63,2.56,1.93,2.07,1.83,3.75,4.0,1.84,4.2,3.65,1.8,3.75,3.6,1.91,3.9,3.7,1.85,3.8,3.7,1.83,3.75,4.0,1.81,4.0,4.0,1.83,3.9,3.8,1.83,3.9,3.9,1.83,3.9,3.9
D1,21/11/2025,19:30,Mainz,Hoffenheim,1,1,D,0.0,1.0,A,17.0,19.0,3.0,5.0,13.0,13.0,7.0,4.0,3.0,2.0,1.0,0.0,2.6,3.6,2.7,2.45,3.6,2.7,,,,2.59,3.6,2.71,,,,,,,2.6,3.7,2.75,2.48,3.56,2.65,1.67,2.2,1.68,2.29,1.67,2.32,1.6,2.27,0.0,1.88,1.98,1.91,2.0,1.88,1.98,1.83,1.93,2.45,3.5,2.7,2.5,3.5,2.7,,,,2.54,3.56,2.83,,,,,,,2.5,3.6,2.8,2.49,3.52,2.67,1.67,2.2,1.71,2.22,1.68,2.25,1.65,2.19,0.0,1.83,2.03,1.86,2.07,1.85,2.03,1.81,1.95,2025,Football-Data.co.uk,https://www.football-data.co.uk/mmz4281/2526/D1.csv,,,,,,,2.64,3.75,2.78,1.7,2.4,1.94,2.05,,,,,,,2.62,3.65,2.88,1.76,2.28,1.9,2.09,2.5,3.5,2.75,2.5,3.55,2.65,2.45,3.7,2.6,2.45,3.6,2.7,2.4,3.6,2.7,2.5,3.5,2.75,2.5,3.6,2.65,2.5,3.6,2.6,2.5,3.5,2.7,2.5,3.4,2.7
D1,22/11/2025,14:30,Augsburg,Hamburg,1,0,H,0.0,0.0,D,13.0,15.0,6.0,6.0,13.0,10.0,4.0,3.0,2.0,3.0,1.0,0.0,2.35,3.5,2.9,2.3,3.6,2.95,,,,2.39,3.67,2.92,,,,,,,2.38,3.6,3.05,2.3,3.51,2.89,1.73,2.1,1.72,2.2,1.73,2.2,1.68,2.11,-0.25,2.05,1.8,2.09,1.83,2.05,1.85,1.97,1.8,2.5,3.4,2.8,2.4,3.4,2.85,,,,2.53,3.46,2.91,,,,,,,2.5,3.5,2.87,2.44,3.39,2.81,1.8,2.0,1.82,2.09,1.8,2.1,1.75,2.03,0.0,1.8,2.05,1.83,2.11,1.83,2.05,1.77,2.01,2025,Football-Data.co.uk,https://www.football-data.co.uk/mmz4281/2526/D1.csv,,,,,,,2.4,3.7,3.15,1.75,2.24,2.07,1.91,,,,,,,2.58,3.55,3.0,1.84,2.16,1.85,2.15,2.38,3.5,2.88,2.28,3.5,3.05,2.25,3.4,2.75,2.3,3.6,2.9,2.3,3.5,2.9,2.5,3.4,2.8,2.43,3.5,2.85,2.4,3.5,2.75,2.4,3.4,2.87,2.4,3.4,2.8
D1,22/11/2025,14:30,Bayern Munich,Freiburg,6,2,H,2.0,2.0,D,22.0,8.0,8.0,2.0,9.0,7.0,3.0,5.0,1.0,0.0,0.0,0.0,1.17,8.0,13.0,1.19,7.5,13.5,,,,1.19,7.45,14.94,,,,,,,1.19,8.0,15.5,1.17,7.25,13.25,1.33,3.4,1.36,3.21,1.36,3.4,1.34,3.12,-2.0,1.83,2.03,1.86,2.03,1.85,2.03,1.82,1.95,1.17,8.0,13.0,1.17,8.0,14.5,,,,1.19,7.8,15.0,,,,,,,1.18,8.5,18.0,1.16,7.7,14.81,1.36,3.2,1.38,3.07,1.4,3.25,1.36,3.05,-2.25,2.0,1.85,2.04,1.87,2.04,1.85,1.98,1.8,2025,Football-Data.co.uk,https://www.football-data.co.uk/mmz4281/2526/D1.csv,,,,,,,1.2,8.4,17.5,1.38,3.4,1.85,2.13,,,,,,,1.21,8.2,18.0,1.4,3.45,2.09,1.9,1.17,7.5,15.0,1.18,7.5,13.0,1.15,6.5,12.0,1.18,7.5,13.0,1.18,7.5,13.0,1.17,7.5,17.0,1.18,8.0,14.0,1.13,8.5,18.0,1.18,8.0,15.0,1.17,7.5,15.0
D1,22/11/2025,14:30,Dortmund,Stuttgart,3,3,D,2.0,0.0,H,14.0,16.0,6.0,6.0,12.0,10.0,2.0,4.0,1.0,1.0,0.0,0.0,1.75,4.0,4.33,1.77,4.1,4.0,,,,1.79,4.11,4.25,,,,,,,1.78,4.2,4.35,1.74,4.03,4.11,1.53,2.5,1.55,2.51,1.53,2.5,1.51,2.47,-0.75,2.0,1.85,2.02,1.89,2.0,1.91,1.91,1.86,1.75,3.9,4.2,1.78,3.9,4.2,,,,1.83,3.93,4.38,,,,,,,1.85,4.0,4.35,1.78,3.88,4.14,1.57,2.38,1.61,2.39,1.6,2.5,1.55,2.39,-0.75,1.98,1.88,2.07,1.87,2.0,1.88,1.95,1.82,2025,Football-Data.co.uk,https://www.football-data.co.uk/mmz4281/2526/D1.csv,,,,,,,1.81,4.4,4.5,1.58,2.62,2.02,1.96,,,,,,,1.91,4.0,4.4,1.65,2.48,2.15,1.85,1.73,4.0,4.33,1.72,4.2,4.35,1.7,3.9,3.9,1.75,4.0,4.0,1.75,4.0,4.0,1.8,3.75,4.2,1.77,3.85,4.35,1.73,4.0,4.2,1.8,3.9,4.2,1.8,3.8,4.2
D1,22/11/2025,14:30,Heidenheim,M'gladbach,0,3,A,0.0,1.0,A,7.0,16.0,2.0,4.0,13.0,12.0,4.0,5.0,2.0,0.0,0.0,0.0,3.2,3.6,2.15,3.1,3.6,2.15,,,,3.18,3.72,2.22,,,,,,,3.3,3.7,2.22,3.14,3.58,2.14,1.67,2.2,1.68,2.28,1.7,2.2,1.66,2.15,0.25,1.95,1.9,1.96,1.94,2.0,1.9,1.94,1.79,3.4,3.6,2.05,3.1,3.6,2.15,,,,3.44,3.74,2.13,,,,,,,3.4,3.7,2.15,3.25,3.61,2.09,1.67,2.2,1.68,2.32,1.68,2.2,1.65,2.18,0.25,2.05,1.8,2.07,1.86,2.05,1.84,1.97,1.76,2025,Football-Data.co.uk,https://www.football-data.co.uk/mmz4281/2526/D1.csv,,,,,,,3.35,3.7,2.26,1.73,2.3,2.02,1.97,,,,,,,3.5,3.75,2.2,1.68,2.38,2.06,1.92,3.2,3.6,2.15,3.3,3.7,2.08,3.0,3.5,2.1,3.1,3.6,2.15,3.1,3.6,2.15,3.4,3.6,2.05,3.3,3.7,2.08,3.2,3.6,2.1,3.1,3.6,2.15,3.1,3.6,2.15
D1,22/11/2025,14:30,Wolfsburg,Leverkusen,1,3,A,0.0,3.0,A,21.0,7.0,10.0,3.0,12.0,7.0,9.0,1.0,2.0,1.0,0.0,0.0,3.5,3.75,2.0,3.4,3.75,2.0,,,,3.59,3.82,2.02,,,,,,,3.6,3.85,2.0,3.43,3.71,1.98,1.62,2.3,1.63,2.38,1.62,2.3,1.6,2.26,0.5,1.85,2.0,1.88,2.03,1.85,2.0,1.81,1.95,3.4,3.8,2.0,3.4,3.8,2.0,,,,3.56,3.92,2.03,,,,,,,3.45,3.95,2.05,3.37,3.81,2.0,1.5,2.63,1.52,2.64,1.53,2.7,1.5,2.51,0.5,1.85,2.0,1.88,2.04,1.85,2.05,1.81,1.96,2025,Football-Data.co.uk,https://www.football-data.co.uk/mmz4281/2526/D1.csv,,,,,,,3.65,3.9,2.08,1.64,2.46,1.89,2.08,,,,,,,3.7,3.95,2.08,1.56,2.74,1.9,2.1,3.5,3.75,2.0,3.5,3.85,1.97,3.3,3.6,1.93,3.4,3.75,2.0,3.3,3.75,2.0,3.4,3.75,2.0,3.45,3.95,1.97,3.25,3.9,2.0,3.4,3.8,2.0,3.4,3.75,2.0
D1,22/11/2025,17:30,FC Koln,Ein Frankfurt,3,4,A,1.0,2.0,A,11.0,11.0,5.0,7.0,6.0,5.0,3.0,3.0,0.0,0.0,0.0,0.0,3.0,3.75,2.2,2.87,3.75,2.25,,,,3.1,3.79,2.23,,,,,,,3.05,4.2,2.25,2.91,3.77,2.19,1.53,2.5,1.52,2.58,1.53,2.5,1.5,2.49,0.25,1.93,1.93,1.94,1.96,1.93,1.93,1.88,1.85,2.7,3.6,2.4,2.7,3.6,2.4,,,,2.83,3.67,2.49,,,,,,,2.8,3.75,2.45,2.7,3.6,2.41,1.57,2.38,1.57,2.48,1.61,2.5,1.55,2.38,0.0,2.05,1.8,2.1,1.84,2.05,1.83,2.0,1.77,2025,Football-Data.co.uk,https://www.football-data.co.uk/mmz4281/2526/D1.csv,,,,,,,3.15,4.0,2.28,1.55,2.7,1.97,1.99,,,,,,,2.9,3.7,2.58,1.61,2.58,2.11,1.88,3.0,3.75,2.2,3.05,3.8,2.18,2.8,3.6,2.15,2.87,3.75,2.25,2.87,3.7,2.25,2.75,3.6,2.4,2.65,3.75,2.45,2.7,3.7,2.38,2.7,3.6,2.4,2.7,3.6,2.4
D1,23/11/2025,14:30,RB Leipzig,Werder Bremen,2,0,H,0.0,0.0,D,22.0,15.0,13.0,6.0,5.0,7.0,13.0,7.0,1.0,2.0,0.0,0.0,1.45,5.0,6.0,1.46,5.0,5.75,,,,1.45,5.25,6.38,,,,,,,1.46,5.25,6.33,1.43,5.0,5.94,1.33,3.4,1.34,3.34,1.33,3.4,1.32,3.24,-1.25,1.88,1.98,1.89,2.01,1.88,1.98,1.84,1.92,1.53,4.75,5.25,1.51,4.8,5.25,,,,1.55,4.82,5.6,,,,,,,1.55,5.0,5.75,1.51,4.72,5.34,1.33,3.4,1.35,3.3,1.33,3.4,1.33,3.22,-1.0,1.83,2.03,1.86,2.08,1.85,2.05,1.78,2.01,2025,Football-Data.co.uk,https://www.football-data.co.uk/mmz4281/2526/D1.csv,,,,,,,1.47,5.4,6.8,1.37,3.5,1.91,2.02,,,,,,,1.58,5.1,5.8,1.38,3.55,1.88,2.09,1.44,5.0,6.0,1.43,5.25,6.1,1.4,4.75,5.75,1.44,5.0,5.75,1.44,5.0,5.75,1.5,5.0,5.5,1.52,4.6,5.75,1.5,4.8,5.25,1.5,4.8,5.25,1.5,4.8,5.25
D1,23/11/2025,16:30,St Pauli,Union Berlin,0,1,A,0.0,1.0,A,12.0,8.0,3.0,3.0,10.0,8.0,8.0,2.0,1.0,1.0,0.0,0.0,2.45,3.3,2.9,2.4,3.25,2.95,,,,2.54,3.29,2.98,,,,,,,2.5,3.3,3.0,2.43,3.21,2.91,2.1,1.73,2.19,1.73,2.15,1.73,2.1,1.69,0.0,1.78,2.1,1.81,2.12,1.78,2.1,1.73,2.03,2.63,3.0,2.9,2.6,3.0,2.95,,,,2.76,3.04,2.97,,,,,,,2.7,3.1,3.0,2.63,2.97,2.9,2.63,1.5,2.55,1.55,2.63,1.53,2.46,1.52,0.0,1.83,2.03,1.89,2.04,1.84,2.03,1.81,1.96,2025,Football-Data.co.uk,https://www.football-data.co.uk/mmz4281/2526/D1.csv,,,,,,,2.66,3.3,3.05,2.22,1.78,1.85,2.12,,,,,,,2.76,3.1,3.1,2.6,1.6,1.88,2.11,2.4,3.2,3.0,2.43,3.3,2.95,2.4,3.13,2.75,2.45,3.25,2.9,2.4,3.25,2.9,2.6,3.0,3.0,2.7,2.95,2.9,2.6,3.1,2.8,2.62,3.0,2.9,2.6,3.0,2.9
D1,28/11/2025,19:30,M'gladbach,RB Leipzig,0,0,D,0.0,0.0,D,8.0,20.0,1.0,4.0,9.0,9.0,5.0,6.0,0.0,3.0,0.0,0.0,2.88,3.7,2.3,2.85,3.8,2.25,,,,2.92,3.91,2.32,,,,,,,2.95,3.95,2.3,2.84,3.8,2.24,1.44,2.75,1.46,2.78,1.45,2.88,1.42,2.72,0.25,1.85,2.0,1.88,2.05,1.85,22.0,1.82,4.1,2.8,3.75,2.25,2.85,3.8,2.25,,,,2.92,3.84,2.35,,,,,,,2.88,3.9,2.33,2.81,3.76,2.27,1.5,2.63,1.49,2.68,1.5,2.8,1.44,2.68,0.25,1.83,2.03,1.87,2.07,1.83,2.03,1.79,1.89,2025,Football-Data.co.uk,https://www.football-data.co.uk/mmz4281/2526/D1.csv,,,,,,,3.0,4.0,2.36,1.49,2.98,1.92,2.06,,,,,,,2.98,4.1,2.36,1.51,2.92,1.92,2.07,2.75,3.75,2.3,2.95,3.95,2.2,2.8,3.9,2.2,2.87,3.8,2.25,2.87,3.8,2.25,2.8,3.75,2.3,2.85,3.9,2.25,2.75,3.9,2.25,2.87,3.8,2.25,2.8,3.75,2.25
D1,29/11/2025,14:30,Bayern Munich,St Pauli,3,1,H,1.0,1.0,D,19.0,10.0,4.0,1.0,5.0,8.0,10.0,2.0,1.0,1.0,0.0,0.0,1.1,10.0,21.0,1.11,10.5,20.0,,,,1.1,10.2,29.77,,,,,,,1.11,11.0,26.0,1.09,9.91,21.25,1.25,4.0,,,1.29,4.0,1.24,3.8,-2.5,1.83,2.03,1.82,2.03,1.9,2.03,1.81,1.94,1.1,10.0,21.0,1.12,9.75,20.0,,,,1.12,11.0,23.0,,,,,,,1.13,10.0,26.0,1.11,9.52,20.94,1.29,3.75,1.31,3.53,1.29,3.75,1.28,3.56,-2.5,1.98,1.88,1.99,1.92,1.98,1.94,1.89,1.87,2025,Football-Data.co.uk,https://www.football-data.co.uk/mmz4281/2526/D1.csv,,,,,,,1.12,12.0,32.0,1.28,4.3,1.85,2.12,,,,,,,1.14,11.0,26.0,1.33,3.95,2.02,1.96,1.09,10.0,21.0,1.1,10.5,21.0,1.07,9.0,18.0,1.11,11.0,19.0,1.11,10.0,19.0,1.11,9.0,21.0,1.1,10.0,23.0,1.1,9.5,20.0,1.12,9.5,19.0,1.12,9.5,19.0
D1,29/11/2025,14:30,Hoffenheim,Augsburg,3,0,H,3.0,0.0,H,17.0,14.0,3.0,4.0,17.0,9.0,7.0,2.0,1.0,0.0,0.0,0.0,1.67,4.33,4.5,1.7,4.1,4.4,,,,1.68,4.5,4.6,,,,,,,1.7,4.4,4.75,1.67,4.18,4.44,1.53,2.5,1.55,2.57,1.55,2.5,1.53,2.41,-0.75,1.83,2.03,1.85,2.07,1.86,22.0,1.82,4.46,1.73,4.2,4.2,1.72,4.0,4.4,,,,1.77,4.13,4.5,,,,,,,1.73,4.2,4.6,1.71,4.03,4.4,1.57,2.38,1.6,2.45,1.57,2.5,1.54,2.42,-0.75,1.93,1.93,1.98,1.94,1.93,1.93,1.87,1.9,2025,Football-Data.co.uk,https://www.football-data.co.uk/mmz4281/2526/D1.csv,,,,,,,1.72,4.4,5.0,1.59,2.62,1.89,2.08,,,,,,,1.78,4.3,4.8,1.6,2.62,1.97,2.01,1.67,4.0,4.6,1.68,4.35,4.4,1.6,4.0,4.4,1.7,4.2,4.4,1.7,4.0,4.4,1.7,4.0,4.5,1.71,4.0,4.6,1.7,4.1,4.33,1.73,4.0,4.4,1.7,4.0,4.33
D1,29/11/2025,14:30,Union Berlin,Heidenheim,1,2,A,1.0,0.0,H,9.0,10.0,2.0,2.0,13.0,10.0,5.0,5.0,3.0,2.0,0.0,0.0,1.67,4.0,5.0,1.68,3.8,4.8,,,,1.66,4.05,5.34,,,,,,,1.7,4.1,5.33,1.64,3.87,5.02,1.93,1.93,1.95,1.93,1.93,2.0,1.85,1.91,-0.75,1.83,2.03,1.86,2.05,1.83,22.0,1.78,4.5,1.6,3.8,6.25,1.61,3.8,5.75,,,,1.56,4.09,6.63,,,,,,,1.62,4.0,6.6,1.58,3.84,6.0,2.1,1.73,2.09,1.81,2.1,1.78,2.05,1.73,-1.0,2.05,1.8,1.99,1.93,2.05,1.83,2.0,1.79,2025,Football-Data.co.uk,https://www.football-data.co.uk/mmz4281/2526/D1.csv,,,,,,,1.7,4.1,5.8,1.97,1.97,1.93,2.05,,,,,,,1.65,4.0,6.6,2.16,1.82,2.05,1.94,1.67,3.75,5.0,1.61,4.1,5.3,1.6,3.7,4.8,1.7,3.8,4.8,1.67,3.8,4.8,1.57,3.75,6.5,1.58,4.0,6.0,1.57,3.8,6.0,1.61,3.8,5.75,1.6,3.8,5.75
D1,29/11/2025,14:30,Werder Bremen,FC Koln,1,1,D,1.0,0.0,H,17.0,10.0,4.0,2.0,11.0,11.0,4.0,0.0,2.0,4.0,1.0,0.0,2.25,3.8,2.9,2.25,3.8,2.87,,,,2.28,3.9,2.96,,,,,,,2.25,3.85,3.0,2.21,3.74,2.89,1.53,2.5,1.56,2.52,1.55,2.5,1.52,2.44,-0.25,1.98,1.88,2.01,1.9,1.98,22.0,1.92,4.38,2.15,3.8,3.0,2.2,3.7,3.0,,,,2.25,3.83,3.1,,,,,,,2.22,3.8,3.14,2.18,3.71,2.99,1.57,2.38,1.56,2.55,1.57,2.5,1.54,2.41,-0.25,1.88,1.98,1.98,1.94,1.91,1.98,1.88,1.89,2025,Football-Data.co.uk,https://www.football-data.co.uk/mmz4281/2526/D1.csv,,,,,,,2.34,3.9,3.1,1.6,2.58,2.04,1.94,,,,,,,2.28,3.85,3.25,1.59,2.62,2.0,1.99,2.2,3.6,3.0,2.18,3.85,2.95,2.15,3.6,2.8,2.25,3.8,2.9,2.2,3.75,2.87,2.2,3.6,3.0,2.2,3.8,3.0,2.15,3.75,3.0,2.2,3.7,3.0,2.2,3.6,3.0
D1,29/11/2025,17:30,Leverkusen,Dortmund,1,2,A,0.0,1.0,A,14.0,7.0,4.0,4.0,7.0,9.0,10.0,3.0,3.0,4.0,0.0,0.0,2.55,3.6,2.63,2.5,3.7,2.6,,,,2.54,3.77,2.67,,,,,,,2.55,3.75,2.66,2.47,3.62,2.59,1.57,2.38,1.6,2.43,1.6,2.4,1.56,2.35,0.0,1.88,1.98,1.9,2.0,1.88,22.0,1.83,5.27,2.7,3.6,2.45,2.6,3.6,2.5,,,,2.77,3.61,2.57,,,,,,,2.75,3.7,2.6,2.66,3.54,2.49,1.57,2.38,1.61,2.44,1.62,2.45,1.57,2.34,0.0,2.03,1.83,2.04,1.89,2.03,1.85,1.95,1.82,2025,Football-Data.co.uk,https://www.football-data.co.uk/mmz4281/2526/D1.csv,,,,,,,2.68,3.8,2.74,1.61,2.52,1.97,2.01,,,,,,,2.84,3.7,2.64,1.62,2.58,2.04,1.93,2.5,3.6,2.63,2.48,3.7,2.63,2.4,3.5,2.5,2.5,3.7,2.6,2.5,3.6,2.6,2.63,3.6,2.5,2.7,3.4,2.6,2.6,3.7,2.45,2.62,3.6,2.5,2.6,3.6,2.5
D1,30/11/2025,14:30,Hamburg,Stuttgart,2,1,H,1.0,0.0,H,9.0,14.0,2.0,3.0,16.0,12.0,4.0,6.0,2.0,4.0,1.0,0.0,3.0,3.75,2.2,3.0,3.7,2.2,,,,3.17,3.76,2.21,,,,,,,3.1,3.8,2.2,3.02,3.68,2.15,1.53,2.5,1.56,2.52,1.55,2.5,1.53,2.42,0.25,1.93,1.93,1.97,1.93,1.93,22.0,1.9,4.06,2.7,3.5,2.45,2.7,3.5,2.45,,,,2.85,3.55,2.53,,,,,,,2.8,3.6,2.5,2.73,3.51,2.43,1.67,2.2,1.7,2.26,1.67,2.4,1.63,2.23,0.0,2.03,1.83,2.09,1.85,2.03,1.83,1.97,1.8,2025,Football-Data.co.uk,https://www.football-data.co.uk/mmz4281/2526/D1.csv,,,,,,,3.3,3.9,2.22,1.6,2.58,2.02,1.93,,,,,,,2.94,3.6,2.58,1.72,2.32,2.13,1.88,3.1,3.6,2.15,3.1,3.8,2.14,2.9,3.6,2.1,3.0,3.7,2.2,3.0,3.7,2.2,2.75,3.5,2.4,2.8,3.6,2.4,2.63,3.6,2.45,2.7,3.5,2.45,2.7,3.5,2.45
D1,30/11/2025,16:30,Ein Frankfurt,Wolfsburg,1,1,D,0.0,0.0,D,15.0,10.0,3.0,3.0,7.0,9.0,14.0,1.0,1.0,4.0,0.0,0.0,1.73,4.2,4.2,1.7,4.33,4.33,,,,1.75,4.28,4.33,,,,,,,1.75,4.33,4.35,1.7,4.17,4.22,1.5,2.63,1.51,2.61,1.5,2.7,1.46,2.61,-0.75,1.93,1.93,1.95,1.95,1.93,22.0,1.87,4.41,1.95,3.9,3.5,1.9,3.9,3.6,,,,1.97,3.98,3.7,,,,,,,1.96,4.0,3.75,1.92,3.87,3.55,1.5,2.63,1.52,2.61,1.5,2.7,1.48,2.57,-0.5,1.98,1.88,1.98,1.94,1.98,2.3,1.82,1.97,2025,Football-Data.co.uk,https://www.football-data.co.uk/mmz4281/2526/D1.csv,,,,,,,1.82,4.2,4.5,1.54,2.74,2.02,1.94,,,,,,,2.0,4.0,3.9,1.56,2.76,2.0,1.99,1.7,4.2,4.33,1.71,4.25,4.3,1.67,4.0,4.0,1.7,4.33,4.33,1.7,4.2,4.2,1.95,3.75,3.5,1.86,4.0,3.75,1.95,3.9,3.4,1.91,3.9,3.6,1.91,3.8,3.6
D1,30/11/2025,18:30,Freiburg,Mainz,4,0,H,2.0,0.0,H,23.0,1.0,10.0,1.0,9.0,12.0,6.0,2.0,0.0,2.0,0.0,1.0,1.91,3.4,4.2,1.95,3.5,3.8,,,,1.93,3.55,4.27,,,,,,,1.95,3.5,4.2,1.91,3.43,3.95,2.0,1.8,2.02,1.88,2.0,1.83,1.95,1.8,-0.5,1.93,1.93,1.93,1.97,1.93,1.93,1.88,1.87,1.73,3.75,4.5,1.77,3.7,4.5,,,,1.75,3.8,5.09,,,,,,,1.77,3.8,5.0,1.73,3.7,4.64,1.73,2.1,1.78,2.12,1.77,2.15,1.72,2.08,-0.75,1.98,1.88,1.98,1.94,1.98,1.88,1.92,1.85,2025,Football-Data.co.uk,https://www.football-data.co.uk/mmz4281/2526/D1.csv,,,,,,,1.97,3.6,4.4,2.04,1.9,1.97,2.01,,,,,,,1.81,3.9,5.1,1.83,2.18,2.04,1.95,1.95,3.4,4.0,1.92,3.4,3.95,1.85,3.4,3.8,1.95,3.5,3.8,1.95,3.4,3.8,1.73,3.75,4.5,1.72,3.75,4.9,1.73,3.7,4.6,1.75,3.7,4.5,1.75,3.7,4.5
D1,05/12/2025,19:30,Mainz,M'gladbach,0,1,A,0.0,0.0,D,8.0,14.0,2.0,5.0,12.0,4.0,8.0,6.0,2.0,1.0,0.0,0.0,2.55,3.4,2.63,2.45,3.4,2.75,,,,2.68,3.55,2.69,,,,,,,2.63,3.5,2.75,2.55,3.41,2.65,1.73,2.1,1.76,2.18,1.75,2.15,1.7,2.1,0.0,1.93,1.93,1.96,1.96,1.93,1.94,1.87,1.89,2.7,3.3,2.5,2.65,3.4,2.6,,,,2.72,3.48,2.68,,,,,,,2.75,3.5,2.6,2.67,3.38,2.54,1.73,2.1,1.77,2.13,1.75,2.14,1.7,2.09,0.0,2.0,1.85,1.98,1.94,2.0,1.85,1.94,1.82,2025,Football-Data.co.uk,https://www.football-data.co.uk/mmz4281/2526/D1.csv,,,,,,,2.68,3.65,2.78,1.78,2.26,1.95,2.02,,,,,,,2.84,3.55,2.72,1.81,2.18,2.02,1.96,2.6,3.4,2.6,2.6,3.35,2.7,2.55,3.5,2.55,2.45,3.4,2.75,2.45,3.4,2.75,2.75,3.4,2.5,2.75,3.35,2.55,2.6,3.5,2.5,2.62,3.4,2.6,2.62,3.4,2.6
D1,06/12/2025,14:30,Augsburg,Leverkusen,2,0,H,2.0,0.0,H,13.0,20.0,6.0,2.0,12.0,6.0,5.0,7.0,4.0,3.0,0.0,0.0,3.7,4.0,1.9,3.7,3.8,1.9,,,,3.82,3.94,1.93,,,,,,,3.8,4.0,1.91,3.68,3.8,1.88,1.62,2.3,1.64,2.35,1.62,2.38,1.58,2.31,0.5,1.95,1.9,1.97,1.93,1.98,1.9,1.93,1.83,3.4,3.7,2.05,3.25,3.6,2.1,,,,3.57,3.48,2.17,,,,,,,3.45,3.7,2.15,3.33,3.56,2.08,1.67,2.2,1.74,2.21,1.68,2.25,1.65,2.18,0.25,2.05,1.8,2.05,1.88,2.05,1.81,2.0,1.74,2025,Football-Data.co.uk,https://www.football-data.co.uk/mmz4281/2526/D1.csv,,,,,,,4.0,4.0,1.96,1.66,2.44,2.02,1.96,,,,,,,3.6,3.65,2.2,1.74,2.3,2.09,1.89,3.75,3.75,1.9,3.7,3.85,1.91,3.5,3.7,1.83,3.7,3.8,1.91,3.7,3.8,1.91,3.3,3.6,2.1,3.45,3.6,2.06,3.3,3.6,2.05,3.25,3.7,2.1,3.25,3.6,2.1
D1,06/12/2025,14:30,FC Koln,St Pauli,1,1,D,0.0,0.0,D,11.0,5.0,8.0,1.0,6.0,6.0,5.0,4.0,0.0,1.0,0.0,0.0,1.95,3.6,3.8,1.98,3.6,3.6,,,,1.99,3.69,3.82,,,,,,,2.0,3.66,3.8,1.95,3.55,3.68,1.91,1.91,1.94,1.94,1.91,2.0,1.83,1.93,-0.5,1.98,1.88,2.0,1.9,1.98,1.9,1.91,1.85,2.0,3.4,3.75,1.95,3.6,3.7,,,,2.05,3.56,3.85,,,,,,,2.02,3.6,3.8,1.99,3.47,3.7,1.98,1.88,1.93,1.95,1.98,1.94,1.89,1.87,-0.5,2.03,1.83,2.06,1.87,2.03,1.9,1.94,1.83,2025,Football-Data.co.uk,https://www.football-data.co.uk/mmz4281/2526/D1.csv,,,,,,,2.02,3.8,4.0,1.96,2.0,2.02,1.94,,,,,,,2.08,3.65,4.0,1.95,2.02,2.08,1.9,1.95,3.5,3.75,1.95,3.6,3.8,1.91,3.4,3.5,2.0,3.6,3.6,1.95,3.6,3.6,2.0,3.5,3.6,2.0,3.45,3.8,2.0,3.5,3.6,1.95,3.6,3.7,1.95,3.5,3.7
D1,06/12/2025,14:30,Heidenheim,Freiburg,2,1,H,0.0,1.0,A,16.0,16.0,3.0,2.0,11.0,10.0,8.0,6.0,2.0,1.0,0.0,0.0,3.9,3.6,1.91,3.8,3.5,1.95,,,,4.03,3.65,1.95,,,,,,,3.9,3.65,2.0,3.8,3.51,1.93,1.91,1.91,1.93,1.96,1.91,1.92,1.85,1.9,0.5,1.93,1.93,1.94,1.96,1.93,1.95,1.86,1.9,4.75,3.6,1.75,4.5,3.6,1.8,,,,4.97,3.68,1.79,,,,,,,4.75,3.6,1.84,4.6,3.51,1.79,2.1,1.73,2.13,1.78,2.12,1.76,2.05,1.74,0.75,1.83,2.03,1.88,2.05,1.83,2.07,1.77,2.02,2025,Football-Data.co.uk,https://www.football-data.co.uk/mmz4281/2526/D1.csv,,,,,,,4.2,3.7,2.02,1.95,2.0,1.98,2.02,,,,,,,5.2,3.65,1.86,2.18,1.81,1.88,2.12,3.75,3.5,1.95,3.8,3.65,1.95,3.75,3.4,1.85,3.8,3.5,1.95,3.8,3.5,1.95,4.6,3.5,1.8,4.7,3.4,1.82,4.75,3.5,1.75,4.5,3.6,1.8,4.4,3.6,1.8
D1,06/12/2025,14:30,Stuttgart,Bayern Munich,0,5,A,0.0,1.0,A,13.0,19.0,1.0,11.0,6.0,11.0,3.0,4.0,2.0,4.0,1.0,0.0,5.75,5.0,1.45,5.25,5.25,1.5,,,,5.4,5.21,1.51,,,,,,,6.0,5.33,1.5,5.43,5.0,1.47,1.33,3.4,1.36,3.28,1.35,3.4,1.33,3.23,1.25,1.88,1.98,1.9,2.0,1.89,1.98,1.86,1.92,4.5,4.75,1.62,4.33,4.75,1.63,,,,4.76,4.71,1.63,,,,,,,5.5,4.8,1.65,4.7,4.67,1.58,1.3,3.5,1.34,3.37,1.32,3.6,1.3,3.39,1.0,1.88,1.98,1.93,2.0,2.02,1.98,1.91,1.87,2025,Football-Data.co.uk,https://www.football-data.co.uk/mmz4281/2526/D1.csv,,,,,,,5.8,5.4,1.54,1.37,3.6,1.92,2.04,,,,,,,5.2,4.8,1.65,1.35,3.75,1.98,1.98,5.5,5.0,1.44,6.0,5.0,1.46,5.25,4.6,1.44,5.25,5.25,1.5,5.0,5.0,1.5,4.6,4.6,1.6,5.5,4.7,1.52,4.6,4.75,1.57,4.33,4.8,1.65,4.2,4.6,1.61
D1,06/12/2025,14:30,Wolfsburg,Union Berlin,3,1,H,2.0,0.0,H,4.0,21.0,3.0,6.0,13.0,10.0,0.0,11.0,4.0,1.0,0.0,0.0,2.15,3.4,3.5,2.1,3.5,3.4,,,,2.17,3.44,3.53,,,,,,,2.16,3.55,3.5,2.1,3.41,3.38,1.93,1.93,1.96,1.93,1.94,1.94,1.87,1.88,-0.25,1.85,2.0,1.88,2.03,1.85,2.02,1.81,1.97,1.95,3.5,3.8,2.0,3.5,3.7,,,,2.04,3.51,3.95,,,,,,,2.05,3.5,3.9,2.0,3.45,3.68,1.95,1.9,1.97,1.93,1.95,1.92,1.89,1.88,-0.5,2.03,1.83,2.05,1.88,2.2,1.84,2.03,1.76,2025,Football-Data.co.uk,https://www.football-data.co.uk/mmz4281/2526/D1.csv,,,,,,,2.28,3.55,3.55,1.97,2.0,1.95,2.03,,,,,,,2.08,3.6,4.0,2.0,1.95,2.08,1.91,2.1,3.4,3.4,2.08,3.55,3.45,2.05,3.3,3.2,2.1,3.5,3.4,2.1,3.5,3.3,2.05,3.4,3.6,2.04,3.45,3.65,2.0,3.5,3.6,2.0,3.5,3.7,2.0,3.5,3.6
D1,06/12/2025,17:30,RB Leipzig,Ein Frankfurt,6,0,H,2.0,0.0,H,16.0,8.0,7.0,2.0,9.0,17.0,4.0,0.0,1.0,2.0,0.0,0.0,1.73,4.2,4.2,1.75,4.2,4.0,,,,1.79,4.24,4.13,,,,,,,1.75,4.25,4.2,1.73,4.13,4.06,1.44,2.75,1.46,2.76,1.45,2.85,1.42,2.73,-0.75,1.95,1.9,2.01,1.89,1.95,1.9,1.9,1.87,1.73,4.0,4.33,1.71,4.1,4.33,,,,1.78,4.1,4.4,,,,,,,1.75,4.2,4.5,1.72,3.99,4.32,1.57,2.38,1.57,2.5,1.57,2.5,1.53,2.43,-0.75,1.95,1.9,2.0,1.93,1.95,1.9,1.9,1.87,2025,Football-Data.co.uk,https://www.football-data.co.uk/mmz4281/2526/D1.csv,,,,,,,1.84,4.2,4.4,1.49,2.92,2.04,1.92,,,,,,,1.82,4.1,4.6,1.6,2.62,2.02,1.95,1.73,4.0,4.2,1.74,4.2,4.2,1.65,4.0,3.8,1.75,4.2,4.0,1.75,4.2,4.0,1.73,4.0,4.33,1.73,4.0,4.5,1.73,4.0,4.2,1.7,4.2,4.33,1.7,4.0,4.33
D1,07/12/2025,14:30,Hamburg,Werder Bremen,3,2,H,0.0,1.0,A,12.0,10.0,6.0,3.0,8.0,13.0,5.0,3.0,1.0,6.0,0.0,0.0,2.25,3.5,3.0,2.25,3.7,2.9,,,,2.36,3.62,3.0,,,,,,,2.3,3.7,3.1,2.25,3.53,2.96,1.73,2.1,1.73,2.2,1.73,2.28,1.65,2.16,-0.25,2.0,1.85,2.06,1.85,2.0,1.87,1.93,1.83,2.4,3.5,2.88,2.35,3.5,2.9,,,,2.45,3.51,2.99,,,,,,,2.4,3.6,2.9,2.36,3.47,2.87,1.73,2.1,1.77,2.15,1.77,2.12,1.72,2.07,-0.25,2.1,1.78,2.12,1.83,2.1,1.81,2.03,1.76,2025,Football-Data.co.uk,https://www.football-data.co.uk/mmz4281/2526/D1.csv,,,,,,,2.4,3.6,3.05,1.72,2.3,2.09,1.87,,,,,,,2.48,3.55,3.15,1.8,2.2,2.13,1.87,2.25,3.5,3.0,2.23,3.65,3.05,2.2,3.5,2.8,2.25,3.7,2.9,2.25,3.7,2.9,2.38,3.4,2.88,2.4,3.45,2.9,2.38,3.5,2.8,2.3,3.5,2.9,2.3,3.5,2.87
D1,07/12/2025,16:30,Dortmund,Hoffenheim,2,0,H,1.0,0.0,H,8.0,11.0,4.0,3.0,7.0,9.0,7.0,5.0,0.0,2.0,0.0,0.0,1.62,4.5,4.75,1.57,4.6,4.8,,,,1.63,4.55,4.89,,,,,,,1.65,4.6,5.4,1.58,4.41,4.84,1.5,2.63,1.5,2.64,1.5,2.7,1.47,2.6,-1.0,2.0,1.85,2.03,1.88,2.0,1.95,1.92,1.85,1.62,4.5,4.5,1.62,4.5,4.6,,,,1.65,4.55,4.95,,,,,,,1.64,4.6,5.1,1.6,4.44,4.69,1.4,3.0,1.42,2.93,1.41,3.1,1.39,2.92,-1.0,2.03,1.78,2.06,1.88,2.03,1.92,1.94,1.84,2025,Football-Data.co.uk,https://www.football-data.co.uk/mmz4281/2526/D1.csv,,,,,,,1.63,4.7,5.4,1.52,2.78,2.02,1.92,,,,,,,1.68,4.6,5.3,1.44,3.15,2.09,1.89,1.57,4.33,5.0,1.54,4.6,5.4,1.55,4.1,4.75,1.57,4.6,4.8,1.57,4.6,4.8,1.62,4.33,4.6,1.56,4.6,5.1,1.6,4.5,4.6,1.61,4.5,4.6,1.61,4.5,4.6
D1,12/12/2025,19:30,Union Berlin,RB Leipzig,3,1,H,0.0,0.0,D,12.0,9.0,6.0,3.0,7.0,8.0,4.0,6.0,2.0,2.0,0.0,0.0,3.2,3.5,2.2,3.2,3.4,2.25,,,,3.27,3.47,2.31,,,,,,,3.5,3.6,2.25,3.22,3.38,2.19,1.98,1.88,2.01,1.89,1.98,2.0,1.89,1.86,0.25,1.9,1.95,1.93,2.0,1.9,1.95,1.88,1.84,3.0,3.4,2.35,2.95,3.3,2.37,,,,3.13,3.51,2.36,,,,,,,3.15,3.4,2.37,3.03,3.32,2.32,2.03,1.83,2.04,1.87,2.03,1.85,1.95,1.81,0.25,1.83,2.03,1.88,2.05,1.85,2.03,1.81,1.92,2025,Football-Data.co.uk,https://www.football-data.co.uk/mmz4281/2526/D1.csv,,,,,,,3.35,3.55,2.36,2.0,1.97,1.95,2.02,,,,,,,3.25,3.55,2.4,2.1,1.89,1.92,2.06,3.25,3.3,2.2,3.3,3.35,2.2,3.13,3.4,2.2,3.2,3.4,2.25,3.1,3.4,2.2,3.1,3.25,2.3,3.0,3.4,2.35,3.0,3.4,2.3,3.0,3.3,2.37,2.9,3.3,2.37
D1,13/12/2025,14:30,Ein Frankfurt,Augsburg,1,0,H,0.0,0.0,D,11.0,12.0,4.0,1.0,14.0,10.0,2.0,6.0,2.0,3.0,0.0,0.0,1.7,4.2,4.33,1.7,4.2,4.33,,,,1.72,4.27,4.51,,,,,,,1.71,4.25,4.6,1.68,4.06,4.39,1.57,2.38,1.61,2.4,1.6,2.43,1.55,2.36,-0.75,1.9,1.95,1.92,1.99,1.9,1.95,1.84,1.92,1.85,3.75,4.0,1.83,3.7,4.1,,,,1.87,3.82,4.29,,,,,,,1.93,3.75,4.33,1.83,3.69,4.08,1.85,2.0,1.85,2.06,1.85,2.1,1.77,2.0,-0.5,1.83,2.03,1.88,2.05,1.91,2.03,1.81,1.92,2025,Football-Data.co.uk,https://www.football-data.co.uk/mmz4281/2526/D1.csv,,,,,,,1.77,4.3,4.8,1.65,2.46,1.96,2.01,,,,,,,1.93,4.0,4.3,1.89,2.12,1.93,2.07,1.7,4.0,4.5,1.7,4.0,4.6,1.65,3.9,4.2,1.7,4.2,4.33,1.7,4.2,4.33,1.8,3.75,4.33,1.81,3.75,4.25,1.83,3.7,4.0,1.83,3.75,4.2,1.83,3.7,4.0
D1,13/12/2025,14:30,Hoffenheim,Hamburg,4,1,H,2.0,0.0,H,10.0,14.0,6.0,5.0,16.0,10.0,3.0,3.0,1.0,3.0,0.0,0.0,1.7,4.33,4.2,1.75,4.2,4.0,,,,1.72,4.33,4.47,,,,,,,1.75,4.33,4.5,1.71,4.06,4.21,1.5,2.63,1.52,2.6,1.53,2.63,1.5,2.49,-0.75,1.88,1.98,1.91,2.0,1.94,1.98,1.88,1.89,1.7,4.2,4.33,1.68,4.2,4.4,,,,1.72,4.16,4.68,,,,,,,1.71,4.2,4.75,1.68,4.13,4.42,1.62,2.3,1.63,2.38,1.62,2.63,1.54,2.41,-0.75,1.9,1.95,1.93,1.99,1.9,1.95,1.85,1.92,2025,Football-Data.co.uk,https://www.football-data.co.uk/mmz4281/2526/D1.csv,,,,,,,1.75,4.3,4.9,1.57,2.68,1.93,2.04,,,,,,,1.75,4.5,4.8,1.66,2.5,1.96,2.03,1.73,4.0,4.2,1.75,3.95,4.35,1.65,3.9,4.2,1.75,4.2,4.0,1.75,4.2,4.0,1.7,4.2,4.33,1.68,4.2,4.5,1.67,4.1,4.5,1.7,4.2,4.4,1.67,4.2,4.33
D1,13/12/2025,14:30,M'gladbach,Wolfsburg,1,3,A,1.0,3.0,A,14.0,11.0,4.0,6.0,6.0,8.0,6.0,3.0,0.0,1.0,0.0,0.0,1.95,3.8,3.6,1.98,3.8,3.4,,,,1.98,3.85,3.69,,,,,,,2.0,3.9,3.66,1.96,3.75,3.47,1.57,2.38,1.61,2.42,1.62,2.38,1.56,2.33,-0.5,1.98,1.88,1.99,1.92,1.98,1.88,1.91,1.82,2.0,3.75,3.4,2.0,3.75,3.4,,,,2.05,3.8,3.62,,,,,,,2.02,3.8,3.6,1.99,3.67,3.46,1.62,2.3,1.65,2.36,1.66,2.38,1.6,2.26,-0.5,2.03,1.83,2.06,1.88,2.03,1.85,1.94,1.8,2025,Football-Data.co.uk,https://www.football-data.co.uk/mmz4281/2526/D1.csv,,,,,,,2.08,3.9,3.7,1.69,2.42,2.08,1.91,,,,,,,2.06,3.9,3.75,1.63,2.54,2.06,1.92,2.0,3.75,3.4,1.96,3.85,3.55,1.91,3.7,3.3,2.0,3.9,3.4,1.95,3.8,3.4,2.0,3.6,3.5,2.02,3.65,3.5,1.95,3.8,3.5,2.0,3.75,3.4,2.0,3.7,3.4
D1,13/12/2025,14:30,St Pauli,Heidenheim,2,1,H,1.0,0.0,H,8.0,20.0,5.0,7.0,6.0,15.0,4.0,11.0,2.0,3.0,1.0,0.0,1.95,3.4,4.0,1.98,3.4,3.9,,,,1.98,3.45,4.18,,,,,,,2.0,3.5,4.2,1.94,3.33,3.96,2.2,1.67,2.19,1.74,2.2,1.73,2.11,1.68,-0.5,1.98,1.88,1.99,1.92,1.98,1.9,1.91,1.83,1.85,3.4,4.33,1.88,3.4,4.33,,,,1.88,3.54,4.65,,,,,,,1.91,3.5,4.6,1.85,3.39,4.37,2.2,1.67,2.25,1.71,2.2,1.7,2.16,1.66,-0.5,1.88,1.98,1.88,2.04,1.88,1.98,1.82,1.91,2025,Football-Data.co.uk,https://www.football-data.co.uk/mmz4281/2526/D1.csv,,,,,,,2.02,3.5,4.4,2.24,1.76,2.02,1.96,,,,,,,1.94,3.55,4.8,2.3,1.75,1.94,2.05,1.95,3.3,4.0,1.95,3.3,4.2,1.91,3.2,3.75,1.95,3.4,3.9,1.95,3.4,3.9,1.83,3.3,4.6,1.85,3.5,4.4,1.85,3.4,4.33,1.91,3.4,4.33,1.85,3.4,4.33
D1,13/12/2025,17:30,Leverkusen,FC Koln,2,0,H,0.0,0.0,D,17.0,6.0,6.0,4.0,8.0,6.0,8.0,3.0,2.0,1.0,0.0,0.0,1.55,4.33,5.25,1.52,4.6,5.5,,,,1.57,4.68,5.33,,,,,,,1.57,4.75,5.5,1.53,4.44,5.28,1.53,2.5,1.54,2.58,1.53,2.63,1.49,2.53,-1.0,1.88,1.98,1.93,1.96,1.9,1.98,1.86,1.92,1.75,4.1,4.0,1.73,4.2,4.1,,,,1.81,4.3,4.07,,,,,,,1.8,4.33,4.75,1.74,4.11,4.11,1.44,2.75,1.49,2.75,1.5,2.75,1.47,2.6,-0.75,2.0,1.85,2.03,1.89,2.0,1.88,1.92,1.85,2025,Football-Data.co.uk,https://www.football-data.co.uk/mmz4281/2526/D1.csv,,,,,,,1.62,4.6,5.9,1.57,2.68,1.98,1.99,,,,,,,1.82,4.3,4.4,1.54,2.82,2.0,1.98,1.53,4.33,5.5,1.56,4.4,5.4,1.5,4.2,5.0,1.53,4.6,5.5,1.5,4.6,5.5,1.8,4.0,4.0,1.73,4.1,4.35,1.75,4.1,4.0,1.75,4.2,4.0,1.73,4.2,4.0
D1,14/12/2025,14:30,Freiburg,Dortmund,1,1,D,0.0,1.0,A,21.0,9.0,6.0,4.0,11.0,10.0,6.0,0.0,3.0,2.0,0.0,1.0,3.25,3.5,2.15,3.3,3.5,2.1,,,,3.32,3.59,2.2,,,,,,,3.45,3.5,2.2,3.25,3.44,2.12,1.83,2.03,1.82,2.06,1.86,2.03,1.8,1.94,0.25,1.98,1.88,1.99,1.92,1.98,1.88,1.95,1.78,3.75,3.6,1.95,3.5,3.5,2.05,,,,3.95,3.59,2.01,,,,,,,3.8,3.6,2.2,3.65,3.5,1.99,1.8,2.0,1.86,2.05,1.85,2.0,1.81,1.95,0.5,1.88,1.98,1.91,2.02,1.88,1.98,1.81,1.92,2025,Football-Data.co.uk,https://www.football-data.co.uk/mmz4281/2526/D1.csv,,,,,,,3.5,3.6,2.24,1.85,2.1,2.05,1.93,,,,,,,4.0,3.65,2.08,1.92,2.08,1.91,2.06,3.25,3.4,2.15,3.45,3.5,2.1,3.1,3.3,2.1,3.3,3.5,2.1,3.3,3.5,2.1,3.6,3.5,2.0,3.75,3.55,2.0,3.7,3.6,1.93,3.6,3.5,2.05,3.5,3.4,2.05
D1,14/12/2025,16:30,Bayern Munich,Mainz,2,2,D,1.0,1.0,D,24.0,5.0,11.0,2.0,7.0,8.0,7.0,0.0,2.0,2.0,0.0,0.0,1.09,11.0,21.0,1.11,11.5,20.0,,,,1.09,12.74,21.79,,,,,,,1.11,11.5,21.0,1.09,10.18,19.25,1.22,4.33,,,1.23,4.33,1.21,4.11,-2.75,2.0,1.85,2.01,1.87,2.0,1.85,1.97,1.8,1.09,12.0,19.0,1.1,12.0,20.0,,,,1.08,14.25,24.0,,,,,,,1.1,13.0,26.0,1.08,11.44,21.72,1.17,5.0,,,1.22,5.4,1.18,4.65,-2.75,1.83,2.03,1.87,2.02,1.83,2.08,1.76,2.02,2025,Football-Data.co.uk,https://www.football-data.co.uk/mmz4281/2526/D1.csv,,,,,,,1.11,13.0,32.0,1.26,4.5,2.01,1.9,,,,,,,1.1,15.0,34.0,1.2,5.8,1.86,2.1,1.1,9.5,21.0,1.1,11.0,19.0,1.07,9.0,18.0,1.11,11.0,19.0,1.1,11.0,19.0,1.08,11.0,23.0,1.07,13.0,26.0,1.07,11.5,22.0,1.1,12.0,19.0,1.1,12.0,19.0
D1,14/12/2025,18:30,Werder Bremen,Stuttgart,0,4,A,0.0,2.0,A,9.0,24.0,3.0,12.0,11.0,6.0,0.0,9.0,2.0,0.0,1.0,0.0,2.9,3.8,2.25,2.9,3.8,2.2,,,,2.91,3.92,2.3,,,,,,,3.0,3.8,2.26,2.88,3.71,2.21,1.53,2.5,1.54,2.54,1.53,2.55,1.52,2.44,0.25,1.85,2.0,1.88,2.03,1.86,2.0,1.84,1.89,2.8,3.8,2.35,2.85,3.6,2.3,,,,2.9,3.75,2.4,,,,,,,2.88,3.8,2.38,2.81,3.63,2.31,1.57,2.38,1.6,2.42,1.6,2.45,1.55,2.37,0.25,1.8,2.05,1.84,2.1,1.8,2.05,1.77,1.97,2025,Football-Data.co.uk,https://www.football-data.co.uk/mmz4281/2526/D1.csv,,,,,,,3.05,3.9,2.36,1.62,2.58,1.92,2.07,,,,,,,2.96,3.85,2.48,1.63,2.56,1.86,2.14,3.0,3.6,2.2,2.95,3.8,2.23,2.8,3.6,2.15,2.9,3.8,2.2,2.87,3.8,2.2,2.88,3.6,2.3,2.8,3.65,2.38,2.8,3.7,2.3,2.87,3.6,2.3,2.8,3.6,2.3
D1,19/12/2025,19:30,Dortmund,M'gladbach,2,0,H,1.0,0.0,H,10.0,6.0,4.0,1.0,15.0,13.0,6.0,4.0,2.0,1.0,0.0,0.0,1.55,4.5,5.5,1.55,4.6,5.0,,,,1.56,4.56,5.68,,,,,,,1.56,4.6,5.75,1.53,4.47,5.41,1.5,2.63,1.52,2.66,1.5,2.7,1.48,2.57,-1.0,1.88,1.98,1.93,2.0,1.9,2.0,1.84,1.95,1.48,4.75,6.0,1.49,4.8,5.75,,,,1.52,4.72,6.1,,,,,,,1.5,4.8,6.33,1.48,4.64,5.92,1.5,2.63,1.51,2.68,1.5,2.7,1.47,2.59,-1.0,1.73,2.08,1.83,2.11,1.76,2.1,1.73,2.06,2025,Football-Data.co.uk,https://www.football-data.co.uk/mmz4281/2526/D1.csv,,,,,,,1.6,4.7,6.0,1.53,2.82,1.93,2.02,,,,,,,1.52,5.2,6.4,1.52,2.86,1.84,2.14,1.53,4.5,5.5,1.52,4.5,5.75,1.53,4.5,5.25,1.55,4.6,5.0,1.55,4.6,5.0,1.5,4.6,6.0,1.49,4.6,6.1,1.45,4.75,6.0,1.48,4.8,5.75,1.48,4.8,5.75
D1,20/12/2025,14:30,Augsburg,Werder Bremen,0,0,D,0.0,0.0,D,14.0,9.0,6.0,0.0,10.0,20.0,6.0,11.0,3.0,4.0,0.0,0.0,2.25,3.5,3.1,2.25,3.5,3.0,,,,2.28,3.56,3.19,,,,,,,2.3,3.65,3.1,2.24,3.48,3.01,1.73,2.1,1.8,2.09,1.77,2.14,1.72,2.06,-0.25,1.98,1.88,1.98,1.93,1.98,1.88,1.93,1.84,2.2,3.5,3.2,2.2,3.5,3.1,,,,2.33,3.53,3.17,,,,,,,2.25,3.5,3.33,2.21,3.44,3.13,1.8,2.0,1.84,2.06,1.81,2.05,1.76,2.01,-0.25,1.93,1.93,2.02,1.91,1.94,1.93,1.91,1.86,2025,Football-Data.co.uk,https://www.football-data.co.uk/mmz4281/2526/D1.csv,,,,,,,2.36,3.65,3.25,1.82,2.16,2.03,1.94,,,,,,,2.4,3.5,3.3,1.9,2.08,2.05,1.92,2.25,3.5,3.0,2.25,3.65,3.0,2.2,3.4,2.88,2.25,3.5,3.0,2.25,3.5,3.0,2.2,3.4,3.2,2.25,3.45,3.1,2.2,3.5,3.1,2.2,3.5,3.1,2.2,3.5,3.1
D1,20/12/2025,14:30,FC Koln,Union Berlin,0,1,A,0.0,0.0,D,13.0,11.0,2.0,3.0,9.0,18.0,3.0,6.0,2.0,5.0,1.0,0.0,2.3,3.3,3.1,2.37,3.3,2.95,,,,2.37,3.4,3.15,,,,,,,2.38,3.35,3.2,2.32,3.28,3.02,1.98,1.88,2.0,1.89,2.0,1.88,1.93,1.83,-0.25,2.03,1.83,2.05,1.86,2.03,1.86,1.98,1.79,2.5,3.1,2.9,2.45,3.3,2.87,,,,2.69,3.27,2.86,,,,,,,2.71,3.3,2.9,2.52,3.19,2.83,2.1,1.73,2.15,1.78,2.1,1.75,2.06,1.73,0.0,1.78,2.1,1.9,2.03,1.9,2.1,1.8,1.97,2025,Football-Data.co.uk,https://www.football-data.co.uk/mmz4281/2526/D1.csv,,,,,,,2.44,3.45,3.25,2.06,1.9,2.08,1.89,,,,,,,2.72,3.3,3.0,2.2,1.8,1.89,2.09,2.38,3.25,3.0,2.38,3.35,3.05,2.25,3.25,2.88,2.37,3.3,3.0,2.37,3.3,3.0,2.5,3.2,2.88,2.55,3.2,2.85,2.5,3.25,2.8,2.45,3.3,2.87,2.45,3.25,2.87
D1,20/12/2025,14:30,Hamburg,Ein Frankfurt,1,1,D,1.0,1.0,D,9.0,9.0,3.0,3.0,8.0,12.0,5.0,5.0,0.0,0.0,0.0,0.0,2.6,3.6,2.55,2.6,3.5,2.55,,,,2.71,3.55,2.51,,,,,,,2.7,3.6,2.6,2.62,3.48,2.51,1.67,2.2,1.68,2.22,1.67,2.22,1.65,2.17,0.0,1.98,1.88,2.0,1.85,1.98,1.88,1.93,1.83,2.4,3.5,2.88,2.45,3.5,2.8,,,,2.52,3.43,2.95,,,,,,,2.5,3.5,2.9,2.44,3.39,2.78,1.85,2.0,1.9,2.01,1.85,2.05,1.79,1.98,0.0,1.73,2.08,1.81,2.13,1.83,2.08,1.75,2.01,2025,Football-Data.co.uk,https://www.football-data.co.uk/mmz4281/2526/D1.csv,,,,,,,2.88,3.65,2.6,1.71,2.34,2.09,1.89,,,,,,,2.6,3.4,3.05,1.93,2.04,1.84,2.16,2.63,3.5,2.5,2.63,3.5,2.6,2.55,3.4,2.4,2.6,3.5,2.5,2.6,3.5,2.5,2.4,3.4,2.8,2.5,3.4,2.7,2.4,3.5,2.75,2.45,3.5,2.8,2.4,3.4,2.75
D1,20/12/2025,14:30,Stuttgart,Hoffenheim,0,0,D,0.0,0.0,D,10.0,4.0,3.0,1.0,10.0,17.0,4.0,2.0,3.0,2.0,0.0,0.0,2.0,3.8,3.4,1.98,3.9,3.3,,,,2.07,3.86,3.42,,,,,,,2.05,4.0,3.4,1.99,3.84,3.29,1.5,2.63,1.51,2.61,1.5,2.8,1.46,2.62,-0.5,2.03,1.83,2.08,1.84,2.03,1.85,1.95,1.79,1.95,3.8,3.7,1.95,3.9,3.4,,,,2.0,3.92,3.65,,,,,,,2.0,4.1,3.7,1.95,3.86,3.44,1.57,2.38,1.52,2.59,1.57,2.8,1.49,2.55,-0.5,1.95,1.9,2.01,1.92,1.96,1.9,1.91,1.82,2025,Football-Data.co.uk,https://www.football-data.co.uk/mmz4281/2526/D1.csv,,,,,,,2.1,4.0,3.5,1.53,2.78,2.1,1.89,,,,,,,2.06,4.0,3.7,1.57,2.7,2.06,1.92,2.0,3.75,3.4,2.0,4.0,3.35,1.95,3.75,3.13,2.0,3.9,3.3,2.0,3.9,3.3,2.0,3.75,3.4,1.93,4.1,3.5,1.95,3.9,3.4,1.95,3.9,3.4,1.95,3.9,3.4
D1,20/12/2025,14:30,Wolfsburg,Freiburg,3,4,A,1.0,1.0,D,13.0,15.0,6.0,8.0,16.0,8.0,2.0,6.0,1.0,1.0,0.0,0.0,2.5,3.6,2.75,2.45,3.5,2.75,,,,2.57,3.55,2.76,,,,,,,2.54,3.6,2.75,2.47,3.43,2.7,1.8,2.0,1.85,2.05,1.83,2.0,1.77,1.99,0.0,1.83,2.03,1.88,2.03,1.85,2.03,1.81,1.96,2.35,3.5,2.9,2.4,3.4,2.8,,,,2.48,3.49,2.96,,,,,,,2.5,3.55,2.9,2.41,3.39,2.83,1.88,1.98,1.88,2.03,1.91,2.0,1.83,1.92,0.0,1.7,2.1,1.79,2.13,1.83,2.1,1.72,2.05,2025,Football-Data.co.uk,https://www.football-data.co.uk/mmz4281/2526/D1.csv,,,,,,,2.6,3.6,2.92,1.87,2.08,1.88,2.11,,,,,,,2.52,3.55,3.0,1.96,2.0,1.81,2.19,2.5,3.4,2.75,2.48,3.5,2.75,2.4,3.3,2.6,2.45,3.5,2.75,2.45,3.5,2.7,2.4,3.3,2.88,2.38,3.55,2.85,2.38,3.4,2.88,2.4,3.4,2.8,2.4,3.4,2.8
D1,20/12/2025,17:30,RB Leipzig,Leverkusen,1,3,A,1.0,2.0,A,19.0,15.0,7.0,8.0,10.0,12.0,2.0,8.0,1.0,2.0,0.0,0.0,2.1,3.8,3.2,2.05,3.8,3.2,,,,2.15,3.8,3.28,,,,,,,2.15,3.9,3.35,2.06,3.73,3.18,1.53,2.5,1.55,2.52,1.54,2.5,1.51,2.45,-0.25,1.85,2.0,1.88,2.02,1.85,2.0,1.82,1.95,2.15,3.9,3.1,2.05,3.9,3.2,,,,2.11,3.92,3.33,,,,,,,2.15,4.0,3.33,2.05,3.83,3.19,1.5,2.63,1.47,2.75,1.5,2.75,1.45,2.65,-0.25,1.88,1.98,1.86,2.07,1.88,2.05,1.81,1.98,2025,Football-Data.co.uk,https://www.football-data.co.uk/mmz4281/2526/D1.csv,,,,,,,2.24,3.9,3.3,1.62,2.58,1.95,2.03,,,,,,,2.16,4.0,3.4,1.5,2.96,1.89,2.09,2.05,3.75,3.25,2.1,3.8,3.2,2.05,3.6,3.0,2.05,3.9,3.2,2.05,3.8,3.2,2.05,3.75,3.2,2.08,3.8,3.25,2.05,3.9,3.1,2.05,3.9,3.2,2.05,3.8,3.2
D1,21/12/2025,14:30,Mainz,St Pauli,0,0,D,0.0,0.0,D,13.0,5.0,1.0,1.0,5.0,9.0,9.0,5.0,1.0,1.0,0.0,0.0,1.95,3.4,4.1,1.95,3.3,4.0,,,,1.98,3.5,4.11,,,,,,,1.95,3.5,4.25,1.92,3.34,4.02,2.1,1.73,2.18,1.74,2.15,1.73,2.1,1.68,-0.5,1.98,1.88,1.98,1.92,1.98,1.88,1.91,1.82,1.95,3.3,4.1,1.98,3.3,4.0,,,,2.04,3.39,4.12,,,,,,,2.0,3.45,4.1,1.96,3.31,3.99,2.2,1.67,2.28,1.69,2.25,1.7,2.16,1.66,-0.5,1.98,1.88,2.04,1.88,2.0,1.88,1.93,1.81,2025,Football-Data.co.uk,https://www.football-data.co.uk/mmz4281/2526/D1.csv,,,,,,,2.06,3.55,4.1,2.24,1.77,2.06,1.92,,,,,,,2.08,3.5,4.2,2.3,1.76,2.08,1.91,1.95,3.3,4.0,1.89,3.5,4.25,1.9,3.2,3.8,1.95,3.3,4.0,1.95,3.3,4.0,1.95,3.3,4.0,1.92,3.45,4.1,1.95,3.3,4.0,2.0,3.3,4.0,1.95,3.3,3.9
D1,21/12/2025,16:30,Heidenheim,Bayern Munich,0,4,A,0.0,2.0,A,8.0,23.0,1.0,11.0,8.0,6.0,0.0,6.0,0.0,0.0,0.0,0.0,13.0,9.5,1.14,13.0,8.5,1.17,,,,17.17,10.24,1.13,,,,,,,18.0,9.5,1.17,15.28,8.61,1.13,1.25,4.0,,,1.25,4.33,1.23,3.99,2.5,1.88,1.98,1.88,2.0,1.9,2.0,1.83,1.91,13.0,9.5,1.14,11.0,8.0,1.2,,,,15.87,9.2,1.15,,,,,,,16.0,9.5,1.2,13.06,8.12,1.16,1.25,4.0,,,1.29,4.0,1.25,3.74,2.25,1.85,2.0,1.93,1.97,1.95,2.0,1.88,1.89,2025,Football-Data.co.uk,https://www.football-data.co.uk/mmz4281/2526/D1.csv,,,,,,,19.5,11.0,1.16,1.26,4.4,1.9,2.02,,,,,,,17.0,9.6,1.19,1.3,4.1,1.92,2.04,17.0,8.5,1.13,17.0,9.0,1.13,15.0,8.0,1.1,13.0,8.5,1.17,13.0,8.0,1.17,13.0,8.0,1.17,16.0,8.5,1.15,13.0,8.0,1.15,11.0,8.0,1.2,11.0,8.0,1.2
D1,09/01/2026,19:30,Ein Frankfurt,Dortmund,3,3,D,1.0,1.0,D,12.0,16.0,6.0,6.0,14.0,6.0,2.0,5.0,3.0,3.0,0.0,0.0,3.6,3.8,1.95,3.4,3.7,2.0,,,,3.62,3.85,2.03,,,,,,,3.6,3.8,2.05,3.47,3.67,1.99,1.62,2.3,1.63,2.4,1.63,2.4,1.6,2.27,0.5,1.85,2.0,1.88,2.04,1.85,2.0,1.8,1.93,3.25,3.75,2.05,3.3,3.7,2.05,,,,3.51,3.7,2.11,,,,,,,3.45,3.75,2.1,3.31,3.66,2.05,1.62,2.3,1.67,2.32,1.66,2.3,1.6,2.26,0.25,2.03,1.83,2.09,1.85,2.06,1.83,2.01,1.73,2025,Football-Data.co.uk,https://www.football-data.co.uk/mmz4281/2526/D1.csv,,,,,,,3.65,3.9,2.1,1.67,2.46,1.89,2.1,,,,,,,3.6,3.9,2.12,1.69,2.42,2.15,1.86,3.5,3.6,2.0,3.55,3.65,2.02,3.4,3.75,2.0,3.4,3.7,2.05,3.4,3.6,2.0,3.3,3.6,2.1,3.45,3.7,2.02,3.25,3.7,2.05,3.3,3.7,2.05,3.3,3.7,2.05
D1,10/01/2026,14:30,Freiburg,Hamburg,2,1,H,0.0,0.0,D,20.0,10.0,7.0,5.0,13.0,11.0,0.0,3.0,3.0,5.0,0.0,1.0,1.8,3.6,4.5,1.8,3.6,4.4,,,,1.81,3.56,4.95,,,,,,,1.8,3.75,5.0,1.76,3.6,4.49,1.83,2.03,1.85,2.05,1.85,2.03,1.79,1.97,-0.75,2.03,1.83,2.05,1.86,2.03,1.9,1.97,1.81,1.8,3.5,4.75,1.75,3.7,4.6,,,,1.81,3.67,4.82,,,,,,,1.84,3.7,4.8,1.76,3.58,4.6,1.91,1.91,1.93,1.97,1.92,1.93,1.86,1.89,-0.75,2.03,1.83,2.06,1.87,2.03,1.84,1.98,1.81,2025,Football-Data.co.uk,https://www.football-data.co.uk/mmz4281/2526/D1.csv,,,,,,,1.83,3.8,5.1,1.87,2.1,2.06,1.91,,,,,,,1.87,3.7,5.0,1.98,2.0,2.12,1.86,1.8,3.75,4.33,1.78,3.65,4.6,1.73,3.6,4.1,1.8,3.6,4.4,1.8,3.6,4.4,1.8,3.6,4.5,1.77,3.65,4.75,1.75,3.5,4.75,1.75,3.7,4.6,1.75,3.7,4.6
D1,10/01/2026,14:30,Heidenheim,FC Koln,2,2,D,2.0,1.0,H,14.0,21.0,6.0,9.0,9.0,7.0,5.0,4.0,2.0,1.0,0.0,0.0,2.9,3.5,2.38,2.95,3.6,2.25,,,,2.95,3.58,2.41,,,,,,,2.95,3.6,2.38,2.88,3.48,2.3,1.8,2.0,1.8,2.09,1.8,2.1,1.73,2.04,0.25,1.8,2.05,1.83,2.1,1.83,2.05,1.8,1.92,2.75,3.4,2.5,2.75,3.4,2.5,,,,2.81,3.52,2.59,,,,,,,2.9,3.5,2.65,2.71,3.41,2.49,1.73,2.1,1.81,2.1,1.8,2.1,1.74,2.03,0.0,2.03,1.83,2.05,1.88,2.05,1.85,1.97,1.79,2025,Football-Data.co.uk,https://www.football-data.co.uk/mmz4281/2526/D1.csv,,,,,,,3.0,3.6,2.5,1.82,2.14,1.83,2.15,,,,,,,2.92,3.55,2.62,1.84,2.16,2.1,1.89,2.88,3.4,2.38,2.95,3.55,2.3,2.75,3.4,2.25,2.9,3.6,2.25,2.9,3.6,2.25,2.8,3.4,2.4,2.55,3.5,2.65,2.7,3.5,2.45,2.75,3.4,2.5,2.7,3.4,2.5
D1,10/01/2026,14:30,Union Berlin,Mainz,2,2,D,0.0,1.0,A,17.0,9.0,5.0,6.0,9.0,8.0,2.0,1.0,2.0,0.0,0.0,0.0,2.15,3.25,3.7,2.15,3.25,3.5,,,,2.14,3.2,3.92,,,,,,,2.16,3.25,3.8,2.12,3.17,3.57,2.2,1.65,2.27,1.68,2.2,1.67,2.18,1.64,-0.25,1.83,2.03,1.83,2.09,1.83,2.03,1.79,1.98,2.05,3.2,4.0,2.1,3.2,3.75,,,,2.12,3.29,3.97,,,,,,,2.2,3.25,4.0,2.1,3.17,3.72,2.3,1.6,2.26,1.71,2.3,1.68,2.19,1.64,-0.25,1.73,2.08,1.81,2.13,1.86,2.08,1.78,2.0,2025,Football-Data.co.uk,https://www.football-data.co.uk/mmz4281/2526/D1.csv,,,,,,,2.22,3.3,4.0,2.36,1.71,1.88,2.11,,,,,,,2.18,3.25,4.1,2.32,1.74,1.84,2.15,2.15,3.2,3.5,2.14,3.2,3.7,2.05,3.13,3.4,2.15,3.25,3.5,2.15,3.25,3.4,2.1,3.2,3.6,2.2,3.15,3.6,2.05,3.25,3.7,2.1,3.2,3.75,2.1,3.2,3.75
D1,10/01/2026,17:30,Leverkusen,Stuttgart,1,4,A,0.0,4.0,A,16.0,10.0,4.0,7.0,13.0,11.0,5.0,3.0,4.0,2.0,0.0,0.0,1.95,4.1,3.4,1.95,3.9,3.4,,,,1.95,4.05,3.63,,,,,,,1.95,4.1,3.6,1.92,3.88,3.47,1.5,2.63,1.49,2.67,1.5,2.7,1.48,2.57,-0.5,1.95,1.9,1.96,1.94,1.95,1.91,1.87,1.85,2.15,3.75,3.1,2.15,3.7,3.1,,,,2.23,3.75,3.19,,,,,,,2.2,3.85,3.2,2.14,3.68,3.09,1.62,2.3,1.65,2.32,1.63,2.5,1.57,2.35,-0.25,1.9,1.95,1.95,1.97,1.9,1.97,1.85,1.92,2025,Football-Data.co.uk,https://www.football-data.co.uk/mmz4281/2526/D1.csv,,,,,,,2.02,4.1,3.7,1.54,2.78,2.02,1.96,,,,,,,2.26,3.9,3.25,1.66,2.48,1.97,2.02,1.95,3.75,3.5,1.93,3.9,3.6,1.87,3.8,3.3,1.95,3.9,3.5,1.95,3.8,3.4,2.15,3.6,3.1,2.1,3.85,3.15,2.15,3.75,3.0,2.15,3.75,3.1,2.15,3.7,3.0
D1,11/01/2026,14:30,M'gladbach,Augsburg,4,0,H,3.0,0.0,H,12.0,17.0,7.0,2.0,16.0,9.0,2.0,2.0,0.0,1.0,0.0,0.0,1.85,3.8,4.0,1.93,3.6,3.8,,,,1.93,3.73,4.04,,,,,,,1.93,3.8,4.0,1.87,3.63,3.88,1.8,2.0,1.85,2.05,1.8,2.0,1.77,1.99,-0.5,1.88,1.98,1.93,1.97,1.88,1.98,1.83,1.91,1.9,3.7,3.8,1.93,3.6,3.8,,,,1.95,3.71,3.99,,,,,,,1.95,3.7,3.95,1.91,3.61,3.81,1.8,2.0,1.85,2.06,1.8,2.08,1.77,2.01,-0.5,1.9,1.95,1.97,1.95,1.91,1.95,1.86,1.87,2025,Football-Data.co.uk,https://www.football-data.co.uk/mmz4281/2526/D1.csv,,,,,,,1.97,3.8,4.2,1.89,2.06,1.97,2.0,,,,,,,1.97,3.8,4.2,1.88,2.1,1.97,2.01,1.9,3.6,4.0,1.87,3.75,3.95,1.83,3.5,3.7,1.91,3.7,3.8,1.91,3.6,3.75,1.95,3.5,3.75,1.88,3.7,3.95,1.87,3.7,3.8,1.95,3.6,3.8,1.95,3.5,3.75
D1,11/01/2026,16:30,Bayern Munich,Wolfsburg,8,1,H,2.0,1.0,H,16.0,8.0,10.0,3.0,7.0,6.0,6.0,2.0,0.0,1.0,0.0,0.0,1.11,11.0,17.0,1.11,10.5,15.0,,,,1.1,12.15,18.99,,,,,,,1.13,11.0,21.0,1.1,10.11,18.06,1.2,4.5,,,1.2,5.0,1.18,4.54,-2.75,1.98,1.88,1.96,1.91,1.98,1.95,1.88,1.89,1.13,9.5,17.0,1.13,9.5,13.5,,,,1.13,11.0,19.0,,,,,,,1.15,10.0,20.0,1.12,9.31,16.69,1.22,4.33,,,1.23,4.7,1.2,4.31,-2.5,1.93,1.93,1.9,2.01,1.93,1.93,1.86,1.86,2025,Football-Data.co.uk,https://www.football-data.co.uk/mmz4281/2526/D1.csv,,,,,,,1.13,12.0,23.0,1.2,5.2,1.98,1.93,,,,,,,1.14,12.0,23.0,1.23,5.0,1.94,2.02,1.11,9.5,19.0,1.09,11.0,21.0,1.07,9.5,17.0,1.13,10.0,15.0,1.13,10.0,15.0,1.13,9.0,17.0,1.11,9.5,20.0,1.11,9.5,17.0,1.15,9.5,13.0,1.14,9.0,13.0
D1,13/01/2026,17:30,Stuttgart,Ein Frankfurt,3,2,H,2.0,1.0,H,20.0,12.0,11.0,5.0,8.0,15.0,10.0,2.0,2.0,2.0,0.0,0.0,1.73,4.2,4.2,1.73,4.1,4.2,,,,1.81,4.01,4.25,,,,,,,1.75,4.2,4.35,1.72,4.11,4.2,1.5,2.63,1.58,2.47,1.5,2.75,1.46,2.62,-0.75,1.9,1.95,2.05,1.86,1.9,1.95,1.87,1.9,1.65,4.33,4.5,1.66,4.33,4.5,,,,1.81,4.01,4.25,,,,,,,1.7,4.33,4.75,1.65,4.24,4.53,1.44,2.75,1.58,2.47,1.48,2.9,1.43,2.71,-0.75,1.83,2.03,2.05,1.86,1.83,2.03,1.8,1.99,2025,Football-Data.co.uk,https://www.football-data.co.uk/mmz4281/2526/D1.csv,,,,,,,1.79,4.3,4.6,1.52,2.86,1.98,2.0,,,,,,,1.75,4.4,4.9,1.49,3.0,1.91,2.08,1.73,4.0,4.2,1.71,4.2,4.35,1.7,4.2,4.2,1.73,4.2,4.2,1.73,4.0,4.2,1.67,4.2,4.5,1.65,4.3,4.6,1.65,4.33,4.5,1.67,4.33,4.5,1.65,4.2,4.4
D1,13/01/2026,19:30,Dortmund,Werder Bremen,3,0,H,1.0,0.0,H,18.0,6.0,8.0,3.0,14.0,8.0,3.0,3.0,2.0,0.0,0.0,0.0,1.4,5.0,7.0,1.39,5.25,6.75,,,,1.36,5.64,7.94,,,,,,,1.4,5.4,8.0,1.37,5.18,7.28,1.5,2.63,1.44,2.82,1.5,2.8,1.44,2.68,-1.5,2.03,1.78,1.99,1.92,2.03,1.86,1.96,1.78,1.42,5.0,6.5,1.42,5.25,6.5,,,,1.36,5.64,7.94,,,,,,,1.44,5.25,7.5,1.4,5.02,6.92,1.53,2.5,1.44,2.82,1.55,2.63,1.5,2.5,-1.25,1.88,1.98,1.75,2.17,1.9,2.05,1.82,1.97,2025,Football-Data.co.uk,https://www.football-data.co.uk/mmz4281/2526/D1.csv,,,,,,,1.4,5.8,8.6,1.5,2.92,2.09,1.87,,,,,,,1.44,5.4,8.2,1.58,2.68,1.95,2.01,1.36,5.0,7.5,1.34,5.4,8.0,1.36,5.0,7.5,1.4,5.25,6.5,1.4,5.25,6.5,1.36,5.0,7.5,1.37,5.2,7.5,1.4,5.0,7.0,1.44,5.25,6.5,1.4,5.0,6.5
D1,13/01/2026,19:30,Mainz,Heidenheim,2,1,H,1.0,0.0,H,13.0,15.0,6.0,4.0,11.0,10.0,4.0,1.0,2.0,2.0,0.0,0.0,1.75,3.8,4.33,1.73,3.75,4.6,,,,1.67,3.85,5.58,,,,,,,1.8,3.8,4.6,1.75,3.74,4.47,1.73,2.1,1.92,1.97,1.77,2.1,1.73,2.05,-0.75,2.0,1.85,1.86,2.05,2.0,1.85,1.95,1.83,1.73,3.8,4.5,1.75,3.75,4.5,,,,1.67,3.85,5.58,,,,,,,1.8,3.85,4.6,1.74,3.73,4.52,1.8,2.0,1.92,1.97,1.83,2.12,1.76,2.02,-0.75,1.95,1.9,1.86,2.05,2.0,1.9,1.93,1.85,2025,Football-Data.co.uk,https://www.football-data.co.uk/mmz4281/2526/D1.csv,,,,,,,1.84,3.9,4.9,1.79,2.24,2.07,1.9,,,,,,,1.85,3.85,4.9,1.86,2.14,2.06,1.92,1.73,3.75,4.5,1.75,3.75,4.6,1.75,3.8,4.4,1.75,3.75,4.6,1.73,3.7,4.6,1.73,3.75,4.6,1.73,3.85,4.6,1.73,3.8,4.5,1.75,3.75,4.5,1.75,3.7,4.5
D1,14/01/2026,17:30,Wolfsburg,St Pauli,2,1,H,1.0,1.0,D,13.0,9.0,5.0,4.0,10.0,9.0,7.0,4.0,1.0,2.0,0.0,0.0,1.91,3.7,3.8,1.9,3.6,3.9,,,,1.9,3.75,4.14,,,,,,,1.95,3.8,4.2,1.87,3.58,3.93,1.93,1.93,1.86,2.03,1.93,1.97,1.84,1.91,-0.5,1.93,1.93,1.91,2.0,1.93,1.95,1.85,1.88,1.83,3.6,4.5,1.85,3.5,4.33,,,,1.9,3.75,4.14,,,,,,,1.87,3.6,4.55,1.84,3.49,4.34,2.2,1.67,1.86,2.03,2.2,1.75,2.1,1.7,-0.5,1.83,2.03,1.91,2.0,1.85,2.03,1.8,1.94,2025,Football-Data.co.uk,https://www.football-data.co.uk/mmz4281/2526/D1.csv,,,,,,,2.0,3.8,4.2,1.96,1.98,2.0,1.99,,,,,,,1.93,3.6,4.8,2.28,1.77,1.93,2.06,1.9,3.5,4.0,1.82,3.8,4.2,1.87,3.4,3.7,1.91,3.6,3.9,1.91,3.5,3.9,1.83,3.4,4.5,1.85,3.6,4.3,1.8,3.5,4.5,1.85,3.5,4.33,1.83,3.5,4.33
D1,14/01/2026,19:30,FC Koln,Bayern Munich,1,3,A,1.0,1.0,D,8.0,19.0,3.0,8.0,3.0,4.0,4.0,6.0,0.0,0.0,0.0,0.0,10.5,7.5,1.22,8.25,7.0,1.27,,,,9.41,6.82,1.26,,,,,,,11.0,7.5,1.28,9.9,6.86,1.22,1.25,4.0,,,1.26,4.1,1.24,3.82,2.0,1.88,1.98,1.81,2.07,1.92,1.98,1.88,1.9,11.0,7.0,1.2,8.0,6.75,1.28,,,,9.41,6.82,1.26,,,,,,,12.0,7.0,1.28,9.66,6.79,1.23,1.22,4.33,,,1.25,4.5,1.22,4.04,2.0,1.83,2.03,1.81,2.07,1.96,2.03,1.87,1.91,2025,Football-Data.co.uk,https://www.football-data.co.uk/mmz4281/2526/D1.csv,,,,,,,12.0,7.8,1.26,1.28,4.3,1.96,1.98,,,,,,,12.5,7.4,1.26,1.26,4.7,1.92,2.04,11.0,6.5,1.22,11.0,7.0,1.22,10.0,6.5,1.18,8.5,7.0,1.28,8.0,7.0,1.28,10.0,7.0,1.22,12.0,7.0,1.21,9.5,7.0,1.22,8.0,6.5,1.28,8.0,6.5,1.28
D1,14/01/2026,19:30,Hoffenheim,M'gladbach,5,1,H,4.0,0.0,H,18.0,7.0,10.0,5.0,16.0,10.0,6.0,2.0,1.0,1.0,0.0,0.0,1.85,3.9,3.8,1.85,3.9,3.8,,,,1.85,4.05,4.05,,,,,,,1.85,4.0,4.1,1.81,3.86,3.87,1.57,2.38,1.6,2.42,1.6,2.4,1.56,2.34,-0.5,1.85,2.0,1.85,2.06,1.85,2.0,1.79,1.94,1.95,3.9,3.5,1.9,3.9,3.7,,,,1.85,4.05,4.05,,,,,,,2.0,3.95,3.8,1.9,3.81,3.65,1.62,2.3,1.6,2.42,1.62,2.5,1.55,2.36,-0.5,1.95,1.9,1.85,2.06,1.95,1.93,1.85,1.88,2025,Football-Data.co.uk,https://www.football-data.co.uk/mmz4281/2526/D1.csv,,,,,,,1.91,4.1,4.1,1.64,2.5,1.91,2.08,,,,,,,2.04,3.9,3.85,1.65,2.48,2.04,1.95,1.83,3.75,4.0,1.8,3.95,4.1,1.8,3.7,3.6,1.85,3.9,3.8,1.85,3.8,3.8,1.95,3.75,3.6,1.88,3.95,3.75,1.87,3.8,3.7,1.91,3.9,3.7,1.91,3.8,3.6
D1,14/01/2026,19:30,RB Leipzig,Freiburg,2,0,H,0.0,0.0,D,21.0,3.0,7.0,1.0,12.0,16.0,7.0,2.0,0.0,4.0,0.0,0.0,1.7,4.0,4.5,1.77,4.0,4.1,,,,1.72,4.16,4.63,,,,,,,1.78,4.0,4.75,1.72,3.93,4.3,1.57,2.38,1.62,2.39,1.6,2.4,1.57,2.33,-0.75,1.93,1.93,1.93,1.97,1.93,1.95,1.89,1.89,1.75,3.9,4.33,1.7,4.0,4.6,,,,1.72,4.16,4.63,,,,,,,1.76,4.0,4.7,1.71,3.9,4.55,1.67,2.2,1.62,2.39,1.68,2.3,1.63,2.2,-0.75,1.9,1.95,1.93,1.97,1.93,1.95,1.88,1.89,2025,Football-Data.co.uk,https://www.football-data.co.uk/mmz4281/2526/D1.csv,,,,,,,1.79,4.1,4.8,1.64,2.5,1.99,1.97,,,,,,,1.75,4.1,5.3,1.7,2.42,1.95,2.03,1.73,4.0,4.33,1.73,4.0,4.4,1.67,3.8,4.1,1.75,4.0,4.2,1.75,4.0,4.0,1.7,4.0,4.6,1.72,3.85,4.7,1.67,4.0,4.6,1.7,4.0,4.6,1.7,3.9,4.6
D1,15/01/2026,19:30,Augsburg,Union Berlin,1,1,D,1.0,0.0,H,9.0,16.0,5.0,3.0,9.0,18.0,3.0,3.0,1.0,0.0,0.0,1.0,2.6,3.2,2.8,2.5,3.2,2.9,,,,2.63,3.26,2.89,,,,,,,2.63,3.2,2.9,2.55,3.13,2.81,2.2,1.67,2.29,1.67,2.28,1.67,2.21,1.62,0.0,1.85,2.0,1.86,2.05,1.85,2.0,1.8,1.95,2.5,3.2,2.88,2.6,3.1,2.8,,,,,,,,,,,,,2.66,3.2,2.88,2.59,3.13,2.79,2.2,1.67,,,2.2,1.7,2.18,1.65,0.0,1.83,2.03,,,1.85,2.03,1.81,1.95,2025,Football-Data.co.uk,https://www.football-data.co.uk/mmz4281/2526/D1.csv,,,,,,,2.74,3.35,2.92,2.3,1.72,1.93,2.05,,,,,,,2.72,3.25,3.0,2.3,1.75,1.89,2.09,2.6,3.1,2.88,2.63,3.15,2.8,2.5,3.0,2.7,2.5,3.2,2.9,2.5,3.2,2.87,2.6,3.1,2.8,2.63,3.2,2.75,2.55,3.2,2.8,2.62,3.1,2.8,2.6,3.1,2.8
D1,16/01/2026,19:30,Werder Bremen,Ein Frankfurt,3,3,D,1.0,1.0,D,13.0,8.0,4.0,4.0,8.0,15.0,4.0,1.0,1.0,4.0,0.0,0.0,2.7,3.5,2.5,2.6,3.5,2.55,,,,,,,,,,,,,2.7,3.6,2.6,2.65,3.5,2.49,1.67,2.2,,,1.68,2.3,1.63,2.22,0.0,2.0,1.85,,,2.0,1.85,1.93,1.83,2.63,3.6,2.5,2.5,3.5,2.65,,,,,,,,,,,,,2.75,3.6,2.7,2.57,3.45,2.58,1.73,2.1,,,1.75,2.23,1.69,2.11,0.0,1.88,1.98,,,1.96,1.98,1.88,1.89,2025,Football-Data.co.uk,https://www.football-data.co.uk/mmz4281/2526/D1.csv,,,,,,,2.84,3.75,2.6,1.71,2.36,2.08,1.91,,,,,,,2.66,3.7,2.8,1.8,2.22,1.95,2.04,2.63,3.5,2.5,2.7,3.6,2.48,2.63,3.6,2.45,2.62,3.5,2.5,2.6,3.5,2.5,2.6,3.4,2.6,2.6,3.55,2.6,2.55,3.5,2.6,2.5,3.5,2.7,2.4,3.3,2.5
D1,17/01/2026,14:30,Dortmund,St Pauli,3,2,H,1.0,0.0,H,10.0,9.0,6.0,5.0,9.0,11.0,5.0,5.0,3.0,1.0,0.0,0.0,1.33,5.25,10.0,1.34,5.25,8.5,,,,,,,,,,,,,1.35,5.33,10.0,1.32,5.1,9.14,1.67,2.2,,,1.67,2.25,1.65,2.16,-1.5,1.95,1.9,,,1.95,1.9,1.91,1.83,1.33,4.75,10.0,1.33,5.25,9.25,,,,,,,,,,,,,1.33,5.5,12.0,1.3,5.1,10.27,1.85,2.0,,,1.87,2.14,1.78,1.99,-1.5,2.03,1.83,,,2.03,1.85,1.94,1.8,2025,Football-Data.co.uk,https://www.football-data.co.uk/mmz4281/2526/D1.csv,,,,,,,1.36,5.7,10.5,1.74,2.28,2.0,1.98,,,,,,,1.36,5.4,12.0,1.9,2.08,2.08,1.88,1.3,5.0,10.0,1.33,5.2,9.5,1.29,4.75,9.0,1.35,5.25,8.5,1.33,5.25,8.5,1.3,5.0,11.0,1.27,5.5,12.0,1.3,5.0,10.5,1.33,5.25,9.0,1.33,5.25,9.0
D1,17/01/2026,14:30,FC Koln,Mainz,2,1,H,0.0,1.0,A,20.0,11.0,6.0,7.0,6.0,10.0,9.0,5.0,4.0,4.0,0.0,0.0,2.15,3.5,3.25,2.15,3.7,3.1,,,,,,,,,,,,,2.2,3.7,3.3,2.15,3.53,3.14,1.73,2.1,,,1.75,2.1,1.71,2.07,-0.25,1.88,1.98,,,1.9,1.98,1.86,1.91,2.1,3.5,3.5,2.1,3.5,3.4,,,,,,,,,,,,,2.15,3.6,3.5,2.08,3.47,3.39,1.85,2.0,,,1.85,2.04,1.79,1.97,-0.25,1.8,2.05,,,1.83,2.05,1.79,2.0,2025,Football-Data.co.uk,https://www.football-data.co.uk/mmz4281/2526/D1.csv,,,,,,,2.26,3.65,3.4,1.79,2.22,1.95,2.01,,,,,,,2.18,3.65,3.6,1.9,2.08,1.9,2.08,2.15,3.5,3.2,2.18,3.55,3.2,2.1,3.4,3.0,2.15,3.7,3.1,2.15,3.7,3.1,2.05,3.5,3.4,2.07,3.6,3.45,2.1,3.5,3.3,2.1,3.5,3.4,2.05,3.5,3.4
D1,17/01/2026,14:30,Hamburg,M'gladbach,0,0,D,0.0,0.0,D,25.0,6.0,12.0,0.0,16.0,18.0,2.0,5.0,1.0,2.0,0.0,0.0,2.45,3.5,2.8,2.4,3.6,2.75,,,,,,,,,,,,,2.5,3.6,2.9,2.39,3.44,2.79,1.73,2.1,,,1.8,2.1,1.73,2.03,0.0,1.8,2.05,,,1.83,2.05,1.76,2.0,2.45,3.5,2.8,2.4,3.4,2.87,,,,,,,,,,,,,2.5,3.6,2.9,2.41,3.41,2.81,1.73,2.1,,,1.77,2.15,1.7,2.08,0.0,1.8,2.05,,,1.83,2.08,1.77,2.01,2025,Football-Data.co.uk,https://www.football-data.co.uk/mmz4281/2526/D1.csv,,,,,,,2.54,3.65,3.0,1.81,2.16,1.84,2.17,,,,,,,2.54,3.55,3.0,1.8,2.22,1.83,2.17,2.4,3.4,2.8,2.38,3.45,2.9,2.3,3.4,2.7,2.4,3.6,2.75,2.4,3.6,2.7,2.4,3.4,2.8,2.43,3.45,2.85,2.38,3.5,2.75,2.4,3.4,2.87,2.37,3.4,2.87
D1,17/01/2026,14:30,Hoffenheim,Leverkusen,1,0,H,1.0,0.0,H,19.0,8.0,8.0,2.0,17.0,7.0,3.0,5.0,2.0,1.0,0.0,0.0,2.4,3.8,2.7,2.35,3.8,2.7,,,,,,,,,,,,,2.43,3.8,2.71,2.37,3.74,2.65,1.5,2.63,,,1.5,2.7,1.47,2.6,0.0,1.8,2.05,,,1.83,2.05,1.77,1.99,2.35,3.8,2.8,2.3,3.75,2.8,,,,,,,,,,,,,2.38,3.8,2.88,2.31,3.71,2.77,1.5,2.63,,,1.52,2.8,1.48,2.59,-0.25,2.05,1.8,,,2.05,1.83,2.01,1.78,2025,Football-Data.co.uk,https://www.football-data.co.uk/mmz4281/2526/D1.csv,,,,,,,2.5,3.95,2.82,1.52,2.84,1.87,2.11,,,,,,,2.44,3.9,2.94,1.57,2.74,2.13,1.87,2.38,3.75,2.63,2.43,3.75,2.7,2.3,3.7,2.55,2.37,3.8,2.7,2.37,3.75,2.7,2.3,3.6,2.88,2.33,3.8,2.8,2.3,3.8,2.7,2.3,3.75,2.8,2.3,3.75,2.8
D1,17/01/2026,14:30,Wolfsburg,Heidenheim,1,1,D,0.0,1.0,A,13.0,13.0,4.0,3.0,10.0,12.0,9.0,6.0,4.0,3.0,0.0,0.0,1.67,4.0,5.0,1.65,4.1,4.8,,,,,,,,,,,,,1.7,4.2,5.0,1.65,3.99,4.76,1.57,2.38,,,1.62,2.38,1.57,2.32,-0.75,1.73,2.08,,,1.83,2.1,1.75,2.02,1.67,4.1,4.75,1.65,4.2,4.75,,,,,,,,,,,,,1.72,4.2,5.0,1.67,4.01,4.75,1.62,2.3,,,1.63,2.35,1.59,2.29,-0.75,1.85,2.0,,,1.9,2.0,1.83,1.95,2025,Football-Data.co.uk,https://www.football-data.co.uk/mmz4281/2526/D1.csv,,,,,,,1.68,4.2,5.5,1.63,2.54,1.83,2.15,,,,,,,1.73,4.2,5.3,1.66,2.46,1.92,2.06,1.67,4.0,4.6,1.66,4.1,4.8,1.62,3.9,4.5,1.65,4.0,4.8,1.65,4.0,4.8,1.67,4.0,4.6,1.67,4.0,4.9,1.65,4.1,5.0,1.65,4.2,4.8,1.65,4.2,4.8
D1,17/01/2026,17:30,RB Leipzig,Bayern Munich,1,5,A,1.0,0.0,H,17.0,19.0,4.0,12.0,7.0,6.0,5.0,9.0,1.0,0.0,0.0,0.0,5.0,4.75,1.55,4.75,4.8,1.57,,,,,,,,,,,,,5.2,5.0,1.57,4.9,4.69,1.54,1.3,3.5,,,1.33,3.5,1.3,3.32,1.0,2.0,1.85,,,2.0,1.85,1.95,1.82,4.0,4.33,1.73,3.9,4.33,1.75,,,,,,,,,,,,,4.35,4.4,1.75,4.12,4.33,1.7,1.36,3.2,,,1.37,3.45,1.34,3.17,0.75,1.93,1.93,,,2.0,1.93,1.94,1.83,2025,Football-Data.co.uk,https://www.football-data.co.uk/mmz4281/2526/D1.csv,,,,,,,5.4,5.1,1.6,1.35,3.75,2.06,1.9,,,,,,,4.6,4.5,1.77,1.39,3.45,2.03,1.95,5.0,4.6,1.53,5.0,4.75,1.56,4.75,4.5,1.5,4.8,4.8,1.57,4.6,4.8,1.55,4.2,4.33,1.7,4.3,4.4,1.68,4.1,4.33,1.7,3.9,4.33,1.75,3.9,4.33,1.75
D1,18/01/2026,14:30,Stuttgart,Union Berlin,1,1,D,0.0,0.0,D,13.0,20.0,4.0,3.0,6.0,11.0,3.0,8.0,1.0,1.0,0.0,0.0,1.65,3.9,5.25,1.66,3.8,5.0,,,,,,,,,,,,,1.67,4.0,5.3,1.64,3.86,4.98,1.8,2.0,,,1.83,2.0,1.79,1.95,-0.75,1.83,2.03,,,1.83,2.03,1.81,1.97,1.6,4.0,5.5,1.58,4.2,5.25,,,,,,,,,,,,,1.62,4.2,5.75,1.58,4.08,5.47,1.73,2.1,,,1.77,2.2,1.7,2.1,-1.0,2.03,1.83,,,2.05,1.85,1.97,1.81,2025,Football-Data.co.uk,https://www.football-data.co.uk/mmz4281/2526/D1.csv,,,,,,,1.69,4.0,5.6,1.86,2.1,1.87,2.1,,,,,,,1.67,4.2,5.9,1.77,2.28,2.12,1.85,1.67,3.75,5.0,1.66,4.0,5.0,1.6,3.7,4.8,1.67,3.8,5.0,1.67,3.8,5.0,1.57,4.2,5.5,1.57,4.2,5.75,1.57,4.1,5.5,1.6,4.2,5.25,1.57,4.2,5.25
D1,18/01/2026,16:30,Augsburg,Freiburg,2,2,D,0.0,0.0,D,13.0,12.0,5.0,5.0,11.0,14.0,9.0,6.0,3.0,2.0,0.0,0.0,2.9,3.3,2.45,2.85,3.4,2.4,,,,,,,,,,,,,3.0,3.4,2.5,2.83,3.29,2.44,1.98,1.88,,,1.98,1.91,1.9,1.85,0.0,2.1,1.78,,,2.1,1.83,2.01,1.75,2.55,3.25,2.8,2.6,3.3,2.7,,,,,,,,,,,,,2.66,3.3,2.8,2.59,3.2,2.75,2.0,1.8,,,2.05,1.83,1.96,1.8,0.0,1.83,2.03,,,1.86,2.03,1.81,1.95,2025,Football-Data.co.uk,https://www.football-data.co.uk/mmz4281/2526/D1.csv,,,,,,,3.1,3.35,2.54,2.0,1.94,2.19,1.8,,,,,,,2.74,3.35,2.94,2.06,1.91,1.92,2.07,2.88,3.25,2.5,2.8,3.4,2.48,2.7,3.25,2.38,2.87,3.4,2.4,2.87,3.4,2.4,2.6,3.25,2.75,2.6,3.2,2.8,2.55,3.2,2.8,2.62,3.3,2.7,2.6,3.25,2.7
D1,23/01/2026,19:30,St Pauli,Hamburg,0,0,D,0.0,0.0,D,8.0,5.0,3.0,2.0,15.0,13.0,5.0,4.0,1.0,1.0,0.0,0.0,2.88,2.9,2.75,2.87,2.9,2.75,,,,,,,,,,,,,2.9,3.0,2.8,2.85,2.89,2.72,2.63,1.5,,,2.7,1.5,2.59,1.47,0.0,2.0,1.85,,,2.0,1.85,1.94,1.82,2.8,2.9,2.8,2.75,2.95,2.8,,,,,,,,,,,,,2.9,3.0,2.88,2.81,2.91,2.75,2.63,1.5,,,2.63,1.53,2.54,1.49,0.0,1.93,1.93,,,1.95,1.93,1.9,1.86,2025,Football-Data.co.uk,https://www.football-data.co.uk/mmz4281/2526/D1.csv,,,,,,,3.0,3.05,2.86,2.84,1.53,2.05,1.93,,,,,,,2.96,3.0,2.98,2.72,1.56,1.98,2.0,2.8,2.88,2.75,2.85,2.9,2.8,2.88,3.0,2.63,2.87,2.9,2.75,2.75,2.75,2.6,2.8,2.88,2.75,2.9,2.95,2.7,2.75,3.0,2.7,2.75,2.9,2.8,2.75,2.9,2.8
D1,24/01/2026,14:30,Bayern Munich,Augsburg,1,2,A,1.0,0.0,H,15.0,16.0,6.0,6.0,10.0,5.0,9.0,3.0,1.0,1.0,0.0,0.0,1.1,12.0,17.0,1.12,10.5,18.5,,,,,,,,,,,,,1.12,13.0,26.0,1.09,10.35,20.62,1.25,4.0,,,1.25,4.33,1.22,4.06,-2.75,1.98,1.88,,,1.98,1.88,1.93,1.84,1.13,10.0,17.0,1.16,8.75,15.0,,,,,,,,,,,,,1.16,11.0,21.0,1.12,9.33,16.38,1.22,4.33,,,1.25,4.5,1.22,4.19,-2.5,1.95,1.9,,,1.95,1.9,1.9,1.83,2025,Football-Data.co.uk,https://www.football-data.co.uk/mmz4281/2526/D1.csv,,,,,,,1.11,13.5,27.0,1.26,4.6,1.98,1.95,,,,,,,1.14,11.5,21.0,1.25,4.8,2.02,1.94,1.09,10.0,23.0,1.09,11.0,25.0,1.06,9.5,19.0,,,,,,,1.13,9.0,17.0,1.09,11.0,21.0,1.11,9.5,17.0,,,,,,
D1,24/01/2026,14:30,Ein Frankfurt,Hoffenheim,1,3,A,1.0,0.0,H,9.0,10.0,3.0,5.0,8.0,16.0,6.0,6.0,0.0,4.0,0.0,0.0,2.8,3.75,2.3,2.65,3.7,2.4,,,,,,,,,,,,,2.88,3.75,2.45,2.73,3.63,2.33,1.53,2.5,,,1.57,2.5,1.52,2.45,0.25,1.8,2.05,,,1.83,2.06,1.75,2.02,3.0,3.6,2.2,2.95,3.6,2.25,,,,,,,,,,,,,3.1,3.75,2.28,2.99,3.58,2.21,1.67,2.2,,,1.67,2.45,1.61,2.26,0.25,1.9,1.95,,,1.9,1.95,1.85,1.92,2025,Football-Data.co.uk,https://www.football-data.co.uk/mmz4281/2526/D1.csv,,,,,,,2.98,4.0,2.38,1.58,2.64,1.9,2.08,,,,,,,3.2,3.7,2.34,1.72,2.36,1.95,2.03,2.88,3.6,2.3,2.75,3.7,2.38,2.63,3.6,2.25,,,,,,,3.0,3.5,2.25,3.1,3.6,2.2,2.9,3.75,2.2,,,,,,
D1,24/01/2026,14:30,Heidenheim,RB Leipzig,0,3,A,0.0,0.0,D,7.0,11.0,2.0,8.0,10.0,9.0,4.0,0.0,1.0,0.0,0.0,0.0,5.0,4.5,1.57,5.25,4.33,1.58,,,,,,,,,,,,,5.6,4.5,1.59,5.08,4.31,1.56,1.5,2.63,,,1.5,2.63,1.48,2.56,1.0,1.93,1.93,,,1.93,1.95,1.87,1.9,4.33,4.33,1.65,4.75,4.33,1.63,,,,,,,,,,,,,4.9,4.5,1.65,4.6,4.33,1.62,1.44,2.75,,,1.45,2.8,1.44,2.72,0.75,2.05,1.8,,,2.07,1.83,2.02,1.77,2025,Football-Data.co.uk,https://www.football-data.co.uk/mmz4281/2526/D1.csv,,,,,,,5.7,4.5,1.64,1.54,2.76,1.95,1.99,,,,,,,5.2,4.5,1.7,1.52,2.92,2.14,1.84,5.0,4.33,1.57,5.6,4.35,1.55,4.8,4.2,1.53,,,,,,,4.6,4.33,1.62,4.9,4.4,1.61,4.6,4.33,1.62,,,,,,
D1,24/01/2026,14:30,Leverkusen,Werder Bremen,1,0,H,1.0,0.0,H,13.0,17.0,4.0,3.0,6.0,9.0,5.0,5.0,2.0,3.0,0.0,0.0,1.62,4.2,5.25,1.61,4.33,4.8,,,,,,,,,,,,,1.62,4.33,5.25,1.59,4.23,4.93,1.5,2.63,,,1.5,2.63,1.48,2.58,-1.0,2.0,1.85,,,2.0,1.85,1.95,1.81,1.57,4.33,5.5,1.55,4.6,5.25,,,,,,,,,,,,,1.57,4.6,5.75,1.54,4.41,5.32,1.5,2.63,,,1.5,2.7,1.47,2.62,-1.0,1.93,1.93,,,1.93,1.95,1.86,1.91,2025,Football-Data.co.uk,https://www.football-data.co.uk/mmz4281/2526/D1.csv,,,,,,,1.66,4.4,5.7,1.54,2.76,2.04,1.9,,,,,,,1.61,4.6,6.0,1.52,2.84,1.99,2.0,1.57,4.33,5.0,1.6,4.25,5.2,1.55,4.1,4.75,,,,,,,1.53,4.33,5.5,1.53,4.4,5.75,1.53,4.5,5.25,,,,,,
D1,24/01/2026,14:30,Mainz,Wolfsburg,3,1,H,0.0,1.0,A,20.0,7.0,9.0,2.0,8.0,11.0,15.0,1.0,3.0,2.0,0.0,0.0,2.3,3.5,3.0,2.3,3.6,2.87,,,,,,,,,,,,,2.38,3.6,3.0,2.31,3.42,2.91,1.73,2.1,,,1.8,2.1,1.74,2.04,-0.25,2.03,1.83,,,2.03,1.83,1.97,1.8,2.25,3.4,3.2,2.3,3.3,3.0,,,,,,,,,,,,,2.36,3.4,3.2,2.29,3.33,3.06,1.93,1.93,,,1.93,1.93,1.88,1.88,-0.25,1.98,1.88,,,2.0,1.88,1.96,1.82,2025,Football-Data.co.uk,https://www.football-data.co.uk/mmz4281/2526/D1.csv,,,,,,,2.46,3.6,3.1,1.83,2.16,2.12,1.86,,,,,,,2.4,3.45,3.3,2.0,1.99,2.06,1.93,2.38,3.4,2.88,2.32,3.5,3.0,2.25,3.4,2.8,,,,,,,2.3,3.3,3.1,2.33,3.35,3.05,2.25,3.4,3.1,,,,,,
D1,24/01/2026,17:30,Union Berlin,Dortmund,0,3,A,0.0,1.0,A,10.0,15.0,3.0,5.0,10.0,16.0,7.0,2.0,0.0,1.0,0.0,0.0,3.6,3.5,2.05,3.7,3.5,2.0,,,,,,,,,,,,,3.75,3.5,2.1,3.57,3.4,2.03,1.91,1.91,,,1.95,1.91,1.91,1.84,0.5,1.8,2.05,,,1.83,2.05,1.77,1.97,3.2,3.3,2.3,3.2,3.25,2.25,,,,,,,,,,,,,3.35,3.33,2.3,3.21,3.25,2.25,2.1,1.73,,,2.1,1.78,2.06,1.73,0.25,1.88,1.98,,,1.9,1.98,1.85,1.91,2025,Football-Data.co.uk,https://www.football-data.co.uk/mmz4281/2526/D1.csv,,,,,,,3.8,3.55,2.16,2.0,1.96,1.84,2.16,,,,,,,3.5,3.35,2.36,2.14,1.85,1.97,2.01,3.75,3.4,2.0,3.65,3.45,2.06,3.4,3.3,2.0,,,,,,,3.2,3.2,2.3,3.35,3.3,2.23,3.13,3.3,2.25,,,,,,
D1,25/01/2026,14:30,M'gladbach,Stuttgart,0,3,A,0.0,1.0,A,12.0,17.0,3.0,8.0,11.0,7.0,1.0,4.0,1.0,1.0,0.0,0.0,3.0,3.75,2.2,2.87,3.7,2.25,,,,,,,,,,,,,3.0,3.8,2.3,2.89,3.65,2.23,1.53,2.5,,,1.55,2.5,1.52,2.44,0.25,1.85,2.0,,,1.87,2.0,1.83,1.94,2.88,3.7,2.3,2.87,3.7,2.3,,,,,,,,,,,,,3.05,3.7,2.33,2.88,3.61,2.29,1.57,2.38,,,1.62,2.45,1.57,2.35,0.25,1.8,2.05,,,1.87,2.05,1.81,1.97,2025,Football-Data.co.uk,https://www.football-data.co.uk/mmz4281/2526/D1.csv,,,,,,,3.05,3.75,2.44,1.59,2.6,1.88,2.11,,,,,,,3.1,3.75,2.4,1.64,2.52,1.91,2.07,3.0,3.6,2.2,3.0,3.7,2.23,2.75,3.6,2.2,,,,,,,2.88,3.6,2.3,3.05,3.65,2.23,2.8,3.7,2.3,,,,,,
D1,25/01/2026,16:30,Freiburg,FC Koln,2,1,H,2.0,1.0,H,13.0,19.0,5.0,4.0,5.0,9.0,5.0,5.0,1.0,2.0,0.0,0.0,1.9,3.75,3.8,1.93,3.6,3.8,,,,,,,,,,,,,1.95,3.75,4.0,1.9,3.59,3.78,1.8,2.0,,,1.82,2.05,1.78,1.99,-0.5,1.93,1.93,,,1.93,1.93,1.86,1.86,2.0,3.7,3.5,1.98,3.7,3.6,,,,,,,,,,,,,2.0,3.7,3.85,1.98,3.6,3.57,1.73,2.1,,,1.73,2.2,1.68,2.14,-0.5,2.03,1.83,,,2.03,1.85,1.94,1.8,2025,Football-Data.co.uk,https://www.football-data.co.uk/mmz4281/2526/D1.csv,,,,,,,2.0,3.8,4.0,1.82,2.14,2.0,1.97,,,,,,,2.06,3.75,3.95,1.77,2.28,2.06,1.92,1.95,3.6,3.75,1.92,3.55,4.0,1.87,3.5,3.6,,,,,,,2.0,3.6,3.5,1.92,3.65,3.85,2.0,3.7,3.4,,,,,,
D1,27/01/2026,19:30,St Pauli,RB Leipzig,1,1,D,0.0,0.0,D,7.0,12.0,2.0,5.0,6.0,8.0,4.0,3.0,0.0,1.0,0.0,0.0,4.5,3.5,1.8,4.4,3.5,1.83,,,,,,,,,,,,,4.75,3.6,1.84,4.49,3.47,1.81,2.1,1.73,,,2.1,1.77,2.05,1.74,0.5,2.03,1.83,,,2.05,1.83,1.97,1.77,5.0,3.5,1.75,4.75,3.6,1.75,,,,,,,,,,,,,5.0,3.65,1.82,4.75,3.58,1.75,2.1,1.73,,,2.1,1.8,2.2,1.76,0.75,1.88,1.98,,,1.88,2.1,1.82,1.97,2025,Football-Data.co.uk,https://www.football-data.co.uk/mmz4281/2526/D1.csv,,,,,,,4.9,3.7,1.89,2.14,1.85,2.1,1.89,,,,,,,5.2,3.8,1.83,2.2,1.81,1.91,2.8,4.5,3.4,1.83,4.5,3.5,1.84,4.5,3.5,1.8,,,,,,,5.0,3.5,1.73,4.8,3.65,1.75,4.8,3.6,1.73,4.8,3.6,1.75,4.8,3.6,1.75
D1,27/01/2026,19:30,Werder Bremen,Hoffenheim,0,2,A,0.0,1.0,A,26.0,12.0,3.0,3.0,7.0,10.0,6.0,7.0,2.0,2.0,0.0,1.0,3.7,3.6,2.0,3.3,3.6,2.05,,,,,,,,,,,,,3.7,3.7,2.05,3.49,3.61,2.0,1.73,2.1,,,1.73,2.23,1.65,2.19,0.5,1.85,2.0,,,1.85,2.0,1.8,1.95,3.7,3.7,1.91,3.7,3.7,1.93,,,,,,,,,,,,,3.8,3.8,1.96,3.66,3.7,1.93,1.62,2.3,,,1.66,2.38,1.6,2.26,0.5,1.88,1.98,,,1.93,1.98,1.85,1.87,2025,Football-Data.co.uk,https://www.football-data.co.uk/mmz4281/2526/D1.csv,,,,,,,3.7,3.85,2.12,1.72,2.36,1.88,2.12,,,,,,,4.1,3.9,1.99,1.69,2.42,2.0,1.99,3.5,3.6,2.0,3.5,3.65,2.02,3.4,3.7,2.0,,,,,,,3.6,3.75,1.95,3.65,3.7,1.96,3.5,3.8,1.95,3.7,3.7,1.95,3.6,3.7,1.91
D1,30/01/2026,19:30,FC Koln,Wolfsburg,1,0,H,1.0,0.0,H,15.0,14.0,3.0,3.0,8.0,16.0,3.0,4.0,1.0,4.0,0.0,0.0,1.95,3.8,3.5,1.98,3.8,3.4,,,,,,,,,,,,,2.04,3.8,3.6,1.97,3.73,3.44,1.57,2.38,,,1.62,2.45,1.57,2.33,-0.5,2.0,1.85,,,2.0,1.87,1.92,1.82,2.05,3.7,3.3,2.0,3.7,3.4,,,,,,,,,,,,,2.1,3.7,3.55,2.03,3.62,3.4,1.67,2.2,,,1.68,2.3,1.63,2.22,-0.25,1.83,2.03,,,1.83,2.1,1.75,2.04,2025,Football-Data.co.uk,https://www.football-data.co.uk/mmz4281/2526/D1.csv,,,,,,,2.08,3.9,3.7,1.64,2.54,2.08,1.91,,,,,,,2.1,3.9,3.7,1.71,2.38,1.83,2.18,2.0,3.6,3.5,2.04,3.7,3.45,1.95,3.8,3.4,2.0,3.8,3.4,1.95,3.8,3.4,2.1,3.6,3.3,2.0,3.65,3.55,2.05,3.7,3.3,,,,,,
D1,31/01/2026,14:30,Augsburg,St Pauli,2,1,H,1.0,1.0,D,12.0,17.0,6.0,5.0,15.0,13.0,5.0,5.0,3.0,1.0,0.0,0.0,2.0,3.3,4.1,2.0,3.25,4.0,,,,,,,,,,,,,2.0,3.33,4.2,1.97,3.22,4.02,2.3,1.62,,,2.3,1.66,2.21,1.62,-0.5,2.0,1.85,,,2.0,1.85,1.93,1.8,2.1,3.2,3.75,2.15,3.1,3.7,,,,,,,,,,,,,2.15,3.2,4.0,2.11,3.06,3.81,2.3,1.62,,,2.5,1.62,2.35,1.57,-0.25,1.8,2.05,,,1.83,2.05,1.78,2.01,2025,Football-Data.co.uk,https://www.football-data.co.uk/mmz4281/2526/D1.csv,,,,,,,2.06,3.4,4.4,2.44,1.66,2.06,1.91,,,,,,,2.24,3.15,4.1,2.48,1.65,1.88,2.09,1.95,3.25,4.2,1.98,3.25,4.2,1.93,3.13,3.8,2.0,3.25,4.0,2.0,3.2,4.0,2.1,3.1,3.75,2.12,3.05,4.0,2.1,3.13,3.7,,,,,,
D1,31/01/2026,14:30,Ein Frankfurt,Leverkusen,1,3,A,0.0,2.0,A,11.0,11.0,4.0,4.0,11.0,10.0,8.0,3.0,3.0,1.0,1.0,0.0,3.0,3.8,2.2,2.87,3.75,2.25,,,,,,,,,,,,,3.0,3.8,2.28,2.92,3.67,2.21,1.53,2.5,,,1.55,2.5,1.52,2.43,0.25,1.93,1.93,,,1.93,1.97,1.86,1.92,3.4,3.75,2.0,3.4,3.5,2.05,,,,,,,,,,,,,3.6,3.75,2.1,3.38,3.6,2.04,1.67,2.2,,,1.68,2.3,1.64,2.21,0.5,1.78,2.03,,,1.83,2.03,1.76,1.98,2025,Football-Data.co.uk,https://www.football-data.co.uk/mmz4281/2526/D1.csv,,,,,,,3.15,3.9,2.3,1.58,2.66,1.96,2.0,,,,,,,3.7,3.75,2.14,1.76,2.28,1.86,2.14,3.0,3.6,2.2,2.95,3.65,2.28,2.88,3.6,2.1,2.87,3.75,2.25,2.87,3.7,2.25,3.3,3.6,2.1,3.25,3.7,2.1,3.3,3.7,2.05,,,,,,
D1,31/01/2026,14:30,Hoffenheim,Union Berlin,3,1,H,2.0,0.0,H,9.0,16.0,4.0,3.0,11.0,18.0,3.0,10.0,2.0,2.0,0.0,0.0,1.8,3.8,4.33,1.78,3.7,4.4,,,,,,,,,,,,,1.83,3.8,4.5,1.78,3.69,4.3,1.8,2.0,,,1.83,2.0,1.79,1.96,-0.75,2.03,1.83,,,2.05,1.83,1.99,1.79,1.83,3.8,4.2,1.82,3.6,4.33,,,,,,,,,,,,,1.84,3.8,4.33,1.81,3.63,4.23,1.8,2.0,,,1.83,2.05,1.79,1.98,-0.5,1.83,2.03,,,1.83,2.03,1.79,1.96,2025,Football-Data.co.uk,https://www.football-data.co.uk/mmz4281/2526/D1.csv,,,,,,,1.85,3.9,4.7,1.88,2.08,2.08,1.89,,,,,,,1.9,3.7,4.7,1.88,2.1,1.9,2.09,1.8,3.75,4.33,1.78,3.7,4.5,1.73,3.6,4.2,1.8,3.7,4.4,1.8,3.7,4.33,1.83,3.6,4.2,1.82,3.65,4.3,1.8,3.75,4.1,,,,,,
D1,31/01/2026,14:30,RB Leipzig,Mainz,1,2,A,1.0,1.0,D,15.0,11.0,4.0,4.0,4.0,13.0,5.0,4.0,0.0,4.0,0.0,0.0,1.55,4.5,5.5,1.55,4.6,5.25,,,,,,,,,,,,,1.55,4.75,6.0,1.52,4.44,5.41,1.53,2.5,,,1.53,2.55,1.5,2.5,-1.0,1.88,1.98,,,1.88,1.98,1.85,1.93,1.55,4.75,5.5,1.55,4.6,5.25,,,,,,,,,,,,,1.55,4.75,5.8,1.52,4.52,5.44,1.44,2.75,,,1.5,2.9,1.45,2.69,-1.0,1.85,2.0,,,1.85,2.0,1.82,1.95,2025,Football-Data.co.uk,https://www.football-data.co.uk/mmz4281/2526/D1.csv,,,,,,,1.58,4.7,6.2,1.55,2.74,1.9,2.04,,,,,,,1.58,4.7,6.0,1.5,2.94,1.93,2.04,1.5,4.5,6.0,1.53,4.4,5.75,1.5,4.2,5.0,1.55,4.6,5.25,1.53,4.6,5.0,1.53,4.5,5.5,1.53,4.4,5.8,1.5,4.6,5.5,,,,,,
D1,31/01/2026,14:30,Werder Bremen,M'gladbach,1,1,D,0.0,0.0,D,18.0,7.0,6.0,2.0,10.0,14.0,7.0,3.0,0.0,1.0,0.0,0.0,2.45,3.6,2.75,2.2,3.3,2.7,,,,,,,,,,,,,2.45,3.6,2.9,2.35,3.49,2.79,1.67,2.2,,,1.7,2.2,1.66,2.15,0.0,1.8,2.05,,,1.83,2.14,1.75,2.03,2.15,3.6,3.25,2.05,3.25,3.1,,,,,,,,,,,,,2.2,3.6,3.3,2.14,3.48,3.21,1.73,2.1,,,1.78,2.16,1.71,2.09,-0.25,1.85,2.0,,,1.88,2.0,1.84,1.93,2025,Football-Data.co.uk,https://www.football-data.co.uk/mmz4281/2526/D1.csv,,,,,,,2.48,3.7,2.96,1.75,2.28,1.83,2.17,,,,,,,2.22,3.75,3.45,1.81,2.2,1.92,2.05,2.4,3.4,2.8,2.38,3.55,2.85,2.3,3.5,2.7,2.3,3.6,2.87,2.3,3.6,2.8,2.15,3.5,3.2,2.18,3.5,3.25,2.1,3.6,3.2,,,,,,
D1,31/01/2026,17:30,Hamburg,Bayern Munich,2,2,D,1.0,1.0,D,14.0,13.0,4.0,7.0,12.0,16.0,3.0,9.0,6.0,4.0,0.0,0.0,8.0,6.5,1.29,7.75,6.5,1.3,,,,,,,,,,,,,10.0,6.5,1.3,8.81,6.15,1.26,1.33,3.4,,,1.33,3.7,1.3,3.41,1.75,1.93,1.93,,,1.97,1.93,1.91,1.87,7.5,6.5,1.3,7.5,6.0,1.32,,,,,,,,,,,,,10.0,6.5,1.32,9.01,5.94,1.27,1.4,3.0,,,1.4,3.25,1.37,3.02,1.75,1.83,2.03,,,1.92,2.03,1.85,1.93,2025,Football-Data.co.uk,https://www.football-data.co.uk/mmz4281/2526/D1.csv,,,,,,,10.5,7.2,1.29,1.35,3.7,1.99,1.95,,,,,,,10.0,6.8,1.31,1.4,3.35,1.91,2.08,9.0,6.0,1.29,10.0,6.25,1.26,8.5,5.75,1.25,,,,,,,9.5,6.0,1.25,10.0,6.25,1.26,9.5,6.0,1.25,,,,,,
D1,01/02/2026,14:30,Stuttgart,Freiburg,1,0,H,0.0,0.0,D,18.0,11.0,7.0,2.0,14.0,14.0,6.0,2.0,3.0,1.0,0.0,0.0,1.67,4.1,4.75,1.68,4.1,4.5,,,,,,,,,,,,,1.72,4.2,4.9,1.67,3.99,4.53,1.62,2.3,,,1.62,2.3,1.6,2.27,-0.75,1.85,2.0,,,1.9,2.0,1.85,1.92,1.65,4.2,4.75,1.68,4.1,4.6,,,,,,,,,,,,,1.68,4.25,5.0,1.63,4.13,4.82,1.62,2.3,,,1.62,2.4,1.59,2.3,-1.0,2.05,1.8,,,2.1,1.81,2.04,1.75,2025,Football-Data.co.uk,https://www.football-data.co.uk/mmz4281/2526/D1.csv,,,,,,,1.73,4.2,5.1,1.66,2.44,1.92,2.06,,,,,,,1.7,4.3,5.4,1.65,2.48,2.17,1.82,1.67,4.0,4.6,1.68,3.95,4.9,1.62,3.9,4.4,,,,,,,1.67,4.0,4.6,1.64,4.2,4.9,1.62,4.2,4.8,,,,,,
D1,01/02/2026,16:30,Dortmund,Heidenheim,3,2,H,1.0,1.0,D,19.0,12.0,5.0,3.0,11.0,11.0,12.0,3.0,2.0,2.0,0.0,0.0,1.22,6.5,12.0,1.25,6.5,10.0,,,,,,,,,,,,,1.25,6.5,12.5,1.22,6.22,11.13,1.44,2.75,,,1.44,2.88,1.42,2.76,-1.75,1.85,2.0,,,1.85,2.0,1.81,1.96,1.27,6.5,8.5,1.29,6.25,8.75,,,,,,,,,,,,,1.29,6.5,12.0,1.26,6.03,10.0,1.4,3.0,,,1.44,3.1,1.4,2.84,-1.75,1.93,1.93,,,1.93,1.93,1.88,1.89,2025,Football-Data.co.uk,https://www.football-data.co.uk/mmz4281/2526/D1.csv,,,,,,,1.25,7.0,14.0,1.47,2.96,1.88,2.07,,,,,,,1.29,7.0,12.0,1.47,3.05,2.0,1.95,1.22,6.0,12.0,1.23,6.25,12.5,1.2,5.75,10.5,1.25,6.5,10.0,1.25,6.5,10.0,1.25,6.0,11.0,1.24,6.0,12.0,1.25,6.0,10.0,,,,,,
D1,06/02/2026,19:30,Union Berlin,Ein Frankfurt,1,1,D,0.0,0.0,D,11.0,3.0,3.0,1.0,9.0,11.0,5.0,2.0,4.0,3.0,0.0,1.0,2.0,3.5,3.6,2.05,3.4,3.5,,,,,,,,,,,,,2.08,3.5,3.6,2.04,3.46,3.52,1.91,1.91,,,1.92,1.93,1.87,1.88,-0.5,2.05,1.8,,,2.05,1.83,2.0,1.75,2.1,3.5,3.25,2.15,3.4,3.4,,,,,,,,,,,,,2.22,3.5,3.45,2.14,3.39,3.31,2.0,1.8,,,2.0,1.91,1.93,1.83,-0.25,1.85,2.0,,,1.9,2.0,1.83,1.94,2025,Football-Data.co.uk,https://www.football-data.co.uk/mmz4281/2526/D1.csv,,,,,,,2.16,3.65,3.75,1.98,2.0,2.16,1.84,,,,,,,2.22,3.6,3.6,2.08,1.91,1.91,2.07,2.05,3.5,3.5,2.06,3.45,3.6,2.05,3.5,3.5,,,,,,,2.1,3.4,3.4,2.12,3.4,3.45,2.15,3.4,3.3,,,,,,
D1,07/02/2026,14:30,Freiburg,Werder Bremen,1,0,H,1.0,0.0,H,7.0,17.0,2.0,5.0,9.0,12.0,4.0,8.0,0.0,1.0,1.0,0.0,1.83,3.75,4.2,1.82,3.75,4.1,,,,,,,,,,,,,1.85,3.8,4.4,1.79,3.7,4.17,1.8,2.0,,,1.8,2.1,1.74,2.03,-0.75,2.05,1.75,,,2.05,1.83,2.0,1.76,2.1,3.4,3.5,2.15,3.3,3.4,,,,,,,,,,,,,2.15,3.5,3.75,2.1,3.34,3.47,1.98,1.88,,,2.0,1.93,1.92,1.85,-0.25,1.8,2.05,,,1.83,2.05,1.79,1.99,2025,Football-Data.co.uk,https://www.football-data.co.uk/mmz4281/2526/D1.csv,,,,,,,1.9,3.85,4.5,1.82,2.18,2.15,1.84,,,,,,,2.22,3.4,3.85,2.04,1.94,1.89,2.09,1.8,3.75,4.2,1.78,3.75,4.4,1.75,3.6,4.0,,,,,,,2.1,3.4,3.4,2.08,3.35,3.65,2.1,3.5,3.3,,,,,,
D1,07/02/2026,14:30,Heidenheim,Hamburg,0,2,A,0.0,1.0,A,20.0,14.0,4.0,5.0,6.0,11.0,10.0,8.0,0.0,2.0,0.0,0.0,2.88,3.5,2.45,2.8,3.4,2.45,,,,,,,,,,,,,2.9,3.6,2.5,2.78,3.41,2.41,1.8,2.0,,,1.8,2.0,1.77,1.99,0.0,2.1,1.78,,,2.1,1.83,2.02,1.74,2.8,3.4,2.45,2.85,3.4,2.4,,,,,,,,,,,,,2.92,3.4,2.5,2.87,3.37,2.4,1.88,1.98,,,1.91,1.98,1.85,1.91,0.25,1.7,2.1,,,1.83,2.1,1.74,2.05,2025,Football-Data.co.uk,https://www.football-data.co.uk/mmz4281/2526/D1.csv,,,,,,,2.98,3.6,2.56,1.86,2.1,2.16,1.84,,,,,,,3.05,3.5,2.56,1.94,2.04,1.82,2.19,2.75,3.6,2.4,2.8,3.4,2.48,2.7,3.4,2.3,,,,,,,2.88,3.4,2.38,2.88,3.4,2.43,2.88,3.4,2.38,,,,,,
D1,07/02/2026,14:30,Mainz,Augsburg,2,0,H,1.0,0.0,H,10.0,14.0,6.0,6.0,12.0,10.0,6.0,4.0,2.0,2.0,0.0,0.0,2.05,3.6,3.5,2.05,3.5,3.5,,,,,,,,,,,,,2.1,3.66,3.55,2.04,3.51,3.41,1.8,2.0,,,1.83,2.0,1.8,1.95,-0.25,1.75,2.05,,,1.83,2.05,1.77,2.0,1.91,3.7,3.8,1.95,3.6,3.8,,,,,,,,,,,,,2.0,3.7,4.0,1.94,3.57,3.75,1.8,2.0,,,1.85,2.0,1.8,1.96,-0.5,1.93,1.93,,,1.93,1.93,1.87,1.86,2025,Football-Data.co.uk,https://www.football-data.co.uk/mmz4281/2526/D1.csv,,,,,,,2.14,3.65,3.7,1.9,2.08,1.85,2.14,,,,,,,2.04,3.75,4.0,1.87,2.12,2.04,1.94,2.05,3.5,3.5,2.07,3.45,3.55,2.0,3.4,3.3,,,,,,,1.95,3.6,3.75,2.0,3.5,3.75,1.93,3.6,3.75,,,,,,
D1,07/02/2026,14:30,St Pauli,Stuttgart,2,1,H,1.0,0.0,H,15.0,7.0,7.0,3.0,9.0,10.0,5.0,5.0,0.0,2.0,0.0,0.0,4.33,3.75,1.8,4.33,3.6,1.82,,,,,,,,,,,,,4.5,3.75,1.85,4.2,3.63,1.8,1.93,1.93,,,1.93,1.95,1.87,1.89,0.5,2.05,1.8,,,2.05,1.83,1.96,1.77,5.0,3.9,1.67,4.75,3.7,1.73,,,,,,,,,,,,,5.0,3.9,1.73,4.79,3.77,1.7,1.85,2.0,,,1.88,2.0,1.82,1.94,0.75,1.98,1.88,,,1.98,1.93,1.89,1.89,2025,Football-Data.co.uk,https://www.football-data.co.uk/mmz4281/2526/D1.csv,,,,,,,4.6,3.75,1.9,1.96,2.0,2.08,1.9,,,,,,,5.1,4.1,1.77,1.91,2.08,1.99,1.99,4.0,3.75,1.83,4.5,3.55,1.82,4.1,3.5,1.75,,,,,,,5.0,3.75,1.7,5.0,3.7,1.72,4.8,3.8,1.7,,,,,,
D1,07/02/2026,14:30,Wolfsburg,Dortmund,1,2,A,0.0,1.0,A,12.0,21.0,2.0,4.0,13.0,10.0,4.0,8.0,1.0,1.0,0.0,0.0,4.2,4.2,1.73,4.4,4.0,1.73,,,,,,,,,,,,,4.5,4.2,1.74,4.24,4.01,1.71,1.57,2.38,,,1.6,2.4,1.56,2.36,0.75,1.93,1.93,,,1.93,1.93,1.88,1.9,4.2,4.33,1.7,4.33,4.1,1.72,,,,,,,,,,,,,4.8,4.35,1.72,4.46,4.16,1.67,1.5,2.63,,,1.53,2.65,1.49,2.55,0.75,1.98,1.88,,,2.04,1.88,1.96,1.81,2025,Football-Data.co.uk,https://www.football-data.co.uk/mmz4281/2526/D1.csv,,,,,,,4.6,4.2,1.82,1.61,2.56,1.95,2.02,,,,,,,4.9,4.3,1.76,1.58,2.7,2.03,1.95,4.2,4.0,1.73,4.4,4.0,1.74,4.1,3.9,1.67,,,,,,,4.33,4.2,1.7,4.8,4.35,1.63,4.4,4.2,1.67,,,,,,
D1,07/02/2026,17:30,M'gladbach,Leverkusen,1,1,D,1.0,1.0,D,9.0,10.0,6.0,2.0,7.0,11.0,2.0,2.0,2.0,3.0,0.0,0.0,3.5,3.75,2.0,3.3,3.75,2.05,,,,,,,,,,,,,3.65,3.75,2.05,3.41,3.67,1.99,1.62,2.3,,,1.64,2.35,1.6,2.26,0.5,1.83,2.03,,,1.83,2.03,1.78,1.96,3.4,3.7,2.05,3.5,3.5,2.05,,,,,,,,,,,,,3.7,3.75,2.05,3.48,3.65,2.0,1.67,2.2,,,1.73,2.2,1.68,2.14,0.5,1.83,2.03,,,1.83,2.05,1.77,1.98,2025,Football-Data.co.uk,https://www.football-data.co.uk/mmz4281/2526/D1.csv,,,,,,,3.8,3.85,2.06,1.68,2.4,1.92,2.06,,,,,,,3.75,3.85,2.1,1.75,2.3,1.89,2.1,3.3,3.75,2.05,3.65,3.7,1.97,3.25,3.6,1.95,,,,,,,3.5,3.75,1.95,3.7,3.75,1.94,3.4,3.7,2.0,,,,,,
D1,08/02/2026,14:30,FC Koln,RB Leipzig,1,2,A,0.0,1.0,A,10.0,19.0,3.0,4.0,7.0,13.0,4.0,3.0,1.0,4.0,0.0,0.0,3.25,3.8,2.1,3.1,3.75,2.1,,,,,,,,,,,,,3.25,4.0,2.1,3.14,3.81,2.05,1.5,2.63,,,1.5,2.75,1.46,2.62,0.25,2.03,1.83,,,2.03,1.83,1.97,1.8,3.4,3.9,2.0,3.25,3.8,2.05,,,,,,,,,,,,,3.5,4.0,2.05,3.31,3.85,2.0,1.44,2.75,,,1.48,2.75,1.44,2.67,0.5,1.83,2.03,,,1.83,2.03,1.79,1.95,2025,Football-Data.co.uk,https://www.football-data.co.uk/mmz4281/2526/D1.csv,,,,,,,3.45,3.95,2.14,1.52,2.78,2.1,1.87,,,,,,,3.65,4.0,2.06,1.52,2.9,1.92,2.06,3.1,4.0,2.05,3.25,3.75,2.08,3.0,3.75,2.0,,,,,,,3.2,4.0,2.0,3.45,3.9,1.98,3.3,4.0,1.95,3.25,3.8,2.05,3.25,3.8,2.05
D1,08/02/2026,16:30,Bayern Munich,Hoffenheim,5,1,H,3.0,1.0,H,27.0,9.0,14.0,4.0,11.0,9.0,8.0,3.0,2.0,2.0,0.0,1.0,1.29,7.0,7.5,1.29,6.75,7.75,,,,,,,,,,,,,1.29,7.0,9.0,1.26,6.34,8.44,1.25,4.0,,,1.25,4.1,1.23,3.92,-1.75,1.85,2.0,,,1.85,2.0,1.82,1.95,1.2,8.0,10.0,1.25,7.25,9.0,,,,,,,,,,,,,1.25,8.0,11.0,1.22,7.03,9.82,1.22,4.33,,,1.23,4.5,1.21,4.19,-2.0,1.78,2.03,,,1.96,2.03,1.88,1.89,2025,Football-Data.co.uk,https://www.football-data.co.uk/mmz4281/2526/D1.csv,,,,,,,1.3,7.2,10.0,1.28,4.2,1.88,2.05,,,,,,,1.26,8.0,11.5,1.25,4.8,1.89,2.07,1.25,6.5,9.0,1.27,6.4,9.0,1.22,6.0,8.5,,,,,,,1.2,7.0,11.0,1.25,6.5,9.5,1.2,7.0,11.0,1.25,7.5,9.0,1.25,7.0,8.5
D1,13/02/2026,19:30,Dortmund,Mainz,4,0,H,3.0,0.0,H,14.0,10.0,8.0,5.0,10.0,5.0,7.0,2.0,3.0,2.0,0.0,0.0,1.53,4.5,5.5,1.57,4.4,5.25,,,,,,,,,,,,,1.57,4.6,6.1,1.52,4.35,5.52,1.53,2.5,,,1.54,2.55,1.52,2.45,-1.0,1.85,2.0,,,1.9,2.0,1.83,1.94,1.65,4.2,4.75,1.65,4.2,4.6,,,,,,,,,,,,,1.69,4.2,5.4,1.64,4.1,4.77,1.57,2.38,,,1.62,2.45,1.56,2.36,-0.75,1.8,2.05,,,1.85,2.1,1.77,2.02,2025,Football-Data.co.uk,https://www.football-data.co.uk/mmz4281/2526/D1.csv,,,,,,,1.56,4.9,6.2,1.57,2.68,1.86,2.12,,,,,,,1.71,4.2,5.5,1.65,2.5,1.9,2.09,1.5,4.33,6.0,1.52,4.4,6.1,1.5,4.1,5.25,,,,,,,1.67,4.0,4.6,1.58,4.2,5.4,1.62,4.2,4.8,,,,,,
D1,14/02/2026,14:30,Ein Frankfurt,M'gladbach,3,0,H,2.0,0.0,H,12.0,20.0,9.0,3.0,11.0,11.0,2.0,8.0,3.0,2.0,0.0,0.0,1.95,3.5,4.0,1.93,3.7,3.6,,,,,,,,,,,,,1.96,3.75,4.0,1.92,3.58,3.71,1.73,2.1,,,1.75,2.1,1.72,2.06,-0.5,1.95,1.9,,,1.95,1.9,1.88,1.84,2.2,3.5,3.25,2.15,3.5,3.25,,,,,,,,,,,,,2.2,3.6,3.65,2.12,3.47,3.31,1.67,2.2,,,1.75,2.2,1.7,2.09,-0.25,1.93,1.93,,,1.93,2.08,1.8,1.99,2025,Football-Data.co.uk,https://www.football-data.co.uk/mmz4281/2526/D1.csv,,,,,,,2.0,3.8,4.0,1.8,2.2,2.0,1.96,,,,,,,2.28,3.55,3.5,1.76,2.28,1.97,2.01,1.95,3.6,3.75,1.92,3.6,3.9,1.87,3.5,3.6,,,,,,,2.15,3.5,3.2,2.02,3.55,3.65,2.15,3.6,3.1,2.15,3.5,3.25,2.15,3.5,3.25
D1,14/02/2026,14:30,Hamburg,Union Berlin,3,2,H,2.0,1.0,H,13.0,12.0,4.0,5.0,12.0,7.0,6.0,3.0,3.0,0.0,0.0,0.0,2.5,3.25,2.9,2.5,3.25,2.85,,,,,,,,,,,,,2.54,3.25,3.0,2.49,3.16,2.86,2.1,1.73,,,2.1,1.75,2.07,1.71,0.0,1.83,2.03,,,1.83,2.03,1.78,1.98,2.3,3.25,3.2,2.37,3.1,3.1,,,,,,,,,,,,,2.38,3.25,3.25,2.33,3.14,3.14,2.2,1.67,,,2.2,1.71,2.15,1.67,-0.25,1.98,1.88,,,2.02,1.88,1.97,1.81,2025,Football-Data.co.uk,https://www.football-data.co.uk/mmz4281/2526/D1.csv,,,,,,,2.64,3.3,3.05,2.2,1.82,1.84,2.12,,,,,,,2.42,3.25,3.5,2.34,1.72,2.05,1.93,2.5,3.2,2.88,2.5,3.2,2.95,2.45,3.13,2.7,,,,,,,2.38,3.1,3.2,2.38,3.2,3.1,2.3,3.2,3.13,2.37,3.1,3.1,2.37,3.1,3.1
D1,14/02/2026,14:30,Hoffenheim,Freiburg,3,0,H,0.0,0.0,D,25.0,13.0,7.0,3.0,8.0,6.0,6.0,6.0,3.0,1.0,0.0,0.0,1.73,3.9,4.5,1.78,3.9,4.2,,,,,,,,,,,,,1.78,4.0,4.5,1.72,3.85,4.4,1.67,2.2,,,1.67,2.23,1.66,2.17,-0.75,1.93,1.93,,,1.93,1.93,1.9,1.88,1.73,3.9,4.5,1.72,4.0,4.4,,,,,,,,,,,,,1.73,4.1,4.75,1.7,3.92,4.53,1.73,2.1,,,1.73,2.28,1.65,2.17,-0.75,1.98,1.88,,,1.98,1.96,1.88,1.9,2025,Football-Data.co.uk,https://www.football-data.co.uk/mmz4281/2526/D1.csv,,,,,,,1.79,4.1,4.7,1.74,2.28,2.0,1.96,,,,,,,1.79,4.1,5.0,1.75,2.28,2.0,1.98,1.73,3.75,4.5,1.73,3.95,4.5,1.67,3.7,4.33,,,,,,,1.73,3.75,4.5,1.68,4.1,4.7,1.7,3.9,4.5,1.73,4.0,4.4,1.7,4.0,4.4
D1,14/02/2026,14:30,Leverkusen,St Pauli,4,0,H,2.0,0.0,H,12.0,11.0,7.0,1.0,7.0,11.0,8.0,3.0,0.0,1.0,0.0,0.0,1.45,3.75,6.5,1.49,4.33,6.5,,,,,,,,,,,,,1.49,4.4,8.0,1.45,4.21,6.77,1.88,1.98,,,1.88,2.02,1.82,1.94,-1.0,1.83,2.03,,,1.83,2.14,1.76,2.02,1.53,4.33,6.0,1.53,4.33,5.75,,,,,,,,,,,,,1.54,4.35,6.5,1.51,4.23,6.14,1.91,1.91,,,1.91,2.0,1.82,1.94,-1.0,1.88,1.98,,,1.91,1.98,1.85,1.93,2025,Football-Data.co.uk,https://www.football-data.co.uk/mmz4281/2526/D1.csv,,,,,,,1.51,4.6,7.8,1.9,2.06,1.84,2.12,,,,,,,1.56,4.5,7.2,1.94,2.04,1.95,2.02,1.44,4.33,7.0,1.43,4.4,8.0,1.44,4.0,6.5,,,,,,,1.5,4.2,6.5,1.5,4.35,6.4,1.5,4.1,6.5,1.53,4.33,5.75,1.53,4.33,5.75
D1,14/02/2026,14:30,Werder Bremen,Bayern Munich,0,3,A,0.0,2.0,A,14.0,11.0,3.0,8.0,10.0,6.0,2.0,4.0,3.0,1.0,0.0,0.0,8.0,6.0,1.3,7.5,6.0,1.33,,,,,,,,,,,,,8.5,6.1,1.33,8.06,5.79,1.29,1.33,3.4,,,1.33,3.5,1.31,3.34,1.75,1.88,1.98,,,1.88,2.0,1.82,1.95,8.0,6.25,1.3,6.5,6.25,1.35,,,,,,,,,,,,,9.0,6.25,1.35,7.88,5.83,1.31,1.3,3.5,,,1.3,3.6,1.29,3.43,1.75,1.83,2.03,,,1.9,2.1,1.8,1.99,2025,Football-Data.co.uk,https://www.football-data.co.uk/mmz4281/2526/D1.csv,,,,,,,9.4,6.6,1.33,1.34,3.7,1.9,2.02,,,,,,,9.6,6.4,1.34,1.33,3.9,1.88,2.09,8.5,5.5,1.3,8.5,6.1,1.29,8.0,5.75,1.25,,,,,,,8.5,5.5,1.3,8.5,5.8,1.3,8.0,5.75,1.3,6.5,6.0,1.35,6.5,6.0,1.35
D1,14/02/2026,17:30,Stuttgart,FC Koln,3,1,H,1.0,0.0,H,13.0,10.0,4.0,3.0,10.0,10.0,2.0,5.0,4.0,1.0,0.0,0.0,1.45,4.75,6.5,1.47,4.75,6.0,,,,,,,,,,,,,1.48,5.0,6.75,1.43,4.77,6.21,1.44,2.75,,,1.46,2.88,1.43,2.72,-1.25,1.93,1.93,,,1.93,1.93,1.9,1.87,1.5,5.0,5.25,1.49,5.0,5.5,,,,,,,,,,,,,1.51,5.0,6.25,1.49,4.71,5.64,1.44,2.75,,,1.48,2.8,1.44,2.7,-1.0,1.8,2.05,,,1.83,2.1,1.75,2.04,2025,Football-Data.co.uk,https://www.football-data.co.uk/mmz4281/2526/D1.csv,,,,,,,1.48,5.2,6.8,1.47,2.96,1.96,1.97,,,,,,,1.53,5.1,6.6,1.51,2.92,1.84,2.17,1.4,5.0,6.5,1.44,4.8,6.75,1.4,4.6,6.0,1.48,4.8,6.0,1.48,4.8,6.0,1.5,4.6,6.0,1.47,4.7,6.25,1.5,4.6,5.5,1.5,5.0,5.5,1.48,4.8,5.5
D1,15/02/2026,14:30,Augsburg,Heidenheim,1,0,H,0.0,0.0,D,12.0,16.0,4.0,2.0,9.0,9.0,4.0,5.0,1.0,2.0,0.0,0.0,1.85,3.6,4.2,1.83,3.8,4.0,,,,,,,,,,,,,1.86,3.8,4.25,1.81,3.67,4.06,1.73,2.1,,,1.74,2.1,1.71,2.08,-0.5,1.83,2.03,,,1.83,2.03,1.77,1.96,1.9,3.75,3.8,1.88,3.8,3.8,,,,,,,,,,,,,1.91,3.8,4.2,1.87,3.7,3.85,1.67,2.2,,,1.75,2.25,1.68,2.15,-0.5,1.9,1.95,,,1.91,2.0,1.83,1.91,2025,Football-Data.co.uk,https://www.football-data.co.uk/mmz4281/2526/D1.csv,,,,,,,1.88,3.95,4.3,1.77,2.18,1.88,2.07,,,,,,,1.98,3.8,4.2,1.73,2.34,1.97,2.01,1.83,3.75,4.0,1.86,3.6,4.25,1.75,3.6,3.9,,,,,,,1.9,3.75,3.75,1.85,3.7,4.1,1.87,3.8,3.75,,,,,,
D1,15/02/2026,16:30,RB Leipzig,Wolfsburg,2,2,D,0.0,0.0,D,20.0,10.0,10.0,3.0,6.0,10.0,6.0,2.0,1.0,2.0,0.0,0.0,1.44,4.75,6.5,1.49,4.8,5.75,,,,,,,,,,,,,1.49,5.0,6.5,1.44,4.81,6.03,1.4,3.0,,,1.4,3.1,1.38,2.93,-1.25,1.95,1.9,,,1.95,1.91,1.9,1.88,1.5,4.75,5.5,1.55,4.75,5.0,,,,,,,,,,,,,1.55,4.8,5.8,1.51,4.66,5.39,1.36,3.2,,,1.4,3.2,1.37,3.01,-1.0,1.78,2.03,,,1.83,2.04,1.77,2.01,2025,Football-Data.co.uk,https://www.football-data.co.uk/mmz4281/2526/D1.csv,,,,,,,1.48,5.2,6.6,1.43,3.15,1.97,1.96,,,,,,,1.56,5.1,6.0,1.43,3.3,1.87,2.11,1.4,5.0,6.5,1.44,4.9,6.5,1.4,4.75,5.75,1.48,4.8,5.75,1.48,4.8,5.75,1.5,4.6,5.5,1.5,4.75,5.8,1.5,4.75,5.5,,,,,,
D1,20/02/2026,19:30,Mainz,Hamburg,1,1,D,1.0,0.0,H,17.0,14.0,3.0,5.0,16.0,13.0,7.0,2.0,3.0,2.0,0.0,0.0,2.1,3.4,3.5,2.05,3.5,3.5,,,,,,,,,,,,,2.12,3.6,3.7,2.05,3.45,3.5,1.8,2.0,,,1.8,2.05,1.76,2.0,-0.25,1.8,2.05,,,1.83,2.07,1.76,2.03,2.1,3.4,3.6,2.05,3.5,3.5,,,,,,,,,,,,,2.12,3.6,3.6,2.06,3.45,3.48,1.73,2.1,,,1.77,2.1,1.72,2.07,-0.25,1.8,2.05,,,1.83,2.05,1.78,2.0,2025,Football-Data.co.uk,https://www.football-data.co.uk/mmz4281/2526/D1.csv,,,,,,,2.16,3.55,3.8,1.83,2.16,1.87,2.14,,,,,,,2.16,3.55,3.85,1.82,2.16,1.85,2.14,2.05,3.5,3.4,2.04,3.45,3.7,2.05,3.6,3.4,2.05,3.5,3.6,2.05,3.5,3.5,2.05,3.5,3.5,2.04,3.4,3.5,2.05,3.6,3.4,,,,,,
D1,21/02/2026,14:30,Bayern Munich,Ein Frankfurt,3,2,H,2.0,0.0,H,24.0,9.0,11.0,3.0,9.0,10.0,8.0,2.0,0.0,3.0,0.0,0.0,1.14,9.5,13.0,1.15,8.5,13.0,,,,,,,,,,,,,1.17,9.5,17.0,1.14,8.63,14.22,1.2,4.5,,,1.21,4.8,1.19,4.41,-2.5,1.93,1.93,,,1.95,1.93,1.89,1.85,1.08,12.0,19.0,1.1,11.0,16.0,,,,,,,,,,,,,1.1,12.0,23.0,1.08,10.88,19.31,1.17,5.0,,,1.17,6.0,1.14,5.45,-3.0,2.0,1.85,,,2.12,1.9,2.0,1.79,2025,Football-Data.co.uk,https://www.football-data.co.uk/mmz4281/2526/D1.csv,,,,,,,1.17,10.5,18.5,1.21,5.1,1.94,2.01,,,,,,,1.11,14.5,28.0,1.15,7.2,2.05,1.93,1.14,8.5,15.0,1.13,9.5,17.0,1.1,8.0,15.0,1.17,8.5,13.0,1.17,8.5,13.0,1.09,11.0,19.0,1.06,11.0,23.0,1.09,10.5,19.0,,,,,,
D1,21/02/2026,14:30,FC Koln,Hoffenheim,2,2,D,1.0,1.0,D,9.0,18.0,4.0,6.0,6.0,12.0,3.0,10.0,1.0,3.0,0.0,0.0,3.3,3.8,2.05,3.2,3.8,2.05,,,,,,,,,,,,,3.35,3.8,2.1,3.22,3.7,2.05,1.57,2.38,,,1.6,2.4,1.56,2.34,0.25,2.05,1.8,,,2.05,1.8,1.99,1.78,3.25,3.8,2.05,3.5,3.7,2.0,,,,,,,,,,,,,3.65,3.8,2.05,3.43,3.71,1.99,1.57,2.38,,,1.62,2.4,1.58,2.33,0.5,1.78,2.03,,,1.83,2.03,1.78,1.96,2025,Football-Data.co.uk,https://www.football-data.co.uk/mmz4281/2526/D1.csv,,,,,,,3.5,3.9,2.16,1.62,2.52,2.1,1.88,,,,,,,3.8,3.85,2.06,1.66,2.48,1.92,2.06,3.2,3.75,2.05,3.3,3.8,2.06,3.1,3.6,2.0,3.2,3.8,2.05,3.2,3.75,2.05,3.25,3.75,2.05,3.65,3.7,1.89,3.5,3.8,1.95,,,,,,
D1,21/02/2026,14:30,Union Berlin,Leverkusen,1,0,H,1.0,0.0,H,8.0,16.0,4.0,1.0,15.0,7.0,4.0,5.0,5.0,2.0,0.0,0.0,3.0,3.3,2.38,2.8,3.4,2.45,,,,,,,,,,,,,3.0,3.5,2.45,2.89,3.35,2.36,1.95,1.9,,,1.95,1.91,1.88,1.87,0.25,1.83,2.03,,,1.83,2.15,1.77,2.01,3.2,3.2,2.35,3.1,3.3,2.35,,,,,,,,,,,,,3.25,3.4,2.35,3.1,3.26,2.3,2.1,1.73,,,2.1,1.87,1.99,1.79,0.25,1.83,2.03,,,1.86,2.03,1.81,1.96,2025,Football-Data.co.uk,https://www.football-data.co.uk/mmz4281/2526/D1.csv,,,,,,,3.15,3.5,2.48,2.0,1.96,1.87,2.12,,,,,,,3.35,3.45,2.4,2.16,1.85,1.93,2.06,2.8,3.5,2.38,2.95,3.45,2.35,2.88,3.25,2.25,2.8,3.4,2.45,2.8,3.4,2.45,3.1,3.3,2.3,3.0,3.25,2.28,3.0,3.4,2.3,,,,,,
D1,21/02/2026,14:30,Wolfsburg,Augsburg,2,3,A,1.0,0.0,H,10.0,15.0,4.0,6.0,10.0,16.0,4.0,10.0,3.0,4.0,0.0,0.0,2.05,3.4,3.75,2.0,3.6,3.6,,,,,,,,,,,,,2.1,3.6,3.8,2.04,3.41,3.52,1.73,2.1,,,1.73,2.2,1.68,2.12,-0.25,1.75,2.05,,,1.83,2.08,1.76,2.03,2.2,3.4,3.2,2.2,3.4,3.1,,,,,,,,,,,,,2.25,3.6,3.33,2.19,3.39,3.17,1.73,2.1,,,1.74,2.15,1.71,2.08,-0.25,1.95,1.9,,,1.95,1.93,1.88,1.89,2025,Football-Data.co.uk,https://www.football-data.co.uk/mmz4281/2526/D1.csv,,,,,,,2.14,3.55,3.9,1.76,2.24,1.84,2.16,,,,,,,2.3,3.55,3.45,1.78,2.26,1.98,2.0,2.1,3.5,3.3,2.04,3.4,3.75,2.0,3.5,3.2,2.0,3.6,3.6,2.0,3.5,3.5,2.25,3.4,3.1,2.2,3.25,3.15,2.15,3.6,3.13,,,,,,
D1,21/02/2026,17:30,RB Leipzig,Dortmund,2,2,D,2.0,0.0,H,13.0,11.0,3.0,5.0,11.0,17.0,6.0,2.0,3.0,4.0,0.0,0.0,2.15,3.8,3.1,2.1,4.0,3.0,,,,,,,,,,,,,2.2,4.0,3.1,2.14,3.88,2.92,1.44,2.75,,,1.46,2.8,1.43,2.69,-0.25,1.9,1.95,,,1.91,1.95,1.89,1.89,1.91,3.9,3.5,1.95,4.0,3.4,,,,,,,,,,,,,2.05,4.0,3.5,1.97,3.88,3.32,1.53,2.5,,,1.53,2.75,1.49,2.52,-0.5,1.93,1.93,,,1.96,1.93,1.92,1.82,2025,Football-Data.co.uk,https://www.football-data.co.uk/mmz4281/2526/D1.csv,,,,,,,2.26,4.0,3.2,1.48,3.0,1.97,2.0,,,,,,,2.04,4.1,3.65,1.56,2.7,2.04,1.94,2.2,4.0,2.8,2.16,3.95,2.95,2.1,3.75,2.8,2.15,4.0,3.0,2.1,3.9,3.0,1.95,4.0,3.3,1.98,3.8,3.2,2.05,3.9,3.13,1.95,4.0,3.4,1.95,3.9,3.4
D1,22/02/2026,14:30,Freiburg,M'gladbach,2,1,H,1.0,0.0,H,10.0,12.0,6.0,2.0,9.0,8.0,3.0,3.0,1.0,2.0,0.0,0.0,1.95,3.25,4.33,1.95,3.4,3.8,,,,,,,,,,,,,2.0,3.4,4.33,1.96,3.27,3.95,1.88,1.98,,,1.91,1.98,1.86,1.9,-0.5,1.98,1.88,,,1.98,1.88,1.91,1.82,2.1,3.25,3.7,2.1,3.4,3.5,,,,,,,,,,,,,2.15,3.5,3.7,2.06,3.34,3.58,1.83,2.03,,,1.83,2.03,1.8,1.96,-0.25,1.83,2.03,,,1.83,2.06,1.77,2.02,2025,Football-Data.co.uk,https://www.football-data.co.uk/mmz4281/2526/D1.csv,,,,,,,2.06,3.45,4.3,1.96,2.02,2.06,1.92,,,,,,,2.22,3.4,3.85,1.89,2.1,1.9,2.07,2.0,3.4,3.75,2.0,3.25,4.1,1.91,3.25,3.7,,,,,,,2.05,3.5,3.5,2.02,3.3,3.65,2.0,3.4,3.7,,,,,,
D1,22/02/2026,16:30,St Pauli,Werder Bremen,2,1,H,0.0,0.0,D,5.0,13.0,4.0,4.0,6.0,10.0,1.0,5.0,2.0,6.0,0.0,0.0,2.75,3.1,2.75,2.75,3.1,2.7,,,,,,,,,,,,,2.85,3.2,2.75,2.7,3.08,2.67,2.3,1.62,,,2.33,1.62,2.27,1.6,0.0,1.93,1.93,,,1.93,1.93,1.88,1.88,2.63,3.2,2.75,2.65,3.1,2.75,,,,,,,,,,,,,2.71,3.25,2.8,2.65,3.11,2.73,2.1,1.73,,,2.16,1.75,2.08,1.72,0.0,1.88,1.98,,,1.91,1.98,1.86,1.9,2025,Football-Data.co.uk,https://www.football-data.co.uk/mmz4281/2526/D1.csv,,,,,,,2.84,3.25,2.9,2.42,1.68,1.97,2.0,,,,,,,2.8,3.25,2.94,2.18,1.84,1.94,2.04,2.63,3.2,2.75,2.85,3.15,2.63,2.6,3.0,2.6,,,,,,,2.63,3.2,2.75,2.65,2.95,2.75,2.6,3.25,2.7,,,,,,
D1,22/02/2026,18:30,Heidenheim,Stuttgart,3,3,D,2.0,2.0,D,10.0,12.0,6.0,8.0,13.0,7.0,3.0,4.0,1.0,2.0,0.0,0.0,4.5,4.0,1.7,4.2,4.1,1.72,,,,,,,,,,,,,4.7,4.2,1.72,4.4,4.06,1.68,1.57,2.38,,,1.57,2.5,1.53,2.43,0.75,1.98,1.88,,,1.98,1.88,1.94,1.83,4.33,4.33,1.67,4.33,4.2,1.7,,,,,,,,,,,,,4.5,4.33,1.7,4.42,4.21,1.67,1.5,2.63,,,1.5,2.63,1.49,2.55,0.75,2.03,1.83,,,2.03,1.85,1.97,1.82,2025,Football-Data.co.uk,https://www.football-data.co.uk/mmz4281/2526/D1.csv,,,,,,,5.0,4.3,1.74,1.59,2.6,2.04,1.92,,,,,,,5.1,4.5,1.7,1.55,2.8,2.11,1.87,4.33,4.2,1.7,4.7,4.2,1.67,4.2,3.9,1.65,,,,,,,4.5,4.2,1.67,4.5,4.2,1.63,4.5,4.2,1.65,4.33,4.2,1.7,4.33,4.2,1.7
D1,27/02/2026,19:30,Augsburg,FC Koln,2,0,H,0.0,0.0,D,14.0,10.0,4.0,3.0,15.0,4.0,6.0,9.0,4.0,1.0,0.0,0.0,2.2,3.5,3.25,2.2,3.4,3.2,,,,,,,,,,,,,2.25,3.5,3.33,2.19,3.4,3.18,1.88,1.98,,,1.88,2.04,1.81,1.96,-0.25,1.93,1.93,,,1.93,1.93,1.88,1.89,2.2,3.4,3.25,2.2,3.4,3.2,,,,,,,,,,,,,2.2,3.5,3.33,2.16,3.39,3.23,1.8,2.0,,,1.83,2.05,1.79,1.98,-0.25,1.93,1.93,,,1.93,1.94,1.87,1.9,2025,Football-Data.co.uk,https://www.football-data.co.uk/mmz4281/2526/D1.csv,,,,,,,2.3,3.65,3.4,1.92,2.08,1.99,1.98,,,,,,,2.3,3.5,3.5,1.87,2.14,1.97,2.02,2.2,3.4,3.1,2.16,3.3,3.2,2.2,3.5,3.1,,,,,,,2.15,3.4,3.2,2.12,3.3,3.3,2.15,3.5,3.13,,,,,,
D1,28/02/2026,14:30,Hoffenheim,St Pauli,0,1,A,0.0,1.0,A,20.0,11.0,11.0,3.0,13.0,7.0,10.0,3.0,1.0,2.0,0.0,0.0,1.48,4.75,6.0,1.49,4.5,6.25,,,,,,,,,,,,,1.5,4.75,6.75,1.47,4.33,6.29,1.8,2.0,,,1.8,2.1,1.73,2.04,-1.0,1.8,2.05,,,1.83,2.05,1.78,1.99,1.5,4.33,6.0,1.52,4.33,6.0,,,,,,,,,,,,,1.53,4.5,6.5,1.51,4.2,6.11,1.91,1.91,,,1.91,2.0,1.82,1.94,-1.0,1.85,2.0,,,1.91,2.0,1.86,1.91,2025,Football-Data.co.uk,https://www.football-data.co.uk/mmz4281/2526/D1.csv,,,,,,,1.51,4.8,7.4,1.81,2.2,1.83,2.13,,,,,,,1.56,4.5,7.0,1.95,2.02,1.95,2.03,1.44,4.2,6.5,1.44,4.35,6.75,1.44,4.1,6.0,,,,,,,1.53,4.0,6.0,1.5,4.1,6.1,1.5,4.1,6.5,,,,,,
D1,28/02/2026,14:30,Leverkusen,Mainz,1,1,D,0.0,0.0,D,12.0,8.0,5.0,4.0,9.0,13.0,6.0,2.0,1.0,2.0,0.0,0.0,1.7,4.0,4.5,1.71,4.1,4.4,,,,,,,,,,,,,1.71,4.2,4.75,1.67,3.97,4.54,1.67,2.2,,,1.67,2.25,1.64,2.19,-0.75,1.9,1.95,,,1.9,1.96,1.85,1.92,1.65,4.2,4.5,1.68,4.1,4.6,,,,,,,,,,,,,1.73,4.2,4.75,1.68,4.0,4.53,1.62,2.3,,,1.67,2.3,1.63,2.22,-0.75,1.85,2.0,,,1.91,2.0,1.86,1.91,2025,Football-Data.co.uk,https://www.football-data.co.uk/mmz4281/2526/D1.csv,,,,,,,1.76,4.2,5.1,1.72,2.34,1.96,2.02,,,,,,,1.73,4.3,5.1,1.7,2.4,1.93,2.06,1.67,4.0,4.6,1.63,4.0,4.75,1.65,3.8,4.33,,,,,,,1.73,3.75,4.33,1.65,3.9,4.7,1.67,4.0,4.6,,,,,,
D1,28/02/2026,14:30,M'gladbach,Union Berlin,1,0,H,0.0,0.0,D,21.0,6.0,7.0,2.0,5.0,18.0,6.0,2.0,4.0,5.0,0.0,0.0,2.38,3.3,3.0,2.4,3.3,2.95,,,,,,,,,,,,,2.45,3.3,3.1,2.36,3.22,2.97,2.0,1.8,,,2.02,1.8,2.0,1.77,-0.25,2.05,1.8,,,2.05,1.83,2.01,1.77,2.35,3.3,3.1,2.37,3.3,3.0,,,,,,,,,,,,,2.4,3.3,3.1,2.34,3.25,3.01,2.1,1.73,,,2.1,1.8,2.02,1.75,-0.25,2.03,1.83,,,2.03,1.83,1.99,1.79,2025,Football-Data.co.uk,https://www.football-data.co.uk/mmz4281/2526/D1.csv,,,,,,,2.42,3.4,3.3,2.1,1.86,2.06,1.9,,,,,,,2.5,3.3,3.25,2.16,1.84,2.13,1.86,2.38,3.3,2.88,2.35,3.25,2.95,2.3,3.13,2.88,,,,,,,2.38,3.3,2.88,2.32,3.15,3.05,2.3,3.3,3.0,,,,,,
D1,28/02/2026,14:30,Werder Bremen,Heidenheim,2,0,H,0.0,0.0,D,17.0,9.0,6.0,0.0,14.0,9.0,3.0,2.0,1.0,0.0,0.0,0.0,1.75,4.0,4.33,1.82,3.8,4.0,,,,,,,,,,,,,1.82,4.0,4.33,1.77,3.82,4.1,1.67,2.2,,,1.71,2.2,1.67,2.14,-0.75,2.0,1.85,,,2.0,1.85,1.96,1.81,1.6,4.33,5.25,1.6,4.33,5.0,,,,,,,,,,,,,1.63,4.5,5.25,1.6,4.21,4.97,1.62,2.3,,,1.63,2.5,1.58,2.32,-1.0,2.0,1.85,,,2.05,1.85,2.0,1.78,2025,Football-Data.co.uk,https://www.football-data.co.uk/mmz4281/2526/D1.csv,,,,,,,1.82,4.1,4.7,1.73,2.28,2.04,1.92,,,,,,,1.66,4.6,5.4,1.67,2.48,2.11,1.88,1.8,3.75,4.0,1.73,3.8,4.25,1.73,3.7,4.0,,,,,,,1.6,4.2,4.6,1.57,4.2,5.0,1.62,4.1,5.0,,,,,,
D1,28/02/2026,17:30,Dortmund,Bayern Munich,2,3,A,1.0,0.0,H,10.0,14.0,2.0,6.0,15.0,10.0,5.0,2.0,1.0,0.0,0.0,0.0,4.5,4.75,1.6,4.2,4.6,1.66,,,,,,,,,,,,,4.6,4.75,1.69,4.37,4.51,1.61,1.33,3.4,,,1.33,3.5,1.3,3.36,0.75,2.05,1.75,,,2.1,1.83,2.03,1.75,4.2,4.5,1.67,4.0,4.4,1.73,,,,,,,,,,,,,4.5,4.5,1.73,4.21,4.38,1.67,1.33,3.4,,,1.35,3.4,1.33,3.17,0.75,2.05,1.8,,,2.05,1.85,1.99,1.79,2025,Football-Data.co.uk,https://www.football-data.co.uk/mmz4281/2526/D1.csv,,,,,,,4.9,4.9,1.68,1.34,3.75,2.18,1.82,,,,,,,4.4,4.7,1.76,1.38,3.55,2.04,1.92,4.33,4.5,1.62,4.6,4.6,1.56,4.33,4.33,1.57,,,,,,,4.2,4.33,1.67,4.5,4.35,1.6,4.33,4.4,1.65,4.0,4.4,1.73,3.9,4.33,1.73
D1,01/03/2026,14:30,Stuttgart,Wolfsburg,4,0,H,3.0,0.0,H,24.0,10.0,11.0,3.0,5.0,17.0,7.0,3.0,1.0,0.0,0.0,0.0,1.5,4.75,5.25,1.55,4.75,5.0,,,,,,,,,,,,,1.55,4.8,5.5,1.51,4.56,5.24,1.44,2.75,,,1.44,2.88,1.42,2.74,-1.0,1.8,2.05,,,1.85,2.05,1.81,1.96,1.4,5.5,6.25,1.4,5.5,6.25,,,,,,,,,,,,,1.4,5.5,7.0,1.37,5.4,6.61,1.33,3.4,,,1.33,3.6,1.32,3.3,-1.5,2.0,1.85,,,2.0,1.87,1.93,1.81,2025,Football-Data.co.uk,https://www.football-data.co.uk/mmz4281/2526/D1.csv,,,,,,,1.55,4.9,6.0,1.46,3.0,1.84,2.11,,,,,,,1.42,5.9,7.6,1.37,3.6,2.07,1.9,1.53,4.5,5.0,1.5,4.4,5.5,1.45,4.4,5.25,1.55,4.8,5.0,1.53,4.6,5.0,1.36,5.5,6.5,1.33,5.5,7.0,1.36,5.25,7.0,,,,,,
D1,01/03/2026,16:30,Ein Frankfurt,Freiburg,2,0,H,0.0,0.0,D,15.0,4.0,7.0,2.0,9.0,11.0,5.0,6.0,1.0,2.0,0.0,0.0,2.2,3.5,3.2,2.25,3.4,3.1,,,,,,,,,,,,,2.28,3.5,3.2,2.18,3.44,3.1,1.8,2.0,,,1.8,2.05,1.75,2.0,-0.25,1.93,1.93,,,1.95,1.95,1.88,1.9,2.25,3.5,3.1,2.25,3.4,3.1,,,,,,,,,,,,,2.3,3.6,3.14,2.22,3.45,3.06,1.73,2.1,,,1.8,2.1,1.73,2.05,-0.25,1.98,1.88,,,1.98,1.92,1.9,1.87,2025,Football-Data.co.uk,https://www.football-data.co.uk/mmz4281/2526/D1.csv,,,,,,,2.3,3.6,3.35,1.84,2.12,1.98,1.98,,,,,,,2.36,3.55,3.35,1.83,2.18,2.01,1.96,2.2,3.5,3.0,2.1,3.5,3.2,2.1,3.4,3.0,2.25,3.4,3.1,2.2,3.4,3.1,2.25,3.4,3.0,2.14,3.5,3.1,2.2,3.6,3.0,,,,,,
D1,01/03/2026,18:30,Hamburg,RB Leipzig,1,2,A,1.0,1.0,D,7.0,13.0,3.0,5.0,8.0,12.0,4.0,9.0,3.0,2.0,0.0,0.0,3.3,3.5,2.15,3.2,3.7,2.1,,,,,,,,,,,,,3.3,3.75,2.15,3.12,3.67,2.09,1.57,2.38,,,1.6,2.4,1.56,2.35,0.25,2.0,1.85,,,2.0,1.86,1.95,1.83,3.8,4.0,1.85,3.6,3.9,1.9,,,,,,,,,,,,,3.8,4.0,1.9,3.72,3.87,1.86,1.53,2.5,,,1.55,2.6,1.51,2.5,0.5,2.03,1.83,,,2.03,1.91,1.91,1.82,2025,Football-Data.co.uk,https://www.football-data.co.uk/mmz4281/2526/D1.csv,,,,,,,3.4,3.75,2.22,1.62,2.5,2.05,1.92,,,,,,,4.0,4.2,1.93,1.57,2.72,2.06,1.92,3.0,3.75,2.1,3.15,3.65,2.08,3.0,3.6,2.05,3.2,3.7,2.1,3.1,3.7,2.1,3.6,3.75,1.9,3.8,3.7,1.84,3.75,4.0,1.83,,,,,,
D1,04/03/2026,19:30,Hamburg,Leverkusen,0,1,A,0.0,0.0,D,10.0,14.0,3.0,4.0,12.0,11.0,2.0,7.0,0.0,2.0,0.0,0.0,3.5,3.6,2.05,3.4,3.6,2.05,,,,,,,,,,,,,3.6,3.66,2.1,3.35,3.57,2.03,1.73,2.1,,,1.75,2.12,1.7,2.09,0.5,1.75,2.05,,,1.83,2.05,1.74,1.99,3.6,3.7,2.0,3.5,3.6,2.05,,,,,,,,,,,,,3.7,3.7,2.05,3.54,3.63,1.97,1.67,2.2,,,1.7,2.25,1.66,2.17,0.5,1.85,2.0,,,1.85,2.0,1.8,1.93,2025,Football-Data.co.uk,https://www.football-data.co.uk/mmz4281/2526/D1.csv,,,,,,,3.55,3.7,2.2,1.78,2.24,1.81,2.2,,,,,,,3.95,3.75,2.06,1.74,2.32,1.92,2.07,3.3,3.6,2.05,3.35,3.65,2.0,3.2,3.5,2.0,,,,,,,3.4,3.6,2.0,3.6,3.6,1.93,3.5,3.7,1.95,,,,,,
D1,06/03/2026,19:30,Bayern Munich,M'gladbach,4,1,H,2.0,0.0,H,18.0,10.0,9.0,5.0,7.0,12.0,7.0,1.0,1.0,0.0,0.0,1.0,1.2,8.5,9.5,1.22,7.5,10.0,,,,,,,,,,,,,1.22,8.5,13.0,1.19,7.43,11.55,1.25,4.0,,,1.28,4.0,1.25,3.78,-2.0,1.83,2.03,,,1.85,2.06,1.78,2.0,1.22,8.0,9.0,1.24,7.25,9.5,,,,,,,,,,,,,1.25,8.0,13.0,1.21,7.08,10.63,1.3,3.5,,,1.3,3.75,1.28,3.53,-2.0,1.93,1.93,,,1.94,2.0,1.86,1.91,2025,Football-Data.co.uk,https://www.football-data.co.uk/mmz4281/2526/D1.csv,,,,,,,1.21,9.2,14.5,1.29,4.3,1.87,2.09,,,,,,,1.26,7.6,12.5,1.31,4.1,1.99,1.99,1.2,6.5,11.0,1.15,8.0,13.0,1.17,7.5,13.0,,,,,,,1.22,6.5,10.0,1.15,7.5,13.0,1.2,7.0,12.0,1.25,7.5,9.5,1.22,7.0,9.5
D1,07/03/2026,14:30,Freiburg,Leverkusen,3,3,D,2.0,2.0,D,21.0,17.0,9.0,5.0,7.0,8.0,5.0,2.0,3.0,3.0,0.0,0.0,2.9,3.3,2.4,2.87,3.4,2.37,,,,,,,,,,,,,3.0,3.5,2.4,2.86,3.35,2.35,1.91,1.91,,,1.91,1.95,1.85,1.91,0.25,1.78,2.1,,,1.83,2.1,1.76,2.02,2.9,3.5,2.35,2.9,3.4,2.37,,,,,,,,,,,,,3.1,3.5,2.4,2.94,3.37,2.34,1.73,2.1,,,1.8,2.1,1.73,2.04,0.25,1.83,2.03,,,1.85,2.04,1.8,1.99,2025,Football-Data.co.uk,https://www.football-data.co.uk/mmz4281/2526/D1.csv,,,,,,,3.05,3.5,2.52,1.94,2.04,1.83,2.16,,,,,,,3.25,3.55,2.42,1.81,2.2,1.91,2.08,2.8,3.5,2.3,2.85,3.4,2.33,2.75,3.3,2.3,,,,,,,2.8,3.4,2.38,2.95,3.25,2.35,3.0,3.4,2.3,2.9,3.4,2.4,2.9,3.4,2.37
D1,07/03/2026,14:30,Heidenheim,Hoffenheim,2,4,A,0.0,2.0,A,8.0,16.0,2.0,7.0,7.0,15.0,4.0,3.0,0.0,0.0,0.0,0.0,5.0,4.5,1.57,4.75,4.4,1.62,,,,,,,,,,,,,5.0,4.5,1.62,4.87,4.31,1.58,1.5,2.63,,,1.5,2.7,1.47,2.6,1.0,1.9,1.95,,,1.9,2.0,1.82,1.94,5.5,4.75,1.5,5.0,4.6,1.57,,,,,,,,,,,,,5.8,4.75,1.57,5.44,4.57,1.51,1.44,2.75,,,1.48,2.88,1.43,2.72,1.0,2.0,1.85,,,2.05,1.85,1.99,1.8,2025,Football-Data.co.uk,https://www.football-data.co.uk/mmz4281/2526/D1.csv,,,,,,,5.3,4.7,1.67,1.53,2.8,1.91,2.05,,,,,,,6.4,4.8,1.56,1.5,2.94,2.09,1.9,5.0,4.33,1.57,4.9,4.25,1.58,4.8,4.2,1.53,,,,,,,5.5,4.6,1.5,5.75,4.6,1.47,5.5,4.6,1.5,5.0,4.6,1.57,5.0,4.6,1.55
D1,07/03/2026,14:30,Mainz,Stuttgart,2,2,D,1.0,0.0,H,18.0,11.0,6.0,4.0,7.0,12.0,5.0,6.0,0.0,2.0,0.0,0.0,3.2,3.6,2.15,3.0,3.75,2.15,,,,,,,,,,,,,3.2,3.75,2.16,3.05,3.65,2.12,1.62,2.3,,,1.62,2.38,1.58,2.3,0.25,2.0,1.85,,,2.0,1.9,1.93,1.84,3.5,3.8,1.95,3.4,3.8,1.98,,,,,,,,,,,,,3.6,4.0,2.0,3.47,3.77,1.95,1.57,2.38,,,1.6,2.5,1.54,2.39,0.5,1.88,1.98,,,1.9,1.98,1.83,1.9,2025,Football-Data.co.uk,https://www.football-data.co.uk/mmz4281/2526/D1.csv,,,,,,,3.35,3.8,2.22,1.64,2.5,2.04,1.93,,,,,,,3.75,4.0,2.04,1.62,2.58,1.93,2.06,2.88,3.75,2.15,3.1,3.65,2.08,3.0,3.6,2.05,,,,,,,3.4,4.0,1.91,3.45,3.75,1.92,3.5,3.8,1.95,3.4,3.8,2.0,3.4,3.75,2.0
D1,07/03/2026,14:30,RB Leipzig,Augsburg,2,1,H,0.0,1.0,A,17.0,16.0,8.0,5.0,8.0,9.0,6.0,8.0,0.0,2.0,0.0,0.0,1.42,5.0,6.5,1.44,5.0,6.25,,,,,,,,,,,,,1.44,5.0,6.66,1.41,4.88,6.35,1.44,2.75,,,1.45,2.8,1.43,2.72,-1.25,1.9,1.95,,,1.9,1.95,1.86,1.9,1.33,5.5,8.0,1.35,5.75,7.5,,,,,,,,,,,,,1.36,5.75,8.5,1.33,5.42,7.63,1.4,3.0,,,1.4,3.1,1.38,2.96,-1.5,1.9,1.95,,,1.9,1.95,1.84,1.89,2025,Football-Data.co.uk,https://www.football-data.co.uk/mmz4281/2526/D1.csv,,,,,,,1.47,5.4,7.4,1.48,3.0,1.94,2.0,,,,,,,1.39,5.8,9.0,1.43,3.25,1.98,1.99,1.4,5.0,6.5,1.4,4.9,6.5,1.4,4.6,6.0,,,,,,,1.33,5.5,7.5,1.34,5.2,7.5,1.3,5.5,8.5,1.35,5.75,7.5,1.35,5.5,7.0
D1,07/03/2026,14:30,Wolfsburg,Hamburg,1,2,A,1.0,1.0,D,14.0,10.0,4.0,7.0,18.0,6.0,7.0,3.0,3.0,3.0,1.0,0.0,2.3,3.5,3.0,2.35,3.6,2.85,,,,,,,,,,,,,2.35,3.6,3.0,2.3,3.52,2.82,1.73,2.1,,,1.73,2.2,1.67,2.13,-0.25,2.05,1.8,,,2.05,1.83,2.0,1.77,2.55,3.3,2.75,2.55,3.4,2.65,,,,,,,,,,,,,2.66,3.5,2.75,2.56,3.37,2.65,1.88,1.98,,,1.88,2.08,1.79,1.98,0.0,1.88,1.98,,,1.91,1.98,1.86,1.9,2025,Football-Data.co.uk,https://www.football-data.co.uk/mmz4281/2526/D1.csv,,,,,,,2.46,3.7,3.05,1.76,2.24,2.12,1.87,,,,,,,2.7,3.6,2.84,1.92,2.06,1.95,2.05,2.3,3.6,2.75,2.3,3.55,2.8,2.25,3.4,2.75,,,,,,,2.5,3.4,2.6,2.5,3.35,2.65,2.55,3.4,2.63,2.6,3.4,2.7,2.6,3.4,2.62
D1,07/03/2026,17:30,FC Koln,Dortmund,1,2,A,0.0,1.0,A,14.0,13.0,4.0,5.0,9.0,13.0,9.0,4.0,1.0,1.0,1.0,0.0,4.1,4.0,1.75,4.2,4.1,1.75,,,,,,,,,,,,,4.3,4.2,1.78,4.1,3.97,1.73,1.57,2.38,,,1.57,2.48,1.55,2.37,0.75,1.85,2.0,,,1.9,2.0,1.84,1.93,4.0,4.0,1.8,4.0,4.0,1.8,,,,,,,,,,,,,4.25,4.0,1.81,4.03,3.94,1.77,1.57,2.38,,,1.58,2.55,1.54,2.42,0.75,1.83,2.03,,,1.85,2.03,1.81,1.97,2025,Football-Data.co.uk,https://www.football-data.co.uk/mmz4281/2526/D1.csv,,,,,,,4.4,4.3,1.84,1.62,2.56,1.92,2.05,,,,,,,4.3,4.3,1.85,1.6,2.62,1.9,2.09,4.0,4.0,1.73,4.3,4.1,1.67,4.0,3.8,1.7,,,,,,,4.0,4.0,1.73,4.1,3.8,1.76,4.1,4.0,1.75,,,,,,
D1,08/03/2026,14:30,St Pauli,Ein Frankfurt,0,0,D,0.0,0.0,D,11.0,8.0,2.0,2.0,13.0,8.0,6.0,5.0,2.0,1.0,0.0,0.0,2.63,3.4,2.6,2.6,3.4,2.65,,,,,,,,,,,,,2.71,3.4,2.65,2.64,3.3,2.56,2.0,1.85,,,2.0,1.85,1.96,1.79,0.0,1.98,1.88,,,1.98,1.88,1.93,1.82,2.5,3.4,2.8,2.5,3.3,2.8,,,,,,,,,,,,,2.6,3.4,2.88,2.54,3.28,2.74,2.0,1.8,,,2.05,1.8,1.99,1.78,0.0,1.8,2.05,,,1.85,2.05,1.8,1.97,2025,Football-Data.co.uk,https://www.football-data.co.uk/mmz4281/2526/D1.csv,,,,,,,2.88,3.4,2.68,2.04,1.92,2.05,1.91,,,,,,,2.62,3.5,2.96,2.12,1.88,1.88,2.11,2.63,3.3,2.6,2.6,3.3,2.55,2.63,3.2,2.45,,,,,,,2.6,3.3,2.63,2.55,3.2,2.7,2.5,3.3,2.75,,,,,,
D1,08/03/2026,16:30,Union Berlin,Werder Bremen,1,4,A,1.0,2.0,A,9.0,15.0,2.0,5.0,5.0,13.0,1.0,3.0,1.0,3.0,1.0,0.0,2.25,3.4,3.25,2.2,3.4,3.25,,,,,,,,,,,,,2.25,3.4,3.33,2.2,3.3,3.2,2.0,1.8,,,2.0,1.82,1.97,1.77,-0.25,1.95,1.9,,,1.95,1.9,1.9,1.87,2.45,3.25,3.0,2.37,3.2,3.1,,,,,,,,,,,,,2.45,3.25,3.15,2.37,3.18,3.04,2.2,1.67,,,2.2,1.73,2.13,1.69,-0.25,2.1,1.78,,,2.1,1.83,2.02,1.77,2025,Football-Data.co.uk,https://www.football-data.co.uk/mmz4281/2526/D1.csv,,,,,,,2.38,3.45,3.4,2.12,1.83,2.03,1.94,,,,,,,2.58,3.2,3.3,2.28,1.77,2.18,1.82,2.15,3.4,3.2,2.2,3.3,3.2,2.15,3.2,3.1,2.2,3.4,3.25,2.2,3.3,3.2,2.38,3.2,3.0,2.33,3.15,3.0,2.4,3.2,3.0,,,,,,
D1,13/03/2026,19:30,M'gladbach,St Pauli,2,0,H,1.0,0.0,H,10.0,8.0,4.0,1.0,9.0,7.0,2.0,2.0,1.0,2.0,0.0,0.0,1.91,3.4,4.2,1.9,3.3,4.4,,,,,,,,,,,,,1.91,3.4,4.4,1.9,3.31,4.22,2.2,1.67,,,2.3,1.67,2.21,1.63,-0.5,1.93,1.93,,,1.93,1.93,1.85,1.86,1.91,3.4,4.2,1.93,3.3,4.2,,,,,,,,,,,,,1.95,3.4,4.3,1.91,3.3,4.17,2.2,1.67,,,2.25,1.67,2.18,1.65,-0.5,1.93,1.93,,,1.93,1.93,1.87,1.85,2025,Football-Data.co.uk,https://www.football-data.co.uk/mmz4281/2526/D1.csv,,,,,,,2.0,3.45,4.6,2.36,1.72,2.0,1.98,,,,,,,2.0,3.45,4.6,2.3,1.74,2.01,1.98,1.91,3.3,4.0,1.88,3.3,4.2,1.91,3.3,4.2,1.91,3.3,4.4,1.91,3.25,4.33,1.91,3.3,4.0,1.88,3.2,4.3,1.95,3.3,4.0,,,,,,
D1,14/03/2026,14:30,Dortmund,Augsburg,2,0,H,1.0,0.0,H,16.0,7.0,5.0,3.0,7.0,7.0,12.0,2.0,0.0,0.0,0.0,0.0,1.42,4.75,7.0,1.43,5.0,6.25,,,,,,,,,,,,,1.44,5.0,7.5,1.4,4.88,6.75,1.53,2.5,,,1.53,2.5,1.51,2.46,-1.25,1.9,1.95,,,1.9,1.98,1.85,1.93,1.55,4.5,5.0,1.55,4.75,5.0,,,,,,,,,,,,,1.57,4.75,5.6,1.53,4.47,5.31,1.57,2.38,,,1.57,2.5,1.53,2.44,-1.0,1.93,1.93,,,1.93,2.35,1.79,2.02,2025,Football-Data.co.uk,https://www.football-data.co.uk/mmz4281/2526/D1.csv,,,,,,,1.45,5.3,8.0,1.57,2.68,1.93,2.01,,,,,,,1.59,4.7,6.0,1.6,2.62,1.96,2.02,1.36,5.0,7.0,1.35,4.9,7.5,1.36,4.6,6.5,1.44,5.0,6.5,1.44,5.0,6.0,1.53,4.33,5.5,1.47,4.6,5.6,1.53,4.33,5.5,,,,,,
D1,14/03/2026,14:30,Ein Frankfurt,Heidenheim,1,0,H,0.0,0.0,D,12.0,3.0,4.0,1.0,5.0,9.0,5.0,4.0,3.0,2.0,1.0,0.0,1.53,4.5,5.5,1.55,4.5,5.25,,,,,,,,,,,,,1.55,4.5,5.75,1.52,4.38,5.44,1.57,2.38,,,1.57,2.43,1.54,2.36,-1.0,1.88,1.98,,,1.88,1.98,1.83,1.95,1.65,4.33,4.75,1.63,4.33,4.6,,,,,,,,,,,,,1.65,4.5,5.1,1.61,4.26,4.77,1.5,2.63,,,1.53,2.63,1.51,2.5,-0.75,1.8,2.05,,,1.83,2.25,1.73,2.07,2025,Football-Data.co.uk,https://www.football-data.co.uk/mmz4281/2526/D1.csv,,,,,,,1.57,4.7,6.4,1.6,2.58,1.9,2.05,,,,,,,1.72,4.4,5.1,1.58,2.68,1.87,2.11,1.5,4.33,5.5,1.48,4.4,5.75,1.5,4.1,5.25,1.55,4.5,5.25,1.55,4.5,5.25,1.62,4.2,4.6,1.55,4.25,5.1,1.62,4.2,4.8,,,,,,
D1,14/03/2026,14:30,Hoffenheim,Wolfsburg,1,1,D,0.0,0.0,D,21.0,4.0,6.0,2.0,10.0,10.0,16.0,4.0,0.0,3.0,0.0,0.0,1.44,4.75,6.5,1.49,5.0,5.5,,,,,,,,,,,,,1.49,5.0,6.6,1.44,4.78,6.04,1.44,2.75,,,1.44,2.88,1.42,2.73,-1.25,1.93,1.93,,,1.95,1.93,1.91,1.87,1.45,4.75,6.25,1.43,5.25,6.0,,,,,,,,,,,,,1.45,5.25,7.0,1.41,4.97,6.46,1.4,3.0,,,1.41,3.1,1.39,2.94,-1.25,1.93,1.93,,,1.94,1.95,1.88,1.89,2025,Football-Data.co.uk,https://www.football-data.co.uk/mmz4281/2526/D1.csv,,,,,,,1.48,5.1,7.2,1.48,3.0,1.98,1.94,,,,,,,1.48,5.2,7.2,1.44,3.15,1.96,2.0,1.44,4.6,6.0,1.41,4.8,6.4,1.4,4.6,6.0,1.48,4.8,5.5,1.48,4.8,5.5,1.4,5.0,6.5,1.36,5.1,7.0,1.4,5.0,6.5,,,,,,
D1,14/03/2026,14:30,Leverkusen,Bayern Munich,1,1,D,1.0,0.0,H,21.0,11.0,7.0,5.0,12.0,13.0,4.0,1.0,3.0,4.0,0.0,2.0,5.25,4.33,1.55,4.75,4.6,1.58,,,,,,,,,,,,,5.25,5.0,1.58,4.98,4.59,1.53,1.36,3.2,,,1.38,3.2,1.36,3.02,1.0,2.0,1.85,,,2.0,1.85,1.96,1.82,4.75,4.75,1.57,4.6,4.75,1.57,,,,,,,,,,,,,5.0,4.75,1.58,4.91,4.67,1.54,1.33,3.4,,,1.35,3.6,1.31,3.39,1.0,1.98,1.88,,,1.98,1.9,1.94,1.84,2025,Football-Data.co.uk,https://www.football-data.co.uk/mmz4281/2526/D1.csv,,,,,,,5.8,5.1,1.57,1.4,3.4,2.09,1.87,,,,,,,5.6,5.0,1.59,1.36,3.65,2.06,1.92,5.0,4.6,1.53,5.2,4.6,1.5,4.8,4.4,1.5,4.8,4.6,1.57,4.8,4.6,1.57,5.0,4.6,1.53,4.9,4.6,1.53,5.0,4.75,1.53,,,,,,
D1,14/03/2026,17:30,Hamburg,FC Koln,1,1,D,1.0,1.0,D,5.0,10.0,1.0,2.0,11.0,12.0,1.0,8.0,2.0,4.0,0.0,0.0,2.1,3.6,3.25,2.1,3.6,3.3,,,,,,,,,,,,,2.15,3.6,3.4,2.09,3.52,3.21,1.8,2.0,,,1.8,2.1,1.74,2.03,-0.25,1.85,2.0,,,1.85,2.0,1.82,1.95,2.3,3.5,2.9,2.35,3.4,2.95,,,,,,,,,,,,,2.42,3.5,2.95,2.32,3.44,2.88,1.8,2.0,,,1.8,2.1,1.77,2.01,-0.25,2.03,1.83,,,2.05,1.98,1.94,1.84,2025,Football-Data.co.uk,https://www.football-data.co.uk/mmz4281/2526/D1.csv,,,,,,,2.28,3.65,3.45,1.84,2.12,1.96,2.02,,,,,,,2.44,3.55,3.15,1.87,2.12,2.12,1.88,2.1,3.6,3.1,2.08,3.55,3.2,2.05,3.4,3.13,,,,,,,2.3,3.5,2.8,2.28,3.4,2.9,2.3,3.5,2.9,,,,,,
D1,15/03/2026,14:30,Werder Bremen,Mainz,0,2,A,0.0,1.0,A,16.0,11.0,3.0,2.0,7.0,7.0,9.0,4.0,2.0,1.0,0.0,0.0,2.2,3.5,3.2,2.25,3.5,3.1,,,,,,,,,,,,,2.25,3.6,3.2,2.2,3.46,3.05,1.73,2.1,,,1.78,2.1,1.73,2.03,-0.25,1.93,1.93,,,1.95,1.93,1.91,1.87,2.3,3.6,3.0,2.25,3.5,3.1,,,,,,,,,,,,,2.3,3.6,3.15,2.24,3.48,3.02,1.67,2.2,,,1.76,2.2,1.7,2.11,-0.25,2.0,1.85,,,2.0,1.86,1.94,1.83,2025,Football-Data.co.uk,https://www.football-data.co.uk/mmz4281/2526/D1.csv,,,,,,,2.3,3.65,3.3,1.8,2.18,1.99,1.98,,,,,,,2.34,3.6,3.3,1.78,2.24,2.03,1.95,2.2,3.6,2.88,2.23,3.4,3.05,2.1,3.4,3.0,2.25,3.5,3.1,2.25,3.4,3.1,2.25,3.5,2.88,2.16,3.4,3.15,2.25,3.6,2.9,,,,,,
D1,15/03/2026,16:30,Freiburg,Union Berlin,0,1,A,0.0,0.0,D,19.0,9.0,6.0,4.0,6.0,19.0,6.0,2.0,0.0,2.0,0.0,0.0,2.15,3.3,3.5,2.2,3.2,3.5,,,,,,,,,,,,,2.2,3.4,3.55,2.11,3.26,3.45,2.1,1.73,,,2.2,1.73,2.1,1.68,-0.25,1.85,2.0,,,1.85,2.0,1.8,1.97,1.9,3.6,4.0,1.9,3.5,4.0,,,,,,,,,,,,,1.95,3.6,4.2,1.89,3.54,3.94,1.8,2.0,,,1.88,2.0,1.81,1.95,-0.5,1.9,1.95,,,1.91,1.95,1.85,1.87,2025,Football-Data.co.uk,https://www.football-data.co.uk/mmz4281/2526/D1.csv,,,,,,,2.24,3.3,3.7,2.22,1.77,1.91,2.04,,,,,,,1.98,3.7,4.3,1.91,2.06,1.98,2.01,2.1,3.3,3.4,2.07,3.25,3.55,2.05,3.2,3.3,2.2,3.2,3.5,2.15,3.2,3.4,1.9,3.6,3.75,1.87,3.5,3.9,1.87,3.6,4.0,,,,,,
D1,15/03/2026,18:30,Stuttgart,RB Leipzig,1,0,H,0.0,0.0,D,13.0,9.0,4.0,4.0,5.0,16.0,5.0,6.0,1.0,2.0,0.0,0.0,2.3,3.9,2.7,2.25,3.9,2.8,,,,,,,,,,,,,2.42,4.0,2.8,2.26,3.85,2.69,1.36,3.2,,,1.4,3.2,1.36,3.02,-0.25,2.05,1.8,,,2.05,1.85,2.0,1.77,2.45,3.9,2.5,2.37,3.9,2.6,,,,,,,,,,,,,2.5,4.0,2.62,2.4,3.91,2.54,1.33,3.4,,,1.33,3.5,1.31,3.31,0.0,1.9,1.95,,,1.9,1.96,1.84,1.92,2025,Football-Data.co.uk,https://www.football-data.co.uk/mmz4281/2526/D1.csv,,,,,,,2.46,4.0,2.82,1.41,3.2,2.15,1.83,,,,,,,2.52,4.1,2.76,1.37,3.6,1.9,2.08,2.25,4.0,2.63,2.28,3.75,2.7,2.2,3.8,2.6,,,,,,,2.38,4.0,2.5,2.4,3.85,2.5,2.4,4.0,2.5,2.37,3.9,2.62,2.37,3.9,2.6
D1,20/03/2026,19:30,RB Leipzig,Hoffenheim,5,0,H,4.0,0.0,H,14.0,8.0,9.0,2.0,8.0,16.0,1.0,3.0,1.0,1.0,0.0,0.0,1.91,4.0,3.5,1.9,4.1,3.4,,,,,,,,,,,,,1.93,4.2,3.55,1.9,4.09,3.4,1.36,3.2,,,1.39,3.3,1.36,3.05,-0.5,1.95,1.9,,,1.95,1.93,1.85,1.86,1.91,4.1,3.5,1.93,4.1,3.4,,,,,,,,,,,,,1.95,4.1,3.6,1.9,3.98,3.45,1.4,3.0,,,1.43,3.1,1.4,2.89,-0.5,1.93,1.93,,,1.93,1.93,1.86,1.86,2025,Football-Data.co.uk,https://www.football-data.co.uk/mmz4281/2526/D1.csv,,,,,,,2.0,4.2,3.7,1.41,3.3,2.0,1.98,,,,,,,1.99,4.1,3.9,1.44,3.2,1.98,2.01,1.91,4.2,3.25,1.85,4.0,3.55,1.93,4.1,3.3,,,,,,,1.9,4.0,3.4,1.89,4.0,3.4,1.91,4.0,3.4,,,,,,
D1,21/03/2026,14:30,Bayern Munich,Union Berlin,4,0,H,2.0,0.0,H,31.0,5.0,9.0,1.0,5.0,8.0,12.0,1.0,1.0,2.0,0.0,0.0,1.17,8.0,13.0,1.17,8.0,11.5,,,,,,,,,,,,,1.2,8.5,16.0,1.16,7.61,13.38,1.33,3.4,,,1.35,3.45,1.31,3.26,-2.25,1.98,1.88,,,1.98,1.93,1.92,1.85,1.14,9.0,13.0,1.14,9.0,12.5,,,,,,,,,,,,,1.17,9.5,18.0,1.13,8.67,15.22,1.29,3.75,,,1.3,4.0,1.27,3.62,-2.25,1.88,1.98,,,1.88,1.98,1.84,1.93,2025,Football-Data.co.uk,https://www.football-data.co.uk/mmz4281/2526/D1.csv,,,,,,,1.18,9.8,17.0,1.35,3.65,2.03,1.9,,,,,,,1.16,10.0,21.0,1.3,4.2,1.92,2.06,1.17,7.0,13.0,1.13,8.0,16.0,1.13,7.0,13.0,1.2,8.0,11.0,1.2,8.0,11.0,1.14,7.5,15.0,1.09,9.5,18.0,1.13,8.5,17.0,1.17,9.0,13.0,1.17,9.0,12.0
D1,21/03/2026,14:30,FC Koln,M'gladbach,3,3,D,2.0,2.0,D,12.0,9.0,5.0,3.0,8.0,14.0,5.0,3.0,8.0,2.0,1.0,0.0,2.25,3.5,3.1,2.3,3.5,2.95,,,,,,,,,,,,,2.3,3.5,3.1,2.25,3.44,2.99,1.8,2.0,,,1.8,2.06,1.74,2.01,-0.25,1.98,1.88,,,1.98,1.88,1.93,1.83,2.38,3.4,3.0,2.3,3.4,3.0,,,,,,,,,,,,,2.38,3.4,3.2,2.3,3.36,3.0,1.91,1.91,,,1.94,1.91,1.87,1.87,-0.25,2.05,1.8,,,2.05,1.87,1.96,1.82,2025,Football-Data.co.uk,https://www.football-data.co.uk/mmz4281/2526/D1.csv,,,,,,,2.38,3.6,3.25,1.83,2.16,2.05,1.92,,,,,,,2.44,3.5,3.2,2.02,1.94,2.09,1.89,2.2,3.5,3.0,2.23,3.5,2.95,2.2,3.4,2.88,2.3,3.5,3.0,2.25,3.5,3.0,2.3,3.4,2.88,2.23,3.3,3.1,2.38,3.4,2.9,2.3,3.4,3.0,2.3,3.3,3.0
D1,21/03/2026,14:30,Heidenheim,Leverkusen,3,3,D,0.0,2.0,A,9.0,14.0,5.0,5.0,11.0,12.0,2.0,5.0,4.0,4.0,0.0,0.0,5.25,4.5,1.57,5.0,4.5,1.58,,,,,,,,,,,,,5.33,4.5,1.6,5.1,4.32,1.56,1.53,2.5,,,1.55,2.5,1.52,2.44,1.0,1.88,1.98,,,1.91,1.98,1.87,1.91,5.0,4.5,1.55,5.25,4.6,1.55,,,,,,,,,,,,,5.5,4.75,1.57,5.25,4.58,1.52,1.44,2.75,,,1.45,2.9,1.42,2.74,1.0,2.03,1.83,,,2.03,1.91,1.93,1.85,2025,Football-Data.co.uk,https://www.football-data.co.uk/mmz4281/2526/D1.csv,,,,,,,5.7,4.7,1.62,1.57,2.7,1.96,2.0,,,,,,,6.0,4.9,1.57,1.47,3.05,2.09,1.89,5.0,4.33,1.57,5.3,4.25,1.54,5.0,4.1,1.53,5.0,4.5,1.6,4.8,4.4,1.57,5.5,4.5,1.5,5.2,4.6,1.5,5.5,4.6,1.5,5.25,4.6,1.55,5.25,4.5,1.53
D1,21/03/2026,14:30,Wolfsburg,Werder Bremen,0,1,A,0.0,0.0,D,11.0,8.0,4.0,3.0,16.0,6.0,8.0,4.0,3.0,0.0,1.0,0.0,2.35,3.6,2.8,2.37,3.6,2.75,,,,,,,,,,,,,2.38,3.65,2.85,2.32,3.56,2.77,1.73,2.1,,,1.73,2.25,1.66,2.14,-0.25,2.05,1.8,,,2.14,1.83,2.04,1.75,2.3,3.7,2.88,2.35,3.5,2.87,,,,,,,,,,,,,2.4,3.7,2.88,2.34,3.58,2.8,1.62,2.3,,,1.66,2.3,1.62,2.22,0.0,1.7,2.1,,,1.83,2.1,1.72,2.05,2025,Football-Data.co.uk,https://www.football-data.co.uk/mmz4281/2526/D1.csv,,,,,,,2.46,3.7,3.0,1.77,2.24,2.13,1.84,,,,,,,2.48,3.75,2.98,1.71,2.4,1.82,2.19,2.3,3.6,2.75,2.28,3.65,2.75,2.25,3.4,2.75,2.37,3.6,2.75,2.37,3.6,2.75,2.38,3.6,2.63,2.33,3.5,2.8,2.3,3.6,2.88,2.3,3.5,2.87,2.3,3.5,2.87
D1,21/03/2026,17:30,Dortmund,Hamburg,3,2,H,0.0,2.0,A,24.0,4.0,8.0,4.0,10.0,8.0,11.0,3.0,2.0,3.0,0.0,0.0,1.4,5.0,7.0,1.41,5.25,6.5,,,,,,,,,,,,,1.41,5.25,7.5,1.38,4.88,6.96,1.53,2.5,,,1.55,2.5,1.52,2.46,-1.25,1.88,1.98,,,1.88,1.98,1.82,1.94,1.44,4.75,7.0,1.42,5.0,6.5,,,,,,,,,,,,,1.44,5.0,7.5,1.41,4.78,6.89,1.62,2.3,,,1.62,2.5,1.57,2.34,-1.25,1.95,1.9,,,1.95,1.98,1.85,1.92,2025,Football-Data.co.uk,https://www.football-data.co.uk/mmz4281/2526/D1.csv,,,,,,,1.43,5.3,8.2,1.59,2.66,1.88,2.08,,,,,,,1.47,5.0,8.2,1.62,2.56,2.05,1.94,1.36,5.0,7.0,1.36,4.8,7.5,1.36,4.6,6.5,,,,,,,1.4,4.6,7.0,1.38,4.75,6.75,1.4,4.8,7.0,1.44,5.0,6.5,1.4,5.0,6.5
D1,22/03/2026,14:30,Mainz,Ein Frankfurt,2,1,H,1.0,1.0,D,8.0,12.0,5.0,4.0,12.0,5.0,5.0,3.0,2.0,1.0,0.0,0.0,2.1,3.7,3.25,2.1,3.7,3.25,,,,,,,,,,,,,2.15,3.75,3.4,2.08,3.58,3.19,1.73,2.1,,,1.73,2.14,1.7,2.1,-0.25,1.85,2.0,,,1.86,2.0,1.81,1.96,2.15,3.6,3.25,2.2,3.5,3.2,,,,,,,,,,,,,2.2,3.6,3.4,2.15,3.51,3.18,1.8,2.0,,,1.8,2.1,1.76,2.02,-0.25,1.88,1.98,,,1.9,1.98,1.85,1.92,2025,Football-Data.co.uk,https://www.football-data.co.uk/mmz4281/2526/D1.csv,,,,,,,2.18,3.7,3.45,1.8,2.2,1.9,2.08,,,,,,,2.24,3.6,3.55,1.85,2.16,1.94,2.05,2.1,3.6,3.1,2.1,3.6,3.1,2.05,3.4,3.13,,,,,,,2.15,3.5,3.1,2.15,3.45,3.1,2.15,3.6,3.13,,,,,,
D1,22/03/2026,16:30,St Pauli,Freiburg,1,2,A,1.0,0.0,H,12.0,15.0,5.0,6.0,9.0,6.0,3.0,2.0,1.0,1.0,0.0,0.0,2.7,3.1,2.8,2.7,3.0,2.8,,,,,,,,,,,,,2.83,3.2,2.8,2.66,3.05,2.7,2.3,1.62,,,2.3,1.66,2.23,1.61,0.0,1.93,1.93,,,1.93,1.93,1.88,1.88,2.75,3.1,2.88,2.65,2.9,2.95,,,,,,,,,,,,,2.75,3.1,2.95,2.66,3.0,2.8,2.38,1.57,,,2.4,1.62,2.32,1.58,0.0,1.88,1.98,,,1.88,1.98,1.83,1.93,2025,Football-Data.co.uk,https://www.football-data.co.uk/mmz4281/2526/D1.csv,,,,,,,2.82,3.2,2.88,2.34,1.71,1.94,1.98,,,,,,,2.84,3.15,2.98,2.48,1.66,1.95,2.04,2.75,3.1,2.63,2.5,3.2,2.7,2.6,3.0,2.63,,,,,,,2.6,3.0,2.8,2.65,2.95,2.75,2.63,3.1,2.75,,,,,,
D1,22/03/2026,18:30,Augsburg,Stuttgart,2,5,A,0.0,3.0,A,13.0,13.0,7.0,8.0,11.0,14.0,2.0,5.0,1.0,3.0,0.0,0.0,3.5,3.8,2.0,3.4,3.8,2.0,,,,,,,,,,,,,3.5,4.0,2.0,3.36,3.75,1.97,1.57,2.38,,,1.6,2.38,1.56,2.34,0.5,1.85,2.0,,,1.85,2.0,1.79,1.92,3.5,3.8,2.0,3.25,3.7,2.05,,,,,,,,,,,,,3.75,3.8,2.05,3.37,3.74,1.99,1.57,2.38,,,1.57,2.5,1.55,2.39,0.5,1.85,2.0,,,1.85,2.0,1.79,1.94,2025,Football-Data.co.uk,https://www.football-data.co.uk/mmz4281/2526/D1.csv,,,,,,,3.65,3.9,2.08,1.65,2.48,1.89,2.08,,,,,,,3.75,3.9,2.08,1.62,2.6,1.89,2.1,3.25,3.75,2.0,3.45,3.7,1.94,3.3,3.6,1.93,,,,,,,3.25,3.75,2.0,3.3,3.65,1.98,3.3,3.8,2.0,,,,,,
D1,04/04/2026,14:30,Freiburg,Bayern Munich,2,3,A,0.0,0.0,D,13.0,21.0,4.0,9.0,9.0,13.0,5.0,8.0,3.0,3.0,0.0,0.0,6.5,5.5,1.4,6.25,5.5,1.41,,,,,,,,,,,,,7.5,5.5,1.41,6.66,5.26,1.37,1.36,3.2,,,1.38,3.2,1.36,3.03,1.5,1.83,2.03,,,1.83,2.03,1.77,1.95,5.25,4.75,1.53,5.0,4.75,1.55,,,,,,,,,,,,,6.0,4.75,1.55,5.43,4.61,1.5,1.44,2.75,,,1.48,2.88,1.44,2.71,1.25,1.73,2.08,,,1.83,2.08,1.73,2.04,2025,Football-Data.co.uk,https://www.football-data.co.uk/mmz4281/2526/D1.csv,,,,,,,7.4,5.8,1.44,1.4,3.35,1.85,2.13,,,,,,,5.9,4.9,1.58,1.5,2.96,1.81,2.18,7.0,5.5,1.36,7.5,5.2,1.33,6.5,5.0,1.33,,,,,,,5.5,4.6,1.5,5.8,4.6,1.45,5.5,4.6,1.5,,,,,,
D1,04/04/2026,14:30,Hamburg,Augsburg,1,1,D,0.0,1.0,A,18.0,18.0,4.0,3.0,12.0,12.0,9.0,2.0,2.0,3.0,1.0,0.0,2.25,3.5,3.2,2.25,3.5,3.0,,,,,,,,,,,,,2.3,3.5,3.2,2.22,3.41,3.07,1.8,2.0,,,1.83,2.0,1.78,1.98,-0.25,1.95,1.9,,,1.95,1.91,1.91,1.85,2.35,3.5,2.9,2.37,3.4,2.9,,,,,,,,,,,,,2.44,3.5,3.0,2.37,3.37,2.88,1.73,2.1,,,1.81,2.1,1.74,2.04,0.0,1.7,2.1,,,1.83,2.14,1.71,2.07,2025,Football-Data.co.uk,https://www.football-data.co.uk/mmz4281/2526/D1.csv,,,,,,,2.36,3.55,3.3,1.9,2.08,2.03,1.95,,,,,,,2.5,3.5,3.15,1.8,2.24,1.79,2.25,2.25,3.5,3.0,2.2,3.4,3.1,2.15,3.4,2.9,,,,,,,2.4,3.5,2.75,2.35,3.25,2.95,2.38,3.3,2.9,,,,,,
D1,04/04/2026,14:30,Hoffenheim,Mainz,1,2,A,1.0,1.0,D,16.0,9.0,5.0,5.0,11.0,5.0,7.0,3.0,4.0,1.0,0.0,0.0,1.7,4.0,4.75,1.72,4.0,4.5,,,,,,,,,,,,,1.72,4.33,4.75,1.67,4.05,4.41,1.57,2.38,,,1.57,2.5,1.53,2.42,-0.75,1.88,1.98,,,1.9,1.98,1.83,1.92,1.7,3.9,4.75,1.73,4.0,4.4,,,,,,,,,,,,,1.73,4.0,4.75,1.7,3.95,4.52,1.67,2.2,,,1.68,2.28,1.64,2.2,-0.75,1.88,1.98,,,1.9,1.98,1.85,1.91,2025,Football-Data.co.uk,https://www.football-data.co.uk/mmz4281/2526/D1.csv,,,,,,,1.74,4.4,5.0,1.6,2.6,1.92,2.06,,,,,,,1.78,4.1,5.0,1.73,2.34,1.98,2.0,1.7,4.2,4.33,1.66,4.0,4.5,1.62,3.9,4.33,,,,,,,1.73,4.0,4.33,1.7,3.9,4.35,1.67,4.0,4.6,,,,,,
D1,04/04/2026,14:30,Leverkusen,Wolfsburg,6,3,H,2.0,3.0,A,25.0,11.0,11.0,5.0,8.0,11.0,12.0,2.0,1.0,3.0,0.0,0.0,1.4,5.0,7.0,1.41,5.0,6.75,,,,,,,,,,,,,1.41,5.25,7.0,1.39,4.93,6.73,1.44,2.75,,,1.48,2.75,1.44,2.69,-1.25,1.85,2.0,,,1.85,2.0,1.81,1.94,1.45,4.75,6.25,1.46,5.0,6.0,,,,,,,,,,,,,1.47,5.2,7.5,1.42,4.88,6.39,1.5,2.63,,,1.5,2.8,1.46,2.65,-1.25,1.95,1.9,,,1.95,1.9,1.9,1.85,2025,Football-Data.co.uk,https://www.football-data.co.uk/mmz4281/2526/D1.csv,,,,,,,1.44,5.5,7.6,1.49,2.94,1.9,2.07,,,,,,,1.49,5.2,7.0,1.51,2.92,2.02,1.94,1.4,5.0,7.0,1.38,4.9,6.75,1.36,4.75,6.5,,,,,,,1.44,4.6,6.5,1.34,5.2,7.5,1.4,5.0,6.5,,,,,,
D1,04/04/2026,14:30,M'gladbach,Heidenheim,2,2,D,1.0,1.0,D,15.0,15.0,7.0,7.0,12.0,11.0,2.0,3.0,4.0,0.0,0.0,0.0,1.57,4.33,5.25,1.58,4.33,5.25,,,,,,,,,,,,,1.6,4.5,5.6,1.56,4.22,5.2,1.62,2.3,,,1.62,2.38,1.59,2.29,-1.0,1.98,1.88,,,1.98,1.9,1.91,1.85,1.57,4.2,5.25,1.61,4.2,5.0,,,,,,,,,,,,,1.62,4.33,5.25,1.59,4.22,5.05,1.62,2.3,,,1.62,2.43,1.58,2.33,-1.0,1.98,1.88,,,2.0,1.88,1.96,1.82,2025,Football-Data.co.uk,https://www.football-data.co.uk/mmz4281/2526/D1.csv,,,,,,,1.6,4.6,6.0,1.65,2.46,1.98,1.97,,,,,,,1.66,4.4,5.7,1.67,2.44,2.1,1.89,1.6,4.2,5.0,1.52,4.2,5.6,1.53,4.0,5.0,,,,,,,1.62,4.2,5.0,1.54,4.3,5.2,1.57,4.2,5.25,,,,,,
D1,04/04/2026,14:30,Werder Bremen,RB Leipzig,1,2,A,0.0,1.0,A,13.0,7.0,5.0,2.0,13.0,14.0,1.0,0.0,2.0,1.0,0.0,0.0,3.6,4.0,1.91,3.6,3.8,1.93,,,,,,,,,,,,,3.6,4.0,2.0,3.42,3.85,1.93,1.5,2.63,,,1.5,2.63,1.48,2.58,0.5,1.93,1.93,,,1.93,1.95,1.84,1.89,3.75,4.1,1.85,3.6,3.9,1.93,,,,,,,,,,,,,4.0,4.2,1.93,3.74,3.96,1.84,1.5,2.63,,,1.5,2.8,1.46,2.65,0.5,2.03,1.83,,,2.03,1.85,1.92,1.8,2025,Football-Data.co.uk,https://www.football-data.co.uk/mmz4281/2526/D1.csv,,,,,,,3.8,4.1,1.99,1.53,2.8,2.0,1.99,,,,,,,4.1,4.2,1.92,1.53,2.84,2.07,1.93,3.3,4.0,1.95,3.4,3.8,1.93,3.3,3.8,1.87,,,,,,,3.6,4.2,1.83,3.8,3.9,1.8,3.7,4.0,1.83,,,,,,
D1,04/04/2026,17:30,Stuttgart,Dortmund,0,2,A,0.0,0.0,D,13.0,5.0,3.0,3.0,10.0,12.0,5.0,2.0,2.0,4.0,0.0,0.0,2.3,3.9,2.8,2.3,3.8,2.75,,,,,,,,,,,,,2.38,4.0,2.8,2.28,3.86,2.68,1.44,2.75,,,1.44,2.88,1.42,2.75,-0.25,2.05,1.8,,,2.05,1.83,1.98,1.78,2.35,3.9,2.63,2.3,3.8,2.75,,,,,,,,,,,,,2.38,4.0,2.75,2.33,3.85,2.65,1.5,2.63,,,1.5,2.88,1.46,2.67,-0.25,2.08,1.73,,,2.08,1.83,2.03,1.74,2025,Football-Data.co.uk,https://www.football-data.co.uk/mmz4281/2526/D1.csv,,,,,,,2.4,4.1,2.88,1.47,3.0,2.11,1.88,,,,,,,2.48,4.0,2.84,1.54,2.84,2.17,1.84,2.3,4.0,2.63,2.32,3.8,2.63,2.2,3.75,2.63,,,,,,,2.3,4.0,2.63,2.38,3.8,2.55,2.38,3.8,2.63,,,,,,
D1,05/04/2026,14:30,Union Berlin,St Pauli,1,1,D,0.0,1.0,A,16.0,9.0,8.0,2.0,10.0,8.0,7.0,2.0,0.0,2.0,0.0,1.0,2.1,3.25,3.75,2.1,3.2,3.6,,,,,,,,,,,,,2.1,3.25,4.0,2.08,3.13,3.67,2.5,1.53,,,2.6,1.57,2.46,1.51,-0.25,1.8,2.05,,,1.83,2.05,1.76,2.0,2.1,3.2,3.75,2.05,3.2,3.9,,,,,,,,,,,,,2.1,3.25,4.2,2.04,3.18,3.85,2.3,1.62,,,2.4,1.63,2.3,1.59,-0.5,2.08,1.73,,,2.08,1.83,1.99,1.74,2025,Football-Data.co.uk,https://www.football-data.co.uk/mmz4281/2526/D1.csv,,,,,,,2.18,3.35,4.0,2.62,1.59,1.85,2.14,,,,,,,2.1,3.35,4.3,2.4,1.69,2.1,1.9,2.1,3.2,3.6,2.08,3.1,3.7,2.05,3.0,3.6,,,,,,,2.05,3.25,3.75,2.02,3.15,3.8,2.1,3.2,3.6,,,,,,
D1,05/04/2026,16:30,Ein Frankfurt,FC Koln,2,2,D,0.0,0.0,D,20.0,14.0,7.0,9.0,10.0,7.0,8.0,0.0,1.0,2.0,0.0,0.0,2.0,3.5,3.6,2.0,3.7,3.4,,,,,,,,,,,,,2.06,3.7,3.66,2.01,3.55,3.4,1.73,2.1,,,1.73,2.1,1.7,2.09,-0.25,1.73,2.08,,,1.83,2.08,1.74,2.01,1.91,3.9,3.6,1.9,3.75,3.75,,,,,,,,,,,,,1.95,3.9,3.85,1.9,3.7,3.72,1.62,2.3,,,1.68,2.3,1.64,2.21,-0.5,1.93,1.93,,,1.93,1.93,1.85,1.86,2025,Football-Data.co.uk,https://www.football-data.co.uk/mmz4281/2526/D1.csv,,,,,,,2.12,3.7,3.7,1.77,2.24,1.84,2.14,,,,,,,2.0,3.85,4.0,1.69,2.4,1.99,2.0,2.05,3.6,3.4,2.02,3.5,3.35,1.95,3.5,3.3,,,,,,,1.95,3.75,3.6,1.83,3.7,3.85,1.9,3.75,3.7,,,,,,
D1,10/04/2026,19:30,Augsburg,Hoffenheim,2,2,D,2.0,2.0,D,17.0,13.0,8.0,4.0,6.0,18.0,4.0,4.0,5.0,3.0,0.0,0.0,3.5,3.75,2.0,3.2,3.7,2.1,,,,,,,,,,,,,3.5,3.8,2.1,3.32,3.75,2.01,1.57,2.38,,,1.57,2.5,1.55,2.38,0.5,1.83,2.03,,,1.83,2.03,1.76,1.97,3.6,3.9,1.95,3.4,3.8,1.98,,,,,,,,,,,,,3.7,4.0,2.05,3.46,3.84,1.94,1.44,2.75,,,1.5,2.8,1.46,2.64,0.5,1.85,2.0,,,1.9,2.0,1.83,1.9,2025,Football-Data.co.uk,https://www.football-data.co.uk/mmz4281/2526/D1.csv,,,,,,,3.65,3.9,2.12,1.61,2.58,1.88,2.12,,,,,,,3.8,4.0,2.02,1.52,2.92,1.96,2.02,3.2,3.75,2.1,3.3,3.7,1.98,3.3,3.8,2.0,,,,,,,3.4,4.0,1.95,3.7,3.75,1.85,3.3,4.0,1.95,,,,,,
D1,11/04/2026,14:30,Dortmund,Leverkusen,0,1,A,0.0,1.0,A,14.0,11.0,1.0,4.0,5.0,6.0,5.0,5.0,3.0,0.0,0.0,0.0,1.95,3.8,3.6,1.98,3.75,3.5,,,,,,,,,,,,,2.0,4.0,3.6,1.95,3.8,3.42,1.53,2.5,,,1.53,2.63,1.51,2.46,-0.5,1.98,1.88,,,1.98,1.88,1.91,1.82,2.15,3.8,3.1,2.1,3.8,3.1,,,,,,,,,,,,,2.15,4.0,3.33,2.06,3.79,3.19,1.53,2.5,,,1.53,2.75,1.48,2.57,-0.5,2.1,1.7,,,2.1,1.81,2.0,1.73,2025,Football-Data.co.uk,https://www.football-data.co.uk/mmz4281/2526/D1.csv,,,,,,,2.06,4.0,3.7,1.58,2.66,2.04,1.94,,,,,,,2.14,3.9,3.5,1.54,2.8,2.16,1.84,1.95,4.0,3.4,1.9,3.85,3.45,1.91,3.7,3.25,2.0,3.75,3.5,1.95,3.75,3.5,2.1,3.75,3.1,2.0,3.7,3.3,2.1,3.9,3.0,,,,,,
D1,11/04/2026,14:30,Heidenheim,Union Berlin,3,1,H,2.0,0.0,H,7.0,10.0,3.0,3.0,7.0,13.0,3.0,5.0,0.0,2.0,0.0,0.0,2.9,3.6,2.3,2.95,3.5,2.25,,,,,,,,,,,,,3.1,3.6,2.33,2.93,3.5,2.25,1.9,1.95,,,1.91,1.95,1.84,1.91,0.25,1.83,2.03,,,1.85,2.03,1.8,1.97,2.7,3.4,2.55,2.65,3.4,2.6,,,,,,,,,,,,,3.1,3.5,2.6,2.74,3.39,2.47,1.88,1.98,,,1.91,1.98,1.83,1.91,0.0,2.0,1.85,,,2.0,1.85,1.96,1.81,2025,Football-Data.co.uk,https://www.football-data.co.uk/mmz4281/2526/D1.csv,,,,,,,3.1,3.65,2.46,1.95,2.0,1.87,2.12,,,,,,,2.94,3.5,2.64,1.93,2.06,2.09,1.89,3.0,3.5,2.25,2.95,3.6,2.18,2.8,3.3,2.25,3.0,3.5,2.3,3.0,3.5,2.25,2.75,3.4,2.5,2.7,3.4,2.45,2.7,3.4,2.5,,,,,,
D1,11/04/2026,14:30,RB Leipzig,M'gladbach,1,0,H,0.0,0.0,D,24.0,15.0,11.0,3.0,9.0,6.0,11.0,4.0,4.0,1.0,0.0,0.0,1.53,4.75,5.5,1.52,4.6,5.5,,,,,,,,,,,,,1.53,5.0,6.0,1.49,4.58,5.57,1.44,2.75,,,1.46,2.85,1.43,2.7,-1.25,2.03,1.78,,,2.03,1.83,1.99,1.78,1.48,5.0,5.75,1.47,5.0,5.75,,,,,,,,,,,,,1.5,5.0,6.5,1.46,4.73,5.94,1.5,2.63,,,1.5,2.75,1.47,2.61,-1.25,2.0,1.85,,,2.0,1.86,1.93,1.82,2025,Football-Data.co.uk,https://www.football-data.co.uk/mmz4281/2526/D1.csv,,,,,,,1.55,5.0,6.4,1.5,2.9,2.09,1.85,,,,,,,1.49,5.1,7.4,1.52,2.88,2.04,1.95,1.5,4.6,5.5,1.47,4.6,5.6,1.45,4.4,5.5,1.53,4.6,5.5,1.53,4.5,5.5,1.44,4.6,6.5,1.45,4.6,6.0,1.44,4.75,6.0,,,,,,
D1,11/04/2026,14:30,Wolfsburg,Ein Frankfurt,1,2,A,0.0,2.0,A,22.0,10.0,7.0,4.0,9.0,8.0,7.0,7.0,2.0,1.0,0.0,0.0,2.55,3.6,2.55,2.55,3.6,2.55,,,,,,,,,,,,,2.55,3.75,2.6,2.48,3.58,2.57,1.57,2.38,,,1.6,2.4,1.56,2.33,0.0,1.93,1.93,,,1.93,1.93,1.87,1.89,2.5,3.6,2.63,2.45,3.6,2.65,,,,,,,,,,,,,2.5,3.75,2.66,2.46,3.62,2.6,1.53,2.5,,,1.58,2.55,1.53,2.42,0.0,1.88,1.98,,,1.88,1.98,1.83,1.93,2025,Football-Data.co.uk,https://www.football-data.co.uk/mmz4281/2526/D1.csv,,,,,,,2.66,3.8,2.68,1.62,2.56,1.98,1.98,,,,,,,2.62,3.8,2.78,1.6,2.64,1.93,2.05,2.4,3.75,2.6,2.45,3.55,2.6,2.5,3.4,2.5,2.5,3.6,2.6,2.5,3.6,2.6,2.5,3.75,2.5,2.43,3.65,2.6,2.5,3.6,2.6,,,,,,
D1,11/04/2026,17:30,St Pauli,Bayern Munich,0,5,A,0.0,1.0,A,6.0,20.0,3.0,8.0,9.0,7.0,3.0,4.0,1.0,2.0,0.0,0.0,8.0,5.0,1.36,7.25,5.25,1.38,,,,,,,,,,,,,8.6,5.33,1.38,7.83,5.06,1.34,1.53,2.5,,,1.53,2.63,1.5,2.51,1.5,1.83,2.03,,,1.85,2.03,1.79,1.93,8.0,6.0,1.3,7.25,5.5,1.36,,,,,,,,,,,,,9.0,6.0,1.36,8.22,5.53,1.31,1.4,3.0,,,1.44,3.0,1.41,2.82,1.5,2.0,1.85,,,2.0,1.9,1.9,1.82,2025,Football-Data.co.uk,https://www.football-data.co.uk/mmz4281/2526/D1.csv,,,,,,,9.2,5.5,1.4,1.54,2.74,1.89,2.08,,,,,,,10.0,6.2,1.35,1.44,3.25,2.05,1.92,8.5,5.0,1.33,8.5,5.2,1.3,7.5,4.8,1.33,,,,,,,8.5,5.5,1.3,8.5,5.5,1.29,9.0,5.75,1.29,,,,,,
D1,12/04/2026,14:30,FC Koln,Werder Bremen,3,1,H,1.0,0.0,H,25.0,6.0,8.0,2.0,16.0,7.0,8.0,5.0,3.0,2.0,0.0,1.0,2.2,3.5,3.2,2.2,3.6,3.0,,,,,,,,,,,,,2.23,3.6,3.33,2.18,3.45,3.08,1.73,2.1,,,1.75,2.1,1.7,2.09,-0.25,1.93,1.93,,,1.93,1.93,1.88,1.88,2.35,3.4,3.0,2.3,3.4,3.0,,,,,,,,,,,,,2.38,3.6,3.1,2.29,3.38,3.01,1.8,2.0,,,1.8,2.1,1.74,2.04,-0.25,2.03,1.83,,,2.03,1.83,1.98,1.79,2025,Football-Data.co.uk,https://www.football-data.co.uk/mmz4281/2526/D1.csv,,,,,,,2.3,3.55,3.4,1.8,2.18,1.98,2.0,,,,,,,2.42,3.55,3.25,1.85,2.16,2.06,1.91,2.2,3.6,3.0,2.23,3.35,3.05,2.1,3.4,3.0,,,,,,,2.38,3.5,2.88,2.23,3.35,3.05,2.3,3.4,3.0,,,,,,
D1,12/04/2026,16:30,Stuttgart,Hamburg,4,0,H,2.0,0.0,H,23.0,9.0,11.0,5.0,10.0,14.0,8.0,2.0,2.0,1.0,0.0,0.0,1.4,4.75,7.0,1.42,5.0,6.5,,,,,,,,,,,,,1.42,5.0,7.0,1.39,4.88,6.75,1.44,2.75,,,1.44,2.75,1.44,2.7,-1.25,1.83,2.03,,,1.85,2.03,1.74,1.95,1.29,6.0,9.0,1.3,6.25,8.5,,,,,,,,,,,,,1.4,6.5,10.0,1.28,5.93,8.84,1.33,3.4,,,1.36,3.5,1.33,3.22,-1.75,1.93,1.93,,,1.93,1.93,1.87,1.89,2025,Football-Data.co.uk,https://www.football-data.co.uk/mmz4281/2526/D1.csv,,,,,,,1.42,5.5,8.2,1.48,2.92,1.84,2.16,,,,,,,1.33,6.4,10.5,1.37,3.6,2.02,1.96,1.4,5.0,7.0,1.37,5.0,7.0,1.36,4.75,6.5,,,,,,,1.29,6.0,9.0,1.25,6.0,9.5,1.25,6.5,9.5,,,,,,
D1,12/04/2026,18:30,Mainz,Freiburg,0,1,A,0.0,0.0,D,10.0,8.0,3.0,3.0,10.0,13.0,6.0,4.0,1.0,3.0,0.0,0.0,2.25,3.1,3.5,2.2,3.25,3.4,,,,,,,,,,,,,2.33,3.3,3.5,2.23,3.14,3.3,1.88,1.98,,,1.91,1.98,1.85,1.9,-0.25,1.95,1.9,,,1.95,1.9,1.91,1.85,2.25,3.0,3.5,2.2,3.25,3.4,,,,,,,,,,,,,2.25,3.3,3.6,2.2,3.2,3.37,1.91,1.91,,,1.91,1.95,1.86,1.89,-0.25,1.95,1.9,,,1.95,1.94,1.89,1.87,2025,Football-Data.co.uk,https://www.football-data.co.uk/mmz4281/2526/D1.csv,,,,,,,2.36,3.3,3.55,1.92,2.04,2.0,1.95,,,,,,,2.3,3.45,3.55,1.97,2.0,1.97,2.0,2.3,3.2,3.2,2.2,3.05,3.45,2.15,3.3,3.0,,,,,,,2.25,3.3,3.2,2.2,3.1,3.4,2.2,3.25,3.3,,,,,,
D1,17/04/2026,19:30,St Pauli,FC Koln,1,1,D,0.0,0.0,D,14.0,10.0,6.0,1.0,6.0,2.0,8.0,5.0,4.0,1.0,0.0,0.0,2.88,3.3,2.45,2.9,3.3,2.4,,,,,,,,,,,,,2.9,3.3,3.0,2.82,3.24,2.49,2.03,1.83,,,2.08,1.83,2.0,1.78,0.0,2.1,1.78,,,2.1,1.78,2.04,1.74,2.88,3.25,2.45,2.85,3.3,2.45,,,,,,,,,,,,,2.9,3.4,3.0,2.82,3.25,2.48,2.1,1.73,,,2.1,1.83,2.0,1.78,0.0,2.1,1.78,,,2.1,1.78,2.04,1.73,2025,Football-Data.co.uk,https://www.football-data.co.uk/mmz4281/2526/D1.csv,,,,,,,3.05,3.45,2.58,2.08,1.9,2.17,1.83,,,,,,,3.1,3.35,2.6,2.14,1.86,2.2,1.82,2.88,3.3,2.4,2.88,3.15,2.43,2.8,3.3,2.45,,,,,,,2.8,3.4,2.4,2.88,3.2,2.38,2.88,3.3,2.4,,,,,,
D1,18/04/2026,14:30,Hoffenheim,Dortmund,2,1,H,1.0,0.0,H,13.0,8.0,4.0,3.0,14.0,11.0,4.0,3.0,2.0,3.0,0.0,0.0,2.5,4.0,2.5,2.6,3.75,2.45,,,,,,,,,,,,,2.63,4.0,2.5,2.53,3.8,2.42,1.5,2.63,,,1.5,2.63,1.47,2.58,0.0,1.93,1.93,,,1.95,1.93,1.9,1.85,2.15,3.9,3.0,2.15,3.9,3.0,,,,,,,,,,,,,2.63,3.9,3.0,2.19,3.82,2.89,1.44,2.75,,,1.48,2.8,1.44,2.67,-0.25,1.93,1.93,,,1.93,1.93,1.88,1.87,2025,Football-Data.co.uk,https://www.football-data.co.uk/mmz4281/2526/D1.csv,,,,,,,2.64,4.0,2.66,1.54,2.8,1.98,1.99,,,,,,,2.28,4.0,3.15,1.52,2.92,2.0,1.99,2.5,4.0,2.4,2.6,3.7,2.4,2.45,3.6,2.4,,,,,,,2.2,3.75,2.88,2.2,3.75,2.8,2.15,3.9,2.88,2.15,3.9,3.0,2.1,3.9,3.0
D1,18/04/2026,14:30,Leverkusen,Augsburg,1,2,A,1.0,1.0,D,35.0,11.0,10.0,5.0,5.0,8.0,11.0,4.0,2.0,1.0,0.0,0.0,1.4,5.0,7.0,1.42,4.8,6.75,,,,,,,,,,,,,1.44,5.0,7.0,1.4,4.86,6.64,1.44,2.75,,,1.46,2.8,1.44,2.68,-1.25,1.85,2.0,,,1.86,2.0,1.81,1.93,1.38,5.25,7.0,1.4,5.25,6.5,,,,,,,,,,,,,1.44,5.5,7.0,1.38,5.2,6.74,1.44,2.75,,,1.44,3.1,1.39,2.9,-1.5,2.0,1.85,,,2.0,1.85,1.95,1.77,2025,Football-Data.co.uk,https://www.football-data.co.uk/mmz4281/2526/D1.csv,,,,,,,1.43,5.5,7.6,1.48,2.96,1.89,2.08,,,,,,,1.42,5.6,8.0,1.44,3.15,2.08,1.87,1.4,5.0,7.0,1.4,4.8,6.75,1.36,4.75,6.5,,,,,,,1.36,5.5,7.0,1.37,5.1,6.75,1.36,5.25,7.0,1.4,5.25,6.5,1.4,5.25,6.5
D1,18/04/2026,14:30,Union Berlin,Wolfsburg,1,2,A,0.0,1.0,A,25.0,5.0,7.0,4.0,13.0,15.0,11.0,4.0,1.0,1.0,0.0,0.0,2.15,3.6,3.25,2.15,3.5,3.25,,,,,,,,,,,,,2.2,3.66,3.25,2.14,3.46,3.18,1.91,1.91,,,1.91,1.95,1.84,1.91,-0.25,1.88,1.98,,,1.9,1.98,1.83,1.91,2.15,3.75,3.2,2.15,3.6,3.1,,,,,,,,,,,,,2.2,3.75,3.25,2.14,3.56,3.15,1.73,2.1,,,1.79,2.15,1.73,2.04,-0.25,1.88,1.98,,,1.9,1.98,1.84,1.91,2025,Football-Data.co.uk,https://www.football-data.co.uk/mmz4281/2526/D1.csv,,,,,,,2.24,3.7,3.45,1.92,2.06,1.94,2.04,,,,,,,2.24,3.75,3.45,1.81,2.2,1.95,2.04,2.2,3.5,3.1,2.12,3.4,3.2,2.1,3.3,3.13,,,,,,,2.1,3.6,3.25,2.12,3.45,3.2,2.15,3.6,3.13,2.15,3.6,3.1,2.15,3.6,3.1
D1,18/04/2026,14:30,Werder Bremen,Hamburg,3,1,H,1.0,1.0,D,18.0,11.0,10.0,3.0,14.0,14.0,7.0,3.0,4.0,3.0,0.0,1.0,1.95,3.6,3.75,2.0,3.75,3.5,,,,,,,,,,,,,2.05,3.75,3.8,1.97,3.55,3.55,1.73,2.1,,,1.73,2.1,1.7,2.09,-0.5,2.0,1.85,,,2.0,1.86,1.93,1.79,1.75,3.75,4.5,1.8,3.8,4.1,,,,,,,,,,,,,2.05,4.0,4.65,1.79,3.78,4.18,1.73,2.1,,,1.73,2.2,1.68,2.12,-0.5,1.78,2.03,,,1.78,2.05,1.74,1.99,2025,Football-Data.co.uk,https://www.football-data.co.uk/mmz4281/2526/D1.csv,,,,,,,2.02,3.8,4.0,1.78,2.22,2.02,1.94,,,,,,,1.88,3.9,4.7,1.76,2.28,1.88,2.13,2.0,3.6,3.5,1.98,3.55,3.4,1.93,3.5,3.4,,,,,,,1.8,4.0,4.0,1.78,3.75,4.1,1.75,3.9,4.2,1.8,3.8,4.2,1.8,3.8,4.0
D1,18/04/2026,17:30,Ein Frankfurt,RB Leipzig,1,3,A,1.0,1.0,D,16.0,19.0,5.0,8.0,7.0,7.0,4.0,6.0,0.0,1.0,0.0,0.0,3.4,4.0,2.0,3.25,3.9,2.05,,,,,,,,,,,,,3.4,4.0,2.05,3.28,3.91,1.97,1.44,2.75,,,1.45,2.75,1.43,2.71,0.5,1.85,2.0,,,1.85,2.0,1.79,1.92,2.9,3.9,2.2,2.8,4.0,2.2,,,,,,,,,,,,,3.1,4.0,2.28,2.9,3.89,2.16,1.36,3.2,,,1.4,3.2,1.37,3.01,0.25,1.88,1.98,,,1.9,1.98,1.84,1.91,2025,Football-Data.co.uk,https://www.football-data.co.uk/mmz4281/2526/D1.csv,,,,,,,3.6,4.2,2.04,1.49,2.94,1.93,2.04,,,,,,,3.15,4.0,2.3,1.42,3.3,1.97,2.01,3.2,4.0,2.0,3.4,3.85,1.91,3.2,3.8,1.91,,,,,,,2.88,4.0,2.15,2.95,3.85,2.08,2.8,4.0,2.2,,,,,,
D1,19/04/2026,14:30,Freiburg,Heidenheim,2,1,H,1.0,0.0,H,17.0,13.0,4.0,2.0,10.0,9.0,5.0,4.0,1.0,0.0,0.0,0.0,1.67,4.1,4.75,1.66,4.1,4.75,,,,,,,,,,,,,1.67,4.2,5.0,1.65,4.05,4.63,1.62,2.3,,,1.62,2.3,1.6,2.25,-0.75,1.85,2.0,,,1.85,2.0,1.8,1.94,1.65,4.2,5.0,1.63,4.2,4.75,,,,,,,,,,,,,1.67,4.2,5.0,1.62,4.12,4.87,1.62,2.3,,,1.63,2.4,1.58,2.32,-0.75,1.8,2.05,,,1.8,2.05,1.76,2.0,2025,Football-Data.co.uk,https://www.football-data.co.uk/mmz4281/2526/D1.csv,,,,,,,1.74,4.3,4.9,1.66,2.46,1.93,2.04,,,,,,,1.69,4.3,5.5,1.64,2.54,1.85,2.14,1.67,4.0,4.6,1.64,3.95,4.7,1.62,3.9,4.5,,,,,,,1.67,4.0,4.6,1.6,4.1,4.8,1.62,4.1,4.8,,,,,,
D1,19/04/2026,16:30,Bayern Munich,Stuttgart,4,2,H,3.0,1.0,H,28.0,11.0,9.0,7.0,6.0,3.0,11.0,3.0,0.0,0.0,0.0,0.0,1.4,5.5,6.5,1.42,5.25,6.5,,,,,,,,,,,,,1.42,5.66,7.0,1.37,5.39,6.44,1.25,4.0,,,1.25,4.2,1.23,3.99,-1.5,2.0,1.85,,,2.0,1.9,1.88,1.83,1.5,5.25,5.25,1.5,5.25,5.0,,,,,,,,,,,,,1.5,5.33,7.0,1.46,5.16,5.45,1.22,4.33,,,1.25,4.5,1.22,4.14,-1.25,1.98,1.88,,,1.98,1.88,1.9,1.84,2025,Football-Data.co.uk,https://www.football-data.co.uk/mmz4281/2526/D1.csv,,,,,,,1.45,5.8,6.8,1.27,4.4,2.02,1.91,,,,,,,1.52,5.4,6.2,1.26,4.7,1.99,1.98,1.36,5.5,7.0,1.32,5.6,7.0,1.36,5.0,6.0,,,,,,,1.44,5.0,6.0,1.43,5.1,5.5,1.45,5.25,5.5,,,,,,
D1,19/04/2026,18:30,M'gladbach,Mainz,1,1,D,1.0,0.0,H,9.0,17.0,4.0,7.0,12.0,8.0,0.0,6.0,5.0,2.0,0.0,0.0,2.35,3.5,2.9,2.45,3.4,2.75,,,,,,,,,,,,,2.45,3.5,2.9,2.39,3.4,2.79,1.9,1.95,,,1.91,1.95,1.84,1.91,0.0,1.7,2.1,,,1.8,2.1,1.71,2.03,2.2,3.5,3.2,2.25,3.4,3.1,,,,,,,,,,,,,2.38,3.6,3.2,2.22,3.48,3.04,1.8,2.0,,,1.87,2.05,1.79,1.98,-0.25,1.93,1.93,,,1.93,1.93,1.89,1.85,2025,Football-Data.co.uk,https://www.football-data.co.uk/mmz4281/2526/D1.csv,,,,,,,2.48,3.55,3.1,1.95,2.02,1.78,2.23,,,,,,,2.36,3.6,3.3,1.86,2.12,2.04,1.95,2.4,3.5,2.8,2.38,3.35,2.8,2.3,3.25,2.8,,,,,,,2.2,3.6,3.0,2.16,3.5,3.05,2.2,3.4,3.13,,,,,,
