Div,Date,Time,HomeTeam,AwayTeam,FTHG,FTAG,FTR,HTHG,HTAG,HTR,HS,AS,HST,AST,HF,AF,HC,AC,HY,AY,HR,AR,B365H,B365D,B365A,BWH,BWD,BWA,IWH,IWD,IWA,PSH,PSD,PSA,WHH,WHD,WHA,VCH,VCD,VCA,MaxH,MaxD,MaxA,AvgH,AvgD,AvgA,B365>2.5,B365<2.5,P>2.5,P<2.5,Max>2.5,Max<2.5,Avg>2.5,Avg<2.5,AHh,B365AHH,B365AHA,PAHH,PAHA,MaxAHH,MaxAHA,AvgAHH,AvgAHA,B365CH,B365CD,B365CA,BWCH,BWCD,BWCA,IWCH,IWCD,IWCA,PSCH,PSCD,PSCA,WHCH,WHCD,WHCA,VCCH,VCCD,VCCA,MaxCH,MaxCD,MaxCA,AvgCH,AvgCD,AvgCA,B365C>2.5,B365C<2.5,PC>2.5,PC<2.5,MaxC>2.5,MaxC<2.5,AvgC>2.5,AvgC<2.5,AHCh,B365CAHH,B365CAHA,PCAHH,PCAHA,MaxCAHH,MaxCAHA,AvgCAHH,AvgCAHA,season_id,source_name,source_url,BFH,BFD,BFA,1XBH,1XBD,1XBA,BFEH,BFED,BFEA,BFE>2.5,BFE<2.5,BFEAHH,BFEAHA,BFCH,BFCD,BFCA,1XBCH,1XBCD,1XBCA,BFECH,BFECD,BFECA,BFEC>2.5,BFEC<2.5,BFECAHH,BFECAHA,BFDH,BFDD,BFDA,BMGMH,BMGMD,BMGMA,BVH,BVD,BVA,CLH,CLD,CLA,LBH,LBD,LBA,BFDCH,BFDCD,BFDCA,BMGMCH,BMGMCD,BMGMCA,BVCH,BVCD,BVCA,CLCH,CLCD,CLCA,LBCH,LBCD,LBCA,match_date,home_team_norm,away_team_norm,opening_odds_source,opening_home_odds,opening_draw_odds,opening_away_odds,closing_odds_source,closing_home_odds,closing_draw_odds,closing_away_odds,benchmark_odds_source,benchmark_home_odds,benchmark_draw_odds,benchmark_away_odds,benchmark_stage,benchmark_home_prob_raw,benchmark_draw_prob_raw,benchmark_away_prob_raw,benchmark_overround,benchmark_home_prob,benchmark_draw_prob,benchmark_away_prob,benchmark_home_not_lose_prob,benchmark_away_not_lose_prob,benchmark_no_draw_prob,benchmark_home_not_lose_fair_odds,benchmark_away_not_lose_fair_odds,benchmark_no_draw_fair_odds,benchmark_pred_1x2,benchmark_pred_home_win_binary
D1,2023-08-18,19:30,Werder Bremen,Bayern Munich,0,4,A,0.0,1.0,A,6.0,25.0,1.0,10.0,16.0,11.0,0.0,6.0,2.0,1.0,0.0,0.0,7.5,6.5,1.3,8.0,6.0,1.31,7.0,5.25,1.4,8.59,6.36,1.33,8.0,5.5,1.22,9.0,6.0,1.3,9.5,6.5,1.4,8.5,6.09,1.32,1.33,3.4,1.35,3.41,1.37,3.55,1.33,3.34,1.75,1.87,2.06,1.84,2.07,,,1.84,2.01,8.5,6.0,1.3,8.5,6.0,1.3,7.0,5.25,1.4,8.8,6.3,1.31,8.0,5.5,1.22,9.5,6.0,1.29,9.5,6.5,1.4,8.69,6.05,1.31,1.36,3.2,1.34,3.38,1.4,3.58,1.34,3.29,1.75,1.85,2.08,1.88,2.03,1.92,2.09,1.85,2.0,2023,Football-Data.co.uk,https://www.football-data.co.uk/mmz4281/2324/D1.csv,,,,,,,,,,,,,,,,,,,,,,,,,,,,,,,,,,,,,,,,,,,,,,,,,,,,,,,,,2023-08-18,werder bremen,bayern munich,market_average_open,8.5,6.09,1.32,market_average_close,8.69,6.05,1.31,market_average_close,8.69,6.05,1.31,closing,0.11507479861910243,0.1652892561983471,0.7633587786259541,1.0437228334434037,0.11025417374405119,0.1583650859232735,0.7313807403326753,0.2686192596673247,0.8897458262559488,0.8416349140767265,3.7227412555542894,1.1239164832140893,1.1881636363636363,A,0
D1,2023-08-19,14:30,Augsburg,M'gladbach,4,4,D,3.0,3.0,D,20.0,9.0,8.0,6.0,9.0,14.0,8.0,7.0,1.0,2.0,0.0,0.0,2.7,3.6,2.45,2.7,3.5,2.45,2.75,3.6,2.45,2.74,3.78,2.51,2.5,3.4,2.3,2.7,3.7,2.45,2.8,3.88,2.54,2.72,3.69,2.47,1.62,2.3,1.63,2.39,1.66,2.43,1.61,2.34,0.0,2.03,1.87,2.04,1.87,2.07,1.9,2.02,1.84,2.8,3.6,2.38,2.75,3.6,2.4,2.75,3.65,2.45,2.92,3.72,2.43,2.5,3.4,2.3,2.75,3.75,2.38,2.92,3.87,2.51,2.79,3.67,2.42,1.62,2.3,1.67,2.33,1.67,2.4,1.62,2.31,0.25,1.82,2.11,1.83,2.11,1.83,2.18,1.77,2.09,2023,Football-Data.co.uk,https://www.football-data.co.uk/mmz4281/2324/D1.csv,,,,,,,,,,,,,,,,,,,,,,,,,,,,,,,,,,,,,,,,,,,,,,,,,,,,,,,,,2023-08-19,augsburg,borussia m gladbach,market_average_open,2.72,3.69,2.47,market_average_close,2.79,3.67,2.42,market_average_close,2.79,3.67,2.42,closing,0.35842293906810035,0.2724795640326976,0.4132231404958678,1.0441256435966657,0.3432756788095468,0.26096434438109967,0.39575997680935354,0.6042400231906464,0.6567243211904532,0.7390356556189004,1.654971470972034,1.5227089476255216,1.353114687223794,A,0
D1,2023-08-19,14:30,Hoffenheim,Freiburg,1,2,A,0.0,2.0,A,24.0,17.0,5.0,8.0,9.0,9.0,4.0,2.0,0.0,1.0,0.0,0.0,2.3,3.6,2.9,2.25,3.5,3.1,2.3,3.55,2.95,2.43,3.67,2.92,2.1,3.4,2.8,2.38,3.6,2.88,2.5,3.85,3.1,2.35,3.63,2.94,1.67,2.2,1.67,2.3,1.71,2.32,1.66,2.24,-0.25,2.06,1.84,2.11,1.82,2.11,1.88,2.03,1.82,2.15,3.6,3.1,2.2,3.6,3.1,2.25,3.6,3.0,2.2,3.74,3.32,2.1,3.4,2.8,2.15,3.75,3.13,2.3,3.87,3.32,2.2,3.68,3.15,1.67,2.2,1.69,2.28,1.7,2.36,1.65,2.26,-0.25,1.91,2.02,1.92,2.01,1.98,2.02,1.91,1.95,2023,Football-Data.co.uk,https://www.football-data.co.uk/mmz4281/2324/D1.csv,,,,,,,,,,,,,,,,,,,,,,,,,,,,,,,,,,,,,,,,,,,,,,,,,,,,,,,,,2023-08-19,hoffenheim,freiburg,market_average_open,2.35,3.63,2.94,market_average_close,2.2,3.68,3.15,market_average_close,2.2,3.68,3.15,closing,0.45454545454545453,0.2717391304347826,0.31746031746031744,1.0437449024405545,0.4354947779697949,0.26035013900368176,0.30415508302652344,0.6958449169734766,0.5645052220302051,0.7396498609963184,1.437101824856927,1.771462797817117,1.351991060544494,H,0
D1,2023-08-19,14:30,Leverkusen,RB Leipzig,3,2,H,2.0,1.0,H,11.0,13.0,7.0,6.0,13.0,10.0,4.0,5.0,1.0,2.0,0.0,0.0,2.45,3.6,2.75,2.45,3.6,2.7,2.5,3.55,2.7,2.5,3.61,2.85,2.3,3.25,2.6,2.45,3.6,2.75,2.56,3.75,2.91,2.47,3.62,2.78,1.67,2.2,1.7,2.24,1.77,2.28,1.68,2.2,0.0,1.83,2.07,1.83,2.09,1.89,2.11,1.82,2.05,2.38,3.6,2.8,2.37,3.5,2.8,2.5,3.6,2.7,2.48,3.63,2.98,2.3,3.25,2.6,2.4,3.6,2.8,2.5,3.78,2.99,2.44,3.6,2.81,1.67,2.2,1.74,2.2,1.75,2.32,1.68,2.19,-0.25,2.11,1.82,2.14,1.84,2.14,1.84,2.09,1.78,2023,Football-Data.co.uk,https://www.football-data.co.uk/mmz4281/2324/D1.csv,,,,,,,,,,,,,,,,,,,,,,,,,,,,,,,,,,,,,,,,,,,,,,,,,,,,,,,,,2023-08-19,bayer leverkusen,rasenballsport leipzig,market_average_open,2.47,3.62,2.78,market_average_close,2.44,3.6,2.81,market_average_close,2.44,3.6,2.81,closing,0.4098360655737705,0.2777777777777778,0.35587188612099646,1.0434857294725448,0.39275675171996083,0.2662017983879735,0.34104144989206564,0.6589585501079342,0.6072432482800392,0.7337982016120265,1.5175461337229859,1.6467865271987927,1.3627724867724869,H,0
D1,2023-08-19,14:30,Stuttgart,Bochum,5,0,H,2.0,0.0,H,19.0,4.0,9.0,1.0,5.0,12.0,7.0,0.0,1.0,1.0,0.0,0.0,1.65,4.33,4.5,1.68,4.0,4.75,1.7,4.1,4.5,1.7,4.25,4.78,1.57,3.9,4.33,1.7,4.1,4.6,1.77,4.4,5.0,1.69,4.17,4.69,1.62,2.3,1.66,2.32,1.71,2.38,1.64,2.29,-0.75,1.88,2.02,1.89,2.01,1.95,2.04,1.86,1.98,1.73,4.2,4.2,1.77,3.9,4.2,1.77,4.1,4.2,1.78,4.16,4.52,1.67,3.6,4.0,1.73,4.1,4.33,1.85,4.2,4.52,1.76,4.02,4.32,1.62,2.3,1.67,2.33,1.7,2.35,1.64,2.26,-0.75,1.98,1.95,1.99,1.93,2.06,1.96,1.95,1.89,2023,Football-Data.co.uk,https://www.football-data.co.uk/mmz4281/2324/D1.csv,,,,,,,,,,,,,,,,,,,,,,,,,,,,,,,,,,,,,,,,,,,,,,,,,,,,,,,,,2023-08-19,vfb stuttgart,bochum,market_average_open,1.69,4.17,4.69,market_average_close,1.76,4.02,4.32,market_average_close,1.76,4.02,4.32,closing,0.5681818181818182,0.24875621890547267,0.23148148148148145,1.0484195185687724,0.5419412822049131,0.2372678250449371,0.22079089275014976,0.7792091072498502,0.4580587177950869,0.7627321749550628,1.283352556708958,2.183126226291694,1.3110761979575807,H,1
D1,2023-08-19,14:30,Wolfsburg,Heidenheim,2,0,H,2.0,0.0,H,18.0,13.0,8.0,1.0,10.0,9.0,1.0,7.0,3.0,0.0,0.0,0.0,1.6,4.2,5.25,1.61,4.2,5.25,1.63,4.2,5.25,1.62,4.49,5.24,1.5,4.0,4.75,1.6,4.4,5.0,1.66,4.6,5.5,1.62,4.31,5.19,1.62,2.3,1.63,2.39,1.66,2.44,1.61,2.34,-1.0,2.03,1.87,2.03,1.88,2.07,1.88,2.01,1.84,1.62,4.2,5.0,1.65,4.1,4.8,1.65,4.2,4.9,1.66,4.42,5.16,1.5,4.0,4.75,1.62,4.33,5.0,1.69,4.5,5.25,1.64,4.28,5.03,1.57,2.38,1.6,2.49,1.67,2.49,1.59,2.39,-1.0,2.13,1.81,2.1,1.82,2.14,1.85,2.07,1.8,2023,Football-Data.co.uk,https://www.football-data.co.uk/mmz4281/2324/D1.csv,,,,,,,,,,,,,,,,,,,,,,,,,,,,,,,,,,,,,,,,,,,,,,,,,,,,,,,,,2023-08-19,wolfsburg,fc heidenheim,market_average_open,1.62,4.31,5.19,market_average_close,1.64,4.28,5.03,market_average_close,1.64,4.28,5.03,closing,0.6097560975609756,0.2336448598130841,0.19880715705765406,1.042208114431714,0.5850617444995216,0.22418253761196624,0.190755717888512,0.8092442821114879,0.41493825550047825,0.7758174623880336,1.2357208102734942,2.4099971182311184,1.2889629951379453,H,1
D1,2023-08-19,17:30,Dortmund,FC Koln,1,0,H,0.0,0.0,D,12.0,11.0,2.0,4.0,13.0,11.0,6.0,3.0,1.0,0.0,0.0,0.0,1.4,5.0,7.0,1.41,5.0,7.0,1.43,4.9,7.0,1.41,5.42,7.25,1.33,4.75,6.0,1.4,5.25,7.0,1.44,5.6,8.0,1.4,5.21,7.24,1.44,2.75,1.43,2.91,1.45,3.0,1.43,2.83,-1.25,1.83,2.07,1.85,2.07,1.87,2.09,1.82,2.03,1.45,5.0,6.0,1.47,4.8,5.75,1.47,5.0,6.0,1.51,4.98,6.21,1.36,4.5,5.8,1.44,5.0,6.5,1.53,5.3,7.0,1.46,4.95,6.33,1.44,2.75,1.47,2.81,1.5,2.93,1.46,2.73,-1.25,2.06,1.87,2.06,1.87,2.06,1.95,1.96,1.89,2023,Football-Data.co.uk,https://www.football-data.co.uk/mmz4281/2324/D1.csv,,,,,,,,,,,,,,,,,,,,,,,,,,,,,,,,,,,,,,,,,,,,,,,,,,,,,,,,,2023-08-19,dortmund,fc cologne,market_average_open,1.4,5.21,7.24,market_average_close,1.46,4.95,6.33,market_average_close,1.46,4.95,6.33,closing,0.684931506849315,0.20202020202020202,0.1579778830963665,1.0449295919658836,0.6554810124199044,0.19333379356223443,0.15118519401786107,0.8488148059821389,0.34451898758009547,0.8066662064377654,1.1781132856688676,2.9025976391722534,1.239670128758704,H,1
D1,2023-08-20,14:30,Union Berlin,Mainz,4,1,H,2.0,0.0,H,12.0,9.0,7.0,3.0,15.0,16.0,3.0,1.0,1.0,5.0,0.0,0.0,1.95,3.5,3.9,1.98,3.4,4.0,1.97,3.45,3.85,2.02,3.5,4.02,1.85,3.3,3.6,2.0,3.5,3.8,2.06,3.63,4.1,2.01,3.45,3.92,2.1,1.73,2.14,1.76,2.16,1.82,2.1,1.75,-0.5,2.02,1.88,2.02,1.88,2.05,1.91,2.01,1.85,2.15,3.4,3.5,2.2,3.2,3.4,2.15,3.35,3.5,2.24,3.29,3.68,1.95,3.1,3.4,1.93,3.4,3.7,2.25,3.5,3.93,2.15,3.32,3.61,2.2,1.67,2.27,1.7,2.31,1.84,2.19,1.7,-0.25,1.91,2.02,1.9,2.02,1.93,2.12,1.84,2.02,2023,Football-Data.co.uk,https://www.football-data.co.uk/mmz4281/2324/D1.csv,,,,,,,,,,,,,,,,,,,,,,,,,,,,,,,,,,,,,,,,,,,,,,,,,,,,,,,,,2023-08-20,union berlin,mainz 05,market_average_open,2.01,3.45,3.92,market_average_close,2.15,3.32,3.61,market_average_close,2.15,3.32,3.61,closing,0.46511627906976744,0.30120481927710846,0.2770083102493075,1.0433294085961835,0.44580002752494907,0.28869580095742187,0.26550417151762895,0.7344958284823709,0.5541999724750508,0.711304199042578,1.3614781203948003,1.8044028323098091,1.4058682647255691,H,0
D1,2023-08-20,16:30,Ein Frankfurt,Darmstadt,1,0,H,1.0,0.0,H,10.0,11.0,4.0,2.0,9.0,14.0,7.0,3.0,2.0,3.0,0.0,0.0,1.36,5.25,7.5,1.38,4.8,8.0,1.4,4.9,7.5,1.4,5.42,7.44,1.3,4.5,7.5,1.36,5.0,8.5,1.43,5.6,8.5,1.39,5.12,7.82,1.67,2.2,1.69,2.26,1.71,2.33,1.67,2.23,-1.25,1.86,2.04,1.87,2.04,1.9,2.05,1.85,2.0,1.45,5.0,5.75,1.49,4.5,6.0,1.5,4.5,6.0,1.49,4.78,6.68,1.35,4.33,6.5,1.4,4.75,7.5,1.52,5.16,7.5,1.48,4.69,6.5,1.67,2.2,1.67,2.32,1.69,2.45,1.62,2.31,-1.25,2.11,1.82,2.09,1.85,2.13,1.89,2.04,1.82,2023,Football-Data.co.uk,https://www.football-data.co.uk/mmz4281/2324/D1.csv,,,,,,,,,,,,,,,,,,,,,,,,,,,,,,,,,,,,,,,,,,,,,,,,,,,,,,,,,2023-08-20,eintracht frankfurt,darmstadt,market_average_open,1.39,5.12,7.82,market_average_close,1.48,4.69,6.5,market_average_close,1.48,4.69,6.5,closing,0.6756756756756757,0.21321961620469082,0.15384615384615385,1.0427414457265205,0.6479800706539528,0.2044798517202239,0.1475400776258231,0.8524599223741767,0.352019929346047,0.7955201482797759,1.1730756763495827,2.840748254957371,1.2570391864522716,H,1
D1,2023-08-25,19:30,RB Leipzig,Stuttgart,5,1,H,0.0,1.0,A,20.0,8.0,11.0,3.0,12.0,10.0,4.0,4.0,1.0,1.0,0.0,0.0,1.5,4.75,5.75,,,,1.5,4.7,6.0,1.53,4.69,6.14,1.4,4.33,5.5,1.5,4.75,5.75,1.56,5.0,6.71,1.51,4.71,6.09,1.53,2.5,1.56,2.55,1.57,2.63,1.54,2.49,-1.0,1.83,2.1,1.86,2.07,1.86,2.16,1.81,2.06,1.62,4.33,4.75,,,,1.55,4.4,5.75,1.64,4.33,5.33,1.4,4.33,5.5,1.6,4.4,5.0,1.65,4.8,6.0,1.58,4.43,5.4,1.62,2.3,1.64,2.38,1.67,2.7,1.58,2.4,-1.0,2.1,1.83,2.08,1.85,2.14,2.07,1.97,1.89,2023,Football-Data.co.uk,https://www.football-data.co.uk/mmz4281/2324/D1.csv,,,,,,,,,,,,,,,,,,,,,,,,,,,,,,,,,,,,,,,,,,,,,,,,,,,,,,,,,2023-08-25,rasenballsport leipzig,vfb stuttgart,market_average_open,1.51,4.71,6.09,market_average_close,1.58,4.43,5.4,market_average_close,1.58,4.43,5.4,closing,0.6329113924050632,0.22573363431151244,0.18518518518518517,1.0438302119017608,0.606335575641136,0.21625512630090185,0.17740929805796204,0.8225907019420379,0.3936644243588639,0.7837448736990981,1.215671411844457,2.540234621476493,1.2759254108804907,H,1
D1,2023-08-26,14:30,Bochum,Dortmund,1,1,D,1.0,0.0,H,17.0,13.0,6.0,3.0,21.0,7.0,5.0,4.0,2.0,1.0,0.0,0.0,7.0,5.0,1.4,,,,6.25,5.25,1.45,6.63,5.36,1.44,6.5,4.6,1.33,6.5,5.5,1.4,7.0,5.75,1.46,6.72,5.29,1.42,1.36,3.2,1.38,3.18,1.39,3.3,1.36,3.17,1.5,1.84,2.06,1.79,2.12,1.86,2.12,1.81,2.05,5.75,4.33,1.57,,,,5.75,4.9,1.5,5.62,4.72,1.57,5.5,4.4,1.4,5.75,5.0,1.5,6.5,5.25,1.58,5.75,4.78,1.52,1.5,2.63,1.51,2.71,1.52,3.13,1.46,2.76,1.0,1.99,1.94,2.01,1.92,2.2,1.94,2.04,1.83,2023,Football-Data.co.uk,https://www.football-data.co.uk/mmz4281/2324/D1.csv,,,,,,,,,,,,,,,,,,,,,,,,,,,,,,,,,,,,,,,,,,,,,,,,,,,,,,,,,2023-08-26,bochum,dortmund,market_average_open,6.72,5.29,1.42,market_average_close,5.75,4.78,1.52,market_average_close,5.75,4.78,1.52,closing,0.17391304347826086,0.20920502092050208,0.6578947368421053,1.0410128012408681,0.16706138797809184,0.2009629667100477,0.6319756453118606,0.36802435468813954,0.8329386120219082,0.7990370332899523,2.7172114759834054,1.200568668046929,1.251506448809517,A,0
D1,2023-08-26,14:30,Darmstadt,Union Berlin,1,4,A,1.0,3.0,A,18.0,12.0,6.0,6.0,15.0,12.0,3.0,5.0,2.0,2.0,0.0,1.0,4.0,3.3,1.95,,,,3.9,3.4,2.0,3.94,3.42,2.08,3.6,3.25,1.85,3.9,3.4,2.0,4.2,3.63,2.1,3.88,3.44,2.03,2.1,1.73,2.15,1.76,2.17,1.82,2.08,1.77,0.5,1.85,2.05,1.84,2.08,1.93,2.08,1.84,2.02,4.0,3.4,1.95,,,,3.9,3.4,2.0,4.17,3.42,2.04,3.6,3.25,1.85,3.8,3.5,2.0,4.21,3.5,2.07,3.98,3.41,2.02,2.2,1.67,2.24,1.71,2.28,1.77,2.19,1.7,0.5,1.91,2.02,1.89,2.04,1.91,2.05,1.85,2.03,2023,Football-Data.co.uk,https://www.football-data.co.uk/mmz4281/2324/D1.csv,,,,,,,,,,,,,,,,,,,,,,,,,,,,,,,,,,,,,,,,,,,,,,,,,,,,,,,,,2023-08-26,darmstadt,union berlin,market_average_open,3.88,3.44,2.03,market_average_close,3.98,3.41,2.02,market_average_close,3.98,3.41,2.02,closing,0.25125628140703515,0.29325513196480935,0.49504950495049505,1.0395609183223395,0.24169462027537228,0.2820951873008744,0.47621019242375334,0.5237898075762467,0.7583053797246277,0.7179048126991256,1.9091627701335763,1.318729929574206,1.3929423264907135,A,0
D1,2023-08-26,14:30,FC Koln,Wolfsburg,1,2,A,0.0,0.0,D,14.0,9.0,2.0,6.0,6.0,10.0,6.0,1.0,1.0,5.0,0.0,0.0,2.3,3.4,3.0,,,,2.4,3.4,2.95,2.41,3.53,3.04,2.1,3.3,2.88,2.38,3.6,2.9,2.42,3.73,3.1,2.36,3.56,2.98,1.73,2.1,1.79,2.1,1.82,2.2,1.75,2.09,-0.25,2.05,1.85,2.08,1.84,2.08,1.89,2.02,1.83,2.15,3.4,3.4,,,,2.2,3.45,3.3,2.19,3.61,3.47,2.1,3.3,2.88,2.2,3.6,3.13,2.25,3.81,3.47,2.16,3.64,3.32,1.73,2.1,1.81,2.11,1.81,2.25,1.71,2.18,-0.25,1.89,2.04,1.89,2.04,1.95,2.06,1.86,1.99,2023,Football-Data.co.uk,https://www.football-data.co.uk/mmz4281/2324/D1.csv,,,,,,,,,,,,,,,,,,,,,,,,,,,,,,,,,,,,,,,,,,,,,,,,,,,,,,,,,2023-08-26,fc cologne,wolfsburg,market_average_open,2.36,3.56,2.98,market_average_close,2.16,3.64,3.32,market_average_close,2.16,3.64,3.32,closing,0.4629629629629629,0.2747252747252747,0.30120481927710846,1.038893056965346,0.4456310106790961,0.2644403799634197,0.28992860935748427,0.7100713906425158,0.554368989320904,0.7355596200365804,1.4083090984628168,1.8038527032779905,1.3595091040346514,H,0
D1,2023-08-26,14:30,Freiburg,Werder Bremen,1,0,H,0.0,0.0,D,23.0,16.0,6.0,2.0,9.0,8.0,5.0,5.0,2.0,2.0,0.0,0.0,1.7,3.75,4.75,,,,1.75,3.85,4.5,1.72,4.15,4.76,1.6,3.7,4.4,1.67,4.1,4.75,1.76,4.24,5.0,1.71,4.06,4.75,1.67,2.2,1.67,2.3,1.73,2.31,1.68,2.22,-0.75,1.92,1.98,1.93,1.98,1.94,2.0,1.89,1.96,1.73,4.0,4.5,,,,1.75,3.9,4.5,1.77,4.1,4.67,1.62,3.6,4.2,1.73,4.0,4.6,1.8,4.2,4.99,1.75,4.03,4.54,1.62,2.3,1.65,2.38,1.66,2.42,1.62,2.33,-0.75,1.98,1.95,1.97,1.95,2.0,2.01,1.93,1.92,2023,Football-Data.co.uk,https://www.football-data.co.uk/mmz4281/2324/D1.csv,,,,,,,,,,,,,,,,,,,,,,,,,,,,,,,,,,,,,,,,,,,,,,,,,,,,,,,,,2023-08-26,freiburg,werder bremen,market_average_open,1.71,4.06,4.75,market_average_close,1.75,4.03,4.54,market_average_close,1.75,4.03,4.54,closing,0.5714285714285714,0.24813895781637715,0.22026431718061673,1.0398318464255654,0.5495394023493934,0.23863373551152317,0.21182686213908336,0.7881731378609165,0.45046059765060653,0.7613662644884767,1.2687567641723705,2.2199499916652776,1.313428302043103,H,1
D1,2023-08-26,14:30,Heidenheim,Hoffenheim,2,3,A,1.0,0.0,H,19.0,16.0,9.0,6.0,13.0,9.0,10.0,6.0,1.0,5.0,0.0,0.0,3.0,3.6,2.25,,,,3.0,3.65,2.25,2.96,3.81,2.34,2.8,3.3,2.15,2.9,3.7,2.3,3.1,3.92,2.36,2.98,3.73,2.3,1.67,2.2,1.66,2.31,1.71,2.34,1.67,2.25,0.25,1.88,2.02,1.87,2.05,1.92,2.05,1.86,1.98,3.1,3.75,2.15,,,,3.0,3.8,2.2,3.15,3.83,2.26,2.8,3.3,2.15,2.9,3.8,2.25,3.37,3.9,2.3,3.07,3.75,2.21,1.57,2.38,1.59,2.5,1.63,2.53,1.56,2.42,0.25,1.94,1.99,1.95,1.97,1.99,2.0,1.92,1.92,2023,Football-Data.co.uk,https://www.football-data.co.uk/mmz4281/2324/D1.csv,,,,,,,,,,,,,,,,,,,,,,,,,,,,,,,,,,,,,,,,,,,,,,,,,,,,,,,,,2023-08-26,fc heidenheim,hoffenheim,market_average_open,2.98,3.73,2.3,market_average_close,3.07,3.75,2.21,market_average_close,3.07,3.75,2.21,closing,0.32573289902280134,0.26666666666666666,0.45248868778280543,1.0448882534722734,0.31173945916260104,0.25521070390111605,0.4330498369362829,0.566950163063717,0.688260540837399,0.744789296098884,1.76382346306445,1.4529381544717224,1.342661616161616,A,0
D1,2023-08-26,17:30,M'gladbach,Leverkusen,0,3,A,0.0,2.0,A,13.0,24.0,2.0,10.0,7.0,8.0,5.0,8.0,2.0,3.0,0.0,0.0,3.8,3.8,1.85,,,,3.7,3.8,1.95,3.73,4.2,1.91,3.3,3.7,1.8,3.4,4.1,1.95,3.9,4.35,1.95,3.68,4.1,1.91,1.5,2.63,1.51,2.68,1.52,2.72,1.49,2.63,0.5,1.99,1.91,2.0,1.91,2.0,1.95,1.95,1.9,4.2,3.8,1.8,,,,4.2,3.8,1.83,4.35,4.08,1.81,3.4,3.7,1.75,3.8,4.1,1.75,4.58,4.3,1.86,4.28,4.05,1.79,1.62,2.3,1.63,2.43,1.63,2.58,1.59,2.4,0.75,1.89,2.04,1.88,2.04,1.94,2.06,1.88,1.98,2023,Football-Data.co.uk,https://www.football-data.co.uk/mmz4281/2324/D1.csv,,,,,,,,,,,,,,,,,,,,,,,,,,,,,,,,,,,,,,,,,,,,,,,,,,,,,,,,,2023-08-26,borussia m gladbach,bayer leverkusen,market_average_open,3.68,4.1,1.91,market_average_close,4.28,4.05,1.79,market_average_close,4.28,4.05,1.79,closing,0.2336448598130841,0.2469135802469136,0.5586592178770949,1.0392176579370926,0.22482764609377665,0.23759563587194177,0.5375767180342815,0.4624232819657184,0.7751723539062233,0.7624043641280582,2.1625208742714963,1.2900356868518756,1.3116399210852807,A,0
D1,2023-08-27,14:30,Mainz,Ein Frankfurt,1,1,D,1.0,0.0,H,13.0,8.0,7.0,2.0,23.0,12.0,5.0,4.0,3.0,4.0,0.0,1.0,2.38,3.5,2.88,,,,2.5,3.45,2.8,2.39,3.74,2.92,2.38,3.25,2.5,2.38,3.6,2.88,2.51,3.78,2.96,2.43,3.63,2.83,1.73,2.1,1.74,2.18,1.78,2.25,1.71,2.17,-0.25,2.09,1.81,2.09,1.83,2.14,1.86,2.07,1.79,2.7,3.25,2.63,,,,2.5,3.4,2.8,2.82,3.4,2.68,2.38,3.25,2.5,2.5,3.4,2.8,2.83,3.52,2.9,2.59,3.4,2.77,2.04,1.86,2.04,1.88,2.09,2.09,1.94,1.9,0.0,2.02,1.91,2.02,1.91,2.02,2.11,1.88,1.99,2023,Football-Data.co.uk,https://www.football-data.co.uk/mmz4281/2324/D1.csv,,,,,,,,,,,,,,,,,,,,,,,,,,,,,,,,,,,,,,,,,,,,,,,,,,,,,,,,,2023-08-27,mainz 05,eintracht frankfurt,market_average_open,2.43,3.63,2.83,market_average_close,2.59,3.4,2.77,market_average_close,2.59,3.4,2.77,closing,0.3861003861003861,0.29411764705882354,0.36101083032490977,1.0412288634841194,0.3708122197154928,0.2824716614891548,0.34671611879535247,0.6532838812046475,0.6291877802845073,0.7175283385108453,1.5307281088215619,1.5893506379730042,1.3936731782265144,H,0
D1,2023-08-27,16:30,Bayern Munich,Augsburg,3,1,H,2.0,0.0,H,19.0,11.0,6.0,2.0,13.0,8.0,10.0,4.0,1.0,2.0,0.0,0.0,1.08,12.0,19.0,,,,1.1,10.0,21.0,1.09,14.24,22.48,1.04,9.5,17.0,1.07,13.0,26.0,1.11,17.0,34.0,1.08,12.99,24.71,1.2,4.5,,,1.21,5.4,1.19,4.78,-3.0,2.0,1.8,2.05,1.81,2.1,1.87,2.02,1.82,1.09,12.0,19.0,,,,1.12,9.0,21.0,1.11,11.5,23.0,1.04,9.5,17.0,1.09,11.5,20.0,1.12,13.4,29.0,1.1,12.01,22.35,1.17,5.0,,,1.19,5.8,1.16,5.18,-3.0,2.0,1.8,2.06,1.82,2.14,1.9,2.04,1.82,2023,Football-Data.co.uk,https://www.football-data.co.uk/mmz4281/2324/D1.csv,,,,,,,,,,,,,,,,,,,,,,,,,,,,,,,,,,,,,,,,,,,,,,,,,,,,,,,,,2023-08-27,bayern munich,augsburg,market_average_open,1.08,12.99,24.71,market_average_close,1.1,12.01,22.35,market_average_close,1.1,12.01,22.35,closing,0.9090909090909091,0.08326394671107411,0.04474272930648769,1.0370975851084707,0.8765721973943529,0.08028554680547778,0.04314225580016949,0.9568577441998307,0.12342780260564727,0.9197144531945224,1.045087429204272,8.101902317705576,1.0872939927459169,H,1
D1,2023-09-01,19:30,Dortmund,Heidenheim,2,2,D,2.0,0.0,H,20.0,15.0,9.0,6.0,9.0,22.0,3.0,6.0,3.0,3.0,0.0,0.0,1.25,7.0,9.5,1.25,6.75,10.0,1.3,6.0,8.5,1.26,7.07,10.23,1.18,5.8,9.5,1.25,6.5,10.0,1.3,7.5,11.1,1.25,6.82,10.4,1.33,3.4,1.33,3.44,1.37,3.6,1.33,3.34,-1.75,1.84,2.09,1.87,2.04,1.91,2.09,1.85,2.01,1.25,7.0,9.0,1.25,6.75,9.75,1.27,6.25,9.0,1.27,7.05,9.9,1.18,5.8,9.5,1.25,6.5,10.0,1.27,7.25,11.0,1.25,6.76,9.89,1.29,3.75,1.32,3.51,1.32,3.8,1.29,3.6,-1.75,1.89,2.04,1.86,2.05,1.9,2.11,1.82,2.02,2023,Football-Data.co.uk,https://www.football-data.co.uk/mmz4281/2324/D1.csv,,,,,,,,,,,,,,,,,,,,,,,,,,,,,,,,,,,,,,,,,,,,,,,,,,,,,,,,,2023-09-01,dortmund,fc heidenheim,market_average_open,1.25,6.82,10.4,market_average_close,1.25,6.76,9.89,market_average_close,1.25,6.76,9.89,closing,0.8,0.14792899408284024,0.10111223458038422,1.0490412286632245,0.7626011048387741,0.14101351790657804,0.09638537725464788,0.9036146227453521,0.23739889516122592,0.858986482093422,1.1066664646946625,4.21231951951952,1.1641626740887892,H,1
D1,2023-09-02,14:30,Augsburg,Bochum,2,2,D,1.0,1.0,D,11.0,22.0,3.0,9.0,15.0,13.0,3.0,5.0,2.0,2.0,0.0,0.0,2.0,3.75,3.75,1.95,3.75,3.6,2.0,3.7,3.5,2.09,3.67,3.61,1.83,3.5,3.4,2.05,3.7,3.4,2.11,3.85,3.75,2.03,3.7,3.56,1.73,2.1,1.76,2.15,1.8,2.2,1.73,2.14,-0.5,2.05,1.88,2.09,1.83,2.09,1.88,2.02,1.83,2.2,3.6,3.2,2.2,3.6,3.0,2.25,3.6,3.1,2.25,3.68,3.26,2.05,3.4,2.9,2.15,3.75,3.13,2.29,3.75,3.45,2.22,3.63,3.17,1.67,2.2,1.74,2.2,1.83,2.25,1.74,2.13,-0.25,1.96,1.97,1.95,1.97,1.97,2.01,1.92,1.92,2023,Football-Data.co.uk,https://www.football-data.co.uk/mmz4281/2324/D1.csv,,,,,,,,,,,,,,,,,,,,,,,,,,,,,,,,,,,,,,,,,,,,,,,,,,,,,,,,,2023-09-02,augsburg,bochum,market_average_open,2.03,3.7,3.56,market_average_close,2.22,3.63,3.17,market_average_close,2.22,3.63,3.17,closing,0.4504504504504504,0.27548209366391185,0.31545741324921134,1.0413899573635736,0.43254733470911283,0.26453308073119297,0.30291958455969414,0.6970804154403059,0.5674526652908871,0.735466919268807,1.4345547197282214,1.7622615262321146,1.35968046121529,H,0
D1,2023-09-02,14:30,Hoffenheim,Wolfsburg,3,1,H,1.0,1.0,D,11.0,14.0,5.0,7.0,12.0,15.0,3.0,3.0,2.0,2.0,0.0,0.0,2.5,3.6,2.63,2.45,3.7,2.6,2.5,3.65,2.65,2.48,3.86,2.73,2.15,3.6,2.6,2.45,3.75,2.7,2.55,3.98,2.76,2.47,3.77,2.67,1.53,2.5,1.56,2.55,1.57,2.57,1.53,2.51,0.0,1.89,2.04,1.86,2.05,1.89,2.05,1.86,2.0,2.5,3.75,2.55,2.5,3.75,2.55,2.55,3.8,2.55,2.58,3.97,2.62,2.25,3.4,2.6,2.55,3.8,2.55,2.73,3.97,2.65,2.55,3.81,2.58,1.44,2.75,1.48,2.78,1.55,2.88,1.48,2.69,0.0,1.96,1.97,1.94,1.98,2.01,2.0,1.92,1.94,2023,Football-Data.co.uk,https://www.football-data.co.uk/mmz4281/2324/D1.csv,,,,,,,,,,,,,,,,,,,,,,,,,,,,,,,,,,,,,,,,,,,,,,,,,,,,,,,,,2023-09-02,hoffenheim,wolfsburg,market_average_open,2.47,3.77,2.67,market_average_close,2.55,3.81,2.58,market_average_close,2.55,3.81,2.58,closing,0.3921568627450981,0.26246719160104987,0.38759689922480617,1.0422209535709541,0.37627036896682403,0.2518344989148035,0.3718951321183725,0.6281048678816274,0.6237296310331759,0.7481655010851965,1.5920908293111014,1.603258768296051,1.3366026615094166,H,0
D1,2023-09-02,14:30,Leverkusen,Darmstadt,5,1,H,1.0,1.0,D,24.0,5.0,13.0,1.0,8.0,11.0,4.0,2.0,3.0,2.0,0.0,0.0,1.2,7.0,12.0,1.22,6.75,12.5,1.2,7.0,13.0,1.2,7.79,13.72,1.14,6.0,12.0,1.18,7.0,15.0,1.22,8.3,16.0,1.2,7.3,13.64,1.4,3.0,1.4,3.0,1.44,3.02,1.41,2.9,-2.0,1.98,1.95,1.93,1.96,2.07,2.05,1.91,1.93,1.22,6.5,11.0,1.23,6.5,12.0,1.25,6.5,11.0,1.22,7.25,13.0,1.17,6.0,10.0,1.2,7.0,13.0,1.26,7.3,15.0,1.22,6.78,12.53,1.44,2.75,1.45,2.86,1.53,2.93,1.46,2.74,-2.0,2.0,1.8,2.09,1.83,2.15,1.89,2.07,1.79,2023,Football-Data.co.uk,https://www.football-data.co.uk/mmz4281/2324/D1.csv,,,,,,,,,,,,,,,,,,,,,,,,,,,,,,,,,,,,,,,,,,,,,,,,,,,,,,,,,2023-09-02,bayer leverkusen,darmstadt,market_average_open,1.2,7.3,13.64,market_average_close,1.22,6.78,12.53,market_average_close,1.22,6.78,12.53,closing,0.819672131147541,0.14749262536873156,0.07980845969672785,1.0469732162130003,0.7828969437368909,0.1408752612623904,0.07622779500071883,0.9237722049992813,0.21710305626310922,0.8591247387376097,1.0825179569034318,4.606107427562377,1.1639753285063017,H,1
D1,2023-09-02,14:30,Stuttgart,Freiburg,5,0,H,3.0,0.0,H,13.0,11.0,6.0,5.0,9.0,10.0,2.0,4.0,1.0,1.0,0.0,0.0,2.2,3.5,3.2,2.15,3.6,3.1,2.25,3.55,3.1,2.18,3.79,3.28,1.95,3.3,3.2,2.2,3.6,3.13,2.26,3.87,3.35,2.18,3.68,3.2,1.73,2.1,1.74,2.18,1.79,2.3,1.72,2.15,-0.25,1.93,2.0,1.9,2.01,1.95,2.03,1.89,1.96,2.25,3.5,3.1,2.2,3.6,3.0,2.3,3.5,3.05,2.35,3.64,3.11,2.05,3.4,2.88,2.25,3.75,2.9,2.42,3.83,3.3,2.26,3.66,3.06,1.73,2.1,1.78,2.15,1.87,2.25,1.74,2.14,-0.25,2.04,1.89,2.03,1.89,2.08,1.94,1.97,1.88,2023,Football-Data.co.uk,https://www.football-data.co.uk/mmz4281/2324/D1.csv,,,,,,,,,,,,,,,,,,,,,,,,,,,,,,,,,,,,,,,,,,,,,,,,,,,,,,,,,2023-09-02,vfb stuttgart,freiburg,market_average_open,2.18,3.68,3.2,market_average_close,2.26,3.66,3.06,market_average_close,2.26,3.66,3.06,closing,0.4424778761061947,0.27322404371584696,0.32679738562091504,1.0424993054429568,0.4244394924735095,0.26208558824866973,0.31347491927782073,0.6865250807221792,0.5755605075264905,0.7379144117513302,1.4566110227874935,1.737436788874842,1.3551707136694195,H,0
D1,2023-09-02,14:30,Werder Bremen,Mainz,4,0,H,1.0,0.0,H,12.0,12.0,6.0,3.0,18.0,14.0,1.0,7.0,2.0,2.0,0.0,0.0,2.63,3.5,2.55,2.6,3.6,2.5,2.6,3.55,2.6,2.76,3.55,2.61,2.5,3.4,2.3,2.7,3.6,2.5,2.82,3.75,2.63,2.7,3.57,2.55,1.73,2.1,1.79,2.11,1.79,2.2,1.74,2.12,0.0,2.02,1.91,2.01,1.89,2.02,1.91,1.99,1.87,2.6,3.4,2.6,2.65,3.5,2.55,2.65,3.5,2.6,2.73,3.51,2.7,2.5,3.4,2.3,2.63,3.6,2.55,2.86,3.6,2.7,2.67,3.48,2.59,1.8,2.0,1.85,2.06,1.92,2.13,1.8,2.02,0.0,1.97,1.96,1.97,1.95,2.01,1.96,1.96,1.9,2023,Football-Data.co.uk,https://www.football-data.co.uk/mmz4281/2324/D1.csv,,,,,,,,,,,,,,,,,,,,,,,,,,,,,,,,,,,,,,,,,,,,,,,,,,,,,,,,,2023-09-02,werder bremen,mainz 05,market_average_open,2.7,3.57,2.55,market_average_close,2.67,3.48,2.59,market_average_close,2.67,3.48,2.59,closing,0.37453183520599254,0.28735632183908044,0.3861003861003861,1.047988543145459,0.3573816122854391,0.2741979611500351,0.36842042656452595,0.6315795734354741,0.642618387714561,0.7258020388499651,1.5833317638195687,1.5561334986950002,1.377786154451291,A,0
D1,2023-09-02,17:30,M'gladbach,Bayern Munich,1,2,A,1.0,0.0,H,8.0,25.0,3.0,9.0,5.0,20.0,1.0,15.0,0.0,2.0,0.0,0.0,8.5,5.75,1.3,7.75,6.25,1.31,8.0,5.0,1.37,7.93,6.61,1.31,6.5,5.0,1.3,8.5,6.5,1.29,9.5,7.0,1.37,8.28,6.34,1.31,1.25,4.0,,,1.25,4.42,1.24,4.09,1.75,1.96,1.97,1.94,1.94,1.99,1.97,1.92,1.92,11.0,6.5,1.25,10.0,6.75,1.24,11.0,5.25,1.3,10.0,7.2,1.26,8.5,6.5,1.18,10.0,7.0,1.25,11.0,7.5,1.3,10.03,6.87,1.25,1.25,4.0,,,1.27,4.5,1.23,4.13,2.0,1.96,1.97,1.93,1.97,1.96,2.1,1.88,1.98,2023,Football-Data.co.uk,https://www.football-data.co.uk/mmz4281/2324/D1.csv,,,,,,,,,,,,,,,,,,,,,,,,,,,,,,,,,,,,,,,,,,,,,,,,,,,,,,,,,2023-09-02,borussia m gladbach,bayern munich,market_average_open,8.28,6.34,1.31,market_average_close,10.03,6.87,1.25,market_average_close,10.03,6.87,1.25,closing,0.09970089730807578,0.14556040756914118,0.8,1.045261304877217,0.09538370629704625,0.13925743437545468,0.765358859327499,0.23464114067250091,0.9046162937029537,0.8607425656245453,4.261827218934912,1.1054410659646676,1.161787554068981,A,0
D1,2023-09-03,14:30,Ein Frankfurt,FC Koln,1,1,D,0.0,1.0,A,12.0,6.0,4.0,2.0,10.0,10.0,8.0,1.0,1.0,3.0,0.0,0.0,2.1,3.4,3.5,2.1,3.4,3.4,2.15,3.45,3.4,2.18,3.49,3.54,2.0,3.2,3.2,2.1,3.5,3.5,2.21,3.66,3.6,2.13,3.49,3.49,1.97,1.93,1.98,1.91,1.99,1.95,1.94,1.89,-0.25,1.87,2.06,1.88,2.04,1.88,2.1,1.82,2.02,2.15,3.4,3.4,2.15,3.3,3.4,2.15,3.35,3.45,2.17,3.48,3.66,2.05,3.1,3.2,2.15,3.4,3.4,2.35,3.54,3.75,2.17,3.38,3.46,2.09,1.81,2.0,1.91,2.13,1.91,2.01,1.82,-0.25,1.9,2.03,1.86,2.07,2.0,2.07,1.85,2.0,2023,Football-Data.co.uk,https://www.football-data.co.uk/mmz4281/2324/D1.csv,,,,,,,,,,,,,,,,,,,,,,,,,,,,,,,,,,,,,,,,,,,,,,,,,,,,,,,,,2023-09-03,eintracht frankfurt,fc cologne,market_average_open,2.13,3.49,3.49,market_average_close,2.17,3.38,3.46,market_average_close,2.17,3.38,3.46,closing,0.4608294930875576,0.2958579881656805,0.28901734104046245,1.0457048222937004,0.4406879295791632,0.28292686603159295,0.27638520438924397,0.7236147956107561,0.559312070420837,0.7170731339684071,1.3819507368640316,1.787910636807071,1.39455789462621,H,0
D1,2023-09-03,16:30,Union Berlin,RB Leipzig,0,3,A,0.0,0.0,D,4.0,15.0,1.0,8.0,16.0,9.0,3.0,7.0,3.0,1.0,1.0,0.0,3.4,3.25,2.2,3.2,3.4,2.2,3.2,3.4,2.25,3.24,3.48,2.31,3.1,3.1,2.1,3.2,3.4,2.25,3.4,3.64,2.33,3.22,3.45,2.26,1.97,1.93,1.95,1.93,1.99,1.97,1.94,1.89,0.25,1.96,1.97,1.92,1.99,1.96,1.99,1.9,1.93,3.5,3.6,2.0,3.4,3.6,2.05,3.4,3.55,2.1,3.58,3.77,2.09,3.0,3.4,2.0,3.4,3.7,2.05,3.7,3.8,2.18,3.49,3.6,2.09,1.73,2.1,1.72,2.23,1.92,2.25,1.8,2.04,0.25,2.05,1.75,2.12,1.81,2.14,1.85,2.05,1.8,2023,Football-Data.co.uk,https://www.football-data.co.uk/mmz4281/2324/D1.csv,,,,,,,,,,,,,,,,,,,,,,,,,,,,,,,,,,,,,,,,,,,,,,,,,,,,,,,,,2023-09-03,union berlin,rasenballsport leipzig,market_average_open,3.22,3.45,2.26,market_average_close,3.49,3.6,2.09,market_average_close,3.49,3.6,2.09,closing,0.28653295128939826,0.2777777777777778,0.47846889952153115,1.0427796285887072,0.27477804843310044,0.26638205250875574,0.4588398990581439,0.5411601009418562,0.7252219515668996,0.7336179474912443,1.8478819821704537,1.3788882118631691,1.3631073277578654,A,0
D1,2023-09-15,19:30,Bayern Munich,Leverkusen,2,2,D,1.0,1.0,D,15.0,12.0,9.0,5.0,6.0,6.0,7.0,4.0,0.0,3.0,0.0,0.0,1.65,4.5,4.5,1.61,4.5,4.75,1.63,4.6,4.5,1.65,4.7,4.78,1.44,4.4,4.4,1.62,4.6,4.75,1.67,4.95,5.0,1.62,4.66,4.76,1.36,3.2,1.39,3.14,1.41,3.2,1.37,3.09,-1.0,2.06,1.87,2.05,1.88,2.07,1.95,2.0,1.86,1.57,4.75,5.0,1.58,4.4,5.0,1.65,4.6,4.3,1.61,4.55,5.38,1.5,4.2,4.6,1.57,4.75,5.0,1.65,4.85,5.45,1.59,4.62,5.08,1.4,3.0,1.41,3.06,1.41,3.33,1.38,3.09,-1.0,1.95,1.98,1.96,1.96,2.0,2.04,1.92,1.94,2023,Football-Data.co.uk,https://www.football-data.co.uk/mmz4281/2324/D1.csv,,,,,,,,,,,,,,,,,,,,,,,,,,,,,,,,,,,,,,,,,,,,,,,,,,,,,,,,,2023-09-15,bayern munich,bayer leverkusen,market_average_open,1.62,4.66,4.76,market_average_close,1.59,4.62,5.08,market_average_close,1.59,4.62,5.08,closing,0.6289308176100629,0.21645021645021645,0.19685039370078738,1.0422314277610667,0.603446413970781,0.20767961000293117,0.18887397602628778,0.8111260239737121,0.396553586029219,0.7923203899970688,1.232854045418236,2.5217272904104258,1.2621156953990538,H,1
D1,2023-09-16,14:30,FC Koln,Hoffenheim,1,3,A,0.0,2.0,A,17.0,17.0,7.0,5.0,15.0,14.0,13.0,4.0,4.0,4.0,1.0,0.0,2.25,3.6,3.1,2.2,3.7,2.95,2.25,3.7,3.0,2.26,3.87,3.06,2.05,3.5,2.88,2.2,3.75,3.0,2.29,3.95,3.16,2.22,3.78,3.05,1.62,2.3,1.61,2.42,1.66,2.45,1.61,2.35,-0.25,1.97,1.93,1.98,1.93,1.98,1.98,1.93,1.91,2.2,3.75,3.0,2.15,3.7,3.1,2.2,3.75,3.05,2.22,3.86,3.19,2.05,3.5,2.88,2.15,3.8,3.0,2.25,3.9,3.2,2.18,3.77,3.08,1.57,2.38,1.59,2.5,1.63,2.65,1.56,2.42,-0.25,1.95,1.98,1.94,1.98,1.96,2.0,1.9,1.94,2023,Football-Data.co.uk,https://www.football-data.co.uk/mmz4281/2324/D1.csv,,,,,,,,,,,,,,,,,,,,,,,,,,,,,,,,,,,,,,,,,,,,,,,,,,,,,,,,,2023-09-16,fc cologne,hoffenheim,market_average_open,2.22,3.78,3.05,market_average_close,2.18,3.77,3.08,market_average_close,2.18,3.77,3.08,closing,0.4587155963302752,0.26525198938992045,0.3246753246753247,1.0486429103955204,0.437437369559157,0.2529478688697513,0.30961476157109163,0.6903852384289083,0.5625626304408429,0.7470521311302487,1.4484666593910291,1.77757985669323,1.338594668737582,H,0
D1,2023-09-16,14:30,Freiburg,Dortmund,2,4,A,2.0,1.0,H,14.0,14.0,4.0,6.0,12.0,16.0,6.0,8.0,2.0,3.0,1.0,0.0,3.1,3.8,2.1,3.1,3.8,2.1,3.3,3.6,2.15,3.16,3.86,2.21,3.1,3.5,1.95,3.13,3.8,2.15,3.29,4.08,2.22,3.16,3.84,2.15,1.5,2.63,1.52,2.62,1.53,2.7,1.51,2.58,0.25,1.98,1.92,1.97,1.93,2.02,1.93,1.97,1.86,2.88,3.75,2.3,2.85,3.7,2.25,2.95,3.55,2.3,2.97,3.82,2.36,2.6,3.5,2.2,2.8,3.9,2.3,3.14,3.92,2.4,2.89,3.76,2.32,1.5,2.63,1.52,2.67,1.52,2.82,1.48,2.68,0.25,1.84,2.09,1.87,2.06,1.9,2.13,1.84,2.02,2023,Football-Data.co.uk,https://www.football-data.co.uk/mmz4281/2324/D1.csv,,,,,,,,,,,,,,,,,,,,,,,,,,,,,,,,,,,,,,,,,,,,,,,,,,,,,,,,,2023-09-16,freiburg,dortmund,market_average_open,3.16,3.84,2.15,market_average_close,2.89,3.76,2.32,market_average_close,2.89,3.76,2.32,closing,0.3460207612456747,0.26595744680851063,0.4310344827586207,1.0430126908128061,0.331751247413898,0.2549896555920652,0.41325909699403673,0.5867409030059632,0.668248752586102,0.7450103444079348,1.7043297899922223,1.4964487342924786,1.3422632417200964,A,0
D1,2023-09-16,14:30,Mainz,Stuttgart,1,3,A,0.0,0.0,D,15.0,16.0,3.0,6.0,12.0,9.0,6.0,4.0,1.0,2.0,0.0,0.0,2.63,3.4,2.7,2.55,3.6,2.55,2.6,3.55,2.6,2.57,3.71,2.71,2.3,3.3,2.6,2.5,3.7,2.63,2.65,3.78,2.75,2.55,3.65,2.66,1.67,2.2,1.69,2.26,1.76,2.3,1.69,2.2,0.0,1.91,1.99,1.9,2.01,1.94,2.02,1.9,1.96,2.63,3.4,2.63,2.55,3.5,2.65,2.6,3.45,2.65,2.71,3.54,2.71,2.3,3.3,2.6,2.55,3.6,2.6,2.71,3.65,2.79,2.62,3.5,2.67,1.8,2.0,1.83,2.07,1.9,2.25,1.79,2.06,0.0,1.95,1.98,1.96,1.96,1.96,2.0,1.92,1.95,2023,Football-Data.co.uk,https://www.football-data.co.uk/mmz4281/2324/D1.csv,,,,,,,,,,,,,,,,,,,,,,,,,,,,,,,,,,,,,,,,,,,,,,,,,,,,,,,,,2023-09-16,mainz 05,vfb stuttgart,market_average_open,2.55,3.65,2.66,market_average_close,2.62,3.5,2.67,market_average_close,2.62,3.5,2.67,closing,0.38167938931297707,0.2857142857142857,0.37453183520599254,1.0419255102332552,0.3663211866532865,0.27421757400903163,0.359461239337682,0.6405387606623181,0.6336788133467136,0.7257824259909684,1.5611857726861031,1.5780865304910485,1.3778233864434242,H,0
D1,2023-09-16,14:30,RB Leipzig,Augsburg,3,0,H,3.0,0.0,H,9.0,16.0,6.0,4.0,16.0,12.0,1.0,6.0,0.0,0.0,0.0,0.0,1.25,7.0,10.0,1.23,6.75,11.5,1.25,6.75,11.0,1.24,7.19,11.19,1.17,6.0,10.0,1.22,6.5,13.0,1.26,7.6,13.0,1.23,6.98,11.49,1.36,3.2,1.37,3.21,1.4,3.22,1.37,3.1,-2.0,2.07,1.83,2.07,1.83,2.09,1.85,2.03,1.82,1.29,6.5,8.5,1.27,6.25,9.5,1.25,6.5,10.0,1.27,6.75,10.25,1.2,5.5,9.0,1.25,7.0,10.5,1.3,7.5,13.0,1.26,6.59,10.42,1.36,3.2,1.39,3.15,1.44,3.4,1.37,3.11,-1.75,1.98,1.95,1.98,1.92,1.99,2.16,1.9,1.96,2023,Football-Data.co.uk,https://www.football-data.co.uk/mmz4281/2324/D1.csv,,,,,,,,,,,,,,,,,,,,,,,,,,,,,,,,,,,,,,,,,,,,,,,,,,,,,,,,,2023-09-16,rasenballsport leipzig,augsburg,market_average_open,1.23,6.98,11.49,market_average_close,1.26,6.59,10.42,market_average_close,1.26,6.59,10.42,closing,0.7936507936507936,0.15174506828528073,0.09596928982725528,1.0413651517633296,0.76212536237353,0.1457174440956977,0.09215719353077234,0.9078428064692277,0.23787463762647004,0.8542825559043024,1.1015122804014816,4.203895001073131,1.170572889600266,H,1
D1,2023-09-16,14:30,Wolfsburg,Union Berlin,2,1,H,2.0,1.0,H,8.0,17.0,3.0,5.0,6.0,8.0,3.0,7.0,1.0,0.0,0.0,0.0,2.25,3.4,3.2,2.25,3.4,3.1,2.3,3.4,3.1,2.27,3.55,3.27,2.15,3.1,3.0,2.25,3.4,3.2,2.3,3.62,3.33,2.26,3.47,3.22,1.96,1.94,1.93,1.95,1.99,1.95,1.94,1.9,-0.25,1.95,1.95,1.96,1.94,1.97,1.98,1.93,1.91,2.1,3.3,3.6,2.15,3.3,3.4,2.2,3.35,3.35,2.23,3.35,3.63,2.05,3.2,3.1,2.15,3.4,3.4,2.25,3.47,3.68,2.19,3.36,3.48,2.1,1.73,2.16,1.77,2.25,1.85,2.09,1.77,-0.25,1.91,2.02,1.91,2.02,1.96,2.08,1.87,1.98,2023,Football-Data.co.uk,https://www.football-data.co.uk/mmz4281/2324/D1.csv,,,,,,,,,,,,,,,,,,,,,,,,,,,,,,,,,,,,,,,,,,,,,,,,,,,,,,,,,2023-09-16,wolfsburg,union berlin,market_average_open,2.26,3.47,3.22,market_average_close,2.19,3.36,3.48,market_average_close,2.19,3.36,3.48,closing,0.4566210045662101,0.2976190476190476,0.28735632183908044,1.0415963740243381,0.43838574706438116,0.2857335672830341,0.27588068565258467,0.7241193143474153,0.5616142529356187,0.7142664327169659,1.3809878844361603,1.780581590963711,1.4000377928949357,H,0
D1,2023-09-16,17:30,Bochum,Ein Frankfurt,1,1,D,0.0,0.0,D,24.0,8.0,10.0,6.0,13.0,14.0,8.0,2.0,3.0,2.0,0.0,0.0,2.88,3.6,2.38,2.87,3.6,2.3,2.9,3.6,2.35,2.95,3.63,2.42,2.75,3.4,2.15,2.9,3.6,2.38,3.01,3.78,2.45,2.93,3.63,2.35,1.73,2.1,1.75,2.17,1.79,2.25,1.72,2.15,0.25,1.85,2.05,1.83,2.1,1.87,2.1,1.82,2.02,2.8,3.4,2.5,2.8,3.25,2.55,2.8,3.35,2.5,2.93,3.4,2.59,2.6,3.1,2.4,2.8,3.4,2.5,3.07,3.51,2.61,2.85,3.39,2.52,2.06,1.84,2.07,1.85,2.08,1.95,1.99,1.85,0.0,2.09,1.84,2.09,1.85,2.13,1.88,2.05,1.82,2023,Football-Data.co.uk,https://www.football-data.co.uk/mmz4281/2324/D1.csv,,,,,,,,,,,,,,,,,,,,,,,,,,,,,,,,,,,,,,,,,,,,,,,,,,,,,,,,,2023-09-16,bochum,eintracht frankfurt,market_average_open,2.93,3.63,2.35,market_average_close,2.85,3.39,2.52,market_average_close,2.85,3.39,2.52,closing,0.3508771929824561,0.2949852507374631,0.3968253968253968,1.042687840545316,0.33651221328039144,0.2829084978905946,0.3805792888290141,0.619420711170986,0.6634877867196087,0.7170915021094055,1.61441163003663,1.5071867485973816,1.394522173332674,A,0
D1,2023-09-17,14:30,Heidenheim,Werder Bremen,4,2,H,2.0,0.0,H,19.0,11.0,4.0,4.0,21.0,9.0,10.0,1.0,1.0,1.0,0.0,0.0,2.3,4.0,2.7,2.3,3.7,2.8,2.35,3.8,2.75,2.39,3.88,2.85,2.25,3.2,2.7,2.3,3.8,2.8,2.42,4.0,2.92,2.35,3.79,2.83,1.62,2.3,1.65,2.34,1.69,2.36,1.64,2.29,-0.25,2.07,1.83,2.09,1.83,2.09,1.87,2.03,1.82,2.25,4.0,2.75,2.3,3.6,2.87,2.3,3.8,2.85,2.33,3.87,2.99,2.25,3.2,2.7,2.3,3.8,2.88,2.41,4.08,3.0,2.32,3.78,2.88,1.62,2.3,1.66,2.35,1.68,2.4,1.63,2.31,-0.25,2.06,1.87,2.04,1.89,2.12,1.9,2.02,1.84,2023,Football-Data.co.uk,https://www.football-data.co.uk/mmz4281/2324/D1.csv,,,,,,,,,,,,,,,,,,,,,,,,,,,,,,,,,,,,,,,,,,,,,,,,,,,,,,,,,2023-09-17,fc heidenheim,werder bremen,market_average_open,2.35,3.79,2.83,market_average_close,2.32,3.78,2.88,market_average_close,2.32,3.78,2.88,closing,0.4310344827586207,0.2645502645502646,0.3472222222222222,1.0428069695311075,0.4133406232914161,0.25369054127938767,0.33296883542919625,0.6670311645708038,0.5866593767085839,0.7463094587206123,1.4991803278688522,1.7045666356011184,1.33992673992674,H,0
D1,2023-09-17,16:30,Darmstadt,M'gladbach,3,3,D,3.0,0.0,H,15.0,21.0,8.0,10.0,12.0,8.0,6.0,6.0,1.0,1.0,1.0,0.0,2.9,3.5,2.38,2.9,3.6,2.3,2.95,3.55,2.35,3.01,3.74,2.34,2.75,3.25,2.2,3.0,3.6,2.3,3.06,3.79,2.39,2.96,3.61,2.34,1.73,2.1,1.81,2.08,1.85,2.11,1.78,2.06,0.25,1.87,2.03,1.88,2.04,1.89,2.05,1.83,2.0,2.38,3.6,2.88,2.37,3.5,2.85,2.4,3.5,2.85,2.42,3.71,2.94,2.2,3.3,2.7,2.38,3.6,2.88,2.6,4.0,3.0,2.4,3.61,2.83,1.62,2.3,1.65,2.37,1.72,2.38,1.66,2.24,-0.25,2.1,1.83,2.11,1.83,2.15,1.86,2.06,1.8,2023,Football-Data.co.uk,https://www.football-data.co.uk/mmz4281/2324/D1.csv,,,,,,,,,,,,,,,,,,,,,,,,,,,,,,,,,,,,,,,,,,,,,,,,,,,,,,,,,2023-09-17,darmstadt,borussia m gladbach,market_average_open,2.96,3.61,2.34,market_average_close,2.4,3.61,2.83,market_average_close,2.4,3.61,2.83,closing,0.4166666666666667,0.2770083102493075,0.35335689045936397,1.0470318673753383,0.39795031999470243,0.26456530969176895,0.33748437031352857,0.6625156296864714,0.6020496800052975,0.7354346903082309,1.50939835256904,1.6609924948240167,1.3597400465034986,H,0
D1,2023-09-22,19:30,Stuttgart,Darmstadt,3,1,H,2.0,1.0,H,18.0,3.0,11.0,0.0,7.0,12.0,5.0,4.0,1.0,6.0,0.0,0.0,1.36,4.5,8.0,1.38,5.0,7.75,1.43,4.6,7.75,1.4,5.24,8.18,1.3,4.6,7.0,1.36,5.25,8.0,1.42,5.5,8.5,1.38,5.14,7.89,1.57,2.38,1.6,2.49,1.6,2.7,1.56,2.47,-1.5,2.03,1.78,2.09,1.83,2.11,1.86,2.04,1.81,1.36,4.75,8.0,1.37,5.25,7.5,1.4,5.0,7.25,1.39,5.25,8.29,1.3,4.6,7.0,1.33,5.25,8.5,1.41,5.63,9.01,1.38,5.25,7.94,1.53,2.5,1.56,2.58,1.57,2.79,1.52,2.58,-1.5,2.07,1.86,2.07,1.86,2.12,1.93,2.02,1.84,2023,Football-Data.co.uk,https://www.football-data.co.uk/mmz4281/2324/D1.csv,,,,,,,,,,,,,,,,,,,,,,,,,,,,,,,,,,,,,,,,,,,,,,,,,,,,,,,,,2023-09-22,vfb stuttgart,darmstadt,market_average_open,1.38,5.14,7.89,market_average_close,1.38,5.25,7.94,market_average_close,1.38,5.25,7.94,closing,0.7246376811594204,0.19047619047619047,0.12594458438287154,1.0410584560184823,0.6960585901494811,0.18296397226786357,0.12097743758265539,0.8790225624173447,0.303941409850519,0.8170360277321365,1.1376272268256264,3.290107789168342,1.2239362354383814,H,1
D1,2023-09-23,14:30,Augsburg,Mainz,2,1,H,2.0,1.0,H,6.0,13.0,3.0,3.0,16.0,14.0,3.0,4.0,2.0,3.0,1.0,0.0,2.55,3.5,2.63,2.6,3.6,2.55,2.6,3.45,2.7,2.61,3.7,2.68,2.4,3.3,2.45,2.55,3.6,2.63,2.68,3.76,2.69,2.59,3.63,2.62,1.67,2.2,1.67,2.3,1.72,2.31,1.68,2.22,0.0,1.91,1.99,1.93,1.98,1.94,2.0,1.91,1.95,2.5,3.4,2.75,2.6,3.6,2.55,2.55,3.45,2.75,2.56,3.52,2.88,2.3,3.25,2.6,2.5,3.5,2.75,2.74,3.6,2.88,2.52,3.48,2.78,1.89,2.01,1.88,2.03,1.96,2.13,1.83,2.01,0.0,1.83,2.1,1.85,2.09,1.9,2.11,1.84,2.03,2023,Football-Data.co.uk,https://www.football-data.co.uk/mmz4281/2324/D1.csv,,,,,,,,,,,,,,,,,,,,,,,,,,,,,,,,,,,,,,,,,,,,,,,,,,,,,,,,,2023-09-23,augsburg,mainz 05,market_average_open,2.59,3.63,2.62,market_average_close,2.52,3.48,2.78,market_average_close,2.52,3.48,2.78,closing,0.3968253968253968,0.28735632183908044,0.3597122302158274,1.0438939488803045,0.3801395699735949,0.275273481705017,0.34458694832138825,0.6554130516786119,0.6198604300264052,0.7247265182949831,1.5257553956834533,1.6132663928191082,1.3798308392973322,H,0
D1,2023-09-23,14:30,Bayern Munich,Bochum,7,0,H,4.0,0.0,H,26.0,4.0,16.0,1.0,8.0,10.0,8.0,1.0,0.0,1.0,0.0,0.0,1.11,10.0,19.0,1.11,11.0,19.5,1.12,10.0,18.0,1.1,12.85,20.11,1.05,9.0,17.0,1.09,11.5,22.0,1.14,14.0,26.0,1.1,11.34,20.92,1.22,4.33,,,1.23,4.8,1.21,4.41,-2.75,2.01,1.89,2.01,1.86,2.03,1.93,1.98,1.86,1.13,9.0,17.0,1.11,11.0,19.5,1.15,8.75,16.0,1.12,10.5,21.0,1.07,8.0,15.0,1.12,10.0,18.0,1.15,10.75,21.0,1.13,9.45,17.94,1.22,4.33,,,1.22,4.76,1.2,4.38,-2.5,2.01,1.92,2.01,1.9,2.04,2.02,1.94,1.9,2023,Football-Data.co.uk,https://www.football-data.co.uk/mmz4281/2324/D1.csv,,,,,,,,,,,,,,,,,,,,,,,,,,,,,,,,,,,,,,,,,,,,,,,,,,,,,,,,,2023-09-23,bayern munich,bochum,market_average_open,1.1,11.34,20.92,market_average_close,1.13,9.45,17.94,market_average_close,1.13,9.45,17.94,closing,0.8849557522123894,0.10582010582010583,0.05574136008918617,1.0465172181216813,0.8456198683483995,0.1011164498659991,0.05326368178560152,0.9467363182143986,0.15438013165160064,0.898883550134001,1.0562603132053283,6.477517471333441,1.112491156224769,H,1
D1,2023-09-23,14:30,Dortmund,Wolfsburg,1,0,H,0.0,0.0,D,18.0,8.0,4.0,2.0,9.0,14.0,5.0,3.0,0.0,1.0,0.0,0.0,1.65,4.0,4.75,1.65,4.33,4.6,1.7,4.3,4.4,1.71,4.47,4.48,1.57,4.0,4.2,1.7,4.4,4.33,1.74,4.6,4.8,1.69,4.39,4.46,1.44,2.75,1.45,2.87,1.46,3.05,1.43,2.86,-0.75,1.88,2.02,1.89,2.02,1.9,2.04,1.84,1.99,1.73,4.2,4.33,1.65,4.33,4.6,1.75,4.2,4.2,1.74,4.42,4.48,1.62,3.9,4.0,1.73,4.33,4.2,1.76,4.5,4.7,1.72,4.28,4.35,1.44,2.75,1.47,2.81,1.53,3.05,1.45,2.76,-0.75,1.94,1.99,1.93,2.0,1.94,2.04,1.89,1.95,2023,Football-Data.co.uk,https://www.football-data.co.uk/mmz4281/2324/D1.csv,,,,,,,,,,,,,,,,,,,,,,,,,,,,,,,,,,,,,,,,,,,,,,,,,,,,,,,,,2023-09-23,dortmund,wolfsburg,market_average_open,1.69,4.39,4.46,market_average_close,1.72,4.28,4.35,market_average_close,1.72,4.28,4.35,closing,0.5813953488372093,0.2336448598130841,0.2298850574712644,1.0449252661215578,0.556398976737514,0.22359958878236547,0.22000143448012052,0.7799985655198796,0.44360102326248596,0.7764004112176346,1.2820536398467433,2.254277937966531,1.2879951962308889,H,1
D1,2023-09-23,14:30,M'gladbach,RB Leipzig,0,1,A,0.0,0.0,D,13.0,8.0,1.0,4.0,14.0,7.0,11.0,6.0,1.0,1.0,0.0,0.0,4.75,4.75,1.57,5.0,4.5,1.57,5.0,4.7,1.57,5.26,4.74,1.59,4.6,4.2,1.5,5.0,4.6,1.57,5.4,5.0,1.63,5.07,4.69,1.58,1.4,3.0,1.41,3.03,1.42,3.12,1.4,2.96,1.0,1.95,1.95,1.96,1.94,1.96,1.97,1.93,1.92,4.33,4.33,1.65,5.0,4.5,1.57,4.4,4.3,1.7,4.91,4.55,1.66,4.2,4.0,1.57,4.4,4.5,1.67,5.0,4.6,1.76,4.55,4.37,1.69,1.5,2.63,1.5,2.72,1.57,3.05,1.47,2.68,0.75,2.08,1.85,2.11,1.82,2.12,1.91,2.0,1.85,2023,Football-Data.co.uk,https://www.football-data.co.uk/mmz4281/2324/D1.csv,,,,,,,,,,,,,,,,,,,,,,,,,,,,,,,,,,,,,,,,,,,,,,,,,,,,,,,,,2023-09-23,borussia m gladbach,rasenballsport leipzig,market_average_open,5.07,4.69,1.58,market_average_close,4.55,4.37,1.69,market_average_close,4.55,4.37,1.69,closing,0.21978021978021978,0.22883295194508008,0.591715976331361,1.0403291480566608,0.21126027295377636,0.21996206909374882,0.5687776579524748,0.4312223420475252,0.7887397270462236,0.7800379309062512,2.318989306657468,1.2678453559641678,1.2819889397406559,A,0
D1,2023-09-23,14:30,Union Berlin,Hoffenheim,0,2,A,0.0,2.0,A,22.0,11.0,6.0,4.0,11.0,13.0,11.0,6.0,1.0,3.0,0.0,0.0,2.05,3.6,3.4,2.05,3.6,3.3,2.15,3.55,3.3,2.15,3.72,3.39,1.95,3.3,3.2,2.1,3.6,3.4,2.18,3.8,3.45,2.12,3.67,3.36,1.8,2.0,1.79,2.11,1.83,2.12,1.79,2.05,-0.25,1.86,2.04,1.88,2.04,1.88,2.05,1.83,2.01,2.05,3.6,3.3,2.05,3.6,3.3,2.15,3.55,3.25,2.13,3.72,3.51,1.95,3.3,3.2,2.15,3.6,3.3,2.18,3.74,3.64,2.12,3.61,3.43,1.73,2.1,1.76,2.17,1.88,2.29,1.76,2.1,-0.25,1.86,2.07,1.85,2.08,1.87,2.14,1.83,2.02,2023,Football-Data.co.uk,https://www.football-data.co.uk/mmz4281/2324/D1.csv,,,,,,,,,,,,,,,,,,,,,,,,,,,,,,,,,,,,,,,,,,,,,,,,,,,,,,,,,2023-09-23,union berlin,hoffenheim,market_average_open,2.12,3.67,3.36,market_average_close,2.12,3.61,3.43,market_average_close,2.12,3.61,3.43,closing,0.4716981132075471,0.2770083102493075,0.29154518950437314,1.0402516129612276,0.45344617333953446,0.26628971952349395,0.28026410713697175,0.7197358928630284,0.5465538266604657,0.7337102804765062,1.3893985417652475,1.8296459584048024,1.36293578897457,H,0
D1,2023-09-23,17:30,Werder Bremen,FC Koln,2,1,H,1.0,1.0,D,17.0,13.0,6.0,5.0,18.0,16.0,9.0,8.0,2.0,1.0,0.0,0.0,2.5,3.6,2.6,2.55,3.5,2.6,2.55,3.5,2.7,2.56,3.69,2.74,2.4,3.25,2.5,2.5,3.6,2.7,2.6,3.74,2.78,2.54,3.62,2.68,1.73,2.1,1.71,2.23,1.74,2.25,1.71,2.17,0.0,1.89,2.01,1.88,2.02,1.91,2.03,1.87,1.99,2.38,3.6,2.75,2.35,3.5,2.87,2.45,3.5,2.85,2.38,3.69,3.02,2.3,3.25,2.62,2.38,3.7,2.8,2.5,3.79,3.02,2.41,3.62,2.86,1.73,2.1,1.72,2.23,1.75,2.26,1.7,2.18,-0.25,2.05,1.75,2.07,1.87,2.14,1.88,2.06,1.79,2023,Football-Data.co.uk,https://www.football-data.co.uk/mmz4281/2324/D1.csv,,,,,,,,,,,,,,,,,,,,,,,,,,,,,,,,,,,,,,,,,,,,,,,,,,,,,,,,,2023-09-23,werder bremen,fc cologne,market_average_open,2.54,3.62,2.68,market_average_close,2.41,3.62,2.86,market_average_close,2.41,3.62,2.86,closing,0.41493775933609955,0.27624309392265195,0.3496503496503497,1.0408312029091014,0.3986599922988062,0.26540623796688484,0.3359337697343088,0.664066230265691,0.6013400077011937,0.734593762033115,1.5058738939335958,1.6629527175861893,1.361296612745972,H,0
D1,2023-09-24,14:30,Leverkusen,Heidenheim,4,1,H,1.0,0.0,H,20.0,1.0,10.0,1.0,9.0,10.0,7.0,2.0,1.0,1.0,0.0,0.0,1.22,6.5,12.0,1.23,6.75,11.0,1.25,6.75,11.0,1.23,7.35,11.42,1.17,6.0,10.0,1.22,7.0,12.0,1.26,7.8,12.0,1.23,6.98,11.42,1.33,3.4,1.33,3.43,1.36,3.45,1.34,3.3,-2.0,2.02,1.88,1.98,1.91,2.04,1.91,1.99,1.86,1.2,6.5,13.0,1.19,7.5,13.5,1.25,6.5,11.0,1.2,7.91,13.62,1.15,6.5,10.0,1.18,8.0,13.0,1.25,8.5,17.0,1.2,7.56,13.0,1.36,3.2,1.35,3.32,1.37,3.55,1.34,3.29,-2.0,1.93,2.0,1.91,2.0,2.0,2.17,1.89,1.97,2023,Football-Data.co.uk,https://www.football-data.co.uk/mmz4281/2324/D1.csv,,,,,,,,,,,,,,,,,,,,,,,,,,,,,,,,,,,,,,,,,,,,,,,,,,,,,,,,,2023-09-24,bayer leverkusen,fc heidenheim,market_average_open,1.23,6.98,11.42,market_average_close,1.2,7.56,13.0,market_average_close,1.2,7.56,13.0,closing,0.8333333333333334,0.1322751322751323,0.07692307692307693,1.0425315425315427,0.7993363263712667,0.12687878196369315,0.07378489166504001,0.9262151083349599,0.20066367362873316,0.8731212180363067,1.0796628029504742,4.983463035019455,1.1453163424994413,H,1
D1,2023-09-24,16:30,Ein Frankfurt,Freiburg,0,0,D,0.0,0.0,D,13.0,9.0,5.0,2.0,12.0,5.0,7.0,3.0,4.0,2.0,0.0,0.0,2.05,3.6,3.4,2.05,3.6,3.4,2.1,3.6,3.4,2.16,3.66,3.42,1.91,3.3,3.4,2.1,3.6,3.4,2.17,3.75,3.7,2.09,3.63,3.44,1.87,2.03,1.88,2.01,1.88,2.1,1.83,2.0,-0.25,1.84,2.06,1.88,2.03,1.88,2.1,1.8,2.04,2.2,3.4,3.2,2.2,3.4,3.25,2.25,3.4,3.2,2.22,3.52,3.47,2.15,3.2,2.9,2.15,3.5,3.3,2.33,3.58,3.65,2.22,3.46,3.3,1.99,1.91,2.0,1.9,2.07,2.0,1.96,1.88,-0.25,1.91,2.02,1.91,2.01,1.97,2.04,1.89,1.95,2023,Football-Data.co.uk,https://www.football-data.co.uk/mmz4281/2324/D1.csv,,,,,,,,,,,,,,,,,,,,,,,,,,,,,,,,,,,,,,,,,,,,,,,,,,,,,,,,,2023-09-24,eintracht frankfurt,freiburg,market_average_open,2.09,3.63,3.44,market_average_close,2.22,3.46,3.3,market_average_close,2.22,3.46,3.3,closing,0.4504504504504504,0.28901734104046245,0.30303030303030304,1.042498094521216,0.4320875527905181,0.2772353662413151,0.29067708096816675,0.7093229190318332,0.5679124472094819,0.7227646337586848,1.409795134443022,1.7608347992963378,1.383576275446092,H,0
D1,2023-09-29,19:30,Hoffenheim,Dortmund,1,3,A,1.0,2.0,A,15.0,6.0,5.0,5.0,14.0,16.0,4.0,3.0,3.0,4.0,0.0,1.0,3.1,4.0,2.05,3.0,4.0,2.1,3.15,3.75,2.15,3.15,4.16,2.12,3.0,4.2,2.05,3.1,4.0,2.1,3.23,4.3,2.15,3.11,4.13,2.11,1.4,3.0,1.4,3.07,1.41,3.17,1.38,3.04,0.25,2.04,1.89,2.03,1.88,2.05,1.91,2.0,1.84,3.0,4.0,2.15,3.1,4.0,2.1,3.1,3.75,2.15,3.12,4.15,2.17,3.1,4.0,2.05,3.1,4.0,2.1,3.31,4.2,2.2,3.1,4.07,2.12,1.36,3.2,1.39,3.17,1.41,3.41,1.37,3.12,0.25,1.98,1.95,2.01,1.92,2.06,1.95,1.98,1.86,2023,Football-Data.co.uk,https://www.football-data.co.uk/mmz4281/2324/D1.csv,,,,,,,,,,,,,,,,,,,,,,,,,,,,,,,,,,,,,,,,,,,,,,,,,,,,,,,,,2023-09-29,hoffenheim,dortmund,market_average_open,3.11,4.13,2.11,market_average_close,3.1,4.07,2.12,market_average_close,3.1,4.07,2.12,closing,0.3225806451612903,0.24570024570024568,0.4716981132075471,1.039979004069083,0.31017995930604586,0.23625500585964182,0.4535650348343124,0.5464349651656877,0.6898200406939542,0.7637449941403582,1.8300439462119418,1.4496534472875084,1.309337550716861,A,0
D1,2023-09-30,14:30,Bochum,M'gladbach,1,3,A,0.0,3.0,A,23.0,25.0,5.0,9.0,12.0,12.0,5.0,10.0,2.0,3.0,0.0,0.0,2.3,3.75,2.9,2.35,3.7,2.75,2.35,3.65,2.85,2.32,3.88,2.96,2.25,3.8,2.8,2.3,3.7,2.88,2.38,3.95,3.0,2.33,3.79,2.88,1.57,2.38,1.58,2.49,1.62,2.55,1.56,2.44,-0.25,2.06,1.84,2.03,1.88,2.12,1.9,2.01,1.83,2.25,3.6,3.1,2.2,3.6,3.0,2.35,3.6,2.9,2.27,3.77,3.15,2.25,3.7,2.9,2.2,3.75,3.0,2.44,3.82,3.19,2.28,3.7,3.03,1.62,2.3,1.65,2.38,1.66,2.48,1.62,2.33,-0.25,2.0,1.93,1.98,1.94,2.03,1.96,1.96,1.88,2023,Football-Data.co.uk,https://www.football-data.co.uk/mmz4281/2324/D1.csv,,,,,,,,,,,,,,,,,,,,,,,,,,,,,,,,,,,,,,,,,,,,,,,,,,,,,,,,,2023-09-30,bochum,borussia m gladbach,market_average_open,2.33,3.79,2.88,market_average_close,2.28,3.7,3.03,market_average_close,2.28,3.7,3.03,closing,0.4385964912280702,0.27027027027027023,0.33003300330033003,1.0388997647986704,0.4221740211030525,0.260150477868908,0.3176755010280395,0.6823244989719606,0.5778259788969475,0.739849522131092,1.4655783304082914,1.7306248533667006,1.35162620247366,H,0
D1,2023-09-30,14:30,FC Koln,Stuttgart,0,2,A,0.0,0.0,D,14.0,18.0,5.0,4.0,16.0,8.0,8.0,4.0,2.0,1.0,0.0,0.0,2.88,3.5,2.38,2.8,3.6,2.37,2.9,3.5,2.4,2.89,3.64,2.46,2.8,3.7,2.3,2.88,3.6,2.38,2.94,3.81,2.52,2.85,3.65,2.42,1.67,2.2,1.69,2.25,1.74,2.28,1.69,2.2,0.25,1.81,2.09,1.79,2.12,1.83,2.13,1.78,2.06,2.8,3.5,2.45,2.7,3.5,2.5,2.75,3.5,2.5,2.86,3.58,2.55,2.7,3.5,2.45,2.75,3.6,2.45,2.98,3.65,2.63,2.81,3.56,2.5,1.73,2.1,1.75,2.18,1.83,2.28,1.74,2.13,0.0,2.09,1.84,2.08,1.85,2.15,1.89,2.03,1.84,2023,Football-Data.co.uk,https://www.football-data.co.uk/mmz4281/2324/D1.csv,,,,,,,,,,,,,,,,,,,,,,,,,,,,,,,,,,,,,,,,,,,,,,,,,,,,,,,,,2023-09-30,fc cologne,vfb stuttgart,market_average_open,2.85,3.65,2.42,market_average_close,2.81,3.56,2.5,market_average_close,2.81,3.56,2.5,closing,0.35587188612099646,0.2808988764044944,0.4,1.036770762525491,0.34325031046797744,0.2709363405660159,0.3858133489660066,0.6141866510339933,0.6567496895320225,0.7290636594339841,1.6281695447409734,1.5226501297816615,1.371622336486172,A,0
D1,2023-09-30,14:30,Heidenheim,Union Berlin,1,0,H,0.0,0.0,D,9.0,19.0,4.0,8.0,11.0,14.0,5.0,7.0,1.0,2.0,0.0,0.0,3.0,3.6,2.25,3.0,3.6,2.25,3.05,3.6,2.25,3.05,3.72,2.32,3.0,3.7,2.2,3.1,3.6,2.25,3.25,3.78,2.34,3.07,3.65,2.27,1.73,2.1,1.78,2.13,1.84,2.14,1.78,2.07,0.25,1.91,1.99,1.89,2.02,1.92,2.02,1.88,1.95,3.1,3.5,2.25,3.0,3.4,2.3,3.05,3.5,2.3,3.18,3.53,2.33,3.0,3.5,2.25,3.1,3.6,2.25,3.37,3.69,2.35,3.11,3.54,2.29,1.89,2.01,1.93,1.98,2.0,2.05,1.88,1.96,0.25,1.92,2.01,1.91,2.03,1.97,2.03,1.88,1.96,2023,Football-Data.co.uk,https://www.football-data.co.uk/mmz4281/2324/D1.csv,,,,,,,,,,,,,,,,,,,,,,,,,,,,,,,,,,,,,,,,,,,,,,,,,,,,,,,,,2023-09-30,fc heidenheim,union berlin,market_average_open,3.07,3.65,2.27,market_average_close,3.11,3.54,2.29,market_average_close,3.11,3.54,2.29,closing,0.3215434083601286,0.2824858757062147,0.4366812227074236,1.0407105067737668,0.30896527542219465,0.271435595074301,0.41959912950350453,0.5804008704964956,0.6910347245778055,0.7285644049256992,1.7229471057556554,1.4471052820261094,1.3725622515170537,A,0
D1,2023-09-30,14:30,Mainz,Leverkusen,0,3,A,0.0,1.0,A,10.0,6.0,3.0,3.0,13.0,11.0,3.0,1.0,4.0,1.0,0.0,0.0,5.75,4.5,1.53,5.5,4.5,1.55,5.75,4.4,1.55,5.85,4.72,1.54,5.5,4.5,1.53,5.75,4.6,1.53,6.2,4.8,1.59,5.65,4.64,1.54,1.53,2.5,1.56,2.55,1.58,2.57,1.54,2.48,1.0,2.04,1.86,2.03,1.88,2.07,1.93,2.0,1.85,5.25,4.5,1.6,5.0,4.33,1.6,5.5,4.3,1.6,5.25,4.52,1.63,5.5,4.5,1.55,5.25,4.5,1.57,5.75,4.7,1.63,5.32,4.5,1.59,1.57,2.38,1.58,2.5,1.6,2.6,1.55,2.48,1.0,1.94,1.99,1.93,2.0,2.05,2.02,1.91,1.95,2023,Football-Data.co.uk,https://www.football-data.co.uk/mmz4281/2324/D1.csv,,,,,,,,,,,,,,,,,,,,,,,,,,,,,,,,,,,,,,,,,,,,,,,,,,,,,,,,,2023-09-30,mainz 05,bayer leverkusen,market_average_open,5.65,4.64,1.54,market_average_close,5.32,4.5,1.59,market_average_close,5.32,4.5,1.59,closing,0.18796992481203006,0.2222222222222222,0.6289308176100629,1.0391229646443152,0.18089285985164508,0.21385555875794487,0.60525158139041,0.39474841860959,0.819107140148355,0.7861444412420551,2.5332590400799293,1.2208415126486165,1.2720308731307286,A,0
D1,2023-09-30,14:30,Wolfsburg,Ein Frankfurt,2,0,H,1.0,0.0,H,19.0,7.0,7.0,3.0,11.0,18.0,7.0,4.0,1.0,6.0,0.0,1.0,2.05,3.5,3.5,2.1,3.5,3.3,2.15,3.4,3.45,2.11,3.53,3.68,2.1,3.5,3.4,2.1,3.5,3.5,2.16,3.71,3.73,2.11,3.55,3.51,1.97,1.93,1.98,1.91,2.0,1.98,1.92,1.91,-0.25,1.83,2.07,1.82,2.1,1.86,2.13,1.81,2.04,2.05,3.5,3.4,2.15,3.4,3.3,2.15,3.4,3.45,2.21,3.5,3.52,2.15,3.5,3.25,2.15,3.5,3.3,2.21,3.62,3.75,2.15,3.49,3.48,2.0,1.9,1.99,1.93,2.1,2.03,1.95,1.89,-0.25,1.89,2.04,1.9,2.02,1.92,2.09,1.84,2.01,2023,Football-Data.co.uk,https://www.football-data.co.uk/mmz4281/2324/D1.csv,,,,,,,,,,,,,,,,,,,,,,,,,,,,,,,,,,,,,,,,,,,,,,,,,,,,,,,,,2023-09-30,wolfsburg,eintracht frankfurt,market_average_open,2.11,3.55,3.51,market_average_close,2.15,3.49,3.48,market_average_close,2.15,3.49,3.48,closing,0.46511627906976744,0.28653295128939826,0.28735632183908044,1.0390055521982462,0.447655239267693,0.2757761502651977,0.2765686104671092,0.7234313895328908,0.5523447607323069,0.7242238497348021,1.3823010923616206,1.8104634479997332,1.3807885508964972,H,0
D1,2023-09-30,17:30,RB Leipzig,Bayern Munich,2,2,D,2.0,0.0,H,7.0,11.0,2.0,5.0,10.0,11.0,5.0,1.0,2.0,5.0,0.0,0.0,3.4,4.2,1.91,3.3,4.0,1.95,3.5,3.8,2.0,3.73,4.2,1.91,3.4,4.33,1.91,3.5,4.2,1.9,3.81,4.35,1.97,3.56,4.21,1.93,1.4,3.0,1.43,2.95,1.43,3.1,1.4,2.96,0.5,1.96,1.94,1.99,1.91,2.0,1.95,1.94,1.91,4.0,4.5,1.75,4.0,4.33,1.73,3.85,3.95,1.85,4.11,4.5,1.79,3.9,4.33,1.75,4.0,4.4,1.75,4.34,4.6,1.9,3.99,4.39,1.77,1.4,3.0,1.4,3.12,1.43,3.5,1.38,3.07,0.75,1.93,2.0,1.93,1.99,2.03,2.0,1.9,1.94,2023,Football-Data.co.uk,https://www.football-data.co.uk/mmz4281/2324/D1.csv,,,,,,,,,,,,,,,,,,,,,,,,,,,,,,,,,,,,,,,,,,,,,,,,,,,,,,,,,2023-09-30,rasenballsport leipzig,bayern munich,market_average_open,3.56,4.21,1.93,market_average_close,3.99,4.39,1.77,market_average_close,3.99,4.39,1.77,closing,0.2506265664160401,0.22779043280182235,0.5649717514124294,1.043388750630292,0.24020439770377167,0.21831789221823442,0.5414777100779938,0.45852228992200605,0.7597956022962282,0.7816821077817655,2.180919056672465,1.3161434430231425,1.2792924259681095,A,0
D1,2023-10-01,14:30,Darmstadt,Werder Bremen,4,2,H,2.0,0.0,H,14.0,10.0,5.0,7.0,19.0,19.0,2.0,4.0,3.0,2.0,0.0,0.0,2.8,3.8,2.3,2.8,3.6,2.37,2.8,3.6,2.4,2.82,3.74,2.47,2.7,3.7,2.38,2.8,3.7,2.38,2.87,3.83,2.5,2.8,3.7,2.42,1.67,2.2,1.68,2.28,1.73,2.34,1.68,2.22,0.25,1.78,2.03,1.78,2.14,1.83,2.14,1.77,2.07,2.75,3.8,2.25,2.8,3.7,2.35,2.75,3.7,2.4,3.05,3.84,2.3,2.8,3.7,2.3,2.9,3.8,2.25,3.05,3.95,2.48,2.88,3.77,2.32,1.57,2.38,1.61,2.46,1.63,2.53,1.58,2.38,0.25,1.89,2.01,1.92,2.01,1.94,2.06,1.84,2.0,2023,Football-Data.co.uk,https://www.football-data.co.uk/mmz4281/2324/D1.csv,,,,,,,,,,,,,,,,,,,,,,,,,,,,,,,,,,,,,,,,,,,,,,,,,,,,,,,,,2023-10-01,darmstadt,werder bremen,market_average_open,2.8,3.7,2.42,market_average_close,2.88,3.77,2.32,market_average_close,2.88,3.77,2.32,closing,0.3472222222222222,0.26525198938992045,0.4310344827586207,1.0435086943707634,0.3327449249779346,0.25419240953221534,0.41306266548984993,0.58693733451015,0.6672550750220653,0.7458075904677846,1.703759398496241,1.4986772486772488,1.340828402366864,A,0
D1,2023-10-01,16:30,Freiburg,Augsburg,2,0,H,1.0,0.0,H,7.0,13.0,3.0,4.0,13.0,17.0,2.0,3.0,2.0,2.0,0.0,0.0,1.73,4.0,4.75,1.71,4.1,4.4,1.73,4.0,4.5,1.73,4.19,4.68,1.7,4.2,4.4,1.7,4.1,4.6,1.76,4.3,4.8,1.72,4.13,4.59,1.67,2.2,1.68,2.29,1.71,2.36,1.65,2.26,-0.75,1.93,1.97,1.93,1.98,1.95,1.99,1.9,1.94,1.85,3.75,4.33,1.87,3.5,4.2,1.83,3.7,4.3,1.93,3.71,4.26,1.85,3.7,4.0,1.85,3.8,4.1,1.93,4.02,4.7,1.85,3.77,4.34,1.97,1.93,1.96,1.94,1.99,2.3,1.87,1.97,-0.5,1.9,2.0,1.93,2.0,1.93,2.13,1.84,2.03,2023,Football-Data.co.uk,https://www.football-data.co.uk/mmz4281/2324/D1.csv,,,,,,,,,,,,,,,,,,,,,,,,,,,,,,,,,,,,,,,,,,,,,,,,,,,,,,,,,2023-10-01,freiburg,augsburg,market_average_open,1.72,4.13,4.59,market_average_close,1.85,3.77,4.34,market_average_close,1.85,3.77,4.34,closing,0.5405405405405405,0.26525198938992045,0.2304147465437788,1.0362072764742396,0.5216529094253841,0.2559835231928278,0.2223635673817882,0.7776364326182119,0.478347090574616,0.7440164768071723,1.2859479803860472,2.0905322091511978,1.3440562557046318,H,1
D1,2023-10-06,19:30,M'gladbach,Mainz,2,2,D,1.0,1.0,D,20.0,13.0,9.0,7.0,9.0,9.0,10.0,3.0,3.0,1.0,0.0,0.0,2.05,3.75,3.4,2.05,3.7,3.3,2.1,3.65,3.3,2.08,3.93,3.48,2.05,3.8,3.25,2.05,3.8,3.3,2.1,4.01,3.57,2.06,3.87,3.42,1.57,2.38,1.61,2.45,1.63,2.5,1.58,2.42,-0.5,2.06,1.84,2.08,1.85,2.1,1.85,2.04,1.82,2.15,3.6,3.2,2.15,3.7,3.1,2.3,3.6,3.0,2.26,3.82,3.15,2.2,3.7,3.0,2.15,3.8,3.13,2.3,4.0,3.69,2.19,3.75,3.17,1.62,2.3,1.65,2.36,1.65,2.5,1.61,2.35,-0.25,1.9,2.0,1.97,1.95,1.97,2.15,1.88,1.95,2023,Football-Data.co.uk,https://www.football-data.co.uk/mmz4281/2324/D1.csv,,,,,,,,,,,,,,,,,,,,,,,,,,,,,,,,,,,,,,,,,,,,,,,,,,,,,,,,,2023-10-06,borussia m gladbach,mainz 05,market_average_open,2.06,3.87,3.42,market_average_close,2.19,3.75,3.17,market_average_close,2.19,3.75,3.17,closing,0.4566210045662101,0.26666666666666666,0.31545741324921134,1.038745084482088,0.4395890882062547,0.2567200275124527,0.30369088428129265,0.6963091157187073,0.5604109117937454,0.7432799724875474,1.4361437721059171,1.7844049410087892,1.3453880597014922,H,0
D1,2023-10-07,14:30,Augsburg,Darmstadt,1,2,A,0.0,0.0,D,17.0,17.0,3.0,5.0,13.0,12.0,4.0,4.0,4.0,2.0,0.0,0.0,1.85,3.75,4.0,1.85,3.8,4.0,1.9,3.75,3.95,1.92,3.9,3.98,1.83,3.9,3.9,1.9,3.8,3.8,1.95,4.0,4.1,1.9,3.87,3.95,1.67,2.2,1.7,2.25,1.75,2.27,1.69,2.21,-0.5,1.9,2.0,1.92,1.99,1.92,2.0,1.88,1.97,1.8,3.75,4.5,1.82,3.6,4.33,1.85,3.75,4.1,1.85,3.75,4.66,1.8,3.8,4.2,1.8,3.8,4.33,1.88,3.91,4.85,1.82,3.77,4.42,1.93,1.97,1.93,2.02,2.0,2.14,1.86,1.98,-0.75,2.1,1.83,2.09,1.83,2.1,1.88,2.03,1.81,2023,Football-Data.co.uk,https://www.football-data.co.uk/mmz4281/2324/D1.csv,,,,,,,,,,,,,,,,,,,,,,,,,,,,,,,,,,,,,,,,,,,,,,,,,,,,,,,,,2023-10-07,augsburg,darmstadt,market_average_open,1.9,3.87,3.95,market_average_close,1.82,3.77,4.42,market_average_close,1.82,3.77,4.42,closing,0.5494505494505494,0.26525198938992045,0.22624434389140272,1.0409468827318726,0.5278372591006423,0.2548179871520343,0.21734475374732334,0.7826552462526766,0.4721627408993576,0.7451820128479656,1.2777017783857731,2.1179138321995463,1.341954022988506,H,1
D1,2023-10-07,14:30,Dortmund,Union Berlin,4,2,H,1.0,2.0,A,12.0,12.0,7.0,6.0,7.0,15.0,4.0,6.0,1.0,1.0,0.0,0.0,1.57,4.33,5.25,1.6,4.2,5.25,1.6,4.3,5.25,1.61,4.51,5.28,1.57,4.4,5.0,1.6,4.33,5.25,1.66,4.6,5.85,1.61,4.38,5.31,1.62,2.3,1.64,2.36,1.71,2.4,1.63,2.31,-1.0,1.98,1.92,2.01,1.9,2.09,1.93,1.99,1.87,1.7,4.0,4.5,1.7,3.9,4.6,1.7,4.0,4.7,1.71,4.17,4.97,1.65,4.0,4.8,1.67,4.2,4.75,1.74,4.33,5.05,1.7,4.09,4.81,1.67,2.2,1.7,2.26,1.76,2.44,1.67,2.23,-0.75,1.91,2.02,1.91,2.02,1.93,2.08,1.87,1.97,2023,Football-Data.co.uk,https://www.football-data.co.uk/mmz4281/2324/D1.csv,,,,,,,,,,,,,,,,,,,,,,,,,,,,,,,,,,,,,,,,,,,,,,,,,,,,,,,,,2023-10-07,dortmund,union berlin,market_average_open,1.61,4.38,5.31,market_average_close,1.7,4.09,4.81,market_average_close,1.7,4.09,4.81,closing,0.5882352941176471,0.24449877750611249,0.2079002079002079,1.0406342795239674,0.5652661128813978,0.23495168506072772,0.1997822020578745,0.8002177979421256,0.4347338871186022,0.7650483149392724,1.2496597833385397,2.300257766027759,1.3071069898106729,H,1
D1,2023-10-07,14:30,RB Leipzig,Bochum,0,0,D,0.0,0.0,D,18.0,9.0,5.0,2.0,10.0,13.0,9.0,1.0,2.0,4.0,0.0,0.0,1.25,6.0,11.0,1.24,6.75,11.0,1.25,6.75,11.0,1.25,6.87,10.85,1.22,6.5,11.0,1.22,7.0,11.0,1.27,7.3,12.5,1.24,6.81,11.15,1.36,3.2,1.36,3.24,1.39,3.45,1.35,3.21,-2.0,2.05,1.75,2.11,1.78,2.13,1.9,2.04,1.8,1.29,6.0,9.0,1.29,6.0,9.5,1.3,6.0,9.0,1.26,6.66,11.62,1.25,6.0,10.0,1.25,6.5,10.5,1.3,6.75,13.0,1.28,6.23,10.38,1.44,2.75,1.47,2.79,1.57,2.89,1.48,2.66,-1.75,2.02,1.91,1.99,1.92,2.1,1.98,1.99,1.86,2023,Football-Data.co.uk,https://www.football-data.co.uk/mmz4281/2324/D1.csv,,,,,,,,,,,,,,,,,,,,,,,,,,,,,,,,,,,,,,,,,,,,,,,,,,,,,,,,,2023-10-07,rasenballsport leipzig,bochum,market_average_open,1.24,6.81,11.15,market_average_close,1.28,6.23,10.38,market_average_close,1.28,6.23,10.38,closing,0.78125,0.16051364365971107,0.09633911368015413,1.0381027573398653,0.7525748240973277,0.15462211474230808,0.09280306116036409,0.9071969388396357,0.24742517590267216,0.8453778852576918,1.1022964884328925,4.0416259030704405,1.1829029566998617,H,1
D1,2023-10-07,14:30,Stuttgart,Wolfsburg,3,1,H,0.0,1.0,A,13.0,12.0,7.0,5.0,13.0,14.0,5.0,6.0,1.0,3.0,0.0,0.0,2.0,3.5,3.75,2.0,3.7,3.4,2.0,3.7,3.55,2.01,3.8,3.73,1.95,3.75,3.6,2.0,3.8,3.5,2.06,3.88,3.83,2.0,3.76,3.64,1.67,2.2,1.7,2.25,1.74,2.28,1.67,2.23,-0.5,2.0,1.9,2.01,1.9,2.01,1.91,1.98,1.87,1.83,3.6,4.33,1.83,3.75,4.0,1.95,3.45,4.2,1.88,3.97,4.16,1.85,3.75,3.9,1.87,3.8,4.0,1.98,3.97,4.4,1.89,3.75,4.08,1.67,2.2,1.69,2.28,1.83,2.36,1.72,2.16,-0.5,1.87,2.06,1.88,2.05,1.95,2.09,1.88,1.98,2023,Football-Data.co.uk,https://www.football-data.co.uk/mmz4281/2324/D1.csv,,,,,,,,,,,,,,,,,,,,,,,,,,,,,,,,,,,,,,,,,,,,,,,,,,,,,,,,,2023-10-07,vfb stuttgart,wolfsburg,market_average_open,2.0,3.76,3.64,market_average_close,1.89,3.75,4.08,market_average_close,1.89,3.75,4.08,closing,0.5291005291005292,0.26666666666666666,0.24509803921568626,1.0408652349828822,0.5083276021887989,0.2561971115031546,0.23547528630804648,0.7645247136919535,0.4916723978112011,0.7438028884968454,1.3080021902377972,2.0338745970929883,1.3444422110552763,H,1
D1,2023-10-07,17:30,Werder Bremen,Hoffenheim,2,3,A,1.0,2.0,A,13.0,11.0,3.0,4.0,15.0,6.0,4.0,4.0,5.0,4.0,0.0,0.0,2.75,3.75,2.4,2.75,3.8,2.3,2.7,3.85,2.35,2.75,3.92,2.44,2.7,3.9,2.3,2.75,3.8,2.38,2.81,4.06,2.46,2.75,3.9,2.38,1.44,2.75,1.48,2.75,1.49,2.82,1.46,2.71,0.25,1.73,2.08,1.79,2.13,1.83,2.13,1.78,2.06,2.63,3.6,2.5,2.6,3.7,2.5,2.65,3.55,2.55,2.69,3.84,2.56,2.5,3.8,2.5,2.6,3.8,2.5,2.8,3.96,2.65,2.63,3.74,2.55,1.53,2.5,1.56,2.57,1.56,2.82,1.52,2.56,0.0,1.99,1.94,2.01,1.92,2.04,1.95,1.95,1.91,2023,Football-Data.co.uk,https://www.football-data.co.uk/mmz4281/2324/D1.csv,,,,,,,,,,,,,,,,,,,,,,,,,,,,,,,,,,,,,,,,,,,,,,,,,,,,,,,,,2023-10-07,werder bremen,hoffenheim,market_average_open,2.75,3.9,2.38,market_average_close,2.63,3.74,2.55,market_average_close,2.63,3.74,2.55,closing,0.3802281368821293,0.267379679144385,0.3921568627450981,1.0397646787716124,0.3656867218564631,0.2571540316798122,0.3771592464637247,0.6228407535362753,0.6343132781435369,0.7428459683201878,1.6055468341182628,1.5765080670023637,1.346174096174096,A,0
D1,2023-10-08,14:30,Leverkusen,FC Koln,3,0,H,2.0,0.0,H,21.0,7.0,10.0,3.0,9.0,7.0,11.0,4.0,3.0,0.0,0.0,0.0,1.33,5.5,8.0,1.34,5.5,8.25,1.35,5.5,8.0,1.34,5.68,9.07,1.33,5.5,8.5,1.33,5.5,8.5,1.37,5.9,9.5,1.34,5.58,8.69,1.5,2.63,1.5,2.7,1.52,2.75,1.48,2.65,-1.5,1.94,1.96,1.95,1.95,1.98,1.98,1.92,1.93,1.29,6.0,10.0,1.27,5.75,11.0,1.3,5.75,10.0,1.28,6.28,11.19,1.25,6.0,11.0,1.25,6.5,11.0,1.3,6.5,13.0,1.27,6.08,11.11,1.57,2.38,1.6,2.44,1.6,2.7,1.52,2.51,-1.75,2.06,1.87,2.04,1.87,2.06,1.96,1.95,1.87,2023,Football-Data.co.uk,https://www.football-data.co.uk/mmz4281/2324/D1.csv,,,,,,,,,,,,,,,,,,,,,,,,,,,,,,,,,,,,,,,,,,,,,,,,,,,,,,,,,2023-10-08,bayer leverkusen,fc cologne,market_average_open,1.34,5.58,8.69,market_average_close,1.27,6.08,11.11,market_average_close,1.27,6.08,11.11,closing,0.7874015748031495,0.16447368421052633,0.09000900090009001,1.0418842599137659,0.7557476440505213,0.15786176117502668,0.08639059477445203,0.913609405225548,0.2442523559494787,0.8421382388249733,1.0945596600476373,4.094126323214834,1.187453500977808,H,1
D1,2023-10-08,16:30,Bayern Munich,Freiburg,3,0,H,2.0,0.0,H,21.0,2.0,5.0,0.0,7.0,8.0,7.0,1.0,1.0,0.0,0.0,0.0,1.14,8.5,17.0,1.16,8.5,15.0,1.17,8.25,14.0,1.16,9.23,14.64,1.14,8.5,15.0,1.15,8.5,15.0,1.19,9.8,17.0,1.16,8.73,15.05,1.29,3.75,,,1.32,3.9,1.28,3.69,-2.25,1.95,1.95,1.95,1.93,1.96,1.98,1.91,1.92,1.09,10.0,21.0,1.11,11.0,21.0,1.17,7.75,14.0,1.12,11.0,21.0,1.08,11.0,23.0,1.1,10.5,22.0,1.17,11.0,26.0,1.12,10.44,20.56,1.22,4.33,,,1.27,4.6,1.23,4.18,-2.5,1.75,2.05,1.77,2.13,2.1,2.19,1.86,2.0,2023,Football-Data.co.uk,https://www.football-data.co.uk/mmz4281/2324/D1.csv,,,,,,,,,,,,,,,,,,,,,,,,,,,,,,,,,,,,,,,,,,,,,,,,,,,,,,,,,2023-10-08,bayern munich,freiburg,market_average_open,1.16,8.73,15.05,market_average_close,1.12,10.44,20.56,market_average_close,1.12,10.44,20.56,closing,0.8928571428571428,0.09578544061302682,0.048638132295719845,1.0372807157658894,0.8607671282097348,0.09234283367767271,0.04689003811259256,0.9531099618874075,0.13923287179026528,0.9076571663223273,1.0491968817739958,7.182211981566819,1.101737569099829,H,1
D1,2023-10-08,18:30,Ein Frankfurt,Heidenheim,2,0,H,1.0,0.0,H,12.0,7.0,6.0,2.0,14.0,10.0,3.0,6.0,2.0,3.0,0.0,0.0,1.7,4.0,4.75,1.68,4.0,4.6,1.7,4.0,4.6,1.74,4.12,4.7,1.67,4.2,4.5,1.7,4.1,4.6,1.77,4.21,4.8,1.73,4.07,4.63,1.73,2.1,1.71,2.22,1.77,2.24,1.7,2.17,-0.75,1.94,1.96,1.94,1.96,1.96,1.98,1.9,1.93,1.75,3.8,4.5,1.75,3.8,4.5,1.73,3.85,4.6,1.83,3.9,4.56,1.75,3.9,4.33,1.75,3.9,4.5,1.83,4.13,5.05,1.76,3.89,4.61,1.8,2.0,1.83,2.07,1.83,2.18,1.76,2.08,-0.75,2.07,1.86,2.06,1.87,2.07,1.99,1.95,1.89,2023,Football-Data.co.uk,https://www.football-data.co.uk/mmz4281/2324/D1.csv,,,,,,,,,,,,,,,,,,,,,,,,,,,,,,,,,,,,,,,,,,,,,,,,,,,,,,,,,2023-10-08,eintracht frankfurt,fc heidenheim,market_average_open,1.73,4.07,4.63,market_average_close,1.76,3.89,4.61,market_average_close,1.76,3.89,4.61,closing,0.5681818181818182,0.2570694087403599,0.21691973969631234,1.0421709666184904,0.5451906034432964,0.246667213897224,0.2081421826594797,0.7918578173405204,0.4548093965567037,0.7533327861027761,1.2628529744879349,2.1987232620320856,1.3274345925833253,H,1
D1,2023-10-20,19:30,Dortmund,Werder Bremen,1,0,H,0.0,0.0,D,22.0,6.0,5.0,1.0,5.0,10.0,10.0,4.0,1.0,5.0,0.0,0.0,1.29,6.5,8.0,1.29,6.25,8.5,1.33,6.0,7.75,1.3,6.69,8.63,1.29,6.0,9.0,1.29,6.5,8.5,1.33,7.0,9.6,1.3,6.52,8.74,1.29,3.75,1.32,3.5,1.3,4.0,1.27,3.76,-1.75,1.98,1.95,1.95,1.95,2.0,2.01,1.91,1.92,1.29,6.5,8.5,1.28,6.5,8.75,1.3,6.25,8.75,1.28,6.77,9.51,1.25,6.5,9.5,1.25,6.5,10.0,1.31,7.1,10.0,1.28,6.53,9.16,1.29,3.75,1.32,3.5,1.3,3.9,1.28,3.71,-1.75,1.93,2.0,1.92,1.98,1.94,2.04,1.88,1.96,2023,Football-Data.co.uk,https://www.football-data.co.uk/mmz4281/2324/D1.csv,,,,,,,,,,,,,,,,,,,,,,,,,,,,,,,,,,,,,,,,,,,,,,,,,,,,,,,,,2023-10-20,dortmund,werder bremen,market_average_open,1.3,6.52,8.74,market_average_close,1.28,6.53,9.16,market_average_close,1.28,6.53,9.16,closing,0.78125,0.15313935681470137,0.1091703056768559,1.0435596624915573,0.7486395153821122,0.14674710255575857,0.10461338206212922,0.8953866179378707,0.2513604846178878,0.8532528974442414,1.1168359901369314,3.978350063734863,1.1719854722970318,H,1
D1,2023-10-21,14:30,Darmstadt,RB Leipzig,1,3,A,1.0,2.0,A,16.0,10.0,3.0,7.0,16.0,12.0,6.0,0.0,6.0,3.0,0.0,0.0,6.5,4.75,1.44,6.75,4.8,1.43,6.75,4.9,1.43,6.38,5.09,1.47,6.5,4.8,1.44,6.5,5.0,1.44,7.0,5.3,1.5,6.54,4.92,1.46,1.53,2.5,1.55,2.58,1.56,2.63,1.51,2.54,1.25,1.92,1.98,1.91,2.0,1.93,2.01,1.88,1.95,6.5,5.0,1.44,6.0,4.8,1.46,6.0,4.6,1.5,6.59,5.1,1.47,6.5,4.8,1.44,6.5,4.8,1.45,6.65,5.1,1.53,6.27,4.86,1.48,1.5,2.63,1.54,2.62,1.6,2.66,1.54,2.51,1.25,1.94,1.99,1.93,1.99,1.94,2.07,1.85,2.0,2023,Football-Data.co.uk,https://www.football-data.co.uk/mmz4281/2324/D1.csv,,,,,,,,,,,,,,,,,,,,,,,,,,,,,,,,,,,,,,,,,,,,,,,,,,,,,,,,,2023-10-21,darmstadt,rasenballsport leipzig,market_average_open,6.54,4.92,1.46,market_average_close,6.27,4.86,1.48,market_average_close,6.27,4.86,1.48,closing,0.1594896331738437,0.20576131687242796,0.6756756756756757,1.0409266257219474,0.15321890057642412,0.1976712976572385,0.6491098017663373,0.35089019823366263,0.8467810994235758,0.8023287023427614,2.8498943687622935,1.180942749762275,1.2463719633612107,A,0
D1,2023-10-21,14:30,Freiburg,Bochum,2,1,H,2.0,1.0,H,15.0,13.0,5.0,5.0,11.0,16.0,5.0,2.0,3.0,4.0,0.0,0.0,1.7,3.75,5.0,1.7,3.8,4.75,1.73,3.9,4.7,1.76,4.02,4.73,1.7,4.0,4.6,1.73,3.9,4.6,1.78,4.2,5.0,1.73,3.98,4.69,1.73,2.1,1.75,2.17,1.77,2.23,1.71,2.16,-0.75,1.96,1.94,1.97,1.93,1.98,1.98,1.92,1.92,1.75,3.6,4.5,1.8,3.8,4.2,1.8,3.8,4.3,1.81,3.91,4.61,1.75,3.9,4.2,1.8,3.9,4.2,1.84,4.05,5.02,1.8,3.84,4.48,1.73,2.1,1.8,2.12,1.88,2.23,1.75,2.09,-0.75,2.04,1.89,2.05,1.88,2.06,2.02,1.99,1.86,2023,Football-Data.co.uk,https://www.football-data.co.uk/mmz4281/2324/D1.csv,,,,,,,,,,,,,,,,,,,,,,,,,,,,,,,,,,,,,,,,,,,,,,,,,,,,,,,,,2023-10-21,freiburg,bochum,market_average_open,1.73,3.98,4.69,market_average_close,1.8,3.84,4.48,market_average_close,1.8,3.84,4.48,closing,0.5555555555555556,0.2604166666666667,0.2232142857142857,1.039186507936508,0.5346062052505967,0.2505966587112172,0.21479713603818615,0.7852028639618138,0.46539379474940334,0.7494033412887828,1.2735562310030395,2.1487179487179486,1.3343949044585988,H,1
D1,2023-10-21,14:30,Hoffenheim,Ein Frankfurt,1,3,A,1.0,3.0,A,14.0,13.0,5.0,5.0,7.0,7.0,6.0,3.0,3.0,0.0,0.0,0.0,2.1,3.5,3.4,2.05,3.6,3.4,2.1,3.55,3.35,2.15,3.72,3.4,2.05,3.7,3.3,2.1,3.7,3.3,2.18,3.89,3.47,2.12,3.67,3.37,1.67,2.2,1.7,2.24,1.76,2.3,1.69,2.21,-0.25,1.85,2.05,1.87,2.04,1.87,2.09,1.82,2.02,1.95,3.4,3.75,2.0,3.6,3.6,2.05,3.5,3.65,2.06,3.65,3.79,2.0,3.6,3.5,2.0,3.7,3.6,2.19,3.75,3.85,2.04,3.62,3.65,1.8,2.0,1.84,2.06,1.88,2.2,1.77,2.08,-0.5,2.06,1.87,2.06,1.87,2.06,1.89,2.03,1.85,2023,Football-Data.co.uk,https://www.football-data.co.uk/mmz4281/2324/D1.csv,,,,,,,,,,,,,,,,,,,,,,,,,,,,,,,,,,,,,,,,,,,,,,,,,,,,,,,,,2023-10-21,hoffenheim,eintracht frankfurt,market_average_open,2.12,3.67,3.37,market_average_close,2.04,3.62,3.65,market_average_close,2.04,3.62,3.65,closing,0.49019607843137253,0.27624309392265195,0.273972602739726,1.0404117750937505,0.47115583480127515,0.26551323287143686,0.263330932327288,0.736669067672712,0.5288441651987248,0.7344867671285631,1.357461638995111,1.8909162014186696,1.3614949169328765,H,0
D1,2023-10-21,14:30,Union Berlin,Stuttgart,0,3,A,0.0,1.0,A,10.0,10.0,2.0,5.0,12.0,12.0,4.0,2.0,2.0,1.0,0.0,0.0,2.5,3.5,2.7,2.45,3.5,2.75,2.5,3.5,2.75,2.56,3.58,2.79,2.45,3.5,2.7,2.5,3.5,2.75,2.6,3.7,2.84,2.54,3.54,2.75,1.8,2.0,1.83,2.06,1.86,2.1,1.8,2.04,0.0,1.86,2.04,1.87,2.04,1.88,2.04,1.85,2.0,2.5,3.25,2.88,2.55,3.3,2.75,2.55,3.3,2.8,2.61,3.37,2.92,2.5,3.4,2.75,2.55,3.4,2.75,2.75,3.5,2.96,2.57,3.37,2.83,2.06,1.84,2.08,1.84,2.15,1.91,2.01,1.83,0.0,1.84,2.09,1.85,2.08,1.93,2.13,1.84,2.03,2023,Football-Data.co.uk,https://www.football-data.co.uk/mmz4281/2324/D1.csv,,,,,,,,,,,,,,,,,,,,,,,,,,,,,,,,,,,,,,,,,,,,,,,,,,,,,,,,,2023-10-21,union berlin,vfb stuttgart,market_average_open,2.54,3.54,2.75,market_average_close,2.57,3.37,2.83,market_average_close,2.57,3.37,2.83,closing,0.38910505836575876,0.29673590504451036,0.35335689045936397,1.0391978538696331,0.37442827361205444,0.2855432234964332,0.3400285028915123,0.6599714971084876,0.6255717263879454,0.7144567765035668,1.5152169516127116,1.5985377180871096,1.3996647983294868,H,0
D1,2023-10-21,14:30,Wolfsburg,Leverkusen,1,2,A,1.0,1.0,D,18.0,13.0,7.0,6.0,15.0,14.0,4.0,3.0,3.0,5.0,0.0,0.0,4.33,4.0,1.75,4.1,4.0,1.78,4.6,3.95,1.73,4.52,4.2,1.75,4.33,4.0,1.73,4.4,4.1,1.73,4.8,4.3,1.78,4.47,4.12,1.75,1.57,2.38,1.56,2.54,1.57,2.57,1.55,2.48,0.75,1.95,1.95,1.95,1.95,1.96,1.95,1.91,1.91,4.2,4.2,1.73,4.33,3.9,1.75,4.5,3.9,1.75,4.47,4.11,1.79,4.33,4.0,1.73,4.4,4.0,1.75,4.8,4.3,1.83,4.41,4.09,1.76,1.62,2.3,1.65,2.36,1.65,2.52,1.62,2.35,0.75,1.94,1.99,1.92,2.01,1.99,2.01,1.9,1.95,2023,Football-Data.co.uk,https://www.football-data.co.uk/mmz4281/2324/D1.csv,,,,,,,,,,,,,,,,,,,,,,,,,,,,,,,,,,,,,,,,,,,,,,,,,,,,,,,,,2023-10-21,wolfsburg,bayer leverkusen,market_average_open,4.47,4.12,1.75,market_average_close,4.41,4.09,1.76,market_average_close,4.41,4.09,1.76,closing,0.22675736961451246,0.24449877750611249,0.5681818181818182,1.0394379653024433,0.218153826571587,0.23522209662119772,0.5466240768072153,0.45337592319278475,0.781846173428413,0.7647779033788022,2.20567513368984,1.2790239742620695,1.307569159074788,A,0
D1,2023-10-21,17:30,Mainz,Bayern Munich,1,3,A,1.0,2.0,A,14.0,12.0,3.0,5.0,12.0,10.0,2.0,7.0,3.0,2.0,0.0,0.0,9.0,6.0,1.29,9.75,6.25,1.27,10.0,5.75,1.3,9.99,6.69,1.27,9.5,6.5,1.25,10.0,6.5,1.25,11.0,7.0,1.31,9.77,6.53,1.28,1.3,3.5,,,1.33,3.85,1.29,3.58,1.75,2.01,1.89,1.99,1.89,2.02,1.92,1.96,1.87,8.5,6.0,1.29,9.25,6.0,1.29,9.0,6.0,1.3,8.78,6.24,1.32,9.5,6.0,1.25,9.5,6.0,1.29,10.0,6.5,1.32,9.26,6.12,1.3,1.36,3.2,1.39,3.24,1.42,3.28,1.37,3.13,1.75,1.9,2.03,1.88,2.03,1.96,2.04,1.88,1.97,2023,Football-Data.co.uk,https://www.football-data.co.uk/mmz4281/2324/D1.csv,,,,,,,,,,,,,,,,,,,,,,,,,,,,,,,,,,,,,,,,,,,,,,,,,,,,,,,,,2023-10-21,mainz 05,bayern munich,market_average_open,9.77,6.53,1.28,market_average_close,9.26,6.12,1.3,market_average_close,9.26,6.12,1.3,closing,0.1079913606911447,0.16339869281045752,0.7692307692307692,1.0406208227323714,0.10377589832153311,0.15702039517277722,0.7392037065056897,0.2607962934943103,0.8962241016784669,0.8429796048272228,3.834410323096929,1.1157923538623649,1.1862683204594968,A,0
D1,2023-10-22,14:30,FC Koln,M'gladbach,3,1,H,1.0,0.0,H,21.0,5.0,8.0,2.0,13.0,10.0,8.0,3.0,0.0,2.0,0.0,1.0,2.4,3.6,2.88,2.3,3.7,2.85,2.35,3.65,2.85,2.37,3.77,2.93,2.38,3.75,2.75,2.38,3.75,2.8,2.42,3.93,2.98,2.38,3.72,2.86,1.57,2.38,1.59,2.46,1.65,2.48,1.59,2.39,-0.25,2.07,1.83,2.07,1.85,2.07,1.88,2.03,1.8,2.4,3.75,2.75,2.4,3.6,2.75,2.45,3.75,2.65,2.52,3.67,2.85,2.4,3.6,2.7,2.45,3.7,2.7,2.57,3.81,3.07,2.45,3.67,2.78,1.62,2.3,1.69,2.29,1.7,2.38,1.65,2.27,0.0,1.87,2.06,1.85,2.08,1.91,2.14,1.83,2.05,2023,Football-Data.co.uk,https://www.football-data.co.uk/mmz4281/2324/D1.csv,,,,,,,,,,,,,,,,,,,,,,,,,,,,,,,,,,,,,,,,,,,,,,,,,,,,,,,,,2023-10-22,fc cologne,borussia m gladbach,market_average_open,2.38,3.72,2.86,market_average_close,2.45,3.67,2.78,market_average_close,2.45,3.67,2.78,closing,0.4081632653061224,0.2724795640326976,0.3597122302158274,1.0403550595546474,0.39233073512503314,0.26191016377556714,0.3457591010993998,0.6542408989006003,0.6076692648749669,0.7380898362244329,1.5284889735270606,1.6456320202499604,1.354848625358834,H,0
D1,2023-10-22,16:30,Heidenheim,Augsburg,2,5,A,2.0,3.0,A,16.0,9.0,5.0,6.0,11.0,11.0,6.0,5.0,3.0,2.0,0.0,0.0,2.45,3.5,2.8,2.35,3.5,2.85,2.4,3.5,2.85,2.42,3.69,2.91,2.38,3.6,2.75,2.4,3.6,2.8,2.45,3.79,2.94,2.4,3.62,2.87,1.73,2.1,1.75,2.17,1.77,2.23,1.71,2.17,-0.25,2.08,1.73,2.1,1.82,2.13,1.85,2.06,1.79,2.38,3.5,2.9,2.35,3.4,2.9,2.35,3.5,2.95,2.45,3.6,2.97,2.3,3.5,3.0,2.3,3.6,3.0,2.45,3.77,3.23,2.33,3.57,3.04,1.81,2.09,1.83,2.07,1.88,2.17,1.78,2.07,-0.25,2.13,1.81,2.12,1.83,2.13,1.95,2.0,1.85,2023,Football-Data.co.uk,https://www.football-data.co.uk/mmz4281/2324/D1.csv,,,,,,,,,,,,,,,,,,,,,,,,,,,,,,,,,,,,,,,,,,,,,,,,,,,,,,,,,2023-10-22,fc heidenheim,augsburg,market_average_open,2.4,3.62,2.87,market_average_close,2.33,3.57,3.04,market_average_close,2.33,3.57,3.04,closing,0.4291845493562232,0.2801120448179272,0.32894736842105265,1.0382439625952031,0.41337543469400967,0.26979405121485783,0.3168305140911324,0.6831694859088675,0.5866245653059903,0.730205948785142,1.4637656110615522,1.704667787784148,1.3694766547214792,H,0
D1,2023-10-27,19:30,Bochum,Mainz,2,2,D,1.0,0.0,H,10.0,10.0,4.0,4.0,14.0,21.0,5.0,4.0,3.0,3.0,0.0,0.0,2.7,3.3,2.55,2.65,3.5,2.5,2.65,3.4,2.6,2.78,3.57,2.57,2.7,3.5,2.45,2.7,3.6,2.5,2.84,3.74,2.65,2.72,3.54,2.56,1.73,2.1,1.76,2.16,1.8,2.18,1.75,2.11,0.0,2.04,1.89,2.05,1.88,2.05,1.9,2.01,1.87,2.8,3.4,2.45,2.65,3.5,2.5,2.7,3.45,2.55,2.85,3.52,2.55,2.7,3.6,2.45,2.7,3.6,2.5,2.9,3.76,2.65,2.78,3.56,2.51,1.8,2.0,1.8,2.11,1.8,2.2,1.74,2.13,0.25,1.7,2.1,1.76,2.2,1.85,2.2,1.74,2.12,2023,Football-Data.co.uk,https://www.football-data.co.uk/mmz4281/2324/D1.csv,,,,,,,,,,,,,,,,,,,,,,,,,,,,,,,,,,,,,,,,,,,,,,,,,,,,,,,,,2023-10-27,bochum,mainz 05,market_average_open,2.72,3.54,2.56,market_average_close,2.78,3.56,2.51,market_average_close,2.78,3.56,2.51,closing,0.3597122302158274,0.2808988764044944,0.39840637450199207,1.0390174811223138,0.34620421383794003,0.27035048159254865,0.38344530456951126,0.6165546954304887,0.6537957861620599,0.7296495184074513,1.6219161210049393,1.5295295888495135,1.3705210169707527,A,0
D1,2023-10-28,14:30,Augsburg,Wolfsburg,3,2,H,1.0,2.0,A,9.0,13.0,5.0,6.0,19.0,14.0,5.0,5.0,6.0,4.0,1.0,0.0,2.9,3.5,2.38,2.75,3.6,2.4,2.8,3.55,2.45,2.91,3.67,2.4,2.7,3.6,2.4,2.88,3.6,2.38,3.0,3.78,2.51,2.87,3.63,2.4,1.73,2.1,1.74,2.19,1.79,2.23,1.71,2.16,0.25,1.82,2.11,1.83,2.09,1.84,2.12,1.8,2.04,2.45,3.6,2.75,2.45,3.5,2.7,2.55,3.55,2.65,2.54,3.62,2.8,2.4,3.6,2.7,2.45,3.6,2.75,2.83,3.7,2.85,2.52,3.6,2.73,1.73,2.1,1.69,2.28,1.83,2.31,1.7,2.18,0.0,1.82,2.11,1.87,2.06,1.88,2.11,1.84,2.03,2023,Football-Data.co.uk,https://www.football-data.co.uk/mmz4281/2324/D1.csv,,,,,,,,,,,,,,,,,,,,,,,,,,,,,,,,,,,,,,,,,,,,,,,,,,,,,,,,,2023-10-28,augsburg,wolfsburg,market_average_open,2.87,3.63,2.4,market_average_close,2.52,3.6,2.73,market_average_close,2.52,3.6,2.73,closing,0.3968253968253968,0.2777777777777778,0.3663003663003663,1.040903540903541,0.38123167155425214,0.2668621700879765,0.3519061583577712,0.6480938416422286,0.6187683284457477,0.7331378299120234,1.5429864253393668,1.6161137440758298,1.364,H,0
D1,2023-10-28,14:30,Bayern Munich,Darmstadt,8,0,H,0.0,0.0,D,28.0,10.0,16.0,4.0,15.0,13.0,7.0,1.0,1.0,2.0,1.0,2.0,1.06,12.0,26.0,1.07,13.5,34.0,1.08,12.0,24.0,1.07,16.22,27.11,1.05,15.0,26.0,1.06,15.0,26.0,1.09,19.0,36.0,1.07,14.36,28.45,1.17,5.0,,,1.19,5.5,1.17,4.98,-3.0,1.93,2.0,1.91,1.96,1.98,2.0,1.9,1.94,1.06,12.0,23.0,1.08,13.5,29.0,1.08,12.0,23.0,1.06,17.61,32.15,1.05,15.0,26.0,1.06,15.0,26.0,1.1,17.61,36.0,1.07,14.13,28.23,1.17,5.0,,,1.19,5.85,1.15,5.31,-3.0,1.9,2.03,1.85,2.05,1.96,2.05,1.89,1.96,2023,Football-Data.co.uk,https://www.football-data.co.uk/mmz4281/2324/D1.csv,,,,,,,,,,,,,,,,,,,,,,,,,,,,,,,,,,,,,,,,,,,,,,,,,,,,,,,,,2023-10-28,bayern munich,darmstadt,market_average_open,1.07,14.36,28.45,market_average_close,1.07,14.13,28.23,market_average_close,1.07,14.13,28.23,closing,0.9345794392523364,0.07077140835102619,0.035423308537017355,1.0407741561403798,0.8979656477233666,0.06799881408803979,0.03403553818859377,0.9659644618114064,0.10203435227663356,0.9320011859119604,1.0352347726382907,9.800620846681316,1.0729600081157655,H,1
D1,2023-10-28,14:30,M'gladbach,Heidenheim,2,1,H,1.0,1.0,D,11.0,8.0,6.0,3.0,5.0,18.0,6.0,4.0,0.0,3.0,0.0,0.0,1.8,4.0,4.0,1.82,4.0,3.9,1.8,4.1,4.0,1.8,4.26,4.16,1.75,4.2,4.0,1.8,4.2,4.0,1.84,4.33,4.3,1.8,4.17,4.09,1.5,2.63,1.49,2.73,1.51,2.79,1.48,2.66,-0.75,2.01,1.92,2.01,1.89,2.02,1.92,1.98,1.87,1.67,4.0,4.5,1.7,4.2,4.4,1.7,4.2,4.4,1.69,4.44,4.7,1.67,4.33,4.33,1.7,4.33,4.33,1.76,4.44,4.98,1.71,4.29,4.5,1.5,2.63,1.51,2.73,1.52,2.86,1.46,2.69,-0.75,1.87,2.06,1.86,2.07,1.93,2.1,1.85,1.99,2023,Football-Data.co.uk,https://www.football-data.co.uk/mmz4281/2324/D1.csv,,,,,,,,,,,,,,,,,,,,,,,,,,,,,,,,,,,,,,,,,,,,,,,,,,,,,,,,,2023-10-28,borussia m gladbach,fc heidenheim,market_average_open,1.8,4.17,4.09,market_average_close,1.71,4.29,4.5,market_average_close,1.71,4.29,4.5,closing,0.5847953216374269,0.2331002331002331,0.2222222222222222,1.0401177769598822,0.5622395218998192,0.2241094597782496,0.21365101832193129,0.7863489816780688,0.43776047810018087,0.7758905402217504,1.2716999999999998,2.2843542302856115,1.2888415931894193,H,1
D1,2023-10-28,14:30,Stuttgart,Hoffenheim,2,3,A,0.0,2.0,A,23.0,7.0,10.0,5.0,13.0,11.0,6.0,0.0,2.0,1.0,0.0,0.0,1.85,4.0,3.8,1.83,4.0,3.8,1.85,4.1,3.75,1.88,4.15,3.82,1.8,4.2,3.75,1.85,4.1,3.75,1.9,4.3,3.98,1.86,4.14,3.82,1.5,2.63,1.5,2.68,1.52,2.75,1.49,2.63,-0.5,1.88,2.05,1.88,2.02,1.88,2.05,1.85,2.01,1.65,4.2,4.75,1.71,4.1,4.4,1.73,4.1,4.5,1.67,4.43,4.84,1.65,4.2,4.6,1.65,4.33,4.75,1.74,4.43,5.17,1.68,4.28,4.71,1.5,2.63,1.54,2.58,1.6,2.68,1.53,2.52,-0.75,1.83,2.1,1.85,2.09,1.88,2.14,1.82,2.03,2023,Football-Data.co.uk,https://www.football-data.co.uk/mmz4281/2324/D1.csv,,,,,,,,,,,,,,,,,,,,,,,,,,,,,,,,,,,,,,,,,,,,,,,,,,,,,,,,,2023-10-28,vfb stuttgart,hoffenheim,market_average_open,1.86,4.14,3.82,market_average_close,1.68,4.28,4.71,market_average_close,1.68,4.28,4.71,closing,0.5952380952380952,0.2336448598130841,0.21231422505307856,1.0411971801042579,0.5716862344733707,0.22440020418580908,0.20391356134082017,0.7960864386591798,0.42831376552662925,0.7755997958141909,1.2561450006412176,2.3347370093754964,1.2893247334474134,H,1
D1,2023-10-28,14:30,Werder Bremen,Union Berlin,2,0,H,1.0,0.0,H,9.0,7.0,3.0,2.0,12.0,14.0,3.0,3.0,1.0,4.0,0.0,1.0,2.7,3.3,2.6,2.6,3.4,2.6,2.65,3.45,2.65,2.73,3.61,2.6,2.6,3.6,2.5,2.7,3.5,2.55,2.77,3.68,2.7,2.68,3.54,2.61,1.8,2.0,1.82,2.07,1.87,2.09,1.81,2.03,0.0,2.01,1.92,2.0,1.91,2.01,1.93,1.96,1.9,2.8,3.25,2.45,2.75,3.4,2.5,2.85,3.4,2.45,2.86,3.53,2.53,2.8,3.5,2.4,2.8,3.5,2.45,3.1,3.64,2.55,2.86,3.46,2.49,1.87,2.03,1.83,2.08,1.92,2.1,1.82,2.02,0.0,2.11,1.82,2.09,1.85,2.14,1.85,2.07,1.8,2023,Football-Data.co.uk,https://www.football-data.co.uk/mmz4281/2324/D1.csv,,,,,,,,,,,,,,,,,,,,,,,,,,,,,,,,,,,,,,,,,,,,,,,,,,,,,,,,,2023-10-28,werder bremen,union berlin,market_average_open,2.68,3.54,2.61,market_average_close,2.86,3.46,2.49,market_average_close,2.86,3.46,2.49,closing,0.3496503496503497,0.28901734104046245,0.4016064257028112,1.0402741163936233,0.3361136686381299,0.27782806135984145,0.38605827000202864,0.6139417299979714,0.6638863313618701,0.7221719386401586,1.6288190737634078,1.5062819533407767,1.384711792987953,A,0
D1,2023-10-28,17:30,RB Leipzig,FC Koln,6,0,H,4.0,0.0,H,24.0,6.0,13.0,1.0,8.0,13.0,11.0,1.0,2.0,4.0,0.0,1.0,1.44,4.75,7.0,1.43,4.8,7.0,1.4,4.9,7.75,1.44,5.05,7.18,1.4,5.0,7.0,1.4,5.0,7.0,1.48,5.2,7.75,1.44,4.97,7.1,1.57,2.38,1.6,2.44,1.62,2.5,1.57,2.42,-1.25,1.96,1.97,1.96,1.94,1.97,1.98,1.92,1.92,1.5,4.5,6.5,1.49,4.5,6.25,1.43,4.9,6.75,1.49,4.78,6.56,1.44,4.6,6.5,1.45,4.75,6.5,1.51,5.0,7.29,1.48,4.73,6.58,1.57,2.38,1.59,2.47,1.61,2.55,1.58,2.41,-1.25,2.1,1.83,2.1,1.84,2.1,1.9,2.01,1.84,2023,Football-Data.co.uk,https://www.football-data.co.uk/mmz4281/2324/D1.csv,,,,,,,,,,,,,,,,,,,,,,,,,,,,,,,,,,,,,,,,,,,,,,,,,,,,,,,,,2023-10-28,rasenballsport leipzig,fc cologne,market_average_open,1.44,4.97,7.1,market_average_close,1.48,4.73,6.58,market_average_close,1.48,4.73,6.58,closing,0.6756756756756757,0.2114164904862579,0.1519756838905775,1.039067850052511,0.6502709862898071,0.20346745448391423,0.1462615592262788,0.8537384407737213,0.34972901371019305,0.7965325455160859,1.1713189335761027,2.85935670418429,1.2554414827483094,H,1
D1,2023-10-29,14:30,Ein Frankfurt,Dortmund,3,3,D,2.0,1.0,H,11.0,14.0,7.0,4.0,11.0,10.0,0.0,4.0,3.0,2.0,0.0,0.0,3.4,3.4,2.15,3.1,3.6,2.15,3.2,3.55,2.2,3.31,3.73,2.18,3.1,3.7,2.15,3.2,3.7,2.15,3.4,3.89,2.22,3.24,3.69,2.17,1.67,2.2,1.69,2.26,1.7,2.4,1.65,2.26,0.25,2.04,1.89,2.01,1.9,2.05,1.91,1.96,1.86,3.2,3.4,2.25,3.0,3.6,2.25,3.15,3.55,2.2,3.14,3.7,2.28,3.0,3.7,2.2,3.1,3.6,2.2,3.55,3.75,2.32,3.12,3.62,2.24,1.67,2.2,1.68,2.3,1.68,2.44,1.63,2.28,0.25,1.92,2.01,1.93,1.99,1.99,2.03,1.91,1.92,2023,Football-Data.co.uk,https://www.football-data.co.uk/mmz4281/2324/D1.csv,,,,,,,,,,,,,,,,,,,,,,,,,,,,,,,,,,,,,,,,,,,,,,,,,,,,,,,,,2023-10-29,eintracht frankfurt,dortmund,market_average_open,3.24,3.69,2.17,market_average_close,3.12,3.62,2.24,market_average_close,3.12,3.62,2.24,closing,0.3205128205128205,0.27624309392265195,0.4464285714285714,1.0431844858640438,0.3072446195816914,0.26480751742952413,0.4279478629887845,0.5720521370112155,0.6927553804183086,0.7351924825704759,1.7480924120389996,1.4435109827601293,1.3601880102251176,A,0
D1,2023-10-29,16:30,Leverkusen,Freiburg,2,1,H,1.0,0.0,H,19.0,10.0,4.0,4.0,9.0,10.0,11.0,4.0,0.0,2.0,0.0,0.0,1.29,5.5,11.0,1.31,5.75,9.0,1.3,5.75,10.0,1.29,6.08,10.27,1.25,6.0,11.0,1.29,6.0,10.5,1.33,6.55,11.5,1.29,6.01,10.41,1.5,2.63,1.48,2.7,1.51,2.75,1.48,2.65,-1.5,1.78,2.03,1.78,2.1,1.86,2.15,1.8,2.07,1.22,7.0,10.0,1.24,6.5,11.5,1.25,6.5,12.0,1.24,6.67,12.56,1.22,6.5,12.0,1.22,6.5,12.0,1.27,7.48,14.0,1.24,6.71,12.06,1.44,2.75,1.45,2.83,1.53,3.04,1.44,2.8,-1.75,1.86,2.07,1.86,2.05,1.91,2.12,1.84,2.01,2023,Football-Data.co.uk,https://www.football-data.co.uk/mmz4281/2324/D1.csv,,,,,,,,,,,,,,,,,,,,,,,,,,,,,,,,,,,,,,,,,,,,,,,,,,,,,,,,,2023-10-29,bayer leverkusen,freiburg,market_average_open,1.29,6.01,10.41,market_average_close,1.24,6.71,12.06,market_average_close,1.24,6.71,12.06,closing,0.8064516129032259,0.14903129657228018,0.08291873963515754,1.0384016491106636,0.7766278237268877,0.14351989588991662,0.07985228038319574,0.9201477196168043,0.22337217627311234,0.8564801041100834,1.0867820228000458,4.476833313283037,1.1675694452225944,H,1
D1,2023-11-03,19:30,Darmstadt,Bochum,1,2,A,1.0,1.0,D,15.0,9.0,4.0,4.0,7.0,16.0,11.0,2.0,2.0,5.0,1.0,0.0,2.3,3.75,2.88,2.35,3.5,2.87,2.45,3.5,2.85,2.41,3.61,2.98,2.3,3.6,2.75,2.38,3.6,2.88,2.45,3.75,3.03,2.38,3.62,2.91,1.67,2.2,1.7,2.26,1.74,2.36,1.67,2.24,-0.25,2.09,1.84,2.1,1.84,2.11,1.87,2.03,1.8,2.3,3.5,3.0,2.37,3.4,2.9,2.4,3.5,2.85,2.37,3.53,3.1,2.3,3.4,2.9,2.3,3.5,3.0,2.42,3.6,3.18,2.35,3.51,3.02,1.8,2.0,1.81,2.06,1.85,2.15,1.78,2.07,-0.25,2.06,1.87,2.05,1.88,2.09,1.91,2.0,1.84,2023,Football-Data.co.uk,https://www.football-data.co.uk/mmz4281/2324/D1.csv,,,,,,,,,,,,,,,,,,,,,,,,,,,,,,,,,,,,,,,,,,,,,,,,,,,,,,,,,2023-11-03,darmstadt,bochum,market_average_open,2.38,3.62,2.91,market_average_close,2.35,3.51,3.02,market_average_close,2.35,3.51,3.02,closing,0.425531914893617,0.2849002849002849,0.33112582781456956,1.0415580276084715,0.40855324774432755,0.27353280119634465,0.31791395105932774,0.6820860489406722,0.5914467522556723,0.7264671988036553,1.4660906810116856,1.69076928089668,1.376524640956671,H,0
D1,2023-11-04,14:30,FC Koln,Augsburg,1,1,D,1.0,1.0,D,28.0,18.0,12.0,3.0,10.0,10.0,10.0,2.0,1.0,4.0,0.0,0.0,2.3,3.6,2.9,2.3,3.7,2.8,2.4,3.65,2.75,2.32,3.75,2.97,2.3,3.6,2.75,2.38,3.6,2.9,2.47,3.85,3.03,2.35,3.72,2.89,1.62,2.3,1.64,2.36,1.67,2.41,1.63,2.33,-0.25,2.04,1.89,2.03,1.88,2.1,1.89,2.01,1.83,1.95,3.75,3.5,2.05,3.7,3.3,2.05,3.75,3.35,2.05,3.89,3.52,1.95,3.75,3.3,2.05,3.8,3.3,2.16,3.91,3.56,2.05,3.79,3.44,1.62,2.3,1.65,2.34,1.71,2.42,1.64,2.3,-0.5,2.04,1.89,2.06,1.87,2.09,1.9,2.04,1.83,2023,Football-Data.co.uk,https://www.football-data.co.uk/mmz4281/2324/D1.csv,,,,,,,,,,,,,,,,,,,,,,,,,,,,,,,,,,,,,,,,,,,,,,,,,,,,,,,,,2023-11-04,fc cologne,augsburg,market_average_open,2.35,3.72,2.89,market_average_close,2.05,3.79,3.44,market_average_close,2.05,3.79,3.44,closing,0.48780487804878053,0.2638522427440633,0.29069767441860467,1.0423547952114485,0.4679835314134341,0.2531309338779788,0.2788855347085872,0.7211144652914129,0.532016468586566,0.7468690661220212,1.386742394074546,1.8796410619707855,1.3389227715539407,H,0
D1,2023-11-04,14:30,Freiburg,M'gladbach,3,3,D,1.0,3.0,A,15.0,10.0,8.0,5.0,7.0,10.0,8.0,2.0,2.0,2.0,0.0,0.0,2.1,3.8,3.2,2.1,3.7,3.25,2.1,3.75,3.2,2.08,4.0,3.31,2.05,3.75,3.1,2.05,3.8,3.3,2.15,4.1,3.39,2.1,3.85,3.28,1.57,2.38,1.6,2.46,1.64,2.5,1.59,2.38,-0.25,1.85,2.08,1.83,2.08,1.85,2.08,1.82,2.02,1.95,3.8,3.6,2.0,3.7,3.4,2.05,3.75,3.4,2.03,3.85,3.64,1.95,3.8,3.3,2.0,3.9,3.4,2.12,4.0,3.76,2.02,3.83,3.53,1.67,2.2,1.68,2.31,1.68,2.44,1.63,2.31,-0.5,2.01,1.92,2.03,1.89,2.05,1.94,2.01,1.86,2023,Football-Data.co.uk,https://www.football-data.co.uk/mmz4281/2324/D1.csv,,,,,,,,,,,,,,,,,,,,,,,,,,,,,,,,,,,,,,,,,,,,,,,,,,,,,,,,,2023-11-04,freiburg,borussia m gladbach,market_average_open,2.1,3.85,3.28,market_average_close,2.02,3.83,3.53,market_average_close,2.02,3.83,3.53,closing,0.49504950495049505,0.2610966057441253,0.28328611898017,1.0394322296747904,0.4762691504239601,0.2511915623645951,0.2725392872114446,0.7274607127885553,0.5237308495760398,0.7488084376354047,1.374644681726835,1.9093776904864401,1.3354550372827136,H,0
D1,2023-11-04,14:30,Hoffenheim,Leverkusen,2,3,A,0.0,2.0,A,12.0,10.0,7.0,4.0,6.0,10.0,4.0,3.0,3.0,2.0,0.0,0.0,5.0,4.5,1.57,4.5,4.6,1.61,4.9,4.5,1.6,4.92,4.9,1.59,4.6,4.8,1.53,4.8,4.6,1.6,5.1,5.1,1.62,4.85,4.82,1.59,1.33,3.4,1.34,3.41,1.34,3.5,1.32,3.35,1.0,1.97,1.96,1.97,1.93,1.98,1.97,1.93,1.92,5.5,4.75,1.5,5.25,4.8,1.51,4.8,4.8,1.6,5.53,5.01,1.53,5.5,4.8,1.5,5.5,5.0,1.5,5.8,5.2,1.6,5.44,4.95,1.53,1.36,3.2,1.38,3.22,1.38,3.45,1.35,3.25,1.25,1.85,2.08,1.85,2.09,1.88,2.14,1.83,2.03,2023,Football-Data.co.uk,https://www.football-data.co.uk/mmz4281/2324/D1.csv,,,,,,,,,,,,,,,,,,,,,,,,,,,,,,,,,,,,,,,,,,,,,,,,,,,,,,,,,2023-11-04,hoffenheim,bayer leverkusen,market_average_open,4.85,4.82,1.59,market_average_close,5.44,4.95,1.53,market_average_close,5.44,4.95,1.53,closing,0.1838235294117647,0.20202020202020202,0.6535947712418301,1.039438502673797,0.17684887459807072,0.19435512683101105,0.6287959985709182,0.3712040014290818,0.8231511254019293,0.8056448731689889,2.6939364773820986,1.21484375,1.2412416851441241,A,0
D1,2023-11-04,14:30,Mainz,RB Leipzig,2,0,H,0.0,0.0,D,10.0,10.0,3.0,2.0,13.0,9.0,2.0,7.0,3.0,1.0,0.0,0.0,5.75,4.2,1.6,5.25,4.33,1.58,5.25,4.3,1.6,5.42,4.56,1.58,5.0,4.4,1.53,5.25,4.4,1.57,5.75,4.75,1.73,5.23,4.44,1.6,1.62,2.3,1.62,2.39,1.63,2.44,1.59,2.38,1.0,1.91,2.02,1.92,1.98,1.94,2.16,1.88,1.98,4.5,4.0,1.73,4.5,4.0,1.72,4.6,4.2,1.7,4.57,4.04,1.78,4.5,4.0,1.65,4.5,4.2,1.7,5.06,4.44,1.78,4.62,4.12,1.72,1.67,2.2,1.7,2.26,1.7,2.42,1.65,2.28,0.75,1.93,2.0,1.93,2.0,1.99,2.0,1.94,1.9,2023,Football-Data.co.uk,https://www.football-data.co.uk/mmz4281/2324/D1.csv,,,,,,,,,,,,,,,,,,,,,,,,,,,,,,,,,,,,,,,,,,,,,,,,,,,,,,,,,2023-11-04,mainz 05,rasenballsport leipzig,market_average_open,5.23,4.44,1.6,market_average_close,4.62,4.12,1.72,market_average_close,4.62,4.12,1.72,closing,0.21645021645021645,0.24271844660194175,0.5813953488372093,1.0405640118893675,0.20801239902310725,0.2332566222055232,0.5587309787713696,0.44126902122863043,0.7919876009768928,0.7667433777944768,2.266191261774254,1.2626460297693174,1.3042173287188754,A,0
D1,2023-11-04,14:30,Union Berlin,Ein Frankfurt,0,3,A,0.0,2.0,A,10.0,4.0,3.0,3.0,13.0,8.0,9.0,1.0,0.0,1.0,0.0,0.0,2.55,3.1,2.9,2.5,3.3,2.8,2.6,3.25,2.8,2.57,3.21,3.01,2.45,3.2,2.8,2.5,3.25,2.9,2.65,3.3,3.06,2.56,3.25,2.92,2.0,1.8,2.06,1.84,2.13,1.85,2.04,1.8,0.0,1.83,2.1,1.81,2.12,1.87,2.13,1.81,2.06,2.5,3.1,3.0,2.55,3.1,2.9,2.55,3.15,2.9,2.54,3.26,3.06,2.45,3.1,2.88,2.5,3.3,2.9,2.65,3.31,3.13,2.54,3.21,2.98,2.1,1.73,2.13,1.79,2.17,1.81,2.11,1.76,-0.25,2.08,1.73,2.16,1.78,2.2,1.82,2.13,1.75,2023,Football-Data.co.uk,https://www.football-data.co.uk/mmz4281/2324/D1.csv,,,,,,,,,,,,,,,,,,,,,,,,,,,,,,,,,,,,,,,,,,,,,,,,,,,,,,,,,2023-11-04,union berlin,eintracht frankfurt,market_average_open,2.56,3.25,2.92,market_average_close,2.54,3.21,2.98,market_average_close,2.54,3.21,2.98,closing,0.39370078740157477,0.3115264797507788,0.33557046979865773,1.0407977369510113,0.3782682969266541,0.2993151009949226,0.3224166020784233,0.6775833979215766,0.6217317030733459,0.7006848990050774,1.4758330901663264,1.6084108226374771,1.427175041762608,H,0
D1,2023-11-04,17:30,Dortmund,Bayern Munich,0,4,A,0.0,2.0,A,15.0,14.0,1.0,8.0,14.0,6.0,3.0,2.0,3.0,2.0,0.0,0.0,4.0,4.33,1.75,3.75,4.33,1.8,3.8,4.3,1.8,3.77,4.42,1.84,3.7,4.2,1.75,3.7,4.4,1.8,4.05,4.61,1.88,3.81,4.39,1.82,1.33,3.4,1.37,3.23,1.37,3.5,1.34,3.32,0.5,2.03,1.78,2.07,1.85,2.11,1.85,2.04,1.82,4.0,4.33,1.75,3.8,4.33,1.77,3.65,4.0,1.9,3.91,4.53,1.81,3.75,4.33,1.73,3.75,4.4,1.8,4.08,4.76,1.9,3.85,4.42,1.81,1.3,3.5,1.34,3.46,1.36,3.5,1.33,3.36,0.75,1.93,2.0,1.91,2.02,1.95,2.05,1.87,1.98,2023,Football-Data.co.uk,https://www.football-data.co.uk/mmz4281/2324/D1.csv,,,,,,,,,,,,,,,,,,,,,,,,,,,,,,,,,,,,,,,,,,,,,,,,,,,,,,,,,2023-11-04,dortmund,bayern munich,market_average_open,3.81,4.39,1.82,market_average_close,3.85,4.42,1.81,market_average_close,3.85,4.42,1.81,closing,0.2597402597402597,0.22624434389140272,0.5524861878453039,1.0384707914769664,0.25011802149085366,0.21786298252031375,0.5320189959888325,0.4679810040111674,0.7498819785091463,0.7821370174796862,2.1368388704429915,1.33354318233933,1.2785483587291944,A,0
D1,2023-11-05,14:30,Wolfsburg,Werder Bremen,2,2,D,1.0,1.0,D,15.0,13.0,5.0,4.0,14.0,17.0,5.0,2.0,4.0,1.0,1.0,0.0,1.7,4.33,4.33,1.73,4.2,4.2,1.73,4.3,4.2,1.74,4.29,4.37,1.67,4.2,4.2,1.73,4.2,4.33,1.77,4.4,4.6,1.73,4.3,4.32,1.44,2.75,1.49,2.71,1.49,2.85,1.45,2.72,-0.75,1.94,1.99,1.94,1.96,1.95,1.99,1.9,1.94,1.7,4.33,4.2,1.7,4.2,4.33,1.7,4.2,4.4,1.75,4.31,4.39,1.65,4.33,4.2,1.7,4.33,4.2,1.75,4.44,4.65,1.71,4.31,4.34,1.44,2.75,1.5,2.74,1.5,2.8,1.45,2.72,-0.75,1.95,1.98,1.95,1.97,1.97,2.05,1.88,1.96,2023,Football-Data.co.uk,https://www.football-data.co.uk/mmz4281/2324/D1.csv,,,,,,,,,,,,,,,,,,,,,,,,,,,,,,,,,,,,,,,,,,,,,,,,,,,,,,,,,2023-11-05,wolfsburg,werder bremen,market_average_open,1.73,4.3,4.32,market_average_close,1.71,4.31,4.34,market_average_close,1.71,4.31,4.34,closing,0.5847953216374269,0.2320185614849188,0.2304147465437788,1.0472286296661246,0.5584218241090966,0.2215548304469966,0.22002334544390673,0.7799766545560931,0.4415781758909033,0.7784451695530032,1.2820896550668281,2.2646046716019335,1.2846119920998642,H,1
D1,2023-11-05,16:30,Heidenheim,Stuttgart,2,0,H,0.0,0.0,D,19.0,14.0,2.0,2.0,7.0,13.0,9.0,6.0,2.0,2.0,0.0,0.0,4.5,4.33,1.65,4.5,4.2,1.66,4.5,4.4,1.67,4.59,4.39,1.69,4.5,4.2,1.62,4.6,4.33,1.67,4.8,4.5,1.73,4.6,4.38,1.68,1.5,2.63,1.51,2.66,1.51,2.72,1.48,2.65,0.75,2.08,1.85,2.03,1.88,2.09,1.88,2.01,1.83,5.25,4.2,1.62,5.5,4.1,1.6,5.5,4.3,1.6,5.3,4.25,1.65,5.5,4.2,1.53,5.5,4.2,1.6,5.6,4.42,1.66,5.44,4.28,1.6,1.73,2.1,1.73,2.22,1.74,2.38,1.65,2.24,1.0,1.83,2.1,1.81,2.11,1.91,2.14,1.85,2.01,2023,Football-Data.co.uk,https://www.football-data.co.uk/mmz4281/2324/D1.csv,,,,,,,,,,,,,,,,,,,,,,,,,,,,,,,,,,,,,,,,,,,,,,,,,,,,,,,,,2023-11-05,fc heidenheim,vfb stuttgart,market_average_open,4.6,4.38,1.68,market_average_close,5.44,4.28,1.6,market_average_close,5.44,4.28,1.6,closing,0.1838235294117647,0.2336448598130841,0.625,1.0424683892248487,0.17633487145682267,0.22412656558998023,0.5995385629531972,0.4004614370468029,0.8236651285431774,0.7758734344100199,2.497119341563786,1.2140856342537014,1.2888700084961766,A,0
D1,2023-11-10,19:30,M'gladbach,Wolfsburg,4,0,H,2.0,0.0,H,16.0,12.0,8.0,4.0,7.0,12.0,8.0,5.0,1.0,3.0,0.0,0.0,2.3,3.8,2.7,2.3,3.7,2.8,2.4,3.55,2.85,2.41,3.75,2.89,2.3,3.7,2.7,2.3,3.8,2.8,2.45,3.9,2.95,2.38,3.76,2.82,1.53,2.5,1.57,2.54,1.57,2.65,1.53,2.54,-0.25,2.11,1.82,2.11,1.83,2.14,1.85,2.05,1.8,2.3,3.8,2.7,2.35,3.75,2.75,2.4,3.55,2.8,2.36,3.9,2.87,2.3,3.7,2.7,2.38,3.8,2.75,2.4,3.95,2.92,2.36,3.8,2.81,1.5,2.63,1.52,2.66,1.53,2.7,1.5,2.62,-0.25,2.05,1.88,2.08,1.85,2.11,1.89,2.04,1.82,2023,Football-Data.co.uk,https://www.football-data.co.uk/mmz4281/2324/D1.csv,,,,,,,,,,,,,,,,,,,,,,,,,,,,,,,,,,,,,,,,,,,,,,,,,,,,,,,,,2023-11-10,borussia m gladbach,wolfsburg,market_average_open,2.38,3.76,2.82,market_average_close,2.36,3.8,2.81,market_average_close,2.36,3.8,2.81,closing,0.42372881355932207,0.2631578947368421,0.35587188612099646,1.0427585944171607,0.4063537004901513,0.25236703504125185,0.3412792644685968,0.6587207355314031,0.5936462995098486,0.7476329649587481,1.5180940056384897,1.6845047308905359,1.3375547185177645,H,0
D1,2023-11-11,14:30,Augsburg,Hoffenheim,1,1,D,0.0,1.0,A,11.0,12.0,6.0,6.0,9.0,11.0,3.0,5.0,1.0,2.0,0.0,0.0,2.63,3.6,2.55,2.5,3.75,2.5,2.6,3.75,2.55,2.62,3.92,2.52,2.45,3.8,2.45,2.6,3.75,2.5,2.69,4.0,2.6,2.6,3.8,2.53,1.5,2.63,1.48,2.76,1.5,2.82,1.47,2.69,0.0,1.98,1.92,1.99,1.92,2.0,1.93,1.96,1.9,2.38,3.8,2.75,2.35,3.75,2.7,2.5,3.75,2.6,2.43,3.86,2.8,2.3,3.8,2.62,2.38,3.8,2.75,2.52,4.05,2.86,2.42,3.81,2.75,1.44,2.75,1.48,2.79,1.51,2.81,1.47,2.7,-0.25,2.05,1.75,2.13,1.81,2.16,1.84,2.08,1.78,2023,Football-Data.co.uk,https://www.football-data.co.uk/mmz4281/2324/D1.csv,,,,,,,,,,,,,,,,,,,,,,,,,,,,,,,,,,,,,,,,,,,,,,,,,,,,,,,,,2023-11-11,augsburg,hoffenheim,market_average_open,2.6,3.8,2.53,market_average_close,2.42,3.81,2.75,market_average_close,2.42,3.81,2.75,closing,0.4132231404958678,0.26246719160104987,0.36363636363636365,1.0393266957332812,0.39758734399131784,0.2525357932963226,0.3498768627123597,0.6501231372876404,0.6024126560086822,0.7474642067036775,1.5381701444622793,1.659991685144124,1.3378567040822023,H,0
D1,2023-11-11,14:30,Bayern Munich,Heidenheim,4,2,H,2.0,0.0,H,18.0,7.0,8.0,2.0,8.0,8.0,7.0,2.0,1.0,0.0,0.0,0.0,1.06,17.0,21.0,1.07,14.5,31.0,1.1,10.0,23.0,1.06,18.13,28.2,1.04,13.0,26.0,1.06,15.0,29.0,1.08,21.0,41.0,1.06,15.98,30.37,1.17,5.0,,,1.18,5.5,1.16,5.07,-3.0,1.85,2.05,1.85,2.03,1.87,2.06,1.84,2.02,1.11,12.0,15.0,1.12,11.0,17.0,1.1,12.0,17.0,1.11,12.0,19.0,1.07,11.0,19.0,1.09,11.5,21.0,1.14,17.0,34.0,1.11,11.8,20.62,1.17,5.0,,,1.22,5.0,1.18,4.73,-2.75,2.03,1.9,2.0,1.89,2.04,2.14,1.92,1.92,2023,Football-Data.co.uk,https://www.football-data.co.uk/mmz4281/2324/D1.csv,,,,,,,,,,,,,,,,,,,,,,,,,,,,,,,,,,,,,,,,,,,,,,,,,,,,,,,,,2023-11-11,bayern munich,fc heidenheim,market_average_open,1.06,15.98,30.37,market_average_close,1.11,11.8,20.62,market_average_close,1.11,11.8,20.62,closing,0.9009009009009008,0.0847457627118644,0.04849660523763336,1.0341432688503986,0.8711567613860541,0.0819477970456373,0.046895441568308445,0.9531045584316914,0.12884323861394575,0.9180522029543626,1.0492028300079415,7.761369636138298,1.0892626767649194,H,1
D1,2023-11-11,14:30,Darmstadt,Mainz,0,0,D,0.0,0.0,D,9.0,9.0,3.0,0.0,20.0,15.0,0.0,5.0,3.0,3.0,0.0,0.0,3.1,3.5,2.25,2.9,3.6,2.3,2.95,3.6,2.3,3.04,3.72,2.3,2.8,3.6,2.25,3.0,3.6,2.3,3.11,3.84,2.36,2.99,3.67,2.31,1.67,2.2,1.69,2.27,1.71,2.31,1.66,2.22,0.25,1.9,2.0,1.9,2.01,1.9,2.02,1.86,1.98,3.1,3.5,2.25,3.0,3.4,2.3,3.1,3.45,2.3,3.28,3.48,2.3,3.0,3.4,2.25,3.0,3.5,2.3,3.28,3.6,2.38,3.13,3.48,2.31,1.9,2.0,1.92,1.99,1.93,2.14,1.85,1.99,0.25,1.93,2.0,1.93,1.99,1.95,2.03,1.87,1.96,2023,Football-Data.co.uk,https://www.football-data.co.uk/mmz4281/2324/D1.csv,,,,,,,,,,,,,,,,,,,,,,,,,,,,,,,,,,,,,,,,,,,,,,,,,,,,,,,,,2023-11-11,darmstadt,mainz 05,market_average_open,2.99,3.67,2.31,market_average_close,3.13,3.48,2.31,market_average_close,3.13,3.48,2.31,closing,0.3194888178913738,0.28735632183908044,0.4329004329004329,1.039745572630887,0.3072759589473081,0.2763717676738719,0.4163522733788201,0.5836477266211799,0.692724041052692,0.7236282323261282,1.71336228068452,1.4435762883014118,1.3819250760649087,A,0
D1,2023-11-11,14:30,Stuttgart,Dortmund,2,1,H,1.0,1.0,D,22.0,5.0,10.0,1.0,13.0,16.0,6.0,1.0,2.0,3.0,0.0,0.0,2.55,3.75,2.55,2.55,3.8,2.45,2.55,3.75,2.55,2.61,3.85,2.56,2.5,3.7,2.45,2.55,3.8,2.55,2.7,3.91,2.67,2.59,3.79,2.56,1.44,2.75,1.49,2.72,1.5,2.8,1.47,2.7,0.0,1.97,1.93,1.97,1.93,2.01,2.0,1.95,1.92,2.45,3.8,2.63,2.4,3.7,2.7,2.6,3.75,2.5,2.49,3.84,2.74,2.38,3.75,2.6,2.4,3.8,2.7,2.6,4.11,2.85,2.44,3.8,2.71,1.5,2.63,1.55,2.6,1.55,2.79,1.49,2.6,0.0,1.87,2.06,1.87,2.06,1.9,2.11,1.85,2.03,2023,Football-Data.co.uk,https://www.football-data.co.uk/mmz4281/2324/D1.csv,,,,,,,,,,,,,,,,,,,,,,,,,,,,,,,,,,,,,,,,,,,,,,,,,,,,,,,,,2023-11-11,vfb stuttgart,dortmund,market_average_open,2.59,3.79,2.56,market_average_close,2.44,3.8,2.71,market_average_close,2.44,3.8,2.71,closing,0.4098360655737705,0.2631578947368421,0.36900369003690037,1.041997650347513,0.3933176484967001,0.25255133219261794,0.35413101931068197,0.6458689806893181,0.6066823515033,0.7474486678073821,1.5483016368625222,1.6483090327617032,1.3378845171180378,H,0
D1,2023-11-11,17:30,Bochum,FC Koln,1,1,D,1.0,0.0,H,25.0,10.0,9.0,6.0,14.0,19.0,3.0,3.0,4.0,1.0,0.0,0.0,2.45,3.4,2.88,2.37,3.6,2.8,2.45,3.55,2.8,2.46,3.7,2.81,2.38,3.6,2.7,2.45,3.6,2.8,2.51,3.75,2.9,2.45,3.62,2.82,1.67,2.2,1.7,2.24,1.73,2.28,1.69,2.2,-0.25,2.08,1.73,2.14,1.78,2.16,1.8,2.09,1.76,2.55,3.5,2.63,2.6,3.5,2.6,2.5,3.5,2.75,2.59,3.61,2.75,2.45,3.6,2.6,2.55,3.6,2.63,2.85,3.72,2.76,2.59,3.57,2.67,1.67,2.2,1.72,2.23,1.73,2.38,1.69,2.21,0.0,1.9,2.03,1.9,2.03,1.93,2.04,1.89,1.98,2023,Football-Data.co.uk,https://www.football-data.co.uk/mmz4281/2324/D1.csv,,,,,,,,,,,,,,,,,,,,,,,,,,,,,,,,,,,,,,,,,,,,,,,,,,,,,,,,,2023-11-11,bochum,fc cologne,market_average_open,2.45,3.62,2.82,market_average_close,2.59,3.57,2.67,market_average_close,2.59,3.57,2.67,closing,0.3861003861003861,0.2801120448179272,0.37453183520599254,1.0407442661243058,0.3709848794442174,0.2691458929301185,0.3598692276256641,0.6401307723743359,0.6290151205557826,0.7308541070698815,1.5621807967313586,1.5897869022869024,1.3682621337508387,H,0
D1,2023-11-12,14:30,Leverkusen,Union Berlin,4,0,H,1.0,0.0,H,19.0,2.0,10.0,2.0,8.0,5.0,10.0,1.0,0.0,1.0,0.0,0.0,1.29,6.0,9.0,1.28,5.75,10.5,1.3,6.0,9.5,1.29,6.09,10.4,1.25,5.8,10.0,1.29,6.0,10.5,1.3,6.5,12.0,1.28,6.03,10.54,1.57,2.38,1.59,2.47,1.62,2.46,1.57,2.41,-1.75,2.03,1.78,2.07,1.83,2.06,1.86,2.01,1.82,1.36,5.25,7.5,1.34,5.25,8.5,1.4,5.5,7.0,1.35,5.56,9.04,1.3,5.5,8.0,1.33,5.5,8.5,1.4,5.8,9.5,1.35,5.34,8.53,1.62,2.3,1.62,2.41,1.65,2.45,1.6,2.36,-1.5,2.01,1.89,2.03,1.9,2.08,1.92,1.99,1.87,2023,Football-Data.co.uk,https://www.football-data.co.uk/mmz4281/2324/D1.csv,,,,,,,,,,,,,,,,,,,,,,,,,,,,,,,,,,,,,,,,,,,,,,,,,,,,,,,,,2023-11-12,bayer leverkusen,union berlin,market_average_open,1.28,6.03,10.54,market_average_close,1.35,5.34,8.53,market_average_close,1.35,5.34,8.53,closing,0.7407407407407407,0.18726591760299627,0.1172332942555686,1.0452399525993055,0.7086800871882716,0.17916069619928218,0.1121592166124463,0.8878407833875538,0.2913199128117285,0.8208393038007179,1.12632807448257,3.4326524072738915,1.2182652504207796,H,1
D1,2023-11-12,16:30,Werder Bremen,Ein Frankfurt,2,2,D,1.0,0.0,H,14.0,14.0,5.0,3.0,3.0,10.0,3.0,7.0,1.0,3.0,0.0,0.0,3.1,3.4,2.3,2.9,3.6,2.3,2.95,3.55,2.3,3.01,3.6,2.36,2.88,3.6,2.25,3.0,3.6,2.3,3.1,3.69,2.41,3.0,3.58,2.34,1.73,2.1,1.73,2.2,1.75,2.23,1.72,2.15,0.25,1.87,2.03,1.86,2.05,1.89,2.07,1.84,2.0,2.7,3.5,2.5,2.7,3.5,2.45,2.75,3.55,2.5,2.73,3.55,2.61,2.62,3.5,2.45,2.7,3.6,2.5,3.04,3.68,2.61,2.76,3.56,2.5,1.67,2.2,1.72,2.23,1.73,2.34,1.68,2.2,0.0,2.0,1.9,2.01,1.92,2.11,1.93,2.03,1.85,2023,Football-Data.co.uk,https://www.football-data.co.uk/mmz4281/2324/D1.csv,,,,,,,,,,,,,,,,,,,,,,,,,,,,,,,,,,,,,,,,,,,,,,,,,,,,,,,,,2023-11-12,werder bremen,eintracht frankfurt,market_average_open,3.0,3.58,2.34,market_average_close,2.76,3.56,2.5,market_average_close,2.76,3.56,2.5,closing,0.3623188405797102,0.2808988764044944,0.4,1.0432177169842047,0.34730894105894106,0.269261988011988,0.38342907092907086,0.616570929070929,0.6526910589410588,0.7307380119880119,1.621873417721519,1.532118429234228,1.3684795146750974,A,0
D1,2023-11-12,18:30,RB Leipzig,Freiburg,3,1,H,1.0,1.0,D,15.0,9.0,6.0,3.0,10.0,12.0,7.0,3.0,2.0,0.0,0.0,0.0,1.44,5.0,6.5,1.44,4.75,6.5,1.45,4.8,6.25,1.46,4.96,6.59,1.4,4.8,6.5,1.44,4.8,6.5,1.49,5.2,7.0,1.45,4.88,6.67,1.57,2.38,1.57,2.52,1.58,2.55,1.56,2.45,-1.25,1.98,1.92,1.99,1.92,2.0,1.93,1.94,1.88,1.44,4.75,6.5,1.46,4.75,6.5,1.45,4.8,6.5,1.47,4.92,6.67,1.4,4.8,6.5,1.45,4.8,6.5,1.51,5.1,7.0,1.46,4.82,6.64,1.53,2.5,1.56,2.56,1.59,2.58,1.54,2.48,-1.25,1.99,1.91,2.01,1.92,2.08,1.93,1.96,1.88,2023,Football-Data.co.uk,https://www.football-data.co.uk/mmz4281/2324/D1.csv,,,,,,,,,,,,,,,,,,,,,,,,,,,,,,,,,,,,,,,,,,,,,,,,,,,,,,,,,2023-11-12,rasenballsport leipzig,freiburg,market_average_open,1.45,4.88,6.67,market_average_close,1.46,4.82,6.64,market_average_close,1.46,4.82,6.64,closing,0.684931506849315,0.20746887966804978,0.15060240963855423,1.0430027961559192,0.656691918155629,0.19891497935834404,0.14439310248602688,0.855606897513973,0.3433080818443709,0.8010850206416559,1.1687610313866934,2.9128355925314975,1.248306951488141,H,1
D1,2023-11-24,19:30,FC Koln,Bayern Munich,0,1,A,0.0,1.0,A,6.0,19.0,2.0,5.0,6.0,4.0,3.0,12.0,0.0,1.0,0.0,0.0,9.0,7.0,1.25,10.0,6.5,1.25,8.0,6.5,1.3,10.64,6.78,1.25,10.0,6.5,1.22,10.5,7.0,1.25,11.1,7.3,1.28,10.51,6.77,1.26,1.33,3.4,1.34,3.36,1.36,3.56,1.33,3.32,1.75,2.06,1.87,2.03,1.86,2.07,1.88,2.01,1.84,10.0,7.0,1.25,9.5,6.25,1.27,8.0,6.5,1.3,10.08,6.98,1.26,10.0,6.5,1.22,10.0,6.5,1.25,12.2,7.4,1.3,10.11,6.76,1.26,1.33,3.4,1.33,3.44,1.37,3.5,1.33,3.32,1.75,2.02,1.91,2.03,1.88,2.16,1.91,2.0,1.86,2023,Football-Data.co.uk,https://www.football-data.co.uk/mmz4281/2324/D1.csv,,,,,,,,,,,,,,,,,,,,,,,,,,,,,,,,,,,,,,,,,,,,,,,,,,,,,,,,,2023-11-24,fc cologne,bayern munich,market_average_open,10.51,6.77,1.26,market_average_close,10.11,6.76,1.26,market_average_close,10.11,6.76,1.26,closing,0.09891196834817013,0.14792899408284024,0.7936507936507936,1.040491756081804,0.095062712193554,0.14217219234864362,0.7627650954578022,0.23723490454219762,0.9049372878064459,0.8578278076513562,4.215231320744065,1.1050489503244856,1.1657351173283792,A,0
D1,2023-11-25,14:30,Dortmund,M'gladbach,4,2,H,3.0,2.0,H,20.0,10.0,13.0,3.0,11.0,11.0,5.0,4.0,1.0,2.0,0.0,0.0,1.45,5.5,5.25,1.47,5.0,5.75,1.47,5.25,5.5,1.48,5.38,5.62,1.44,5.0,5.8,1.45,5.25,6.0,1.51,5.5,6.06,1.48,5.23,5.77,1.33,3.4,1.33,3.44,1.34,3.52,1.31,3.4,-1.25,1.98,1.95,1.98,1.92,1.98,1.97,1.94,1.9,1.5,5.25,4.75,1.51,4.8,5.25,1.53,5.0,5.25,1.51,5.24,5.53,1.44,5.0,5.8,1.5,5.0,5.5,1.56,5.5,6.25,1.51,5.13,5.51,1.33,3.4,1.33,3.46,1.36,3.5,1.33,3.35,-1.25,2.06,1.87,2.05,1.88,2.08,1.94,1.99,1.86,2023,Football-Data.co.uk,https://www.football-data.co.uk/mmz4281/2324/D1.csv,,,,,,,,,,,,,,,,,,,,,,,,,,,,,,,,,,,,,,,,,,,,,,,,,,,,,,,,,2023-11-25,dortmund,borussia m gladbach,market_average_open,1.48,5.23,5.77,market_average_close,1.51,5.13,5.51,market_average_close,1.51,5.13,5.51,closing,0.6622516556291391,0.19493177387914232,0.18148820326678766,1.0386716327750691,0.6375948227831826,0.18767410963013756,0.1747310675866798,0.8252689324133201,0.36240517721681736,0.8123258903698624,1.2117262152056503,2.75934247871334,1.2310330273293237,H,1
D1,2023-11-25,14:30,Freiburg,Darmstadt,1,1,D,1.0,1.0,D,16.0,7.0,3.0,1.0,15.0,15.0,11.0,2.0,2.0,0.0,0.0,0.0,1.55,4.33,5.75,1.6,4.1,5.5,1.57,4.3,5.75,1.57,4.42,5.65,1.55,4.2,5.5,1.55,4.4,5.5,1.64,4.6,5.8,1.58,4.37,5.6,1.67,2.2,1.68,2.28,1.72,2.33,1.66,2.27,-1.0,1.98,1.95,1.98,1.93,1.98,1.95,1.94,1.91,1.53,4.33,5.75,1.55,4.33,5.75,1.53,4.5,5.75,1.53,4.55,6.28,1.53,4.2,5.5,1.5,4.6,6.0,1.6,4.6,6.3,1.54,4.46,5.98,1.62,2.3,1.65,2.36,1.75,2.4,1.65,2.29,-1.0,1.86,2.07,1.87,2.06,1.94,2.09,1.87,1.99,2023,Football-Data.co.uk,https://www.football-data.co.uk/mmz4281/2324/D1.csv,,,,,,,,,,,,,,,,,,,,,,,,,,,,,,,,,,,,,,,,,,,,,,,,,,,,,,,,,2023-11-25,freiburg,darmstadt,market_average_open,1.58,4.37,5.6,market_average_close,1.54,4.46,5.98,market_average_close,1.54,4.46,5.98,closing,0.6493506493506493,0.2242152466367713,0.16722408026755853,1.0407899762549793,0.623901713280497,0.21542794584124786,0.16067034087825507,0.839329659121745,0.37609828671950296,0.7845720541587521,1.1914269788182832,2.6588794347415035,1.2745801927297014,H,1
D1,2023-11-25,14:30,Union Berlin,Augsburg,1,1,D,0.0,1.0,A,16.0,11.0,6.0,2.0,10.0,15.0,3.0,4.0,2.0,2.0,0.0,0.0,1.95,3.6,3.8,2.0,3.6,3.6,2.0,3.6,3.65,2.01,3.65,3.79,1.91,3.7,3.6,2.0,3.6,3.7,2.04,3.76,3.99,2.01,3.63,3.76,1.96,1.94,1.97,1.92,1.99,1.95,1.93,1.9,-0.5,2.04,1.89,2.02,1.88,2.04,1.89,2.0,1.86,1.95,3.5,4.0,1.98,3.5,3.75,2.0,3.5,3.8,1.99,3.59,4.02,1.91,3.6,3.6,1.95,3.6,3.8,2.08,3.66,4.07,2.0,3.55,3.85,2.02,1.88,2.02,1.89,2.09,1.91,2.01,1.84,-0.5,2.01,1.92,2.0,1.92,2.07,1.93,2.0,1.86,2023,Football-Data.co.uk,https://www.football-data.co.uk/mmz4281/2324/D1.csv,,,,,,,,,,,,,,,,,,,,,,,,,,,,,,,,,,,,,,,,,,,,,,,,,,,,,,,,,2023-11-25,union berlin,augsburg,market_average_open,2.01,3.63,3.76,market_average_close,2.0,3.55,3.85,market_average_close,2.0,3.55,3.85,closing,0.5,0.28169014084507044,0.2597402597402597,1.0414304005853303,0.4801088961095986,0.27048388513216826,0.24940721875823302,0.7505927812417669,0.5198911038904013,0.7295161148678316,1.3322803322803325,1.92347972972973,1.3707716383772723,H,0
D1,2023-11-25,14:30,Werder Bremen,Leverkusen,0,3,A,0.0,2.0,A,2.0,13.0,1.0,4.0,15.0,4.0,1.0,6.0,3.0,1.0,0.0,0.0,6.5,5.0,1.45,5.75,5.0,1.46,6.25,5.25,1.45,6.3,5.25,1.45,5.8,4.8,1.44,6.5,5.0,1.44,6.7,5.5,1.49,6.24,5.13,1.46,1.36,3.2,1.4,3.07,1.42,3.25,1.38,3.04,1.25,1.98,1.95,1.97,1.93,2.0,1.97,1.93,1.91,5.5,5.25,1.45,5.75,5.0,1.46,6.25,5.0,1.45,6.0,5.11,1.47,5.8,4.8,1.44,6.5,5.0,1.44,6.68,5.4,1.5,6.1,5.08,1.47,1.4,3.0,1.41,3.02,1.46,3.06,1.41,2.92,1.25,1.91,2.02,1.91,2.01,1.97,2.02,1.9,1.95,2023,Football-Data.co.uk,https://www.football-data.co.uk/mmz4281/2324/D1.csv,,,,,,,,,,,,,,,,,,,,,,,,,,,,,,,,,,,,,,,,,,,,,,,,,,,,,,,,,2023-11-25,werder bremen,bayer leverkusen,market_average_open,6.24,5.13,1.46,market_average_close,6.1,5.08,1.47,market_average_close,6.1,5.08,1.47,closing,0.1639344262295082,0.19685039370078738,0.6802721088435374,1.041056928773833,0.15746922353477036,0.1890870597563187,0.653443716708911,0.34655628329108906,0.8425307764652297,0.8109129402436813,2.885534177892982,1.186900262795645,1.2331780026836143,A,0
D1,2023-11-25,14:30,Wolfsburg,RB Leipzig,2,1,H,1.0,0.0,H,10.0,26.0,4.0,10.0,18.0,11.0,1.0,12.0,4.0,2.0,0.0,0.0,3.6,4.0,1.91,3.75,3.8,1.9,3.65,3.9,1.9,3.79,3.97,1.93,3.75,3.8,1.83,3.75,3.8,1.93,4.08,4.1,1.96,3.77,3.94,1.92,1.62,2.3,1.63,2.37,1.64,2.45,1.6,2.36,0.5,1.98,1.95,1.97,1.93,1.99,1.96,1.94,1.92,3.6,4.0,1.91,3.75,3.8,1.9,3.7,3.95,1.9,3.74,4.01,1.95,3.6,3.9,1.83,3.6,4.0,1.91,3.93,4.15,1.97,3.72,3.98,1.93,1.57,2.38,1.64,2.38,1.64,2.47,1.6,2.36,0.5,1.98,1.95,1.96,1.96,1.99,1.97,1.94,1.93,2023,Football-Data.co.uk,https://www.football-data.co.uk/mmz4281/2324/D1.csv,,,,,,,,,,,,,,,,,,,,,,,,,,,,,,,,,,,,,,,,,,,,,,,,,,,,,,,,,2023-11-25,wolfsburg,rasenballsport leipzig,market_average_open,3.77,3.94,1.92,market_average_close,3.72,3.98,1.93,market_average_close,3.72,3.98,1.93,closing,0.26881720430107525,0.25125628140703515,0.5181347150259068,1.0382082007340172,0.2589241773577019,0.24200953260569122,0.49906629003660685,0.5009337099633931,0.7410758226422981,0.7579904673943088,1.9962721216607229,1.3493895893601149,1.3192778049539735,A,0
D1,2023-11-25,17:30,Ein Frankfurt,Stuttgart,1,2,A,1.0,2.0,A,14.0,11.0,1.0,5.0,14.0,8.0,4.0,2.0,0.0,1.0,0.0,0.0,2.6,3.6,2.6,2.6,3.5,2.55,2.55,3.6,2.6,2.65,3.7,2.6,2.6,3.6,2.45,2.63,3.6,2.55,2.68,3.82,2.65,2.62,3.67,2.6,1.73,2.1,1.71,2.22,1.74,2.32,1.7,2.19,0.0,2.0,1.93,1.97,1.93,2.0,1.95,1.94,1.92,2.88,3.5,2.4,2.7,3.4,2.5,2.8,3.5,2.45,2.89,3.52,2.5,2.62,3.6,2.4,2.8,3.5,2.45,3.05,3.66,2.6,2.84,3.51,2.48,1.93,1.97,1.81,1.99,1.95,2.1,1.83,2.0,0.25,1.73,2.08,1.78,2.15,1.81,2.16,1.76,2.1,2023,Football-Data.co.uk,https://www.football-data.co.uk/mmz4281/2324/D1.csv,,,,,,,,,,,,,,,,,,,,,,,,,,,,,,,,,,,,,,,,,,,,,,,,,,,,,,,,,2023-11-25,eintracht frankfurt,vfb stuttgart,market_average_open,2.62,3.67,2.6,market_average_close,2.84,3.51,2.48,market_average_close,2.84,3.51,2.48,closing,0.35211267605633806,0.2849002849002849,0.40322580645161293,1.0402387674082358,0.3384921684217076,0.2738797032244015,0.38762812835389093,0.6123718716461091,0.6615078315782925,0.7261202967755985,1.632994665989332,1.5116979002562956,1.3771822719191138,A,0
D1,2023-11-26,14:30,Heidenheim,Bochum,0,0,D,0.0,0.0,D,9.0,9.0,3.0,2.0,14.0,7.0,6.0,5.0,4.0,3.0,0.0,0.0,2.2,3.6,3.1,2.2,3.7,3.0,2.25,3.7,3.0,2.23,3.81,3.09,2.2,3.6,2.9,2.2,3.7,3.1,2.27,3.94,3.19,2.22,3.76,3.07,1.62,2.3,1.65,2.34,1.71,2.38,1.63,2.31,-0.25,1.96,1.97,1.96,1.94,1.97,1.98,1.92,1.92,2.25,3.5,3.1,2.35,3.5,2.9,2.35,3.4,3.05,2.41,3.6,2.99,2.25,3.6,2.8,2.38,3.6,2.88,2.42,3.72,3.17,2.35,3.58,2.97,1.73,2.1,1.75,2.19,1.77,2.29,1.69,2.19,-0.25,2.08,1.85,2.09,1.85,2.09,1.9,2.02,1.83,2023,Football-Data.co.uk,https://www.football-data.co.uk/mmz4281/2324/D1.csv,,,,,,,,,,,,,,,,,,,,,,,,,,,,,,,,,,,,,,,,,,,,,,,,,,,,,,,,,2023-11-26,fc heidenheim,bochum,market_average_open,2.22,3.76,3.07,market_average_close,2.35,3.58,2.97,market_average_close,2.35,3.58,2.97,closing,0.425531914893617,0.27932960893854747,0.33670033670033667,1.0415618605325012,0.4085517442776397,0.2681834075565512,0.32326484816580914,0.6767351518341909,0.5914482557223604,0.7318165924434488,1.4776829566036986,1.69076498294624,1.3664625950350737,H,0
D1,2023-11-26,16:30,Hoffenheim,Mainz,1,1,D,0.0,1.0,A,15.0,15.0,6.0,6.0,9.0,14.0,4.0,5.0,4.0,4.0,0.0,0.0,1.85,3.8,3.8,1.9,3.9,3.7,1.85,3.95,3.85,1.85,4.08,4.01,1.8,4.0,3.7,1.83,4.0,3.9,1.92,4.2,4.1,1.85,4.04,3.94,1.57,2.38,1.63,2.39,1.65,2.46,1.6,2.39,-0.5,1.86,2.07,1.85,2.06,1.87,2.07,1.84,2.03,1.85,3.8,3.8,1.85,3.9,3.8,1.9,3.85,3.8,1.86,4.02,4.1,1.8,3.9,3.8,1.87,4.0,3.8,1.92,4.22,4.2,1.87,3.97,3.92,1.53,2.5,1.57,2.51,1.63,2.56,1.54,2.43,-0.5,1.86,2.07,1.87,2.06,1.92,2.07,1.87,2.01,2023,Football-Data.co.uk,https://www.football-data.co.uk/mmz4281/2324/D1.csv,,,,,,,,,,,,,,,,,,,,,,,,,,,,,,,,,,,,,,,,,,,,,,,,,,,,,,,,,2023-11-26,hoffenheim,mainz 05,market_average_open,1.85,4.04,3.94,market_average_close,1.87,3.97,3.92,market_average_close,1.87,3.97,3.92,closing,0.53475935828877,0.2518891687657431,0.25510204081632654,1.0417505678708396,0.5133276379025421,0.2417941266694594,0.24487823542799844,0.7551217645720015,0.48667236209745784,0.7582058733305406,1.3242897330164944,2.054770473692415,1.3189029987427294,H,1
D1,2023-12-01,19:30,Darmstadt,FC Koln,0,1,A,0.0,0.0,D,11.0,11.0,1.0,6.0,12.0,12.0,1.0,6.0,1.0,3.0,0.0,0.0,2.63,3.4,2.6,2.6,3.4,2.6,2.7,3.4,2.6,2.66,3.54,2.71,2.62,3.5,2.45,2.63,3.5,2.6,2.75,3.7,2.76,2.68,3.51,2.63,1.8,2.0,1.81,2.09,1.85,2.14,1.79,2.06,0.0,1.95,1.98,1.94,1.98,2.01,1.98,1.94,1.92,2.7,3.25,2.63,2.75,3.2,2.6,2.7,3.4,2.6,2.8,3.37,2.68,2.7,3.4,2.45,2.7,3.4,2.6,2.95,3.56,2.74,2.73,3.42,2.62,1.96,1.94,1.96,1.93,2.0,2.17,1.87,1.96,0.0,2.01,1.92,2.0,1.93,2.04,1.93,1.97,1.89,2023,Football-Data.co.uk,https://www.football-data.co.uk/mmz4281/2324/D1.csv,,,,,,,,,,,,,,,,,,,,,,,,,,,,,,,,,,,,,,,,,,,,,,,,,,,,,,,,,2023-12-01,darmstadt,fc cologne,market_average_open,2.68,3.51,2.63,market_average_close,2.73,3.42,2.62,market_average_close,2.73,3.42,2.62,closing,0.3663003663003663,0.29239766081871343,0.38167938931297707,1.0403774164320567,0.3520841192003018,0.28104960392304795,0.36686627687665035,0.6331337231233498,0.6479158807996983,0.7189503960769521,1.5794451684974862,1.5434102321519538,1.3909165436956878,A,0
D1,2023-12-02,14:30,Bochum,Wolfsburg,3,1,H,2.0,1.0,H,19.0,15.0,9.0,6.0,14.0,13.0,6.0,6.0,6.0,2.0,0.0,0.0,2.63,3.6,2.55,2.7,3.6,2.45,2.7,3.6,2.5,2.67,3.6,2.62,2.6,3.5,2.45,2.6,3.6,2.6,2.75,3.83,2.68,2.66,3.65,2.58,1.67,2.2,1.68,2.28,1.71,2.34,1.66,2.26,0.0,1.96,1.97,1.97,1.93,2.0,1.98,1.96,1.91,2.6,3.5,2.63,2.55,3.5,2.6,2.65,3.5,2.55,2.63,3.52,2.75,2.5,3.6,2.5,2.5,3.6,2.7,2.82,3.64,2.8,2.6,3.52,2.68,1.73,2.1,1.77,2.16,1.8,2.23,1.74,2.12,0.0,1.92,2.01,1.92,2.01,1.97,2.02,1.91,1.95,2023,Football-Data.co.uk,https://www.football-data.co.uk/mmz4281/2324/D1.csv,,,,,,,,,,,,,,,,,,,,,,,,,,,,,,,,,,,,,,,,,,,,,,,,,,,,,,,,,2023-12-02,bochum,wolfsburg,market_average_open,2.66,3.65,2.58,market_average_close,2.6,3.52,2.68,market_average_close,2.6,3.52,2.68,closing,0.3846153846153846,0.2840909090909091,0.3731343283582089,1.0418406220645027,0.3691691190282386,0.2726817356458581,0.35814914532590314,0.6418508546740967,0.6308308809717613,0.7273182643541418,1.5579943420154132,1.5852109181141438,1.37491391184573,H,0
D1,2023-12-02,14:30,M'gladbach,Hoffenheim,2,1,H,0.0,0.0,D,9.0,17.0,3.0,5.0,12.0,14.0,6.0,3.0,2.0,2.0,0.0,0.0,2.2,4.0,2.88,2.3,3.9,2.75,2.25,3.95,2.8,2.26,4.13,2.87,2.2,4.0,2.7,2.2,4.0,2.88,2.3,4.25,2.93,2.25,4.07,2.85,1.36,3.2,1.39,3.13,1.39,3.3,1.36,3.11,-0.25,2.01,1.92,2.01,1.9,2.01,1.94,1.96,1.88,2.15,4.0,2.9,2.1,4.0,2.95,2.25,3.8,2.9,2.16,4.23,3.05,2.15,4.0,2.75,2.1,4.1,3.0,2.32,4.3,3.17,2.17,4.1,2.98,1.36,3.2,1.4,3.08,1.41,3.25,1.38,3.08,-0.25,1.9,2.03,1.92,2.0,2.02,2.06,1.89,1.95,2023,Football-Data.co.uk,https://www.football-data.co.uk/mmz4281/2324/D1.csv,,,,,,,,,,,,,,,,,,,,,,,,,,,,,,,,,,,,,,,,,,,,,,,,,,,,,,,,,2023-12-02,borussia m gladbach,hoffenheim,market_average_open,2.25,4.07,2.85,market_average_close,2.17,4.1,2.98,market_average_close,2.17,4.1,2.98,closing,0.4608294930875576,0.24390243902439027,0.33557046979865773,1.0403024019106055,0.442976477071671,0.234453403718421,0.3225701192099081,0.677429880790092,0.5570235229283291,0.7655465962815791,1.476167539042848,1.7952563201333018,1.3062562159602178,H,0
D1,2023-12-02,14:30,RB Leipzig,Heidenheim,2,1,H,2.0,1.0,H,23.0,7.0,8.0,1.0,13.0,16.0,5.0,3.0,2.0,2.0,0.0,0.0,1.25,7.0,9.0,1.24,6.5,11.0,1.27,6.75,8.75,1.24,7.2,10.19,1.2,6.5,11.0,1.22,7.0,11.0,1.27,7.8,12.1,1.24,7.01,10.83,1.36,3.2,1.39,3.04,1.43,3.2,1.38,3.04,-1.75,1.87,2.06,1.85,2.04,1.88,2.07,1.83,2.02,1.2,7.5,12.0,1.22,7.0,12.0,1.25,6.75,9.5,1.2,7.77,13.33,1.18,7.0,12.0,1.2,7.0,13.0,1.27,7.77,13.33,1.22,7.21,12.15,1.33,3.4,1.35,3.3,1.39,3.62,1.35,3.24,-2.0,1.97,1.96,1.92,1.99,2.06,1.99,1.98,1.88,2023,Football-Data.co.uk,https://www.football-data.co.uk/mmz4281/2324/D1.csv,,,,,,,,,,,,,,,,,,,,,,,,,,,,,,,,,,,,,,,,,,,,,,,,,,,,,,,,,2023-12-02,rasenballsport leipzig,fc heidenheim,market_average_open,1.24,7.01,10.83,market_average_close,1.22,7.21,12.15,market_average_close,1.22,7.21,12.15,closing,0.819672131147541,0.13869625520110956,0.0823045267489712,1.0406729130976218,0.7876366539681912,0.13327555032471472,0.0790877957070941,0.9209122042929059,0.21236334603180881,0.8667244496752853,1.0858798432015777,4.708910547351308,1.1537692289338852,H,1
D1,2023-12-02,17:30,Stuttgart,Werder Bremen,2,0,H,1.0,0.0,H,17.0,11.0,6.0,3.0,7.0,9.0,6.0,7.0,1.0,0.0,0.0,0.0,1.4,5.25,6.5,1.43,5.0,6.5,1.43,5.0,6.75,1.4,5.24,7.66,1.4,5.0,6.5,1.4,5.25,7.0,1.44,5.5,8.0,1.41,5.18,7.35,1.5,2.63,1.51,2.65,1.53,2.75,1.49,2.62,-1.25,1.87,2.06,1.85,2.07,1.9,2.08,1.84,2.01,1.3,5.5,8.0,1.33,5.75,8.0,1.35,5.75,7.75,1.36,5.75,8.29,1.29,5.8,8.5,1.3,6.0,8.5,1.41,6.05,9.4,1.33,5.74,8.39,1.36,3.2,1.39,3.14,1.5,3.2,1.39,2.97,-1.5,1.9,2.03,1.9,2.03,2.01,2.04,1.87,1.98,2023,Football-Data.co.uk,https://www.football-data.co.uk/mmz4281/2324/D1.csv,,,,,,,,,,,,,,,,,,,,,,,,,,,,,,,,,,,,,,,,,,,,,,,,,,,,,,,,,2023-12-02,vfb stuttgart,werder bremen,market_average_open,1.41,5.18,7.35,market_average_close,1.33,5.74,8.39,market_average_close,1.33,5.74,8.39,closing,0.7518796992481203,0.17421602787456444,0.11918951132300357,1.0452852384456883,0.7193057661142768,0.1666684092216007,0.11402582466412253,0.8859741753358774,0.28069423388572323,0.8333315907783994,1.1287010703454137,3.562595448281,1.200002509284352,H,1
D1,2023-12-03,14:30,Mainz,Freiburg,0,1,A,0.0,0.0,D,19.0,13.0,6.0,5.0,16.0,11.0,14.0,3.0,1.0,1.0,0.0,0.0,2.3,3.4,3.1,2.25,3.4,3.1,2.3,3.45,3.05,2.29,3.56,3.16,2.25,3.5,2.9,2.25,3.5,3.1,2.35,3.63,3.23,2.29,3.53,3.12,1.96,1.94,1.95,1.93,1.99,1.97,1.91,1.92,-0.25,2.01,1.92,1.99,1.91,2.01,1.94,1.97,1.87,2.2,3.4,3.2,2.2,3.4,3.25,2.35,3.5,2.95,2.26,3.5,3.34,2.2,3.5,3.0,2.2,3.5,3.2,2.41,3.55,3.45,2.26,3.47,3.2,1.94,1.96,1.95,1.95,2.0,2.03,1.9,1.92,-0.25,1.94,1.99,1.95,1.97,2.01,2.0,1.93,1.9,2023,Football-Data.co.uk,https://www.football-data.co.uk/mmz4281/2324/D1.csv,,,,,,,,,,,,,,,,,,,,,,,,,,,,,,,,,,,,,,,,,,,,,,,,,,,,,,,,,2023-12-03,mainz 05,freiburg,market_average_open,2.29,3.53,3.12,market_average_close,2.26,3.47,3.2,market_average_close,2.26,3.47,3.2,closing,0.4424778761061947,0.2881844380403458,0.3125,1.0431623141465405,0.424169729011162,0.2762603998747049,0.29956987111413313,0.700430128885867,0.5758302709888381,0.7237396001252951,1.4276941535776613,1.7366228390229663,1.3817124278219377,H,0
D1,2023-12-03,16:30,Leverkusen,Dortmund,1,1,D,0.0,1.0,A,22.0,6.0,6.0,2.0,12.0,12.0,16.0,1.0,3.0,2.0,0.0,0.0,1.62,4.5,4.75,1.66,4.2,4.6,1.7,4.4,4.2,1.68,4.46,4.59,1.6,4.4,4.4,1.67,4.5,4.4,1.73,4.75,4.75,1.67,4.5,4.57,1.36,3.2,1.4,3.07,1.4,3.22,1.38,3.07,-0.75,1.78,2.03,1.85,2.06,1.88,2.08,1.81,2.04,1.6,4.5,5.0,1.61,4.33,4.8,1.7,4.4,4.2,1.65,4.55,4.93,1.57,4.5,4.6,1.62,4.5,4.8,1.7,4.65,5.3,1.63,4.47,4.87,1.44,2.75,1.46,2.82,1.48,3.0,1.43,2.83,-1.0,2.04,1.89,2.04,1.88,2.1,1.94,2.01,1.85,2023,Football-Data.co.uk,https://www.football-data.co.uk/mmz4281/2324/D1.csv,,,,,,,,,,,,,,,,,,,,,,,,,,,,,,,,,,,,,,,,,,,,,,,,,,,,,,,,,2023-12-03,bayer leverkusen,dortmund,market_average_open,1.67,4.5,4.57,market_average_close,1.63,4.47,4.87,market_average_close,1.63,4.47,4.87,closing,0.6134969325153374,0.2237136465324385,0.2053388090349076,1.0425493880826835,0.5884583881859049,0.21458326012148213,0.19695835169261294,0.803041648307387,0.4115416118140951,0.7854167398785179,1.2452654256572526,2.429887941566716,1.2732094303906385,H,1
D1,2023-12-03,18:30,Augsburg,Ein Frankfurt,2,1,H,1.0,0.0,H,9.0,12.0,4.0,6.0,9.0,10.0,2.0,4.0,1.0,1.0,0.0,0.0,2.63,3.6,2.55,2.65,3.6,2.5,2.65,3.55,2.55,2.69,3.6,2.61,2.6,3.5,2.5,2.7,3.5,2.55,2.8,3.68,2.66,2.68,3.58,2.59,1.8,2.0,1.82,2.06,1.84,2.16,1.78,2.06,0.0,2.0,1.93,1.98,1.93,2.0,1.94,1.96,1.89,2.5,3.4,2.75,2.65,3.25,2.7,2.6,3.5,2.6,2.61,3.37,2.88,2.6,3.4,2.5,2.6,3.4,2.7,2.82,3.57,2.88,2.64,3.43,2.71,2.06,1.84,2.07,1.85,2.12,2.13,1.92,1.92,0.0,1.87,2.06,1.87,2.06,1.95,2.06,1.9,1.96,2023,Football-Data.co.uk,https://www.football-data.co.uk/mmz4281/2324/D1.csv,,,,,,,,,,,,,,,,,,,,,,,,,,,,,,,,,,,,,,,,,,,,,,,,,,,,,,,,,2023-12-03,augsburg,eintracht frankfurt,market_average_open,2.68,3.58,2.59,market_average_close,2.64,3.43,2.71,market_average_close,2.64,3.43,2.71,closing,0.3787878787878788,0.29154518950437314,0.36900369003690037,1.0393367583291524,0.3644515367635238,0.28051080380632737,0.3550376594301487,0.6449623405698512,0.6355484632364761,0.7194891961936725,1.5504781242211105,1.5734441318724708,1.389874935287867,H,0
D1,2023-12-08,19:30,Hoffenheim,Bochum,3,1,H,2.0,0.0,H,18.0,22.0,7.0,5.0,18.0,11.0,4.0,5.0,3.0,2.0,0.0,0.0,1.67,4.2,4.75,1.7,4.2,4.33,1.75,4.0,4.4,1.73,4.32,4.52,1.67,4.2,4.2,1.73,4.2,4.33,1.77,4.46,4.75,1.72,4.25,4.44,1.5,2.63,1.49,2.75,1.55,2.79,1.48,2.67,-0.75,1.93,2.0,1.93,2.0,1.96,2.0,1.9,1.95,1.75,3.8,4.2,1.77,4.0,4.1,1.77,4.0,4.2,1.79,4.04,4.45,1.67,4.2,4.2,1.75,4.2,4.1,1.83,4.3,4.54,1.77,4.05,4.25,1.57,2.38,1.61,2.44,1.63,2.75,1.54,2.48,-0.75,2.01,1.92,2.02,1.91,2.06,1.93,1.96,1.87,2023,Football-Data.co.uk,https://www.football-data.co.uk/mmz4281/2324/D1.csv,,,,,,,,,,,,,,,,,,,,,,,,,,,,,,,,,,,,,,,,,,,,,,,,,,,,,,,,,2023-12-08,hoffenheim,bochum,market_average_open,1.72,4.25,4.44,market_average_close,1.77,4.05,4.25,market_average_close,1.77,4.05,4.25,closing,0.5649717514124294,0.2469135802469136,0.23529411764705882,1.0471794493064017,0.5395176077859797,0.2357891767360948,0.22469321547792562,0.7753067845220745,0.46048239221402043,0.7642108232639053,1.2898120072771375,2.1716356953236673,1.308539436446413,H,1
D1,2023-12-09,14:30,Ein Frankfurt,Bayern Munich,5,1,H,3.0,1.0,H,14.0,17.0,6.0,6.0,8.0,7.0,1.0,9.0,1.0,2.0,0.0,0.0,9.0,5.5,1.3,8.5,5.75,1.31,8.5,5.25,1.35,8.96,6.05,1.31,8.5,5.8,1.29,9.0,6.0,1.3,10.25,6.3,1.4,8.81,5.82,1.32,1.44,2.75,1.47,2.77,1.47,3.0,1.42,2.85,1.5,2.05,1.85,2.06,1.85,2.07,1.92,2.01,1.85,8.5,6.0,1.3,8.25,5.75,1.32,7.75,5.5,1.35,8.95,6.12,1.32,7.5,5.8,1.3,8.5,5.5,1.33,9.5,6.5,1.4,8.64,5.87,1.32,1.44,2.75,1.45,2.85,1.5,2.92,1.45,2.78,1.5,2.0,1.93,2.02,1.91,2.04,1.98,1.97,1.9,2023,Football-Data.co.uk,https://www.football-data.co.uk/mmz4281/2324/D1.csv,,,,,,,,,,,,,,,,,,,,,,,,,,,,,,,,,,,,,,,,,,,,,,,,,,,,,,,,,2023-12-09,eintracht frankfurt,bayern munich,market_average_open,8.81,5.82,1.32,market_average_close,8.64,5.87,1.32,market_average_close,8.64,5.87,1.32,closing,0.11574074074074073,0.17035775127768313,0.7575757575757576,1.0436742495941815,0.11089738085015026,0.1632288535852297,0.7258737655646199,0.27412623443538,0.8891026191498497,0.8367711464147701,3.6479543888227557,1.1247295626641942,1.1950698877280845,A,0
D1,2023-12-09,14:30,Heidenheim,Darmstadt,3,2,H,1.0,0.0,H,16.0,20.0,7.0,7.0,17.0,13.0,8.0,3.0,2.0,2.0,0.0,0.0,2.05,3.5,3.5,2.05,3.6,3.4,2.1,3.6,3.4,2.07,3.73,3.53,2.0,3.6,3.4,2.05,3.6,3.5,2.12,3.8,3.6,2.08,3.66,3.48,1.8,2.0,1.79,2.11,1.84,2.14,1.77,2.07,-0.25,1.75,2.05,1.81,2.11,1.84,2.13,1.79,2.06,1.8,3.8,4.2,1.83,3.7,4.1,1.9,3.65,4.1,1.82,3.96,4.4,1.75,3.8,4.2,1.8,3.9,4.2,2.09,3.96,4.41,1.85,3.81,4.19,1.73,2.1,1.78,2.14,1.93,2.19,1.78,2.06,-0.5,1.75,2.05,1.82,2.11,1.91,2.14,1.83,2.02,2023,Football-Data.co.uk,https://www.football-data.co.uk/mmz4281/2324/D1.csv,,,,,,,,,,,,,,,,,,,,,,,,,,,,,,,,,,,,,,,,,,,,,,,,,,,,,,,,,2023-12-09,fc heidenheim,darmstadt,market_average_open,2.08,3.66,3.48,market_average_close,1.85,3.81,4.19,market_average_close,1.85,3.81,4.19,closing,0.5405405405405405,0.26246719160104987,0.2386634844868735,1.0416712166284638,0.5189166523100127,0.25196740335263085,0.22911594433735644,0.7708840556626435,0.4810833476899873,0.7480325966473691,1.2972119382342275,2.078641891891892,1.3368401383601884,H,1
D1,2023-12-09,14:30,Union Berlin,M'gladbach,3,1,H,1.0,0.0,H,16.0,13.0,6.0,4.0,9.0,8.0,6.0,7.0,1.0,3.0,0.0,0.0,2.1,3.5,3.4,2.1,3.6,3.25,2.15,3.6,3.25,2.18,3.68,3.29,2.1,3.6,3.1,2.15,3.6,3.3,2.23,3.81,3.4,2.15,3.66,3.29,1.73,2.1,1.75,2.16,1.8,2.19,1.74,2.13,-0.25,1.86,2.04,1.91,2.0,1.91,2.06,1.85,1.99,2.05,3.4,3.6,2.05,3.5,3.5,2.2,3.4,3.3,2.09,3.54,3.74,2.05,3.6,3.2,2.05,3.6,3.5,2.23,3.65,3.77,2.1,3.54,3.55,1.93,1.97,1.9,2.0,1.93,2.07,1.86,1.97,-0.25,1.73,2.08,1.8,2.13,1.86,2.17,1.79,2.07,2023,Football-Data.co.uk,https://www.football-data.co.uk/mmz4281/2324/D1.csv,,,,,,,,,,,,,,,,,,,,,,,,,,,,,,,,,,,,,,,,,,,,,,,,,,,,,,,,,2023-12-09,union berlin,borussia m gladbach,market_average_open,2.15,3.66,3.29,market_average_close,2.1,3.54,3.55,market_average_close,2.1,3.54,3.55,closing,0.47619047619047616,0.2824858757062147,0.28169014084507044,1.0403664927417613,0.45771416083916083,0.27152534965034963,0.27076048951048953,0.7292395104895104,0.5422858391608392,0.7284746503496504,1.371291579262811,1.844045939955672,1.3727313634318283,H,0
D1,2023-12-09,14:30,Werder Bremen,Augsburg,2,0,H,1.0,0.0,H,12.0,11.0,5.0,1.0,13.0,9.0,5.0,2.0,1.0,2.0,0.0,0.0,2.38,3.6,2.8,2.4,3.7,2.7,2.45,3.65,2.75,2.45,3.71,2.81,2.3,3.75,2.62,2.4,3.7,2.75,2.49,3.89,2.89,2.42,3.71,2.77,1.62,2.3,1.65,2.35,1.67,2.42,1.61,2.35,-0.25,2.05,1.75,2.14,1.78,2.14,1.84,2.09,1.77,2.2,3.75,3.0,2.25,3.6,3.0,2.25,3.65,3.05,2.21,3.73,3.25,2.2,3.7,2.88,2.25,3.8,2.9,2.35,3.9,3.25,2.25,3.7,3.06,1.62,2.3,1.65,2.36,1.67,2.44,1.62,2.32,-0.25,1.98,1.95,1.93,1.99,2.03,1.99,1.93,1.91,2023,Football-Data.co.uk,https://www.football-data.co.uk/mmz4281/2324/D1.csv,,,,,,,,,,,,,,,,,,,,,,,,,,,,,,,,,,,,,,,,,,,,,,,,,,,,,,,,,2023-12-09,werder bremen,augsburg,market_average_open,2.42,3.71,2.77,market_average_close,2.25,3.7,3.06,market_average_close,2.25,3.7,3.06,closing,0.4444444444444444,0.27027027027027023,0.32679738562091504,1.0415121003356296,0.426729986431479,0.25949796472184533,0.31377204884667576,0.6862279511533244,0.5732700135685211,0.7405020352781548,1.4572417202174985,1.7443786982248517,1.3504351809436552,H,0
D1,2023-12-09,14:30,Wolfsburg,Freiburg,0,1,A,0.0,0.0,D,10.0,4.0,3.0,1.0,11.0,16.0,5.0,3.0,1.0,4.0,0.0,0.0,2.25,3.5,3.1,2.2,3.6,3.0,2.3,3.6,3.0,2.29,3.78,3.0,2.15,3.6,3.0,2.3,3.6,3.0,2.34,3.87,3.28,2.27,3.68,3.03,1.73,2.1,1.71,2.22,1.75,2.28,1.7,2.18,-0.25,2.02,1.88,2.01,1.89,2.02,1.93,1.96,1.88,2.15,3.6,3.2,2.15,3.5,3.25,2.25,3.55,3.15,2.22,3.54,3.39,2.15,3.6,3.0,2.15,3.6,3.25,2.27,3.68,3.42,2.2,3.55,3.27,1.92,1.98,1.92,1.99,1.94,2.2,1.85,1.99,-0.25,1.92,2.01,1.93,2.0,1.93,2.04,1.89,1.95,2023,Football-Data.co.uk,https://www.football-data.co.uk/mmz4281/2324/D1.csv,,,,,,,,,,,,,,,,,,,,,,,,,,,,,,,,,,,,,,,,,,,,,,,,,,,,,,,,,2023-12-09,wolfsburg,freiburg,market_average_open,2.27,3.68,3.03,market_average_close,2.2,3.55,3.27,market_average_close,2.2,3.55,3.27,closing,0.45454545454545453,0.28169014084507044,0.3058103975535168,1.0420459929440418,0.4362047909816815,0.2703240958196336,0.2934711131986848,0.7065288868013151,0.5637952090183185,0.7296759041803663,1.4153702965031247,1.773693681684884,1.37047145763061,H,0
D1,2023-12-09,17:30,Dortmund,RB Leipzig,2,3,A,1.0,1.0,D,18.0,24.0,6.0,8.0,6.0,11.0,6.0,6.0,1.0,3.0,1.0,0.0,2.6,3.6,2.55,2.5,3.9,2.5,2.6,3.55,2.6,2.59,3.87,2.57,2.4,4.0,2.45,2.55,3.8,2.55,2.65,4.11,2.8,2.55,3.89,2.54,1.44,2.75,1.47,2.78,1.47,2.95,1.43,2.81,0.0,1.95,1.95,1.96,1.94,2.0,1.97,1.94,1.92,2.6,4.0,2.4,2.65,3.75,2.4,2.65,3.75,2.45,2.69,3.9,2.5,2.45,3.8,2.45,2.6,3.9,2.45,2.81,4.08,2.8,2.65,3.83,2.48,1.44,2.75,1.47,2.85,1.48,3.0,1.44,2.79,0.0,2.04,1.89,2.04,1.89,2.07,1.94,2.01,1.86,2023,Football-Data.co.uk,https://www.football-data.co.uk/mmz4281/2324/D1.csv,,,,,,,,,,,,,,,,,,,,,,,,,,,,,,,,,,,,,,,,,,,,,,,,,,,,,,,,,2023-12-09,dortmund,rasenballsport leipzig,market_average_open,2.55,3.89,2.54,market_average_close,2.65,3.83,2.48,market_average_close,2.65,3.83,2.48,closing,0.37735849056603776,0.2610966057441253,0.40322580645161293,1.041680902761776,0.3622592000732269,0.250649315977559,0.38709148394921417,0.6129085160507859,0.6377407999267732,0.7493506840224411,1.6315648645957785,1.568035164309422,1.3344886730897447,A,0
D1,2023-12-10,14:30,Stuttgart,Leverkusen,1,1,D,1.0,0.0,H,22.0,20.0,12.0,6.0,8.0,7.0,8.0,8.0,1.0,1.0,0.0,0.0,2.9,3.6,2.3,2.87,3.8,2.25,2.85,3.7,2.3,2.84,3.82,2.38,2.8,3.8,2.2,2.88,3.8,2.3,3.0,3.97,2.43,2.88,3.78,2.32,1.53,2.5,1.54,2.59,1.57,2.59,1.53,2.49,0.25,1.85,2.05,1.83,2.1,1.9,2.1,1.83,2.01,2.88,3.5,2.38,2.85,3.5,2.35,2.85,3.6,2.35,2.94,3.71,2.39,2.75,3.75,2.25,2.8,3.75,2.38,3.16,3.8,2.47,2.89,3.65,2.37,1.62,2.3,1.64,2.36,1.68,2.51,1.62,2.3,0.25,1.82,2.08,1.85,2.09,1.89,2.12,1.81,2.05,2023,Football-Data.co.uk,https://www.football-data.co.uk/mmz4281/2324/D1.csv,,,,,,,,,,,,,,,,,,,,,,,,,,,,,,,,,,,,,,,,,,,,,,,,,,,,,,,,,2023-12-10,vfb stuttgart,bayer leverkusen,market_average_open,2.88,3.78,2.32,market_average_close,2.89,3.65,2.37,market_average_close,2.89,3.65,2.37,closing,0.3460207612456747,0.273972602739726,0.42194092827004215,1.0419342922554429,0.3320946088612309,0.2629461423586184,0.4049592487801507,0.5950407512198492,0.6679053911387691,0.7370538576413816,1.6805571684795935,1.4972180390624101,1.3567529558831188,A,0
D1,2023-12-10,16:30,FC Koln,Mainz,0,0,D,0.0,0.0,D,7.0,13.0,3.0,5.0,10.0,10.0,1.0,7.0,2.0,4.0,0.0,0.0,2.3,3.5,3.0,2.35,3.5,2.9,2.35,3.5,2.95,2.48,3.44,2.95,2.25,3.5,2.88,2.4,3.4,2.9,2.48,3.64,3.2,2.39,3.49,2.97,1.95,1.95,1.94,1.94,1.98,2.02,1.89,1.94,-0.25,2.1,1.8,2.14,1.79,2.14,1.87,2.04,1.8,2.63,3.5,2.6,2.6,3.3,2.7,2.6,3.45,2.65,2.78,3.45,2.65,2.6,3.5,2.5,2.7,3.4,2.6,2.82,3.57,3.1,2.65,3.44,2.67,1.89,2.01,1.89,2.01,1.9,2.05,1.85,1.98,0.0,1.98,1.92,2.01,1.92,2.05,1.95,1.95,1.9,2023,Football-Data.co.uk,https://www.football-data.co.uk/mmz4281/2324/D1.csv,,,,,,,,,,,,,,,,,,,,,,,,,,,,,,,,,,,,,,,,,,,,,,,,,,,,,,,,,2023-12-10,fc cologne,mainz 05,market_average_open,2.39,3.49,2.97,market_average_close,2.65,3.44,2.67,market_average_close,2.65,3.44,2.67,closing,0.37735849056603776,0.29069767441860467,0.37453183520599254,1.042588000190635,0.36194401863155784,0.27882315388768264,0.35923282748075963,0.6407671725192405,0.6380559813684423,0.7211768461123175,1.56062926268273,1.5672605996973719,1.3866224427347438,H,0
D1,2023-12-15,19:30,M'gladbach,Werder Bremen,2,2,D,1.0,1.0,D,15.0,10.0,4.0,5.0,10.0,12.0,4.0,3.0,4.0,2.0,0.0,0.0,2.0,4.0,3.3,2.0,3.8,3.4,2.0,3.9,3.4,2.01,4.02,3.54,1.91,4.0,3.4,2.0,3.9,3.4,2.07,4.16,3.65,2.0,3.96,3.48,1.53,2.5,1.56,2.57,1.56,2.65,1.52,2.54,-0.5,2.04,1.89,2.02,1.91,2.07,1.91,1.99,1.87,2.1,3.8,3.1,2.1,3.75,3.2,2.1,3.8,3.2,2.16,3.91,3.22,2.05,4.0,3.0,2.1,3.9,3.13,2.19,4.1,3.5,2.11,3.89,3.22,1.57,2.38,1.6,2.47,1.6,2.6,1.55,2.47,-0.25,1.89,2.04,1.9,2.02,1.91,2.08,1.84,2.0,2023,Football-Data.co.uk,https://www.football-data.co.uk/mmz4281/2324/D1.csv,,,,,,,,,,,,,,,,,,,,,,,,,,,,,,,,,,,,,,,,,,,,,,,,,,,,,,,,,2023-12-15,borussia m gladbach,werder bremen,market_average_open,2.0,3.96,3.48,market_average_close,2.11,3.89,3.22,market_average_close,2.11,3.89,3.22,closing,0.47393364928909953,0.2570694087403599,0.3105590062111801,1.0415620642406396,0.4550219958660123,0.2468114167807933,0.29816658735319435,0.7018334126468055,0.5449780041339877,0.7531885832192067,1.4248395445134576,1.834936442231421,1.3276887386235936,H,0
D1,2023-12-16,14:30,Augsburg,Dortmund,1,1,D,1.0,1.0,D,20.0,24.0,4.0,6.0,13.0,4.0,4.0,7.0,2.0,1.0,0.0,0.0,3.5,4.2,1.91,3.4,4.0,1.93,3.45,4.1,1.95,3.64,4.24,1.91,3.3,4.2,1.91,3.5,4.2,1.9,3.76,4.33,1.98,3.5,4.2,1.93,1.44,2.75,1.46,2.82,1.46,3.0,1.43,2.82,0.5,1.99,1.94,1.99,1.92,1.99,1.96,1.94,1.93,3.0,4.0,2.1,3.0,3.9,2.1,3.05,4.0,2.1,3.15,3.94,2.19,3.0,4.0,2.05,3.0,3.9,2.15,4.5,4.33,2.21,3.16,3.99,2.12,1.5,2.63,1.51,2.68,1.51,2.85,1.47,2.69,0.25,1.99,1.94,1.99,1.93,2.06,1.94,1.98,1.87,2023,Football-Data.co.uk,https://www.football-data.co.uk/mmz4281/2324/D1.csv,,,,,,,,,,,,,,,,,,,,,,,,,,,,,,,,,,,,,,,,,,,,,,,,,,,,,,,,,2023-12-16,augsburg,dortmund,market_average_open,3.5,4.2,1.93,market_average_close,3.16,3.99,2.12,market_average_close,3.16,3.99,2.12,closing,0.3164556962025316,0.2506265664160401,0.4716981132075471,1.0387803758261187,0.30464158119165613,0.24127002420191315,0.45408839460643086,0.5459116053935693,0.695358418808344,0.758729975798087,1.831798390288956,1.4381072738196354,1.3179919495708967,A,0
D1,2023-12-16,14:30,Bochum,Union Berlin,3,0,H,1.0,0.0,H,21.0,10.0,7.0,2.0,12.0,13.0,6.0,4.0,2.0,2.0,0.0,0.0,2.7,3.4,2.6,2.7,3.4,2.55,2.7,3.4,2.6,2.68,3.48,2.68,2.5,3.4,2.6,2.7,3.4,2.63,2.75,3.6,2.71,2.68,3.46,2.64,1.97,1.93,1.96,1.93,2.0,1.97,1.93,1.9,0.0,1.98,1.95,1.95,1.95,1.98,1.98,1.94,1.93,2.55,3.4,2.75,2.6,3.3,2.7,2.65,3.35,2.65,2.62,3.36,2.88,2.5,3.4,2.6,2.6,3.3,2.75,2.77,3.5,2.88,2.61,3.39,2.76,2.0,1.8,2.06,1.85,2.09,1.91,2.01,1.83,0.0,1.87,2.06,1.87,2.06,1.94,2.06,1.89,1.98,2023,Football-Data.co.uk,https://www.football-data.co.uk/mmz4281/2324/D1.csv,,,,,,,,,,,,,,,,,,,,,,,,,,,,,,,,,,,,,,,,,,,,,,,,,,,,,,,,,2023-12-16,bochum,union berlin,market_average_open,2.68,3.46,2.64,market_average_close,2.61,3.39,2.76,market_average_close,2.61,3.39,2.76,closing,0.3831417624521073,0.2949852507374631,0.3623188405797102,1.0404458537692807,0.3682476709999645,0.28351811838050367,0.34823421061953175,0.6517657893804683,0.6317523290000354,0.7164818816194962,1.5342934782608697,1.5828987945051864,1.3957087061848026,H,0
D1,2023-12-16,14:30,Darmstadt,Wolfsburg,0,1,A,0.0,0.0,D,14.0,11.0,4.0,3.0,16.0,10.0,7.0,7.0,2.0,0.0,0.0,1.0,3.1,3.6,2.2,3.0,3.6,2.2,3.1,3.6,2.25,3.29,3.61,2.21,3.1,3.6,2.1,3.2,3.6,2.2,3.38,3.8,2.27,3.21,3.62,2.21,1.8,2.0,1.79,2.1,1.81,2.2,1.75,2.11,0.25,2.0,1.93,1.98,1.93,2.0,1.94,1.94,1.89,3.8,3.75,1.85,3.7,3.6,1.98,3.75,3.7,1.95,3.97,3.86,1.93,3.6,3.7,1.91,3.75,3.8,1.93,4.09,3.86,2.15,3.79,3.72,1.97,1.8,2.0,1.83,2.07,1.9,2.14,1.79,2.06,0.5,2.01,1.92,1.99,1.93,2.01,2.0,1.91,1.95,2023,Football-Data.co.uk,https://www.football-data.co.uk/mmz4281/2324/D1.csv,,,,,,,,,,,,,,,,,,,,,,,,,,,,,,,,,,,,,,,,,,,,,,,,,,,,,,,,,2023-12-16,darmstadt,wolfsburg,market_average_open,3.21,3.62,2.21,market_average_close,3.79,3.72,1.97,market_average_close,3.79,3.72,1.97,closing,0.2638522427440633,0.26881720430107525,0.5076142131979695,1.040283660243108,0.25363490058317617,0.2584076003253327,0.48795749909149116,0.5120425009085089,0.7463650994168238,0.7415923996746674,1.952962885357594,1.3398268498639005,1.3484496341099161,A,0
D1,2023-12-16,14:30,Mainz,Heidenheim,0,1,A,0.0,1.0,A,16.0,5.0,4.0,2.0,9.0,20.0,8.0,1.0,3.0,3.0,0.0,0.0,1.67,4.2,4.75,1.66,4.1,4.6,1.67,4.2,4.7,1.67,4.23,4.93,1.65,4.0,4.5,1.65,4.2,4.8,1.72,4.4,5.1,1.68,4.22,4.77,1.67,2.2,1.67,2.3,1.71,2.34,1.66,2.27,-0.75,1.87,2.06,1.86,2.05,1.88,2.07,1.84,2.01,1.7,4.2,4.5,1.7,4.0,4.6,1.73,3.85,4.6,1.72,4.14,4.82,1.62,4.0,4.75,1.67,4.1,4.75,1.96,4.27,4.99,1.72,4.07,4.66,1.67,2.2,1.68,2.3,1.71,2.36,1.67,2.24,-0.75,1.91,2.02,1.93,2.0,1.93,2.05,1.88,1.97,2023,Football-Data.co.uk,https://www.football-data.co.uk/mmz4281/2324/D1.csv,,,,,,,,,,,,,,,,,,,,,,,,,,,,,,,,,,,,,,,,,,,,,,,,,,,,,,,,,2023-12-16,mainz 05,fc heidenheim,market_average_open,1.68,4.22,4.77,market_average_close,1.72,4.07,4.66,market_average_close,1.72,4.07,4.66,closing,0.5813953488372093,0.24570024570024568,0.2145922746781116,1.0416878692155667,0.5581281744934052,0.23586743492104592,0.20600439058554873,0.7939956094144511,0.44187182550659465,0.764132565078954,1.2594528082308556,2.2630997096353127,1.3086734497392805,H,1
D1,2023-12-16,17:30,RB Leipzig,Hoffenheim,3,1,H,1.0,1.0,D,23.0,10.0,11.0,4.0,11.0,9.0,9.0,2.0,3.0,2.0,0.0,0.0,1.45,5.0,6.0,1.46,5.0,5.75,1.45,5.25,6.0,1.45,5.3,6.22,1.4,5.5,6.0,1.44,5.25,6.0,1.48,5.6,6.8,1.45,5.21,6.14,1.36,3.2,1.38,3.15,1.4,3.22,1.37,3.1,-1.25,1.94,1.99,1.92,1.99,1.97,1.99,1.91,1.94,1.33,5.75,8.0,1.32,5.75,8.0,1.37,5.5,7.0,1.33,6.1,8.64,1.29,5.5,8.5,1.3,6.0,9.0,1.65,6.55,9.2,1.34,5.86,8.1,1.33,3.4,1.36,3.29,1.38,3.45,1.34,3.29,-1.5,1.87,2.06,1.87,2.06,1.95,2.09,1.87,2.0,2023,Football-Data.co.uk,https://www.football-data.co.uk/mmz4281/2324/D1.csv,,,,,,,,,,,,,,,,,,,,,,,,,,,,,,,,,,,,,,,,,,,,,,,,,,,,,,,,,2023-12-16,rasenballsport leipzig,hoffenheim,market_average_open,1.45,5.21,6.14,market_average_close,1.34,5.86,8.1,market_average_close,1.34,5.86,8.1,closing,0.7462686567164178,0.1706484641638225,0.1234567901234568,1.0403739110036971,0.717308122419619,0.16402608942701186,0.11866578815336909,0.881334211846631,0.28269187758038095,0.8359739105729882,1.1346433470507544,3.537420348116153,1.1962095794527678,H,1
D1,2023-12-17,14:30,Freiburg,FC Koln,2,0,H,0.0,0.0,D,23.0,7.0,7.0,1.0,13.0,10.0,5.0,2.0,1.0,4.0,0.0,1.0,1.8,3.8,4.2,1.85,3.7,4.1,1.83,3.75,4.2,1.82,3.75,4.57,1.8,3.7,4.0,1.83,3.7,4.33,1.87,3.93,4.7,1.83,3.77,4.36,1.91,1.99,1.93,1.96,1.93,2.06,1.87,1.96,-0.5,1.78,2.03,1.82,2.09,1.85,2.11,1.82,2.04,1.85,3.6,4.2,1.87,3.6,4.1,1.9,3.65,4.0,1.92,3.72,4.18,1.8,3.7,4.0,1.91,3.7,3.9,1.95,3.81,4.32,1.9,3.68,4.13,1.95,1.95,1.94,1.96,1.99,1.97,1.91,1.92,-0.5,1.95,1.98,1.93,2.0,1.96,2.01,1.91,1.96,2023,Football-Data.co.uk,https://www.football-data.co.uk/mmz4281/2324/D1.csv,,,,,,,,,,,,,,,,,,,,,,,,,,,,,,,,,,,,,,,,,,,,,,,,,,,,,,,,,2023-12-17,freiburg,fc cologne,market_average_open,1.83,3.77,4.36,market_average_close,1.9,3.68,4.13,market_average_close,1.9,3.68,4.13,closing,0.5263157894736842,0.2717391304347826,0.24213075060532688,1.0401856705137937,0.5059825417646001,0.26124098623715764,0.2327764719982422,0.7672235280017577,0.49401745823539983,0.7387590137628424,1.30340111258646,2.0242199609138085,1.3536213858245005,H,1
D1,2023-12-17,16:30,Leverkusen,Ein Frankfurt,3,0,H,1.0,0.0,H,14.0,4.0,6.0,2.0,4.0,13.0,5.0,5.0,1.0,1.0,0.0,0.0,1.36,5.0,8.5,1.37,5.25,7.5,1.37,5.25,7.5,1.36,5.67,7.93,1.3,5.5,8.0,1.33,5.5,8.5,1.39,6.0,8.5,1.35,5.48,8.06,1.5,2.63,1.48,2.73,1.51,2.8,1.47,2.69,-1.5,1.99,1.94,1.98,1.93,2.0,1.98,1.95,1.91,1.25,6.0,10.0,1.26,6.25,10.5,1.33,5.75,8.25,1.26,6.43,11.03,1.25,6.0,10.0,1.25,6.0,11.5,1.53,6.6,12.0,1.28,6.14,10.53,1.44,2.75,1.46,2.78,1.55,2.93,1.47,2.73,-1.75,1.95,1.98,1.94,1.96,2.04,1.99,1.95,1.9,2023,Football-Data.co.uk,https://www.football-data.co.uk/mmz4281/2324/D1.csv,,,,,,,,,,,,,,,,,,,,,,,,,,,,,,,,,,,,,,,,,,,,,,,,,,,,,,,,,2023-12-17,bayer leverkusen,eintracht frankfurt,market_average_open,1.35,5.48,8.06,market_average_close,1.28,6.14,10.53,market_average_close,1.28,6.14,10.53,closing,0.78125,0.16286644951140067,0.0949667616334283,1.039083211144829,0.7518647126819069,0.1567405264222868,0.09139476089580635,0.9086052391041937,0.24813528731809315,0.8432594735777132,1.1005879748018113,4.030059613077384,1.1858746107615972,H,1
D1,2023-12-17,18:30,Bayern Munich,Stuttgart,3,0,H,1.0,0.0,H,17.0,5.0,8.0,2.0,7.0,8.0,6.0,2.0,0.0,3.0,0.0,0.0,1.45,5.25,5.5,1.44,5.0,6.0,1.47,5.25,5.75,1.44,5.56,6.06,1.4,5.0,6.0,1.44,5.25,6.0,1.51,5.7,6.5,1.46,5.29,6.01,1.36,3.2,1.36,3.26,1.38,3.33,1.35,3.18,-1.25,1.95,1.98,1.93,1.97,1.99,1.98,1.92,1.92,1.57,5.25,4.5,1.53,4.8,5.0,1.55,5.25,4.6,1.56,5.03,5.28,1.5,5.0,5.0,1.53,5.0,5.0,1.58,5.94,8.0,1.52,5.13,5.41,1.33,3.4,1.35,3.37,1.35,3.62,1.33,3.37,-1.25,2.05,1.75,2.12,1.8,2.2,2.1,2.02,1.83,2023,Football-Data.co.uk,https://www.football-data.co.uk/mmz4281/2324/D1.csv,,,,,,,,,,,,,,,,,,,,,,,,,,,,,,,,,,,,,,,,,,,,,,,,,,,,,,,,,2023-12-17,bayern munich,vfb stuttgart,market_average_open,1.46,5.29,6.01,market_average_close,1.52,5.13,5.41,market_average_close,1.52,5.13,5.41,closing,0.6578947368421053,0.19493177387914232,0.18484288354898337,1.0376693942702309,0.6340118928772951,0.1878553756673467,0.17813273145535832,0.8218672685446418,0.365988107122705,0.8121446243326534,1.2167414840242936,2.732329222011385,1.2313077868633422,H,1
D1,2023-12-19,17:30,Werder Bremen,RB Leipzig,1,1,D,0.0,0.0,D,11.0,18.0,3.0,9.0,15.0,9.0,1.0,4.0,4.0,2.0,0.0,0.0,5.0,4.5,1.57,5.25,4.5,1.57,5.0,4.5,1.6,5.13,4.76,1.6,5.0,4.5,1.53,5.0,4.6,1.57,5.3,4.8,1.65,5.06,4.62,1.6,1.44,2.75,1.46,2.84,1.5,2.88,1.45,2.76,1.0,1.95,1.98,1.96,1.96,1.96,2.0,1.91,1.94,5.0,4.5,1.53,5.25,4.6,1.55,5.25,4.7,1.55,5.56,4.71,1.56,5.0,4.5,1.53,5.5,4.6,1.53,5.77,4.9,1.65,5.3,4.68,1.56,1.44,2.75,1.46,2.84,1.47,3.0,1.43,2.85,1.0,2.02,1.91,2.03,1.9,2.14,1.98,1.99,1.87,2023,Football-Data.co.uk,https://www.football-data.co.uk/mmz4281/2324/D1.csv,,,,,,,,,,,,,,,,,,,,,,,,,,,,,,,,,,,,,,,,,,,,,,,,,,,,,,,,,2023-12-19,werder bremen,rasenballsport leipzig,market_average_open,5.06,4.62,1.6,market_average_close,5.3,4.68,1.56,market_average_close,5.3,4.68,1.56,closing,0.18867924528301888,0.2136752136752137,0.641025641025641,1.0433800999838736,0.18083462132921174,0.20479134466769708,0.6143740340030911,0.3856259659969088,0.8191653786707882,0.7952086553323028,2.593186372745491,1.2207547169811321,1.2575315840621966,A,0
D1,2023-12-19,19:30,Dortmund,Mainz,1,1,D,1.0,1.0,D,21.0,11.0,8.0,6.0,11.0,14.0,6.0,1.0,0.0,4.0,0.0,0.0,1.55,4.75,5.25,1.52,4.75,5.5,1.53,4.7,5.25,1.57,4.84,5.33,1.5,4.75,5.0,1.53,4.75,5.5,1.57,5.0,5.8,1.54,4.84,5.46,1.44,2.75,1.49,2.76,1.5,2.88,1.46,2.74,-1.0,1.9,2.03,1.92,2.01,1.92,2.06,1.85,2.01,1.57,4.75,4.75,1.55,4.6,5.25,1.55,4.7,5.25,1.56,4.63,5.73,1.44,4.8,5.8,1.53,4.75,5.25,1.62,5.0,6.3,1.54,4.74,5.59,1.44,2.75,1.49,2.76,1.5,2.93,1.45,2.77,-1.0,1.98,1.95,1.93,2.0,1.98,2.16,1.85,2.01,2023,Football-Data.co.uk,https://www.football-data.co.uk/mmz4281/2324/D1.csv,,,,,,,,,,,,,,,,,,,,,,,,,,,,,,,,,,,,,,,,,,,,,,,,,,,,,,,,,2023-12-19,dortmund,mainz 05,market_average_open,1.54,4.84,5.46,market_average_close,1.54,4.74,5.59,market_average_close,1.54,4.74,5.59,closing,0.6493506493506493,0.21097046413502107,0.17889087656529518,1.0392119900509655,0.624849073689771,0.2030100365996302,0.17214088971059882,0.8278591102894013,0.37515092631022906,0.7969899634003699,1.2079350067796222,2.6655938446838734,1.2547209449583088,H,1
D1,2023-12-19,19:30,Hoffenheim,Darmstadt,3,3,D,2.0,1.0,H,13.0,14.0,4.0,3.0,9.0,15.0,8.0,3.0,2.0,4.0,0.0,0.0,1.44,5.0,6.5,1.46,4.8,6.25,1.43,5.0,6.5,1.45,5.14,6.78,1.44,4.75,6.0,1.44,5.0,6.5,1.56,5.3,7.1,1.45,4.97,6.55,1.5,2.63,1.49,2.73,1.51,2.75,1.48,2.65,-1.25,1.94,1.99,1.94,1.98,2.01,2.0,1.92,1.92,1.5,4.75,5.75,1.49,4.6,6.0,1.53,4.7,5.5,1.51,4.74,6.42,1.44,4.6,5.8,1.5,4.75,6.0,1.56,4.88,7.0,1.49,4.68,6.1,1.57,2.38,1.61,2.45,1.62,2.6,1.56,2.41,-1.25,2.03,1.78,2.11,1.81,2.14,1.88,2.03,1.8,2023,Football-Data.co.uk,https://www.football-data.co.uk/mmz4281/2324/D1.csv,,,,,,,,,,,,,,,,,,,,,,,,,,,,,,,,,,,,,,,,,,,,,,,,,,,,,,,,,2023-12-19,hoffenheim,darmstadt,market_average_open,1.45,4.97,6.55,market_average_close,1.49,4.68,6.1,market_average_close,1.49,4.68,6.1,closing,0.6711409395973155,0.2136752136752137,0.1639344262295082,1.0487505795020373,0.6399433313457461,0.20374264181734225,0.15631402683691176,0.8436859731630884,0.360056668654254,0.7962573581826579,1.1852751281983154,2.7773405884623523,1.2558753645710166,H,1
D1,2023-12-20,17:30,Union Berlin,FC Koln,2,0,H,0.0,0.0,D,12.0,15.0,8.0,7.0,10.0,7.0,4.0,5.0,0.0,0.0,0.0,0.0,1.95,3.6,3.8,1.98,3.5,3.8,1.95,3.55,3.9,1.95,3.59,4.09,1.91,3.6,3.75,1.95,3.5,4.0,2.01,3.7,4.25,1.95,3.58,4.02,2.05,1.85,2.04,1.86,2.07,1.88,2.0,1.84,-0.5,1.95,1.95,1.96,1.94,1.96,1.98,1.93,1.92,1.8,3.8,4.2,1.8,3.7,4.33,1.83,3.7,4.3,1.78,3.83,4.8,1.73,3.75,4.33,1.8,3.8,4.33,1.89,3.94,4.8,1.81,3.78,4.46,1.9,2.0,1.91,2.0,1.92,2.03,1.86,1.97,-0.75,2.05,1.88,2.02,1.91,2.09,1.91,2.02,1.83,2023,Football-Data.co.uk,https://www.football-data.co.uk/mmz4281/2324/D1.csv,,,,,,,,,,,,,,,,,,,,,,,,,,,,,,,,,,,,,,,,,,,,,,,,,,,,,,,,,2023-12-20,union berlin,fc cologne,market_average_open,1.95,3.58,4.02,market_average_close,1.81,3.78,4.46,market_average_close,1.81,3.78,4.46,closing,0.5524861878453039,0.2645502645502646,0.2242152466367713,1.0412516990323397,0.5305981141339242,0.25406946734984204,0.2153324185162338,0.7846675814837663,0.46940188586607584,0.745930532650158,1.2744250222610842,2.1303706485007776,1.3406074107828494,H,1
D1,2023-12-20,19:30,Ein Frankfurt,M'gladbach,2,1,H,0.0,1.0,A,15.0,7.0,7.0,2.0,11.0,14.0,8.0,2.0,1.0,6.0,0.0,1.0,1.83,4.0,3.8,1.85,3.9,3.9,1.85,3.95,3.8,1.88,3.98,4.0,1.8,4.0,3.75,1.85,4.0,3.9,1.98,4.1,4.13,1.87,3.97,3.91,1.62,2.3,1.64,2.37,1.67,2.4,1.61,2.34,-0.5,1.87,2.03,1.88,2.03,1.88,2.04,1.85,2.0,1.7,4.2,4.33,1.68,4.0,4.6,1.77,3.95,4.2,1.74,4.21,4.63,1.67,4.0,4.4,1.7,4.2,4.5,1.98,4.33,4.81,1.73,4.13,4.48,1.62,2.3,1.65,2.36,1.67,2.47,1.61,2.34,-0.75,1.93,2.0,1.94,1.98,1.94,2.05,1.89,1.95,2023,Football-Data.co.uk,https://www.football-data.co.uk/mmz4281/2324/D1.csv,,,,,,,,,,,,,,,,,,,,,,,,,,,,,,,,,,,,,,,,,,,,,,,,,,,,,,,,,2023-12-20,eintracht frankfurt,borussia m gladbach,market_average_open,1.87,3.97,3.91,market_average_close,1.73,4.13,4.48,market_average_close,1.73,4.13,4.48,closing,0.5780346820809249,0.24213075060532688,0.2232142857142857,1.0433797184005376,0.5540022217098782,0.2320638846387625,0.21393389365135917,0.7860661063486407,0.44599777829012166,0.7679361153612374,1.2721576365187715,2.242163635509188,1.302191653702339,H,1
D1,2023-12-20,19:30,Heidenheim,Freiburg,3,2,H,0.0,1.0,A,14.0,10.0,3.0,4.0,20.0,12.0,7.0,4.0,3.0,4.0,0.0,0.0,2.8,3.6,2.38,2.7,3.6,2.45,2.8,3.6,2.4,2.9,3.58,2.44,2.75,3.6,2.3,2.8,3.6,2.4,2.97,3.74,2.55,2.85,3.59,2.43,1.73,2.1,1.78,2.12,1.81,2.2,1.74,2.12,0.25,1.8,2.1,1.81,2.12,1.81,2.12,1.78,2.06,3.1,3.5,2.25,3.1,3.4,2.25,3.1,3.45,2.3,3.28,3.43,2.32,2.9,3.5,2.25,3.13,3.5,2.25,3.31,3.6,2.55,3.11,3.46,2.32,2.04,1.86,2.03,1.88,2.13,1.96,1.96,1.87,0.25,1.93,2.0,1.93,2.0,1.93,2.09,1.87,1.98,2023,Football-Data.co.uk,https://www.football-data.co.uk/mmz4281/2324/D1.csv,,,,,,,,,,,,,,,,,,,,,,,,,,,,,,,,,,,,,,,,,,,,,,,,,,,,,,,,,2023-12-20,fc heidenheim,freiburg,market_average_open,2.85,3.59,2.43,market_average_close,3.11,3.46,2.32,market_average_close,3.11,3.46,2.32,closing,0.3215434083601286,0.28901734104046245,0.4310344827586207,1.041595232159212,0.30870284197977155,0.2774756758835519,0.4138214821366765,0.5861785178633234,0.6912971580202284,0.7225243241164481,1.7059649399044772,1.4465559251883089,1.3840364491851096,A,0
D1,2023-12-20,19:30,Leverkusen,Bochum,4,0,H,3.0,0.0,H,15.0,6.0,8.0,1.0,7.0,12.0,4.0,3.0,0.0,2.0,0.0,0.0,1.17,8.0,15.0,1.19,7.75,13.0,1.2,7.5,13.0,1.18,8.42,13.23,1.15,7.5,13.0,1.17,8.0,15.0,1.22,9.2,16.0,1.19,7.95,13.9,1.36,3.2,1.37,3.18,1.41,3.25,1.37,3.11,-2.0,1.86,2.04,1.88,2.02,1.9,2.08,1.85,2.0,1.22,7.0,11.0,1.22,7.0,11.5,1.22,6.75,12.0,1.22,7.42,12.08,1.15,7.5,13.0,1.22,7.0,12.0,1.25,9.08,15.0,1.21,7.28,12.38,1.44,2.75,1.43,2.91,1.5,3.28,1.41,2.93,-1.75,1.85,2.08,1.83,2.08,1.85,2.24,1.77,2.1,2023,Football-Data.co.uk,https://www.football-data.co.uk/mmz4281/2324/D1.csv,,,,,,,,,,,,,,,,,,,,,,,,,,,,,,,,,,,,,,,,,,,,,,,,,,,,,,,,,2023-12-20,bayer leverkusen,bochum,market_average_open,1.19,7.95,13.9,market_average_close,1.21,7.28,12.38,market_average_close,1.21,7.28,12.38,closing,0.8264462809917356,0.13736263736263735,0.08077544426494346,1.0445843626193163,0.791172365360137,0.13149980248430845,0.07732783215555458,0.9226721678444455,0.20882763463986304,0.8685001975156916,1.0838085669541853,4.788638255298757,1.1514102159797523,H,1
D1,2023-12-20,19:30,Stuttgart,Augsburg,3,0,H,2.0,0.0,H,17.0,6.0,7.0,5.0,8.0,14.0,4.0,4.0,0.0,4.0,0.0,0.0,1.36,5.25,7.5,1.37,5.25,7.75,1.43,4.9,6.75,1.37,5.46,7.98,1.33,5.5,7.5,1.36,5.25,8.0,1.43,5.7,8.5,1.37,5.34,7.83,1.44,2.75,1.48,2.73,1.5,2.79,1.48,2.67,-1.5,2.03,1.87,2.03,1.88,2.1,1.9,2.01,1.85,1.36,5.25,8.0,1.36,5.25,7.75,1.4,5.25,7.25,1.38,5.45,8.13,1.35,5.0,7.5,1.33,5.5,8.0,1.42,5.7,8.5,1.37,5.35,7.88,1.5,2.63,1.53,2.65,1.54,2.9,1.49,2.65,-1.5,2.02,1.91,2.03,1.89,2.08,1.91,1.99,1.87,2023,Football-Data.co.uk,https://www.football-data.co.uk/mmz4281/2324/D1.csv,,,,,,,,,,,,,,,,,,,,,,,,,,,,,,,,,,,,,,,,,,,,,,,,,,,,,,,,,2023-12-20,vfb stuttgart,augsburg,market_average_open,1.37,5.34,7.83,market_average_close,1.37,5.35,7.88,market_average_close,1.37,5.35,7.88,closing,0.7299270072992701,0.1869158878504673,0.12690355329949238,1.0437464484492298,0.6993336440893052,0.17908169951445763,0.12158465639623707,0.8784153436037628,0.3006663559106947,0.8209183004855423,1.138413630045927,3.3259457878853085,1.2181480171760548,H,1
D1,2023-12-20,19:30,Wolfsburg,Bayern Munich,1,2,A,1.0,2.0,A,5.0,20.0,4.0,7.0,14.0,12.0,0.0,6.0,4.0,2.0,0.0,0.0,6.5,5.75,1.36,7.5,5.5,1.36,7.0,5.25,1.4,7.64,5.7,1.37,7.5,5.8,1.3,7.5,5.5,1.36,8.4,6.1,1.4,7.57,5.63,1.36,1.4,3.0,1.41,3.02,1.43,3.15,1.39,3.01,1.5,1.92,1.98,1.91,1.99,1.97,2.02,1.9,1.96,5.5,5.0,1.5,6.0,4.8,1.46,6.0,4.9,1.47,6.44,5.08,1.47,7.0,5.0,1.36,6.0,5.0,1.45,7.0,5.65,1.5,6.25,5.05,1.46,1.5,2.63,1.51,2.67,1.54,2.82,1.47,2.68,1.25,1.91,2.02,1.89,2.03,1.98,2.05,1.88,1.97,2023,Football-Data.co.uk,https://www.football-data.co.uk/mmz4281/2324/D1.csv,,,,,,,,,,,,,,,,,,,,,,,,,,,,,,,,,,,,,,,,,,,,,,,,,,,,,,,,,2023-12-20,wolfsburg,bayern munich,market_average_open,7.57,5.63,1.36,market_average_close,6.25,5.05,1.46,market_average_close,6.25,5.05,1.46,closing,0.16,0.19801980198019803,0.684931506849315,1.042951308829513,0.15341080513103278,0.1898648578354366,0.6567243370335306,0.3432756629664694,0.8465891948689672,0.8101351421645634,2.913110680082434,1.18121044546851,1.2343619575965379,A,0
D1,2024-01-12,19:30,Bayern Munich,Hoffenheim,3,0,H,1.0,0.0,H,27.0,12.0,12.0,4.0,8.0,6.0,11.0,2.0,1.0,3.0,0.0,1.0,1.14,9.0,12.0,1.15,9.25,14.5,,,,1.15,9.94,16.13,1.11,9.0,15.0,1.13,9.5,17.0,1.17,11.0,17.0,1.15,9.39,15.67,1.22,4.33,,,1.24,4.75,1.21,4.38,-2.5,2.04,1.86,2.03,1.88,2.07,1.92,2.01,1.86,1.11,10.0,19.0,1.11,10.5,21.0,,,,1.13,10.35,19.0,1.08,10.0,19.0,1.1,10.5,22.0,1.15,11.0,23.0,1.12,10.29,18.84,1.2,4.5,,,1.22,5.2,1.19,4.71,-2.5,1.75,2.05,1.82,2.06,2.04,2.14,1.85,2.01,2023,Football-Data.co.uk,https://www.football-data.co.uk/mmz4281/2324/D1.csv,,,,,,,,,,,,,,,,,,,,,,,,,,,,,,,,,,,,,,,,,,,,,,,,,,,,,,,,,2024-01-12,bayern munich,hoffenheim,market_average_open,1.15,9.39,15.67,market_average_close,1.12,10.29,18.84,market_average_close,1.12,10.29,18.84,closing,0.8928571428571428,0.09718172983479106,0.05307855626326964,1.0431174289552034,0.8559507473204021,0.0931647071913363,0.0508845454882617,0.9491154545117384,0.144049252679598,0.9068352928086638,1.0536125981790472,6.942070030895982,1.1027360844137253,H,1
D1,2024-01-13,14:30,Augsburg,Leverkusen,0,1,A,0.0,0.0,D,2.0,25.0,0.0,6.0,11.0,4.0,0.0,12.0,3.0,1.0,0.0,0.0,5.25,4.75,1.5,5.75,4.5,1.52,,,,5.74,4.65,1.54,5.5,4.5,1.5,5.75,4.5,1.53,6.0,4.8,1.58,5.67,4.63,1.54,1.53,2.5,1.57,2.5,1.59,2.63,1.54,2.49,1.0,2.02,1.88,2.01,1.89,2.04,1.91,1.99,1.86,5.25,4.75,1.5,6.0,4.6,1.49,,,,5.89,4.8,1.52,5.5,4.5,1.5,5.75,4.75,1.5,6.85,5.21,1.53,5.92,4.77,1.5,1.53,2.5,1.56,2.54,1.57,2.75,1.52,2.55,1.25,1.75,2.05,1.82,2.1,1.94,2.14,1.81,2.04,2023,Football-Data.co.uk,https://www.football-data.co.uk/mmz4281/2324/D1.csv,,,,,,,,,,,,,,,,,,,,,,,,,,,,,,,,,,,,,,,,,,,,,,,,,,,,,,,,,2024-01-13,augsburg,bayer leverkusen,market_average_open,5.67,4.63,1.54,market_average_close,5.92,4.77,1.5,market_average_close,5.92,4.77,1.5,closing,0.16891891891891891,0.20964360587002098,0.6666666666666666,1.0452291914556064,0.16160945398365612,0.20057190096084787,0.6378186450554961,0.362181354944504,0.838390546016344,0.7994280990391522,2.7610477081384466,1.1927615414457517,1.2508942345182998,A,0
D1,2024-01-13,14:30,FC Koln,Heidenheim,1,1,D,1.0,0.0,H,13.0,10.0,6.0,2.0,12.0,11.0,9.0,6.0,2.0,1.0,0.0,0.0,2.05,3.6,3.4,2.0,3.7,3.4,,,,2.1,3.67,3.51,2.0,3.7,3.25,2.05,3.7,3.4,2.14,3.85,3.58,2.08,3.71,3.45,1.73,2.1,1.78,2.13,1.8,2.21,1.73,2.14,-0.25,1.82,2.08,1.83,2.09,1.84,2.13,1.8,2.06,2.0,3.6,3.75,1.98,3.6,3.6,,,,2.02,3.8,3.7,1.95,3.7,3.4,1.95,3.8,3.6,2.03,3.81,3.8,2.0,3.7,3.66,1.73,2.1,1.78,2.14,1.82,2.16,1.76,2.1,-0.5,2.01,1.92,2.03,1.9,2.03,1.93,2.0,1.88,2023,Football-Data.co.uk,https://www.football-data.co.uk/mmz4281/2324/D1.csv,,,,,,,,,,,,,,,,,,,,,,,,,,,,,,,,,,,,,,,,,,,,,,,,,,,,,,,,,2024-01-13,fc cologne,fc heidenheim,market_average_open,2.08,3.71,3.45,market_average_close,2.0,3.7,3.66,market_average_close,2.0,3.7,3.66,closing,0.5,0.27027027027027023,0.27322404371584696,1.043494313986117,0.479159295166655,0.25900502441440804,0.2618356804189371,0.738164319581063,0.5208407048333452,0.7409949755855921,1.3547119164030292,1.9199728260869562,1.349536815967911,H,0
D1,2024-01-13,14:30,Freiburg,Union Berlin,0,0,D,0.0,0.0,D,14.0,8.0,4.0,4.0,7.0,9.0,4.0,3.0,0.0,2.0,0.0,0.0,2.05,3.6,3.5,2.1,3.4,3.4,,,,2.1,3.62,3.54,2.0,3.5,3.4,2.05,3.6,3.5,2.14,3.68,3.66,2.09,3.58,3.52,2.02,1.88,2.02,1.87,2.04,1.9,1.98,1.85,-0.25,1.82,2.08,1.83,2.09,1.84,2.13,1.8,2.05,2.1,3.3,3.75,2.1,3.3,3.5,,,,2.17,3.33,3.74,2.05,3.5,3.3,2.1,3.4,3.6,2.17,3.56,4.05,2.13,3.38,3.64,2.2,1.67,2.23,1.72,2.23,1.86,2.13,1.74,-0.25,1.86,2.07,1.86,2.07,1.89,2.12,1.83,2.03,2023,Football-Data.co.uk,https://www.football-data.co.uk/mmz4281/2324/D1.csv,,,,,,,,,,,,,,,,,,,,,,,,,,,,,,,,,,,,,,,,,,,,,,,,,,,,,,,,,2024-01-13,freiburg,union berlin,market_average_open,2.09,3.58,3.52,market_average_close,2.13,3.38,3.64,market_average_close,2.13,3.38,3.64,closing,0.4694835680751174,0.2958579881656805,0.2747252747252747,1.0400668309660726,0.45139750071544404,0.2844605551845846,0.2641419440999714,0.7358580559000286,0.548602499284556,0.7155394448154154,1.358957739175525,1.822813423752391,1.3975469937341687,H,0
D1,2024-01-13,14:30,Mainz,Wolfsburg,1,1,D,0.0,1.0,A,12.0,9.0,4.0,4.0,21.0,16.0,7.0,3.0,3.0,4.0,0.0,0.0,2.2,3.4,3.25,2.2,3.4,3.2,,,,2.25,3.47,3.33,2.1,3.5,3.2,2.2,3.5,3.25,2.27,3.62,3.41,2.22,3.49,3.3,1.98,1.92,1.94,1.94,1.98,2.0,1.91,1.92,-0.25,1.92,1.98,1.94,1.96,1.95,2.01,1.89,1.94,2.0,3.4,3.8,2.05,3.4,3.7,,,,2.01,3.57,3.99,1.91,3.5,3.7,2.0,3.5,3.8,2.12,3.57,4.0,2.03,3.49,3.82,2.06,1.84,2.05,1.86,2.08,1.94,1.98,1.85,-0.5,2.0,1.93,2.02,1.91,2.09,1.93,2.03,1.85,2023,Football-Data.co.uk,https://www.football-data.co.uk/mmz4281/2324/D1.csv,,,,,,,,,,,,,,,,,,,,,,,,,,,,,,,,,,,,,,,,,,,,,,,,,,,,,,,,,2024-01-13,mainz 05,wolfsburg,market_average_open,2.22,3.49,3.3,market_average_close,2.03,3.49,3.82,market_average_close,2.03,3.49,3.82,closing,0.4926108374384237,0.28653295128939826,0.2617801047120419,1.040923893439864,0.47324385629244153,0.27526791641078974,0.2514882272967687,0.7485117727032313,0.5267561437075584,0.7247320835892102,1.335984331132863,1.8984116501452226,1.3798202434305586,H,0
D1,2024-01-13,14:30,RB Leipzig,Ein Frankfurt,0,1,A,0.0,1.0,A,26.0,5.0,7.0,1.0,7.0,16.0,15.0,4.0,0.0,2.0,0.0,0.0,1.45,4.5,7.5,1.44,4.8,6.5,,,,1.45,4.99,6.78,1.36,5.0,7.0,1.4,5.0,7.0,1.48,5.25,7.75,1.44,4.98,6.88,1.5,2.63,1.52,2.63,1.54,2.7,1.51,2.59,-1.25,1.93,1.97,1.95,1.95,1.99,1.98,1.9,1.93,1.4,4.75,7.5,1.41,4.8,7.25,,,,1.42,5.12,7.54,1.36,5.0,7.0,1.4,5.0,7.5,1.44,5.2,8.19,1.41,5.01,7.55,1.57,2.38,1.56,2.54,1.6,2.58,1.55,2.48,-1.25,1.9,2.03,1.9,2.02,1.91,2.06,1.86,1.99,2023,Football-Data.co.uk,https://www.football-data.co.uk/mmz4281/2324/D1.csv,,,,,,,,,,,,,,,,,,,,,,,,,,,,,,,,,,,,,,,,,,,,,,,,,,,,,,,,,2024-01-13,rasenballsport leipzig,eintracht frankfurt,market_average_open,1.44,4.98,6.88,market_average_close,1.41,5.01,7.55,market_average_close,1.41,5.01,7.55,closing,0.7092198581560284,0.1996007984031936,0.13245033112582782,1.0412709876850499,0.681109784622698,0.19168958010339404,0.12720063527390785,0.8727993647260921,0.3188902153773019,0.8083104198966058,1.145738689113078,3.135875457379049,1.2371484709153124,H,1
D1,2024-01-13,17:30,Darmstadt,Dortmund,0,3,A,0.0,1.0,A,10.0,17.0,2.0,8.0,10.0,13.0,3.0,4.0,1.0,3.0,0.0,0.0,5.25,4.5,1.53,5.25,4.6,1.55,,,,5.5,4.91,1.53,5.0,4.5,1.53,5.5,4.6,1.53,5.7,5.0,1.58,5.44,4.74,1.54,1.44,2.75,1.48,2.75,1.51,2.9,1.45,2.75,1.0,2.0,1.9,2.05,1.86,2.05,1.9,2.0,1.85,4.5,4.33,1.62,4.6,4.4,1.63,,,,4.83,4.44,1.67,4.8,4.5,1.55,4.6,4.6,1.62,5.39,4.7,1.7,4.83,4.45,1.63,1.44,2.75,1.46,2.86,1.51,2.86,1.46,2.75,1.0,1.78,2.03,1.82,2.1,1.99,2.12,1.84,2.03,2023,Football-Data.co.uk,https://www.football-data.co.uk/mmz4281/2324/D1.csv,,,,,,,,,,,,,,,,,,,,,,,,,,,,,,,,,,,,,,,,,,,,,,,,,,,,,,,,,2024-01-13,darmstadt,dortmund,market_average_open,5.44,4.74,1.54,market_average_close,4.83,4.45,1.63,market_average_close,4.83,4.45,1.63,closing,0.20703933747412007,0.2247191011235955,0.6134969325153374,1.045255371113053,0.19807536339531237,0.21498966408974354,0.5869349725149441,0.4130650274850559,0.8019246366046876,0.7850103359102565,2.420926327480432,1.246999972757982,1.273868577590705,A,0
D1,2024-01-14,14:30,Bochum,Werder Bremen,1,1,D,0.0,0.0,D,13.0,15.0,4.0,4.0,14.0,14.0,3.0,4.0,6.0,5.0,0.0,0.0,2.15,3.6,3.1,2.1,3.7,3.2,,,,2.21,3.78,3.16,2.1,3.6,3.1,2.2,3.7,3.1,2.25,3.82,3.3,2.19,3.72,3.15,1.67,2.2,1.66,2.32,1.71,2.36,1.64,2.28,-0.25,1.95,1.95,1.93,1.97,1.96,1.99,1.9,1.94,2.1,3.6,3.25,2.1,3.6,3.25,,,,2.14,3.67,3.46,2.1,3.6,3.1,2.1,3.75,3.25,2.25,3.77,3.46,2.14,3.66,3.3,1.73,2.1,1.7,2.27,1.74,2.34,1.67,2.2,-0.25,1.85,2.08,1.87,2.06,1.91,2.08,1.85,2.0,2023,Football-Data.co.uk,https://www.football-data.co.uk/mmz4281/2324/D1.csv,,,,,,,,,,,,,,,,,,,,,,,,,,,,,,,,,,,,,,,,,,,,,,,,,,,,,,,,,2024-01-14,bochum,werder bremen,market_average_open,2.19,3.72,3.15,market_average_close,2.14,3.66,3.3,market_average_close,2.14,3.66,3.3,closing,0.4672897196261682,0.27322404371584696,0.30303030303030304,1.0435440663723181,0.44779107532143975,0.2618231970458691,0.2903857276326912,0.7096142723673089,0.5522089246785603,0.7381768029541309,1.4092163009404386,1.8109087979374798,1.354689006750241,H,0
D1,2024-01-14,16:30,M'gladbach,Stuttgart,3,1,H,2.0,0.0,H,8.0,14.0,4.0,2.0,7.0,11.0,0.0,3.0,3.0,3.0,0.0,0.0,3.5,4.0,1.91,3.5,3.9,1.93,,,,3.67,4.14,1.92,3.5,4.0,1.85,3.6,4.0,1.93,3.87,4.2,1.97,3.6,4.05,1.93,1.53,2.5,1.53,2.61,1.54,2.66,1.51,2.58,0.5,1.95,1.95,1.98,1.93,1.99,1.97,1.93,1.93,3.75,3.8,1.91,3.6,3.8,1.93,,,,3.7,4.04,1.96,3.7,3.9,1.83,3.6,4.0,1.93,3.93,4.1,2.01,3.73,3.91,1.93,1.62,2.3,1.65,2.36,1.66,2.45,1.62,2.34,0.5,1.95,1.98,1.95,1.97,2.01,1.98,1.95,1.92,2023,Football-Data.co.uk,https://www.football-data.co.uk/mmz4281/2324/D1.csv,,,,,,,,,,,,,,,,,,,,,,,,,,,,,,,,,,,,,,,,,,,,,,,,,,,,,,,,,2024-01-14,borussia m gladbach,vfb stuttgart,market_average_open,3.6,4.05,1.93,market_average_close,3.73,3.91,1.93,market_average_close,3.73,3.91,1.93,closing,0.2680965147453083,0.2557544757033248,0.5181347150259068,1.04198570547454,0.25729385090096996,0.24544912119197393,0.497257027907056,0.5027429720929439,0.7427061490990299,0.754550878808026,1.9890879743916665,1.346427522127144,1.32529167758669,A,0
D1,2024-01-20,14:30,Bochum,Stuttgart,1,0,H,0.0,0.0,D,6.0,17.0,1.0,4.0,16.0,16.0,1.0,7.0,5.0,3.0,0.0,0.0,3.6,3.8,1.95,3.7,3.75,1.93,,,,3.66,3.9,1.98,3.6,3.9,1.85,3.6,3.8,1.95,3.84,4.0,2.02,3.65,3.87,1.97,1.67,2.2,1.69,2.25,1.71,2.32,1.67,2.24,0.5,1.91,1.99,1.92,1.99,1.93,2.0,1.89,1.96,4.2,4.0,1.75,4.1,3.9,1.8,,,,4.47,4.05,1.79,4.2,3.9,1.73,4.2,3.9,1.8,4.47,4.12,1.99,4.23,3.96,1.8,1.67,2.2,1.7,2.26,1.71,2.3,1.66,2.23,0.75,1.89,2.01,1.91,2.02,1.92,2.12,1.84,2.0,2023,Football-Data.co.uk,https://www.football-data.co.uk/mmz4281/2324/D1.csv,,,,,,,,,,,,,,,,,,,,,,,,,,,,,,,,,,,,,,,,,,,,,,,,,,,,,,,,,2024-01-20,bochum,vfb stuttgart,market_average_open,3.65,3.87,1.97,market_average_close,4.23,3.96,1.8,market_average_close,4.23,3.96,1.8,closing,0.23640661938534277,0.25252525252525254,0.5555555555555556,1.0444874274661509,0.22633744855967075,0.2417695473251029,0.5318930041152263,0.46810699588477367,0.7736625514403292,0.7582304526748971,2.1362637362637362,1.2925531914893615,1.3188602442333786,A,0
D1,2024-01-20,14:30,Darmstadt,Ein Frankfurt,2,2,D,0.0,1.0,A,13.0,7.0,3.0,4.0,11.0,7.0,4.0,1.0,1.0,1.0,0.0,0.0,3.8,3.75,1.91,3.7,3.6,1.95,,,,3.91,3.71,1.96,3.6,3.7,1.91,3.8,3.6,1.95,4.03,3.84,2.0,3.82,3.7,1.96,1.89,2.01,1.88,2.02,1.91,2.07,1.84,2.0,0.5,1.92,1.98,1.93,1.97,1.93,2.0,1.89,1.96,3.5,3.5,2.05,3.7,3.4,2.05,,,,3.75,3.53,2.09,3.5,3.7,1.91,3.6,3.5,2.05,3.92,3.7,2.1,3.72,3.51,2.04,2.1,1.73,2.09,1.81,2.15,1.86,2.06,1.78,0.5,1.75,2.05,1.84,2.1,1.85,2.1,1.82,2.05,2023,Football-Data.co.uk,https://www.football-data.co.uk/mmz4281/2324/D1.csv,,,,,,,,,,,,,,,,,,,,,,,,,,,,,,,,,,,,,,,,,,,,,,,,,,,,,,,,,2024-01-20,darmstadt,eintracht frankfurt,market_average_open,3.82,3.7,1.96,market_average_close,3.72,3.51,2.04,market_average_close,3.72,3.51,2.04,closing,0.26881720430107525,0.2849002849002849,0.49019607843137253,1.0439135676327327,0.25750906266183327,0.2729155877783532,0.46957534955981356,0.5304246504401864,0.7424909373381667,0.7270844122216469,1.8852819135953138,1.346817785527463,1.3753561253561253,A,0
D1,2024-01-20,14:30,FC Koln,Dortmund,0,4,A,0.0,1.0,A,16.0,11.0,5.0,7.0,16.0,7.0,13.0,4.0,2.0,2.0,0.0,0.0,4.5,4.0,1.73,4.2,4.1,1.75,,,,4.27,4.29,1.76,4.2,4.2,1.67,4.33,4.2,1.73,4.5,4.4,1.79,4.32,4.22,1.75,1.53,2.5,1.56,2.52,1.58,2.55,1.54,2.49,0.75,1.95,1.95,1.93,1.97,1.95,1.98,1.91,1.91,3.6,4.0,1.85,3.7,4.0,1.87,,,,3.83,4.18,1.89,3.6,4.2,1.8,3.7,4.0,1.9,4.27,4.2,1.91,3.83,4.1,1.86,1.44,2.75,1.47,2.82,1.54,2.99,1.46,2.72,0.5,2.01,1.89,2.03,1.9,2.1,1.9,2.02,1.85,2023,Football-Data.co.uk,https://www.football-data.co.uk/mmz4281/2324/D1.csv,,,,,,,,,,,,,,,,,,,,,,,,,,,,,,,,,,,,,,,,,,,,,,,,,,,,,,,,,2024-01-20,fc cologne,dortmund,market_average_open,4.32,4.22,1.75,market_average_close,3.83,4.1,1.86,market_average_close,3.83,4.1,1.86,closing,0.2610966057441253,0.24390243902439027,0.5376344086021505,1.042633453370666,0.25042032259759367,0.2339292281826302,0.5156504492197762,0.4843495507802239,0.7495796774024064,0.7660707718173698,2.0646246050793904,1.334080992517567,1.305362424450255,A,0
D1,2024-01-20,14:30,Freiburg,Hoffenheim,3,2,H,1.0,0.0,H,16.0,16.0,8.0,4.0,18.0,10.0,2.0,2.0,3.0,3.0,1.0,0.0,2.0,3.8,3.4,2.0,3.75,3.4,,,,2.07,3.83,3.44,1.95,3.8,3.3,2.05,3.75,3.4,2.1,4.0,3.6,2.05,3.84,3.42,1.62,2.3,1.67,2.3,1.7,2.34,1.64,2.29,-0.5,2.06,1.84,2.08,1.84,2.08,1.85,2.04,1.83,1.95,4.0,3.5,2.0,3.75,3.4,,,,2.0,3.92,3.67,1.95,3.75,3.4,2.0,3.9,3.4,2.1,4.07,3.79,2.01,3.83,3.49,1.57,2.38,1.63,2.42,1.69,2.53,1.6,2.35,-0.5,2.0,1.9,2.01,1.92,2.05,1.93,2.01,1.85,2023,Football-Data.co.uk,https://www.football-data.co.uk/mmz4281/2324/D1.csv,,,,,,,,,,,,,,,,,,,,,,,,,,,,,,,,,,,,,,,,,,,,,,,,,,,,,,,,,2024-01-20,freiburg,hoffenheim,market_average_open,2.05,3.84,3.42,market_average_close,2.01,3.83,3.49,market_average_close,2.01,3.83,3.49,closing,0.49751243781094534,0.2610966057441253,0.28653295128939826,1.045141994844469,0.47602377501344384,0.24981926573812582,0.27415695924843037,0.7258430407515697,0.5239762249865562,0.7501807342618743,1.377708325156023,1.9084835385911971,1.3330121053880843,H,0
D1,2024-01-20,14:30,Heidenheim,Wolfsburg,1,1,D,1.0,1.0,D,12.0,12.0,3.0,3.0,11.0,10.0,4.0,2.0,0.0,1.0,0.0,0.0,2.7,3.5,2.55,2.7,3.6,2.45,,,,2.78,3.5,2.58,2.62,3.6,2.38,2.7,3.5,2.55,2.8,3.72,2.64,2.71,3.55,2.56,1.8,2.0,1.79,2.1,1.84,2.15,1.77,2.09,0.0,2.01,1.89,2.03,1.88,2.05,1.9,2.0,1.87,2.8,3.4,2.55,2.75,3.3,2.5,,,,2.94,3.4,2.54,2.6,3.6,2.4,2.8,3.4,2.5,2.94,3.6,2.64,2.81,3.42,2.55,2.02,1.88,2.0,1.91,2.02,1.98,1.93,1.9,0.0,2.08,1.82,2.12,1.83,2.12,1.87,2.05,1.83,2023,Football-Data.co.uk,https://www.football-data.co.uk/mmz4281/2324/D1.csv,,,,,,,,,,,,,,,,,,,,,,,,,,,,,,,,,,,,,,,,,,,,,,,,,,,,,,,,,2024-01-20,fc heidenheim,wolfsburg,market_average_open,2.71,3.55,2.56,market_average_close,2.81,3.42,2.55,market_average_close,2.81,3.42,2.55,closing,0.35587188612099646,0.29239766081871343,0.3921568627450981,1.040426409684808,0.3420442645518832,0.2810363694125122,0.37691936603560466,0.6230806339643954,0.6579557354481169,0.7189636305874878,1.604928713058257,1.5198590818862996,1.3908909400366587,A,0
D1,2024-01-20,17:30,RB Leipzig,Leverkusen,2,3,A,1.0,0.0,H,11.0,18.0,6.0,5.0,11.0,11.0,1.0,9.0,2.0,3.0,0.0,0.0,2.4,3.8,2.7,2.37,3.75,2.7,,,,2.44,3.78,2.79,2.38,3.7,2.62,2.45,3.6,2.75,2.5,3.85,2.83,2.44,3.75,2.74,1.62,2.3,1.62,2.41,1.65,2.45,1.6,2.38,0.0,1.82,2.08,1.83,2.09,1.87,2.09,1.82,2.05,2.4,4.0,2.6,2.45,3.7,2.65,,,,2.5,3.77,2.76,2.38,3.7,2.62,2.45,3.75,2.7,2.62,4.08,2.79,2.47,3.76,2.68,1.53,2.5,1.58,2.52,1.59,2.75,1.54,2.51,0.0,1.84,2.06,1.87,2.06,1.94,2.11,1.85,2.02,2023,Football-Data.co.uk,https://www.football-data.co.uk/mmz4281/2324/D1.csv,,,,,,,,,,,,,,,,,,,,,,,,,,,,,,,,,,,,,,,,,,,,,,,,,,,,,,,,,2024-01-20,rasenballsport leipzig,bayer leverkusen,market_average_open,2.44,3.75,2.74,market_average_close,2.47,3.76,2.68,market_average_close,2.47,3.76,2.68,closing,0.4048582995951417,0.26595744680851063,0.3731343283582089,1.0439500747618613,0.3878138518142213,0.2547606952077464,0.35742545297803224,0.6425745470219677,0.6121861481857787,0.7452393047922535,1.556239668431518,1.6334900797143361,1.3418508572608965,H,0
D1,2024-01-21,14:30,Bayern Munich,Werder Bremen,0,1,A,0.0,0.0,D,21.0,8.0,6.0,3.0,12.0,7.0,10.0,2.0,2.0,1.0,0.0,0.0,1.09,11.0,21.0,1.1,11.0,26.0,,,,1.08,11.78,20.98,1.05,12.0,23.0,1.08,12.0,23.0,1.1,14.0,29.7,1.09,11.9,24.26,1.22,4.33,,,1.24,4.8,1.21,4.34,-2.75,1.93,1.97,1.89,1.93,1.94,2.07,1.88,1.94,1.09,11.0,23.0,1.09,12.0,23.0,,,,1.09,13.0,26.0,1.05,12.0,23.0,1.08,12.0,26.0,1.1,15.0,29.0,1.09,12.35,24.99,1.2,4.5,,,1.23,4.85,1.2,4.51,-2.75,1.91,2.02,1.88,2.02,1.91,2.07,1.85,1.99,2023,Football-Data.co.uk,https://www.football-data.co.uk/mmz4281/2324/D1.csv,,,,,,,,,,,,,,,,,,,,,,,,,,,,,,,,,,,,,,,,,,,,,,,,,,,,,,,,,2024-01-21,bayern munich,werder bremen,market_average_open,1.09,11.9,24.26,market_average_close,1.09,12.35,24.99,market_average_close,1.09,12.35,24.99,closing,0.9174311926605504,0.08097165991902834,0.040016006402561026,1.0384188589821397,0.8834885698819245,0.07797591426488241,0.03853551585319319,0.9614644841468069,0.1165114301180756,0.9220240857351176,1.0400800201032794,8.582848901490394,1.0845703658627455,H,1
D1,2024-01-21,16:30,M'gladbach,Augsburg,1,2,A,1.0,0.0,H,18.0,15.0,4.0,7.0,10.0,20.0,5.0,7.0,1.0,2.0,0.0,0.0,1.91,3.8,3.8,1.93,3.8,3.6,,,,1.91,3.98,3.61,1.85,4.0,3.5,1.91,4.0,3.6,1.96,4.2,3.86,1.92,3.97,3.67,1.57,2.38,1.56,2.46,1.57,2.55,1.54,2.46,-0.5,1.95,1.95,1.92,1.93,1.96,1.96,1.92,1.93,1.75,4.0,4.2,1.82,3.9,3.9,,,,1.81,4.14,4.22,1.83,3.9,3.6,1.87,4.0,3.8,1.88,4.14,4.36,1.85,3.99,3.96,1.53,2.5,1.56,2.57,1.61,2.66,1.54,2.5,-0.5,1.75,2.05,1.81,2.11,1.89,2.11,1.84,2.01,2023,Football-Data.co.uk,https://www.football-data.co.uk/mmz4281/2324/D1.csv,,,,,,,,,,,,,,,,,,,,,,,,,,,,,,,,,,,,,,,,,,,,,,,,,,,,,,,,,2024-01-21,borussia m gladbach,augsburg,market_average_open,1.92,3.97,3.67,market_average_close,1.85,3.99,3.96,market_average_close,1.85,3.99,3.96,closing,0.5405405405405405,0.2506265664160401,0.25252525252525254,1.043692359481833,0.5179117540047005,0.24013452253350773,0.24195372346179192,0.7580462765382082,0.48208824599529965,0.7598654774664924,1.3191806766293066,2.074309026007139,1.3160224140385386,H,1
D1,2024-01-24,19:30,Bayern Munich,Union Berlin,1,0,H,0.0,0.0,D,24.0,4.0,10.0,1.0,5.0,9.0,12.0,1.0,2.0,4.0,0.0,0.0,1.18,7.0,17.0,1.17,7.75,16.5,,,,1.15,8.7,17.25,1.12,8.0,17.0,1.15,8.0,17.0,1.19,9.3,19.0,1.16,8.09,17.3,1.4,3.0,1.4,2.95,1.44,3.02,1.4,2.94,-2.25,2.05,1.75,2.01,1.87,2.05,1.91,2.01,1.81,1.13,8.0,19.0,1.15,9.0,16.5,,,,1.14,9.98,18.01,1.12,8.5,15.0,1.13,9.5,18.0,1.15,11.0,23.0,1.14,9.33,17.73,1.3,3.5,1.31,3.55,1.34,3.73,1.31,3.51,-2.25,1.89,2.04,1.87,2.05,1.98,2.06,1.84,2.0,2023,Football-Data.co.uk,https://www.football-data.co.uk/mmz4281/2324/D1.csv,,,,,,,,,,,,,,,,,,,,,,,,,,,,,,,,,,,,,,,,,,,,,,,,,,,,,,,,,2024-01-24,bayern munich,union berlin,market_average_open,1.16,8.09,17.3,market_average_close,1.14,9.33,17.73,market_average_close,1.14,9.33,17.73,closing,0.8771929824561404,0.10718113612004287,0.05640157924421884,1.0407756978204021,0.8428261577332777,0.1029819742567992,0.0541918680099231,0.945808131990077,0.1571738422667223,0.8970180257432009,1.0572968937113048,6.362381841521765,1.1148047991248293,H,1
D1,2024-01-26,19:30,Ein Frankfurt,Mainz,1,0,H,0.0,0.0,D,13.0,7.0,4.0,0.0,10.0,12.0,2.0,1.0,2.0,1.0,0.0,0.0,2.15,3.4,3.5,2.1,3.3,3.5,,,,2.17,3.44,3.54,2.0,3.5,3.5,2.1,3.4,3.6,2.2,3.66,3.71,2.14,3.46,3.52,2.05,1.75,2.09,1.8,2.12,1.84,2.04,1.8,-0.25,1.87,2.03,1.88,2.04,1.89,2.08,1.84,2.01,2.2,3.3,3.4,2.2,3.2,3.3,,,,2.25,3.36,3.49,2.2,3.3,3.2,2.15,3.4,3.4,2.28,3.6,4.0,2.21,3.39,3.4,2.15,1.67,2.24,1.72,2.28,1.86,2.11,1.75,-0.25,1.92,1.98,1.93,1.99,1.96,2.25,1.88,1.97,2023,Football-Data.co.uk,https://www.football-data.co.uk/mmz4281/2324/D1.csv,,,,,,,,,,,,,,,,,,,,,,,,,,,,,,,,,,,,,,,,,,,,,,,,,,,,,,,,,2024-01-26,eintracht frankfurt,mainz 05,market_average_open,2.14,3.46,3.52,market_average_close,2.21,3.39,3.4,market_average_close,2.21,3.39,3.4,closing,0.45248868778280543,0.2949852507374631,0.29411764705882354,1.041591585579092,0.43442045236112004,0.28320625360415197,0.28237329403472805,0.717626705965272,0.5655795476388801,0.716793746395848,1.393482142857143,1.768097881499943,1.3951014570483597,H,0
D1,2024-01-27,14:30,Augsburg,Bayern Munich,2,3,A,0.0,2.0,A,14.0,13.0,7.0,4.0,12.0,11.0,4.0,5.0,2.0,6.0,0.0,0.0,8.5,5.75,1.3,9.5,5.75,1.3,,,,8.77,5.99,1.31,10.0,6.0,1.22,9.0,6.0,1.3,10.0,6.5,1.34,9.05,6.01,1.31,1.4,3.0,1.42,2.98,1.42,3.25,1.39,3.04,1.75,1.78,2.03,1.84,2.06,1.9,2.11,1.83,2.01,8.0,5.75,1.3,8.0,6.0,1.32,,,,7.96,6.54,1.32,8.5,6.5,1.25,8.5,6.5,1.29,9.12,6.6,1.36,8.28,6.16,1.32,1.3,3.5,1.32,3.5,1.37,3.72,1.32,3.4,1.5,2.03,1.78,2.08,1.81,2.15,1.9,2.05,1.82,2023,Football-Data.co.uk,https://www.football-data.co.uk/mmz4281/2324/D1.csv,,,,,,,,,,,,,,,,,,,,,,,,,,,,,,,,,,,,,,,,,,,,,,,,,,,,,,,,,2024-01-27,augsburg,bayern munich,market_average_open,9.05,6.01,1.31,market_average_close,8.28,6.16,1.32,market_average_close,8.28,6.16,1.32,closing,0.12077294685990339,0.16233766233766234,0.7575757575757576,1.0406863667733233,0.11605124340617937,0.15599095704596835,0.7279577995478523,0.2720422004521477,0.8839487565938207,0.8440090429540317,3.67590027700831,1.1312872975277066,1.1848214285714285,A,0
D1,2024-01-27,14:30,Hoffenheim,Heidenheim,1,1,D,1.0,1.0,D,20.0,15.0,8.0,3.0,11.0,13.0,9.0,5.0,4.0,0.0,0.0,0.0,1.67,4.5,4.33,1.68,4.1,4.6,,,,1.7,4.28,4.64,1.65,4.2,4.4,1.67,4.2,4.6,1.74,4.5,4.8,1.7,4.28,4.55,1.5,2.5,1.52,2.6,1.53,2.62,1.5,2.55,-0.75,1.88,2.02,1.89,2.02,1.9,2.05,1.85,1.99,1.7,4.2,4.5,1.71,4.2,4.33,,,,1.74,4.3,4.51,1.65,4.2,4.4,1.7,4.4,4.4,1.76,4.5,4.87,1.72,4.26,4.46,1.48,2.6,1.51,2.67,1.54,2.82,1.47,2.71,-0.75,1.92,1.98,1.93,1.99,1.97,2.04,1.88,1.97,2023,Football-Data.co.uk,https://www.football-data.co.uk/mmz4281/2324/D1.csv,,,,,,,,,,,,,,,,,,,,,,,,,,,,,,,,,,,,,,,,,,,,,,,,,,,,,,,,,2024-01-27,hoffenheim,fc heidenheim,market_average_open,1.7,4.28,4.55,market_average_close,1.72,4.26,4.46,market_average_close,1.72,4.26,4.46,closing,0.5813953488372093,0.2347417840375587,0.2242152466367713,1.0403523795115392,0.5588446379198777,0.22563680216483323,0.21551855991528915,0.7844814400847109,0.4411553620801224,0.7743631978351668,1.2747274172503262,2.266775122679752,1.2913836850661682,H,1
D1,2024-01-27,14:30,Stuttgart,RB Leipzig,5,2,H,2.0,1.0,H,19.0,4.0,11.0,2.0,9.0,11.0,9.0,3.0,1.0,4.0,0.0,0.0,2.63,3.8,2.4,2.65,3.6,2.45,,,,2.75,3.82,2.45,2.6,3.8,2.38,2.7,3.7,2.45,2.79,3.98,2.5,2.71,3.77,2.45,1.57,2.38,1.6,2.46,1.6,2.48,1.57,2.4,0.0,2.05,1.85,2.07,1.85,2.07,1.88,2.03,1.84,2.55,3.75,2.6,2.5,3.6,2.6,,,,2.54,3.79,2.7,2.45,3.7,2.5,2.55,3.7,2.6,2.77,3.83,2.74,2.55,3.71,2.63,1.62,2.3,1.62,2.42,1.65,2.48,1.6,2.37,0.0,1.88,2.02,1.9,2.02,1.94,2.05,1.89,1.98,2023,Football-Data.co.uk,https://www.football-data.co.uk/mmz4281/2324/D1.csv,,,,,,,,,,,,,,,,,,,,,,,,,,,,,,,,,,,,,,,,,,,,,,,,,,,,,,,,,2024-01-27,vfb stuttgart,rasenballsport leipzig,market_average_open,2.71,3.77,2.45,market_average_close,2.55,3.71,2.63,market_average_close,2.55,3.71,2.63,closing,0.3921568627450981,0.2695417789757412,0.3802281368821293,1.0419267786029685,0.37637660418989144,0.25869550961838894,0.3649278861917198,0.6350721138082804,0.6236233958101087,0.7413044903816113,1.5746243273120417,1.603531885940496,1.3489733476256383,H,0
D1,2024-01-27,14:30,Werder Bremen,Freiburg,3,1,H,1.0,1.0,D,14.0,7.0,4.0,4.0,14.0,10.0,5.0,5.0,2.0,1.0,0.0,0.0,2.4,3.5,2.88,2.5,3.5,2.7,,,,2.45,3.52,2.94,2.45,3.5,2.6,2.45,3.5,2.8,2.51,3.72,2.97,2.45,3.55,2.83,1.8,2.0,1.81,2.08,1.84,2.16,1.77,2.06,0.0,1.75,2.05,1.78,2.14,1.85,2.16,1.79,2.09,2.4,3.4,2.9,2.35,3.4,2.9,,,,2.41,3.5,3.07,2.38,3.5,2.7,2.4,3.5,2.88,2.43,3.56,3.16,2.39,3.47,2.97,1.91,1.99,1.88,2.02,1.92,2.07,1.84,2.0,-0.25,2.06,1.84,2.08,1.85,2.08,1.9,2.03,1.82,2023,Football-Data.co.uk,https://www.football-data.co.uk/mmz4281/2324/D1.csv,,,,,,,,,,,,,,,,,,,,,,,,,,,,,,,,,,,,,,,,,,,,,,,,,,,,,,,,,2024-01-27,werder bremen,freiburg,market_average_open,2.45,3.55,2.83,market_average_close,2.39,3.47,2.97,market_average_close,2.39,3.47,2.97,closing,0.41841004184100417,0.2881844380403458,0.33670033670033667,1.0432948165816867,0.40104679443525637,0.2762253137464734,0.3227278918182702,0.6772721081817298,0.5989532055647436,0.7237746862535266,1.4765114167844542,1.6695795109020506,1.3816454471160051,H,0
D1,2024-01-27,14:30,Wolfsburg,FC Koln,1,1,D,1.0,1.0,D,12.0,6.0,5.0,2.0,17.0,12.0,6.0,3.0,5.0,3.0,0.0,0.0,1.83,3.75,4.2,1.82,3.7,4.2,,,,1.83,3.83,4.41,1.75,3.9,4.0,1.83,3.8,4.2,1.88,3.95,4.5,1.84,3.79,4.28,1.88,2.02,1.87,2.02,1.91,2.05,1.83,2.02,-0.75,2.03,1.78,2.08,1.84,2.13,1.88,2.05,1.8,1.7,4.0,4.75,1.72,3.8,4.75,,,,1.74,3.92,5.03,1.73,3.75,4.33,1.73,3.9,4.75,1.75,4.07,5.3,1.72,3.95,4.83,1.9,2.0,1.91,2.0,1.99,2.08,1.84,2.01,-0.75,1.95,1.95,1.95,1.97,1.99,2.01,1.91,1.93,2023,Football-Data.co.uk,https://www.football-data.co.uk/mmz4281/2324/D1.csv,,,,,,,,,,,,,,,,,,,,,,,,,,,,,,,,,,,,,,,,,,,,,,,,,,,,,,,,,2024-01-27,wolfsburg,fc cologne,market_average_open,1.84,3.79,4.28,market_average_close,1.72,3.95,4.83,market_average_close,1.72,3.95,4.83,closing,0.5813953488372093,0.2531645569620253,0.20703933747412007,1.0415992432733545,0.5581756636171341,0.24305370668897985,0.19877062969388623,0.801229370306114,0.4418243363828661,0.7569462933110204,1.2480820562256032,2.2633429570376644,1.321097690598125,H,1
D1,2024-01-27,17:30,Leverkusen,M'gladbach,0,0,D,0.0,0.0,D,28.0,4.0,8.0,3.0,15.0,6.0,8.0,2.0,3.0,1.0,0.0,0.0,1.29,5.5,10.0,1.28,5.75,10.0,,,,1.27,6.56,9.6,1.25,6.0,9.0,1.25,6.5,10.0,1.31,6.9,11.0,1.28,6.31,9.71,1.4,3.0,1.37,3.15,1.41,3.2,1.38,3.08,-1.75,1.99,1.91,1.95,1.93,2.03,1.96,1.94,1.9,1.22,6.5,12.0,1.22,7.0,11.0,,,,1.22,7.78,10.93,1.2,7.0,11.0,1.22,7.0,11.0,1.26,8.16,13.31,1.22,7.34,11.42,1.29,3.75,1.32,3.5,1.33,3.99,1.29,3.66,-2.0,1.93,1.97,1.91,1.99,2.03,2.06,1.93,1.93,2023,Football-Data.co.uk,https://www.football-data.co.uk/mmz4281/2324/D1.csv,,,,,,,,,,,,,,,,,,,,,,,,,,,,,,,,,,,,,,,,,,,,,,,,,,,,,,,,,2024-01-27,bayer leverkusen,borussia m gladbach,market_average_open,1.28,6.31,9.71,market_average_close,1.22,7.34,11.42,market_average_close,1.22,7.34,11.42,closing,0.819672131147541,0.1362397820163488,0.08756567425569177,1.0434775874195816,0.7855196326492362,0.13056320869646706,0.08391715865429668,0.9160828413457033,0.21448036735076376,0.8694367913035329,1.0916043340916903,4.662431402705442,1.1501698685889699,H,1
D1,2024-01-28,14:30,Union Berlin,Darmstadt,1,0,H,0.0,0.0,D,19.0,15.0,6.0,1.0,13.0,9.0,4.0,3.0,3.0,2.0,0.0,0.0,1.62,3.8,5.75,1.62,4.0,5.25,,,,1.64,3.92,5.85,1.55,4.0,5.5,1.62,4.0,5.5,1.69,4.2,6.0,1.63,4.01,5.58,1.95,1.95,1.95,1.93,1.97,2.0,1.89,1.93,-0.75,1.81,2.09,1.83,2.09,1.86,2.12,1.78,2.06,1.7,3.75,5.0,1.7,3.7,5.0,,,,1.73,3.69,5.5,1.6,3.8,5.0,1.67,3.8,5.25,1.76,3.9,5.5,1.71,3.75,5.18,2.0,1.8,2.08,1.81,2.14,1.92,1.99,1.84,-0.75,1.95,1.98,1.96,1.96,2.01,2.01,1.91,1.93,2023,Football-Data.co.uk,https://www.football-data.co.uk/mmz4281/2324/D1.csv,,,,,,,,,,,,,,,,,,,,,,,,,,,,,,,,,,,,,,,,,,,,,,,,,,,,,,,,,2024-01-28,union berlin,darmstadt,market_average_open,1.63,4.01,5.58,market_average_close,1.71,3.75,5.18,market_average_close,1.71,3.75,5.18,closing,0.5847953216374269,0.26666666666666666,0.19305019305019305,1.0445121813542866,0.559874103985266,0.2553025914172813,0.1848233045974527,0.8151766954025473,0.44012589601473395,0.7446974085827187,1.2267279052993338,2.272077169407281,1.3428272859216255,H,1
D1,2024-01-28,16:30,Dortmund,Bochum,3,1,H,1.0,1.0,D,15.0,10.0,6.0,4.0,10.0,16.0,8.0,4.0,1.0,3.0,0.0,0.0,1.36,5.5,7.5,1.37,5.25,7.25,,,,1.38,5.7,7.32,1.33,5.5,7.0,1.36,5.5,7.5,1.4,5.9,8.0,1.37,5.56,7.43,1.4,3.0,1.42,2.98,1.43,3.07,1.41,2.92,-1.5,1.98,1.92,1.97,1.93,2.02,1.94,1.97,1.88,1.36,5.5,7.0,1.39,5.5,6.75,,,,1.38,5.83,7.23,1.33,5.5,7.0,1.36,5.75,7.0,1.4,6.0,7.64,1.37,5.62,7.04,1.33,3.4,1.35,3.35,1.35,3.62,1.33,3.33,-1.5,2.05,1.88,2.01,1.88,2.05,1.93,1.97,1.88,2023,Football-Data.co.uk,https://www.football-data.co.uk/mmz4281/2324/D1.csv,,,,,,,,,,,,,,,,,,,,,,,,,,,,,,,,,,,,,,,,,,,,,,,,,,,,,,,,,2024-01-28,dortmund,bochum,market_average_open,1.37,5.56,7.43,market_average_close,1.37,5.62,7.04,market_average_close,1.37,5.62,7.04,closing,0.7299270072992701,0.17793594306049823,0.14204545454545456,1.0499084049052227,0.6952292256057918,0.16947758702489943,0.13529318736930893,0.8647068126306913,0.30477077439420835,0.8305224129751008,1.1564613408765767,3.2811545069821606,1.2040614249262653,H,1
D1,2024-02-02,19:30,Heidenheim,Dortmund,0,0,D,0.0,0.0,D,11.0,13.0,0.0,5.0,7.0,7.0,4.0,6.0,0.0,2.0,0.0,0.0,3.75,4.5,1.8,3.8,4.1,1.8,,,,3.99,4.34,1.82,4.0,4.2,1.7,3.9,4.2,1.8,4.03,4.5,1.86,3.94,4.32,1.81,1.44,2.75,1.44,2.91,1.46,2.96,1.43,2.85,0.75,1.88,2.05,1.88,2.05,1.9,2.06,1.86,1.99,3.0,4.33,2.0,3.3,4.0,1.98,,,,3.29,4.07,2.09,3.2,4.2,1.91,3.25,4.1,2.0,3.95,4.57,2.09,3.31,4.18,1.99,1.4,3.0,1.43,2.95,1.43,3.12,1.4,2.98,0.5,1.85,2.08,1.83,2.09,1.93,2.09,1.85,2.02,2023,Football-Data.co.uk,https://www.football-data.co.uk/mmz4281/2324/D1.csv,,,,,,,,,,,,,,,,,,,,,,,,,,,,,,,,,,,,,,,,,,,,,,,,,,,,,,,,,2024-02-02,fc heidenheim,dortmund,market_average_open,3.94,4.32,1.81,market_average_close,3.31,4.18,1.99,market_average_close,3.31,4.18,1.99,closing,0.3021148036253776,0.23923444976076558,0.5025125628140703,1.0438618162002136,0.2894203034699679,0.22918210633626646,0.4813975901937656,0.5186024098062343,0.7105796965300321,0.7708178936637335,1.9282594548174787,1.4073016790140385,1.297323282477205,A,0
D1,2024-02-03,14:30,Bayern Munich,M'gladbach,3,1,H,1.0,1.0,D,21.0,11.0,6.0,4.0,11.0,9.0,6.0,5.0,0.0,1.0,0.0,0.0,1.14,9.5,13.0,1.16,8.75,15.5,,,,1.15,9.2,16.53,1.11,8.5,17.0,1.13,9.0,17.0,1.18,9.8,19.0,1.15,8.9,16.45,1.22,4.33,,,1.26,4.4,1.24,4.07,-2.5,2.07,1.86,2.04,1.85,2.11,1.88,2.04,1.83,1.14,10.0,13.0,1.14,9.5,15.5,,,,1.14,10.09,17.99,1.11,8.5,17.0,1.13,9.0,18.0,1.2,10.6,21.0,1.15,9.27,16.63,1.17,5.0,,,1.22,5.25,1.19,4.79,-2.5,1.92,2.01,1.91,2.0,2.09,2.02,1.93,1.94,2023,Football-Data.co.uk,https://www.football-data.co.uk/mmz4281/2324/D1.csv,,,,,,,,,,,,,,,,,,,,,,,,,,,,,,,,,,,,,,,,,,,,,,,,,,,,,,,,,2024-02-03,bayern munich,borussia m gladbach,market_average_open,1.15,8.9,16.45,market_average_close,1.15,9.27,16.63,market_average_close,1.15,9.27,16.63,closing,0.8695652173913044,0.10787486515641856,0.06013229104028864,1.0375723735880116,0.8380766870115051,0.10396852104241973,0.05795479194607522,0.9420452080539248,0.16192331298849494,0.8960314789575803,1.0615201812509594,6.175762967936881,1.1160322192735617,H,1
D1,2024-02-03,14:30,Bochum,Augsburg,1,1,D,1.0,0.0,H,9.0,12.0,4.0,6.0,17.0,14.0,3.0,5.0,3.0,1.0,0.0,0.0,2.15,3.4,3.4,2.15,3.6,3.2,,,,2.21,3.65,3.25,2.1,3.6,3.1,2.2,3.6,3.2,2.31,3.75,3.4,2.18,3.62,3.25,1.8,2.0,1.76,2.14,1.81,2.18,1.74,2.08,-0.25,1.9,2.03,1.93,1.97,1.97,2.03,1.88,1.96,2.38,3.4,3.0,2.3,3.5,2.95,,,,2.45,3.45,3.03,2.25,3.5,2.88,2.3,3.6,3.0,2.45,3.6,3.24,2.35,3.52,3.02,1.73,2.1,1.76,2.16,1.82,2.28,1.72,2.16,-0.25,2.1,1.83,2.12,1.83,2.12,1.89,2.01,1.84,2023,Football-Data.co.uk,https://www.football-data.co.uk/mmz4281/2324/D1.csv,,,,,,,,,,,,,,,,,,,,,,,,,,,,,,,,,,,,,,,,,,,,,,,,,,,,,,,,,2024-02-03,bochum,augsburg,market_average_open,2.18,3.62,3.25,market_average_close,2.35,3.52,3.02,market_average_close,2.35,3.52,3.02,closing,0.425531914893617,0.2840909090909091,0.33112582781456956,1.0407486517990958,0.40887097394555255,0.272967837719332,0.3181611883351154,0.6818388116648846,0.5911290260544474,0.7270321622806679,1.4666222909168858,1.6916780532240225,1.3754549686812259,H,0
D1,2024-02-03,14:30,Darmstadt,Leverkusen,0,2,A,0.0,1.0,A,8.0,18.0,6.0,7.0,14.0,8.0,4.0,3.0,2.0,2.0,0.0,0.0,9.5,6.5,1.25,9.25,6.0,1.3,,,,9.27,6.36,1.28,8.5,6.0,1.25,9.5,6.0,1.29,10.5,6.7,1.33,9.56,6.21,1.29,1.44,2.75,1.46,2.78,1.48,2.88,1.44,2.79,1.75,1.88,2.05,1.87,2.02,1.89,2.06,1.85,2.0,9.5,5.75,1.29,10.0,5.75,1.29,,,,10.84,6.14,1.27,9.5,5.8,1.25,10.0,5.75,1.29,11.02,6.2,1.34,10.21,5.83,1.29,1.57,2.38,1.6,2.45,1.64,2.49,1.6,2.38,1.5,2.03,1.78,2.09,1.83,2.11,1.91,2.03,1.84,2023,Football-Data.co.uk,https://www.football-data.co.uk/mmz4281/2324/D1.csv,,,,,,,,,,,,,,,,,,,,,,,,,,,,,,,,,,,,,,,,,,,,,,,,,,,,,,,,,2024-02-03,darmstadt,bayer leverkusen,market_average_open,9.56,6.21,1.29,market_average_close,10.21,5.83,1.29,market_average_close,10.21,5.83,1.29,closing,0.0979431929480901,0.17152658662092624,0.7751937984496123,1.0446635780186286,0.09375572673248073,0.16419313378021066,0.7420511394873086,0.2579488605126914,0.9062442732675193,0.8358068662197893,3.8767374200158518,1.1034552487647051,1.196448653889179,A,0
D1,2024-02-03,14:30,Freiburg,Stuttgart,1,3,A,1.0,2.0,A,7.0,17.0,4.0,9.0,10.0,7.0,1.0,6.0,4.0,2.0,1.0,0.0,3.1,3.6,2.2,3.0,3.7,2.2,,,,3.15,3.79,2.21,3.0,3.6,2.15,3.13,3.6,2.2,3.27,3.85,2.26,3.12,3.71,2.21,1.73,2.1,1.75,2.16,1.8,2.2,1.74,2.13,0.25,2.0,1.93,1.96,1.94,2.0,1.96,1.92,1.9,3.2,3.5,2.2,3.1,3.4,2.25,,,,3.22,3.47,2.33,3.0,3.6,2.15,3.13,3.5,2.25,3.4,3.61,2.33,3.21,3.5,2.25,1.99,1.91,1.99,1.92,2.01,2.04,1.9,1.94,0.25,1.91,2.02,1.91,2.02,1.96,2.03,1.91,1.93,2023,Football-Data.co.uk,https://www.football-data.co.uk/mmz4281/2324/D1.csv,,,,,,,,,,,,,,,,,,,,,,,,,,,,,,,,,,,,,,,,,,,,,,,,,,,,,,,,,2024-02-03,freiburg,vfb stuttgart,market_average_open,3.12,3.71,2.21,market_average_close,3.21,3.5,2.25,market_average_close,3.21,3.5,2.25,closing,0.3115264797507788,0.2857142857142857,0.4444444444444444,1.0416852099095089,0.29906009683850754,0.2742808316718884,0.42665907148960414,0.5733409285103959,0.7009399031614925,0.7257191683281117,1.7441629408842525,1.426655830963023,1.3779434850863421,A,0
D1,2024-02-03,14:30,Mainz,Werder Bremen,0,1,A,0.0,1.0,A,20.0,6.0,5.0,1.0,22.0,16.0,11.0,1.0,4.0,3.0,0.0,0.0,2.1,3.5,3.5,2.05,3.5,3.5,,,,2.12,3.52,3.59,2.0,3.5,3.4,2.1,3.4,3.6,2.15,3.68,3.64,2.1,3.53,3.53,2.0,1.9,1.99,1.9,2.0,1.96,1.95,1.89,-0.25,1.84,2.09,1.84,2.08,1.85,2.12,1.81,2.03,2.05,3.4,3.75,2.0,3.4,3.7,,,,2.07,3.51,3.82,2.0,3.5,3.4,2.05,3.5,3.6,2.13,3.6,4.1,2.05,3.5,3.71,2.05,1.85,2.05,1.86,2.13,1.87,2.01,1.83,-0.5,2.08,1.85,2.08,1.85,2.13,1.85,2.06,1.82,2023,Football-Data.co.uk,https://www.football-data.co.uk/mmz4281/2324/D1.csv,,,,,,,,,,,,,,,,,,,,,,,,,,,,,,,,,,,,,,,,,,,,,,,,,,,,,,,,,2024-02-03,mainz 05,werder bremen,market_average_open,2.1,3.53,3.53,market_average_close,2.05,3.5,3.71,market_average_close,2.05,3.5,3.71,closing,0.48780487804878053,0.2857142857142857,0.2695417789757412,1.0430609427388076,0.46766670868523885,0.27391907222992556,0.2584142190848355,0.7415857809151645,0.532333291314761,0.7260809277700744,1.3484616692163862,1.8785223774567845,1.3772569444444445,H,0
D1,2024-02-03,17:30,FC Koln,Ein Frankfurt,2,0,H,0.0,0.0,D,14.0,11.0,4.0,4.0,8.0,13.0,7.0,7.0,1.0,4.0,0.0,2.0,3.25,3.4,2.2,3.2,3.4,2.25,,,,3.31,3.47,2.26,3.0,3.5,2.2,3.2,3.4,2.25,3.4,3.6,2.31,3.23,3.46,2.26,2.01,1.89,2.01,1.88,2.05,1.92,1.97,1.87,0.25,1.98,1.95,1.95,1.95,1.98,1.99,1.91,1.92,2.9,3.2,2.45,2.95,3.2,2.45,,,,3.03,3.24,2.57,2.9,3.4,2.3,2.88,3.3,2.5,3.06,3.4,2.6,2.97,3.28,2.48,2.2,1.67,2.21,1.74,2.25,1.8,2.15,1.72,0.0,2.15,1.79,2.14,1.81,2.17,1.83,2.11,1.78,2023,Football-Data.co.uk,https://www.football-data.co.uk/mmz4281/2324/D1.csv,,,,,,,,,,,,,,,,,,,,,,,,,,,,,,,,,,,,,,,,,,,,,,,,,,,,,,,,,2024-02-03,fc cologne,eintracht frankfurt,market_average_open,3.23,3.46,2.26,market_average_close,2.97,3.28,2.48,market_average_close,2.97,3.28,2.48,closing,0.33670033670033667,0.3048780487804878,0.40322580645161293,1.0448041919324373,0.32226166328600403,0.2918040060851927,0.3859343306288033,0.6140656693711968,0.677738336713996,0.7081959939148073,1.628490322580645,1.4754956977179199,1.4120384873573508,A,0
D1,2024-02-04,14:30,Wolfsburg,Hoffenheim,2,2,D,0.0,1.0,A,14.0,17.0,8.0,7.0,12.0,16.0,7.0,2.0,2.0,3.0,0.0,0.0,2.1,3.75,3.2,2.05,3.7,3.3,,,,2.14,3.83,3.28,2.05,3.8,3.1,2.1,3.75,3.25,2.16,4.0,3.37,2.12,3.8,3.24,1.62,2.3,1.63,2.38,1.68,2.43,1.6,2.36,-0.25,1.89,2.04,1.88,2.03,1.9,2.07,1.84,1.99,2.1,3.75,3.2,2.1,3.7,3.2,,,,2.15,3.84,3.3,2.05,3.75,3.1,2.1,3.8,3.2,2.19,3.85,3.39,2.13,3.77,3.24,1.57,2.38,1.61,2.44,1.61,2.53,1.57,2.41,-0.25,1.89,2.04,1.89,2.04,1.92,2.06,1.85,2.0,2023,Football-Data.co.uk,https://www.football-data.co.uk/mmz4281/2324/D1.csv,,,,,,,,,,,,,,,,,,,,,,,,,,,,,,,,,,,,,,,,,,,,,,,,,,,,,,,,,2024-02-04,wolfsburg,hoffenheim,market_average_open,2.12,3.8,3.24,market_average_close,2.13,3.77,3.24,market_average_close,2.13,3.77,3.24,closing,0.4694835680751174,0.26525198938992045,0.30864197530864196,1.0433775327736798,0.44996518836960003,0.25422436372075546,0.29581044790964445,0.7041895520903555,0.5500348116303999,0.7457756362792445,1.4200721908349028,1.8180667456952846,1.340885852733281,H,0
D1,2024-02-04,16:30,RB Leipzig,Union Berlin,2,0,H,1.0,0.0,H,16.0,10.0,6.0,2.0,13.0,11.0,5.0,4.0,1.0,2.0,0.0,1.0,1.4,5.0,7.5,1.38,5.0,7.75,,,,1.4,4.98,7.93,1.36,4.8,7.5,1.4,5.0,7.5,1.44,5.2,8.2,1.4,5.0,7.76,1.62,2.3,1.65,2.32,1.69,2.36,1.63,2.3,-1.25,1.88,2.05,1.89,2.02,1.92,2.05,1.85,1.98,1.36,5.5,8.0,1.35,5.25,8.25,,,,1.35,5.39,9.26,1.3,5.5,8.5,1.33,5.5,8.5,1.43,5.75,9.4,1.35,5.37,8.61,1.57,2.38,1.6,2.47,1.61,2.53,1.56,2.46,-1.5,2.02,1.91,2.0,1.92,2.05,1.97,1.98,1.89,2023,Football-Data.co.uk,https://www.football-data.co.uk/mmz4281/2324/D1.csv,,,,,,,,,,,,,,,,,,,,,,,,,,,,,,,,,,,,,,,,,,,,,,,,,,,,,,,,,2024-02-04,rasenballsport leipzig,union berlin,market_average_open,1.4,5.0,7.76,market_average_close,1.35,5.37,8.61,market_average_close,1.35,5.37,8.61,closing,0.7407407407407407,0.186219739292365,0.11614401858304298,1.0431044986161486,0.7101309041648812,0.17852452897999807,0.11134456685512076,0.8886554331448793,0.28986909583511883,0.821475471020002,1.1252955450472872,3.4498330948974725,1.217321801171165,H,1
D1,2024-02-07,17:30,Mainz,Union Berlin,1,1,D,1.0,1.0,D,16.0,15.0,7.0,4.0,14.0,15.0,8.0,3.0,2.0,4.0,0.0,0.0,2.15,3.3,3.5,2.1,3.3,3.5,,,,2.22,3.29,3.58,2.05,3.4,3.4,2.15,3.25,3.6,2.24,3.47,3.7,2.18,3.31,3.56,2.2,1.67,2.31,1.67,2.35,1.72,2.24,1.67,-0.25,1.89,2.04,1.91,2.0,1.91,2.09,1.86,1.99,2.0,3.4,3.8,2.05,3.25,3.7,,,,2.09,3.32,4.02,2.05,3.3,3.5,2.05,3.3,3.8,2.1,3.49,4.26,2.07,3.32,3.89,2.2,1.67,2.3,1.68,2.48,1.74,2.26,1.66,-0.5,2.09,1.84,2.1,1.84,2.1,1.85,2.06,1.82,2023,Football-Data.co.uk,https://www.football-data.co.uk/mmz4281/2324/D1.csv,,,,,,,,,,,,,,,,,,,,,,,,,,,,,,,,,,,,,,,,,,,,,,,,,,,,,,,,,2024-02-07,mainz 05,union berlin,market_average_open,2.18,3.31,3.56,market_average_close,2.07,3.32,3.89,market_average_close,2.07,3.32,3.89,closing,0.48309178743961356,0.30120481927710846,0.2570694087403599,1.0413660154570819,0.4639020097343703,0.28924010847895976,0.24685788178667,0.75314211821333,0.5360979902656298,0.7107598915210402,1.327770650209137,1.8653306264112512,1.4069448936686342,H,0
D1,2024-02-09,19:30,Dortmund,Freiburg,3,0,H,2.0,0.0,H,17.0,6.0,8.0,3.0,13.0,7.0,5.0,3.0,2.0,0.0,0.0,0.0,1.45,4.75,6.5,1.46,4.8,6.25,,,,1.47,5.13,6.36,1.4,4.8,6.5,1.44,5.0,6.5,1.53,5.2,6.9,1.46,4.95,6.37,1.44,2.75,1.45,2.88,1.47,2.96,1.44,2.82,-1.25,1.95,1.98,1.96,1.96,2.02,2.0,1.93,1.91,1.45,5.0,5.5,1.46,5.0,6.0,,,,1.47,5.07,6.44,1.4,5.0,6.0,1.45,5.25,6.0,1.5,5.3,7.0,1.46,5.05,6.16,1.44,2.75,1.44,2.91,1.46,2.95,1.43,2.87,-1.25,2.04,1.89,1.99,1.93,2.05,1.94,1.95,1.89,2023,Football-Data.co.uk,https://www.football-data.co.uk/mmz4281/2324/D1.csv,,,,,,,,,,,,,,,,,,,,,,,,,,,,,,,,,,,,,,,,,,,,,,,,,,,,,,,,,2024-02-09,dortmund,freiburg,market_average_open,1.46,4.95,6.37,market_average_close,1.46,5.05,6.16,market_average_close,1.46,5.05,6.16,closing,0.684931506849315,0.19801980198019803,0.16233766233766234,1.0452889711671753,0.6552556524962823,0.18944024804843013,0.15530409945528767,0.8446959005447123,0.3447443475037178,0.8105597519515699,1.183858000678277,2.900700206518153,1.2337153400379408,H,1
D1,2024-02-10,14:30,Augsburg,RB Leipzig,2,2,D,1.0,1.0,D,11.0,9.0,4.0,6.0,15.0,10.0,1.0,3.0,5.0,1.0,0.0,0.0,4.0,4.2,1.75,4.1,4.2,1.75,,,,4.19,4.26,1.78,4.2,4.2,1.67,4.2,4.2,1.75,4.4,4.4,1.8,4.21,4.23,1.76,1.53,2.5,1.55,2.57,1.56,2.65,1.52,2.56,0.75,1.93,2.0,1.91,2.0,1.96,2.0,1.9,1.93,4.2,4.2,1.7,4.4,4.2,1.68,,,,4.42,4.45,1.74,4.2,4.2,1.67,4.4,4.4,1.67,4.6,4.52,1.74,4.43,4.33,1.7,1.44,2.75,1.51,2.68,1.52,2.89,1.47,2.7,0.75,2.01,1.92,2.02,1.93,2.04,1.94,1.99,1.87,2023,Football-Data.co.uk,https://www.football-data.co.uk/mmz4281/2324/D1.csv,,,,,,,,,,,,,,,,,,,,,,,,,,,,,,,,,,,,,,,,,,,,,,,,,,,,,,,,,2024-02-10,augsburg,rasenballsport leipzig,market_average_open,4.21,4.23,1.76,market_average_close,4.43,4.33,1.7,market_average_close,4.43,4.33,1.7,closing,0.22573363431151244,0.23094688221709006,0.5882352941176471,1.0449158106462497,0.21603045145991506,0.2210196073827768,0.562949941157308,0.4370500588426919,0.7839695485400848,0.7789803926172231,2.288067418748321,1.2755597482864087,1.283729358886934,A,0
D1,2024-02-10,14:30,Ein Frankfurt,Bochum,1,1,D,1.0,1.0,D,8.0,14.0,2.0,5.0,6.0,12.0,8.0,3.0,2.0,2.0,0.0,0.0,1.73,3.8,4.75,1.75,3.8,4.5,,,,1.76,3.82,4.86,1.7,3.8,4.4,1.73,3.8,4.75,1.8,4.05,5.0,1.76,3.85,4.67,1.89,2.01,1.88,2.0,1.92,2.03,1.86,1.97,-0.75,2.0,1.9,1.99,1.92,2.02,1.97,1.95,1.89,1.75,3.75,4.5,1.75,3.8,4.5,,,,1.81,3.84,4.63,1.73,3.75,4.33,1.75,3.8,4.6,1.82,3.95,5.4,1.77,3.81,4.58,1.84,2.06,1.82,2.07,1.9,2.09,1.82,2.0,-0.75,2.06,1.87,2.05,1.88,2.07,2.02,1.98,1.87,2023,Football-Data.co.uk,https://www.football-data.co.uk/mmz4281/2324/D1.csv,,,,,,,,,,,,,,,,,,,,,,,,,,,,,,,,,,,,,,,,,,,,,,,,,,,,,,,,,2024-02-10,eintracht frankfurt,bochum,market_average_open,1.76,3.85,4.67,market_average_close,1.77,3.81,4.58,market_average_close,1.77,3.81,4.58,closing,0.5649717514124294,0.26246719160104987,0.2183406113537118,1.045779554367191,0.5402398134990294,0.2509775511530924,0.2087826353478782,0.7912173646521218,0.4597601865009706,0.7490224488469076,1.263875193689252,2.1750469687481058,1.3350734701469402,H,1
D1,2024-02-10,14:30,M'gladbach,Darmstadt,0,0,D,0.0,0.0,D,22.0,10.0,8.0,1.0,11.0,15.0,7.0,2.0,0.0,5.0,0.0,0.0,1.6,4.5,5.0,1.6,4.2,5.25,,,,1.61,4.33,5.44,1.55,4.2,5.5,1.57,4.4,5.5,1.64,4.5,5.6,1.6,4.32,5.37,1.67,2.2,1.7,2.23,1.73,2.29,1.68,2.23,-1.0,2.05,1.88,2.02,1.89,2.06,1.92,2.0,1.86,1.67,4.33,4.75,1.63,4.0,5.0,,,,1.65,4.13,5.48,1.62,3.9,5.0,1.65,4.1,5.0,1.73,4.38,5.48,1.66,4.12,5.1,1.73,2.1,1.78,2.14,1.82,2.17,1.76,2.1,-0.75,1.82,2.11,1.83,2.11,1.87,2.13,1.82,2.04,2023,Football-Data.co.uk,https://www.football-data.co.uk/mmz4281/2324/D1.csv,,,,,,,,,,,,,,,,,,,,,,,,,,,,,,,,,,,,,,,,,,,,,,,,,,,,,,,,,2024-02-10,borussia m gladbach,darmstadt,market_average_open,1.6,4.32,5.37,market_average_close,1.66,4.12,5.1,market_average_close,1.66,4.12,5.1,closing,0.6024096385542169,0.24271844660194175,0.19607843137254904,1.0412065165287077,0.5785688323989735,0.23311268489861553,0.188318482702411,0.8116815172975891,0.4214311676010265,0.7668873151013845,1.2320103127756292,2.372866738102083,1.3039725397828459,H,1
D1,2024-02-10,14:30,Union Berlin,Wolfsburg,1,0,H,1.0,0.0,H,7.0,15.0,2.0,5.0,12.0,9.0,6.0,10.0,1.0,2.0,0.0,0.0,2.25,3.4,3.2,2.2,3.4,3.2,,,,2.35,3.37,3.22,2.2,3.4,3.1,2.3,3.3,3.2,2.37,3.47,3.29,2.3,3.37,3.21,2.1,1.73,2.15,1.76,2.18,1.8,2.09,1.77,-0.25,2.01,1.92,2.02,1.88,2.02,1.94,1.97,1.88,2.25,3.3,3.25,2.3,3.25,3.1,,,,2.33,3.32,3.36,2.15,3.4,3.2,2.3,3.3,3.2,2.4,3.4,3.36,2.34,3.31,3.21,2.1,1.73,2.2,1.74,2.2,1.78,2.14,1.73,-0.25,1.99,1.94,2.0,1.93,2.04,1.95,1.98,1.87,2023,Football-Data.co.uk,https://www.football-data.co.uk/mmz4281/2324/D1.csv,,,,,,,,,,,,,,,,,,,,,,,,,,,,,,,,,,,,,,,,,,,,,,,,,,,,,,,,,2024-02-10,union berlin,wolfsburg,market_average_open,2.3,3.37,3.21,market_average_close,2.34,3.31,3.21,market_average_close,2.34,3.31,3.21,closing,0.4273504273504274,0.3021148036253776,0.3115264797507788,1.0409917107265838,0.41052241141492707,0.290218260637743,0.29925932794732996,0.7007406720526701,0.5894775885850729,0.709781739362257,1.4270614506657844,1.6964173352210163,1.4088838082795787,H,0
D1,2024-02-10,14:30,Werder Bremen,Heidenheim,1,2,A,1.0,2.0,A,14.0,10.0,3.0,3.0,10.0,13.0,5.0,10.0,1.0,2.0,0.0,0.0,1.8,3.8,4.33,1.82,3.8,4.0,,,,1.86,3.79,4.25,1.75,3.9,4.0,1.85,3.8,4.1,1.9,4.03,4.33,1.85,3.81,4.17,1.73,2.1,1.76,2.15,1.79,2.19,1.74,2.13,-0.5,1.88,2.05,1.87,2.04,1.88,2.05,1.85,2.02,1.83,3.8,4.2,1.83,3.7,4.1,,,,1.86,3.79,4.39,1.8,3.8,3.9,1.83,3.8,4.2,1.88,3.89,4.54,1.84,3.79,4.27,1.8,2.0,1.82,2.09,1.9,2.17,1.79,2.06,-0.5,1.85,2.08,1.87,2.07,1.88,2.11,1.84,2.04,2023,Football-Data.co.uk,https://www.football-data.co.uk/mmz4281/2324/D1.csv,,,,,,,,,,,,,,,,,,,,,,,,,,,,,,,,,,,,,,,,,,,,,,,,,,,,,,,,,2024-02-10,werder bremen,fc heidenheim,market_average_open,1.85,3.81,4.17,market_average_close,1.84,3.79,4.27,market_average_close,1.84,3.79,4.27,closing,0.5434782608695652,0.2638522427440633,0.234192037470726,1.0415225410843545,0.5218113285419025,0.25333320435807405,0.22485546710002355,0.7751445328999765,0.4781886714580976,0.7466667956419261,1.290081988011697,2.09122478152983,1.3392854829446081,H,1
D1,2024-02-10,17:30,Leverkusen,Bayern Munich,3,0,H,1.0,0.0,H,14.0,8.0,8.0,1.0,13.0,13.0,4.0,6.0,3.0,2.0,0.0,0.0,2.63,3.8,2.4,2.6,3.8,2.45,,,,2.68,3.9,2.47,2.5,3.9,2.38,2.63,3.8,2.45,2.73,4.01,2.53,2.63,3.84,2.48,1.5,2.63,1.49,2.71,1.51,2.75,1.48,2.66,0.0,2.06,1.87,2.04,1.88,2.06,1.9,2.01,1.87,2.3,3.5,2.88,2.35,3.5,2.9,,,,2.39,3.53,3.07,2.38,3.6,2.62,2.4,3.6,2.8,2.55,3.73,3.07,2.39,3.54,2.88,1.8,2.0,1.82,2.08,1.83,2.48,1.75,2.1,-0.25,2.08,1.85,2.07,1.86,2.13,1.86,2.04,1.81,2023,Football-Data.co.uk,https://www.football-data.co.uk/mmz4281/2324/D1.csv,,,,,,,,,,,,,,,,,,,,,,,,,,,,,,,,,,,,,,,,,,,,,,,,,,,,,,,,,2024-02-10,bayer leverkusen,bayern munich,market_average_open,2.63,3.84,2.48,market_average_close,2.39,3.54,2.88,market_average_close,2.39,3.54,2.88,closing,0.41841004184100417,0.2824858757062147,0.3472222222222222,1.048118139769441,0.3992012216609891,0.2695172089745096,0.33128156936450137,0.6687184306354987,0.600798778339011,0.7304827910254905,1.4953976953344574,1.6644507879404058,1.3689576431994337,H,0
D1,2024-02-11,14:30,Stuttgart,Mainz,3,1,H,2.0,0.0,H,10.0,16.0,7.0,6.0,7.0,9.0,4.0,5.0,1.0,1.0,0.0,0.0,1.44,4.5,7.5,1.43,4.75,7.0,,,,1.44,4.77,7.45,1.4,4.75,6.5,1.44,4.75,7.0,1.48,4.88,7.7,1.44,4.7,7.27,1.73,2.1,1.74,2.17,1.77,2.23,1.71,2.16,-1.25,2.0,1.93,1.99,1.92,2.02,1.94,1.95,1.87,1.5,4.5,7.0,1.47,4.5,6.5,,,,1.47,4.66,7.2,1.4,4.5,7.0,1.45,4.6,7.0,1.57,4.75,7.26,1.48,4.54,6.85,1.73,2.1,1.71,2.24,1.78,2.25,1.73,2.15,-1.25,2.08,1.85,2.08,1.85,2.11,1.88,2.04,1.81,2023,Football-Data.co.uk,https://www.football-data.co.uk/mmz4281/2324/D1.csv,,,,,,,,,,,,,,,,,,,,,,,,,,,,,,,,,,,,,,,,,,,,,,,,,,,,,,,,,2024-02-11,vfb stuttgart,mainz 05,market_average_open,1.44,4.7,7.27,market_average_close,1.48,4.54,6.85,market_average_close,1.48,4.54,6.85,closing,0.6756756756756757,0.22026431718061673,0.14598540145985403,1.0419253943161464,0.6484875782484851,0.2114012369620612,0.14011118478945372,0.8598888152105464,0.3515124217515149,0.7885987630379389,1.1629410480878821,2.8448496784756663,1.2680719865038526,H,1
D1,2024-02-11,16:30,Hoffenheim,FC Koln,1,1,D,0.0,0.0,D,10.0,5.0,4.0,1.0,12.0,13.0,10.0,3.0,3.0,4.0,0.0,0.0,1.8,3.8,4.33,1.78,4.0,4.1,,,,1.86,3.9,4.12,1.73,4.0,4.0,1.83,3.9,4.1,1.88,4.16,4.33,1.83,3.96,4.08,1.62,2.3,1.63,2.39,1.66,2.45,1.6,2.36,-0.75,2.09,1.84,2.1,1.81,2.1,1.88,2.01,1.82,1.73,3.8,4.75,1.75,3.9,4.33,,,,1.75,4.05,4.74,1.7,4.0,4.2,1.73,4.0,4.5,1.77,4.25,5.0,1.74,4.0,4.6,1.67,2.2,1.66,2.34,1.67,2.56,1.63,2.32,-0.75,1.99,1.94,1.96,1.96,1.99,2.02,1.92,1.93,2023,Football-Data.co.uk,https://www.football-data.co.uk/mmz4281/2324/D1.csv,,,,,,,,,,,,,,,,,,,,,,,,,,,,,,,,,,,,,,,,,,,,,,,,,,,,,,,,,2024-02-11,hoffenheim,fc cologne,market_average_open,1.83,3.96,4.08,market_average_close,1.74,4.0,4.6,market_average_close,1.74,4.0,4.6,closing,0.5747126436781609,0.25,0.2173913043478261,1.042103948025987,0.5514926267833593,0.2398992926507613,0.2086080805658794,0.7913919194341206,0.4485073732166407,0.7601007073492387,1.2635964247841236,2.2296177492649023,1.315615141955836,H,1
D1,2024-02-16,19:30,FC Koln,Werder Bremen,0,1,A,0.0,0.0,D,10.0,13.0,2.0,4.0,16.0,11.0,5.0,3.0,4.0,4.0,0.0,0.0,2.4,3.4,2.88,2.45,3.3,2.8,,,,2.57,3.38,2.92,2.45,3.4,2.7,2.45,3.4,2.88,2.57,3.58,2.94,2.5,3.4,2.88,2.04,1.86,2.03,1.88,2.07,1.93,1.98,1.86,0.0,1.8,2.1,1.84,2.1,1.85,2.14,1.81,2.08,2.38,3.3,3.0,2.37,3.3,3.0,,,,2.47,3.37,3.07,2.4,3.4,2.75,2.4,3.3,3.0,2.49,3.41,3.1,2.44,3.35,3.0,2.08,1.82,2.09,1.83,2.11,1.88,2.03,1.81,-0.25,2.09,1.81,2.12,1.83,2.13,1.85,2.07,1.79,2023,Football-Data.co.uk,https://www.football-data.co.uk/mmz4281/2324/D1.csv,,,,,,,,,,,,,,,,,,,,,,,,,,,,,,,,,,,,,,,,,,,,,,,,,,,,,,,,,2024-02-16,fc cologne,werder bremen,market_average_open,2.5,3.4,2.88,market_average_close,2.44,3.35,3.0,market_average_close,2.44,3.35,3.0,closing,0.4098360655737705,0.29850746268656714,0.3333333333333333,1.041676861593671,0.39343877231443786,0.28656435953648607,0.31999686814907613,0.6800031318509239,0.6065612276855622,0.713435640463514,1.470581462291307,1.6486381825222667,1.4016681299385423,H,0
D1,2024-02-17,14:30,Darmstadt,Stuttgart,1,2,A,0.0,1.0,A,21.0,13.0,9.0,4.0,15.0,14.0,5.0,3.0,4.0,5.0,0.0,1.0,6.5,4.75,1.44,6.5,4.5,1.47,,,,6.88,4.89,1.45,7.0,4.6,1.4,7.0,4.75,1.44,7.2,5.0,1.48,6.89,4.77,1.45,1.67,2.2,1.68,2.28,1.72,2.35,1.66,2.27,1.25,1.9,2.0,1.91,1.99,1.93,2.02,1.87,1.97,6.0,4.75,1.5,6.75,4.6,1.44,,,,6.17,4.73,1.52,6.0,4.6,1.44,7.0,4.75,1.44,7.54,5.14,1.52,6.73,4.84,1.45,1.67,2.2,1.69,2.27,1.69,2.44,1.63,2.31,1.25,1.75,2.05,1.79,2.14,1.93,2.14,1.86,1.98,2023,Football-Data.co.uk,https://www.football-data.co.uk/mmz4281/2324/D1.csv,,,,,,,,,,,,,,,,,,,,,,,,,,,,,,,,,,,,,,,,,,,,,,,,,,,,,,,,,2024-02-17,darmstadt,vfb stuttgart,market_average_open,6.89,4.77,1.45,market_average_close,6.73,4.84,1.45,market_average_close,6.73,4.84,1.45,closing,0.1485884101040119,0.2066115702479339,0.6896551724137931,1.0448551527657388,0.14220957776845655,0.1977418302441555,0.6600485919873881,0.33995140801261203,0.8577904222315436,0.8022581697558446,2.941596876583316,1.1657859240238402,1.2464815413526236,A,0
D1,2024-02-17,14:30,Heidenheim,Leverkusen,1,2,A,0.0,1.0,A,6.0,17.0,3.0,4.0,15.0,5.0,4.0,5.0,2.0,1.0,0.0,0.0,8.0,5.75,1.33,7.75,5.25,1.36,,,,8.03,5.8,1.35,8.0,5.5,1.3,8.5,5.5,1.33,9.0,5.9,1.39,8.33,5.58,1.35,1.5,2.63,1.54,2.59,1.56,2.65,1.52,2.56,1.5,1.95,1.95,1.93,1.97,1.98,1.99,1.91,1.95,6.5,5.25,1.4,7.5,5.0,1.38,,,,7.47,5.3,1.41,7.5,5.5,1.33,8.0,5.25,1.36,8.0,5.7,1.41,7.61,5.26,1.39,1.57,2.38,1.6,2.48,1.6,2.6,1.55,2.48,1.25,2.01,1.89,2.02,1.9,2.1,1.92,2.02,1.83,2023,Football-Data.co.uk,https://www.football-data.co.uk/mmz4281/2324/D1.csv,,,,,,,,,,,,,,,,,,,,,,,,,,,,,,,,,,,,,,,,,,,,,,,,,,,,,,,,,2024-02-17,fc heidenheim,bayer leverkusen,market_average_open,8.33,5.58,1.35,market_average_close,7.61,5.26,1.39,market_average_close,7.61,5.26,1.39,closing,0.1314060446780552,0.19011406844106465,0.7194244604316548,1.0409445735507745,0.12623731178098654,0.1826361107705908,0.6911265774484228,0.30887342255157735,0.8737626882190136,0.8173638892294093,3.2375721800182227,1.1444755120389671,1.2234452893958596,A,0
D1,2024-02-17,14:30,Hoffenheim,Union Berlin,0,1,A,0.0,0.0,D,16.0,10.0,4.0,3.0,10.0,7.0,6.0,2.0,3.0,4.0,1.0,1.0,2.0,3.6,3.6,1.98,3.7,3.5,,,,2.06,3.71,3.58,2.0,3.7,3.3,2.05,3.6,3.5,2.09,3.84,3.7,2.04,3.7,3.54,1.73,2.1,1.8,2.09,1.82,2.14,1.78,2.08,-0.5,2.04,1.86,2.07,1.85,2.07,1.88,2.03,1.83,1.85,3.6,4.0,1.9,3.6,3.9,,,,1.95,3.77,3.99,1.91,3.7,3.5,1.91,3.7,3.9,1.96,3.78,4.13,1.92,3.71,3.95,1.73,2.1,1.81,2.1,1.9,2.13,1.79,2.06,-0.5,1.95,1.95,1.96,1.96,1.98,2.0,1.92,1.94,2023,Football-Data.co.uk,https://www.football-data.co.uk/mmz4281/2324/D1.csv,,,,,,,,,,,,,,,,,,,,,,,,,,,,,,,,,,,,,,,,,,,,,,,,,,,,,,,,,2024-02-17,hoffenheim,union berlin,market_average_open,2.04,3.7,3.54,market_average_close,1.92,3.71,3.95,market_average_close,1.92,3.71,3.95,closing,0.5208333333333334,0.2695417789757412,0.2531645569620253,1.0435396692710999,0.4991025723987372,0.25829567089099065,0.2426017567102722,0.7573982432897278,0.5008974276012629,0.7417043291090094,1.3203093733839961,1.996416721061793,1.348246141695404,H,0
D1,2024-02-17,14:30,Mainz,Augsburg,1,0,H,1.0,0.0,H,19.0,10.0,4.0,4.0,8.0,16.0,7.0,7.0,3.0,2.0,0.0,1.0,2.0,3.5,3.8,2.0,3.6,3.5,,,,2.03,3.66,3.72,2.0,3.6,3.4,2.0,3.6,3.7,2.08,3.74,3.83,2.02,3.61,3.68,1.98,1.92,1.96,1.93,1.98,1.96,1.95,1.89,-0.5,2.04,1.86,2.04,1.87,2.05,1.88,2.02,1.84,1.91,3.6,4.0,1.95,3.5,3.8,,,,2.0,3.65,3.9,2.0,3.5,3.5,1.95,3.6,3.8,2.01,3.77,4.1,1.96,3.62,3.87,1.92,1.98,1.92,1.99,1.99,2.04,1.89,1.94,-0.5,1.99,1.91,2.01,1.91,2.03,1.95,1.97,1.9,2023,Football-Data.co.uk,https://www.football-data.co.uk/mmz4281/2324/D1.csv,,,,,,,,,,,,,,,,,,,,,,,,,,,,,,,,,,,,,,,,,,,,,,,,,,,,,,,,,2024-02-17,mainz 05,augsburg,market_average_open,2.02,3.61,3.68,market_average_close,1.96,3.62,3.87,market_average_close,1.96,3.62,3.87,closing,0.5102040816326531,0.27624309392265195,0.25839793281653745,1.0448451083718426,0.4883059484555486,0.26438664612510365,0.2473074054193476,0.7526925945806522,0.5116940515444512,0.7356133538748961,1.3285636223870785,1.9542927985613474,1.3594097969163124,H,0
D1,2024-02-17,14:30,Wolfsburg,Dortmund,1,1,D,0.0,1.0,A,9.0,12.0,4.0,5.0,18.0,5.0,5.0,3.0,3.0,1.0,0.0,0.0,3.2,3.8,2.1,3.0,3.75,2.15,,,,3.32,3.79,2.13,3.0,3.8,2.1,3.2,3.8,2.1,3.39,4.0,2.19,3.22,3.82,2.13,1.57,2.38,1.61,2.42,1.64,2.55,1.58,2.42,0.25,2.04,1.86,2.04,1.87,2.05,1.89,2.0,1.84,3.3,4.0,2.05,3.2,3.75,2.1,,,,3.24,3.91,2.16,3.0,3.75,2.1,3.2,3.8,2.1,3.53,4.04,2.16,3.29,3.83,2.09,1.53,2.5,1.57,2.55,1.6,2.63,1.55,2.47,0.25,2.02,1.88,2.03,1.9,2.09,1.9,2.02,1.83,2023,Football-Data.co.uk,https://www.football-data.co.uk/mmz4281/2324/D1.csv,,,,,,,,,,,,,,,,,,,,,,,,,,,,,,,,,,,,,,,,,,,,,,,,,,,,,,,,,2024-02-17,wolfsburg,dortmund,market_average_open,3.22,3.82,2.13,market_average_close,3.29,3.83,2.09,market_average_close,3.29,3.83,2.09,closing,0.303951367781155,0.2610966057441253,0.47846889952153115,1.0435168730468114,0.2912759492749668,0.2502083219620472,0.4585157287629861,0.541484271237014,0.7087240507250332,0.7497916780379529,1.8467757109832803,1.4109864043374682,1.3337037863860928,A,0
D1,2024-02-17,17:30,RB Leipzig,M'gladbach,2,0,H,1.0,0.0,H,16.0,13.0,9.0,0.0,12.0,13.0,8.0,4.0,1.0,5.0,0.0,0.0,1.36,5.5,7.0,1.38,5.5,7.0,,,,1.38,5.63,7.27,1.33,5.5,7.0,1.36,5.5,7.5,1.42,5.8,7.5,1.38,5.55,7.2,1.36,3.2,1.41,3.03,1.42,3.2,1.38,3.07,-1.5,2.01,1.89,2.0,1.91,2.03,1.93,1.98,1.88,1.3,5.75,8.5,1.32,5.75,8.5,,,,1.32,6.02,9.1,1.3,5.5,8.0,1.3,6.0,8.5,1.37,6.02,9.5,1.32,5.73,8.56,1.4,3.0,1.43,2.95,1.45,3.15,1.4,2.97,-1.5,1.85,2.05,1.88,2.05,1.94,2.11,1.88,1.98,2023,Football-Data.co.uk,https://www.football-data.co.uk/mmz4281/2324/D1.csv,,,,,,,,,,,,,,,,,,,,,,,,,,,,,,,,,,,,,,,,,,,,,,,,,,,,,,,,,2024-02-17,rasenballsport leipzig,borussia m gladbach,market_average_open,1.38,5.55,7.2,market_average_close,1.32,5.73,8.56,market_average_close,1.32,5.73,8.56,closing,0.7575757575757576,0.17452006980802792,0.11682242990654206,1.0489182572903275,0.722244800593713,0.166381001183892,0.111374198222395,0.888625801777605,0.277755199406287,0.833618998816108,1.1253330682044145,3.600292639480883,1.199588782669521,H,1
D1,2024-02-18,14:30,Freiburg,Ein Frankfurt,3,3,D,2.0,2.0,D,13.0,10.0,8.0,6.0,8.0,10.0,6.0,1.0,0.0,0.0,0.0,0.0,2.3,3.4,3.1,2.3,3.4,3.0,,,,2.33,3.38,3.24,2.3,3.4,2.9,2.3,3.4,3.13,2.38,3.56,3.25,2.32,3.4,3.13,2.06,1.84,2.05,1.85,2.07,1.88,2.0,1.83,-0.25,2.02,1.88,2.01,1.9,2.05,1.93,1.98,1.85,2.45,3.4,2.9,2.45,3.3,2.87,,,,2.52,3.41,2.97,2.38,3.4,2.8,2.5,3.3,2.9,2.56,3.46,3.03,2.48,3.37,2.91,2.01,1.89,2.0,1.91,2.06,1.97,1.98,1.86,-0.25,2.14,1.8,2.16,1.78,2.19,1.81,2.12,1.76,2023,Football-Data.co.uk,https://www.football-data.co.uk/mmz4281/2324/D1.csv,,,,,,,,,,,,,,,,,,,,,,,,,,,,,,,,,,,,,,,,,,,,,,,,,,,,,,,,,2024-02-18,freiburg,eintracht frankfurt,market_average_open,2.32,3.4,3.13,market_average_close,2.48,3.37,2.91,market_average_close,2.48,3.37,2.91,closing,0.40322580645161293,0.29673590504451036,0.3436426116838488,1.043604323179972,0.38637805296066763,0.28433755826185625,0.3292843887774762,0.6707156112225239,0.6136219470393325,0.7156624417381439,1.4909448703263135,1.629667916581056,1.3973068051067201,H,0
D1,2024-02-18,16:30,Bochum,Bayern Munich,3,2,H,2.0,1.0,H,14.0,26.0,5.0,10.0,12.0,10.0,4.0,9.0,2.0,4.0,0.0,1.0,8.0,5.75,1.33,8.5,5.75,1.32,,,,8.13,5.93,1.34,8.0,5.5,1.3,8.5,5.75,1.3,9.0,6.2,1.36,8.25,5.75,1.33,1.4,3.0,1.44,2.9,1.45,3.1,1.41,2.92,1.5,1.99,1.91,2.0,1.91,2.02,1.93,1.96,1.89,6.5,5.75,1.4,6.75,5.25,1.4,,,,7.65,5.72,1.38,7.5,5.5,1.33,7.0,5.25,1.4,7.65,5.81,1.42,7.17,5.5,1.38,1.4,3.0,1.42,3.01,1.47,3.1,1.42,2.91,1.5,1.86,2.07,1.87,2.06,1.9,2.12,1.85,2.02,2023,Football-Data.co.uk,https://www.football-data.co.uk/mmz4281/2324/D1.csv,,,,,,,,,,,,,,,,,,,,,,,,,,,,,,,,,,,,,,,,,,,,,,,,,,,,,,,,,2024-02-18,bochum,bayern munich,market_average_open,8.25,5.75,1.33,market_average_close,7.17,5.5,1.38,market_average_close,7.17,5.5,1.38,closing,0.1394700139470014,0.18181818181818182,0.7246376811594204,1.0459258769246036,0.1333459827546223,0.17383467206375308,0.6928193451816247,0.3071806548183754,0.8666540172453778,0.826165327936247,3.255413335163515,1.1538629950374621,1.2104114832535884,A,0
D1,2024-02-23,19:30,Leverkusen,Mainz,2,1,H,1.0,1.0,D,18.0,13.0,7.0,4.0,14.0,16.0,11.0,2.0,3.0,5.0,0.0,1.0,1.22,6.5,13.0,1.27,5.75,10.5,,,,1.26,6.53,12.14,1.18,6.5,13.0,1.25,6.0,12.0,1.3,6.7,13.0,1.26,6.22,11.85,1.57,2.38,1.59,2.48,1.64,2.49,1.58,2.42,-1.75,2.03,1.87,2.06,1.88,2.06,1.93,1.99,1.86,1.29,6.0,9.0,1.32,5.75,8.25,,,,1.3,5.99,10.49,1.29,5.5,9.5,1.3,5.75,9.5,1.37,6.2,13.0,1.3,5.78,9.88,1.57,2.38,1.58,2.5,1.61,2.5,1.56,2.43,-1.5,1.97,1.93,1.98,1.94,2.0,2.1,1.89,1.97,2023,Football-Data.co.uk,https://www.football-data.co.uk/mmz4281/2324/D1.csv,,,,,,,,,,,,,,,,,,,,,,,,,,,,,,,,,,,,,,,,,,,,,,,,,,,,,,,,,2024-02-23,bayer leverkusen,mainz 05,market_average_open,1.26,6.22,11.85,market_average_close,1.3,5.78,9.88,market_average_close,1.3,5.78,9.88,closing,0.7692307692307692,0.17301038062283736,0.10121457489878542,1.043455724752392,0.7371954084715043,0.16580519567698196,0.09699939585151374,0.9030006041484863,0.26280459152849567,0.8341948043230181,1.1074189711567053,3.8051085568326948,1.1987607628550736,H,1
D1,2024-02-24,14:30,M'gladbach,Bochum,5,2,H,2.0,0.0,H,22.0,15.0,6.0,5.0,13.0,13.0,5.0,6.0,2.0,4.0,0.0,0.0,2.0,3.8,3.5,1.95,3.75,3.5,,,,2.02,3.77,3.65,1.91,3.8,3.5,2.0,3.8,3.5,2.05,4.04,3.7,2.01,3.83,3.52,1.62,2.3,1.67,2.3,1.69,2.38,1.63,2.31,-0.5,2.04,1.86,2.03,1.88,2.06,1.88,2.02,1.85,2.1,3.8,3.3,2.2,3.6,3.1,,,,2.12,3.63,3.56,2.05,3.7,3.2,2.15,3.75,3.13,2.2,3.84,3.56,2.12,3.7,3.3,1.62,2.3,1.67,2.32,1.7,2.37,1.63,2.28,-0.25,1.84,2.06,1.85,2.09,1.89,2.11,1.82,2.02,2023,Football-Data.co.uk,https://www.football-data.co.uk/mmz4281/2324/D1.csv,,,,,,,,,,,,,,,,,,,,,,,,,,,,,,,,,,,,,,,,,,,,,,,,,,,,,,,,,2024-02-24,borussia m gladbach,bochum,market_average_open,2.01,3.83,3.52,market_average_close,2.12,3.7,3.3,market_average_close,2.12,3.7,3.3,closing,0.4716981132075471,0.27027027027027023,0.30303030303030304,1.0449986865081204,0.45138632162661735,0.2586321626617375,0.2899815157116451,0.7100184842883548,0.5486136783733826,0.7413678373382624,1.408414037280017,1.8227762803234502,1.3488580831754264,H,0
D1,2024-02-24,14:30,Stuttgart,FC Koln,1,1,D,0.0,0.0,D,13.0,12.0,5.0,6.0,11.0,13.0,9.0,4.0,1.0,0.0,0.0,0.0,1.3,5.25,10.0,1.31,5.5,9.25,,,,1.32,5.75,9.52,1.29,5.5,9.0,1.3,5.75,9.5,1.35,6.0,10.0,1.32,5.63,9.5,1.53,2.5,1.56,2.52,1.58,2.63,1.54,2.49,-1.5,1.91,1.99,1.92,1.99,1.95,2.0,1.9,1.96,1.33,5.5,8.5,1.33,5.5,8.75,,,,1.33,5.66,9.72,1.33,5.0,8.0,1.33,5.25,9.0,1.36,5.7,10.0,1.34,5.45,9.04,1.57,2.38,1.61,2.43,1.62,2.49,1.59,2.39,-1.5,1.95,1.95,1.97,1.95,2.0,1.98,1.95,1.91,2023,Football-Data.co.uk,https://www.football-data.co.uk/mmz4281/2324/D1.csv,,,,,,,,,,,,,,,,,,,,,,,,,,,,,,,,,,,,,,,,,,,,,,,,,,,,,,,,,2024-02-24,vfb stuttgart,fc cologne,market_average_open,1.32,5.63,9.5,market_average_close,1.34,5.45,9.04,market_average_close,1.34,5.45,9.04,closing,0.7462686567164178,0.18348623853211007,0.11061946902654868,1.0403743642750767,0.7173078099020741,0.17636558995757418,0.1063266001403517,0.8936733998596482,0.2826921900979259,0.8236344100424258,1.1189770224301747,3.53741643748133,1.2141309151331956,H,1
D1,2024-02-24,14:30,Union Berlin,Heidenheim,2,2,D,2.0,1.0,H,12.0,9.0,3.0,4.0,9.0,12.0,4.0,2.0,2.0,1.0,0.0,0.0,2.0,3.5,3.75,1.98,3.5,3.8,,,,2.04,3.49,3.89,1.91,3.5,3.7,2.0,3.5,3.75,2.06,3.68,3.97,2.01,3.52,3.82,2.0,1.8,2.1,1.79,2.11,1.85,2.03,1.81,-0.5,2.03,1.87,2.05,1.86,2.05,1.89,2.01,1.85,1.85,3.6,4.2,1.85,3.5,4.33,,,,1.87,3.61,4.6,1.8,3.5,4.2,1.9,3.6,4.1,1.91,3.69,4.75,1.87,3.59,4.42,2.06,1.84,2.08,1.84,2.12,1.85,2.04,1.81,-0.5,1.86,2.04,1.88,2.05,1.91,2.07,1.87,2.0,2023,Football-Data.co.uk,https://www.football-data.co.uk/mmz4281/2324/D1.csv,,,,,,,,,,,,,,,,,,,,,,,,,,,,,,,,,,,,,,,,,,,,,,,,,,,,,,,,,2024-02-24,union berlin,fc heidenheim,market_average_open,2.01,3.52,3.82,market_average_close,1.87,3.59,4.42,market_average_close,1.87,3.59,4.42,closing,0.53475935828877,0.2785515320334262,0.22624434389140272,1.039555234213599,0.5144116836594103,0.26795260402314686,0.21763571231744283,0.7823642876825572,0.4855883163405897,0.7320473959768531,1.2781769512538743,2.059357621155374,1.3660317699314914,H,1
D1,2024-02-24,14:30,Werder Bremen,Darmstadt,1,1,D,1.0,1.0,D,13.0,11.0,4.0,3.0,10.0,13.0,4.0,6.0,3.0,4.0,0.0,0.0,1.65,4.2,5.0,1.66,4.0,4.8,,,,1.69,3.94,5.22,1.6,4.0,5.0,1.67,4.0,5.0,1.72,4.2,5.3,1.68,4.04,5.03,1.84,2.06,1.85,2.04,1.88,2.07,1.81,2.03,-0.75,1.89,2.01,1.89,2.02,1.91,2.04,1.85,1.99,1.7,4.2,4.33,1.75,3.9,4.33,,,,1.76,3.95,4.76,1.62,4.0,4.8,1.73,4.0,4.5,1.78,4.31,5.0,1.74,4.0,4.59,1.67,2.2,1.73,2.2,1.76,2.26,1.71,2.16,-0.75,1.99,1.91,1.98,1.94,2.02,1.98,1.93,1.92,2023,Football-Data.co.uk,https://www.football-data.co.uk/mmz4281/2324/D1.csv,,,,,,,,,,,,,,,,,,,,,,,,,,,,,,,,,,,,,,,,,,,,,,,,,,,,,,,,,2024-02-24,werder bremen,darmstadt,market_average_open,1.68,4.04,5.03,market_average_close,1.74,4.0,4.59,market_average_close,1.74,4.0,4.59,closing,0.5747126436781609,0.25,0.2178649237472767,1.0425775674254376,0.5512420961611212,0.23979031183008773,0.20896759200879106,0.7910324079912089,0.4487579038388788,0.7602096881699123,1.2641707089339802,2.2283730079081527,1.3154265402843601,H,1
D1,2024-02-24,17:30,Bayern Munich,RB Leipzig,2,1,H,0.0,0.0,D,16.0,11.0,4.0,5.0,11.0,10.0,6.0,4.0,3.0,3.0,0.0,0.0,1.67,4.33,4.5,1.68,4.33,4.33,,,,1.7,4.4,4.53,1.62,4.4,4.33,1.7,4.4,4.33,1.72,4.64,4.74,1.69,4.41,4.46,1.44,2.75,1.43,2.92,1.45,3.07,1.42,2.9,-0.75,1.87,2.03,1.88,2.03,1.9,2.06,1.84,2.01,1.8,4.5,3.8,1.77,4.33,3.9,,,,1.81,4.39,4.02,1.65,4.33,4.2,1.67,4.4,4.5,1.81,4.7,4.8,1.76,4.38,4.08,1.36,3.2,1.39,3.17,1.46,3.35,1.39,3.07,-0.75,2.0,1.9,2.02,1.9,2.02,2.03,1.92,1.92,2023,Football-Data.co.uk,https://www.football-data.co.uk/mmz4281/2324/D1.csv,,,,,,,,,,,,,,,,,,,,,,,,,,,,,,,,,,,,,,,,,,,,,,,,,,,,,,,,,2024-02-24,bayern munich,rasenballsport leipzig,market_average_open,1.69,4.41,4.46,market_average_close,1.76,4.38,4.08,market_average_close,1.76,4.38,4.08,closing,0.5681818181818182,0.22831050228310504,0.24509803921568626,1.0415903596806095,0.5454945054945055,0.2191941391941392,0.2353113553113553,0.7646886446886447,0.4545054945054945,0.7808058608058608,1.307721785782717,2.2001934235976788,1.2807280915744041,H,1
D1,2024-02-25,14:30,Ein Frankfurt,Wolfsburg,2,2,D,1.0,2.0,A,12.0,14.0,5.0,8.0,9.0,7.0,5.0,3.0,2.0,1.0,0.0,0.0,2.25,3.4,3.2,2.15,3.5,3.25,,,,2.29,3.48,3.24,2.15,3.5,3.1,2.25,3.4,3.2,2.31,3.62,3.35,2.25,3.47,3.22,1.97,1.93,1.96,1.93,1.98,1.96,1.93,1.89,-0.25,1.97,1.93,1.98,1.93,1.98,1.97,1.91,1.91,2.45,3.4,2.9,2.45,3.3,2.87,,,,2.49,3.41,3.01,2.3,3.4,2.88,2.3,3.4,3.13,2.53,3.5,3.13,2.44,3.4,2.94,1.99,1.91,2.0,1.91,2.0,1.97,1.95,1.89,-0.25,2.14,1.8,2.15,1.81,2.15,1.81,2.08,1.79,2023,Football-Data.co.uk,https://www.football-data.co.uk/mmz4281/2324/D1.csv,,,,,,,,,,,,,,,,,,,,,,,,,,,,,,,,,,,,,,,,,,,,,,,,,,,,,,,,,2024-02-25,eintracht frankfurt,wolfsburg,market_average_open,2.25,3.47,3.22,market_average_close,2.44,3.4,2.94,market_average_close,2.44,3.4,2.94,closing,0.4098360655737705,0.29411764705882354,0.3401360544217687,1.0440897670543627,0.39252953003267155,0.281697662729329,0.3257728072379995,0.6742271927620005,0.6074704699673286,0.718302337270671,1.4831795731991426,1.6461705538604745,1.392171441067133,H,0
D1,2024-02-25,16:30,Dortmund,Hoffenheim,2,3,A,2.0,1.0,H,19.0,7.0,7.0,5.0,7.0,10.0,10.0,3.0,2.0,3.0,0.0,0.0,1.5,5.0,5.5,1.52,4.8,5.25,,,,1.51,5.16,5.52,1.44,5.0,5.5,1.5,5.0,5.5,1.56,5.2,5.7,1.51,5.0,5.42,1.33,3.4,1.34,3.4,1.35,3.52,1.32,3.36,-1.25,2.03,1.87,2.02,1.89,2.07,1.91,2.0,1.84,1.44,5.25,5.75,1.44,5.25,5.75,,,,1.44,5.61,6.29,1.44,5.0,5.8,1.44,5.5,5.75,1.49,5.7,6.5,1.45,5.43,5.94,1.22,4.33,1.33,3.45,1.28,4.33,1.24,4.07,-1.25,1.78,2.03,1.84,2.07,1.92,2.12,1.84,2.0,2023,Football-Data.co.uk,https://www.football-data.co.uk/mmz4281/2324/D1.csv,,,,,,,,,,,,,,,,,,,,,,,,,,,,,,,,,,,,,,,,,,,,,,,,,,,,,,,,,2024-02-25,dortmund,hoffenheim,market_average_open,1.51,5.0,5.42,market_average_close,1.45,5.43,5.94,market_average_close,1.45,5.43,5.94,closing,0.6896551724137931,0.1841620626151013,0.16835016835016833,1.0421674033790627,0.6617508570865828,0.17671063402864548,0.16153850888477186,0.8384614911152283,0.33824914291341734,0.8232893659713546,1.1926606178059664,2.956400691474843,1.2146397625580334,H,1
D1,2024-02-25,18:30,Augsburg,Freiburg,2,1,H,0.0,1.0,A,21.0,5.0,8.0,1.0,16.0,11.0,10.0,2.0,3.0,1.0,0.0,0.0,2.2,3.6,3.1,2.3,3.6,2.9,,,,2.28,3.66,3.11,2.2,3.6,2.9,2.25,3.6,3.1,2.32,3.75,3.16,2.28,3.6,3.05,1.8,2.0,1.79,2.1,1.84,2.13,1.77,2.07,-0.25,1.98,1.92,1.99,1.92,2.0,1.94,1.95,1.87,2.3,3.6,2.88,2.4,3.5,2.8,,,,2.38,3.6,3.03,2.25,3.6,2.8,2.38,3.6,2.88,2.47,3.69,3.05,2.39,3.57,2.9,1.73,2.1,1.77,2.16,1.79,2.2,1.75,2.12,-0.25,2.06,1.87,2.07,1.86,2.11,1.87,2.05,1.81,2023,Football-Data.co.uk,https://www.football-data.co.uk/mmz4281/2324/D1.csv,,,,,,,,,,,,,,,,,,,,,,,,,,,,,,,,,,,,,,,,,,,,,,,,,,,,,,,,,2024-02-25,augsburg,freiburg,market_average_open,2.28,3.6,3.05,market_average_close,2.39,3.57,2.9,market_average_close,2.39,3.57,2.9,closing,0.41841004184100417,0.2801120448179272,0.3448275862068966,1.043349672865828,0.4010257085639692,0.2684737936884836,0.3305004977475471,0.6694995022524528,0.5989742914360308,0.7315262063115162,1.4936530895626015,1.669520736194732,1.367005025072411,H,0
D1,2024-03-01,19:30,Freiburg,Bayern Munich,2,2,D,1.0,1.0,D,17.0,21.0,5.0,9.0,11.0,7.0,3.0,6.0,1.0,2.0,0.0,0.0,5.75,4.75,1.5,6.0,4.6,1.49,,,,6.11,4.86,1.51,6.0,5.0,1.44,5.75,4.75,1.5,6.36,5.0,1.53,5.97,4.78,1.5,1.53,2.5,1.56,2.57,1.56,2.62,1.52,2.56,1.25,1.83,2.07,1.84,2.1,1.86,2.11,1.81,2.05,6.0,5.0,1.44,5.75,4.75,1.49,,,,6.23,4.84,1.51,6.0,5.0,1.44,6.0,4.75,1.5,6.39,5.14,1.52,6.05,4.82,1.49,1.53,2.5,1.56,2.57,1.57,2.7,1.52,2.55,1.0,2.07,1.83,2.11,1.81,2.16,1.83,2.1,1.79,2023,Football-Data.co.uk,https://www.football-data.co.uk/mmz4281/2324/D1.csv,,,,,,,,,,,,,,,,,,,,,,,,,,,,,,,,,,,,,,,,,,,,,,,,,,,,,,,,,2024-03-01,freiburg,bayern munich,market_average_open,5.97,4.78,1.5,market_average_close,6.05,4.82,1.49,market_average_close,6.05,4.82,1.49,closing,0.1652892561983471,0.20746887966804978,0.6711409395973155,1.0438990754637123,0.1583383490639875,0.19874419332720422,0.6429174576088084,0.35708254239119175,0.8416616509360126,0.8012558066727958,2.800472947525052,1.188125892260743,1.2480408774227632,A,0
D1,2024-03-02,14:30,Bochum,RB Leipzig,1,4,A,1.0,1.0,D,15.0,10.0,4.0,4.0,13.0,10.0,2.0,5.0,3.0,2.0,1.0,0.0,5.0,4.2,1.62,4.6,4.2,1.66,,,,4.76,4.44,1.66,4.75,4.33,1.62,4.75,4.4,1.65,5.0,4.6,1.69,4.76,4.4,1.65,1.53,2.5,1.52,2.61,1.54,2.69,1.51,2.57,0.75,2.07,1.83,2.08,1.84,2.09,1.84,2.04,1.8,4.5,4.5,1.65,4.6,4.2,1.66,,,,4.64,4.5,1.68,4.6,4.4,1.62,4.6,4.4,1.65,4.75,4.58,1.71,4.64,4.44,1.66,1.5,2.63,1.5,2.71,1.54,2.75,1.49,2.66,0.75,2.06,1.84,2.07,1.86,2.1,1.87,2.03,1.82,2023,Football-Data.co.uk,https://www.football-data.co.uk/mmz4281/2324/D1.csv,,,,,,,,,,,,,,,,,,,,,,,,,,,,,,,,,,,,,,,,,,,,,,,,,,,,,,,,,2024-03-02,bochum,rasenballsport leipzig,market_average_open,4.76,4.4,1.65,market_average_close,4.64,4.44,1.66,market_average_close,4.64,4.44,1.66,closing,0.21551724137931036,0.2252252252252252,0.6024096385542169,1.0431521051587525,0.20660193303881777,0.21590832641894464,0.5774897405422376,0.42251025945776244,0.7933980669611822,0.7840916735810554,2.3668064327795766,1.2604013566986998,1.2753610753610753,A,0
D1,2024-03-02,14:30,Darmstadt,Augsburg,0,6,A,0.0,5.0,A,10.0,21.0,5.0,6.0,4.0,12.0,3.0,6.0,2.0,0.0,0.0,0.0,2.9,3.3,2.4,2.7,3.4,2.5,,,,2.93,3.47,2.48,2.75,3.4,2.5,2.88,3.4,2.45,2.97,3.55,2.61,2.85,3.44,2.48,1.86,2.04,1.82,2.07,1.87,2.1,1.81,2.04,0.25,1.81,2.09,1.78,2.14,1.81,2.17,1.76,2.1,3.5,3.6,2.05,3.4,3.6,2.05,,,,3.63,3.61,2.1,3.25,3.6,2.1,3.4,3.6,2.1,3.64,3.67,2.15,3.43,3.57,2.1,1.73,2.1,1.81,2.12,1.81,2.17,1.76,2.08,0.25,2.05,1.75,2.11,1.82,2.14,1.94,2.02,1.82,2023,Football-Data.co.uk,https://www.football-data.co.uk/mmz4281/2324/D1.csv,,,,,,,,,,,,,,,,,,,,,,,,,,,,,,,,,,,,,,,,,,,,,,,,,,,,,,,,,2024-03-02,darmstadt,augsburg,market_average_open,2.85,3.44,2.48,market_average_close,3.43,3.57,2.1,market_average_close,3.43,3.57,2.1,closing,0.29154518950437314,0.2801120448179272,0.47619047619047616,1.0478477105127766,0.2782324058919803,0.2673213311511184,0.4544462629569012,0.5455537370430987,0.7217675941080196,0.7326786688488816,1.833,1.3854875283446713,1.364854802680566,A,0
D1,2024-03-02,14:30,Heidenheim,Ein Frankfurt,1,2,A,0.0,1.0,A,16.0,11.0,3.0,6.0,6.0,10.0,7.0,3.0,1.0,4.0,0.0,0.0,2.8,3.3,2.5,2.7,3.4,2.55,,,,2.84,3.39,2.59,2.75,3.4,2.5,2.8,3.4,2.5,2.9,3.5,2.64,2.8,3.39,2.56,1.97,1.93,1.93,1.96,1.97,1.97,1.9,1.93,0.0,2.07,1.83,2.05,1.87,2.07,1.89,2.02,1.85,2.9,3.3,2.4,2.95,3.3,2.37,,,,3.07,3.41,2.45,2.8,3.4,2.45,2.9,3.5,2.38,3.09,3.5,2.49,2.98,3.4,2.42,1.99,1.91,1.98,1.92,2.0,1.97,1.94,1.89,0.25,1.83,2.07,1.83,2.11,1.86,2.11,1.8,2.05,2023,Football-Data.co.uk,https://www.football-data.co.uk/mmz4281/2324/D1.csv,,,,,,,,,,,,,,,,,,,,,,,,,,,,,,,,,,,,,,,,,,,,,,,,,,,,,,,,,2024-03-02,fc heidenheim,eintracht frankfurt,market_average_open,2.8,3.39,2.56,market_average_close,2.98,3.4,2.42,market_average_close,2.98,3.4,2.42,closing,0.33557046979865773,0.29411764705882354,0.4132231404958678,1.042911257353349,0.3217632060567192,0.2820159864850068,0.39622080745827404,0.603779192541726,0.6782367939432808,0.7179840135149933,1.6562346174771367,1.4744113102239442,1.392788671023965,A,0
D1,2024-03-02,14:30,Mainz,M'gladbach,1,1,D,1.0,0.0,H,21.0,14.0,5.0,5.0,12.0,15.0,12.0,6.0,5.0,1.0,1.0,0.0,1.91,3.75,3.75,1.98,3.6,3.6,,,,1.98,3.81,3.73,1.91,3.75,3.7,1.95,3.7,3.7,2.02,3.92,3.9,1.97,3.76,3.71,1.8,2.0,1.8,2.09,1.85,2.13,1.78,2.07,-0.5,1.99,1.91,1.99,1.92,2.0,1.93,1.97,1.89,1.91,3.6,4.0,1.88,3.6,4.0,,,,1.94,3.74,4.13,1.91,3.7,3.8,1.9,3.6,4.1,1.98,3.79,4.3,1.92,3.69,4.0,1.95,1.95,1.93,1.98,1.97,2.05,1.87,1.96,-0.5,1.95,1.95,1.95,1.97,1.98,2.0,1.93,1.94,2023,Football-Data.co.uk,https://www.football-data.co.uk/mmz4281/2324/D1.csv,,,,,,,,,,,,,,,,,,,,,,,,,,,,,,,,,,,,,,,,,,,,,,,,,,,,,,,,,2024-03-02,mainz 05,borussia m gladbach,market_average_open,1.97,3.76,3.71,market_average_close,1.92,3.69,4.0,market_average_close,1.92,3.69,4.0,closing,0.5208333333333334,0.2710027100271003,0.25,1.0418360433604337,0.4999187124044871,0.26012030564135913,0.23996098195415377,0.7600390180458463,0.500081287595513,0.7398796943586409,1.3157219251336898,1.9996749024707412,1.3515710832784003,H,0
D1,2024-03-02,14:30,Union Berlin,Dortmund,0,2,A,0.0,1.0,A,13.0,12.0,5.0,7.0,11.0,8.0,8.0,7.0,2.0,1.0,0.0,0.0,3.4,3.6,2.05,3.5,3.6,2.0,,,,3.44,3.62,2.14,3.3,3.7,2.05,3.4,3.6,2.1,3.58,3.75,2.15,3.44,3.6,2.11,1.73,2.1,1.76,2.14,1.82,2.19,1.74,2.13,0.25,2.07,1.83,2.05,1.86,2.07,1.87,2.02,1.82,3.2,3.6,2.1,3.3,3.6,2.1,,,,3.45,3.65,2.15,3.4,3.6,2.05,3.3,3.7,2.1,3.58,3.75,2.17,3.4,3.66,2.11,1.73,2.1,1.76,2.17,1.78,2.28,1.71,2.17,0.25,2.05,1.85,2.06,1.88,2.09,1.9,2.04,1.82,2023,Football-Data.co.uk,https://www.football-data.co.uk/mmz4281/2324/D1.csv,,,,,,,,,,,,,,,,,,,,,,,,,,,,,,,,,,,,,,,,,,,,,,,,,,,,,,,,,2024-03-02,union berlin,dortmund,market_average_open,3.44,3.6,2.11,market_average_close,3.4,3.66,2.11,market_average_close,3.4,3.66,2.11,closing,0.29411764705882354,0.27322404371584696,0.47393364928909953,1.04127534006377,0.28245905356868545,0.2623936563206367,0.45514729011067795,0.5448527098893221,0.7175409464313147,0.7376063436793634,1.8353584039310984,1.393648689978591,1.3557367131792168,A,0
D1,2024-03-02,17:30,Wolfsburg,Stuttgart,2,3,A,0.0,1.0,A,12.0,7.0,2.0,3.0,20.0,12.0,5.0,4.0,3.0,2.0,0.0,0.0,3.3,3.5,2.15,3.25,3.5,2.15,,,,3.34,3.56,2.2,3.2,3.7,2.1,3.2,3.6,2.2,3.37,3.8,2.23,3.26,3.58,2.19,1.73,2.1,1.75,2.16,1.76,2.23,1.73,2.14,0.25,2.0,1.9,1.99,1.92,2.0,1.93,1.95,1.88,3.2,3.4,2.2,3.2,3.5,2.15,,,,3.24,3.58,2.27,3.25,3.6,2.1,3.13,3.6,2.2,3.4,3.75,2.33,3.23,3.56,2.21,1.8,2.0,1.81,2.1,1.85,2.17,1.76,2.06,0.25,1.92,1.98,1.94,1.98,1.99,2.02,1.94,1.91,2023,Football-Data.co.uk,https://www.football-data.co.uk/mmz4281/2324/D1.csv,,,,,,,,,,,,,,,,,,,,,,,,,,,,,,,,,,,,,,,,,,,,,,,,,,,,,,,,,2024-03-02,wolfsburg,vfb stuttgart,market_average_open,3.26,3.58,2.19,market_average_close,3.23,3.56,2.21,market_average_close,3.23,3.56,2.21,closing,0.30959752321981426,0.2808988764044944,0.45248868778280543,1.042985087407114,0.29683791931242387,0.2693220447694183,0.4338400359181579,0.5661599640818422,0.7031620806875762,0.7306779552305818,1.7662852611306215,1.4221472224755995,1.3685919943820224,A,0
D1,2024-03-03,14:30,FC Koln,Leverkusen,0,2,A,0.0,1.0,A,6.0,17.0,0.0,6.0,10.0,9.0,1.0,9.0,2.0,2.0,1.0,0.0,9.0,4.75,1.36,8.25,5.0,1.37,,,,8.08,5.15,1.39,9.5,5.0,1.33,8.5,5.0,1.36,9.5,5.3,1.42,8.43,5.02,1.38,1.67,2.2,1.71,2.21,1.75,2.3,1.67,2.22,1.25,2.04,1.86,2.05,1.86,2.09,1.9,2.01,1.82,8.5,5.5,1.36,8.25,5.0,1.36,,,,8.62,5.37,1.37,8.5,5.0,1.33,9.0,5.25,1.33,9.5,5.51,1.38,8.57,5.16,1.36,1.62,2.3,1.62,2.42,1.67,2.46,1.61,2.34,1.5,1.89,2.04,1.88,2.04,1.92,2.06,1.86,2.0,2023,Football-Data.co.uk,https://www.football-data.co.uk/mmz4281/2324/D1.csv,,,,,,,,,,,,,,,,,,,,,,,,,,,,,,,,,,,,,,,,,,,,,,,,,,,,,,,,,2024-03-03,fc cologne,bayer leverkusen,market_average_open,8.43,5.02,1.38,market_average_close,8.57,5.16,1.36,market_average_close,8.57,5.16,1.36,closing,0.11668611435239207,0.19379844961240308,0.7352941176470588,1.045778681611854,0.11157821095812002,0.18531497440137373,0.7031068146405062,0.29689318535949377,0.88842178904188,0.8146850255986262,3.3682147294460387,1.1255914840612495,1.227468246719283,A,0
D1,2024-03-03,16:30,Hoffenheim,Werder Bremen,2,1,H,2.0,0.0,H,14.0,18.0,7.0,8.0,11.0,10.0,3.0,3.0,5.0,1.0,1.0,0.0,1.91,4.0,3.6,1.93,3.8,3.6,,,,1.97,3.87,3.72,1.91,3.9,3.6,1.95,4.0,3.5,2.0,4.09,3.78,1.95,3.92,3.62,1.57,2.38,1.58,2.49,1.61,2.5,1.56,2.43,-0.5,1.97,1.93,1.98,1.93,1.99,1.94,1.95,1.91,1.91,4.2,3.5,1.98,3.9,3.4,,,,1.95,4.18,3.59,1.91,3.9,3.6,1.95,4.1,3.4,2.04,4.27,3.67,1.96,4.03,3.54,1.44,2.75,1.47,2.8,1.53,2.88,1.47,2.72,-0.5,1.98,1.95,1.96,1.96,2.0,1.96,1.95,1.91,2023,Football-Data.co.uk,https://www.football-data.co.uk/mmz4281/2324/D1.csv,,,,,,,,,,,,,,,,,,,,,,,,,,,,,,,,,,,,,,,,,,,,,,,,,,,,,,,,,2024-03-03,hoffenheim,werder bremen,market_average_open,1.95,3.92,3.62,market_average_close,1.96,4.03,3.54,market_average_close,1.96,4.03,3.54,closing,0.5102040816326531,0.24813895781637715,0.2824858757062147,1.040828915155245,0.4901901496045135,0.23840513479524725,0.27140471560023915,0.7285952843997607,0.5098098503954864,0.7615948652047526,1.3725040793035477,1.9615156498530721,1.3130340627114823,H,0
D1,2024-03-08,19:30,Stuttgart,Union Berlin,2,0,H,1.0,0.0,H,14.0,10.0,5.0,4.0,7.0,14.0,4.0,3.0,1.0,2.0,0.0,1.0,1.45,4.5,7.0,1.49,4.33,6.5,,,,1.48,4.62,7.08,1.5,4.4,6.5,1.45,4.5,7.0,1.52,4.7,7.2,1.48,4.53,6.92,1.73,2.1,1.79,2.12,1.82,2.2,1.76,2.1,-1.25,2.07,1.86,2.09,1.85,2.12,1.87,2.04,1.82,1.45,4.75,6.5,1.5,4.33,6.25,,,,1.52,4.46,6.69,1.44,4.6,7.0,1.5,4.4,6.5,1.53,4.86,7.0,1.5,4.48,6.58,1.73,2.1,1.79,2.11,1.83,2.17,1.77,2.09,-1.0,1.87,2.06,1.88,2.06,1.88,2.11,1.83,2.05,2023,Football-Data.co.uk,https://www.football-data.co.uk/mmz4281/2324/D1.csv,,,,,,,,,,,,,,,,,,,,,,,,,,,,,,,,,,,,,,,,,,,,,,,,,,,,,,,,,2024-03-08,vfb stuttgart,union berlin,market_average_open,1.48,4.53,6.92,market_average_close,1.5,4.48,6.58,market_average_close,1.5,4.48,6.58,closing,0.6666666666666666,0.2232142857142857,0.1519756838905775,1.0418566362715298,0.6398833039567252,0.2142466419497964,0.1458700540934784,0.8541299459065216,0.3601166960432748,0.7857533580502036,1.1707820394221875,2.7768776371308017,1.2726639851485149,H,1
D1,2024-03-09,14:30,Augsburg,Heidenheim,1,0,H,1.0,0.0,H,8.0,6.0,4.0,1.0,14.0,20.0,5.0,2.0,1.0,3.0,0.0,0.0,1.85,4.2,3.5,1.9,3.8,3.7,,,,1.88,3.89,4.07,1.85,3.9,3.8,1.87,3.9,3.9,1.93,4.2,4.1,1.89,3.92,3.87,1.62,2.3,1.67,2.3,1.74,2.33,1.67,2.25,-0.5,1.9,2.03,1.88,2.02,1.91,2.03,1.88,1.98,1.65,4.5,4.5,1.65,4.2,4.75,,,,1.69,4.32,4.98,1.65,4.2,4.6,1.65,4.2,4.8,1.91,4.58,4.98,1.68,4.27,4.72,1.53,2.5,1.58,2.51,1.58,2.57,1.55,2.5,-0.75,1.84,2.09,1.85,2.06,1.86,2.12,1.82,2.04,2023,Football-Data.co.uk,https://www.football-data.co.uk/mmz4281/2324/D1.csv,,,,,,,,,,,,,,,,,,,,,,,,,,,,,,,,,,,,,,,,,,,,,,,,,,,,,,,,,2024-03-09,augsburg,fc heidenheim,market_average_open,1.89,3.92,3.87,market_average_close,1.68,4.27,4.72,market_average_close,1.68,4.27,4.72,closing,0.5952380952380952,0.234192037470726,0.21186440677966104,1.0412945394884823,0.5716327827191867,0.22490470139771285,0.20346251588310038,0.7965374841168995,0.42836721728081323,0.7750952986022871,1.2554336989032904,2.3344456803856137,1.2901639344262297,H,1
D1,2024-03-09,14:30,Bayern Munich,Mainz,8,1,H,3.0,1.0,H,25.0,13.0,12.0,3.0,8.0,7.0,6.0,7.0,1.0,1.0,0.0,0.0,1.25,7.0,10.0,1.24,6.75,11.0,,,,1.23,6.97,11.21,1.22,6.5,11.0,1.22,7.0,11.5,1.27,7.4,13.0,1.23,6.88,11.56,1.4,3.0,1.41,2.96,1.43,3.15,1.39,3.01,-2.0,2.05,1.75,2.11,1.78,2.13,1.86,2.07,1.79,1.2,7.0,13.0,1.24,6.75,10.5,,,,1.24,6.87,11.46,1.22,6.5,11.0,1.22,7.0,11.5,1.25,7.4,13.9,1.23,6.92,11.77,1.36,3.2,1.39,3.07,1.42,3.3,1.38,3.11,-1.75,1.87,2.06,1.87,2.01,1.88,2.11,1.82,2.04,2023,Football-Data.co.uk,https://www.football-data.co.uk/mmz4281/2324/D1.csv,,,,,,,,,,,,,,,,,,,,,,,,,,,,,,,,,,,,,,,,,,,,,,,,,,,,,,,,,2024-03-09,bayern munich,mainz 05,market_average_open,1.23,6.88,11.56,market_average_close,1.23,6.92,11.77,market_average_close,1.23,6.92,11.77,closing,0.8130081300813008,0.14450867052023122,0.08496176720475786,1.0424785678062898,0.7798799468771156,0.13862027957497866,0.08149977354790587,0.9185002264520943,0.22012005312288452,0.8613797204250214,1.0887313592319037,4.542975461857346,1.160928190306803,H,1
D1,2024-03-09,14:30,M'gladbach,FC Koln,3,3,D,1.0,1.0,D,16.0,12.0,5.0,5.0,15.0,15.0,8.0,3.0,3.0,4.0,0.0,0.0,1.83,4.0,4.0,1.83,3.7,4.1,,,,1.85,3.77,4.32,1.8,3.9,4.2,1.85,3.75,4.1,1.89,4.01,4.33,1.85,3.82,4.18,1.73,2.1,1.79,2.1,1.82,2.15,1.74,2.08,-0.5,1.86,2.07,1.86,2.05,1.87,2.08,1.84,2.03,1.8,3.75,4.33,1.83,3.6,4.2,,,,1.88,3.68,4.4,1.8,3.8,4.2,1.83,3.75,4.2,1.89,3.92,4.57,1.83,3.74,4.34,1.99,1.91,1.97,1.93,2.02,2.04,1.92,1.91,-0.5,1.89,2.04,1.89,2.03,1.9,2.1,1.84,2.04,2023,Football-Data.co.uk,https://www.football-data.co.uk/mmz4281/2324/D1.csv,,,,,,,,,,,,,,,,,,,,,,,,,,,,,,,,,,,,,,,,,,,,,,,,,,,,,,,,,2024-03-09,borussia m gladbach,fc cologne,market_average_open,1.85,3.82,4.18,market_average_close,1.83,3.74,4.34,market_average_close,1.83,3.74,4.34,closing,0.5464480874316939,0.267379679144385,0.2304147465437788,1.0442425131198578,0.5232961506222193,0.25605132503707523,0.2206525243407054,0.7793474756592946,0.47670384937778065,0.7439486749629247,1.283124705259413,2.097738462370827,1.3441787500325018,H,1
D1,2024-03-09,14:30,RB Leipzig,Darmstadt,2,0,H,1.0,0.0,H,28.0,9.0,8.0,4.0,3.0,14.0,8.0,4.0,0.0,3.0,0.0,0.0,1.14,8.5,15.0,1.16,8.75,15.5,,,,1.15,8.79,16.82,1.12,9.0,17.0,1.13,9.0,18.0,1.17,9.55,19.0,1.15,8.73,17.28,1.33,3.4,1.35,3.3,1.37,3.4,1.35,3.25,-2.25,1.95,1.98,1.95,1.93,1.98,1.98,1.92,1.92,1.11,9.0,21.0,1.13,9.5,19.0,,,,1.12,10.42,23.31,1.14,8.0,17.0,1.12,9.0,23.0,1.15,10.42,23.31,1.13,9.48,20.33,1.3,3.5,1.32,3.53,1.34,3.6,1.31,3.51,-2.5,2.02,1.91,2.0,1.88,2.14,1.92,2.03,1.85,2023,Football-Data.co.uk,https://www.football-data.co.uk/mmz4281/2324/D1.csv,,,,,,,,,,,,,,,,,,,,,,,,,,,,,,,,,,,,,,,,,,,,,,,,,,,,,,,,,2024-03-09,rasenballsport leipzig,darmstadt,market_average_open,1.15,8.73,17.28,market_average_close,1.13,9.48,20.33,market_average_close,1.13,9.48,20.33,closing,0.8849557522123894,0.10548523206751054,0.04918839153959666,1.0396293758194968,0.8512223421109234,0.10146426651744127,0.04731339137163519,0.9526866086283646,0.14877765788907646,0.8985357334825586,1.049663122104503,6.721439322196924,1.1129217934652245,H,1
D1,2024-03-09,17:30,Werder Bremen,Dortmund,1,2,A,0.0,2.0,A,15.0,13.0,5.0,6.0,6.0,8.0,10.0,4.0,1.0,2.0,0.0,1.0,3.5,4.33,1.85,3.7,4.0,1.87,,,,3.87,4.06,1.88,3.8,4.0,1.83,3.7,4.1,1.87,4.06,4.33,1.97,3.77,4.08,1.88,1.44,2.75,1.49,2.71,1.49,2.82,1.46,2.72,0.5,2.03,1.9,2.01,1.89,2.04,1.9,1.99,1.87,3.6,4.5,1.8,3.9,4.1,1.8,,,,4.04,4.28,1.82,3.7,4.2,1.8,3.9,4.2,1.8,4.04,4.61,1.88,3.82,4.27,1.83,1.44,2.75,1.45,2.87,1.46,3.1,1.43,2.88,0.75,1.88,2.05,1.88,2.04,1.9,2.08,1.84,2.02,2023,Football-Data.co.uk,https://www.football-data.co.uk/mmz4281/2324/D1.csv,,,,,,,,,,,,,,,,,,,,,,,,,,,,,,,,,,,,,,,,,,,,,,,,,,,,,,,,,2024-03-09,werder bremen,dortmund,market_average_open,3.77,4.08,1.88,market_average_close,3.82,4.27,1.83,market_average_close,3.82,4.27,1.83,closing,0.2617801047120419,0.234192037470726,0.5464480874316939,1.0424202296144618,0.2511272299549108,0.2246618310135268,0.5242109390315625,0.47578906096843765,0.7488727700450892,0.7753381689864733,2.101771734651833,1.3353403141361255,1.2897597977243993,A,0
D1,2024-03-10,14:30,Bochum,Freiburg,1,2,A,0.0,1.0,A,18.0,9.0,6.0,5.0,11.0,11.0,12.0,5.0,3.0,7.0,0.0,0.0,2.2,3.75,3.0,2.3,3.5,2.95,,,,2.27,3.65,3.13,2.25,3.6,3.0,2.2,3.6,3.1,2.38,3.75,3.17,2.27,3.61,3.06,1.8,2.0,1.81,2.08,1.85,2.11,1.78,2.06,-0.25,2.0,1.93,1.98,1.93,2.0,1.95,1.95,1.88,2.45,3.5,2.75,2.45,3.25,2.87,,,,2.57,3.45,2.87,2.38,3.4,2.88,2.5,3.4,2.8,2.58,3.58,3.05,2.49,3.4,2.86,1.97,1.93,1.98,1.93,2.06,1.94,1.98,1.85,0.0,1.87,2.06,1.86,2.07,1.87,2.16,1.81,2.08,2023,Football-Data.co.uk,https://www.football-data.co.uk/mmz4281/2324/D1.csv,,,,,,,,,,,,,,,,,,,,,,,,,,,,,,,,,,,,,,,,,,,,,,,,,,,,,,,,,2024-03-10,bochum,freiburg,market_average_open,2.27,3.61,3.06,market_average_close,2.49,3.4,2.86,market_average_close,2.49,3.4,2.86,closing,0.4016064257028112,0.29411764705882354,0.3496503496503497,1.0453744224119843,0.3841747196915224,0.28135148589173264,0.3344737944167451,0.665526205583255,0.6158252803084777,0.7186485141082675,1.5025704346587196,1.6238372018425136,1.3915008246289169,H,0
D1,2024-03-10,16:30,Ein Frankfurt,Hoffenheim,3,1,H,1.0,1.0,D,17.0,6.0,7.0,2.0,11.0,10.0,5.0,1.0,2.0,3.0,0.0,2.0,2.0,4.0,3.3,2.1,3.75,3.2,,,,2.06,3.9,3.43,1.95,3.9,3.4,2.05,3.8,3.3,2.11,4.0,3.51,2.06,3.87,3.35,1.57,2.38,1.61,2.42,1.66,2.45,1.6,2.36,-0.5,2.08,1.85,2.07,1.85,2.08,1.85,2.05,1.82,2.0,3.8,3.4,2.0,3.6,3.5,,,,2.07,3.8,3.55,2.0,3.75,3.4,2.05,3.75,3.4,2.07,3.95,3.61,2.03,3.77,3.49,1.73,2.1,1.76,2.17,1.82,2.27,1.71,2.18,-0.5,2.07,1.86,2.08,1.85,2.08,1.89,2.03,1.84,2023,Football-Data.co.uk,https://www.football-data.co.uk/mmz4281/2324/D1.csv,,,,,,,,,,,,,,,,,,,,,,,,,,,,,,,,,,,,,,,,,,,,,,,,,,,,,,,,,2024-03-10,eintracht frankfurt,hoffenheim,market_average_open,2.06,3.87,3.35,market_average_close,2.03,3.77,3.49,market_average_close,2.03,3.77,3.49,closing,0.4926108374384237,0.26525198938992045,0.28653295128939826,1.0443957781177424,0.4716706518349101,0.2539765048341824,0.27435284333090754,0.7256471566690925,0.5283293481650899,0.7460234951658176,1.3780802292263608,1.89275875639512,1.3404403567447047,H,0
D1,2024-03-10,18:30,Leverkusen,Wolfsburg,2,0,H,1.0,0.0,H,19.0,2.0,7.0,1.0,6.0,7.0,9.0,2.0,1.0,3.0,0.0,1.0,1.33,5.75,8.5,1.33,5.5,8.5,,,,1.32,5.89,9.05,1.3,5.5,9.0,1.33,5.5,9.0,1.36,6.2,9.5,1.32,5.66,8.97,1.53,2.5,1.57,2.51,1.6,2.55,1.55,2.47,-1.5,1.99,1.94,1.96,1.94,1.99,1.97,1.93,1.92,1.29,5.5,10.0,1.32,5.25,9.5,,,,1.3,5.79,10.97,1.29,5.8,9.5,1.3,5.5,10.0,1.32,5.9,11.02,1.31,5.6,10.23,1.67,2.2,1.69,2.27,1.7,2.36,1.66,2.26,-1.5,1.98,1.95,1.95,1.97,1.98,2.0,1.93,1.94,2023,Football-Data.co.uk,https://www.football-data.co.uk/mmz4281/2324/D1.csv,,,,,,,,,,,,,,,,,,,,,,,,,,,,,,,,,,,,,,,,,,,,,,,,,,,,,,,,,2024-03-10,bayer leverkusen,wolfsburg,market_average_open,1.32,5.66,8.97,market_average_close,1.31,5.6,10.23,market_average_close,1.31,5.6,10.23,closing,0.7633587786259541,0.17857142857142858,0.09775171065493646,1.0396819178523191,0.7342233865169375,0.17175582791735503,0.09402078556570755,0.9059792144342925,0.2657766134830626,0.8282441720826451,1.1037780823971943,3.7625582886875333,1.2073734216390193,H,1
D1,2024-03-15,19:30,FC Koln,RB Leipzig,1,5,A,1.0,1.0,D,9.0,23.0,2.0,7.0,11.0,12.0,3.0,6.0,2.0,2.0,0.0,0.0,6.5,4.75,1.45,6.25,4.5,1.47,,,,6.61,4.86,1.48,6.5,4.6,1.44,7.0,4.6,1.45,7.0,4.91,1.52,6.54,4.72,1.48,1.62,2.3,1.63,2.41,1.66,2.49,1.61,2.38,1.25,1.88,2.05,1.88,2.06,1.9,2.06,1.84,2.02,6.5,4.75,1.45,6.5,4.6,1.46,,,,6.76,4.89,1.47,6.5,4.75,1.44,6.5,4.8,1.45,7.0,4.89,1.51,6.53,4.77,1.47,1.57,2.38,1.6,2.48,1.64,2.51,1.58,2.41,1.25,1.91,2.02,1.9,2.03,1.92,2.09,1.85,2.01,2023,Football-Data.co.uk,https://www.football-data.co.uk/mmz4281/2324/D1.csv,,,,,,,,,,,,,,,,,,,,,,,,,,,,,,,,,,,,,,,,,,,,,,,,,,,,,,,,,2024-03-15,fc cologne,rasenballsport leipzig,market_average_open,6.54,4.72,1.48,market_average_close,6.53,4.77,1.47,market_average_close,6.53,4.77,1.47,closing,0.15313935681470137,0.20964360587002098,0.6802721088435374,1.0430550715282596,0.14681809330577839,0.20098996840392724,0.6521919382902945,0.34780806170970563,0.8531819066942218,0.7990100315960729,2.875148997652158,1.1720829897514429,1.2515487421383646,A,0
D1,2024-03-16,14:30,Darmstadt,Bayern Munich,2,5,A,1.0,2.0,A,7.0,26.0,3.0,6.0,9.0,6.0,2.0,9.0,1.0,0.0,0.0,0.0,17.0,8.0,1.14,15.0,9.0,1.15,,,,17.12,9.56,1.14,17.0,9.0,1.12,18.0,9.0,1.13,19.0,10.0,1.17,16.6,9.19,1.14,1.29,3.75,1.33,3.39,1.29,4.0,1.28,3.75,2.25,2.06,1.87,2.06,1.84,2.07,1.9,2.02,1.84,17.0,9.5,1.13,15.0,9.25,1.15,,,,17.27,10.13,1.14,17.0,9.0,1.12,17.0,9.5,1.13,18.9,10.3,1.16,16.01,9.35,1.14,1.22,4.33,1.33,3.39,1.25,4.5,1.22,4.16,2.5,1.9,2.03,1.88,2.03,1.9,2.06,1.86,2.02,2023,Football-Data.co.uk,https://www.football-data.co.uk/mmz4281/2324/D1.csv,,,,,,,,,,,,,,,,,,,,,,,,,,,,,,,,,,,,,,,,,,,,,,,,,,,,,,,,,2024-03-16,darmstadt,bayern munich,market_average_open,16.6,9.19,1.14,market_average_close,16.01,9.35,1.14,market_average_close,16.01,9.35,1.14,closing,0.062460961898813235,0.10695187165775401,0.8771929824561404,1.0466058160127076,0.05967954787101513,0.10218925790534249,0.8381311942236425,0.16186880577635762,0.940320452128985,0.8978107420946576,6.177842575682107,1.0634672443164395,1.1138204892346548,A,0
D1,2024-03-16,14:30,Heidenheim,M'gladbach,1,1,D,0.0,1.0,A,16.0,6.0,5.0,2.0,16.0,8.0,10.0,4.0,1.0,3.0,0.0,0.0,2.45,3.6,2.7,2.4,3.6,2.75,,,,2.49,3.63,2.8,2.4,3.7,2.7,2.45,3.6,2.75,2.53,3.82,2.86,2.45,3.64,2.78,1.67,2.2,1.71,2.23,1.72,2.3,1.67,2.24,0.0,1.82,2.11,1.84,2.07,1.88,2.11,1.82,2.06,2.55,3.6,2.63,2.65,3.4,2.55,,,,2.64,3.59,2.71,2.6,3.6,2.5,2.55,3.6,2.63,2.67,3.68,2.72,2.62,3.56,2.63,1.67,2.2,1.71,2.24,1.72,2.28,1.68,2.23,0.0,1.94,1.99,1.93,1.99,1.96,1.99,1.93,1.95,2023,Football-Data.co.uk,https://www.football-data.co.uk/mmz4281/2324/D1.csv,,,,,,,,,,,,,,,,,,,,,,,,,,,,,,,,,,,,,,,,,,,,,,,,,,,,,,,,,2024-03-16,fc heidenheim,borussia m gladbach,market_average_open,2.45,3.64,2.78,market_average_close,2.62,3.56,2.63,market_average_close,2.62,3.56,2.63,closing,0.38167938931297707,0.2808988764044944,0.3802281368821293,1.042806402599601,0.3660117432741999,0.2693681930838213,0.3646200636419787,0.6353799363580213,0.6339882567258,0.7306318069161786,1.573861468984951,1.5773162821097808,1.3686784376672019,H,0
D1,2024-03-16,14:30,Mainz,Bochum,2,0,H,1.0,0.0,H,13.0,11.0,4.0,4.0,15.0,15.0,7.0,6.0,4.0,3.0,0.0,0.0,1.8,3.8,4.33,1.8,3.75,4.2,,,,1.79,3.88,4.58,1.73,3.9,4.4,1.75,3.9,4.5,1.82,4.09,4.7,1.78,3.88,4.47,1.8,2.0,1.79,2.09,1.85,2.12,1.8,2.04,-0.75,2.04,1.89,2.02,1.88,2.04,1.95,1.99,1.86,1.8,4.0,4.2,1.82,3.9,4.0,,,,1.83,3.92,4.38,1.75,4.0,4.2,1.83,3.9,4.1,1.85,4.19,4.42,1.8,3.95,4.2,1.67,2.2,1.71,2.23,1.71,2.34,1.66,2.24,-0.75,2.09,1.84,2.08,1.85,2.1,1.86,2.02,1.83,2023,Football-Data.co.uk,https://www.football-data.co.uk/mmz4281/2324/D1.csv,,,,,,,,,,,,,,,,,,,,,,,,,,,,,,,,,,,,,,,,,,,,,,,,,,,,,,,,,2024-03-16,mainz 05,bochum,market_average_open,1.78,3.88,4.47,market_average_close,1.8,3.95,4.2,market_average_close,1.8,3.95,4.2,closing,0.5555555555555556,0.2531645569620253,0.23809523809523808,1.046815350612819,0.5307101727447217,0.24184261036468324,0.22744721689059497,0.7725527831094049,0.46928982725527824,0.7581573896353166,1.294409937888199,2.1308793456032724,1.318987341772152,H,1
D1,2024-03-16,14:30,Union Berlin,Werder Bremen,2,1,H,0.0,0.0,D,11.0,10.0,5.0,2.0,16.0,16.0,4.0,3.0,3.0,5.0,0.0,0.0,2.05,3.4,3.8,2.05,3.5,3.5,,,,2.02,3.64,3.79,2.0,3.6,3.6,2.0,3.6,3.6,2.08,3.7,3.83,2.03,3.56,3.7,2.0,1.9,1.96,1.92,2.01,1.95,1.96,1.88,-0.5,2.06,1.87,2.03,1.88,2.07,1.88,2.03,1.84,2.1,3.4,3.75,2.1,3.4,3.5,,,,2.13,3.45,3.72,2.05,3.4,3.6,2.1,3.5,3.5,2.14,3.5,3.86,2.09,3.41,3.68,2.04,1.86,2.01,1.89,2.13,1.91,1.99,1.85,-0.25,1.82,2.11,1.84,2.1,1.85,2.12,1.8,2.07,2023,Football-Data.co.uk,https://www.football-data.co.uk/mmz4281/2324/D1.csv,,,,,,,,,,,,,,,,,,,,,,,,,,,,,,,,,,,,,,,,,,,,,,,,,,,,,,,,,2024-03-16,union berlin,werder bremen,market_average_open,2.03,3.56,3.7,market_average_close,2.09,3.41,3.68,market_average_close,2.09,3.41,3.68,closing,0.47846889952153115,0.29325513196480935,0.2717391304347826,1.0434631619211232,0.45853933035893724,0.2810402347361228,0.2604204349049399,0.7395795650950601,0.5414606696410627,0.7189597652638771,1.3521195652173914,1.8468562096355137,1.3908984178453627,H,0
D1,2024-03-16,14:30,Wolfsburg,Augsburg,1,3,A,1.0,1.0,D,15.0,14.0,4.0,5.0,12.0,19.0,8.0,6.0,1.0,3.0,1.0,0.0,2.05,3.5,3.5,2.0,3.7,3.5,,,,2.12,3.65,3.46,2.05,3.7,3.3,2.1,3.6,3.4,2.14,3.78,3.54,2.09,3.64,3.44,1.8,2.0,1.81,2.08,1.84,2.16,1.77,2.08,-0.25,1.84,2.09,1.85,2.06,1.88,2.1,1.81,2.05,2.2,3.5,3.1,2.25,3.6,3.0,,,,2.36,3.59,3.07,2.25,3.7,2.9,2.3,3.6,3.0,2.36,3.7,3.3,2.28,3.58,3.03,1.67,2.2,1.72,2.24,1.74,2.28,1.68,2.2,-0.25,2.04,1.89,2.05,1.88,2.05,1.92,1.98,1.87,2023,Football-Data.co.uk,https://www.football-data.co.uk/mmz4281/2324/D1.csv,,,,,,,,,,,,,,,,,,,,,,,,,,,,,,,,,,,,,,,,,,,,,,,,,,,,,,,,,2024-03-16,wolfsburg,augsburg,market_average_open,2.09,3.64,3.44,market_average_close,2.28,3.58,3.03,market_average_close,2.28,3.58,3.03,closing,0.4385964912280702,0.27932960893854747,0.33003300330033003,1.0479591034669478,0.41852443456721533,0.26654628793666224,0.3149292774961224,0.6850707225038776,0.5814755654327846,0.7334537120633378,1.4597033082147806,1.7197627199617809,1.3634125556292018,H,0
D1,2024-03-16,17:30,Hoffenheim,Stuttgart,0,3,A,0.0,2.0,A,8.0,25.0,1.0,12.0,8.0,12.0,5.0,6.0,1.0,0.0,0.0,0.0,3.8,4.0,1.83,3.7,4.0,1.85,,,,3.77,4.23,1.88,3.7,4.2,1.83,3.75,4.1,1.85,3.9,4.33,1.91,3.75,4.15,1.87,1.44,2.75,1.46,2.83,1.48,2.83,1.44,2.7,0.5,2.05,1.88,2.03,1.88,2.05,1.9,2.0,1.87,4.2,4.33,1.73,4.1,4.33,1.72,,,,4.33,4.46,1.74,4.0,4.33,1.73,4.2,4.4,1.7,4.4,4.5,1.77,4.19,4.41,1.73,1.36,3.2,1.42,3.08,1.43,3.2,1.39,3.04,0.75,1.99,1.94,1.99,1.93,2.01,1.96,1.95,1.9,2023,Football-Data.co.uk,https://www.football-data.co.uk/mmz4281/2324/D1.csv,,,,,,,,,,,,,,,,,,,,,,,,,,,,,,,,,,,,,,,,,,,,,,,,,,,,,,,,,2024-03-16,hoffenheim,vfb stuttgart,market_average_open,3.75,4.15,1.87,market_average_close,4.19,4.41,1.73,market_average_close,4.19,4.41,1.73,closing,0.2386634844868735,0.22675736961451246,0.5780346820809249,1.0434555361823108,0.22872415374791266,0.2173138785042526,0.5539619677478348,0.44603803225216526,0.7712758462520874,0.7826861214957475,2.241961285118968,1.2965529840709613,1.2776513758656614,A,0
D1,2024-03-17,14:30,Freiburg,Leverkusen,2,3,A,1.0,2.0,A,9.0,18.0,3.0,7.0,13.0,6.0,2.0,8.0,1.0,0.0,0.0,0.0,6.0,4.33,1.53,5.5,4.2,1.57,,,,5.92,4.39,1.56,5.5,4.33,1.55,5.75,4.2,1.57,6.0,4.5,1.62,5.69,4.35,1.56,1.73,2.1,1.75,2.16,1.77,2.23,1.72,2.15,1.0,1.94,1.99,1.95,1.95,1.96,2.0,1.92,1.94,6.0,4.5,1.5,6.0,4.33,1.53,,,,6.41,4.62,1.52,6.0,4.4,1.5,6.0,4.6,1.5,6.78,4.7,1.54,6.3,4.53,1.5,1.62,2.3,1.67,2.31,1.7,2.37,1.65,2.28,1.0,2.09,1.84,2.09,1.85,2.1,1.88,2.06,1.83,2023,Football-Data.co.uk,https://www.football-data.co.uk/mmz4281/2324/D1.csv,,,,,,,,,,,,,,,,,,,,,,,,,,,,,,,,,,,,,,,,,,,,,,,,,,,,,,,,,2024-03-17,freiburg,bayer leverkusen,market_average_open,5.69,4.35,1.56,market_average_close,6.3,4.53,1.5,market_average_close,6.3,4.53,1.5,closing,0.15873015873015872,0.22075055187637968,0.6666666666666666,1.046147377273205,0.1517282958199357,0.2110128617363344,0.6372588424437299,0.3627411575562701,0.8482717041800643,0.7889871382636655,2.756786703601108,1.1788675669272686,1.2674477840040754,A,0
D1,2024-03-17,16:30,Dortmund,Ein Frankfurt,3,1,H,1.0,1.0,D,16.0,8.0,6.0,6.0,5.0,9.0,8.0,3.0,1.0,2.0,0.0,0.0,1.62,4.2,5.0,1.6,4.4,4.8,,,,1.63,4.47,5.01,1.57,4.6,4.8,1.62,4.4,5.0,1.65,4.7,5.1,1.62,4.43,4.92,1.5,2.63,1.53,2.61,1.55,2.63,1.5,2.58,-1.0,2.08,1.85,2.06,1.86,2.08,1.89,2.03,1.84,1.65,4.33,4.75,1.65,4.4,4.5,,,,1.67,4.43,4.87,1.65,4.33,4.6,1.65,4.4,4.6,1.72,4.51,5.01,1.67,4.36,4.66,1.4,3.0,1.44,2.93,1.47,3.04,1.42,2.91,-0.75,1.78,2.03,1.85,2.09,1.88,2.13,1.82,2.04,2023,Football-Data.co.uk,https://www.football-data.co.uk/mmz4281/2324/D1.csv,,,,,,,,,,,,,,,,,,,,,,,,,,,,,,,,,,,,,,,,,,,,,,,,,,,,,,,,,2024-03-17,dortmund,eintracht frankfurt,market_average_open,1.62,4.43,4.92,market_average_close,1.67,4.36,4.66,market_average_close,1.67,4.36,4.66,closing,0.5988023952095809,0.2293577981651376,0.2145922746781116,1.04275246805283,0.5742517170232612,0.21995421271303808,0.2057940702637009,0.7942059297362992,0.42574828297673895,0.7800457872869621,1.2591192819877721,2.3488057145133237,1.2819760279432437,H,1
D1,2024-03-30,14:30,Ein Frankfurt,Union Berlin,0,0,D,0.0,0.0,D,18.0,10.0,4.0,2.0,8.0,14.0,6.0,2.0,3.0,1.0,0.0,0.0,2.0,3.5,3.8,2.0,3.4,3.75,,,,2.07,3.41,3.88,1.95,3.5,3.8,2.05,3.4,3.75,2.1,3.6,4.04,2.04,3.44,3.81,2.1,1.73,2.16,1.75,2.17,1.81,2.11,1.75,-0.5,2.06,1.84,2.08,1.84,2.1,1.87,2.05,1.83,1.91,3.6,4.2,1.95,3.4,4.0,,,,1.97,3.51,4.22,1.91,3.5,4.0,1.95,3.5,4.0,2.0,3.63,4.39,1.95,3.49,4.11,2.0,1.8,2.13,1.79,2.24,1.81,2.12,1.75,-0.5,1.98,1.95,1.98,1.94,2.0,1.97,1.96,1.91,2023,Football-Data.co.uk,https://www.football-data.co.uk/mmz4281/2324/D1.csv,,,,,,,,,,,,,,,,,,,,,,,,,,,,,,,,,,,,,,,,,,,,,,,,,,,,,,,,,2024-03-30,eintracht frankfurt,union berlin,market_average_open,2.04,3.44,3.81,market_average_close,1.95,3.49,4.11,market_average_close,1.95,3.49,4.11,closing,0.5128205128205129,0.28653295128939826,0.24330900243309,1.042662466543001,0.4918375114439428,0.2748089247322889,0.2333535638237684,0.7666464361762317,0.5081624885560573,0.7251910752677112,1.3043822455989693,1.9678744939271255,1.3789469204800133,H,0
D1,2024-03-30,14:30,Leverkusen,Hoffenheim,2,1,H,0.0,1.0,A,36.0,6.0,12.0,2.0,9.0,8.0,9.0,2.0,0.0,1.0,0.0,0.0,1.2,7.5,12.0,1.22,7.25,10.5,,,,1.21,7.55,11.72,1.2,7.0,12.0,1.2,7.5,12.0,1.25,8.0,13.0,1.22,7.36,11.77,1.3,3.5,1.33,3.33,1.33,3.65,1.31,3.47,-2.0,1.98,1.92,1.93,1.95,2.0,1.95,1.94,1.91,1.18,8.0,12.0,1.21,7.5,11.5,,,,1.2,7.96,12.98,1.18,7.5,13.0,1.18,8.0,13.0,1.22,8.5,14.0,1.2,7.84,12.62,1.25,4.0,1.33,3.33,1.3,4.0,1.27,3.77,-2.0,1.89,2.04,1.87,2.04,1.91,2.06,1.86,2.01,2023,Football-Data.co.uk,https://www.football-data.co.uk/mmz4281/2324/D1.csv,,,,,,,,,,,,,,,,,,,,,,,,,,,,,,,,,,,,,,,,,,,,,,,,,,,,,,,,,2024-03-30,bayer leverkusen,hoffenheim,market_average_open,1.22,7.36,11.77,market_average_close,1.2,7.84,12.62,market_average_close,1.2,7.84,12.62,closing,0.8333333333333334,0.12755102040816327,0.0792393026941363,1.0401236564356329,0.8011867898371403,0.12263063109752148,0.07618257906533824,0.9238174209346618,0.19881321016285972,0.8773693689024785,1.082464973423278,5.0298468556533065,1.1397708142591334,H,1
D1,2024-03-30,14:30,M'gladbach,Freiburg,0,3,A,0.0,1.0,A,18.0,13.0,4.0,8.0,11.0,7.0,14.0,1.0,1.0,0.0,0.0,0.0,2.2,3.6,3.2,2.25,3.6,2.95,,,,2.21,3.72,3.19,2.15,3.75,3.0,2.2,3.6,3.13,2.26,3.86,3.28,2.23,3.68,3.11,1.67,2.2,1.68,2.29,1.71,2.35,1.65,2.28,-0.25,1.95,1.95,1.93,1.97,2.0,2.0,1.92,1.92,2.1,3.6,3.4,2.1,3.6,3.3,,,,2.14,3.62,3.52,2.05,3.75,3.25,2.1,3.8,3.25,2.17,3.8,3.58,2.12,3.66,3.38,1.73,2.1,1.75,2.18,1.77,2.33,1.71,2.17,-0.25,1.86,2.07,1.86,2.07,1.89,2.08,1.83,2.03,2023,Football-Data.co.uk,https://www.football-data.co.uk/mmz4281/2324/D1.csv,,,,,,,,,,,,,,,,,,,,,,,,,,,,,,,,,,,,,,,,,,,,,,,,,,,,,,,,,2024-03-30,borussia m gladbach,freiburg,market_average_open,2.23,3.68,3.11,market_average_close,2.12,3.66,3.38,market_average_close,2.12,3.66,3.38,closing,0.4716981132075471,0.27322404371584696,0.2958579881656805,1.0407801450890746,0.45321590292940983,0.26251850115036857,0.2842655959202216,0.7157344040797784,0.5467840970705902,0.7374814988496314,1.3971663151860119,1.8288754288164664,1.355966219572777,H,0
D1,2024-03-30,14:30,RB Leipzig,Mainz,0,0,D,0.0,0.0,D,23.0,8.0,10.0,2.0,10.0,15.0,12.0,2.0,2.0,5.0,0.0,0.0,1.4,5.25,7.5,1.4,5.0,7.25,,,,1.39,5.34,7.66,1.36,5.0,7.5,1.36,5.25,8.0,1.42,5.6,8.0,1.38,5.3,7.65,1.53,2.5,1.56,2.54,1.57,2.6,1.53,2.52,-1.25,1.84,2.06,1.83,2.07,1.87,2.09,1.82,2.03,1.36,5.5,7.5,1.36,5.5,7.5,,,,1.37,5.69,7.85,1.33,5.5,8.0,1.36,5.5,7.5,1.4,6.0,9.0,1.36,5.52,7.78,1.4,3.0,1.42,3.11,1.45,3.11,1.4,2.96,-1.5,2.0,1.93,2.0,1.93,2.0,1.95,1.95,1.9,2023,Football-Data.co.uk,https://www.football-data.co.uk/mmz4281/2324/D1.csv,,,,,,,,,,,,,,,,,,,,,,,,,,,,,,,,,,,,,,,,,,,,,,,,,,,,,,,,,2024-03-30,rasenballsport leipzig,mainz 05,market_average_open,1.38,5.3,7.65,market_average_close,1.36,5.52,7.78,market_average_close,1.36,5.52,7.78,closing,0.7352941176470588,0.1811594202898551,0.12853470437017994,1.0449882423070938,0.7036386514968804,0.17336024747024595,0.1230011010328737,0.8769988989671264,0.2963613485031197,0.8266397525297542,1.1402522867220661,3.374259177355152,1.2097168046173847,H,1
D1,2024-03-30,14:30,Werder Bremen,Wolfsburg,0,2,A,0.0,1.0,A,6.0,15.0,1.0,5.0,13.0,15.0,3.0,6.0,4.0,4.0,1.0,1.0,2.88,3.5,2.4,2.7,3.5,2.5,,,,2.88,3.61,2.44,2.75,3.6,2.38,2.8,3.6,2.4,2.91,3.72,2.5,2.84,3.56,2.43,1.8,2.0,1.81,2.08,1.82,2.14,1.77,2.08,0.0,2.08,1.73,2.13,1.8,2.13,1.84,2.08,1.78,2.63,3.5,2.6,2.65,3.4,2.55,,,,2.71,3.46,2.71,2.62,3.6,2.5,2.7,3.4,2.63,2.76,3.6,2.71,2.67,3.48,2.63,1.87,2.03,1.88,2.03,1.9,2.06,1.83,2.01,0.0,1.95,1.98,1.96,1.96,2.11,1.99,1.97,1.91,2023,Football-Data.co.uk,https://www.football-data.co.uk/mmz4281/2324/D1.csv,,,,,,,,,,,,,,,,,,,,,,,,,,,,,,,,,,,,,,,,,,,,,,,,,,,,,,,,,2024-03-30,werder bremen,wolfsburg,market_average_open,2.84,3.56,2.43,market_average_close,2.67,3.48,2.63,market_average_close,2.67,3.48,2.63,closing,0.37453183520599254,0.28735632183908044,0.3802281368821293,1.0421162939272022,0.35939543157373927,0.2757430466384723,0.3648615217877885,0.6351384782122116,0.6406045684262609,0.7242569533615277,1.5744597978299173,1.5610253958329499,1.3807254391672088,A,0
D1,2024-03-30,17:30,Bayern Munich,Dortmund,0,2,A,0.0,1.0,A,16.0,11.0,3.0,5.0,7.0,7.0,7.0,4.0,0.0,0.0,0.0,0.0,1.4,5.75,6.0,1.43,5.5,6.0,,,,1.39,5.92,6.7,1.36,5.8,6.5,1.4,5.5,6.5,1.43,6.02,7.0,1.4,5.71,6.47,1.25,4.0,,,1.26,4.3,1.24,4.08,-1.5,1.95,1.95,1.95,1.95,2.05,1.97,1.97,1.89,1.33,6.5,6.5,1.36,5.75,6.75,,,,1.35,6.4,7.45,1.35,5.8,7.0,1.36,6.0,7.0,1.38,6.69,7.6,1.35,6.09,7.04,1.22,4.33,,,1.25,4.75,1.22,4.23,-1.5,1.87,2.06,1.87,2.06,1.91,2.09,1.86,2.0,2023,Football-Data.co.uk,https://www.football-data.co.uk/mmz4281/2324/D1.csv,,,,,,,,,,,,,,,,,,,,,,,,,,,,,,,,,,,,,,,,,,,,,,,,,,,,,,,,,2024-03-30,bayern munich,dortmund,market_average_open,1.4,5.71,6.47,market_average_close,1.35,6.09,7.04,market_average_close,1.35,6.09,7.04,closing,0.7407407407407407,0.16420361247947454,0.14204545454545456,1.0469898077656699,0.7074956558760773,0.15683401238632255,0.13567033173760007,0.8643296682623999,0.2925043441239226,0.8431659876136774,1.1569659549120235,3.418752644495219,1.1860060945178696,H,1
D1,2024-03-31,14:30,Augsburg,FC Koln,1,1,D,1.0,1.0,D,24.0,12.0,6.0,2.0,9.0,13.0,12.0,6.0,0.0,3.0,0.0,0.0,1.75,4.0,4.5,1.78,3.75,4.4,,,,1.81,3.84,4.51,1.75,3.9,4.33,1.75,3.9,4.4,1.85,4.01,4.6,1.79,3.87,4.42,1.73,2.1,1.79,2.1,1.86,2.11,1.78,2.06,-0.75,2.04,1.86,2.05,1.87,2.06,1.91,2.0,1.84,1.65,4.2,4.75,1.66,4.1,4.8,,,,1.67,4.13,5.16,1.67,4.0,4.75,1.67,4.2,4.75,1.71,4.3,5.2,1.67,4.11,4.92,1.62,2.3,1.67,2.31,1.71,2.44,1.64,2.3,-0.75,1.86,2.07,1.86,2.07,1.87,2.09,1.84,2.02,2023,Football-Data.co.uk,https://www.football-data.co.uk/mmz4281/2324/D1.csv,,,,,,,,,,,,,,,,,,,,,,,,,,,,,,,,,,,,,,,,,,,,,,,,,,,,,,,,,2024-03-31,augsburg,fc cologne,market_average_open,1.79,3.87,4.42,market_average_close,1.67,4.11,4.92,market_average_close,1.67,4.11,4.92,closing,0.5988023952095809,0.24330900243309,0.2032520325203252,1.045363430162996,0.5728174316526589,0.2327506352457275,0.19443193310161383,0.8055680668983863,0.42718256834734136,0.7672493647542726,1.2413600303823105,2.340919489923807,1.3033572211822821,H,1
D1,2024-03-31,16:30,Stuttgart,Heidenheim,3,3,D,1.0,0.0,H,20.0,6.0,6.0,3.0,5.0,9.0,6.0,7.0,1.0,0.0,0.0,1.0,1.25,6.0,10.0,1.29,6.0,9.5,,,,1.26,6.51,10.08,1.25,6.5,10.0,1.25,6.5,10.5,1.29,6.9,12.0,1.27,6.35,10.32,1.4,3.0,1.41,2.97,1.44,3.02,1.41,2.91,-1.75,1.93,1.97,1.92,1.97,1.97,2.0,1.91,1.93,1.3,5.75,9.0,1.3,6.0,8.75,,,,1.28,6.38,9.81,1.25,6.0,9.5,1.29,6.0,9.5,1.33,6.8,11.0,1.29,6.14,9.48,1.4,3.0,1.39,3.09,1.42,3.12,1.4,3.01,-1.5,1.78,2.03,1.82,2.08,1.84,2.12,1.81,2.06,2023,Football-Data.co.uk,https://www.football-data.co.uk/mmz4281/2324/D1.csv,,,,,,,,,,,,,,,,,,,,,,,,,,,,,,,,,,,,,,,,,,,,,,,,,,,,,,,,,2024-03-31,vfb stuttgart,fc heidenheim,market_average_open,1.27,6.35,10.32,market_average_close,1.29,6.14,9.48,market_average_close,1.29,6.14,9.48,closing,0.7751937984496123,0.16286644951140067,0.10548523206751054,1.0435454800285235,0.7428462039128604,0.15607029365595929,0.10108350243118036,0.8989164975688196,0.2571537960871396,0.8439297063440407,1.1124503807690342,3.88872346127505,1.1849328119187392,H,1
D1,2024-03-31,18:30,Bochum,Darmstadt,2,2,D,1.0,0.0,H,20.0,13.0,7.0,3.0,7.0,15.0,6.0,5.0,2.0,2.0,0.0,0.0,1.62,4.0,5.25,1.68,3.9,4.75,,,,1.63,4.3,5.25,1.62,4.2,5.0,1.65,4.2,5.0,1.69,4.4,5.4,1.65,4.18,5.06,1.67,2.2,1.67,2.28,1.72,2.31,1.68,2.22,-0.75,1.81,2.09,1.79,2.12,1.86,2.13,1.8,2.05,1.45,4.5,6.0,1.49,4.6,6.0,,,,1.5,4.76,6.53,1.44,4.75,6.5,1.45,4.8,6.5,1.51,4.9,6.8,1.48,4.71,6.4,1.5,2.63,1.53,2.63,1.56,2.7,1.52,2.58,-1.25,2.05,1.88,2.04,1.88,2.07,1.91,2.01,1.85,2023,Football-Data.co.uk,https://www.football-data.co.uk/mmz4281/2324/D1.csv,,,,,,,,,,,,,,,,,,,,,,,,,,,,,,,,,,,,,,,,,,,,,,,,,,,,,,,,,2024-03-31,bochum,darmstadt,market_average_open,1.65,4.18,5.06,market_average_close,1.48,4.71,6.4,market_average_close,1.48,4.71,6.4,closing,0.6756756756756757,0.21231422505307856,0.15625,1.0442399007287542,0.647050237406304,0.2033193951934883,0.1496303674002078,0.8503696325997923,0.3529497625936961,0.7966806048065118,1.175959208400646,2.833264407521833,1.2552081649368982,H,1
D1,2024-04-05,19:30,Ein Frankfurt,Werder Bremen,1,1,D,0.0,0.0,D,19.0,10.0,5.0,7.0,10.0,14.0,9.0,0.0,3.0,2.0,1.0,1.0,1.75,3.8,4.5,1.77,3.8,4.33,,,,1.78,4.02,4.56,1.73,4.0,4.33,1.75,3.9,4.5,1.83,4.11,4.6,1.79,3.9,4.44,1.73,2.1,1.74,2.2,1.79,2.23,1.73,2.15,-0.75,1.99,1.94,1.99,1.93,2.02,1.94,1.98,1.88,1.75,3.8,4.33,1.78,3.8,4.33,,,,1.78,3.96,4.66,1.8,3.75,4.2,1.8,3.8,4.33,1.87,4.0,4.66,1.81,3.86,4.37,1.67,2.2,1.71,2.26,1.78,2.31,1.7,2.19,-0.75,2.01,1.92,2.01,1.92,2.13,1.94,2.01,1.85,2023,Football-Data.co.uk,https://www.football-data.co.uk/mmz4281/2324/D1.csv,,,,,,,,,,,,,,,,,,,,,,,,,,,,,,,,,,,,,,,,,,,,,,,,,,,,,,,,,2024-04-05,eintracht frankfurt,werder bremen,market_average_open,1.79,3.9,4.44,market_average_close,1.81,3.86,4.37,market_average_close,1.81,3.86,4.37,closing,0.5524861878453039,0.2590673575129534,0.22883295194508008,1.0403864973033374,0.5310393678477545,0.24901068803223725,0.21994994412000815,0.7800500558799918,0.46896063215224537,0.7509893119677626,1.281969012708906,2.132375153561623,1.3315768734175095,H,1
D1,2024-04-06,14:30,FC Koln,Bochum,2,1,H,0.0,0.0,D,17.0,8.0,6.0,2.0,16.0,13.0,9.0,4.0,3.0,3.0,0.0,0.0,2.25,3.5,3.1,2.25,3.5,3.0,,,,2.33,3.63,3.05,2.25,3.6,3.0,2.3,3.6,3.0,2.36,3.7,3.11,2.3,3.59,3.05,1.8,2.0,1.81,2.08,1.86,2.1,1.8,2.04,-0.25,2.03,1.9,2.03,1.88,2.04,1.92,1.98,1.87,2.25,3.5,3.1,2.3,3.5,3.0,,,,2.29,3.51,3.27,2.3,3.6,2.9,2.25,3.5,3.13,2.35,3.61,3.27,2.29,3.54,3.11,1.8,2.0,1.8,2.11,1.85,2.13,1.79,2.06,-0.25,1.99,1.94,1.98,1.94,2.02,1.95,1.97,1.89,2023,Football-Data.co.uk,https://www.football-data.co.uk/mmz4281/2324/D1.csv,,,,,,,,,,,,,,,,,,,,,,,,,,,,,,,,,,,,,,,,,,,,,,,,,,,,,,,,,2024-04-06,fc cologne,bochum,market_average_open,2.3,3.59,3.05,market_average_close,2.29,3.54,3.11,market_average_close,2.29,3.54,3.11,closing,0.4366812227074236,0.2824858757062147,0.3215434083601286,1.0407105067737668,0.41959912950350453,0.271435595074301,0.30896527542219465,0.6910347245778055,0.5804008704964956,0.7285644049256992,1.4471052820261094,1.7229471057556554,1.3725622515170537,H,0
D1,2024-04-06,14:30,Freiburg,RB Leipzig,1,4,A,0.0,3.0,A,15.0,15.0,4.0,6.0,7.0,12.0,8.0,4.0,3.0,4.0,0.0,0.0,4.75,4.33,1.65,4.5,4.2,1.68,,,,4.79,4.31,1.68,4.5,4.33,1.65,4.6,4.2,1.67,4.9,4.45,1.72,4.63,4.27,1.69,1.53,2.5,1.56,2.53,1.57,2.57,1.54,2.49,0.75,2.03,1.9,2.05,1.86,2.05,1.91,2.0,1.84,5.25,4.5,1.57,5.0,4.4,1.58,,,,5.57,4.65,1.57,5.0,4.6,1.55,5.25,4.6,1.55,5.57,4.7,1.61,5.33,4.54,1.58,1.44,2.75,1.48,2.79,1.5,2.92,1.45,2.78,1.0,2.01,1.92,2.01,1.91,2.02,1.95,1.95,1.91,2023,Football-Data.co.uk,https://www.football-data.co.uk/mmz4281/2324/D1.csv,,,,,,,,,,,,,,,,,,,,,,,,,,,,,,,,,,,,,,,,,,,,,,,,,,,,,,,,,2024-04-06,freiburg,rasenballsport leipzig,market_average_open,4.63,4.27,1.69,market_average_close,5.33,4.54,1.58,market_average_close,5.33,4.54,1.58,closing,0.18761726078799248,0.22026431718061673,0.6329113924050632,1.0407929703736725,0.18026376630948313,0.21163124987434914,0.6081049838161677,0.39189501618383227,0.8197362336905168,0.7883687501256509,2.551703794903364,1.2199045972360176,1.2684419566866636,A,0
D1,2024-04-06,14:30,Heidenheim,Bayern Munich,3,2,H,0.0,2.0,A,9.0,15.0,4.0,8.0,9.0,8.0,3.0,3.0,2.0,0.0,0.0,0.0,6.5,6.0,1.36,7.25,5.75,1.35,,,,7.05,6.07,1.37,7.5,5.8,1.33,7.5,5.5,1.36,7.55,6.4,1.41,7.21,5.88,1.36,1.33,3.4,1.34,3.37,1.35,3.52,1.33,3.36,1.5,1.93,2.0,1.93,1.97,1.98,2.03,1.92,1.93,6.5,5.75,1.4,7.0,5.5,1.37,,,,7.5,5.8,1.38,7.0,5.5,1.36,7.0,5.75,1.36,7.58,6.0,1.41,7.14,5.66,1.38,1.36,3.2,1.38,3.19,1.4,3.3,1.36,3.18,1.5,1.91,2.02,1.91,2.01,1.93,2.06,1.88,1.98,2023,Football-Data.co.uk,https://www.football-data.co.uk/mmz4281/2324/D1.csv,,,,,,,,,,,,,,,,,,,,,,,,,,,,,,,,,,,,,,,,,,,,,,,,,,,,,,,,,2024-04-06,fc heidenheim,bayern munich,market_average_open,7.21,5.88,1.36,market_average_close,7.14,5.66,1.38,market_average_close,7.14,5.66,1.38,closing,0.1400560224089636,0.17667844522968199,0.7246376811594204,1.0413721487980658,0.1344918073434304,0.16965927640142986,0.6958489162551399,0.3041510837448602,0.8655081926565698,0.8303407235985703,3.2878396739130435,1.1553905653170358,1.204324889264918,A,0
D1,2024-04-06,14:30,Mainz,Darmstadt,4,0,H,1.0,0.0,H,18.0,14.0,9.0,2.0,16.0,9.0,5.0,1.0,2.0,3.0,0.0,0.0,1.4,5.0,7.5,1.44,4.6,6.75,,,,1.41,4.97,7.93,1.4,4.8,7.5,1.4,5.0,7.5,1.46,5.1,8.2,1.42,4.87,7.63,1.67,2.2,1.69,2.25,1.74,2.28,1.7,2.2,-1.25,2.0,1.93,1.95,1.95,2.02,1.97,1.94,1.91,1.4,5.25,6.5,1.42,4.8,7.0,,,,1.42,5.11,7.49,1.4,5.0,7.0,1.4,5.0,7.5,1.46,5.25,7.7,1.42,4.98,7.2,1.57,2.38,1.6,2.45,1.66,2.51,1.59,2.36,-1.25,1.94,1.99,1.93,1.99,1.96,2.01,1.91,1.93,2023,Football-Data.co.uk,https://www.football-data.co.uk/mmz4281/2324/D1.csv,,,,,,,,,,,,,,,,,,,,,,,,,,,,,,,,,,,,,,,,,,,,,,,,,,,,,,,,,2024-04-06,mainz 05,darmstadt,market_average_open,1.42,4.87,7.63,market_average_close,1.42,4.98,7.2,market_average_close,1.42,4.98,7.2,closing,0.7042253521126761,0.2008032128514056,0.1388888888888889,1.0439174538529705,0.6745986950533945,0.19235545119996386,0.13304585374664168,0.8669541462533584,0.3254013049466056,0.8076445488000362,1.1534635416666665,3.0731284257267744,1.2381684510664466,H,1
D1,2024-04-06,14:30,Union Berlin,Leverkusen,0,1,A,0.0,1.0,A,8.0,19.0,1.0,8.0,10.0,14.0,7.0,10.0,3.0,2.0,1.0,0.0,5.75,4.33,1.55,5.75,4.2,1.55,,,,6.19,4.31,1.55,5.8,4.2,1.53,6.0,4.2,1.55,6.5,4.42,1.59,6.02,4.28,1.56,1.84,2.06,1.87,2.02,1.89,2.09,1.82,2.02,1.0,1.95,1.98,1.95,1.95,1.96,1.98,1.92,1.93,5.25,3.8,1.67,5.25,3.75,1.66,,,,5.59,3.88,1.68,5.5,4.0,1.62,5.25,3.9,1.65,5.59,4.1,1.7,5.39,3.9,1.67,2.0,1.8,2.1,1.8,2.13,1.94,2.0,1.84,0.75,2.03,1.9,2.04,1.89,2.06,1.91,2.02,1.84,2023,Football-Data.co.uk,https://www.football-data.co.uk/mmz4281/2324/D1.csv,,,,,,,,,,,,,,,,,,,,,,,,,,,,,,,,,,,,,,,,,,,,,,,,,,,,,,,,,2024-04-06,union berlin,bayer leverkusen,market_average_open,6.02,4.28,1.56,market_average_close,5.39,3.9,1.67,market_average_close,5.39,3.9,1.67,closing,0.1855287569573284,0.25641025641025644,0.5988023952095809,1.0407414085771658,0.1782659510117612,0.24637268614189564,0.5753613628463431,0.42463863715365685,0.8217340489882388,0.7536273138581043,2.3549435037352637,1.2169387422016302,1.3269158131764365,A,0
D1,2024-04-06,17:30,Dortmund,Stuttgart,0,1,A,0.0,0.0,D,14.0,10.0,7.0,2.0,8.0,8.0,8.0,3.0,2.0,4.0,0.0,0.0,2.25,4.0,2.8,2.25,3.9,2.8,,,,2.31,3.95,2.88,2.2,4.0,2.8,2.25,4.1,2.8,2.33,4.16,2.94,2.27,3.99,2.85,1.4,3.0,1.41,3.04,1.43,3.17,1.4,2.96,-0.25,2.04,1.89,2.04,1.87,2.04,1.93,1.99,1.86,1.91,4.2,3.5,1.98,4.0,3.3,,,,1.97,4.25,3.49,2.0,4.0,3.25,1.93,4.2,3.4,2.05,4.27,3.67,1.98,4.13,3.39,1.36,3.2,1.39,3.2,1.39,3.3,1.36,3.19,-0.5,1.98,1.95,1.98,1.94,2.05,1.97,1.99,1.89,2023,Football-Data.co.uk,https://www.football-data.co.uk/mmz4281/2324/D1.csv,,,,,,,,,,,,,,,,,,,,,,,,,,,,,,,,,,,,,,,,,,,,,,,,,,,,,,,,,2024-04-06,dortmund,vfb stuttgart,market_average_open,2.27,3.99,2.85,market_average_close,1.98,4.13,3.39,market_average_close,1.98,4.13,3.39,closing,0.5050505050505051,0.24213075060532688,0.2949852507374631,1.042166506393295,0.48461594375967026,0.2323340359913189,0.28305002024901094,0.7169499797509892,0.5153840562403298,0.7676659640086811,1.3947974450704632,1.9403006125080593,1.3026499113990828,H,0
D1,2024-04-07,14:30,Hoffenheim,Augsburg,3,1,H,2.0,0.0,H,17.0,14.0,6.0,7.0,8.0,14.0,11.0,6.0,3.0,1.0,0.0,0.0,2.2,4.0,2.9,2.15,3.9,2.95,,,,2.29,3.94,2.92,2.15,4.0,2.88,2.25,3.9,2.88,2.31,4.07,3.0,2.25,3.93,2.91,1.44,2.75,1.5,2.69,1.51,2.75,1.48,2.67,-0.25,2.03,1.9,2.02,1.89,2.03,1.94,1.97,1.87,2.2,4.0,2.8,2.3,3.9,2.7,,,,2.31,3.96,2.93,2.2,4.0,2.8,2.3,3.9,2.8,2.34,4.1,3.0,2.27,3.95,2.84,1.4,3.0,1.43,3.06,1.43,3.12,1.39,3.0,-0.25,2.04,1.89,2.03,1.89,2.07,1.92,1.99,1.86,2023,Football-Data.co.uk,https://www.football-data.co.uk/mmz4281/2324/D1.csv,,,,,,,,,,,,,,,,,,,,,,,,,,,,,,,,,,,,,,,,,,,,,,,,,,,,,,,,,2024-04-07,hoffenheim,augsburg,market_average_open,2.25,3.93,2.91,market_average_close,2.27,3.95,2.84,market_average_close,2.27,3.95,2.84,closing,0.44052863436123346,0.2531645569620253,0.35211267605633806,1.0458058673795967,0.4212336611430911,0.24207605336577637,0.33669028549113267,0.6633097145088674,0.5787663388569091,0.7579239466342238,1.5075913681445585,1.7278129926751569,1.319393594094478,H,0
D1,2024-04-07,16:30,Wolfsburg,M'gladbach,1,3,A,1.0,0.0,H,13.0,10.0,4.0,6.0,9.0,12.0,4.0,4.0,2.0,2.0,0.0,0.0,1.85,4.0,3.8,1.9,3.75,3.75,,,,1.9,3.89,3.97,1.91,3.9,3.7,1.9,3.8,3.8,1.94,4.03,4.1,1.9,3.88,3.86,1.62,2.3,1.68,2.29,1.71,2.33,1.65,2.27,-0.5,1.92,2.01,1.91,2.0,1.94,2.01,1.9,1.95,1.91,4.0,3.5,1.95,3.75,3.6,,,,2.0,3.84,3.74,1.91,3.8,3.6,1.95,3.9,3.5,2.02,4.11,3.85,1.96,3.82,3.67,1.67,2.2,1.68,2.3,1.71,2.35,1.65,2.27,-0.5,2.0,1.93,2.01,1.92,2.02,1.93,1.97,1.9,2023,Football-Data.co.uk,https://www.football-data.co.uk/mmz4281/2324/D1.csv,,,,,,,,,,,,,,,,,,,,,,,,,,,,,,,,,,,,,,,,,,,,,,,,,,,,,,,,,2024-04-07,wolfsburg,borussia m gladbach,market_average_open,1.9,3.88,3.86,market_average_close,1.96,3.82,3.67,market_average_close,1.96,3.82,3.67,closing,0.5102040816326531,0.2617801047120419,0.2724795640326976,1.0444637503773926,0.4884842403082948,0.2506358929330518,0.2608798667586534,0.7391201332413466,0.5115157596917052,0.7493641070669481,1.3529600331878224,1.9549739789106564,1.3344647689546467,H,0
D1,2024-04-12,19:30,Augsburg,Union Berlin,2,0,H,0.0,0.0,D,12.0,17.0,4.0,4.0,15.0,14.0,5.0,4.0,1.0,1.0,0.0,0.0,2.1,3.4,3.4,2.1,3.4,3.4,,,,2.15,3.52,3.59,2.1,3.5,3.4,2.1,3.5,3.5,2.17,3.68,3.65,2.13,3.48,3.51,2.0,1.93,1.98,1.93,2.0,1.97,1.94,1.9,-0.25,1.86,2.07,1.86,2.07,1.88,2.1,1.83,2.03,2.1,3.4,3.4,2.1,3.4,3.4,,,,2.19,3.44,3.57,2.1,3.5,3.4,2.1,3.5,3.5,2.19,3.51,3.68,2.13,3.46,3.5,2.0,1.93,2.0,1.91,2.0,1.97,1.93,1.89,-0.25,1.85,2.08,1.89,2.04,1.89,2.11,1.83,2.03,2023,Football-Data.co.uk,https://www.football-data.co.uk/mmz4281/2324/D1.csv,,,,,,,,,,,,,,,,,,,,,,,,,,,,,,,,,,,,,,,,,,,,,,,,,,,,,,,,,2024-04-12,augsburg,union berlin,market_average_open,2.13,3.48,3.51,market_average_close,2.13,3.46,3.5,market_average_close,2.13,3.46,3.5,closing,0.4694835680751174,0.28901734104046245,0.2857142857142857,1.0442151948298655,0.4496042294726525,0.27677948230541904,0.2736162882219285,0.7263837117780716,0.5503957705273476,0.723220517694581,1.376682852031689,1.816874426636447,1.3827041345393691,H,0
D1,2024-04-13,14:30,Bayern Munich,FC Koln,2,0,H,0.0,0.0,D,17.0,11.0,7.0,5.0,3.0,15.0,5.0,5.0,0.0,3.0,0.0,0.0,1.22,7.5,11.0,1.21,7.25,12.0,,,,1.18,8.25,13.01,1.18,7.5,12.0,1.18,8.0,13.0,1.23,8.7,14.0,1.2,7.74,12.41,1.33,3.4,1.32,3.44,1.33,3.6,1.31,3.45,-2.0,1.9,2.0,1.87,2.02,1.96,2.04,1.88,1.97,1.2,7.5,12.0,1.21,7.25,12.0,,,,1.19,8.02,14.6,1.22,7.0,11.0,1.2,7.5,12.0,1.24,8.02,14.6,1.21,7.5,12.56,1.33,3.4,1.32,3.48,1.36,3.5,1.33,3.35,-2.0,1.85,2.05,1.85,2.07,1.97,2.07,1.91,1.95,2023,Football-Data.co.uk,https://www.football-data.co.uk/mmz4281/2324/D1.csv,,,,,,,,,,,,,,,,,,,,,,,,,,,,,,,,,,,,,,,,,,,,,,,,,,,,,,,,,2024-04-13,bayern munich,fc cologne,market_average_open,1.2,7.74,12.41,market_average_close,1.21,7.5,12.56,market_average_close,1.21,7.5,12.56,closing,0.8264462809917356,0.13333333333333333,0.07961783439490445,1.0393974487199733,0.7951205595217797,0.1282794502695138,0.07659999020870649,0.9234000097912936,0.20487944047822026,0.8717205497304862,1.0829542878454372,4.8809192257936935,1.1471566206729606,H,1
D1,2024-04-13,14:30,Bochum,Heidenheim,1,1,D,0.0,0.0,D,24.0,10.0,5.0,3.0,12.0,22.0,6.0,2.0,4.0,1.0,0.0,0.0,2.05,3.75,3.3,2.1,3.7,3.2,,,,2.1,3.71,3.47,2.05,3.7,3.3,2.1,3.75,3.3,2.13,3.93,3.55,2.1,3.72,3.38,1.67,2.2,1.68,2.29,1.72,2.36,1.66,2.25,-0.25,1.83,2.07,1.84,2.08,1.85,2.12,1.82,2.04,2.05,3.75,3.4,2.1,3.6,3.3,,,,2.05,3.69,3.7,2.1,3.6,3.3,2.1,3.6,3.4,2.14,3.81,3.71,2.09,3.66,3.45,1.73,2.1,1.76,2.16,1.79,2.23,1.72,2.15,-0.25,1.73,2.08,1.78,2.16,1.87,2.16,1.8,2.05,2023,Football-Data.co.uk,https://www.football-data.co.uk/mmz4281/2324/D1.csv,,,,,,,,,,,,,,,,,,,,,,,,,,,,,,,,,,,,,,,,,,,,,,,,,,,,,,,,,2024-04-13,bochum,fc heidenheim,market_average_open,2.1,3.72,3.38,market_average_close,2.09,3.66,3.45,market_average_close,2.09,3.66,3.45,closing,0.47846889952153115,0.27322404371584696,0.2898550724637681,1.0415480157011463,0.4593824694672735,0.2623249620728419,0.27829256845988454,0.7217074315401154,0.5406175305327264,0.737675037927158,1.3856030245746693,1.849736539276846,1.355610463395869,H,0
D1,2024-04-13,14:30,Mainz,Hoffenheim,4,1,H,0.0,1.0,A,23.0,5.0,8.0,1.0,12.0,14.0,9.0,3.0,0.0,2.0,0.0,0.0,1.95,4.0,3.4,1.93,3.9,3.6,,,,2.0,3.91,3.58,1.95,3.9,3.4,2.0,3.9,3.4,2.04,4.05,3.72,1.99,3.93,3.52,1.57,2.38,1.6,2.45,1.63,2.49,1.58,2.42,-0.5,2.01,1.89,2.01,1.89,2.03,1.92,1.98,1.87,1.75,4.2,4.2,1.77,4.0,4.1,,,,1.78,4.13,4.4,1.8,4.0,3.9,1.8,4.0,4.2,1.85,4.27,4.4,1.79,4.05,4.18,1.53,2.5,1.57,2.51,1.58,2.55,1.54,2.49,-0.75,1.98,1.92,2.0,1.93,2.07,1.95,1.97,1.87,2023,Football-Data.co.uk,https://www.football-data.co.uk/mmz4281/2324/D1.csv,,,,,,,,,,,,,,,,,,,,,,,,,,,,,,,,,,,,,,,,,,,,,,,,,,,,,,,,,2024-04-13,mainz 05,hoffenheim,market_average_open,1.99,3.93,3.52,market_average_close,1.79,4.05,4.18,market_average_close,1.79,4.05,4.18,closing,0.5586592178770949,0.2469135802469136,0.23923444976076558,1.044807247884774,0.5347007488779465,0.23632452851642574,0.22897472260562782,0.7710252773943722,0.46529925112205356,0.7636754714835743,1.296974339647375,2.1491545442820583,1.309456748764398,H,1
D1,2024-04-13,14:30,M'gladbach,Dortmund,1,2,A,1.0,2.0,A,16.0,12.0,5.0,4.0,13.0,11.0,2.0,4.0,1.0,4.0,0.0,1.0,3.25,4.0,2.0,3.3,4.1,1.95,,,,3.29,4.24,2.02,3.2,4.0,2.0,3.25,4.1,2.0,3.39,4.3,2.1,3.26,4.1,2.03,1.4,3.0,1.42,2.98,1.43,3.25,1.4,2.99,0.5,1.88,2.02,1.88,2.03,1.91,2.07,1.85,2.02,3.3,3.75,2.05,3.2,3.75,2.1,,,,3.51,3.72,2.11,3.2,3.8,2.05,3.13,3.9,2.1,3.54,3.9,2.26,3.29,3.74,2.12,1.53,2.5,1.55,2.6,1.55,2.74,1.5,2.6,0.25,2.07,1.83,2.1,1.84,2.12,1.88,2.03,1.84,2023,Football-Data.co.uk,https://www.football-data.co.uk/mmz4281/2324/D1.csv,,,,,,,,,,,,,,,,,,,,,,,,,,,,,,,,,,,,,,,,,,,,,,,,,,,,,,,,,2024-04-13,borussia m gladbach,dortmund,market_average_open,3.26,4.1,2.03,market_average_close,3.29,3.74,2.12,market_average_close,3.29,3.74,2.12,closing,0.303951367781155,0.267379679144385,0.4716981132075471,1.043029160133087,0.2914121478083813,0.2563491888474798,0.4522386633441389,0.5477613366558611,0.7085878521916187,0.7436508111525202,1.8256126036662281,1.411257611751403,1.3447171508495854,A,0
D1,2024-04-13,14:30,RB Leipzig,Wolfsburg,3,0,H,1.0,0.0,H,15.0,10.0,6.0,3.0,12.0,7.0,6.0,4.0,2.0,4.0,0.0,0.0,1.36,5.0,8.0,1.39,5.25,7.25,,,,1.36,5.66,7.8,1.35,5.5,7.5,1.33,5.5,8.0,1.4,5.8,8.19,1.36,5.47,7.77,1.44,2.75,1.45,2.84,1.48,2.86,1.45,2.74,-1.5,2.0,1.9,2.0,1.9,2.02,1.93,1.98,1.87,1.25,6.0,11.0,1.27,6.25,9.75,,,,1.26,6.42,11.12,1.25,6.5,10.0,1.25,6.5,10.5,1.29,6.75,11.58,1.26,6.35,10.66,1.4,3.0,1.39,3.13,1.42,3.2,1.39,3.05,-1.75,1.9,2.0,1.92,1.99,1.96,2.02,1.9,1.95,2023,Football-Data.co.uk,https://www.football-data.co.uk/mmz4281/2324/D1.csv,,,,,,,,,,,,,,,,,,,,,,,,,,,,,,,,,,,,,,,,,,,,,,,,,,,,,,,,,2024-04-13,rasenballsport leipzig,wolfsburg,market_average_open,1.36,5.47,7.77,market_average_close,1.26,6.35,10.66,market_average_close,1.26,6.35,10.66,closing,0.7936507936507936,0.15748031496062992,0.09380863039399624,1.0449397390054198,0.759518242081783,0.1507075566965428,0.08977420122167416,0.9102257987783258,0.24048175791821697,0.8492924433034571,1.0986284956350019,4.158319569254314,1.1774507213443959,H,1
D1,2024-04-13,17:30,Stuttgart,Ein Frankfurt,3,0,H,3.0,0.0,H,9.0,10.0,6.0,3.0,4.0,15.0,4.0,5.0,1.0,3.0,0.0,0.0,1.53,4.5,5.5,1.55,4.4,5.5,,,,1.51,4.76,6.01,1.5,4.6,5.8,1.5,4.6,6.0,1.55,4.9,6.21,1.52,4.65,5.86,1.57,2.38,1.56,2.52,1.59,2.52,1.56,2.43,-1.0,1.83,2.07,1.81,2.09,1.87,2.09,1.82,2.03,1.45,5.0,6.0,1.46,5.0,6.0,,,,1.48,5.13,6.22,1.44,5.0,6.0,1.45,5.0,6.0,1.5,5.14,6.5,1.46,4.97,6.13,1.44,2.75,1.44,2.92,1.45,2.96,1.43,2.83,-1.25,1.98,1.92,1.99,1.93,2.02,1.93,1.96,1.88,2023,Football-Data.co.uk,https://www.football-data.co.uk/mmz4281/2324/D1.csv,,,,,,,,,,,,,,,,,,,,,,,,,,,,,,,,,,,,,,,,,,,,,,,,,,,,,,,,,2024-04-13,vfb stuttgart,eintracht frankfurt,market_average_open,1.52,4.65,5.86,market_average_close,1.46,4.97,6.13,market_average_close,1.46,4.97,6.13,closing,0.684931506849315,0.2012072434607646,0.1631321370309951,1.0492708873410748,0.6527689990379691,0.19175910233308552,0.15547189862894534,0.8445281013710546,0.34723100096203086,0.8082408976669144,1.1840932212635003,2.879927187461434,1.2372548863669501,H,1
D1,2024-04-14,14:30,Darmstadt,Freiburg,0,1,A,0.0,1.0,A,16.0,9.0,4.0,3.0,6.0,12.0,2.0,2.0,0.0,1.0,0.0,0.0,4.0,3.8,1.83,3.9,3.75,1.85,,,,3.98,3.98,1.88,3.9,3.9,1.83,3.9,4.0,1.83,4.1,4.1,1.92,3.96,3.92,1.86,1.62,2.3,1.65,2.33,1.7,2.36,1.66,2.26,0.5,2.04,1.86,2.02,1.88,2.05,1.88,2.01,1.85,4.5,4.0,1.73,4.4,3.9,1.73,,,,4.57,4.2,1.76,4.33,4.2,1.7,4.4,4.1,1.73,4.8,4.33,1.77,4.49,4.09,1.74,1.67,2.2,1.71,2.24,1.72,2.38,1.65,2.26,0.75,1.95,1.98,1.96,1.96,1.97,1.98,1.92,1.92,2023,Football-Data.co.uk,https://www.football-data.co.uk/mmz4281/2324/D1.csv,,,,,,,,,,,,,,,,,,,,,,,,,,,,,,,,,,,,,,,,,,,,,,,,,,,,,,,,,2024-04-14,darmstadt,freiburg,market_average_open,3.96,3.92,1.86,market_average_close,4.49,4.09,1.74,market_average_close,4.49,4.09,1.74,closing,0.22271714922048996,0.24449877750611249,0.5747126436781609,1.0419285704047634,0.21375471941802102,0.23465982645156835,0.5515854541304106,0.4484145458695894,0.786245280581979,0.7653401735484316,2.2300793076655143,1.2718677296985488,1.3066085311628017,A,0
D1,2024-04-14,16:30,Leverkusen,Werder Bremen,5,0,H,1.0,0.0,H,19.0,7.0,10.0,3.0,10.0,4.0,7.0,0.0,2.0,1.0,0.0,0.0,1.2,7.0,13.0,1.19,7.25,13.5,,,,1.2,7.49,12.7,1.18,7.5,13.0,1.2,7.0,13.0,1.23,7.9,15.0,1.2,7.2,13.63,1.44,2.75,1.43,2.88,1.47,2.95,1.43,2.82,-2.0,2.02,1.88,2.01,1.88,2.02,1.94,1.97,1.87,1.2,7.0,13.0,1.22,7.0,11.5,,,,1.2,7.56,13.47,1.18,7.5,13.0,1.2,7.0,13.0,1.23,7.63,15.0,1.2,7.18,12.81,1.4,3.0,1.39,3.13,1.43,3.3,1.37,3.07,-2.0,2.03,1.9,2.01,1.91,2.05,2.0,1.97,1.89,2023,Football-Data.co.uk,https://www.football-data.co.uk/mmz4281/2324/D1.csv,,,,,,,,,,,,,,,,,,,,,,,,,,,,,,,,,,,,,,,,,,,,,,,,,,,,,,,,,2024-04-14,bayer leverkusen,werder bremen,market_average_open,1.2,7.2,13.63,market_average_close,1.2,7.18,12.81,market_average_close,1.2,7.18,12.81,closing,0.8333333333333334,0.1392757660167131,0.078064012490242,1.0506731118402886,0.7931423426966001,0.13255860880723122,0.07429904849616863,0.9257009515038314,0.20685765730339983,0.8674413911927688,1.0802624739398479,4.834242121060531,1.1528156370598797,H,1
D1,2024-04-19,19:30,Ein Frankfurt,Augsburg,3,1,H,0.0,1.0,A,12.0,6.0,7.0,1.0,2.0,19.0,6.0,5.0,3.0,3.0,0.0,0.0,2.0,3.75,3.5,2.05,3.75,3.3,,,,2.06,3.76,3.6,2.0,3.75,3.4,2.05,3.75,3.4,2.1,3.87,3.61,2.05,3.77,3.48,1.67,2.2,1.69,2.29,1.71,2.35,1.67,2.26,-0.5,2.05,1.85,2.07,1.86,2.07,1.89,2.04,1.83,1.91,4.0,3.6,1.9,3.9,3.6,,,,1.93,3.93,3.93,1.91,3.8,3.6,1.95,3.9,3.6,2.0,4.08,3.93,1.95,3.9,3.68,1.57,2.38,1.58,2.51,1.6,2.58,1.56,2.46,-0.5,1.92,1.98,1.93,1.99,2.0,1.99,1.94,1.93,2023,Football-Data.co.uk,https://www.football-data.co.uk/mmz4281/2324/D1.csv,,,,,,,,,,,,,,,,,,,,,,,,,,,,,,,,,,,,,,,,,,,,,,,,,,,,,,,,,2024-04-19,eintracht frankfurt,augsburg,market_average_open,2.05,3.77,3.48,market_average_close,1.95,3.9,3.68,market_average_close,1.95,3.9,3.68,closing,0.5128205128205129,0.25641025641025644,0.2717391304347826,1.0409698996655519,0.49263721552878187,0.24631860776439093,0.2610441767068273,0.7389558232931728,0.5073627844712182,0.7536813922356091,1.3532608695652173,1.9709762532981532,1.3268206039076376,H,0
D1,2024-04-20,14:30,FC Koln,Darmstadt,0,2,A,0.0,0.0,D,18.0,12.0,4.0,6.0,10.0,13.0,4.0,3.0,0.0,1.0,0.0,0.0,1.5,4.75,5.75,1.5,4.5,6.0,,,,1.49,4.61,6.76,1.5,4.5,6.0,1.5,4.6,6.0,1.55,4.75,6.9,1.5,4.57,6.35,1.62,2.3,1.66,2.31,1.7,2.34,1.65,2.28,-1.0,1.84,2.06,1.8,2.1,1.85,2.12,1.81,2.04,1.44,5.0,6.5,1.44,4.75,6.75,,,,1.43,5.03,7.57,1.4,4.8,7.5,1.4,5.0,7.5,1.48,5.07,7.57,1.44,4.82,7.05,1.57,2.38,1.6,2.45,1.65,2.45,1.6,2.37,-1.25,1.93,2.0,1.93,2.0,2.06,2.0,1.94,1.91,2023,Football-Data.co.uk,https://www.football-data.co.uk/mmz4281/2324/D1.csv,,,,,,,,,,,,,,,,,,,,,,,,,,,,,,,,,,,,,,,,,,,,,,,,,,,,,,,,,2024-04-20,fc cologne,darmstadt,market_average_open,1.5,4.57,6.35,market_average_close,1.44,4.82,7.05,market_average_close,1.44,4.82,7.05,closing,0.6944444444444444,0.20746887966804978,0.14184397163120568,1.0437572957436998,0.6653313440550733,0.19877118992516712,0.13589746601975966,0.8641025339802404,0.3346686559449268,0.801228810074833,1.1572700700156344,2.988030047739399,1.2480829289034205,H,1
D1,2024-04-20,14:30,Heidenheim,RB Leipzig,1,2,A,0.0,1.0,A,9.0,11.0,5.0,4.0,14.0,7.0,2.0,6.0,3.0,1.0,0.0,0.0,5.75,5.25,1.45,6.25,5.0,1.44,,,,6.19,5.19,1.46,6.0,5.0,1.44,6.5,5.0,1.44,6.63,5.4,1.48,6.24,5.1,1.46,1.44,2.75,1.46,2.83,1.47,2.9,1.44,2.8,1.25,1.95,1.95,1.95,1.95,1.97,1.98,1.92,1.93,6.0,5.0,1.44,6.0,4.8,1.47,,,,6.65,5.3,1.44,6.0,5.0,1.44,6.0,5.0,1.45,6.75,5.4,1.5,6.2,5.09,1.46,1.4,3.0,1.42,2.99,1.45,3.0,1.42,2.9,1.25,1.95,1.98,1.97,1.95,1.98,2.03,1.91,1.94,2023,Football-Data.co.uk,https://www.football-data.co.uk/mmz4281/2324/D1.csv,,,,,,,,,,,,,,,,,,,,,,,,,,,,,,,,,,,,,,,,,,,,,,,,,,,,,,,,,2024-04-20,fc heidenheim,rasenballsport leipzig,market_average_open,6.24,5.1,1.46,market_average_close,6.2,5.09,1.46,market_average_close,6.2,5.09,1.46,closing,0.16129032258064516,0.19646365422396858,0.684931506849315,1.0426854836539288,0.15468741543751846,0.18842082037575927,0.6568917641867222,0.34310823581327776,0.8453125845624815,0.8115791796242406,2.914532196027518,1.1829943363703521,1.232165665539865,A,0
D1,2024-04-20,14:30,Hoffenheim,M'gladbach,4,3,H,1.0,1.0,D,27.0,13.0,9.0,7.0,6.0,11.0,6.0,5.0,1.0,3.0,0.0,0.0,2.1,4.0,3.1,2.1,3.9,3.1,,,,2.16,4.04,3.09,2.05,4.0,3.1,2.1,3.9,3.1,2.18,4.2,3.16,2.12,4.02,3.09,1.44,2.75,1.48,2.75,1.48,3.0,1.44,2.8,-0.25,1.9,2.0,1.91,1.99,1.92,2.02,1.86,1.98,2.3,3.8,2.8,2.25,3.75,2.87,,,,2.36,3.82,2.92,2.15,4.0,2.88,2.25,3.9,2.88,2.37,4.07,3.05,2.26,3.87,2.92,1.5,2.63,1.53,2.61,1.53,2.88,1.48,2.69,-0.25,2.09,1.84,2.07,1.86,2.09,1.93,1.97,1.88,2023,Football-Data.co.uk,https://www.football-data.co.uk/mmz4281/2324/D1.csv,,,,,,,,,,,,,,,,,,,,,,,,,,,,,,,,,,,,,,,,,,,,,,,,,,,,,,,,,2024-04-20,hoffenheim,borussia m gladbach,market_average_open,2.12,4.02,3.09,market_average_close,2.26,3.87,2.92,market_average_close,2.26,3.87,2.92,closing,0.4424778761061947,0.25839793281653745,0.3424657534246575,1.0433415623473896,0.42409685578965545,0.24766379692109075,0.32823934728925386,0.6717606527107463,0.5759031442103446,0.7523362030789094,1.488625444144003,1.736403091480183,1.329192980355771,H,0
D1,2024-04-20,14:30,Wolfsburg,Bochum,1,0,H,1.0,0.0,H,10.0,9.0,5.0,1.0,11.0,16.0,5.0,8.0,4.0,3.0,0.0,0.0,1.75,4.0,4.33,1.77,3.9,4.2,,,,1.81,3.88,4.43,1.75,4.0,4.2,1.8,3.9,4.2,1.84,4.2,4.5,1.79,3.98,4.32,1.67,2.2,1.71,2.21,1.73,2.29,1.68,2.22,-0.75,2.03,1.87,2.06,1.85,2.06,1.91,1.99,1.86,1.91,3.6,3.8,1.95,3.5,3.8,,,,1.99,3.61,4.0,1.91,3.75,3.75,2.0,3.6,3.75,2.04,3.75,4.05,1.97,3.59,3.88,1.95,1.95,1.95,1.95,1.98,1.98,1.9,1.93,-0.5,2.0,1.93,2.0,1.93,2.04,1.96,1.97,1.9,2023,Football-Data.co.uk,https://www.football-data.co.uk/mmz4281/2324/D1.csv,,,,,,,,,,,,,,,,,,,,,,,,,,,,,,,,,,,,,,,,,,,,,,,,,,,,,,,,,2024-04-20,wolfsburg,bochum,market_average_open,1.79,3.98,4.32,market_average_close,1.97,3.59,3.88,market_average_close,1.97,3.59,3.88,closing,0.5076142131979695,0.2785515320334262,0.2577319587628866,1.0438977039942823,0.4862681575557425,0.2668379583244604,0.24689388411979715,0.7531061158802028,0.5137318424442575,0.7331620416755397,1.327834124453015,1.946540816395871,1.3639549555984096,H,0
D1,2024-04-20,17:30,Union Berlin,Bayern Munich,1,5,A,0.0,2.0,A,15.0,18.0,4.0,9.0,5.0,4.0,5.0,3.0,0.0,0.0,0.0,0.0,4.75,4.5,1.62,4.8,4.4,1.6,,,,4.94,4.62,1.62,5.0,4.4,1.57,5.0,4.4,1.6,5.39,4.7,1.65,4.94,4.51,1.62,1.62,2.3,1.63,2.38,1.65,2.48,1.6,2.38,1.0,1.88,2.02,1.88,2.04,1.9,2.05,1.85,2.0,4.5,4.33,1.67,4.8,4.1,1.65,,,,4.9,4.15,1.71,4.75,4.0,1.67,4.8,4.1,1.67,4.9,4.42,1.73,4.75,4.12,1.69,1.73,2.1,1.76,2.16,1.78,2.21,1.72,2.15,0.75,2.02,1.91,2.01,1.92,2.04,1.92,1.98,1.87,2023,Football-Data.co.uk,https://www.football-data.co.uk/mmz4281/2324/D1.csv,,,,,,,,,,,,,,,,,,,,,,,,,,,,,,,,,,,,,,,,,,,,,,,,,,,,,,,,,2024-04-20,union berlin,bayern munich,market_average_open,4.94,4.51,1.62,market_average_close,4.75,4.12,1.69,market_average_close,4.75,4.12,1.69,closing,0.21052631578947367,0.24271844660194175,0.591715976331361,1.0449607387227764,0.2014681585518644,0.23227518279644563,0.56625665865169,0.43374334134831005,0.7985318414481356,0.7677248172035543,2.305510897046757,1.2522982154180633,1.3025500512573118,A,0
D1,2024-04-21,14:30,Werder Bremen,Stuttgart,2,1,H,1.0,0.0,H,9.0,14.0,2.0,5.0,11.0,10.0,1.0,7.0,3.0,3.0,0.0,0.0,4.75,4.75,1.57,5.0,4.4,1.6,,,,5.11,4.66,1.6,5.0,4.4,1.57,5.0,4.6,1.57,5.3,4.75,1.65,4.99,4.54,1.6,1.5,2.63,1.48,2.74,1.5,2.79,1.48,2.67,1.0,1.91,1.99,1.93,1.97,1.93,2.0,1.88,1.96,4.0,4.33,1.73,4.6,4.2,1.66,,,,4.39,4.24,1.77,4.6,4.33,1.65,4.4,4.33,1.7,4.8,4.5,1.77,4.49,4.29,1.7,1.53,2.5,1.58,2.5,1.59,2.6,1.54,2.5,0.75,1.93,2.0,1.94,1.98,2.05,2.0,1.98,1.88,2023,Football-Data.co.uk,https://www.football-data.co.uk/mmz4281/2324/D1.csv,,,,,,,,,,,,,,,,,,,,,,,,,,,,,,,,,,,,,,,,,,,,,,,,,,,,,,,,,2024-04-21,werder bremen,vfb stuttgart,market_average_open,4.99,4.54,1.6,market_average_close,4.49,4.29,1.7,market_average_close,4.49,4.29,1.7,closing,0.22271714922048996,0.2331002331002331,0.5882352941176471,1.0440526764383702,0.2133198393593092,0.22326482021522107,0.5634153404254697,0.4365846595745303,0.7866801606406908,0.7767351797847789,2.2905064987270536,1.2711646359374011,1.2874400774239223,A,0
D1,2024-04-21,16:30,Dortmund,Leverkusen,1,1,D,0.0,0.0,D,9.0,13.0,2.0,5.0,14.0,11.0,2.0,6.0,4.0,3.0,0.0,0.0,2.55,3.8,2.55,2.4,3.8,2.6,,,,2.56,3.84,2.5,2.5,3.8,2.5,2.55,3.9,2.5,2.66,4.03,2.6,2.55,3.84,2.55,1.5,2.63,1.52,2.54,1.52,2.7,1.48,2.58,0.0,1.95,1.95,1.95,1.9,2.0,1.97,1.93,1.92,2.63,3.5,2.6,2.6,3.5,2.55,,,,2.75,3.48,2.66,2.62,3.6,2.5,2.63,3.6,2.55,2.78,3.68,2.67,2.67,3.54,2.59,1.73,2.1,1.78,2.15,1.78,2.41,1.7,2.2,0.0,2.0,1.93,1.99,1.93,2.02,1.96,1.98,1.89,2023,Football-Data.co.uk,https://www.football-data.co.uk/mmz4281/2324/D1.csv,,,,,,,,,,,,,,,,,,,,,,,,,,,,,,,,,,,,,,,,,,,,,,,,,,,,,,,,,2024-04-21,dortmund,bayer leverkusen,market_average_open,2.55,3.84,2.55,market_average_close,2.67,3.54,2.59,market_average_close,2.67,3.54,2.59,closing,0.37453183520599254,0.2824858757062147,0.3861003861003861,1.0431180970125933,0.3590502707973543,0.2708091025505469,0.37014062665209885,0.6298593733479012,0.6409497292026458,0.7291908974494532,1.5876559789603266,1.5601847608922776,1.3713829992911,A,0
D1,2024-04-21,18:30,Freiburg,Mainz,1,1,D,1.0,1.0,D,7.0,17.0,3.0,4.0,17.0,15.0,2.0,4.0,3.0,4.0,0.0,0.0,2.6,3.5,2.6,2.45,3.5,2.7,,,,2.58,3.59,2.72,2.6,3.7,2.5,2.6,3.5,2.63,2.63,3.75,2.76,2.58,3.56,2.67,1.73,2.1,1.78,2.11,1.81,2.2,1.75,2.11,0.0,1.92,1.98,1.9,2.01,1.95,2.01,1.9,1.95,2.9,3.5,2.38,2.87,3.5,2.35,,,,3.02,3.5,2.44,2.9,3.5,2.38,2.88,3.6,2.38,3.02,3.6,2.44,2.91,3.52,2.39,1.87,2.03,1.88,2.03,1.88,2.12,1.82,2.01,0.25,1.82,2.11,1.83,2.11,1.85,2.14,1.8,2.06,2023,Football-Data.co.uk,https://www.football-data.co.uk/mmz4281/2324/D1.csv,,,,,,,,,,,,,,,,,,,,,,,,,,,,,,,,,,,,,,,,,,,,,,,,,,,,,,,,,2024-04-21,freiburg,mainz 05,market_average_open,2.58,3.56,2.67,market_average_close,2.91,3.52,2.39,market_average_close,2.91,3.52,2.39,closing,0.3436426116838488,0.2840909090909091,0.41841004184100417,1.046143562615762,0.3284851371876818,0.27156015602731653,0.3999547067850017,0.6000452932149983,0.6715148628123182,0.7284398439726836,1.6665408616774142,1.48917031532553,1.3727969554030874,A,0
D1,2024-04-26,19:30,Bochum,Hoffenheim,3,2,H,2.0,0.0,H,35.0,12.0,13.0,4.0,13.0,10.0,10.0,4.0,1.0,1.0,0.0,0.0,2.15,4.0,2.9,2.15,3.9,2.95,,,,2.21,4.0,3.06,2.2,3.9,2.88,2.2,3.8,3.0,2.29,4.11,3.09,2.21,3.92,2.99,1.44,2.75,1.46,2.87,1.49,2.93,1.44,2.8,-0.25,1.95,1.98,1.95,1.97,1.99,1.98,1.93,1.93,2.05,4.0,3.1,2.1,3.9,3.1,,,,2.15,3.97,3.22,2.15,4.0,2.9,2.1,3.9,3.1,2.25,4.11,3.24,2.15,3.94,3.06,1.44,2.75,1.51,2.68,1.51,2.98,1.44,2.82,-0.25,1.88,2.05,1.89,2.03,1.93,2.06,1.88,1.97,2023,Football-Data.co.uk,https://www.football-data.co.uk/mmz4281/2324/D1.csv,,,,,,,,,,,,,,,,,,,,,,,,,,,,,,,,,,,,,,,,,,,,,,,,,,,,,,,,,2024-04-26,bochum,hoffenheim,market_average_open,2.21,3.92,2.99,market_average_close,2.15,3.94,3.06,market_average_close,2.15,3.94,3.06,closing,0.46511627906976744,0.25380710659898476,0.32679738562091504,1.0457207712896672,0.44478056842664465,0.24271020865920961,0.31250922291414573,0.6874907770858543,0.5552194315733554,0.7572897913407903,1.454564967749552,1.8010897009966775,1.3204984557225952,H,0
D1,2024-04-27,14:30,Augsburg,Werder Bremen,0,3,A,0.0,0.0,D,14.0,16.0,1.0,8.0,18.0,8.0,6.0,4.0,1.0,2.0,0.0,0.0,1.8,4.0,4.0,1.83,3.9,3.9,,,,1.8,4.19,4.13,1.8,4.0,4.0,1.8,4.1,4.0,1.86,4.3,4.22,1.81,4.09,4.05,1.57,2.38,1.56,2.53,1.58,2.57,1.55,2.45,-0.75,2.07,1.86,2.03,1.88,2.11,1.89,2.02,1.84,1.65,4.33,4.5,1.7,4.2,4.33,,,,1.69,4.36,4.78,1.67,4.4,4.2,1.67,4.33,4.5,1.82,4.45,4.78,1.7,4.31,4.44,1.44,2.75,1.46,2.86,1.55,2.9,1.45,2.76,-0.75,1.85,2.08,1.86,2.07,2.0,2.08,1.86,2.0,2023,Football-Data.co.uk,https://www.football-data.co.uk/mmz4281/2324/D1.csv,,,,,,,,,,,,,,,,,,,,,,,,,,,,,,,,,,,,,,,,,,,,,,,,,,,,,,,,,2024-04-27,augsburg,werder bremen,market_average_open,1.81,4.09,4.05,market_average_close,1.7,4.31,4.44,market_average_close,1.7,4.31,4.44,closing,0.5882352941176471,0.2320185614849188,0.2252252252252252,1.0454790808277912,0.5626466420082677,0.22192558965523324,0.2154277683364989,0.784572231663501,0.43735335799173214,0.7780744103447667,1.2745799043635984,2.2864806722689077,1.2852241208612651,H,1
D1,2024-04-27,14:30,Bayern Munich,Ein Frankfurt,2,1,H,1.0,1.0,D,19.0,10.0,9.0,3.0,11.0,7.0,4.0,2.0,0.0,3.0,0.0,0.0,1.4,5.25,7.0,1.41,5.25,6.5,,,,1.42,5.46,6.65,1.36,5.5,7.0,1.4,5.25,7.0,1.44,5.7,7.14,1.41,5.4,6.67,1.36,3.2,1.37,3.22,1.39,3.3,1.36,3.17,-1.25,1.86,2.07,1.85,2.06,1.88,2.09,1.82,2.03,1.44,5.0,6.0,1.44,5.25,6.0,,,,1.44,5.38,6.64,1.44,5.0,6.0,1.44,5.25,6.0,1.48,5.5,7.0,1.44,5.19,6.25,1.36,3.2,1.4,3.1,1.41,3.3,1.37,3.11,-1.25,1.95,1.98,1.96,1.99,1.98,2.0,1.9,1.96,2023,Football-Data.co.uk,https://www.football-data.co.uk/mmz4281/2324/D1.csv,,,,,,,,,,,,,,,,,,,,,,,,,,,,,,,,,,,,,,,,,,,,,,,,,,,,,,,,,2024-04-27,bayern munich,eintracht frankfurt,market_average_open,1.41,5.4,6.67,market_average_close,1.44,5.19,6.25,market_average_close,1.44,5.19,6.25,closing,0.6944444444444444,0.19267822736030826,0.16,1.0471226718047526,0.6631930175358968,0.18400731122383263,0.15279967124027063,0.8472003287597294,0.33680698246410323,0.8159926887761674,1.180358371040724,2.969059586247086,1.22550117636447,H,1
D1,2024-04-27,14:30,Freiburg,Wolfsburg,1,2,A,1.0,0.0,H,16.0,13.0,3.0,5.0,12.0,7.0,3.0,6.0,4.0,2.0,1.0,0.0,2.3,3.6,2.88,2.25,3.5,3.0,,,,2.37,3.58,3.01,2.3,3.6,2.9,2.3,3.6,3.0,2.4,3.7,3.1,2.33,3.56,3.0,1.84,2.06,1.88,2.01,1.89,2.11,1.83,2.02,-0.25,2.07,1.86,2.06,1.85,2.07,1.91,2.01,1.85,2.25,3.5,3.1,2.25,3.3,3.1,,,,2.35,3.45,3.2,2.25,3.5,3.0,2.25,3.5,3.1,2.35,3.65,3.27,2.29,3.46,3.15,2.06,1.84,2.07,1.85,2.09,2.0,1.99,1.86,-0.25,2.03,1.9,2.03,1.89,2.04,1.95,1.98,1.88,2023,Football-Data.co.uk,https://www.football-data.co.uk/mmz4281/2324/D1.csv,,,,,,,,,,,,,,,,,,,,,,,,,,,,,,,,,,,,,,,,,,,,,,,,,,,,,,,,,2024-04-27,freiburg,wolfsburg,market_average_open,2.33,3.56,3.0,market_average_close,2.29,3.46,3.15,market_average_close,2.29,3.46,3.15,closing,0.4366812227074236,0.28901734104046245,0.31746031746031744,1.0431588812082035,0.41861429795013805,0.2770597521115076,0.3043259499383543,0.6956740500616456,0.5813857020498618,0.7229402478884923,1.4374547964113182,1.72002853952923,1.3832401819109148,H,0
D1,2024-04-27,14:30,RB Leipzig,Dortmund,4,1,H,2.0,1.0,H,21.0,12.0,7.0,5.0,11.0,7.0,5.0,8.0,1.0,2.0,0.0,0.0,1.67,4.33,4.5,1.68,4.33,4.33,,,,1.68,4.45,4.61,1.65,4.33,4.4,1.67,4.33,4.5,1.74,4.6,4.75,1.68,4.41,4.51,1.4,3.0,1.42,2.96,1.43,3.1,1.4,2.98,-0.75,1.86,2.07,1.85,2.06,1.9,2.07,1.83,2.03,1.53,4.5,5.25,1.55,4.75,5.0,,,,1.57,4.87,5.33,1.55,4.8,4.8,1.55,4.75,5.25,1.68,4.9,5.5,1.57,4.72,5.07,1.36,3.2,1.4,3.1,1.4,3.33,1.36,3.15,-1.0,1.89,2.04,1.89,2.02,2.05,2.05,1.89,1.98,2023,Football-Data.co.uk,https://www.football-data.co.uk/mmz4281/2324/D1.csv,,,,,,,,,,,,,,,,,,,,,,,,,,,,,,,,,,,,,,,,,,,,,,,,,,,,,,,,,2024-04-27,rasenballsport leipzig,dortmund,market_average_open,1.68,4.41,4.51,market_average_close,1.57,4.72,5.07,market_average_close,1.57,4.72,5.07,closing,0.6369426751592356,0.21186440677966104,0.1972386587771203,1.0460457407160169,0.6089051848949256,0.20253837717903247,0.18855643792604204,0.8114435620739581,0.3910948151050745,0.7974616228209677,1.2323715988874357,2.556924718450518,1.253978839085154,H,1
D1,2024-04-27,17:30,Leverkusen,Stuttgart,2,2,D,0.0,0.0,D,14.0,11.0,6.0,4.0,10.0,19.0,5.0,2.0,4.0,3.0,0.0,0.0,1.75,4.2,4.33,1.73,4.1,4.2,,,,1.76,4.31,4.25,1.73,4.2,4.2,1.75,4.2,4.2,1.81,4.4,4.75,1.75,4.22,4.27,1.57,2.38,1.57,2.53,1.6,2.55,1.55,2.46,-0.75,2.0,1.93,1.98,1.93,2.02,1.98,1.94,1.91,1.8,4.0,4.2,1.8,4.0,3.9,,,,1.85,4.03,4.13,1.8,4.0,3.9,1.83,4.0,4.0,1.88,4.35,4.75,1.83,4.01,4.03,1.57,2.38,1.6,2.47,1.62,2.5,1.58,2.42,-0.75,2.05,1.75,2.09,1.83,2.11,1.98,2.02,1.84,2023,Football-Data.co.uk,https://www.football-data.co.uk/mmz4281/2324/D1.csv,,,,,,,,,,,,,,,,,,,,,,,,,,,,,,,,,,,,,,,,,,,,,,,,,,,,,,,,,2024-04-27,bayer leverkusen,vfb stuttgart,market_average_open,1.75,4.22,4.27,market_average_close,1.83,4.01,4.03,market_average_close,1.83,4.01,4.03,closing,0.5464480874316939,0.24937655860349128,0.24813895781637715,1.0439636038515623,0.5234359564027402,0.23887476314638773,0.23768928045087212,0.7623107195491279,0.47656404359725985,0.7611252368536123,1.3118010469424521,2.098353859119702,1.3138442290178989,H,1
D1,2024-04-28,14:30,M'gladbach,Union Berlin,0,0,D,0.0,0.0,D,13.0,14.0,4.0,7.0,3.0,13.0,3.0,4.0,2.0,2.0,0.0,0.0,2.3,3.5,3.0,2.25,3.4,3.1,,,,2.38,3.45,3.1,2.25,3.5,3.0,2.3,3.5,3.0,2.42,3.61,3.12,2.33,3.46,3.07,1.97,1.93,1.97,1.92,1.99,1.95,1.93,1.89,-0.25,2.06,1.87,2.06,1.85,2.06,1.9,2.01,1.84,2.5,3.5,2.7,2.45,3.3,2.85,,,,2.59,3.44,2.85,2.5,3.3,2.8,2.5,3.4,2.8,2.59,3.58,2.97,2.52,3.4,2.84,1.95,1.95,1.95,1.95,1.96,1.99,1.91,1.92,0.0,1.84,2.06,1.87,2.06,1.89,2.08,1.83,2.05,2023,Football-Data.co.uk,https://www.football-data.co.uk/mmz4281/2324/D1.csv,,,,,,,,,,,,,,,,,,,,,,,,,,,,,,,,,,,,,,,,,,,,,,,,,,,,,,,,,2024-04-28,borussia m gladbach,union berlin,market_average_open,2.33,3.46,3.07,market_average_close,2.52,3.4,2.84,market_average_close,2.52,3.4,2.84,closing,0.3968253968253968,0.29411764705882354,0.35211267605633806,1.0430557199405583,0.38044506083338586,0.28197692744121544,0.33757801172539875,0.6624219882746013,0.6195549391666142,0.7180230725587846,1.5096117244004568,1.6140618640618638,1.3927129060579455,H,0
D1,2024-04-28,16:30,Mainz,FC Koln,1,1,D,1.0,0.0,H,16.0,16.0,4.0,6.0,17.0,13.0,6.0,6.0,4.0,4.0,1.0,0.0,1.55,4.33,6.0,1.55,4.2,5.75,,,,1.54,4.37,6.2,1.53,4.33,5.8,1.53,4.4,6.0,1.58,4.52,6.5,1.54,4.34,6.02,1.73,2.1,1.76,2.14,1.79,2.18,1.73,2.13,-1.0,1.94,1.99,1.94,1.96,1.97,1.99,1.9,1.95,1.55,4.2,5.75,1.55,4.2,5.75,,,,1.58,4.34,5.99,1.53,4.33,5.5,1.55,4.33,5.75,1.6,4.4,6.0,1.57,4.3,5.72,1.67,2.2,1.71,2.23,1.75,2.28,1.69,2.2,-1.0,1.95,1.98,1.96,1.96,2.0,2.0,1.94,1.92,2023,Football-Data.co.uk,https://www.football-data.co.uk/mmz4281/2324/D1.csv,,,,,,,,,,,,,,,,,,,,,,,,,,,,,,,,,,,,,,,,,,,,,,,,,,,,,,,,,2024-04-28,mainz 05,fc cologne,market_average_open,1.54,4.34,6.02,market_average_close,1.57,4.3,5.72,market_average_close,1.57,4.3,5.72,closing,0.6369426751592356,0.23255813953488372,0.17482517482517484,1.0443259895192942,0.609907903807337,0.2226873044133765,0.16740479177928655,0.8325952082207134,0.39009209619266305,0.7773126955866235,1.201063842460776,2.5634972094028505,1.28648355504514,H,1
D1,2024-04-28,18:30,Darmstadt,Heidenheim,0,1,A,0.0,0.0,D,12.0,19.0,4.0,6.0,14.0,12.0,3.0,8.0,2.0,1.0,0.0,0.0,3.3,3.75,2.1,3.25,3.7,2.1,,,,3.42,3.71,2.12,3.2,3.7,2.1,3.25,3.75,2.1,3.5,3.86,2.16,3.33,3.71,2.11,1.67,2.2,1.7,2.25,1.74,2.29,1.67,2.23,0.25,2.07,1.86,2.06,1.85,2.07,1.86,2.01,1.82,3.1,3.75,2.2,3.1,3.7,2.15,,,,3.28,3.76,2.19,3.2,3.75,2.1,3.13,3.75,2.15,3.28,3.8,2.26,3.17,3.69,2.18,1.67,2.2,1.65,2.36,1.71,2.36,1.66,2.25,0.25,2.0,1.9,2.01,1.92,2.01,1.95,1.95,1.89,2023,Football-Data.co.uk,https://www.football-data.co.uk/mmz4281/2324/D1.csv,,,,,,,,,,,,,,,,,,,,,,,,,,,,,,,,,,,,,,,,,,,,,,,,,,,,,,,,,2024-04-28,darmstadt,fc heidenheim,market_average_open,3.33,3.71,2.11,market_average_close,3.17,3.69,2.18,market_average_close,3.17,3.69,2.18,closing,0.31545741324921134,0.2710027100271003,0.4587155963302752,1.0451757196065867,0.3018223704698692,0.25928913669091747,0.43888849283921344,0.5611115071607866,0.698177629530131,0.7407108633090826,1.7821769599058495,1.4323002595671728,1.350054453815566,A,0
D1,2024-05-03,19:30,Hoffenheim,RB Leipzig,1,1,D,0.0,1.0,A,18.0,8.0,8.0,5.0,6.0,8.0,4.0,4.0,1.0,3.0,0.0,1.0,5.25,5.0,1.5,5.25,5.0,1.5,,,,5.44,5.24,1.52,5.5,5.0,1.44,5.25,5.25,1.5,5.6,5.5,1.55,5.4,5.19,1.51,1.25,4.0,,,1.29,4.1,1.26,3.85,1.25,1.91,2.02,1.91,2.02,1.95,2.02,1.88,1.97,5.5,5.25,1.5,5.0,5.0,1.52,,,,5.22,5.35,1.53,5.0,5.0,1.53,5.25,5.25,1.5,5.71,5.4,1.55,5.26,5.14,1.52,1.25,4.0,,,1.28,4.2,1.25,3.93,1.25,1.92,2.01,1.9,2.02,1.94,2.03,1.86,1.99,2023,Football-Data.co.uk,https://www.football-data.co.uk/mmz4281/2324/D1.csv,,,,,,,,,,,,,,,,,,,,,,,,,,,,,,,,,,,,,,,,,,,,,,,,,,,,,,,,,2024-05-03,hoffenheim,rasenballsport leipzig,market_average_open,5.4,5.19,1.51,market_average_close,5.26,5.14,1.52,market_average_close,5.26,5.14,1.52,closing,0.19011406844106465,0.19455252918287938,0.6578947368421053,1.0425613344660494,0.18235288625818077,0.18661015208522,0.6310369616565992,0.3689630383434008,0.8176471137418192,0.81338984791478,2.7102985829959514,1.2230215005880405,1.229422770106631,A,0
D1,2024-05-04,14:30,Dortmund,Augsburg,5,1,H,4.0,1.0,H,21.0,20.0,10.0,4.0,4.0,11.0,6.0,9.0,0.0,1.0,0.0,0.0,1.85,4.33,3.6,1.8,4.33,3.7,,,,1.86,4.37,3.7,1.8,4.33,3.7,1.87,4.2,3.6,1.89,4.5,3.85,1.85,4.32,3.69,1.33,3.4,1.35,3.32,1.35,3.5,1.32,3.33,-0.5,1.89,2.04,1.87,2.04,1.89,2.06,1.84,2.01,1.95,4.0,3.4,2.0,4.0,3.25,,,,2.01,4.19,3.43,2.0,4.0,3.2,2.0,4.1,3.25,2.08,4.2,3.61,2.02,4.07,3.29,1.36,3.2,1.39,3.15,1.4,3.3,1.37,3.15,-0.5,2.01,1.92,2.02,1.91,2.06,1.92,2.02,1.85,2023,Football-Data.co.uk,https://www.football-data.co.uk/mmz4281/2324/D1.csv,,,,,,,,,,,,,,,,,,,,,,,,,,,,,,,,,,,,,,,,,,,,,,,,,,,,,,,,,2024-05-04,dortmund,augsburg,market_average_open,1.85,4.32,3.69,market_average_close,2.02,4.07,3.29,market_average_close,2.02,4.07,3.29,closing,0.49504950495049505,0.24570024570024568,0.303951367781155,1.0447011184318957,0.4738671149252411,0.23518711846412454,0.2909457666106343,0.7090542333893657,0.5261328850747589,0.7648128815358755,1.4103293555132985,1.9006605144210076,1.307509358356816,H,0
D1,2024-05-04,14:30,Stuttgart,Bayern Munich,3,1,H,1.0,1.0,D,24.0,10.0,11.0,3.0,10.0,8.0,3.0,1.0,1.0,2.0,0.0,0.0,2.1,4.0,3.1,2.15,3.8,3.0,,,,2.13,4.14,3.09,2.1,4.0,3.0,2.1,4.0,3.1,2.18,4.21,3.15,2.13,4.04,3.07,1.44,2.75,1.44,2.91,1.44,3.07,1.41,2.9,-0.25,1.89,2.04,1.89,2.01,1.92,2.06,1.86,1.99,2.5,3.8,2.5,2.5,3.8,2.5,,,,2.64,3.87,2.56,2.45,3.9,2.5,2.55,3.9,2.5,2.69,4.0,2.7,2.56,3.85,2.54,1.44,2.75,1.48,2.78,1.48,2.9,1.44,2.8,0.0,1.99,1.94,1.99,1.93,1.99,1.98,1.94,1.92,2023,Football-Data.co.uk,https://www.football-data.co.uk/mmz4281/2324/D1.csv,,,,,,,,,,,,,,,,,,,,,,,,,,,,,,,,,,,,,,,,,,,,,,,,,,,,,,,,,2024-05-04,vfb stuttgart,bayern munich,market_average_open,2.13,4.04,3.07,market_average_close,2.56,3.85,2.54,market_average_close,2.56,3.85,2.54,closing,0.390625,0.2597402597402597,0.39370078740157477,1.0440660471418344,0.37413820808496645,0.24877761368766596,0.37708417822736773,0.6229158217726324,0.6258617919150337,0.7512223863123342,1.6053533479921873,1.5977968505477307,1.3311637382225616,A,0
D1,2024-05-04,14:30,Werder Bremen,M'gladbach,2,2,D,1.0,1.0,D,17.0,17.0,6.0,7.0,6.0,7.0,7.0,2.0,0.0,0.0,0.0,0.0,2.25,3.75,3.0,2.25,3.8,2.85,,,,2.31,3.83,2.94,2.3,3.8,2.75,2.3,3.75,2.88,2.35,3.96,3.02,2.3,3.75,2.91,1.57,2.38,1.6,2.45,1.6,2.5,1.56,2.44,-0.25,2.05,1.88,2.03,1.88,2.05,1.91,2.0,1.85,2.05,3.75,3.4,2.1,3.7,3.2,,,,2.11,3.9,3.36,2.05,3.75,3.25,2.15,3.8,3.13,2.16,3.9,3.4,2.13,3.74,3.22,1.57,2.38,1.6,2.49,1.6,2.51,1.57,2.41,-0.25,1.75,2.05,1.85,2.08,1.91,2.08,1.85,1.98,2023,Football-Data.co.uk,https://www.football-data.co.uk/mmz4281/2324/D1.csv,,,,,,,,,,,,,,,,,,,,,,,,,,,,,,,,,,,,,,,,,,,,,,,,,,,,,,,,,2024-05-04,werder bremen,borussia m gladbach,market_average_open,2.3,3.75,2.91,market_average_close,2.13,3.74,3.22,market_average_close,2.13,3.74,3.22,closing,0.4694835680751174,0.267379679144385,0.3105590062111801,1.0474222534306825,0.4482276049963525,0.25527401033214725,0.29649838467150025,0.7035016153284998,0.5517723950036475,0.7447259896678528,1.4214608441702732,1.812341481841239,1.3427757509120894,H,0
D1,2024-05-04,14:30,Wolfsburg,Darmstadt,3,0,H,2.0,0.0,H,18.0,6.0,6.0,1.0,11.0,13.0,9.0,2.0,0.0,3.0,0.0,0.0,1.4,5.0,8.0,1.4,5.0,7.25,,,,1.4,5.13,7.8,1.36,5.0,7.5,1.36,5.25,7.5,1.43,5.5,8.5,1.39,5.15,7.64,1.57,2.38,1.57,2.5,1.59,2.55,1.55,2.46,-1.25,1.85,2.08,1.85,2.06,1.89,2.08,1.83,2.02,1.29,6.0,9.0,1.29,5.75,9.5,,,,1.3,6.02,9.98,1.29,5.8,9.0,1.29,6.0,9.5,1.34,6.08,10.0,1.3,5.87,9.54,1.44,2.75,1.45,2.83,1.49,2.88,1.45,2.76,-1.5,1.75,2.05,1.81,2.09,1.95,2.11,1.82,2.03,2023,Football-Data.co.uk,https://www.football-data.co.uk/mmz4281/2324/D1.csv,,,,,,,,,,,,,,,,,,,,,,,,,,,,,,,,,,,,,,,,,,,,,,,,,,,,,,,,,2024-05-04,wolfsburg,darmstadt,market_average_open,1.39,5.15,7.64,market_average_close,1.3,5.87,9.54,market_average_close,1.3,5.87,9.54,closing,0.7692307692307692,0.17035775127768313,0.10482180293501049,1.0444103234434627,0.7365216064645784,0.16311381403815198,0.10036457949726962,0.8996354205027304,0.2634783935354216,0.836886185961848,1.111561391659284,3.795377626915589,1.1949056117477699,H,1
D1,2024-05-04,17:30,FC Koln,Freiburg,0,0,D,0.0,0.0,D,20.0,4.0,7.0,0.0,10.0,9.0,7.0,1.0,1.0,1.0,0.0,0.0,2.3,3.75,2.88,2.25,3.6,2.9,,,,2.37,3.66,2.95,2.3,3.6,2.88,2.38,3.6,2.88,2.42,3.8,3.0,2.36,3.64,2.9,1.73,2.1,1.79,2.11,1.82,2.16,1.75,2.11,-0.25,2.09,1.84,2.07,1.85,2.09,1.89,2.03,1.82,2.5,3.75,2.7,2.4,3.5,2.75,,,,2.52,3.67,2.78,2.38,3.6,2.75,2.4,3.6,2.8,2.56,3.8,2.94,2.44,3.59,2.81,1.73,2.1,1.75,2.19,1.78,2.23,1.73,2.14,0.0,1.88,2.05,1.87,2.06,1.88,2.12,1.81,2.06,2023,Football-Data.co.uk,https://www.football-data.co.uk/mmz4281/2324/D1.csv,,,,,,,,,,,,,,,,,,,,,,,,,,,,,,,,,,,,,,,,,,,,,,,,,,,,,,,,,2024-05-04,fc cologne,freiburg,market_average_open,2.36,3.64,2.9,market_average_close,2.44,3.59,2.81,market_average_close,2.44,3.59,2.81,closing,0.4098360655737705,0.2785515320334262,0.35587188612099646,1.044259483728193,0.39246573477176616,0.26674551332677143,0.34078875190146246,0.6592112480985376,0.6075342652282338,0.7332544866732287,1.5169644069096981,1.645997694672131,1.3637829950921871,H,0
D1,2024-05-05,14:30,Union Berlin,Bochum,3,4,A,0.0,3.0,A,12.0,17.0,6.0,5.0,13.0,16.0,6.0,4.0,0.0,1.0,0.0,0.0,1.95,3.5,4.0,1.95,3.4,4.0,,,,1.97,3.51,4.12,1.95,3.4,3.9,1.95,3.5,4.0,2.03,3.58,4.2,1.97,3.47,4.02,2.0,1.8,2.11,1.79,2.13,1.85,2.05,1.78,-0.5,1.99,1.94,1.98,1.93,1.99,1.94,1.96,1.9,1.95,3.6,3.8,1.98,3.4,3.8,,,,2.0,3.57,4.03,2.0,3.5,3.7,2.0,3.5,3.8,2.05,3.68,4.1,1.99,3.51,3.9,1.93,1.97,1.93,1.97,2.01,1.97,1.91,1.91,-0.5,2.03,1.9,2.01,1.92,2.05,1.92,2.0,1.86,2023,Football-Data.co.uk,https://www.football-data.co.uk/mmz4281/2324/D1.csv,,,,,,,,,,,,,,,,,,,,,,,,,,,,,,,,,,,,,,,,,,,,,,,,,,,,,,,,,2024-05-05,union berlin,bochum,market_average_open,1.97,3.47,4.02,market_average_close,1.99,3.51,3.9,market_average_close,1.99,3.51,3.9,closing,0.5025125628140703,0.2849002849002849,0.25641025641025644,1.0438231041246115,0.4814154436977095,0.2729392401591003,0.2456453161431903,0.7543546838568098,0.5185845563022906,0.7270607598408998,1.3256363636363635,1.92832583972494,1.3754008677607998,H,0
D1,2024-05-05,16:30,Ein Frankfurt,Leverkusen,1,5,A,1.0,2.0,A,16.0,10.0,5.0,6.0,10.0,4.0,10.0,5.0,0.0,0.0,0.0,0.0,3.2,3.5,2.2,3.0,3.5,2.25,,,,3.27,3.68,2.19,3.0,3.5,2.25,3.13,3.5,2.25,3.33,3.82,2.28,3.16,3.59,2.23,1.73,2.1,1.72,2.21,1.77,2.23,1.71,2.15,0.25,1.98,1.95,1.99,1.92,1.99,1.97,1.92,1.9,2.8,3.5,2.4,2.85,3.5,2.37,,,,2.93,3.63,2.43,2.9,3.5,2.3,2.8,3.5,2.45,3.03,3.65,2.45,2.87,3.51,2.4,1.73,2.1,1.72,2.23,1.8,2.23,1.73,2.12,0.25,1.73,2.08,1.83,2.12,1.83,2.14,1.78,2.06,2023,Football-Data.co.uk,https://www.football-data.co.uk/mmz4281/2324/D1.csv,,,,,,,,,,,,,,,,,,,,,,,,,,,,,,,,,,,,,,,,,,,,,,,,,,,,,,,,,2024-05-05,eintracht frankfurt,bayer leverkusen,market_average_open,3.16,3.59,2.23,market_average_close,2.87,3.51,2.4,market_average_close,2.87,3.51,2.4,closing,0.3484320557491289,0.2849002849002849,0.4166666666666667,1.0499990073160805,0.33184036682069035,0.27133386118956737,0.3968257719897423,0.6031742280102577,0.6681596331793096,0.7286661388104326,1.6578957680250785,1.4966483312403829,1.372370619049936,A,0
D1,2024-05-05,18:30,Heidenheim,Mainz,1,1,D,0.0,1.0,A,16.0,10.0,6.0,4.0,8.0,8.0,6.0,3.0,2.0,3.0,0.0,0.0,3.0,3.5,2.3,2.9,3.6,2.3,,,,3.03,3.58,2.36,2.88,3.7,2.25,3.0,3.6,2.3,3.1,3.82,2.38,2.99,3.58,2.33,1.73,2.1,1.72,2.21,1.75,2.25,1.7,2.19,0.25,1.87,2.06,1.86,2.05,1.87,2.06,1.84,1.99,3.0,3.4,2.38,2.87,3.4,2.37,,,,3.05,3.54,2.4,2.8,3.5,2.4,2.88,3.5,2.4,3.05,3.6,2.5,2.92,3.48,2.41,1.84,2.06,1.83,2.06,1.85,2.14,1.78,2.07,0.25,1.87,2.06,1.85,2.08,1.87,2.14,1.8,2.07,2023,Football-Data.co.uk,https://www.football-data.co.uk/mmz4281/2324/D1.csv,,,,,,,,,,,,,,,,,,,,,,,,,,,,,,,,,,,,,,,,,,,,,,,,,,,,,,,,,2024-05-05,fc heidenheim,mainz 05,market_average_open,2.99,3.58,2.33,market_average_close,2.92,3.48,2.41,market_average_close,2.92,3.48,2.41,closing,0.3424657534246575,0.28735632183908044,0.41493775933609955,1.0447598345998377,0.3277937589894315,0.2750453380026264,0.3971609030079419,0.602839096992058,0.6722062410105683,0.7249546619973735,1.6588174273858924,1.4876386724655213,1.379396605637144,A,0
D1,2024-05-10,19:30,Augsburg,Stuttgart,0,1,A,0.0,0.0,D,9.0,19.0,1.0,7.0,15.0,9.0,5.0,5.0,4.0,2.0,0.0,0.0,4.0,4.2,1.75,3.8,4.33,1.77,,,,3.92,4.45,1.82,3.75,4.4,1.75,3.8,4.33,1.8,4.0,4.52,1.85,3.88,4.34,1.81,1.36,3.2,1.37,3.25,1.41,3.33,1.36,3.16,0.5,2.05,1.75,2.1,1.81,2.16,1.83,2.07,1.8,4.0,4.2,1.75,3.8,4.2,1.78,,,,4.02,4.41,1.81,3.9,4.6,1.7,4.0,4.4,1.75,4.25,4.6,1.81,4.0,4.38,1.77,1.4,3.0,1.39,3.14,1.4,3.4,1.36,3.22,0.75,1.9,2.0,1.91,2.02,1.94,2.04,1.9,1.95,2023,Football-Data.co.uk,https://www.football-data.co.uk/mmz4281/2324/D1.csv,,,,,,,,,,,,,,,,,,,,,,,,,,,,,,,,,,,,,,,,,,,,,,,,,,,,,,,,,2024-05-10,augsburg,vfb stuttgart,market_average_open,3.88,4.34,1.81,market_average_close,4.0,4.38,1.77,market_average_close,4.0,4.38,1.77,closing,0.25,0.22831050228310504,0.5649717514124294,1.0432822536955344,0.23962834517164,0.21883867138962557,0.5415329834387345,0.45846701656126554,0.76037165482836,0.7811613286103745,2.181181991019781,1.3151463414634146,1.2801452956957338,A,0
D1,2024-05-11,14:30,FC Koln,Union Berlin,3,2,H,1.0,2.0,A,18.0,14.0,5.0,6.0,15.0,16.0,6.0,8.0,3.0,2.0,0.0,0.0,2.8,3.3,2.55,2.75,3.4,2.5,,,,2.79,3.39,2.63,2.8,3.5,2.4,2.75,3.4,2.55,2.9,3.54,2.66,2.8,3.38,2.57,2.05,1.85,2.05,1.85,2.06,1.89,1.98,1.82,0.0,2.03,1.87,2.01,1.89,2.08,1.89,2.02,1.83,2.55,3.3,2.75,2.55,3.3,2.7,,,,2.59,3.45,2.85,2.6,3.4,2.6,2.55,3.4,2.75,2.79,3.48,2.85,2.59,3.37,2.74,1.95,1.95,1.95,1.95,2.02,1.96,1.91,1.9,0.0,1.86,2.07,1.87,2.06,2.02,2.08,1.88,1.99,2023,Football-Data.co.uk,https://www.football-data.co.uk/mmz4281/2324/D1.csv,,,,,,,,,,,,,,,,,,,,,,,,,,,,,,,,,,,,,,,,,,,,,,,,,,,,,,,,,2024-05-11,fc cologne,union berlin,market_average_open,2.8,3.38,2.57,market_average_close,2.59,3.37,2.74,market_average_close,2.59,3.37,2.74,closing,0.3861003861003861,0.29673590504451036,0.36496350364963503,1.0477997947945314,0.3684867930100125,0.2831990486338078,0.34831415835617974,0.6516858416438203,0.6315132069899876,0.7168009513661923,1.534481702836428,1.5834981579662428,1.3950874340973494,H,0
D1,2024-05-11,14:30,Freiburg,Heidenheim,1,1,D,1.0,1.0,D,19.0,9.0,3.0,3.0,9.0,11.0,2.0,4.0,1.0,1.0,0.0,0.0,1.7,4.0,4.5,1.77,3.9,4.33,,,,1.72,4.07,4.78,1.7,4.2,4.33,1.7,4.2,4.5,1.77,4.26,4.9,1.73,4.06,4.59,1.62,2.3,1.65,2.32,1.69,2.4,1.63,2.31,-0.75,1.91,1.99,1.92,1.99,1.95,2.02,1.89,1.95,1.75,4.0,4.33,1.75,3.9,4.4,,,,1.78,3.98,4.59,1.73,4.0,4.33,1.73,4.1,4.4,1.81,4.1,4.67,1.76,4.0,4.46,1.67,2.2,1.72,2.22,1.72,2.33,1.66,2.25,-0.75,2.0,1.93,2.01,1.92,2.01,1.97,1.95,1.9,2023,Football-Data.co.uk,https://www.football-data.co.uk/mmz4281/2324/D1.csv,,,,,,,,,,,,,,,,,,,,,,,,,,,,,,,,,,,,,,,,,,,,,,,,,,,,,,,,,2024-05-11,freiburg,fc heidenheim,market_average_open,1.73,4.06,4.59,market_average_close,1.76,4.0,4.46,market_average_close,1.76,4.0,4.46,closing,0.5681818181818182,0.25,0.2242152466367713,1.0423970648185896,0.5450723504106374,0.23983183418068046,0.21509581540868203,0.7849041845913178,0.4549276495893625,0.7601681658193195,1.2740408570004984,2.198151730066624,1.3154983922829584,H,1
D1,2024-05-11,14:30,M'gladbach,Ein Frankfurt,1,1,D,1.0,1.0,D,6.0,16.0,3.0,1.0,9.0,10.0,2.0,8.0,1.0,0.0,0.0,0.0,2.45,3.75,2.63,2.45,3.7,2.6,,,,2.53,3.73,2.7,2.45,3.75,2.6,2.5,3.75,2.63,2.57,3.91,2.73,2.51,3.71,2.66,1.57,2.38,1.6,2.45,1.64,2.5,1.57,2.43,0.0,1.9,2.0,1.89,2.02,1.92,2.02,1.86,1.97,2.6,3.75,2.45,2.6,3.6,2.5,,,,2.74,3.69,2.55,2.5,3.75,2.5,2.7,3.75,2.45,2.76,3.85,2.66,2.67,3.7,2.51,1.57,2.38,1.59,2.48,1.6,2.52,1.56,2.45,0.0,2.04,1.89,2.03,1.89,2.05,2.02,1.98,1.89,2023,Football-Data.co.uk,https://www.football-data.co.uk/mmz4281/2324/D1.csv,,,,,,,,,,,,,,,,,,,,,,,,,,,,,,,,,,,,,,,,,,,,,,,,,,,,,,,,,2024-05-11,borussia m gladbach,eintracht frankfurt,market_average_open,2.51,3.71,2.66,market_average_close,2.67,3.7,2.51,market_average_close,2.67,3.7,2.51,closing,0.37453183520599254,0.27027027027027023,0.39840637450199207,1.0432084799782548,0.35901916289426583,0.25907599052099717,0.381904846584737,0.618095153415263,0.6409808371057342,0.7409240094790028,1.6178738734231053,1.5601090424409103,1.3496660753417509,A,0
D1,2024-05-11,14:30,RB Leipzig,Werder Bremen,1,1,D,0.0,1.0,A,13.0,10.0,5.0,1.0,12.0,6.0,4.0,3.0,1.0,0.0,0.0,0.0,1.29,6.5,8.0,1.3,6.25,8.25,,,,1.29,6.72,8.41,1.29,6.5,8.0,1.29,6.5,8.5,1.35,7.1,9.5,1.29,6.54,8.64,1.29,3.75,1.32,3.49,1.32,3.9,1.29,3.63,-1.75,1.95,1.95,1.95,1.93,2.02,1.95,1.92,1.91,1.4,5.25,6.5,1.38,5.5,6.75,,,,1.38,5.78,7.3,1.36,5.0,8.0,1.36,5.75,7.0,1.43,6.55,8.05,1.37,5.55,7.14,1.36,3.2,1.35,3.39,1.36,3.5,1.33,3.3,-1.5,2.06,1.87,1.99,1.93,2.06,2.14,1.96,1.89,2023,Football-Data.co.uk,https://www.football-data.co.uk/mmz4281/2324/D1.csv,,,,,,,,,,,,,,,,,,,,,,,,,,,,,,,,,,,,,,,,,,,,,,,,,,,,,,,,,2024-05-11,rasenballsport leipzig,werder bremen,market_average_open,1.29,6.54,8.64,market_average_close,1.37,5.55,7.14,market_average_close,1.37,5.55,7.14,closing,0.7299270072992701,0.1801801801801802,0.1400560224089636,1.050163209888414,0.6950605395677774,0.1715735025599739,0.1333659578722486,0.8666340421277512,0.30493946043222253,0.8284264974400259,1.1538895905182884,3.2793394419423305,1.2071076952393054,H,1
D1,2024-05-11,17:30,Mainz,Dortmund,3,0,H,3.0,0.0,H,14.0,10.0,6.0,2.0,14.0,11.0,4.0,2.0,2.0,2.0,0.0,0.0,2.2,3.6,3.1,2.25,3.8,2.85,,,,2.19,3.97,3.08,2.2,4.0,2.8,2.2,3.8,3.0,2.26,4.07,3.13,2.21,3.9,2.98,1.5,2.63,1.5,2.67,1.51,2.75,1.48,2.65,-0.25,1.95,1.95,1.93,1.97,1.98,1.97,1.91,1.91,1.83,4.0,3.8,1.85,4.0,3.7,,,,1.87,4.23,3.89,1.91,4.0,3.6,1.87,4.0,3.75,2.25,4.42,3.9,1.91,4.08,3.67,1.44,2.75,1.44,2.9,1.46,2.91,1.42,2.81,-0.25,1.6,2.3,1.65,2.38,1.99,2.38,1.69,2.22,2023,Football-Data.co.uk,https://www.football-data.co.uk/mmz4281/2324/D1.csv,,,,,,,,,,,,,,,,,,,,,,,,,,,,,,,,,,,,,,,,,,,,,,,,,,,,,,,,,2024-05-11,mainz 05,dortmund,market_average_open,2.21,3.9,2.98,market_average_close,1.91,4.08,3.67,market_average_close,1.91,4.08,3.67,closing,0.5235602094240838,0.24509803921568626,0.2724795640326976,1.0411378126724675,0.5028731096416253,0.23541363711164323,0.2617132532467315,0.7382867467532686,0.49712689035837476,0.7645863628883569,1.3544872698821377,2.0115588583009623,1.3078967249982427,H,1
D1,2024-05-12,14:30,Darmstadt,Hoffenheim,0,6,A,0.0,5.0,A,9.0,12.0,1.0,7.0,9.0,3.0,2.0,3.0,3.0,0.0,0.0,0.0,4.75,4.5,1.62,4.2,4.5,1.68,,,,4.67,4.73,1.64,4.5,4.6,1.6,4.75,4.6,1.62,5.0,4.9,1.7,4.66,4.62,1.64,1.36,3.2,1.36,3.26,1.37,3.39,1.35,3.2,1.0,1.89,2.01,1.89,2.02,1.89,2.03,1.85,1.99,5.0,5.0,1.53,5.0,4.8,1.53,,,,5.23,5.22,1.54,4.75,4.75,1.57,4.8,5.0,1.55,5.26,5.22,1.63,4.91,4.89,1.56,1.29,3.75,1.3,3.49,1.34,3.87,1.3,3.51,1.0,2.03,1.78,2.1,1.81,2.12,1.95,1.98,1.87,2023,Football-Data.co.uk,https://www.football-data.co.uk/mmz4281/2324/D1.csv,,,,,,,,,,,,,,,,,,,,,,,,,,,,,,,,,,,,,,,,,,,,,,,,,,,,,,,,,2024-05-12,darmstadt,hoffenheim,market_average_open,4.66,4.62,1.64,market_average_close,4.91,4.89,1.56,market_average_close,4.91,4.89,1.56,closing,0.20366598778004072,0.20449897750511248,0.641025641025641,1.0491906063107943,0.19411724290610946,0.1949111784599177,0.6109715786339727,0.38902842136602717,0.8058827570938903,0.8050888215400821,2.570506279434851,1.2408752901056224,1.2420989749765319,A,0
D1,2024-05-12,16:30,Bayern Munich,Wolfsburg,2,0,H,2.0,0.0,H,5.0,5.0,3.0,2.0,7.0,8.0,4.0,0.0,0.0,2.0,0.0,0.0,1.33,6.0,7.5,1.36,5.5,7.25,,,,1.34,6.36,7.4,1.35,5.5,7.5,1.33,5.75,8.0,1.39,6.6,8.1,1.35,5.89,7.55,1.36,3.2,1.35,3.35,1.37,3.39,1.35,3.22,-1.5,1.91,1.99,1.9,2.01,1.95,2.01,1.89,1.95,1.5,5.25,5.25,1.49,4.75,6.0,,,,1.49,5.08,6.07,1.44,5.0,6.0,1.45,5.0,6.0,1.53,5.33,6.5,1.48,4.92,5.88,1.44,2.75,1.48,2.76,1.51,2.8,1.46,2.68,-1.25,2.05,1.85,2.04,1.88,2.07,1.89,2.0,1.84,2023,Football-Data.co.uk,https://www.football-data.co.uk/mmz4281/2324/D1.csv,,,,,,,,,,,,,,,,,,,,,,,,,,,,,,,,,,,,,,,,,,,,,,,,,,,,,,,,,2024-05-12,bayern munich,wolfsburg,market_average_open,1.35,5.89,7.55,market_average_close,1.48,4.92,5.88,market_average_close,1.48,4.92,5.88,closing,0.6756756756756757,0.2032520325203252,0.17006802721088435,1.0489957354068853,0.6441167040718179,0.1937586833386769,0.16212461258950517,0.8378753874104947,0.3558832959281821,0.806241316661323,1.1934948979591837,2.8099099099099103,1.2403234358430542,H,1
D1,2024-05-12,18:30,Bochum,Leverkusen,0,5,A,0.0,2.0,A,2.0,28.0,0.0,10.0,5.0,10.0,2.0,6.0,2.0,1.0,1.0,0.0,4.2,4.33,1.7,4.2,4.2,1.73,,,,4.42,4.35,1.72,4.2,4.33,1.7,4.4,4.2,1.7,4.5,4.45,1.77,4.34,4.32,1.72,1.44,2.75,1.5,2.69,1.52,2.75,1.48,2.66,0.75,1.99,1.91,2.0,1.91,2.01,1.92,1.95,1.88,4.2,4.2,1.73,4.33,3.9,1.75,,,,4.65,3.92,1.79,4.4,3.9,1.73,4.2,4.2,1.75,4.7,4.35,1.8,4.41,4.05,1.75,1.57,2.38,1.62,2.42,1.62,2.6,1.56,2.44,0.75,1.92,2.01,1.92,2.0,1.97,2.04,1.9,1.94,2023,Football-Data.co.uk,https://www.football-data.co.uk/mmz4281/2324/D1.csv,,,,,,,,,,,,,,,,,,,,,,,,,,,,,,,,,,,,,,,,,,,,,,,,,,,,,,,,,2024-05-12,bochum,bayer leverkusen,market_average_open,4.34,4.32,1.72,market_average_close,4.41,4.05,1.75,market_average_close,4.41,4.05,1.75,closing,0.22675736961451246,0.2469135802469136,0.5714285714285714,1.0450995212899974,0.21697203471552556,0.23625843780135009,0.5467695274831245,0.45323047251687565,0.7830279652844745,0.7637415621986501,2.206382978723404,1.2770935960591132,1.309343434343434,A,0
D1,2024-05-18,14:30,Dortmund,Darmstadt,4,0,H,2.0,0.0,H,21.0,7.0,10.0,1.0,4.0,10.0,7.0,3.0,0.0,3.0,0.0,0.0,1.17,8.5,13.0,1.17,8.75,13.5,,,,1.15,9.67,14.01,1.14,8.5,15.0,1.14,9.0,15.0,1.18,10.0,17.0,1.16,8.99,14.24,1.2,4.5,1.3,3.39,1.24,4.8,1.21,4.43,-2.25,1.87,2.03,1.85,2.02,1.9,2.08,1.85,2.0,1.13,9.5,19.0,1.12,10.0,19.0,,,,1.12,10.99,19.47,1.1,10.0,19.0,1.11,10.5,18.0,1.15,12.0,21.0,1.12,10.37,18.36,1.2,4.5,1.3,3.39,1.21,5.25,1.18,4.9,-2.5,1.8,2.0,1.87,2.02,1.88,2.11,1.85,2.01,2023,Football-Data.co.uk,https://www.football-data.co.uk/mmz4281/2324/D1.csv,,,,,,,,,,,,,,,,,,,,,,,,,,,,,,,,,,,,,,,,,,,,,,,,,,,,,,,,,2024-05-18,dortmund,darmstadt,market_average_open,1.16,8.99,14.24,market_average_close,1.12,10.37,18.36,market_average_close,1.12,10.37,18.36,closing,0.8928571428571428,0.09643201542912247,0.054466230936819175,1.0437553892230844,0.8554275763038098,0.09238947786502094,0.05218294583116923,0.9478170541688308,0.14457242369619017,0.9076105221349791,1.0550559262482675,6.916948436179205,1.1017941899215673,H,1
D1,2024-05-18,14:30,Ein Frankfurt,RB Leipzig,2,2,D,0.0,1.0,A,19.0,9.0,6.0,5.0,10.0,11.0,8.0,3.0,2.0,2.0,0.0,0.0,2.8,3.8,2.3,2.7,3.75,2.35,,,,2.78,3.75,2.43,2.62,4.0,2.38,2.75,3.8,2.38,2.87,4.09,2.47,2.76,3.79,2.4,1.5,2.63,1.49,2.68,1.5,2.79,1.47,2.7,0.25,1.82,2.08,1.78,2.11,1.83,2.14,1.79,2.07,2.15,3.9,3.0,2.2,3.75,2.95,,,,2.21,3.77,3.16,2.3,3.6,2.88,2.25,3.9,2.9,2.8,3.99,3.16,2.34,3.75,2.87,1.44,2.75,1.47,2.79,1.48,2.95,1.43,2.8,-0.25,1.93,2.0,1.93,1.96,2.4,2.0,2.05,1.84,2023,Football-Data.co.uk,https://www.football-data.co.uk/mmz4281/2324/D1.csv,,,,,,,,,,,,,,,,,,,,,,,,,,,,,,,,,,,,,,,,,,,,,,,,,,,,,,,,,2024-05-18,eintracht frankfurt,rasenballsport leipzig,market_average_open,2.76,3.79,2.4,market_average_close,2.34,3.75,2.87,market_average_close,2.34,3.75,2.87,closing,0.4273504273504274,0.26666666666666666,0.3484320557491289,1.042449149766223,0.40994846362171616,0.2558078412999509,0.33424369507833296,0.665756304921667,0.5900515363782839,0.7441921587000491,1.5020511148109368,1.6947672166705399,1.3437389635316699,H,0
D1,2024-05-18,14:30,Heidenheim,FC Koln,4,1,H,3.0,0.0,H,13.0,19.0,7.0,9.0,9.0,20.0,5.0,12.0,1.0,3.0,0.0,0.0,2.3,4.0,2.7,2.35,3.9,2.65,,,,2.35,4.0,2.74,2.3,3.9,2.7,2.38,4.0,2.7,2.46,4.1,2.83,2.35,3.97,2.74,1.5,2.63,1.52,2.61,1.54,2.66,1.51,2.59,0.0,1.78,2.03,1.79,2.09,1.86,2.12,1.79,2.07,2.05,4.2,3.1,2.1,3.9,3.1,,,,2.12,3.91,3.32,2.1,4.0,3.0,2.05,4.0,3.2,2.26,4.27,3.32,2.11,3.98,3.16,1.5,2.63,1.52,2.64,1.52,2.88,1.47,2.73,-0.25,1.85,2.08,1.86,2.07,1.95,2.09,1.84,2.01,2023,Football-Data.co.uk,https://www.football-data.co.uk/mmz4281/2324/D1.csv,,,,,,,,,,,,,,,,,,,,,,,,,,,,,,,,,,,,,,,,,,,,,,,,,,,,,,,,,2024-05-18,fc heidenheim,fc cologne,market_average_open,2.35,3.97,2.74,market_average_close,2.11,3.98,3.16,market_average_close,2.11,3.98,3.16,closing,0.47393364928909953,0.25125628140703515,0.3164556962025316,1.0416456268986662,0.4549854931951871,0.24121090217131777,0.30380360463349515,0.6961963953665049,0.5450145068048129,0.7587890978286822,1.436376296481054,1.8348135462715893,1.317889256529326,H,0
D1,2024-05-18,14:30,Hoffenheim,Bayern Munich,4,2,H,1.0,2.0,A,17.0,12.0,9.0,4.0,7.0,9.0,6.0,5.0,3.0,1.0,0.0,0.0,2.88,4.5,2.0,3.0,4.33,2.0,,,,3.07,4.34,2.07,3.0,4.5,2.0,3.0,4.5,2.0,3.16,4.6,2.11,3.0,4.43,2.06,1.25,4.0,,,1.26,4.4,1.23,4.09,0.25,2.05,1.85,2.05,1.85,2.06,1.87,2.02,1.82,3.5,4.33,1.85,3.4,4.2,1.9,,,,3.49,4.55,1.89,3.3,4.33,1.91,3.4,4.5,1.87,3.59,4.55,1.97,3.42,4.4,1.91,1.3,3.5,,,1.32,3.73,1.3,3.57,0.5,2.03,1.9,2.01,1.9,2.04,1.94,1.95,1.9,2023,Football-Data.co.uk,https://www.football-data.co.uk/mmz4281/2324/D1.csv,,,,,,,,,,,,,,,,,,,,,,,,,,,,,,,,,,,,,,,,,,,,,,,,,,,,,,,,,2024-05-18,hoffenheim,bayern munich,market_average_open,3.0,4.43,2.06,market_average_close,3.42,4.4,1.91,market_average_close,3.42,4.4,1.91,closing,0.29239766081871343,0.22727272727272727,0.5235602094240838,1.0432305975155245,0.28028094796592873,0.21785473682806278,0.5018643152060085,0.4981356847939915,0.7197190520340713,0.7821452631719372,2.007485170257495,1.3894310525389013,1.2785348797543918,A,0
D1,2024-05-18,14:30,Leverkusen,Augsburg,2,1,H,2.0,0.0,H,19.0,8.0,8.0,2.0,6.0,7.0,5.0,4.0,0.0,1.0,0.0,0.0,1.3,6.0,9.0,1.27,6.5,8.75,,,,1.3,6.65,7.63,1.25,6.5,9.0,1.29,6.5,8.5,1.32,7.2,9.5,1.29,6.59,8.71,1.25,4.0,,,1.27,4.2,1.24,4.01,-1.75,1.95,1.95,1.91,1.96,1.96,2.02,1.89,1.96,1.2,7.5,12.0,1.18,7.75,13.5,,,,1.17,8.34,14.37,1.18,7.5,12.0,1.17,8.0,15.0,1.23,8.5,15.0,1.19,7.88,12.94,1.25,4.0,,,1.25,4.6,1.21,4.28,-2.25,1.98,1.95,1.95,1.93,2.03,1.97,1.97,1.88,2023,Football-Data.co.uk,https://www.football-data.co.uk/mmz4281/2324/D1.csv,,,,,,,,,,,,,,,,,,,,,,,,,,,,,,,,,,,,,,,,,,,,,,,,,,,,,,,,,2024-05-18,bayer leverkusen,augsburg,market_average_open,1.29,6.59,8.71,market_average_close,1.19,7.88,12.94,market_average_close,1.19,7.88,12.94,closing,0.8403361344537815,0.12690355329949238,0.07727975270479134,1.044519440458065,0.8045193817410036,0.12149467820708047,0.0739859400519161,0.9260140599480841,0.19548061825899657,0.8785053217929196,1.0798972102605697,5.115596670945035,1.1382970315525522,H,1
D1,2024-05-18,14:30,Stuttgart,M'gladbach,4,0,H,2.0,0.0,H,21.0,13.0,11.0,5.0,4.0,9.0,8.0,4.0,1.0,2.0,0.0,0.0,1.29,6.25,8.5,1.28,6.5,8.5,,,,1.28,6.62,8.47,1.25,6.5,9.0,1.25,7.0,9.0,1.31,7.0,10.0,1.28,6.63,8.97,1.22,4.33,1.32,3.27,1.25,4.5,1.23,4.19,-1.75,1.89,2.01,1.88,1.99,1.91,2.04,1.86,1.99,1.2,7.5,11.0,1.21,7.5,11.5,,,,1.2,7.88,11.65,1.22,7.0,10.0,1.2,7.5,12.0,1.25,8.0,13.0,1.22,7.49,11.09,1.25,4.0,1.32,3.27,1.25,4.55,1.21,4.32,-2.0,1.75,2.05,1.81,2.06,1.95,2.13,1.84,2.01,2023,Football-Data.co.uk,https://www.football-data.co.uk/mmz4281/2324/D1.csv,,,,,,,,,,,,,,,,,,,,,,,,,,,,,,,,,,,,,,,,,,,,,,,,,,,,,,,,,2024-05-18,vfb stuttgart,borussia m gladbach,market_average_open,1.28,6.63,8.97,market_average_close,1.22,7.49,11.09,market_average_close,1.22,7.49,11.09,closing,0.819672131147541,0.13351134846461948,0.09017132551848513,1.0433548051306456,0.7856120728220581,0.12796351519932053,0.08642441197862136,0.9135755880213787,0.2143879271779419,0.8720364848006795,1.0946001766157074,4.6644417582805415,1.146741010760082,H,1
D1,2024-05-18,14:30,Union Berlin,Freiburg,2,1,H,0.0,0.0,D,14.0,11.0,5.0,5.0,14.0,9.0,3.0,7.0,7.0,4.0,0.0,0.0,2.1,3.4,3.5,2.1,3.4,3.4,,,,2.15,3.39,3.57,2.1,3.5,3.4,2.15,3.4,3.5,2.2,3.7,3.65,2.13,3.47,3.51,1.95,1.95,1.94,1.93,1.97,1.97,1.92,1.92,-0.25,1.85,2.05,1.85,2.04,1.87,2.13,1.82,2.03,1.85,3.7,4.1,1.9,3.7,3.8,,,,1.91,3.83,4.14,1.85,3.75,3.9,1.87,3.75,4.0,1.98,3.86,4.15,1.91,3.75,3.95,1.73,2.1,1.75,2.17,1.79,2.25,1.74,2.13,-0.5,1.91,2.02,1.92,2.01,1.98,2.05,1.91,1.95,2023,Football-Data.co.uk,https://www.football-data.co.uk/mmz4281/2324/D1.csv,,,,,,,,,,,,,,,,,,,,,,,,,,,,,,,,,,,,,,,,,,,,,,,,,,,,,,,,,2024-05-18,union berlin,freiburg,market_average_open,2.13,3.47,3.51,market_average_close,1.91,3.75,3.95,market_average_close,1.91,3.75,3.95,closing,0.5235602094240838,0.26666666666666666,0.2531645569620253,1.0433914330527758,0.5017869543860838,0.2555768221006453,0.24263622351327083,0.7573637764867291,0.4982130456139161,0.7444231778993546,1.3203694592297714,2.0071734548174343,1.3433219567690557,H,1
D1,2024-05-18,14:30,Werder Bremen,Bochum,4,1,H,1.0,0.0,H,25.0,26.0,12.0,8.0,12.0,12.0,8.0,8.0,1.0,1.0,0.0,0.0,2.38,3.6,2.8,2.45,3.6,2.7,,,,2.37,3.61,2.94,2.38,3.7,2.7,2.38,3.75,2.8,2.45,3.99,3.01,2.38,3.67,2.86,1.57,2.38,1.56,2.52,1.57,2.57,1.54,2.48,-0.25,2.07,1.83,2.07,1.83,2.1,1.88,2.03,1.82,2.15,3.8,3.1,2.1,3.8,3.1,,,,2.16,3.87,3.19,2.1,3.7,3.2,2.1,3.9,3.1,2.2,4.0,3.34,2.13,3.84,3.19,1.44,2.75,1.49,2.72,1.54,2.84,1.48,2.68,-0.25,1.92,2.01,1.9,2.0,1.93,2.04,1.86,1.99,2023,Football-Data.co.uk,https://www.football-data.co.uk/mmz4281/2324/D1.csv,,,,,,,,,,,,,,,,,,,,,,,,,,,,,,,,,,,,,,,,,,,,,,,,,,,,,,,,,2024-05-18,werder bremen,bochum,market_average_open,2.38,3.67,2.86,market_average_close,2.13,3.84,3.19,market_average_close,2.13,3.84,3.19,closing,0.4694835680751174,0.2604166666666667,0.31347962382445144,1.0433798585662355,0.44996418535456495,0.24958950906386027,0.30044630558157476,0.6995536944184252,0.550035814645435,0.7504104909361398,1.4294828373844144,1.8180634303688417,1.3326039708646615,H,0
D1,2024-05-18,14:30,Wolfsburg,Mainz,1,3,A,1.0,1.0,D,12.0,12.0,4.0,6.0,13.0,15.0,1.0,3.0,2.0,3.0,0.0,0.0,3.2,3.5,2.2,3.1,3.6,2.2,,,,3.28,3.54,2.21,3.1,3.7,2.15,3.13,3.6,2.2,3.35,3.78,2.25,3.23,3.58,2.21,1.73,2.1,1.77,2.1,1.82,2.17,1.75,2.11,0.25,1.98,1.92,1.96,1.93,1.99,1.94,1.94,1.89,3.1,3.5,2.25,3.1,3.5,2.25,,,,3.26,3.43,2.3,3.2,3.5,2.15,3.0,3.6,2.25,3.47,3.75,2.35,3.2,3.54,2.24,1.73,2.1,1.77,2.12,1.79,2.27,1.72,2.15,0.25,1.91,2.02,1.92,1.99,1.99,2.02,1.92,1.93,2023,Football-Data.co.uk,https://www.football-data.co.uk/mmz4281/2324/D1.csv,,,,,,,,,,,,,,,,,,,,,,,,,,,,,,,,,,,,,,,,,,,,,,,,,,,,,,,,,2024-05-18,wolfsburg,mainz 05,market_average_open,3.23,3.58,2.21,market_average_close,3.2,3.54,2.24,market_average_close,3.2,3.54,2.24,closing,0.3125,0.2824858757062147,0.4464285714285714,1.0414144471347861,0.3000726568176314,0.2712521191571809,0.42867522402518765,0.5713247759748123,0.6999273431823685,0.728747880842819,1.7503179313268333,1.4287197231833912,1.372216683283483,A,0
D1,2024-08-23,19:30,M'gladbach,Leverkusen,2,3,A,0.0,2.0,A,14.0,25.0,7.0,9.0,11.0,7.0,2.0,4.0,1.0,0.0,0.0,0.0,5.25,4.5,1.55,5.0,4.4,1.58,,,,5.33,4.58,1.6,5.0,4.33,1.57,,,,5.5,4.78,1.62,5.16,4.53,1.58,1.44,2.75,1.5,2.71,1.51,2.75,1.47,2.68,1.0,1.98,1.92,1.98,1.94,2.01,1.94,1.93,1.92,4.75,4.5,1.62,4.75,4.33,1.63,,,,4.94,4.38,1.67,5.0,4.4,1.57,,,,5.6,4.62,1.67,5.09,4.46,1.6,1.44,2.75,1.48,2.79,1.48,2.9,1.45,2.8,1.0,1.86,2.04,1.87,2.06,1.96,2.08,1.91,1.96,2024,Football-Data.co.uk,https://www.football-data.co.uk/mmz4281/2425/D1.csv,5.0,4.5,1.6,5.39,4.78,1.61,5.7,4.7,1.63,1.53,2.86,2.0,1.96,4.75,4.2,1.55,5.13,4.62,1.62,5.4,4.5,1.68,1.5,2.96,1.91,2.07,,,,,,,,,,,,,,,,,,,,,,,,,,,,,,,2024-08-23,borussia m gladbach,bayer leverkusen,market_average_open,5.16,4.53,1.58,market_average_close,5.09,4.46,1.6,market_average_close,5.09,4.46,1.6,closing,0.19646365422396858,0.2242152466367713,0.625,1.04567890086074,0.18788143670322843,0.21442074278462617,0.5976978205121454,0.4023021794878546,0.8121185632967716,0.7855792572153738,2.4856937172774867,1.2313472997594455,1.2729460341718783,A,0
D1,2024-08-24,14:30,Augsburg,Werder Bremen,2,2,D,2.0,1.0,H,10.0,12.0,3.0,6.0,11.0,10.0,4.0,2.0,3.0,1.0,0.0,0.0,2.2,3.6,3.1,2.25,3.5,3.0,,,,2.32,3.55,3.11,2.25,3.5,3.1,,,,2.35,3.8,3.16,2.28,3.56,3.07,1.73,2.1,1.74,2.18,1.77,2.23,1.72,2.15,-0.25,1.99,1.91,2.02,1.89,2.02,1.95,1.96,1.9,2.45,3.6,2.7,2.45,3.5,2.7,,,,2.57,3.61,2.77,2.45,3.6,2.7,,,,2.57,3.69,3.16,2.46,3.54,2.82,1.67,2.2,1.71,2.26,1.75,2.3,1.69,2.21,0.0,1.88,2.05,1.88,2.04,1.88,2.06,1.86,2.03,2024,Football-Data.co.uk,https://www.football-data.co.uk/mmz4281/2425/D1.csv,2.25,3.6,3.1,2.31,3.8,3.13,2.34,3.7,3.25,1.74,2.24,2.02,1.95,2.38,3.3,2.7,2.51,3.69,2.77,2.6,3.65,2.9,1.74,2.28,1.9,2.1,,,,,,,,,,,,,,,,,,,,,,,,,,,,,,,2024-08-24,augsburg,werder bremen,market_average_open,2.28,3.56,3.07,market_average_close,2.46,3.54,2.82,market_average_close,2.46,3.54,2.82,closing,0.4065040650406504,0.2824858757062147,0.3546099290780142,1.0435998698248794,0.3895210001404691,0.27068408484337686,0.33979491501615394,0.6602050849838459,0.6104789998595308,0.7293159151566231,1.51468085106383,1.6380579843534284,1.3711479198767336,H,0
D1,2024-08-24,14:30,Freiburg,Stuttgart,3,1,H,1.0,1.0,D,15.0,9.0,4.0,2.0,7.0,10.0,6.0,3.0,2.0,1.0,0.0,0.0,3.5,3.6,2.05,3.4,3.6,2.05,,,,3.5,3.7,2.09,3.5,3.7,2.0,,,,3.65,3.87,2.11,3.5,3.7,2.06,1.67,2.2,1.71,2.23,1.78,2.27,1.7,2.18,0.5,1.83,2.07,1.81,2.09,1.85,2.09,1.81,2.05,3.7,3.8,1.91,3.5,3.7,2.0,,,,3.73,3.99,1.96,3.6,3.7,2.0,,,,3.95,3.99,2.11,3.62,3.81,1.98,1.53,2.5,1.56,2.58,1.61,2.62,1.55,2.43,0.5,1.95,1.98,1.95,1.97,1.98,2.09,1.87,2.0,2024,Football-Data.co.uk,https://www.football-data.co.uk/mmz4281/2425/D1.csv,3.5,3.6,2.05,3.58,3.87,2.1,3.7,3.7,2.16,1.75,2.3,1.85,2.16,3.5,3.7,1.9,3.95,3.9,1.92,3.8,4.0,2.04,1.59,2.66,1.95,2.04,,,,,,,,,,,,,,,,,,,,,,,,,,,,,,,2024-08-24,freiburg,vfb stuttgart,market_average_open,3.5,3.7,2.06,market_average_close,3.62,3.81,1.98,market_average_close,3.62,3.81,1.98,closing,0.27624309392265195,0.26246719160104987,0.5050505050505051,1.0437607905742068,0.2646613059403023,0.251462973098135,0.48387572096156284,0.5161242790384373,0.7353386940596978,0.7485370269018652,1.9375178433051918,1.3599175564652333,1.3359392575928006,A,0
D1,2024-08-24,14:30,Hoffenheim,Holstein Kiel,3,2,H,2.0,0.0,H,20.0,15.0,8.0,6.0,8.0,14.0,8.0,6.0,2.0,3.0,0.0,1.0,1.65,4.5,4.5,1.65,4.2,4.6,,,,1.64,4.38,5.07,1.65,4.2,4.75,,,,1.69,4.52,5.2,1.65,4.33,4.85,1.53,2.5,1.55,2.56,1.55,2.56,1.53,2.49,-1.0,2.08,1.82,2.08,1.84,2.09,1.84,2.05,1.8,1.62,4.75,4.5,1.61,4.4,4.8,,,,1.61,4.68,5.05,1.6,4.5,4.8,,,,1.7,4.82,5.1,1.62,4.54,4.87,1.4,3.0,1.45,2.89,1.56,3.0,1.45,2.77,-1.0,2.03,1.9,1.99,1.93,2.16,1.95,2.02,1.86,2024,Football-Data.co.uk,https://www.football-data.co.uk/mmz4281/2425/D1.csv,1.62,4.33,5.0,1.69,4.52,4.98,1.67,4.5,5.3,,,2.1,1.86,1.55,4.2,4.75,1.61,4.82,4.99,1.64,4.7,5.4,1.47,3.0,2.0,1.95,,,,,,,,,,,,,,,,,,,,,,,,,,,,,,,2024-08-24,hoffenheim,holstein kiel,market_average_open,1.65,4.33,4.85,market_average_close,1.62,4.54,4.87,market_average_close,1.62,4.54,4.87,closing,0.6172839506172839,0.22026431718061673,0.2053388090349076,1.0428870768328082,0.5918991272688333,0.21120629651442951,0.19689457621673717,0.8031054237832629,0.4081008727311667,0.7887937034855705,1.2451665377743406,2.450374568688419,1.2677585984537376,H,1
D1,2024-08-24,14:30,Mainz,Union Berlin,1,1,D,0.0,0.0,D,15.0,15.0,3.0,4.0,9.0,15.0,8.0,9.0,1.0,3.0,0.0,0.0,2.0,3.4,3.9,2.0,3.3,3.9,,,,2.08,3.24,4.1,2.05,3.2,3.9,,,,2.11,3.4,4.2,2.05,3.3,4.01,2.2,1.67,2.27,1.68,2.3,1.72,2.23,1.68,-0.5,2.05,1.85,2.09,1.83,2.09,1.88,2.04,1.83,2.05,3.3,3.75,2.05,3.3,3.7,,,,2.1,3.39,3.9,2.05,3.25,3.8,,,,2.15,3.5,3.99,2.08,3.34,3.8,2.07,1.83,2.09,1.83,2.27,1.87,2.07,1.79,-0.5,2.1,1.83,2.11,1.83,2.13,1.85,2.07,1.81,2024,Football-Data.co.uk,https://www.football-data.co.uk/mmz4281/2425/D1.csv,2.05,3.3,4.0,2.11,3.37,4.11,2.12,3.4,4.1,,,2.12,1.86,2.0,3.1,3.6,2.1,3.38,3.85,2.18,3.4,3.95,2.14,1.85,2.18,1.84,,,,,,,,,,,,,,,,,,,,,,,,,,,,,,,2024-08-24,mainz 05,union berlin,market_average_open,2.05,3.3,4.01,market_average_close,2.08,3.34,3.8,market_average_close,2.08,3.34,3.8,closing,0.4807692307692307,0.29940119760479045,0.2631578947368421,1.0433283231108632,0.4608033924888902,0.28696738214877,0.2522292253623399,0.7477707746376602,0.5391966075111099,0.7130326178512301,1.337308215187415,1.8546110751993103,1.4024603853517454,H,0
D1,2024-08-24,14:30,RB Leipzig,Bochum,1,0,H,0.0,0.0,D,12.0,10.0,3.0,4.0,9.0,17.0,9.0,3.0,1.0,3.0,1.0,0.0,1.25,7.0,9.0,1.27,6.25,9.75,,,,1.25,6.71,10.65,1.25,6.0,11.0,,,,1.28,7.01,12.0,1.25,6.58,10.53,1.36,3.2,1.35,3.26,1.38,3.33,1.36,3.14,-1.75,1.87,2.03,1.86,2.03,1.93,2.04,1.86,2.0,1.22,7.5,11.0,1.23,6.75,12.0,,,,1.22,7.23,12.72,1.22,6.5,12.0,,,,1.25,7.58,13.0,1.22,7.05,11.94,1.33,3.4,1.34,3.38,1.37,3.56,1.33,3.35,-2.0,1.99,1.94,1.99,1.92,2.02,1.95,1.97,1.89,2024,Football-Data.co.uk,https://www.football-data.co.uk/mmz4281/2425/D1.csv,1.25,6.5,11.0,1.28,7.01,11.3,1.27,7.2,12.0,,,1.88,2.05,1.17,6.5,11.0,1.23,7.58,11.5,1.24,7.8,14.0,1.37,3.6,2.01,1.93,,,,,,,,,,,,,,,,,,,,,,,,,,,,,,,2024-08-24,rasenballsport leipzig,bochum,market_average_open,1.25,6.58,10.53,market_average_close,1.22,7.05,11.94,market_average_close,1.22,7.05,11.94,closing,0.819672131147541,0.14184397163120568,0.08375209380234507,1.0452681965810917,0.7841739888657858,0.13570103069734166,0.08012498043687259,0.9198750195631274,0.21582601113421424,0.8642989693026584,1.0871042029980615,4.633361821148318,1.1570070490849123,H,1
D1,2024-08-24,17:30,Dortmund,Ein Frankfurt,2,0,H,0.0,0.0,D,17.0,7.0,5.0,2.0,6.0,3.0,7.0,7.0,0.0,1.0,0.0,0.0,1.7,4.1,4.5,1.71,4.2,4.33,,,,1.71,4.4,4.48,1.7,4.2,4.33,,,,1.75,4.52,4.52,1.71,4.31,4.39,1.5,2.63,1.48,2.73,1.5,2.79,1.47,2.68,-0.75,1.89,2.01,1.89,2.01,1.92,2.03,1.88,1.98,1.7,4.0,4.5,1.75,4.0,4.2,,,,1.75,4.19,4.58,1.75,4.0,4.2,,,,1.81,4.35,4.82,1.76,4.1,4.36,1.5,2.63,1.52,2.7,1.52,2.81,1.49,2.65,-0.75,1.93,2.0,1.93,1.99,1.99,2.0,1.92,1.93,2024,Football-Data.co.uk,https://www.football-data.co.uk/mmz4281/2425/D1.csv,1.7,4.2,4.5,1.75,4.52,4.52,1.76,4.5,4.7,1.51,2.84,1.93,2.04,1.75,3.8,4.2,1.73,4.11,4.82,1.87,4.1,4.5,1.58,2.68,2.07,1.91,,,,,,,,,,,,,,,,,,,,,,,,,,,,,,,2024-08-24,dortmund,eintracht frankfurt,market_average_open,1.71,4.31,4.39,market_average_close,1.76,4.1,4.36,market_average_close,1.76,4.1,4.36,closing,0.5681818181818182,0.24390243902439027,0.2293577981651376,1.0414420553713462,0.5455721854628024,0.23419684058891033,0.2202309739482872,0.7797690260517127,0.4544278145371975,0.7658031594110896,1.2824310361023266,2.2005695250376105,1.305818587597641,H,1
D1,2024-08-25,14:30,Wolfsburg,Bayern Munich,2,3,A,0.0,1.0,A,11.0,14.0,2.0,8.0,13.0,11.0,1.0,7.0,2.0,3.0,0.0,0.0,6.25,4.75,1.45,6.0,4.8,1.47,,,,6.33,5.0,1.47,7.0,5.0,1.4,,,,6.6,5.1,1.51,6.32,4.93,1.46,1.44,2.75,1.46,2.81,1.46,2.86,1.44,2.76,1.25,1.92,1.98,1.92,1.99,1.96,2.0,1.9,1.95,6.0,4.75,1.45,6.5,4.6,1.46,,,,6.5,4.57,1.52,6.5,4.6,1.5,,,,7.0,4.92,1.54,6.36,4.67,1.49,1.44,2.75,1.53,2.59,1.53,2.95,1.46,2.76,1.25,1.95,1.98,1.94,1.98,1.98,2.02,1.91,1.95,2024,Football-Data.co.uk,https://www.football-data.co.uk/mmz4281/2425/D1.csv,6.5,5.0,1.44,6.37,5.08,1.51,7.0,5.3,1.49,,,1.94,1.99,6.0,4.5,1.5,6.5,4.92,1.49,6.4,4.7,1.58,1.51,2.9,1.96,2.03,,,,,,,,,,,,,,,,,,,,,,,,,,,,,,,2024-08-25,wolfsburg,bayern munich,market_average_open,6.32,4.93,1.46,market_average_close,6.36,4.67,1.49,market_average_close,6.36,4.67,1.49,closing,0.15723270440251572,0.21413276231263384,0.6711409395973155,1.042506406312465,0.15082181121426047,0.20540186709265454,0.6437763216930851,0.35622367830691504,0.8491781887857396,0.7945981329073455,2.8072249569508414,1.1776091440006533,1.2584977972967444,A,0
D1,2024-08-25,16:30,St Pauli,Heidenheim,0,2,A,0.0,0.0,D,11.0,6.0,3.0,3.0,10.0,15.0,4.0,2.0,2.0,3.0,0.0,0.0,2.1,3.5,3.4,2.1,3.5,3.4,,,,2.13,3.5,3.59,2.1,3.4,3.5,,,,2.17,3.62,3.68,2.12,3.5,3.46,1.87,2.03,1.87,2.02,1.91,2.05,1.85,1.98,-0.25,1.84,2.06,1.85,2.07,1.87,2.08,1.82,2.03,1.95,3.5,3.75,2.0,3.5,3.7,,,,2.02,3.49,4.06,2.0,3.5,3.7,,,,2.05,3.62,4.06,2.0,3.51,3.8,2.03,1.87,2.03,1.88,2.05,2.0,1.94,1.88,-0.5,2.02,1.91,2.03,1.9,2.05,1.93,2.01,1.86,2024,Football-Data.co.uk,https://www.football-data.co.uk/mmz4281/2425/D1.csv,2.1,3.5,3.4,2.17,3.62,3.6,2.2,3.55,3.7,1.88,2.04,1.89,2.08,1.91,3.25,3.8,2.05,3.62,3.74,2.04,3.55,4.2,2.04,1.93,2.06,1.92,,,,,,,,,,,,,,,,,,,,,,,,,,,,,,,2024-08-25,st pauli,fc heidenheim,market_average_open,2.12,3.5,3.46,market_average_close,2.0,3.51,3.8,market_average_close,2.0,3.51,3.8,closing,0.5,0.2849002849002849,0.2631578947368421,1.0480581796371269,0.4770727519851206,0.27183632591744766,0.2510909220974319,0.7489090779025682,0.5229272480148796,0.7281636740825526,1.3352755755086445,1.9123119015047876,1.3733176146969248,H,0
D1,2024-08-30,19:30,Union Berlin,St Pauli,1,0,H,1.0,0.0,H,10.0,8.0,5.0,2.0,10.0,11.0,5.0,4.0,3.0,1.0,0.0,0.0,1.91,3.5,4.1,1.93,3.5,4.0,,,,1.96,3.5,4.29,1.91,3.4,4.2,,,,2.01,3.6,4.4,1.94,3.5,4.15,2.03,1.87,2.03,1.88,2.05,1.91,1.99,1.86,-0.5,1.95,1.98,1.97,1.95,1.97,2.0,1.94,1.93,1.95,3.4,4.2,1.95,3.4,4.0,,,,1.95,3.43,4.43,2.0,3.3,4.0,,,,2.04,3.51,4.43,1.97,3.43,4.13,2.1,1.73,2.17,1.76,2.21,1.89,2.06,1.79,-0.5,1.99,1.94,1.96,1.96,2.01,1.96,1.98,1.89,2024,Football-Data.co.uk,https://www.football-data.co.uk/mmz4281/2425/D1.csv,1.95,3.4,4.2,1.99,3.59,4.26,1.98,3.6,4.5,2.04,1.93,1.98,2.01,1.95,3.3,3.9,1.94,3.45,4.43,2.04,3.5,4.3,2.2,1.81,2.03,1.96,,,,,,,,,,,,,,,,,,,,,,,,,,,,,,,2024-08-30,union berlin,st pauli,market_average_open,1.94,3.5,4.15,market_average_close,1.97,3.43,4.13,market_average_close,1.97,3.43,4.13,closing,0.5076142131979695,0.29154518950437314,0.24213075060532688,1.0412901533076695,0.48748584780671117,0.27998458314263003,0.23252956905065886,0.7674704309493412,0.5125141521932889,0.72001541685737,1.3029817953546767,1.9511656326377138,1.3888591502174639,H,0
D1,2024-08-31,14:30,Bochum,M'gladbach,0,2,A,0.0,0.0,D,16.0,15.0,4.0,6.0,9.0,10.0,3.0,4.0,1.0,0.0,0.0,0.0,2.6,3.6,2.6,2.5,3.6,2.6,,,,2.66,3.73,2.57,2.62,3.6,2.5,,,,2.69,3.88,2.65,2.62,3.69,2.56,1.57,2.38,1.61,2.44,1.65,2.47,1.6,2.38,0.0,1.98,1.92,1.99,1.92,2.01,1.95,1.97,1.91,2.88,3.8,2.3,2.8,3.7,2.3,,,,2.88,3.85,2.38,2.8,3.7,2.38,,,,2.96,3.9,2.38,2.86,3.75,2.34,1.5,2.63,1.51,2.7,1.53,2.75,1.5,2.62,0.25,1.86,2.07,1.85,2.09,1.88,2.09,1.83,2.03,2024,Football-Data.co.uk,https://www.football-data.co.uk/mmz4281/2425/D1.csv,2.63,3.6,2.55,2.69,3.88,2.59,2.74,3.75,2.66,1.63,2.5,2.01,1.95,2.8,3.6,2.3,2.95,3.82,2.33,2.96,4.0,2.4,1.55,2.78,1.89,2.1,,,,,,,,,,,,,,,,,,,,,,,,,,,,,,,2024-08-31,bochum,borussia m gladbach,market_average_open,2.62,3.69,2.56,market_average_close,2.86,3.75,2.34,market_average_close,2.86,3.75,2.34,closing,0.3496503496503497,0.26666666666666666,0.4273504273504274,1.0436674436674438,0.3350208457415128,0.2555092316855271,0.40946992257296005,0.5905300774270399,0.6649791542584871,0.7444907683144728,1.6933938477054968,1.5038065382892971,1.3432000000000002,A,0
D1,2024-08-31,14:30,Ein Frankfurt,Hoffenheim,3,1,H,2.0,0.0,H,17.0,10.0,7.0,3.0,10.0,10.0,1.0,4.0,0.0,3.0,0.0,0.0,1.8,4.2,3.9,1.82,4.0,3.9,,,,1.8,4.2,4.12,1.83,4.0,3.9,,,,1.85,4.3,4.2,1.81,4.1,4.01,1.44,2.75,1.47,2.78,1.5,2.82,1.46,2.71,-0.75,2.03,1.87,2.02,1.89,2.07,1.9,2.01,1.85,1.62,4.5,4.5,1.68,4.2,4.5,,,,1.65,4.6,4.84,1.67,4.2,4.6,,,,1.71,4.6,5.02,1.67,4.4,4.62,1.4,3.0,1.46,3.04,1.46,3.11,1.43,2.89,-0.75,1.75,2.05,1.8,2.13,1.91,2.13,1.81,2.05,2024,Football-Data.co.uk,https://www.football-data.co.uk/mmz4281/2425/D1.csv,1.75,4.0,4.2,1.85,4.27,4.16,1.85,4.2,4.3,1.5,2.84,2.05,1.9,1.67,4.33,4.33,1.63,4.59,5.02,1.72,4.5,4.9,1.47,3.05,1.89,2.1,,,,,,,,,,,,,,,,,,,,,,,,,,,,,,,2024-08-31,eintracht frankfurt,hoffenheim,market_average_open,1.81,4.1,4.01,market_average_close,1.67,4.4,4.62,market_average_close,1.67,4.4,4.62,closing,0.5988023952095809,0.22727272727272727,0.21645021645021645,1.0425253389325246,0.5743768260085784,0.2180021135078013,0.2076210604836203,0.7923789395163797,0.4256231739914216,0.7819978864921987,1.2620224366517612,2.349496129691836,1.2787758346581874,H,1
D1,2024-08-31,14:30,Holstein Kiel,Wolfsburg,0,2,A,0.0,2.0,A,12.0,12.0,5.0,4.0,17.0,14.0,1.0,7.0,4.0,7.0,0.0,0.0,3.2,3.7,2.15,3.1,3.6,2.15,,,,3.26,3.69,2.19,3.2,3.6,2.15,,,,3.4,3.86,2.21,3.2,3.69,2.18,1.73,2.1,1.72,2.21,1.74,2.28,1.7,2.18,0.25,1.99,1.91,1.99,1.92,2.0,1.92,1.95,1.88,2.9,3.7,2.3,2.9,3.6,2.3,,,,3.06,3.68,2.33,2.9,3.6,2.3,,,,3.07,3.77,2.38,2.97,3.64,2.32,1.62,2.3,1.67,2.32,1.68,2.41,1.64,2.28,0.25,1.89,2.04,1.89,2.03,1.93,2.05,1.85,2.0,2024,Football-Data.co.uk,https://www.football-data.co.uk/mmz4281/2425/D1.csv,3.4,3.6,2.15,3.34,3.86,2.19,3.4,3.7,2.22,1.72,2.26,2.04,1.92,3.0,3.5,2.25,2.95,3.77,2.34,3.15,3.7,2.38,1.71,2.38,1.93,2.06,,,,,,,,,,,,,,,,,,,,,,,,,,,,,,,2024-08-31,holstein kiel,wolfsburg,market_average_open,3.2,3.69,2.18,market_average_close,2.97,3.64,2.32,market_average_close,2.97,3.64,2.32,closing,0.33670033670033667,0.2747252747252747,0.4310344827586207,1.0424600941842321,0.3229863076570029,0.26353553124760953,0.4134781610953875,0.5865218389046125,0.677013692342997,0.7364644687523905,1.7049663519223748,1.4770750005649333,1.357838758594902,A,0
D1,2024-08-31,14:30,Stuttgart,Mainz,3,3,D,2.0,1.0,H,28.0,9.0,13.0,7.0,6.0,12.0,11.0,2.0,4.0,2.0,0.0,0.0,1.62,4.33,5.25,1.61,4.2,5.25,,,,1.66,4.23,5.09,1.62,4.2,5.0,,,,1.7,4.42,5.25,1.65,4.24,5.02,1.62,2.3,1.64,2.36,1.67,2.4,1.62,2.32,-0.75,1.75,2.05,1.83,2.08,1.85,2.11,1.8,2.06,1.67,4.33,4.75,1.65,4.2,4.8,,,,1.67,4.21,4.97,1.65,4.2,4.8,,,,1.69,4.36,5.21,1.66,4.25,4.88,1.57,2.38,1.58,2.51,1.66,2.53,1.58,2.42,-0.75,1.87,2.06,1.85,2.09,1.87,2.13,1.82,2.05,2024,Football-Data.co.uk,https://www.football-data.co.uk/mmz4281/2425/D1.csv,1.65,4.1,5.0,1.7,4.42,5.03,1.69,4.2,5.7,1.67,2.34,1.84,2.14,1.62,4.0,5.0,1.64,4.36,5.21,1.71,4.3,5.4,1.62,2.56,1.88,2.1,,,,,,,,,,,,,,,,,,,,,,,,,,,,,,,2024-08-31,vfb stuttgart,mainz 05,market_average_open,1.65,4.24,5.02,market_average_close,1.66,4.25,4.88,market_average_close,1.66,4.25,4.88,closing,0.6024096385542169,0.23529411764705882,0.20491803278688525,1.042621788988161,0.577783473275425,0.2256754272087542,0.19654109951582077,0.8034589004841792,0.422216526724575,0.7743245727912458,1.2446187345704696,2.3684530014911784,1.2914481021766504,H,1
D1,2024-08-31,14:30,Werder Bremen,Dortmund,0,0,D,0.0,0.0,D,5.0,9.0,1.0,4.0,11.0,16.0,5.0,6.0,2.0,7.0,0.0,1.0,4.1,4.0,1.8,3.75,4.0,1.83,,,,4.05,4.14,1.83,3.9,4.0,1.83,,,,4.2,4.37,1.86,3.94,4.12,1.82,1.44,2.75,1.46,2.84,1.48,2.93,1.44,2.77,0.5,2.03,1.78,2.07,1.83,2.1,1.85,2.03,1.82,3.9,3.75,1.91,3.75,3.75,1.9,,,,3.88,3.94,1.93,3.6,3.8,1.95,,,,4.15,4.1,1.95,3.79,3.89,1.91,1.57,2.38,1.6,2.49,1.62,2.63,1.55,2.47,0.5,1.98,1.95,1.98,1.94,2.01,1.95,1.95,1.91,2024,Football-Data.co.uk,https://www.football-data.co.uk/mmz4281/2425/D1.csv,4.0,4.1,1.8,4.03,4.37,1.86,4.2,4.2,1.87,1.45,2.94,2.12,1.88,3.75,3.9,1.87,4.15,3.81,1.9,3.85,4.0,2.0,1.61,2.58,1.99,2.0,,,,,,,,,,,,,,,,,,,,,,,,,,,,,,,2024-08-31,werder bremen,dortmund,market_average_open,3.94,4.12,1.82,market_average_close,3.79,3.89,1.91,market_average_close,3.79,3.89,1.91,closing,0.2638522427440633,0.2570694087403599,0.5235602094240838,1.044481860908507,0.25261543796898533,0.24612146784124794,0.5012630941897668,0.4987369058102333,0.7473845620310147,0.7538785321587521,2.005065172338569,1.3379992721317442,1.32647363911063,A,0
D1,2024-08-31,17:30,Leverkusen,RB Leipzig,2,3,A,2.0,1.0,H,27.0,10.0,10.0,4.0,7.0,8.0,18.0,2.0,3.0,1.0,0.0,0.0,1.75,4.2,4.1,1.8,4.0,3.9,,,,1.8,4.22,4.1,1.8,4.0,4.0,,,,1.85,4.3,4.4,1.8,4.14,4.05,1.5,2.63,1.49,2.72,1.51,2.75,1.48,2.65,-0.75,2.01,1.89,2.02,1.88,2.05,1.92,1.99,1.86,1.62,4.5,4.75,1.63,4.33,4.6,,,,1.63,4.45,5.15,1.65,4.2,4.75,,,,1.75,4.59,5.15,1.67,4.34,4.66,1.44,2.75,1.47,2.83,1.5,2.89,1.45,2.78,-0.75,1.73,2.08,1.78,2.16,1.89,2.19,1.81,2.04,2024,Football-Data.co.uk,https://www.football-data.co.uk/mmz4281/2425/D1.csv,1.75,4.0,4.4,1.85,4.27,4.16,1.82,4.2,4.5,1.51,2.8,2.02,1.92,1.62,4.1,4.75,1.67,4.59,4.66,1.68,4.5,5.2,1.51,2.92,1.84,2.17,,,,,,,,,,,,,,,,,,,,,,,,,,,,,,,2024-08-31,bayer leverkusen,rasenballsport leipzig,market_average_open,1.8,4.14,4.05,market_average_close,1.67,4.34,4.66,market_average_close,1.67,4.34,4.66,closing,0.5988023952095809,0.2304147465437788,0.2145922746781116,1.0438094164314713,0.5736702369065989,0.22074407733502768,0.2055856857583734,0.7944143142416266,0.4263297630934011,0.7792559226649723,1.2587889997357766,2.345602129075183,1.2832754566434432,H,1
D1,2024-09-01,14:30,Heidenheim,Augsburg,4,0,H,2.0,0.0,H,17.0,15.0,9.0,1.0,15.0,11.0,5.0,6.0,0.0,3.0,0.0,0.0,2.38,3.5,2.9,2.37,3.5,2.8,,,,2.42,3.47,3.02,2.38,3.5,2.88,,,,2.46,3.72,3.04,2.4,3.49,2.94,1.73,2.1,1.81,2.08,1.82,2.19,1.77,2.09,-0.25,2.07,1.83,2.09,1.83,2.12,1.87,2.05,1.81,2.38,3.5,2.9,2.45,3.4,2.8,,,,2.42,3.49,3.05,2.38,3.5,2.88,,,,2.5,3.65,3.05,2.42,3.47,2.92,1.8,2.0,1.81,2.11,1.82,2.2,1.77,2.08,-0.25,2.09,1.84,2.09,1.85,2.11,1.85,2.07,1.8,2024,Football-Data.co.uk,https://www.football-data.co.uk/mmz4281/2425/D1.csv,2.38,3.4,3.0,2.44,3.72,2.97,2.46,3.6,3.1,1.76,2.12,2.12,1.86,2.3,3.3,2.88,2.5,3.57,2.86,2.48,3.55,3.1,1.83,2.16,2.13,1.86,,,,,,,,,,,,,,,,,,,,,,,,,,,,,,,2024-09-01,fc heidenheim,augsburg,market_average_open,2.4,3.49,2.94,market_average_close,2.42,3.47,2.92,market_average_close,2.42,3.47,2.92,closing,0.4132231404958678,0.2881844380403458,0.3424657534246575,1.043873331960871,0.3958556348207937,0.2760722294715622,0.3280721357076441,0.6719278642923558,0.6041443651792062,0.7239277705284378,1.4882549945345025,1.6552335131080331,1.3813532795820787,H,0
D1,2024-09-01,16:30,Bayern Munich,Freiburg,2,0,H,1.0,0.0,H,11.0,8.0,4.0,4.0,13.0,12.0,2.0,4.0,1.0,0.0,0.0,0.0,1.2,8.0,11.0,1.2,7.75,11.5,,,,1.21,7.89,11.45,1.2,7.0,12.0,,,,1.24,8.4,13.0,1.21,7.74,11.63,1.25,4.0,,,1.27,4.23,1.24,3.96,-2.25,2.03,1.78,2.08,1.8,2.11,1.85,2.07,1.79,1.2,7.5,11.0,1.2,7.5,12.0,,,,1.19,8.1,13.69,1.2,7.0,13.0,,,,1.22,8.8,14.0,1.2,7.84,12.66,1.29,3.75,,,1.29,3.93,1.27,3.72,-2.0,1.9,2.03,1.88,2.02,1.9,2.07,1.85,2.02,2024,Football-Data.co.uk,https://www.football-data.co.uk/mmz4281/2425/D1.csv,1.2,7.5,12.0,1.23,8.1,12.5,1.23,8.0,13.5,1.27,4.1,2.11,1.81,1.15,7.5,13.0,1.22,7.96,12.1,1.21,8.6,16.5,1.31,4.1,1.9,2.07,,,,,,,,,,,,,,,,,,,,,,,,,,,,,,,2024-09-01,bayern munich,freiburg,market_average_open,1.21,7.74,11.63,market_average_close,1.2,7.84,12.66,market_average_close,1.2,7.84,12.66,closing,0.8333333333333334,0.12755102040816327,0.07898894154818326,1.0398732952896799,0.8013796845328063,0.1226601557958377,0.07596015967135604,0.924039840328644,0.19862031546719372,0.8773398442041623,1.082204420584658,5.034731707317073,1.1398091704214153,H,1
D1,2024-09-13,19:30,Dortmund,Heidenheim,4,2,H,3.0,1.0,H,13.0,11.0,7.0,4.0,13.0,18.0,8.0,1.0,2.0,2.0,0.0,0.0,1.4,5.5,6.5,1.39,5.0,7.5,,,,1.39,5.35,7.83,1.36,5.0,8.0,,,,1.43,5.5,8.0,1.39,5.26,7.6,1.5,2.63,1.51,2.65,1.53,2.7,1.5,2.62,-1.5,2.07,1.83,2.08,1.81,2.13,1.85,2.06,1.81,1.33,5.75,7.5,1.34,5.5,7.75,,,,1.34,5.7,8.67,1.35,5.5,8.0,,,,1.42,5.91,9.0,1.35,5.56,8.14,1.44,2.75,1.47,2.77,1.53,2.93,1.45,2.81,-1.5,1.95,1.95,1.94,1.94,2.11,2.01,1.95,1.9,2024,Football-Data.co.uk,https://www.football-data.co.uk/mmz4281/2425/D1.csv,1.36,5.0,8.0,1.43,5.39,7.7,1.42,5.7,8.2,1.54,2.8,2.14,1.84,1.33,5.0,9.0,1.36,5.91,7.98,1.37,5.8,9.4,1.5,2.96,2.0,1.98,,,,,,,,,,,,,,,,,,,,,,,,,,,,,,,2024-09-13,dortmund,fc heidenheim,market_average_open,1.39,5.26,7.6,market_average_close,1.35,5.56,8.14,market_average_close,1.35,5.56,8.14,closing,0.7407407407407407,0.1798561151079137,0.12285012285012284,1.0434469786987772,0.7098978250571734,0.17236727766675977,0.11773489727606684,0.8822651027239331,0.29010217494282664,0.8276327223332403,1.1334461681784402,3.4470613679372795,1.208265421382599,H,1
D1,2024-09-14,14:30,Freiburg,Bochum,2,1,H,0.0,1.0,A,27.0,13.0,9.0,2.0,5.0,16.0,5.0,6.0,0.0,3.0,0.0,0.0,1.7,3.9,5.0,1.73,3.9,4.5,,,,1.69,4.08,4.9,1.7,4.0,4.6,,,,1.75,4.26,5.0,1.71,4.06,4.72,1.67,2.2,1.65,2.29,1.7,2.34,1.66,2.27,-0.75,1.9,2.0,1.88,2.01,1.93,2.02,1.88,1.97,1.55,4.2,5.75,1.6,4.2,5.25,,,,1.58,4.41,5.8,1.57,4.2,5.5,,,,1.61,4.41,5.9,1.58,4.29,5.58,1.62,2.3,1.63,2.41,1.69,2.44,1.61,2.34,-1.0,1.95,1.98,1.96,1.96,2.01,1.98,1.96,1.91,2024,Football-Data.co.uk,https://www.football-data.co.uk/mmz4281/2425/D1.csv,1.67,4.0,5.0,1.75,4.26,4.82,1.73,4.1,5.5,1.71,2.32,1.92,2.05,1.5,4.1,5.0,1.59,4.31,5.9,1.62,4.4,6.2,1.66,2.48,2.0,1.96,,,,,,,,,,,,,,,,,,,,,,,,,,,,,,,2024-09-14,freiburg,bochum,market_average_open,1.71,4.06,4.72,market_average_close,1.58,4.29,5.58,market_average_close,1.58,4.29,5.58,closing,0.6329113924050632,0.2331002331002331,0.17921146953405018,1.0452230950393464,0.6055275619232637,0.2230148130160272,0.1714576250607091,0.828542374939291,0.3944724380767363,0.7769851869839728,1.2069388727079555,2.535031357008195,1.2870258233386724,H,1
D1,2024-09-14,14:30,Hoffenheim,Leverkusen,1,4,A,1.0,2.0,A,14.0,20.0,5.0,8.0,9.0,10.0,4.0,12.0,2.0,2.0,0.0,0.0,5.75,4.5,1.48,5.25,4.75,1.55,,,,5.95,4.96,1.49,5.5,4.75,1.5,,,,6.2,5.19,1.55,5.78,4.94,1.5,1.33,3.4,1.34,3.39,1.35,3.6,1.31,3.41,1.25,1.89,2.01,1.9,1.98,1.9,2.05,1.86,1.98,7.0,5.0,1.42,6.25,5.25,1.42,,,,6.84,5.37,1.43,6.5,5.0,1.44,,,,7.37,5.5,1.46,6.66,5.22,1.42,1.33,3.4,1.34,3.39,1.35,3.58,1.32,3.4,1.25,2.03,1.78,2.06,1.87,2.09,1.93,2.02,1.83,2024,Football-Data.co.uk,https://www.football-data.co.uk/mmz4281/2425/D1.csv,5.5,5.0,1.5,5.6,5.19,1.55,6.2,5.2,1.54,1.35,3.65,1.9,2.07,6.0,5.0,1.33,7.37,5.08,1.43,7.0,5.5,1.47,1.36,3.65,2.1,1.88,,,,,,,,,,,,,,,,,,,,,,,,,,,,,,,2024-09-14,hoffenheim,bayer leverkusen,market_average_open,5.78,4.94,1.5,market_average_close,6.66,5.22,1.42,market_average_close,6.66,5.22,1.42,closing,0.15015015015015015,0.19157088122605365,0.7042253521126761,1.04594638348888,0.14355434706825626,0.18315554625949937,0.6732901066722442,0.32670989332775563,0.8564456529317436,0.8168444537405004,3.0608194622279137,1.1676164115923153,1.2242232843974055,A,0
D1,2024-09-14,14:30,M'gladbach,Stuttgart,1,3,A,1.0,1.0,D,15.0,12.0,7.0,7.0,14.0,12.0,6.0,2.0,2.0,2.0,0.0,0.0,2.75,4.0,2.3,2.75,3.8,2.3,,,,2.84,3.96,2.31,2.88,3.8,2.25,,,,2.93,4.11,2.37,2.81,3.94,2.31,1.44,2.75,1.45,2.82,1.47,2.93,1.44,2.78,0.25,1.83,2.07,1.82,2.08,1.85,2.1,1.83,2.02,2.63,3.8,2.45,2.65,3.75,2.4,,,,2.7,3.86,2.51,2.7,3.8,2.38,,,,2.78,4.0,2.53,2.68,3.84,2.44,1.5,2.63,1.5,2.72,1.5,2.88,1.46,2.76,0.0,2.02,1.91,2.04,1.88,2.06,1.92,2.03,1.87,2024,Football-Data.co.uk,https://www.football-data.co.uk/mmz4281/2425/D1.csv,2.8,3.9,2.3,2.93,4.11,2.32,2.96,4.0,2.4,1.49,2.94,1.89,2.1,2.55,3.8,2.25,2.78,3.88,2.42,2.76,3.9,2.58,1.53,2.84,2.07,1.92,,,,,,,,,,,,,,,,,,,,,,,,,,,,,,,2024-09-14,borussia m gladbach,vfb stuttgart,market_average_open,2.81,3.94,2.31,market_average_close,2.68,3.84,2.44,market_average_close,2.68,3.84,2.44,closing,0.3731343283582089,0.2604166666666667,0.4098360655737705,1.0433870605986462,0.357618320610687,0.24958778625954198,0.392793893129771,0.607206106870229,0.6423816793893129,0.750412213740458,1.6468872573669917,1.556706911303356,1.3326009114583335,A,0
D1,2024-09-14,14:30,RB Leipzig,Union Berlin,0,0,D,0.0,0.0,D,16.0,11.0,3.0,3.0,9.0,19.0,6.0,5.0,2.0,3.0,0.0,0.0,1.48,4.5,6.5,1.46,4.5,6.75,,,,1.48,4.69,6.64,1.44,4.5,7.0,,,,1.51,4.9,7.0,1.48,4.68,6.68,1.67,2.2,1.71,2.2,1.73,2.29,1.68,2.22,-1.25,2.07,1.83,2.06,1.83,2.08,1.85,2.04,1.81,1.48,4.75,6.25,1.47,4.6,6.25,,,,1.49,4.8,6.62,1.44,4.6,7.0,,,,1.5,5.0,7.0,1.46,4.77,6.67,1.57,2.38,1.62,2.42,1.62,2.49,1.59,2.4,-1.25,2.08,1.85,2.09,1.85,2.09,1.89,2.01,1.85,2024,Football-Data.co.uk,https://www.football-data.co.uk/mmz4281/2425/D1.csv,1.44,4.6,7.0,1.51,4.83,6.83,1.5,4.9,7.4,1.73,2.3,2.08,1.87,1.4,4.5,6.5,1.5,4.87,6.41,1.5,5.0,7.2,1.65,2.48,2.11,1.88,,,,,,,,,,,,,,,,,,,,,,,,,,,,,,,2024-09-14,rasenballsport leipzig,union berlin,market_average_open,1.48,4.68,6.68,market_average_close,1.46,4.77,6.67,market_average_close,1.46,4.77,6.67,closing,0.684931506849315,0.20964360587002098,0.14992503748125938,1.0445001502005953,0.6557505106320708,0.2007118963360217,0.14353759303190758,0.8564624069680925,0.3442494893679293,0.7992881036639784,1.1675935707908485,2.9048699588083142,1.2511133287433502,H,1
D1,2024-09-14,14:30,Wolfsburg,Ein Frankfurt,1,2,A,0.0,1.0,A,17.0,15.0,4.0,7.0,7.0,18.0,5.0,4.0,1.0,2.0,0.0,0.0,2.63,3.6,2.5,2.55,3.5,2.6,,,,2.72,3.45,2.63,2.6,3.5,2.6,,,,2.75,3.74,2.67,2.69,3.53,2.58,1.73,2.1,1.77,2.12,1.8,2.21,1.73,2.09,0.0,2.01,1.89,1.98,1.91,2.02,1.92,1.98,1.89,2.7,3.6,2.45,2.75,3.3,2.5,,,,2.82,3.44,2.61,2.7,3.5,2.5,,,,2.9,3.69,2.66,2.75,3.46,2.55,1.87,2.03,1.88,2.03,1.88,2.1,1.83,2.01,0.0,2.04,1.89,2.04,1.88,2.07,1.9,2.01,1.88,2024,Football-Data.co.uk,https://www.football-data.co.uk/mmz4281/2425/D1.csv,2.7,3.5,2.55,2.75,3.74,2.6,2.82,3.65,2.68,1.78,2.18,2.04,1.94,2.63,3.3,2.4,2.77,3.69,2.51,2.86,3.55,2.68,1.92,2.06,2.07,1.92,,,,,,,,,,,,,,,,,,,,,,,,,,,,,,,2024-09-14,wolfsburg,eintracht frankfurt,market_average_open,2.69,3.53,2.58,market_average_close,2.75,3.46,2.55,market_average_close,2.75,3.46,2.55,closing,0.36363636363636365,0.28901734104046245,0.3921568627450981,1.0448105674219241,0.34804047257450543,0.27662176288436124,0.3753377645411333,0.6246622354588667,0.6519595274254946,0.7233782371156388,1.6008651447696631,1.533837543488126,1.3824026611408005,A,0
D1,2024-09-14,17:30,Holstein Kiel,Bayern Munich,1,6,A,0.0,4.0,A,5.0,23.0,1.0,13.0,12.0,11.0,2.0,10.0,0.0,1.0,0.0,0.0,11.0,7.0,1.22,10.5,7.0,1.23,,,,11.8,7.52,1.21,11.0,6.5,1.25,,,,13.0,7.9,1.26,11.32,7.34,1.23,1.29,3.75,,,1.29,4.0,1.27,3.81,2.0,1.97,1.93,1.94,1.93,1.97,2.01,1.9,1.94,11.0,7.5,1.2,11.5,7.5,1.21,,,,13.19,7.77,1.2,12.0,7.0,1.2,,,,15.0,8.2,1.22,12.51,7.61,1.2,1.3,3.5,,,1.31,4.0,1.28,3.74,2.0,2.05,1.88,1.99,1.92,2.07,1.95,1.99,1.87,2024,Football-Data.co.uk,https://www.football-data.co.uk/mmz4281/2425/D1.csv,12.0,7.5,1.2,11.3,7.36,1.26,12.5,8.2,1.24,1.3,3.9,1.97,1.99,11.0,7.0,1.18,12.1,7.96,1.22,17.0,8.4,1.21,1.31,4.1,2.07,1.9,,,,,,,,,,,,,,,,,,,,,,,,,,,,,,,2024-09-14,holstein kiel,bayern munich,market_average_open,11.32,7.34,1.23,market_average_close,12.51,7.61,1.2,market_average_close,12.51,7.61,1.2,closing,0.07993605115907275,0.1314060446780552,0.8333333333333334,1.0446754291704612,0.07651759477347626,0.1257864797130339,0.79769592551349,0.20230407448651017,0.9234824052265239,0.8742135202869663,4.943054174950297,1.0828576639256131,1.1438853058137828,A,0
D1,2024-09-15,14:30,Augsburg,St Pauli,3,1,H,0.0,0.0,D,18.0,12.0,10.0,3.0,12.0,10.0,7.0,7.0,4.0,3.0,0.0,0.0,2.1,3.6,3.4,2.05,3.5,3.5,,,,2.09,3.61,3.52,2.05,3.6,3.4,,,,2.13,3.84,3.56,2.09,3.62,3.47,1.73,2.1,1.78,2.1,1.8,2.18,1.76,2.11,-0.25,1.82,2.08,1.82,2.08,1.83,2.13,1.79,2.05,2.05,3.25,3.9,2.05,3.25,3.75,,,,2.08,3.33,4.02,2.05,3.25,3.8,,,,2.14,3.55,4.1,2.07,3.36,3.81,2.1,1.73,2.15,1.76,2.2,2.04,2.04,1.81,-0.5,2.1,1.83,2.09,1.85,2.13,1.89,2.06,1.81,2024,Football-Data.co.uk,https://www.football-data.co.uk/mmz4281/2425/D1.csv,2.1,3.6,3.4,2.13,3.84,3.51,2.12,3.75,3.65,1.85,2.16,1.85,2.14,2.0,3.3,3.5,2.1,3.36,3.9,2.14,3.4,4.0,2.2,1.81,2.14,1.84,,,,,,,,,,,,,,,,,,,,,,,,,,,,,,,2024-09-15,augsburg,st pauli,market_average_open,2.09,3.62,3.47,market_average_close,2.07,3.36,3.81,market_average_close,2.07,3.36,3.81,closing,0.48309178743961356,0.2976190476190476,0.26246719160104987,1.043178026659711,0.463096207064952,0.28530034185251507,0.25160345108253296,0.7483965489174671,0.536903792935048,0.7146996581474849,1.336190020446339,1.8625310775574557,1.399189139941691,H,0
D1,2024-09-15,16:30,Mainz,Werder Bremen,1,2,A,1.0,1.0,D,11.0,11.0,5.0,5.0,12.0,7.0,10.0,4.0,3.0,1.0,0.0,1.0,2.0,3.7,3.5,2.05,3.5,3.6,,,,2.04,3.66,3.61,2.05,3.6,3.5,,,,2.08,3.84,3.72,2.04,3.66,3.57,1.73,2.1,1.78,2.1,1.82,2.15,1.75,2.09,-0.5,2.05,1.85,2.05,1.84,2.08,1.86,2.04,1.83,2.15,3.6,3.2,2.2,3.5,3.2,,,,2.2,3.62,3.37,2.2,3.5,3.2,,,,2.26,3.7,3.5,2.17,3.58,3.31,1.73,2.1,1.76,2.16,1.78,2.21,1.75,2.12,-0.25,1.92,2.01,1.91,2.01,1.96,2.07,1.88,1.98,2024,Football-Data.co.uk,https://www.football-data.co.uk/mmz4281/2425/D1.csv,2.0,3.75,3.6,2.06,3.84,3.7,2.1,3.75,3.75,1.8,2.16,2.1,1.88,2.1,3.5,3.3,2.2,3.68,3.28,2.28,3.6,3.5,1.8,2.22,1.96,2.03,,,,,,,,,,,,,,,,,,,,,,,,,,,,,,,2024-09-15,mainz 05,werder bremen,market_average_open,2.04,3.66,3.57,market_average_close,2.17,3.58,3.31,market_average_close,2.17,3.58,3.31,closing,0.4608294930875576,0.27932960893854747,0.3021148036253776,1.0422739056514827,0.4421385689393346,0.26800019402188713,0.28986123703877825,0.7101387629612217,0.5578614310606653,0.7319998059781129,1.4081754892946277,1.7925598442944763,1.3661205806793622,H,0
D1,2024-09-20,19:30,Augsburg,Mainz,2,3,A,1.0,2.0,A,30.0,5.0,9.0,3.0,7.0,12.0,14.0,1.0,3.0,5.0,1.0,1.0,2.38,3.5,2.9,2.4,3.4,2.8,,,,2.42,3.6,2.97,2.4,3.4,2.88,,,,2.5,3.72,3.01,2.42,3.54,2.9,1.67,2.2,1.7,2.26,1.73,2.33,1.68,2.22,-0.25,2.1,1.83,2.11,1.83,2.14,1.84,2.07,1.79,2.3,3.5,3.0,2.35,3.4,2.9,,,,2.41,3.53,3.03,2.4,3.4,2.88,,,,2.44,3.62,3.18,2.37,3.51,2.98,1.73,2.1,1.78,2.15,1.84,2.25,1.73,2.13,-0.25,2.08,1.85,2.09,1.85,2.11,1.88,2.03,1.83,2024,Football-Data.co.uk,https://www.football-data.co.uk/mmz4281/2425/D1.csv,2.45,3.4,2.88,2.44,3.72,2.97,2.54,3.6,3.0,1.73,2.34,2.19,1.83,2.38,3.4,2.88,2.29,3.58,3.18,2.46,3.6,3.1,1.79,2.24,2.13,1.88,,,,,,,,,,,,,,,,,,,,,,,,,,,,,,,2024-09-20,augsburg,mainz 05,market_average_open,2.42,3.54,2.9,market_average_close,2.37,3.51,2.98,market_average_close,2.37,3.51,2.98,closing,0.42194092827004215,0.2849002849002849,0.33557046979865773,1.0424116829689847,0.4047737905894099,0.273308798774046,0.32191741063654417,0.6780825893634559,0.5952262094105902,0.7266912012259541,1.4747466100534175,1.6800335472294277,1.3761003275021966,H,0
D1,2024-09-21,14:30,Bochum,Holstein Kiel,2,2,D,2.0,1.0,H,14.0,13.0,3.0,4.0,20.0,9.0,2.0,5.0,4.0,1.0,0.0,0.0,1.91,3.5,4.0,1.98,3.7,3.5,,,,1.99,3.8,3.7,1.95,3.7,3.7,,,,2.02,3.9,4.0,1.98,3.73,3.68,1.62,2.3,1.61,2.42,1.65,2.45,1.61,2.36,-0.5,2.02,1.91,2.0,1.9,2.02,1.92,1.98,1.88,1.75,3.8,4.33,1.83,3.8,4.0,,,,1.82,3.94,4.4,1.8,3.8,4.2,,,,2.04,4.0,4.48,1.83,3.89,4.17,1.5,2.63,1.51,2.7,1.51,2.78,1.48,2.68,-0.5,1.75,2.05,1.82,2.1,2.02,2.12,1.84,2.01,2024,Football-Data.co.uk,https://www.football-data.co.uk/mmz4281/2425/D1.csv,1.95,3.7,3.9,2.02,3.9,3.78,2.02,3.8,4.0,1.66,2.42,2.03,1.96,1.75,3.75,4.33,1.83,3.86,4.48,1.86,4.0,4.6,1.53,2.84,1.86,2.14,,,,,,,,,,,,,,,,,,,,,,,,,,,,,,,2024-09-21,bochum,holstein kiel,market_average_open,1.98,3.73,3.68,market_average_close,1.83,3.89,4.17,market_average_close,1.83,3.89,4.17,closing,0.5464480874316939,0.2570694087403599,0.23980815347721823,1.043325649649272,0.5237560177068299,0.24639421912686343,0.22984976316630668,0.7701502368336933,0.4762439822931701,0.7536057808731366,1.2984479549227752,2.099764064597486,1.3269537275064267,H,1
D1,2024-09-21,14:30,Heidenheim,Freiburg,0,3,A,0.0,0.0,D,7.0,14.0,2.0,5.0,6.0,7.0,3.0,9.0,1.0,1.0,0.0,0.0,2.7,3.5,2.55,2.75,3.5,2.45,,,,2.75,3.4,2.66,2.7,3.3,2.6,,,,2.82,3.55,2.66,2.72,3.46,2.59,1.73,2.1,1.75,2.16,1.79,2.24,1.72,2.15,0.0,2.02,1.91,1.99,1.92,2.05,1.92,1.99,1.89,3.25,3.5,2.2,3.2,3.4,2.2,,,,3.37,3.48,2.25,3.2,3.4,2.25,,,,3.43,3.6,2.48,3.23,3.48,2.25,1.8,2.0,1.83,2.07,1.85,2.19,1.78,2.06,0.25,1.97,1.96,1.97,1.95,1.98,2.12,1.92,1.93,2024,Football-Data.co.uk,https://www.football-data.co.uk/mmz4281/2425/D1.csv,2.7,3.5,2.55,2.82,3.52,2.66,2.8,3.65,2.66,1.71,2.28,2.03,1.94,3.2,3.3,2.2,3.43,3.56,2.18,3.45,3.55,2.32,1.85,2.14,1.99,2.0,,,,,,,,,,,,,,,,,,,,,,,,,,,,,,,2024-09-21,fc heidenheim,freiburg,market_average_open,2.72,3.46,2.59,market_average_close,3.23,3.48,2.25,market_average_close,3.23,3.48,2.25,closing,0.30959752321981426,0.28735632183908044,0.4444444444444444,1.0413982895033391,0.2972902167598784,0.27593316095816295,0.4267766222819587,0.5732233777180413,0.7027097832401217,0.724066839041837,1.7445206159960258,1.4230625840857147,1.381087968789328,A,0
D1,2024-09-21,14:30,Union Berlin,Hoffenheim,2,1,H,2.0,0.0,H,12.0,6.0,2.0,3.0,17.0,18.0,5.0,5.0,3.0,3.0,0.0,0.0,2.0,3.6,3.7,2.05,3.6,3.4,,,,2.04,3.72,3.65,2.05,3.6,3.4,,,,2.12,3.88,3.8,2.03,3.68,3.58,1.73,2.1,1.75,2.17,1.79,2.2,1.74,2.13,-0.5,2.06,1.87,2.05,1.87,2.12,1.87,2.04,1.83,1.8,3.9,4.2,1.87,3.75,3.9,,,,1.87,3.84,4.28,1.85,3.75,4.0,,,,1.9,4.0,4.43,1.83,3.88,4.17,1.57,2.38,1.61,2.46,1.64,2.5,1.58,2.4,-0.5,1.78,2.03,1.88,2.05,1.88,2.14,1.84,2.03,2024,Football-Data.co.uk,https://www.football-data.co.uk/mmz4281/2425/D1.csv,2.0,3.6,3.7,2.07,3.88,3.66,2.1,3.7,3.85,1.78,2.2,2.1,1.89,1.83,3.7,4.0,1.81,3.97,4.43,1.88,4.0,4.4,1.63,2.54,1.89,2.11,,,,,,,,,,,,,,,,,,,,,,,,,,,,,,,2024-09-21,union berlin,hoffenheim,market_average_open,2.03,3.68,3.58,market_average_close,1.83,3.88,4.17,market_average_close,1.83,3.88,4.17,closing,0.5464480874316939,0.2577319587628866,0.23980815347721823,1.0439881996717988,0.5234236245232294,0.24687248270038922,0.2297038927763813,0.7702961072236186,0.47657637547677056,0.7531275172996108,1.2982020688178004,2.0982995621627123,1.3277963917525772,H,1
D1,2024-09-21,14:30,Werder Bremen,Bayern Munich,0,5,A,0.0,2.0,A,0.0,25.0,0.0,7.0,4.0,13.0,1.0,4.0,0.0,3.0,0.0,0.0,8.0,5.5,1.36,7.25,5.5,1.36,,,,7.92,5.6,1.36,8.5,5.8,1.3,,,,8.5,5.9,1.4,7.74,5.57,1.36,1.36,3.2,1.39,3.11,1.4,3.3,1.36,3.11,1.5,1.94,1.99,1.93,1.97,1.97,2.0,1.91,1.95,8.5,5.75,1.33,8.25,6.0,1.31,,,,9.26,6.08,1.32,11.0,6.0,1.25,,,,11.0,6.3,1.34,9.06,6.0,1.3,1.36,3.2,1.35,3.34,1.38,3.4,1.34,3.27,1.75,1.86,2.07,1.85,2.08,1.89,2.09,1.85,2.01,2024,Football-Data.co.uk,https://www.football-data.co.uk/mmz4281/2425/D1.csv,8.0,5.5,1.33,7.8,5.77,1.4,8.6,6.2,1.37,1.4,3.4,1.94,2.01,9.0,6.0,1.25,9.3,5.98,1.32,10.0,6.8,1.32,1.38,3.55,1.9,2.08,,,,,,,,,,,,,,,,,,,,,,,,,,,,,,,2024-09-21,werder bremen,bayern munich,market_average_open,7.74,5.57,1.36,market_average_close,9.06,6.0,1.3,market_average_close,9.06,6.0,1.3,closing,0.11037527593818984,0.16666666666666666,0.7692307692307692,1.0462727118356256,0.10549379209608051,0.15929562606508155,0.7352105818388379,0.2647894181611621,0.8945062079039194,0.8407043739349185,3.7765859638369594,1.1179352263449152,1.1894787644787643,A,0
D1,2024-09-21,17:30,Ein Frankfurt,M'gladbach,2,0,H,1.0,0.0,H,14.0,22.0,4.0,7.0,10.0,12.0,8.0,5.0,1.0,1.0,0.0,0.0,1.75,4.0,4.33,1.75,4.0,4.2,,,,1.79,4.14,4.26,1.8,4.0,4.0,,,,1.82,4.36,4.33,1.78,4.13,4.18,1.5,2.63,1.51,2.64,1.52,2.72,1.49,2.6,-0.75,2.02,1.91,2.0,1.9,2.02,1.92,1.96,1.88,1.73,4.1,4.33,1.75,4.1,4.1,,,,1.77,4.29,4.3,1.73,4.0,4.33,,,,1.8,4.45,4.43,1.76,4.23,4.22,1.44,2.75,1.45,2.89,1.46,2.99,1.42,2.84,-0.75,1.97,1.96,1.98,1.94,1.98,2.0,1.92,1.92,2024,Football-Data.co.uk,https://www.football-data.co.uk/mmz4281/2425/D1.csv,1.75,4.2,4.33,1.82,4.36,4.26,1.8,4.3,4.5,1.53,2.76,2.0,1.96,1.67,3.9,4.2,1.8,4.45,4.26,1.79,4.3,4.7,1.46,3.1,1.98,2.0,,,,,,,,,,,,,,,,,,,,,,,,,,,,,,,2024-09-21,eintracht frankfurt,borussia m gladbach,market_average_open,1.78,4.13,4.18,market_average_close,1.76,4.23,4.22,market_average_close,1.76,4.23,4.22,closing,0.5681818181818182,0.23640661938534277,0.23696682464454977,1.0415552622117108,0.5455128871177718,0.22697462915538494,0.2275124837268432,0.7724875162731567,0.45448711288222815,0.773025370844615,1.2945193015214933,2.200282409897795,1.2936186025917757,H,1
D1,2024-09-22,14:30,Leverkusen,Wolfsburg,4,3,H,2.0,3.0,A,20.0,8.0,7.0,4.0,6.0,14.0,6.0,2.0,4.0,5.0,0.0,1.0,1.3,5.75,8.0,1.31,5.75,9.0,,,,1.31,5.91,9.23,1.3,5.5,9.5,,,,1.34,6.2,10.5,1.3,5.83,9.28,1.44,2.75,1.47,2.77,1.5,2.79,1.46,2.69,-1.5,1.88,2.05,1.87,2.04,1.9,2.05,1.85,2.0,1.27,6.0,8.5,1.28,6.0,9.75,,,,1.27,6.45,10.37,1.29,5.8,9.5,,,,1.31,6.9,12.0,1.27,6.27,10.09,1.36,3.2,1.4,3.08,1.44,3.2,1.39,3.02,-1.75,2.0,1.93,1.97,1.93,2.02,2.03,1.94,1.92,2024,Football-Data.co.uk,https://www.football-data.co.uk/mmz4281/2425/D1.csv,1.29,6.0,10.5,1.34,6.02,9.65,1.32,6.4,10.5,1.51,2.86,1.92,2.02,1.22,6.0,9.0,1.29,6.56,9.68,1.3,6.6,11.5,1.43,3.25,2.03,1.94,,,,,,,,,,,,,,,,,,,,,,,,,,,,,,,2024-09-22,bayer leverkusen,wolfsburg,market_average_open,1.3,5.83,9.28,market_average_close,1.27,6.27,10.09,market_average_close,1.27,6.27,10.09,closing,0.7874015748031495,0.1594896331738437,0.09910802775024777,1.045999235727241,0.7527745221110999,0.15247586014052583,0.09474961774837433,0.9052503822516257,0.24722547788890015,0.8475241398594742,1.104666752542765,4.044890553106289,1.1799073949277805,H,1
D1,2024-09-22,16:30,Stuttgart,Dortmund,5,1,H,2.0,0.0,H,16.0,6.0,9.0,3.0,10.0,6.0,6.0,4.0,1.0,3.0,0.0,0.0,2.3,3.75,2.9,2.3,3.8,2.75,,,,2.32,3.8,2.94,2.25,3.8,2.88,,,,2.36,4.16,2.99,2.31,3.82,2.86,1.44,2.75,1.45,2.87,1.46,2.93,1.43,2.79,-0.25,2.06,1.87,2.04,1.87,2.06,1.87,1.99,1.84,2.25,3.75,3.0,2.3,3.7,2.85,,,,2.32,3.81,2.99,2.25,3.7,2.9,,,,2.37,3.87,3.02,2.3,3.77,2.92,1.44,2.75,1.47,2.81,1.47,3.0,1.44,2.8,-0.25,2.05,1.88,2.04,1.89,2.08,1.9,2.01,1.85,2024,Football-Data.co.uk,https://www.football-data.co.uk/mmz4281/2425/D1.csv,2.3,3.9,2.88,2.32,4.16,2.91,2.38,4.0,2.98,1.47,2.98,2.08,1.9,2.2,3.6,2.88,2.35,3.8,2.92,2.36,3.9,3.1,1.48,3.0,2.06,1.93,,,,,,,,,,,,,,,,,,,,,,,,,,,,,,,2024-09-22,vfb stuttgart,dortmund,market_average_open,2.31,3.82,2.86,market_average_close,2.3,3.77,2.92,market_average_close,2.3,3.77,2.92,closing,0.4347826086956522,0.26525198938992045,0.3424657534246575,1.0425003515102302,0.41705751759776327,0.25443827333550545,0.3285042090667313,0.6714957909332687,0.5829424824022367,0.7455617266644945,1.4892126108641195,1.7154351075583287,1.3412705671920893,H,0
D1,2024-09-22,18:30,St Pauli,RB Leipzig,0,0,D,0.0,0.0,D,15.0,10.0,4.0,5.0,6.0,9.0,3.0,1.0,2.0,1.0,0.0,0.0,5.75,3.9,1.62,5.0,4.0,1.65,,,,5.19,4.25,1.64,5.0,4.0,1.65,,,,5.75,4.37,1.67,5.11,4.15,1.64,1.67,2.2,1.69,2.24,1.73,2.3,1.66,2.23,1.0,1.83,2.1,1.83,2.09,1.83,2.13,1.79,2.07,5.5,3.9,1.62,4.8,4.1,1.65,,,,5.25,4.22,1.66,5.0,3.9,1.65,,,,5.88,4.3,1.7,5.12,4.1,1.65,1.67,2.2,1.66,2.33,1.76,2.41,1.65,2.26,0.75,2.05,1.75,2.11,1.83,2.17,1.85,2.07,1.8,2024,Football-Data.co.uk,https://www.football-data.co.uk/mmz4281/2425/D1.csv,5.0,4.2,1.62,5.29,4.37,1.67,5.8,4.4,1.66,1.73,2.32,1.86,2.08,4.75,4.0,1.65,5.88,4.0,1.64,5.3,4.4,1.7,1.69,2.42,2.11,1.88,,,,,,,,,,,,,,,,,,,,,,,,,,,,,,,2024-09-22,st pauli,rasenballsport leipzig,market_average_open,5.11,4.15,1.64,market_average_close,5.12,4.1,1.65,market_average_close,5.12,4.1,1.65,closing,0.1953125,0.24390243902439027,0.6060606060606061,1.0452755450849964,0.18685264466233945,0.2333379367490678,0.5798094185885927,0.42019058141140725,0.8131473553376605,0.7666620632509321,2.3798724774863604,1.229789402173913,1.3043556580322082,A,0
D1,2024-09-27,19:30,Dortmund,Bochum,4,2,H,1.0,2.0,A,23.0,10.0,8.0,6.0,12.0,9.0,11.0,0.0,2.0,0.0,0.0,0.0,1.25,7.0,9.0,1.24,6.75,10.5,,,,1.24,7.21,11.22,1.25,6.5,11.0,,,,1.26,7.32,11.4,1.24,6.99,10.74,1.29,3.75,1.32,3.43,1.32,3.75,1.29,3.57,-1.75,1.75,2.03,1.82,2.08,1.91,2.16,1.79,2.06,1.22,7.0,11.0,1.2,7.5,12.0,,,,1.2,7.66,13.43,1.22,6.5,12.0,,,,1.25,8.2,14.0,1.2,7.53,12.5,1.29,3.75,1.32,3.43,1.29,4.1,1.27,3.84,-2.0,1.89,2.01,1.89,2.01,1.95,2.06,1.89,1.97,2024,Football-Data.co.uk,https://www.football-data.co.uk/mmz4281/2425/D1.csv,1.22,7.0,11.0,1.26,7.32,11.4,1.27,7.4,12.0,1.32,4.0,1.85,2.13,1.18,7.0,12.0,1.25,7.2,11.3,1.22,8.2,16.0,1.3,4.2,1.9,2.09,,,,,,,,,,,,,,,,,,,,,,,,,,,,,,,2024-09-27,dortmund,bochum,market_average_open,1.24,6.99,10.74,market_average_close,1.2,7.53,12.5,market_average_close,1.2,7.53,12.5,closing,0.8333333333333334,0.13280212483399734,0.08,1.0461354581673308,0.7965826287861477,0.1269454388503821,0.07647193236347018,0.9235280676365298,0.20341737121385228,0.8730545611496179,1.0828041237113402,4.916000998502247,1.1454037863145956,H,1
D1,2024-09-28,14:30,Freiburg,St Pauli,0,3,A,0.0,2.0,A,6.0,10.0,2.0,4.0,7.0,18.0,4.0,2.0,3.0,3.0,0.0,0.0,1.62,4.0,5.5,1.63,3.9,5.25,,,,1.62,4.15,5.59,1.62,3.9,5.5,,,,1.69,4.27,5.7,1.63,4.08,5.44,1.84,2.06,1.81,2.06,1.87,2.09,1.82,2.03,-0.75,1.75,2.05,1.79,2.12,1.82,2.13,1.78,2.07,1.57,4.2,5.5,1.57,4.1,5.5,,,,1.6,4.2,5.98,1.55,4.2,5.8,,,,1.61,4.35,6.25,1.57,4.18,5.77,1.67,2.2,1.7,2.26,1.82,2.29,1.71,2.17,-1.0,2.01,1.92,2.0,1.92,2.01,1.95,1.96,1.9,2024,Football-Data.co.uk,https://www.football-data.co.uk/mmz4281/2425/D1.csv,1.62,4.0,5.5,1.66,4.27,5.56,1.67,4.2,6.0,1.83,2.12,1.84,2.15,1.5,3.8,5.5,1.58,4.31,6.11,1.62,4.2,6.6,1.79,2.24,2.04,1.95,,,,,,,,,,,,,,,,,,,,,,,,,,,,,,,2024-09-28,freiburg,st pauli,market_average_open,1.63,4.08,5.44,market_average_close,1.57,4.18,5.77,market_average_close,1.57,4.18,5.77,closing,0.6369426751592356,0.23923444976076558,0.1733102253032929,1.0494873502232942,0.6069083872461316,0.22795362870249447,0.16513798405137378,0.8348620159486261,0.3930916127538683,0.7720463712975054,1.1978027277522418,2.5439362417181446,1.2952589859588284,H,1
D1,2024-09-28,14:30,Mainz,Heidenheim,0,2,A,0.0,1.0,A,7.0,14.0,2.0,7.0,10.0,10.0,7.0,6.0,4.0,4.0,1.0,1.0,1.83,3.75,4.2,1.82,3.7,4.2,,,,1.86,3.82,4.21,1.83,3.75,4.2,,,,1.89,4.01,4.3,1.85,3.8,4.2,1.73,2.1,1.74,2.16,1.79,2.2,1.74,2.13,-0.75,2.03,1.78,2.11,1.79,2.13,1.83,2.06,1.79,1.83,3.7,4.33,1.82,3.6,4.33,,,,1.86,3.67,4.56,1.83,3.7,4.2,,,,1.89,3.76,4.58,1.85,3.67,4.35,1.85,2.05,1.85,2.06,1.88,2.1,1.81,2.04,-0.5,1.87,2.06,1.87,2.07,1.91,2.09,1.86,2.02,2024,Football-Data.co.uk,https://www.football-data.co.uk/mmz4281/2425/D1.csv,1.85,3.8,4.2,1.89,4.01,4.22,1.9,3.95,4.5,1.78,2.22,2.15,1.84,1.75,3.4,4.33,1.86,3.76,4.4,1.89,3.75,4.8,1.83,2.18,1.89,2.11,,,,,,,,,,,,,,,,,,,,,,,,,,,,,,,2024-09-28,mainz 05,fc heidenheim,market_average_open,1.85,3.8,4.2,market_average_close,1.85,3.67,4.35,market_average_close,1.85,3.67,4.35,closing,0.5405405405405405,0.2724795640326976,0.2298850574712644,1.0429051620445025,0.5183026800642825,0.26126974335665476,0.22042757657906273,0.7795724234209372,0.4816973199357175,0.7387302566433452,1.2827544561052808,2.0759924513041716,1.3536740792827635,H,1
D1,2024-09-28,14:30,M'gladbach,Union Berlin,1,0,H,0.0,0.0,D,8.0,9.0,3.0,3.0,10.0,12.0,2.0,4.0,3.0,1.0,0.0,0.0,2.1,3.5,3.4,2.1,3.5,3.4,,,,2.13,3.54,3.54,2.1,3.5,3.4,,,,2.2,3.79,3.64,2.12,3.54,3.47,1.8,2.0,1.81,2.07,1.85,2.1,1.8,2.05,-0.25,1.84,2.06,1.85,2.06,1.85,2.08,1.82,2.03,2.15,3.5,3.25,2.15,3.5,3.25,,,,2.19,3.47,3.53,2.15,3.5,3.3,,,,2.26,3.61,3.53,2.19,3.44,3.37,1.8,2.0,1.82,2.09,1.9,2.12,1.8,2.05,-0.25,1.89,2.04,1.89,2.04,1.95,2.04,1.88,1.97,2024,Football-Data.co.uk,https://www.football-data.co.uk/mmz4281/2425/D1.csv,2.15,3.4,3.4,2.14,3.79,3.52,2.22,3.65,3.6,1.86,2.12,1.91,2.08,2.05,3.25,3.3,2.17,3.61,3.41,2.26,3.55,3.55,1.83,2.16,1.94,2.04,,,,,,,,,,,,,,,,,,,,,,,,,,,,,,,2024-09-28,borussia m gladbach,union berlin,market_average_open,2.12,3.54,3.47,market_average_close,2.19,3.44,3.37,market_average_close,2.19,3.44,3.37,closing,0.4566210045662101,0.29069767441860467,0.29673590504451036,1.0440545840293252,0.437353574756571,0.2784314909060728,0.2842149343373562,0.7157850656626438,0.5626464252434289,0.7215685090939272,1.397067427041443,1.777315122134385,1.3858697925380625,H,0
D1,2024-09-28,14:30,RB Leipzig,Augsburg,4,0,H,2.0,0.0,H,14.0,7.0,7.0,1.0,9.0,13.0,8.0,5.0,1.0,2.0,0.0,0.0,1.4,5.25,6.5,1.4,5.25,6.75,,,,1.4,5.4,7.14,1.44,5.0,6.0,,,,1.48,5.55,7.5,1.42,5.22,6.88,1.44,2.75,1.45,2.84,1.47,2.9,1.43,2.8,-1.25,1.86,2.04,1.86,2.05,1.92,2.06,1.84,2.0,1.5,4.75,5.5,1.49,4.6,5.75,,,,1.51,4.84,6.15,1.5,4.6,6.0,,,,1.56,5.1,6.5,1.5,4.77,5.92,1.5,2.63,1.51,2.68,1.52,2.87,1.48,2.69,-1.0,1.78,2.03,1.83,2.11,1.88,2.16,1.8,2.08,2024,Football-Data.co.uk,https://www.football-data.co.uk/mmz4281/2425/D1.csv,1.4,5.0,7.0,1.48,5.55,6.22,1.45,5.5,7.6,1.48,2.94,1.9,2.06,1.44,4.5,5.5,1.56,4.88,5.46,1.53,5.1,6.4,1.53,2.84,1.84,2.17,,,,,,,,,,,,,,,,,,,,,,,,,,,,,,,2024-09-28,rasenballsport leipzig,augsburg,market_average_open,1.42,5.22,6.88,market_average_close,1.5,4.77,5.92,market_average_close,1.5,4.77,5.92,closing,0.6666666666666666,0.20964360587002098,0.16891891891891891,1.0452291914556064,0.6378186450554961,0.20057190096084787,0.16160945398365612,0.838390546016344,0.362181354944504,0.7994280990391522,1.1927615414457517,2.7610477081384466,1.2508942345182998,H,1
D1,2024-09-28,14:30,Wolfsburg,Stuttgart,2,2,D,1.0,1.0,D,5.0,17.0,2.0,5.0,20.0,10.0,1.0,3.0,5.0,2.0,0.0,1.0,3.2,3.9,2.05,3.1,3.8,2.1,,,,3.35,3.89,2.09,3.1,3.8,2.15,,,,3.39,4.1,2.19,3.22,3.89,2.1,1.5,2.63,1.52,2.62,1.54,2.69,1.5,2.58,0.25,2.05,1.85,2.08,1.84,2.08,1.88,2.02,1.83,3.6,3.75,2.0,3.4,3.7,2.05,,,,3.66,3.82,2.03,3.3,3.75,2.05,,,,3.72,3.91,2.1,3.48,3.76,2.04,1.62,2.3,1.66,2.35,1.66,2.45,1.61,2.35,0.5,1.88,2.05,1.89,2.04,1.9,2.08,1.83,2.05,2024,Football-Data.co.uk,https://www.football-data.co.uk/mmz4281/2425/D1.csv,3.3,3.9,2.05,3.34,4.1,2.12,3.4,4.0,2.16,1.54,2.72,2.1,1.89,3.3,3.6,1.95,3.72,3.83,2.0,3.65,3.95,2.08,1.66,2.48,1.91,2.08,,,,,,,,,,,,,,,,,,,,,,,,,,,,,,,2024-09-28,wolfsburg,vfb stuttgart,market_average_open,3.22,3.89,2.1,market_average_close,3.48,3.76,2.04,market_average_close,3.48,3.76,2.04,closing,0.28735632183908044,0.26595744680851063,0.49019607843137253,1.0435098470789637,0.27537480613475784,0.254868171635361,0.4697570222298811,0.5302429777701189,0.7246251938652422,0.7451318283646389,1.885927851803705,1.3800237812128417,1.3420444033302499,A,0
D1,2024-09-28,17:30,Bayern Munich,Leverkusen,1,1,D,1.0,1.0,D,18.0,3.0,3.0,3.0,11.0,15.0,6.0,1.0,1.0,3.0,0.0,0.0,1.73,4.33,4.2,1.72,4.33,4.1,,,,1.74,4.34,4.36,1.7,4.33,4.2,,,,1.75,4.79,4.53,1.73,4.41,4.22,1.3,3.5,1.35,3.33,1.34,3.6,1.31,3.42,-2.5,4.5,1.19,,,5.2,1.2,4.61,1.19,1.67,4.5,4.33,1.65,4.4,4.5,,,,1.67,4.53,4.75,1.65,4.2,4.75,,,,1.68,4.75,5.5,1.64,4.49,4.75,1.33,3.4,1.36,3.34,1.36,3.56,1.33,3.3,-1.0,2.03,1.78,2.08,1.85,2.12,1.98,2.0,1.86,2024,Football-Data.co.uk,https://www.football-data.co.uk/mmz4281/2425/D1.csv,1.73,4.33,4.33,1.71,4.79,4.53,1.77,4.6,4.5,1.34,3.65,5.1,1.23,1.62,4.33,4.6,1.66,4.58,4.8,1.71,4.8,4.8,1.37,3.65,2.11,1.88,,,,,,,,,,,,,,,,,,,,,,,,,,,,,,,2024-09-28,bayern munich,bayer leverkusen,market_average_open,1.73,4.41,4.22,market_average_close,1.64,4.49,4.75,market_average_close,1.64,4.49,4.75,closing,0.6097560975609756,0.22271714922048996,0.21052631578947367,1.0429995625709392,0.5846177883890563,0.21353522783030118,0.20184698378064259,0.7981530162193575,0.4153822116109438,0.7864647721696989,1.252892590366618,2.4074213388237777,1.271512768768015,H,1
D1,2024-09-29,14:30,Holstein Kiel,Ein Frankfurt,2,4,A,1.0,1.0,D,10.0,18.0,5.0,10.0,12.0,13.0,4.0,9.0,1.0,3.0,0.0,0.0,4.2,4.2,1.73,4.5,4.2,1.68,,,,4.5,4.22,1.73,4.4,4.2,1.7,,,,4.6,4.43,1.77,4.41,4.24,1.72,1.5,2.63,1.52,2.62,1.54,2.66,1.5,2.57,0.75,1.95,1.95,1.97,1.93,1.98,1.97,1.94,1.89,3.5,3.9,1.95,3.6,3.9,1.9,,,,3.77,3.88,2.0,3.7,3.8,1.91,,,,4.0,3.98,2.04,3.66,3.86,1.96,1.57,2.38,1.61,2.43,1.61,2.51,1.57,2.43,0.5,1.9,2.03,1.92,2.01,2.0,2.04,1.91,1.96,2024,Football-Data.co.uk,https://www.football-data.co.uk/mmz4281/2425/D1.csv,4.4,4.33,1.73,4.46,4.43,1.77,4.6,4.5,1.77,1.52,2.72,2.01,1.96,3.6,3.8,1.91,3.79,3.96,1.94,3.95,3.95,2.02,1.63,2.56,1.96,2.03,,,,,,,,,,,,,,,,,,,,,,,,,,,,,,,2024-09-29,holstein kiel,eintracht frankfurt,market_average_open,4.41,4.24,1.72,market_average_close,3.66,3.86,1.96,market_average_close,3.66,3.86,1.96,closing,0.27322404371584696,0.2590673575129534,0.5102040816326531,1.0424954828614534,0.262086549253814,0.24850693530283927,0.4894065154433467,0.5105934845566533,0.737913450746186,0.7514930646971607,1.9585052105948761,1.3551724785458095,1.3306842697250751,A,0
D1,2024-09-29,16:30,Hoffenheim,Werder Bremen,3,4,A,3.0,3.0,D,10.0,18.0,5.0,10.0,12.0,19.0,2.0,6.0,3.0,3.0,1.0,0.0,2.38,3.8,2.7,2.25,3.75,2.9,,,,2.4,3.78,2.84,2.3,3.8,2.8,,,,2.42,4.07,2.9,2.36,3.8,2.8,1.44,2.75,1.48,2.74,1.49,2.85,1.45,2.74,-0.25,2.05,1.75,2.11,1.82,2.11,1.83,2.04,1.8,2.25,3.8,2.9,2.25,3.7,2.95,,,,2.29,3.78,3.07,2.25,3.75,2.88,,,,2.37,3.87,3.1,2.28,3.73,2.95,1.5,2.63,1.53,2.64,1.54,2.75,1.5,2.6,-0.25,2.01,1.92,2.0,1.92,2.06,1.92,2.0,1.86,2024,Football-Data.co.uk,https://www.football-data.co.uk/mmz4281/2425/D1.csv,2.38,3.8,2.8,2.4,4.07,2.83,2.46,3.9,2.94,1.52,2.82,2.14,1.86,2.15,3.5,2.88,2.3,3.87,2.96,2.34,3.75,3.2,1.56,2.76,2.03,1.95,,,,,,,,,,,,,,,,,,,,,,,,,,,,,,,2024-09-29,hoffenheim,werder bremen,market_average_open,2.36,3.8,2.8,market_average_close,2.28,3.73,2.95,market_average_close,2.28,3.73,2.95,closing,0.4385964912280702,0.2680965147453083,0.3389830508474576,1.045676056820836,0.419438207815079,0.25638582139902955,0.32417597078589155,0.6758240292141086,0.5805617921849211,0.7436141786009706,1.479675117741617,1.7224695346149803,1.3447833954449222,H,0
D1,2024-10-04,19:30,Augsburg,M'gladbach,2,1,H,1.0,0.0,H,13.0,11.0,5.0,5.0,13.0,15.0,6.0,5.0,2.0,4.0,0.0,0.0,2.38,3.7,2.7,2.37,3.7,2.7,,,,2.46,3.78,2.81,2.4,3.7,2.7,,,,2.5,4.02,2.85,2.43,3.75,2.75,1.5,2.63,1.53,2.63,1.54,2.69,1.5,2.59,0.0,1.82,2.08,1.84,2.1,1.9,2.13,1.83,2.06,2.4,3.6,2.75,2.37,3.7,2.75,,,,2.45,3.7,2.86,2.3,3.6,2.9,,,,2.55,3.8,2.93,2.41,3.7,2.8,1.57,2.38,1.6,2.47,1.6,2.57,1.55,2.47,0.0,1.81,2.09,1.82,2.13,1.88,2.16,1.82,2.09,2024,Football-Data.co.uk,https://www.football-data.co.uk/mmz4281/2425/D1.csv,2.4,3.7,2.8,2.5,4.02,2.73,2.5,3.85,2.9,1.54,2.78,1.85,2.15,2.3,3.6,2.75,2.55,3.69,2.71,2.48,3.85,2.94,1.61,2.6,1.84,2.17,,,,,,,,,,,,,,,,,,,,,,,,,,,,,,,2024-10-04,augsburg,borussia m gladbach,market_average_open,2.43,3.75,2.75,market_average_close,2.41,3.7,2.8,market_average_close,2.41,3.7,2.8,closing,0.41493775933609955,0.27027027027027023,0.35714285714285715,1.042350886749227,0.39807877041306433,0.25928914505283374,0.3426320845341018,0.657367915465898,0.6019212295869356,0.7407108549471662,1.5212181435585694,1.6613469518033834,1.3500544690563885,H,0
D1,2024-10-05,14:30,Bochum,Wolfsburg,1,3,A,0.0,2.0,A,17.0,15.0,5.0,5.0,11.0,12.0,7.0,6.0,1.0,2.0,0.0,0.0,3.0,3.7,2.2,3.0,3.7,2.2,,,,3.07,3.78,2.25,3.0,3.7,2.2,,,,3.14,3.91,2.3,3.03,3.75,2.24,1.62,2.3,1.63,2.39,1.67,2.43,1.61,2.35,0.25,1.92,1.98,1.93,1.98,1.93,2.0,1.91,1.93,3.0,3.7,2.2,2.95,3.7,2.2,,,,3.13,3.71,2.28,3.1,3.6,2.2,,,,3.21,3.8,2.3,3.04,3.69,2.23,1.62,2.3,1.65,2.37,1.65,2.42,1.61,2.33,0.25,1.92,2.01,1.93,1.99,1.96,2.01,1.91,1.94,2024,Football-Data.co.uk,https://www.football-data.co.uk/mmz4281/2425/D1.csv,3.0,3.6,2.3,3.14,3.91,2.27,3.1,3.8,2.38,1.64,2.44,1.93,2.06,3.0,3.5,2.1,3.21,3.8,2.19,3.2,3.8,2.32,1.66,2.48,1.96,2.02,,,,,,,,,,,,,,,,,,,,,,,,,,,,,,,2024-10-05,bochum,wolfsburg,market_average_open,3.03,3.75,2.24,market_average_close,3.04,3.69,2.23,market_average_close,3.04,3.69,2.23,closing,0.32894736842105265,0.2710027100271003,0.4484304932735426,1.0483805717216956,0.31376713504032333,0.25849650149663495,0.42773636346304167,0.5722636365369582,0.6862328649596766,0.741503498503365,1.7474463449250064,1.4572312855618776,1.3486113039498517,A,0
D1,2024-10-05,14:30,Leverkusen,Holstein Kiel,2,2,D,2.0,1.0,H,24.0,8.0,7.0,4.0,5.0,9.0,12.0,3.0,2.0,2.0,0.0,0.0,1.09,11.0,21.0,1.09,12.0,23.0,,,,1.08,13.45,25.93,1.08,11.0,26.0,,,,1.1,15.0,29.0,1.09,12.54,25.37,1.22,4.33,,,1.25,4.7,1.21,4.32,-2.75,1.92,1.98,1.93,1.94,1.95,2.0,1.9,1.93,1.08,12.0,21.0,1.09,12.5,23.0,,,,1.09,11.97,31.01,1.07,12.0,26.0,,,,1.11,14.0,34.0,1.09,12.08,26.95,1.2,4.5,,,1.22,5.1,1.19,4.65,-2.75,1.86,2.07,1.85,2.05,1.88,2.08,1.85,2.01,2024,Football-Data.co.uk,https://www.football-data.co.uk/mmz4281/2425/D1.csv,1.08,14.0,29.0,1.1,13.7,27.0,1.1,15.0,34.0,1.24,4.7,1.96,1.99,1.06,11.0,23.0,1.09,13.7,24.0,1.11,13.0,38.0,1.22,5.4,1.89,2.07,,,,,,,,,,,,,,,,,,,,,,,,,,,,,,,2024-10-05,bayer leverkusen,holstein kiel,market_average_open,1.09,12.54,25.37,market_average_close,1.09,12.08,26.95,market_average_close,1.09,12.08,26.95,closing,0.9174311926605504,0.08278145695364239,0.03710575139146568,1.0373184010056584,0.8844258347013995,0.07980332448878523,0.035770840809815414,0.9642291591901847,0.11557416529860065,0.9201966755112149,1.037097862545308,8.652452712216194,1.0867242043060528,H,1
D1,2024-10-05,14:30,Union Berlin,Dortmund,2,1,H,2.0,0.0,H,13.0,9.0,5.0,5.0,15.0,17.0,3.0,3.0,4.0,4.0,0.0,0.0,3.3,3.5,2.15,3.3,3.4,2.15,,,,3.43,3.52,2.18,3.4,3.4,2.15,,,,3.5,3.79,2.22,3.37,3.53,2.16,1.73,2.1,1.79,2.1,1.85,2.13,1.77,2.07,0.25,2.02,1.88,2.02,1.89,2.05,1.91,1.99,1.85,3.6,3.6,2.0,3.6,3.5,2.0,,,,3.77,3.6,2.06,3.7,3.6,2.0,,,,3.87,3.69,2.07,3.71,3.57,2.02,1.73,2.1,1.81,2.1,1.84,2.2,1.78,2.08,0.5,1.86,2.07,1.86,2.07,1.9,2.07,1.85,2.03,2024,Football-Data.co.uk,https://www.football-data.co.uk/mmz4281/2425/D1.csv,3.4,3.5,2.1,3.44,3.79,2.17,3.55,3.6,2.22,1.84,2.14,2.06,1.91,3.7,3.3,1.95,3.86,3.69,2.0,4.0,3.75,2.06,1.84,2.16,1.93,2.06,,,,,,,,,,,,,,,,,,,,,,,,,,,,,,,2024-10-05,union berlin,dortmund,market_average_open,3.37,3.53,2.16,market_average_close,3.71,3.57,2.02,market_average_close,3.71,3.57,2.02,closing,0.2695417789757412,0.2801120448179272,0.49504950495049505,1.0447033287441634,0.258007964136342,0.2681259235142378,0.4738661123494203,0.5261338876505799,0.741992035863658,0.7318740764857623,1.9006568926123377,1.3477233604482397,1.3663552681107345,A,0
D1,2024-10-05,14:30,Werder Bremen,Freiburg,0,1,A,0.0,0.0,D,11.0,13.0,3.0,3.0,7.0,9.0,7.0,5.0,1.0,2.0,0.0,0.0,2.6,3.5,2.6,2.6,3.5,2.55,,,,2.67,3.61,2.62,2.6,3.6,2.6,,,,2.7,3.81,2.66,2.61,3.63,2.61,1.67,2.2,1.68,2.27,1.72,2.33,1.67,2.24,0.0,1.95,1.95,1.97,1.93,2.0,1.96,1.95,1.93,2.63,3.4,2.6,2.65,3.4,2.55,,,,2.75,3.46,2.67,2.62,3.6,2.5,,,,2.8,3.63,2.72,2.69,3.5,2.59,1.73,2.1,1.79,2.13,1.79,2.29,1.72,2.16,0.0,1.99,1.94,1.99,1.93,2.01,1.97,1.97,1.92,2024,Football-Data.co.uk,https://www.football-data.co.uk/mmz4281/2425/D1.csv,2.63,3.6,2.6,2.69,3.81,2.63,2.76,3.75,2.66,1.71,2.32,2.03,1.95,2.6,3.3,2.45,2.8,3.5,2.58,2.82,3.65,2.68,1.81,2.2,2.04,1.96,,,,,,,,,,,,,,,,,,,,,,,,,,,,,,,2024-10-05,werder bremen,freiburg,market_average_open,2.61,3.63,2.61,market_average_close,2.69,3.5,2.59,market_average_close,2.69,3.5,2.59,closing,0.3717472118959108,0.2857142857142857,0.3861003861003861,1.0435618837105824,0.35622919704013434,0.27378758286798893,0.36998322009187695,0.6300167799081233,0.6437708029598659,0.7262124171320112,1.5872593110072912,1.5533478613852922,1.3770075757575755,A,0
D1,2024-10-05,17:30,St Pauli,Mainz,0,3,A,0.0,2.0,A,17.0,8.0,4.0,4.0,12.0,16.0,2.0,2.0,0.0,3.0,0.0,0.0,2.4,3.3,2.9,2.4,3.4,2.85,,,,2.46,3.42,2.99,2.45,3.3,2.9,,,,2.5,3.66,3.02,2.44,3.42,2.93,1.88,2.02,1.89,2.0,1.93,2.06,1.87,1.97,-0.25,2.09,1.81,2.13,1.8,2.13,1.81,2.08,1.78,2.15,3.3,3.5,2.15,3.3,3.3,,,,2.17,3.38,3.68,2.15,3.5,3.3,,,,2.26,3.6,3.68,2.18,3.42,3.44,2.0,1.9,2.01,1.9,2.04,2.07,1.88,1.94,-0.25,1.88,2.05,1.87,2.06,1.92,2.06,1.86,2.0,2024,Football-Data.co.uk,https://www.football-data.co.uk/mmz4281/2425/D1.csv,2.4,3.4,3.0,2.47,3.66,2.97,2.54,3.45,3.15,1.9,2.06,2.17,1.84,2.15,3.3,3.4,2.2,3.38,3.58,2.24,3.45,3.7,2.06,1.93,1.93,2.04,,,,,,,,,,,,,,,,,,,,,,,,,,,,,,,2024-10-05,st pauli,mainz 05,market_average_open,2.44,3.42,2.93,market_average_close,2.18,3.42,3.44,market_average_close,2.18,3.42,3.44,closing,0.4587155963302752,0.29239766081871343,0.29069767441860467,1.0418109315675934,0.4403059926046797,0.28066288417491275,0.27903112322040746,0.7209688767795924,0.5596940073953203,0.7193371158250872,1.3870224252491696,1.786690560890149,1.3901687790056398,H,0
D1,2024-10-06,14:30,Heidenheim,RB Leipzig,0,1,A,0.0,0.0,D,15.0,12.0,4.0,2.0,12.0,13.0,3.0,2.0,2.0,2.0,0.0,0.0,4.5,4.33,1.67,4.6,4.2,1.66,,,,4.77,4.18,1.7,4.6,4.2,1.67,,,,4.9,4.5,1.75,4.64,4.23,1.69,1.57,2.38,1.6,2.45,1.61,2.55,1.57,2.42,0.75,2.01,1.89,2.01,1.9,2.02,1.9,1.98,1.86,4.75,4.0,1.67,4.5,4.0,1.71,,,,5.18,4.04,1.69,4.6,4.0,1.7,,,,5.32,4.2,1.77,4.78,4.05,1.7,1.67,2.2,1.65,2.32,1.67,2.41,1.62,2.33,0.75,2.04,1.89,2.04,1.88,2.04,1.96,1.98,1.88,2024,Football-Data.co.uk,https://www.football-data.co.uk/mmz4281/2425/D1.csv,4.6,4.2,1.7,4.64,4.38,1.75,4.8,4.5,1.74,1.63,2.52,2.04,1.92,4.5,3.75,1.65,5.32,4.08,1.68,5.3,4.1,1.74,1.69,2.42,2.05,1.94,,,,,,,,,,,,,,,,,,,,,,,,,,,,,,,2024-10-06,fc heidenheim,rasenballsport leipzig,market_average_open,4.64,4.23,1.69,market_average_close,4.78,4.05,1.7,market_average_close,4.78,4.05,1.7,closing,0.20920502092050208,0.2469135802469136,0.5882352941176471,1.0443538952850626,0.2003200465522258,0.2364271166715159,0.5632528367762585,0.4367471632237417,0.7996799534477743,0.7635728833284843,2.2896542535473983,1.250500272876114,1.309632677945435,A,0
D1,2024-10-06,16:30,Ein Frankfurt,Bayern Munich,3,3,D,2.0,2.0,D,5.0,22.0,4.0,13.0,10.0,6.0,0.0,11.0,1.0,1.0,0.0,0.0,5.5,4.5,1.53,5.25,4.75,1.52,,,,5.72,4.85,1.52,5.5,4.75,1.5,,,,5.9,5.04,1.57,5.51,4.85,1.52,1.36,3.2,1.37,3.21,1.38,3.27,1.35,3.13,1.0,2.07,1.83,2.08,1.84,2.09,1.87,2.04,1.81,5.75,4.5,1.5,5.25,4.6,1.53,,,,5.64,4.79,1.55,5.5,4.5,1.53,,,,6.01,4.9,1.55,5.61,4.71,1.53,1.4,3.0,1.41,3.05,1.42,3.2,1.39,3.05,1.0,2.03,1.78,2.05,1.88,2.12,1.88,2.05,1.83,2024,Football-Data.co.uk,https://www.football-data.co.uk/mmz4281/2425/D1.csv,5.5,4.75,1.5,5.5,5.04,1.57,5.8,5.0,1.57,1.4,3.3,2.08,1.89,5.0,4.33,1.47,5.87,4.61,1.55,6.2,4.9,1.57,1.44,3.25,2.1,1.89,,,,,,,,,,,,,,,,,,,,,,,,,,,,,,,2024-10-06,eintracht frankfurt,bayern munich,market_average_open,5.51,4.85,1.52,market_average_close,5.61,4.71,1.53,market_average_close,5.61,4.71,1.53,closing,0.17825311942959002,0.21231422505307856,0.6535947712418301,1.0441621157244987,0.17071402682131206,0.20333454150054367,0.6259514316781443,0.37404856832185573,0.8292859731786879,0.7966654584994564,2.673449612403101,1.2058566433566433,1.2552320291173793,A,0
D1,2024-10-06,18:30,Stuttgart,Hoffenheim,1,1,D,0.0,1.0,A,18.0,7.0,7.0,5.0,10.0,7.0,10.0,5.0,1.0,4.0,0.0,0.0,1.3,6.0,8.0,1.31,6.25,7.75,,,,1.3,6.4,8.25,1.3,6.0,8.5,,,,1.35,6.7,8.7,1.31,6.32,8.07,1.25,4.0,,,1.26,4.4,1.23,4.05,-1.75,2.0,1.9,1.99,1.9,2.02,1.91,1.96,1.87,1.33,5.75,8.0,1.32,6.0,7.5,,,,1.32,6.3,8.55,1.3,5.8,8.5,,,,1.37,6.45,8.55,1.33,6.05,7.9,1.29,3.75,,,1.3,4.25,1.27,3.83,-1.5,1.87,2.06,1.86,2.05,1.89,2.14,1.84,2.03,2024,Football-Data.co.uk,https://www.football-data.co.uk/mmz4281/2425/D1.csv,1.3,6.0,8.5,1.35,6.47,8.25,1.34,6.6,9.4,1.27,4.4,1.99,1.92,1.33,5.5,7.5,1.37,5.85,7.83,1.35,6.6,8.8,1.3,4.2,1.84,2.12,,,,,,,,,,,,,,,,,,,,,,,,,,,,,,,2024-10-06,vfb stuttgart,hoffenheim,market_average_open,1.31,6.32,8.07,market_average_close,1.33,6.05,7.9,market_average_close,1.33,6.05,7.9,closing,0.7518796992481203,0.1652892561983471,0.12658227848101264,1.04375123392748,0.7203629320934158,0.15836077680731292,0.12127629109927127,0.8787237089007287,0.27963706790658416,0.8416392231926871,1.13801413330589,3.5760638154526103,1.1881575530743265,H,1
D1,2024-10-18,19:30,Dortmund,St Pauli,2,1,H,1.0,0.0,H,20.0,10.0,7.0,3.0,8.0,7.0,7.0,1.0,2.0,1.0,0.0,0.0,1.3,5.25,9.5,1.31,5.5,9.25,,,,1.31,5.95,10.18,1.3,5.5,10.0,,,,1.36,6.02,11.0,1.31,5.72,9.79,1.5,2.63,1.5,2.68,1.52,2.72,1.49,2.61,-1.5,1.87,2.03,1.9,2.03,1.93,2.06,1.87,2.0,1.29,5.5,11.0,1.3,5.75,9.5,,,,1.3,5.85,10.67,1.29,5.5,11.0,,,,1.32,6.2,11.7,1.3,5.76,10.31,1.53,2.5,1.57,2.52,1.57,2.71,1.52,2.56,-1.5,1.9,2.0,1.91,2.01,1.91,2.11,1.86,2.0,2024,Football-Data.co.uk,https://www.football-data.co.uk/mmz4281/2425/D1.csv,1.3,5.5,10.5,1.34,6.02,9.6,1.33,6.0,11.0,1.55,2.78,1.91,2.04,1.25,5.5,10.0,1.3,5.6,11.7,1.32,6.2,11.5,1.57,2.72,1.91,2.06,,,,,,,,,,,,,,,,,,,,,,,,,,,,,,,2024-10-18,dortmund,st pauli,market_average_open,1.31,5.72,9.79,market_average_close,1.3,5.76,10.31,market_average_close,1.3,5.76,10.31,closing,0.7692307692307692,0.1736111111111111,0.09699321047526673,1.039835090817147,0.739762271944751,0.16696023498753063,0.09327749306771836,0.9067225069322816,0.260237728055249,0.8330397650124693,1.1028732521301412,3.8426403714518216,1.200422887357642,H,1
D1,2024-10-19,14:30,Freiburg,Augsburg,3,1,H,3.0,0.0,H,15.0,9.0,6.0,3.0,11.0,7.0,5.0,4.0,1.0,1.0,0.0,0.0,1.73,3.75,4.75,1.71,3.9,4.5,,,,1.74,3.87,4.93,1.7,3.9,4.75,,,,1.77,4.11,5.0,1.74,3.91,4.75,1.73,2.1,1.72,2.21,1.76,2.28,1.7,2.18,-0.75,1.89,1.89,1.95,1.95,1.97,1.97,1.92,1.91,1.62,3.9,5.25,1.68,3.9,5.0,,,,1.69,4.01,5.3,1.65,4.0,5.0,,,,1.72,4.2,5.56,1.66,4.02,5.2,1.67,2.2,1.68,2.29,1.7,2.36,1.65,2.23,-0.75,1.86,2.07,1.88,2.05,1.88,2.16,1.82,2.04,2024,Football-Data.co.uk,https://www.football-data.co.uk/mmz4281/2425/D1.csv,1.73,3.8,5.0,1.77,4.11,4.83,1.78,4.0,5.3,1.73,2.28,1.98,1.99,1.62,3.9,5.0,1.66,4.11,5.4,1.68,4.2,5.8,1.69,2.42,1.84,2.15,,,,,,,,,,,,,,,,,,,,,,,,,,,,,,,2024-10-19,freiburg,augsburg,market_average_open,1.74,3.91,4.75,market_average_close,1.66,4.02,5.2,market_average_close,1.66,4.02,5.2,closing,0.6024096385542169,0.24875621890547267,0.1923076923076923,1.043473549767382,0.5773118433989152,0.23839245274681573,0.18429570385426905,0.8157042961457309,0.4226881566010848,0.7616075472531842,1.2259344528710725,2.3658103128348538,1.3130121984828047,H,1
D1,2024-10-19,14:30,Hoffenheim,Bochum,3,1,H,1.0,0.0,H,12.0,13.0,7.0,4.0,10.0,12.0,4.0,2.0,1.0,1.0,0.0,0.0,1.7,4.5,4.2,1.68,4.33,4.33,,,,1.7,4.47,4.45,1.7,4.2,4.33,,,,1.74,4.6,4.52,1.7,4.44,4.38,1.4,3.0,1.39,3.11,1.43,3.11,1.4,2.96,-0.75,1.82,1.96,1.88,2.03,1.89,2.03,1.85,1.99,1.48,5.25,5.25,1.49,4.8,5.5,,,,1.52,4.94,5.89,1.55,4.6,5.0,,,,1.6,5.38,6.0,1.52,4.91,5.41,1.3,3.5,1.36,3.34,1.36,3.53,1.32,3.37,-1.0,1.7,2.1,1.78,2.16,2.0,2.23,1.79,2.09,2024,Football-Data.co.uk,https://www.football-data.co.uk/mmz4281/2425/D1.csv,1.67,4.33,4.5,1.74,4.58,4.52,1.73,4.6,4.7,1.42,3.2,1.89,2.08,1.5,4.5,5.5,1.52,5.38,5.38,1.56,5.1,6.0,1.36,3.7,1.83,2.16,,,,,,,,,,,,,,,,,,,,,,,,,,,,,,,2024-10-19,hoffenheim,bochum,market_average_open,1.7,4.44,4.38,market_average_close,1.52,4.91,5.41,market_average_close,1.52,4.91,5.41,closing,0.6578947368421053,0.20366598778004072,0.18484288354898337,1.0464036081711294,0.6287198665072959,0.1946342560266985,0.17664587746600552,0.8233541225339944,0.37128013349270406,0.8053657439733015,1.214544231493433,2.6933840779273766,1.2416718832197446,H,1
D1,2024-10-19,14:30,Leverkusen,Ein Frankfurt,2,1,H,1.0,1.0,D,27.0,9.0,9.0,2.0,9.0,5.0,8.0,3.0,2.0,1.0,0.0,0.0,1.44,4.75,6.5,1.44,5.0,6.0,,,,1.45,5.18,6.35,1.44,4.8,6.5,,,,1.49,5.3,6.5,1.45,5.04,6.32,1.4,3.0,1.38,3.17,1.41,3.17,1.38,3.06,-1.25,1.95,1.95,1.94,1.96,1.96,1.96,1.91,1.92,1.44,4.5,6.5,1.47,4.8,6.0,,,,1.47,4.95,6.59,1.5,4.6,6.0,,,,1.53,5.0,6.59,1.48,4.81,6.23,1.44,2.75,1.45,2.87,1.45,3.01,1.42,2.87,-1.25,2.0,1.93,2.01,1.92,2.04,1.95,1.99,1.87,2024,Football-Data.co.uk,https://www.football-data.co.uk/mmz4281/2425/D1.csv,1.4,5.0,6.5,1.49,5.3,6.38,1.47,5.4,7.0,1.41,3.25,1.95,2.02,1.44,4.6,6.5,1.51,4.66,6.48,1.5,5.1,7.2,1.46,3.1,2.03,1.95,,,,,,,,,,,,,,,,,,,,,,,,,,,,,,,2024-10-19,bayer leverkusen,eintracht frankfurt,market_average_open,1.45,5.04,6.32,market_average_close,1.48,4.81,6.23,market_average_close,1.48,4.81,6.23,closing,0.6756756756756757,0.2079002079002079,0.16051364365971107,1.0440895272355946,0.6471434278865362,0.19912105473431885,0.15373551737914504,0.8462644826208551,0.3528565721134639,0.8008789452656813,1.1816636767066375,2.83401268115942,1.248628155242941,H,1
D1,2024-10-19,14:30,Mainz,RB Leipzig,0,2,A,0.0,2.0,A,16.0,11.0,2.0,5.0,12.0,15.0,5.0,3.0,1.0,3.0,0.0,0.0,3.9,3.8,1.85,3.9,3.75,1.87,,,,4.27,3.71,1.88,4.0,3.8,1.83,,,,4.3,4.1,1.91,4.04,3.83,1.88,1.67,2.2,1.68,2.27,1.72,2.31,1.66,2.26,0.5,1.96,1.82,2.02,1.88,2.02,1.91,1.98,1.87,3.8,3.9,1.83,3.75,3.8,1.88,,,,4.09,3.96,1.88,3.9,3.9,1.83,,,,4.22,4.03,1.92,3.97,3.9,1.88,1.53,2.5,1.56,2.56,1.67,2.58,1.57,2.45,0.5,2.04,1.89,2.04,1.88,2.06,1.92,1.99,1.89,2024,Football-Data.co.uk,https://www.football-data.co.uk/mmz4281/2425/D1.csv,4.1,3.8,1.87,4.17,4.1,1.88,4.3,4.0,1.93,1.68,2.4,2.07,1.93,4.0,3.7,1.83,4.07,4.03,1.86,4.3,3.9,1.93,1.62,2.58,2.04,1.94,,,,,,,,,,,,,,,,,,,,,,,,,,,,,,,2024-10-19,mainz 05,rasenballsport leipzig,market_average_open,4.04,3.83,1.88,market_average_close,3.97,3.9,1.88,market_average_close,3.97,3.9,1.88,closing,0.2518891687657431,0.25641025641025644,0.5319148936170213,1.0402143187930208,0.24215122231543068,0.24649752630570768,0.5113512513788616,0.4886487486211384,0.7578487776845693,0.7535024736942924,2.0464597583065234,1.3195244611402126,1.3271356563664256,A,0
D1,2024-10-19,14:30,M'gladbach,Heidenheim,3,2,H,1.0,1.0,D,20.0,19.0,10.0,6.0,15.0,9.0,6.0,3.0,3.0,3.0,0.0,0.0,1.85,3.7,4.1,1.85,3.8,3.9,,,,1.83,3.77,4.44,1.85,3.6,4.2,,,,1.9,4.0,4.5,1.85,3.8,4.21,1.62,2.3,1.65,2.33,1.72,2.36,1.64,2.29,-0.5,1.86,2.04,1.83,2.07,1.89,2.07,1.85,2.02,1.9,3.7,3.8,1.88,3.75,3.8,,,,1.91,3.79,4.11,1.91,3.6,3.9,,,,1.98,3.83,4.11,1.92,3.74,3.92,1.62,2.3,1.64,2.4,1.65,2.42,1.61,2.35,-0.5,1.93,2.0,1.93,2.0,1.98,2.0,1.93,1.95,2024,Football-Data.co.uk,https://www.football-data.co.uk/mmz4281/2425/D1.csv,1.87,3.8,4.2,1.9,3.86,4.38,1.92,3.95,4.4,1.68,2.34,1.92,2.08,1.9,3.6,3.9,1.92,3.8,4.05,1.97,3.85,4.2,1.67,2.46,1.97,2.02,,,,,,,,,,,,,,,,,,,,,,,,,,,,,,,2024-10-19,borussia m gladbach,fc heidenheim,market_average_open,1.85,3.8,4.21,market_average_close,1.92,3.74,3.92,market_average_close,1.92,3.74,3.92,closing,0.5208333333333334,0.267379679144385,0.25510204081632654,1.043315053294045,0.49921002451648055,0.25627894306728405,0.24451103241623534,0.7554889675837646,0.5007899754835194,0.743721056932716,1.3236460662003318,1.996845082680592,1.3445901399164895,H,0
D1,2024-10-19,17:30,Bayern Munich,Stuttgart,4,0,H,0.0,0.0,D,22.0,4.0,10.0,1.0,6.0,10.0,7.0,3.0,0.0,2.0,0.0,0.0,1.36,5.25,7.5,1.34,5.75,7.5,,,,1.36,5.88,7.55,1.35,5.5,7.5,,,,1.39,6.01,8.0,1.35,5.77,7.7,1.3,3.5,1.33,3.48,1.34,3.6,1.31,3.42,-1.5,1.91,1.99,1.93,1.98,1.93,2.01,1.9,1.96,1.33,5.5,8.0,1.29,6.25,8.75,,,,1.3,6.28,9.55,1.29,6.0,9.0,,,,1.33,6.5,10.48,1.29,6.15,9.04,1.29,3.75,1.33,3.48,1.29,4.24,1.26,3.86,-1.75,1.98,1.95,1.96,1.94,1.98,2.05,1.9,1.95,2024,Football-Data.co.uk,https://www.football-data.co.uk/mmz4281/2425/D1.csv,1.33,5.5,8.0,1.39,6.01,7.85,1.36,6.4,8.8,1.33,3.8,1.95,2.02,1.25,5.5,9.0,1.31,6.28,9.29,1.33,6.6,10.0,1.3,4.2,1.94,2.01,,,,,,,,,,,,,,,,,,,,,,,,,,,,,,,2024-10-19,bayern munich,vfb stuttgart,market_average_open,1.35,5.77,7.7,market_average_close,1.29,6.15,9.04,market_average_close,1.29,6.15,9.04,closing,0.7751937984496123,0.16260162601626016,0.11061946902654868,1.0484148934924211,0.7393960189437314,0.1550928234857583,0.10551115757051036,0.8944888424294897,0.2606039810562687,0.8449071765142417,1.117956929774479,3.837239922225453,1.1835619672750455,H,1
D1,2024-10-20,14:30,Holstein Kiel,Union Berlin,0,2,A,0.0,1.0,A,12.0,14.0,5.0,4.0,8.0,11.0,7.0,3.0,2.0,1.0,0.0,0.0,3.5,3.3,2.15,3.4,3.4,2.15,,,,3.48,3.43,2.2,3.4,3.4,2.15,,,,3.5,3.63,2.21,3.44,3.42,2.16,2.0,1.9,1.98,1.91,2.02,1.94,1.96,1.87,0.25,2.01,1.89,2.01,1.9,2.02,1.91,1.98,1.85,3.6,3.5,2.0,3.6,3.4,2.05,,,,3.83,3.51,2.07,3.75,3.4,2.0,,,,3.95,3.6,2.1,3.71,3.47,2.05,1.85,2.05,1.86,2.05,1.9,2.1,1.83,2.0,0.5,1.84,2.06,1.85,2.08,1.89,2.1,1.82,2.06,2024,Football-Data.co.uk,https://www.football-data.co.uk/mmz4281/2425/D1.csv,3.4,3.3,2.15,3.5,3.63,2.2,3.6,3.55,2.24,1.95,1.92,2.05,1.92,3.7,3.3,2.0,3.73,3.6,2.06,3.9,3.6,2.12,1.91,2.08,1.87,2.14,,,,,,,,,,,,,,,,,,,,,,,,,,,,,,,2024-10-20,holstein kiel,union berlin,market_average_open,3.44,3.42,2.16,market_average_close,3.71,3.47,2.05,market_average_close,3.71,3.47,2.05,closing,0.2695417789757412,0.2881844380403458,0.48780487804878053,1.0455310950648675,0.25780369445541756,0.27563449753014385,0.46656180801443864,0.5334381919855614,0.7421963055445825,0.7243655024698562,1.874631428765541,1.3473524356420172,1.3805185318603905,A,0
D1,2024-10-20,16:30,Wolfsburg,Werder Bremen,2,4,A,1.0,1.0,D,14.0,15.0,6.0,7.0,15.0,9.0,4.0,4.0,1.0,1.0,1.0,0.0,2.1,3.6,3.3,2.05,3.7,3.3,,,,2.09,3.66,3.55,2.05,3.6,3.4,,,,2.1,3.87,3.57,2.07,3.66,3.44,1.73,2.1,1.71,2.22,1.76,2.25,1.7,2.18,-0.5,2.05,1.75,2.1,1.83,2.11,1.83,2.07,1.8,1.92,3.75,3.6,2.0,3.7,3.5,,,,2.02,3.79,3.67,2.0,3.6,3.7,,,,2.05,3.85,3.75,2.01,3.74,3.59,1.57,2.38,1.63,2.47,1.65,2.56,1.59,2.39,-0.5,2.02,1.88,2.03,1.9,2.05,1.9,2.01,1.86,2024,Football-Data.co.uk,https://www.football-data.co.uk/mmz4281/2425/D1.csv,2.05,3.6,3.5,2.1,3.87,3.56,2.16,3.75,3.65,1.71,2.24,2.16,1.84,2.0,3.5,3.6,2.05,3.85,3.75,2.08,3.75,3.85,1.63,2.56,2.08,1.9,,,,,,,,,,,,,,,,,,,,,,,,,,,,,,,2024-10-20,wolfsburg,werder bremen,market_average_open,2.07,3.66,3.44,market_average_close,2.01,3.74,3.59,market_average_close,2.01,3.74,3.59,closing,0.49751243781094534,0.267379679144385,0.2785515320334262,1.0434436489887564,0.47679856817673366,0.25624735883295036,0.26695407299031604,0.7330459270096841,0.5232014318232664,0.7437526411670496,1.364171006418796,1.9113097540944664,1.3445330404889229,H,0
D1,2024-10-25,19:30,Mainz,M'gladbach,1,1,D,0.0,0.0,D,23.0,9.0,6.0,5.0,16.0,16.0,2.0,4.0,3.0,2.0,0.0,0.0,2.3,3.75,2.8,2.3,3.7,2.85,,,,2.39,3.79,2.89,2.3,3.7,2.88,,,,2.4,3.93,2.93,2.35,3.76,2.86,1.57,2.38,1.6,2.48,1.6,2.53,1.56,2.43,-0.25,2.09,1.84,2.1,1.84,2.11,1.85,2.03,1.82,2.25,3.75,2.88,2.25,3.7,2.9,,,,2.32,3.76,3.02,2.2,3.7,3.0,,,,2.38,3.92,3.23,2.26,3.74,2.98,1.57,2.38,1.63,2.42,1.63,2.55,1.57,2.43,-0.25,2.06,1.87,2.03,1.89,2.07,1.97,1.98,1.88,2024,Football-Data.co.uk,https://www.football-data.co.uk/mmz4281/2425/D1.csv,2.3,3.75,2.88,2.4,3.93,2.9,2.42,3.85,2.98,1.61,2.6,2.1,1.87,2.15,3.5,2.88,2.33,3.92,2.89,2.36,3.85,3.1,1.64,2.52,2.06,1.93,,,,,,,,,,,,,,,,,,,,,,,,,,,,,,,2024-10-25,mainz 05,borussia m gladbach,market_average_open,2.35,3.76,2.86,market_average_close,2.26,3.74,2.98,market_average_close,2.26,3.74,2.98,closing,0.4424778761061947,0.267379679144385,0.33557046979865773,1.0454280250492374,0.42325044431954556,0.25576096367972534,0.32098859200072916,0.6790114079992708,0.5767495556804545,0.7442390363202747,1.4727293064876958,1.7338548251158872,1.3436543250193902,H,0
D1,2024-10-26,14:30,Augsburg,Dortmund,2,1,H,1.0,1.0,D,12.0,11.0,4.0,4.0,13.0,10.0,3.0,5.0,3.0,3.0,0.0,1.0,3.6,4.0,1.9,3.6,3.9,1.9,,,,3.83,3.92,1.93,3.6,3.9,1.91,,,,3.96,4.17,1.96,3.73,3.96,1.91,1.5,2.63,1.55,2.58,1.55,2.63,1.52,2.55,0.5,1.99,1.91,1.97,1.93,2.0,1.93,1.95,1.91,4.0,4.0,1.8,3.9,4.0,1.8,,,,4.15,4.15,1.83,4.0,4.0,1.8,,,,4.3,4.2,1.88,4.05,4.08,1.82,1.5,2.63,1.5,2.7,1.52,2.76,1.48,2.69,0.75,1.87,2.06,1.88,2.05,1.9,2.07,1.85,2.01,2024,Football-Data.co.uk,https://www.football-data.co.uk/mmz4281/2425/D1.csv,3.75,3.9,1.91,3.79,4.17,1.96,3.95,4.1,1.97,1.54,2.72,2.01,1.97,4.1,3.9,1.75,4.29,4.1,1.81,4.3,4.2,1.86,1.53,2.86,1.9,2.08,,,,,,,,,,,,,,,,,,,,,,,,,,,,,,,2024-10-26,augsburg,dortmund,market_average_open,3.73,3.96,1.91,market_average_close,4.05,4.08,1.82,market_average_close,4.05,4.08,1.82,closing,0.2469135802469136,0.24509803921568626,0.5494505494505494,1.0414621689131494,0.23708358077431468,0.2353403191509741,0.5275761000747111,0.47242389992528877,0.7629164192256852,0.7646596808490258,2.116743035562224,1.3107595731324546,1.3077713197715204,A,0
D1,2024-10-26,14:30,RB Leipzig,Freiburg,3,1,H,0.0,1.0,A,12.0,15.0,9.0,5.0,9.0,7.0,3.0,3.0,3.0,2.0,0.0,0.0,1.73,4.1,4.5,1.7,4.1,4.5,,,,1.75,4.11,4.55,1.73,4.0,4.5,,,,1.77,4.3,4.9,1.73,4.12,4.52,1.67,2.2,1.68,2.26,1.72,2.32,1.67,2.24,-0.75,1.95,1.95,1.95,1.95,1.98,1.97,1.9,1.93,1.8,4.0,4.0,1.77,3.9,4.2,,,,1.83,3.93,4.39,1.83,3.8,4.0,,,,1.84,4.1,4.39,1.8,3.94,4.19,1.67,2.2,1.69,2.26,1.72,2.33,1.65,2.25,-0.75,2.08,1.85,2.07,1.86,2.08,1.88,2.02,1.84,2024,Football-Data.co.uk,https://www.football-data.co.uk/mmz4281/2425/D1.csv,1.73,4.0,4.5,1.77,4.22,4.68,1.78,4.3,4.8,1.68,2.3,1.99,1.98,1.75,3.75,4.33,1.81,4.1,4.27,1.84,4.0,4.7,1.72,2.34,2.07,1.9,,,,,,,,,,,,,,,,,,,,,,,,,,,,,,,2024-10-26,rasenballsport leipzig,freiburg,market_average_open,1.73,4.12,4.52,market_average_close,1.8,3.94,4.19,market_average_close,1.8,3.94,4.19,closing,0.5555555555555556,0.25380710659898476,0.2386634844868735,1.0480261466414138,0.5300970374984748,0.24217631154752653,0.2277266509539987,0.7722733490460013,0.4699029625015252,0.7578236884524735,1.2948782982545133,2.1280989476561434,1.3195681465725446,H,1
D1,2024-10-26,14:30,St Pauli,Wolfsburg,0,0,D,0.0,0.0,D,14.0,10.0,5.0,4.0,9.0,12.0,7.0,6.0,0.0,3.0,0.0,0.0,2.55,3.5,2.63,2.55,3.4,2.65,,,,2.66,3.47,2.71,2.6,3.3,2.7,,,,2.74,3.59,2.76,2.61,3.46,2.68,1.78,2.0,1.86,2.03,1.89,2.06,1.83,2.01,0.0,1.92,1.98,1.93,1.97,1.97,1.99,1.91,1.96,2.45,3.5,2.75,2.5,3.4,2.75,,,,2.61,3.45,2.82,2.6,3.3,2.75,,,,2.61,3.59,2.91,2.54,3.42,2.8,1.93,1.97,1.89,2.01,1.96,2.01,1.88,1.96,0.0,1.83,2.1,1.88,2.04,1.88,2.12,1.84,2.05,2024,Football-Data.co.uk,https://www.football-data.co.uk/mmz4281/2425/D1.csv,2.63,3.4,2.63,2.74,3.48,2.76,2.72,3.6,2.78,1.87,2.06,1.97,2.0,2.5,3.25,2.75,2.59,3.59,2.73,2.7,3.45,2.94,1.96,2.02,1.91,2.08,,,,,,,,,,,,,,,,,,,,,,,,,,,,,,,2024-10-26,st pauli,wolfsburg,market_average_open,2.61,3.46,2.68,market_average_close,2.54,3.42,2.8,market_average_close,2.54,3.42,2.8,closing,0.39370078740157477,0.29239766081871343,0.35714285714285715,1.0432413053631453,0.37738228478648106,0.2802780711572111,0.34233964405630785,0.6576603559436922,0.6226177152135189,0.719721928842789,1.520541706615532,1.606121983948148,1.389425498828219,H,0
D1,2024-10-26,14:30,Stuttgart,Holstein Kiel,2,1,H,1.0,0.0,H,16.0,9.0,6.0,3.0,6.0,17.0,9.0,5.0,3.0,6.0,1.0,1.0,1.22,7.5,9.5,1.24,6.75,10.5,,,,1.23,7.21,11.08,1.22,7.0,10.0,,,,1.28,7.7,12.0,1.23,7.14,10.95,1.3,3.5,1.34,3.36,1.33,3.67,1.3,3.48,-2.0,2.02,1.88,2.01,1.88,2.05,1.94,1.99,1.86,1.2,7.5,9.5,1.21,7.25,12.0,,,,1.2,7.69,13.72,1.2,7.0,12.0,,,,1.27,8.47,13.72,1.21,7.47,11.93,1.29,3.75,1.34,3.36,1.32,3.93,1.28,3.7,-2.0,1.88,2.05,1.88,2.02,2.01,2.08,1.91,1.95,2024,Football-Data.co.uk,https://www.football-data.co.uk/mmz4281/2425/D1.csv,1.22,7.0,11.0,1.28,7.45,10.3,1.26,7.8,12.5,1.34,3.8,2.01,1.89,1.17,7.5,12.0,1.23,8.47,10.4,1.23,8.2,14.0,1.32,4.0,1.93,2.03,,,,,,,,,,,,,,,,,,,,,,,,,,,,,,,2024-10-26,vfb stuttgart,holstein kiel,market_average_open,1.23,7.14,10.95,market_average_close,1.21,7.47,11.93,market_average_close,1.21,7.47,11.93,closing,0.8264462809917356,0.13386880856760375,0.08382229673093043,1.0441373862902696,0.7915110519392742,0.12820995620435363,0.08027899185637231,0.9197210081436278,0.20848894806072593,0.8717900437956465,1.0872862434863895,4.7964173127715775,1.147065175975337,H,1
D1,2024-10-26,17:30,Werder Bremen,Leverkusen,2,2,D,0.0,1.0,A,13.0,15.0,8.0,6.0,9.0,11.0,3.0,5.0,1.0,1.0,0.0,0.0,5.25,5.0,1.5,5.5,4.8,1.5,,,,5.84,4.9,1.51,5.8,4.6,1.5,,,,6.0,5.1,1.55,5.64,4.9,1.51,1.4,3.0,1.42,2.97,1.44,3.02,1.4,2.92,1.25,1.84,2.06,1.85,2.07,1.85,2.08,1.82,2.02,5.75,5.25,1.44,6.25,5.0,1.43,,,,6.48,5.2,1.46,6.5,4.8,1.44,,,,6.5,5.4,1.49,6.31,5.13,1.45,1.4,3.0,1.44,2.94,1.46,3.15,1.41,2.97,1.25,1.99,1.94,1.96,1.96,2.04,2.0,1.94,1.92,2024,Football-Data.co.uk,https://www.football-data.co.uk/mmz4281/2425/D1.csv,5.5,5.0,1.5,5.91,5.04,1.54,6.0,5.2,1.55,1.43,3.1,1.86,2.1,6.5,4.75,1.4,6.4,5.4,1.45,7.4,5.3,1.47,1.45,3.2,2.05,1.93,,,,,,,,,,,,,,,,,,,,,,,,,,,,,,,2024-10-26,werder bremen,bayer leverkusen,market_average_open,5.64,4.9,1.51,market_average_close,6.31,5.13,1.45,market_average_close,6.31,5.13,1.45,closing,0.1584786053882726,0.19493177387914232,0.6896551724137931,1.0430655516812082,0.15193542259433027,0.18688353149517037,0.6611810459104993,0.33881895408950063,0.8480645774056697,0.8131164685048295,2.951428743670123,1.1791554872614993,1.2298361166375276,A,0
D1,2024-10-27,14:30,Bochum,Bayern Munich,0,5,A,0.0,2.0,A,6.0,17.0,2.0,9.0,15.0,6.0,2.0,5.0,1.0,1.0,0.0,0.0,12.0,9.5,1.17,15.0,9.0,1.15,,,,14.33,9.86,1.15,15.0,8.5,1.14,,,,17.0,10.0,1.17,14.44,9.35,1.15,1.22,4.33,1.32,3.24,1.26,4.35,1.23,4.08,2.25,2.04,1.86,2.02,1.88,2.06,1.89,1.99,1.84,11.0,9.5,1.17,14.5,9.0,1.16,,,,17.88,9.51,1.13,15.0,8.5,1.15,,,,21.0,10.0,1.18,15.78,9.43,1.15,1.2,4.5,1.32,3.24,1.23,4.9,1.2,4.49,2.5,1.8,2.0,1.86,2.05,1.91,2.08,1.86,2.0,2024,Football-Data.co.uk,https://www.football-data.co.uk/mmz4281/2425/D1.csv,15.0,9.5,1.15,17.0,9.7,1.17,17.0,10.0,1.18,1.26,4.5,2.03,1.86,21.0,9.5,1.11,12.1,10.0,1.18,26.0,11.0,1.14,1.24,5.0,1.9,2.08,,,,,,,,,,,,,,,,,,,,,,,,,,,,,,,2024-10-27,bochum,bayern munich,market_average_open,14.44,9.35,1.15,market_average_close,15.78,9.43,1.15,market_average_close,15.78,9.43,1.15,closing,0.06337135614702155,0.10604453870625663,0.8695652173913044,1.0389811122445827,0.060993751859565605,0.10206589653700372,0.8369403516034306,0.16305964839656933,0.9390062481404343,0.8979341034629962,6.132725109083697,1.0649556400506972,1.1136674686297956,A,0
D1,2024-10-27,16:30,Union Berlin,Ein Frankfurt,1,1,D,0.0,1.0,A,13.0,17.0,4.0,5.0,13.0,7.0,4.0,5.0,5.0,3.0,0.0,1.0,2.55,3.3,2.75,2.55,3.4,2.7,,,,2.63,3.32,2.84,2.6,3.4,2.7,,,,2.64,3.6,2.84,2.58,3.37,2.76,1.95,1.95,1.95,1.93,1.97,1.98,1.9,1.9,0.0,1.87,2.03,1.88,2.03,1.92,2.05,1.87,2.0,2.45,3.3,2.87,2.4,3.3,3.0,,,,2.55,3.22,3.08,2.5,3.2,2.9,,,,2.58,3.4,3.12,2.49,3.27,2.98,1.92,1.86,1.98,1.93,2.0,1.97,1.93,1.88,0.0,1.82,2.08,1.79,2.17,1.83,2.2,1.79,2.11,2024,Football-Data.co.uk,https://www.football-data.co.uk/mmz4281/2425/D1.csv,2.6,3.3,2.8,2.64,3.6,2.79,2.7,3.45,2.9,1.95,1.94,1.92,2.06,2.38,3.1,2.9,2.52,3.39,2.95,2.54,3.35,3.2,2.04,1.95,1.79,2.25,,,,,,,,,,,,,,,,,,,,,,,,,,,,,,,2024-10-27,union berlin,eintracht frankfurt,market_average_open,2.58,3.37,2.76,market_average_close,2.49,3.27,2.98,market_average_close,2.49,3.27,2.98,closing,0.4016064257028112,0.3058103975535168,0.33557046979865773,1.0429872930549857,0.3850539967044821,0.29320625437130293,0.321739748924215,0.678260251075785,0.6149460032955179,0.706793745628697,1.4743603187919463,1.6261590361445784,1.4148399107726886,H,0
D1,2024-10-27,18:30,Heidenheim,Hoffenheim,0,0,D,0.0,0.0,D,17.0,12.0,3.0,4.0,12.0,16.0,7.0,3.0,1.0,2.0,0.0,0.0,2.25,3.5,3.1,2.2,3.7,2.95,,,,2.32,3.68,3.03,2.3,3.5,3.0,,,,2.41,3.8,3.13,2.29,3.65,2.98,1.53,2.5,1.56,2.56,1.56,2.63,1.53,2.52,-0.25,2.02,1.88,2.02,1.88,2.04,1.92,1.98,1.85,2.75,3.4,2.55,2.7,3.4,2.55,,,,2.88,3.38,2.6,2.62,3.4,2.6,,,,2.9,3.62,2.82,2.7,3.47,2.61,1.73,2.1,1.8,2.11,1.8,2.45,1.66,2.26,0.0,2.05,1.85,2.07,1.86,2.07,1.95,2.0,1.88,2024,Football-Data.co.uk,https://www.football-data.co.uk/mmz4281/2425/D1.csv,2.25,3.6,3.0,2.41,3.56,3.13,2.34,3.75,3.15,1.59,2.6,2.03,1.93,2.63,3.4,2.55,2.9,3.46,2.52,2.86,3.6,2.68,1.76,2.3,2.06,1.93,,,,,,,,,,,,,,,,,,,,,,,,,,,,,,,2024-10-27,fc heidenheim,hoffenheim,market_average_open,2.29,3.65,2.98,market_average_close,2.7,3.47,2.61,market_average_close,2.7,3.47,2.61,closing,0.37037037037037035,0.2881844380403458,0.3831417624521073,1.0416965708628236,0.35554534854962366,0.2766491184680069,0.3678055329823693,0.6321944670176305,0.6444546514503762,0.7233508815319929,1.58179176214162,1.551699561403509,1.382454940653544,A,0
D1,2024-11-01,19:30,Leverkusen,Stuttgart,0,0,D,0.0,0.0,D,19.0,4.0,5.0,1.0,13.0,14.0,10.0,2.0,3.0,4.0,0.0,0.0,1.55,4.75,5.25,1.55,4.6,5.0,,,,1.57,4.87,5.29,1.57,4.6,5.0,,,,1.61,5.0,5.5,1.56,4.8,5.16,1.36,3.2,1.38,3.22,1.39,3.27,1.36,3.15,-1.0,1.88,2.02,1.89,2.03,1.9,2.04,1.86,2.0,1.62,4.5,4.75,1.6,4.5,4.8,,,,1.63,4.55,5.05,1.62,4.4,4.75,,,,1.64,4.8,5.5,1.6,4.59,4.95,1.4,3.0,1.41,3.06,1.41,3.3,1.38,3.06,-1.0,2.02,1.88,2.02,1.9,2.04,2.0,1.96,1.9,2024,Football-Data.co.uk,https://www.football-data.co.uk/mmz4281/2425/D1.csv,1.57,4.6,5.0,1.61,4.94,5.25,1.6,5.0,5.6,1.38,3.55,1.9,2.05,1.5,4.6,5.0,1.63,4.59,5.05,1.64,4.6,5.6,1.44,3.2,2.04,1.93,,,,,,,,,,,,,,,,,,,,,,,,,,,,,,,2024-11-01,bayer leverkusen,vfb stuttgart,market_average_open,1.56,4.8,5.16,market_average_close,1.6,4.59,4.95,market_average_close,1.6,4.59,4.95,closing,0.625,0.2178649237472767,0.20202020202020202,1.0448851257674787,0.5981518777396043,0.20850610117284682,0.19334202108754886,0.8066579789124512,0.4018481222603957,0.7914938988271532,1.239682772800705,2.488502358490566,1.2634336177218979,H,1
D1,2024-11-02,14:30,Bayern Munich,Union Berlin,3,0,H,2.0,0.0,H,16.0,8.0,7.0,1.0,2.0,9.0,7.0,4.0,0.0,2.0,0.0,0.0,1.18,7.5,13.0,1.18,7.75,14.0,,,,1.17,8.24,15.58,1.17,7.5,15.0,,,,1.2,8.7,17.0,1.17,7.97,15.38,1.44,2.75,1.44,2.85,1.47,3.05,1.42,2.84,-2.0,1.87,2.03,1.86,2.03,1.9,2.04,1.86,2.0,1.14,9.0,15.0,1.14,9.0,19.0,,,,1.15,8.88,19.22,1.14,8.0,17.0,,,,1.18,9.59,21.59,1.15,8.62,17.76,1.36,3.2,1.38,3.16,1.43,3.35,1.37,3.13,-2.25,1.9,2.03,2.0,1.9,2.06,2.06,1.94,1.91,2024,Football-Data.co.uk,https://www.football-data.co.uk/mmz4281/2425/D1.csv,1.15,8.0,16.0,1.19,8.45,17.0,1.2,8.8,18.0,1.45,3.05,1.88,2.09,1.13,8.0,19.0,1.15,9.59,16.6,1.17,9.2,24.0,1.41,3.35,2.01,1.96,,,,,,,,,,,,,,,,,,,,,,,,,,,,,,,2024-11-02,bayern munich,union berlin,market_average_open,1.17,7.97,15.38,market_average_close,1.15,8.62,17.76,market_average_close,1.15,8.62,17.76,closing,0.8695652173913044,0.1160092807424594,0.0563063063063063,1.0418808044400703,0.8346110358167391,0.11134601985954176,0.05404294432371902,0.9459570556762809,0.16538896418326077,0.8886539801404582,1.0571304415982001,6.046352638692028,1.1252973849753565,H,1
D1,2024-11-02,14:30,Ein Frankfurt,Bochum,7,2,H,4.0,1.0,H,18.0,11.0,9.0,8.0,6.0,15.0,5.0,2.0,1.0,2.0,0.0,0.0,1.33,5.75,7.5,1.32,6.0,8.0,,,,1.34,6.0,7.96,1.33,5.5,8.0,,,,1.37,6.2,8.6,1.33,5.88,8.06,1.36,3.2,1.39,3.12,1.42,3.2,1.38,3.05,-1.5,1.9,2.0,1.91,2.0,1.93,2.01,1.89,1.97,1.45,5.25,5.5,1.47,4.8,6.0,,,,1.46,4.95,6.59,1.44,4.8,6.5,,,,1.51,5.8,7.7,1.45,5.06,6.33,1.4,3.0,1.41,3.01,1.45,3.17,1.4,2.99,-1.25,1.99,1.94,2.01,1.94,2.01,2.16,1.93,1.93,2024,Football-Data.co.uk,https://www.football-data.co.uk/mmz4281/2425/D1.csv,1.3,5.5,8.5,1.36,6.03,8.6,1.35,6.2,9.2,1.4,3.25,1.87,2.03,1.44,4.75,6.5,1.48,5.41,5.87,1.49,5.1,7.2,1.45,3.15,2.02,1.96,,,,,,,,,,,,,,,,,,,,,,,,,,,,,,,2024-11-02,eintracht frankfurt,bochum,market_average_open,1.33,5.88,8.06,market_average_close,1.45,5.06,6.33,market_average_close,1.45,5.06,6.33,closing,0.6896551724137931,0.19762845849802374,0.1579778830963665,1.0452615140081833,0.6597919881018348,0.18907082662997243,0.1511371852681928,0.8488628147318072,0.34020801189816524,0.8109291733700277,1.1780466556494686,2.939378159910387,1.2331533170082403,H,1
D1,2024-11-02,14:30,Hoffenheim,St Pauli,0,2,A,0.0,1.0,A,12.0,7.0,6.0,3.0,10.0,10.0,7.0,2.0,0.0,2.0,0.0,0.0,1.83,3.8,4.0,1.87,3.9,3.75,,,,1.88,3.9,4.02,1.91,3.8,3.8,,,,1.93,4.1,4.1,1.88,3.91,3.9,1.62,2.3,1.65,2.34,1.67,2.39,1.62,2.34,-0.5,1.9,2.0,1.89,2.01,1.91,2.01,1.88,1.98,1.9,3.7,3.9,1.93,3.7,3.7,,,,1.89,3.86,4.12,1.91,3.7,3.8,,,,1.98,4.0,4.13,1.91,3.79,3.91,1.67,2.2,1.69,2.29,1.72,2.47,1.67,2.25,-0.5,1.91,2.02,1.9,2.02,1.97,2.04,1.91,1.96,2024,Football-Data.co.uk,https://www.football-data.co.uk/mmz4281/2425/D1.csv,1.87,3.9,4.0,1.93,4.1,3.97,1.94,4.0,4.2,1.66,2.38,1.94,2.05,1.87,3.7,3.9,1.91,3.78,4.13,1.95,3.95,4.2,1.74,2.32,1.95,2.04,,,,,,,,,,,,,,,,,,,,,,,,,,,,,,,2024-11-02,hoffenheim,st pauli,market_average_open,1.88,3.91,3.9,market_average_close,1.91,3.79,3.91,market_average_close,1.91,3.79,3.91,closing,0.5235602094240838,0.2638522427440633,0.2557544757033248,1.043166927871472,0.5018949464707257,0.25293386484408603,0.24517118868518828,0.7548288113148118,0.4981050535292743,0.747066135155914,1.324803697222596,2.0076086217447475,1.3385695762950067,H,1
D1,2024-11-02,14:30,Holstein Kiel,Heidenheim,1,0,H,1.0,0.0,H,11.0,17.0,6.0,4.0,16.0,14.0,5.0,6.0,4.0,5.0,0.0,0.0,2.7,3.5,2.45,2.75,3.5,2.45,,,,2.82,3.52,2.54,2.8,3.4,2.45,,,,2.88,3.62,2.6,2.79,3.49,2.51,1.73,2.1,1.77,2.13,1.81,2.16,1.76,2.11,0.0,2.04,1.86,2.02,1.89,2.09,1.89,2.04,1.84,2.38,3.5,2.88,2.45,3.4,2.8,,,,2.5,3.39,3.0,2.4,3.4,2.9,,,,2.55,3.6,3.0,2.49,3.44,2.85,1.92,1.98,1.93,1.98,1.95,2.05,1.88,1.95,0.0,1.73,2.08,1.79,2.15,1.85,2.16,1.8,2.08,2024,Football-Data.co.uk,https://www.football-data.co.uk/mmz4281/2425/D1.csv,2.8,3.4,2.5,2.88,3.62,2.55,2.86,3.6,2.62,1.79,2.16,2.09,1.9,2.5,3.3,2.8,2.54,3.6,2.78,2.6,3.5,3.0,1.97,2.0,1.86,2.14,,,,,,,,,,,,,,,,,,,,,,,,,,,,,,,2024-11-02,holstein kiel,fc heidenheim,market_average_open,2.79,3.49,2.51,market_average_close,2.49,3.44,2.85,market_average_close,2.49,3.44,2.85,closing,0.4016064257028112,0.29069767441860467,0.3508771929824561,1.043181293103872,0.3849823883515732,0.27866457761494695,0.3363530340334798,0.6636469659665202,0.6150176116484267,0.721335422385053,1.5068252418567498,1.625969697550137,1.3863176117062974,H,0
D1,2024-11-02,14:30,Wolfsburg,Augsburg,1,1,D,0.0,1.0,A,18.0,3.0,6.0,1.0,7.0,14.0,8.0,1.0,1.0,3.0,0.0,0.0,2.0,3.75,3.5,1.98,3.75,3.5,,,,2.01,3.86,3.59,2.0,3.7,3.5,,,,2.05,4.0,3.65,2.01,3.83,3.53,1.62,2.3,1.65,2.35,1.68,2.38,1.64,2.31,-0.5,2.03,1.87,2.02,1.88,2.04,1.89,2.0,1.86,2.05,3.6,3.4,2.1,3.5,3.4,,,,2.1,3.59,3.67,2.05,3.6,3.4,,,,2.15,3.81,3.74,2.08,3.59,3.52,1.8,2.0,1.81,2.1,1.83,2.41,1.76,2.1,-0.25,1.84,2.09,1.81,2.11,1.85,2.16,1.79,2.08,2024,Football-Data.co.uk,https://www.football-data.co.uk/mmz4281/2425/D1.csv,2.0,3.8,3.6,2.05,3.98,3.63,2.06,4.0,3.7,1.66,2.44,2.06,1.92,2.0,3.5,3.5,2.03,3.71,3.74,2.12,3.7,3.8,1.83,2.18,1.83,2.17,,,,,,,,,,,,,,,,,,,,,,,,,,,,,,,2024-11-02,wolfsburg,augsburg,market_average_open,2.01,3.83,3.53,market_average_close,2.08,3.59,3.52,market_average_close,2.08,3.59,3.52,closing,0.4807692307692307,0.2785515320334262,0.2840909090909091,1.043411671893566,0.4607665830464967,0.26696225424420983,0.2722711627092935,0.7277288372907065,0.5392334169535034,0.7330377457557902,1.374138207471541,1.854484474737639,1.3641862315957025,H,0
D1,2024-11-02,17:30,Dortmund,RB Leipzig,2,1,H,1.0,1.0,D,19.0,7.0,7.0,3.0,11.0,12.0,4.0,0.0,3.0,4.0,0.0,0.0,2.2,3.8,3.0,2.2,3.8,2.9,,,,2.25,3.69,3.15,2.25,3.7,3.0,,,,2.3,3.93,3.18,2.25,3.77,3.03,1.5,2.63,1.5,2.68,1.5,2.79,1.47,2.68,-0.25,1.99,1.91,2.0,1.91,2.0,1.93,1.95,1.89,2.15,3.8,3.1,2.15,3.75,3.1,,,,2.19,3.84,3.21,2.15,3.7,3.1,,,,2.26,3.99,3.27,2.18,3.82,3.1,1.44,2.75,1.48,2.79,1.48,2.9,1.46,2.77,-0.25,1.95,1.98,1.93,2.0,2.0,2.06,1.9,1.96,2024,Football-Data.co.uk,https://www.football-data.co.uk/mmz4281/2425/D1.csv,2.2,3.8,3.0,2.28,3.93,3.11,2.32,3.95,3.1,1.51,2.8,2.02,1.94,2.1,3.7,3.1,2.26,3.87,3.03,2.24,3.9,3.3,1.5,2.98,1.95,2.03,,,,,,,,,,,,,,,,,,,,,,,,,,,,,,,2024-11-02,dortmund,rasenballsport leipzig,market_average_open,2.25,3.77,3.03,market_average_close,2.18,3.82,3.1,market_average_close,2.18,3.82,3.1,closing,0.4587155963302752,0.2617801047120419,0.3225806451612903,1.0430763462036075,0.4397718326178345,0.2509692657347851,0.30925890164738035,0.6907410983526197,0.5602281673821654,0.7490307342652148,1.4477204301075268,1.7849870074773297,1.335058702205299,H,0
D1,2024-11-03,14:30,Freiburg,Mainz,0,0,D,0.0,0.0,D,10.0,9.0,2.0,2.0,9.0,12.0,8.0,4.0,1.0,2.0,0.0,0.0,1.7,3.9,4.75,1.7,3.9,4.6,,,,1.7,3.9,5.21,1.7,3.9,4.75,,,,1.74,4.22,5.21,1.7,3.95,4.84,1.73,2.1,1.75,2.16,1.78,2.21,1.72,2.14,-0.75,1.9,2.0,1.91,2.0,1.92,2.02,1.88,1.95,1.73,3.8,4.75,1.8,3.7,4.33,,,,1.77,3.78,4.98,1.8,3.7,4.4,,,,1.87,3.88,5.03,1.79,3.75,4.62,1.8,2.0,1.83,2.07,1.85,2.1,1.8,2.04,-0.75,1.98,1.95,2.0,1.93,2.13,1.97,1.99,1.87,2024,Football-Data.co.uk,https://www.football-data.co.uk/mmz4281/2425/D1.csv,1.7,4.0,5.0,1.74,4.22,4.94,1.73,4.2,5.3,1.76,2.2,1.92,2.04,1.73,3.5,4.5,1.74,3.88,5.03,1.85,3.8,5.0,1.85,2.14,2.15,1.85,,,,,,,,,,,,,,,,,,,,,,,,,,,,,,,2024-11-03,freiburg,mainz 05,market_average_open,1.7,3.95,4.84,market_average_close,1.79,3.75,4.62,market_average_close,1.79,3.75,4.62,closing,0.5586592178770949,0.26666666666666666,0.21645021645021645,1.041776100993978,0.5362565116862132,0.25597310824488584,0.20777038006890083,0.7922296199310991,0.46374348831378664,0.744026891755114,1.2622603028740214,2.156364510121944,1.3440374414976601,H,1
D1,2024-11-03,16:30,M'gladbach,Werder Bremen,4,1,H,3.0,0.0,H,16.0,15.0,8.0,5.0,12.0,10.0,7.0,7.0,1.0,4.0,0.0,1.0,2.1,3.8,3.2,2.05,3.9,3.1,,,,2.14,3.89,3.22,2.1,3.7,3.2,,,,2.18,4.0,3.3,2.1,3.87,3.18,1.5,2.63,1.5,2.7,1.5,2.79,1.48,2.65,-0.25,1.87,2.03,1.88,2.02,1.88,2.05,1.83,1.99,2.3,3.75,2.9,2.25,3.7,2.95,,,,2.34,3.73,3.01,2.25,3.6,3.0,,,,2.35,3.83,3.15,2.26,3.74,3.02,1.5,2.63,1.54,2.61,1.54,2.77,1.51,2.6,-0.25,2.05,1.88,2.05,1.88,2.06,1.93,1.96,1.89,2024,Football-Data.co.uk,https://www.football-data.co.uk/mmz4281/2425/D1.csv,2.05,3.9,3.25,2.18,3.97,3.28,2.2,3.95,3.35,1.51,2.8,1.92,2.05,2.2,3.6,3.0,2.28,3.8,3.04,2.3,3.8,3.25,1.55,2.76,1.99,1.98,,,,,,,,,,,,,,,,,,,,,,,,,,,,,,,2024-11-03,borussia m gladbach,werder bremen,market_average_open,2.1,3.87,3.18,market_average_close,2.26,3.74,3.02,market_average_close,2.26,3.74,3.02,closing,0.4424778761061947,0.267379679144385,0.33112582781456956,1.0409833830651491,0.4250575785401395,0.25685297526757084,0.3180894461922898,0.6819105538077104,0.5749424214598606,0.7431470247324292,1.4664679911699776,1.7393046028171963,1.3456287473667152,H,0
D1,2024-11-08,19:30,Union Berlin,Freiburg,0,0,D,0.0,0.0,D,12.0,14.0,6.0,4.0,11.0,8.0,4.0,1.0,2.0,0.0,0.0,0.0,2.45,3.25,2.9,2.45,3.1,3.0,,,,2.55,3.19,3.11,2.5,3.1,3.0,,,,2.56,3.3,3.15,2.52,3.18,3.04,2.38,1.57,2.46,1.61,2.51,1.65,2.41,1.59,-0.25,2.08,1.73,2.17,1.79,2.17,1.8,2.11,1.76,2.38,3.1,3.1,2.4,3.1,3.1,,,,2.48,3.25,3.16,2.38,3.2,3.1,,,,2.49,3.27,3.32,2.42,3.2,3.15,2.3,1.62,2.41,1.65,2.44,1.66,2.33,1.62,-0.25,2.07,1.86,2.12,1.83,2.12,1.89,2.04,1.82,2024,Football-Data.co.uk,https://www.football-data.co.uk/mmz4281/2425/D1.csv,2.5,3.2,3.0,2.56,3.3,3.11,2.6,3.25,3.15,2.54,1.64,2.2,1.81,2.4,3.0,3.1,2.39,3.21,3.32,2.56,3.25,3.3,2.42,1.7,2.16,1.85,,,,,,,,,,,,,,,,,,,,,,,,,,,,,,,2024-11-08,union berlin,freiburg,market_average_open,2.52,3.18,3.04,market_average_close,2.42,3.2,3.15,market_average_close,2.42,3.2,3.15,closing,0.4132231404958678,0.3125,0.31746031746031744,1.0431834579561852,0.39611742052108306,0.29956379926906906,0.30431878020984793,0.6956812197901521,0.603882579478917,0.700436200730931,1.4374399819239676,1.6559510639682435,1.4276817773788149,H,0
D1,2024-11-09,14:30,Bochum,Leverkusen,1,1,D,0.0,1.0,A,15.0,11.0,3.0,3.0,10.0,9.0,6.0,4.0,0.0,1.0,0.0,0.0,9.5,6.5,1.27,9.25,6.25,1.28,,,,10.94,6.8,1.24,9.0,6.5,1.29,,,,11.0,7.24,1.3,10.15,6.68,1.26,1.3,3.5,1.32,3.31,1.32,3.73,1.29,3.54,1.75,2.04,1.86,2.05,1.84,2.09,1.93,2.01,1.83,9.5,6.25,1.25,10.0,6.5,1.26,,,,11.26,6.81,1.25,10.0,6.5,1.25,,,,11.26,7.0,1.29,10.39,6.57,1.26,1.36,3.2,1.35,3.28,1.37,3.6,1.35,3.24,1.75,2.05,1.88,2.03,1.88,2.06,1.91,1.98,1.87,2024,Football-Data.co.uk,https://www.football-data.co.uk/mmz4281/2425/D1.csv,10.5,7.0,1.22,9.4,7.24,1.3,11.5,7.2,1.28,1.33,3.8,2.1,1.86,11.0,6.5,1.2,10.6,6.72,1.27,12.5,7.0,1.28,1.38,3.55,2.04,1.92,,,,,,,,,,,,,,,,,,,,,,,,,,,,,,,2024-11-09,bochum,bayer leverkusen,market_average_open,10.15,6.68,1.26,market_average_close,10.39,6.57,1.26,market_average_close,10.39,6.57,1.26,closing,0.09624639076034648,0.15220700152207,0.7936507936507936,1.04210418593321,0.09235774316956352,0.1460573746623691,0.7615848821680674,0.23841511783193262,0.9076422568304365,0.853942625337631,4.194364892183288,1.101755666921111,1.1710388617790581,A,0
D1,2024-11-09,14:30,Mainz,Dortmund,3,1,H,2.0,1.0,H,13.0,2.0,9.0,1.0,17.0,5.0,8.0,0.0,3.0,1.0,0.0,1.0,3.5,3.6,2.0,3.4,3.7,2.05,,,,3.48,3.74,2.08,3.5,3.75,2.0,,,,3.63,4.02,2.1,3.46,3.74,2.06,1.62,2.3,1.6,2.45,1.65,2.5,1.59,2.4,0.5,1.84,2.06,1.83,2.09,1.85,2.1,1.82,2.05,3.9,3.6,1.95,3.6,3.7,1.95,,,,3.75,3.8,2.01,3.7,3.8,1.91,,,,4.26,3.84,2.05,3.83,3.72,1.96,1.57,2.38,1.57,2.55,1.59,2.55,1.56,2.44,0.5,1.93,2.0,1.91,2.01,1.97,2.05,1.9,1.96,2024,Football-Data.co.uk,https://www.football-data.co.uk/mmz4281/2425/D1.csv,3.5,3.7,2.05,3.63,4.02,2.04,3.65,3.85,2.14,1.61,2.48,1.87,2.14,3.8,3.6,1.91,4.26,3.68,1.91,4.0,3.85,2.0,1.62,2.58,1.98,2.0,,,,,,,,,,,,,,,,,,,,,,,,,,,,,,,2024-11-09,mainz 05,dortmund,market_average_open,3.46,3.74,2.06,market_average_close,3.83,3.72,1.96,market_average_close,3.83,3.72,1.96,closing,0.2610966057441253,0.26881720430107525,0.5102040816326531,1.0401178916778537,0.25102597295287404,0.2584487839810505,0.49052524306607537,0.5094747569339245,0.7489740270471259,0.7415512160189495,1.962805784565482,1.3351597837678815,1.3485245231860643,A,0
D1,2024-11-09,14:30,St Pauli,Bayern Munich,0,1,A,0.0,1.0,A,3.0,13.0,0.0,6.0,10.0,7.0,5.0,10.0,2.0,2.0,0.0,0.0,9.0,7.0,1.25,11.0,6.5,1.24,,,,12.45,7.14,1.22,12.0,6.5,1.22,,,,13.0,7.5,1.26,11.42,6.92,1.23,1.4,3.0,1.38,3.1,1.41,3.17,1.38,3.03,1.75,2.07,1.83,2.11,1.78,2.11,1.86,2.04,1.81,13.0,7.0,1.2,13.0,7.25,1.2,,,,16.12,7.69,1.19,15.0,7.0,1.18,,,,17.0,7.9,1.23,14.67,7.32,1.2,1.44,2.75,1.46,2.79,1.49,2.9,1.45,2.79,2.0,1.93,2.0,1.93,1.97,1.97,2.02,1.9,1.96,2024,Football-Data.co.uk,https://www.football-data.co.uk/mmz4281/2425/D1.csv,12.0,7.0,1.22,11.4,7.32,1.26,13.5,7.4,1.25,1.43,3.2,2.14,1.84,15.0,7.0,1.17,14.1,7.28,1.22,18.0,8.0,1.21,1.48,3.05,1.94,2.0,,,,,,,,,,,,,,,,,,,,,,,,,,,,,,,2024-11-09,st pauli,bayern munich,market_average_open,11.42,6.92,1.23,market_average_close,14.67,7.32,1.2,market_average_close,14.67,7.32,1.2,closing,0.0681663258350375,0.13661202185792348,0.8333333333333334,1.0381116810262943,0.06566376920799807,0.13159665222422562,0.8027395785677764,0.1972604214322237,0.934336230792002,0.8684033477757745,5.069440654843111,1.0702785218468274,1.1515386284049705,A,0
D1,2024-11-09,14:30,Werder Bremen,Holstein Kiel,2,1,H,1.0,0.0,H,16.0,12.0,5.0,5.0,10.0,19.0,6.0,3.0,3.0,2.0,0.0,0.0,1.62,4.33,4.75,1.63,4.2,4.8,,,,1.64,4.29,5.15,1.65,4.2,4.8,,,,1.69,4.53,5.3,1.64,4.3,4.93,1.53,2.5,1.54,2.59,1.55,2.65,1.52,2.55,-1.0,2.06,1.84,2.07,1.85,2.11,1.85,2.05,1.82,1.57,4.33,5.0,1.58,4.33,5.25,,,,1.61,4.35,5.53,1.62,4.2,5.0,,,,1.66,4.49,5.53,1.62,4.31,5.19,1.57,2.38,1.61,2.45,1.61,2.6,1.55,2.48,-1.0,2.02,1.91,2.01,1.92,2.06,1.93,2.0,1.86,2024,Football-Data.co.uk,https://www.football-data.co.uk/mmz4281/2425/D1.csv,1.62,4.33,5.0,1.69,4.53,4.94,1.68,4.5,5.4,1.56,2.6,2.11,1.86,1.62,4.1,5.0,1.63,4.49,5.18,1.69,4.4,5.4,1.59,2.62,2.12,1.87,,,,,,,,,,,,,,,,,,,,,,,,,,,,,,,2024-11-09,werder bremen,holstein kiel,market_average_open,1.64,4.3,4.93,market_average_close,1.62,4.31,5.19,market_average_close,1.62,4.31,5.19,closing,0.6172839506172839,0.2320185614849188,0.19267822736030826,1.041980739462511,0.5924139739240285,0.22267068161413606,0.1849153444618355,0.8150846555381646,0.40758602607597155,0.777329318385864,1.2268664281745605,2.4534697855750482,1.286456044236843,H,1
D1,2024-11-09,17:30,RB Leipzig,M'gladbach,0,0,D,0.0,0.0,D,11.0,14.0,4.0,4.0,14.0,7.0,8.0,4.0,2.0,2.0,0.0,0.0,1.57,4.33,5.25,1.55,4.5,5.25,,,,1.6,4.67,5.11,1.57,4.5,5.0,,,,1.64,4.8,5.5,1.59,4.59,5.08,1.4,3.0,1.42,2.95,1.44,3.02,1.41,2.92,-1.0,1.95,1.95,1.96,1.94,1.96,1.99,1.92,1.92,1.62,4.33,5.0,1.63,4.33,4.6,,,,1.66,4.4,4.94,1.62,4.33,4.8,,,,1.68,4.5,5.3,1.63,4.36,4.87,1.44,2.75,1.45,2.88,1.5,2.95,1.43,2.83,-1.0,2.05,1.88,2.08,1.85,2.08,1.91,2.01,1.85,2024,Football-Data.co.uk,https://www.football-data.co.uk/mmz4281/2425/D1.csv,1.6,4.5,5.0,1.64,4.79,5.1,1.66,4.6,5.4,1.44,3.05,1.99,1.96,1.62,4.2,5.0,1.65,4.35,5.12,1.69,4.5,5.2,1.48,3.05,2.09,1.88,,,,,,,,,,,,,,,,,,,,,,,,,,,,,,,2024-11-09,rasenballsport leipzig,borussia m gladbach,market_average_open,1.59,4.59,5.08,market_average_close,1.63,4.36,4.87,market_average_close,1.63,4.36,4.87,closing,0.6134969325153374,0.2293577981651376,0.2053388090349076,1.0481935397153825,0.5852897478092844,0.21881245158925083,0.1958978006014648,0.8041021993985353,0.41471025219071567,0.7811875484107492,1.24362301302993,2.4113221091532675,1.2801023288637967,H,1
D1,2024-11-10,14:30,Augsburg,Hoffenheim,0,0,D,0.0,0.0,D,16.0,11.0,4.0,2.0,16.0,7.0,10.0,6.0,2.0,3.0,0.0,0.0,2.05,3.75,3.25,2.1,3.75,3.1,,,,2.11,3.85,3.33,2.1,3.75,3.2,,,,2.15,4.02,3.37,2.1,3.79,3.25,1.57,2.38,1.58,2.49,1.59,2.55,1.55,2.45,-0.25,1.85,2.05,1.85,2.06,1.87,2.07,1.82,2.01,2.05,3.4,3.4,2.1,3.4,3.4,,,,2.18,3.41,3.63,2.1,3.5,3.4,,,,2.2,3.65,3.74,2.11,3.48,3.53,1.92,1.98,1.94,1.96,1.97,2.24,1.84,2.01,-0.25,1.87,2.06,1.88,2.05,1.9,2.13,1.82,2.04,2024,Football-Data.co.uk,https://www.football-data.co.uk/mmz4281/2425/D1.csv,2.05,3.8,3.3,2.14,4.02,3.34,2.16,4.0,3.4,1.58,2.58,1.89,2.08,2.0,3.5,3.5,2.1,3.55,3.68,2.18,3.65,3.65,1.95,2.04,1.89,2.1,,,,,,,,,,,,,,,,,,,,,,,,,,,,,,,2024-11-10,augsburg,hoffenheim,market_average_open,2.1,3.79,3.25,market_average_close,2.11,3.48,3.53,market_average_close,2.11,3.48,3.53,closing,0.47393364928909953,0.28735632183908044,0.28328611898017,1.0445760901083498,0.4537090727779728,0.2750937194142306,0.27119720780779677,0.7288027921922033,0.5462909272220273,0.7249062805857696,1.3721132941766712,1.8305264652392317,1.379488668786174,H,0
D1,2024-11-10,16:30,Stuttgart,Ein Frankfurt,2,3,A,0.0,1.0,A,22.0,8.0,11.0,5.0,10.0,15.0,8.0,3.0,2.0,3.0,0.0,0.0,1.9,4.0,3.7,1.87,3.9,3.7,,,,1.93,4.05,3.72,1.91,4.0,3.6,,,,1.95,4.27,3.85,1.91,4.04,3.65,1.44,2.75,1.46,2.8,1.48,2.88,1.45,2.72,-0.5,1.92,1.98,1.93,1.97,1.93,2.0,1.89,1.96,1.73,3.9,4.5,1.75,3.8,4.4,,,,1.78,3.95,4.54,1.75,3.75,4.5,,,,1.82,4.0,4.68,1.78,3.91,4.38,1.62,2.3,1.66,2.32,1.66,2.41,1.6,2.34,-0.75,1.98,1.95,1.99,1.93,2.05,1.96,1.97,1.88,2024,Football-Data.co.uk,https://www.football-data.co.uk/mmz4281/2425/D1.csv,1.95,3.9,3.7,1.95,4.27,3.73,1.99,4.1,3.85,1.5,2.88,1.99,2.0,1.8,3.8,4.1,1.8,4.0,4.44,1.78,4.1,5.0,1.67,2.46,2.01,1.97,,,,,,,,,,,,,,,,,,,,,,,,,,,,,,,2024-11-10,vfb stuttgart,eintracht frankfurt,market_average_open,1.91,4.04,3.65,market_average_close,1.78,3.91,4.38,market_average_close,1.78,3.91,4.38,closing,0.5617977528089888,0.2557544757033248,0.22831050228310504,1.0458627307954187,0.5371620350040776,0.24453923844175396,0.2182987265541685,0.7817012734458315,0.46283796499592245,0.755460761558246,1.2792610604200272,2.160583348016427,1.3236954860995782,H,1
D1,2024-11-10,18:30,Heidenheim,Wolfsburg,1,3,A,0.0,2.0,A,19.0,13.0,4.0,6.0,9.0,23.0,5.0,5.0,1.0,6.0,0.0,0.0,2.75,3.4,2.45,2.7,3.3,2.55,,,,2.91,3.27,2.61,2.75,3.4,2.5,,,,2.94,3.6,2.61,2.83,3.33,2.54,1.95,1.95,1.96,1.93,1.98,1.96,1.92,1.91,0.0,2.05,1.85,2.07,1.85,2.09,1.88,2.04,1.83,2.88,3.2,2.55,2.8,3.2,2.55,,,,2.95,3.29,2.6,2.9,3.2,2.5,,,,3.01,3.31,2.65,2.91,3.25,2.55,2.02,1.88,2.02,1.89,2.08,2.0,1.98,1.86,0.0,2.1,1.83,2.09,1.85,2.11,1.87,2.07,1.81,2024,Football-Data.co.uk,https://www.football-data.co.uk/mmz4281/2425/D1.csv,2.8,3.3,2.6,2.88,3.6,2.56,2.94,3.5,2.64,1.96,1.95,2.11,1.89,2.88,3.2,2.45,2.86,3.29,2.65,2.98,3.35,2.7,2.08,1.9,2.11,1.89,,,,,,,,,,,,,,,,,,,,,,,,,,,,,,,2024-11-10,fc heidenheim,wolfsburg,market_average_open,2.83,3.33,2.54,market_average_close,2.91,3.25,2.55,market_average_close,2.91,3.25,2.55,closing,0.3436426116838488,0.3076923076923077,0.3921568627450981,1.0434917821212546,0.32931990224712404,0.2948679740120403,0.37581212374083567,0.6241878762591644,0.670680097752876,0.7051320259879597,1.602081741787624,1.4910238179879132,1.418174133558749,A,0
D1,2024-11-22,19:30,Bayern Munich,Augsburg,3,0,H,0.0,0.0,D,33.0,2.0,14.0,1.0,9.0,9.0,8.0,0.0,0.0,2.0,0.0,1.0,1.13,10.0,15.0,1.13,9.75,17.0,,,,1.12,11.15,21.63,1.1,9.0,21.0,,,,1.15,12.0,23.0,1.12,10.21,19.53,1.29,3.75,,,1.31,4.0,1.28,3.67,-2.5,2.0,1.93,2.0,1.91,2.02,1.94,1.98,1.88,1.13,10.0,15.0,1.13,9.75,17.5,,,,1.11,11.5,23.0,1.11,9.0,19.0,,,,1.14,12.0,23.0,1.12,10.36,19.07,1.29,3.75,,,1.3,4.0,1.27,3.79,-2.5,1.99,1.94,1.99,1.92,2.04,1.97,1.97,1.89,2024,Football-Data.co.uk,https://www.football-data.co.uk/mmz4281/2425/D1.csv,1.11,10.5,20.0,1.13,11.2,23.0,1.14,11.5,25.0,1.3,4.1,2.0,1.96,1.07,10.0,17.0,1.14,11.0,17.1,1.13,12.0,28.0,1.3,4.2,2.01,1.97,,,,,,,,,,,,,,,,,,,,,,,,,,,,,,,2024-11-22,bayern munich,augsburg,market_average_open,1.12,10.21,19.53,market_average_close,1.12,10.36,19.07,market_average_close,1.12,10.36,19.07,closing,0.8928571428571428,0.09652509652509653,0.05243838489774515,1.0418206242799846,0.8570161907422477,0.09265039899916191,0.05033341025859032,0.9496665897414096,0.14298380925775223,0.907349601000838,1.0530011382966478,6.993798844716276,1.1021110263309373,H,1
D1,2024-11-23,14:30,Dortmund,Freiburg,4,0,H,2.0,0.0,H,19.0,7.0,7.0,3.0,11.0,4.0,7.0,0.0,1.0,2.0,0.0,2.0,1.67,4.2,4.5,1.65,4.2,4.75,,,,1.69,4.18,4.86,1.65,4.2,4.6,,,,1.75,4.42,5.0,1.68,4.2,4.73,1.57,2.38,1.61,2.41,1.64,2.46,1.59,2.4,-0.75,1.87,2.03,1.88,2.03,1.88,2.06,1.84,2.0,1.75,3.7,4.75,1.82,3.75,4.2,,,,1.82,3.87,4.52,1.83,3.7,4.0,,,,1.88,4.05,5.02,1.82,3.78,4.34,1.73,2.1,1.75,2.17,1.77,2.31,1.72,2.15,-0.75,2.06,1.87,2.06,1.87,2.12,1.9,2.04,1.82,2024,Football-Data.co.uk,https://www.football-data.co.uk/mmz4281/2425/D1.csv,1.65,4.33,4.75,1.72,4.42,4.83,1.7,4.4,5.2,1.62,2.54,1.88,2.09,1.75,3.5,4.2,1.77,3.78,5.02,1.86,3.9,4.7,1.77,2.26,2.12,1.87,,,,,,,,,,,,,,,,,,,,,,,,,,,,,,,2024-11-23,dortmund,freiburg,market_average_open,1.68,4.2,4.73,market_average_close,1.82,3.78,4.34,market_average_close,1.82,3.78,4.34,closing,0.5494505494505494,0.2645502645502646,0.2304147465437788,1.0444155605445928,0.5260842237586423,0.2532998114393464,0.22061596480201132,0.7793840351979886,0.4739157762413577,0.7467001885606536,1.2830645161290324,2.1100795755968167,1.3392255892255893,H,1
D1,2024-11-23,14:30,Hoffenheim,RB Leipzig,4,3,H,1.0,2.0,A,20.0,14.0,7.0,6.0,14.0,12.0,4.0,3.0,2.0,1.0,0.0,0.0,3.4,3.5,2.1,3.4,3.6,2.05,,,,3.49,3.7,2.09,3.3,3.6,2.05,,,,3.55,3.79,2.15,3.39,3.66,2.1,1.57,2.38,1.58,2.5,1.58,2.55,1.55,2.45,0.25,2.07,1.83,2.09,1.83,2.09,1.85,2.03,1.81,3.2,3.5,2.2,3.2,3.6,2.15,,,,3.21,3.75,2.22,3.25,3.5,2.1,,,,3.55,3.81,2.23,3.27,3.65,2.15,1.53,2.5,1.57,2.56,1.61,2.57,1.56,2.46,0.25,2.01,1.92,1.98,1.94,2.06,1.94,1.99,1.87,2024,Football-Data.co.uk,https://www.football-data.co.uk/mmz4281/2425/D1.csv,3.4,3.75,2.1,3.52,3.79,2.14,3.55,3.9,2.14,1.61,2.54,2.13,1.87,3.1,3.5,2.05,3.55,3.61,2.12,3.45,3.8,2.22,1.61,2.6,2.06,1.92,,,,,,,,,,,,,,,,,,,,,,,,,,,,,,,2024-11-23,hoffenheim,rasenballsport leipzig,market_average_open,3.39,3.66,2.1,market_average_close,3.27,3.65,2.15,market_average_close,3.27,3.65,2.15,closing,0.3058103975535168,0.273972602739726,0.46511627906976744,1.0448992793630103,0.2926697372592164,0.26220001118839387,0.44513025155238967,0.5548697484476103,0.7073302627407836,0.737799988811606,1.8022247613926605,1.4137667404829695,1.3553808825759492,A,0
D1,2024-11-23,14:30,Leverkusen,Heidenheim,5,2,H,2.0,2.0,D,20.0,6.0,10.0,3.0,8.0,11.0,6.0,0.0,0.0,0.0,0.0,0.0,1.2,6.5,15.0,1.2,7.5,12.5,,,,1.19,8.07,13.4,1.18,7.0,13.0,,,,1.22,8.6,15.0,1.19,7.63,13.79,1.4,3.0,1.4,3.01,1.44,3.1,1.41,2.92,-2.0,1.92,1.98,1.92,1.97,1.96,2.0,1.9,1.94,1.22,6.0,13.0,1.22,6.75,12.0,,,,1.21,7.42,13.66,1.2,6.5,13.0,,,,1.24,7.8,15.0,1.21,6.93,13.24,1.44,2.75,1.45,2.83,1.48,3.05,1.44,2.82,-2.0,2.09,1.84,2.08,1.84,2.11,1.99,2.02,1.85,2024,Football-Data.co.uk,https://www.football-data.co.uk/mmz4281/2425/D1.csv,1.18,8.0,15.0,1.22,7.75,14.8,1.21,8.4,17.5,1.45,3.1,1.95,1.99,1.15,6.5,13.0,1.24,6.52,14.0,1.22,7.8,16.5,1.49,2.98,2.09,1.87,,,,,,,,,,,,,,,,,,,,,,,,,,,,,,,2024-11-23,bayer leverkusen,fc heidenheim,market_average_open,1.19,7.63,13.79,market_average_close,1.21,6.93,13.24,market_average_close,1.21,6.93,13.24,closing,0.8264462809917356,0.14430014430014432,0.0755287009063444,1.0462751261982242,0.7898938436917017,0.1379179727080749,0.07218818360022349,0.9278118163997766,0.21010615630829838,0.8620820272919252,1.0778047685147383,4.759498805606887,1.1599824243422858,H,1
D1,2024-11-23,14:30,Stuttgart,Bochum,2,0,H,0.0,0.0,D,15.0,9.0,5.0,2.0,7.0,16.0,7.0,4.0,2.0,3.0,0.0,0.0,1.29,6.0,9.0,1.28,6.25,9.25,,,,1.33,6.24,7.44,1.29,5.8,9.0,,,,1.35,6.51,9.65,1.31,6.11,8.33,1.33,3.4,1.34,3.31,1.37,3.6,1.34,3.27,-1.75,2.0,1.9,2.01,1.88,2.01,1.92,1.97,1.86,1.33,5.5,8.5,1.31,6.0,8.25,,,,1.34,6.01,8.33,1.3,5.5,8.5,,,,1.35,6.5,10.0,1.31,5.98,8.57,1.36,3.2,1.39,3.15,1.41,3.45,1.36,3.16,-1.5,1.92,2.01,1.93,2.0,1.93,2.1,1.84,2.02,2024,Football-Data.co.uk,https://www.football-data.co.uk/mmz4281/2425/D1.csv,1.3,6.0,8.5,1.32,6.51,9.65,1.34,6.4,9.8,1.38,3.5,1.99,1.89,1.25,5.5,8.5,1.33,5.88,9.2,1.33,6.2,10.0,1.41,3.35,1.89,2.1,,,,,,,,,,,,,,,,,,,,,,,,,,,,,,,2024-11-23,vfb stuttgart,bochum,market_average_open,1.31,6.11,8.33,market_average_close,1.31,5.98,8.57,market_average_close,1.31,5.98,8.57,closing,0.7633587786259541,0.16722408026755853,0.11668611435239207,1.0472689732459046,0.7289042243464929,0.15967634346051937,0.11141943219298785,0.8885805678070123,0.27109577565350723,0.8403236565394808,1.1253903542680066,3.6887332441436467,1.1900176702368215,H,1
D1,2024-11-23,14:30,Wolfsburg,Union Berlin,1,0,H,0.0,0.0,D,10.0,11.0,5.0,4.0,7.0,15.0,8.0,5.0,1.0,2.0,0.0,0.0,2.3,3.3,3.2,2.25,3.3,3.25,,,,2.37,3.28,3.27,2.25,3.25,3.2,,,,2.4,3.48,3.31,2.32,3.3,3.24,2.1,1.73,2.19,1.73,2.25,1.78,2.15,1.72,-0.25,2.02,1.88,2.03,1.88,2.04,1.91,1.97,1.87,2.15,3.3,3.6,2.15,3.25,3.5,,,,2.18,3.31,3.74,2.05,3.25,3.7,,,,2.43,3.4,3.85,2.15,3.31,3.62,2.1,1.73,2.19,1.75,2.24,1.79,2.14,1.73,-0.25,1.88,2.05,1.87,2.06,2.0,2.13,1.85,2.01,2024,Football-Data.co.uk,https://www.football-data.co.uk/mmz4281/2425/D1.csv,2.3,3.3,3.25,2.36,3.48,3.29,2.4,3.4,3.4,2.22,1.79,2.05,1.93,2.05,3.1,3.6,2.14,3.38,3.72,2.2,3.35,4.0,2.22,1.81,1.87,2.13,,,,,,,,,,,,,,,,,,,,,,,,,,,,,,,2024-11-23,wolfsburg,union berlin,market_average_open,2.32,3.3,3.24,market_average_close,2.15,3.31,3.62,market_average_close,2.15,3.31,3.62,closing,0.46511627906976744,0.3021148036253776,0.27624309392265195,1.043474176617797,0.44573817876101585,0.2895278200411432,0.2647340011978409,0.735265998802159,0.554261821238984,0.7104721799588567,1.3600520106044969,1.804201483271251,1.4075146475938154,H,0
D1,2024-11-23,17:30,Ein Frankfurt,Werder Bremen,1,0,H,1.0,0.0,H,15.0,8.0,5.0,1.0,15.0,9.0,5.0,6.0,2.0,2.0,0.0,0.0,1.7,4.1,4.5,1.68,4.33,4.4,,,,1.71,4.24,4.59,1.67,4.2,4.4,,,,1.77,4.46,4.7,1.71,4.25,4.46,1.5,2.63,1.52,2.62,1.54,2.66,1.5,2.59,-0.75,1.9,2.0,1.9,2.0,1.91,2.02,1.87,1.96,1.75,4.0,4.33,1.77,4.0,4.1,,,,1.79,4.13,4.37,1.73,4.0,4.2,,,,1.81,4.2,4.58,1.77,4.08,4.29,1.5,2.63,1.5,2.7,1.53,2.75,1.5,2.62,-0.75,2.01,1.92,2.0,1.93,2.02,1.95,1.95,1.9,2024,Football-Data.co.uk,https://www.football-data.co.uk/mmz4281/2425/D1.csv,1.73,4.33,4.4,1.74,4.46,4.63,1.76,4.5,4.6,1.53,2.8,1.94,2.04,1.75,3.9,4.33,1.76,4.08,4.58,1.82,4.1,4.6,1.54,2.82,2.03,1.94,,,,,,,,,,,,,,,,,,,,,,,,,,,,,,,2024-11-23,eintracht frankfurt,werder bremen,market_average_open,1.71,4.25,4.46,market_average_close,1.77,4.08,4.29,market_average_close,1.77,4.08,4.29,closing,0.5649717514124294,0.24509803921568626,0.2331002331002331,1.0431700237283488,0.5415912445347963,0.23495502520259542,0.22345373026260826,0.7765462697373917,0.45840875546520365,0.7650449747974046,1.287753272368657,2.181459206609562,1.3071126965637738,H,1
D1,2024-11-24,14:30,Holstein Kiel,Mainz,0,3,A,0.0,2.0,A,7.0,18.0,2.0,7.0,11.0,7.0,2.0,6.0,1.0,0.0,0.0,0.0,3.1,3.4,2.3,2.95,3.5,2.3,,,,3.15,3.49,2.33,2.9,3.5,2.3,,,,3.2,3.73,2.36,3.07,3.49,2.3,1.8,2.0,1.81,2.07,1.85,2.17,1.78,2.06,0.25,1.88,2.02,1.89,2.02,1.9,2.04,1.86,1.97,3.2,3.3,2.25,3.1,3.4,2.25,,,,3.35,3.39,2.3,3.2,3.2,2.25,,,,3.4,3.52,2.37,3.21,3.36,2.3,1.86,2.04,1.88,2.04,1.89,2.12,1.82,2.02,0.25,1.93,2.0,1.94,1.98,1.96,2.04,1.89,1.97,2024,Football-Data.co.uk,https://www.football-data.co.uk/mmz4281/2425/D1.csv,3.0,3.5,2.3,3.17,3.73,2.32,3.2,3.6,2.4,1.83,2.12,1.9,2.06,3.1,3.1,2.2,3.3,3.39,2.3,3.4,3.5,2.36,1.89,2.1,1.96,2.02,,,,,,,,,,,,,,,,,,,,,,,,,,,,,,,2024-11-24,holstein kiel,mainz 05,market_average_open,3.07,3.49,2.3,market_average_close,3.21,3.36,2.3,market_average_close,3.21,3.36,2.3,closing,0.3115264797507788,0.2976190476190476,0.4347826086956522,1.0439281360654786,0.29841755288339006,0.2850953407010959,0.41648710641551406,0.583512893584486,0.7015824471166099,0.7149046592989041,1.7137581893984515,1.4253492288894025,1.3987879180710396,A,0
D1,2024-11-24,16:30,M'gladbach,St Pauli,2,0,H,2.0,0.0,H,15.0,15.0,4.0,3.0,7.0,8.0,5.0,4.0,1.0,0.0,0.0,0.0,1.8,3.8,4.2,1.85,3.7,4.0,,,,1.83,3.77,4.49,1.75,3.75,4.33,,,,1.85,4.0,4.54,1.81,3.77,4.34,1.8,2.0,1.81,2.07,1.85,2.1,1.79,2.05,-0.75,2.06,1.84,2.08,1.84,2.09,1.88,2.02,1.81,1.9,3.7,3.9,1.9,3.6,3.9,,,,1.92,3.75,4.14,1.91,3.5,3.9,,,,2.0,3.87,4.56,1.9,3.71,4.07,1.73,2.1,1.77,2.15,1.85,2.25,1.75,2.12,-0.5,1.93,2.0,1.93,2.0,1.95,2.06,1.89,1.98,2024,Football-Data.co.uk,https://www.football-data.co.uk/mmz4281/2425/D1.csv,1.8,3.75,4.5,1.84,3.99,4.52,1.87,3.9,4.7,1.82,2.1,2.11,1.86,1.87,3.4,3.8,1.91,3.78,4.13,1.95,3.75,4.4,1.78,2.26,1.95,2.04,,,,,,,,,,,,,,,,,,,,,,,,,,,,,,,2024-11-24,borussia m gladbach,st pauli,market_average_open,1.81,3.77,4.34,market_average_close,1.9,3.71,4.07,market_average_close,1.9,3.71,4.07,closing,0.5263157894736842,0.2695417789757412,0.24570024570024568,1.041557814149671,0.505315962612569,0.25878715066411884,0.23589688672331224,0.7641031132766878,0.49468403738743105,0.7412128493358812,1.308723891611592,2.0214923555675823,1.3491401301205037,H,1
D1,2024-11-29,19:30,St Pauli,Holstein Kiel,3,1,H,1.0,0.0,H,11.0,10.0,4.0,3.0,10.0,11.0,4.0,4.0,2.0,5.0,0.0,0.0,1.67,3.75,5.25,1.71,3.7,5.0,,,,1.71,3.83,5.22,1.7,3.6,5.0,,,,1.86,3.97,5.4,1.71,3.79,5.11,1.95,1.95,1.95,1.93,1.99,2.0,1.92,1.91,-0.75,1.93,2.0,1.93,1.98,2.02,2.01,1.9,1.93,1.67,3.7,5.25,1.7,3.6,5.0,,,,1.67,3.84,5.61,1.67,3.7,5.0,,,,1.74,3.84,5.61,1.69,3.73,5.32,2.01,1.89,2.02,1.87,2.04,1.92,1.96,1.86,-0.75,1.89,2.04,1.87,2.04,1.92,2.04,1.87,1.97,2024,Football-Data.co.uk,https://www.football-data.co.uk/mmz4281/2425/D1.csv,1.7,3.75,5.0,1.74,3.97,5.3,1.76,3.95,5.5,2.0,1.98,1.98,2.0,1.62,3.6,5.0,1.72,3.81,5.4,1.74,3.9,5.7,2.02,1.95,1.95,2.04,,,,,,,,,,,,,,,,,,,,,,,,,,,,,,,2024-11-29,st pauli,holstein kiel,market_average_open,1.71,3.79,5.11,market_average_close,1.69,3.73,5.32,market_average_close,1.69,3.73,5.32,closing,0.591715976331361,0.2680965147453083,0.18796992481203006,1.0477824158886995,0.5647317299455576,0.2558704084739926,0.17939786158044968,0.8206021384195503,0.4352682700544423,0.7441295915260073,1.2186173459478955,2.297433718003204,1.3438519464724847,H,1
D1,2024-11-30,14:30,Augsburg,Bochum,1,0,H,1.0,0.0,H,16.0,7.0,4.0,1.0,8.0,22.0,6.0,1.0,3.0,3.0,0.0,0.0,1.73,4.0,4.5,1.7,4.0,4.6,,,,1.72,3.99,4.88,1.7,3.9,4.5,,,,1.76,4.22,5.12,1.73,3.96,4.69,1.73,2.1,1.73,2.18,1.78,2.22,1.72,2.15,-0.75,1.93,1.97,1.93,1.98,1.96,1.99,1.91,1.92,1.8,3.8,4.33,1.77,3.8,4.4,,,,1.82,3.8,4.61,1.75,3.75,4.4,,,,1.85,3.94,4.97,1.78,3.81,4.51,1.84,2.06,1.85,2.07,1.85,2.15,1.8,2.04,-0.75,2.04,1.86,2.06,1.87,2.09,1.91,2.0,1.85,2024,Football-Data.co.uk,https://www.football-data.co.uk/mmz4281/2425/D1.csv,1.75,3.9,4.75,1.75,4.22,4.84,1.78,4.1,5.0,1.75,2.3,1.99,1.98,1.7,3.7,4.4,1.81,3.87,4.57,1.86,3.9,4.8,1.88,2.12,2.1,1.88,,,,,,,,,,,,,,,,,,,,,,,,,,,,,,,2024-11-30,augsburg,bochum,market_average_open,1.73,3.96,4.69,market_average_close,1.78,3.81,4.51,market_average_close,1.78,3.81,4.51,closing,0.5617977528089888,0.26246719160104987,0.22172949002217296,1.0459944344322116,0.5370943996599225,0.25092599249203723,0.21197960784804035,0.7880203921519597,0.46290560034007755,0.7490740075079628,1.269002693279494,2.160267664217805,1.3349815772233558,H,1
D1,2024-11-30,14:30,Freiburg,M'gladbach,3,1,H,1.0,0.0,H,17.0,15.0,7.0,4.0,5.0,14.0,4.0,6.0,1.0,1.0,0.0,0.0,1.95,3.8,3.6,1.98,3.7,3.6,,,,2.01,3.78,3.69,2.0,3.6,3.5,,,,2.06,3.91,3.74,2.0,3.75,3.59,1.67,2.2,1.69,2.25,1.73,2.29,1.68,2.23,-0.5,2.02,1.88,2.01,1.89,2.02,1.9,1.99,1.86,2.05,3.75,3.4,2.0,3.7,3.5,,,,2.08,3.71,3.59,2.0,3.6,3.5,,,,2.09,3.87,3.93,2.02,3.71,3.59,1.67,2.2,1.69,2.28,1.72,2.33,1.66,2.25,-0.5,2.06,1.84,2.09,1.85,2.09,1.91,2.01,1.85,2024,Football-Data.co.uk,https://www.football-data.co.uk/mmz4281/2425/D1.csv,2.0,3.75,3.6,2.06,3.91,3.65,2.08,3.8,3.8,1.73,2.28,2.08,1.92,1.87,3.5,3.7,2.08,3.87,3.44,2.1,3.75,3.8,1.75,2.3,2.1,1.89,,,,,,,,,,,,,,,,,,,,,,,,,,,,,,,2024-11-30,freiburg,borussia m gladbach,market_average_open,2.0,3.75,3.59,market_average_close,2.02,3.71,3.59,market_average_close,2.02,3.71,3.59,closing,0.49504950495049505,0.2695417789757412,0.2785515320334262,1.0431428159596625,0.47457500293961496,0.2583939369105181,0.26703106014986694,0.7329689398501331,0.525424997060385,0.7416060630894818,1.3643142916867195,1.903221212532212,1.3484247901561996,H,0
D1,2024-11-30,14:30,RB Leipzig,Wolfsburg,1,5,A,0.0,3.0,A,9.0,13.0,4.0,8.0,11.0,6.0,7.0,3.0,2.0,1.0,0.0,0.0,1.7,4.0,4.75,1.65,4.1,4.75,,,,1.7,4.17,4.8,1.67,4.0,4.6,,,,1.73,4.38,5.0,1.69,4.12,4.75,1.62,2.3,1.62,2.39,1.65,2.44,1.61,2.35,-0.75,1.9,2.0,1.89,2.02,1.92,2.02,1.86,1.98,1.75,3.8,4.5,1.75,3.9,4.4,,,,1.79,3.89,4.64,1.7,3.9,4.5,,,,1.8,4.1,5.0,1.74,3.93,4.64,1.62,2.3,1.66,2.32,1.68,2.41,1.63,2.3,-0.75,2.01,1.89,2.02,1.91,2.02,1.98,1.93,1.92,2024,Football-Data.co.uk,https://www.football-data.co.uk/mmz4281/2425/D1.csv,1.67,4.1,5.0,1.73,4.38,4.79,1.74,4.2,5.2,1.63,2.42,1.92,2.05,1.65,3.7,4.75,1.74,3.93,4.98,1.8,4.0,5.0,1.68,2.4,2.0,1.97,,,,,,,,,,,,,,,,,,,,,,,,,,,,,,,2024-11-30,rasenballsport leipzig,wolfsburg,market_average_open,1.69,4.12,4.75,market_average_close,1.74,3.93,4.64,market_average_close,1.74,3.93,4.64,closing,0.5747126436781609,0.2544529262086514,0.21551724137931036,1.0446828112661226,0.5501312335958005,0.24356955380577427,0.2062992125984252,0.7937007874015748,0.4498687664041995,0.7564304461942257,1.2599206349206349,2.2228704784130686,1.3219986120749478,H,1
D1,2024-11-30,14:30,Union Berlin,Leverkusen,1,2,A,1.0,1.0,D,8.0,8.0,2.0,3.0,18.0,11.0,1.0,3.0,4.0,2.0,0.0,0.0,4.75,3.7,1.75,4.6,3.7,1.75,,,,4.72,3.84,1.78,4.5,3.75,1.73,,,,4.96,4.0,1.81,4.65,3.83,1.76,1.89,2.01,1.9,1.99,1.93,2.03,1.86,1.98,0.75,1.9,2.0,1.9,2.01,1.91,2.01,1.87,1.96,4.33,3.4,1.85,4.2,3.4,1.9,,,,4.88,3.47,1.9,4.5,3.5,1.8,,,,5.6,3.63,1.95,4.63,3.49,1.85,2.1,1.73,2.19,1.74,2.2,1.79,2.13,1.73,0.5,1.99,1.91,2.08,1.85,2.09,1.95,2.01,1.85,2024,Football-Data.co.uk,https://www.football-data.co.uk/mmz4281/2425/D1.csv,4.75,3.9,1.75,4.69,4.0,1.81,4.9,4.0,1.8,1.91,2.04,1.94,2.03,4.6,3.25,1.75,4.69,3.51,1.88,5.1,3.6,1.89,2.24,1.79,2.11,1.89,,,,,,,,,,,,,,,,,,,,,,,,,,,,,,,2024-11-30,union berlin,bayer leverkusen,market_average_open,4.65,3.83,1.76,market_average_close,4.63,3.49,1.85,market_average_close,4.63,3.49,1.85,closing,0.2159827213822894,0.28653295128939826,0.5405405405405405,1.0430562132122283,0.20706719220543476,0.27470518622096357,0.5182276215736015,0.4817723784263983,0.792932807794565,0.7252948137790363,2.0756690187724676,1.261140906480291,1.378749690473664,A,0
D1,2024-11-30,14:30,Werder Bremen,Stuttgart,2,2,D,1.0,1.0,D,20.0,10.0,6.0,4.0,8.0,13.0,11.0,2.0,1.0,1.0,0.0,0.0,3.0,3.75,2.2,3.1,3.75,2.15,,,,3.02,3.75,2.3,2.9,3.75,2.2,,,,3.1,4.0,2.33,3.0,3.75,2.25,1.53,2.5,1.56,2.55,1.58,2.6,1.53,2.5,0.25,1.9,2.0,1.89,2.01,1.93,2.01,1.88,1.95,2.5,3.6,2.7,2.6,3.4,2.65,,,,2.57,3.56,2.8,2.5,3.6,2.6,,,,2.87,3.66,2.8,2.59,3.52,2.67,1.67,2.2,1.68,2.3,1.71,2.35,1.65,2.27,0.0,1.86,2.04,1.89,2.05,1.9,2.05,1.88,1.99,2024,Football-Data.co.uk,https://www.football-data.co.uk/mmz4281/2425/D1.csv,3.0,3.8,2.25,3.07,4.0,2.28,3.1,3.9,2.34,1.57,2.64,1.94,2.04,2.5,3.3,2.5,2.63,3.66,2.65,2.66,3.6,2.82,1.72,2.36,1.93,2.04,,,,,,,,,,,,,,,,,,,,,,,,,,,,,,,2024-11-30,werder bremen,vfb stuttgart,market_average_open,3.0,3.75,2.25,market_average_close,2.59,3.52,2.67,market_average_close,2.59,3.52,2.67,closing,0.3861003861003861,0.2840909090909091,0.37453183520599254,1.0447231303972877,0.3695719706651462,0.27192937614282064,0.3584986531920332,0.6415013468079669,0.6304280293348539,0.7280706238571795,1.5588431808847776,1.5862238883240498,1.3734931299688902,H,0
D1,2024-11-30,17:30,Dortmund,Bayern Munich,1,1,D,1.0,0.0,H,7.0,14.0,2.0,5.0,11.0,7.0,2.0,3.0,2.0,2.0,0.0,0.0,4.75,4.1,1.67,4.4,4.4,1.66,,,,4.67,4.38,1.68,4.4,4.2,1.67,,,,4.75,4.58,1.74,4.54,4.32,1.69,1.4,3.0,1.41,3.01,1.41,3.12,1.39,2.99,0.75,2.05,1.85,2.06,1.85,2.06,1.86,2.01,1.83,4.5,4.0,1.73,4.2,4.0,1.73,,,,4.69,4.17,1.73,4.5,3.9,1.7,,,,4.92,4.55,1.78,4.51,4.07,1.73,1.57,2.38,1.6,2.46,1.61,2.71,1.55,2.47,0.75,1.97,1.93,1.99,1.93,2.08,1.99,1.94,1.91,2024,Football-Data.co.uk,https://www.football-data.co.uk/mmz4281/2425/D1.csv,4.6,4.2,1.7,4.52,4.58,1.74,4.8,4.4,1.75,1.42,3.15,2.05,1.92,4.5,3.9,1.62,4.78,4.08,1.74,4.8,4.2,1.77,1.62,2.58,2.01,1.97,,,,,,,,,,,,,,,,,,,,,,,,,,,,,,,2024-11-30,dortmund,bayern munich,market_average_open,4.54,4.32,1.69,market_average_close,4.51,4.07,1.73,market_average_close,4.51,4.07,1.73,closing,0.22172949002217296,0.24570024570024568,0.5780346820809249,1.0454644178033434,0.21208707464961402,0.23501540704416685,0.5528975183062192,0.44710248169378086,0.787912925350386,0.7649845929558332,2.236623684600563,1.2691757779646762,1.3072158697158696,A,0
D1,2024-12-01,14:30,Mainz,Hoffenheim,2,0,H,2.0,0.0,H,18.0,10.0,8.0,2.0,13.0,12.0,8.0,3.0,1.0,3.0,0.0,0.0,2.1,3.4,3.5,2.05,3.6,3.4,,,,2.08,3.7,3.53,2.05,3.6,3.3,,,,2.13,3.8,3.6,2.08,3.61,3.45,1.67,2.2,1.67,2.29,1.73,2.33,1.66,2.26,-0.25,1.83,2.07,1.81,2.1,1.85,2.11,1.79,2.05,2.0,3.4,3.7,2.05,3.5,3.5,,,,2.15,3.57,3.52,2.05,3.4,3.5,,,,2.15,3.68,3.93,2.05,3.57,3.62,1.8,2.0,1.79,2.12,1.83,2.24,1.74,2.13,-0.25,1.73,2.08,1.85,2.07,1.85,2.17,1.77,2.1,2024,Football-Data.co.uk,https://www.football-data.co.uk/mmz4281/2425/D1.csv,2.05,3.6,3.6,2.13,3.73,3.6,2.1,3.75,3.75,1.71,2.32,1.83,2.16,2.0,3.5,3.6,2.01,3.58,3.93,2.12,3.7,3.8,1.82,2.18,1.83,2.18,,,,,,,,,,,,,,,,,,,,,,,,,,,,,,,2024-12-01,mainz 05,hoffenheim,market_average_open,2.08,3.61,3.45,market_average_close,2.05,3.57,3.62,market_average_close,2.05,3.57,3.62,closing,0.48780487804878053,0.2801120448179272,0.27624309392265195,1.0441600167893597,0.46717444664153074,0.26826543854765766,0.2645601148108116,0.7354398851891883,0.5328255533584693,0.7317345614523423,1.3597304417923362,1.8767868652260933,1.3666157821153153,H,0
D1,2024-12-01,16:30,Heidenheim,Ein Frankfurt,0,4,A,0.0,1.0,A,8.0,14.0,1.0,8.0,7.0,9.0,6.0,5.0,0.0,2.0,0.0,0.0,3.7,3.7,1.95,3.6,3.6,2.0,,,,3.85,3.73,1.97,3.6,3.6,1.95,,,,3.89,3.87,2.0,3.73,3.69,1.97,1.73,2.1,1.78,2.12,1.83,2.16,1.76,2.09,0.5,1.91,1.99,1.93,1.98,1.93,2.0,1.88,1.97,3.75,3.7,1.91,3.7,3.6,1.95,,,,4.09,3.54,1.99,3.6,3.6,1.95,,,,4.37,3.81,2.0,3.86,3.65,1.94,1.73,2.1,1.76,2.17,1.81,2.25,1.72,2.13,0.5,1.94,1.99,1.93,2.0,1.96,2.0,1.9,1.96,2024,Football-Data.co.uk,https://www.football-data.co.uk/mmz4281/2425/D1.csv,3.8,3.8,1.95,3.89,3.87,2.0,4.0,3.95,1.99,1.81,2.14,1.98,2.0,3.75,3.4,1.9,4.04,3.81,1.92,4.1,3.7,2.02,1.77,2.28,2.0,1.99,,,,,,,,,,,,,,,,,,,,,,,,,,,,,,,2024-12-01,fc heidenheim,eintracht frankfurt,market_average_open,3.73,3.69,1.97,market_average_close,3.86,3.65,1.94,market_average_close,3.86,3.65,1.94,closing,0.2590673575129534,0.273972602739726,0.5154639175257733,1.0485038777784528,0.2470828797141501,0.26129860704016966,0.4916185132456801,0.5083814867543197,0.7529171202858498,0.7387013929598303,1.96702678215987,1.3281674344452994,1.353726972130373,A,0
D1,2024-12-06,19:30,Stuttgart,Union Berlin,3,2,H,0.0,1.0,A,7.0,14.0,5.0,3.0,14.0,19.0,1.0,6.0,1.0,6.0,0.0,0.0,1.8,3.6,4.5,1.82,3.5,4.5,,,,1.84,3.61,4.78,1.75,3.6,4.6,,,,1.87,3.71,4.8,1.83,3.58,4.64,2.1,1.73,2.11,1.79,2.16,1.82,2.08,1.77,-0.5,1.84,2.06,,,1.87,2.09,1.83,2.03,1.91,3.5,4.1,1.9,3.4,4.2,,,,1.93,3.51,4.42,1.85,3.5,4.2,,,,1.98,3.6,4.6,1.9,3.49,4.32,2.1,1.73,2.14,1.78,2.17,1.83,2.1,1.76,-0.5,1.95,1.95,1.94,1.98,1.98,2.01,1.91,1.95,2024,Football-Data.co.uk,https://www.football-data.co.uk/mmz4281/2425/D1.csv,1.8,3.5,4.75,,,,1.86,3.7,5.1,2.16,1.85,1.86,2.14,1.83,3.25,4.2,1.92,3.58,4.36,1.96,3.6,4.6,2.16,1.85,1.97,2.02,,,,,,,,,,,,,,,,,,,,,,,,,,,,,,,2024-12-06,vfb stuttgart,union berlin,market_average_open,1.83,3.58,4.64,market_average_close,1.9,3.49,4.32,market_average_close,1.9,3.49,4.32,closing,0.5263157894736842,0.28653295128939826,0.23148148148148145,1.0443302222445638,0.5039744883974355,0.2743700653166554,0.2216554462859091,0.778344553714091,0.49602551160256453,0.7256299346833446,1.2847780526351953,2.016025338634679,1.3781129363638875,H,1
D1,2024-12-07,14:30,Bayern Munich,Heidenheim,4,2,H,1.0,0.0,H,21.0,2.0,10.0,2.0,4.0,5.0,8.0,0.0,1.0,0.0,0.0,0.0,1.1,11.0,19.0,1.1,12.0,19.5,,,,1.09,14.33,22.78,1.07,11.0,26.0,,,,1.11,15.0,29.0,1.09,12.51,23.3,1.25,3.75,,,1.31,4.1,1.28,3.73,-2.5,1.8,2.0,1.85,2.05,1.86,2.09,1.83,2.01,1.13,9.5,15.0,1.14,10.0,16.0,,,,1.11,11.25,24.0,1.1,9.0,21.0,,,,1.14,12.0,25.02,1.12,10.41,20.98,1.3,3.5,,,1.31,3.98,1.28,3.68,-2.5,2.05,1.88,2.03,1.88,2.07,2.08,1.97,1.88,2024,Football-Data.co.uk,https://www.football-data.co.uk/mmz4281/2425/D1.csv,1.08,12.0,29.0,,,,1.11,14.5,30.0,1.31,4.0,1.86,2.06,1.08,10.5,21.0,1.14,10.8,17.6,1.13,12.0,29.0,1.34,3.8,2.04,1.93,,,,,,,,,,,,,,,,,,,,,,,,,,,,,,,2024-12-07,bayern munich,fc heidenheim,market_average_open,1.09,12.51,23.3,market_average_close,1.12,10.41,20.98,market_average_close,1.12,10.41,20.98,closing,0.8928571428571428,0.09606147934678194,0.047664442326024785,1.0365830645299496,0.861346450090827,0.0926712799329228,0.045982269976250066,0.9540177300237498,0.13865354990917286,0.9073287200670771,1.04819854865287,7.212220679925363,1.1021363899139796,H,1
D1,2024-12-07,14:30,Bochum,Werder Bremen,0,1,A,0.0,0.0,D,12.0,9.0,2.0,1.0,12.0,10.0,9.0,5.0,1.0,1.0,0.0,0.0,3.2,3.5,2.2,3.0,3.6,2.2,,,,3.21,3.59,2.25,3.0,3.7,2.15,,,,3.25,3.75,2.27,3.14,3.62,2.23,1.62,2.3,1.65,2.35,1.65,2.41,1.62,2.34,0.25,1.95,1.95,1.94,1.96,2.0,1.96,1.92,1.92,3.6,3.75,1.95,3.5,3.7,2.0,,,,3.62,3.8,2.05,3.6,3.5,2.0,,,,3.75,3.85,2.2,3.55,3.71,2.03,1.57,2.38,1.62,2.44,1.67,2.49,1.6,2.38,0.5,1.87,2.06,1.88,2.06,1.89,2.1,1.84,2.03,2024,Football-Data.co.uk,https://www.football-data.co.uk/mmz4281/2425/D1.csv,3.25,3.6,2.2,,,,3.3,3.75,2.28,1.68,2.42,2.0,1.97,3.6,3.6,1.95,3.69,3.85,2.0,3.8,3.85,2.08,1.65,2.48,1.91,2.09,,,,,,,,,,,,,,,,,,,,,,,,,,,,,,,2024-12-07,bochum,werder bremen,market_average_open,3.14,3.62,2.23,market_average_close,3.55,3.71,2.03,market_average_close,3.55,3.71,2.03,closing,0.28169014084507044,0.2695417789757412,0.4926108374384237,1.0438427572592355,0.269858787529158,0.2582206727031026,0.47192053976773934,0.5280794602322606,0.730141212470842,0.7417793272968973,1.89365441246319,1.369598076262453,1.3481098261986881,A,0
D1,2024-12-07,14:30,Ein Frankfurt,Augsburg,2,2,D,0.0,0.0,D,16.0,8.0,4.0,3.0,17.0,9.0,4.0,0.0,2.0,2.0,0.0,0.0,1.53,4.1,6.25,1.57,4.2,5.5,,,,1.56,4.43,5.91,1.53,4.2,5.8,,,,1.59,4.6,6.25,1.55,4.36,5.89,1.62,2.3,1.61,2.41,1.65,2.45,1.6,2.36,-1.0,1.92,1.98,1.92,1.99,1.96,2.01,1.89,1.97,1.53,4.33,6.0,1.55,4.2,5.75,,,,1.54,4.4,6.39,1.53,4.2,5.8,,,,1.62,4.5,6.5,1.55,4.31,6.06,1.67,2.2,1.68,2.28,1.7,2.41,1.65,2.28,-1.0,1.88,2.05,1.89,2.03,2.0,2.08,1.89,1.97,2024,Football-Data.co.uk,https://www.football-data.co.uk/mmz4281/2425/D1.csv,1.55,4.2,6.0,,,,1.6,4.4,6.6,1.64,2.52,1.95,2.02,1.5,4.2,6.5,1.55,4.41,6.33,1.55,4.5,7.2,1.7,2.4,1.91,2.08,,,,,,,,,,,,,,,,,,,,,,,,,,,,,,,2024-12-07,eintracht frankfurt,augsburg,market_average_open,1.55,4.36,5.89,market_average_close,1.55,4.31,6.06,market_average_close,1.55,4.31,6.06,closing,0.6451612903225806,0.2320185614849188,0.16501650165016502,1.0421963534576646,0.6190400572619044,0.2226246145605457,0.1583353281775498,0.8416646718224501,0.3809599427380955,0.7773753854394542,1.1881216278624451,2.6249478956045667,1.286379809202082,H,1
D1,2024-12-07,14:30,Holstein Kiel,RB Leipzig,0,2,A,0.0,1.0,A,17.0,9.0,5.0,5.0,11.0,13.0,6.0,1.0,4.0,3.0,0.0,0.0,5.75,4.2,1.57,5.0,4.33,1.6,,,,5.49,4.42,1.59,5.0,4.33,1.57,,,,5.75,4.5,1.62,5.36,4.37,1.59,1.49,2.45,1.52,2.6,1.53,2.66,1.5,2.58,1.0,1.93,1.97,1.93,1.97,1.95,2.01,1.89,1.96,7.0,4.75,1.44,6.75,4.8,1.44,,,,6.95,4.91,1.46,7.0,4.6,1.44,,,,7.0,5.0,1.6,6.37,4.75,1.48,1.53,2.5,1.56,2.55,1.58,2.85,1.51,2.53,1.25,1.94,1.99,1.94,1.98,1.97,2.1,1.86,2.0,2024,Football-Data.co.uk,https://www.football-data.co.uk/mmz4281/2425/D1.csv,5.5,4.33,1.57,,,,6.0,4.5,1.62,1.58,2.68,1.97,1.99,6.0,4.5,1.44,6.89,4.86,1.47,7.4,4.9,1.5,1.57,2.68,1.9,2.09,,,,,,,,,,,,,,,,,,,,,,,,,,,,,,,2024-12-07,holstein kiel,rasenballsport leipzig,market_average_open,5.36,4.37,1.59,market_average_close,6.37,4.75,1.48,market_average_close,6.37,4.75,1.48,closing,0.15698587127158556,0.21052631578947367,0.6756756756756757,1.043187862736735,0.15048667347388744,0.20181054947971852,0.6477027770463939,0.352297222953606,0.8495133265261124,0.7981894505202813,2.838512298269493,1.177144570632303,1.2528354006034195,A,0
D1,2024-12-07,14:30,Leverkusen,St Pauli,2,1,H,2.0,0.0,H,6.0,12.0,2.0,4.0,8.0,10.0,7.0,4.0,1.0,3.0,0.0,0.0,1.25,6.5,10.0,1.24,6.75,11.0,,,,1.24,6.76,11.47,1.22,6.0,12.0,,,,1.26,7.1,13.0,1.24,6.57,11.8,1.5,2.63,1.53,2.57,1.56,2.75,1.51,2.59,-1.75,1.92,1.98,1.93,1.96,1.93,2.0,1.89,1.95,1.3,5.75,9.5,1.29,5.75,9.75,,,,1.28,6.06,11.8,1.29,5.5,10.0,,,,1.31,6.5,11.8,1.28,5.88,10.57,1.62,2.3,1.63,2.41,1.66,2.6,1.59,2.38,-1.5,1.87,2.06,1.86,2.07,1.91,2.07,1.84,2.01,2024,Football-Data.co.uk,https://www.football-data.co.uk/mmz4281/2425/D1.csv,1.22,6.5,13.0,,,,1.27,7.2,13.0,1.55,2.7,2.0,1.99,1.25,5.5,11.0,1.31,6.11,9.67,1.28,6.6,13.0,1.64,2.54,1.88,2.08,,,,,,,,,,,,,,,,,,,,,,,,,,,,,,,2024-12-07,bayer leverkusen,st pauli,market_average_open,1.24,6.57,11.8,market_average_close,1.28,5.88,10.57,market_average_close,1.28,5.88,10.57,closing,0.78125,0.17006802721088435,0.0946073793755913,1.0459254065864756,0.746946192415116,0.16260053168220212,0.09045327590268197,0.9095467240973181,0.2530538075848841,0.8373994683177979,1.0994487402419624,3.951728723404255,1.1941731967048423,H,1
D1,2024-12-07,17:30,M'gladbach,Dortmund,1,1,D,0.0,0.0,D,9.0,16.0,3.0,3.0,16.0,11.0,7.0,4.0,3.0,2.0,1.0,0.0,3.2,3.75,2.1,3.2,3.9,2.05,,,,3.24,3.87,2.14,3.2,3.9,2.0,,,,3.31,4.0,2.15,3.23,3.89,2.1,1.44,2.75,1.48,2.75,1.48,2.86,1.46,2.74,0.25,2.03,1.87,2.03,1.88,2.08,1.88,2.01,1.85,3.2,3.9,2.05,3.3,3.75,2.05,,,,3.45,3.88,2.08,3.3,3.6,2.05,,,,3.65,4.01,2.1,3.37,3.84,2.04,1.5,2.63,1.53,2.62,1.57,2.79,1.49,2.61,0.5,1.78,2.03,1.85,2.09,1.87,2.11,1.82,2.04,2024,Football-Data.co.uk,https://www.football-data.co.uk/mmz4281/2425/D1.csv,3.25,3.9,2.1,,,,3.35,4.1,2.16,1.54,2.8,2.09,1.89,3.2,3.7,1.95,3.65,3.9,2.0,3.5,4.0,2.1,1.54,2.82,1.89,2.11,,,,,,,,,,,,,,,,,,,,,,,,,,,,,,,2024-12-07,borussia m gladbach,dortmund,market_average_open,3.23,3.89,2.1,market_average_close,3.37,3.84,2.04,market_average_close,3.37,3.84,2.04,closing,0.29673590504451036,0.2604166666666667,0.49019607843137253,1.0473486501425495,0.2833210364133501,0.24864372206067448,0.4680352415259755,0.5319647584740246,0.71667896358665,0.7513562779393256,1.879823774169862,1.3953248955368496,1.3309265249537892,A,0
D1,2024-12-08,14:30,Wolfsburg,Mainz,4,3,H,1.0,2.0,A,10.0,12.0,5.0,5.0,10.0,15.0,3.0,5.0,3.0,4.0,0.0,0.0,2.15,3.3,3.5,2.1,3.4,3.4,,,,2.15,3.34,3.5,2.1,3.4,3.4,,,,2.2,3.55,3.64,2.15,3.42,3.46,1.84,2.06,1.83,2.02,1.86,2.06,1.82,2.02,-0.25,1.88,2.02,1.85,2.0,1.89,2.05,1.84,2.0,2.15,3.3,3.6,2.05,3.4,3.6,,,,2.13,3.45,3.72,2.1,3.3,3.5,,,,2.23,3.56,3.9,2.12,3.4,3.6,1.92,1.98,1.93,1.97,1.94,2.0,1.88,1.95,-0.25,1.88,2.02,1.84,2.1,1.9,2.1,1.82,2.04,2024,Football-Data.co.uk,https://www.football-data.co.uk/mmz4281/2425/D1.csv,,,,,,,2.2,3.55,3.75,1.84,2.06,1.89,2.1,2.0,3.1,3.5,2.1,3.36,3.9,2.18,3.45,3.9,1.94,2.04,1.87,2.13,,,,,,,,,,,,,,,,,,,,,,,,,,,,,,,2024-12-08,wolfsburg,mainz 05,market_average_open,2.15,3.42,3.46,market_average_close,2.12,3.4,3.6,market_average_close,2.12,3.4,3.6,closing,0.4716981132075471,0.29411764705882354,0.2777777777777778,1.0435935380441483,0.45199409158050224,0.2818316100443132,0.2661742983751847,0.7338257016248154,0.5480059084194979,0.718168389955687,1.362721417069243,1.8247978436657677,1.392431098313451,H,0
D1,2024-12-08,16:30,Hoffenheim,Freiburg,1,1,D,0.0,0.0,D,15.0,11.0,5.0,4.0,10.0,5.0,6.0,1.0,1.0,1.0,0.0,0.0,2.7,3.4,2.55,2.65,3.5,2.55,,,,2.73,3.45,2.54,2.7,3.4,2.5,,,,2.78,3.6,2.61,2.71,3.47,2.54,1.73,2.1,1.68,2.2,1.73,2.29,1.7,2.18,0.0,2.02,1.88,2.0,1.86,2.05,1.89,1.99,1.86,2.4,3.25,3.0,2.55,3.1,2.87,,,,2.51,3.3,3.07,2.45,3.2,2.9,,,,2.7,3.4,3.09,2.5,3.28,2.94,1.99,1.91,1.98,1.93,2.02,2.2,1.89,1.95,-0.25,2.1,1.8,2.15,1.81,2.17,1.81,2.11,1.77,2024,Football-Data.co.uk,https://www.football-data.co.uk/mmz4281/2425/D1.csv,,,,,,,2.8,3.65,2.68,1.74,2.26,2.03,1.95,2.4,3.1,2.8,2.46,3.34,3.08,2.58,3.35,3.1,2.02,1.97,2.2,1.81,,,,,,,,,,,,,,,,,,,,,,,,,,,,,,,2024-12-08,hoffenheim,freiburg,market_average_open,2.71,3.47,2.54,market_average_close,2.5,3.28,2.94,market_average_close,2.5,3.28,2.94,closing,0.4,0.3048780487804878,0.3401360544217687,1.0450141032022564,0.3827699537970564,0.29174539161361007,0.3254846545893337,0.6745153454106665,0.6172300462029437,0.7082546083863901,1.4825459595602943,1.6201414790996782,1.4119216284074603,H,0
D1,2024-12-13,19:30,Freiburg,Wolfsburg,3,2,H,1.0,0.0,H,18.0,20.0,9.0,5.0,11.0,3.0,5.0,6.0,4.0,1.0,0.0,0.0,2.2,3.3,3.3,2.15,3.3,3.3,,,,2.26,3.45,3.38,2.2,3.3,3.25,,,,2.27,3.54,3.42,2.22,3.41,3.3,1.93,1.97,1.95,1.95,1.97,2.0,1.9,1.92,-0.25,1.95,1.98,1.95,1.97,1.96,1.99,1.9,1.92,2.25,3.4,3.2,2.3,3.4,3.1,,,,2.32,3.46,3.25,2.25,3.4,3.1,,,,2.38,3.55,3.3,2.28,3.42,3.14,1.87,2.03,1.88,2.03,1.94,2.07,1.85,1.97,-0.25,2.01,1.92,2.0,1.93,2.04,1.93,1.98,1.87,2024,Football-Data.co.uk,https://www.football-data.co.uk/mmz4281/2425/D1.csv,2.2,3.4,3.4,2.27,3.54,3.42,2.28,3.5,3.5,1.96,2.02,1.97,2.02,2.2,3.25,3.1,2.36,3.46,3.14,2.36,3.55,3.35,1.99,2.0,2.02,1.95,,,,,,,,,,,,,,,,,,,,,,,,,,,,,,,2024-12-13,freiburg,wolfsburg,market_average_open,2.22,3.41,3.3,market_average_close,2.28,3.42,3.14,market_average_close,2.28,3.42,3.14,closing,0.4385964912280702,0.29239766081871343,0.3184713375796178,1.0494654896264015,0.4179236912156167,0.27861579414374443,0.30346051464063883,0.6965394853593612,0.5820763087843832,0.7213842058562555,1.435668789808917,1.717987804878049,1.3862238622386225,H,0
D1,2024-12-14,14:30,Augsburg,Leverkusen,0,2,A,0.0,2.0,A,8.0,14.0,4.0,3.0,12.0,5.0,4.0,9.0,3.0,0.0,0.0,0.0,5.75,4.0,1.57,5.0,4.1,1.63,,,,5.59,4.28,1.6,5.5,4.0,1.57,,,,5.75,4.46,1.64,5.47,4.2,1.59,1.67,2.2,1.69,2.25,1.7,2.34,1.66,2.25,1.0,1.87,2.03,1.88,2.02,1.9,2.04,1.85,1.99,6.25,3.7,1.62,5.75,4.0,1.58,,,,6.3,4.09,1.59,6.5,3.8,1.53,,,,7.0,4.35,1.62,6.0,4.0,1.58,1.98,1.92,1.94,1.96,2.0,2.25,1.86,1.97,1.0,1.84,2.09,1.9,2.03,1.93,2.09,1.85,2.0,2024,Football-Data.co.uk,https://www.football-data.co.uk/mmz4281/2425/D1.csv,5.5,4.1,1.57,5.55,4.46,1.64,6.2,4.3,1.64,1.72,2.32,1.9,2.05,6.0,3.75,1.5,6.61,3.82,1.62,6.8,4.2,1.61,2.0,1.99,1.89,2.09,,,,,,,,,,,,,,,,,,,,,,,,,,,,,,,2024-12-14,augsburg,bayer leverkusen,market_average_open,5.47,4.2,1.59,market_average_close,6.0,4.0,1.58,market_average_close,6.0,4.0,1.58,closing,0.16666666666666666,0.25,0.6329113924050632,1.0495780590717299,0.15879396984924624,0.23819095477386937,0.6030150753768844,0.39698492462311563,0.8412060301507538,0.7618090452261306,2.5189873417721516,1.188769414575866,1.3126649076517152,A,0
D1,2024-12-14,14:30,Mainz,Bayern Munich,2,1,H,1.0,0.0,H,8.0,13.0,4.0,1.0,21.0,12.0,3.0,2.0,3.0,2.0,0.0,0.0,6.5,4.5,1.48,5.75,4.6,1.5,,,,6.86,4.87,1.46,6.5,4.5,1.44,,,,7.21,4.94,1.5,6.54,4.69,1.47,1.53,2.5,1.53,2.6,1.58,2.63,1.52,2.52,1.25,1.86,2.04,1.88,2.02,1.88,2.08,1.83,2.0,6.0,4.1,1.53,5.75,4.33,1.53,,,,6.26,4.59,1.53,5.8,4.2,1.53,,,,7.0,5.0,1.57,6.15,4.43,1.51,1.57,2.38,1.61,2.45,1.61,2.6,1.57,2.4,1.0,2.05,1.88,2.04,1.89,2.15,1.91,2.02,1.85,2024,Football-Data.co.uk,https://www.football-data.co.uk/mmz4281/2425/D1.csv,6.5,4.75,1.44,7.0,4.94,1.49,7.0,5.1,1.5,1.56,2.68,1.88,2.04,5.5,4.2,1.47,6.48,4.23,1.57,6.6,4.7,1.56,1.64,2.52,2.07,1.92,,,,,,,,,,,,,,,,,,,,,,,,,,,,,,,2024-12-14,mainz 05,bayern munich,market_average_open,6.54,4.69,1.47,market_average_close,6.15,4.43,1.51,market_average_close,6.15,4.43,1.51,closing,0.16260162601626016,0.22573363431151244,0.6622516556291391,1.0505869159569117,0.15477217881412206,0.2148643114462417,0.6303635097396363,0.36963649026036377,0.845227821185878,0.7851356885537584,2.705360607919478,1.1831129725438667,1.2736651951741331,A,0
D1,2024-12-14,14:30,M'gladbach,Holstein Kiel,4,1,H,3.0,1.0,H,15.0,11.0,6.0,3.0,10.0,14.0,5.0,2.0,1.0,1.0,0.0,0.0,1.44,4.75,6.5,1.47,4.75,6.25,,,,1.46,4.89,6.75,1.44,4.6,6.5,,,,1.49,5.09,7.13,1.44,4.89,6.63,1.5,2.63,1.52,2.62,1.52,2.88,1.48,2.64,-1.25,1.95,1.95,1.96,1.93,1.98,1.98,1.91,1.91,1.4,5.0,7.0,1.41,5.0,6.75,,,,1.43,5.29,7.5,1.44,4.8,6.5,,,,1.48,5.3,7.5,1.42,4.99,6.87,1.4,3.0,1.43,2.97,1.47,3.14,1.41,2.89,-1.25,1.86,2.07,1.88,2.06,1.92,2.07,1.87,1.98,2024,Football-Data.co.uk,https://www.football-data.co.uk/mmz4281/2425/D1.csv,1.4,4.75,7.0,1.49,5.09,6.69,1.47,5.1,7.8,1.52,2.76,1.95,1.99,1.36,4.75,6.0,1.43,5.13,7.44,1.45,5.4,7.8,1.45,3.15,1.91,2.07,,,,,,,,,,,,,,,,,,,,,,,,,,,,,,,2024-12-14,borussia m gladbach,holstein kiel,market_average_open,1.44,4.89,6.63,market_average_close,1.42,4.99,6.87,market_average_close,1.42,4.99,6.87,closing,0.7042253521126761,0.2004008016032064,0.14556040756914118,1.0501865612850236,0.6705716660961417,0.1908240011736515,0.13860433273020684,0.8613956672697932,0.32942833390385834,0.8091759988263485,1.1609066982766645,3.035561598935943,1.2358250880530663,H,1
D1,2024-12-14,14:30,Union Berlin,Bochum,0,2,A,,,,,,,,,,,,,,,,1.6,3.8,6.0,1.61,3.8,6.0,,,,1.6,4.01,6.13,1.55,3.9,6.0,,,,1.63,4.17,6.5,1.59,3.94,6.09,2.04,1.86,2.04,1.86,2.07,1.89,2.01,1.83,-1.0,2.07,1.83,2.07,1.85,2.09,1.85,2.03,1.82,1.65,3.9,5.25,1.65,3.9,5.25,,,,1.67,3.93,5.68,1.62,3.9,5.0,,,,1.69,4.09,6.25,1.64,3.92,5.43,1.91,1.99,1.93,1.98,2.0,2.03,1.87,1.95,-0.75,1.86,2.07,1.86,2.08,1.88,2.12,1.82,2.04,2024,Football-Data.co.uk,https://www.football-data.co.uk/mmz4281/2425/D1.csv,1.57,3.9,6.5,1.63,4.17,6.22,1.63,4.1,6.8,2.06,1.9,2.11,1.86,1.57,3.75,5.0,1.69,3.98,5.36,1.71,3.9,6.2,1.97,2.0,1.9,2.08,,,,,,,,,,,,,,,,,,,,,,,,,,,,,,,2024-12-14,union berlin,bochum,market_average_open,1.59,3.94,6.09,market_average_close,1.64,3.92,5.43,market_average_close,1.64,3.92,5.43,closing,0.6097560975609756,0.25510204081632654,0.1841620626151013,1.0490202009924035,0.5812624933095938,0.2431812472009525,0.17555625948945372,0.8244437405105463,0.4187375066904062,0.7568187527990475,1.2129390410323675,2.388130950828225,1.3213203244522702,H,1
D1,2024-12-14,17:30,St Pauli,Werder Bremen,0,2,A,0.0,1.0,A,15.0,8.0,4.0,4.0,10.0,9.0,4.0,5.0,2.0,3.0,0.0,0.0,2.63,3.4,2.63,2.65,3.4,2.55,,,,2.69,3.36,2.75,2.6,3.4,2.6,,,,2.72,3.58,2.77,2.64,3.4,2.66,1.95,1.95,1.97,1.92,1.99,1.96,1.92,1.9,0.0,1.95,1.95,1.93,1.97,1.97,1.97,1.93,1.93,2.8,3.3,2.5,2.85,3.2,2.55,,,,3.0,3.19,2.63,2.75,3.3,2.5,,,,3.0,3.4,2.68,2.85,3.28,2.55,2.0,1.8,2.1,1.81,2.13,1.94,1.99,1.83,0.0,2.08,1.85,2.1,1.84,2.11,1.87,2.05,1.83,2024,Football-Data.co.uk,https://www.football-data.co.uk/mmz4281/2425/D1.csv,2.6,3.4,2.7,2.72,3.58,2.72,2.68,3.55,2.86,1.98,2.0,1.94,2.05,2.75,3.1,2.45,2.98,3.39,2.5,3.05,3.3,2.66,2.12,1.86,2.13,1.85,,,,,,,,,,,,,,,,,,,,,,,,,,,,,,,2024-12-14,st pauli,werder bremen,market_average_open,2.64,3.4,2.66,market_average_close,2.85,3.28,2.55,market_average_close,2.85,3.28,2.55,closing,0.3508771929824561,0.3048780487804878,0.3921568627450981,1.047912104508042,0.33483456434276104,0.29093856962709425,0.37422686603014477,0.6257731339698553,0.665165435657239,0.7090614303729058,1.5980232223395066,1.5033853931569918,1.4103150406504064,A,0
D1,2024-12-15,14:30,Heidenheim,Stuttgart,1,3,A,1.0,2.0,A,9.0,18.0,2.0,7.0,25.0,13.0,9.0,6.0,4.0,3.0,0.0,0.0,4.0,4.0,1.8,4.0,3.75,1.83,,,,4.27,3.93,1.83,4.0,3.8,1.8,,,,4.27,4.05,1.87,4.09,3.89,1.82,1.73,2.1,1.72,2.2,1.76,2.24,1.71,2.16,0.75,1.78,2.03,1.84,2.08,1.84,2.12,1.79,2.04,4.33,4.0,1.73,4.4,4.0,1.73,,,,4.72,4.07,1.75,4.4,3.8,1.73,,,,4.73,4.2,1.91,4.45,3.99,1.74,1.57,2.38,1.58,2.49,1.65,2.5,1.58,2.4,0.75,1.98,1.95,1.97,1.95,1.99,2.0,1.93,1.92,2024,Football-Data.co.uk,https://www.football-data.co.uk/mmz4281/2425/D1.csv,4.2,3.9,1.8,4.27,4.05,1.87,4.4,4.0,1.87,1.76,2.22,1.86,2.12,4.4,3.75,1.67,4.62,4.11,1.75,4.9,4.2,1.78,1.62,2.58,1.99,1.98,,,,,,,,,,,,,,,,,,,,,,,,,,,,,,,2024-12-15,fc heidenheim,vfb stuttgart,market_average_open,4.09,3.89,1.82,market_average_close,4.45,3.99,1.74,market_average_close,4.45,3.99,1.74,closing,0.2247191011235955,0.2506265664160401,0.5747126436781609,1.0500583112177964,0.21400630681450386,0.23867871311392033,0.547314980071576,0.4526850199284242,0.7859936931854963,0.7613212868860798,2.2090415100506617,1.2722748396964525,1.3135058972147653,A,0
D1,2024-12-15,16:30,Dortmund,Hoffenheim,1,1,D,0.0,0.0,D,6.0,12.0,2.0,1.0,9.0,10.0,3.0,9.0,5.0,2.0,0.0,0.0,1.44,5.0,6.0,1.44,5.0,6.25,,,,1.45,5.13,6.46,1.44,4.8,6.5,,,,1.48,5.3,7.0,1.44,5.01,6.34,1.4,3.0,1.43,2.94,1.43,3.05,1.4,2.93,-1.25,1.93,1.97,1.95,1.95,1.95,2.0,1.89,1.92,1.33,5.5,7.5,1.35,5.5,8.0,,,,1.36,5.51,8.55,1.33,5.0,8.5,,,,1.43,5.8,9.0,1.36,5.42,8.0,1.44,2.75,1.49,2.73,1.49,3.0,1.44,2.78,-1.5,1.97,1.96,2.01,1.92,2.01,1.97,1.96,1.89,2024,Football-Data.co.uk,https://www.football-data.co.uk/mmz4281/2425/D1.csv,1.44,5.0,6.5,1.48,5.3,6.58,1.48,5.4,7.0,1.47,3.05,1.94,2.01,1.33,5.0,8.0,1.36,5.8,8.19,1.39,5.6,9.2,1.49,3.0,2.03,1.94,,,,,,,,,,,,,,,,,,,,,,,,,,,,,,,2024-12-15,dortmund,hoffenheim,market_average_open,1.44,5.01,6.34,market_average_close,1.36,5.42,8.0,market_average_close,1.36,5.42,8.0,closing,0.7352941176470588,0.18450184501845018,0.125,1.044795962665509,0.7037681460513673,0.17659126911990028,0.11964058482873244,0.8803594151712676,0.2962318539486327,0.8234087308800997,1.1358997050147492,3.37573419829929,1.2144636830983695,H,1
D1,2024-12-15,18:30,RB Leipzig,Ein Frankfurt,2,1,H,1.0,1.0,D,19.0,16.0,9.0,3.0,15.0,10.0,6.0,7.0,1.0,3.0,0.0,0.0,2.05,4.0,3.2,2.15,3.7,3.0,,,,2.11,3.92,3.29,2.1,3.7,3.1,,,,2.15,4.06,3.29,2.1,3.86,3.18,1.53,2.5,1.56,2.52,1.56,2.55,1.53,2.48,-0.25,1.85,2.05,1.85,2.06,1.87,2.06,1.82,2.0,2.25,3.8,2.88,2.2,3.6,3.0,,,,2.3,3.76,3.06,2.25,3.7,2.88,,,,2.38,3.97,3.31,2.26,3.74,2.97,1.5,2.63,1.52,2.63,1.56,2.75,1.5,2.6,-0.25,2.04,1.89,2.01,1.92,2.07,1.97,1.98,1.87,2024,Football-Data.co.uk,https://www.football-data.co.uk/mmz4281/2425/D1.csv,2.1,3.8,3.25,2.15,4.06,3.29,2.18,3.95,3.35,1.58,2.54,1.9,2.06,2.25,3.6,2.9,2.23,3.97,3.03,2.36,3.85,3.1,1.54,2.82,2.07,1.93,,,,,,,,,,,,,,,,,,,,,,,,,,,,,,,2024-12-15,rasenballsport leipzig,eintracht frankfurt,market_average_open,2.1,3.86,3.18,market_average_close,2.26,3.74,2.97,market_average_close,2.26,3.74,2.97,closing,0.4424778761061947,0.267379679144385,0.33670033670033667,1.0465578919509164,0.4227935019259756,0.2554848434098141,0.3217216546642103,0.6782783453357897,0.5772064980740244,0.744515156590186,1.4743209876543208,1.7324822283475994,1.343156000449893,H,0
D1,2024-12-20,19:30,Bayern Munich,RB Leipzig,5,1,H,3.0,1.0,H,22.0,4.0,9.0,1.0,9.0,10.0,8.0,1.0,5.0,2.0,0.0,0.0,1.2,7.5,11.0,1.21,7.25,12.0,,,,1.21,7.48,13.15,1.22,6.5,11.0,,,,1.28,7.95,13.15,1.22,7.04,11.46,1.29,3.75,1.33,3.43,1.3,3.75,1.28,3.59,-2.0,1.86,2.04,1.87,2.04,2.02,2.06,1.91,1.92,1.2,7.0,13.0,1.21,7.5,11.5,,,,1.22,7.36,12.59,1.22,7.0,11.0,,,,1.26,7.7,13.0,1.21,7.21,11.88,1.29,3.75,1.33,3.43,1.29,4.0,1.27,3.77,-2.0,1.86,2.04,1.88,2.02,1.96,2.07,1.87,1.98,2024,Football-Data.co.uk,https://www.football-data.co.uk/mmz4281/2425/D1.csv,1.22,7.0,11.0,1.23,7.95,12.9,1.26,7.6,13.0,1.32,4.0,1.88,2.11,1.17,6.5,11.0,1.23,7.28,12.8,1.24,8.0,14.0,1.32,4.0,1.93,2.06,,,,,,,,,,,,,,,,,,,,,,,,,,,,,,,2024-12-20,bayern munich,rasenballsport leipzig,market_average_open,1.22,7.04,11.46,market_average_close,1.21,7.21,11.88,market_average_close,1.21,7.21,11.88,closing,0.8264462809917356,0.13869625520110956,0.08417508417508417,1.0493176203679293,0.7876035482011187,0.13217757188950813,0.0802188799093732,0.9197811200906267,0.21239645179888134,0.8678224281104918,1.0872151843054456,4.708176579837135,1.152309467476311,H,1
D1,2024-12-21,14:30,Ein Frankfurt,Mainz,1,3,A,0.0,2.0,A,34.0,9.0,9.0,3.0,10.0,10.0,17.0,2.0,1.0,1.0,0.0,1.0,1.83,4.0,3.9,1.83,3.9,3.9,,,,1.85,4.02,4.05,1.85,3.9,3.9,,,,1.91,4.07,4.2,1.84,3.95,3.97,1.67,2.2,1.67,2.3,1.73,2.33,1.66,2.24,-0.5,1.86,2.04,1.86,2.05,1.86,2.06,1.84,2.01,2.1,3.7,3.4,2.1,3.6,3.3,,,,2.1,3.6,3.63,2.05,3.6,3.4,,,,2.16,3.79,3.84,2.07,3.62,3.49,1.73,2.1,1.76,2.17,1.79,2.27,1.71,2.15,-0.25,1.85,2.08,1.83,2.11,1.87,2.16,1.79,2.07,2024,Football-Data.co.uk,https://www.football-data.co.uk/mmz4281/2425/D1.csv,1.8,3.9,4.2,1.91,4.06,4.1,1.89,4.1,4.4,1.71,2.36,1.89,2.12,1.95,3.5,3.3,2.06,3.73,3.59,2.18,3.7,3.6,1.79,2.24,1.89,2.1,,,,,,,,,,,,,,,,,,,,,,,,,,,,,,,2024-12-21,eintracht frankfurt,mainz 05,market_average_open,1.84,3.95,3.97,market_average_close,2.07,3.62,3.49,market_average_close,2.07,3.62,3.49,closing,0.48309178743961356,0.27624309392265195,0.28653295128939826,1.045867832651664,0.461905197155549,0.26412810997568686,0.27396669286876396,0.7260333071312359,0.5380948028444508,0.735871890024313,1.3773472789441086,1.858408582862812,1.358932191263564,H,0
D1,2024-12-21,14:30,Hoffenheim,M'gladbach,1,2,A,0.0,1.0,A,18.0,5.0,8.0,3.0,14.0,6.0,8.0,4.0,0.0,0.0,0.0,0.0,2.3,3.6,2.9,2.35,3.7,2.8,,,,2.4,3.66,2.91,2.3,3.75,2.8,,,,2.42,3.93,2.92,2.35,3.69,2.85,1.57,2.38,1.62,2.39,1.64,2.47,1.58,2.39,-0.25,2.08,1.82,2.1,1.83,2.1,1.83,2.03,1.8,2.2,3.6,3.0,2.3,3.6,2.9,,,,2.3,3.63,3.14,2.3,3.5,2.9,,,,2.39,3.75,3.14,2.28,3.63,2.99,1.57,2.38,1.62,2.4,1.62,2.5,1.58,2.38,-0.25,2.0,1.93,2.01,1.92,2.05,1.93,1.97,1.87,2024,Football-Data.co.uk,https://www.football-data.co.uk/mmz4281/2425/D1.csv,2.38,3.7,2.88,2.41,3.93,2.89,2.44,3.8,3.0,1.68,2.44,2.12,1.87,2.15,3.4,2.9,2.39,3.73,2.9,2.36,3.75,3.15,1.65,2.52,2.06,1.93,,,,,,,,,,,,,,,,,,,,,,,,,,,,,,,2024-12-21,hoffenheim,borussia m gladbach,market_average_open,2.35,3.69,2.85,market_average_close,2.28,3.63,2.99,market_average_close,2.28,3.63,2.99,closing,0.4385964912280702,0.27548209366391185,0.33444816053511706,1.048526745427099,0.4182978575805576,0.26273253864563945,0.31896960377380307,0.681030396226197,0.5817021424194425,0.7372674613543606,1.4683632412610563,1.719092860550167,1.356359872661408,H,0
D1,2024-12-21,14:30,Holstein Kiel,Augsburg,5,1,H,4.0,1.0,H,8.0,17.0,6.0,4.0,11.0,13.0,3.0,8.0,0.0,4.0,0.0,0.0,3.0,3.4,2.35,3.0,3.3,2.35,,,,3.17,3.25,2.44,3.1,3.25,2.38,,,,3.19,3.4,2.46,3.05,3.31,2.4,1.97,1.93,1.96,1.93,1.99,1.96,1.92,1.89,0.25,1.83,2.07,1.83,2.09,1.85,2.09,1.8,2.03,3.4,3.5,2.1,3.5,3.3,2.1,,,,3.59,3.36,2.21,3.4,3.3,2.15,,,,3.6,3.58,2.29,3.43,3.4,2.16,1.93,1.97,1.93,1.96,1.96,2.0,1.9,1.92,0.25,2.04,1.89,2.03,1.9,2.07,1.9,2.0,1.85,2024,Football-Data.co.uk,https://www.football-data.co.uk/mmz4281/2425/D1.csv,3.1,3.4,2.38,3.19,3.38,2.46,3.2,3.5,2.46,1.98,2.0,1.89,2.1,3.25,3.3,2.05,3.5,3.58,2.15,3.6,3.6,2.24,1.95,2.02,2.06,1.92,,,,,,,,,,,,,,,,,,,,,,,,,,,,,,,2024-12-21,holstein kiel,augsburg,market_average_open,3.05,3.31,2.4,market_average_close,3.43,3.4,2.16,market_average_close,3.43,3.4,2.16,closing,0.29154518950437314,0.29411764705882354,0.4629629629629629,1.0486257995261594,0.27802595514635736,0.2804791253388253,0.4414949195148175,0.5585050804851827,0.7219740448536428,0.7195208746611749,1.7904940079171408,1.3850913438345531,1.3898137430285171,A,0
D1,2024-12-21,14:30,Stuttgart,St Pauli,0,1,A,0.0,1.0,A,25.0,11.0,5.0,5.0,10.0,11.0,9.0,1.0,2.0,2.0,0.0,0.0,1.45,4.75,6.5,1.51,4.5,6.0,,,,1.47,4.73,6.93,1.44,4.5,6.5,,,,1.51,4.79,6.93,1.47,4.64,6.51,1.67,2.2,1.67,2.3,1.72,2.35,1.66,2.24,-1.25,2.05,1.85,2.04,1.87,2.08,1.87,2.02,1.81,1.45,4.75,6.25,1.47,4.5,6.5,,,,1.46,4.77,7.33,1.5,4.5,6.0,,,,1.51,4.85,7.33,1.47,4.61,6.54,1.62,2.3,1.66,2.34,1.69,2.41,1.62,2.3,-1.25,2.05,1.88,2.04,1.88,2.09,1.89,2.02,1.83,2024,Football-Data.co.uk,https://www.football-data.co.uk/mmz4281/2425/D1.csv,1.47,4.6,6.5,1.51,4.79,6.85,1.51,4.9,7.2,1.73,2.34,2.08,1.89,1.4,4.2,6.5,1.5,4.85,6.38,1.5,4.9,7.6,1.69,2.44,2.09,1.89,,,,,,,,,,,,,,,,,,,,,,,,,,,,,,,2024-12-21,vfb stuttgart,st pauli,market_average_open,1.47,4.64,6.51,market_average_close,1.47,4.61,6.54,market_average_close,1.47,4.61,6.54,closing,0.6802721088435374,0.21691973969631234,0.1529051987767584,1.0500970473166082,0.6478183236319802,0.20657113573514335,0.1456105406328763,0.8543894593671235,0.35218167636801967,0.7934288642648565,1.1704264244326414,2.8394435801226323,1.2603524336444956,H,1
D1,2024-12-21,14:30,Werder Bremen,Union Berlin,4,1,H,3.0,1.0,H,11.0,16.0,6.0,4.0,9.0,12.0,4.0,9.0,2.0,2.0,0.0,0.0,2.05,3.3,3.75,2.1,3.4,3.5,,,,2.11,3.38,3.78,2.15,3.3,3.5,,,,2.15,3.52,3.79,2.1,3.37,3.64,2.0,1.8,2.08,1.81,2.1,1.85,2.03,1.8,-0.25,1.75,2.05,1.82,2.11,1.83,2.12,1.79,2.05,2.25,3.25,3.3,2.25,3.25,3.25,,,,2.33,3.25,3.43,2.3,3.2,3.3,,,,2.36,3.36,3.56,2.26,3.26,3.35,2.1,1.73,2.13,1.79,2.24,1.84,2.09,1.76,-0.25,1.99,1.94,1.99,1.93,2.0,2.0,1.92,1.92,2024,Football-Data.co.uk,https://www.football-data.co.uk/mmz4281/2425/D1.csv,2.1,3.4,3.7,2.15,3.52,3.75,2.14,3.55,3.9,2.12,1.88,1.85,2.16,2.15,3.1,3.3,2.25,3.33,3.5,2.38,3.25,3.6,2.16,1.85,2.03,1.96,,,,,,,,,,,,,,,,,,,,,,,,,,,,,,,2024-12-21,werder bremen,union berlin,market_average_open,2.1,3.37,3.64,market_average_close,2.26,3.26,3.35,market_average_close,2.26,3.26,3.35,closing,0.4424778761061947,0.3067484662576687,0.29850746268656714,1.0477338050504306,0.4223189840523442,0.29277328342279074,0.284907732524865,0.715092267475135,0.5776810159476558,0.7072267165772093,1.3984209387843392,1.7310591353942137,1.413973732270376,H,0
D1,2024-12-21,17:30,Leverkusen,Freiburg,5,1,H,1.0,0.0,H,20.0,8.0,12.0,2.0,8.0,9.0,4.0,2.0,1.0,2.0,0.0,0.0,1.38,5.0,7.5,1.38,5.0,7.75,,,,1.37,5.33,8.23,1.4,4.8,7.5,,,,1.43,5.33,9.0,1.38,5.03,8.04,1.62,2.3,1.6,2.43,1.67,2.43,1.6,2.35,-1.25,1.83,2.07,1.83,2.09,1.87,2.12,1.81,2.02,1.38,5.0,7.5,1.39,5.0,7.25,,,,1.39,5.32,8.17,1.4,4.75,7.0,,,,1.46,5.34,8.24,1.39,4.95,7.74,1.53,2.5,1.57,2.52,1.67,2.58,1.56,2.43,-1.25,1.86,2.07,1.85,2.08,1.93,2.11,1.85,2.0,2024,Football-Data.co.uk,https://www.football-data.co.uk/mmz4281/2425/D1.csv,1.36,5.0,8.5,1.43,5.2,8.0,1.4,5.4,9.2,1.66,2.48,1.88,2.09,1.36,4.75,8.0,1.41,5.13,8.02,1.42,5.3,9.0,1.6,2.66,1.88,2.09,,,,,,,,,,,,,,,,,,,,,,,,,,,,,,,2024-12-21,bayer leverkusen,freiburg,market_average_open,1.38,5.03,8.04,market_average_close,1.39,4.95,7.74,market_average_close,1.39,4.95,7.74,closing,0.7194244604316548,0.20202020202020202,0.12919896640826872,1.0506436288601255,0.6847464170245621,0.192282327204877,0.12297125577056087,0.8770287442294391,0.3152535829754379,0.807717672795123,1.1402134839703617,3.17204959436706,1.2380563576620531,H,1
D1,2024-12-22,14:30,Bochum,Heidenheim,2,0,H,2.0,0.0,H,14.0,10.0,4.0,2.0,18.0,15.0,5.0,2.0,2.0,7.0,0.0,0.0,2.3,3.5,3.0,2.35,3.4,2.9,,,,2.35,3.55,3.07,2.3,3.5,2.9,,,,2.37,3.77,3.07,2.32,3.52,2.98,1.73,2.1,1.76,2.15,1.8,2.19,1.74,2.11,-0.25,2.03,1.87,2.04,1.87,2.04,1.9,1.98,1.84,2.0,3.5,3.6,2.1,3.4,3.5,,,,2.11,3.47,3.74,2.1,3.5,3.4,,,,2.19,3.67,3.74,2.1,3.49,3.5,1.8,2.0,1.83,2.07,1.85,2.23,1.76,2.09,-0.25,1.73,2.08,1.83,2.12,1.86,2.12,1.81,2.04,2024,Football-Data.co.uk,https://www.football-data.co.uk/mmz4281/2425/D1.csv,2.3,3.5,3.0,2.37,3.77,3.05,2.36,3.65,3.2,1.8,2.18,2.04,1.94,2.0,3.3,3.4,2.09,3.67,3.57,2.2,3.6,3.7,1.81,2.22,1.89,2.1,,,,,,,,,,,,,,,,,,,,,,,,,,,,,,,2024-12-22,bochum,fc heidenheim,market_average_open,2.32,3.52,2.98,market_average_close,2.1,3.49,3.5,market_average_close,2.1,3.49,3.5,closing,0.47619047619047616,0.28653295128939826,0.2857142857142857,1.04843771319416,0.4541905257678293,0.2732951587714732,0.2725143154606976,0.7274856845393025,0.5458094742321709,0.7267048412285269,1.374597495527728,1.8321411540295656,1.3760744985673352,H,0
D1,2024-12-22,16:30,Wolfsburg,Dortmund,1,3,A,0.0,3.0,A,14.0,12.0,5.0,4.0,8.0,8.0,10.0,4.0,3.0,2.0,0.0,1.0,3.1,3.6,2.2,3.0,3.7,2.15,,,,3.09,3.65,2.29,3.0,3.75,2.2,,,,3.15,3.9,2.3,3.05,3.67,2.23,1.62,2.3,1.64,2.34,1.67,2.45,1.59,2.36,0.25,1.92,1.98,1.91,2.0,1.95,2.0,1.89,1.93,3.1,3.8,2.15,3.2,3.6,2.15,,,,3.35,3.76,2.15,3.1,3.75,2.15,,,,3.37,3.87,2.2,3.18,3.72,2.15,1.62,2.3,1.64,2.37,1.66,2.5,1.59,2.37,0.25,2.03,1.9,2.04,1.88,2.06,1.92,1.99,1.85,2024,Football-Data.co.uk,https://www.football-data.co.uk/mmz4281/2425/D1.csv,3.1,3.7,2.25,3.13,3.9,2.28,3.15,3.8,2.32,1.66,2.42,1.94,2.02,3.1,3.5,2.05,3.29,3.87,2.14,3.4,3.9,2.2,1.66,2.5,2.06,1.92,,,,,,,,,,,,,,,,,,,,,,,,,,,,,,,2024-12-22,wolfsburg,dortmund,market_average_open,3.05,3.67,2.23,market_average_close,3.18,3.72,2.15,market_average_close,3.18,3.72,2.15,closing,0.31446540880503143,0.26881720430107525,0.46511627906976744,1.048398892175874,0.29994824598906417,0.2564073715712968,0.4436443824396391,0.556355617560361,0.7000517540109359,0.7435926284287033,1.797411526794742,1.4284658159493426,1.3448223688192216,A,0
D1,2025-01-10,19:30,Dortmund,Leverkusen,2,3,A,1.0,3.0,A,12.0,7.0,5.0,5.0,8.0,6.0,6.0,1.0,1.0,2.0,0.0,0.0,2.7,3.6,2.45,2.8,3.4,2.4,,,,2.92,3.6,2.43,2.8,3.5,2.4,,,,2.96,3.67,2.49,2.82,3.55,2.43,1.57,2.38,1.61,2.4,1.65,2.45,1.59,2.37,0.25,1.73,2.08,1.81,2.11,1.81,2.14,1.76,2.08,3.7,3.8,1.91,3.7,3.7,1.95,,,,3.88,3.82,1.96,3.7,3.6,1.95,,,,3.88,3.95,2.12,3.65,3.76,1.97,1.53,2.5,1.56,2.55,1.56,2.7,1.51,2.56,0.5,1.94,1.99,1.95,1.97,1.96,2.0,1.9,1.96,2024,Football-Data.co.uk,https://www.football-data.co.uk/mmz4281/2425/D1.csv,2.8,3.6,2.45,2.96,3.67,2.47,2.94,3.75,2.52,1.63,2.54,1.83,2.18,3.5,3.6,1.95,3.65,3.9,2.0,3.9,3.95,2.02,1.58,2.72,1.96,2.02,,,,,,,,,,,,,,,,,,,,,,,,,,,,,,,2025-01-10,dortmund,bayer leverkusen,market_average_open,2.82,3.55,2.43,market_average_close,3.65,3.76,1.97,market_average_close,3.65,3.76,1.97,closing,0.273972602739726,0.26595744680851063,0.5076142131979695,1.0475442627462062,0.2615379726499469,0.25388659579050693,0.4845754315595462,0.5154245684404538,0.7384620273500531,0.746113404209493,1.9401481055234728,1.354165770159459,1.340278829408647,A,0
D1,2025-01-11,14:30,Freiburg,Holstein Kiel,3,2,H,2.0,0.0,H,14.0,14.0,5.0,7.0,9.0,12.0,7.0,1.0,2.0,3.0,0.0,0.0,1.4,4.75,7.5,1.38,5.0,7.75,,,,1.4,5.21,7.67,1.4,4.8,7.0,,,,1.43,5.25,8.0,1.39,4.98,7.58,1.57,2.38,1.61,2.42,1.64,2.47,1.57,2.4,-1.25,1.88,2.02,1.86,2.05,1.88,2.05,1.83,1.99,1.45,5.0,6.5,1.44,4.8,6.25,,,,1.46,5.04,6.73,1.44,4.75,6.5,,,,1.47,5.18,7.59,1.44,4.87,6.6,1.5,2.63,1.52,2.65,1.59,2.69,1.51,2.57,-1.25,1.99,1.94,1.98,1.94,2.0,1.97,1.93,1.9,2024,Football-Data.co.uk,https://www.football-data.co.uk/mmz4281/2425/D1.csv,1.4,5.0,8.0,1.43,5.25,7.9,1.42,5.4,8.6,1.61,2.56,1.88,2.05,1.4,4.5,6.0,1.46,5.06,6.82,1.49,5.0,7.4,1.55,2.78,2.02,1.96,,,,,,,,,,,,,,,,,,,,,,,,,,,,,,,2025-01-11,freiburg,holstein kiel,market_average_open,1.39,4.98,7.58,market_average_close,1.44,4.87,6.6,market_average_close,1.44,4.87,6.6,closing,0.6944444444444444,0.2053388090349076,0.15151515151515152,1.0512984049945036,0.6605588300574613,0.1953192433845471,0.14412192655799158,0.8558780734420084,0.3394411699425387,0.8046807566154529,1.1683907217980118,2.9460185992444052,1.2427288608293237,H,1
D1,2025-01-11,14:30,Heidenheim,Union Berlin,2,0,H,1.0,0.0,H,16.0,10.0,9.0,6.0,8.0,10.0,5.0,4.0,0.0,1.0,0.0,1.0,3.1,3.3,2.3,3.1,3.25,2.35,,,,3.24,3.29,2.38,3.2,3.25,2.3,,,,3.31,3.31,2.43,3.17,3.26,2.34,2.05,1.85,2.06,1.83,2.13,1.86,2.04,1.79,0.25,1.87,2.03,1.87,2.04,1.88,2.04,1.84,1.98,3.2,3.3,2.25,3.1,3.3,2.3,,,,3.25,3.46,2.32,3.1,3.3,2.3,,,,3.29,3.46,2.62,3.16,3.33,2.31,1.88,2.05,1.85,2.07,1.98,2.07,1.85,1.96,0.25,1.91,2.02,1.92,2.01,1.92,2.2,1.85,2.0,2024,Football-Data.co.uk,https://www.football-data.co.uk/mmz4281/2425/D1.csv,3.25,3.3,2.3,3.31,3.31,2.43,3.25,3.4,2.46,2.08,1.87,1.89,2.1,3.0,3.1,2.25,3.29,3.39,2.31,3.3,3.45,2.42,1.91,2.08,1.92,2.07,,,,,,,,,,,,,,,,,,,,,,,,,,,,,,,2025-01-11,fc heidenheim,union berlin,market_average_open,3.17,3.26,2.34,market_average_close,3.16,3.33,2.31,market_average_close,3.16,3.33,2.31,closing,0.3164556962025316,0.3003003003003003,0.4329004329004329,1.0496564294032649,0.30148502627896856,0.2860938988112735,0.4124210749097579,0.5875789250902421,0.6985149737210314,0.7139061011887264,1.7018990254737558,1.4316085375706975,1.4007444373075086,A,0
D1,2025-01-11,14:30,Hoffenheim,Wolfsburg,0,1,A,0.0,1.0,A,15.0,12.0,2.0,3.0,15.0,14.0,4.0,8.0,1.0,2.0,0.0,0.0,2.35,3.6,2.88,2.35,3.5,2.9,,,,2.44,3.45,3.0,2.45,3.4,2.8,,,,2.5,3.6,3.02,2.43,3.45,2.87,1.57,2.38,1.63,2.38,1.67,2.41,1.61,2.33,-0.25,2.08,1.82,2.11,1.81,2.11,1.82,2.07,1.77,2.3,3.5,3.0,2.3,3.4,3.0,,,,2.36,3.48,3.15,2.3,3.3,3.0,,,,2.45,3.6,3.15,2.33,3.44,3.02,1.73,2.1,1.74,2.2,1.76,2.39,1.7,2.17,-0.25,2.06,1.87,2.05,1.88,2.1,1.88,2.01,1.84,2024,Football-Data.co.uk,https://www.football-data.co.uk/mmz4281/2425/D1.csv,2.45,3.6,2.8,2.5,3.52,3.02,2.48,3.65,3.05,1.65,2.44,2.14,1.85,2.2,3.3,3.0,2.42,3.58,2.97,2.38,3.6,3.25,1.78,2.26,2.05,1.93,,,,,,,,,,,,,,,,,,,,,,,,,,,,,,,2025-01-11,hoffenheim,wolfsburg,market_average_open,2.43,3.45,2.87,market_average_close,2.33,3.44,3.02,market_average_close,2.33,3.44,3.02,closing,0.4291845493562232,0.29069767441860467,0.33112582781456956,1.0510080515893976,0.40835514885655205,0.27658938861504834,0.31505546252839944,0.6849445374716003,0.5916448511434478,0.7234106113849514,1.4599722244539584,1.6902031650699587,1.382340795479244,H,0
D1,2025-01-11,14:30,Mainz,Bochum,2,0,H,1.0,0.0,H,10.0,11.0,5.0,2.0,6.0,16.0,5.0,6.0,0.0,2.0,0.0,0.0,1.53,4.33,5.75,1.53,4.33,5.75,,,,1.57,4.38,5.81,1.57,4.2,5.5,,,,1.61,4.46,6.0,1.56,4.28,5.76,1.73,2.1,1.74,2.16,1.8,2.18,1.72,2.12,-1.0,1.95,1.95,1.95,1.95,1.98,1.95,1.92,1.9,1.65,4.0,5.0,1.65,3.9,5.25,,,,1.68,3.97,5.47,1.67,3.8,5.0,,,,1.7,4.1,5.5,1.66,3.95,5.18,1.92,2.01,1.93,1.98,1.93,2.09,1.86,1.96,-0.75,1.86,2.07,1.88,2.06,1.91,2.08,1.84,2.0,2024,Football-Data.co.uk,https://www.football-data.co.uk/mmz4281/2425/D1.csv,1.53,4.33,6.0,1.61,4.46,5.92,1.6,4.4,6.4,1.76,2.24,1.99,1.96,1.6,3.7,5.0,1.67,4.1,5.31,1.7,4.0,5.9,1.94,2.04,1.89,2.09,,,,,,,,,,,,,,,,,,,,,,,,,,,,,,,2025-01-11,mainz 05,bochum,market_average_open,1.56,4.28,5.76,market_average_close,1.66,3.95,5.18,market_average_close,1.66,3.95,5.18,closing,0.6024096385542169,0.2531645569620253,0.19305019305019305,1.0486243885664353,0.5744760899350868,0.2414253947575301,0.18409851530738303,0.8159014846926169,0.42552391006491314,0.7585746052424698,1.2256381668146374,2.3500442074981196,1.3182618994744246,H,1
D1,2025-01-11,14:30,St Pauli,Ein Frankfurt,0,1,A,0.0,1.0,A,18.0,14.0,4.0,6.0,8.0,7.0,3.0,3.0,0.0,3.0,0.0,0.0,3.7,3.5,2.05,3.5,3.5,2.05,,,,3.8,3.4,2.1,3.5,3.4,2.1,,,,3.81,3.6,2.14,3.57,3.47,2.08,1.85,2.05,1.87,2.02,1.89,2.06,1.81,2.01,0.25,2.05,1.75,2.11,1.8,2.14,1.83,2.06,1.77,3.5,3.4,2.15,3.4,3.4,2.15,,,,3.58,3.43,2.18,3.4,3.4,2.15,,,,3.7,3.5,2.23,3.46,3.42,2.15,1.86,2.07,1.87,2.05,1.87,2.16,1.78,2.05,0.25,2.06,1.87,2.04,1.88,2.08,1.91,2.0,1.84,2024,Football-Data.co.uk,https://www.football-data.co.uk/mmz4281/2425/D1.csv,3.5,3.6,2.05,3.81,3.52,2.13,3.8,3.6,2.14,1.89,2.06,2.14,1.85,3.3,3.3,2.05,3.7,3.45,2.13,3.6,3.55,2.24,1.87,2.12,2.05,1.93,,,,,,,,,,,,,,,,,,,,,,,,,,,,,,,2025-01-11,st pauli,eintracht frankfurt,market_average_open,3.57,3.47,2.08,market_average_close,3.46,3.42,2.15,market_average_close,3.46,3.42,2.15,closing,0.28901734104046245,0.29239766081871343,0.46511627906976744,1.0465312809289433,0.27616693959106414,0.2793969622763397,0.44443609813259616,0.5555639018674039,0.7238330604089358,0.7206030377236603,1.7999729583558677,1.3815340231006321,1.3877265951569357,A,0
D1,2025-01-11,17:30,M'gladbach,Bayern Munich,0,1,A,0.0,0.0,D,5.0,23.0,0.0,10.0,10.0,7.0,4.0,10.0,3.0,1.0,0.0,0.0,7.0,5.0,1.4,6.25,5.25,1.42,,,,7.2,5.47,1.4,6.5,5.0,1.4,,,,7.2,5.5,1.45,6.8,5.23,1.4,1.36,3.2,1.36,3.27,1.36,3.4,1.34,3.22,1.25,2.03,1.78,2.08,1.81,2.08,1.85,2.0,1.8,8.0,5.25,1.33,7.75,5.5,1.34,,,,8.68,5.86,1.34,7.5,5.5,1.35,,,,8.79,6.04,1.36,8.08,5.65,1.34,1.36,3.2,1.39,3.12,1.41,3.2,1.38,3.04,1.5,2.02,1.91,2.02,1.91,2.02,1.94,1.95,1.9,2024,Football-Data.co.uk,https://www.football-data.co.uk/mmz4281/2425/D1.csv,7.0,5.0,1.36,6.89,5.5,1.45,7.6,5.5,1.44,1.39,3.4,2.1,1.88,7.5,5.5,1.25,8.79,5.54,1.36,9.2,6.2,1.36,1.42,3.3,2.02,1.97,,,,,,,,,,,,,,,,,,,,,,,,,,,,,,,2025-01-11,borussia m gladbach,bayern munich,market_average_open,6.8,5.23,1.4,market_average_close,8.08,5.65,1.34,market_average_close,8.08,5.65,1.34,closing,0.12376237623762376,0.17699115044247787,0.7462686567164178,1.0470221833965194,0.11820415861308788,0.16904240736172566,0.7127534340251865,0.2872465659748135,0.8817958413869122,0.8309575926382744,3.481329695296279,1.1340493491409225,1.203430847565902,A,0
D1,2025-01-12,14:30,RB Leipzig,Werder Bremen,4,2,H,2.0,1.0,H,18.0,7.0,7.0,2.0,7.0,12.0,4.0,1.0,1.0,1.0,0.0,0.0,1.75,4.0,4.2,1.75,4.1,4.2,,,,1.76,4.18,4.34,1.75,4.0,4.0,,,,1.81,4.32,4.6,1.75,4.11,4.22,1.53,2.5,1.54,2.59,1.54,2.6,1.51,2.51,-0.75,1.99,1.91,1.98,1.93,2.0,1.95,1.92,1.89,1.85,3.9,3.7,1.88,3.75,3.8,,,,1.91,3.85,4.06,1.85,3.9,3.8,,,,1.98,4.04,4.15,1.88,3.84,3.88,1.57,2.38,1.63,2.4,1.63,2.52,1.56,2.42,-0.5,1.93,2.0,1.92,2.0,1.98,2.0,1.89,1.96,2024,Football-Data.co.uk,https://www.football-data.co.uk/mmz4281/2425/D1.csv,1.75,4.2,4.33,1.81,4.32,4.32,1.79,4.3,4.6,1.57,2.66,1.98,1.96,1.8,3.7,3.8,1.92,4.04,3.83,1.94,4.0,4.1,1.65,2.52,1.94,2.05,,,,,,,,,,,,,,,,,,,,,,,,,,,,,,,2025-01-12,rasenballsport leipzig,werder bremen,market_average_open,1.75,4.11,4.22,market_average_close,1.88,3.84,3.88,market_average_close,1.88,3.84,3.88,closing,0.5319148936170213,0.2604166666666667,0.2577319587628866,1.0500635190465746,0.5065549692650818,0.248000870369363,0.24544416036555516,0.7545558396344448,0.4934450307349182,0.751999129630637,1.3252829644582222,2.0265681843236685,1.3297887731481481,H,1
D1,2025-01-12,16:30,Augsburg,Stuttgart,0,1,A,0.0,0.0,D,8.0,13.0,2.0,5.0,11.0,14.0,3.0,9.0,5.0,1.0,0.0,0.0,3.6,3.6,2.0,3.5,3.6,2.0,,,,3.76,3.71,2.0,3.6,3.6,2.0,,,,3.79,3.79,2.05,3.61,3.65,1.99,1.73,2.1,1.74,2.17,1.78,2.25,1.71,2.14,0.5,1.88,2.02,1.89,2.01,1.9,2.02,1.85,1.98,3.9,3.7,1.9,3.8,3.6,1.95,,,,4.15,3.69,1.93,3.9,3.6,1.91,,,,4.15,3.78,2.06,3.95,3.65,1.92,1.73,2.1,1.81,2.1,1.83,2.14,1.78,2.05,0.5,1.96,1.97,1.98,1.94,2.0,1.97,1.92,1.92,2024,Football-Data.co.uk,https://www.football-data.co.uk/mmz4281/2425/D1.csv,3.6,3.75,2.0,3.79,3.79,2.05,3.7,3.85,2.08,1.76,2.24,1.9,2.08,3.9,3.4,1.85,4.13,3.78,1.91,4.3,3.75,1.99,1.82,2.18,2.0,1.99,,,,,,,,,,,,,,,,,,,,,,,,,,,,,,,2025-01-12,augsburg,vfb stuttgart,market_average_open,3.61,3.65,1.99,market_average_close,3.95,3.65,1.92,market_average_close,3.95,3.65,1.92,closing,0.2531645569620253,0.273972602739726,0.5208333333333334,1.0479704930350846,0.24157603543666728,0.2614315999931057,0.49699236457022705,0.503007635429773,0.7584239645633328,0.7385684000068944,1.9880413925438596,1.3185237370179304,1.3539707358054653,A,0
D1,2025-01-14,17:30,Holstein Kiel,Dortmund,4,2,H,3.0,0.0,H,11.0,16.0,7.0,4.0,13.0,11.0,1.0,9.0,2.0,2.0,1.0,0.0,5.25,4.5,1.55,5.25,4.5,1.55,,,,5.52,4.77,1.56,5.0,4.5,1.57,,,,5.75,4.79,1.61,5.41,4.64,1.55,1.44,2.75,1.47,2.81,1.47,2.9,1.44,2.77,1.0,2.0,1.9,2.03,1.9,2.03,1.9,1.98,1.86,6.5,4.75,1.45,6.25,4.75,1.47,,,,6.9,4.8,1.48,6.5,4.6,1.44,,,,7.0,5.0,1.57,6.48,4.79,1.46,1.5,2.63,1.52,2.64,1.53,2.85,1.48,2.65,1.25,1.88,2.02,1.9,2.03,1.94,2.08,1.86,1.97,2024,Football-Data.co.uk,https://www.football-data.co.uk/mmz4281/2425/D1.csv,5.5,4.6,1.53,5.45,4.79,1.61,6.0,4.8,1.57,1.48,2.98,2.05,1.92,6.0,4.5,1.44,6.89,4.86,1.47,7.0,5.0,1.52,1.53,2.84,1.94,2.0,,,,,,,,,,,,,,,,,,,,,,,,,,,,,,,2025-01-14,holstein kiel,dortmund,market_average_open,5.41,4.64,1.55,market_average_close,6.48,4.79,1.46,market_average_close,6.48,4.79,1.46,closing,0.15432098765432098,0.20876826722338204,0.684931506849315,1.048020761727018,0.14724993367499484,0.19920241549352122,0.6535476508314839,0.3464523491685161,0.8527500663250052,0.8007975845064788,2.886399824968701,1.1726765432098765,1.2487550154341276,A,0
D1,2025-01-14,19:30,Ein Frankfurt,Freiburg,4,1,H,1.0,1.0,D,23.0,7.0,8.0,5.0,8.0,11.0,8.0,1.0,1.0,1.0,0.0,0.0,1.7,4.2,4.33,1.7,4.0,4.5,,,,1.72,4.19,4.77,1.73,4.0,4.5,,,,1.8,4.38,4.77,1.71,4.12,4.53,1.57,2.38,1.6,2.47,1.63,2.53,1.57,2.42,-0.75,1.9,2.0,1.92,2.01,1.92,2.03,1.88,1.94,1.67,4.33,4.5,1.68,4.1,4.6,,,,1.7,4.13,5.03,1.67,4.0,4.6,,,,1.79,4.42,5.03,1.7,4.15,4.59,1.53,2.5,1.56,2.56,1.56,2.75,1.51,2.57,-0.75,1.86,2.04,1.88,2.05,1.91,2.07,1.86,1.97,2024,Football-Data.co.uk,https://www.football-data.co.uk/mmz4281/2425/D1.csv,1.7,4.1,4.6,1.75,4.38,4.64,1.76,4.3,5.0,1.62,2.56,1.95,2.03,1.67,4.0,4.6,1.7,4.42,4.6,1.75,4.3,4.9,1.56,2.76,1.93,2.04,,,,,,,,,,,,,,,,,,,,,,,,,,,,,,,2025-01-14,eintracht frankfurt,freiburg,market_average_open,1.71,4.12,4.53,market_average_close,1.7,4.15,4.59,market_average_close,1.7,4.15,4.59,closing,0.5882352941176471,0.24096385542168672,0.2178649237472767,1.0470640732866106,0.561794936074204,0.23013286537979438,0.2080721985460015,0.7919278014539984,0.4382050639257959,0.7698671346202055,1.262741373852485,2.2820366132723113,1.298925431455552,H,1
D1,2025-01-14,19:30,Leverkusen,Mainz,1,0,H,0.0,0.0,D,20.0,7.0,9.0,4.0,4.0,14.0,8.0,4.0,2.0,3.0,0.0,0.0,1.36,5.25,7.5,1.37,5.0,7.75,,,,1.38,5.26,8.51,1.36,5.0,8.0,,,,1.4,5.39,9.0,1.37,5.12,8.38,1.62,2.3,1.65,2.35,1.68,2.43,1.62,2.31,-1.5,2.06,1.84,2.09,1.85,2.12,1.85,2.04,1.81,1.36,5.25,8.0,1.36,5.0,8.25,,,,1.37,5.25,8.81,1.36,5.0,8.5,,,,1.39,5.34,9.5,1.36,5.13,8.66,1.67,2.2,1.69,2.3,1.69,2.49,1.64,2.26,-1.5,2.05,1.85,2.07,1.87,2.07,1.87,2.01,1.84,2024,Football-Data.co.uk,https://www.football-data.co.uk/mmz4281/2425/D1.csv,1.33,5.0,9.0,1.4,5.39,8.8,1.39,5.5,9.8,1.69,2.4,2.11,1.85,1.33,5.0,8.5,1.39,5.34,8.14,1.38,5.5,10.0,1.72,2.38,2.11,1.89,,,,,,,,,,,,,,,,,,,,,,,,,,,,,,,2025-01-14,bayer leverkusen,mainz 05,market_average_open,1.37,5.12,8.38,market_average_close,1.36,5.13,8.66,market_average_close,1.36,5.13,8.66,closing,0.7352941176470588,0.19493177387914232,0.11547344110854503,1.0456993326347461,0.7031601672675933,0.1864128318682119,0.1104270008641948,0.8895729991358052,0.29683983273240666,0.8135871681317881,1.1241348388175805,3.368820116879239,1.2291245968102782,H,1
D1,2025-01-14,19:30,Wolfsburg,M'gladbach,5,1,H,1.0,0.0,H,16.0,9.0,5.0,5.0,10.0,7.0,4.0,7.0,1.0,0.0,0.0,0.0,1.91,3.8,3.75,1.98,3.75,3.5,,,,1.95,3.86,3.87,1.95,3.75,3.6,,,,1.99,4.06,3.9,1.96,3.8,3.69,1.62,2.3,1.62,2.42,1.65,2.45,1.59,2.36,-0.5,1.95,1.95,1.96,1.96,1.98,1.97,1.94,1.9,1.85,3.75,4.0,1.87,3.75,3.9,,,,1.9,3.81,4.14,1.91,3.8,3.8,,,,1.93,3.89,4.2,1.9,3.75,3.93,1.67,2.2,1.68,2.31,1.69,2.43,1.64,2.27,-0.5,1.89,2.01,1.91,2.01,1.92,2.05,1.89,1.96,2024,Football-Data.co.uk,https://www.football-data.co.uk/mmz4281/2425/D1.csv,1.95,3.8,3.7,1.99,4.06,3.77,2.0,3.9,4.0,1.67,2.46,2.0,1.98,1.9,3.6,3.9,1.93,3.85,3.96,1.93,3.9,4.3,1.71,2.38,1.95,2.04,,,,,,,,,,,,,,,,,,,,,,,,,,,,,,,2025-01-14,wolfsburg,borussia m gladbach,market_average_open,1.96,3.8,3.69,market_average_close,1.9,3.75,3.93,market_average_close,1.9,3.75,3.93,closing,0.5263157894736842,0.26666666666666666,0.2544529262086514,1.0474353823490024,0.5024804377844831,0.25459008847747144,0.2429294737380453,0.7570705262619546,0.49751956221551674,0.7454099115225284,1.3208809025197596,2.0099712171052633,1.3415437392795884,H,1
D1,2025-01-15,17:30,Bochum,St Pauli,1,0,H,0.0,0.0,D,13.0,12.0,5.0,1.0,7.0,15.0,6.0,7.0,1.0,3.0,0.0,1.0,2.6,3.25,2.75,2.5,3.2,2.85,,,,2.64,3.28,2.87,2.6,3.3,2.75,,,,2.66,3.5,2.87,2.59,3.27,2.81,2.0,1.8,2.09,1.8,2.12,1.85,2.04,1.78,0.0,1.88,2.02,1.88,2.04,1.92,2.04,1.87,2.0,2.45,3.2,3.0,2.55,3.2,2.8,,,,2.56,3.26,3.03,2.6,3.1,2.9,,,,2.63,3.31,3.03,2.56,3.21,2.89,2.04,1.86,2.04,1.88,2.06,1.91,1.99,1.83,-0.25,2.11,1.82,2.18,1.76,2.2,1.82,2.15,1.73,2024,Football-Data.co.uk,https://www.football-data.co.uk/mmz4281/2425/D1.csv,2.6,3.3,2.8,2.66,3.5,2.83,2.72,3.4,2.94,2.14,1.83,1.92,2.07,2.55,3.1,2.8,2.61,3.27,2.94,2.66,3.3,3.05,2.1,1.9,2.27,1.77,,,,,,,,,,,,,,,,,,,,,,,,,,,,,,,2025-01-15,bochum,st pauli,market_average_open,2.59,3.27,2.81,market_average_close,2.56,3.21,2.89,market_average_close,2.56,3.21,2.89,closing,0.390625,0.3115264797507788,0.3460207612456747,1.0481722409964536,0.3726725291147275,0.29720924440302254,0.3301182264822499,0.66988177351775,0.6273274708852725,0.7027907555969775,1.492800729222263,1.594063780737705,1.4228986252822315,H,0
D1,2025-01-15,19:30,Bayern Munich,Hoffenheim,5,0,H,3.0,0.0,H,25.0,5.0,10.0,2.0,8.0,10.0,13.0,1.0,1.0,1.0,0.0,0.0,1.13,9.0,17.0,1.13,9.75,17.5,,,,1.12,11.23,17.9,1.12,10.0,19.0,,,,1.14,11.3,21.0,1.12,10.12,18.51,1.25,4.0,,,1.25,4.33,1.23,4.01,-2.5,1.95,1.95,1.94,1.94,1.95,2.0,1.92,1.92,1.11,9.5,19.0,1.12,10.5,18.0,,,,1.1,11.74,25.84,1.12,10.0,21.0,,,,1.13,12.0,25.84,1.11,10.48,20.64,1.25,4.0,,,1.29,4.25,1.24,3.92,-2.5,1.91,2.02,1.91,2.0,2.02,2.03,1.9,1.94,2024,Football-Data.co.uk,https://www.football-data.co.uk/mmz4281/2425/D1.csv,1.11,10.5,21.0,1.14,11.3,21.0,1.14,11.5,25.0,1.29,4.3,1.97,2.02,1.07,10.0,18.0,1.13,10.7,21.0,1.13,12.0,28.0,1.28,4.4,1.93,2.04,,,,,,,,,,,,,,,,,,,,,,,,,,,,,,,2025-01-15,bayern munich,hoffenheim,market_average_open,1.12,10.12,18.51,market_average_close,1.11,10.48,20.64,market_average_close,1.11,10.48,20.64,closing,0.9009009009009008,0.09541984732824427,0.04844961240310077,1.0447703606322458,0.8622956152352159,0.09133092871289024,0.04637345605189388,0.9536265439481062,0.1377043847647841,0.9086690712871098,1.0486285290045547,7.261932884040853,1.1005106607001842,H,1
D1,2025-01-15,19:30,Stuttgart,RB Leipzig,2,1,H,0.0,1.0,A,14.0,6.0,6.0,3.0,10.0,19.0,5.0,0.0,2.0,7.0,0.0,2.0,1.95,3.9,3.4,2.05,3.7,3.3,,,,2.01,3.81,3.63,2.0,3.7,3.5,,,,2.05,3.9,3.71,2.01,3.78,3.47,1.44,2.75,1.47,2.74,1.47,2.8,1.44,2.71,-0.5,2.0,1.9,2.02,1.88,2.05,1.9,2.01,1.84,1.95,3.8,3.5,2.0,3.7,3.5,,,,2.01,3.88,3.64,1.95,4.0,3.3,,,,2.05,4.0,3.76,1.99,3.8,3.52,1.44,2.75,1.49,2.74,1.5,2.88,1.46,2.7,-0.5,2.02,1.91,2.02,1.9,2.05,1.91,1.99,1.85,2024,Football-Data.co.uk,https://www.football-data.co.uk/mmz4281/2425/D1.csv,1.95,3.9,3.5,2.05,3.89,3.71,2.06,4.0,3.7,1.5,2.88,2.06,1.92,1.95,3.6,3.4,2.04,3.9,3.52,2.06,3.95,3.75,1.52,2.88,2.06,1.93,,,,,,,,,,,,,,,,,,,,,,,,,,,,,,,2025-01-15,vfb stuttgart,rasenballsport leipzig,market_average_open,2.01,3.78,3.47,market_average_close,1.99,3.8,3.52,market_average_close,1.99,3.8,3.52,closing,0.5025125628140703,0.2631578947368421,0.2840909090909091,1.0497613666418215,0.4786921854645919,0.2506835392301416,0.2706242753052665,0.7293757246947334,0.5213078145354081,0.7493164607698584,1.3710354843774535,1.9182524645083339,1.3345496226955775,H,0
D1,2025-01-15,19:30,Union Berlin,Augsburg,0,2,A,0.0,2.0,A,13.0,11.0,2.0,5.0,15.0,9.0,7.0,4.0,1.0,2.0,0.0,0.0,1.83,3.5,4.5,1.85,3.4,4.4,,,,1.84,3.56,4.74,1.85,3.5,4.4,,,,1.87,3.73,4.75,1.84,3.51,4.55,2.1,1.73,2.13,1.77,2.21,1.78,2.11,1.74,-0.5,1.85,2.05,1.85,2.07,1.85,2.07,1.83,2.01,2.15,3.3,3.5,2.1,3.25,3.7,,,,2.2,3.33,3.65,2.15,3.25,3.5,,,,2.21,3.4,3.87,2.14,3.28,3.62,2.1,1.73,2.17,1.76,2.24,1.79,2.13,1.72,-0.25,1.9,2.03,1.89,2.04,1.9,2.1,1.82,2.02,2024,Football-Data.co.uk,https://www.football-data.co.uk/mmz4281/2425/D1.csv,1.85,3.4,4.75,1.87,3.73,4.69,1.91,3.6,5.0,2.2,1.79,1.91,2.09,2.05,3.0,3.6,2.14,3.35,3.78,2.22,3.3,3.95,2.18,1.83,1.89,2.11,,,,,,,,,,,,,,,,,,,,,,,,,,,,,,,2025-01-15,union berlin,augsburg,market_average_open,1.84,3.51,4.55,market_average_close,2.14,3.28,3.62,market_average_close,2.14,3.28,3.62,closing,0.4672897196261682,0.3048780487804878,0.27624309392265195,1.048410862329308,0.4457123980840553,0.29080016216459703,0.26348743975134764,0.7365125602486523,0.5542876019159446,0.709199837835403,1.3577500968379852,1.8041175673845322,1.4100398035230353,H,0
D1,2025-01-15,19:30,Werder Bremen,Heidenheim,3,3,D,1.0,1.0,D,12.0,14.0,5.0,5.0,10.0,15.0,4.0,2.0,5.0,3.0,0.0,0.0,1.6,4.2,4.75,1.63,4.2,5.0,,,,1.64,4.42,4.97,1.62,4.0,4.6,,,,1.68,4.46,5.25,1.63,4.26,4.92,1.57,2.38,1.6,2.44,1.64,2.47,1.59,2.37,-1.0,2.07,1.83,2.08,1.84,2.13,1.84,2.03,1.81,1.73,4.0,4.5,1.73,3.9,4.33,,,,1.76,4.08,4.58,1.73,3.8,4.2,,,,1.78,4.29,4.85,1.74,3.99,4.44,1.62,2.3,1.65,2.36,1.65,2.4,1.62,2.31,-0.75,1.99,1.94,1.98,1.94,2.01,2.0,1.93,1.91,2024,Football-Data.co.uk,https://www.football-data.co.uk/mmz4281/2425/D1.csv,1.6,4.2,5.0,1.68,4.46,5.14,1.64,4.5,5.7,1.63,2.52,2.07,1.89,1.67,3.75,4.5,1.78,4.08,4.43,1.79,4.1,4.9,1.66,2.48,2.01,1.98,,,,,,,,,,,,,,,,,,,,,,,,,,,,,,,2025-01-15,werder bremen,fc heidenheim,market_average_open,1.63,4.26,4.92,market_average_close,1.74,3.99,4.44,market_average_close,1.74,3.99,4.44,closing,0.5747126436781609,0.2506265664160401,0.2252252252252252,1.0505644353194261,0.5470513034294926,0.23856372630759826,0.21438497026290923,0.7856150297370909,0.4529486965705075,0.7614362736924019,1.2728880713173905,2.207755552828568,1.313307540696401,H,1
D1,2025-01-17,19:30,Ein Frankfurt,Dortmund,2,0,H,1.0,0.0,H,13.0,12.0,5.0,3.0,8.0,6.0,5.0,7.0,0.0,2.0,0.0,0.0,2.55,3.6,2.63,2.55,3.5,2.6,,,,2.61,3.64,2.71,2.5,3.6,2.6,,,,2.65,3.75,2.72,2.56,3.59,2.65,1.57,2.38,1.61,2.43,1.61,2.64,1.56,2.41,0.0,1.94,1.99,1.93,2.0,1.96,1.99,1.92,1.95,2.8,3.5,2.45,2.75,3.4,2.5,,,,2.89,3.58,2.49,2.75,3.5,2.5,,,,2.99,3.85,2.61,2.76,3.53,2.49,1.67,2.2,1.73,2.25,1.73,2.5,1.64,2.26,0.0,2.1,1.83,2.12,1.83,2.14,1.86,2.05,1.82,2024,Football-Data.co.uk,https://www.football-data.co.uk/mmz4281/2425/D1.csv,2.55,3.6,2.63,2.65,3.75,2.7,2.64,3.8,2.76,1.64,2.52,1.95,2.03,2.63,3.4,2.4,2.99,3.57,2.41,2.88,3.7,2.58,1.73,2.34,2.11,1.88,,,,,,,,,,,,,,,,,,,,,,,,,,,,,,,2025-01-17,eintracht frankfurt,dortmund,market_average_open,2.56,3.59,2.65,market_average_close,2.76,3.53,2.49,market_average_close,2.76,3.53,2.49,closing,0.3623188405797102,0.28328611898017,0.4016064257028112,1.0472113852626914,0.34598443607335594,0.27051474321882785,0.38350082070781616,0.6164991792921838,0.6540155639266441,0.729485256781172,1.6220621755703257,1.5290156001733353,1.3708296236341564,A,0
D1,2025-01-18,14:30,Bayern Munich,Wolfsburg,3,2,H,2.0,1.0,H,25.0,7.0,10.0,3.0,10.0,9.0,6.0,2.0,2.0,3.0,0.0,0.0,1.17,7.5,15.0,1.18,8.25,13.5,,,,1.17,8.66,14.14,1.17,8.5,15.0,,,,1.19,9.4,17.0,1.17,8.34,14.42,1.3,3.5,1.3,3.4,1.3,3.95,1.27,3.62,-2.25,1.98,1.92,1.96,1.93,2.0,1.92,1.94,1.86,1.14,8.0,19.0,1.14,9.25,15.0,,,,1.14,9.0,21.0,1.15,8.0,17.0,,,,1.18,9.5,21.0,1.15,8.58,17.86,1.33,3.4,1.32,3.52,1.33,3.85,1.3,3.49,-2.25,1.85,2.05,1.87,2.05,1.91,2.06,1.87,1.97,2024,Football-Data.co.uk,https://www.football-data.co.uk/mmz4281/2425/D1.csv,1.17,8.5,16.0,1.18,9.4,17.0,1.19,9.2,17.0,1.31,3.95,2.0,1.93,1.13,8.5,16.0,1.16,8.52,19.4,1.17,9.6,24.0,1.34,3.8,1.87,2.13,,,,,,,,,,,,,,,,,,,,,,,,,,,,,,,2025-01-18,bayern munich,wolfsburg,market_average_open,1.17,8.34,14.42,market_average_close,1.15,8.58,17.86,market_average_close,1.15,8.58,17.86,closing,0.8695652173913044,0.11655011655011654,0.055991041433370664,1.0421063753747917,0.834430378643991,0.11184090156650227,0.0537287197895067,0.9462712802104933,0.16556962135600897,0.8881590984334977,1.0567794045039125,6.039755311451688,1.125924399990681,H,1
D1,2025-01-18,14:30,Bochum,RB Leipzig,3,3,D,0.0,3.0,A,14.0,11.0,3.0,3.0,14.0,7.0,6.0,3.0,4.0,0.0,0.0,0.0,3.7,3.6,2.0,3.7,3.7,1.95,,,,3.71,3.75,2.01,3.6,3.7,2.0,,,,3.75,3.92,2.04,3.63,3.7,1.99,1.73,2.1,1.74,2.18,1.77,2.22,1.73,2.12,0.5,1.89,2.01,1.89,2.02,1.9,2.02,1.85,1.98,3.3,3.4,2.15,3.25,3.4,2.2,,,,3.39,3.51,2.23,3.3,3.4,2.15,,,,3.6,3.83,2.23,3.33,3.51,2.16,1.73,2.1,1.78,2.12,1.9,2.3,1.75,2.09,0.25,1.98,1.92,1.99,1.93,2.11,1.93,1.97,1.87,2024,Football-Data.co.uk,https://www.football-data.co.uk/mmz4281/2425/D1.csv,3.75,3.6,2.0,3.71,3.92,2.04,3.85,3.75,2.08,1.79,2.24,1.9,2.08,3.25,3.4,2.15,3.48,3.59,2.15,3.6,3.55,2.24,1.84,2.16,2.06,1.93,,,,,,,,,,,,,,,,,,,,,,,,,,,,,,,2025-01-18,bochum,rasenballsport leipzig,market_average_open,3.63,3.7,1.99,market_average_close,3.33,3.51,2.16,market_average_close,3.33,3.51,2.16,closing,0.3003003003003003,0.2849002849002849,0.4629629629629629,1.048163548163548,0.2865013774104683,0.2718089990817264,0.44168962350780533,0.5583103764921947,0.7134986225895317,0.7281910009182737,1.7911184210526314,1.4015444015444016,1.3732660781841108,A,0
D1,2025-01-18,14:30,Heidenheim,St Pauli,0,2,A,0.0,1.0,A,8.0,7.0,1.0,4.0,11.0,17.0,4.0,4.0,1.0,2.0,0.0,0.0,2.38,3.5,2.8,2.45,3.4,2.75,,,,2.43,3.5,2.97,2.4,3.4,2.88,,,,2.49,3.59,3.0,2.42,3.47,2.87,1.97,1.93,1.97,1.92,1.99,1.96,1.93,1.89,-0.25,2.08,1.82,2.11,1.81,2.16,1.82,2.06,1.77,2.38,3.4,2.9,2.37,3.4,2.95,,,,2.41,3.46,3.09,2.4,3.3,3.0,,,,2.49,3.5,3.1,2.39,3.4,2.99,1.99,1.91,1.99,1.92,1.99,1.94,1.94,1.88,-0.25,2.07,1.83,2.08,1.85,2.08,1.88,2.02,1.81,2024,Football-Data.co.uk,https://www.football-data.co.uk/mmz4281/2425/D1.csv,2.4,3.4,2.9,2.48,3.59,3.0,2.5,3.5,3.1,1.99,1.95,2.14,1.84,2.3,3.3,3.0,2.38,3.5,3.09,2.46,3.45,3.2,2.02,1.95,2.1,1.87,,,,,,,,,,,,,,,,,,,,,,,,,,,,,,,2025-01-18,fc heidenheim,st pauli,market_average_open,2.42,3.47,2.87,market_average_close,2.39,3.4,2.99,market_average_close,2.39,3.4,2.99,closing,0.41841004184100417,0.29411764705882354,0.33444816053511706,1.0469758494349448,0.39963676532445425,0.2809211379780723,0.3194420966974735,0.6805579033025265,0.6003632346755458,0.7190788620219277,1.4693826860981625,1.665658291917942,1.39066805160726,H,0
D1,2025-01-18,14:30,Holstein Kiel,Hoffenheim,1,3,A,0.0,2.0,A,12.0,11.0,3.0,6.0,13.0,14.0,4.0,3.0,2.0,1.0,0.0,0.0,3.0,3.4,2.35,2.85,3.6,2.35,,,,2.94,3.63,2.39,2.8,3.6,2.38,,,,3.0,3.83,2.45,2.9,3.6,2.35,1.67,2.2,1.67,2.3,1.71,2.35,1.64,2.26,0.25,1.84,2.06,1.83,2.09,1.85,2.09,1.82,2.0,2.88,3.4,2.45,2.8,3.5,2.37,,,,2.99,3.53,2.44,2.8,3.3,2.45,,,,2.99,3.6,2.5,2.87,3.45,2.44,1.67,2.2,1.66,2.33,1.67,2.33,1.63,2.27,0.25,1.73,2.08,1.83,2.12,1.83,2.12,1.77,2.07,2024,Football-Data.co.uk,https://www.football-data.co.uk/mmz4281/2425/D1.csv,3.0,3.5,2.3,2.98,3.83,2.39,3.05,3.7,2.46,1.68,2.38,1.86,2.12,2.8,3.3,2.4,2.96,3.47,2.47,3.1,3.55,2.48,1.71,2.38,1.86,2.13,,,,,,,,,,,,,,,,,,,,,,,,,,,,,,,2025-01-18,holstein kiel,hoffenheim,market_average_open,2.9,3.6,2.35,market_average_close,2.87,3.45,2.44,market_average_close,2.87,3.45,2.44,closing,0.3484320557491289,0.2898550724637681,0.4098360655737705,1.0481231937866675,0.3324342575516442,0.27654675918064314,0.39101898326771267,0.6089810167322873,0.6675657424483559,0.7234532408193568,1.6420873106453622,1.4979798039552066,1.3822593411392232,A,0
D1,2025-01-18,14:30,Stuttgart,Freiburg,4,0,H,3.0,0.0,H,12.0,4.0,7.0,0.0,8.0,12.0,4.0,1.0,5.0,3.0,0.0,0.0,1.65,4.5,4.5,1.63,4.2,4.8,,,,1.67,4.39,4.78,1.67,4.2,4.75,,,,1.7,4.5,5.0,1.66,4.33,4.71,1.53,2.5,1.55,2.57,1.55,2.57,1.52,2.5,-1.0,2.05,1.75,2.1,1.81,2.11,1.82,2.07,1.78,1.57,4.33,5.25,1.58,4.2,5.25,,,,1.61,4.37,5.54,1.62,4.2,5.0,,,,1.62,4.5,5.8,1.58,4.33,5.4,1.62,2.3,1.64,2.36,1.65,2.48,1.6,2.35,-1.0,2.01,1.89,2.03,1.9,2.03,1.95,1.97,1.88,2024,Football-Data.co.uk,https://www.football-data.co.uk/mmz4281/2425/D1.csv,1.65,4.2,5.0,1.7,4.46,4.94,1.7,4.4,5.3,1.56,2.68,2.14,1.82,1.57,4.2,5.0,1.61,4.45,5.39,1.65,4.5,5.8,1.64,2.52,2.06,1.92,,,,,,,,,,,,,,,,,,,,,,,,,,,,,,,2025-01-18,vfb stuttgart,freiburg,market_average_open,1.66,4.33,4.71,market_average_close,1.58,4.33,5.4,market_average_close,1.58,4.33,5.4,closing,0.6329113924050632,0.23094688221709006,0.18518518518518517,1.0490434598073384,0.6033223757205448,0.22014996619825886,0.17652765808119644,0.8234723419188037,0.3966776242794553,0.7798500338017412,1.2143698690229991,2.5209387643592174,1.2822978222172223,H,1
D1,2025-01-18,17:30,Leverkusen,M'gladbach,3,1,H,1.0,0.0,H,10.0,7.0,5.0,4.0,12.0,10.0,7.0,6.0,0.0,2.0,0.0,0.0,1.27,5.75,11.0,1.26,6.25,10.5,,,,1.27,6.29,9.26,1.29,6.0,10.0,,,,1.3,6.59,11.0,1.27,6.22,10.05,1.44,2.75,1.4,2.94,1.44,3.2,1.39,2.92,-1.75,1.95,1.95,1.96,1.91,1.96,1.97,1.91,1.89,1.27,6.0,10.0,1.26,6.25,10.5,,,,1.26,6.52,11.25,1.25,6.0,10.0,,,,1.29,6.59,11.6,1.26,6.25,10.59,1.44,2.75,1.43,2.89,1.47,2.95,1.43,2.82,-1.75,1.95,1.95,1.95,1.95,1.95,2.0,1.91,1.91,2024,Football-Data.co.uk,https://www.football-data.co.uk/mmz4281/2425/D1.csv,1.25,6.0,11.0,1.3,6.59,10.8,1.29,6.8,12.0,1.44,3.1,1.98,1.96,1.2,6.0,10.5,1.29,6.59,11.6,1.3,6.4,13.0,1.46,3.1,1.99,1.98,,,,,,,,,,,,,,,,,,,,,,,,,,,,,,,2025-01-18,bayer leverkusen,borussia m gladbach,market_average_open,1.27,6.22,10.05,market_average_close,1.26,6.25,10.59,market_average_close,1.26,6.25,10.59,closing,0.7936507936507936,0.16,0.09442870632672333,1.048079499977517,0.7572429321132784,0.15266017511403693,0.09009689277268469,0.9099031072273154,0.24275706788672163,0.8473398248859632,1.0990181174864109,4.119344531161633,1.1801640506329112,H,1
D1,2025-01-19,14:30,Union Berlin,Mainz,2,1,H,2.0,1.0,H,12.0,9.0,4.0,1.0,12.0,10.0,2.0,2.0,2.0,2.0,0.0,0.0,2.55,3.2,2.88,2.6,3.25,2.7,,,,2.63,3.2,2.94,2.6,3.1,2.88,,,,2.69,3.28,2.97,2.58,3.18,2.88,2.1,1.73,2.17,1.75,2.19,1.79,2.11,1.73,0.0,1.84,2.06,1.85,2.07,1.89,2.07,1.83,2.03,2.7,3.25,2.63,2.75,3.1,2.65,,,,2.86,3.15,2.78,2.8,3.2,2.62,,,,2.88,3.34,2.98,2.78,3.17,2.68,2.07,1.83,2.09,1.81,2.09,1.87,2.03,1.8,0.0,2.0,1.93,1.99,1.93,2.03,1.93,1.99,1.88,2024,Football-Data.co.uk,https://www.football-data.co.uk/mmz4281/2425/D1.csv,2.63,3.1,2.88,2.69,3.28,2.96,2.74,3.25,3.0,2.2,1.81,1.9,2.08,2.75,3.0,2.63,2.88,3.34,2.61,2.96,3.25,2.78,2.12,1.88,2.05,1.93,,,,,,,,,,,,,,,,,,,,,,,,,,,,,,,2025-01-19,union berlin,mainz 05,market_average_open,2.58,3.18,2.88,market_average_close,2.78,3.17,2.68,market_average_close,2.78,3.17,2.68,closing,0.3597122302158274,0.31545741324921134,0.3731343283582089,1.0483039718232476,0.3431373340980508,0.3009216999345682,0.355940965967381,0.644059034032619,0.6568626659019492,0.6990783000654318,1.5526527028721937,1.5223882432515528,1.4304549288776418,A,0
D1,2025-01-19,16:30,Werder Bremen,Augsburg,0,2,A,0.0,2.0,A,20.0,9.0,2.0,4.0,8.0,14.0,6.0,2.0,1.0,2.0,0.0,0.0,1.85,3.8,4.0,1.82,3.75,4.1,,,,1.88,3.79,4.19,1.85,3.7,4.0,,,,1.9,3.91,4.27,1.86,3.72,4.09,1.87,2.03,1.89,2.0,1.92,2.03,1.85,1.97,-0.5,1.89,2.01,1.88,2.02,1.89,2.05,1.86,1.98,1.9,3.8,3.8,1.9,3.6,3.9,,,,1.91,3.73,4.2,1.95,3.7,3.75,,,,1.98,3.88,4.25,1.92,3.72,3.91,1.8,2.0,1.85,2.06,1.85,2.16,1.78,2.05,-0.5,1.93,2.0,1.93,2.0,1.98,2.0,1.91,1.94,2024,Football-Data.co.uk,https://www.football-data.co.uk/mmz4281/2425/D1.csv,1.9,3.6,4.2,1.9,3.91,4.27,1.96,3.75,4.3,1.89,2.06,1.96,2.02,1.87,3.6,4.0,1.94,3.88,3.88,1.98,3.8,4.2,1.86,2.14,1.98,2.01,,,,,,,,,,,,,,,,,,,,,,,,,,,,,,,2025-01-19,werder bremen,augsburg,market_average_open,1.86,3.72,4.09,market_average_close,1.92,3.72,3.91,market_average_close,1.92,3.72,3.91,closing,0.5208333333333334,0.26881720430107525,0.2557544757033248,1.0454050133377335,0.49821201035800894,0.25714168276542393,0.24464630687656705,0.7553536931234328,0.501787989641991,0.742858317234576,1.3238831147630192,1.992873525557012,1.346151718032424,H,0
D1,2025-01-24,19:30,Wolfsburg,Holstein Kiel,2,2,D,0.0,1.0,A,22.0,5.0,5.0,2.0,9.0,10.0,10.0,3.0,2.0,4.0,0.0,0.0,1.42,5.0,7.0,1.42,4.8,6.75,,,,1.44,5.08,7.11,1.44,4.8,6.5,,,,1.47,5.17,7.5,1.43,4.96,6.99,1.53,2.5,1.57,2.52,1.57,2.65,1.53,2.48,-1.25,1.95,1.98,1.94,1.97,1.96,1.99,1.9,1.92,1.48,5.0,6.0,1.46,4.8,6.0,,,,1.47,4.94,6.39,1.44,4.8,6.0,,,,1.5,5.2,6.75,1.46,4.87,6.34,1.44,2.75,1.47,2.73,1.49,2.9,1.45,2.76,-1.25,2.03,1.9,2.03,1.93,2.03,1.95,1.96,1.88,2024,Football-Data.co.uk,https://www.football-data.co.uk/mmz4281/2425/D1.csv,1.4,5.0,7.0,1.47,5.09,7.15,1.46,5.3,7.8,1.59,2.66,1.98,2.0,1.4,4.5,6.0,1.46,5.09,6.63,1.5,5.1,7.2,1.51,2.94,2.04,1.95,,,,,,,,,,,,,,,,,,,,,,,,,,,,,,,2025-01-24,wolfsburg,holstein kiel,market_average_open,1.43,4.96,6.99,market_average_close,1.46,4.87,6.34,market_average_close,1.46,4.87,6.34,closing,0.684931506849315,0.2053388090349076,0.15772870662460567,1.0479990225088283,0.6535612077286506,0.19593416083856874,0.15050463143278073,0.8494953685672193,0.34643879227134944,0.8040658391614313,1.1771694549513856,2.8865127760194547,1.2436792502500922,H,1
D1,2025-01-25,14:30,Augsburg,Heidenheim,2,1,H,1.0,0.0,H,11.0,11.0,7.0,6.0,8.0,9.0,6.0,4.0,1.0,0.0,0.0,0.0,1.82,3.6,4.0,1.93,3.6,3.8,,,,1.91,3.65,4.22,1.85,3.6,4.0,,,,1.95,3.83,4.33,1.9,3.62,4.05,1.92,1.98,1.93,1.96,1.96,1.99,1.9,1.92,-0.5,1.85,1.96,1.92,1.99,1.95,2.02,1.9,1.95,1.95,3.5,3.75,1.98,3.5,3.75,,,,2.01,3.56,3.98,1.95,3.5,3.75,,,,2.02,3.72,4.22,1.97,3.53,3.89,1.9,2.0,1.9,2.0,1.93,2.06,1.88,1.94,-0.5,2.03,1.9,2.02,1.9,2.04,1.92,1.98,1.88,2024,Football-Data.co.uk,https://www.football-data.co.uk/mmz4281/2425/D1.csv,1.87,3.6,4.33,1.93,3.83,4.22,1.93,3.75,4.5,1.94,1.99,1.93,2.06,1.91,3.3,3.9,1.98,3.62,4.04,2.06,3.55,4.1,1.93,2.06,2.06,1.92,,,,,,,,,,,,,,,,,,,,,,,,,,,,,,,2025-01-25,augsburg,fc heidenheim,market_average_open,1.9,3.62,4.05,market_average_close,1.97,3.53,3.89,market_average_close,1.97,3.53,3.89,closing,0.5076142131979695,0.28328611898017,0.2570694087403599,1.0479697409184994,0.48437869279800766,0.27031898719888814,0.24530232000310415,0.7546976799968959,0.5156213072019923,0.7296810128011118,1.3250338864220612,1.9394078290256818,1.3704618627270884,H,0
D1,2025-01-25,14:30,Dortmund,Werder Bremen,2,2,D,1.0,0.0,H,8.0,13.0,4.0,4.0,11.0,15.0,5.0,5.0,1.0,4.0,1.0,0.0,1.62,4.33,4.75,1.61,4.33,4.8,,,,1.63,4.44,5.03,1.65,4.33,4.75,,,,1.68,4.58,5.03,1.62,4.39,4.9,1.5,2.63,1.51,2.62,1.51,2.63,1.5,2.57,-1.0,2.01,1.8,2.05,1.86,2.08,1.86,2.01,1.82,1.5,4.75,5.5,1.49,4.75,5.75,,,,1.52,4.8,6.0,1.5,4.6,5.8,,,,1.58,4.92,6.34,1.5,4.71,5.86,1.44,2.75,1.47,2.78,1.49,2.9,1.44,2.77,-1.25,2.1,1.83,2.09,1.82,2.1,1.9,2.03,1.82,2024,Football-Data.co.uk,https://www.football-data.co.uk/mmz4281/2425/D1.csv,1.62,4.4,5.0,1.68,4.58,4.99,1.67,4.7,5.3,1.53,2.76,2.08,1.88,1.44,4.5,5.5,1.53,4.88,5.88,1.53,5.0,6.6,1.49,3.0,2.07,1.89,,,,,,,,,,,,,,,,,,,,,,,,,,,,,,,2025-01-25,dortmund,werder bremen,market_average_open,1.62,4.39,4.9,market_average_close,1.5,4.71,5.86,market_average_close,1.5,4.71,5.86,closing,0.6666666666666666,0.21231422505307856,0.1706484641638225,1.0496293558835679,0.6351448374892993,0.20227542595200618,0.16257973655869437,0.8374202634413055,0.36485516251070055,0.7977245740479937,1.1941435425631897,2.74081362346263,1.2535654943229024,H,1
D1,2025-01-25,14:30,Freiburg,Bayern Munich,1,2,A,0.0,1.0,A,7.0,7.0,2.0,3.0,15.0,9.0,2.0,4.0,4.0,2.0,0.0,0.0,7.5,5.75,1.33,8.5,5.5,1.32,,,,8.98,5.78,1.33,8.0,5.5,1.35,,,,9.5,5.87,1.37,8.55,5.6,1.32,1.44,2.75,1.44,2.85,1.44,3.0,1.42,2.82,1.5,2.01,1.92,2.0,1.91,2.01,1.94,1.96,1.89,9.5,6.5,1.25,11.5,6.75,1.23,,,,13.24,6.82,1.23,10.0,6.0,1.25,,,,13.39,7.0,1.28,11.67,6.69,1.23,1.4,3.0,1.42,2.96,1.42,3.16,1.39,2.98,2.0,1.86,2.07,1.87,2.04,1.88,2.1,1.83,2.03,2024,Football-Data.co.uk,https://www.football-data.co.uk/mmz4281/2425/D1.csv,9.5,5.5,1.3,8.8,5.87,1.37,9.6,6.2,1.35,1.46,3.05,2.01,1.93,11.0,6.0,1.17,9.98,6.83,1.28,13.5,7.4,1.26,1.45,3.15,1.86,2.08,,,,,,,,,,,,,,,,,,,,,,,,,,,,,,,2025-01-25,freiburg,bayern munich,market_average_open,8.55,5.6,1.32,market_average_close,11.67,6.69,1.23,market_average_close,11.67,6.69,1.23,closing,0.0856898029134533,0.14947683109118085,0.8130081300813008,1.048174764085935,0.08175144627544953,0.1426067829647976,0.7756417707597529,0.22435822924024712,0.9182485537245505,0.8573932170352024,4.457157659811893,1.089029757731557,1.1663259985399936,A,0
D1,2025-01-25,14:30,Mainz,Stuttgart,2,0,H,1.0,0.0,H,11.0,10.0,4.0,5.0,12.0,8.0,9.0,2.0,4.0,3.0,0.0,0.0,2.8,3.5,2.45,2.85,3.4,2.4,,,,2.88,3.55,2.47,2.8,3.4,2.45,,,,2.95,3.65,2.5,2.84,3.5,2.44,1.73,2.1,1.78,2.13,1.81,2.17,1.75,2.1,0.0,2.04,1.77,2.12,1.81,2.14,1.83,2.08,1.79,3.2,3.5,2.2,3.2,3.4,2.25,,,,3.38,3.46,2.26,3.2,3.4,2.2,,,,3.54,3.57,2.47,3.24,3.45,2.23,1.73,2.1,1.83,2.07,1.83,2.17,1.78,2.06,0.25,1.99,1.94,1.97,1.95,2.0,2.0,1.92,1.92,2024,Football-Data.co.uk,https://www.football-data.co.uk/mmz4281/2425/D1.csv,2.8,3.5,2.5,2.95,3.65,2.49,2.92,3.6,2.56,1.79,2.22,2.13,1.86,3.1,3.25,2.2,3.41,3.57,2.19,3.4,3.55,2.32,1.83,2.18,1.98,1.99,,,,,,,,,,,,,,,,,,,,,,,,,,,,,,,2025-01-25,mainz 05,vfb stuttgart,market_average_open,2.84,3.5,2.44,market_average_close,3.24,3.45,2.23,market_average_close,3.24,3.45,2.23,closing,0.30864197530864196,0.2898550724637681,0.4484304932735426,1.0469275410459526,0.29480738944004414,0.2768625918219545,0.4283300187380014,0.5716699812619986,0.705192610559956,0.7231374081780455,1.7492609945906814,1.4180522952529993,1.3828630474525077,A,0
D1,2025-01-25,14:30,RB Leipzig,Leverkusen,2,2,D,1.0,2.0,A,8.0,13.0,4.0,7.0,12.0,6.0,7.0,3.0,0.0,0.0,0.0,0.0,3.7,3.9,1.9,3.7,3.9,1.9,,,,3.79,4.03,1.92,3.6,3.9,1.91,,,,3.84,4.16,1.95,3.7,3.95,1.91,1.49,2.45,1.56,2.53,1.56,2.63,1.53,2.48,0.5,1.99,1.94,1.98,1.93,1.99,1.95,1.94,1.91,3.4,3.5,2.1,3.5,3.5,2.05,,,,3.63,3.54,2.13,3.4,3.6,2.05,,,,4.02,3.85,2.16,3.56,3.53,2.07,1.85,2.05,1.86,2.05,1.87,2.33,1.79,2.05,0.5,1.75,2.05,1.8,2.12,1.91,2.15,1.79,2.07,2024,Football-Data.co.uk,https://www.football-data.co.uk/mmz4281/2425/D1.csv,3.75,3.9,1.95,3.84,4.16,1.94,3.9,4.1,1.99,1.57,2.64,2.0,1.99,3.4,3.4,1.95,3.63,3.58,2.1,3.7,3.75,2.14,1.89,2.12,1.85,2.16,,,,,,,,,,,,,,,,,,,,,,,,,,,,,,,2025-01-25,rasenballsport leipzig,bayer leverkusen,market_average_open,3.7,3.95,1.91,market_average_close,3.56,3.53,2.07,market_average_close,3.56,3.53,2.07,closing,0.2808988764044944,0.28328611898017,0.48309178743961356,1.047276782824278,0.268218374560898,0.27049785083195377,0.46128377460714826,0.5387162253928517,0.7317816254391021,0.7295021491680462,1.8562648623971985,1.3665278892455857,1.3707978806374188,A,0
D1,2025-01-25,17:30,M'gladbach,Bochum,3,0,H,1.0,0.0,H,16.0,10.0,6.0,4.0,6.0,15.0,8.0,7.0,1.0,3.0,0.0,0.0,1.73,4.0,4.5,1.71,4.0,4.5,,,,1.72,4.12,4.66,1.75,4.0,4.33,,,,1.78,4.27,4.66,1.72,4.08,4.49,1.62,2.3,1.63,2.38,1.67,2.41,1.61,2.34,-0.75,1.95,1.98,1.93,1.97,1.95,1.98,1.89,1.92,1.73,4.0,4.5,1.75,4.0,4.2,,,,1.77,4.09,4.52,1.75,3.9,4.5,,,,1.8,4.15,4.78,1.74,3.97,4.49,1.57,2.38,1.62,2.42,1.62,2.53,1.56,2.43,-0.75,1.98,1.95,1.99,1.93,2.01,1.97,1.94,1.91,2024,Football-Data.co.uk,https://www.football-data.co.uk/mmz4281/2425/D1.csv,1.75,4.0,4.5,1.78,4.27,4.58,1.76,4.2,5.0,1.65,2.46,1.95,2.02,1.67,3.75,4.33,1.74,4.08,4.78,1.8,4.1,4.8,1.62,2.6,2.0,1.97,,,,,,,,,,,,,,,,,,,,,,,,,,,,,,,2025-01-25,borussia m gladbach,bochum,market_average_open,1.72,4.08,4.49,market_average_close,1.74,3.97,4.49,market_average_close,1.74,3.97,4.49,closing,0.5747126436781609,0.2518891687657431,0.22271714922048996,1.0493189616643939,0.5477006179003678,0.24005014487320908,0.21224923722642317,0.7877507627735769,0.4522993820996323,0.759949855126791,1.2694370443757093,2.210924974864813,1.3158762953289316,H,1
D1,2025-01-26,14:30,Hoffenheim,Ein Frankfurt,2,2,D,0.0,1.0,A,24.0,12.0,8.0,7.0,16.0,8.0,9.0,3.0,3.0,0.0,0.0,0.0,3.1,3.6,2.2,3.1,3.5,2.2,,,,3.16,3.58,2.29,3.1,3.6,2.2,,,,3.17,3.86,2.3,3.08,3.59,2.24,1.67,2.2,1.69,2.26,1.7,2.34,1.66,2.23,0.25,1.92,1.98,1.92,1.99,1.95,1.99,1.89,1.93,3.2,3.8,2.1,3.2,3.75,2.1,,,,3.43,3.88,2.09,3.3,3.7,2.05,,,,3.43,3.9,2.14,3.28,3.79,2.08,1.44,2.75,1.49,2.75,1.53,2.81,1.47,2.7,0.25,2.07,1.86,2.1,1.83,2.11,1.86,2.04,1.82,2024,Football-Data.co.uk,https://www.football-data.co.uk/mmz4281/2425/D1.csv,3.0,3.6,2.25,3.17,3.86,2.27,3.2,3.75,2.3,1.73,2.34,1.95,2.0,3.1,3.6,2.0,3.4,3.88,2.09,3.45,4.0,2.14,1.54,2.76,2.12,1.88,,,,,,,,,,,,,,,,,,,,,,,,,,,,,,,2025-01-26,hoffenheim,eintracht frankfurt,market_average_open,3.08,3.59,2.24,market_average_close,3.28,3.79,2.08,market_average_close,3.28,3.79,2.08,closing,0.3048780487804878,0.2638522427440633,0.4807692307692307,1.049499522293782,0.29049851124672027,0.2514076825565284,0.4580938061967512,0.5419061938032487,0.7095014887532796,0.7485923174434714,1.8453378304863455,1.4094403124610464,1.3358405859882647,A,0
D1,2025-01-26,16:30,St Pauli,Union Berlin,3,0,H,1.0,0.0,H,16.0,14.0,5.0,2.0,6.0,15.0,5.0,7.0,0.0,3.0,0.0,0.0,2.55,3.1,3.0,2.5,3.1,2.95,,,,2.53,3.15,3.12,2.5,3.2,2.9,,,,2.55,3.38,3.12,2.5,3.14,3.01,2.2,1.67,2.35,1.65,2.35,1.7,2.27,1.64,0.0,1.79,2.11,1.76,2.17,1.8,2.17,1.76,2.12,2.35,3.2,3.2,2.37,3.1,3.2,,,,2.39,3.2,3.37,2.38,3.1,3.25,,,,2.49,3.26,3.4,2.38,3.15,3.24,2.1,1.73,2.19,1.75,2.25,1.79,2.14,1.72,-0.25,2.04,1.89,2.04,1.89,2.09,1.91,2.01,1.84,2024,Football-Data.co.uk,https://www.football-data.co.uk/mmz4281/2425/D1.csv,2.55,3.1,3.0,2.53,3.38,3.08,2.58,3.2,3.2,2.36,1.68,1.78,2.2,2.38,3.0,3.2,2.47,3.26,3.14,2.48,3.25,3.4,2.26,1.78,2.09,1.9,,,,,,,,,,,,,,,,,,,,,,,,,,,,,,,2025-01-26,st pauli,union berlin,market_average_open,2.5,3.14,3.01,market_average_close,2.38,3.15,3.24,market_average_close,2.38,3.15,3.24,closing,0.42016806722689076,0.31746031746031744,0.30864197530864196,1.0462703599958503,0.4015865146256817,0.30342092216162614,0.29499256321269207,0.7050074367873078,0.5984134853743182,0.6965790778383738,1.4184247538677919,1.6710853355426682,1.4355871886120997,H,0
D1,2025-01-31,19:30,Werder Bremen,Mainz,1,0,H,1.0,0.0,H,12.0,13.0,5.0,2.0,14.0,13.0,3.0,8.0,8.0,4.0,3.0,0.0,2.25,3.3,3.2,2.25,3.3,3.2,,,,2.35,3.46,3.19,2.25,3.4,3.1,,,,2.38,3.55,3.25,2.31,3.4,3.13,1.89,2.01,1.89,2.02,1.92,2.03,1.86,1.98,-0.25,2.03,1.9,2.03,1.9,2.05,1.9,1.97,1.87,2.35,3.4,3.1,2.3,3.3,3.1,,,,2.4,3.45,3.13,2.3,3.4,3.0,,,,2.5,3.52,3.14,2.36,3.39,3.05,1.8,2.0,1.79,2.13,1.86,2.16,1.79,2.05,-0.25,2.06,1.87,2.07,1.86,2.15,1.88,2.02,1.83,2024,Football-Data.co.uk,https://www.football-data.co.uk/mmz4281/2425/D1.csv,2.3,3.4,3.25,2.38,3.55,3.19,2.38,3.5,3.3,1.91,2.08,2.05,1.92,2.3,3.3,3.0,2.38,3.44,3.14,2.44,3.45,3.25,1.87,2.12,2.11,1.89,,,,,,,,,,,,,,,,,,,,,,,,,,,,,,,2025-01-31,werder bremen,mainz 05,market_average_open,2.31,3.4,3.13,market_average_close,2.36,3.39,3.05,market_average_close,2.36,3.39,3.05,closing,0.42372881355932207,0.2949852507374631,0.3278688524590164,1.0465829167558016,0.40486884199562223,0.28185559501760127,0.3132755629867765,0.6867244370132235,0.5951311580043778,0.7181444049823987,1.4561881682109765,1.6803018738814612,1.392477603476573,H,0
D1,2025-02-01,14:30,Bayern Munich,Holstein Kiel,4,3,H,2.0,0.0,H,29.0,10.0,12.0,6.0,7.0,10.0,12.0,1.0,1.0,1.0,0.0,0.0,1.05,17.0,26.0,1.06,17.0,36.0,,,,1.05,17.7,41.8,1.05,19.0,36.0,,,,1.07,24.0,55.0,1.05,16.44,38.04,1.14,5.5,,,1.15,6.0,1.13,5.31,-3.25,1.88,2.02,1.84,2.04,1.91,2.04,1.84,1.98,1.04,19.0,29.0,1.04,18.0,34.0,,,,1.04,18.0,51.0,1.03,23.0,51.0,,,,1.05,23.0,65.0,1.04,18.08,43.76,1.13,6.0,,,1.15,6.75,1.12,5.77,-3.5,1.91,2.02,1.87,2.03,1.95,2.05,1.87,1.98,2024,Football-Data.co.uk,https://www.football-data.co.uk/mmz4281/2425/D1.csv,1.06,18.0,41.0,1.05,24.0,50.0,1.07,19.5,48.0,1.16,5.9,1.9,2.02,1.03,18.0,56.0,1.04,19.0,29.0,1.04,29.0,80.0,1.14,7.6,1.89,2.06,,,,,,,,,,,,,,,,,,,,,,,,,,,,,,,2025-02-01,bayern munich,holstein kiel,market_average_open,1.05,16.44,38.04,market_average_close,1.04,18.08,43.76,market_average_close,1.04,18.08,43.76,closing,0.9615384615384615,0.05530973451327434,0.022851919561243144,1.0397001156129788,0.924822886041101,0.05319777663068281,0.021979337328216296,0.9780206626717838,0.0751771139588991,0.9468022233693173,1.0224732852455003,13.301920589113342,1.056186788874842,H,1
D1,2025-02-01,14:30,Bochum,Freiburg,0,1,A,0.0,1.0,A,22.0,13.0,4.0,5.0,15.0,10.0,9.0,7.0,3.0,2.0,0.0,0.0,2.8,3.4,2.5,2.7,3.4,2.5,,,,2.88,3.42,2.54,2.75,3.3,2.5,,,,2.96,3.46,2.57,2.81,3.38,2.51,1.8,2.0,1.82,2.07,1.85,2.1,1.79,2.03,0.0,2.06,1.84,2.08,1.84,2.11,1.85,2.05,1.82,2.7,3.25,2.63,2.75,3.3,2.55,,,,2.74,3.35,2.74,2.8,3.3,2.5,,,,2.94,3.39,2.74,2.78,3.3,2.59,1.97,1.93,1.97,1.93,2.0,2.01,1.92,1.91,0.0,1.95,1.98,1.96,1.96,2.08,1.98,2.01,1.87,2024,Football-Data.co.uk,https://www.football-data.co.uk/mmz4281/2425/D1.csv,2.8,3.4,2.55,2.96,3.46,2.57,2.92,3.55,2.6,1.84,2.12,2.12,1.87,2.7,3.1,2.45,2.94,3.39,2.53,2.9,3.35,2.74,2.0,1.97,2.05,1.94,,,,,,,,,,,,,,,,,,,,,,,,,,,,,,,2025-02-01,bochum,freiburg,market_average_open,2.81,3.38,2.51,market_average_close,2.78,3.3,2.59,market_average_close,2.78,3.3,2.59,closing,0.3597122302158274,0.30303030303030304,0.3861003861003861,1.0488429193465165,0.34296101311333327,0.2889186716530504,0.3681203152336163,0.6318796847663837,0.6570389868866667,0.7110813283469496,1.5825797602113392,1.521979699771592,1.4063088990463293,A,0
D1,2025-02-01,14:30,Heidenheim,Dortmund,1,2,A,0.0,1.0,A,11.0,16.0,5.0,5.0,11.0,9.0,4.0,5.0,0.0,0.0,0.0,0.0,4.33,3.9,1.75,4.2,3.9,1.78,,,,4.49,4.04,1.76,4.0,4.0,1.8,,,,4.49,4.32,1.81,4.3,4.01,1.76,1.57,2.38,1.58,2.45,1.58,2.45,1.56,2.4,0.75,1.92,1.98,1.93,1.98,1.94,2.0,1.87,1.95,4.5,4.1,1.67,4.6,4.0,1.7,,,,4.82,4.11,1.72,4.4,4.0,1.73,,,,4.98,4.24,1.75,4.66,4.07,1.7,1.57,2.38,1.62,2.4,1.64,2.5,1.58,2.38,0.75,2.01,1.92,2.0,1.92,2.06,1.94,1.97,1.88,2024,Football-Data.co.uk,https://www.football-data.co.uk/mmz4281/2425/D1.csv,4.4,4.0,1.75,4.32,4.32,1.81,4.6,4.2,1.81,1.61,2.56,1.94,2.02,4.5,3.75,1.65,4.85,4.24,1.7,4.9,4.3,1.76,1.64,2.54,2.02,1.95,,,,,,,,,,,,,,,,,,,,,,,,,,,,,,,2025-02-01,fc heidenheim,dortmund,market_average_open,4.3,4.01,1.76,market_average_close,4.66,4.07,1.7,market_average_close,4.66,4.07,1.7,closing,0.2145922746781116,0.24570024570024568,0.5882352941176471,1.0485278144960044,0.2046605456825765,0.23432878203459614,0.5610106722828273,0.43898932771717264,0.7953394543174235,0.7656712179654038,2.277959706219258,1.2573247744363698,1.3060436079304003,A,0
D1,2025-02-01,14:30,St Pauli,Augsburg,1,1,D,1.0,0.0,H,5.0,2.0,1.0,1.0,16.0,18.0,3.0,1.0,1.0,3.0,0.0,0.0,2.35,3.3,3.1,2.3,3.2,3.2,,,,2.38,3.2,3.32,2.38,3.1,3.2,,,,2.43,3.3,3.4,2.35,3.2,3.23,2.2,1.67,2.28,1.68,2.31,1.72,2.22,1.66,-0.25,2.04,1.86,2.04,1.88,2.06,1.88,1.98,1.84,2.1,3.3,3.6,2.1,3.2,3.7,,,,2.15,3.32,3.83,2.1,3.2,3.7,,,,2.21,3.38,3.86,2.13,3.26,3.7,2.2,1.67,2.23,1.72,2.24,1.75,2.17,1.7,-0.25,1.85,2.08,1.84,2.1,1.88,2.11,1.82,2.04,2024,Football-Data.co.uk,https://www.football-data.co.uk/mmz4281/2425/D1.csv,2.25,3.25,3.4,2.43,3.28,3.35,2.42,3.3,3.4,2.3,1.72,2.05,1.92,2.05,3.1,3.6,2.21,3.38,3.55,2.2,3.35,3.95,2.28,1.76,1.87,2.12,,,,,,,,,,,,,,,,,,,,,,,,,,,,,,,2025-02-01,st pauli,augsburg,market_average_open,2.35,3.2,3.23,market_average_close,2.13,3.26,3.7,market_average_close,2.13,3.26,3.7,closing,0.4694835680751174,0.3067484662576687,0.27027027027027023,1.0465023046030564,0.44862162845708675,0.2931178124581579,0.2582605590847553,0.7417394409152447,0.5513783715429132,0.7068821875418421,1.348182319610891,1.8136366089255842,1.414662892380221,H,0
D1,2025-02-01,14:30,Stuttgart,M'gladbach,1,2,A,0.0,1.0,A,10.0,12.0,3.0,6.0,11.0,11.0,2.0,0.0,2.0,2.0,0.0,0.0,1.57,4.5,5.0,1.57,4.6,5.0,,,,1.58,4.65,5.2,1.57,4.5,5.0,,,,1.62,4.84,5.5,1.57,4.62,5.05,1.44,2.75,1.43,2.92,1.44,2.92,1.41,2.84,-1.0,1.95,1.95,1.93,1.97,1.95,1.98,1.9,1.93,1.65,4.2,4.75,1.66,4.2,4.5,,,,1.68,4.31,4.94,1.67,4.33,4.5,,,,1.69,4.45,5.06,1.66,4.27,4.76,1.5,2.63,1.51,2.66,1.51,2.82,1.48,2.64,-1.0,2.05,1.75,2.11,1.81,2.12,1.91,2.07,1.8,2024,Football-Data.co.uk,https://www.football-data.co.uk/mmz4281/2425/D1.csv,1.57,4.6,5.0,1.62,4.84,5.25,1.62,4.8,5.5,1.46,3.05,1.95,1.99,1.6,4.0,4.6,1.66,4.3,5.06,1.7,4.4,5.2,1.53,2.84,2.17,1.84,,,,,,,,,,,,,,,,,,,,,,,,,,,,,,,2025-02-01,vfb stuttgart,borussia m gladbach,market_average_open,1.57,4.62,5.05,market_average_close,1.66,4.27,4.76,market_average_close,1.66,4.27,4.76,closing,0.6024096385542169,0.234192037470726,0.21008403361344538,1.0466857096383884,0.5755401387512389,0.22374628344895936,0.20071357779980176,0.7992864222001983,0.4244598612487611,0.7762537165510406,1.2511159607181825,2.355935369384515,1.2882385986415403,H,1
D1,2025-02-01,17:30,Union Berlin,RB Leipzig,0,0,D,0.0,0.0,D,21.0,6.0,6.0,2.0,5.0,12.0,4.0,5.0,3.0,2.0,0.0,0.0,3.1,3.5,2.25,3.0,3.4,2.25,,,,3.2,3.52,2.29,3.1,3.4,2.25,,,,3.24,3.66,2.31,3.12,3.49,2.26,1.73,2.1,1.78,2.12,1.8,2.17,1.76,2.08,0.25,1.92,1.98,1.92,1.99,1.95,2.0,1.88,1.94,2.8,3.4,2.45,3.1,3.3,2.3,,,,2.96,3.47,2.49,2.9,3.5,2.3,,,,3.25,3.59,2.48,3.05,3.43,2.34,1.8,2.0,1.83,2.08,1.85,2.19,1.76,2.08,0.25,1.73,2.08,1.79,2.14,1.98,2.08,1.83,1.99,2024,Football-Data.co.uk,https://www.football-data.co.uk/mmz4281/2425/D1.csv,3.2,3.4,2.25,3.24,3.66,2.31,3.25,3.6,2.36,1.81,2.18,1.93,2.04,2.88,3.3,2.4,3.0,3.59,2.48,3.4,3.5,2.36,1.78,2.26,1.97,2.02,,,,,,,,,,,,,,,,,,,,,,,,,,,,,,,2025-02-01,union berlin,rasenballsport leipzig,market_average_open,3.12,3.49,2.26,market_average_close,3.05,3.43,2.34,market_average_close,3.05,3.43,2.34,closing,0.3278688524590164,0.29154518950437314,0.4273504273504274,1.046764469313817,0.3132212279558395,0.2785203338965919,0.40825843814756857,0.5917415618524314,0.6867787720441605,0.7214796661034081,1.6899269283528544,1.4560729607637015,1.3860404485144175,A,0
D1,2025-02-02,14:30,Ein Frankfurt,Wolfsburg,1,1,D,0.0,0.0,D,16.0,11.0,4.0,2.0,8.0,8.0,9.0,1.0,1.0,3.0,0.0,0.0,1.95,3.8,3.6,1.9,3.75,3.75,,,,1.99,3.8,3.72,1.95,3.9,3.5,,,,2.02,4.1,3.75,1.96,3.82,3.59,1.53,2.5,1.55,2.55,1.56,2.63,1.52,2.5,-0.5,1.99,1.91,2.0,1.91,2.0,1.92,1.97,1.87,2.05,3.6,3.4,2.05,3.5,3.4,,,,2.11,3.58,3.63,2.05,3.75,3.3,,,,2.16,3.75,3.87,2.06,3.58,3.55,1.67,2.2,1.68,2.29,1.69,2.42,1.63,2.29,-0.25,1.86,2.07,1.83,2.11,1.87,2.15,1.79,2.08,2024,Football-Data.co.uk,https://www.football-data.co.uk/mmz4281/2425/D1.csv,1.95,3.9,3.6,2.02,4.1,3.63,2.02,3.95,3.75,1.59,2.62,2.03,1.92,2.0,3.4,3.6,2.05,3.69,3.69,2.12,3.7,3.75,1.69,2.42,1.85,2.15,,,,,,,,,,,,,,,,,,,,,,,,,,,,,,,2025-02-02,eintracht frankfurt,wolfsburg,market_average_open,1.96,3.82,3.59,market_average_close,2.06,3.58,3.55,market_average_close,2.06,3.58,3.55,closing,0.4854368932038835,0.27932960893854747,0.28169014084507044,1.0464566429875015,0.46388629328972725,0.26692898440693796,0.2691847223033347,0.7308152776966652,0.5361137067102726,0.733071015593062,1.3683348316851465,1.865275943299882,1.3641243191029586,H,0
D1,2025-02-02,16:30,Leverkusen,Hoffenheim,3,1,H,2.0,0.0,H,9.0,16.0,5.0,7.0,14.0,7.0,3.0,3.0,4.0,3.0,1.0,0.0,1.25,7.0,9.5,1.24,6.75,10.5,,,,1.23,7.29,10.7,1.25,6.5,11.0,,,,1.27,7.5,12.0,1.23,6.86,10.7,1.36,3.2,1.37,3.15,1.38,3.2,1.36,3.07,-1.75,1.83,2.07,1.83,2.07,1.85,2.09,1.81,2.01,1.14,9.5,13.0,1.14,9.5,16.0,,,,1.14,9.66,18.88,1.14,9.5,17.0,,,,1.19,10.1,19.21,1.14,9.33,16.32,1.25,4.0,1.31,3.54,1.39,4.21,1.26,3.83,-2.25,1.78,2.03,1.81,2.08,2.11,2.13,1.83,2.0,2024,Football-Data.co.uk,https://www.football-data.co.uk/mmz4281/2425/D1.csv,1.22,6.5,12.0,1.26,7.1,12.0,1.26,7.4,12.5,1.41,3.25,1.82,2.08,1.1,8.5,15.0,1.16,10.1,14.4,1.17,10.0,21.0,1.29,4.2,1.86,2.11,,,,,,,,,,,,,,,,,,,,,,,,,,,,,,,2025-02-02,bayer leverkusen,hoffenheim,market_average_open,1.23,6.86,10.7,market_average_close,1.14,9.33,16.32,market_average_close,1.14,9.33,16.32,closing,0.8771929824561404,0.10718113612004287,0.061274509803921566,1.0456486283801047,0.8388984202227358,0.10250205777641144,0.05859952200085286,0.9414004779991472,0.1611015797772643,0.8974979422235886,1.0622471768076858,6.2072637734687595,1.114208682776986,H,1
D1,2025-02-07,19:30,Bayern Munich,Werder Bremen,3,0,H,0.0,0.0,D,21.0,2.0,12.0,0.0,9.0,8.0,5.0,2.0,1.0,3.0,0.0,0.0,1.1,11.0,17.0,1.11,11.0,19.0,,,,1.09,12.89,20.27,1.08,12.0,23.0,,,,1.14,14.2,31.0,1.1,11.87,21.03,1.2,4.5,,,1.22,4.9,1.19,4.49,-2.75,1.98,1.95,1.93,1.93,2.0,1.97,1.94,1.89,1.11,11.0,19.0,1.11,11.5,19.5,,,,1.1,12.94,20.92,1.1,11.0,21.0,,,,1.12,14.0,23.0,1.1,11.95,20.3,1.2,4.5,,,1.24,4.6,1.2,4.37,-2.75,2.01,1.92,1.98,1.91,2.05,1.93,1.98,1.87,2024,Football-Data.co.uk,https://www.football-data.co.uk/mmz4281/2425/D1.csv,1.1,12.0,21.0,1.09,14.2,31.0,1.12,14.0,25.0,1.22,5.2,2.01,1.94,1.08,11.0,21.0,1.11,12.1,19.9,1.12,13.5,29.0,1.23,5.2,2.02,1.95,,,,,,,,,,,,,,,,,,,,,,,,,,,,,,,2025-02-07,bayern munich,werder bremen,market_average_open,1.1,11.87,21.03,market_average_close,1.1,11.95,20.3,market_average_close,1.1,11.95,20.3,closing,0.9090909090909091,0.08368200836820085,0.04926108374384236,1.0420340012029523,0.8724196216643889,0.08030640868877222,0.047273969646838804,0.9527260303531612,0.12758037833561103,0.9196935913112277,1.0496196893343148,7.838195912614516,1.0873186563954171,H,1
D1,2025-02-08,14:30,Dortmund,Stuttgart,1,2,A,0.0,0.0,D,16.0,4.0,5.0,2.0,13.0,14.0,9.0,4.0,5.0,2.0,1.0,0.0,1.85,3.8,3.9,1.87,3.9,3.7,,,,1.88,3.93,3.98,1.85,3.9,3.75,,,,1.92,4.27,4.1,1.89,3.92,3.84,1.5,2.63,1.52,2.62,1.53,2.69,1.5,2.6,-0.5,1.89,2.01,1.89,2.01,1.92,2.02,1.89,1.97,1.95,3.8,3.5,1.98,3.75,3.5,,,,2.0,3.95,3.62,1.95,3.75,3.5,,,,2.04,4.0,3.81,1.96,3.87,3.62,1.5,2.63,1.5,2.7,1.53,2.77,1.49,2.64,-0.5,2.02,1.91,2.01,1.91,2.06,1.94,1.97,1.9,2024,Football-Data.co.uk,https://www.football-data.co.uk/mmz4281/2425/D1.csv,1.87,3.9,3.9,1.9,4.27,3.91,1.92,4.1,4.1,1.54,2.74,1.92,2.06,1.91,3.7,3.5,1.95,3.91,3.79,2.04,4.0,3.75,1.54,2.8,2.06,1.93,,,,,,,,,,,,,,,,,,,,,,,,,,,,,,,2025-02-08,dortmund,vfb stuttgart,market_average_open,1.89,3.92,3.84,market_average_close,1.96,3.87,3.62,market_average_close,1.96,3.87,3.62,closing,0.5102040816326531,0.25839793281653745,0.27624309392265195,1.0448451083718424,0.4883059484555487,0.24730740541934762,0.2643866461251037,0.7356133538748963,0.5116940515444514,0.7526925945806524,1.359409796916312,1.954292798561347,1.3285636223870783,H,0
D1,2025-02-08,14:30,Freiburg,Heidenheim,1,0,H,1.0,0.0,H,9.0,11.0,3.0,5.0,11.0,8.0,6.0,3.0,3.0,1.0,0.0,0.0,1.7,3.75,4.75,1.73,3.8,4.6,,,,1.74,3.99,4.77,1.75,3.8,4.6,,,,1.76,4.17,4.84,1.73,3.93,4.65,1.73,2.1,1.77,2.12,1.81,2.17,1.75,2.1,-0.75,1.95,1.95,1.95,1.95,1.97,1.98,1.91,1.91,1.7,3.75,5.0,1.71,3.7,4.8,,,,1.71,3.81,5.41,1.7,3.75,5.0,,,,1.75,3.99,5.41,1.7,3.81,5.11,1.8,2.0,1.82,2.08,1.85,2.21,1.77,2.08,-0.75,1.93,2.0,1.92,2.01,1.95,2.02,1.89,1.97,2024,Football-Data.co.uk,https://www.football-data.co.uk/mmz4281/2425/D1.csv,1.73,3.9,4.75,1.76,4.17,4.84,1.79,4.0,5.1,1.78,2.2,2.0,1.96,1.62,3.7,5.0,1.7,3.92,5.37,1.76,3.9,5.6,1.86,2.14,1.95,2.04,,,,,,,,,,,,,,,,,,,,,,,,,,,,,,,2025-02-08,freiburg,fc heidenheim,market_average_open,1.73,3.93,4.65,market_average_close,1.7,3.81,5.11,market_average_close,1.7,3.81,5.11,closing,0.5882352941176471,0.26246719160104987,0.19569471624266144,1.0463972019613583,0.5621529692692829,0.25082940886030997,0.1870176218704072,0.8129823781295928,0.4378470307307172,0.7491705911396902,1.2300389613618363,2.283902664204695,1.3348094704021025,H,1
D1,2025-02-08,14:30,Hoffenheim,Union Berlin,0,4,A,0.0,1.0,A,16.0,22.0,4.0,7.0,9.0,16.0,8.0,4.0,2.0,1.0,0.0,0.0,2.2,3.5,3.2,2.15,3.6,3.25,,,,2.26,3.6,3.2,2.2,3.5,3.1,,,,2.29,3.75,3.25,2.22,3.57,3.18,1.84,2.06,1.83,2.06,1.86,2.09,1.82,2.03,-0.25,1.97,1.93,1.96,1.94,1.99,1.96,1.91,1.91,2.3,3.5,3.0,2.3,3.4,3.0,,,,2.38,3.57,3.06,2.3,3.4,3.0,,,,2.43,3.59,3.15,2.34,3.5,3.03,1.73,2.1,1.74,2.21,1.78,2.26,1.73,2.14,-0.25,2.07,1.86,2.06,1.87,2.1,1.88,2.01,1.84,2024,Football-Data.co.uk,https://www.football-data.co.uk/mmz4281/2425/D1.csv,2.2,3.5,3.2,2.27,3.75,3.24,2.3,3.6,3.35,1.87,2.08,1.98,1.99,2.2,3.4,3.1,2.43,3.58,2.95,2.44,3.55,3.2,1.76,2.28,2.09,1.89,,,,,,,,,,,,,,,,,,,,,,,,,,,,,,,2025-02-08,hoffenheim,union berlin,market_average_open,2.22,3.57,3.18,market_average_close,2.34,3.5,3.03,market_average_close,2.34,3.5,3.03,closing,0.4273504273504274,0.2857142857142857,0.33003300330033003,1.0430977163650432,0.40969357007092855,0.27390941541884933,0.316397014510222,0.6836029854897778,0.5903064299290713,0.7260905845811505,1.462837379628374,1.6940354183845765,1.3772386272944934,H,0
D1,2025-02-08,14:30,Mainz,Augsburg,0,0,D,0.0,0.0,D,9.0,9.0,5.0,2.0,12.0,9.0,1.0,3.0,3.0,3.0,0.0,0.0,1.75,3.5,5.0,1.78,3.6,4.5,,,,1.78,3.72,4.88,1.75,3.6,4.6,,,,1.8,3.89,5.0,1.77,3.66,4.78,2.05,1.85,2.07,1.83,2.1,1.88,2.03,1.81,-0.75,2.03,1.87,2.03,1.88,2.06,1.88,1.99,1.84,1.75,3.6,4.75,1.8,3.5,4.6,,,,1.83,3.6,4.87,1.8,3.5,4.6,,,,1.87,3.7,5.09,1.81,3.56,4.74,2.0,1.8,2.1,1.81,2.14,1.88,2.06,1.78,-0.75,2.07,1.86,2.09,1.85,2.13,1.89,2.05,1.82,2024,Football-Data.co.uk,https://www.football-data.co.uk/mmz4281/2425/D1.csv,1.75,3.6,5.0,1.8,3.89,4.94,1.82,3.75,5.2,2.06,1.87,2.06,1.9,1.73,3.4,4.5,1.78,3.7,5.09,1.85,3.7,5.2,2.14,1.86,2.1,1.88,,,,,,,,,,,,,,,,,,,,,,,,,,,,,,,2025-02-08,mainz 05,augsburg,market_average_open,1.77,3.66,4.78,market_average_close,1.81,3.56,4.74,market_average_close,1.81,3.56,4.74,closing,0.5524861878453039,0.2808988764044944,0.21097046413502107,1.0443555283848194,0.529021174139585,0.2689686306720924,0.20201019518832253,0.7979898048116775,0.47097882586041495,0.7310313693279076,1.2531488422160935,2.1232377021899755,1.3679303542327816,H,1
D1,2025-02-08,14:30,Wolfsburg,Leverkusen,0,0,D,0.0,0.0,D,13.0,15.0,8.0,1.0,7.0,8.0,3.0,9.0,2.0,3.0,0.0,0.0,4.33,3.6,1.8,4.0,3.8,1.83,,,,4.3,3.86,1.84,4.0,3.9,1.8,,,,4.5,4.1,1.88,4.21,3.83,1.83,1.67,2.2,1.68,2.28,1.71,2.32,1.66,2.25,0.5,2.06,1.84,2.07,1.85,2.08,1.88,2.03,1.83,3.5,3.3,2.15,3.5,3.25,2.15,,,,3.72,3.38,2.16,3.3,3.3,2.15,,,,4.58,3.81,2.23,3.62,3.34,2.13,1.8,2.0,1.82,2.07,1.88,2.18,1.81,2.03,0.25,2.04,1.89,2.08,1.85,2.37,1.9,2.04,1.83,2024,Football-Data.co.uk,https://www.football-data.co.uk/mmz4281/2425/D1.csv,4.4,3.75,1.83,4.22,4.1,1.87,4.5,3.9,1.89,1.68,2.42,2.1,1.89,3.4,3.1,2.05,3.69,3.4,2.15,3.75,3.45,2.22,1.86,2.14,2.08,1.91,,,,,,,,,,,,,,,,,,,,,,,,,,,,,,,2025-02-08,wolfsburg,bayer leverkusen,market_average_open,4.21,3.83,1.83,market_average_close,3.62,3.34,2.13,market_average_close,3.62,3.34,2.13,closing,0.27624309392265195,0.29940119760479045,0.4694835680751174,1.0451278596025597,0.2643151183700159,0.2864732720058257,0.4492116096241585,0.5507883903758416,0.7356848816299841,0.7135267279941744,1.8155792995521016,1.3592776268344662,1.4014891955219995,A,0
D1,2025-02-08,17:30,M'gladbach,Ein Frankfurt,1,1,D,1.0,1.0,D,8.0,15.0,3.0,7.0,10.0,9.0,6.0,1.0,3.0,3.0,0.0,0.0,2.63,3.5,2.55,2.55,3.6,2.5,,,,2.62,3.7,2.63,2.5,3.6,2.6,,,,2.67,3.83,2.69,2.59,3.64,2.59,1.53,2.5,1.56,2.52,1.57,2.57,1.54,2.48,0.0,1.95,1.95,1.95,1.95,1.99,1.96,1.94,1.93,2.55,3.5,2.63,2.55,3.6,2.6,,,,2.59,3.73,2.68,2.5,3.6,2.5,,,,2.73,3.75,2.71,2.58,3.6,2.63,1.5,2.63,1.51,2.69,1.57,2.77,1.5,2.61,0.0,1.94,1.99,1.93,2.0,1.96,2.01,1.92,1.96,2024,Football-Data.co.uk,https://www.football-data.co.uk/mmz4281/2425/D1.csv,2.63,3.6,2.55,2.67,3.83,2.64,2.74,3.75,2.66,1.59,2.62,2.02,1.95,2.4,3.5,2.55,2.73,3.59,2.59,2.66,3.8,2.76,1.55,2.78,1.96,2.03,,,,,,,,,,,,,,,,,,,,,,,,,,,,,,,2025-02-08,borussia m gladbach,eintracht frankfurt,market_average_open,2.59,3.64,2.59,market_average_close,2.58,3.6,2.63,market_average_close,2.58,3.6,2.63,closing,0.38759689922480617,0.2777777777777778,0.3802281368821293,1.045602813884713,0.37069228781507674,0.2656628062674717,0.36364490591745174,0.6363550940825484,0.6293077121849234,0.7343371937325285,1.5714496659160542,1.5890477434767998,1.3617722328854764,H,0
D1,2025-02-09,14:30,Holstein Kiel,Bochum,2,2,D,1.0,2.0,A,10.0,21.0,3.0,6.0,11.0,17.0,3.0,5.0,2.0,2.0,0.0,0.0,2.25,3.5,3.0,2.3,3.5,2.9,,,,2.31,3.54,3.15,2.25,3.6,3.0,,,,2.35,3.81,3.15,2.29,3.54,3.04,1.67,2.2,1.71,2.23,1.74,2.3,1.68,2.21,-0.25,2.01,1.89,2.0,1.9,2.02,1.9,1.97,1.86,2.3,3.6,2.9,2.3,3.4,3.0,,,,2.4,3.49,3.09,2.25,3.6,3.0,,,,2.42,3.67,3.31,2.3,3.54,3.06,1.73,2.1,1.78,2.14,1.78,2.31,1.73,2.15,-0.25,2.07,1.86,2.08,1.86,2.09,1.97,1.99,1.87,2024,Football-Data.co.uk,https://www.football-data.co.uk/mmz4281/2425/D1.csv,2.25,3.5,3.1,2.32,3.81,3.11,2.36,3.65,3.25,1.74,2.28,2.03,1.94,2.15,3.3,3.0,2.34,3.65,3.05,2.38,3.7,3.2,1.76,2.3,2.06,1.93,,,,,,,,,,,,,,,,,,,,,,,,,,,,,,,2025-02-09,holstein kiel,bochum,market_average_open,2.29,3.54,3.04,market_average_close,2.3,3.54,3.06,market_average_close,2.3,3.54,3.06,closing,0.4347826086956522,0.2824858757062147,0.32679738562091504,1.0440658700227818,0.4164321631222033,0.2705632698251603,0.31300456705263646,0.6869954329473636,0.5835678368777968,0.7294367301748398,1.455613752350255,1.713596837944664,1.3709208196306601,H,0
D1,2025-02-09,16:30,RB Leipzig,St Pauli,2,0,H,2.0,0.0,H,11.0,7.0,6.0,4.0,12.0,8.0,5.0,4.0,2.0,2.0,1.0,0.0,1.57,4.2,5.25,1.58,4.33,5.25,,,,1.57,4.39,5.81,1.57,4.2,5.5,,,,1.62,4.5,6.0,1.57,4.31,5.56,1.73,2.1,1.73,2.19,1.77,2.22,1.71,2.16,-1.0,2.0,1.9,1.97,1.93,2.01,1.93,1.95,1.89,1.65,4.0,4.75,1.68,3.9,5.0,,,,1.66,4.11,5.36,1.67,3.8,5.0,,,,1.71,4.4,5.5,1.67,4.0,5.11,1.8,2.0,1.85,2.07,1.86,2.19,1.8,2.04,-0.75,1.86,2.07,1.85,2.08,1.89,2.13,1.84,2.02,2024,Football-Data.co.uk,https://www.football-data.co.uk/mmz4281/2425/D1.csv,1.57,4.2,6.0,1.62,4.46,5.81,1.62,4.3,6.2,1.76,2.22,2.04,1.93,1.6,3.8,5.0,1.69,4.14,5.12,1.7,4.2,5.6,1.9,2.08,1.89,2.09,,,,,,,,,,,,,,,,,,,,,,,,,,,,,,,2025-02-09,rasenballsport leipzig,st pauli,market_average_open,1.57,4.31,5.56,market_average_close,1.67,4.0,5.11,market_average_close,1.67,4.0,5.11,closing,0.5988023952095809,0.25,0.19569471624266144,1.0444971114522423,0.573292533453751,0.239349632716941,0.187357833829308,0.812642166170692,0.426707466546249,0.760650367283059,1.2305539161377388,2.3435259009971277,1.314664454277286,H,1
D1,2025-02-14,19:30,Augsburg,RB Leipzig,0,0,D,0.0,0.0,D,11.0,14.0,2.0,4.0,12.0,12.0,8.0,9.0,2.0,1.0,0.0,0.0,2.9,3.3,2.4,,,,,,,3.02,3.41,2.48,2.9,3.4,2.38,,,,3.1,3.54,2.51,2.97,3.39,2.43,1.9,2.0,1.92,1.99,1.93,2.02,1.89,1.96,0.25,1.82,2.11,1.83,2.12,1.83,2.13,1.79,2.07,3.0,3.25,2.38,,,,,,,3.09,3.4,2.44,3.0,3.3,2.38,,,,3.26,3.45,2.45,3.06,3.34,2.39,1.92,1.98,1.94,1.96,1.99,2.01,1.9,1.95,0.25,1.82,2.11,1.83,2.1,1.87,2.11,1.82,2.04,2024,Football-Data.co.uk,https://www.football-data.co.uk/mmz4281/2425/D1.csv,3.1,3.4,2.4,3.05,3.54,2.47,3.15,3.45,2.52,1.95,2.04,1.85,2.16,3.0,3.25,2.3,3.26,3.35,2.35,3.15,3.5,2.48,1.98,2.0,1.86,2.14,,,,,,,,,,,,,,,,,,,,,,,,,,,,,,,2025-02-14,augsburg,rasenballsport leipzig,market_average_open,2.97,3.39,2.43,market_average_close,3.06,3.34,2.39,market_average_close,3.06,3.34,2.39,closing,0.32679738562091504,0.29940119760479045,0.41841004184100417,1.0446086250667097,0.3128419369503535,0.2866156667868508,0.40054239626279564,0.5994576037372044,0.6871580630496464,0.7133843332131491,1.6681746861924684,1.4552692513887464,1.4017689391858488,A,0
D1,2025-02-15,14:30,Bochum,Dortmund,2,0,H,2.0,0.0,H,18.0,17.0,9.0,2.0,12.0,4.0,2.0,8.0,1.0,0.0,0.0,0.0,5.0,3.9,1.67,,,,,,,4.98,4.27,1.66,4.6,4.2,1.67,,,,5.1,4.43,1.71,4.83,4.21,1.66,1.62,2.3,1.61,2.42,1.65,2.49,1.59,2.4,0.75,2.06,1.84,2.07,1.85,2.08,1.86,2.01,1.82,5.5,4.5,1.55,,,,,,,5.77,4.48,1.57,5.0,4.33,1.62,,,,5.84,4.6,1.62,5.51,4.45,1.57,1.53,2.32,1.61,2.44,1.62,2.66,1.55,2.48,1.0,2.0,1.93,1.97,1.95,2.0,1.99,1.94,1.92,2024,Football-Data.co.uk,https://www.football-data.co.uk/mmz4281/2425/D1.csv,5.0,4.2,1.65,4.89,4.43,1.71,5.3,4.3,1.7,1.63,2.48,2.11,1.87,5.0,4.2,1.57,5.57,4.58,1.58,6.0,4.5,1.61,1.63,2.56,2.0,1.97,,,,,,,,,,,,,,,,,,,,,,,,,,,,,,,2025-02-15,bochum,dortmund,market_average_open,4.83,4.21,1.66,market_average_close,5.51,4.45,1.57,market_average_close,5.51,4.45,1.57,closing,0.18148820326678766,0.2247191011235955,0.6369426751592356,1.0431499795496189,0.1739809297078694,0.21542357813266527,0.6105954921594653,0.3894045078405347,0.8260190702921306,0.7845764218673347,2.5680236871051085,1.2106258026783077,1.2745730971878373,A,0
D1,2025-02-15,14:30,St Pauli,Freiburg,0,1,A,0.0,0.0,D,5.0,6.0,1.0,4.0,10.0,10.0,2.0,6.0,1.0,0.0,0.0,0.0,2.5,3.25,2.88,,,,,,,2.6,3.25,2.94,2.5,3.1,2.9,,,,2.66,3.29,3.01,2.56,3.21,2.92,2.2,1.67,2.26,1.69,2.29,1.73,2.21,1.68,0.0,1.84,2.06,1.84,2.08,1.87,2.09,1.82,2.04,2.5,3.1,3.0,,,,,,,2.59,3.1,3.14,2.4,3.1,3.1,,,,2.59,3.21,3.35,2.5,3.11,3.12,2.15,1.62,2.31,1.68,2.35,1.73,2.23,1.67,-0.25,2.1,1.7,2.19,1.76,2.19,1.88,2.1,1.77,2024,Football-Data.co.uk,https://www.football-data.co.uk/mmz4281/2425/D1.csv,2.55,3.2,2.88,2.66,3.29,2.99,2.64,3.3,3.05,2.32,1.72,1.87,2.09,2.4,3.0,3.2,2.56,3.18,3.08,2.6,3.2,3.25,2.38,1.71,2.19,1.82,,,,,,,,,,,,,,,,,,,,,,,,,,,,,,,2025-02-15,st pauli,freiburg,market_average_open,2.56,3.21,2.92,market_average_close,2.5,3.11,3.12,market_average_close,2.5,3.11,3.12,closing,0.4,0.3215434083601286,0.3205128205128205,1.0420562288729491,0.38385644547475695,0.308566274497393,0.30757728002785006,0.69242271997215,0.616143554525243,0.6914337255026071,1.4442044883221352,1.6229983948635636,1.4462702108912815,H,0
D1,2025-02-15,14:30,Stuttgart,Wolfsburg,1,2,A,0.0,0.0,D,10.0,7.0,4.0,3.0,10.0,15.0,7.0,5.0,3.0,4.0,0.0,0.0,1.73,4.2,4.2,,,,,,,1.76,4.24,4.32,1.7,4.33,4.2,,,,1.79,4.38,4.5,1.75,4.19,4.25,1.53,2.5,1.54,2.59,1.56,2.6,1.52,2.53,-0.75,1.98,1.92,1.97,1.93,2.0,1.95,1.94,1.89,1.53,4.75,5.25,,,,,,,1.57,4.61,5.63,1.57,4.4,5.0,,,,1.63,4.75,5.8,1.58,4.51,5.32,1.41,2.7,1.5,2.72,1.53,2.78,1.48,2.67,-1.0,1.91,2.02,1.92,2.01,2.01,2.04,1.92,1.94,2024,Football-Data.co.uk,https://www.football-data.co.uk/mmz4281/2425/D1.csv,1.73,4.0,4.5,1.79,4.38,4.38,1.79,4.2,4.7,1.56,2.64,2.01,1.95,1.55,4.33,5.0,1.63,4.62,4.94,1.6,4.6,6.2,1.53,2.84,1.93,2.05,,,,,,,,,,,,,,,,,,,,,,,,,,,,,,,2025-02-15,vfb stuttgart,wolfsburg,market_average_open,1.75,4.19,4.25,market_average_close,1.58,4.51,5.32,market_average_close,1.58,4.51,5.32,closing,0.6329113924050632,0.22172949002217296,0.18796992481203006,1.0426108072392664,0.6070447265753479,0.21266755387783812,0.18028771954681386,0.819712280453186,0.392955273424652,0.7873324461221618,1.219940244700421,2.5448188830369447,1.270111507439185,H,1
D1,2025-02-15,14:30,Union Berlin,M'gladbach,1,2,A,0.0,2.0,A,18.0,9.0,3.0,5.0,9.0,8.0,4.0,5.0,0.0,1.0,0.0,0.0,2.2,3.5,3.1,,,,,,,2.28,3.57,3.18,2.3,3.4,3.1,,,,2.33,3.75,3.25,2.27,3.54,3.11,1.73,2.1,1.78,2.12,1.82,2.14,1.77,2.09,-0.25,1.98,1.92,1.98,1.93,1.99,1.93,1.96,1.87,2.15,3.5,3.3,,,,,,,2.16,3.59,3.48,2.1,3.6,3.3,,,,2.2,3.64,3.48,2.15,3.55,3.39,1.68,2.05,1.78,2.13,1.82,2.19,1.75,2.11,-0.25,1.88,2.05,1.88,2.05,1.89,2.05,1.86,2.0,2024,Football-Data.co.uk,https://www.football-data.co.uk/mmz4281/2425/D1.csv,2.2,3.4,3.25,2.31,3.75,3.17,2.36,3.6,3.3,1.8,2.16,2.01,1.94,2.1,3.4,3.3,2.2,3.58,3.38,2.22,3.6,3.6,1.82,2.2,1.91,2.07,,,,,,,,,,,,,,,,,,,,,,,,,,,,,,,2025-02-15,union berlin,borussia m gladbach,market_average_open,2.27,3.54,3.11,market_average_close,2.15,3.55,3.39,market_average_close,2.15,3.55,3.39,closing,0.46511627906976744,0.28169014084507044,0.2949852507374631,1.041791670652301,0.4464580512325871,0.2703900873662147,0.2831518614011983,0.7168481385988018,0.553541948767413,0.7296099126337854,1.394995601097138,1.8065478185108235,1.3705954136370568,H,0
D1,2025-02-15,17:30,Leverkusen,Bayern Munich,0,0,D,0.0,0.0,D,15.0,2.0,3.0,0.0,16.0,13.0,6.0,0.0,2.0,3.0,0.0,0.0,2.9,3.7,2.25,,,,,,,3.08,3.71,2.27,3.0,3.6,2.25,,,,3.14,3.87,2.3,3.01,3.66,2.26,1.67,2.2,1.68,2.28,1.7,2.36,1.65,2.26,0.25,1.9,2.0,1.92,1.99,1.93,2.02,1.87,1.96,3.0,3.5,2.25,,,,,,,3.11,3.56,2.35,3.0,3.5,2.3,,,,3.16,3.61,2.4,3.05,3.49,2.33,1.8,2.0,1.83,2.06,1.87,2.13,1.81,2.03,0.25,1.89,2.04,1.88,2.04,1.9,2.06,1.85,2.01,2024,Football-Data.co.uk,https://www.football-data.co.uk/mmz4281/2425/D1.csv,3.1,3.6,2.25,3.11,3.87,2.3,3.15,3.75,2.36,1.73,2.32,1.92,2.04,2.9,3.3,2.2,3.1,3.61,2.32,3.2,3.6,2.4,1.87,2.12,1.91,2.07,,,,,,,,,,,,,,,,,,,,,,,,,,,,,,,2025-02-15,bayer leverkusen,bayern munich,market_average_open,3.01,3.66,2.26,market_average_close,3.05,3.49,2.33,market_average_close,3.05,3.49,2.33,closing,0.3278688524590164,0.28653295128939826,0.4291845493562232,1.0435863531046379,0.3141751053792688,0.2745656365062377,0.4112592581144935,0.5887407418855065,0.6858248946207313,0.7254343634937623,1.6985405100339936,1.45809813531632,1.378484464375113,A,0
D1,2025-02-16,14:30,Werder Bremen,Hoffenheim,1,3,A,1.0,2.0,A,14.0,16.0,1.0,7.0,14.0,12.0,6.0,4.0,2.0,3.0,0.0,0.0,1.85,3.8,3.9,,,,,,,1.9,4.04,3.8,1.85,4.0,3.75,,,,1.93,4.22,3.9,1.89,3.96,3.74,1.53,2.5,1.52,2.6,1.54,2.66,1.51,2.55,-0.5,1.9,2.0,1.92,1.99,1.92,2.02,1.89,1.95,1.85,3.8,3.9,,,,,,,1.88,3.88,4.2,1.85,3.8,3.8,,,,1.93,3.92,4.2,1.88,3.81,3.97,1.57,2.38,1.61,2.43,1.62,2.57,1.57,2.43,-0.5,1.82,1.99,1.88,2.05,1.92,2.06,1.88,1.98,2024,Football-Data.co.uk,https://www.football-data.co.uk/mmz4281/2425/D1.csv,1.87,4.0,3.9,1.93,4.22,3.86,1.9,4.2,4.1,1.55,2.66,1.91,2.07,1.8,3.7,3.8,1.9,3.91,4.01,1.92,4.0,4.3,1.63,2.56,1.91,2.08,,,,,,,,,,,,,,,,,,,,,,,,,,,,,,,2025-02-16,werder bremen,hoffenheim,market_average_open,1.89,3.96,3.74,market_average_close,1.88,3.81,3.97,market_average_close,1.88,3.81,3.97,closing,0.5319148936170213,0.26246719160104987,0.2518891687657431,1.0462712539838144,0.5083910043324672,0.2508596031876741,0.24074939247985852,0.7592506075201413,0.4916089956675326,0.7491403968123257,1.317088178916567,2.0341369031340597,1.3348632702963414,H,1
D1,2025-02-16,16:30,Ein Frankfurt,Holstein Kiel,3,1,H,2.0,0.0,H,20.0,10.0,9.0,4.0,16.0,10.0,4.0,6.0,2.0,0.0,0.0,0.0,1.33,5.75,7.5,,,,,,,1.34,5.94,8.04,1.33,5.5,8.0,,,,1.35,6.09,9.0,1.33,5.69,8.17,1.4,3.0,1.4,3.05,1.43,3.1,1.39,3.01,-1.5,1.9,2.0,1.92,1.98,1.93,2.02,1.88,1.96,1.33,5.75,8.0,,,,,,,1.34,5.71,8.82,1.35,5.5,8.0,,,,1.37,6.2,9.5,1.34,5.66,8.46,1.44,2.75,1.48,2.77,1.48,3.07,1.44,2.82,-1.5,1.94,1.99,1.94,1.98,1.99,2.02,1.91,1.94,2024,Football-Data.co.uk,https://www.football-data.co.uk/mmz4281/2425/D1.csv,1.3,5.5,9.0,1.35,6.09,8.95,1.34,6.2,9.4,1.42,3.15,1.89,2.02,1.29,5.0,7.5,1.37,5.85,7.83,1.37,6.0,9.2,1.49,3.0,1.96,2.03,,,,,,,,,,,,,,,,,,,,,,,,,,,,,,,2025-02-16,eintracht frankfurt,holstein kiel,market_average_open,1.33,5.69,8.17,market_average_close,1.34,5.66,8.46,market_average_close,1.34,5.66,8.46,closing,0.7462686567164178,0.17667844522968199,0.11820330969267138,1.0411504116387713,0.7167731466789612,0.1696954092844184,0.11353144403662033,0.8864685559633796,0.2832268533210387,0.8303045907155815,1.1280715974332995,3.530738657984864,1.2043772986226293,H,1
D1,2025-02-16,18:30,Heidenheim,Mainz,0,2,A,0.0,1.0,A,12.0,6.0,3.0,5.0,9.0,16.0,8.0,4.0,1.0,3.0,0.0,0.0,3.6,3.5,2.05,,,,,,,3.69,3.53,2.08,3.5,3.5,2.05,,,,3.69,3.73,2.11,3.56,3.51,2.07,1.92,1.98,1.93,1.95,1.96,1.99,1.9,1.93,0.5,1.84,2.06,1.83,2.08,1.84,2.09,1.8,2.06,3.7,3.5,2.0,,,,,,,3.8,3.44,2.1,3.6,3.4,2.05,,,,3.86,3.57,2.15,3.72,3.43,2.07,1.98,1.92,1.99,1.92,2.0,1.95,1.94,1.9,0.5,1.85,2.08,1.83,2.11,1.85,2.16,1.8,2.07,2024,Football-Data.co.uk,https://www.football-data.co.uk/mmz4281/2425/D1.csv,3.6,3.5,2.1,3.69,3.73,2.1,3.75,3.6,2.14,1.95,1.99,1.86,2.14,3.5,3.25,2.0,3.82,3.57,2.05,3.8,3.6,2.16,2.0,1.99,1.86,2.16,,,,,,,,,,,,,,,,,,,,,,,,,,,,,,,2025-02-16,fc heidenheim,mainz 05,market_average_open,3.56,3.51,2.07,market_average_close,3.72,3.43,2.07,market_average_close,3.72,3.43,2.07,closing,0.26881720430107525,0.29154518950437314,0.48309178743961356,1.043454181245062,0.25762243242949046,0.2794039208856281,0.46297364668488145,0.5370263533151185,0.7423775675705095,0.720596079114372,1.8621060099320972,1.347023460410557,1.3877399960724481,A,0
D1,2025-02-21,19:30,Freiburg,Werder Bremen,5,0,H,2.0,0.0,H,13.0,9.0,8.0,3.0,14.0,8.0,3.0,7.0,3.0,0.0,0.0,0.0,2.0,3.5,3.75,,,,,,,2.09,3.45,3.84,2.0,3.5,3.6,,,,2.1,3.76,3.94,2.06,3.48,3.74,1.98,1.92,2.01,1.9,2.01,1.98,1.93,1.91,-0.5,2.08,1.85,2.1,1.84,2.1,1.86,2.06,1.81,1.95,3.5,3.9,,,,,,,2.02,3.49,4.03,1.95,3.4,3.9,,,,2.05,3.6,4.2,1.99,3.49,3.93,1.91,1.99,1.93,1.98,1.94,2.01,1.89,1.95,-0.5,2.03,1.9,2.03,1.89,2.04,1.92,2.0,1.87,2024,Football-Data.co.uk,https://www.football-data.co.uk/mmz4281/2425/D1.csv,2.0,3.4,3.9,2.07,3.76,3.76,2.12,3.55,4.0,1.99,1.99,2.12,1.88,1.95,3.3,3.9,1.94,3.58,4.2,2.04,3.55,4.2,1.96,2.02,2.04,1.94,,,,,,,,,,,,,,,,,,,,,,,,,,,,,,,2025-02-21,freiburg,werder bremen,market_average_open,2.06,3.48,3.74,market_average_close,1.99,3.49,3.93,market_average_close,1.99,3.49,3.93,closing,0.5025125628140703,0.28653295128939826,0.2544529262086514,1.04349844031212,0.48156522655056794,0.274588768147745,0.2438460053016871,0.7561539946983129,0.5184347734494321,0.725411231852255,1.3224819375568806,1.928882959270747,1.3785284209711144,H,0
D1,2025-02-22,14:30,Holstein Kiel,Leverkusen,0,2,A,0.0,2.0,A,4.0,18.0,3.0,8.0,11.0,10.0,5.0,11.0,4.0,1.0,0.0,0.0,11.0,6.0,1.25,,,,,,,10.87,6.67,1.25,10.0,6.5,1.25,,,,12.51,7.02,1.3,10.53,6.57,1.25,1.4,3.0,1.39,3.05,1.44,3.05,1.4,2.95,1.75,2.0,1.9,1.99,1.89,2.05,1.95,1.96,1.87,15.0,6.5,1.18,,,,,,,15.26,7.32,1.2,12.0,6.5,1.22,,,,17.0,7.4,1.23,14.5,6.98,1.2,1.5,2.63,1.52,2.63,1.53,2.9,1.49,2.67,2.0,1.91,2.02,1.9,2.01,1.91,2.06,1.86,2.0,2024,Football-Data.co.uk,https://www.football-data.co.uk/mmz4281/2425/D1.csv,11.0,6.5,1.25,10.1,6.86,1.3,12.5,7.0,1.28,1.44,3.1,2.01,1.97,13.0,6.5,1.15,16.7,7.25,1.2,17.0,7.4,1.23,1.55,2.8,1.9,2.07,,,,,,,,,,,,,,,,,,,,,,,,,,,,,,,2025-02-22,holstein kiel,bayer leverkusen,market_average_open,10.53,6.57,1.25,market_average_close,14.5,6.98,1.2,market_average_close,14.5,6.98,1.2,closing,0.06896551724137931,0.14326647564469913,0.8333333333333334,1.0455653262194118,0.06596002708960043,0.13702297891106105,0.7970169939993386,0.2029830060006615,0.9340399729103996,0.862977021088939,4.926520794537554,1.0706179917376275,1.15877940612852,A,0
D1,2025-02-22,14:30,Mainz,St Pauli,2,0,H,0.0,0.0,D,10.0,12.0,5.0,0.0,9.0,10.0,6.0,5.0,3.0,3.0,0.0,0.0,1.8,3.5,4.75,,,,,,,1.79,3.66,4.88,1.8,3.5,4.6,,,,1.84,3.74,5.0,1.8,3.57,4.73,2.1,1.73,2.19,1.72,2.22,1.77,2.15,1.72,-0.75,2.07,1.83,2.05,1.86,2.08,1.86,2.03,1.81,1.73,3.6,5.25,,,,,,,1.74,3.7,5.36,1.8,3.5,4.6,,,,1.82,3.7,5.55,1.76,3.61,5.08,2.1,1.73,2.16,1.76,2.25,1.8,2.15,1.73,-0.75,1.98,1.95,1.98,1.94,2.07,1.95,1.98,1.87,2024,Football-Data.co.uk,https://www.football-data.co.uk/mmz4281/2425/D1.csv,1.8,3.5,5.0,1.84,3.74,4.88,1.85,3.65,5.3,2.22,1.77,2.11,1.87,1.7,3.4,4.75,1.73,3.66,5.55,1.79,3.7,5.8,2.28,1.76,2.03,1.96,,,,,,,,,,,,,,,,,,,,,,,,,,,,,,,2025-02-22,mainz 05,st pauli,market_average_open,1.8,3.57,4.73,market_average_close,1.76,3.61,5.08,market_average_close,1.76,3.61,5.08,closing,0.5681818181818182,0.2770083102493075,0.19685039370078738,1.0420405221319131,0.5452588513730481,0.2658325701984944,0.18890857842845757,0.8110914215715425,0.4547411486269519,0.7341674298015056,1.2329066408598366,2.1990532482477247,1.3620871199235394,H,1
D1,2025-02-22,14:30,M'gladbach,Augsburg,0,3,A,0.0,0.0,D,8.0,17.0,5.0,4.0,10.0,9.0,2.0,4.0,3.0,2.0,1.0,0.0,1.85,3.75,4.0,,,,,,,1.83,3.82,4.4,1.85,3.8,4.0,,,,1.88,4.04,4.5,1.84,3.79,4.19,1.73,2.1,1.74,2.18,1.77,2.22,1.72,2.15,-0.5,1.86,2.04,1.83,2.07,1.89,2.07,1.84,2.01,1.91,3.5,3.9,,,,,,,1.97,3.58,4.12,1.91,3.7,3.8,,,,1.98,3.73,4.18,1.94,3.6,4.0,1.95,1.95,1.93,1.98,1.99,2.1,1.86,1.98,-0.5,1.99,1.94,1.98,1.94,1.99,1.96,1.95,1.91,2024,Football-Data.co.uk,https://www.football-data.co.uk/mmz4281/2425/D1.csv,1.85,3.8,4.2,1.88,4.04,4.22,1.9,3.85,4.5,1.79,2.22,1.9,2.09,1.85,3.5,3.8,1.92,3.7,4.18,2.0,3.75,4.2,1.94,2.04,2.0,1.98,,,,,,,,,,,,,,,,,,,,,,,,,,,,,,,2025-02-22,borussia m gladbach,augsburg,market_average_open,1.84,3.79,4.19,market_average_close,1.94,3.6,4.0,market_average_close,1.94,3.6,4.0,closing,0.5154639175257733,0.2777777777777778,0.25,1.043241695303551,0.4940982706560527,0.26626406807576175,0.23963766126818556,0.7603623387318145,0.5059017293439473,0.7337359319242382,1.3151624548736462,1.9766684753119914,1.3628881406659186,H,0
D1,2025-02-22,14:30,Wolfsburg,Bochum,1,1,D,0.0,0.0,D,13.0,11.0,6.0,5.0,8.0,15.0,3.0,5.0,2.0,3.0,0.0,0.0,1.53,4.2,6.0,,,,,,,1.56,4.53,5.71,1.57,4.33,5.5,,,,1.6,4.64,6.0,1.55,4.42,5.7,1.62,2.3,1.63,2.36,1.68,2.41,1.62,2.32,-1.0,1.92,1.98,1.93,1.97,1.95,2.0,1.89,1.95,1.62,4.2,5.0,,,,,,,1.66,4.35,5.0,1.62,4.2,5.0,,,,1.66,4.5,5.6,1.63,4.3,5.09,1.53,2.5,1.57,2.53,1.59,2.56,1.56,2.48,-1.0,2.03,1.78,2.1,1.81,2.11,1.91,2.02,1.83,2024,Football-Data.co.uk,https://www.football-data.co.uk/mmz4281/2425/D1.csv,1.55,4.5,5.5,1.6,4.64,5.76,1.59,4.5,6.2,1.66,2.42,1.96,1.96,1.55,4.0,5.0,1.64,4.31,5.34,1.66,4.4,5.7,1.61,2.6,2.09,1.89,,,,,,,,,,,,,,,,,,,,,,,,,,,,,,,2025-02-22,wolfsburg,bochum,market_average_open,1.55,4.42,5.7,market_average_close,1.63,4.3,5.09,market_average_close,1.63,4.3,5.09,closing,0.6134969325153374,0.23255813953488372,0.19646365422396858,1.0425187262741897,0.5884756954993856,0.2230733450381392,0.18845095946247517,0.8115490405375247,0.4115243045006144,0.7769266549618608,1.2322114253719725,2.4299901343943757,1.287122785160576,H,1
D1,2025-02-22,17:30,Dortmund,Union Berlin,6,0,H,2.0,0.0,H,24.0,6.0,8.0,1.0,10.0,11.0,5.0,3.0,2.0,2.0,0.0,0.0,1.53,4.5,5.5,,,,,,,1.57,4.52,5.55,1.55,4.4,5.5,,,,1.58,4.7,6.0,1.55,4.46,5.59,1.62,2.3,1.63,2.38,1.66,2.43,1.61,2.35,-1.0,1.92,1.98,1.93,1.98,1.94,1.99,1.89,1.95,1.5,4.33,6.5,,,,,,,1.52,4.59,6.34,1.5,4.5,6.0,,,,1.52,5.0,7.1,1.49,4.58,6.39,1.62,2.3,1.67,2.32,1.68,2.42,1.62,2.35,-1.25,2.05,1.75,2.12,1.8,2.14,1.9,2.06,1.8,2024,Football-Data.co.uk,https://www.football-data.co.uk/mmz4281/2425/D1.csv,1.57,4.5,5.5,1.58,4.69,5.92,1.59,4.7,6.0,1.65,2.44,1.95,1.98,1.44,4.2,6.5,1.51,4.58,6.62,1.54,4.6,7.2,1.7,2.42,2.16,1.84,,,,,,,,,,,,,,,,,,,,,,,,,,,,,,,2025-02-22,dortmund,union berlin,market_average_open,1.55,4.46,5.59,market_average_close,1.49,4.58,6.39,market_average_close,1.49,4.58,6.39,closing,0.6711409395973155,0.2183406113537118,0.1564945226917058,1.045976073642733,0.6416408142683314,0.20874340900869298,0.14961577672297557,0.8503842232770245,0.3583591857316686,0.791256590991307,1.175939031590237,2.7904963506329032,1.2638125374060694,H,1
D1,2025-02-23,14:30,RB Leipzig,Heidenheim,2,2,D,1.0,2.0,A,17.0,4.0,6.0,2.0,15.0,15.0,7.0,4.0,3.0,3.0,0.0,0.0,1.33,5.0,8.5,,,,,,,1.35,5.61,8.22,1.36,5.0,8.0,,,,1.37,5.77,8.7,1.35,5.37,7.98,1.5,2.63,1.5,2.69,1.52,2.75,1.48,2.64,-1.5,1.98,1.92,1.97,1.93,2.03,1.94,1.96,1.88,1.3,5.25,9.0,,,,,,,1.31,5.91,10.15,1.3,5.0,9.5,,,,1.34,6.0,10.15,1.31,5.65,9.48,1.5,2.63,1.5,2.69,1.52,2.77,1.48,2.68,-1.5,1.93,2.0,1.93,2.0,1.97,2.03,1.89,1.96,2024,Football-Data.co.uk,https://www.football-data.co.uk/mmz4281/2425/D1.csv,1.33,5.0,8.0,1.37,5.77,8.7,1.38,5.8,8.8,1.52,2.78,1.98,1.94,1.3,5.0,9.0,1.33,5.67,10.1,1.34,6.0,10.5,1.54,2.8,1.96,2.02,,,,,,,,,,,,,,,,,,,,,,,,,,,,,,,2025-02-23,rasenballsport leipzig,fc heidenheim,market_average_open,1.35,5.37,7.98,market_average_close,1.31,5.65,9.48,market_average_close,1.31,5.65,9.48,closing,0.7633587786259541,0.17699115044247787,0.10548523206751054,1.0458351611359427,0.7299035325957348,0.16923427038945357,0.10086219701481146,0.8991378029851884,0.270096467404265,0.8307657296105463,1.1121765725786896,3.702380892317473,1.2037087765630257,H,1
D1,2025-02-23,16:30,Bayern Munich,Ein Frankfurt,4,0,H,1.0,0.0,H,19.0,7.0,12.0,2.0,8.0,7.0,4.0,1.0,1.0,1.0,0.0,0.0,1.3,6.5,7.5,,,,,,,1.3,6.5,8.28,1.3,6.0,8.0,,,,1.34,6.8,9.5,1.3,6.33,8.27,1.33,3.4,1.34,3.34,1.37,3.4,1.33,3.3,-1.75,2.01,1.89,2.0,1.89,2.02,1.91,1.97,1.86,1.25,7.0,8.5,,,,,,,1.26,6.85,10.75,1.25,6.5,9.5,,,,1.29,7.39,11.25,1.25,6.63,10.11,1.36,3.2,1.38,3.13,1.41,3.39,1.37,3.13,-1.75,1.88,2.05,1.9,2.01,1.94,2.06,1.88,1.97,2024,Football-Data.co.uk,https://www.football-data.co.uk/mmz4281/2425/D1.csv,1.3,6.0,9.0,1.34,6.65,8.35,1.32,6.8,9.6,1.38,3.5,2.0,1.9,1.22,6.5,10.0,1.28,7.39,8.63,1.27,7.2,12.0,1.42,3.3,1.9,2.08,,,,,,,,,,,,,,,,,,,,,,,,,,,,,,,2025-02-23,bayern munich,eintracht frankfurt,market_average_open,1.3,6.33,8.27,market_average_close,1.25,6.63,10.11,market_average_close,1.25,6.63,10.11,closing,0.8,0.15082956259426847,0.09891196834817013,1.0497415309424387,0.7620923593275144,0.14368257151725383,0.09422506915523175,0.9057749308447682,0.2379076406724856,0.8563174284827462,1.1040270225489162,4.203311827956989,1.1677912497610095,H,1
D1,2025-02-23,18:30,Hoffenheim,Stuttgart,1,1,D,0.0,1.0,A,9.0,14.0,2.0,7.0,8.0,10.0,4.0,8.0,0.0,0.0,0.0,0.0,3.5,3.9,1.95,,,,,,,3.63,3.96,1.97,3.4,4.0,1.95,,,,3.66,4.22,2.0,3.5,3.92,1.96,1.5,2.63,1.5,2.65,1.52,2.72,1.48,2.63,0.5,1.91,1.99,1.93,1.98,1.93,2.02,1.88,1.96,3.3,3.75,2.05,,,,,,,3.43,3.94,2.07,3.3,3.9,2.0,,,,3.63,3.98,2.1,3.42,3.85,2.04,1.53,2.5,1.54,2.6,1.54,2.66,1.52,2.56,0.5,1.75,2.05,1.85,2.08,1.88,2.1,1.82,2.04,2024,Football-Data.co.uk,https://www.football-data.co.uk/mmz4281/2425/D1.csv,3.4,3.8,2.0,3.6,4.22,2.0,3.65,3.95,2.04,1.53,2.74,1.94,2.04,3.3,3.7,1.95,3.63,3.9,2.01,3.6,4.0,2.1,1.56,2.76,1.89,2.1,,,,,,,,,,,,,,,,,,,,,,,,,,,,,,,2025-02-23,hoffenheim,vfb stuttgart,market_average_open,3.5,3.92,1.96,market_average_close,3.42,3.85,2.04,market_average_close,3.42,3.85,2.04,closing,0.29239766081871343,0.2597402597402597,0.49019607843137253,1.0423339989903457,0.2805220410175085,0.24919100786490364,0.4702869511175878,0.5297130488824121,0.7194779589824915,0.7508089921350962,1.8878145481025976,1.3898966431358533,1.331896674753818,A,0
D1,2025-02-28,19:30,Stuttgart,Bayern Munich,1,3,A,1.0,1.0,D,12.0,17.0,3.0,8.0,12.0,13.0,4.0,6.0,5.0,3.0,0.0,0.0,4.75,4.2,1.65,,,,,,,4.94,4.37,1.67,4.6,4.2,1.67,,,,5.0,4.46,1.7,4.85,4.29,1.67,1.53,2.5,1.56,2.53,1.58,2.55,1.54,2.49,0.75,2.08,1.85,2.09,1.85,2.11,1.86,2.04,1.81,4.2,4.1,1.73,,,,,,,4.45,4.18,1.76,4.33,4.0,1.73,,,,4.8,4.3,1.8,4.46,4.12,1.74,1.53,2.5,1.56,2.54,1.62,2.65,1.55,2.49,0.75,1.94,1.99,1.94,1.98,2.0,2.0,1.93,1.92,2024,Football-Data.co.uk,https://www.football-data.co.uk/mmz4281/2425/D1.csv,5.0,4.33,1.65,4.94,4.46,1.7,5.3,4.5,1.68,1.6,2.62,2.13,1.85,4.5,4.0,1.67,4.55,4.22,1.74,4.8,4.3,1.77,1.6,2.64,2.01,1.97,,,,,,,,,,,,,,,,,,,,,,,,,,,,,,,2025-02-28,vfb stuttgart,bayern munich,market_average_open,4.85,4.29,1.67,market_average_close,4.46,4.12,1.74,market_average_close,4.46,4.12,1.74,closing,0.2242152466367713,0.24271844660194175,0.5747126436781609,1.041646336916874,0.21525083772714715,0.23301425637453307,0.5517349058983196,0.44826509410168025,0.7847491622728527,0.7669857436254668,2.2308228170297135,1.2742925358514825,1.3038051988725339,A,0
D1,2025-03-01,14:30,Bochum,Hoffenheim,0,1,A,0.0,0.0,D,12.0,10.0,3.0,2.0,16.0,17.0,8.0,5.0,0.0,1.0,0.0,0.0,2.4,3.6,2.8,,,,,,,2.47,3.56,2.88,2.38,3.6,2.8,,,,2.52,3.85,2.9,2.43,3.57,2.83,1.57,2.25,1.66,2.31,1.7,2.38,1.63,2.3,-0.25,2.1,1.83,2.14,1.78,2.14,1.83,2.08,1.77,2.38,3.3,2.9,,,,,,,2.41,3.55,3.01,2.45,3.5,2.75,,,,2.61,3.6,3.01,2.45,3.47,2.89,1.73,2.1,1.72,2.23,1.75,2.28,1.7,2.18,-0.25,2.11,1.82,2.1,1.84,2.22,1.84,2.1,1.78,2024,Football-Data.co.uk,https://www.football-data.co.uk/mmz4281/2425/D1.csv,2.4,3.6,2.8,2.46,3.85,2.86,2.46,3.8,2.94,1.68,2.38,2.15,1.85,2.4,3.3,2.8,2.46,3.42,3.01,2.58,3.55,3.0,1.76,2.28,2.2,1.82,,,,,,,,,,,,,,,,,,,,,,,,,,,,,,,2025-03-01,bochum,hoffenheim,market_average_open,2.43,3.57,2.83,market_average_close,2.45,3.47,2.89,market_average_close,2.45,3.47,2.89,closing,0.4081632653061224,0.2881844380403458,0.3460207612456747,1.042368464592143,0.3915729218322315,0.2764707949535929,0.33195628321417553,0.6680437167858244,0.6084270781677684,0.723529205046407,1.496908023940896,1.6435823385958157,1.382114216019601,H,0
D1,2025-03-01,14:30,Heidenheim,M'gladbach,0,3,A,0.0,2.0,A,20.0,13.0,5.0,5.0,9.0,15.0,6.0,2.0,2.0,3.0,0.0,0.0,3.1,3.5,2.25,,,,,,,3.1,3.62,2.3,2.9,3.6,2.3,,,,3.13,3.85,2.38,3.02,3.59,2.29,1.62,2.15,1.65,2.32,1.7,2.36,1.64,2.28,0.25,1.9,2.03,1.9,2.0,1.91,2.03,1.86,1.95,2.63,3.4,2.6,,,,,,,2.73,3.43,2.7,2.62,3.5,2.5,,,,2.83,3.52,2.7,2.71,3.43,2.61,1.73,2.1,1.75,2.19,1.78,2.26,1.71,2.17,0.0,1.98,1.95,1.97,1.95,2.02,1.95,1.97,1.9,2024,Football-Data.co.uk,https://www.football-data.co.uk/mmz4281/2425/D1.csv,3.1,3.5,2.3,3.11,3.85,2.31,3.2,3.65,2.36,1.7,2.34,1.94,2.03,2.7,3.3,2.55,2.81,3.5,2.57,2.82,3.55,2.72,1.79,2.24,2.03,1.96,,,,,,,,,,,,,,,,,,,,,,,,,,,,,,,2025-03-01,fc heidenheim,borussia m gladbach,market_average_open,3.02,3.59,2.29,market_average_close,2.71,3.43,2.61,market_average_close,2.71,3.43,2.61,closing,0.36900369003690037,0.29154518950437314,0.3831417624521073,1.043690641993381,0.3535565762399933,0.27934061854530085,0.36710280521470573,0.6328971947852942,0.6464434237600065,0.7206593814546991,1.580035443733074,1.546925783827375,1.3876180977224402,A,0
D1,2025-03-01,14:30,RB Leipzig,Mainz,1,2,A,1.0,0.0,H,13.0,15.0,4.0,3.0,8.0,15.0,7.0,1.0,1.0,1.0,0.0,0.0,1.95,3.7,3.75,,,,,,,2.02,3.76,3.66,2.0,3.6,3.6,,,,2.06,3.84,3.85,1.99,3.7,3.64,1.76,1.96,1.83,2.05,1.86,2.11,1.8,2.03,-0.5,2.03,1.9,2.03,1.88,2.03,1.92,1.99,1.86,1.9,3.7,3.8,,,,,,,1.93,3.76,4.07,1.95,3.7,3.6,,,,2.01,3.85,4.07,1.93,3.72,3.89,1.73,2.1,1.75,2.17,1.82,2.2,1.74,2.13,-0.5,1.95,1.98,1.94,1.98,1.99,2.0,1.93,1.93,2024,Football-Data.co.uk,https://www.football-data.co.uk/mmz4281/2425/D1.csv,1.95,3.7,3.75,2.04,3.81,3.81,2.04,3.85,3.95,1.86,2.12,2.05,1.94,1.91,3.5,3.9,1.92,3.8,4.07,2.0,3.75,4.2,1.79,2.24,2.0,1.98,,,,,,,,,,,,,,,,,,,,,,,,,,,,,,,2025-03-01,rasenballsport leipzig,mainz 05,market_average_open,1.99,3.7,3.64,market_average_close,1.93,3.72,3.89,market_average_close,1.93,3.72,3.89,closing,0.5181347150259068,0.26881720430107525,0.2570694087403599,1.044021328067342,0.4962874810087077,0.25748248342656066,0.24623003556473153,0.7537699644352683,0.5037125189912922,0.7425175165734392,1.3266646950428829,1.985259373744664,1.3467695746960797,H,0
D1,2025-03-01,14:30,St Pauli,Dortmund,0,2,A,0.0,0.0,D,7.0,14.0,1.0,3.0,11.0,13.0,7.0,1.0,1.0,2.0,0.0,0.0,4.1,3.8,1.83,,,,,,,4.31,3.73,1.87,4.0,3.7,1.85,,,,4.4,3.99,1.92,4.12,3.73,1.87,1.8,2.0,1.83,2.06,1.85,2.11,1.8,2.04,0.5,2.06,1.87,2.03,1.88,2.06,1.92,1.99,1.87,4.33,3.7,1.8,,,,,,,4.39,3.71,1.88,4.2,3.7,1.83,,,,4.67,3.79,1.95,4.35,3.64,1.86,1.91,1.99,1.92,1.99,1.94,2.06,1.87,1.97,0.5,2.04,1.89,2.04,1.89,2.07,1.9,2.01,1.85,2024,Football-Data.co.uk,https://www.football-data.co.uk/mmz4281/2425/D1.csv,4.2,3.75,1.87,4.27,3.99,1.88,4.4,3.9,1.93,1.89,2.1,2.06,1.93,4.33,3.6,1.8,4.67,3.79,1.81,4.7,3.8,1.89,1.95,2.04,2.11,1.89,,,,,,,,,,,,,,,,,,,,,,,,,,,,,,,2025-03-01,st pauli,dortmund,market_average_open,4.12,3.73,1.87,market_average_close,4.35,3.64,1.86,market_average_close,4.35,3.64,1.86,closing,0.2298850574712644,0.2747252747252747,0.5376344086021505,1.0422447407986897,0.2205672511190602,0.2635899841670087,0.515842764713931,0.4841572352860689,0.7794327488809396,0.7364100158329911,2.065444709112197,1.2829843260188092,1.3579391622869885,A,0
D1,2025-03-01,14:30,Werder Bremen,Wolfsburg,1,2,A,0.0,1.0,A,15.0,9.0,7.0,3.0,13.0,9.0,8.0,2.0,2.0,0.0,0.0,0.0,2.63,3.4,2.6,,,,,,,2.72,3.55,2.61,2.62,3.6,2.5,,,,2.75,3.79,2.7,2.65,3.53,2.59,1.67,2.2,1.72,2.21,1.75,2.28,1.68,2.2,0.0,1.99,1.94,1.99,1.91,2.01,1.95,1.95,1.9,3.0,3.5,2.3,,,,,,,3.13,3.52,2.36,2.9,3.5,2.3,,,,3.19,3.55,2.43,3.04,3.49,2.34,1.73,2.1,1.77,2.16,1.78,2.23,1.73,2.14,0.25,1.89,2.04,1.88,2.04,1.9,2.06,1.85,1.99,2024,Football-Data.co.uk,https://www.football-data.co.uk/mmz4281/2425/D1.csv,2.63,3.6,2.63,2.72,3.79,2.61,2.74,3.7,2.7,1.76,2.26,2.0,1.97,2.88,3.4,2.38,3.19,3.5,2.32,3.2,3.6,2.4,1.79,2.24,1.92,2.08,,,,,,,,,,,,,,,,,,,,,,,,,,,,,,,2025-03-01,werder bremen,wolfsburg,market_average_open,2.65,3.53,2.59,market_average_close,3.04,3.49,2.34,market_average_close,3.04,3.49,2.34,closing,0.32894736842105265,0.28653295128939826,0.4273504273504274,1.0428307470608784,0.3154369674543642,0.2747645791006496,0.40979845344498605,0.5902015465550139,0.6845630325456357,0.7252354208993503,1.6943364615646395,1.4607858625981764,1.3788626026565545,A,0
D1,2025-03-01,17:30,Ein Frankfurt,Leverkusen,1,4,A,1.0,3.0,A,7.0,20.0,3.0,9.0,9.0,7.0,2.0,6.0,1.0,1.0,0.0,0.0,4.75,3.75,1.73,,,,,,,4.72,3.92,1.76,4.5,3.9,1.73,,,,4.9,4.22,1.78,4.58,3.92,1.74,1.67,2.2,1.71,2.22,1.73,2.3,1.68,2.21,0.75,1.93,2.0,1.93,1.98,1.93,2.0,1.89,1.94,3.9,3.9,1.85,,,,,,,4.16,3.93,1.87,4.2,3.75,1.83,,,,4.5,4.02,1.89,4.18,3.89,1.83,1.53,2.5,1.57,2.52,1.64,2.53,1.57,2.45,0.5,2.03,1.78,2.05,1.88,2.11,1.9,2.03,1.83,2024,Football-Data.co.uk,https://www.football-data.co.uk/mmz4281/2425/D1.csv,4.5,3.9,1.75,4.63,4.22,1.78,4.9,4.0,1.82,1.72,2.32,1.94,2.03,4.33,3.7,1.75,4.29,4.02,1.82,4.3,4.0,1.89,1.62,2.6,2.11,1.89,,,,,,,,,,,,,,,,,,,,,,,,,,,,,,,2025-03-01,eintracht frankfurt,bayer leverkusen,market_average_open,4.58,3.92,1.74,market_average_close,4.18,3.89,1.83,market_average_close,4.18,3.89,1.83,closing,0.23923444976076558,0.2570694087403599,0.5464480874316939,1.0427519459328194,0.22942604009887752,0.24652978087745703,0.5240441790236655,0.47595582097633454,0.7705739599011225,0.7534702191225431,2.101035339684861,1.2977339645999932,1.3271924684223806,A,0
D1,2025-03-02,14:30,Union Berlin,Holstein Kiel,0,1,A,0.0,1.0,A,14.0,10.0,3.0,3.0,16.0,12.0,11.0,3.0,4.0,0.0,0.0,0.0,1.57,4.33,5.25,,,,,,,1.62,4.25,5.45,1.62,4.2,5.0,,,,1.64,4.43,5.61,1.6,4.23,5.3,1.67,2.2,1.73,2.19,1.76,2.25,1.7,2.18,-1.0,2.06,1.87,2.04,1.87,2.06,1.87,2.0,1.84,1.55,4.33,5.5,,,,,,,1.57,4.36,6.0,1.57,4.2,5.5,,,,1.61,4.45,6.2,1.57,4.25,5.83,1.73,2.1,1.79,2.11,1.9,2.15,1.79,2.07,-1.0,1.98,1.95,1.97,1.95,2.01,1.96,1.95,1.9,2024,Football-Data.co.uk,https://www.football-data.co.uk/mmz4281/2425/D1.csv,1.62,4.1,5.0,1.64,4.43,5.61,1.67,4.3,5.6,1.75,2.24,2.1,1.85,1.5,4.0,5.5,1.59,4.45,5.64,1.62,4.4,6.2,1.84,2.18,2.03,1.96,,,,,,,,,,,,,,,,,,,,,,,,,,,,,,,2025-03-02,union berlin,holstein kiel,market_average_open,1.6,4.23,5.3,market_average_close,1.57,4.25,5.83,market_average_close,1.57,4.25,5.83,closing,0.6369426751592356,0.23529411764705882,0.17152658662092624,1.0437633794272205,0.6102366568069927,0.22542860027928907,0.16433474291371844,0.8356652570862817,0.38976334319300754,0.7745713997207111,1.196651400211019,2.565659437872813,1.2910365659777423,H,1
D1,2025-03-02,16:30,Augsburg,Freiburg,0,0,D,0.0,0.0,D,13.0,7.0,5.0,3.0,13.0,9.0,5.0,2.0,1.0,1.0,0.0,0.0,2.63,3.25,2.7,,,,,,,2.71,3.13,2.91,2.62,3.2,2.75,,,,2.72,3.39,2.91,2.65,3.15,2.82,2.2,1.67,2.31,1.67,2.32,1.71,2.25,1.66,0.0,1.9,2.03,1.88,2.03,1.94,2.03,1.86,1.98,2.45,3.25,2.9,,,,,,,2.54,3.11,3.21,2.45,3.2,3.0,,,,2.61,3.26,3.21,2.52,3.11,3.08,2.3,1.62,2.37,1.64,2.4,1.68,2.31,1.63,-0.25,2.13,1.81,2.15,1.8,2.2,1.81,2.12,1.76,2024,Football-Data.co.uk,https://www.football-data.co.uk/mmz4281/2425/D1.csv,2.7,3.1,2.8,2.71,3.39,2.85,2.76,3.3,2.92,2.32,1.73,1.93,2.04,2.4,2.88,3.0,2.61,3.19,2.87,2.7,3.15,3.15,2.42,1.7,2.22,1.81,,,,,,,,,,,,,,,,,,,,,,,,,,,,,,,2025-03-02,augsburg,freiburg,market_average_open,2.65,3.15,2.82,market_average_close,2.52,3.11,3.08,market_average_close,2.52,3.11,3.08,closing,0.3968253968253968,0.3215434083601286,0.3246753246753247,1.0430441298608502,0.3804492882562277,0.3082740213523132,0.31127669039145905,0.6887233096085409,0.6195507117437722,0.6917259786476868,1.4519618924592281,1.614072877400826,1.4456591639871383,H,0
D1,2025-03-07,19:30,M'gladbach,Mainz,1,3,A,0.0,1.0,A,12.0,16.0,4.0,8.0,6.0,6.0,4.0,3.0,0.0,1.0,0.0,0.0,2.6,3.3,2.7,,,,,,,2.65,3.43,2.74,2.62,3.3,2.7,,,,2.71,3.5,2.79,2.6,3.41,2.7,1.76,1.96,1.81,2.07,1.85,2.1,1.79,2.05,0.0,1.92,1.98,1.92,1.99,1.94,2.0,1.89,1.96,2.62,3.4,2.6,,,,,,,2.73,3.5,2.67,2.62,3.5,2.5,,,,2.82,3.5,2.71,2.71,3.42,2.62,1.73,2.1,1.78,2.14,1.78,2.21,1.74,2.13,0.0,1.95,1.95,1.98,1.93,2.0,1.95,1.96,1.9,2024,Football-Data.co.uk,https://www.football-data.co.uk/mmz4281/2425/D1.csv,2.63,3.4,2.7,2.71,3.48,2.79,2.74,3.55,2.82,1.86,2.12,1.96,2.02,2.63,3.4,2.6,2.7,3.5,2.68,2.78,3.6,2.74,1.83,2.18,2.0,1.97,,,,,,,,,,,,,,,,,,,,,,,,,,,,,,,2025-03-07,borussia m gladbach,mainz 05,market_average_open,2.6,3.41,2.7,market_average_close,2.71,3.42,2.62,market_average_close,2.71,3.42,2.62,closing,0.36900369003690037,0.29239766081871343,0.38167938931297707,1.0430807401685909,0.35376330501247594,0.28032121537538296,0.3659154796121411,0.6340845203878589,0.646236694987524,0.7196787846246171,1.5770768215384232,1.5474206397693118,1.3895087938733637,A,0
D1,2025-03-08,14:30,Bayern Munich,Bochum,2,3,A,2.0,1.0,H,14.0,8.0,5.0,5.0,7.0,14.0,9.0,3.0,0.0,6.0,1.0,0.0,1.11,9.5,19.0,,,,,,,1.11,12.4,17.74,1.12,10.0,17.0,,,,1.13,14.0,21.0,1.11,10.81,18.52,1.29,3.75,1.3,3.56,1.3,3.9,1.28,3.67,-2.5,2.0,1.9,1.99,1.9,2.02,1.94,1.96,1.88,1.17,8.5,13.0,,,,,,,1.17,8.25,17.0,1.18,8.0,13.0,,,,1.2,9.0,17.0,1.17,8.18,14.6,1.33,3.4,1.33,3.45,1.38,3.58,1.33,3.38,-2.0,1.88,2.05,1.86,2.05,1.92,2.15,1.84,2.03,2024,Football-Data.co.uk,https://www.football-data.co.uk/mmz4281/2425/D1.csv,1.11,11.0,20.0,1.14,11.5,20.0,1.14,12.5,23.0,1.34,3.85,2.02,1.93,1.14,8.0,15.0,1.18,8.89,14.2,1.19,8.6,19.0,1.37,3.6,1.87,2.09,,,,,,,,,,,,,,,,,,,,,,,,,,,,,,,2025-03-08,bayern munich,bochum,market_average_open,1.11,10.81,18.52,market_average_close,1.17,8.18,14.6,market_average_close,1.17,8.18,14.6,closing,0.8547008547008548,0.12224938875305624,0.0684931506849315,1.0454433941388426,0.8175486683378902,0.11693544522681314,0.06551588643529667,0.9344841135647033,0.1824513316621098,0.8830645547731869,1.0701091495128563,5.480913681967238,1.1324200417678951,H,1
D1,2025-03-08,14:30,Dortmund,Augsburg,0,1,A,0.0,1.0,A,14.0,6.0,1.0,1.0,6.0,12.0,12.0,3.0,1.0,4.0,0.0,0.0,1.53,4.33,5.75,,,,,,,1.55,4.42,6.05,1.53,4.33,6.0,,,,1.56,4.6,6.5,1.53,4.39,6.02,1.73,2.1,1.74,2.18,1.75,2.19,1.71,2.13,-1.0,1.91,1.99,1.91,1.99,1.91,1.99,1.88,1.96,1.38,4.75,8.0,,,,,,,1.41,4.87,8.32,1.4,4.75,7.5,,,,1.43,5.2,8.8,1.4,4.85,8.12,1.62,2.3,1.68,2.33,1.73,2.42,1.65,2.28,-1.25,1.87,2.06,1.88,2.03,2.0,2.06,1.87,1.98,2024,Football-Data.co.uk,https://www.football-data.co.uk/mmz4281/2425/D1.csv,1.5,4.33,6.5,1.58,4.58,6.17,1.55,4.5,6.8,1.77,2.24,1.91,2.04,1.36,4.75,8.5,1.43,4.89,7.92,1.41,5.2,9.4,1.68,2.42,1.92,2.06,,,,,,,,,,,,,,,,,,,,,,,,,,,,,,,2025-03-08,dortmund,augsburg,market_average_open,1.53,4.39,6.02,market_average_close,1.4,4.85,8.12,market_average_close,1.4,4.85,8.12,closing,0.7142857142857143,0.2061855670103093,0.12315270935960593,1.0436239906556295,0.6844282238442823,0.1975669099756691,0.11800486618004867,0.8819951338199514,0.3155717761557178,0.8024330900243309,1.1337931034482758,3.1688511950655354,1.24620982413584,H,1
D1,2025-03-08,14:30,Holstein Kiel,Stuttgart,2,2,D,1.0,1.0,D,17.0,5.0,5.0,2.0,8.0,9.0,3.0,1.0,1.0,2.0,1.0,0.0,5.75,4.33,1.53,,,,,,,5.89,4.71,1.52,5.5,4.6,1.53,,,,6.2,4.8,1.54,5.78,4.64,1.52,1.5,2.63,1.51,2.63,1.53,2.69,1.5,2.61,1.0,2.03,1.87,2.06,1.85,2.06,1.87,2.01,1.83,6.0,4.75,1.48,,,,,,,6.23,4.82,1.51,5.5,4.6,1.5,,,,6.23,4.9,1.53,5.94,4.74,1.5,1.44,2.75,1.49,2.73,1.5,2.86,1.46,2.74,1.25,1.88,2.05,1.87,2.06,1.88,2.1,1.82,2.04,2024,Football-Data.co.uk,https://www.football-data.co.uk/mmz4281/2425/D1.csv,5.5,4.6,1.53,5.97,4.89,1.55,6.0,4.8,1.57,1.52,2.82,2.05,1.89,5.5,4.6,1.5,5.89,4.85,1.53,6.4,5.0,1.54,1.53,2.84,1.89,2.08,,,,,,,,,,,,,,,,,,,,,,,,,,,,,,,2025-03-08,holstein kiel,vfb stuttgart,market_average_open,5.78,4.64,1.52,market_average_close,5.94,4.74,1.5,market_average_close,5.94,4.74,1.5,closing,0.16835016835016833,0.21097046413502107,0.6666666666666666,1.045987299151856,0.16094857794800752,0.20169505337788282,0.6373563686741097,0.36264363132589034,0.8390514220519926,0.7983049466221173,2.75752808988764,1.1918220668220667,1.2526541445487953,A,0
D1,2025-03-08,14:30,Leverkusen,Werder Bremen,0,2,A,0.0,1.0,A,18.0,11.0,4.0,7.0,12.0,10.0,10.0,3.0,4.0,4.0,0.0,0.0,1.27,5.75,11.0,,,,,,,1.27,6.39,10.17,1.25,6.0,11.0,,,,1.28,6.8,12.0,1.26,6.22,10.53,1.53,2.5,1.53,2.58,1.57,2.63,1.52,2.53,-1.75,2.02,1.88,2.03,1.87,2.04,1.88,1.99,1.84,1.33,5.5,8.5,,,,,,,1.33,5.74,9.49,1.35,5.0,8.0,,,,1.36,5.9,10.0,1.33,5.46,8.92,1.53,2.5,1.55,2.59,1.58,2.59,1.55,2.5,-1.5,2.02,1.91,1.97,1.95,2.03,1.97,1.96,1.9,2024,Football-Data.co.uk,https://www.football-data.co.uk/mmz4281/2425/D1.csv,1.25,6.0,12.0,1.29,6.5,11.9,1.29,6.6,13.0,1.56,2.7,2.03,1.92,1.33,5.0,8.5,1.35,5.6,9.01,1.36,5.8,10.0,1.59,2.68,2.01,1.98,,,,,,,,,,,,,,,,,,,,,,,,,,,,,,,2025-03-08,bayer leverkusen,werder bremen,market_average_open,1.26,6.22,10.53,market_average_close,1.33,5.46,8.92,market_average_close,1.33,5.46,8.92,closing,0.7518796992481203,0.18315018315018314,0.11210762331838565,1.0471375057166892,0.7180333959421246,0.17490557080641497,0.1070610332514603,0.8929389667485396,0.28196660405787527,0.8250944291935849,1.1198973695159726,3.5465192884854697,1.2119824890556599,H,1
D1,2025-03-08,14:30,Wolfsburg,St Pauli,1,1,D,0.0,1.0,A,16.0,14.0,4.0,4.0,11.0,13.0,6.0,6.0,1.0,0.0,0.0,0.0,1.75,3.5,5.0,,,,,,,1.78,3.75,4.85,1.75,3.8,4.6,,,,1.81,3.88,5.0,1.76,3.72,4.79,1.85,1.93,1.9,1.99,1.9,2.01,1.87,1.96,-0.75,2.01,1.89,2.01,1.9,2.01,1.9,1.97,1.87,1.83,3.5,4.5,,,,,,,1.85,3.56,4.76,1.8,3.7,4.4,,,,1.89,3.7,4.81,1.83,3.56,4.61,2.01,1.89,2.01,1.89,2.03,1.91,1.97,1.87,-0.5,1.87,2.06,1.86,2.07,1.89,2.07,1.84,2.03,2024,Football-Data.co.uk,https://www.football-data.co.uk/mmz4281/2425/D1.csv,1.75,3.75,5.0,1.78,4.04,4.84,1.8,3.8,5.3,1.92,2.06,2.02,1.94,1.75,3.4,4.75,1.85,3.58,4.79,1.86,3.75,5.0,2.06,1.92,1.86,2.14,,,,,,,,,,,,,,,,,,,,,,,,,,,,,,,2025-03-08,wolfsburg,st pauli,market_average_open,1.76,3.72,4.79,market_average_close,1.83,3.56,4.61,market_average_close,1.83,3.56,4.61,closing,0.5464480874316939,0.2808988764044944,0.21691973969631234,1.0442667035325006,0.5232840284796908,0.2689915090218636,0.20772446249844562,0.7922755375015544,0.4767159715203092,0.7310084909781365,1.2621871465999137,2.0976851201583826,1.3679731663060926,H,1
D1,2025-03-08,17:30,Freiburg,RB Leipzig,0,0,D,0.0,0.0,D,10.0,18.0,2.0,3.0,6.0,11.0,2.0,6.0,0.0,3.0,0.0,0.0,2.55,3.3,2.7,,,,,,,2.66,3.32,2.81,2.62,3.25,2.75,,,,2.67,3.4,2.86,2.6,3.32,2.75,1.8,2.0,1.83,2.05,1.84,2.11,1.8,2.03,0.0,1.89,2.01,1.9,2.01,1.93,2.01,1.87,1.97,2.5,3.3,2.8,,,,,,,2.56,3.37,2.94,2.5,3.25,2.88,,,,2.65,3.4,2.94,2.56,3.31,2.84,1.8,2.0,1.83,2.07,1.92,2.09,1.85,1.99,0.0,1.83,2.1,1.83,2.11,1.87,2.11,1.83,2.04,2024,Football-Data.co.uk,https://www.football-data.co.uk/mmz4281/2425/D1.csv,2.63,3.4,2.75,2.71,3.42,2.83,2.66,3.5,2.86,1.85,2.1,1.91,2.06,2.5,3.25,2.75,2.65,3.33,2.83,2.66,3.45,2.96,1.92,2.08,1.89,2.1,,,,,,,,,,,,,,,,,,,,,,,,,,,,,,,2025-03-08,freiburg,rasenballsport leipzig,market_average_open,2.6,3.32,2.75,market_average_close,2.56,3.31,2.84,market_average_close,2.56,3.31,2.84,closing,0.390625,0.3021148036253776,0.35211267605633806,1.0448524796817156,0.37385660425382994,0.28914589332018265,0.3369975024259876,0.6630024975740125,0.6261433957461702,0.7108541066798175,1.5082899440938646,1.5970782520325202,1.4067584200514711,H,0
D1,2025-03-09,14:30,Ein Frankfurt,Union Berlin,1,2,A,1.0,0.0,H,14.0,11.0,3.0,3.0,10.0,8.0,1.0,5.0,3.0,0.0,0.0,0.0,1.73,4.0,4.5,,,,,,,1.77,4.13,4.39,1.7,4.0,4.6,,,,1.78,4.22,4.75,1.74,4.04,4.45,1.67,2.2,1.69,2.25,1.73,2.3,1.67,2.22,-0.75,1.95,1.95,1.97,1.93,1.97,1.95,1.91,1.9,1.95,3.6,3.75,,,,,,,1.99,3.67,3.95,1.95,3.6,3.7,,,,2.04,3.72,4.05,1.98,3.62,3.81,1.84,2.06,1.86,2.06,1.88,2.1,1.83,2.02,-0.5,2.01,1.92,2.0,1.93,2.04,1.93,1.98,1.87,2024,Football-Data.co.uk,https://www.football-data.co.uk/mmz4281/2425/D1.csv,1.73,4.0,4.75,1.77,4.22,4.68,1.78,4.1,4.9,1.71,2.32,1.98,1.97,1.9,3.4,3.75,1.95,3.69,4.05,2.02,3.75,4.1,1.88,2.12,2.02,1.96,,,,,,,,,,,,,,,,,,,,,,,,,,,,,,,2025-03-09,eintracht frankfurt,union berlin,market_average_open,1.74,4.04,4.45,market_average_close,1.98,3.62,3.81,market_average_close,1.98,3.62,3.81,closing,0.5050505050505051,0.27624309392265195,0.26246719160104987,1.043760790574207,0.4838757209615627,0.26466130594030224,0.2514629730981349,0.748537026901865,0.5161242790384372,0.7353386940596977,1.335939257592801,1.9375178433051923,1.3599175564652335,H,0
D1,2025-03-09,16:30,Hoffenheim,Heidenheim,1,1,D,1.0,0.0,H,16.0,23.0,3.0,5.0,9.0,11.0,6.0,4.0,2.0,3.0,0.0,0.0,1.75,4.0,4.33,,,,,,,1.78,4.03,4.41,1.75,4.0,4.2,,,,1.81,4.22,4.43,1.77,3.98,4.31,1.62,2.15,1.69,2.25,1.7,2.38,1.65,2.24,-0.75,,,2.01,1.89,2.03,1.92,1.97,1.85,1.9,3.8,3.9,,,,,,,1.93,3.85,3.96,1.85,3.8,3.9,,,,1.98,3.98,4.2,1.89,3.78,3.99,1.73,2.1,1.74,2.2,1.77,2.21,1.72,2.15,-0.5,1.95,1.98,1.94,1.98,1.98,2.01,1.9,1.96,2024,Football-Data.co.uk,https://www.football-data.co.uk/mmz4281/2425/D1.csv,1.75,4.0,4.4,1.81,4.22,4.43,1.81,4.1,4.5,1.71,2.32,2.04,1.9,1.8,3.7,4.1,1.89,3.85,4.12,1.96,3.9,4.2,1.77,2.28,1.96,2.03,,,,,,,,,,,,,,,,,,,,,,,,,,,,,,,2025-03-09,hoffenheim,fc heidenheim,market_average_open,1.77,3.98,4.31,market_average_close,1.89,3.78,3.99,market_average_close,1.89,3.78,3.99,closing,0.5291005291005292,0.2645502645502646,0.2506265664160401,1.0442773600668338,0.5066666666666667,0.25333333333333335,0.23999999999999996,0.76,0.4933333333333333,0.7466666666666667,1.3157894736842106,2.027027027027027,1.3392857142857142,H,1
D1,2025-03-14,19:30,St Pauli,Hoffenheim,1,0,H,0.0,0.0,D,10.0,4.0,5.0,0.0,6.0,8.0,11.0,2.0,0.0,1.0,0.0,0.0,2.25,3.25,3.3,,,,,,,2.31,3.3,3.37,2.3,3.25,3.25,,,,2.38,3.42,3.41,2.3,3.28,3.3,2.1,1.73,2.13,1.78,2.16,1.81,2.1,1.76,-0.25,1.99,1.94,1.98,1.93,1.99,1.95,1.95,1.9,2.25,3.25,3.3,,,,,,,2.35,3.22,3.44,2.25,3.25,3.25,,,,2.38,3.4,3.45,2.31,3.24,3.31,2.1,1.73,2.21,1.74,2.21,1.81,2.11,1.75,-0.25,1.99,1.94,2.0,1.92,2.01,1.98,1.96,1.9,2024,Football-Data.co.uk,https://www.football-data.co.uk/mmz4281/2425/D1.csv,2.25,3.3,3.3,2.34,3.42,3.4,2.36,3.45,3.45,2.18,1.82,2.01,1.96,2.25,3.2,3.25,2.37,3.33,3.25,2.38,3.4,3.45,2.24,1.79,2.02,1.97,,,,,,,,,,,,,,,,,,,,,,,,,,,,,,,2025-03-14,st pauli,hoffenheim,market_average_open,2.3,3.28,3.3,market_average_close,2.31,3.24,3.31,market_average_close,2.31,3.24,3.31,closing,0.4329004329004329,0.30864197530864196,0.3021148036253776,1.0436572118344525,0.41479178028149405,0.2957311766821763,0.28947704303632965,0.7105229569636704,0.585208219718506,0.7042688233178237,1.407414060586266,1.708793496579756,1.4199123500724924,H,0
D1,2025-03-15,14:30,Augsburg,Wolfsburg,1,0,H,0.0,0.0,D,9.0,13.0,2.0,2.0,7.0,9.0,1.0,4.0,1.0,2.0,0.0,0.0,2.55,3.3,2.75,,,,,,,2.63,3.29,2.87,2.62,3.3,2.7,,,,2.69,3.4,2.89,2.6,3.29,2.81,2.0,1.8,2.09,1.8,2.11,1.85,2.05,1.78,0.0,1.88,2.02,1.87,2.04,1.92,2.04,1.86,1.99,2.4,3.25,3.0,,,,,,,2.48,3.28,3.13,2.45,3.2,3.0,,,,2.55,3.34,3.14,2.47,3.23,3.01,2.1,1.73,2.13,1.78,2.14,1.82,2.09,1.76,-0.25,2.11,1.82,2.13,1.82,2.14,1.84,2.1,1.78,2024,Football-Data.co.uk,https://www.football-data.co.uk/mmz4281/2425/D1.csv,2.6,3.25,2.88,2.69,3.4,2.86,2.7,3.35,2.98,2.12,1.84,1.9,2.09,2.4,3.0,2.9,2.54,3.34,2.96,2.56,3.3,3.2,2.16,1.83,2.19,1.83,,,,,,,,,,,,,,,,,,,,,,,,,,,,,,,2025-03-15,augsburg,wolfsburg,market_average_open,2.6,3.29,2.81,market_average_close,2.47,3.23,3.01,market_average_close,2.47,3.23,3.01,closing,0.4048582995951417,0.30959752321981426,0.33222591362126247,1.0466817364362184,0.3868017234862801,0.29578955325421424,0.31740872325950564,0.6825912767404944,0.6131982765137198,0.7042104467457857,1.4650055370985604,1.630793885601578,1.4200300558179477,H,0
D1,2025-03-15,14:30,Mainz,Freiburg,2,2,D,1.0,0.0,H,9.0,24.0,4.0,8.0,7.0,7.0,1.0,4.0,1.0,2.0,1.0,0.0,1.95,3.3,4.1,,,,,,,2.02,3.45,4.0,2.0,3.4,3.9,,,,2.06,3.52,4.1,2.01,3.42,3.91,2.1,1.73,2.14,1.76,2.17,1.8,2.1,1.75,-0.5,2.02,1.88,2.03,1.88,2.05,1.9,2.0,1.85,1.8,3.5,4.5,,,,,,,1.86,3.54,4.74,1.85,3.4,4.4,,,,1.9,3.63,4.83,1.84,3.52,4.54,2.07,1.83,2.08,1.84,2.08,1.91,2.0,1.84,-0.5,1.87,2.06,1.88,2.06,1.88,2.11,1.86,2.01,2024,Football-Data.co.uk,https://www.football-data.co.uk/mmz4281/2425/D1.csv,2.0,3.4,3.9,2.06,3.52,4.07,2.04,3.5,4.2,2.18,1.8,2.04,1.92,1.75,3.3,4.4,1.83,3.61,4.83,1.88,3.7,5.0,2.06,1.92,1.87,2.13,,,,,,,,,,,,,,,,,,,,,,,,,,,,,,,2025-03-15,mainz 05,freiburg,market_average_open,2.01,3.42,3.91,market_average_close,1.84,3.52,4.54,market_average_close,1.84,3.52,4.54,closing,0.5434782608695652,0.2840909090909091,0.22026431718061673,1.047833487141091,0.5186685361167368,0.2711221893337488,0.21020927454951446,0.7897907254504857,0.4813314638832633,0.7288778106662512,1.2661581958051151,2.077570395943467,1.371972071815332,H,1
D1,2025-03-15,14:30,Union Berlin,Bayern Munich,1,1,D,0.0,0.0,D,7.0,18.0,3.0,4.0,13.0,8.0,2.0,14.0,1.0,2.0,0.0,0.0,8.5,5.0,1.36,,,,,,,9.0,5.36,1.35,7.5,5.0,1.36,,,,9.2,5.7,1.4,8.5,5.27,1.35,1.57,2.38,1.62,2.39,1.63,2.49,1.59,2.38,1.5,1.86,2.04,1.88,2.02,1.9,2.07,1.85,2.0,8.5,5.25,1.33,,,,,,,9.31,5.42,1.34,8.5,5.5,1.3,,,,10.0,5.7,1.36,9.24,5.43,1.33,1.57,2.38,1.59,2.48,1.61,2.56,1.56,2.45,1.5,1.93,2.0,1.93,1.99,1.99,2.0,1.93,1.93,2024,Football-Data.co.uk,https://www.football-data.co.uk/mmz4281/2425/D1.csv,9.0,5.5,1.33,7.95,5.7,1.4,9.6,5.6,1.38,1.64,2.48,1.9,2.04,9.5,5.5,1.29,9.12,5.41,1.36,11.5,6.0,1.33,1.62,2.6,2.0,1.96,,,,,,,,,,,,,,,,,,,,,,,,,,,,,,,2025-03-15,union berlin,bayern munich,market_average_open,8.5,5.27,1.35,market_average_close,9.24,5.43,1.33,market_average_close,9.24,5.43,1.33,closing,0.10822510822510822,0.1841620626151013,0.7518796992481203,1.0442668700883297,0.10363740469517525,0.17635536268571259,0.7200072326191123,0.27999276738088785,0.8963625953048249,0.8236446373142875,3.5715208266063927,1.1156199569661107,1.214115839157001,A,0
D1,2025-03-15,14:30,Werder Bremen,M'gladbach,2,4,A,2.0,2.0,D,23.0,13.0,2.0,7.0,10.0,7.0,4.0,1.0,1.0,2.0,0.0,1.0,2.35,3.6,2.8,,,,,,,2.42,3.68,2.87,2.4,3.5,2.8,,,,2.46,3.79,2.9,2.4,3.61,2.83,1.57,2.38,1.62,2.4,1.66,2.45,1.59,2.37,-0.25,2.09,1.81,2.12,1.81,2.12,1.83,2.06,1.78,2.2,3.6,3.1,,,,,,,2.24,3.78,3.15,2.25,3.6,3.0,,,,2.34,3.8,3.3,2.24,3.66,3.09,1.57,2.38,1.62,2.42,1.62,2.51,1.57,2.43,-0.25,1.95,1.98,1.96,1.96,1.99,1.98,1.94,1.92,2024,Football-Data.co.uk,https://www.football-data.co.uk/mmz4281/2425/D1.csv,2.4,3.6,2.88,2.46,3.79,2.9,2.48,3.75,2.94,1.65,2.46,2.16,1.83,2.1,3.5,3.0,2.32,3.68,3.05,2.3,3.85,3.2,1.63,2.54,2.0,1.98,,,,,,,,,,,,,,,,,,,,,,,,,,,,,,,2025-03-15,werder bremen,borussia m gladbach,market_average_open,2.4,3.61,2.83,market_average_close,2.24,3.66,3.09,market_average_close,2.24,3.66,3.09,closing,0.4464285714285714,0.27322404371584696,0.3236245954692557,1.043277210613674,0.42790982769188857,0.2618901677677132,0.31020000454039826,0.6897999954596017,0.5720901723081114,0.7381098322322868,1.4496955734737538,1.7479761904761904,1.354811921385292,H,0
D1,2025-03-15,17:30,RB Leipzig,Dortmund,2,0,H,1.0,0.0,H,15.0,25.0,5.0,9.0,14.0,10.0,3.0,12.0,3.0,3.0,0.0,0.0,2.38,3.6,2.88,,,,,,,2.43,3.68,2.87,2.45,3.6,2.7,,,,2.47,3.79,2.95,2.41,3.63,2.82,1.62,2.3,1.61,2.4,1.64,2.47,1.59,2.4,-0.25,2.08,1.82,2.12,1.81,2.16,1.83,2.07,1.78,2.7,3.6,2.45,,,,,,,2.8,3.64,2.52,2.7,3.5,2.5,,,,2.83,3.7,2.61,2.72,3.58,2.52,1.67,2.2,1.68,2.31,1.68,2.35,1.64,2.29,0.0,2.08,1.85,2.07,1.87,2.11,1.89,2.03,1.85,2024,Football-Data.co.uk,https://www.football-data.co.uk/mmz4281/2425/D1.csv,2.4,3.6,2.88,2.47,3.79,2.88,2.48,3.75,3.0,1.63,2.46,2.15,1.85,2.63,3.4,2.5,2.66,3.69,2.61,2.86,3.7,2.6,1.7,2.42,2.09,1.89,,,,,,,,,,,,,,,,,,,,,,,,,,,,,,,2025-03-15,rasenballsport leipzig,dortmund,market_average_open,2.41,3.63,2.82,market_average_close,2.72,3.58,2.52,market_average_close,2.72,3.58,2.52,closing,0.3676470588235294,0.27932960893854747,0.3968253968253968,1.0438020645874737,0.3522191335852828,0.2676078333385389,0.3801730330761783,0.6198269669238217,0.6477808664147171,0.732392166661461,1.6133534895439658,1.5437319189971073,1.365388715936714,A,0
D1,2025-03-16,14:30,Bochum,Ein Frankfurt,1,3,A,0.0,2.0,A,17.0,18.0,7.0,7.0,7.0,9.0,8.0,3.0,4.0,1.0,0.0,0.0,3.1,3.6,2.2,,,,,,,3.13,3.66,2.27,3.1,3.6,2.2,,,,3.2,3.83,2.3,3.09,3.6,2.24,1.67,2.2,1.71,2.23,1.75,2.25,1.69,2.17,0.25,1.91,1.99,1.93,1.98,1.94,2.0,1.89,1.91,2.63,3.6,2.5,,,,,,,2.73,3.54,2.64,2.7,3.5,2.5,,,,2.84,3.7,2.64,2.71,3.53,2.54,1.67,2.2,1.72,2.22,1.72,2.32,1.67,2.23,0.0,1.99,1.91,1.99,1.93,2.04,1.95,1.99,1.88,2024,Football-Data.co.uk,https://www.football-data.co.uk/mmz4281/2425/D1.csv,3.1,3.6,2.25,3.17,3.83,2.28,3.2,3.7,2.36,1.74,2.26,1.94,2.04,2.63,3.4,2.4,2.84,3.7,2.45,2.82,3.6,2.68,1.72,2.36,2.05,1.94,,,,,,,,,,,,,,,,,,,,,,,,,,,,,,,2025-03-16,bochum,eintracht frankfurt,market_average_open,3.09,3.6,2.24,market_average_close,2.71,3.53,2.54,market_average_close,2.71,3.53,2.54,closing,0.36900369003690037,0.28328611898017,0.39370078740157477,1.0459905964186451,0.352779165797788,0.27083046439433583,0.37639036980787616,0.6236096301921239,0.647220834202212,0.7291695356056642,1.6035672824550775,1.545067691204095,1.3714231755024955,A,0
D1,2025-03-16,16:30,Heidenheim,Holstein Kiel,3,1,H,1.0,0.0,H,14.0,16.0,5.0,4.0,15.0,13.0,3.0,5.0,1.0,3.0,0.0,0.0,2.0,3.5,3.75,,,,,,,2.03,3.66,3.72,2.0,3.6,3.6,,,,2.06,3.73,3.83,2.02,3.59,3.64,1.8,2.0,1.82,2.06,1.85,2.1,1.8,2.03,-0.5,2.05,1.85,2.04,1.87,2.06,1.87,2.02,1.83,2.0,3.5,3.7,,,,,,,2.05,3.63,3.77,2.05,3.4,3.6,,,,2.1,3.64,3.95,2.04,3.54,3.66,1.73,2.1,1.79,2.12,1.82,2.21,1.76,2.09,-0.5,2.05,1.85,2.06,1.87,2.09,1.87,2.04,1.83,2024,Football-Data.co.uk,https://www.football-data.co.uk/mmz4281/2425/D1.csv,2.0,3.5,3.8,2.06,3.73,3.83,2.08,3.7,3.9,1.86,2.1,2.08,1.91,1.95,3.4,3.5,2.01,3.58,3.95,2.1,3.75,3.8,1.84,2.16,2.12,1.88,,,,,,,,,,,,,,,,,,,,,,,,,,,,,,,2025-03-16,fc heidenheim,holstein kiel,market_average_open,2.02,3.59,3.64,market_average_close,2.04,3.54,3.66,market_average_close,2.04,3.54,3.66,closing,0.49019607843137253,0.2824858757062147,0.27322404371584696,1.0459059978534342,0.46868081781481963,0.2700872509441334,0.261231931241047,0.7387680687589531,0.5313191821851804,0.7299127490558666,1.353604794641283,1.8821078431372549,1.3700267618198039,H,0
D1,2025-03-16,18:30,Stuttgart,Leverkusen,3,4,A,1.0,0.0,H,11.0,16.0,6.0,4.0,13.0,14.0,1.0,10.0,3.0,2.0,0.0,0.0,3.1,3.4,2.3,,,,,,,3.09,3.6,2.32,3.0,3.5,2.25,,,,3.14,3.73,2.35,3.03,3.54,2.29,1.67,2.2,1.7,2.24,1.73,2.3,1.67,2.23,0.25,1.89,2.01,1.89,2.02,1.9,2.02,1.85,1.95,3.3,3.3,2.2,,,,,,,3.34,3.45,2.28,3.2,3.4,2.2,,,,3.54,3.53,2.35,3.28,3.4,2.25,1.86,2.04,1.88,2.02,1.88,2.13,1.84,2.0,0.25,1.92,1.98,1.95,1.97,1.99,1.98,1.93,1.89,2024,Football-Data.co.uk,https://www.football-data.co.uk/mmz4281/2425/D1.csv,3.0,3.6,2.25,3.14,3.73,2.34,3.15,3.7,2.4,1.73,2.28,1.91,2.07,3.3,3.3,2.2,3.54,3.4,2.21,3.5,3.5,2.3,1.91,2.08,2.01,1.97,,,,,,,,,,,,,,,,,,,,,,,,,,,,,,,2025-03-16,vfb stuttgart,bayer leverkusen,market_average_open,3.03,3.54,2.29,market_average_close,3.28,3.4,2.25,market_average_close,3.28,3.4,2.25,closing,0.3048780487804878,0.29411764705882354,0.4444444444444444,1.0434401402837556,0.29218547093422964,0.2818730425483157,0.4259414865174548,0.5740585134825453,0.7078145290657705,0.7181269574516844,1.7419827012641382,1.4127994819771206,1.3925114349537282,A,0
D1,2025-03-28,19:30,Leverkusen,Bochum,3,1,H,1.0,1.0,D,14.0,8.0,5.0,3.0,6.0,12.0,3.0,2.0,0.0,1.0,0.0,0.0,1.22,6.5,12.0,,,,,,,1.23,6.93,11.71,,,,,,,1.26,7.0,13.0,1.23,6.58,12.03,1.41,2.7,1.44,2.83,1.5,2.83,1.44,2.71,-1.75,1.84,2.06,1.84,2.06,1.84,2.08,1.81,2.0,1.22,6.5,12.0,,,,,,,1.23,7.02,12.77,,,,,,,1.25,7.02,13.0,1.22,6.72,12.4,1.44,2.75,1.46,2.78,1.46,2.9,1.44,2.8,-1.75,1.85,2.08,1.86,2.05,1.86,2.09,1.83,2.04,2024,Football-Data.co.uk,https://www.football-data.co.uk/mmz4281/2425/D1.csv,1.22,6.5,12.0,1.26,6.77,13.0,1.25,7.2,15.0,1.46,3.0,1.81,2.13,1.18,7.0,13.0,1.24,6.79,13.0,1.24,7.6,15.5,1.49,3.0,1.88,2.09,,,,,,,,,,,,,,,,,,,,,,,,,,,,,,,2025-03-28,bayer leverkusen,bochum,market_average_open,1.23,6.58,12.03,market_average_close,1.22,6.72,12.4,market_average_close,1.22,6.72,12.4,closing,0.819672131147541,0.1488095238095238,0.08064516129032258,1.0491268162473875,0.7812898483325582,0.14184131175085132,0.0768688399165904,0.9231311600834096,0.21871015166744173,0.8581586882491486,1.0832696839197204,4.572261471980246,1.1652856443605342,H,1
D1,2025-03-29,14:30,Bayern Munich,St Pauli,3,2,H,1.0,1.0,D,19.0,10.0,9.0,4.0,13.0,4.0,5.0,4.0,3.0,0.0,0.0,0.0,1.14,8.0,15.0,,,,,,,1.15,9.41,16.44,,,,,,,1.16,9.6,22.0,1.14,8.67,17.25,1.44,2.75,1.44,2.84,1.45,2.84,1.43,2.75,-2.25,2.04,1.86,2.04,1.85,2.05,1.86,2.01,1.82,1.13,9.5,19.0,,,,,,,1.12,9.5,26.0,,,,,,,1.14,10.5,29.0,1.12,9.26,22.65,1.33,3.4,1.35,3.33,1.4,3.4,1.34,3.21,-2.5,2.01,1.92,1.99,1.92,2.04,1.97,1.95,1.89,2024,Football-Data.co.uk,https://www.football-data.co.uk/mmz4281/2425/D1.csv,1.13,9.0,19.0,1.15,9.6,22.0,1.16,10.0,22.0,1.47,2.98,2.04,1.91,1.13,8.0,17.0,1.14,9.88,21.0,1.13,11.0,29.0,1.4,3.45,2.02,1.95,,,,,,,,,,,,,,,,,,,,,,,,,,,,,,,2025-03-29,bayern munich,st pauli,market_average_open,1.14,8.67,17.25,market_average_close,1.12,9.26,22.65,market_average_close,1.12,9.26,22.65,closing,0.8928571428571428,0.1079913606911447,0.04415011037527594,1.0449986139235634,0.8544098824254048,0.1033411520860101,0.042248965488585144,0.957751034511415,0.14559011757459522,0.89665884791399,1.0441126806092544,6.868598065989166,1.1152513604548993,H,1
D1,2025-03-29,14:30,Hoffenheim,Augsburg,1,1,D,0.0,0.0,D,13.0,11.0,4.0,4.0,14.0,12.0,2.0,2.0,1.0,2.0,0.0,0.0,2.35,3.3,3.1,,,,,,,2.43,3.29,3.15,,,,,,,2.45,3.48,3.15,2.4,3.3,3.05,2.1,1.73,2.13,1.78,2.15,1.82,2.08,1.76,-0.25,2.06,1.84,2.08,1.83,2.08,1.86,2.03,1.8,2.3,3.4,3.0,,,,,,,2.36,3.43,3.19,,,,,,,2.48,3.5,3.19,2.37,3.36,3.05,1.92,1.98,1.93,1.98,2.0,2.01,1.91,1.92,-0.25,2.06,1.87,2.04,1.88,2.06,1.9,2.02,1.84,2024,Football-Data.co.uk,https://www.football-data.co.uk/mmz4281/2425/D1.csv,2.4,3.3,3.1,2.45,3.48,3.13,2.48,3.4,3.25,2.2,1.81,2.11,1.88,2.38,3.2,3.0,2.37,3.5,3.09,2.48,3.4,3.25,2.0,1.98,2.11,1.88,,,,,,,,,,,,,,,,,,,,,,,,,,,,,,,2025-03-29,hoffenheim,augsburg,market_average_open,2.4,3.3,3.05,market_average_close,2.37,3.36,3.05,market_average_close,2.37,3.36,3.05,closing,0.42194092827004215,0.2976190476190476,0.3278688524590164,1.0474288283481061,0.40283493909126283,0.28414250168044436,0.31302255922829286,0.6869774407717072,0.5971650609087372,0.7158574983195557,1.4556518753755043,1.6745788818894525,1.3969260674749604,H,0
D1,2025-03-29,14:30,Holstein Kiel,Werder Bremen,0,3,A,0.0,1.0,A,11.0,14.0,0.0,7.0,13.0,8.0,3.0,4.0,4.0,1.0,0.0,0.0,3.2,3.9,2.05,,,,,,,3.42,3.85,2.08,,,,,,,3.45,3.98,2.15,3.32,3.8,2.07,1.62,2.3,1.63,2.37,1.67,2.4,1.61,2.33,0.25,2.06,1.84,2.09,1.82,2.09,1.84,2.03,1.77,3.0,3.7,2.2,,,,,,,3.18,3.74,2.24,,,,,,,3.28,3.77,2.26,3.11,3.72,2.19,1.62,2.3,1.68,2.32,1.68,2.34,1.63,2.29,0.25,1.95,1.98,1.96,1.96,1.98,1.99,1.94,1.88,2024,Football-Data.co.uk,https://www.football-data.co.uk/mmz4281/2425/D1.csv,3.4,3.8,2.1,3.45,3.98,2.11,3.5,4.0,2.12,1.65,2.46,2.13,1.85,3.1,3.75,2.1,3.28,3.76,2.18,3.3,3.8,2.3,1.7,2.4,1.98,1.99,,,,,,,,,,,,,,,,,,,,,,,,,,,,,,,2025-03-29,holstein kiel,werder bremen,market_average_open,3.32,3.8,2.07,market_average_close,3.11,3.72,2.19,market_average_close,3.11,3.72,2.19,closing,0.3215434083601286,0.26881720430107525,0.4566210045662101,1.046981617227414,0.3071146647365504,0.2567544643362021,0.43613087092724745,0.5638691290727524,0.6928853352634495,0.7432455356637979,1.773461160472533,1.4432402435242464,1.3454503956177724,A,0
D1,2025-03-29,14:30,M'gladbach,RB Leipzig,1,0,H,0.0,0.0,D,16.0,19.0,3.0,3.0,5.0,9.0,5.0,8.0,2.0,2.0,0.0,0.0,2.88,3.7,2.3,,,,,,,2.94,3.58,2.41,,,,,,,3.05,3.7,2.46,2.9,3.57,2.37,1.53,2.5,1.54,2.57,1.55,2.57,1.52,2.5,0.25,1.83,2.07,1.83,2.1,1.84,2.1,1.8,2.0,2.88,3.6,2.25,,,,,,,3.01,3.71,2.35,,,,,,,2.97,3.72,2.45,2.88,3.61,2.36,1.44,2.75,1.51,2.66,1.51,2.77,1.49,2.62,0.25,1.88,2.05,1.88,2.05,1.88,2.09,1.81,2.0,2024,Football-Data.co.uk,https://www.football-data.co.uk/mmz4281/2425/D1.csv,3.0,3.6,2.3,3.04,3.58,2.46,3.0,3.75,2.48,1.57,2.66,1.85,2.14,2.8,3.5,2.3,2.9,3.72,2.39,3.0,3.75,2.44,1.54,2.78,1.86,2.13,,,,,,,,,,,,,,,,,,,,,,,,,,,,,,,2025-03-29,borussia m gladbach,rasenballsport leipzig,market_average_open,2.9,3.57,2.37,market_average_close,2.88,3.61,2.36,market_average_close,2.88,3.61,2.36,closing,0.3472222222222222,0.2770083102493075,0.42372881355932207,1.0479593460308518,0.3313317673412877,0.2643311606490052,0.4043370720097071,0.595662927990293,0.6686682326587123,0.7356688393509948,1.6788018072131832,1.495509957193374,1.3593072677676514,A,0
D1,2025-03-29,14:30,Wolfsburg,Heidenheim,0,1,A,0.0,1.0,A,11.0,11.0,2.0,4.0,8.0,10.0,4.0,5.0,2.0,4.0,0.0,0.0,1.67,3.75,5.0,,,,,,,1.66,4.12,5.22,,,,,,,1.7,4.2,5.45,1.66,4.02,5.04,1.73,2.1,1.76,2.13,1.81,2.21,1.73,2.11,-0.75,1.85,2.05,1.84,2.08,1.86,2.08,1.82,2.01,1.7,3.9,4.75,,,,,,,1.72,4.05,4.98,,,,,,,1.8,4.05,5.06,1.7,3.92,4.88,1.73,2.1,1.76,2.15,1.77,2.21,1.73,2.11,-0.75,1.93,2.0,1.93,2.0,1.94,2.02,1.89,1.96,2024,Football-Data.co.uk,https://www.football-data.co.uk/mmz4281/2425/D1.csv,1.67,4.0,5.0,1.69,4.17,5.45,1.7,4.2,5.6,1.86,2.14,1.88,2.08,1.62,3.9,5.0,1.72,3.99,5.06,1.74,4.1,5.3,1.82,2.18,1.94,2.04,,,,,,,,,,,,,,,,,,,,,,,,,,,,,,,2025-03-29,wolfsburg,fc heidenheim,market_average_open,1.66,4.02,5.04,market_average_close,1.7,3.92,4.88,market_average_close,1.7,3.92,4.88,closing,0.5882352941176471,0.25510204081632654,0.20491803278688525,1.0482553677208588,0.5611564817422323,0.2433586783065803,0.19548483995118746,0.8045151600488126,0.4388435182577678,0.7566413216934198,1.2429846566711393,2.2787165775401066,1.321630171825569,H,1
D1,2025-03-29,17:30,Ein Frankfurt,Stuttgart,1,0,H,0.0,0.0,D,19.0,8.0,6.0,2.0,9.0,6.0,6.0,10.0,1.0,3.0,0.0,1.0,2.5,3.8,2.5,,,,,,,2.6,3.67,2.66,,,,,,,2.66,3.8,2.75,2.52,3.65,2.63,1.5,2.63,1.52,2.62,1.55,2.63,1.51,2.52,0.0,1.95,1.95,1.93,1.97,1.96,1.99,1.91,1.95,2.55,3.75,2.55,,,,,,,2.58,3.79,2.67,,,,,,,2.65,3.82,2.71,2.56,3.72,2.59,1.5,2.63,1.53,2.61,1.53,2.77,1.49,2.62,0.0,1.93,2.0,1.93,2.0,1.97,2.0,1.92,1.96,2024,Football-Data.co.uk,https://www.football-data.co.uk/mmz4281/2425/D1.csv,2.4,3.7,2.75,2.66,3.75,2.69,2.66,3.85,2.72,1.55,2.74,1.97,2.01,2.4,3.8,2.6,2.5,3.82,2.71,2.66,3.8,2.74,1.54,2.84,1.96,2.02,,,,,,,,,,,,,,,,,,,,,,,,,,,,,,,2025-03-29,eintracht frankfurt,vfb stuttgart,market_average_open,2.52,3.65,2.63,market_average_close,2.56,3.72,2.59,market_average_close,2.56,3.72,2.59,closing,0.390625,0.26881720430107525,0.3861003861003861,1.0455425904014612,0.3736098400831382,0.2571078469389338,0.36928231297792813,0.630717687022072,0.626390159916862,0.7428921530610664,1.5854954135208912,1.5964490887480187,1.3460904060966694,H,0
D1,2025-03-30,14:30,Freiburg,Union Berlin,1,2,A,1.0,1.0,D,9.0,10.0,3.0,6.0,8.0,11.0,3.0,3.0,3.0,4.0,0.0,0.0,2.0,3.5,3.7,,,,,,,2.02,3.43,4.05,,,,,,,2.06,3.54,4.05,2.0,3.43,3.89,2.1,1.73,2.15,1.76,2.18,1.8,2.1,1.74,-0.5,2.01,1.89,2.03,1.88,2.03,1.89,1.99,1.84,1.95,3.4,4.0,,,,,,,1.96,3.48,4.3,,,,,,,2.07,3.5,4.3,1.96,3.42,4.06,2.05,1.85,2.06,1.85,2.07,1.88,2.03,1.8,-0.5,1.99,1.94,1.97,1.95,2.08,1.95,1.97,1.9,2024,Football-Data.co.uk,https://www.football-data.co.uk/mmz4281/2425/D1.csv,2.0,3.4,3.9,2.06,3.54,4.04,2.04,3.5,4.3,2.2,1.78,2.04,1.92,1.87,3.2,4.0,2.0,3.49,4.1,2.0,3.55,4.5,2.1,1.89,2.04,1.95,,,,,,,,,,,,,,,,,,,,,,,,,,,,,,,2025-03-30,freiburg,union berlin,market_average_open,2.0,3.43,3.89,market_average_close,1.96,3.42,4.06,market_average_close,1.96,3.42,4.06,closing,0.5102040816326531,0.29239766081871343,0.24630541871921185,1.0489071611705785,0.4864149092692496,0.2787641000490436,0.23482099068170673,0.7651790093182932,0.5135850907307503,0.7212358999509563,1.3068837328547624,1.9470970206264326,1.3865089079287367,H,0
D1,2025-03-30,16:30,Dortmund,Mainz,3,1,H,2.0,0.0,H,18.0,12.0,7.0,3.0,10.0,8.0,6.0,4.0,2.0,0.0,0.0,0.0,1.62,3.9,5.0,,,,,,,1.67,4.17,5.07,,,,,,,1.71,4.32,5.07,1.66,4.1,4.86,1.67,2.2,1.69,2.24,1.73,2.28,1.67,2.2,-0.75,1.86,2.04,1.85,2.06,1.86,2.06,1.83,2.0,1.62,4.1,4.75,,,,,,,1.67,4.24,5.02,,,,,,,1.71,4.3,5.2,1.66,4.12,4.92,1.73,2.1,1.75,2.17,1.75,2.45,1.68,2.2,-0.75,1.87,2.06,1.86,2.07,1.9,2.13,1.83,2.03,2024,Football-Data.co.uk,https://www.football-data.co.uk/mmz4281/2425/D1.csv,1.67,4.0,5.0,1.71,4.32,5.04,1.72,4.2,5.3,1.69,2.34,1.9,2.05,1.65,4.0,4.75,1.71,4.27,4.71,1.7,4.4,5.3,1.73,2.34,1.87,2.13,,,,,,,,,,,,,,,,,,,,,,,,,,,,,,,2025-03-30,dortmund,mainz 05,market_average_open,1.66,4.1,4.86,market_average_close,1.66,4.12,4.92,market_average_close,1.66,4.12,4.92,closing,0.6024096385542169,0.24271844660194175,0.2032520325203252,1.048380117676484,0.5746099419448476,0.23151759796806964,0.1938724600870827,0.8061275399129173,0.42539005805515234,0.7684824020319303,1.2404984949503475,2.3507836656359955,1.3012659722017292,H,1
D1,2025-04-04,19:30,Augsburg,Bayern Munich,1,3,A,1.0,1.0,D,6.0,19.0,3.0,7.0,8.0,8.0,2.0,4.0,4.0,0.0,1.0,0.0,7.5,4.75,1.42,,,,,,,7.61,5.01,1.43,,,,,,,7.8,5.15,1.45,7.41,4.85,1.42,1.62,2.3,1.64,2.38,1.66,2.42,1.61,2.32,1.25,2.0,1.93,2.0,1.93,2.0,1.95,1.96,1.88,7.5,4.75,1.4,,,,,,,7.76,5.12,1.41,,,,,,,8.3,5.2,1.44,7.75,4.86,1.4,1.57,2.38,1.6,2.45,1.62,2.5,1.57,2.39,1.25,2.03,1.9,2.02,1.9,2.08,1.9,2.01,1.85,2024,Football-Data.co.uk,https://www.football-data.co.uk/mmz4281/2425/D1.csv,7.5,4.75,1.4,7.8,5.15,1.44,8.4,5.1,1.45,1.65,2.48,2.02,1.95,7.5,4.75,1.36,8.02,4.87,1.43,8.8,5.6,1.41,1.6,2.64,2.14,1.85,,,,,,,,,,,,,,,,,,,,,,,,,,,,,,,2025-04-04,augsburg,bayern munich,market_average_open,7.41,4.85,1.42,market_average_close,7.75,4.86,1.4,market_average_close,7.75,4.86,1.4,closing,0.12903225806451613,0.20576131687242796,0.7142857142857143,1.0490792892226584,0.12299571575769627,0.1961351434407708,0.6808691408015329,0.31913085919846707,0.8770042842423037,0.8038648565592292,3.1335108190778294,1.1402452849634135,1.243990195417032,A,0
D1,2025-04-05,14:30,Bochum,Stuttgart,0,4,A,0.0,2.0,A,11.0,14.0,2.0,6.0,17.0,13.0,2.0,4.0,1.0,1.0,0.0,0.0,3.1,3.7,2.15,,,,,,,3.2,3.8,2.18,,,,,,,3.3,3.87,2.22,3.13,3.71,2.16,1.57,2.38,1.59,2.46,1.6,2.46,1.56,2.37,0.25,1.99,1.91,1.99,1.92,2.0,1.92,1.94,1.84,2.45,3.4,2.8,,,,,,,2.53,3.46,2.91,,,,,,,2.82,3.9,2.91,2.54,3.53,2.69,1.57,2.38,1.61,2.45,1.61,2.55,1.57,2.39,0.0,1.7,2.1,1.83,2.11,1.89,2.11,1.84,2.02,2024,Football-Data.co.uk,https://www.football-data.co.uk/mmz4281/2425/D1.csv,3.1,3.75,2.15,3.25,3.87,2.22,3.3,3.9,2.22,1.61,2.56,2.2,1.93,2.4,3.4,2.63,2.66,3.49,2.71,2.66,3.5,2.92,1.63,2.54,2.78,2.09,,,,,,,,,,,,,,,,,,,,,,,,,,,,,,,2025-04-05,bochum,vfb stuttgart,market_average_open,3.13,3.71,2.16,market_average_close,2.54,3.53,2.69,market_average_close,2.54,3.53,2.69,closing,0.39370078740157477,0.28328611898017,0.3717472118959108,1.0487341182776555,0.37540572061120003,0.2701219632726482,0.35447231611615176,0.6455276838838482,0.6245942793888,0.7298780367273519,1.5491202390940884,1.601039319441983,1.3700919190332521,H,0
D1,2025-04-05,14:30,Freiburg,Dortmund,1,4,A,0.0,1.0,A,12.0,18.0,3.0,7.0,8.0,6.0,3.0,4.0,1.0,0.0,0.0,0.0,3.1,3.5,2.2,,,,,,,3.1,3.61,2.31,,,,,,,3.22,3.61,2.35,3.07,3.53,2.27,1.8,2.0,1.79,2.11,1.84,2.13,1.77,2.05,0.25,1.9,2.0,1.9,2.01,1.9,2.03,1.87,1.92,3.3,3.5,2.1,,,,,,,3.42,3.68,2.15,,,,,,,3.55,3.75,2.2,3.35,3.6,2.12,1.73,2.1,1.72,2.21,1.74,2.26,1.69,2.17,0.25,2.04,1.89,2.06,1.88,2.08,1.89,2.02,1.81,2024,Football-Data.co.uk,https://www.football-data.co.uk/mmz4281/2425/D1.csv,3.1,3.5,2.3,3.22,3.59,2.35,3.2,3.7,2.36,1.83,2.14,1.94,2.04,3.25,3.4,2.0,3.55,3.61,2.12,3.45,3.8,2.22,1.77,2.24,2.07,1.92,,,,,,,,,,,,,,,,,,,,,,,,,,,,,,,2025-04-05,freiburg,dortmund,market_average_open,3.07,3.53,2.27,market_average_close,3.35,3.6,2.12,market_average_close,3.35,3.6,2.12,closing,0.29850746268656714,0.2777777777777778,0.4716981132075471,1.047983353671892,0.28483988952750616,0.2650593416436516,0.45010076882884226,0.5498992311711577,0.7151601104724938,0.7349406583563485,1.818514999321298,1.3982882788852937,1.3606540727198861,A,0
D1,2025-04-05,14:30,Heidenheim,Leverkusen,0,1,A,0.0,0.0,D,10.0,6.0,2.0,2.0,14.0,10.0,4.0,0.0,1.0,0.0,0.0,0.0,6.5,4.75,1.44,,,,,,,6.78,4.84,1.46,,,,,,,7.21,4.94,1.48,6.78,4.7,1.44,1.62,2.3,1.66,2.3,1.68,2.38,1.62,2.28,1.25,1.9,2.0,1.88,2.03,1.91,2.03,1.86,1.96,5.75,4.33,1.53,,,,,,,6.09,4.55,1.52,,,,,,,6.5,4.61,1.53,6.15,4.42,1.51,1.73,2.1,1.72,2.23,1.82,2.25,1.7,2.16,1.0,2.0,1.93,2.05,1.88,2.06,1.93,2.0,1.86,2024,Football-Data.co.uk,https://www.football-data.co.uk/mmz4281/2425/D1.csv,7.0,4.6,1.44,7.21,4.94,1.48,7.4,5.0,1.49,1.67,2.42,1.92,2.02,6.0,4.33,1.44,6.4,4.61,1.52,6.8,4.9,1.54,1.77,2.26,2.1,1.89,,,,,,,,,,,,,,,,,,,,,,,,,,,,,,,2025-04-05,fc heidenheim,bayer leverkusen,market_average_open,6.78,4.7,1.44,market_average_close,6.15,4.42,1.51,market_average_close,6.15,4.42,1.51,closing,0.16260162601626016,0.22624434389140272,0.6622516556291391,1.0510976255368019,0.15469697777427527,0.2152457948669215,0.6300572273588033,0.3699427726411968,0.8453030222257248,0.7847542051330786,2.7031207904415218,1.1830077187787054,1.2742843471994139,A,0
D1,2025-04-05,14:30,Mainz,Holstein Kiel,1,1,D,0.0,1.0,A,13.0,10.0,3.0,5.0,12.0,8.0,4.0,4.0,4.0,4.0,0.0,0.0,1.45,4.5,7.0,,,,,,,1.43,5.01,7.05,,,,,,,1.47,5.01,7.4,1.44,4.72,6.92,1.67,2.2,1.64,2.35,1.69,2.4,1.62,2.28,-1.25,2.0,1.9,1.98,1.93,2.0,1.93,1.95,1.87,1.42,4.5,7.5,,,,,,,1.44,5.07,7.16,,,,,,,1.45,5.07,8.03,1.42,4.81,7.16,1.53,2.5,1.55,2.51,1.56,2.72,1.52,2.52,-1.25,1.94,1.99,1.95,1.97,1.95,2.01,1.9,1.95,2024,Football-Data.co.uk,https://www.football-data.co.uk/mmz4281/2425/D1.csv,1.44,4.6,7.0,1.47,4.99,7.4,1.48,4.9,8.0,1.66,2.4,2.02,1.93,1.36,4.5,6.5,1.45,4.63,8.03,1.46,5.2,8.0,1.57,2.7,1.97,1.99,,,,,,,,,,,,,,,,,,,,,,,,,,,,,,,2025-04-05,mainz 05,holstein kiel,market_average_open,1.44,4.72,6.92,market_average_close,1.42,4.81,7.16,market_average_close,1.42,4.81,7.16,closing,0.7042253521126761,0.2079002079002079,0.13966480446927373,1.0517903644821578,0.6695491572214554,0.19766316075976437,0.13278768201878025,0.8672123179812197,0.33045084277854464,0.8023368392402356,1.1531201520844356,3.0261687081553648,1.2463593232824002,H,1
D1,2025-04-05,14:30,RB Leipzig,Hoffenheim,3,1,H,2.0,1.0,H,16.0,9.0,5.0,5.0,10.0,12.0,8.0,2.0,0.0,3.0,0.0,1.0,1.55,4.2,5.5,,,,,,,1.58,4.55,5.43,,,,,,,1.58,4.79,6.0,1.54,4.53,5.57,1.53,2.5,1.54,2.58,1.55,2.58,1.52,2.48,-1.0,1.93,1.97,1.96,1.94,1.96,1.98,1.9,1.93,1.7,4.0,4.5,,,,,,,1.72,4.29,4.65,,,,,,,1.72,4.5,5.1,1.67,4.24,4.72,1.5,2.63,1.5,2.7,1.5,2.78,1.48,2.65,-0.75,1.91,2.02,1.85,2.02,1.92,2.04,1.85,2.0,2024,Football-Data.co.uk,https://www.football-data.co.uk/mmz4281/2425/D1.csv,1.5,4.6,6.0,1.58,4.79,5.76,1.56,4.7,6.6,1.57,2.66,1.88,2.08,1.55,4.2,5.0,1.69,4.11,5.09,1.7,4.4,5.2,1.53,2.84,1.88,2.12,,,,,,,,,,,,,,,,,,,,,,,,,,,,,,,2025-04-05,rasenballsport leipzig,hoffenheim,market_average_open,1.54,4.53,5.57,market_average_close,1.67,4.24,4.72,market_average_close,1.67,4.24,4.72,closing,0.5988023952095809,0.23584905660377356,0.21186440677966104,1.0465158585930154,0.5721866422689845,0.22536596523330282,0.20244739249771274,0.7975526075022874,0.4278133577310156,0.7746340347666972,1.2538357853680917,2.3374679213002563,1.2909321758644106,H,1
D1,2025-04-05,17:30,Werder Bremen,Ein Frankfurt,2,0,H,1.0,0.0,H,12.0,9.0,4.0,0.0,8.0,15.0,5.0,6.0,3.0,3.0,0.0,0.0,2.63,3.5,2.5,,,,,,,2.65,3.73,2.58,,,,,,,2.8,3.95,2.58,2.64,3.67,2.51,1.57,2.38,1.56,2.53,1.57,2.55,1.53,2.44,0.0,1.99,1.91,1.98,1.93,2.02,1.93,1.97,1.89,2.25,3.6,2.88,,,,,,,2.34,3.71,3.03,,,,,,,2.43,3.74,3.1,2.33,3.63,2.91,1.5,2.63,1.54,2.59,1.56,2.63,1.52,2.51,-0.25,2.04,1.89,2.04,1.88,2.08,1.89,2.02,1.84,2024,Football-Data.co.uk,https://www.football-data.co.uk/mmz4281/2425/D1.csv,2.7,3.75,2.5,2.7,3.95,2.55,2.8,3.85,2.58,1.58,2.66,2.07,1.9,2.25,3.6,2.88,2.43,3.74,2.84,2.4,3.7,3.1,1.57,2.66,2.07,1.91,,,,,,,,,,,,,,,,,,,,,,,,,,,,,,,2025-04-05,werder bremen,eintracht frankfurt,market_average_open,2.64,3.67,2.51,market_average_close,2.33,3.63,2.91,market_average_close,2.33,3.63,2.91,closing,0.4291845493562232,0.27548209366391185,0.3436426116838488,1.0483092547039838,0.40940642985872916,0.26278704726469393,0.3278065228765769,0.672193477123423,0.5905935701412708,0.7372129527353061,1.4876669203625545,1.6932117966688982,1.3564601602422561,H,0
D1,2025-04-06,14:30,St Pauli,M'gladbach,1,1,D,0.0,1.0,A,26.0,5.0,9.0,3.0,6.0,13.0,11.0,2.0,0.0,2.0,0.0,0.0,2.5,3.3,2.75,,,,,,,2.52,3.45,2.89,,,,,,,2.55,3.67,2.9,2.49,3.4,2.8,1.88,2.02,1.86,2.03,1.9,2.05,1.84,1.97,0.0,1.82,2.08,1.83,2.1,1.86,2.1,1.82,2.05,2.2,3.5,3.2,,,,,,,2.3,3.61,3.16,,,,,,,2.4,3.61,3.24,2.29,3.49,3.11,1.8,2.0,1.82,2.08,1.89,2.11,1.81,2.01,-0.25,1.98,1.95,2.0,1.93,2.0,1.95,1.97,1.89,2024,Football-Data.co.uk,https://www.football-data.co.uk/mmz4281/2425/D1.csv,2.45,3.4,2.88,2.53,3.67,2.87,2.6,3.55,2.96,1.89,2.02,1.86,2.12,2.25,3.4,3.0,2.31,3.57,3.14,2.36,3.65,3.2,1.96,2.02,2.04,1.94,,,,,,,,,,,,,,,,,,,,,,,,,,,,,,,2025-04-06,st pauli,borussia m gladbach,market_average_open,2.49,3.4,2.8,market_average_close,2.29,3.49,3.11,market_average_close,2.29,3.49,3.11,closing,0.4366812227074236,0.28653295128939826,0.3215434083601286,1.0447575823569504,0.41797372910400926,0.27425783371008056,0.30776843718591035,0.6922315628140898,0.5820262708959909,0.7257421662899196,1.4446032999922116,1.7181355035066823,1.3778998195903638,H,0
D1,2025-04-06,16:30,Union Berlin,Wolfsburg,1,0,H,0.0,0.0,D,13.0,12.0,3.0,3.0,13.0,14.0,6.0,4.0,0.0,1.0,0.0,0.0,2.45,3.3,2.88,,,,,,,2.49,3.32,3.02,,,,,,,2.51,3.52,3.02,2.45,3.31,2.92,2.05,1.85,2.05,1.85,2.07,1.88,2.01,1.81,-0.25,2.08,1.73,2.14,1.79,2.14,1.8,2.07,1.76,2.25,3.4,3.2,,,,,,,2.31,3.4,3.33,,,,,,,2.38,3.45,3.41,2.3,3.36,3.2,1.99,1.91,2.01,1.9,2.05,1.92,1.97,1.85,-0.25,2.0,1.93,1.99,1.93,2.0,1.95,1.96,1.89,2024,Football-Data.co.uk,https://www.football-data.co.uk/mmz4281/2425/D1.csv,2.4,3.3,3.0,2.51,3.52,3.0,2.5,3.4,3.15,2.1,1.88,2.13,1.86,2.38,3.2,3.0,2.36,3.4,3.38,2.36,3.5,3.4,2.02,1.97,2.03,1.94,,,,,,,,,,,,,,,,,,,,,,,,,,,,,,,2025-04-06,union berlin,wolfsburg,market_average_open,2.45,3.31,2.92,market_average_close,2.3,3.36,3.2,market_average_close,2.3,3.36,3.2,closing,0.4347826086956522,0.2976190476190476,0.3125,1.0449016563146998,0.4160990712074304,0.2848297213622291,0.29907120743034055,0.7009287925696595,0.5839009287925696,0.7151702786377709,1.426678445229682,1.7126193001060448,1.398268398268398,H,0
D1,2025-04-11,19:30,Wolfsburg,RB Leipzig,2,3,A,0.0,2.0,A,17.0,16.0,6.0,5.0,14.0,13.0,8.0,5.0,2.0,3.0,0.0,0.0,2.88,3.75,2.3,,,,,,,3.0,3.71,2.36,,,,,,,3.0,3.93,2.4,2.9,3.7,2.32,1.57,2.38,1.59,2.47,1.64,2.51,1.57,2.41,0.25,1.86,2.07,1.87,2.06,1.87,2.07,1.84,1.97,2.7,3.7,2.45,,,,,,,2.75,3.75,2.51,,,,,,,2.86,3.76,2.51,2.75,3.68,2.41,1.53,2.5,1.55,2.57,1.58,2.58,1.53,2.48,0.0,2.05,1.88,2.06,1.88,2.11,1.88,2.07,1.83,2024,Football-Data.co.uk,https://www.football-data.co.uk/mmz4281/2425/D1.csv,2.88,3.6,2.4,2.99,3.93,2.35,3.0,3.85,2.4,1.64,2.56,1.89,2.08,2.8,3.5,2.2,2.86,3.76,2.41,2.9,3.75,2.54,1.6,2.64,2.14,1.86,,,,,,,,,,,,,,,,,,,,,,,,,,,,,,,2025-04-11,wolfsburg,rasenballsport leipzig,market_average_open,2.9,3.7,2.32,market_average_close,2.75,3.68,2.41,market_average_close,2.75,3.68,2.41,closing,0.36363636363636365,0.2717391304347826,0.41493775933609955,1.050313253407246,0.3462170571081694,0.2587219856107244,0.39506095728110613,0.6049390427188939,0.6537829428918305,0.7412780143892755,1.653059117337687,1.5295596357665326,1.349021528479946,A,0
D1,2025-04-12,14:30,Bochum,Augsburg,1,2,A,0.0,1.0,A,25.0,12.0,9.0,5.0,14.0,9.0,7.0,6.0,2.0,1.0,0.0,1.0,2.5,3.4,2.8,,,,,,,2.5,3.35,3.0,,,,,,,2.51,3.55,3.0,2.46,3.34,2.9,2.02,1.88,2.02,1.87,2.05,1.9,1.99,1.84,0.0,1.82,2.08,1.78,2.14,1.82,2.16,1.78,2.1,2.3,3.4,3.1,,,,,,,2.37,3.35,3.26,,,,,,,2.42,3.47,3.26,2.38,3.3,3.08,2.1,1.73,2.13,1.79,2.2,1.8,2.1,1.75,-0.25,2.05,1.88,2.04,1.89,2.07,1.89,2.02,1.84,2024,Football-Data.co.uk,https://www.football-data.co.uk/mmz4281/2425/D1.csv,2.45,3.3,2.9,2.51,3.55,2.98,2.54,3.45,3.1,2.06,1.89,1.8,2.21,2.4,3.2,3.0,2.42,3.47,3.04,2.46,3.4,3.25,2.2,1.82,2.11,1.89,,,,,,,,,,,,,,,,,,,,,,,,,,,,,,,2025-04-12,bochum,augsburg,market_average_open,2.46,3.34,2.9,market_average_close,2.38,3.3,3.08,market_average_close,2.38,3.3,3.08,closing,0.42016806722689076,0.30303030303030304,0.3246753246753247,1.0478736949325185,0.40097205346294046,0.2891859052247874,0.30984204131227217,0.6901579586877278,0.5990279465370596,0.7108140947752126,1.448943661971831,1.6693711967545637,1.406837606837607,H,0
D1,2025-04-12,14:30,Hoffenheim,Mainz,2,0,H,2.0,0.0,H,8.0,14.0,5.0,1.0,18.0,11.0,4.0,7.0,4.0,2.0,0.0,1.0,2.7,3.5,2.55,,,,,,,2.69,3.5,2.66,,,,,,,2.76,3.56,2.69,2.66,3.46,2.59,1.73,2.1,1.76,2.16,1.8,2.18,1.74,2.1,0.0,1.99,1.91,1.96,1.94,2.0,1.94,1.96,1.9,2.4,3.5,2.9,,,,,,,2.46,3.48,3.0,,,,,,,2.58,3.6,3.0,2.45,3.44,2.87,1.8,2.0,1.81,2.1,1.82,2.16,1.77,2.07,-0.25,2.1,1.83,2.14,1.82,2.14,1.83,2.09,1.78,2024,Football-Data.co.uk,https://www.football-data.co.uk/mmz4281/2425/D1.csv,2.75,3.4,2.55,2.76,3.56,2.69,2.78,3.65,2.72,1.8,2.2,2.01,1.97,2.5,3.25,2.75,2.52,3.55,2.83,2.56,3.55,3.0,1.83,2.18,2.19,1.83,,,,,,,,,,,,,,,,,,,,,,,,,,,,,,,2025-04-12,hoffenheim,mainz 05,market_average_open,2.66,3.46,2.59,market_average_close,2.45,3.44,2.87,market_average_close,2.45,3.44,2.87,closing,0.4081632653061224,0.29069767441860467,0.3484320557491289,1.047292995473856,0.3897316864240515,0.27757053248224606,0.3326977810937025,0.6673022189062976,0.6102683135759486,0.722429467517754,1.4985713694148823,1.6386235001131988,1.38421817625459,H,0
D1,2025-04-12,14:30,Holstein Kiel,St Pauli,1,2,A,1.0,1.0,D,6.0,14.0,2.0,6.0,15.0,11.0,3.0,3.0,3.0,4.0,0.0,0.0,3.25,3.3,2.25,,,,,,,3.28,3.42,2.29,,,,,,,3.31,3.6,2.38,3.16,3.37,2.29,2.0,1.9,1.98,1.91,2.01,1.93,1.95,1.87,0.25,1.93,1.97,1.93,1.98,1.93,2.0,1.87,1.91,3.3,3.4,2.15,,,,,,,3.59,3.5,2.16,,,,,,,3.66,3.6,2.23,3.44,3.42,2.14,1.92,1.98,1.91,1.99,1.92,2.02,1.88,1.94,0.25,2.04,1.89,2.07,1.87,2.09,1.92,2.01,1.82,2024,Football-Data.co.uk,https://www.football-data.co.uk/mmz4281/2425/D1.csv,3.1,3.4,2.3,3.31,3.6,2.3,3.35,3.5,2.36,2.02,1.96,1.95,2.02,3.6,3.25,1.95,3.66,3.51,2.12,3.65,3.55,2.24,1.97,2.0,2.07,1.93,,,,,,,,,,,,,,,,,,,,,,,,,,,,,,,2025-04-12,holstein kiel,st pauli,market_average_open,3.16,3.37,2.29,market_average_close,3.44,3.42,2.14,market_average_close,3.44,3.42,2.14,closing,0.29069767441860467,0.29239766081871343,0.4672897196261682,1.0503850548634863,0.2767534372967495,0.27837187845053163,0.4448746842527188,0.5551253157472811,0.7232465627032505,0.7216281215494683,1.8013950573553856,1.3826543416429646,1.3857553082227672,A,0
D1,2025-04-12,14:30,Leverkusen,Union Berlin,0,0,D,0.0,0.0,D,16.0,7.0,3.0,3.0,10.0,13.0,7.0,3.0,2.0,1.0,0.0,0.0,1.33,4.75,9.5,,,,,,,1.34,5.61,8.99,,,,,,,1.37,5.61,9.55,1.33,5.32,8.99,1.62,2.3,1.63,2.36,1.67,2.4,1.61,2.31,-1.5,2.01,1.89,1.99,1.92,2.03,1.92,1.96,1.87,1.38,4.75,7.5,,,,,,,1.38,5.12,8.87,,,,,,,1.41,5.3,9.0,1.36,5.0,8.34,1.73,2.1,1.76,2.16,1.76,2.25,1.71,2.15,-1.25,1.91,2.02,1.9,2.03,1.91,2.08,1.84,2.02,2024,Football-Data.co.uk,https://www.football-data.co.uk/mmz4281/2425/D1.csv,1.33,5.5,9.5,1.37,5.58,9.55,1.36,5.7,10.5,1.62,2.48,2.0,1.94,1.25,5.0,9.0,1.41,5.01,8.25,1.4,5.3,9.8,1.79,2.24,1.88,2.09,,,,,,,,,,,,,,,,,,,,,,,,,,,,,,,2025-04-12,bayer leverkusen,union berlin,market_average_open,1.33,5.32,8.99,market_average_close,1.36,5.0,8.34,market_average_close,1.36,5.0,8.34,closing,0.7352941176470588,0.2,0.11990407673860912,1.0551981943856679,0.6968303410291031,0.18953785275991608,0.11363180621098086,0.8863681937890192,0.3031696589708969,0.810462147240084,1.1281993273305884,3.298483111385483,1.233863917525773,H,1
D1,2025-04-12,14:30,M'gladbach,Freiburg,1,2,A,1.0,1.0,D,10.0,19.0,1.0,7.0,4.0,11.0,4.0,6.0,0.0,1.0,0.0,0.0,2.15,3.6,3.25,,,,,,,2.19,3.71,3.26,,,,,,,2.26,3.75,3.3,2.18,3.65,3.15,1.67,2.2,1.67,2.3,1.72,2.31,1.66,2.23,-0.25,1.91,1.99,1.91,1.99,1.91,1.99,1.88,1.93,2.25,3.7,3.0,,,,,,,2.29,3.8,3.06,,,,,,,2.35,3.8,3.18,2.26,3.67,3.0,1.53,2.5,1.57,2.52,1.58,2.56,1.56,2.43,-0.25,2.02,1.91,2.0,1.92,2.02,1.95,1.97,1.89,2024,Football-Data.co.uk,https://www.football-data.co.uk/mmz4281/2425/D1.csv,2.15,3.6,3.25,2.26,3.73,3.3,2.24,3.8,3.35,1.69,2.34,1.94,2.02,2.15,3.4,3.0,2.22,3.76,3.18,2.36,3.8,3.15,1.6,2.62,2.04,1.94,,,,,,,,,,,,,,,,,,,,,,,,,,,,,,,2025-04-12,borussia m gladbach,freiburg,market_average_open,2.18,3.65,3.15,market_average_close,2.26,3.67,3.0,market_average_close,2.26,3.67,3.0,closing,0.4424778761061947,0.2724795640326976,0.3333333333333333,1.0482907734722255,0.4220946013295405,0.25992746566887237,0.31797793300158717,0.682022066998413,0.5779053986704595,0.7400725343311276,1.4662282181000559,1.7303870188799404,1.3512189057303592,H,0
D1,2025-04-12,17:30,Bayern Munich,Dortmund,2,2,D,0.0,0.0,D,28.0,11.0,11.0,3.0,8.0,5.0,6.0,5.0,0.0,0.0,0.0,0.0,1.44,5.25,6.0,,,,,,,1.43,5.36,6.51,,,,,,,1.47,5.5,6.69,1.43,5.2,6.4,1.4,3.0,1.4,3.04,1.4,3.2,1.38,2.99,-1.25,1.9,2.0,1.91,2.0,1.91,2.01,1.87,1.96,1.45,5.25,5.75,,,,,,,1.44,5.35,6.6,,,,,,,1.47,5.5,6.6,1.45,5.22,6.02,1.33,3.4,1.35,3.36,1.35,3.58,1.33,3.31,-1.25,1.93,2.0,1.93,1.99,1.95,2.02,1.9,1.96,2024,Football-Data.co.uk,https://www.football-data.co.uk/mmz4281/2425/D1.csv,1.4,5.0,6.5,1.47,5.35,6.69,1.46,5.7,7.0,1.42,3.2,1.93,2.01,1.44,4.6,5.0,1.47,5.37,6.12,1.46,5.5,7.0,1.37,3.6,1.92,2.04,,,,,,,,,,,,,,,,,,,,,,,,,,,,,,,2025-04-12,bayern munich,dortmund,market_average_open,1.43,5.2,6.4,market_average_close,1.45,5.22,6.02,market_average_close,1.45,5.22,6.02,closing,0.6896551724137931,0.19157088122605365,0.16611295681063123,1.047339010450478,0.6584832280019446,0.18291200777831793,0.1586047642197375,0.8413952357802625,0.3415167719980554,0.817087992221682,1.1885020944677163,2.9281138790035586,1.2238583965491596,H,1
D1,2025-04-13,14:30,Stuttgart,Werder Bremen,1,2,A,1.0,1.0,D,12.0,14.0,4.0,5.0,12.0,13.0,3.0,4.0,3.0,2.0,1.0,0.0,1.65,4.33,4.5,,,,,,,1.67,4.62,4.53,,,,,,,1.69,4.63,5.0,1.64,4.45,4.57,1.44,2.75,1.47,2.75,1.47,2.8,1.44,2.7,-0.75,1.83,2.07,1.84,2.08,1.84,2.09,1.79,2.04,1.73,4.2,4.1,,,,,,,1.75,4.31,4.44,,,,,,,1.78,4.35,4.6,1.73,4.25,4.26,1.5,2.63,1.51,2.67,1.51,2.74,1.48,2.65,-0.75,1.95,1.98,1.94,1.98,1.96,1.99,1.91,1.94,2024,Football-Data.co.uk,https://www.football-data.co.uk/mmz4281/2425/D1.csv,1.62,4.5,5.0,1.69,4.63,4.84,1.7,4.6,4.9,1.49,2.84,1.88,2.11,1.62,4.2,4.6,1.75,4.32,4.4,1.77,4.3,4.7,1.52,2.88,1.96,2.02,,,,,,,,,,,,,,,,,,,,,,,,,,,,,,,2025-04-13,vfb stuttgart,werder bremen,market_average_open,1.64,4.45,4.57,market_average_close,1.73,4.25,4.26,market_average_close,1.73,4.25,4.26,closing,0.5780346820809249,0.23529411764705882,0.2347417840375587,1.0480705837655424,0.5515226655862651,0.22450216740335024,0.22397516701038464,0.7760248329896153,0.4484773344137349,0.7754978325966497,1.2886185563772827,2.2297670880229314,1.2894942551311008,H,1
D1,2025-04-13,16:30,Ein Frankfurt,Heidenheim,3,0,H,2.0,0.0,H,19.0,14.0,8.0,3.0,6.0,7.0,5.0,3.0,1.0,1.0,0.0,0.0,1.73,4.2,4.2,,,,,,,1.75,4.18,4.43,,,,,,,1.77,4.22,4.68,1.72,4.08,4.41,1.67,2.2,1.69,2.25,1.72,2.3,1.65,2.23,-0.75,1.97,1.93,1.96,1.94,1.97,1.96,1.9,1.91,1.73,4.2,4.2,,,,,,,1.76,4.06,4.62,,,,,,,1.78,4.3,4.62,1.74,4.04,4.39,1.67,2.2,1.68,2.29,1.68,2.32,1.65,2.25,-0.75,1.99,1.94,1.98,1.94,2.0,1.97,1.94,1.92,2024,Football-Data.co.uk,https://www.football-data.co.uk/mmz4281/2425/D1.csv,1.7,4.2,4.6,1.77,4.22,4.68,1.79,4.2,4.7,1.72,2.3,2.01,1.96,1.75,3.9,4.2,1.74,4.3,4.48,1.81,4.1,4.8,1.73,2.34,1.99,1.99,,,,,,,,,,,,,,,,,,,,,,,,,,,,,,,2025-04-13,eintracht frankfurt,fc heidenheim,market_average_open,1.72,4.08,4.41,market_average_close,1.74,4.04,4.39,market_average_close,1.74,4.04,4.39,closing,0.5747126436781609,0.24752475247524752,0.22779043280182235,1.0500278289552307,0.5473308686018307,0.23573161172455084,0.21693751967361855,0.7830624803263815,0.4526691313981694,0.7642683882754492,1.277037305609635,2.209119046645123,1.3084408767140987,H,1
D1,2025-04-19,14:30,Freiburg,Hoffenheim,3,2,H,2.0,2.0,D,12.0,19.0,6.0,6.0,14.0,13.0,2.0,6.0,3.0,2.0,0.0,0.0,1.91,3.7,3.75,,,,,,,1.96,3.75,3.85,,,,,,,1.98,3.97,3.97,1.94,3.72,3.76,1.73,2.1,1.78,2.13,1.8,2.18,1.74,2.1,-0.5,1.97,1.93,1.97,1.93,1.98,1.93,1.94,1.89,1.91,3.75,3.8,,,,,,,1.94,3.8,4.0,,,,,,,1.95,3.88,4.04,1.91,3.76,3.87,1.73,2.1,1.72,2.21,1.75,2.25,1.7,2.16,-0.5,1.98,1.95,1.95,1.97,1.98,2.0,1.92,1.94,2024,Football-Data.co.uk,https://www.football-data.co.uk/mmz4281/2425/D1.csv,1.95,3.75,3.8,1.96,3.97,3.97,1.98,3.9,4.0,1.8,2.16,1.98,2.0,1.85,3.75,3.9,1.9,3.88,4.04,1.98,3.9,4.1,1.77,2.26,1.98,2.01,,,,,,,,,,,,,,,,,,,,,,,,,,,,,,,2025-04-19,freiburg,hoffenheim,market_average_open,1.94,3.72,3.76,market_average_close,1.91,3.76,3.87,market_average_close,1.91,3.76,3.87,closing,0.5235602094240838,0.26595744680851063,0.25839793281653745,1.0479155890491318,0.4996205943449673,0.2537966317018318,0.2465827739532009,0.7534172260467991,0.5003794056550327,0.7462033682981682,1.327285819103218,1.9984835280959015,1.3401172421409113,H,0
D1,2025-04-19,14:30,Heidenheim,Bayern Munich,0,4,A,0.0,3.0,A,4.0,18.0,1.0,11.0,8.0,11.0,4.0,4.0,3.0,1.0,0.0,0.0,9.0,6.0,1.29,,,,,,,9.06,6.38,1.29,,,,,,,10.5,6.5,1.31,9.41,6.18,1.28,1.4,3.0,1.39,3.06,1.4,3.1,1.38,2.98,1.75,1.89,2.01,1.88,2.01,1.9,2.01,1.87,1.95,10.0,6.0,1.27,,,,,,,9.59,6.57,1.27,,,,,,,11.0,6.75,1.3,9.71,6.36,1.27,1.29,3.75,1.32,3.48,1.32,3.85,1.3,3.53,1.75,2.05,1.88,2.03,1.88,2.06,1.92,2.0,1.86,2024,Football-Data.co.uk,https://www.football-data.co.uk/mmz4281/2425/D1.csv,10.5,6.0,1.25,10.3,6.49,1.31,10.0,6.8,1.31,1.42,3.15,1.88,1.98,10.0,6.0,1.25,10.7,6.16,1.29,11.5,6.6,1.3,1.35,3.75,2.05,1.93,,,,,,,,,,,,,,,,,,,,,,,,,,,,,,,2025-04-19,fc heidenheim,bayern munich,market_average_open,9.41,6.18,1.28,market_average_close,9.71,6.36,1.27,market_average_close,9.71,6.36,1.27,closing,0.10298661174047373,0.15723270440251572,0.7874015748031495,1.0476208909461389,0.09830522914397338,0.15008549921194678,0.75160927164408,0.24839072835592016,0.9016947708560268,0.8499145007880533,4.025915164462562,1.1090227339908458,1.1765889381494081,A,0
D1,2025-04-19,14:30,Mainz,Wolfsburg,2,2,D,2.0,1.0,H,18.0,16.0,7.0,4.0,15.0,8.0,7.0,5.0,2.0,3.0,0.0,0.0,2.0,3.6,3.6,,,,,,,2.05,3.72,3.6,,,,,,,2.06,3.83,3.75,2.02,3.65,3.53,1.8,2.0,1.83,2.06,1.86,2.1,1.79,2.02,-0.5,2.06,1.84,2.06,1.85,2.06,1.85,2.03,1.81,1.95,3.75,3.6,,,,,,,2.03,3.73,3.73,,,,,,,2.06,3.8,3.73,2.02,3.67,3.58,1.73,2.1,1.74,2.2,1.77,2.28,1.71,2.14,-0.5,2.03,1.9,2.04,1.89,2.06,1.9,2.02,1.84,2024,Football-Data.co.uk,https://www.football-data.co.uk/mmz4281/2425/D1.csv,2.0,3.6,3.75,2.06,3.83,3.73,2.12,3.75,3.6,1.83,2.16,2.12,1.84,2.0,3.6,3.5,2.01,3.79,3.73,2.08,3.8,3.8,1.79,2.22,2.1,1.9,,,,,,,,,,,,,,,,,,,,,,,,,,,,,,,2025-04-19,mainz 05,wolfsburg,market_average_open,2.02,3.65,3.53,market_average_close,2.02,3.67,3.58,market_average_close,2.02,3.67,3.58,closing,0.49504950495049505,0.2724795640326976,0.27932960893854747,1.0468586779217401,0.4728904821549403,0.2602830446738364,0.26682647317122327,0.7331735268287767,0.5271095178450597,0.7397169553261635,1.3639335892627467,1.897138955274838,1.3518684312962244,H,0
D1,2025-04-19,14:30,RB Leipzig,Holstein Kiel,1,1,D,0.0,1.0,A,10.0,13.0,4.0,3.0,5.0,9.0,9.0,7.0,1.0,2.0,0.0,0.0,1.33,5.75,7.5,,,,,,,1.31,6.22,8.55,,,,,,,1.34,6.22,9.5,1.31,5.89,8.51,1.4,3.0,1.41,3.0,1.42,3.0,1.39,2.9,-1.5,1.88,2.02,1.88,2.03,1.92,2.03,1.86,1.97,1.48,4.75,6.25,,,,,,,1.48,5.21,6.11,,,,,,,1.48,5.3,6.92,1.45,4.99,6.23,1.44,2.75,1.43,2.96,1.48,2.96,1.42,2.84,-1.25,2.03,1.9,2.04,1.89,2.04,1.99,1.96,1.9,2024,Football-Data.co.uk,https://www.football-data.co.uk/mmz4281/2425/D1.csv,1.3,6.0,9.0,1.34,6.21,9.15,1.34,6.4,9.4,1.44,3.1,,,1.4,5.0,6.0,1.47,4.86,6.92,1.48,5.3,7.0,1.46,3.1,2.0,1.96,,,,,,,,,,,,,,,,,,,,,,,,,,,,,,,2025-04-19,rasenballsport leipzig,holstein kiel,market_average_open,1.31,5.89,8.51,market_average_close,1.45,4.99,6.23,market_average_close,1.45,4.99,6.23,closing,0.6896551724137931,0.2004008016032064,0.16051364365971107,1.0505696176767105,0.656458325854631,0.19075442334453202,0.15278725080083705,0.847212749199163,0.34354167414536907,0.809245576655468,1.180341066568298,2.910855000307333,1.235718833500334,H,1
D1,2025-04-19,14:30,Werder Bremen,Bochum,1,0,H,0.0,0.0,D,14.0,12.0,4.0,1.0,9.0,20.0,2.0,7.0,3.0,3.0,0.0,1.0,1.73,4.1,4.33,,,,,,,1.74,4.19,4.49,,,,,,,1.77,4.27,4.63,1.73,4.11,4.35,1.57,2.38,1.57,2.5,1.64,2.5,1.56,2.43,-0.75,1.95,1.95,1.94,1.96,1.96,1.97,1.91,1.91,1.6,4.5,4.75,,,,,,,1.63,4.48,5.12,,,,,,,1.64,4.62,5.5,1.59,4.44,5.1,1.5,2.63,1.55,2.58,1.55,2.63,1.52,2.54,-1.0,2.04,1.89,2.05,1.88,2.05,1.95,1.98,1.87,2024,Football-Data.co.uk,https://www.football-data.co.uk/mmz4281/2425/D1.csv,1.7,4.1,4.5,1.77,4.27,4.63,1.78,4.4,4.5,1.61,2.52,1.97,1.93,1.5,4.33,5.5,1.59,4.62,5.35,1.64,4.6,5.5,1.59,2.68,2.02,1.96,,,,,,,,,,,,,,,,,,,,,,,,,,,,,,,2025-04-19,werder bremen,bochum,market_average_open,1.73,4.11,4.35,market_average_close,1.59,4.44,5.1,market_average_close,1.59,4.44,5.1,closing,0.6289308176100629,0.2252252252252252,0.19607843137254904,1.050234474207837,0.5988480030466035,0.21445232541533774,0.18669967153805878,0.8133003284619412,0.40115199695339654,0.7855476745846622,1.2295580918934739,2.4928206953838847,1.2729972124590958,H,1
D1,2025-04-19,17:30,Union Berlin,Stuttgart,4,4,D,4.0,4.0,D,12.0,13.0,5.0,6.0,8.0,9.0,3.0,5.0,0.0,2.0,0.0,0.0,2.8,3.4,2.45,,,,,,,2.87,3.43,2.54,,,,,,,2.97,3.54,2.55,2.83,3.4,2.48,1.8,2.0,1.82,2.07,1.84,2.13,1.78,2.05,0.0,2.08,1.82,2.08,1.84,2.13,1.84,2.07,1.8,3.0,3.4,2.25,,,,,,,3.2,3.5,2.32,,,,,,,3.25,3.55,2.47,3.07,3.44,2.29,1.8,2.0,1.82,2.09,1.82,2.12,1.79,2.05,0.25,1.92,2.01,1.92,2.01,1.95,2.02,1.87,1.94,2024,Football-Data.co.uk,https://www.football-data.co.uk/mmz4281/2425/D1.csv,2.88,3.4,2.45,2.97,3.54,2.52,2.98,3.55,2.58,1.83,2.1,2.14,1.86,2.9,3.3,2.2,3.25,3.53,2.27,3.25,3.6,2.38,1.85,2.16,1.94,2.04,,,,,,,,,,,,,,,,,,,,,,,,,,,,,,,2025-04-19,union berlin,vfb stuttgart,market_average_open,2.83,3.4,2.48,market_average_close,3.07,3.44,2.29,market_average_close,3.07,3.44,2.29,closing,0.32573289902280134,0.29069767441860467,0.4366812227074236,1.0531117961488294,0.30930514710212936,0.2760368609312608,0.4146579919666101,0.5853420080333902,0.6906948528978709,0.7239631390687394,1.7084029273069976,1.4478173621888337,1.3812857948628945,A,0
D1,2025-04-20,14:30,Augsburg,Ein Frankfurt,0,0,D,0.0,0.0,D,13.0,8.0,2.0,5.0,6.0,8.0,3.0,9.0,2.0,1.0,0.0,0.0,2.55,3.3,2.75,,,,,,,2.63,3.44,2.77,,,,,,,2.69,3.48,2.81,2.58,3.36,2.72,1.92,1.98,1.91,1.98,1.95,1.99,1.88,1.93,0.0,1.89,2.01,1.9,2.0,1.93,2.01,1.88,1.98,2.55,3.4,2.7,,,,,,,2.62,3.46,2.8,,,,,,,2.72,3.5,2.8,2.58,3.39,2.73,1.8,2.0,1.85,2.06,1.85,2.12,1.8,2.03,0.0,1.9,2.03,1.89,2.03,1.92,2.05,1.88,2.0,2024,Football-Data.co.uk,https://www.football-data.co.uk/mmz4281/2425/D1.csv,2.6,3.3,2.8,2.69,3.48,2.81,2.62,3.5,2.9,1.85,1.86,1.89,2.08,2.45,3.2,2.63,2.72,3.49,2.66,2.68,3.55,2.88,1.86,2.14,1.92,2.06,,,,,,,,,,,,,,,,,,,,,,,,,,,,,,,2025-04-20,augsburg,eintracht frankfurt,market_average_open,2.58,3.36,2.72,market_average_close,2.58,3.39,2.73,market_average_close,2.58,3.39,2.73,closing,0.38759689922480617,0.2949852507374631,0.3663003663003663,1.0488825162626356,0.3695331871922952,0.2812376468897114,0.3492291659179933,0.6507708340820066,0.6304668128077047,0.7187623531102885,1.5366392401568283,1.5861263109895123,1.3912804359782014,H,0
D1,2025-04-20,16:30,Dortmund,M'gladbach,3,2,H,3.0,1.0,H,14.0,6.0,6.0,3.0,13.0,10.0,6.0,2.0,1.0,2.0,0.0,0.0,1.42,5.25,6.5,,,,,,,1.43,5.46,6.47,,,,,,,1.45,5.5,7.5,1.41,5.25,6.6,1.36,3.2,1.37,3.19,1.38,3.2,1.36,3.07,-1.25,1.87,2.03,1.88,2.02,1.88,2.03,1.84,1.99,1.36,5.75,6.5,,,,,,,1.37,5.91,7.62,,,,,,,1.4,5.95,7.62,1.36,5.65,7.12,1.29,3.75,1.33,3.5,1.33,3.95,1.28,3.62,-1.5,1.93,2.0,1.93,2.0,1.94,2.01,1.91,1.93,2024,Football-Data.co.uk,https://www.football-data.co.uk/mmz4281/2425/D1.csv,1.36,5.0,7.5,1.45,5.45,6.99,1.43,5.6,6.8,1.35,2.96,1.79,1.94,1.3,5.0,6.5,1.4,5.95,6.72,1.4,5.9,8.2,1.33,3.9,1.95,2.03,,,,,,,,,,,,,,,,,,,,,,,,,,,,,,,2025-04-20,dortmund,borussia m gladbach,market_average_open,1.41,5.25,6.6,market_average_close,1.36,5.65,7.12,market_average_close,1.36,5.65,7.12,closing,0.7352941176470588,0.17699115044247787,0.1404494382022472,1.0527347062917838,0.6984609828596827,0.16812512153790596,0.13341389560241135,0.8665861043975887,0.3015390171403173,0.8318748784620941,1.1539534212761866,3.3163204201022616,1.2021038570712974,H,1
D1,2025-04-20,18:30,St Pauli,Leverkusen,1,1,D,0.0,1.0,A,10.0,6.0,5.0,4.0,12.0,12.0,4.0,4.0,1.0,4.0,0.0,0.0,5.25,3.8,1.67,,,,,,,5.42,3.93,1.67,,,,,,,5.5,4.0,1.72,5.15,3.85,1.67,2.03,1.87,2.03,1.86,2.05,1.9,1.97,1.84,0.75,2.01,1.89,2.03,1.88,2.03,1.89,1.98,1.84,4.75,3.8,1.7,,,,,,,5.08,3.93,1.72,,,,,,,5.2,4.0,1.73,4.96,3.88,1.7,1.88,2.02,1.9,2.01,1.91,2.05,1.86,1.96,0.75,1.99,1.94,1.98,1.94,1.99,1.96,1.96,1.89,2024,Football-Data.co.uk,https://www.football-data.co.uk/mmz4281/2425/D1.csv,5.0,3.8,1.7,5.5,3.97,1.72,4.7,3.95,1.62,1.93,1.79,2.0,1.79,4.75,3.6,1.67,5.1,3.91,1.73,5.3,4.0,1.77,1.96,2.02,2.0,1.96,,,,,,,,,,,,,,,,,,,,,,,,,,,,,,,2025-04-20,st pauli,bayer leverkusen,market_average_open,5.15,3.85,1.67,market_average_close,4.96,3.88,1.7,market_average_close,4.96,3.88,1.7,closing,0.20161290322580647,0.2577319587628866,0.5882352941176471,1.0475801561063403,0.19245582502742697,0.2460260031278448,0.5615181718447281,0.4384818281552718,0.8075441749725729,0.753973996872155,2.280596220388608,1.2383223494045557,1.3263056871304297,A,0
D1,2025-04-25,19:30,Stuttgart,Heidenheim,0,1,A,0.0,0.0,D,19.0,6.0,3.0,2.0,14.0,16.0,6.0,5.0,0.0,4.0,0.0,0.0,1.48,5.0,5.75,,,,,,,1.51,4.97,5.99,,,,,,,1.53,5.1,6.12,1.49,4.9,5.87,1.44,2.75,1.49,2.75,1.49,2.78,1.45,2.7,-1.25,2.05,1.85,2.07,1.87,2.07,1.87,2.01,1.83,1.45,4.75,6.0,,,,,,,1.51,4.86,6.06,,,,,,,1.54,5.1,6.65,1.46,4.88,6.19,1.5,2.63,1.5,2.71,1.5,2.85,1.47,2.7,-1.25,2.02,1.88,2.08,1.85,2.08,1.99,1.96,1.89,2024,Football-Data.co.uk,https://www.football-data.co.uk/mmz4281/2425/D1.csv,1.47,5.0,6.0,1.53,4.99,6.12,1.54,5.1,6.4,1.51,2.9,2.08,1.9,1.4,4.6,5.5,1.46,5.1,6.65,1.51,5.2,6.6,1.53,2.84,2.06,1.93,,,,,,,,,,,,,,,,,,,,,,,,,,,,,,,2025-04-25,vfb stuttgart,fc heidenheim,market_average_open,1.49,4.9,5.87,market_average_close,1.46,4.88,6.19,market_average_close,1.46,4.88,6.19,closing,0.684931506849315,0.20491803278688525,0.16155088852988692,1.0514004281660871,0.65144685935121,0.19490008496982927,0.1536530556789607,0.8463469443210393,0.34855314064878995,0.8050999150301708,1.1815485442583185,2.8690029822672654,1.242081860066431,H,1
D1,2025-04-26,14:30,Bayern Munich,Mainz,3,0,H,2.0,0.0,H,14.0,8.0,6.0,3.0,13.0,17.0,4.0,4.0,2.0,2.0,0.0,0.0,1.22,7.0,11.0,,,,,,,1.22,7.3,11.15,,,,,,,1.25,7.5,13.0,1.22,7.12,11.36,1.33,3.4,1.34,3.34,1.34,3.4,1.32,3.29,-2.0,2.02,1.88,2.01,1.88,2.03,1.9,1.97,1.86,1.25,7.0,9.5,,,,,,,1.24,7.26,11.09,,,,,,,1.27,7.5,12.0,1.23,7.02,10.41,1.25,4.0,1.33,3.36,1.33,4.17,1.26,3.84,-2.0,2.03,1.87,2.03,1.88,2.03,1.94,1.97,1.87,2024,Football-Data.co.uk,https://www.football-data.co.uk/mmz4281/2425/D1.csv,1.2,7.5,13.0,1.25,7.36,12.2,1.24,7.8,14.0,1.36,3.55,2.01,1.91,1.18,7.0,12.0,1.27,7.12,9.66,1.25,8.0,12.0,1.29,4.3,2.0,1.94,,,,,,,,,,,,,,,,,,,,,,,,,,,,,,,2025-04-26,bayern munich,mainz 05,market_average_open,1.22,7.12,11.36,market_average_close,1.23,7.02,10.41,market_average_close,1.23,7.02,10.41,closing,0.8130081300813008,0.14245014245014245,0.09606147934678194,1.051519751878225,0.7731743779697008,0.1354707243451185,0.09135489768518079,0.9086451023148193,0.2268256220302993,0.8645292756548816,1.1005396908566936,4.40867301960455,1.1566988280905806,H,1
D1,2025-04-26,14:30,Hoffenheim,Dortmund,2,3,A,0.0,1.0,A,11.0,16.0,3.0,8.0,17.0,9.0,2.0,5.0,5.0,1.0,0.0,0.0,4.1,4.33,1.73,,,,,,,4.3,4.37,1.74,,,,,,,4.43,4.46,1.78,4.15,4.3,1.73,1.44,2.75,1.44,2.86,1.45,2.88,1.42,2.78,0.75,1.97,1.93,1.97,1.93,1.98,1.93,1.92,1.9,4.0,3.9,1.83,,,,,,,4.01,4.08,1.87,,,,,,,4.25,4.08,1.91,3.97,3.96,1.84,1.53,2.5,1.56,2.56,1.6,2.63,1.53,2.5,0.5,2.03,1.87,2.05,1.88,2.09,1.88,2.01,1.84,2024,Football-Data.co.uk,https://www.football-data.co.uk/mmz4281/2425/D1.csv,4.2,4.33,1.73,4.43,4.46,1.77,4.3,4.6,1.79,1.47,3.0,1.98,1.98,3.9,3.9,1.8,4.25,3.98,1.84,4.2,4.1,1.92,1.59,2.66,2.08,1.92,,,,,,,,,,,,,,,,,,,,,,,,,,,,,,,2025-04-26,hoffenheim,dortmund,market_average_open,4.15,4.3,1.73,market_average_close,3.97,3.96,1.84,market_average_close,3.97,3.96,1.84,closing,0.2518891687657431,0.25252525252525254,0.5434782608695652,1.0478926821605608,0.24037687547010467,0.24098388778189786,0.5186392367479975,0.4813607632520025,0.7596231245298953,0.7590161122181022,2.0774439388124346,1.316442282637019,1.3174950885794259,A,0
D1,2025-04-26,14:30,Holstein Kiel,M'gladbach,4,3,H,2.0,0.0,H,22.0,16.0,11.0,7.0,13.0,11.0,7.0,8.0,2.0,1.0,0.0,0.0,3.1,3.8,2.15,,,,,,,3.18,3.9,2.16,,,,,,,3.22,4.0,2.21,3.06,3.86,2.15,1.5,2.63,1.5,2.67,1.5,2.75,1.47,2.62,0.25,1.99,1.91,2.0,1.9,2.0,1.92,1.94,1.85,2.45,3.8,2.63,,,,,,,2.51,3.83,2.72,,,,,,,2.71,3.85,2.72,2.54,3.74,2.6,1.44,2.75,1.49,2.74,1.53,2.75,1.48,2.66,0.0,1.87,2.03,1.88,2.05,1.97,2.05,1.91,1.97,2024,Football-Data.co.uk,https://www.football-data.co.uk/mmz4281/2425/D1.csv,3.1,3.8,2.15,3.22,3.96,2.21,3.2,4.0,2.26,1.54,2.76,2.01,1.97,2.55,3.6,2.55,2.71,3.82,2.5,2.66,3.85,2.72,1.51,2.92,1.97,2.02,,,,,,,,,,,,,,,,,,,,,,,,,,,,,,,2025-04-26,holstein kiel,borussia m gladbach,market_average_open,3.06,3.86,2.15,market_average_close,2.54,3.74,2.6,market_average_close,2.54,3.74,2.6,closing,0.39370078740157477,0.267379679144385,0.3846153846153846,1.0456958511613443,0.3764964611500875,0.2556954575725193,0.3678080812773932,0.6321919187226068,0.6235035388499125,0.7443045424274807,1.581798138167565,1.6038401351250653,1.343536070246988,H,0
D1,2025-04-26,14:30,Leverkusen,Augsburg,2,0,H,2.0,0.0,H,14.0,11.0,5.0,2.0,10.0,10.0,3.0,7.0,0.0,1.0,0.0,0.0,1.36,5.0,8.5,,,,,,,1.37,5.23,8.61,,,,,,,1.4,5.28,9.5,1.36,5.01,8.72,1.73,2.1,1.78,2.12,1.83,2.16,1.76,2.08,-1.25,1.85,2.05,1.85,2.07,1.85,2.07,1.8,2.02,1.48,4.75,6.0,,,,,,,1.47,4.77,6.41,,,,,,,1.52,4.81,6.75,1.48,4.67,6.24,1.62,2.3,1.64,2.35,1.66,2.36,1.63,2.29,-1.25,2.08,1.82,2.1,1.84,2.12,1.84,2.05,1.8,2024,Football-Data.co.uk,https://www.football-data.co.uk/mmz4281/2425/D1.csv,1.33,5.0,9.5,1.4,5.28,9.1,1.39,5.3,10.0,1.84,2.16,1.87,2.07,1.4,4.75,6.5,1.52,4.81,6.07,1.51,4.8,7.4,1.69,2.42,2.12,1.87,,,,,,,,,,,,,,,,,,,,,,,,,,,,,,,2025-04-26,bayer leverkusen,augsburg,market_average_open,1.36,5.01,8.72,market_average_close,1.48,4.67,6.24,market_average_close,1.48,4.67,6.24,closing,0.6756756756756757,0.21413276231263384,0.16025641025641024,1.0500648482447197,0.6434609032052925,0.20392336975242673,0.15261572704228088,0.8473842729577192,0.35653909679470763,0.7960766302475734,1.1801021471753177,2.804741496767161,1.2561604775271549,H,1
D1,2025-04-26,14:30,Wolfsburg,Freiburg,0,1,A,0.0,0.0,D,8.0,15.0,1.0,2.0,6.0,9.0,3.0,2.0,3.0,1.0,1.0,0.0,2.35,3.5,2.88,,,,,,,2.4,3.67,2.91,,,,,,,2.53,3.67,2.96,2.4,3.56,2.84,1.73,2.1,1.74,2.18,1.78,2.2,1.73,2.11,-0.25,2.08,1.82,2.09,1.83,2.09,1.83,2.04,1.79,2.3,3.6,2.88,,,,,,,2.37,3.69,2.98,,,,,,,2.44,3.7,2.98,2.36,3.63,2.86,1.62,2.3,1.63,2.4,1.65,2.42,1.6,2.35,-0.25,2.05,1.85,2.07,1.86,2.09,1.86,2.03,1.82,2024,Football-Data.co.uk,https://www.football-data.co.uk/mmz4281/2425/D1.csv,2.4,3.5,2.88,2.47,3.67,2.96,2.48,3.75,3.0,1.77,2.24,2.14,1.85,2.4,3.5,2.8,2.37,3.7,2.96,2.42,3.75,3.05,1.64,2.52,2.1,1.89,,,,,,,,,,,,,,,,,,,,,,,,,,,,,,,2025-04-26,wolfsburg,freiburg,market_average_open,2.4,3.56,2.84,market_average_close,2.36,3.63,2.86,market_average_close,2.36,3.63,2.86,closing,0.42372881355932207,0.27548209366391185,0.3496503496503497,1.0488612568735838,0.4039893844705076,0.2626487458265559,0.33336186970293635,0.6666381302970634,0.5960106155294922,0.7373512541734439,1.5000642095800698,1.6778224648089632,1.3562057355160806,H,0
D1,2025-04-26,17:30,Ein Frankfurt,RB Leipzig,4,0,H,1.0,0.0,H,9.0,7.0,6.0,3.0,10.0,13.0,8.0,4.0,1.0,2.0,0.0,1.0,2.15,3.8,3.0,,,,,,,2.17,3.92,3.15,,,,,,,2.23,4.1,3.15,2.16,3.84,3.03,1.5,2.63,1.51,2.64,1.51,2.65,1.48,2.59,-0.25,1.92,1.98,1.91,2.0,1.92,2.0,1.88,1.94,2.0,4.0,3.4,,,,,,,2.06,3.91,3.48,,,,,,,2.07,4.05,3.48,2.02,3.94,3.35,1.44,2.75,1.49,2.76,1.49,2.95,1.45,2.76,-0.5,2.04,1.86,2.07,1.88,2.07,1.88,2.02,1.84,2024,Football-Data.co.uk,https://www.football-data.co.uk/mmz4281/2425/D1.csv,2.15,3.9,3.0,2.2,4.1,3.15,2.24,4.0,3.25,1.53,2.84,1.96,2.02,1.95,3.75,3.3,2.03,4.05,3.45,2.08,4.1,3.6,1.5,2.92,2.06,1.92,,,,,,,,,,,,,,,,,,,,,,,,,,,,,,,2025-04-26,eintracht frankfurt,rasenballsport leipzig,market_average_open,2.16,3.84,3.03,market_average_close,2.02,3.94,3.35,market_average_close,2.02,3.94,3.35,closing,0.49504950495049505,0.25380710659898476,0.29850746268656714,1.047364074236047,0.47266229301552737,0.2423293989571993,0.2850083080272732,0.7149916919727266,0.5273377069844725,0.7576706010428006,1.3986176500050087,1.8963180268644153,1.3198347654292981,H,0
D1,2025-04-27,14:30,Bochum,Union Berlin,1,1,D,0.0,1.0,A,10.0,5.0,4.0,1.0,11.0,9.0,10.0,4.0,3.0,2.0,0.0,0.0,2.25,3.4,3.1,,,,,,,2.36,3.5,3.09,,,,,,,2.36,3.71,3.2,2.3,3.49,3.04,1.85,2.05,1.84,2.05,1.88,2.07,1.82,2.01,-0.25,2.01,1.89,2.04,1.87,2.04,1.89,1.97,1.85,2.3,3.3,3.1,,,,,,,2.4,3.46,3.11,,,,,,,2.45,3.46,3.15,2.37,3.37,3.04,1.86,2.04,1.88,2.04,1.99,2.04,1.88,1.94,-0.25,2.05,1.85,2.07,1.86,2.07,1.89,2.03,1.83,2024,Football-Data.co.uk,https://www.football-data.co.uk/mmz4281/2425/D1.csv,2.3,3.4,3.2,2.36,3.71,3.11,2.44,3.55,3.2,1.87,2.06,2.09,1.89,2.2,3.3,2.9,2.44,3.39,3.06,2.4,3.55,3.3,1.96,2.02,2.05,1.93,,,,,,,,,,,,,,,,,,,,,,,,,,,,,,,2025-04-27,bochum,union berlin,market_average_open,2.3,3.49,3.04,market_average_close,2.37,3.37,3.04,market_average_close,2.37,3.37,3.04,closing,0.42194092827004215,0.29673590504451036,0.32894736842105265,1.0476242017356052,0.40275981365360797,0.28324651583354626,0.3139936705128457,0.6860063294871542,0.597240186346392,0.7167534841664537,1.4577124977076839,1.674368240552407,1.3951798241524378,H,0
D1,2025-04-27,16:30,Werder Bremen,St Pauli,0,0,D,0.0,0.0,D,11.0,10.0,2.0,4.0,9.0,16.0,1.0,3.0,2.0,3.0,0.0,1.0,1.85,3.6,4.0,,,,,,,1.92,3.74,4.07,,,,,,,1.96,3.89,4.2,1.9,3.68,3.93,1.88,2.02,1.88,2.01,1.9,2.05,1.83,1.99,-0.5,1.92,1.98,1.93,1.98,1.93,1.98,1.91,1.93,1.95,3.6,3.8,,,,,,,2.03,3.6,3.87,,,,,,,2.13,3.68,4.05,1.99,3.56,3.75,1.86,2.04,1.88,2.03,1.98,2.06,1.86,1.97,-0.5,2.03,1.87,2.04,1.89,2.12,1.89,2.02,1.84,2024,Football-Data.co.uk,https://www.football-data.co.uk/mmz4281/2425/D1.csv,1.87,3.6,4.2,1.96,3.89,4.04,1.96,3.9,4.1,1.89,2.06,1.96,2.02,1.95,3.4,3.6,1.95,3.68,4.05,2.04,3.65,4.1,1.92,2.06,2.04,1.95,,,,,,,,,,,,,,,,,,,,,,,,,,,,,,,2025-04-27,werder bremen,st pauli,market_average_open,1.9,3.68,3.93,market_average_close,1.99,3.56,3.75,market_average_close,1.99,3.56,3.75,closing,0.5025125628140703,0.2808988764044944,0.26666666666666666,1.0500781058852313,0.47854779563320654,0.2675028408174385,0.253949363549355,0.7460506364506451,0.5214522043667935,0.7324971591825615,1.3403915915915916,1.9177213014456687,1.3651930078690835,H,0
D1,2025-05-02,19:30,Heidenheim,Bochum,0,0,D,0.0,0.0,D,11.0,14.0,3.0,3.0,8.0,14.0,6.0,4.0,0.0,1.0,0.0,0.0,2.25,3.6,3.1,,,,,,,2.32,3.59,3.13,,,,,,,2.37,3.63,3.15,2.29,3.54,3.06,1.62,2.15,1.7,2.26,1.75,2.28,1.68,2.2,-0.25,2.01,1.89,2.02,1.91,2.03,1.91,1.97,1.87,2.35,3.4,3.0,,,,,,,2.41,3.39,3.15,,,,,,,2.44,3.48,3.15,2.36,3.38,3.02,1.95,1.95,1.93,1.97,1.99,2.04,1.89,1.94,-0.25,1.98,1.8,2.08,1.86,2.08,1.87,2.02,1.83,2024,Football-Data.co.uk,https://www.football-data.co.uk/mmz4281/2425/D1.csv,2.3,3.5,3.0,2.37,3.63,3.15,2.4,3.65,3.2,1.76,2.28,2.07,1.92,2.25,3.2,2.9,2.4,3.48,3.06,2.46,3.45,3.2,1.94,2.06,2.1,1.88,,,,,,,,,,,,,,,,,,,,,,,,,,,,,,,2025-05-02,fc heidenheim,bochum,market_average_open,2.29,3.54,3.06,market_average_close,2.36,3.38,3.02,market_average_close,2.36,3.38,3.02,closing,0.42372881355932207,0.2958579881656805,0.33112582781456956,1.0507126295395721,0.403277548633828,0.28157840673841245,0.31514404462775963,0.6848559553722404,0.5967224513661721,0.7184215932615876,1.4601610632946442,1.675820974576271,1.391940344471085,H,0
D1,2025-05-03,14:30,M'gladbach,Hoffenheim,4,4,D,2.0,1.0,H,12.0,26.0,7.0,8.0,6.0,8.0,4.0,7.0,0.0,0.0,0.0,0.0,2.1,4.0,3.0,,,,,,,2.13,4.03,3.16,,,,,,,2.16,4.16,3.3,2.1,3.95,3.11,1.41,2.7,1.47,2.76,1.47,2.8,1.44,2.71,-0.25,1.88,2.02,1.88,2.03,1.88,2.06,1.83,1.99,2.25,3.8,2.88,,,,,,,2.27,4.05,2.94,,,,,,,2.31,4.05,2.94,2.26,3.95,2.84,1.36,3.2,1.38,3.19,1.41,3.2,1.36,3.11,-0.25,2.0,1.9,2.01,1.92,2.06,1.92,2.0,1.86,2024,Football-Data.co.uk,https://www.football-data.co.uk/mmz4281/2425/D1.csv,2.1,3.9,3.3,2.16,4.16,3.21,2.2,4.0,3.2,1.5,2.86,1.93,2.05,2.2,3.9,2.8,2.3,3.89,2.94,2.36,4.1,2.96,1.4,3.4,2.07,1.91,,,,,,,,,,,,,,,,,,,,,,,,,,,,,,,2025-05-03,borussia m gladbach,hoffenheim,market_average_open,2.1,3.95,3.11,market_average_close,2.26,3.95,2.84,market_average_close,2.26,3.95,2.84,closing,0.4424778761061947,0.2531645569620253,0.35211267605633806,1.047755109124558,0.42231039701243067,0.24162569550584634,0.336063907481723,0.663936092518277,0.5776896029875693,0.7583743044941537,1.5061690594452384,1.7310334041471713,1.3186100769421691,H,0
D1,2025-05-03,14:30,RB Leipzig,Bayern Munich,3,3,D,2.0,0.0,H,8.0,20.0,6.0,6.0,9.0,6.0,2.0,7.0,3.0,1.0,0.0,0.0,4.5,4.33,1.62,,,,,,,4.46,4.73,1.66,,,,,,,4.75,4.75,1.69,4.49,4.57,1.64,1.33,3.2,1.37,3.2,1.37,3.4,1.34,3.17,1.0,1.83,2.07,1.85,2.06,1.85,2.11,1.81,2.01,4.2,4.5,1.7,,,,,,,4.19,4.77,1.72,,,,,,,4.2,4.77,1.78,4.12,4.52,1.71,1.29,3.75,1.34,3.38,1.34,3.75,1.3,3.48,0.75,2.02,1.88,2.04,1.88,2.04,1.92,1.98,1.87,2024,Football-Data.co.uk,https://www.football-data.co.uk/mmz4281/2425/D1.csv,4.6,4.5,1.62,4.73,4.73,1.69,4.8,4.8,1.7,1.38,3.4,1.87,2.08,4.1,4.5,1.67,4.11,4.45,1.78,4.4,4.8,1.76,1.34,3.8,2.05,1.93,,,,,,,,,,,,,,,,,,,,,,,,,,,,,,,2025-05-03,rasenballsport leipzig,bayern munich,market_average_open,4.49,4.57,1.64,market_average_close,4.12,4.52,1.71,market_average_close,4.12,4.52,1.71,closing,0.24271844660194175,0.22123893805309736,0.5847953216374269,1.048752706292466,0.23143534709912328,0.21095434293105927,0.5576103099698174,0.4423896900301826,0.7685646529008767,0.7890456570689407,2.2604505089885203,1.3011267122753978,1.2673537849694136,A,0
D1,2025-05-03,14:30,St Pauli,Stuttgart,0,1,A,0.0,0.0,D,6.0,21.0,1.0,8.0,17.0,12.0,4.0,4.0,6.0,3.0,2.0,0.0,2.62,3.5,2.55,,,,,,,2.73,3.52,2.61,,,,,,,2.8,3.57,2.65,2.67,3.47,2.57,1.85,2.05,1.85,2.04,1.89,2.06,1.83,2.0,0.0,2.0,1.9,1.99,1.91,2.03,1.92,1.98,1.88,2.8,3.4,2.45,,,,,,,2.86,3.53,2.53,,,,,,,2.88,3.53,2.61,2.79,3.46,2.5,1.8,2.0,1.8,2.1,1.83,2.11,1.79,2.05,0.0,2.06,1.84,2.09,1.85,2.09,1.88,2.04,1.85,2024,Football-Data.co.uk,https://www.football-data.co.uk/mmz4281/2425/D1.csv,2.7,3.4,2.63,2.8,3.56,2.65,2.76,3.6,2.72,1.87,2.08,2.0,1.98,2.7,3.4,2.45,2.88,3.5,2.52,2.94,3.55,2.62,1.84,2.16,2.09,1.89,,,,,,,,,,,,,,,,,,,,,,,,,,,,,,,2025-05-03,st pauli,vfb stuttgart,market_average_open,2.67,3.47,2.57,market_average_close,2.79,3.46,2.5,market_average_close,2.79,3.46,2.5,closing,0.35842293906810035,0.28901734104046245,0.4,1.047440280108563,0.34218937907462493,0.2759272738780935,0.38188334704728144,0.6181166529527184,0.6578106209253749,0.7240727261219064,1.6178176000000002,1.5201943662649446,1.3810767398406854,A,0
D1,2025-05-03,14:30,Union Berlin,Werder Bremen,2,2,D,1.0,2.0,A,17.0,13.0,7.0,6.0,9.0,8.0,5.0,5.0,2.0,3.0,0.0,0.0,2.7,3.4,2.55,,,,,,,2.78,3.45,2.61,,,,,,,2.84,3.55,2.64,2.72,3.42,2.56,1.89,2.01,1.9,1.99,1.92,2.02,1.86,1.96,0.0,2.0,1.85,2.02,1.89,2.05,1.9,2.0,1.86,3.2,3.5,2.15,,,,,,,3.38,3.49,2.25,,,,,,,3.38,3.58,2.44,3.12,3.45,2.28,1.88,2.02,1.91,2.0,1.99,2.07,1.86,1.96,0.25,1.95,1.9,1.98,1.94,1.98,2.05,1.88,1.92,2024,Football-Data.co.uk,https://www.football-data.co.uk/mmz4281/2425/D1.csv,2.7,3.4,2.63,2.84,3.52,2.64,2.78,3.6,2.72,1.92,2.02,2.02,1.96,3.1,3.3,2.3,3.07,3.58,2.35,3.35,3.5,2.38,1.94,2.04,1.94,2.04,,,,,,,,,,,,,,,,,,,,,,,,,,,,,,,2025-05-03,union berlin,werder bremen,market_average_open,2.72,3.42,2.56,market_average_close,3.12,3.45,2.28,market_average_close,3.12,3.45,2.28,closing,0.3205128205128205,0.2898550724637681,0.4385964912280702,1.0489643842046588,0.30555167109495174,0.2763249895119564,0.41812333939309193,0.5818766606069081,0.6944483289050483,0.7236750104880436,1.7185772650805096,1.4399919452275474,1.3818357487922706,A,0
D1,2025-05-03,17:30,Dortmund,Wolfsburg,4,0,H,1.0,0.0,H,11.0,11.0,5.0,2.0,13.0,6.0,4.0,3.0,0.0,1.0,0.0,0.0,1.33,5.75,7.5,,,,,,,1.32,6.21,7.74,,,,,,,1.34,6.42,8.75,1.32,5.97,7.96,1.33,3.4,1.33,3.46,1.33,3.46,1.31,3.35,-1.5,1.86,2.04,1.83,2.05,1.88,2.07,1.84,1.99,1.27,6.25,9.0,,,,,,,1.27,6.72,9.89,,,,,,,1.3,7.0,11.0,1.27,6.36,9.43,1.3,3.5,1.32,3.49,1.34,3.6,1.31,3.4,-1.75,1.89,2.01,1.91,2.0,1.96,2.01,1.9,1.95,2024,Football-Data.co.uk,https://www.football-data.co.uk/mmz4281/2425/D1.csv,1.3,6.0,8.5,1.34,6.42,8.75,1.34,6.6,9.2,1.37,3.5,1.88,2.06,1.22,6.0,8.5,1.3,6.41,9.62,1.31,6.8,10.5,1.36,3.7,2.02,1.94,,,,,,,,,,,,,,,,,,,,,,,,,,,,,,,2025-05-03,dortmund,wolfsburg,market_average_open,1.32,5.97,7.96,market_average_close,1.27,6.36,9.43,market_average_close,1.27,6.36,9.43,closing,0.7874015748031495,0.15723270440251572,0.10604453870625663,1.0506788179119217,0.7494217656048314,0.14964868589907798,0.10092954849609077,0.8990704515039094,0.25057823439516874,0.8503513141009222,1.1122598883405208,3.9907695990186145,1.1759845412331744,H,1
D1,2025-05-04,14:30,Augsburg,Holstein Kiel,1,3,A,0.0,2.0,A,27.0,7.0,10.0,5.0,4.0,20.0,12.0,0.0,0.0,2.0,0.0,0.0,1.83,3.9,4.0,,,,,,,1.85,3.81,4.29,,,,,,,1.88,3.95,4.32,1.84,3.76,4.14,1.85,2.05,1.84,2.06,1.89,2.06,1.81,2.01,-0.5,1.86,2.04,1.86,2.05,1.87,2.05,1.84,2.0,1.75,4.0,4.2,,,,,,,1.79,4.1,4.4,,,,,,,1.81,4.1,4.4,1.78,3.97,4.23,1.62,2.3,1.66,2.31,1.7,2.4,1.64,2.26,-0.75,2.03,1.87,2.02,1.91,2.05,1.91,1.99,1.86,2024,Football-Data.co.uk,https://www.football-data.co.uk/mmz4281/2425/D1.csv,1.85,3.7,4.2,1.88,3.95,4.32,1.92,3.85,4.5,1.87,2.1,1.92,2.07,1.7,3.8,4.0,1.81,4.03,4.34,1.82,4.2,4.6,1.69,2.42,2.05,1.93,,,,,,,,,,,,,,,,,,,,,,,,,,,,,,,2025-05-04,augsburg,holstein kiel,market_average_open,1.84,3.76,4.14,market_average_close,1.78,3.97,4.23,market_average_close,1.78,3.97,4.23,closing,0.5617977528089888,0.2518891687657431,0.23640661938534277,1.0500935409600747,0.5349978177137924,0.23987307695983637,0.22512910532637123,0.7748708946736288,0.4650021822862076,0.7601269230401636,1.2905375680953848,2.150527541792272,1.315569768270347,H,1
D1,2025-05-04,16:30,Freiburg,Leverkusen,2,2,D,1.0,0.0,H,8.0,5.0,4.0,2.0,10.0,16.0,4.0,1.0,1.0,2.0,0.0,0.0,3.2,3.4,2.25,,,,,,,3.14,3.51,2.33,,,,,,,3.2,3.75,2.35,3.08,3.51,2.27,1.73,2.1,1.77,2.13,1.81,2.17,1.75,2.09,0.25,1.91,1.99,1.89,2.02,1.91,2.02,1.87,1.92,3.1,3.5,2.2,,,,,,,3.23,3.62,2.27,,,,,,,3.26,3.65,2.31,3.14,3.55,2.23,1.62,2.3,1.65,2.34,1.7,2.4,1.63,2.3,0.25,1.95,1.95,1.95,1.97,1.95,2.01,1.92,1.9,2024,Football-Data.co.uk,https://www.football-data.co.uk/mmz4281/2425/D1.csv,3.2,3.4,2.3,3.17,3.75,2.31,3.25,3.65,2.34,1.84,2.16,1.94,2.02,3.0,3.4,2.1,3.2,3.61,2.27,3.3,3.65,2.32,1.7,2.4,1.98,2.0,,,,,,,,,,,,,,,,,,,,,,,,,,,,,,,2025-05-04,freiburg,bayer leverkusen,market_average_open,3.08,3.51,2.27,market_average_close,3.14,3.55,2.23,market_average_close,3.14,3.55,2.23,closing,0.3184713375796178,0.28169014084507044,0.4484304932735426,1.0485919716982308,0.3037133090613335,0.2686365606908696,0.42765013024779697,0.5723498697522031,0.6962866909386666,0.7313634393091304,1.7471830655486067,1.4361900249046788,1.3673092559078868,A,0
D1,2025-05-04,18:30,Mainz,Ein Frankfurt,1,1,D,0.0,1.0,A,12.0,8.0,3.0,2.0,10.0,10.0,8.0,1.0,1.0,0.0,0.0,0.0,2.35,3.5,2.9,,,,,,,2.41,3.67,2.89,,,,,,,2.45,3.89,2.9,2.38,3.64,2.82,1.62,2.3,1.65,2.33,1.67,2.4,1.62,2.31,-0.25,2.08,1.82,2.1,1.82,2.1,1.82,2.04,1.79,2.4,3.7,2.7,,,,,,,2.37,3.62,3.02,,,,,,,2.45,3.8,3.02,2.36,3.62,2.87,1.57,2.38,1.64,2.4,1.65,2.42,1.6,2.34,-0.25,2.08,1.73,2.06,1.87,2.11,1.87,2.06,1.8,2024,Football-Data.co.uk,https://www.football-data.co.uk/mmz4281/2425/D1.csv,2.4,3.7,2.88,2.42,3.89,2.9,2.46,3.8,2.96,1.67,2.4,2.14,1.86,2.25,3.4,2.8,2.31,3.8,2.98,2.44,3.75,3.05,1.66,2.5,2.11,1.89,,,,,,,,,,,,,,,,,,,,,,,,,,,,,,,2025-05-04,mainz 05,eintracht frankfurt,market_average_open,2.38,3.64,2.82,market_average_close,2.36,3.62,2.87,market_average_close,2.36,3.62,2.87,closing,0.42372881355932207,0.27624309392265195,0.3484320557491289,1.0484039632311029,0.4041655968691891,0.26348917364952656,0.33234522948128437,0.6676547705187157,0.5958344031308109,0.7365108263504735,1.4977800566347754,1.6783186649604347,1.3577532932613585,H,0
D1,2025-05-09,19:30,Wolfsburg,Hoffenheim,2,2,D,1.0,1.0,D,14.0,17.0,5.0,7.0,11.0,10.0,5.0,6.0,0.0,2.0,0.0,0.0,2.2,3.6,2.9,,,,,,,2.3,3.77,2.99,,,,,,,2.39,3.83,3.1,2.29,3.7,2.94,1.5,2.63,1.52,2.6,1.52,2.63,1.5,2.57,-0.25,2.03,1.87,2.02,1.89,2.06,1.89,1.99,1.84,2.8,3.6,2.3,,,,,,,2.98,3.62,2.4,,,,,,,2.98,3.73,2.54,2.77,3.61,2.46,1.5,2.63,1.53,2.62,1.53,2.7,1.49,2.61,0.25,1.85,2.05,1.85,2.09,1.85,2.23,1.77,2.07,2024,Football-Data.co.uk,https://www.football-data.co.uk/mmz4281/2425/D1.csv,2.2,3.6,3.1,2.37,3.83,3.02,2.34,3.8,3.2,1.62,2.56,2.03,1.95,2.63,3.5,2.5,2.79,3.73,2.47,2.86,3.75,2.58,1.55,2.78,1.8,2.23,,,,,,,,,,,,,,,,,,,,,,,,,,,,,,,2025-05-09,wolfsburg,hoffenheim,market_average_open,2.29,3.7,2.94,market_average_close,2.77,3.61,2.46,market_average_close,2.77,3.61,2.46,closing,0.36101083032490977,0.2770083102493075,0.4065040650406504,1.0445232056148677,0.34562260405923445,0.26520072389032673,0.38917667205043877,0.6108233279495612,0.6543773959407655,0.7347992761096732,1.6371345923490583,1.5281701449396037,1.3609158752774058,A,0
D1,2025-05-10,14:30,Bochum,Mainz,1,4,A,0.0,1.0,A,11.0,22.0,6.0,8.0,9.0,6.0,6.0,6.0,3.0,0.0,0.0,0.0,2.9,3.6,2.3,,,,,,,3.0,3.73,2.31,,,,,,,3.06,3.89,2.32,2.95,3.68,2.27,1.67,2.2,1.66,2.31,1.7,2.33,1.64,2.26,0.25,1.88,2.02,1.88,2.03,1.88,2.03,1.85,1.94,3.0,3.8,2.15,,,,,,,3.16,3.9,2.2,,,,,,,3.22,4.0,2.25,3.07,3.83,2.16,1.57,2.38,1.58,2.5,1.61,2.51,1.56,2.44,0.25,1.95,1.95,1.99,1.93,1.99,1.95,1.95,1.87,2024,Football-Data.co.uk,https://www.football-data.co.uk/mmz4281/2425/D1.csv,3.0,3.6,2.3,3.06,3.89,2.32,3.05,3.75,2.4,1.62,2.18,1.89,2.08,2.88,3.6,2.1,3.22,3.91,2.15,3.15,4.0,2.26,1.59,2.66,1.99,1.98,,,,,,,,,,,,,,,,,,,,,,,,,,,,,,,2025-05-10,bochum,mainz 05,market_average_open,2.95,3.68,2.27,market_average_close,3.07,3.83,2.16,market_average_close,3.07,3.83,2.16,closing,0.32573289902280134,0.2610966057441253,0.4629629629629629,1.0497924677298895,0.31028313598703783,0.24871259203138535,0.4410042719815768,0.5589957280184232,0.6897168640129622,0.7512874079686147,1.788922436929683,1.4498703050143291,1.3310485300211172,A,0
D1,2025-05-10,14:30,Holstein Kiel,Freiburg,1,2,A,1.0,1.0,D,15.0,9.0,3.0,4.0,9.0,13.0,2.0,5.0,1.0,0.0,0.0,0.0,3.1,3.75,2.15,,,,,,,3.29,3.88,2.12,,,,,,,3.4,3.95,2.17,3.21,3.8,2.09,1.53,2.5,1.55,2.57,1.55,2.57,1.52,2.48,0.25,2.03,1.87,2.05,1.86,2.05,1.9,2.0,1.8,3.4,3.7,2.0,,,,,,,3.59,3.85,2.04,,,,,,,3.59,3.85,2.1,3.43,3.73,2.04,1.57,2.38,1.62,2.4,1.65,2.45,1.58,2.37,0.5,1.86,2.04,1.88,2.05,1.88,2.1,1.82,2.05,2024,Football-Data.co.uk,https://www.football-data.co.uk/mmz4281/2425/D1.csv,3.4,3.8,2.05,3.31,3.95,2.17,3.45,3.9,2.12,1.52,2.36,2.14,1.85,3.3,3.5,2.0,3.51,3.82,2.06,3.65,3.85,2.12,1.66,2.48,1.87,2.12,,,,,,,,,,,,,,,,,,,,,,,,,,,,,,,2025-05-10,holstein kiel,freiburg,market_average_open,3.21,3.8,2.09,market_average_close,3.43,3.73,2.04,market_average_close,3.43,3.73,2.04,closing,0.29154518950437314,0.2680965147453083,0.49019607843137253,1.049837782681054,0.2777049886315113,0.25536946675766325,0.46692554461082536,0.5330744553891745,0.7222950113684886,0.7446305332423366,1.8759105597546282,1.3844758502559231,1.3429478853703607,A,0
D1,2025-05-10,14:30,Union Berlin,Heidenheim,0,3,A,0.0,1.0,A,10.0,8.0,1.0,4.0,14.0,7.0,1.0,2.0,2.0,0.0,0.0,0.0,2.25,3.3,3.3,,,,,,,2.21,3.55,3.33,,,,,,,2.25,3.61,3.44,2.19,3.47,3.28,1.95,1.95,1.93,1.95,1.96,1.98,1.91,1.9,-0.25,1.93,1.97,1.92,1.98,1.95,1.98,1.88,1.94,2.05,3.6,3.5,,,,,,,2.11,3.57,3.64,,,,,,,2.11,3.69,3.81,2.02,3.56,3.64,1.73,2.1,1.81,2.09,1.84,2.14,1.79,2.05,-0.5,2.07,1.83,2.1,1.81,2.1,1.85,2.03,1.83,2024,Football-Data.co.uk,https://www.football-data.co.uk/mmz4281/2425/D1.csv,2.2,3.4,3.4,2.24,3.61,3.44,2.28,3.55,3.5,1.86,1.85,1.96,2.01,1.95,3.4,3.5,2.05,3.69,3.69,2.08,3.7,3.95,1.82,2.16,2.08,1.9,,,,,,,,,,,,,,,,,,,,,,,,,,,,,,,2025-05-10,union berlin,fc heidenheim,market_average_open,2.19,3.47,3.28,market_average_close,2.02,3.56,3.64,market_average_close,2.02,3.56,3.64,closing,0.49504950495049505,0.2808988764044944,0.2747252747252747,1.050673656080264,0.4711734248647391,0.2673512129850486,0.26147536215021233,0.7385246378497877,0.528826575135261,0.7326487870149514,1.3540509669541927,1.8909790979097907,1.3649104696867431,H,0
D1,2025-05-10,14:30,Werder Bremen,RB Leipzig,0,0,D,0.0,0.0,D,21.0,16.0,6.0,4.0,6.0,13.0,11.0,4.0,1.0,3.0,0.0,0.0,2.35,3.7,2.8,,,,,,,2.38,3.7,2.92,,,,,,,2.45,3.75,2.95,2.36,3.68,2.82,1.53,2.5,1.56,2.52,1.56,2.55,1.52,2.48,-0.25,2.05,1.8,2.08,1.84,2.08,1.84,2.02,1.79,1.9,4.0,3.5,,,,,,,1.95,4.18,3.59,,,,,,,2.08,4.2,3.59,1.97,4.06,3.39,1.36,3.2,1.39,3.14,1.41,3.2,1.38,3.02,-0.5,1.93,1.93,1.96,1.96,2.01,1.96,1.96,1.89,2024,Football-Data.co.uk,https://www.football-data.co.uk/mmz4281/2425/D1.csv,2.3,3.75,2.8,2.45,3.75,2.95,2.44,3.8,2.96,1.5,2.42,2.12,1.87,1.95,3.75,3.1,2.0,4.12,3.47,2.02,4.2,3.6,1.43,3.25,2.03,1.95,,,,,,,,,,,,,,,,,,,,,,,,,,,,,,,2025-05-10,werder bremen,rasenballsport leipzig,market_average_open,2.36,3.68,2.82,market_average_close,1.97,4.06,3.39,market_average_close,1.97,4.06,3.39,closing,0.5076142131979695,0.24630541871921185,0.2949852507374631,1.0489048826546445,0.48394684932084847,0.2348215007788354,0.28123164990031607,0.7187683500996839,0.5160531506791515,0.7651784992211645,1.3912688279350545,1.9377848942186489,1.30688460407323,H,0
D1,2025-05-10,17:30,Bayern Munich,M'gladbach,2,0,H,1.0,0.0,H,24.0,16.0,9.0,6.0,3.0,8.0,4.0,9.0,1.0,1.0,0.0,0.0,1.17,9.5,11.0,,,,,,,1.16,10.06,12.25,,,,,,,1.2,10.5,15.0,1.16,9.49,12.4,1.17,5.0,0.0,0.0,1.18,5.25,1.16,4.8,-2.25,1.87,2.03,1.85,2.05,1.87,2.05,1.81,1.99,1.13,10.0,13.0,,,,,,,1.14,9.5,16.5,,,,,,,1.18,11.7,19.0,1.14,9.73,15.06,1.14,5.5,0.0,0.0,1.16,6.5,1.14,5.51,-2.5,1.8,2.0,1.82,2.04,1.88,2.08,1.82,2.01,2024,Football-Data.co.uk,https://www.football-data.co.uk/mmz4281/2425/D1.csv,1.17,10.5,13.0,1.2,10.5,11.2,1.16,11.5,16.0,1.05,1.16,1.43,1.24,1.15,9.5,14.0,1.14,11.7,14.3,1.17,10.5,19.5,1.16,6.8,1.88,2.1,,,,,,,,,,,,,,,,,,,,,,,,,,,,,,,2025-05-10,bayern munich,borussia m gladbach,market_average_open,1.16,9.49,12.4,market_average_close,1.14,9.73,15.06,market_average_close,1.14,9.73,15.06,closing,0.8771929824561404,0.10277492291880781,0.06640106241699867,1.046368967791947,0.8383209073059548,0.09822053795773776,0.06345855473630733,0.9365414452636925,0.1616790926940451,0.9017794620422621,1.0677584052016407,6.185091611643066,1.1089185794221768,H,1
D1,2025-05-11,14:30,Leverkusen,Dortmund,2,4,A,1.0,2.0,A,19.0,9.0,10.0,5.0,7.0,8.0,12.0,0.0,0.0,2.0,0.0,0.0,2.7,3.9,2.35,,,,,,,2.66,4.08,2.43,,,,,,,2.74,4.08,2.5,2.65,3.94,2.39,1.5,2.63,1.49,2.72,1.5,2.72,1.47,2.64,0.0,2.06,1.84,2.05,1.87,2.07,1.88,2.03,1.83,2.5,3.8,2.55,,,,,,,2.59,3.89,2.6,,,,,,,2.72,3.9,2.66,2.54,3.8,2.55,1.44,2.75,1.48,2.74,1.49,2.75,1.47,2.69,0.0,1.95,1.95,1.95,1.97,2.02,1.97,1.96,1.92,2024,Football-Data.co.uk,https://www.football-data.co.uk/mmz4281/2425/D1.csv,2.5,4.0,2.5,2.74,4.07,2.47,2.64,4.2,2.54,1.46,2.56,2.02,1.96,2.45,3.6,2.4,2.72,3.89,2.46,2.66,3.95,2.68,1.52,2.9,1.98,2.01,,,,,,,,,,,,,,,,,,,,,,,,,,,,,,,2025-05-11,bayer leverkusen,dortmund,market_average_open,2.65,3.94,2.39,market_average_close,2.54,3.8,2.55,market_average_close,2.54,3.8,2.55,closing,0.39370078740157477,0.2631578947368421,0.3921568627450981,1.049015544883515,0.3753050079398892,0.25086176846508385,0.37383322359502696,0.626166776404973,0.6246949920601108,0.7491382315349162,1.5970186181728214,1.600781201562403,1.3348671285285905,H,0
D1,2025-05-11,16:30,Ein Frankfurt,St Pauli,2,2,D,1.0,2.0,A,13.0,5.0,5.0,2.0,11.0,12.0,3.0,1.0,2.0,2.0,0.0,0.0,1.53,4.33,5.75,,,,,,,1.52,4.61,6.18,,,,,,,1.56,4.75,6.28,1.52,4.49,5.96,1.73,2.1,1.73,2.19,1.78,2.21,1.7,2.14,-1.0,1.88,2.02,1.87,2.04,1.88,2.04,1.84,1.99,1.55,4.33,5.5,,,,,,,1.57,4.34,6.03,,,,,,,1.59,4.45,6.03,1.56,4.29,5.66,1.67,2.2,1.7,2.24,1.7,2.35,1.65,2.24,-1.0,1.92,1.98,1.95,1.97,1.99,1.98,1.93,1.92,2024,Football-Data.co.uk,https://www.football-data.co.uk/mmz4281/2425/D1.csv,1.55,4.4,6.0,1.56,4.69,6.28,1.54,4.6,6.6,1.67,2.08,1.81,1.98,1.53,4.0,5.0,1.59,4.45,5.64,1.6,4.4,6.4,1.7,2.4,1.98,2.0,,,,,,,,,,,,,,,,,,,,,,,,,,,,,,,2025-05-11,eintracht frankfurt,st pauli,market_average_open,1.52,4.49,5.96,market_average_close,1.56,4.29,5.66,market_average_close,1.56,4.29,5.66,closing,0.641025641025641,0.2331002331002331,0.17667844522968199,1.050804319355556,0.6100333137370174,0.22183029590436998,0.16813639035861258,0.8318636096413874,0.3899666862629826,0.77816970409563,1.2021201413427562,2.564321608040201,1.2850667338201964,H,1
D1,2025-05-11,18:30,Stuttgart,Augsburg,4,0,H,1.0,0.0,H,29.0,7.0,11.0,0.0,9.0,7.0,11.0,2.0,1.0,1.0,0.0,1.0,1.55,4.33,5.75,,,,,,,1.56,4.54,5.67,,,,,,,1.58,4.78,5.75,1.55,4.46,5.47,1.53,2.5,1.54,2.57,1.55,2.57,1.52,2.47,-1.0,1.92,1.98,1.91,2.0,1.92,2.0,1.87,1.95,1.5,4.75,5.5,,,,,,,1.53,4.78,5.84,,,,,,,1.62,4.78,5.84,1.53,4.61,5.52,1.4,3.0,1.43,2.96,1.53,3.0,1.43,2.81,-1.0,1.84,2.06,1.82,2.08,1.91,2.11,1.84,2.02,2024,Football-Data.co.uk,https://www.football-data.co.uk/mmz4281/2425/D1.csv,1.57,4.4,5.5,1.58,4.78,5.71,1.63,4.5,5.6,1.53,2.34,1.9,1.89,1.47,4.5,5.0,1.57,4.61,5.64,1.58,4.8,6.0,1.48,3.0,1.88,2.11,,,,,,,,,,,,,,,,,,,,,,,,,,,,,,,2025-05-11,vfb stuttgart,augsburg,market_average_open,1.55,4.46,5.47,market_average_close,1.53,4.61,5.52,market_average_close,1.53,4.61,5.52,closing,0.6535947712418301,0.21691973969631234,0.1811594202898551,1.0516739312279975,0.6214804340340107,0.20626140218482344,0.172258163781166,0.8277418362188341,0.37851956596598946,0.7937385978151766,1.2081061464381815,2.6418713586125464,1.2598606175289608,H,1
D1,2025-05-17,14:30,Augsburg,Union Berlin,1,2,A,1.0,0.0,H,19.0,6.0,4.0,4.0,6.0,5.0,4.0,0.0,0.0,0.0,0.0,0.0,2.1,3.5,3.4,,,,,,,2.07,3.43,3.62,,,,,,,2.14,3.63,3.67,2.08,3.47,3.52,1.62,2.3,1.65,2.25,1.7,2.33,1.63,2.26,-0.25,1.84,2.06,1.8,2.09,1.84,2.09,1.78,2.04,1.9,3.7,4.0,,,,,,,1.9,3.69,4.29,,,,,,,1.98,3.92,4.45,1.88,3.68,4.07,1.73,2.1,1.76,2.14,1.82,2.23,1.73,2.12,-0.5,1.9,2.0,1.91,2.01,1.92,2.06,1.89,1.97,2024,Football-Data.co.uk,https://www.football-data.co.uk/mmz4281/2425/D1.csv,2.1,3.5,3.5,2.14,3.63,3.67,2.16,3.7,3.7,1.68,2.38,1.86,2.13,1.8,3.5,4.0,1.98,3.76,3.87,1.93,3.85,4.4,1.78,2.24,1.92,2.07,,,,,,,,,,,,,,,,,,,,,,,,,,,,,,,2025-05-17,augsburg,union berlin,market_average_open,2.08,3.47,3.52,market_average_close,1.88,3.68,4.07,market_average_close,1.88,3.68,4.07,closing,0.5319148936170213,0.2717391304347826,0.24570024570024568,1.0493542697520495,0.5068973453004644,0.2589584264034981,0.2341442282960376,0.7658557717039625,0.4931026546995357,0.7410415735965019,1.3057288812684495,2.027975291695264,1.3494519546949215,H,1
D1,2025-05-17,14:30,Dortmund,Holstein Kiel,3,0,H,1.0,0.0,H,19.0,4.0,6.0,2.0,12.0,6.0,7.0,1.0,3.0,1.0,0.0,1.0,1.09,12.0,19.0,,,,,,,1.07,13.97,18.89,,,,,,,1.11,14.3,29.0,1.08,12.72,21.58,1.14,5.5,1.12,6.04,1.15,6.04,1.13,5.4,-3.0,2.03,1.87,2.0,1.84,2.08,1.87,1.98,1.83,1.13,9.5,15.0,,,,,,,1.13,10.5,18.0,,,,,,,1.16,10.5,21.0,1.13,9.8,16.55,1.2,4.5,1.1,7.03,1.2,7.03,1.17,4.91,-2.5,1.9,2.0,1.91,2.0,1.99,2.0,1.91,1.93,2024,Football-Data.co.uk,https://www.football-data.co.uk/mmz4281/2425/D1.csv,1.08,14.0,23.0,1.11,14.3,23.0,1.11,15.5,26.0,1.17,6.4,2.08,1.87,1.11,9.5,15.0,1.16,9.79,15.5,1.15,11.5,19.5,1.22,5.2,,,,,,,,,,,,,,,,,,,,,,,,,,,,,,,,,2025-05-17,dortmund,holstein kiel,market_average_open,1.08,12.72,21.58,market_average_close,1.13,9.8,16.55,market_average_close,1.13,9.8,16.55,closing,0.8849557522123894,0.1020408163265306,0.060422960725075525,1.0474195292639956,0.8448913997567271,0.09742115119643892,0.05768744904683393,0.942312550953166,0.15510860024327283,0.9025788488035611,1.0612190180301453,6.447095766653795,1.1079364438082926,H,1
D1,2025-05-17,14:30,Freiburg,Ein Frankfurt,1,3,A,1.0,1.0,D,8.0,11.0,1.0,6.0,13.0,16.0,4.0,7.0,2.0,4.0,0.0,0.0,2.35,3.7,2.8,,,,,,,2.38,3.77,2.74,,,,,,,2.48,3.87,2.88,2.37,3.72,2.76,1.53,2.5,1.55,2.49,1.55,2.55,1.52,2.46,-0.25,2.08,1.73,2.09,1.77,2.12,1.79,2.06,1.76,2.3,3.6,2.9,,,,,,,2.38,3.68,2.98,,,,,,,2.4,3.69,2.98,2.34,3.6,2.9,1.62,2.3,1.64,2.37,1.65,2.45,1.6,2.33,-0.25,2.06,1.84,2.08,1.85,2.09,1.86,2.03,1.82,2024,Football-Data.co.uk,https://www.football-data.co.uk/mmz4281/2425/D1.csv,2.3,3.75,2.88,2.48,3.85,2.83,2.46,3.9,2.94,1.58,2.62,2.14,1.86,2.2,3.4,2.88,2.36,3.69,2.98,2.4,3.7,3.15,1.67,2.46,2.07,1.92,,,,,,,,,,,,,,,,,,,,,,,,,,,,,,,2025-05-17,freiburg,eintracht frankfurt,market_average_open,2.37,3.72,2.76,market_average_close,2.34,3.6,2.9,market_average_close,2.34,3.6,2.9,closing,0.4273504273504274,0.2777777777777778,0.3448275862068966,1.0499557913351016,0.40701754385964917,0.26456140350877194,0.328421052631579,0.671578947368421,0.5929824561403509,0.7354385964912282,1.4890282131661443,1.6863905325443784,1.3597328244274807,H,0
D1,2025-05-17,14:30,Heidenheim,Werder Bremen,1,4,A,0.0,2.0,A,21.0,13.0,8.0,7.0,11.0,11.0,6.0,4.0,2.0,2.0,0.0,0.0,2.3,3.8,2.75,,,,,,,2.31,3.91,2.76,,,,,,,2.4,4.02,2.9,2.3,3.87,2.78,1.99,1.91,1.94,1.91,2.02,1.91,1.94,1.87,-0.25,2.05,1.8,2.06,1.83,2.07,1.83,2.01,1.81,2.6,3.9,2.4,,,,,,,2.74,3.77,2.52,,,,,,,2.74,4.0,2.58,2.61,3.8,2.48,1.44,2.75,1.5,2.7,1.5,2.87,1.46,2.71,0.0,1.98,1.88,2.05,1.88,2.05,1.94,1.99,1.88,2024,Football-Data.co.uk,https://www.football-data.co.uk/mmz4281/2425/D1.csv,2.3,3.9,2.8,2.4,3.93,2.9,2.42,4.0,2.88,,,2.12,1.85,2.4,3.6,2.5,2.67,4.0,2.46,2.68,3.95,2.64,1.49,2.96,2.0,1.97,,,,,,,,,,,,,,,,,,,,,,,,,,,,,,,2025-05-17,fc heidenheim,werder bremen,market_average_open,2.3,3.87,2.78,market_average_close,2.61,3.8,2.48,market_average_close,2.61,3.8,2.48,closing,0.3831417624521073,0.2631578947368421,0.40322580645161293,1.0495254636405624,0.36506190247454945,0.2507398856469932,0.3841982118784573,0.6158017881215426,0.6349380975254505,0.7492601143530068,1.6238991495143678,1.5749566830173025,1.3346499844897115,A,0
D1,2025-05-17,14:30,Hoffenheim,Bayern Munich,0,4,A,0.0,1.0,A,6.0,14.0,2.0,5.0,9.0,7.0,1.0,4.0,0.0,0.0,0.0,0.0,5.0,5.25,1.5,,,,,,,5.05,5.25,1.5,,,,,,,5.5,5.5,1.56,5.11,5.23,1.5,1.29,3.75,1.27,3.81,1.29,4.0,1.25,3.76,1.25,1.9,2.0,1.9,1.97,1.9,2.05,1.86,1.96,4.5,4.5,1.65,,,,,,,4.5,4.61,1.67,,,,,,,4.83,4.75,1.68,4.48,4.56,1.65,1.33,3.4,1.34,3.43,1.34,3.43,1.32,3.38,1.0,1.75,2.05,1.81,2.09,1.87,2.13,1.82,2.02,2024,Football-Data.co.uk,https://www.football-data.co.uk/mmz4281/2425/D1.csv,5.0,5.0,1.53,5.24,5.4,1.56,5.5,5.5,1.56,1.3,4.0,1.91,2.02,4.4,4.33,1.57,4.83,4.58,1.65,5.0,4.7,1.69,1.35,3.7,1.92,2.06,,,,,,,,,,,,,,,,,,,,,,,,,,,,,,,2025-05-17,hoffenheim,bayern munich,market_average_open,5.11,5.23,1.5,market_average_close,4.48,4.56,1.65,market_average_close,4.48,4.56,1.65,closing,0.2232142857142857,0.2192982456140351,0.6060606060606061,1.0485731373889269,0.21287431248726826,0.20913967542608816,0.5779860120866436,0.4220139879133564,0.7871256875127317,0.7908603245739119,2.369589702333065,1.2704451345755694,1.2644457800291922,A,0
D1,2025-05-17,14:30,Mainz,Leverkusen,2,2,D,1.0,0.0,H,20.0,7.0,6.0,4.0,14.0,13.0,7.0,3.0,2.0,6.0,0.0,0.0,2.15,3.9,3.0,,,,,,,2.18,3.99,2.93,,,,,,,2.26,4.12,3.04,2.18,3.94,2.94,1.44,2.75,1.45,2.77,1.46,2.8,1.44,2.73,-0.25,1.95,1.95,1.94,1.93,1.95,1.95,1.91,1.91,2.4,3.9,2.63,,,,,,,2.55,3.72,2.73,,,,,,,2.57,3.99,2.97,2.44,3.78,2.68,1.44,2.75,1.5,2.71,1.5,2.8,1.46,2.71,0.0,1.86,2.04,1.89,2.03,1.9,2.08,1.86,2.03,2024,Football-Data.co.uk,https://www.football-data.co.uk/mmz4281/2425/D1.csv,2.2,3.9,3.0,2.26,4.12,3.04,2.28,4.1,3.1,1.49,2.92,2.0,1.98,2.25,3.6,2.63,2.57,3.99,2.56,2.46,3.95,2.9,1.51,2.92,1.85,2.16,,,,,,,,,,,,,,,,,,,,,,,,,,,,,,,2025-05-17,mainz 05,bayer leverkusen,market_average_open,2.18,3.94,2.94,market_average_close,2.44,3.78,2.68,market_average_close,2.44,3.78,2.68,closing,0.4098360655737705,0.2645502645502646,0.3731343283582089,1.047520658482244,0.3912438979175678,0.25254897114255703,0.3562071309398751,0.6437928690601249,0.6087561020824321,0.747451028857443,1.553294620146854,1.642694005988936,1.3378802910052912,H,0
D1,2025-05-17,14:30,M'gladbach,Wolfsburg,0,1,A,0.0,0.0,D,16.0,17.0,3.0,6.0,6.0,4.0,7.0,10.0,0.0,0.0,0.0,0.0,2.2,4.2,2.8,,,,,,,2.17,4.31,2.79,,,,,,,2.28,4.37,2.88,2.19,4.23,2.79,1.3,3.5,1.31,3.44,1.31,3.55,1.29,3.44,-0.25,1.92,1.86,1.96,1.91,2.01,1.91,1.93,1.87,2.25,4.1,2.7,,,,,,,2.29,4.1,2.84,,,,,,,2.36,4.21,2.84,2.28,4.06,2.74,1.33,3.4,1.36,3.29,1.36,3.55,1.33,3.29,-0.25,2.04,1.86,2.03,1.88,2.04,1.9,2.01,1.85,2024,Football-Data.co.uk,https://www.football-data.co.uk/mmz4281/2425/D1.csv,2.2,4.1,2.88,2.28,4.37,2.88,2.28,4.3,2.96,1.34,3.7,2.02,1.96,2.15,3.9,2.63,2.31,4.21,2.78,2.34,4.3,2.88,1.38,3.5,2.07,1.9,,,,,,,,,,,,,,,,,,,,,,,,,,,,,,,2025-05-17,borussia m gladbach,wolfsburg,market_average_open,2.19,4.23,2.79,market_average_close,2.28,4.06,2.74,market_average_close,2.28,4.06,2.74,closing,0.4385964912280702,0.24630541871921185,0.36496350364963503,1.0498654135969172,0.4177644920460861,0.23460666055790058,0.34762884739601324,0.6523711526039867,0.5822355079539139,0.7653933394420993,1.5328697414170256,1.717518059855521,1.3065177712794145,H,0
D1,2025-05-17,14:30,RB Leipzig,Stuttgart,2,3,A,2.0,1.0,H,8.0,15.0,5.0,7.0,9.0,9.0,5.0,8.0,1.0,0.0,0.0,0.0,2.0,4.2,3.2,,,,,,,1.97,4.31,3.2,,,,,,,2.04,4.46,3.33,1.99,4.24,3.19,1.33,3.4,1.33,3.3,1.33,3.4,1.32,3.31,-0.5,2.02,1.88,1.99,1.88,2.03,1.88,1.99,1.84,1.9,4.5,3.3,,,,,,,1.91,4.4,3.6,,,,,,,1.97,4.7,3.6,1.91,4.34,3.39,1.29,3.75,1.3,3.68,1.32,3.75,1.29,3.56,-0.5,1.91,1.99,1.92,2.01,1.98,2.03,1.92,1.93,2024,Football-Data.co.uk,https://www.football-data.co.uk/mmz4281/2425/D1.csv,2.0,4.2,3.2,2.04,4.46,3.33,2.08,4.4,3.35,1.39,3.45,2.08,1.9,1.95,4.0,3.1,1.89,4.59,3.54,2.04,4.4,3.45,1.35,3.7,2.04,1.94,,,,,,,,,,,,,,,,,,,,,,,,,,,,,,,2025-05-17,rasenballsport leipzig,vfb stuttgart,market_average_open,1.99,4.24,3.19,market_average_close,1.91,4.34,3.39,market_average_close,1.91,4.34,3.39,closing,0.5235602094240838,0.2304147465437788,0.2949852507374631,1.0489602067053256,0.49912304211094116,0.21966014065251097,0.28121681723654796,0.7187831827634521,0.500876957889059,0.7803398593474891,1.3912401179941003,1.9964983101129072,1.2814929136596818,H,0
D1,2025-05-17,14:30,St Pauli,Bochum,0,2,A,0.0,1.0,A,10.0,9.0,2.0,6.0,3.0,11.0,7.0,4.0,0.0,0.0,0.0,0.0,1.67,4.2,4.5,,,,,,,1.66,4.19,4.65,,,,,,,1.71,4.37,5.0,1.67,4.2,4.68,1.57,2.38,1.6,2.36,1.66,2.42,1.58,2.36,-0.75,1.82,1.96,1.85,2.02,1.85,2.05,1.82,1.98,1.73,4.1,4.33,,,,,,,1.76,4.09,4.57,,,,,,,1.78,4.19,4.6,1.74,4.04,4.42,1.62,2.3,1.65,2.34,1.65,2.34,1.62,2.3,-0.75,1.97,1.93,1.98,1.94,1.98,1.97,1.93,1.92,2024,Football-Data.co.uk,https://www.football-data.co.uk/mmz4281/2425/D1.csv,1.67,4.2,5.0,1.71,4.37,4.94,1.71,4.4,5.3,1.64,2.44,1.88,2.1,1.67,3.8,4.4,1.77,4.19,4.43,1.77,4.2,4.9,1.69,2.4,1.99,1.99,,,,,,,,,,,,,,,,,,,,,,,,,,,,,,,2025-05-17,st pauli,bochum,market_average_open,1.67,4.2,4.68,market_average_close,1.74,4.04,4.42,market_average_close,1.74,4.04,4.42,closing,0.5747126436781609,0.24752475247524752,0.22624434389140272,1.0484817400448112,0.5481379615190992,0.2360792210503051,0.21578281743059563,0.7842171825694043,0.45186203848090073,0.7639207789496949,1.2751569619064023,2.2130648623678706,1.309036260768934,H,1
D1,2025-08-22,19:30,Bayern Munich,RB Leipzig,6,0,H,3.0,0.0,H,19.0,12.0,10.0,1.0,13.0,13.0,5.0,5.0,4.0,1.0,0.0,0.0,1.22,7.0,9.0,1.23,7.0,10.5,,,,1.23,7.43,10.85,,,,,,,1.26,7.5,12.0,1.21,7.13,10.3,1.25,4.0,1.32,3.33,1.25,4.2,1.24,3.91,-2.0,1.93,1.93,1.93,1.96,1.94,1.94,1.86,1.86,1.22,7.0,11.0,1.25,7.0,9.75,,,,1.25,7.24,10.31,,,,,,,1.26,7.5,11.0,1.23,6.98,9.87,1.25,4.0,1.32,3.33,1.25,4.33,1.22,4.06,-2.0,1.98,1.88,1.98,1.93,1.99,1.93,1.9,1.86,2025,Football-Data.co.uk,https://www.football-data.co.uk/mmz4281/2526/D1.csv,,,,,,,1.26,7.8,12.0,1.27,4.5,1.96,1.98,,,,,,,1.27,7.6,12.0,1.28,4.4,2.07,1.92,1.22,7.0,12.0,1.19,7.5,10.0,1.2,7.0,11.0,1.22,7.0,10.0,1.22,7.0,10.0,1.25,7.0,10.0,1.2,7.0,10.0,1.22,7.0,10.0,1.25,7.0,9.5,1.25,7.0,9.5,2025-08-22,bayern munich,rasenballsport leipzig,market_average_open,1.21,7.13,10.3,market_average_close,1.23,6.98,9.87,market_average_close,1.23,6.98,9.87,closing,0.8130081300813008,0.14326647564469913,0.10131712259371835,1.0575917283197183,0.7687353335989047,0.1354648223963686,0.09579984400472674,0.9042001559952733,0.23126466640109533,0.8645351776036314,1.1059498202577478,4.324050083230802,1.1566909316192984,H,1
D1,2025-08-23,14:30,Ein Frankfurt,Werder Bremen,4,1,H,2.0,0.0,H,18.0,10.0,5.0,5.0,9.0,9.0,7.0,1.0,1.0,3.0,0.0,0.0,1.7,4.1,4.5,1.71,4.0,4.5,,,,1.7,4.26,4.68,,,,,,,1.73,4.2,4.6,1.69,4.0,4.46,1.57,2.38,1.57,2.5,1.6,2.4,1.55,2.35,-0.75,1.88,1.98,1.89,2.02,1.9,1.98,1.84,1.86,1.53,4.75,5.25,1.53,4.6,5.25,,,,1.62,4.52,5.21,,,,,,,1.57,4.75,5.5,1.53,4.55,5.28,1.4,3.0,1.52,2.63,1.5,3.0,1.42,2.77,-1.0,1.83,2.03,2.02,1.91,1.91,2.03,1.83,1.93,2025,Football-Data.co.uk,https://www.football-data.co.uk/mmz4281/2526/D1.csv,,,,,,,1.73,4.3,5.1,1.63,2.5,1.91,2.05,,,,,,,1.59,4.8,6.0,1.45,3.05,1.91,2.06,1.7,4.0,4.6,1.66,3.95,4.5,1.65,3.9,4.2,1.7,4.0,4.5,1.7,4.0,4.4,1.53,4.6,5.5,1.52,4.5,5.1,1.53,4.4,5.5,1.57,4.33,5.25,1.53,4.6,5.25,2025-08-23,eintracht frankfurt,werder bremen,market_average_open,1.69,4.0,4.46,market_average_close,1.53,4.55,5.28,market_average_close,1.53,4.55,5.28,closing,0.6535947712418301,0.21978021978021978,0.1893939393939394,1.0627689304159893,0.6149923586738651,0.20679962830132168,0.17820801302481318,0.8217919869751869,0.38500764132613485,0.7932003716986783,1.2168529455741626,2.597351046217063,1.2607154959577866,H,1
D1,2025-08-23,14:30,Freiburg,Augsburg,1,3,A,0.0,3.0,A,16.0,14.0,4.0,5.0,14.0,18.0,5.0,5.0,4.0,5.0,0.0,0.0,1.85,3.6,4.33,1.8,3.7,4.33,,,,1.87,3.71,4.33,,,,,,,1.86,3.7,4.5,1.82,3.58,4.25,1.93,1.93,1.96,1.93,1.93,1.93,1.89,1.87,-0.5,1.85,2.0,1.88,2.03,1.85,2.0,1.8,1.95,1.91,3.6,3.9,1.95,3.5,3.9,,,,1.96,3.63,4.11,,,,,,,2.0,3.6,4.0,1.93,3.5,3.88,1.95,1.9,1.99,1.92,1.98,1.91,1.93,1.83,-0.5,1.93,1.93,1.97,1.95,1.97,1.93,1.9,1.86,2025,Football-Data.co.uk,https://www.football-data.co.uk/mmz4281/2526/D1.csv,,,,,,,1.92,3.75,4.5,1.99,1.96,1.92,2.06,,,,,,,2.02,3.65,4.2,2.04,1.93,2.03,1.96,1.83,3.6,4.33,1.79,3.55,4.3,1.8,3.4,4.0,1.8,3.7,4.33,1.8,3.7,4.2,1.95,3.5,4.0,1.89,3.45,3.85,1.93,3.5,3.8,1.95,3.5,3.9,1.95,3.5,3.8,2025-08-23,freiburg,augsburg,market_average_open,1.82,3.58,4.25,market_average_close,1.93,3.5,3.88,market_average_close,1.93,3.5,3.88,closing,0.5181347150259068,0.2857142857142857,0.2577319587628866,1.0615809595030792,0.48807838006857535,0.2691403638663858,0.24278125606503878,0.7572187439349611,0.5119216199314246,0.7308596361336142,1.3206223538569613,1.953424042012441,1.3682517826407672,H,0
D1,2025-08-23,14:30,Heidenheim,Wolfsburg,1,3,A,1.0,1.0,D,7.0,15.0,2.0,5.0,12.0,12.0,2.0,5.0,2.0,3.0,0.0,0.0,3.2,3.5,2.2,3.0,3.6,2.25,,,,3.19,3.59,2.26,,,,,,,3.2,3.6,2.25,3.05,3.51,2.2,1.67,2.2,1.71,2.23,1.73,2.2,1.68,2.12,0.25,1.93,1.93,1.93,1.97,1.93,1.93,1.85,1.8,2.8,3.3,2.55,2.8,3.3,2.45,,,,2.84,3.47,2.58,,,,,,,2.8,3.5,2.56,2.74,3.38,2.5,1.9,1.95,1.81,2.08,1.9,2.06,1.8,1.98,0.0,2.03,1.83,2.06,1.87,2.03,1.85,1.97,1.81,2025,Football-Data.co.uk,https://www.football-data.co.uk/mmz4281/2526/D1.csv,,,,,,,3.3,3.65,2.32,1.75,2.26,1.96,2.0,,,,,,,2.98,3.45,2.64,1.92,2.04,2.12,1.88,3.1,3.5,2.25,3.05,3.5,2.17,2.9,3.5,2.15,3.0,3.6,2.25,3.0,3.5,2.2,2.75,3.4,2.5,2.63,3.45,2.48,2.7,3.4,2.5,2.8,3.4,2.45,2.8,3.3,2.45,2025-08-23,fc heidenheim,wolfsburg,market_average_open,3.05,3.51,2.2,market_average_close,2.74,3.38,2.5,market_average_close,2.74,3.38,2.5,closing,0.36496350364963503,0.2958579881656805,0.4,1.0608214918153154,0.3440385648909663,0.2788951679885348,0.37706626712049907,0.622933732879501,0.6559614351090339,0.7211048320114654,1.6053071895424835,1.5244798649386757,1.386760919644067,A,0
D1,2025-08-23,14:30,Leverkusen,Hoffenheim,1,2,A,1.0,1.0,D,7.0,10.0,2.0,5.0,9.0,17.0,6.0,4.0,0.0,4.0,0.0,0.0,1.53,4.75,5.25,1.51,4.6,5.75,,,,1.56,4.74,5.46,,,,,,,1.55,5.4,6.2,1.5,4.63,5.56,1.5,2.63,1.5,2.68,1.5,2.7,1.46,2.62,-1.25,2.08,1.73,2.16,1.76,2.08,1.92,1.94,1.75,1.73,4.2,4.1,1.73,4.1,4.2,,,,1.76,4.25,4.41,,,,,,,1.75,4.7,4.4,1.71,4.15,4.24,1.57,2.38,1.57,2.51,1.57,2.5,1.53,2.43,-0.75,1.98,1.88,1.97,1.95,1.98,2.02,1.88,1.86,2025,Football-Data.co.uk,https://www.football-data.co.uk/mmz4281/2526/D1.csv,,,,,,,1.58,4.9,6.0,1.52,2.8,2.2,1.78,,,,,,,1.79,4.3,4.7,1.59,2.64,2.0,1.97,1.53,4.5,5.5,1.46,4.6,5.75,1.5,4.2,5.25,1.5,4.6,5.75,1.5,4.6,5.5,1.73,4.0,4.33,1.68,4.1,4.2,1.7,4.1,4.33,1.73,4.2,4.2,1.73,4.0,4.2,2025-08-23,bayer leverkusen,hoffenheim,market_average_open,1.5,4.63,5.56,market_average_close,1.71,4.15,4.24,market_average_close,1.71,4.15,4.24,closing,0.5847953216374269,0.24096385542168672,0.23584905660377356,1.0616082336628871,0.5508579371315692,0.22698001746867066,0.2221620453997602,0.7778379546002399,0.44914206286843084,0.7730199825313293,1.285614817438341,2.226467041660568,1.2936276197225878,H,1
D1,2025-08-23,14:30,Union Berlin,Stuttgart,2,1,H,2.0,0.0,H,8.0,21.0,2.0,6.0,21.0,13.0,5.0,11.0,4.0,4.0,0.0,0.0,3.4,3.7,2.05,3.25,3.6,2.1,,,,3.56,3.69,2.07,,,,,,,3.4,3.75,2.1,3.3,3.59,2.06,1.67,2.2,1.7,2.25,1.67,2.21,1.66,2.16,0.25,2.05,1.8,2.11,1.8,2.05,1.8,1.96,1.7,4.1,3.75,1.83,3.8,3.75,1.88,,,,4.23,3.87,1.87,,,,,,,4.1,3.9,1.92,3.91,3.78,1.85,1.62,2.3,1.67,2.32,1.67,2.3,1.63,2.21,0.5,2.03,1.83,2.05,1.88,2.03,1.9,1.94,1.82,2025,Football-Data.co.uk,https://www.football-data.co.uk/mmz4281/2526/D1.csv,,,,,,,3.65,3.8,2.12,1.72,2.3,2.15,1.84,,,,,,,4.4,4.0,1.89,1.7,2.38,2.11,1.89,3.4,3.6,2.05,3.3,3.55,2.02,3.2,3.5,2.0,3.25,3.7,2.1,3.25,3.6,2.1,4.0,3.75,1.83,3.9,3.8,1.8,3.9,3.8,1.83,3.8,3.75,1.91,3.8,3.75,1.91,2025-08-23,union berlin,vfb stuttgart,market_average_open,3.3,3.59,2.06,market_average_close,3.91,3.78,1.85,market_average_close,3.91,3.78,1.85,closing,0.2557544757033248,0.2645502645502646,0.5405405405405405,1.0608452807941298,0.24108555727548847,0.24937685950983068,0.5095375832146809,0.49046241678531916,0.7589144427245116,0.7506231404901693,2.038892208203001,1.3176715894481972,1.3322264476778367,A,0
D1,2025-08-23,17:30,St Pauli,Dortmund,3,3,D,0.0,1.0,A,11.0,8.0,7.0,7.0,13.0,12.0,5.0,2.0,2.0,3.0,0.0,1.0,4.5,3.9,1.75,4.5,3.9,1.73,,,,4.82,3.79,1.77,,,,,,,4.75,4.1,1.75,4.52,3.85,1.71,1.83,2.03,1.87,2.02,1.83,2.07,1.75,2.02,0.75,1.88,1.98,1.9,2.0,1.9,1.98,1.82,1.87,4.2,3.7,1.9,4.2,3.7,1.83,,,,4.13,3.64,1.95,,,,,,,4.2,3.75,1.95,4.04,3.65,1.86,1.8,2.0,1.86,2.05,1.82,2.05,1.77,2.01,0.5,1.98,1.88,1.96,1.96,1.98,1.91,1.92,1.83,2025,Football-Data.co.uk,https://www.football-data.co.uk/mmz4281/2526/D1.csv,,,,,,,4.9,4.0,1.81,1.86,2.08,1.92,2.03,,,,,,,4.4,3.75,1.97,1.89,2.1,2.02,1.96,4.6,3.75,1.73,4.5,4.0,1.65,4.4,3.6,1.67,4.5,3.9,1.75,4.4,3.8,1.73,4.0,3.6,1.9,3.95,3.65,1.82,3.9,3.7,1.85,4.2,3.7,1.83,4.2,3.6,1.83,2025-08-23,st pauli,dortmund,market_average_open,4.52,3.85,1.71,market_average_close,4.04,3.65,1.86,market_average_close,4.04,3.65,1.86,closing,0.24752475247524752,0.273972602739726,0.5376344086021505,1.059131763817124,0.23370534331173795,0.2586765991724442,0.5076180575158179,0.4923819424841821,0.766294656688262,0.7413234008275559,2.0309436917096635,1.3049810425688668,1.348938936614813,A,0
D1,2025-08-24,14:30,Mainz,FC Koln,0,1,A,0.0,0.0,D,19.0,12.0,2.0,2.0,7.0,9.0,8.0,3.0,0.0,2.0,1.0,0.0,1.9,3.7,4.0,1.85,3.7,4.1,,,,1.93,3.7,4.07,,,,,,,1.91,3.7,4.1,1.86,3.61,3.95,1.83,2.03,1.85,2.05,1.83,2.03,1.8,1.96,-0.5,1.88,1.98,1.93,1.97,1.9,1.98,1.84,1.92,1.95,3.6,3.7,1.95,3.6,3.75,,,,1.93,3.73,4.12,,,,,,,2.0,3.75,3.85,1.95,3.6,3.7,1.83,2.03,1.85,2.06,1.83,2.05,1.79,1.98,-0.5,1.98,1.88,1.93,1.98,1.98,1.9,1.9,1.85,2025,Football-Data.co.uk,https://www.football-data.co.uk/mmz4281/2526/D1.csv,,,,,,,1.97,3.7,4.1,1.9,2.06,1.97,1.98,,,,,,,2.04,3.8,3.95,1.86,2.12,2.04,1.94,1.9,3.6,4.0,1.83,3.6,3.95,1.83,3.5,3.75,1.85,3.7,4.0,1.83,3.6,4.0,1.95,3.6,3.75,1.93,3.6,3.6,1.95,3.6,3.6,1.95,3.6,3.75,1.95,3.6,3.7,2025-08-24,mainz 05,fc cologne,market_average_open,1.86,3.61,3.95,market_average_close,1.95,3.6,3.7,market_average_close,1.95,3.6,3.7,closing,0.5128205128205129,0.2777777777777778,0.27027027027027023,1.0608685608685609,0.48339684267827987,0.26183995645073493,0.25476320087098525,0.7452367991290147,0.5166031573217202,0.7381600435492651,1.3418553688823958,1.935721812434141,1.3547197640117994,H,0
D1,2025-08-24,16:30,M'gladbach,Hamburg,0,0,D,0.0,0.0,D,17.0,7.0,4.0,2.0,10.0,10.0,7.0,6.0,2.0,1.0,0.0,0.0,1.85,3.9,3.9,1.87,3.9,3.75,,,,1.86,4.06,3.96,,,,,,,1.88,4.1,4.0,1.82,3.92,3.78,1.53,2.5,1.54,2.58,1.53,2.5,1.5,2.47,-0.5,1.85,2.0,1.87,2.04,1.85,2.0,1.8,1.95,1.95,3.8,3.5,1.95,3.8,3.5,,,,1.88,4.02,4.03,,,,,,,2.0,4.0,3.85,1.89,3.87,3.65,1.53,2.5,1.58,2.51,1.58,2.55,1.52,2.45,-0.5,2.0,1.85,1.88,2.04,2.0,1.99,1.86,1.89,2025,Football-Data.co.uk,https://www.football-data.co.uk/mmz4281/2526/D1.csv,,,,,,,1.93,4.1,4.1,1.58,2.62,1.93,2.06,,,,,,,1.99,4.0,4.0,1.59,2.62,1.96,2.03,1.83,4.0,3.75,1.76,4.0,3.85,1.8,3.75,3.6,1.85,3.9,3.75,1.85,3.8,3.75,1.95,3.75,3.6,1.8,3.95,3.75,1.91,3.9,3.5,1.85,3.9,3.75,1.85,3.8,3.75,2025-08-24,borussia m gladbach,hamburger sv,market_average_open,1.82,3.92,3.78,market_average_close,1.89,3.87,3.65,market_average_close,1.89,3.87,3.65,closing,0.5291005291005292,0.25839793281653745,0.273972602739726,1.0614710646567926,0.49845968177343036,0.24343379807539617,0.25810652015117347,0.7418934798488266,0.5015403182265696,0.7565662019246038,1.3479023972602737,1.993857649442756,1.3217613970279574,H,0
D1,2025-08-29,19:30,Hamburg,St Pauli,0,2,A,0.0,1.0,A,5.0,17.0,2.0,6.0,13.0,19.0,2.0,5.0,3.0,3.0,1.0,0.0,2.4,3.3,3.0,2.37,3.3,3.0,,,,2.45,3.29,3.12,,,,,,,2.46,3.33,3.05,2.39,3.26,2.99,2.0,1.8,2.1,1.81,2.1,1.81,2.02,1.76,-0.25,2.05,1.8,2.14,1.81,2.05,1.81,1.96,1.78,2.45,3.2,3.0,2.45,3.2,2.95,,,,2.49,3.18,3.2,,,,,,,2.47,3.3,3.1,2.42,3.22,2.97,2.2,1.67,2.29,1.69,2.22,1.8,2.1,1.7,-0.25,2.1,1.78,2.13,1.82,2.1,1.78,2.01,1.75,2025,Football-Data.co.uk,https://www.football-data.co.uk/mmz4281/2526/D1.csv,,,,,,,2.56,3.4,3.15,2.14,1.86,2.08,1.89,,,,,,,2.52,3.35,3.2,2.26,1.77,2.14,1.86,2.4,3.2,3.0,2.38,3.3,3.05,2.4,3.3,2.9,2.37,3.3,3.0,2.37,3.25,3.0,2.4,3.25,3.0,2.43,3.3,2.95,2.4,3.25,2.9,2.45,3.2,3.0,2.4,3.2,2.9,2025-08-29,hamburger sv,st pauli,market_average_open,2.39,3.26,2.99,market_average_close,2.42,3.22,2.97,market_average_close,2.42,3.22,2.97,closing,0.4132231404958678,0.3105590062111801,0.33670033670033667,1.0604824834073845,0.389655790605952,0.29284689852993906,0.317497310864109,0.6825026891358911,0.6103442093940481,0.7071531014700609,1.4651956921460465,1.6384197385812893,1.4141209278742553,H,0
D1,2025-08-30,14:30,Hoffenheim,Ein Frankfurt,1,3,A,0.0,2.0,A,17.0,9.0,5.0,6.0,14.0,10.0,4.0,5.0,2.0,3.0,0.0,0.0,2.88,3.75,2.25,2.85,3.8,2.25,,,,2.95,3.84,2.3,,,,,,,2.9,3.9,2.3,2.84,3.76,2.24,1.5,2.63,1.5,2.67,1.5,2.7,1.47,2.58,0.25,1.85,2.0,1.88,2.03,1.86,2.0,1.84,1.87,2.6,3.8,2.45,2.65,3.8,2.37,,,,2.74,3.81,2.47,,,,,,,2.7,3.9,2.5,2.64,3.79,2.4,1.44,2.75,1.48,2.68,1.45,2.9,1.42,2.75,0.0,2.03,1.83,2.06,1.85,2.14,1.84,2.03,1.75,2025,Football-Data.co.uk,https://www.football-data.co.uk/mmz4281/2526/D1.csv,,,,,,,3.0,3.9,2.4,1.52,2.82,1.89,2.09,,,,,,,2.78,4.0,2.52,1.5,2.98,2.08,1.9,2.8,3.75,2.3,2.9,3.9,2.2,2.7,3.7,2.2,2.87,3.8,2.25,2.8,3.75,2.25,2.63,3.75,2.5,2.7,3.8,2.4,2.55,3.9,2.4,2.62,3.8,2.37,2.62,3.8,2.37,2025-08-30,hoffenheim,eintracht frankfurt,market_average_open,2.84,3.76,2.24,market_average_close,2.64,3.79,2.4,market_average_close,2.64,3.79,2.4,closing,0.3787878787878788,0.2638522427440633,0.4166666666666667,1.059306788198609,0.35758090385885455,0.24908010189640528,0.39333899424474006,0.6066610057552598,0.6424190961411453,0.7509198981035946,1.6483670295489894,1.5566162432075197,1.3316999623068226,A,0
D1,2025-08-30,14:30,RB Leipzig,Heidenheim,2,0,H,0.0,0.0,D,19.0,5.0,5.0,3.0,7.0,13.0,4.0,3.0,2.0,5.0,0.0,0.0,1.44,5.0,6.25,1.43,4.8,6.5,,,,1.45,5.17,6.4,,,,,,,1.46,5.0,7.0,1.42,4.83,6.48,1.5,2.63,1.51,2.66,1.53,2.63,1.5,2.5,-1.25,1.93,1.93,1.92,1.99,1.95,1.93,1.85,1.9,1.48,4.75,5.75,1.47,4.8,6.0,,,,1.48,4.96,6.28,,,,,,,1.5,5.0,6.0,1.47,4.88,5.82,1.4,3.0,1.51,2.61,1.44,3.0,1.41,2.8,-1.25,2.0,1.85,2.01,1.89,2.0,1.86,1.91,1.84,2025,Football-Data.co.uk,https://www.football-data.co.uk/mmz4281/2526/D1.csv,,,,,,,1.48,5.2,7.0,1.54,2.74,2.02,1.95,,,,,,,1.53,5.3,6.2,1.45,3.15,2.06,1.92,1.44,4.6,7.0,1.42,5.0,6.75,1.4,4.5,6.0,1.44,4.8,6.5,1.44,4.8,6.5,1.5,5.0,5.5,1.46,5.0,6.0,1.44,4.8,6.0,1.48,4.8,6.0,1.48,4.8,5.75,2025-08-30,rasenballsport leipzig,fc heidenheim,market_average_open,1.42,4.83,6.48,market_average_close,1.47,4.88,5.82,market_average_close,1.47,4.88,5.82,closing,0.6802721088435374,0.20491803278688525,0.1718213058419244,1.057011447472347,0.6435806447227094,0.19386548109475057,0.16255387418254,0.8374461258174599,0.3564193552772906,0.8061345189052493,1.1941066645019889,2.805683768834637,1.240487755515078,H,1
D1,2025-08-30,14:30,Stuttgart,M'gladbach,1,0,H,0.0,0.0,D,13.0,15.0,5.0,6.0,5.0,13.0,6.0,10.0,2.0,1.0,0.0,0.0,1.6,4.5,4.75,1.62,4.5,4.6,,,,1.62,4.59,4.97,,,,,,,1.62,4.6,5.0,1.59,4.45,4.75,1.4,3.0,1.42,2.95,1.42,3.0,1.4,2.83,-1.0,1.98,1.88,1.99,1.92,1.98,1.88,1.92,1.84,1.57,4.5,5.0,1.58,4.6,4.8,,,,1.58,4.81,5.08,,,,,,,1.59,4.8,5.0,1.57,4.59,4.9,1.33,3.4,1.34,3.31,1.35,3.4,1.34,3.16,-1.0,1.88,1.98,1.91,2.0,1.91,1.98,1.87,1.9,2025,Football-Data.co.uk,https://www.football-data.co.uk/mmz4281/2526/D1.csv,,,,,,,1.68,4.6,5.1,1.44,3.15,2.05,1.91,,,,,,,1.62,5.0,5.2,1.39,3.5,1.95,2.01,1.6,4.5,5.0,1.58,4.6,4.9,1.55,4.2,4.6,1.61,4.5,4.6,1.61,4.5,4.6,1.57,4.6,5.0,1.58,4.5,5.0,1.55,4.75,5.0,1.57,4.6,4.8,1.57,4.6,4.8,2025-08-30,vfb stuttgart,borussia m gladbach,market_average_open,1.59,4.45,4.75,market_average_close,1.57,4.59,4.9,market_average_close,1.57,4.59,4.9,closing,0.6369426751592356,0.2178649237472767,0.2040816326530612,1.0588892315595735,0.601519645469547,0.20574854975755746,0.19273180477289564,0.8072681952271044,0.3984803545304531,0.7942514502424426,1.2387456930824279,2.509534004953253,1.259047118761638,H,1
D1,2025-08-30,14:30,Werder Bremen,Leverkusen,3,3,D,1.0,2.0,A,12.0,10.0,5.0,4.0,11.0,10.0,3.0,7.0,4.0,3.0,1.0,0.0,3.7,3.8,1.91,3.5,3.8,1.95,,,,3.82,3.87,1.94,,,,,,,3.75,4.0,1.95,3.56,3.83,1.91,1.57,2.38,1.6,2.44,1.57,2.5,1.54,2.38,0.5,1.93,1.93,1.95,1.95,1.93,1.93,1.88,1.87,3.6,3.9,1.91,3.5,3.9,1.93,,,,3.59,3.89,2.0,,,,,,,3.75,4.0,1.95,3.54,3.9,1.92,1.44,2.75,1.49,2.66,1.48,2.75,1.44,2.68,0.5,1.93,1.93,1.89,2.01,1.93,1.95,1.87,1.88,2025,Football-Data.co.uk,https://www.football-data.co.uk/mmz4281/2526/D1.csv,,,,,,,4.0,4.0,1.97,1.62,2.52,2.01,1.97,,,,,,,3.9,4.0,2.0,1.5,2.96,1.98,2.0,3.6,3.75,1.95,3.65,4.0,1.88,3.4,3.7,1.87,3.5,3.8,1.95,3.5,3.8,1.95,3.5,4.0,1.95,3.6,3.95,1.92,3.5,4.0,1.9,3.5,3.9,1.95,3.5,3.9,1.91,2025-08-30,werder bremen,bayer leverkusen,market_average_open,3.56,3.83,1.91,market_average_close,3.54,3.9,1.92,market_average_close,3.54,3.9,1.92,closing,0.2824858757062147,0.25641025641025644,0.5208333333333334,1.0597294654498044,0.26656414199666795,0.24195822119697555,0.4914776368063566,0.5085223631936435,0.7334358580033321,0.7580417788030245,1.9664818548387095,1.3634457452385111,1.3191885038038884,A,0
D1,2025-08-30,17:30,Augsburg,Bayern Munich,2,3,A,0.0,2.0,A,10.0,20.0,3.0,10.0,14.0,11.0,7.0,5.0,3.0,4.0,0.0,0.0,9.0,6.5,1.27,10.5,6.5,1.25,,,,9.88,6.53,1.27,,,,,,,11.0,6.75,1.27,9.87,6.41,1.24,1.33,3.4,1.34,3.24,1.35,3.4,1.32,3.23,1.75,1.98,1.88,1.99,1.9,2.02,1.9,1.93,1.82,9.0,6.0,1.29,9.25,6.0,1.29,,,,9.65,6.2,1.29,,,,,,,10.0,6.0,1.32,9.33,5.93,1.28,1.44,2.75,1.43,2.87,1.44,3.1,1.4,2.86,1.75,1.83,2.03,1.88,2.03,1.86,2.04,1.8,1.96,2025,Football-Data.co.uk,https://www.football-data.co.uk/mmz4281/2526/D1.csv,,,,,,,11.5,7.2,1.28,1.39,3.4,1.99,1.93,,,,,,,11.0,6.6,1.31,1.44,3.15,1.94,2.02,11.0,6.5,1.22,10.0,6.75,1.24,9.5,5.75,1.22,10.0,6.5,1.25,10.0,6.5,1.25,10.0,6.0,1.29,9.5,6.0,1.28,10.0,6.0,1.25,9.5,6.0,1.28,9.0,5.75,1.28,2025-08-30,augsburg,bayern munich,market_average_open,9.87,6.41,1.24,market_average_close,9.33,5.93,1.28,market_average_close,9.33,5.93,1.28,closing,0.10718113612004287,0.16863406408094436,0.78125,1.0570652002009873,0.10139500959795457,0.15953042825445468,0.7390745621475907,0.26092543785240924,0.8986049904020454,0.8404695717455453,3.83251249180865,1.112836018807985,1.1898110694514865,A,0
D1,2025-08-31,14:30,Wolfsburg,Mainz,1,1,D,1.0,0.0,H,11.0,17.0,3.0,3.0,15.0,14.0,3.0,10.0,3.0,5.0,1.0,0.0,2.0,3.6,3.5,2.1,3.6,3.3,,,,2.08,3.68,3.54,,,,,,,2.1,3.8,3.6,2.04,3.62,3.34,1.73,2.1,1.78,2.13,1.75,2.1,1.72,2.06,-0.5,2.03,1.83,2.09,1.83,2.05,1.83,2.01,1.76,2.15,3.5,3.2,2.15,3.6,3.25,,,,2.13,3.65,3.51,,,,,,,2.2,3.6,3.3,2.14,3.53,3.23,1.73,2.1,1.79,2.13,1.77,2.1,1.73,2.06,-0.25,1.9,1.95,1.85,2.08,1.9,1.98,1.81,1.94,2025,Football-Data.co.uk,https://www.football-data.co.uk/mmz4281/2526/D1.csv,,,,,,,2.12,3.7,3.7,1.81,2.16,2.12,1.86,,,,,,,2.24,3.65,3.5,1.82,2.18,1.93,2.04,2.05,3.6,3.4,2.06,3.8,3.3,1.95,3.5,3.3,2.1,3.6,3.3,2.1,3.6,3.25,2.15,3.5,3.25,2.1,3.6,3.3,2.15,3.6,3.13,2.15,3.6,3.25,2.1,3.5,3.2,2025-08-31,wolfsburg,mainz 05,market_average_open,2.04,3.62,3.34,market_average_close,2.14,3.53,3.23,market_average_close,2.14,3.53,3.23,closing,0.4672897196261682,0.28328611898017,0.30959752321981426,1.0601733618261524,0.440767271138807,0.26720735417480085,0.2920253746863923,0.7079746253136079,0.5592327288611931,0.7327926458251992,1.4124800017472874,1.788164297959409,1.3646425161293725,H,0
D1,2025-08-31,16:30,Dortmund,Union Berlin,3,0,H,1.0,0.0,H,11.0,12.0,6.0,3.0,14.0,7.0,4.0,6.0,0.0,0.0,0.0,0.0,1.4,5.25,6.5,1.38,5.0,7.5,,,,1.4,5.3,7.28,,,,,,,1.41,5.3,8.0,1.38,5.06,7.02,1.5,2.63,1.54,2.59,1.53,2.63,1.49,2.53,-1.25,1.85,2.0,1.88,2.03,1.85,2.0,1.79,1.95,1.4,4.75,6.5,1.42,4.8,7.25,,,,1.41,5.29,7.35,,,,,,,1.46,5.1,8.0,1.41,4.84,6.88,1.57,2.38,1.55,2.6,1.6,2.45,1.56,2.36,-1.25,1.93,1.93,1.88,2.04,1.97,1.93,1.86,1.89,2025,Football-Data.co.uk,https://www.football-data.co.uk/mmz4281/2526/D1.csv,,,,,,,1.42,5.6,7.8,1.56,2.68,1.86,2.05,,,,,,,1.46,5.1,8.0,1.64,2.48,1.96,2.0,1.36,5.0,8.0,1.4,5.3,6.75,1.36,4.6,6.5,1.4,5.0,7.5,1.36,5.0,7.5,1.4,4.6,8.0,1.42,5.1,6.75,1.4,4.8,7.0,1.4,4.8,7.0,1.4,4.8,7.0,2025-08-31,dortmund,union berlin,market_average_open,1.38,5.06,7.02,market_average_close,1.41,4.84,6.88,market_average_close,1.41,4.84,6.88,closing,0.7092198581560284,0.2066115702479339,0.14534883720930233,1.0611802656132645,0.6683311791010028,0.19469978564719295,0.13696903525180434,0.8630309647481957,0.3316688208989973,0.8053002143528072,1.158706976744186,3.015055793575872,1.2417729216720332,H,1
D1,2025-08-31,18:30,FC Koln,Freiburg,4,1,H,1.0,0.0,H,18.0,12.0,6.0,2.0,12.0,9.0,3.0,5.0,2.0,1.0,0.0,0.0,2.55,3.3,2.8,2.55,3.3,2.75,,,,2.66,3.38,2.77,,,,,,,2.6,3.35,2.85,2.5,3.26,2.74,2.03,1.83,2.03,1.87,2.03,1.83,1.97,1.79,0.0,1.85,2.0,1.91,2.0,1.85,2.0,1.81,1.93,2.6,3.3,2.7,2.55,3.3,2.75,,,,2.6,3.42,2.86,,,,,,,2.62,3.4,2.8,2.53,3.31,2.72,1.9,1.95,1.92,1.98,1.91,1.96,1.87,1.9,0.0,1.9,1.95,1.87,2.06,1.9,1.99,1.83,1.92,2025,Football-Data.co.uk,https://www.football-data.co.uk/mmz4281/2526/D1.csv,,,,,,,2.64,3.4,2.9,2.08,1.86,1.88,2.05,,,,,,,2.68,3.5,2.9,1.93,2.02,1.91,2.07,2.6,3.25,2.8,2.48,3.35,2.85,2.45,3.2,2.63,2.4,3.1,2.62,2.4,3.1,2.62,2.6,3.3,2.75,2.48,3.4,2.8,2.5,3.4,2.7,2.45,3.1,2.6,2.45,3.1,2.6,2025-08-31,fc cologne,freiburg,market_average_open,2.5,3.26,2.74,market_average_close,2.53,3.31,2.72,market_average_close,2.53,3.31,2.72,closing,0.3952569169960475,0.3021148036253776,0.3676470588235294,1.0650187794449546,0.37112671121352403,0.2836708699003672,0.34520241888610864,0.6547975811138913,0.6288732887864759,0.7163291300996326,1.5271895145044319,1.5901454519235185,1.3960063300244572,H,0
D1,2025-09-12,19:30,Leverkusen,Ein Frankfurt,3,1,H,2.0,0.0,H,18.0,13.0,8.0,2.0,10.0,9.0,4.0,8.0,5.0,3.0,2.0,0.0,2.1,3.8,3.2,2.1,3.9,3.1,,,,2.16,3.83,3.29,,,,,,,2.15,3.9,3.2,2.1,3.8,3.11,1.44,2.75,1.44,2.82,1.46,2.8,1.44,2.72,-0.25,1.85,2.0,1.89,2.03,1.86,2.0,1.82,1.95,2.15,3.6,3.1,2.15,3.7,3.1,,,,2.19,3.8,3.24,,,,,,,2.16,3.85,3.2,2.12,3.72,3.13,1.53,2.5,1.57,2.49,1.56,2.6,1.51,2.48,-0.25,1.88,1.98,1.93,2.0,1.88,1.98,1.84,1.95,2025,Football-Data.co.uk,https://www.football-data.co.uk/mmz4281/2526/D1.csv,,,,,,,2.22,3.95,3.35,1.48,3.0,1.93,2.06,,,,,,,2.22,3.75,3.45,1.6,2.62,1.92,2.06,2.15,3.75,3.1,2.08,3.75,3.2,2.1,3.9,3.0,2.1,3.9,3.1,2.1,3.8,3.1,2.15,3.75,3.1,2.1,3.85,3.15,2.1,3.8,3.1,2.15,3.7,3.1,2.15,3.7,3.1,2025-09-12,bayer leverkusen,eintracht frankfurt,market_average_open,2.1,3.8,3.11,market_average_close,2.12,3.72,3.13,market_average_close,2.12,3.72,3.13,closing,0.4716981132075471,0.26881720430107525,0.3194888178913738,1.060004135399996,0.44499648393310304,0.25360014675757486,0.3014033693093222,0.6985966306906779,0.5550035160668971,0.7463998532424252,1.4314412009278303,1.8017903869990355,1.3397644649257552,H,0
D1,2025-09-13,14:30,Freiburg,Stuttgart,3,1,H,0.0,1.0,A,14.0,7.0,6.0,2.0,8.0,13.0,7.0,1.0,1.0,1.0,1.0,0.0,2.9,3.6,2.35,2.8,3.6,2.35,,,,2.92,3.64,2.41,,,,,,,3.0,3.7,2.37,2.84,3.59,2.29,1.57,2.38,1.61,2.41,1.63,2.38,1.58,2.29,0.25,1.8,2.05,1.83,2.1,1.89,2.05,1.8,1.93,2.63,3.5,2.63,2.65,3.5,2.55,,,,2.66,3.5,2.73,,,,,,,3.0,3.65,2.65,2.62,3.54,2.53,1.67,2.2,1.73,2.22,1.75,2.28,1.64,2.19,0.0,1.93,1.93,1.93,1.99,1.95,1.94,1.89,1.89,2025,Football-Data.co.uk,https://www.football-data.co.uk/mmz4281/2526/D1.csv,,,,,,,3.0,3.7,2.46,1.64,2.46,1.87,2.12,,,,,,,2.76,3.55,2.78,1.78,2.26,1.97,2.01,2.88,3.6,2.3,2.9,3.7,2.28,2.7,3.5,2.25,2.8,3.6,2.37,2.8,3.6,2.3,2.6,3.5,2.6,2.6,3.65,2.5,2.5,3.6,2.6,2.62,3.5,2.5,2.62,3.5,2.5,2025-09-13,freiburg,vfb stuttgart,market_average_open,2.84,3.59,2.29,market_average_close,2.62,3.54,2.53,market_average_close,2.62,3.54,2.53,closing,0.38167938931297707,0.2824858757062147,0.3952569169960475,1.0594221820152394,0.3602712835282948,0.26664145843054593,0.3730872580411591,0.6269127419588407,0.639728716471705,0.7333585415694539,1.5951183204147634,1.5631625941622547,1.3635894904283914,A,0
D1,2025-09-13,14:30,Heidenheim,Dortmund,0,2,A,0.0,2.0,A,6.0,17.0,1.0,8.0,5.0,9.0,5.0,4.0,2.0,3.0,1.0,0.0,5.5,4.5,1.55,5.0,4.4,1.58,,,,5.53,4.66,1.56,,,,,,,5.5,4.6,1.66,5.16,4.39,1.55,1.5,2.63,1.48,2.68,1.52,2.63,1.49,2.55,1.0,1.98,1.88,2.01,1.9,1.98,2.12,1.91,1.88,5.0,4.5,1.57,4.8,4.5,1.6,,,,5.34,4.54,1.6,,,,,,,5.33,4.5,1.62,4.98,4.44,1.58,1.44,2.75,1.47,2.75,1.5,2.75,1.46,2.63,1.0,1.93,1.93,1.95,1.97,1.93,1.97,1.87,1.91,2025,Football-Data.co.uk,https://www.football-data.co.uk/mmz4281/2526/D1.csv,,,,,,,5.8,4.7,1.61,1.53,2.72,2.0,1.93,,,,,,,5.6,4.5,1.66,1.5,2.92,1.93,2.06,5.5,4.33,1.57,5.4,4.5,1.54,5.0,4.2,1.5,5.0,4.4,1.57,5.0,4.33,1.57,5.0,4.33,1.6,5.2,4.5,1.57,5.0,4.5,1.55,4.8,4.5,1.6,4.8,4.5,1.6,2025-09-13,fc heidenheim,dortmund,market_average_open,5.16,4.39,1.55,market_average_close,4.98,4.44,1.58,market_average_close,4.98,4.44,1.58,closing,0.2008032128514056,0.2252252252252252,0.6329113924050632,1.0589398304816942,0.18962665023192446,0.21268935093580718,0.5976839988322682,0.40231600116773164,0.8103733497680754,0.7873106490641927,2.485608320567605,1.233999119401193,1.2701466710613054,A,0
D1,2025-09-13,14:30,Mainz,RB Leipzig,0,1,A,0.0,1.0,A,13.0,19.0,2.0,3.0,12.0,11.0,3.0,5.0,1.0,0.0,0.0,0.0,2.55,3.6,2.63,2.6,3.6,2.5,,,,2.6,3.7,2.64,,,,,,,2.66,3.75,2.7,2.56,3.58,2.53,1.67,2.2,1.63,2.36,1.67,2.3,1.63,2.21,0.0,1.9,1.95,1.93,1.97,1.95,2.0,1.82,1.92,2.35,3.8,2.8,2.35,3.7,2.8,,,,2.41,3.79,2.87,,,,,,,2.38,3.8,2.88,2.32,3.69,2.8,1.53,2.5,1.56,2.55,1.55,2.63,1.52,2.47,-0.25,2.05,1.8,2.11,1.83,2.05,1.81,2.01,1.78,2025,Football-Data.co.uk,https://www.football-data.co.uk/mmz4281/2526/D1.csv,,,,,,,2.74,3.7,2.68,1.66,2.38,2.0,1.97,,,,,,,2.44,3.9,2.94,1.58,2.68,2.13,1.87,2.6,3.5,2.6,2.63,3.7,2.48,2.45,3.5,2.45,2.62,3.6,2.5,2.6,3.5,2.5,2.3,3.6,2.88,2.33,3.8,2.8,2.3,3.75,2.75,2.3,3.7,2.8,2.3,3.6,2.8,2025-09-13,mainz 05,rasenballsport leipzig,market_average_open,2.56,3.58,2.53,market_average_close,2.32,3.69,2.8,market_average_close,2.32,3.69,2.8,closing,0.4310344827586207,0.2710027100271003,0.35714285714285715,1.0591800499285782,0.4069510965465087,0.25586085202924125,0.33718805142425007,0.66281194857575,0.5930489034534914,0.7441391479707588,1.5087235559781316,1.6862015833377608,1.3438346883468835,H,0
D1,2025-09-13,14:30,Union Berlin,Hoffenheim,2,4,A,0.0,2.0,A,20.0,9.0,7.0,8.0,13.0,12.0,9.0,2.0,1.0,1.0,1.0,0.0,2.6,3.4,2.7,2.55,3.4,2.65,,,,2.66,3.51,2.68,,,,,,,2.62,3.5,2.8,2.56,3.39,2.64,1.88,1.98,1.92,1.97,1.93,1.98,1.86,1.9,0.0,1.93,1.93,1.94,1.96,1.93,2.07,1.8,1.96,2.88,3.4,2.45,2.7,3.4,2.55,,,,2.94,3.42,2.53,,,,,,,2.88,3.6,2.55,2.74,3.4,2.49,1.83,2.03,1.88,2.03,1.84,2.05,1.79,1.98,0.0,2.1,1.78,2.12,1.83,2.1,2.07,1.91,1.86,2025,Football-Data.co.uk,https://www.football-data.co.uk/mmz4281/2526/D1.csv,,,,,,,2.68,3.6,2.76,1.96,1.98,1.95,2.0,,,,,,,2.94,3.5,2.6,1.9,2.08,2.11,1.87,2.6,3.3,2.75,2.55,3.5,2.65,2.5,3.3,2.55,2.6,3.4,2.62,2.6,3.4,2.62,2.8,3.4,2.5,2.63,3.6,2.5,2.8,3.3,2.45,2.7,3.4,2.5,2.7,3.4,2.5,2025-09-13,union berlin,hoffenheim,market_average_open,2.56,3.39,2.64,market_average_close,2.74,3.4,2.49,market_average_close,2.74,3.4,2.49,closing,0.36496350364963503,0.29411764705882354,0.4016064257028112,1.0606875764112698,0.34408200092665603,0.2772896125114816,0.3786283865618624,0.6213716134381376,0.6559179990733439,0.7227103874885183,1.609342909095666,1.524580818658372,1.3836801259700822,A,0
D1,2025-09-13,14:30,Wolfsburg,FC Koln,3,3,D,1.0,1.0,D,14.0,14.0,6.0,8.0,15.0,11.0,7.0,4.0,2.0,3.0,0.0,0.0,1.95,3.5,3.9,2.0,3.5,3.7,,,,2.01,3.61,3.85,,,,,,,2.0,3.8,3.95,1.96,3.56,3.66,1.8,2.0,1.81,2.08,1.85,2.05,1.78,1.98,-0.5,2.0,1.85,2.02,1.89,2.0,1.98,1.93,1.84,1.91,3.6,3.75,1.93,3.7,3.7,,,,1.97,3.71,3.97,,,,,,,1.95,3.8,4.0,1.92,3.65,3.76,1.73,2.1,1.76,2.17,1.8,2.15,1.73,2.06,-0.5,1.95,1.9,1.98,1.94,1.95,1.98,1.88,1.88,2025,Football-Data.co.uk,https://www.football-data.co.uk/mmz4281/2526/D1.csv,,,,,,,2.06,3.7,4.0,1.83,2.12,2.06,1.92,,,,,,,1.98,3.8,4.2,1.77,2.24,1.98,2.01,2.0,3.6,3.6,1.94,3.65,3.8,1.93,3.5,3.4,2.0,3.5,3.7,2.0,3.5,3.6,1.95,3.6,3.75,1.94,3.65,3.8,1.9,3.7,3.75,1.95,3.7,3.7,1.95,3.6,3.7,2025-09-13,wolfsburg,fc cologne,market_average_open,1.96,3.56,3.66,market_average_close,1.92,3.65,3.76,market_average_close,1.92,3.65,3.76,closing,0.5208333333333334,0.273972602739726,0.26595744680851063,1.0607633828815701,0.49099859755574,0.2582787143306906,0.25072268811356935,0.7492773118864307,0.50900140244426,0.7417212856693094,1.3346193513885174,1.9646311291048135,1.348215319313139,H,0
D1,2025-09-13,17:30,Bayern Munich,Hamburg,5,0,H,4.0,0.0,H,22.0,9.0,12.0,2.0,11.0,14.0,5.0,3.0,2.0,2.0,0.0,0.0,1.06,12.0,26.0,1.08,13.5,26.0,,,,1.07,14.97,29.41,,,,,,,1.08,13.5,31.0,1.06,11.91,26.44,1.22,4.33,1.32,3.2,1.22,4.6,1.2,4.25,-3.0,1.98,1.88,1.96,1.91,2.2,1.98,1.91,1.88,1.06,12.0,23.0,1.08,13.5,26.0,,,,1.08,16.5,21.0,,,,,,,1.08,14.0,29.0,1.07,12.59,25.03,1.14,5.5,1.32,3.2,1.17,6.0,1.15,5.3,-3.0,1.85,2.0,1.88,1.98,1.87,2.04,1.81,1.98,2025,Football-Data.co.uk,https://www.football-data.co.uk/mmz4281/2526/D1.csv,,,,,,,1.08,17.0,42.0,1.24,4.8,1.97,1.92,,,,,,,1.08,19.5,38.0,1.17,6.4,1.95,2.04,1.07,12.0,29.0,1.06,13.0,31.0,1.06,9.5,21.0,1.08,13.0,26.0,1.07,13.0,23.0,1.07,12.0,26.0,1.06,14.0,29.0,1.06,13.0,26.0,1.07,13.0,26.0,1.07,13.0,26.0,2025-09-13,bayern munich,hamburger sv,market_average_open,1.06,11.91,26.44,market_average_close,1.07,12.59,25.03,market_average_close,1.07,12.59,25.03,closing,0.9345794392523364,0.07942811755361398,0.03995205753096284,1.0539596143369132,0.8867317367186944,0.07536163290619563,0.03790663037510999,0.9620933696248901,0.11326826328130563,0.9246383670938044,1.0394001575854215,8.828598329582096,1.0815038998901396,H,1
D1,2025-09-14,14:30,St Pauli,Augsburg,2,1,H,1.0,1.0,D,13.0,10.0,7.0,5.0,10.0,12.0,3.0,1.0,1.0,4.0,0.0,0.0,2.2,3.4,3.3,2.2,3.3,3.3,,,,2.23,3.39,3.46,,,,,,,2.25,3.4,3.33,2.19,3.31,3.25,2.1,1.73,2.15,1.76,2.1,1.75,2.04,1.73,-0.25,1.88,1.98,1.92,1.99,1.9,1.98,1.88,1.9,2.1,3.5,3.3,2.1,3.4,3.5,,,,2.23,3.32,3.6,,,,,,,2.18,3.5,3.55,2.11,3.37,3.43,1.9,1.95,2.17,1.75,2.1,1.95,1.96,1.82,-0.25,1.8,2.05,1.91,2.02,1.9,2.05,1.81,1.98,2025,Football-Data.co.uk,https://www.football-data.co.uk/mmz4281/2526/D1.csv,,,,,,,2.24,3.45,3.6,2.16,1.81,1.93,2.04,,,,,,,2.22,3.4,3.85,2.12,1.87,1.89,2.11,2.25,3.25,3.3,2.2,3.4,3.2,2.1,3.2,3.2,2.2,3.3,3.3,2.2,3.3,3.25,2.1,3.4,3.4,2.1,3.4,3.55,2.1,3.4,3.4,2.1,3.4,3.5,2.1,3.3,3.4,2025-09-14,st pauli,augsburg,market_average_open,2.19,3.31,3.25,market_average_close,2.11,3.37,3.43,market_average_close,2.11,3.37,3.43,closing,0.47393364928909953,0.29673590504451036,0.29154518950437314,1.0622147438379832,0.44617498677968587,0.2793558522567172,0.2744691609635968,0.725530839036403,0.553825013220314,0.7206441477432827,1.3783011640526912,1.8056244772790637,1.387647430609862,H,0
D1,2025-09-14,16:30,M'gladbach,Werder Bremen,0,4,A,0.0,2.0,A,19.0,12.0,3.0,7.0,12.0,9.0,9.0,4.0,1.0,0.0,0.0,0.0,1.95,3.9,3.4,1.95,3.8,3.5,,,,2.0,4.11,3.44,,,,,,,1.98,4.2,4.25,1.92,3.92,3.46,1.5,2.63,1.5,2.67,1.52,2.63,1.48,2.55,-0.5,1.98,1.88,2.01,1.9,1.98,2.12,1.9,1.87,2.1,3.9,3.0,2.1,3.8,3.1,,,,2.05,4.08,3.38,,,,,,,2.15,4.0,3.2,2.09,3.89,3.09,1.44,2.75,1.39,3.09,1.44,3.0,1.42,2.79,-0.25,1.85,2.0,1.81,2.12,1.85,2.0,1.82,1.96,2025,Football-Data.co.uk,https://www.football-data.co.uk/mmz4281/2526/D1.csv,,,,,,,2.04,4.0,3.7,1.52,2.8,2.04,1.92,,,,,,,2.16,4.0,3.4,1.48,3.0,1.89,2.11,1.95,4.0,3.5,1.93,4.1,3.45,1.93,3.75,3.2,1.95,3.8,3.5,1.95,3.8,3.5,2.05,4.0,3.2,2.1,4.0,3.1,2.1,4.0,3.0,2.1,3.8,3.1,2.1,3.8,3.1,2025-09-14,borussia m gladbach,werder bremen,market_average_open,1.92,3.92,3.46,market_average_close,2.09,3.89,3.09,market_average_close,2.09,3.89,3.09,closing,0.47846889952153115,0.2570694087403599,0.3236245954692557,1.0591629037311467,0.45174250139993916,0.2427099814719467,0.3055475171281142,0.6944524828718859,0.5482574986000609,0.7572900185280533,1.4399833317097985,1.823960461194664,1.3204980595726097,H,0
D1,2025-09-19,19:30,Stuttgart,St Pauli,2,0,H,1.0,0.0,H,17.0,9.0,8.0,2.0,13.0,15.0,8.0,4.0,0.0,2.0,0.0,0.0,1.75,4.1,4.2,1.78,3.8,4.2,,,,1.78,4.0,4.46,,,,,,,1.8,4.1,4.6,1.75,3.89,4.33,1.73,2.1,1.74,2.18,1.75,2.15,1.7,2.1,-0.75,2.0,1.85,2.01,1.89,2.0,1.9,1.92,1.85,1.8,3.9,4.0,1.87,3.8,3.8,,,,1.8,4.09,4.37,,,,,,,1.87,4.0,4.0,1.82,3.88,3.89,1.62,2.3,1.66,2.32,1.62,2.38,1.6,2.28,-0.5,1.78,2.03,1.79,2.13,1.86,2.03,1.8,1.96,2025,Football-Data.co.uk,https://www.football-data.co.uk/mmz4281/2526/D1.csv,,,,,,,1.82,4.1,4.7,1.78,2.24,2.04,1.92,,,,,,,1.95,4.0,4.1,1.65,2.48,1.95,2.04,1.73,3.75,4.6,1.73,4.0,4.4,1.73,3.9,4.4,1.8,3.8,4.2,1.8,3.8,4.2,1.83,3.75,4.0,1.83,3.95,3.95,1.8,3.9,4.0,1.85,3.8,3.8,1.85,3.8,3.8,2025-09-19,vfb stuttgart,st pauli,market_average_open,1.75,3.89,4.33,market_average_close,1.82,3.88,3.89,market_average_close,1.82,3.88,3.89,closing,0.5494505494505494,0.2577319587628866,0.2570694087403599,1.064251916953796,0.516278656112962,0.2421719469395853,0.24154939694745264,0.7584506030525473,0.4837213438870379,0.7578280530604147,1.3184774275019169,2.0673059244487817,1.319560546698684,H,1
D1,2025-09-20,14:30,Augsburg,Mainz,1,4,A,0.0,2.0,A,18.0,12.0,5.0,4.0,13.0,10.0,6.0,6.0,1.0,2.0,0.0,1.0,2.7,3.4,2.6,2.65,3.3,2.6,,,,2.77,3.47,2.61,,,,,,,2.75,3.5,2.62,2.66,3.34,2.55,1.93,1.93,1.92,1.97,1.93,1.95,1.88,1.87,0.0,1.98,1.88,2.01,1.89,2.02,1.88,1.96,1.79,2.63,3.5,2.63,2.65,3.4,2.6,,,,2.75,3.42,2.69,,,,,,,2.65,3.6,2.66,2.61,3.47,2.58,1.67,2.2,1.96,1.94,1.79,2.2,1.72,2.08,0.0,1.95,1.9,1.98,1.94,2.02,1.91,1.93,1.83,2025,Football-Data.co.uk,https://www.football-data.co.uk/mmz4281/2526/D1.csv,,,,,,,2.84,3.45,2.72,1.96,1.99,2.03,1.94,,,,,,,2.78,3.6,2.72,1.79,2.24,2.02,1.96,2.75,3.3,2.6,2.7,3.5,2.5,2.6,3.25,2.5,2.62,3.3,2.62,2.62,3.3,2.6,2.63,3.4,2.6,2.6,3.55,2.6,2.6,3.6,2.5,2.62,3.4,2.6,2.62,3.4,2.6,2025-09-20,augsburg,mainz 05,market_average_open,2.66,3.34,2.55,market_average_close,2.61,3.47,2.58,market_average_close,2.61,3.47,2.58,closing,0.3831417624521073,0.2881844380403458,0.38759689922480617,1.0589230997172594,0.36182208373243446,0.27214859900335847,0.3660293172642069,0.6339706827357929,0.6381779162675654,0.7278514009966414,1.5773600061199513,1.5669611475254113,1.3739068148123472,A,0
D1,2025-09-20,14:30,Hamburg,Heidenheim,2,1,H,1.0,0.0,H,22.0,20.0,9.0,8.0,15.0,10.0,1.0,12.0,5.0,1.0,0.0,0.0,2.05,3.6,3.5,2.05,3.5,3.6,,,,2.1,3.53,3.66,,,,,,,2.1,3.65,3.66,2.02,3.51,3.45,1.8,2.0,1.85,2.04,1.8,2.02,1.77,2.0,-0.5,2.05,1.8,2.11,1.82,2.05,1.8,2.0,1.77,1.75,3.9,4.5,1.77,3.9,4.2,,,,1.88,3.89,4.18,,,,,,,1.81,4.0,4.5,1.77,3.87,4.2,1.67,2.2,1.68,2.29,1.67,2.28,1.64,2.21,-0.75,1.98,1.88,2.12,1.79,2.02,1.88,1.97,1.81,2025,Football-Data.co.uk,https://www.football-data.co.uk/mmz4281/2526/D1.csv,,,,,,,2.14,3.7,3.65,1.87,2.08,2.14,1.84,,,,,,,1.84,4.1,4.6,1.69,2.4,2.03,1.94,2.1,3.5,3.4,2.04,3.65,3.45,2.0,3.4,3.25,1.95,3.3,3.4,2.0,3.5,3.6,1.8,3.75,4.2,1.8,3.95,4.1,1.73,3.9,4.33,1.8,3.9,4.2,1.75,3.9,4.2,2025-09-20,hamburger sv,fc heidenheim,market_average_open,2.02,3.51,3.45,market_average_close,1.77,3.87,4.2,market_average_close,1.77,3.87,4.2,closing,0.5649717514124294,0.25839793281653745,0.23809523809523808,1.061464922324205,0.5322566384721935,0.24343520674309627,0.22430815478471014,0.7756918452152898,0.4677433615278064,0.7565647932569036,1.2891717325227965,2.1379245164135847,1.3217638580499398,H,1
D1,2025-09-20,14:30,Hoffenheim,Bayern Munich,1,4,A,0.0,1.0,A,12.0,18.0,4.0,10.0,17.0,9.0,5.0,5.0,1.0,2.0,0.0,0.0,7.0,6.0,1.33,7.5,5.75,1.35,,,,7.87,6.19,1.33,,,,,,,8.0,6.0,1.35,7.48,5.7,1.32,1.29,3.75,1.32,3.45,1.33,3.75,1.3,3.38,1.5,2.0,1.85,2.04,1.87,2.0,1.85,1.95,1.81,7.5,5.25,1.36,7.0,5.5,1.37,,,,8.29,6.37,1.31,,,,,,,7.5,5.6,1.4,6.98,5.37,1.37,1.33,3.4,1.32,3.45,1.35,3.5,1.32,3.26,1.5,1.88,1.98,2.08,1.81,1.9,1.98,1.85,1.91,2025,Football-Data.co.uk,https://www.football-data.co.uk/mmz4281/2526/D1.csv,,,,,,,8.8,6.4,1.35,1.34,3.75,2.05,1.88,,,,,,,8.2,5.7,1.41,1.39,3.45,1.9,2.09,8.0,5.5,1.33,8.0,6.0,1.32,7.0,5.25,1.3,7.5,5.75,1.35,7.5,5.5,1.35,7.0,5.5,1.36,6.75,5.6,1.38,7.5,5.5,1.33,7.0,5.5,1.36,6.5,5.25,1.4,2025-09-20,hoffenheim,bayern munich,market_average_open,7.48,5.7,1.32,market_average_close,6.98,5.37,1.37,market_average_close,6.98,5.37,1.37,closing,0.14326647564469913,0.186219739292365,0.7299270072992701,1.0594132222363342,0.13523191200339693,0.17577630275301873,0.6889917852435844,0.31100821475641566,0.8647680879966031,0.8242236972469813,3.215349153343775,1.1563793968353837,1.2132628597553496,A,0
D1,2025-09-20,14:30,Werder Bremen,Freiburg,0,3,A,0.0,1.0,A,12.0,10.0,5.0,5.0,13.0,7.0,2.0,0.0,5.0,2.0,0.0,0.0,2.38,3.6,2.8,2.4,3.5,2.75,,,,2.38,3.81,2.86,,,,,,,2.43,3.75,2.8,2.37,3.59,2.72,1.62,2.3,1.63,2.36,1.62,2.3,1.6,2.26,-0.25,2.05,1.8,2.09,1.83,2.1,1.8,2.04,1.74,2.35,3.6,2.88,2.4,3.5,2.75,,,,2.51,3.68,2.79,,,,,,,2.45,3.7,2.9,2.37,3.55,2.79,1.73,2.1,1.64,2.38,1.73,2.25,1.64,2.2,-0.25,2.05,1.8,2.18,1.76,2.1,1.8,2.04,1.75,2025,Football-Data.co.uk,https://www.football-data.co.uk/mmz4281/2526/D1.csv,,,,,,,2.5,3.75,2.9,1.64,2.44,2.17,1.82,,,,,,,2.54,3.65,2.96,1.73,2.34,2.19,1.82,2.38,3.6,2.8,2.43,3.75,2.65,2.3,3.5,2.63,2.4,3.5,2.75,2.4,3.5,2.75,2.4,3.5,2.8,2.35,3.7,2.8,2.38,3.6,2.75,2.4,3.5,2.75,2.4,3.5,2.75,2025-09-20,werder bremen,freiburg,market_average_open,2.37,3.59,2.72,market_average_close,2.37,3.55,2.79,market_average_close,2.37,3.55,2.79,closing,0.42194092827004215,0.28169014084507044,0.35842293906810035,1.062054008183213,0.3972876379345615,0.265231465325327,0.3374808967401114,0.6625191032598885,0.6027123620654384,0.7347685346746728,1.509390438825923,1.659166234077387,1.360972813625942,H,0
D1,2025-09-20,17:30,RB Leipzig,FC Koln,3,1,H,3.0,1.0,H,18.0,13.0,8.0,2.0,10.0,8.0,9.0,5.0,1.0,1.0,0.0,0.0,1.65,4.33,4.5,1.68,4.1,4.6,,,,1.68,4.39,4.73,,,,,,,1.7,4.35,4.8,1.65,4.15,4.61,1.53,2.5,1.57,2.5,1.6,2.5,1.55,2.37,-0.75,1.83,2.03,1.85,2.06,1.83,2.03,1.79,1.98,1.9,4.0,3.75,1.9,4.0,3.6,,,,1.95,3.9,3.84,,,,,,,1.91,4.2,3.8,1.86,4.01,3.64,1.4,3.0,1.49,2.72,1.43,3.13,1.4,2.88,-0.5,1.88,1.98,1.96,1.96,1.88,2.0,1.82,1.94,2025,Football-Data.co.uk,https://www.football-data.co.uk/mmz4281/2526/D1.csv,,,,,,,1.75,4.4,4.9,1.61,2.54,1.94,2.03,,,,,,,1.98,4.0,4.0,1.44,3.15,1.97,2.01,1.67,4.2,4.6,1.63,4.35,4.8,1.6,4.0,4.5,1.67,4.2,4.6,1.67,4.0,4.6,1.9,4.0,3.6,1.81,4.2,3.8,1.83,4.1,3.6,1.91,4.0,3.6,1.85,3.9,3.6,2025-09-20,rasenballsport leipzig,fc cologne,market_average_open,1.65,4.15,4.61,market_average_close,1.86,4.01,3.64,market_average_close,1.86,4.01,3.64,closing,0.5376344086021505,0.24937655860349128,0.2747252747252747,1.0617362419309164,0.5063728517210516,0.2348761855863232,0.25875096269262526,0.7412490373073748,0.4936271482789485,0.7651238144136769,1.3490742647471778,2.025820507414435,1.3069780095216503,H,1
D1,2025-09-21,14:30,Ein Frankfurt,Union Berlin,3,4,A,1.0,2.0,A,19.0,11.0,10.0,5.0,10.0,11.0,5.0,1.0,3.0,2.0,0.0,0.0,1.57,4.33,5.5,1.58,4.33,5.25,,,,1.58,4.47,5.57,,,,,,,1.58,4.6,5.5,1.55,4.27,5.27,1.57,2.38,1.63,2.38,1.62,2.38,1.58,2.29,-1.0,1.93,1.93,1.96,1.94,1.95,1.93,1.89,1.88,1.62,4.2,4.75,1.61,4.2,5.0,,,,1.65,4.38,5.03,,,,,,,1.66,4.25,5.1,1.62,4.17,4.92,1.62,2.3,1.57,2.5,1.63,2.38,1.59,2.3,-1.0,2.05,1.8,2.09,1.85,2.08,1.8,2.03,1.77,2025,Football-Data.co.uk,https://www.football-data.co.uk/mmz4281/2526/D1.csv,,,,,,,1.6,4.4,6.0,1.66,2.42,1.97,1.96,,,,,,,1.7,4.4,5.3,1.68,2.44,2.14,1.84,1.57,4.2,5.5,1.54,4.6,5.4,1.53,4.0,5.0,1.57,4.33,5.25,1.57,4.2,5.25,1.62,4.2,5.0,1.66,4.25,4.7,1.6,4.2,5.0,1.6,4.2,5.0,1.6,4.2,5.0,2025-09-21,eintracht frankfurt,union berlin,market_average_open,1.55,4.27,5.27,market_average_close,1.62,4.17,4.92,market_average_close,1.62,4.17,4.92,closing,0.6172839506172839,0.23980815347721823,0.2032520325203252,1.0603441366148272,0.5821543490474489,0.22616068236375714,0.19168496858879414,0.808315031411206,0.4178456509525513,0.773839317636243,1.2371414128649056,2.3932282117100594,1.29225793676985,H,1
D1,2025-09-21,16:30,Leverkusen,M'gladbach,1,1,D,0.0,0.0,D,13.0,13.0,9.0,7.0,12.0,15.0,3.0,4.0,5.0,5.0,0.0,0.0,1.57,5.0,4.5,1.58,4.4,5.0,,,,1.56,4.77,5.33,,,,,,,1.58,5.0,5.5,1.55,4.52,5.01,1.44,2.75,1.48,2.7,1.48,2.9,1.43,2.7,-1.0,1.93,1.93,1.93,1.97,1.93,1.95,1.86,1.91,1.5,4.5,6.25,1.52,4.4,5.75,,,,1.56,4.48,5.96,,,,,,,1.54,4.6,6.25,1.51,4.45,5.74,1.57,2.38,1.62,2.38,1.62,2.48,1.56,2.36,-1.0,1.83,2.03,1.92,2.01,1.85,2.03,1.82,1.97,2025,Football-Data.co.uk,https://www.football-data.co.uk/mmz4281/2526/D1.csv,,,,,,,1.6,5.1,5.5,1.5,2.86,1.97,1.96,,,,,,,1.55,4.8,6.6,1.64,2.54,1.89,2.09,1.53,4.5,5.5,1.54,4.75,5.1,1.5,4.2,5.0,1.57,4.4,5.0,1.57,4.4,5.0,1.53,4.33,6.0,1.54,4.6,5.5,1.5,4.4,5.75,1.53,4.4,6.0,1.5,4.4,5.75,2025-09-21,bayer leverkusen,borussia m gladbach,market_average_open,1.55,4.52,5.01,market_average_close,1.51,4.45,5.74,market_average_close,1.51,4.45,5.74,closing,0.6622516556291391,0.2247191011235955,0.17421602787456444,1.061186784627299,0.6240670023625761,0.2117620614758404,0.16417093616158357,0.8358290638384165,0.37593299763742394,0.7882379385241596,1.1964168790777072,2.6600484828003044,1.2686524602867106,H,1
D1,2025-09-21,18:30,Dortmund,Wolfsburg,1,0,H,1.0,0.0,H,12.0,10.0,4.0,1.0,10.0,9.0,9.0,3.0,1.0,0.0,0.0,0.0,1.5,5.0,5.5,1.49,4.75,5.75,,,,1.52,5.13,5.42,,,,,,,1.52,5.0,6.5,1.47,4.72,5.78,1.44,2.75,1.44,2.84,1.48,2.8,1.44,2.67,-1.25,2.05,1.8,2.09,1.83,2.05,1.86,1.95,1.81,1.53,4.5,5.25,1.53,4.6,5.5,,,,1.59,4.66,5.27,,,,,,,1.55,4.75,5.5,1.52,4.57,5.36,1.44,2.75,1.46,2.79,1.45,2.88,1.43,2.72,-1.0,1.85,2.0,1.96,1.96,1.86,2.0,1.82,1.95,2025,Football-Data.co.uk,https://www.football-data.co.uk/mmz4281/2526/D1.csv,,,,,,,1.53,5.1,6.4,1.48,2.92,2.08,1.86,,,,,,,1.58,5.0,5.8,1.47,3.05,1.91,2.06,1.44,4.6,6.5,1.46,5.0,6.1,1.44,4.4,5.5,1.5,4.8,5.75,1.5,4.6,5.75,1.53,4.6,5.5,1.54,4.7,5.3,1.5,4.6,5.5,1.55,4.5,5.25,1.53,4.4,5.25,2025-09-21,dortmund,wolfsburg,market_average_open,1.47,4.72,5.78,market_average_close,1.52,4.57,5.36,market_average_close,1.52,4.57,5.36,closing,0.6578947368421053,0.2188183807439825,0.18656716417910446,1.0632802817651923,0.6187406539223215,0.20579557854746797,0.17546376753021053,0.8245362324697895,0.38125934607767853,0.794204421452532,1.2128029801730265,2.6228865214395505,1.2591216731972927,H,1
D1,2025-09-26,19:30,Bayern Munich,Werder Bremen,4,0,H,2.0,0.0,H,26.0,9.0,13.0,3.0,9.0,4.0,7.0,6.0,2.0,0.0,0.0,0.0,1.09,11.0,21.0,1.1,12.5,19.0,,,,1.09,12.5,26.0,,,,,,,1.1,12.5,22.0,1.09,10.97,20.23,1.2,4.5,,,1.2,5.25,1.17,4.79,-2.75,1.88,1.98,1.88,2.01,1.88,2.0,1.84,1.94,1.09,11.0,21.0,1.12,11.5,16.5,,,,1.1,12.0,26.0,,,,,,,1.12,11.5,21.0,1.1,10.52,18.3,1.2,4.5,,,1.2,4.8,1.19,4.49,-2.5,1.8,2.0,1.83,2.04,1.81,2.07,1.77,1.99,2025,Football-Data.co.uk,https://www.football-data.co.uk/mmz4281/2526/D1.csv,,,,,,,1.11,14.0,32.0,1.2,5.7,1.95,2.0,,,,,,,1.12,13.0,28.0,1.23,5.1,1.9,2.07,1.1,10.0,21.0,1.09,11.0,21.0,1.07,11.5,22.0,1.1,12.0,19.0,1.1,12.0,19.0,1.11,10.0,19.0,1.1,11.0,19.0,1.09,10.5,20.0,1.11,11.0,17.0,1.11,11.0,15.0,2025-09-26,bayern munich,werder bremen,market_average_open,1.09,10.97,20.23,market_average_close,1.1,10.52,18.3,market_average_close,1.1,10.52,18.3,closing,0.9090909090909091,0.09505703422053233,0.0546448087431694,1.0587927520546108,0.8586108162591763,0.0897786975175945,0.05161048622322918,0.9483895137767708,0.14138918374082368,0.9102213024824055,1.0544190814781373,7.072676802725379,1.0986339226216142,H,1
D1,2025-09-27,14:30,Heidenheim,Augsburg,2,1,H,0.0,0.0,D,11.0,8.0,5.0,2.0,16.0,20.0,3.0,2.0,1.0,6.0,0.0,0.0,2.7,3.5,2.5,2.75,3.5,2.45,,,,2.77,3.65,2.51,,,,,,,2.8,3.66,2.5,2.69,3.46,2.46,1.73,2.1,1.75,2.17,1.8,2.12,1.74,2.03,0.0,2.03,1.83,2.06,1.86,2.03,1.85,1.97,1.8,2.9,3.5,2.35,2.75,3.5,2.45,,,,2.85,3.56,2.53,,,,,,,2.9,3.5,2.45,2.82,3.46,2.39,1.73,2.1,1.81,2.09,1.77,2.1,1.73,2.07,0.25,1.83,2.03,1.76,2.18,1.83,2.08,1.76,1.98,2025,Football-Data.co.uk,https://www.football-data.co.uk/mmz4281/2526/D1.csv,,,,,,,2.84,3.65,2.62,1.81,2.16,2.07,1.9,,,,,,,3.0,3.65,2.52,1.83,2.16,1.85,2.17,2.75,3.4,2.5,2.7,3.55,2.5,2.6,3.4,2.38,2.75,3.5,2.45,2.7,3.4,2.45,2.8,3.5,2.4,2.85,3.5,2.43,2.88,3.5,2.3,2.75,3.5,2.45,2.75,3.5,2.45,2025-09-27,fc heidenheim,augsburg,market_average_open,2.69,3.46,2.46,market_average_close,2.82,3.46,2.39,market_average_close,2.82,3.46,2.39,closing,0.3546099290780142,0.28901734104046245,0.41841004184100417,1.0620373119594808,0.3338959235092706,0.27213482783125525,0.3939692486594741,0.6060307513405259,0.6661040764907293,0.7278651721687447,1.650081283479466,1.501266897011578,1.373880820565165,A,0
D1,2025-09-27,14:30,Mainz,Dortmund,0,2,A,0.0,2.0,A,8.0,10.0,2.0,4.0,12.0,14.0,7.0,5.0,2.0,1.0,1.0,0.0,3.2,3.7,2.1,3.1,3.8,2.15,,,,3.32,3.79,2.13,,,,,,,3.3,3.9,2.15,3.14,3.74,2.08,1.62,2.3,1.63,2.37,1.62,2.45,1.57,2.33,0.25,2.03,1.83,2.04,1.87,2.03,1.83,1.97,1.76,3.4,3.8,2.0,3.4,3.75,2.0,,,,3.53,3.83,2.06,,,,,,,3.55,3.95,2.08,3.39,3.76,2.0,1.57,2.38,1.63,2.41,1.66,2.45,1.56,2.36,0.5,1.83,2.03,1.86,2.07,1.87,2.05,1.81,1.96,2025,Football-Data.co.uk,https://www.football-data.co.uk/mmz4281/2526/D1.csv,,,,,,,3.4,3.85,2.18,1.66,2.44,2.07,1.89,,,,,,,3.6,3.95,2.12,1.64,2.54,1.9,2.08,3.3,3.75,2.05,3.2,3.9,2.07,3.0,3.6,2.05,3.1,3.8,2.15,3.0,3.75,2.15,3.5,3.75,2.0,3.55,3.95,1.94,3.3,3.8,2.0,3.4,3.75,2.0,3.4,3.7,2.0,2025-09-27,mainz 05,dortmund,market_average_open,3.14,3.74,2.08,market_average_close,3.39,3.76,2.0,market_average_close,3.39,3.76,2.0,closing,0.2949852507374631,0.26595744680851063,0.5,1.0609426975459737,0.2780407004259347,0.250680312352106,0.4712789872219593,0.5287210127780407,0.7219592995740653,0.749319687647894,1.8913566433566433,1.3851196329072435,1.3345438755773102,A,0
D1,2025-09-27,14:30,St Pauli,Leverkusen,1,2,A,1.0,1.0,D,13.0,5.0,6.0,4.0,13.0,11.0,13.0,1.0,3.0,5.0,0.0,0.0,3.1,3.6,2.2,3.1,3.5,2.2,,,,3.28,3.55,2.24,,,,,,,3.2,3.6,2.25,3.12,3.45,2.18,1.88,1.98,1.91,1.98,1.91,1.98,1.84,1.92,0.25,1.93,1.93,1.96,1.94,1.93,1.93,1.89,1.83,3.0,3.4,2.38,2.95,3.4,2.3,,,,3.37,3.54,2.23,,,,,,,3.1,3.5,2.38,2.97,3.42,2.32,1.85,2.0,1.95,1.95,1.85,2.05,1.82,1.95,0.0,2.15,1.68,2.46,1.62,2.16,1.7,2.13,1.68,2025,Football-Data.co.uk,https://www.football-data.co.uk/mmz4281/2526/D1.csv,,,,,,,3.3,3.65,2.32,1.93,2.0,1.97,2.0,,,,,,,3.15,3.5,2.48,1.92,2.06,2.26,1.78,3.2,3.4,2.25,3.15,3.55,2.18,3.1,3.3,2.1,3.1,3.5,2.2,3.1,3.5,2.2,3.1,3.4,2.3,3.0,3.5,2.3,2.9,3.5,2.3,3.0,3.4,2.3,3.0,3.4,2.3,2025-09-27,st pauli,bayer leverkusen,market_average_open,3.12,3.45,2.18,market_average_close,2.97,3.42,2.32,market_average_close,2.97,3.42,2.32,closing,0.33670033670033667,0.29239766081871343,0.4310344827586207,1.0601324802776708,0.3176021327184955,0.27581237841343037,0.4065854888680741,0.5934145111319259,0.6823978672815045,0.7241876215865697,1.685162700339971,1.4654207581036847,1.380857626106855,A,0
D1,2025-09-27,14:30,Wolfsburg,RB Leipzig,0,1,A,0.0,1.0,A,22.0,20.0,4.0,6.0,7.0,9.0,6.0,11.0,2.0,2.0,0.0,0.0,2.55,3.6,2.6,2.6,3.7,2.5,,,,2.6,3.75,2.61,,,,,,,2.6,3.75,2.6,2.54,3.65,2.5,1.53,2.5,1.54,2.59,1.53,2.5,1.51,2.47,0.0,1.93,1.93,1.95,1.95,1.93,1.93,1.88,1.88,2.63,3.6,2.5,2.6,3.6,2.5,,,,2.63,3.73,2.63,,,,,,,2.63,3.8,2.54,2.59,3.65,2.48,1.44,2.75,1.54,2.59,1.52,2.75,1.48,2.58,0.0,1.98,1.88,1.96,1.96,1.98,1.88,1.93,1.84,2025,Football-Data.co.uk,https://www.football-data.co.uk/mmz4281/2526/D1.csv,,,,,,,2.74,3.85,2.62,1.56,2.66,2.03,1.95,,,,,,,2.78,3.85,2.62,1.54,2.8,2.05,1.94,2.5,3.6,2.6,2.6,3.75,2.48,2.45,3.6,2.4,2.6,3.7,2.5,2.6,3.6,2.5,2.63,3.6,2.5,2.6,3.8,2.5,2.55,3.8,2.45,2.6,3.6,2.5,2.6,3.6,2.5,2025-09-27,wolfsburg,rasenballsport leipzig,market_average_open,2.54,3.65,2.5,market_average_close,2.59,3.65,2.48,market_average_close,2.59,3.65,2.48,closing,0.3861003861003861,0.273972602739726,0.40322580645161293,1.063298795291725,0.36311560570747775,0.2576628544609225,0.3792215398315998,0.6207784601684003,0.6368843942925223,0.7423371455390775,1.610880634822167,1.5701436696542732,1.3470968090567668,A,0
D1,2025-09-27,17:30,M'gladbach,Ein Frankfurt,4,6,A,0.0,5.0,A,11.0,21.0,8.0,7.0,14.0,8.0,4.0,6.0,1.0,2.0,0.0,0.0,3.1,3.6,2.2,2.95,3.7,2.2,,,,3.2,3.59,2.26,,,,,,,3.2,3.8,2.25,2.98,3.68,2.18,1.53,2.5,1.52,2.56,1.53,2.65,1.48,2.56,0.25,1.93,1.93,1.93,1.97,1.93,1.93,1.89,1.84,3.0,3.6,2.25,2.87,3.7,2.25,,,,3.08,3.72,2.3,,,,,,,3.0,3.75,2.33,2.9,3.63,2.26,1.57,2.38,1.56,2.52,1.58,2.5,1.53,2.44,0.25,1.83,2.03,1.91,2.01,1.85,2.03,1.8,1.92,2025,Football-Data.co.uk,https://www.football-data.co.uk/mmz4281/2526/D1.csv,,,,,,,3.2,3.8,2.32,1.54,2.72,1.95,2.01,,,,,,,3.05,3.75,2.44,1.61,2.58,1.89,2.11,3.0,3.75,2.2,3.05,3.8,2.16,2.8,3.7,2.1,3.0,3.7,2.2,3.0,3.7,2.2,3.0,3.6,2.25,2.9,3.65,2.3,2.8,3.75,2.25,2.87,3.7,2.25,2.87,3.7,2.25,2025-09-27,borussia m gladbach,eintracht frankfurt,market_average_open,2.98,3.68,2.18,market_average_close,2.9,3.63,2.26,market_average_close,2.9,3.63,2.26,closing,0.3448275862068966,0.27548209366391185,0.4424778761061947,1.0627875559770033,0.3244557995317345,0.25920711257356194,0.4163370878947035,0.5836629121052964,0.6755442004682655,0.740792887426438,1.713317703180691,1.480288039341959,1.3499049693552865,A,0
D1,2025-09-28,14:30,Freiburg,Hoffenheim,1,1,D,1.0,1.0,D,6.0,15.0,1.0,4.0,9.0,15.0,6.0,8.0,3.0,1.0,0.0,0.0,2.25,3.4,3.1,2.2,3.6,3.0,,,,2.27,3.66,3.13,,,,,,,2.25,3.75,3.14,2.19,3.59,3.01,1.62,2.3,1.63,2.36,1.62,2.35,1.58,2.28,-0.25,1.98,1.88,1.98,1.93,1.98,1.91,1.89,1.88,2.3,3.4,3.1,2.3,3.3,3.1,,,,2.36,3.55,3.1,,,,,,,2.33,3.5,3.2,2.29,3.35,3.08,1.85,2.0,1.65,2.31,1.85,2.14,1.77,2.01,-0.25,2.0,1.85,2.05,1.88,2.0,1.85,1.95,1.82,2025,Football-Data.co.uk,https://www.football-data.co.uk/mmz4281/2526/D1.csv,,,,,,,2.32,3.65,3.25,1.65,2.44,2.01,1.95,,,,,,,2.4,3.55,3.3,1.88,2.08,2.06,1.93,2.25,3.6,3.0,2.16,3.75,3.1,2.15,3.5,2.88,2.2,3.6,3.1,2.2,3.6,3.0,2.3,3.4,3.1,2.3,3.5,3.0,2.25,3.4,3.1,2.3,3.3,3.1,2.3,3.25,3.1,2025-09-28,freiburg,hoffenheim,market_average_open,2.19,3.59,3.01,market_average_close,2.29,3.35,3.08,market_average_close,2.29,3.35,3.08,closing,0.4366812227074236,0.29850746268656714,0.3246753246753247,1.0598640100693153,0.41201627620025005,0.2816469470144992,0.30633677678525084,0.6936632232147493,0.5879837237997501,0.7183530529855009,1.4416217647600624,1.7007273492838564,1.3920731537841515,H,0
D1,2025-09-28,16:30,FC Koln,Stuttgart,1,2,A,1.0,1.0,D,14.0,15.0,6.0,5.0,12.0,12.0,8.0,8.0,2.0,2.0,0.0,0.0,2.9,3.5,2.35,2.8,3.7,2.3,,,,2.91,3.68,2.39,,,,,,,2.9,3.8,2.38,2.78,3.64,2.29,1.53,2.5,1.56,2.53,1.55,2.5,1.53,2.41,0.25,1.83,2.03,1.83,2.09,1.83,2.03,1.77,1.93,2.5,3.7,2.63,2.55,3.7,2.55,,,,2.61,3.72,2.66,,,,,,,2.6,3.7,2.63,2.53,3.62,2.55,1.5,2.63,1.56,2.5,1.54,2.63,1.5,2.51,0.0,1.88,1.98,1.94,1.98,1.9,1.98,1.87,1.89,2025,Football-Data.co.uk,https://www.football-data.co.uk/mmz4281/2526/D1.csv,,,,,,,2.98,3.8,2.46,1.59,2.6,1.86,2.13,,,,,,,2.62,3.9,2.74,1.55,2.74,1.95,2.03,2.88,3.6,2.3,2.8,3.8,2.3,2.7,3.6,2.2,2.8,3.7,2.3,2.75,3.7,2.3,2.6,3.6,2.5,2.55,3.6,2.6,2.6,3.6,2.5,2.5,3.7,2.6,2.5,3.6,2.5,2025-09-28,fc cologne,vfb stuttgart,market_average_open,2.78,3.64,2.29,market_average_close,2.53,3.62,2.55,market_average_close,2.53,3.62,2.55,closing,0.3952569169960475,0.27624309392265195,0.3921568627450981,1.0636568736637977,0.3716019016871233,0.25971072134486795,0.36868737696800863,0.6313126230319912,0.6283980983128765,0.7402892786551319,1.584001275306871,1.591347909366372,1.3508232914255884,H,0
D1,2025-09-28,18:30,Union Berlin,Hamburg,0,0,D,0.0,0.0,D,11.0,16.0,2.0,6.0,18.0,17.0,5.0,3.0,2.0,2.0,0.0,1.0,1.95,3.4,4.0,2.0,3.6,3.5,,,,1.99,3.7,3.82,,,,,,,2.05,3.65,4.0,1.97,3.53,3.61,1.8,2.0,1.79,2.11,1.84,2.0,1.78,1.97,-0.5,1.98,1.88,2.0,1.91,2.0,1.88,1.94,1.83,1.95,3.6,3.8,1.98,3.5,3.7,,,,2.01,3.61,3.95,,,,,,,2.0,3.65,3.8,1.97,3.57,3.65,1.8,2.0,1.92,1.99,1.81,2.05,1.78,2.0,-0.5,1.98,1.88,2.02,1.91,1.98,1.88,1.93,1.82,2025,Football-Data.co.uk,https://www.football-data.co.uk/mmz4281/2526/D1.csv,,,,,,,2.02,3.65,4.1,1.84,2.12,2.02,1.96,,,,,,,2.04,3.8,4.0,1.84,2.16,2.04,1.94,2.0,3.6,3.6,1.97,3.65,3.7,1.91,3.4,3.5,2.05,3.6,3.5,2.0,3.5,3.5,1.95,3.6,3.75,1.98,3.65,3.65,1.95,3.6,3.6,2.0,3.5,3.7,1.95,3.5,3.6,2025-09-28,union berlin,hamburger sv,market_average_open,1.97,3.53,3.61,market_average_close,1.97,3.57,3.65,market_average_close,1.97,3.57,3.65,closing,0.5076142131979695,0.2801120448179272,0.273972602739726,1.0616988607556226,0.47811505876223226,0.2638337999332206,0.25805114130454726,0.7419488586954528,0.5218849412377679,0.7361662000667795,1.34780179021809,1.9161311641379697,1.3583889071642892,H,0
D1,2025-10-03,19:30,Hoffenheim,FC Koln,0,1,A,0.0,1.0,A,15.0,10.0,4.0,4.0,15.0,6.0,11.0,6.0,3.0,1.0,0.0,0.0,1.91,3.7,3.75,1.88,3.8,3.75,,,,1.93,3.98,3.79,,,,,,,1.95,3.95,3.75,1.91,3.82,3.61,1.57,2.38,1.57,2.45,1.58,2.5,1.53,2.42,-0.5,1.9,1.95,1.93,1.97,1.92,1.95,1.88,1.87,1.95,3.7,3.6,1.93,3.8,3.6,,,,1.92,3.95,3.92,,,,,,,2.0,3.85,3.7,1.94,3.76,3.56,1.57,2.38,1.57,2.5,1.62,2.5,1.55,2.39,-0.5,1.98,1.88,1.93,1.99,1.98,1.91,1.9,1.86,2025,Football-Data.co.uk,https://www.football-data.co.uk/mmz4281/2526/D1.csv,,,,,,,2.0,4.0,3.9,1.6,2.62,2.0,1.99,,,,,,,2.02,3.9,3.95,1.63,2.56,2.02,1.96,1.95,3.75,3.6,1.93,3.95,3.55,1.93,3.8,3.5,1.91,3.9,3.75,1.85,3.8,3.7,1.95,3.75,3.6,1.95,3.85,3.6,1.95,3.8,3.4,1.95,3.8,3.6,1.91,3.75,3.6,2025-10-03,hoffenheim,fc cologne,market_average_open,1.91,3.82,3.61,market_average_close,1.94,3.76,3.56,market_average_close,1.94,3.76,3.56,closing,0.5154639175257733,0.26595744680851063,0.2808988764044944,1.0623202407387784,0.48522460342777596,0.2503552475132674,0.26442014905895656,0.7355798509410434,0.5147753965722239,0.7496447524867325,1.359471712990341,1.9425947833924853,1.333965183752418,H,0
D1,2025-10-04,14:30,Augsburg,Wolfsburg,3,1,H,1.0,0.0,H,10.0,14.0,5.0,4.0,9.0,7.0,10.0,5.0,2.0,1.0,0.0,0.0,2.75,3.5,2.45,2.7,3.6,2.45,,,,2.86,3.58,2.48,,,,,,,2.8,3.65,2.45,2.71,3.53,2.42,1.73,2.1,1.75,2.17,1.74,2.14,1.7,2.09,0.0,2.03,1.83,2.1,1.82,2.03,1.83,1.98,1.79,2.55,3.5,2.63,2.5,3.5,2.65,,,,2.64,3.58,2.71,,,,,,,2.6,3.65,2.8,2.5,3.51,2.67,1.67,2.2,1.78,2.15,1.73,2.2,1.67,2.15,0.0,1.88,1.98,1.93,1.99,1.88,2.0,1.83,1.94,2025,Football-Data.co.uk,https://www.football-data.co.uk/mmz4281/2526/D1.csv,,,,,,,2.9,3.65,2.6,1.78,2.22,2.1,1.89,,,,,,,2.64,3.6,2.86,1.72,2.34,1.92,2.06,2.8,3.5,2.4,2.75,3.65,2.43,2.6,3.4,2.38,2.7,3.6,2.45,2.7,3.6,2.45,2.5,3.5,2.75,2.5,3.65,2.7,2.5,3.6,2.6,2.5,3.5,2.62,2.5,3.5,2.62,2025-10-04,augsburg,wolfsburg,market_average_open,2.71,3.53,2.42,market_average_close,2.5,3.51,2.67,market_average_close,2.5,3.51,2.67,closing,0.4,0.2849002849002849,0.37453183520599254,1.0594321201062775,0.37756076336431427,0.2689179226241555,0.3535213140115302,0.6464786859884697,0.6224392366356857,0.7310820773758444,1.546841406644357,1.6065825242718448,1.367835474218453,H,0
D1,2025-10-04,14:30,Dortmund,RB Leipzig,1,1,D,1.0,1.0,D,15.0,13.0,3.0,3.0,13.0,14.0,7.0,7.0,1.0,3.0,0.0,0.0,1.7,4.5,4.2,1.7,4.4,4.2,,,,1.7,4.67,4.25,,,,,,,1.7,4.5,4.25,1.68,4.36,4.14,1.36,3.2,1.37,3.16,1.38,3.2,1.36,3.03,-0.75,1.85,2.0,1.88,2.03,1.85,2.0,1.82,1.96,1.67,4.75,4.2,1.7,4.5,4.1,,,,1.71,4.63,4.29,,,,,,,1.7,4.75,4.33,1.67,4.5,4.12,1.3,3.5,1.34,3.38,1.33,3.6,1.3,3.4,-0.75,1.83,2.03,1.89,2.04,1.84,2.03,1.81,1.96,2025,Football-Data.co.uk,https://www.football-data.co.uk/mmz4281/2526/D1.csv,,,,,,,1.73,4.7,4.6,1.41,3.25,1.89,2.08,,,,,,,1.74,4.8,4.6,1.35,3.7,1.88,2.12,1.7,4.33,4.2,1.68,4.5,4.25,1.65,4.1,4.0,1.7,4.4,4.2,1.7,4.4,4.2,1.67,4.5,4.33,1.68,4.6,4.1,1.65,4.5,4.2,1.7,4.5,4.0,1.7,4.5,4.0,2025-10-04,dortmund,rasenballsport leipzig,market_average_open,1.68,4.36,4.14,market_average_close,1.67,4.5,4.12,market_average_close,1.67,4.5,4.12,closing,0.5988023952095809,0.2222222222222222,0.24271844660194175,1.0637430640337449,0.5629201406389478,0.20890591885934282,0.2281739405017094,0.7718260594982906,0.4370798593610522,0.7910940811406572,1.2956287076521218,2.287911416146825,1.264072155056611,H,1
D1,2025-10-04,14:30,Leverkusen,Union Berlin,2,0,H,1.0,0.0,H,20.0,10.0,3.0,3.0,11.0,13.0,4.0,4.0,1.0,3.0,0.0,0.0,1.7,4.0,4.75,1.68,4.0,4.6,,,,1.7,4.1,4.88,,,,,,,1.73,4.1,5.0,1.68,3.91,4.65,1.8,2.0,1.81,2.06,1.8,2.07,1.75,2.02,-0.75,1.88,1.98,1.92,1.99,1.92,1.98,1.86,1.91,1.7,4.0,4.75,1.73,3.8,4.6,,,,1.7,4.09,4.94,,,,,,,1.73,4.0,5.0,1.7,3.89,4.69,1.83,2.03,1.75,2.17,1.83,2.03,1.79,1.98,-0.75,1.9,1.95,1.91,2.02,1.9,1.95,1.87,1.9,2025,Football-Data.co.uk,https://www.football-data.co.uk/mmz4281/2526/D1.csv,,,,,,,1.75,4.1,5.3,1.85,2.12,1.95,2.01,,,,,,,1.75,4.2,5.1,1.88,2.12,1.98,1.98,1.7,3.75,5.0,1.7,4.1,4.6,1.65,3.7,4.6,1.7,4.0,4.6,1.7,4.0,4.6,1.7,4.0,5.0,1.68,4.0,4.75,1.67,3.9,4.8,1.73,3.8,4.6,1.73,3.8,4.6,2025-10-04,bayer leverkusen,union berlin,market_average_open,1.68,3.91,4.65,market_average_close,1.7,3.89,4.69,market_average_close,1.7,3.89,4.69,closing,0.5882352941176471,0.2570694087403599,0.21321961620469082,1.0585243190626978,0.5557125930167742,0.24285640311787046,0.20143100386535526,0.7985689961346447,0.4442874069832257,0.7571435968821295,1.2522399502614705,2.2507952831482245,1.3207534265863676,H,1
D1,2025-10-04,14:30,Werder Bremen,St Pauli,1,0,H,1.0,0.0,H,15.0,13.0,5.0,3.0,8.0,9.0,4.0,1.0,3.0,1.0,0.0,0.0,2.35,3.7,2.88,2.3,3.5,2.9,,,,2.43,3.67,2.87,,,,,,,2.4,3.7,2.9,2.32,3.51,2.86,1.73,2.1,1.77,2.13,1.8,2.1,1.74,2.03,-0.25,2.03,1.83,2.12,1.81,2.06,1.83,1.99,1.78,2.3,3.4,3.0,2.35,3.5,2.87,,,,2.37,3.61,3.04,,,,,,,2.4,3.7,3.0,2.31,3.51,2.9,1.73,2.1,1.7,2.26,1.73,2.25,1.66,2.17,-0.25,2.03,1.83,2.07,1.87,2.03,1.83,1.97,1.81,2025,Football-Data.co.uk,https://www.football-data.co.uk/mmz4281/2526/D1.csv,,,,,,,2.38,3.7,3.15,1.8,2.18,2.06,1.92,,,,,,,2.44,3.6,3.15,1.72,2.34,2.1,1.89,2.4,3.4,2.88,2.4,3.6,2.85,2.2,3.4,2.88,2.3,3.5,2.9,2.3,3.5,2.9,2.4,3.5,2.8,2.28,3.7,2.95,2.25,3.6,2.9,2.37,3.5,2.87,2.3,3.5,2.87,2025-10-04,werder bremen,st pauli,market_average_open,2.32,3.51,2.86,market_average_close,2.31,3.51,2.9,market_average_close,2.31,3.51,2.9,closing,0.4329004329004329,0.2849002849002849,0.3448275862068966,1.0626283040076143,0.40738650689783523,0.26810906864216505,0.3245044244599998,0.6754955755400003,0.5926134931021648,0.731890931357835,1.4803945965161749,1.6874404846323723,1.3663238020243778,H,0
D1,2025-10-04,17:30,Ein Frankfurt,Bayern Munich,0,3,A,0.0,2.0,A,6.0,12.0,1.0,3.0,11.0,11.0,4.0,3.0,1.0,2.0,0.0,0.0,6.25,5.25,1.42,5.75,5.25,1.46,,,,6.14,5.53,1.44,,,,,,,6.33,5.5,1.46,5.9,5.19,1.42,1.29,3.75,1.32,3.37,1.29,3.75,1.28,3.54,1.5,1.78,2.03,1.79,2.12,1.8,2.03,1.75,2.01,7.5,5.75,1.33,6.75,5.75,1.37,,,,7.49,5.65,1.38,,,,,,,7.5,5.8,1.4,6.7,5.66,1.36,1.22,4.33,1.32,3.37,1.25,4.33,1.22,4.08,1.5,1.95,1.9,1.93,1.99,2.0,1.9,1.89,1.87,2025,Football-Data.co.uk,https://www.football-data.co.uk/mmz4281/2526/D1.csv,,,,,,,6.8,5.9,1.45,1.31,4.0,1.87,2.08,,,,,,,8.2,6.4,1.37,1.24,4.8,2.04,1.93,6.0,5.5,1.4,6.0,5.4,1.42,5.75,4.8,1.4,5.75,5.25,1.44,5.75,5.0,1.44,7.0,5.5,1.36,6.5,5.8,1.38,6.5,5.5,1.36,6.5,5.75,1.36,6.5,5.75,1.36,2025-10-04,eintracht frankfurt,bayern munich,market_average_open,5.9,5.19,1.42,market_average_close,6.7,5.66,1.36,market_average_close,6.7,5.66,1.36,closing,0.14925373134328357,0.17667844522968199,0.7352941176470588,1.0612262942200243,0.14064270001242427,0.16648517492636797,0.6928721250612078,0.30712787493879223,0.8593572999875757,0.8335148250736321,3.2559727774604985,1.16366033082451,1.1997387088006033,A,0
D1,2025-10-05,14:30,Stuttgart,Heidenheim,1,0,H,0.0,0.0,D,18.0,5.0,6.0,1.0,11.0,12.0,1.0,1.0,1.0,1.0,0.0,0.0,1.42,4.75,7.0,1.46,4.8,6.25,,,,1.44,5.16,6.75,,,,,,,1.46,5.1,7.5,1.42,4.81,6.48,1.5,2.63,1.49,2.67,1.5,2.75,1.46,2.62,-1.25,1.93,1.93,1.94,1.96,1.93,1.96,1.86,1.91,1.38,5.0,7.5,1.43,5.0,6.5,,,,1.41,5.33,7.49,,,,,,,1.44,5.25,7.5,1.39,5.06,6.99,1.44,2.75,1.48,2.69,1.48,2.75,1.44,2.7,-1.5,2.03,1.83,2.1,1.8,2.05,1.83,2.01,1.77,2025,Football-Data.co.uk,https://www.football-data.co.uk/mmz4281/2526/D1.csv,,,,,,,1.46,5.1,7.6,1.54,2.74,1.95,1.97,,,,,,,1.43,5.5,8.4,1.48,3.0,2.11,1.87,1.44,4.6,7.0,1.41,5.1,6.75,1.4,4.6,6.0,1.44,4.8,6.5,1.44,4.8,6.0,1.4,5.0,7.5,1.38,5.0,7.5,1.36,5.25,7.0,1.44,5.0,6.5,1.44,5.0,6.5,2025-10-05,vfb stuttgart,fc heidenheim,market_average_open,1.42,4.81,6.48,market_average_close,1.39,5.06,6.99,market_average_close,1.39,5.06,6.99,closing,0.7194244604316548,0.19762845849802374,0.14306151645207438,1.0601144353817529,0.678629057789017,0.18642181627010548,0.13494912594087746,0.8650508740591225,0.32137094221098295,0.8135781837298945,1.1560013751649643,3.1116690050449267,1.229138170120841,H,1
D1,2025-10-05,16:30,Hamburg,Mainz,4,0,H,2.0,0.0,H,15.0,11.0,9.0,4.0,14.0,13.0,1.0,4.0,2.0,3.0,0.0,0.0,2.8,3.5,2.4,2.75,3.6,2.4,,,,2.89,3.53,2.48,,,,,,,2.83,3.8,2.42,2.76,3.54,2.36,1.73,2.1,1.77,2.14,1.73,2.17,1.69,2.1,0.25,1.73,2.08,1.78,2.14,1.8,2.08,1.75,1.96,3.1,3.75,2.15,3.1,3.7,2.15,,,,3.21,3.77,2.21,,,,,,,3.2,3.8,2.2,3.08,3.67,2.14,1.53,2.5,1.57,2.54,1.58,2.6,1.54,2.42,0.25,1.95,1.9,1.98,1.93,1.96,1.9,1.91,1.82,2025,Football-Data.co.uk,https://www.football-data.co.uk/mmz4281/2526/D1.csv,,,,,,,2.96,3.7,2.5,1.78,2.22,1.83,2.16,,,,,,,3.35,3.9,2.22,1.62,2.58,2.04,1.95,2.8,3.5,2.4,2.8,3.8,2.3,2.7,3.4,2.3,2.75,3.6,2.4,2.75,3.5,2.4,3.0,3.6,2.2,3.1,3.65,2.2,3.1,3.8,2.0,3.1,3.7,2.15,3.1,3.6,2.15,2025-10-05,hamburger sv,mainz 05,market_average_open,2.76,3.54,2.36,market_average_close,3.08,3.67,2.14,market_average_close,3.08,3.67,2.14,closing,0.3246753246753247,0.2724795640326976,0.4672897196261682,1.0644446083341905,0.3050185252790443,0.2559828495529854,0.4389986251679703,0.5610013748320297,0.6949814747209557,0.7440171504470146,1.7825268258913118,1.4388872745155017,1.3440550387839687,A,0
D1,2025-10-05,18:30,M'gladbach,Freiburg,0,0,D,0.0,0.0,D,9.0,12.0,5.0,1.0,15.0,7.0,4.0,1.0,3.0,1.0,0.0,0.0,2.25,3.6,3.0,2.2,3.6,3.1,,,,2.36,3.57,3.04,,,,,,,2.38,3.7,3.1,2.27,3.53,2.92,1.73,2.1,1.8,2.09,1.75,2.2,1.7,2.1,-0.25,2.0,1.85,2.05,1.86,2.0,1.86,1.96,1.8,2.7,3.25,2.63,2.5,3.4,2.75,,,,2.66,3.4,2.8,,,,,,,2.75,3.6,2.75,2.59,3.36,2.66,1.93,1.93,1.93,1.97,1.93,2.02,1.84,1.93,0.0,1.93,1.93,1.91,2.01,1.93,1.93,1.87,1.89,2025,Football-Data.co.uk,https://www.football-data.co.uk/mmz4281/2526/D1.csv,,,,,,,2.44,3.65,3.1,1.81,2.18,2.1,1.87,,,,,,,2.76,3.6,2.72,1.96,2.02,2.0,1.98,2.38,3.5,2.88,2.3,3.7,2.85,2.25,3.4,2.8,2.2,3.6,3.1,2.2,3.5,3.1,2.75,3.3,2.63,2.55,3.45,2.7,2.6,3.4,2.6,2.5,3.4,2.75,2.5,3.3,2.7,2025-10-05,borussia m gladbach,freiburg,market_average_open,2.27,3.53,2.92,market_average_close,2.59,3.36,2.66,market_average_close,2.59,3.36,2.66,closing,0.3861003861003861,0.2976190476190476,0.37593984962406013,1.059659283343494,0.36436276468238116,0.2808629644426688,0.35477427087495,0.6452257291250499,0.6356372353176187,0.7191370355573312,1.54984520123839,1.573224387177876,1.3905555555555555,H,0
D1,2025-10-17,19:30,Union Berlin,M'gladbach,3,1,H,2.0,1.0,H,16.0,8.0,5.0,2.0,21.0,15.0,6.0,6.0,5.0,3.0,0.0,0.0,2.2,3.4,3.2,2.2,3.4,3.25,,,,2.24,3.5,3.31,,,,,,,2.2,3.5,3.3,2.17,3.44,3.24,1.88,1.98,1.9,1.99,1.88,2.0,1.83,1.93,-0.25,1.93,1.93,1.94,1.96,1.93,1.94,1.86,1.91,2.25,3.25,3.2,2.25,3.25,3.2,,,,2.25,3.46,3.39,,,,,,,2.3,3.45,3.4,2.24,3.33,3.18,2.05,1.8,1.97,1.93,2.05,1.97,1.91,1.86,-0.25,1.98,1.88,1.94,1.98,1.98,1.88,1.92,1.85,2025,Football-Data.co.uk,https://www.football-data.co.uk/mmz4281/2526/D1.csv,,,,,,,2.28,3.6,3.45,1.93,2.04,1.98,1.99,,,,,,,2.34,3.5,3.45,2.04,1.94,2.01,1.96,2.2,3.4,3.3,2.15,3.5,3.3,2.15,3.5,3.2,2.2,3.4,3.25,2.2,3.4,3.2,2.3,3.3,3.2,2.23,3.45,3.1,2.25,3.4,3.1,2.2,3.3,3.25,2.2,3.3,3.25,2025-10-17,union berlin,borussia m gladbach,market_average_open,2.17,3.44,3.24,market_average_close,2.24,3.33,3.18,market_average_close,2.24,3.33,3.18,closing,0.4464285714285714,0.3003003003003003,0.31446540880503143,1.0611942805339032,0.4206850523204538,0.28298333849784285,0.2963316091817033,0.7036683908182966,0.5793149476795462,0.7170166615021571,1.4211239456657974,1.7261767610269914,1.3946677304610884,H,0
D1,2025-10-18,14:30,FC Koln,Augsburg,1,1,D,0.0,0.0,D,9.0,10.0,2.0,4.0,10.0,17.0,5.0,2.0,2.0,2.0,0.0,0.0,1.95,3.9,3.5,1.98,3.7,3.5,,,,2.0,3.96,3.56,,,,,,,2.0,4.0,3.5,1.98,3.79,3.39,1.57,2.38,1.6,2.42,1.6,2.38,1.57,2.31,-0.5,1.98,1.88,2.0,1.9,2.0,1.88,1.95,1.82,2.0,3.8,3.4,2.05,3.75,3.3,,,,1.92,3.9,3.98,,,,,,,2.05,3.95,3.65,1.98,3.78,3.43,1.53,2.5,1.61,2.44,1.57,2.5,1.54,2.4,-0.5,2.03,1.83,1.93,2.0,2.03,1.9,1.95,1.82,2025,Football-Data.co.uk,https://www.football-data.co.uk/mmz4281/2526/D1.csv,,,,,,,2.04,3.95,3.75,1.63,2.52,2.05,1.94,,,,,,,2.08,3.9,3.7,1.61,2.58,2.1,1.89,2.0,3.75,3.5,2.0,3.9,3.35,1.91,3.7,3.3,2.0,3.7,3.5,2.0,3.7,3.5,2.0,3.75,3.5,1.91,3.95,3.65,2.0,3.8,3.3,2.0,3.8,3.4,2.0,3.75,3.4,2025-10-18,fc cologne,augsburg,market_average_open,1.98,3.79,3.39,market_average_close,1.98,3.78,3.43,market_average_close,1.98,3.78,3.43,closing,0.5050505050505051,0.2645502645502646,0.29154518950437314,1.0611459591051426,0.4759481961147087,0.24930619796484743,0.274745605920444,0.7252543940795562,0.5240518038852915,0.7506938020351527,1.3788265306122445,1.9082082965578109,1.3321010474430066,H,0
D1,2025-10-18,14:30,Heidenheim,Werder Bremen,2,2,D,0.0,0.0,D,31.0,11.0,11.0,4.0,9.0,11.0,12.0,2.0,1.0,3.0,0.0,0.0,2.88,3.5,2.35,2.85,3.6,2.35,,,,2.97,3.61,2.39,,,,,,,2.9,3.6,2.38,2.84,3.53,2.32,1.67,2.2,1.69,2.26,1.68,2.2,1.66,2.16,0.25,1.8,2.05,1.84,2.08,1.8,2.05,1.78,1.94,2.63,3.4,2.55,2.65,3.5,2.5,,,,3.08,3.6,2.35,,,,,,,2.8,3.6,2.6,2.67,3.46,2.51,1.67,2.2,1.72,2.23,1.71,2.25,1.65,2.17,0.0,1.98,1.88,2.26,1.72,1.98,1.88,1.92,1.84,2025,Football-Data.co.uk,https://www.football-data.co.uk/mmz4281/2526/D1.csv,,,,,,,3.0,3.75,2.46,1.72,2.3,1.86,2.13,,,,,,,2.86,3.55,2.66,1.71,2.36,2.07,1.92,2.88,3.5,2.38,2.85,3.6,2.35,2.7,3.5,2.25,2.87,3.6,2.37,2.8,3.5,2.3,2.75,3.5,2.5,2.8,3.4,2.45,2.6,3.6,2.5,2.7,3.5,2.5,2.62,3.4,2.5,2025-10-18,fc heidenheim,werder bremen,market_average_open,2.84,3.53,2.32,market_average_close,2.67,3.46,2.51,market_average_close,2.67,3.46,2.51,closing,0.37453183520599254,0.28901734104046245,0.39840637450199207,1.061955550748447,0.35268127271619726,0.2721557798127881,0.37516294747101464,0.6248370525289854,0.6473187272838028,0.727844220187212,1.600417254310653,1.5448340328358394,1.3739203695851094,A,0
D1,2025-10-18,14:30,Mainz,Leverkusen,3,4,A,1.0,3.0,A,12.0,20.0,4.0,8.0,20.0,12.0,2.0,3.0,4.0,4.0,0.0,0.0,2.8,3.4,2.45,2.85,3.4,2.4,,,,2.83,3.46,2.56,,,,,,,2.95,3.55,2.5,2.78,3.4,2.39,1.8,2.0,1.81,2.08,1.8,2.1,1.74,2.02,0.0,2.05,1.8,2.06,1.85,2.05,1.8,1.99,1.76,2.45,3.4,2.8,2.55,3.5,2.65,,,,2.69,3.59,2.65,,,,,,,2.55,3.6,2.8,2.49,3.45,2.66,1.62,2.3,1.72,2.23,1.66,2.3,1.64,2.2,0.0,1.8,2.05,1.97,1.95,1.85,2.05,1.8,1.97,2025,Football-Data.co.uk,https://www.football-data.co.uk/mmz4281/2526/D1.csv,,,,,,,2.94,3.65,2.56,1.85,2.12,2.13,1.87,,,,,,,2.64,3.6,2.88,1.74,2.3,1.91,2.08,2.8,3.4,2.5,2.95,3.55,2.33,2.63,3.4,2.38,2.7,3.2,2.3,2.7,3.2,2.3,2.5,3.5,2.75,2.55,3.6,2.6,2.45,3.6,2.63,2.4,3.25,2.5,2.4,3.25,2.5,2025-10-18,mainz 05,bayer leverkusen,market_average_open,2.78,3.4,2.39,market_average_close,2.49,3.45,2.66,market_average_close,2.49,3.45,2.66,closing,0.4016064257028112,0.2898550724637681,0.37593984962406013,1.0674013477906394,0.376246878958956,0.2715520952486378,0.3522010257924062,0.6477989742075938,0.6237531210410441,0.7284479047513621,1.543688767372978,1.6031983909451224,1.3727817644575773,H,0
D1,2025-10-18,14:30,RB Leipzig,Hamburg,2,1,H,1.0,0.0,H,10.0,15.0,4.0,3.0,13.0,12.0,3.0,5.0,3.0,1.0,0.0,0.0,1.44,4.75,6.5,1.42,5.25,6.25,,,,1.43,5.37,6.59,,,,,,,1.44,5.4,7.0,1.4,5.07,6.34,1.36,3.2,1.36,3.19,1.38,3.2,1.35,3.07,-1.25,1.88,1.98,1.88,2.03,1.88,2.08,1.79,1.99,1.45,5.0,6.0,1.46,5.0,6.0,,,,1.47,5.28,6.25,,,,,,,1.48,5.1,6.0,1.45,4.96,5.85,1.33,3.4,1.38,3.13,1.35,3.4,1.34,3.18,-1.25,1.93,1.93,1.95,1.97,1.93,1.93,1.88,1.89,2025,Football-Data.co.uk,https://www.football-data.co.uk/mmz4281/2526/D1.csv,,,,,,,1.46,5.5,7.2,1.4,3.3,1.93,2.0,,,,,,,1.5,5.1,7.0,1.4,3.4,2.0,1.94,1.44,5.0,6.5,1.37,5.4,7.0,1.4,4.75,6.0,1.44,5.25,6.0,1.4,4.8,5.75,1.44,5.0,6.0,1.45,5.1,6.0,1.44,5.0,5.75,1.48,5.0,5.75,1.44,5.0,5.75,2025-10-18,rasenballsport leipzig,hamburger sv,market_average_open,1.4,5.07,6.34,market_average_close,1.45,4.96,5.85,market_average_close,1.45,4.96,5.85,closing,0.6896551724137931,0.20161290322580647,0.17094017094017094,1.0622082465797706,0.6492655038542866,0.18980543963482172,0.16092905651089157,0.8390709434891084,0.3507344961457133,0.8101945603651781,1.1917943384402043,2.851159526619669,1.2342714317277952,H,1
D1,2025-10-18,14:30,Wolfsburg,Stuttgart,0,3,A,0.0,1.0,A,11.0,15.0,3.0,7.0,12.0,8.0,3.0,8.0,1.0,1.0,0.0,0.0,2.63,3.6,2.5,2.55,3.7,2.5,,,,2.72,3.62,2.57,,,,,,,2.75,3.7,2.54,2.6,3.59,2.49,1.62,2.3,1.64,2.34,1.62,2.3,1.58,2.28,0.0,1.98,1.88,2.01,1.89,1.98,1.88,1.93,1.83,2.8,3.5,2.38,2.75,3.6,2.4,,,,2.89,3.75,2.41,,,,,,,2.9,3.7,2.42,2.83,3.52,2.35,1.67,2.2,1.6,2.45,1.7,2.25,1.66,2.17,0.25,1.78,2.1,1.83,2.11,1.8,2.1,1.77,1.96,2025,Football-Data.co.uk,https://www.football-data.co.uk/mmz4281/2526/D1.csv,,,,,,,2.74,3.8,2.64,1.65,2.46,2.03,1.95,,,,,,,3.05,3.7,2.46,1.73,2.32,1.87,2.12,2.75,3.5,2.5,2.6,3.7,2.5,2.5,3.5,2.4,2.6,3.7,2.5,2.6,3.6,2.5,2.88,3.5,2.38,2.8,3.65,2.35,2.8,3.7,2.3,2.8,3.6,2.4,2.75,3.5,2.37,2025-10-18,wolfsburg,vfb stuttgart,market_average_open,2.6,3.59,2.49,market_average_close,2.83,3.52,2.35,market_average_close,2.83,3.52,2.35,closing,0.35335689045936397,0.2840909090909091,0.425531914893617,1.0629797144438902,0.33242110423925314,0.2672590127832632,0.40031988297748355,0.5996801170225163,0.6675788957607467,0.7327409872167367,1.6675557044731113,1.497950289246995,1.364738724113724,A,0
D1,2025-10-18,17:30,Bayern Munich,Dortmund,2,1,H,1.0,0.0,H,15.0,8.0,7.0,1.0,12.0,17.0,4.0,3.0,1.0,3.0,0.0,0.0,1.33,5.5,7.5,1.36,5.5,7.25,,,,1.38,5.55,7.5,,,,,,,1.38,6.0,8.0,1.34,5.52,7.34,1.33,3.4,1.34,3.32,1.33,3.45,1.31,3.31,-1.5,1.93,1.93,1.96,1.94,1.93,1.98,1.84,1.92,1.38,5.25,7.0,1.37,5.5,7.25,,,,1.36,5.75,8.25,,,,,,,1.38,6.0,8.5,1.35,5.52,7.41,1.33,3.4,1.33,3.41,1.33,3.65,1.3,3.43,-1.5,1.98,1.88,1.92,2.01,1.98,2.0,1.86,1.9,2025,Football-Data.co.uk,https://www.football-data.co.uk/mmz4281/2526/D1.csv,,,,,,,1.39,6.0,8.4,1.36,3.6,1.97,1.96,,,,,,,1.4,5.8,8.6,1.36,3.7,2.01,1.97,1.33,5.5,8.0,1.33,6.0,7.5,1.3,5.25,7.0,1.36,5.5,7.5,1.35,5.5,7.0,1.33,5.5,8.0,1.34,6.0,7.5,1.36,5.5,7.0,1.36,5.5,7.5,1.35,5.5,7.0,2025-10-18,bayern munich,dortmund,market_average_open,1.34,5.52,7.34,market_average_close,1.35,5.52,7.41,market_average_close,1.35,5.52,7.41,closing,0.7407407407407407,0.1811594202898551,0.1349527665317139,1.0568529275623098,0.7008929259904693,0.17141403081288653,0.1276930431966442,0.8723069568033558,0.29910707400953074,0.8285859691871135,1.1463854463164966,3.3432843516370196,1.2068753722453842,H,1
D1,2025-10-19,14:30,Freiburg,Ein Frankfurt,2,2,D,1.0,2.0,A,12.0,8.0,5.0,3.0,6.0,15.0,3.0,1.0,2.0,3.0,0.0,0.0,2.5,3.5,2.7,2.55,3.6,2.55,,,,2.54,3.68,2.72,,,,,,,2.6,3.7,2.75,2.48,3.57,2.6,1.62,2.3,1.63,2.38,1.63,2.38,1.6,2.27,0.0,1.85,2.0,1.88,2.02,1.85,2.0,1.82,1.93,2.35,3.6,2.88,2.45,3.5,2.7,,,,2.56,3.64,2.76,,,,,,,2.55,3.7,2.88,2.46,3.54,2.69,1.67,2.2,1.68,2.29,1.67,2.38,1.6,2.27,0.0,1.7,2.1,1.89,2.04,1.83,2.1,1.76,2.01,2025,Football-Data.co.uk,https://www.football-data.co.uk/mmz4281/2526/D1.csv,,,,,,,2.58,3.65,2.8,1.65,2.46,1.9,2.06,,,,,,,2.6,3.7,2.86,1.71,2.38,1.9,2.08,2.5,3.5,2.75,2.55,3.7,2.55,2.4,3.5,2.5,2.6,3.6,2.6,2.5,3.5,2.6,2.5,3.5,2.75,2.55,3.65,2.6,2.38,3.7,2.7,2.5,3.5,2.7,2.45,3.5,2.7,2025-10-19,freiburg,eintracht frankfurt,market_average_open,2.48,3.57,2.6,market_average_close,2.46,3.54,2.69,market_average_close,2.46,3.54,2.69,closing,0.4065040650406504,0.2824858757062147,0.3717472118959108,1.060737152642776,0.3832278939489061,0.2663109093543246,0.3504611966967692,0.6495388033032308,0.6167721060510938,0.7336890906456752,1.539553903345725,1.6213443996398231,1.3629751522132634,H,0
D1,2025-10-19,16:30,St Pauli,Hoffenheim,0,3,A,0.0,0.0,D,10.0,14.0,2.0,5.0,10.0,17.0,9.0,7.0,1.0,3.0,0.0,0.0,2.5,3.4,2.8,2.45,3.4,2.8,,,,2.51,3.64,2.78,,,,,,,2.5,3.6,2.9,2.41,3.45,2.78,1.8,2.0,1.81,2.07,1.8,2.05,1.77,1.99,0.0,1.83,2.03,1.85,2.06,1.83,2.03,1.77,1.98,2.63,3.5,2.55,2.65,3.4,2.6,,,,2.57,3.49,2.84,,,,,,,2.8,3.5,2.65,2.65,3.4,2.57,1.73,2.1,1.82,2.08,1.8,2.1,1.76,2.02,0.0,1.98,1.88,1.87,2.07,1.98,1.88,1.93,1.83,2025,Football-Data.co.uk,https://www.football-data.co.uk/mmz4281/2526/D1.csv,,,,,,,2.64,3.6,2.86,1.86,2.1,1.91,2.06,,,,,,,2.88,3.5,2.7,1.84,2.16,2.05,1.93,2.5,3.4,2.8,2.32,3.6,2.9,2.38,3.4,2.63,2.45,3.4,2.8,2.4,3.4,2.8,2.75,3.4,2.5,2.6,3.45,2.65,2.63,3.5,2.5,2.6,3.4,2.62,2.6,3.4,2.62,2025-10-19,st pauli,hoffenheim,market_average_open,2.41,3.45,2.78,market_average_close,2.65,3.4,2.57,market_average_close,2.65,3.4,2.57,closing,0.37735849056603776,0.29411764705882354,0.38910505836575876,1.06058119599062,0.3558034896268095,0.2773174257385427,0.3668790846346479,0.6331209153653522,0.6441965103731906,0.7226825742614574,1.579477119979419,1.5523213552036914,1.3837333784088346,A,0
D1,2025-10-24,19:30,Werder Bremen,Union Berlin,1,0,H,0.0,0.0,D,16.0,12.0,3.0,2.0,6.0,13.0,5.0,6.0,4.0,0.0,0.0,0.0,2.25,3.6,2.9,2.25,3.5,3.0,,,,2.33,3.63,3.09,,,,,,,2.3,3.6,3.3,2.24,3.52,3.03,1.67,2.2,1.7,2.27,1.73,2.2,1.68,2.13,-0.25,2.03,1.83,2.03,1.89,2.03,1.89,1.94,1.84,2.3,3.4,3.0,2.3,3.5,2.95,,,,2.36,3.59,3.08,,,,,,,2.38,3.6,3.1,2.29,3.46,2.99,1.73,2.1,1.7,2.24,1.73,2.2,1.69,2.12,-0.25,2.03,1.83,2.05,1.88,2.03,1.85,1.96,1.82,2025,Football-Data.co.uk,https://www.football-data.co.uk/mmz4281/2526/D1.csv,,,,,,,2.36,3.65,3.25,1.74,2.28,2.03,1.94,,,,,,,2.38,3.65,3.2,1.75,2.3,2.05,1.93,2.25,3.5,3.1,2.17,3.55,3.3,2.25,3.6,2.9,2.25,3.5,3.0,2.25,3.5,3.0,2.25,3.5,3.1,2.3,3.5,3.0,2.25,3.5,3.0,2.3,3.5,3.0,2.3,3.5,2.9,2025-10-24,werder bremen,union berlin,market_average_open,2.24,3.52,3.03,market_average_close,2.29,3.46,2.99,market_average_close,2.29,3.46,2.99,closing,0.4366812227074236,0.28901734104046245,0.33444816053511706,1.0601467242830032,0.4119064019206956,0.2726201330631194,0.31547346501618495,0.684526534983815,0.5880935980793043,0.7273798669368805,1.460863748727643,1.7004096002166482,1.3747974689087408,H,0
D1,2025-10-25,14:30,Augsburg,RB Leipzig,0,6,A,0.0,4.0,A,15.0,15.0,2.0,8.0,9.0,10.0,2.0,3.0,3.0,1.0,0.0,0.0,3.2,3.9,2.05,3.3,4.0,1.98,,,,3.29,4.06,2.07,,,,,,,3.5,4.1,2.05,3.25,3.91,1.99,1.44,2.75,1.46,2.76,1.45,2.75,1.44,2.69,0.5,1.75,2.05,1.84,2.08,1.87,2.05,1.81,1.96,3.2,3.8,2.05,3.25,3.8,2.05,,,,3.41,3.81,2.12,,,,,,,3.3,3.95,2.1,3.23,3.8,2.04,1.53,2.5,1.53,2.58,1.53,2.71,1.48,2.59,0.25,2.03,1.83,2.08,1.85,2.04,1.83,2.0,1.74,2025,Football-Data.co.uk,https://www.football-data.co.uk/mmz4281/2526/D1.csv,,,,,,,3.4,4.1,2.14,1.49,2.9,1.86,2.14,,,,,,,3.45,3.9,2.16,1.56,2.68,2.09,1.89,3.25,3.75,2.05,3.35,4.1,1.94,3.0,3.75,2.0,3.3,4.0,2.0,3.3,3.9,1.95,3.25,3.75,2.05,3.25,3.95,2.02,3.13,3.9,2.05,3.25,3.8,2.05,3.25,3.8,2.0,2025-10-25,augsburg,rasenballsport leipzig,market_average_open,3.25,3.91,1.99,market_average_close,3.23,3.8,2.04,market_average_close,3.23,3.8,2.04,closing,0.30959752321981426,0.2631578947368421,0.49019607843137253,1.0629514963880289,0.29126213592233013,0.24757281553398058,0.4611650485436893,0.5388349514563107,0.7087378640776698,0.7524271844660194,1.855855855855856,1.4109589041095891,1.3290322580645162,A,0
D1,2025-10-25,14:30,Ein Frankfurt,St Pauli,2,0,H,1.0,0.0,H,10.0,9.0,6.0,1.0,11.0,6.0,1.0,3.0,0.0,1.0,0.0,0.0,1.67,4.2,4.5,1.71,4.1,4.4,,,,1.74,4.19,4.49,,,,,,,1.73,4.3,4.6,1.68,4.06,4.43,1.57,2.38,1.6,2.43,1.6,2.4,1.56,2.35,-0.75,1.9,1.95,1.94,1.96,1.9,1.97,1.83,1.94,1.62,4.5,4.5,1.66,4.2,4.6,,,,1.65,4.43,4.92,,,,,,,1.67,4.5,4.75,1.64,4.26,4.59,1.44,2.75,1.5,2.7,1.5,2.75,1.48,2.58,-0.75,1.78,2.03,1.81,2.1,1.83,2.03,1.79,1.99,2025,Football-Data.co.uk,https://www.football-data.co.uk/mmz4281/2526/D1.csv,,,,,,,1.76,4.3,4.9,1.62,2.52,1.95,2.02,,,,,,,1.69,4.6,5.2,1.54,2.78,1.85,2.15,1.7,4.0,4.6,1.66,4.3,4.5,1.65,3.8,4.33,1.7,4.0,4.4,1.7,4.0,4.4,1.67,4.2,4.6,1.67,4.3,4.5,1.62,4.33,4.6,1.67,4.2,4.6,1.65,4.2,4.6,2025-10-25,eintracht frankfurt,st pauli,market_average_open,1.68,4.06,4.43,market_average_close,1.64,4.26,4.59,market_average_close,1.64,4.26,4.59,closing,0.6097560975609756,0.2347417840375587,0.2178649237472767,1.062362805345811,0.5739622043361102,0.22096197537822082,0.205075820285669,0.794924179714331,0.42603779566388983,0.7790380246217792,1.2579816107233854,2.347209590739975,1.283634390613343,H,1
D1,2025-10-25,14:30,Hamburg,Wolfsburg,0,1,A,0.0,1.0,A,27.0,6.0,6.0,2.0,8.0,18.0,11.0,1.0,1.0,5.0,0.0,0.0,2.35,3.5,2.9,2.35,3.7,2.8,,,,2.4,3.73,2.88,,,,,,,2.38,3.7,2.9,2.32,3.58,2.81,1.67,2.2,1.67,2.3,1.67,2.32,1.61,2.26,-0.25,2.05,1.8,2.1,1.83,2.06,1.81,2.02,1.76,2.2,3.6,3.1,2.2,3.7,3.0,,,,2.21,3.76,3.24,,,,,,,2.2,3.75,3.15,2.16,3.66,3.08,1.53,2.5,1.55,2.58,1.62,2.6,1.54,2.41,-0.25,1.93,1.93,1.93,1.99,1.93,1.93,1.87,1.9,2025,Football-Data.co.uk,https://www.football-data.co.uk/mmz4281/2526/D1.csv,,,,,,,2.44,3.75,3.0,1.69,2.36,2.11,1.88,,,,,,,2.28,3.75,3.3,1.6,2.64,1.99,2.0,2.3,3.6,2.88,2.38,3.65,2.8,2.25,3.5,2.7,2.37,3.7,2.8,2.3,3.6,2.8,2.15,3.75,3.1,2.15,3.7,3.15,2.15,3.75,3.0,2.2,3.6,3.1,2.15,3.6,3.1,2025-10-25,hamburger sv,wolfsburg,market_average_open,2.32,3.58,2.81,market_average_close,2.16,3.66,3.08,market_average_close,2.16,3.66,3.08,closing,0.4629629629629629,0.27322404371584696,0.3246753246753247,1.0608623313541345,0.4364024900120784,0.25754901049893153,0.3060484994889901,0.69395150051101,0.5635975099879216,0.7424509895010685,1.441022894631142,1.7743158588855918,1.3468902515329746,H,0
D1,2025-10-25,14:30,Hoffenheim,Heidenheim,3,1,H,2.0,0.0,H,14.0,12.0,7.0,3.0,14.0,13.0,7.0,5.0,1.0,1.0,0.0,0.0,1.57,4.5,5.25,1.58,4.5,5.0,,,,1.6,4.45,5.32,,,,,,,1.6,4.6,5.33,1.57,4.38,5.03,1.5,2.63,1.53,2.62,1.5,2.63,1.48,2.56,-1.0,1.95,1.9,1.98,1.93,1.95,1.9,1.9,1.87,1.6,4.33,5.25,1.58,4.4,5.0,,,,1.6,4.5,5.32,,,,,,,1.6,4.5,5.33,1.57,4.37,5.13,1.53,2.5,1.53,2.62,1.53,2.63,1.49,2.53,-1.0,1.98,1.88,2.0,1.93,1.98,1.93,1.9,1.88,2025,Football-Data.co.uk,https://www.football-data.co.uk/mmz4281/2526/D1.csv,,,,,,,1.62,4.7,5.8,1.55,2.72,1.97,1.98,,,,,,,1.61,4.7,5.9,1.55,2.74,1.99,1.97,1.6,4.33,5.0,1.56,4.6,5.1,1.53,4.2,4.8,1.57,4.5,5.0,1.57,4.4,5.0,1.6,4.33,5.0,1.57,4.5,5.2,1.55,4.33,5.25,1.6,4.4,5.0,1.57,4.33,5.0,2025-10-25,hoffenheim,fc heidenheim,market_average_open,1.57,4.38,5.03,market_average_close,1.57,4.37,5.13,market_average_close,1.57,4.37,5.13,closing,0.6369426751592356,0.22883295194508008,0.19493177387914232,1.060707400983458,0.6004885744821619,0.21573616977963253,0.18377525573820552,0.8162247442617944,0.399511425517838,0.7842638302203674,1.2251527621897995,2.5030573248407646,1.2750811161583389,H,1
D1,2025-10-25,14:30,M'gladbach,Bayern Munich,0,3,A,0.0,0.0,D,1.0,27.0,0.0,11.0,6.0,9.0,1.0,8.0,0.0,3.0,1.0,0.0,10.0,6.5,1.22,10.0,7.0,1.24,,,,11.5,7.11,1.23,,,,,,,11.5,7.0,1.25,10.53,6.81,1.22,1.29,3.75,,,1.29,4.0,1.26,3.67,2.0,1.9,1.95,1.95,1.93,1.93,1.95,1.88,1.89,11.0,7.0,1.22,8.75,6.75,1.27,,,,10.65,7.0,1.24,,,,,,,11.0,7.0,1.29,9.37,6.73,1.24,1.22,4.33,,,1.26,4.33,1.24,3.92,1.75,1.98,1.88,2.08,1.84,2.08,1.88,2.01,1.78,2025,Football-Data.co.uk,https://www.football-data.co.uk/mmz4281/2526/D1.csv,,,,,,,14.0,7.8,1.24,1.29,4.1,1.95,1.97,,,,,,,11.5,7.8,1.26,1.27,4.5,2.11,1.85,11.0,7.0,1.22,11.5,7.0,1.21,10.0,6.5,1.18,10.0,7.0,1.25,10.0,7.0,1.25,10.0,6.5,1.25,10.0,7.0,1.23,9.0,6.5,1.25,9.5,7.0,1.25,9.0,7.0,1.25,2025-10-25,borussia m gladbach,bayern munich,market_average_open,10.53,6.81,1.22,market_average_close,9.37,6.73,1.24,market_average_close,9.37,6.73,1.24,closing,0.10672358591248667,0.1485884101040119,0.8064516129032259,1.0617636089197244,0.10051539251855786,0.13994490756298472,0.7595396999184574,0.24046030008154257,0.8994846074814421,0.8600550924370153,4.158690643157684,1.1117477627549415,1.1627162129421766,A,0
D1,2025-10-25,17:30,Dortmund,FC Koln,1,0,H,0.0,0.0,D,27.0,5.0,9.0,0.0,10.0,8.0,17.0,2.0,2.0,2.0,0.0,0.0,1.44,5.25,6.5,1.43,5.0,6.5,,,,1.46,4.96,6.64,,,,,,,1.44,5.25,6.66,1.42,4.97,6.36,1.4,3.0,1.42,2.91,1.44,3.0,1.4,2.8,-1.25,1.88,1.98,1.9,2.01,1.88,1.98,1.84,1.93,1.36,5.25,7.5,1.38,5.25,7.5,,,,1.39,5.38,7.8,,,,,,,1.41,5.3,8.0,1.37,5.12,7.38,1.44,2.75,1.5,2.66,1.5,2.75,1.45,2.65,-1.5,2.03,1.83,2.06,1.88,2.05,1.89,1.97,1.8,2025,Football-Data.co.uk,https://www.football-data.co.uk/mmz4281/2526/D1.csv,,,,,,,1.45,5.6,7.4,1.46,3.0,1.94,2.0,,,,,,,1.41,5.5,8.8,1.52,2.88,2.07,1.89,1.44,5.0,6.5,1.42,5.2,6.5,1.4,4.75,6.0,1.44,5.0,6.5,1.44,5.0,6.5,1.36,5.0,8.0,1.37,5.3,7.5,1.36,5.25,7.5,1.4,5.0,7.0,1.36,5.0,7.5,2025-10-25,dortmund,fc cologne,market_average_open,1.42,4.97,6.36,market_average_close,1.37,5.12,7.38,market_average_close,1.37,5.12,7.38,closing,0.7299270072992701,0.1953125,0.13550135501355015,1.0607408623128203,0.6881294322043466,0.1841283832265537,0.1277421845690996,0.8722578154309003,0.3118705677956533,0.8158716167734462,1.1464500315265096,3.2064583941605838,1.2256830357142858,H,1
D1,2025-10-26,14:30,Leverkusen,Freiburg,2,0,H,1.0,0.0,H,19.0,10.0,4.0,3.0,9.0,8.0,2.0,3.0,1.0,2.0,0.0,1.0,1.83,3.9,4.0,1.77,3.9,4.33,,,,1.84,3.92,4.2,,,,,,,1.83,4.0,4.5,1.77,3.82,4.17,1.73,2.1,1.77,2.12,1.76,2.1,1.72,2.06,-0.5,1.83,2.03,1.85,2.06,1.83,2.1,1.76,2.01,2.0,3.7,3.5,2.0,3.6,3.6,,,,2.02,3.59,3.91,,,,,,,2.0,3.8,3.9,1.96,3.6,3.68,1.8,2.0,1.81,2.08,1.8,2.07,1.76,2.02,-0.5,2.03,1.83,2.03,1.89,2.03,1.91,1.93,1.83,2025,Football-Data.co.uk,https://www.football-data.co.uk/mmz4281/2526/D1.csv,,,,,,,1.88,4.0,4.4,1.77,2.22,1.87,2.12,,,,,,,2.04,3.7,4.1,1.85,2.16,2.04,1.94,1.8,3.75,4.33,1.73,3.95,4.5,1.75,3.6,3.9,1.75,3.9,4.33,1.75,3.8,4.2,1.95,3.6,3.75,1.92,3.65,3.9,2.0,3.6,3.5,2.0,3.6,3.6,1.91,3.6,3.9,2025-10-26,bayer leverkusen,freiburg,market_average_open,1.77,3.82,4.17,market_average_close,1.96,3.6,3.68,market_average_close,1.96,3.6,3.68,closing,0.5102040816326531,0.2777777777777778,0.2717391304347826,1.0597209898452133,0.48145133155018033,0.26212350273287593,0.25642516571694385,0.7435748342830563,0.5185486684498197,0.7378764972671241,1.3448545511416952,1.9284592958062348,1.3552403467297083,H,0
D1,2025-10-26,16:30,Stuttgart,Mainz,2,1,H,1.0,1.0,D,19.0,13.0,8.0,2.0,11.0,12.0,7.0,5.0,4.0,3.0,0.0,0.0,1.75,4.0,4.33,1.75,4.0,4.2,,,,1.79,4.13,4.24,,,,,,,1.78,4.2,4.6,1.73,3.99,4.22,1.57,2.38,1.6,2.43,1.6,2.38,1.57,2.33,-0.75,1.98,1.88,2.03,1.88,1.98,1.88,1.92,1.85,2.1,3.4,3.4,2.1,3.6,3.3,,,,2.16,3.63,3.44,,,,,,,2.16,3.8,3.5,2.06,3.61,3.33,1.73,2.1,1.74,2.19,1.73,2.35,1.63,2.22,-0.25,1.85,2.0,1.88,2.05,1.85,2.07,1.78,2.01,2025,Football-Data.co.uk,https://www.football-data.co.uk/mmz4281/2526/D1.csv,,,,,,,1.82,4.0,4.5,1.63,2.46,2.02,1.89,,,,,,,2.2,3.8,3.5,1.73,2.34,1.89,2.09,1.7,4.0,4.6,1.72,4.2,4.3,1.7,3.8,4.0,1.75,4.0,4.2,1.75,4.0,4.2,2.05,3.6,3.4,2.0,3.8,3.45,2.05,3.7,3.25,2.1,3.6,3.3,2.1,3.6,3.25,2025-10-26,vfb stuttgart,mainz 05,market_average_open,1.73,3.99,4.22,market_average_close,2.06,3.61,3.33,market_average_close,2.06,3.61,3.33,closing,0.4854368932038835,0.2770083102493075,0.3003003003003003,1.0627455037534914,0.45677623804511785,0.2606534765576019,0.28257028539728013,0.7174297146027198,0.5432237619548821,0.7393465234423979,1.3938647642351347,1.840862035197672,1.352545752624898,H,0
D1,2025-10-31,19:30,Augsburg,Dortmund,0,1,A,0.0,1.0,A,9.0,5.0,1.0,1.0,14.0,16.0,4.0,3.0,4.0,1.0,0.0,0.0,5.0,4.5,1.57,5.0,4.33,1.6,,,,5.3,4.42,1.61,,,,,,,5.2,4.5,1.61,5.03,4.34,1.58,1.5,2.63,1.52,2.62,1.5,2.7,1.48,2.57,1.0,1.93,1.93,1.92,1.99,1.93,1.96,1.86,1.91,5.25,4.33,1.55,5.25,4.4,1.57,,,,5.34,4.42,1.6,,,,,,,5.6,4.5,1.6,5.37,4.35,1.55,1.57,2.38,1.53,2.6,1.57,2.55,1.52,2.45,1.0,1.93,1.93,1.92,1.99,1.96,1.93,1.91,1.87,2025,Football-Data.co.uk,https://www.football-data.co.uk/mmz4281/2526/D1.csv,,,,,,,5.6,4.5,1.65,1.57,2.7,1.92,2.03,,,,,,,6.2,4.4,1.61,1.57,2.74,1.98,1.99,5.0,4.33,1.6,5.2,4.4,1.58,5.0,4.4,1.57,5.0,4.33,1.6,5.0,4.33,1.6,5.5,4.33,1.57,5.6,4.5,1.53,5.5,4.4,1.53,5.25,4.4,1.57,5.25,4.33,1.57,2025-10-31,augsburg,dortmund,market_average_open,5.03,4.34,1.58,market_average_close,5.37,4.35,1.55,market_average_close,5.37,4.35,1.55,closing,0.186219739292365,0.2298850574712644,0.6451612903225806,1.06126608708621,0.17546941484170667,0.21661396728734825,0.607916617870945,0.3920833821290549,0.8245305851582932,0.7833860327126516,2.5504778972520907,1.2128112868099612,1.2765098664540564,A,0
D1,2025-11-01,14:30,Heidenheim,Ein Frankfurt,1,1,D,1.0,0.0,H,9.0,16.0,4.0,3.0,7.0,11.0,2.0,8.0,0.0,2.0,0.0,0.0,3.6,4.0,1.9,3.4,3.9,1.95,,,,3.69,4.18,1.9,,,,,,,3.6,4.1,1.95,3.48,3.96,1.91,1.5,2.63,1.5,2.62,1.5,2.7,1.47,2.59,0.5,1.98,1.88,1.99,1.91,1.98,1.92,1.88,1.88,4.1,4.1,1.8,3.9,4.0,1.8,,,,3.88,4.14,1.88,,,,,,,4.2,4.2,1.8,4.0,4.03,1.77,1.53,2.5,1.5,2.67,1.55,2.63,1.51,2.47,0.75,1.85,2.0,1.8,2.12,1.85,2.0,1.82,1.96,2025,Football-Data.co.uk,https://www.football-data.co.uk/mmz4281/2526/D1.csv,,,,,,,3.85,4.2,1.98,1.53,2.8,1.99,2.0,,,,,,,4.3,4.3,1.85,1.6,2.62,1.91,2.07,3.6,4.0,1.91,3.4,4.1,1.93,3.4,3.8,1.83,3.5,3.9,1.95,3.4,3.9,1.95,4.0,4.0,1.8,3.95,4.1,1.79,4.1,4.0,1.75,3.9,4.0,1.8,3.9,4.0,1.8,2025-11-01,fc heidenheim,eintracht frankfurt,market_average_open,3.48,3.96,1.91,market_average_close,4.0,4.03,1.77,market_average_close,4.0,4.03,1.77,closing,0.25,0.24813895781637715,0.5649717514124294,1.0631107092288066,0.23515895177215648,0.23340838885573842,0.531432659372105,0.4685673406278949,0.7648410482278435,0.7665916111442616,2.1341649604941924,1.3074612068965517,1.3044755322946189,A,0
D1,2025-11-01,14:30,Mainz,Werder Bremen,1,1,D,1.0,0.0,H,10.0,5.0,5.0,3.0,19.0,11.0,2.0,0.0,1.0,3.0,0.0,0.0,1.95,3.9,3.5,2.0,3.8,3.4,,,,2.02,3.92,3.51,,,,,,,2.08,3.9,3.5,1.99,3.77,3.37,1.57,2.38,1.58,2.48,1.57,2.5,1.55,2.37,-0.5,2.0,1.85,2.03,1.88,2.0,1.86,1.95,1.82,1.85,3.7,3.9,1.93,3.75,3.7,,,,1.83,4.02,4.27,,,,,,,1.93,3.95,4.0,1.86,3.81,3.8,1.53,2.5,1.52,2.64,1.55,2.63,1.52,2.46,-0.5,1.88,1.98,1.82,2.09,1.88,1.98,1.83,1.94,2025,Football-Data.co.uk,https://www.football-data.co.uk/mmz4281/2526/D1.csv,,,,,,,2.08,3.9,3.7,1.6,2.5,2.06,1.92,,,,,,,1.94,4.1,4.1,1.62,2.58,1.95,2.05,2.0,3.75,3.5,2.08,3.8,3.25,1.93,3.7,3.25,2.0,3.8,3.4,2.0,3.75,3.3,1.9,3.75,3.75,1.84,3.95,3.95,1.85,3.9,3.7,1.91,3.8,3.7,1.91,3.75,3.6,2025-11-01,mainz 05,werder bremen,market_average_open,1.99,3.77,3.37,market_average_close,1.86,3.81,3.8,market_average_close,1.86,3.81,3.8,closing,0.5376344086021505,0.26246719160104987,0.2631578947368421,1.0632594949400425,0.5056474088975503,0.24685149095785924,0.24750110014459042,0.7524988998554096,0.49435259110244967,0.7531485090421408,1.32890559732665,2.0228476961553135,1.3277593834339612,H,1
D1,2025-11-01,14:30,RB Leipzig,Stuttgart,3,1,H,1.0,0.0,H,16.0,14.0,9.0,4.0,8.0,10.0,5.0,5.0,1.0,2.0,0.0,0.0,1.95,3.9,3.5,1.98,3.9,3.4,,,,2.02,3.88,3.55,,,,,,,2.02,4.0,3.5,1.97,3.87,3.35,1.44,2.75,1.43,2.89,1.44,2.88,1.41,2.76,-0.5,1.98,1.88,2.03,1.88,2.0,1.88,1.95,1.82,2.1,3.8,3.25,2.1,3.7,3.2,,,,2.04,3.89,3.55,,,,,,,2.2,4.0,3.25,2.09,3.76,3.17,1.44,2.75,1.48,2.72,1.46,2.9,1.42,2.75,-0.25,1.85,2.0,1.79,2.15,1.9,2.0,1.81,1.96,2025,Football-Data.co.uk,https://www.football-data.co.uk/mmz4281/2526/D1.csv,,,,,,,2.06,4.0,3.7,1.47,3.05,2.06,1.93,,,,,,,2.18,3.9,3.4,1.5,2.96,1.91,2.06,2.0,4.0,3.3,2.02,4.0,3.25,1.91,3.8,3.2,2.0,3.9,3.4,1.95,3.9,3.4,2.1,3.8,3.2,2.06,3.85,3.25,2.05,4.0,3.1,2.1,3.7,3.2,2.1,3.6,3.2,2025-11-01,rasenballsport leipzig,vfb stuttgart,market_average_open,1.97,3.87,3.35,market_average_close,2.09,3.76,3.17,market_average_close,2.09,3.76,3.17,closing,0.47846889952153115,0.26595744680851063,0.31545741324921134,1.0598837595792532,0.4514352590056395,0.25093076896856026,0.29763397202580016,0.7023660279741998,0.5485647409943604,0.7490692310314397,1.4237590660303594,1.8229388899245362,1.33499008979856,H,0
D1,2025-11-01,14:30,St Pauli,M'gladbach,0,4,A,0.0,2.0,A,16.0,15.0,4.0,11.0,11.0,8.0,8.0,1.0,4.0,0.0,0.0,0.0,2.15,3.5,3.3,2.1,3.5,3.4,,,,2.2,3.51,3.4,,,,,,,2.15,3.5,3.45,2.11,3.44,3.34,1.88,1.98,1.92,1.97,1.93,1.98,1.85,1.89,-0.25,1.88,1.98,1.91,2.0,1.88,1.98,1.81,1.95,2.3,3.4,3.1,2.3,3.4,3.0,,,,2.35,3.49,3.17,,,,,,,2.38,3.5,3.2,2.31,3.39,3.01,1.83,2.03,1.85,2.06,1.85,2.03,1.81,1.96,-0.25,2.0,1.85,2.03,1.89,2.04,1.9,1.98,1.81,2025,Football-Data.co.uk,https://www.football-data.co.uk/mmz4281/2526/D1.csv,,,,,,,2.26,3.6,3.55,1.98,1.98,1.94,2.04,,,,,,,2.42,3.6,3.2,1.9,2.06,2.08,1.91,2.15,3.4,3.4,2.08,3.5,3.45,2.1,3.3,3.13,2.1,3.5,3.4,2.05,3.5,3.4,2.3,3.4,3.1,2.38,3.4,3.0,2.3,3.5,2.9,2.3,3.4,3.0,2.3,3.3,3.0,2025-11-01,st pauli,borussia m gladbach,market_average_open,2.11,3.44,3.34,market_average_close,2.31,3.39,3.01,market_average_close,2.31,3.39,3.01,closing,0.4329004329004329,0.2949852507374631,0.33222591362126247,1.0601115972591584,0.4083536431632911,0.2782586771997647,0.3133876796369443,0.6866123203630559,0.591646356836709,0.7217413228002354,1.456425948592411,1.6901988636363636,1.385537959944108,H,0
D1,2025-11-01,14:30,Union Berlin,Freiburg,0,0,D,0.0,0.0,D,11.0,13.0,2.0,4.0,20.0,13.0,5.0,5.0,6.0,1.0,0.0,0.0,2.5,3.3,2.75,2.55,3.25,2.75,,,,2.65,3.27,2.86,,,,,,,2.63,3.4,2.88,2.56,3.23,2.74,2.1,1.73,2.18,1.74,2.15,1.74,2.08,1.7,0.0,1.83,2.03,1.88,2.03,1.85,2.03,1.8,1.95,2.6,3.2,2.8,2.6,3.2,2.8,,,,2.72,3.21,2.87,,,,,,,2.7,3.2,2.83,2.62,3.14,2.78,2.2,1.67,2.24,1.71,2.22,1.73,2.16,1.66,0.0,1.85,2.0,1.91,2.02,1.85,2.0,1.82,1.94,2025,Football-Data.co.uk,https://www.football-data.co.uk/mmz4281/2526/D1.csv,,,,,,,2.74,3.35,2.96,2.26,1.76,1.92,2.06,,,,,,,2.78,3.2,3.0,2.26,1.76,1.92,2.07,2.6,3.2,2.8,2.63,3.4,2.65,2.45,3.13,2.7,2.6,3.25,2.75,2.6,3.25,2.75,2.6,3.2,2.8,2.7,3.1,2.75,2.55,3.2,2.75,2.6,3.2,2.8,2.6,3.2,2.8,2025-11-01,union berlin,freiburg,market_average_open,2.56,3.23,2.74,market_average_close,2.62,3.14,2.78,market_average_close,2.62,3.14,2.78,closing,0.38167938931297707,0.3184713375796178,0.3597122302158274,1.0598629571084222,0.36012145414940844,0.3004835063284873,0.3393950395221044,0.6606049604778957,0.6398785458505918,0.6995164936715128,1.5137639888089527,1.5627965752011548,1.4295588582212784,H,0
D1,2025-11-01,17:30,Bayern Munich,Leverkusen,3,0,H,3.0,0.0,H,18.0,7.0,4.0,1.0,11.0,3.0,10.0,4.0,1.0,1.0,0.0,0.0,1.22,7.0,9.5,1.22,7.25,11.0,,,,1.23,7.43,10.66,,,,,,,1.25,7.25,11.0,1.22,6.85,10.44,1.25,4.0,,,1.26,4.0,1.25,3.76,-2.0,1.95,1.9,1.97,1.92,1.95,1.9,1.91,1.87,1.25,6.5,10.0,1.29,6.25,8.75,,,,1.21,7.57,12.27,,,,,,,1.29,6.75,10.0,1.26,6.2,9.42,1.36,3.2,,,1.4,3.35,1.35,3.07,-1.75,1.93,1.93,1.72,2.21,1.93,2.0,1.85,1.92,2025,Football-Data.co.uk,https://www.football-data.co.uk/mmz4281/2526/D1.csv,,,,,,,1.24,8.2,12.5,1.29,4.1,1.96,1.98,,,,,,,1.29,6.8,11.5,1.42,3.3,2.01,1.97,1.22,7.0,11.0,1.22,7.0,10.5,1.18,6.5,10.0,1.22,7.0,11.0,1.22,7.0,11.0,1.29,6.0,10.0,1.25,6.75,9.5,1.25,6.0,10.0,1.28,6.0,8.5,1.28,6.0,8.5,2025-11-01,bayern munich,bayer leverkusen,market_average_open,1.22,6.85,10.44,market_average_close,1.26,6.2,9.42,market_average_close,1.26,6.2,9.42,closing,0.7936507936507936,0.16129032258064516,0.10615711252653928,1.061098228757978,0.7479522367875091,0.15200319650842928,0.10004456670406173,0.8999554332959384,0.252047763212491,0.8479968034915708,1.1111661344580863,3.967501981586488,1.1792497281623775,H,1
D1,2025-11-02,14:30,FC Koln,Hamburg,4,1,H,1.0,0.0,H,23.0,11.0,10.0,5.0,8.0,18.0,2.0,3.0,1.0,6.0,0.0,2.0,2.1,3.7,3.2,2.05,3.7,3.3,,,,2.18,3.67,3.29,,,,,,,2.15,3.75,3.3,2.1,3.64,3.19,1.62,2.3,1.63,2.36,1.7,2.3,1.62,2.23,-0.25,1.88,1.98,1.91,2.0,1.88,1.98,1.82,1.94,2.45,3.7,2.7,2.45,3.6,2.75,,,,2.49,3.64,2.84,,,,,,,2.45,3.7,2.8,2.43,3.54,2.74,1.57,2.38,1.58,2.48,1.62,2.45,1.57,2.34,0.0,1.83,2.03,1.84,2.1,1.83,2.03,1.79,1.98,2025,Football-Data.co.uk,https://www.football-data.co.uk/mmz4281/2526/D1.csv,,,,,,,2.22,3.7,3.4,1.67,2.4,1.94,2.03,,,,,,,2.58,3.7,2.9,1.64,2.54,1.86,2.14,2.15,3.6,3.2,2.12,3.7,3.25,2.05,3.6,3.0,2.05,3.7,3.3,2.05,3.7,3.3,2.4,3.6,2.75,2.43,3.55,2.8,2.45,3.5,2.7,2.45,3.6,2.75,2.4,3.5,2.7,2025-11-02,fc cologne,hamburger sv,market_average_open,2.1,3.64,3.19,market_average_close,2.43,3.54,2.74,market_average_close,2.43,3.54,2.74,closing,0.4115226337448559,0.2824858757062147,0.36496350364963503,1.0589720131007057,0.3886057692307692,0.2667548076923077,0.3446394230769231,0.6553605769230769,0.6113942307692308,0.7332451923076924,1.525877562997469,1.6356058818903827,1.3638002819394812,H,0
D1,2025-11-02,16:30,Wolfsburg,Hoffenheim,2,3,A,1.0,1.0,D,12.0,10.0,6.0,4.0,10.0,17.0,2.0,2.0,0.0,2.0,0.0,0.0,2.75,3.9,2.3,2.8,3.7,2.3,,,,2.77,3.78,2.45,,,,,,,2.88,3.9,2.38,2.76,3.68,2.31,1.57,2.38,1.57,2.5,1.57,2.5,1.53,2.39,0.25,1.8,2.05,1.78,2.14,1.8,2.05,1.77,1.95,2.8,3.8,2.3,2.7,3.7,2.37,,,,2.79,3.77,2.47,,,,,,,2.8,3.85,2.45,2.7,3.7,2.37,1.5,2.63,1.52,2.63,1.5,2.75,1.48,2.58,0.0,2.08,1.73,2.09,1.85,2.08,1.83,2.0,1.76,2025,Football-Data.co.uk,https://www.football-data.co.uk/mmz4281/2526/D1.csv,,,,,,,2.9,3.85,2.48,1.61,2.56,1.84,2.17,,,,,,,2.9,3.9,2.5,1.54,2.8,2.15,1.85,2.88,3.6,2.3,2.85,3.75,2.33,2.63,3.6,2.25,2.8,3.75,2.3,2.8,3.7,2.3,2.75,3.6,2.4,2.65,3.85,2.4,2.7,3.8,2.3,2.7,3.7,2.37,2.7,3.7,2.37,2025-11-02,wolfsburg,hoffenheim,market_average_open,2.76,3.68,2.31,market_average_close,2.7,3.7,2.37,market_average_close,2.7,3.7,2.37,closing,0.37037037037037035,0.27027027027027023,0.42194092827004215,1.0625815689106828,0.34855711900787023,0.2543524922489864,0.3970903887431433,0.6029096112568566,0.6514428809921297,0.7456475077510135,1.658623417721519,1.535053999633901,1.3411162641931873,A,0
D1,2025-11-07,19:30,Werder Bremen,Wolfsburg,2,1,H,0.0,1.0,A,20.0,7.0,7.0,4.0,13.0,8.0,13.0,3.0,2.0,0.0,0.0,0.0,2.15,3.6,3.1,2.2,3.6,3.1,,,,2.23,3.84,3.13,,,,,,,2.25,3.75,3.15,2.18,3.64,3.07,1.53,2.5,1.58,2.52,1.6,2.5,1.55,2.39,-0.25,1.93,1.93,1.96,1.96,1.93,1.93,1.88,1.9,2.15,3.6,3.1,2.15,3.6,3.2,,,,2.2,3.76,3.26,,,,,,,2.16,3.75,3.2,2.14,3.64,3.14,1.57,2.38,1.61,2.45,1.57,2.45,1.55,2.38,-0.25,1.88,1.98,1.93,2.0,1.88,1.98,1.86,1.91,2025,Football-Data.co.uk,https://www.football-data.co.uk/mmz4281/2526/D1.csv,,,,,,,2.28,3.85,3.25,1.61,2.6,1.98,1.99,,,,,,,2.26,3.75,3.35,1.63,2.56,1.97,2.02,2.25,3.6,3.0,2.2,3.65,3.15,2.15,3.6,3.1,2.2,3.6,3.1,2.2,3.6,3.1,2.15,3.6,3.2,2.16,3.7,3.1,2.15,3.6,3.13,2.15,3.6,3.2,2.15,3.6,3.2,2025-11-07,werder bremen,wolfsburg,market_average_open,2.18,3.64,3.07,market_average_close,2.14,3.64,3.14,market_average_close,2.14,3.64,3.14,closing,0.4672897196261682,0.2747252747252747,0.3184713375796178,1.0604863319310607,0.44063719216000746,0.25905593165450985,0.30030687618548274,0.6996931238145173,0.5593628078399926,0.7409440683454902,1.4291979811782336,1.7877484630441376,1.349629537129537,H,0
D1,2025-11-08,14:30,Hamburg,Dortmund,1,1,D,0.0,0.0,D,9.0,17.0,3.0,1.0,14.0,8.0,2.0,6.0,1.0,1.0,0.0,0.0,4.33,4.2,1.7,4.33,4.33,1.68,,,,4.58,4.28,1.71,,,,,,,4.8,4.35,1.7,4.45,4.21,1.66,1.5,2.63,1.53,2.6,1.5,2.63,1.47,2.57,0.75,1.98,1.88,2.0,1.91,2.02,1.88,1.97,1.8,3.8,3.8,1.85,3.75,3.8,1.88,,,,4.1,3.9,1.89,,,,,,,3.9,4.0,1.93,3.79,3.84,1.86,1.57,2.38,1.6,2.45,1.57,2.5,1.53,2.42,0.5,1.98,1.88,2.03,1.9,1.98,1.9,1.94,1.83,2025,Football-Data.co.uk,https://www.football-data.co.uk/mmz4281/2526/D1.csv,,,,,,,5.1,4.3,1.72,1.57,2.64,2.08,1.91,,,,,,,4.1,4.0,1.93,1.6,2.6,2.05,1.94,4.6,4.2,1.67,4.8,4.35,1.63,4.2,4.0,1.65,4.33,4.33,1.7,4.33,4.2,1.67,3.75,3.75,1.9,3.9,4.0,1.84,3.9,4.0,1.8,3.75,3.8,1.91,3.75,3.8,1.85,2025-11-08,hamburger sv,dortmund,market_average_open,4.45,4.21,1.66,market_average_close,3.79,3.84,1.86,market_average_close,3.79,3.84,1.86,closing,0.2638522427440633,0.2604166666666667,0.5376344086021505,1.0619033180128805,0.24847105971738087,0.24523575946064416,0.5062931808219749,0.49370681917802506,0.7515289402826191,0.7547642405393558,2.025493594892825,1.330620747118456,1.3249170353982302,A,0
D1,2025-11-08,14:30,Hoffenheim,RB Leipzig,3,1,H,2.0,1.0,H,12.0,17.0,4.0,5.0,13.0,5.0,5.0,5.0,3.0,2.0,0.0,0.0,2.6,3.9,2.4,2.6,3.9,2.37,,,,2.71,3.97,2.43,,,,,,,2.75,3.9,2.4,2.64,3.8,2.36,1.4,3.0,1.4,3.01,1.4,3.0,1.39,2.89,0.0,2.0,1.85,2.07,1.85,2.05,1.85,1.98,1.79,2.7,3.8,2.35,2.7,3.75,2.37,,,,2.79,3.95,2.4,,,,,,,2.75,3.9,2.4,2.7,3.76,2.36,1.44,2.75,1.45,2.84,1.45,3.0,1.4,2.84,0.25,1.83,2.03,1.83,2.12,1.83,2.08,1.75,1.99,2025,Football-Data.co.uk,https://www.football-data.co.uk/mmz4281/2526/D1.csv,,,,,,,2.84,4.0,2.5,1.43,3.15,2.13,1.87,,,,,,,2.84,4.1,2.46,1.48,3.0,1.85,2.16,2.75,3.75,2.38,2.7,3.8,2.4,2.5,3.75,2.3,2.62,3.9,2.37,2.6,3.9,2.37,2.75,3.75,2.4,2.7,3.75,2.4,2.7,3.9,2.3,2.7,3.75,2.37,2.7,3.7,2.37,2025-11-08,hoffenheim,rasenballsport leipzig,market_average_open,2.64,3.8,2.36,market_average_close,2.7,3.76,2.36,market_average_close,2.7,3.76,2.36,closing,0.37037037037037035,0.26595744680851063,0.42372881355932207,1.060056630738203,0.34938734368601754,0.25088984785964025,0.39972280845434216,0.6002771915456577,0.6506126563139825,0.7491101521403597,1.6658970457049906,1.5370128298232872,1.3349171642418636,A,0
D1,2025-11-08,14:30,Leverkusen,Heidenheim,6,0,H,5.0,0.0,H,25.0,1.0,10.0,0.0,5.0,7.0,11.0,1.0,0.0,1.0,0.0,0.0,1.4,5.0,6.5,1.4,5.0,7.0,,,,1.41,5.1,7.57,,,,,,,1.4,5.0,8.0,1.39,4.86,7.14,1.53,2.5,1.53,2.56,1.53,2.55,1.5,2.49,-1.25,1.85,2.0,1.88,2.04,1.85,2.0,1.8,1.95,1.44,4.75,7.0,1.4,5.0,7.0,,,,1.4,5.23,7.71,,,,,,,1.44,5.33,8.1,1.39,4.96,7.35,1.53,2.5,1.55,2.56,1.53,2.6,1.5,2.5,-1.25,1.95,1.9,1.88,2.05,1.95,2.05,1.8,1.98,2025,Football-Data.co.uk,https://www.football-data.co.uk/mmz4281/2526/D1.csv,,,,,,,1.42,5.4,8.2,1.56,2.68,1.87,2.09,,,,,,,1.41,5.4,8.6,1.56,2.74,1.89,2.08,1.4,5.0,7.5,1.4,5.0,7.5,1.36,4.6,6.5,1.4,5.0,7.0,1.4,5.0,7.0,1.4,5.0,7.5,1.36,5.2,8.0,1.4,4.8,7.0,1.4,5.0,7.0,1.4,5.0,7.0,2025-11-08,bayer leverkusen,fc heidenheim,market_average_open,1.39,4.86,7.14,market_average_close,1.39,4.96,7.35,market_average_close,1.39,4.96,7.35,closing,0.7194244604316548,0.20161290322580647,0.1360544217687075,1.0570917854261688,0.6805695308110046,0.19072412254582585,0.12870634664316957,0.8712936533568304,0.3194304691889954,0.8092758774541742,1.14771867802239,3.130571740820179,1.235672565881745,H,1
D1,2025-11-08,14:30,Union Berlin,Bayern Munich,2,2,D,1.0,1.0,D,12.0,12.0,4.0,4.0,8.0,8.0,6.0,5.0,2.0,4.0,0.0,0.0,13.0,7.0,1.2,12.0,6.75,1.22,,,,12.56,7.33,1.21,,,,,,,13.0,7.0,1.22,12.03,6.7,1.2,1.36,3.2,1.37,3.08,1.4,3.2,1.37,2.99,2.0,1.88,1.98,1.88,2.0,1.93,1.98,1.86,1.92,11.0,6.5,1.22,11.5,7.0,1.22,,,,13.0,7.05,1.22,,,,,,,13.0,7.0,1.22,11.72,6.69,1.21,1.36,3.2,1.37,3.13,1.4,3.2,1.36,3.01,2.0,1.85,2.0,1.91,2.0,1.87,2.0,1.82,1.95,2025,Football-Data.co.uk,https://www.football-data.co.uk/mmz4281/2526/D1.csv,,,,,,,16.0,7.8,1.23,1.42,3.2,1.92,2.0,,,,,,,14.5,7.8,1.24,1.41,3.35,1.92,2.08,13.0,7.0,1.2,12.5,7.0,1.2,11.0,6.0,1.18,12.0,7.0,1.22,12.0,6.5,1.22,12.0,6.5,1.22,12.0,6.75,1.22,12.0,7.0,1.2,11.0,7.0,1.22,11.0,7.0,1.22,2025-11-08,union berlin,bayern munich,market_average_open,12.03,6.7,1.2,market_average_close,11.72,6.69,1.21,market_average_close,11.72,6.69,1.21,closing,0.08532423208191126,0.14947683109118085,0.8264462809917356,1.0612473441648276,0.08039994874998635,0.14085013443196412,0.7787499168180496,0.22125008318195047,0.9196000512500138,0.859149865568036,4.519772312029485,1.0874292564911219,1.1639412867030359,A,0
D1,2025-11-08,17:30,M'gladbach,FC Koln,3,1,H,1.0,0.0,H,9.0,19.0,4.0,5.0,11.0,13.0,2.0,6.0,2.0,3.0,0.0,0.0,2.2,3.6,3.1,2.2,3.5,3.1,,,,2.28,3.65,3.11,,,,,,,2.26,3.6,3.2,2.19,3.54,3.06,1.62,2.3,1.64,2.34,1.64,2.3,1.61,2.24,-0.25,1.93,1.93,1.99,1.92,1.93,1.93,1.9,1.88,2.05,3.75,3.4,2.1,3.6,3.25,,,,2.07,3.77,3.57,,,,,,,2.1,3.8,3.6,2.03,3.67,3.36,1.57,2.38,1.61,2.44,1.57,2.45,1.56,2.37,-0.5,2.03,1.83,2.08,1.85,2.08,1.83,2.02,1.76,2025,Football-Data.co.uk,https://www.football-data.co.uk/mmz4281/2526/D1.csv,,,,,,,2.36,3.7,3.25,1.68,2.4,2.04,1.95,,,,,,,2.14,3.85,3.65,1.62,2.56,2.12,1.88,2.25,3.6,3.0,2.23,3.55,3.15,2.1,3.6,2.9,2.2,3.5,3.1,2.2,3.5,3.1,2.05,3.75,3.3,2.0,3.7,3.5,2.05,3.8,3.2,2.1,3.6,3.25,2.1,3.6,3.25,2025-11-08,borussia m gladbach,fc cologne,market_average_open,2.19,3.54,3.06,market_average_close,2.03,3.67,3.36,market_average_close,2.03,3.67,3.36,closing,0.4926108374384237,0.2724795640326976,0.2976190476190476,1.062709449090169,0.4635423519195853,0.25640081046233193,0.28005683761808275,0.7199431623819172,0.5364576480804146,0.7435991895376681,1.3889985380116958,1.8640800510129005,1.34481050284865,H,0
D1,2025-11-09,14:30,Freiburg,St Pauli,2,1,H,1.0,0.0,H,8.0,7.0,4.0,2.0,8.0,12.0,9.0,3.0,2.0,2.0,0.0,0.0,1.83,3.5,4.5,1.83,3.5,4.33,,,,1.87,3.61,4.48,,,,,,,1.85,3.6,4.5,1.82,3.51,4.32,2.0,1.8,2.09,1.8,2.0,1.81,1.97,1.78,-0.5,1.83,2.03,1.88,2.04,1.83,2.03,1.8,1.96,1.75,3.6,4.75,1.78,3.6,4.6,,,,1.78,3.62,5.17,,,,,,,1.8,3.6,4.75,1.77,3.57,4.61,2.0,1.85,2.03,1.88,2.05,1.85,1.99,1.79,-0.75,2.0,1.85,2.03,1.9,2.04,1.85,1.99,1.79,2025,Football-Data.co.uk,https://www.football-data.co.uk/mmz4281/2526/D1.csv,,,,,,,1.88,3.7,4.8,2.16,1.83,1.88,2.11,,,,,,,1.81,3.65,5.6,2.08,1.89,2.05,1.93,1.83,3.5,4.5,1.81,3.6,4.4,1.8,3.4,4.1,1.83,3.5,4.33,1.83,3.5,4.33,1.8,3.6,4.6,1.8,3.6,4.6,1.75,3.6,4.6,1.8,3.6,4.6,1.8,3.5,4.5,2025-11-09,freiburg,st pauli,market_average_open,1.82,3.51,4.32,market_average_close,1.77,3.57,4.61,market_average_close,1.77,3.57,4.61,closing,0.5649717514124294,0.2801120448179272,0.21691973969631234,1.0620035359266689,0.5319866952415124,0.26375810940545574,0.20425519535303185,0.7957448046469682,0.46801330475848757,0.7362418905945443,1.256684296473226,2.1366913928142224,1.3582492558151789,H,1
D1,2025-11-09,16:30,Stuttgart,Augsburg,3,2,H,2.0,2.0,D,17.0,17.0,6.0,6.0,13.0,10.0,4.0,4.0,2.0,3.0,0.0,0.0,1.55,4.33,5.75,1.53,4.5,5.5,,,,1.54,4.63,5.84,,,,,,,1.55,4.75,6.0,1.5,4.49,5.63,1.57,2.38,1.57,2.5,1.57,2.5,1.53,2.41,-1.0,1.85,2.0,1.88,2.03,1.85,2.0,1.81,1.97,1.55,4.33,5.5,1.55,4.5,5.25,,,,1.53,4.63,6.08,,,,,,,1.55,4.8,6.0,1.51,4.52,5.58,1.5,2.63,1.52,2.62,1.53,2.7,1.5,2.51,-1.0,1.88,1.98,1.85,2.08,1.88,2.0,1.81,1.97,2025,Football-Data.co.uk,https://www.football-data.co.uk/mmz4281/2526/D1.csv,,,,,,,1.57,4.7,6.4,1.59,2.58,1.88,2.08,,,,,,,1.55,5.0,6.4,1.56,2.7,1.9,2.08,1.5,4.5,6.0,1.5,4.7,5.8,1.45,4.2,5.5,1.53,4.5,5.5,1.53,4.5,5.5,1.5,4.5,6.0,1.49,4.8,5.75,1.5,4.6,5.5,1.55,4.5,5.25,1.53,4.5,5.25,2025-11-09,vfb stuttgart,augsburg,market_average_open,1.5,4.49,5.63,market_average_close,1.51,4.52,5.58,market_average_close,1.51,4.52,5.58,closing,0.6622516556291391,0.22123893805309736,0.17921146953405018,1.0627020632162867,0.6231771618329438,0.20818529078932413,0.16863754737773207,0.8313624526222679,0.3768228381670562,0.7918147092106759,1.2028447963289883,2.6537669661005836,1.2629217269743,H,1
D1,2025-11-09,18:30,Ein Frankfurt,Mainz,1,0,H,0.0,0.0,D,14.0,3.0,4.0,0.0,8.0,14.0,4.0,3.0,0.0,5.0,0.0,0.0,1.83,4.0,3.9,1.88,3.9,3.7,,,,1.87,4.11,3.9,,,,,,,1.91,4.2,4.0,1.84,3.93,3.73,1.57,2.38,1.57,2.5,1.57,2.5,1.53,2.41,-0.5,1.85,2.0,1.88,2.04,1.85,2.0,1.82,1.94,1.9,4.0,3.7,1.83,3.9,3.9,,,,1.88,3.94,4.1,,,,,,,1.92,4.0,4.0,1.84,3.9,3.84,1.57,2.38,1.6,2.46,1.57,2.5,1.54,2.41,-0.5,1.88,1.98,1.89,2.04,1.91,2.0,1.82,1.95,2025,Football-Data.co.uk,https://www.football-data.co.uk/mmz4281/2526/D1.csv,,,,,,,1.89,4.1,4.2,1.61,2.56,1.89,2.09,,,,,,,1.91,4.2,4.1,1.63,2.56,1.93,2.07,1.83,3.75,4.0,1.84,4.2,3.65,1.8,3.75,3.6,1.91,3.9,3.7,1.85,3.8,3.7,1.83,3.75,4.0,1.81,4.0,4.0,1.83,3.9,3.8,1.83,3.9,3.9,1.83,3.9,3.9,2025-11-09,eintracht frankfurt,mainz 05,market_average_open,1.84,3.93,3.73,market_average_close,1.84,3.9,3.84,market_average_close,1.84,3.9,3.84,closing,0.5434782608695652,0.25641025641025644,0.2604166666666667,1.0603051839464883,0.5125677673730902,0.2418268440939708,0.24560538853293906,0.754394611467061,0.4874322326269098,0.7581731559060292,1.3255662020905923,2.051567239635996,1.3189599133261105,H,1
D1,2025-11-21,19:30,Mainz,Hoffenheim,1,1,D,0.0,1.0,A,17.0,19.0,3.0,5.0,13.0,13.0,7.0,4.0,3.0,2.0,1.0,0.0,2.6,3.6,2.7,2.45,3.6,2.7,,,,2.59,3.6,2.71,,,,,,,2.6,3.7,2.75,2.48,3.56,2.65,1.67,2.2,1.68,2.29,1.67,2.32,1.6,2.27,0.0,1.88,1.98,1.91,2.0,1.88,1.98,1.83,1.93,2.45,3.5,2.7,2.5,3.5,2.7,,,,2.54,3.56,2.83,,,,,,,2.5,3.6,2.8,2.49,3.52,2.67,1.67,2.2,1.71,2.22,1.68,2.25,1.65,2.19,0.0,1.83,2.03,1.86,2.07,1.85,2.03,1.81,1.95,2025,Football-Data.co.uk,https://www.football-data.co.uk/mmz4281/2526/D1.csv,,,,,,,2.64,3.75,2.78,1.7,2.4,1.94,2.05,,,,,,,2.62,3.65,2.88,1.76,2.28,1.9,2.09,2.5,3.5,2.75,2.5,3.55,2.65,2.45,3.7,2.6,2.45,3.6,2.7,2.4,3.6,2.7,2.5,3.5,2.75,2.5,3.6,2.65,2.5,3.6,2.6,2.5,3.5,2.7,2.5,3.4,2.7,2025-11-21,mainz 05,hoffenheim,market_average_open,2.48,3.56,2.65,market_average_close,2.49,3.52,2.67,market_average_close,2.49,3.52,2.67,closing,0.4016064257028112,0.2840909090909091,0.37453183520599254,1.0602291699997128,0.3787920923765189,0.26795236080043533,0.3532555468230458,0.6467444531769542,0.6212079076234811,0.7320476391995647,1.5462057619323601,1.6097670163691924,1.3660313160676532,H,0
D1,2025-11-22,14:30,Augsburg,Hamburg,1,0,H,0.0,0.0,D,13.0,15.0,6.0,6.0,13.0,10.0,4.0,3.0,2.0,3.0,1.0,0.0,2.35,3.5,2.9,2.3,3.6,2.95,,,,2.39,3.67,2.92,,,,,,,2.38,3.6,3.05,2.3,3.51,2.89,1.73,2.1,1.72,2.2,1.73,2.2,1.68,2.11,-0.25,2.05,1.8,2.09,1.83,2.05,1.85,1.97,1.8,2.5,3.4,2.8,2.4,3.4,2.85,,,,2.53,3.46,2.91,,,,,,,2.5,3.5,2.87,2.44,3.39,2.81,1.8,2.0,1.82,2.09,1.8,2.1,1.75,2.03,0.0,1.8,2.05,1.83,2.11,1.83,2.05,1.77,2.01,2025,Football-Data.co.uk,https://www.football-data.co.uk/mmz4281/2526/D1.csv,,,,,,,2.4,3.7,3.15,1.75,2.24,2.07,1.91,,,,,,,2.58,3.55,3.0,1.84,2.16,1.85,2.15,2.38,3.5,2.88,2.28,3.5,3.05,2.25,3.4,2.75,2.3,3.6,2.9,2.3,3.5,2.9,2.5,3.4,2.8,2.43,3.5,2.85,2.4,3.5,2.75,2.4,3.4,2.87,2.4,3.4,2.8,2025-11-22,augsburg,hamburger sv,market_average_open,2.3,3.51,2.89,market_average_close,2.44,3.39,2.81,market_average_close,2.44,3.39,2.81,closing,0.4098360655737705,0.2949852507374631,0.35587188612099646,1.06069320243223,0.3863851155395293,0.2781061008603102,0.3355087836001607,0.6644912163998395,0.6136148844604709,0.7218938991396899,1.5049107878625099,1.6296866737176094,1.385245118696446,H,0
D1,2025-11-22,14:30,Bayern Munich,Freiburg,6,2,H,2.0,2.0,D,22.0,8.0,8.0,2.0,9.0,7.0,3.0,5.0,1.0,0.0,0.0,0.0,1.17,8.0,13.0,1.19,7.5,13.5,,,,1.19,7.45,14.94,,,,,,,1.19,8.0,15.5,1.17,7.25,13.25,1.33,3.4,1.36,3.21,1.36,3.4,1.34,3.12,-2.0,1.83,2.03,1.86,2.03,1.85,2.03,1.82,1.95,1.17,8.0,13.0,1.17,8.0,14.5,,,,1.19,7.8,15.0,,,,,,,1.18,8.5,18.0,1.16,7.7,14.81,1.36,3.2,1.38,3.07,1.4,3.25,1.36,3.05,-2.25,2.0,1.85,2.04,1.87,2.04,1.85,1.98,1.8,2025,Football-Data.co.uk,https://www.football-data.co.uk/mmz4281/2526/D1.csv,,,,,,,1.2,8.4,17.5,1.38,3.4,1.85,2.13,,,,,,,1.21,8.2,18.0,1.4,3.45,2.09,1.9,1.17,7.5,15.0,1.18,7.5,13.0,1.15,6.5,12.0,1.18,7.5,13.0,1.18,7.5,13.0,1.17,7.5,17.0,1.18,8.0,14.0,1.13,8.5,18.0,1.18,8.0,15.0,1.17,7.5,15.0,2025-11-22,bayern munich,freiburg,market_average_open,1.17,7.25,13.25,market_average_close,1.16,7.7,14.81,market_average_close,1.16,7.7,14.81,closing,0.8620689655172414,0.12987012987012986,0.06752194463200539,1.0594610400193767,0.8136863300810712,0.12258131725896654,0.06373235265996234,0.9362676473400378,0.1863136699189289,0.8774186827410335,1.0680706556944775,5.3672926974984305,1.139706755361107,H,1
D1,2025-11-22,14:30,Dortmund,Stuttgart,3,3,D,2.0,0.0,H,14.0,16.0,6.0,6.0,12.0,10.0,2.0,4.0,1.0,1.0,0.0,0.0,1.75,4.0,4.33,1.77,4.1,4.0,,,,1.79,4.11,4.25,,,,,,,1.78,4.2,4.35,1.74,4.03,4.11,1.53,2.5,1.55,2.51,1.53,2.5,1.51,2.47,-0.75,2.0,1.85,2.02,1.89,2.0,1.91,1.91,1.86,1.75,3.9,4.2,1.78,3.9,4.2,,,,1.83,3.93,4.38,,,,,,,1.85,4.0,4.35,1.78,3.88,4.14,1.57,2.38,1.61,2.39,1.6,2.5,1.55,2.39,-0.75,1.98,1.88,2.07,1.87,2.0,1.88,1.95,1.82,2025,Football-Data.co.uk,https://www.football-data.co.uk/mmz4281/2526/D1.csv,,,,,,,1.81,4.4,4.5,1.58,2.62,2.02,1.96,,,,,,,1.91,4.0,4.4,1.65,2.48,2.15,1.85,1.73,4.0,4.33,1.72,4.2,4.35,1.7,3.9,3.9,1.75,4.0,4.0,1.75,4.0,4.0,1.8,3.75,4.2,1.77,3.85,4.35,1.73,4.0,4.2,1.8,3.9,4.2,1.8,3.8,4.2,2025-11-22,dortmund,vfb stuttgart,market_average_open,1.74,4.03,4.11,market_average_close,1.78,3.88,4.14,market_average_close,1.78,3.88,4.14,closing,0.5617977528089888,0.2577319587628866,0.24154589371980678,1.061075605291682,0.5294606246786294,0.24289688451751557,0.22764249080385515,0.772357509196145,0.4705393753213707,0.7571031154824845,1.294737201481709,2.1252206562246068,1.3208240456951796,H,1
D1,2025-11-22,14:30,Heidenheim,M'gladbach,0,3,A,0.0,1.0,A,7.0,16.0,2.0,4.0,13.0,12.0,4.0,5.0,2.0,0.0,0.0,0.0,3.2,3.6,2.15,3.1,3.6,2.15,,,,3.18,3.72,2.22,,,,,,,3.3,3.7,2.22,3.14,3.58,2.14,1.67,2.2,1.68,2.28,1.7,2.2,1.66,2.15,0.25,1.95,1.9,1.96,1.94,2.0,1.9,1.94,1.79,3.4,3.6,2.05,3.1,3.6,2.15,,,,3.44,3.74,2.13,,,,,,,3.4,3.7,2.15,3.25,3.61,2.09,1.67,2.2,1.68,2.32,1.68,2.2,1.65,2.18,0.25,2.05,1.8,2.07,1.86,2.05,1.84,1.97,1.76,2025,Football-Data.co.uk,https://www.football-data.co.uk/mmz4281/2526/D1.csv,,,,,,,3.35,3.7,2.26,1.73,2.3,2.02,1.97,,,,,,,3.5,3.75,2.2,1.68,2.38,2.06,1.92,3.2,3.6,2.15,3.3,3.7,2.08,3.0,3.5,2.1,3.1,3.6,2.15,3.1,3.6,2.15,3.4,3.6,2.05,3.3,3.7,2.08,3.2,3.6,2.1,3.1,3.6,2.15,3.1,3.6,2.15,2025-11-22,fc heidenheim,borussia m gladbach,market_average_open,3.14,3.58,2.14,market_average_close,3.25,3.61,2.09,market_average_close,3.25,3.61,2.09,closing,0.3076923076923077,0.2770083102493075,0.47846889952153115,1.0631695174631464,0.28941039282851105,0.26054952262954595,0.450040084541943,0.549959915458057,0.710589607171489,0.739450477370454,1.818314338722502,1.4072820512820512,1.3523556081214272,A,0
D1,2025-11-22,14:30,Wolfsburg,Leverkusen,1,3,A,0.0,3.0,A,21.0,7.0,10.0,3.0,12.0,7.0,9.0,1.0,2.0,1.0,0.0,0.0,3.5,3.75,2.0,3.4,3.75,2.0,,,,3.59,3.82,2.02,,,,,,,3.6,3.85,2.0,3.43,3.71,1.98,1.62,2.3,1.63,2.38,1.62,2.3,1.6,2.26,0.5,1.85,2.0,1.88,2.03,1.85,2.0,1.81,1.95,3.4,3.8,2.0,3.4,3.8,2.0,,,,3.56,3.92,2.03,,,,,,,3.45,3.95,2.05,3.37,3.81,2.0,1.5,2.63,1.52,2.64,1.53,2.7,1.5,2.51,0.5,1.85,2.0,1.88,2.04,1.85,2.05,1.81,1.96,2025,Football-Data.co.uk,https://www.football-data.co.uk/mmz4281/2526/D1.csv,,,,,,,3.65,3.9,2.08,1.64,2.46,1.89,2.08,,,,,,,3.7,3.95,2.08,1.56,2.74,1.9,2.1,3.5,3.75,2.0,3.5,3.85,1.97,3.3,3.6,1.93,3.4,3.75,2.0,3.3,3.75,2.0,3.4,3.75,2.0,3.45,3.95,1.97,3.25,3.9,2.0,3.4,3.8,2.0,3.4,3.75,2.0,2025-11-22,wolfsburg,bayer leverkusen,market_average_open,3.43,3.71,1.98,market_average_close,3.37,3.81,2.0,market_average_close,3.37,3.81,2.0,closing,0.29673590504451036,0.26246719160104987,0.5,1.0592030966455601,0.28015014871487554,0.24779685070055923,0.47205300058456534,0.5279469994154348,0.7198498512851246,0.7522031492994409,1.8941295264623954,1.3891785880273955,1.3294280952311128,A,0
D1,2025-11-22,17:30,FC Koln,Ein Frankfurt,3,4,A,1.0,2.0,A,11.0,11.0,5.0,7.0,6.0,5.0,3.0,3.0,0.0,0.0,0.0,0.0,3.0,3.75,2.2,2.87,3.75,2.25,,,,3.1,3.79,2.23,,,,,,,3.05,4.2,2.25,2.91,3.77,2.19,1.53,2.5,1.52,2.58,1.53,2.5,1.5,2.49,0.25,1.93,1.93,1.94,1.96,1.93,1.93,1.88,1.85,2.7,3.6,2.4,2.7,3.6,2.4,,,,2.83,3.67,2.49,,,,,,,2.8,3.75,2.45,2.7,3.6,2.41,1.57,2.38,1.57,2.48,1.61,2.5,1.55,2.38,0.0,2.05,1.8,2.1,1.84,2.05,1.83,2.0,1.77,2025,Football-Data.co.uk,https://www.football-data.co.uk/mmz4281/2526/D1.csv,,,,,,,3.15,4.0,2.28,1.55,2.7,1.97,1.99,,,,,,,2.9,3.7,2.58,1.61,2.58,2.11,1.88,3.0,3.75,2.2,3.05,3.8,2.18,2.8,3.6,2.15,2.87,3.75,2.25,2.87,3.7,2.25,2.75,3.6,2.4,2.65,3.75,2.45,2.7,3.7,2.38,2.7,3.6,2.4,2.7,3.6,2.4,2025-11-22,fc cologne,eintracht frankfurt,market_average_open,2.91,3.77,2.19,market_average_close,2.7,3.6,2.41,market_average_close,2.7,3.6,2.41,closing,0.37037037037037035,0.2777777777777778,0.41493775933609955,1.0630859074842478,0.34839176002891215,0.2612938200216841,0.39031441994940363,0.6096855800505963,0.6516082399710877,0.7387061799783158,1.6401896858328395,1.5346644481419858,1.3537181996086107,A,0
D1,2025-11-23,14:30,RB Leipzig,Werder Bremen,2,0,H,0.0,0.0,D,22.0,15.0,13.0,6.0,5.0,7.0,13.0,7.0,1.0,2.0,0.0,0.0,1.45,5.0,6.0,1.46,5.0,5.75,,,,1.45,5.25,6.38,,,,,,,1.46,5.25,6.33,1.43,5.0,5.94,1.33,3.4,1.34,3.34,1.33,3.4,1.32,3.24,-1.25,1.88,1.98,1.89,2.01,1.88,1.98,1.84,1.92,1.53,4.75,5.25,1.51,4.8,5.25,,,,1.55,4.82,5.6,,,,,,,1.55,5.0,5.75,1.51,4.72,5.34,1.33,3.4,1.35,3.3,1.33,3.4,1.33,3.22,-1.0,1.83,2.03,1.86,2.08,1.85,2.05,1.78,2.01,2025,Football-Data.co.uk,https://www.football-data.co.uk/mmz4281/2526/D1.csv,,,,,,,1.47,5.4,6.8,1.37,3.5,1.91,2.02,,,,,,,1.58,5.1,5.8,1.38,3.55,1.88,2.09,1.44,5.0,6.0,1.43,5.25,6.1,1.4,4.75,5.75,1.44,5.0,5.75,1.44,5.0,5.75,1.5,5.0,5.5,1.52,4.6,5.75,1.5,4.8,5.25,1.5,4.8,5.25,1.5,4.8,5.25,2025-11-23,rasenballsport leipzig,werder bremen,market_average_open,1.43,5.0,5.94,market_average_close,1.51,4.72,5.34,market_average_close,1.51,4.72,5.34,closing,0.6622516556291391,0.21186440677966104,0.18726591760299627,1.0613819800117965,0.6239522321848526,0.19961183699134058,0.17643593082380665,0.8235640691761932,0.37604776781514726,0.8003881630086593,1.2142346144366094,2.659236633181046,1.2493937894346159,H,1
D1,2025-11-23,16:30,St Pauli,Union Berlin,0,1,A,0.0,1.0,A,12.0,8.0,3.0,3.0,10.0,8.0,8.0,2.0,1.0,1.0,0.0,0.0,2.45,3.3,2.9,2.4,3.25,2.95,,,,2.54,3.29,2.98,,,,,,,2.5,3.3,3.0,2.43,3.21,2.91,2.1,1.73,2.19,1.73,2.15,1.73,2.1,1.69,0.0,1.78,2.1,1.81,2.12,1.78,2.1,1.73,2.03,2.63,3.0,2.9,2.6,3.0,2.95,,,,2.76,3.04,2.97,,,,,,,2.7,3.1,3.0,2.63,2.97,2.9,2.63,1.5,2.55,1.55,2.63,1.53,2.46,1.52,0.0,1.83,2.03,1.89,2.04,1.84,2.03,1.81,1.96,2025,Football-Data.co.uk,https://www.football-data.co.uk/mmz4281/2526/D1.csv,,,,,,,2.66,3.3,3.05,2.22,1.78,1.85,2.12,,,,,,,2.76,3.1,3.1,2.6,1.6,1.88,2.11,2.4,3.2,3.0,2.43,3.3,2.95,2.4,3.13,2.75,2.45,3.25,2.9,2.4,3.25,2.9,2.6,3.0,3.0,2.7,2.95,2.9,2.6,3.1,2.8,2.62,3.0,2.9,2.6,3.0,2.9,2025-11-23,st pauli,union berlin,market_average_open,2.43,3.21,2.91,market_average_close,2.63,2.97,2.9,market_average_close,2.63,2.97,2.9,closing,0.3802281368821293,0.33670033670033667,0.3448275862068966,1.0617560597893625,0.3581125187621357,0.3171164728432379,0.32477100839462647,0.6752289916053735,0.6418874812378643,0.6828835271567621,1.480979064039409,1.5579054417318194,1.4643785656443882,H,0
D1,2025-11-28,19:30,M'gladbach,RB Leipzig,0,0,D,0.0,0.0,D,8.0,20.0,1.0,4.0,9.0,9.0,5.0,6.0,0.0,3.0,0.0,0.0,2.88,3.7,2.3,2.85,3.8,2.25,,,,2.92,3.91,2.32,,,,,,,2.95,3.95,2.3,2.84,3.8,2.24,1.44,2.75,1.46,2.78,1.45,2.88,1.42,2.72,0.25,1.85,2.0,1.88,2.05,1.85,22.0,1.82,4.1,2.8,3.75,2.25,2.85,3.8,2.25,,,,2.92,3.84,2.35,,,,,,,2.88,3.9,2.33,2.81,3.76,2.27,1.5,2.63,1.49,2.68,1.5,2.8,1.44,2.68,0.25,1.83,2.03,1.87,2.07,1.83,2.03,1.79,1.89,2025,Football-Data.co.uk,https://www.football-data.co.uk/mmz4281/2526/D1.csv,,,,,,,3.0,4.0,2.36,1.49,2.98,1.92,2.06,,,,,,,2.98,4.1,2.36,1.51,2.92,1.92,2.07,2.75,3.75,2.3,2.95,3.95,2.2,2.8,3.9,2.2,2.87,3.8,2.25,2.87,3.8,2.25,2.8,3.75,2.3,2.85,3.9,2.25,2.75,3.9,2.25,2.87,3.8,2.25,2.8,3.75,2.25,2025-11-28,borussia m gladbach,rasenballsport leipzig,market_average_open,2.84,3.8,2.24,market_average_close,2.81,3.76,2.27,market_average_close,2.81,3.76,2.27,closing,0.35587188612099646,0.26595744680851063,0.44052863436123346,1.0623579672907404,0.3349830255695756,0.25034635687513496,0.4146706175552896,0.5853293824447106,0.6650169744304246,0.7496536431248653,1.7084397776570848,1.5037210153266876,1.3339493633774497,A,0
D1,2025-11-29,14:30,Bayern Munich,St Pauli,3,1,H,1.0,1.0,D,19.0,10.0,4.0,1.0,5.0,8.0,10.0,2.0,1.0,1.0,0.0,0.0,1.1,10.0,21.0,1.11,10.5,20.0,,,,1.1,10.2,29.77,,,,,,,1.11,11.0,26.0,1.09,9.91,21.25,1.25,4.0,,,1.29,4.0,1.24,3.8,-2.5,1.83,2.03,1.82,2.03,1.9,2.03,1.81,1.94,1.1,10.0,21.0,1.12,9.75,20.0,,,,1.12,11.0,23.0,,,,,,,1.13,10.0,26.0,1.11,9.52,20.94,1.29,3.75,1.31,3.53,1.29,3.75,1.28,3.56,-2.5,1.98,1.88,1.99,1.92,1.98,1.94,1.89,1.87,2025,Football-Data.co.uk,https://www.football-data.co.uk/mmz4281/2526/D1.csv,,,,,,,1.12,12.0,32.0,1.28,4.3,1.85,2.12,,,,,,,1.14,11.0,26.0,1.33,3.95,2.02,1.96,1.09,10.0,21.0,1.1,10.5,21.0,1.07,9.0,18.0,1.11,11.0,19.0,1.11,10.0,19.0,1.11,9.0,21.0,1.1,10.0,23.0,1.1,9.5,20.0,1.12,9.5,19.0,1.12,9.5,19.0,2025-11-29,bayern munich,st pauli,market_average_open,1.09,9.91,21.25,market_average_close,1.11,9.52,20.94,market_average_close,1.11,9.52,20.94,closing,0.9009009009009008,0.10504201680672269,0.04775549188156638,1.05369840958919,0.8549893334774407,0.09968888236974362,0.04532178415281563,0.9546782158471843,0.14501066652255926,0.9003111176302563,1.0474733616002718,6.896044435768664,1.1107271480020582,H,1
D1,2025-11-29,14:30,Hoffenheim,Augsburg,3,0,H,3.0,0.0,H,17.0,14.0,3.0,4.0,17.0,9.0,7.0,2.0,1.0,0.0,0.0,0.0,1.67,4.33,4.5,1.7,4.1,4.4,,,,1.68,4.5,4.6,,,,,,,1.7,4.4,4.75,1.67,4.18,4.44,1.53,2.5,1.55,2.57,1.55,2.5,1.53,2.41,-0.75,1.83,2.03,1.85,2.07,1.86,22.0,1.82,4.46,1.73,4.2,4.2,1.72,4.0,4.4,,,,1.77,4.13,4.5,,,,,,,1.73,4.2,4.6,1.71,4.03,4.4,1.57,2.38,1.6,2.45,1.57,2.5,1.54,2.42,-0.75,1.93,1.93,1.98,1.94,1.93,1.93,1.87,1.9,2025,Football-Data.co.uk,https://www.football-data.co.uk/mmz4281/2526/D1.csv,,,,,,,1.72,4.4,5.0,1.59,2.62,1.89,2.08,,,,,,,1.78,4.3,4.8,1.6,2.62,1.97,2.01,1.67,4.0,4.6,1.68,4.35,4.4,1.6,4.0,4.4,1.7,4.2,4.4,1.7,4.0,4.4,1.7,4.0,4.5,1.71,4.0,4.6,1.7,4.1,4.33,1.73,4.0,4.4,1.7,4.0,4.33,2025-11-29,hoffenheim,augsburg,market_average_open,1.67,4.18,4.44,market_average_close,1.71,4.03,4.4,market_average_close,1.71,4.03,4.4,closing,0.5847953216374269,0.24813895781637715,0.22727272727272727,1.0602070067265312,0.5515859807822119,0.23404764941379214,0.214366369803996,0.7856336301960041,0.4484140192177881,0.7659523505862079,1.2728579347481785,2.2300819268416197,1.3055642419984324,H,1
D1,2025-11-29,14:30,Union Berlin,Heidenheim,1,2,A,1.0,0.0,H,9.0,10.0,2.0,2.0,13.0,10.0,5.0,5.0,3.0,2.0,0.0,0.0,1.67,4.0,5.0,1.68,3.8,4.8,,,,1.66,4.05,5.34,,,,,,,1.7,4.1,5.33,1.64,3.87,5.02,1.93,1.93,1.95,1.93,1.93,2.0,1.85,1.91,-0.75,1.83,2.03,1.86,2.05,1.83,22.0,1.78,4.5,1.6,3.8,6.25,1.61,3.8,5.75,,,,1.56,4.09,6.63,,,,,,,1.62,4.0,6.6,1.58,3.84,6.0,2.1,1.73,2.09,1.81,2.1,1.78,2.05,1.73,-1.0,2.05,1.8,1.99,1.93,2.05,1.83,2.0,1.79,2025,Football-Data.co.uk,https://www.football-data.co.uk/mmz4281/2526/D1.csv,,,,,,,1.7,4.1,5.8,1.97,1.97,1.93,2.05,,,,,,,1.65,4.0,6.6,2.16,1.82,2.05,1.94,1.67,3.75,5.0,1.61,4.1,5.3,1.6,3.7,4.8,1.7,3.8,4.8,1.67,3.8,4.8,1.57,3.75,6.5,1.58,4.0,6.0,1.57,3.8,6.0,1.61,3.8,5.75,1.6,3.8,5.75,2025-11-29,union berlin,fc heidenheim,market_average_open,1.64,3.87,5.02,market_average_close,1.58,3.84,6.0,market_average_close,1.58,3.84,6.0,closing,0.6329113924050632,0.2604166666666667,0.16666666666666666,1.0599947257383966,0.5970891901977857,0.24567732305013062,0.1572334867520836,0.8427665132479163,0.4029108098022142,0.7543226769498693,1.186568265682657,2.4819388700216116,1.3256926121372032,H,1
D1,2025-11-29,14:30,Werder Bremen,FC Koln,1,1,D,1.0,0.0,H,17.0,10.0,4.0,2.0,11.0,11.0,4.0,0.0,2.0,4.0,1.0,0.0,2.25,3.8,2.9,2.25,3.8,2.87,,,,2.28,3.9,2.96,,,,,,,2.25,3.85,3.0,2.21,3.74,2.89,1.53,2.5,1.56,2.52,1.55,2.5,1.52,2.44,-0.25,1.98,1.88,2.01,1.9,1.98,22.0,1.92,4.38,2.15,3.8,3.0,2.2,3.7,3.0,,,,2.25,3.83,3.1,,,,,,,2.22,3.8,3.14,2.18,3.71,2.99,1.57,2.38,1.56,2.55,1.57,2.5,1.54,2.41,-0.25,1.88,1.98,1.98,1.94,1.91,1.98,1.88,1.89,2025,Football-Data.co.uk,https://www.football-data.co.uk/mmz4281/2526/D1.csv,,,,,,,2.34,3.9,3.1,1.6,2.58,2.04,1.94,,,,,,,2.28,3.85,3.25,1.59,2.62,2.0,1.99,2.2,3.6,3.0,2.18,3.85,2.95,2.15,3.6,2.8,2.25,3.8,2.9,2.2,3.75,2.87,2.2,3.6,3.0,2.2,3.8,3.0,2.15,3.75,3.0,2.2,3.7,3.0,2.2,3.6,3.0,2025-11-29,werder bremen,fc cologne,market_average_open,2.21,3.74,2.89,market_average_close,2.18,3.71,2.99,market_average_close,2.18,3.71,2.99,closing,0.4587155963302752,0.2695417789757412,0.33444816053511706,1.0627055358411335,0.43164882543610816,0.25363731521582633,0.3147138593480655,0.6852861406519345,0.5683511745638918,0.7463626847841737,1.4592444537819897,1.759475557989867,1.3398311844718909,H,0
D1,2025-11-29,17:30,Leverkusen,Dortmund,1,2,A,0.0,1.0,A,14.0,7.0,4.0,4.0,7.0,9.0,10.0,3.0,3.0,4.0,0.0,0.0,2.55,3.6,2.63,2.5,3.7,2.6,,,,2.54,3.77,2.67,,,,,,,2.55,3.75,2.66,2.47,3.62,2.59,1.57,2.38,1.6,2.43,1.6,2.4,1.56,2.35,0.0,1.88,1.98,1.9,2.0,1.88,22.0,1.83,5.27,2.7,3.6,2.45,2.6,3.6,2.5,,,,2.77,3.61,2.57,,,,,,,2.75,3.7,2.6,2.66,3.54,2.49,1.57,2.38,1.61,2.44,1.62,2.45,1.57,2.34,0.0,2.03,1.83,2.04,1.89,2.03,1.85,1.95,1.82,2025,Football-Data.co.uk,https://www.football-data.co.uk/mmz4281/2526/D1.csv,,,,,,,2.68,3.8,2.74,1.61,2.52,1.97,2.01,,,,,,,2.84,3.7,2.64,1.62,2.58,2.04,1.93,2.5,3.6,2.63,2.48,3.7,2.63,2.4,3.5,2.5,2.5,3.7,2.6,2.5,3.6,2.6,2.63,3.6,2.5,2.7,3.4,2.6,2.6,3.7,2.45,2.62,3.6,2.5,2.6,3.6,2.5,2025-11-29,bayer leverkusen,dortmund,market_average_open,2.47,3.62,2.59,market_average_close,2.66,3.54,2.49,market_average_close,2.66,3.54,2.49,closing,0.37593984962406013,0.2824858757062147,0.4016064257028112,1.060032151033086,0.3546494785631518,0.2664880262649672,0.37886249517188103,0.621137504828119,0.6453505214368482,0.7335119737350329,1.6099494753206371,1.549545505554932,1.3633042619713673,A,0
D1,2025-11-30,14:30,Hamburg,Stuttgart,2,1,H,1.0,0.0,H,9.0,14.0,2.0,3.0,16.0,12.0,4.0,6.0,2.0,4.0,1.0,0.0,3.0,3.75,2.2,3.0,3.7,2.2,,,,3.17,3.76,2.21,,,,,,,3.1,3.8,2.2,3.02,3.68,2.15,1.53,2.5,1.56,2.52,1.55,2.5,1.53,2.42,0.25,1.93,1.93,1.97,1.93,1.93,22.0,1.9,4.06,2.7,3.5,2.45,2.7,3.5,2.45,,,,2.85,3.55,2.53,,,,,,,2.8,3.6,2.5,2.73,3.51,2.43,1.67,2.2,1.7,2.26,1.67,2.4,1.63,2.23,0.0,2.03,1.83,2.09,1.85,2.03,1.83,1.97,1.8,2025,Football-Data.co.uk,https://www.football-data.co.uk/mmz4281/2526/D1.csv,,,,,,,3.3,3.9,2.22,1.6,2.58,2.02,1.93,,,,,,,2.94,3.6,2.58,1.72,2.32,2.13,1.88,3.1,3.6,2.15,3.1,3.8,2.14,2.9,3.6,2.1,3.0,3.7,2.2,3.0,3.7,2.2,2.75,3.5,2.4,2.8,3.6,2.4,2.63,3.6,2.45,2.7,3.5,2.45,2.7,3.5,2.45,2025-11-30,hamburger sv,vfb stuttgart,market_average_open,3.02,3.68,2.15,market_average_close,2.73,3.51,2.43,market_average_close,2.73,3.51,2.43,closing,0.3663003663003663,0.2849002849002849,0.4115226337448559,1.062723284945507,0.3446808510638298,0.2680851063829788,0.3872340425531915,0.6127659574468085,0.6553191489361703,0.7319148936170212,1.6319444444444444,1.5259740259740258,1.366279069767442,A,0
D1,2025-11-30,16:30,Ein Frankfurt,Wolfsburg,1,1,D,0.0,0.0,D,15.0,10.0,3.0,3.0,7.0,9.0,14.0,1.0,1.0,4.0,0.0,0.0,1.73,4.2,4.2,1.7,4.33,4.33,,,,1.75,4.28,4.33,,,,,,,1.75,4.33,4.35,1.7,4.17,4.22,1.5,2.63,1.51,2.61,1.5,2.7,1.46,2.61,-0.75,1.93,1.93,1.95,1.95,1.93,22.0,1.87,4.41,1.95,3.9,3.5,1.9,3.9,3.6,,,,1.97,3.98,3.7,,,,,,,1.96,4.0,3.75,1.92,3.87,3.55,1.5,2.63,1.52,2.61,1.5,2.7,1.48,2.57,-0.5,1.98,1.88,1.98,1.94,1.98,2.3,1.82,1.97,2025,Football-Data.co.uk,https://www.football-data.co.uk/mmz4281/2526/D1.csv,,,,,,,1.82,4.2,4.5,1.54,2.74,2.02,1.94,,,,,,,2.0,4.0,3.9,1.56,2.76,2.0,1.99,1.7,4.2,4.33,1.71,4.25,4.3,1.67,4.0,4.0,1.7,4.33,4.33,1.7,4.2,4.2,1.95,3.75,3.5,1.86,4.0,3.75,1.95,3.9,3.4,1.91,3.9,3.6,1.91,3.8,3.6,2025-11-30,eintracht frankfurt,wolfsburg,market_average_open,1.7,4.17,4.22,market_average_close,1.92,3.87,3.55,market_average_close,1.92,3.87,3.55,closing,0.5208333333333334,0.25839793281653745,0.28169014084507044,1.0609214069949413,0.49092546337489146,0.2435599198138996,0.2655146168112089,0.7344853831887911,0.5090745366251085,0.7564400801861004,1.3614974823031454,1.9643488881401618,1.3219817751512832,H,0
D1,2025-11-30,18:30,Freiburg,Mainz,4,0,H,2.0,0.0,H,23.0,1.0,10.0,1.0,9.0,12.0,6.0,2.0,0.0,2.0,0.0,1.0,1.91,3.4,4.2,1.95,3.5,3.8,,,,1.93,3.55,4.27,,,,,,,1.95,3.5,4.2,1.91,3.43,3.95,2.0,1.8,2.02,1.88,2.0,1.83,1.95,1.8,-0.5,1.93,1.93,1.93,1.97,1.93,1.93,1.88,1.87,1.73,3.75,4.5,1.77,3.7,4.5,,,,1.75,3.8,5.09,,,,,,,1.77,3.8,5.0,1.73,3.7,4.64,1.73,2.1,1.78,2.12,1.77,2.15,1.72,2.08,-0.75,1.98,1.88,1.98,1.94,1.98,1.88,1.92,1.85,2025,Football-Data.co.uk,https://www.football-data.co.uk/mmz4281/2526/D1.csv,,,,,,,1.97,3.6,4.4,2.04,1.9,1.97,2.01,,,,,,,1.81,3.9,5.1,1.83,2.18,2.04,1.95,1.95,3.4,4.0,1.92,3.4,3.95,1.85,3.4,3.8,1.95,3.5,3.8,1.95,3.4,3.8,1.73,3.75,4.5,1.72,3.75,4.9,1.73,3.7,4.6,1.75,3.7,4.5,1.75,3.7,4.5,2025-11-30,freiburg,mainz 05,market_average_open,1.91,3.43,3.95,market_average_close,1.73,3.7,4.64,market_average_close,1.73,3.7,4.64,closing,0.5780346820809249,0.27027027027027023,0.21551724137931036,1.0638221937305055,0.543356479576658,0.2540558674777346,0.2025876529456074,0.7974123470543926,0.456643520423342,0.7459441325222654,1.2540563281894965,2.1898920170222205,1.3405829691543976,H,1
D1,2025-12-05,19:30,Mainz,M'gladbach,0,1,A,0.0,0.0,D,8.0,14.0,2.0,5.0,12.0,4.0,8.0,6.0,2.0,1.0,0.0,0.0,2.55,3.4,2.63,2.45,3.4,2.75,,,,2.68,3.55,2.69,,,,,,,2.63,3.5,2.75,2.55,3.41,2.65,1.73,2.1,1.76,2.18,1.75,2.15,1.7,2.1,0.0,1.93,1.93,1.96,1.96,1.93,1.94,1.87,1.89,2.7,3.3,2.5,2.65,3.4,2.6,,,,2.72,3.48,2.68,,,,,,,2.75,3.5,2.6,2.67,3.38,2.54,1.73,2.1,1.77,2.13,1.75,2.14,1.7,2.09,0.0,2.0,1.85,1.98,1.94,2.0,1.85,1.94,1.82,2025,Football-Data.co.uk,https://www.football-data.co.uk/mmz4281/2526/D1.csv,,,,,,,2.68,3.65,2.78,1.78,2.26,1.95,2.02,,,,,,,2.84,3.55,2.72,1.81,2.18,2.02,1.96,2.6,3.4,2.6,2.6,3.35,2.7,2.55,3.5,2.55,2.45,3.4,2.75,2.45,3.4,2.75,2.75,3.4,2.5,2.75,3.35,2.55,2.6,3.5,2.5,2.62,3.4,2.6,2.62,3.4,2.6,2025-12-05,mainz 05,borussia m gladbach,market_average_open,2.55,3.41,2.65,market_average_close,2.67,3.38,2.54,market_average_close,2.67,3.38,2.54,closing,0.37453183520599254,0.2958579881656805,0.39370078740157477,1.0640906107732477,0.35197363026615724,0.2780383410682366,0.3699880286656062,0.6300119713343939,0.6480263697338429,0.7219616589317635,1.5872714257825207,1.5431470796639335,1.3851151063612306,A,0
D1,2025-12-06,14:30,Augsburg,Leverkusen,2,0,H,2.0,0.0,H,13.0,20.0,6.0,2.0,12.0,6.0,5.0,7.0,4.0,3.0,0.0,0.0,3.7,4.0,1.9,3.7,3.8,1.9,,,,3.82,3.94,1.93,,,,,,,3.8,4.0,1.91,3.68,3.8,1.88,1.62,2.3,1.64,2.35,1.62,2.38,1.58,2.31,0.5,1.95,1.9,1.97,1.93,1.98,1.9,1.93,1.83,3.4,3.7,2.05,3.25,3.6,2.1,,,,3.57,3.48,2.17,,,,,,,3.45,3.7,2.15,3.33,3.56,2.08,1.67,2.2,1.74,2.21,1.68,2.25,1.65,2.18,0.25,2.05,1.8,2.05,1.88,2.05,1.81,2.0,1.74,2025,Football-Data.co.uk,https://www.football-data.co.uk/mmz4281/2526/D1.csv,,,,,,,4.0,4.0,1.96,1.66,2.44,2.02,1.96,,,,,,,3.6,3.65,2.2,1.74,2.3,2.09,1.89,3.75,3.75,1.9,3.7,3.85,1.91,3.5,3.7,1.83,3.7,3.8,1.91,3.7,3.8,1.91,3.3,3.6,2.1,3.45,3.6,2.06,3.3,3.6,2.05,3.25,3.7,2.1,3.25,3.6,2.1,2025-12-06,augsburg,bayer leverkusen,market_average_open,3.68,3.8,1.88,market_average_close,3.33,3.56,2.08,market_average_close,3.33,3.56,2.08,closing,0.3003003003003003,0.2808988764044944,0.4807692307692307,1.0619684074740254,0.2827770564423738,0.2645077522340182,0.452715191323608,0.547284808676392,0.7172229435576262,0.7354922477659818,1.8272021882326672,1.3942666070325647,1.3596336372510334,A,0
D1,2025-12-06,14:30,FC Koln,St Pauli,1,1,D,0.0,0.0,D,11.0,5.0,8.0,1.0,6.0,6.0,5.0,4.0,0.0,1.0,0.0,0.0,1.95,3.6,3.8,1.98,3.6,3.6,,,,1.99,3.69,3.82,,,,,,,2.0,3.66,3.8,1.95,3.55,3.68,1.91,1.91,1.94,1.94,1.91,2.0,1.83,1.93,-0.5,1.98,1.88,2.0,1.9,1.98,1.9,1.91,1.85,2.0,3.4,3.75,1.95,3.6,3.7,,,,2.05,3.56,3.85,,,,,,,2.02,3.6,3.8,1.99,3.47,3.7,1.98,1.88,1.93,1.95,1.98,1.94,1.89,1.87,-0.5,2.03,1.83,2.06,1.87,2.03,1.9,1.94,1.83,2025,Football-Data.co.uk,https://www.football-data.co.uk/mmz4281/2526/D1.csv,,,,,,,2.02,3.8,4.0,1.96,2.0,2.02,1.94,,,,,,,2.08,3.65,4.0,1.95,2.02,2.08,1.9,1.95,3.5,3.75,1.95,3.6,3.8,1.91,3.4,3.5,2.0,3.6,3.6,1.95,3.6,3.6,2.0,3.5,3.6,2.0,3.45,3.8,2.0,3.5,3.6,1.95,3.6,3.7,1.95,3.5,3.7,2025-12-06,fc cologne,st pauli,market_average_open,1.95,3.55,3.68,market_average_close,1.99,3.47,3.7,market_average_close,1.99,3.47,3.7,closing,0.5025125628140703,0.2881844380403458,0.27027027027027023,1.0609672711246863,0.4736362529650685,0.271624248818584,0.2547394982163476,0.7452605017836524,0.5263637470349316,0.7283757511814162,1.3418126918126916,1.8998268889776635,1.3729177534782189,H,0
D1,2025-12-06,14:30,Heidenheim,Freiburg,2,1,H,0.0,1.0,A,16.0,16.0,3.0,2.0,11.0,10.0,8.0,6.0,2.0,1.0,0.0,0.0,3.9,3.6,1.91,3.8,3.5,1.95,,,,4.03,3.65,1.95,,,,,,,3.9,3.65,2.0,3.8,3.51,1.93,1.91,1.91,1.93,1.96,1.91,1.92,1.85,1.9,0.5,1.93,1.93,1.94,1.96,1.93,1.95,1.86,1.9,4.75,3.6,1.75,4.5,3.6,1.8,,,,4.97,3.68,1.79,,,,,,,4.75,3.6,1.84,4.6,3.51,1.79,2.1,1.73,2.13,1.78,2.12,1.76,2.05,1.74,0.75,1.83,2.03,1.88,2.05,1.83,2.07,1.77,2.02,2025,Football-Data.co.uk,https://www.football-data.co.uk/mmz4281/2526/D1.csv,,,,,,,4.2,3.7,2.02,1.95,2.0,1.98,2.02,,,,,,,5.2,3.65,1.86,2.18,1.81,1.88,2.12,3.75,3.5,1.95,3.8,3.65,1.95,3.75,3.4,1.85,3.8,3.5,1.95,3.8,3.5,1.95,4.6,3.5,1.8,4.7,3.4,1.82,4.75,3.5,1.75,4.5,3.6,1.8,4.4,3.6,1.8,2025-12-06,fc heidenheim,freiburg,market_average_open,3.8,3.51,1.93,market_average_close,4.6,3.51,1.79,market_average_close,4.6,3.51,1.79,closing,0.2173913043478261,0.2849002849002849,0.5586592178770949,1.0609508071252058,0.20490234126582943,0.2685329828555029,0.5265646758786677,0.4734353241213324,0.7950976587341707,0.7314670171444971,2.112220928710675,1.2577071369975388,1.3671156409810556,A,0
D1,2025-12-06,14:30,Stuttgart,Bayern Munich,0,5,A,0.0,1.0,A,13.0,19.0,1.0,11.0,6.0,11.0,3.0,4.0,2.0,4.0,1.0,0.0,5.75,5.0,1.45,5.25,5.25,1.5,,,,5.4,5.21,1.51,,,,,,,6.0,5.33,1.5,5.43,5.0,1.47,1.33,3.4,1.36,3.28,1.35,3.4,1.33,3.23,1.25,1.88,1.98,1.9,2.0,1.89,1.98,1.86,1.92,4.5,4.75,1.62,4.33,4.75,1.63,,,,4.76,4.71,1.63,,,,,,,5.5,4.8,1.65,4.7,4.67,1.58,1.3,3.5,1.34,3.37,1.32,3.6,1.3,3.39,1.0,1.88,1.98,1.93,2.0,2.02,1.98,1.91,1.87,2025,Football-Data.co.uk,https://www.football-data.co.uk/mmz4281/2526/D1.csv,,,,,,,5.8,5.4,1.54,1.37,3.6,1.92,2.04,,,,,,,5.2,4.8,1.65,1.35,3.75,1.98,1.98,5.5,5.0,1.44,6.0,5.0,1.46,5.25,4.6,1.44,5.25,5.25,1.5,5.0,5.0,1.5,4.6,4.6,1.6,5.5,4.7,1.52,4.6,4.75,1.57,4.33,4.8,1.65,4.2,4.6,1.61,2025-12-06,vfb stuttgart,bayern munich,market_average_open,5.43,5.0,1.47,market_average_close,4.7,4.67,1.58,market_average_close,4.7,4.67,1.58,closing,0.2127659574468085,0.21413276231263384,0.6329113924050632,1.0598101121645056,0.20075856514735974,0.20204823473074748,0.5971932001218928,0.4028067998781072,0.7992414348526403,0.7979517652692525,2.482579738729854,1.2511863829787233,1.253208581677328,A,0
D1,2025-12-06,14:30,Wolfsburg,Union Berlin,3,1,H,2.0,0.0,H,4.0,21.0,3.0,6.0,13.0,10.0,0.0,11.0,4.0,1.0,0.0,0.0,2.15,3.4,3.5,2.1,3.5,3.4,,,,2.17,3.44,3.53,,,,,,,2.16,3.55,3.5,2.1,3.41,3.38,1.93,1.93,1.96,1.93,1.94,1.94,1.87,1.88,-0.25,1.85,2.0,1.88,2.03,1.85,2.02,1.81,1.97,1.95,3.5,3.8,2.0,3.5,3.7,,,,2.04,3.51,3.95,,,,,,,2.05,3.5,3.9,2.0,3.45,3.68,1.95,1.9,1.97,1.93,1.95,1.92,1.89,1.88,-0.5,2.03,1.83,2.05,1.88,2.2,1.84,2.03,1.76,2025,Football-Data.co.uk,https://www.football-data.co.uk/mmz4281/2526/D1.csv,,,,,,,2.28,3.55,3.55,1.97,2.0,1.95,2.03,,,,,,,2.08,3.6,4.0,2.0,1.95,2.08,1.91,2.1,3.4,3.4,2.08,3.55,3.45,2.05,3.3,3.2,2.1,3.5,3.4,2.1,3.5,3.3,2.05,3.4,3.6,2.04,3.45,3.65,2.0,3.5,3.6,2.0,3.5,3.7,2.0,3.5,3.6,2025-12-06,wolfsburg,union berlin,market_average_open,2.1,3.41,3.38,market_average_close,2.0,3.45,3.68,market_average_close,2.0,3.45,3.68,closing,0.5,0.2898550724637681,0.2717391304347826,1.0615942028985508,0.4709897610921501,0.27303754266211605,0.25597269624573377,0.7440273037542662,0.5290102389078498,0.7269624573378839,1.3440366972477065,1.8903225806451613,1.375586854460094,H,0
D1,2025-12-06,17:30,RB Leipzig,Ein Frankfurt,6,0,H,2.0,0.0,H,16.0,8.0,7.0,2.0,9.0,17.0,4.0,0.0,1.0,2.0,0.0,0.0,1.73,4.2,4.2,1.75,4.2,4.0,,,,1.79,4.24,4.13,,,,,,,1.75,4.25,4.2,1.73,4.13,4.06,1.44,2.75,1.46,2.76,1.45,2.85,1.42,2.73,-0.75,1.95,1.9,2.01,1.89,1.95,1.9,1.9,1.87,1.73,4.0,4.33,1.71,4.1,4.33,,,,1.78,4.1,4.4,,,,,,,1.75,4.2,4.5,1.72,3.99,4.32,1.57,2.38,1.57,2.5,1.57,2.5,1.53,2.43,-0.75,1.95,1.9,2.0,1.93,1.95,1.9,1.9,1.87,2025,Football-Data.co.uk,https://www.football-data.co.uk/mmz4281/2526/D1.csv,,,,,,,1.84,4.2,4.4,1.49,2.92,2.04,1.92,,,,,,,1.82,4.1,4.6,1.6,2.62,2.02,1.95,1.73,4.0,4.2,1.74,4.2,4.2,1.65,4.0,3.8,1.75,4.2,4.0,1.75,4.2,4.0,1.73,4.0,4.33,1.73,4.0,4.5,1.73,4.0,4.2,1.7,4.2,4.33,1.7,4.0,4.33,2025-12-06,rasenballsport leipzig,eintracht frankfurt,market_average_open,1.73,4.13,4.06,market_average_close,1.72,3.99,4.32,market_average_close,1.72,3.99,4.32,closing,0.5813953488372093,0.2506265664160401,0.23148148148148145,1.063503396734731,0.5466793529971455,0.23566127497621311,0.21765937202664126,0.7823406279733587,0.45332064700285435,0.7643387250237867,1.2782156061490564,2.2059440852993037,1.3083204700492956,H,1
D1,2025-12-07,14:30,Hamburg,Werder Bremen,3,2,H,0.0,1.0,A,12.0,10.0,6.0,3.0,8.0,13.0,5.0,3.0,1.0,6.0,0.0,0.0,2.25,3.5,3.0,2.25,3.7,2.9,,,,2.36,3.62,3.0,,,,,,,2.3,3.7,3.1,2.25,3.53,2.96,1.73,2.1,1.73,2.2,1.73,2.28,1.65,2.16,-0.25,2.0,1.85,2.06,1.85,2.0,1.87,1.93,1.83,2.4,3.5,2.88,2.35,3.5,2.9,,,,2.45,3.51,2.99,,,,,,,2.4,3.6,2.9,2.36,3.47,2.87,1.73,2.1,1.77,2.15,1.77,2.12,1.72,2.07,-0.25,2.1,1.78,2.12,1.83,2.1,1.81,2.03,1.76,2025,Football-Data.co.uk,https://www.football-data.co.uk/mmz4281/2526/D1.csv,,,,,,,2.4,3.6,3.05,1.72,2.3,2.09,1.87,,,,,,,2.48,3.55,3.15,1.8,2.2,2.13,1.87,2.25,3.5,3.0,2.23,3.65,3.05,2.2,3.5,2.8,2.25,3.7,2.9,2.25,3.7,2.9,2.38,3.4,2.88,2.4,3.45,2.9,2.38,3.5,2.8,2.3,3.5,2.9,2.3,3.5,2.87,2025-12-07,hamburger sv,werder bremen,market_average_open,2.25,3.53,2.96,market_average_close,2.36,3.47,2.87,market_average_close,2.36,3.47,2.87,closing,0.42372881355932207,0.2881844380403458,0.3484320557491289,1.0603453073487967,0.3996139848242267,0.271783574693134,0.3286024404826393,0.6713975595173607,0.6003860151757734,0.728216425306866,1.4894304958732016,1.6655950916965192,1.3732181330276998,H,0
D1,2025-12-07,16:30,Dortmund,Hoffenheim,2,0,H,1.0,0.0,H,8.0,11.0,4.0,3.0,7.0,9.0,7.0,5.0,0.0,2.0,0.0,0.0,1.62,4.5,4.75,1.57,4.6,4.8,,,,1.63,4.55,4.89,,,,,,,1.65,4.6,5.4,1.58,4.41,4.84,1.5,2.63,1.5,2.64,1.5,2.7,1.47,2.6,-1.0,2.0,1.85,2.03,1.88,2.0,1.95,1.92,1.85,1.62,4.5,4.5,1.62,4.5,4.6,,,,1.65,4.55,4.95,,,,,,,1.64,4.6,5.1,1.6,4.44,4.69,1.4,3.0,1.42,2.93,1.41,3.1,1.39,2.92,-1.0,2.03,1.78,2.06,1.88,2.03,1.92,1.94,1.84,2025,Football-Data.co.uk,https://www.football-data.co.uk/mmz4281/2526/D1.csv,,,,,,,1.63,4.7,5.4,1.52,2.78,2.02,1.92,,,,,,,1.68,4.6,5.3,1.44,3.15,2.09,1.89,1.57,4.33,5.0,1.54,4.6,5.4,1.55,4.1,4.75,1.57,4.6,4.8,1.57,4.6,4.8,1.62,4.33,4.6,1.56,4.6,5.1,1.6,4.5,4.6,1.61,4.5,4.6,1.61,4.5,4.6,2025-12-07,dortmund,hoffenheim,market_average_open,1.58,4.41,4.84,market_average_close,1.6,4.44,4.69,market_average_close,1.6,4.44,4.69,closing,0.625,0.2252252252252252,0.21321961620469082,1.063444841429916,0.5877126632723332,0.2117883471251651,0.20049898960250173,0.7995010103974982,0.4122873367276668,0.7882116528748349,1.250780157867239,2.4254928806133624,1.2686947678998555,H,1
D1,2025-12-12,19:30,Union Berlin,RB Leipzig,3,1,H,0.0,0.0,D,12.0,9.0,6.0,3.0,7.0,8.0,4.0,6.0,2.0,2.0,0.0,0.0,3.2,3.5,2.2,3.2,3.4,2.25,,,,3.27,3.47,2.31,,,,,,,3.5,3.6,2.25,3.22,3.38,2.19,1.98,1.88,2.01,1.89,1.98,2.0,1.89,1.86,0.25,1.9,1.95,1.93,2.0,1.9,1.95,1.88,1.84,3.0,3.4,2.35,2.95,3.3,2.37,,,,3.13,3.51,2.36,,,,,,,3.15,3.4,2.37,3.03,3.32,2.32,2.03,1.83,2.04,1.87,2.03,1.85,1.95,1.81,0.25,1.83,2.03,1.88,2.05,1.85,2.03,1.81,1.92,2025,Football-Data.co.uk,https://www.football-data.co.uk/mmz4281/2526/D1.csv,,,,,,,3.35,3.55,2.36,2.0,1.97,1.95,2.02,,,,,,,3.25,3.55,2.4,2.1,1.89,1.92,2.06,3.25,3.3,2.2,3.3,3.35,2.2,3.13,3.4,2.2,3.2,3.4,2.25,3.1,3.4,2.2,3.1,3.25,2.3,3.0,3.4,2.35,3.0,3.4,2.3,3.0,3.3,2.37,2.9,3.3,2.37,2025-12-12,union berlin,rasenballsport leipzig,market_average_open,3.22,3.38,2.19,market_average_close,3.03,3.32,2.32,market_average_close,3.03,3.32,2.32,closing,0.33003300330033003,0.30120481927710846,0.4310344827586207,1.0622723053360592,0.3106858774746285,0.28354765323738684,0.40576646928798465,0.5942335307120153,0.6893141225253715,0.7164523467626132,1.6828400760249798,1.4507174121667485,1.3957662425402544,A,0
D1,2025-12-13,14:30,Ein Frankfurt,Augsburg,1,0,H,0.0,0.0,D,11.0,12.0,4.0,1.0,14.0,10.0,2.0,6.0,2.0,3.0,0.0,0.0,1.7,4.2,4.33,1.7,4.2,4.33,,,,1.72,4.27,4.51,,,,,,,1.71,4.25,4.6,1.68,4.06,4.39,1.57,2.38,1.61,2.4,1.6,2.43,1.55,2.36,-0.75,1.9,1.95,1.92,1.99,1.9,1.95,1.84,1.92,1.85,3.75,4.0,1.83,3.7,4.1,,,,1.87,3.82,4.29,,,,,,,1.93,3.75,4.33,1.83,3.69,4.08,1.85,2.0,1.85,2.06,1.85,2.1,1.77,2.0,-0.5,1.83,2.03,1.88,2.05,1.91,2.03,1.81,1.92,2025,Football-Data.co.uk,https://www.football-data.co.uk/mmz4281/2526/D1.csv,,,,,,,1.77,4.3,4.8,1.65,2.46,1.96,2.01,,,,,,,1.93,4.0,4.3,1.89,2.12,1.93,2.07,1.7,4.0,4.5,1.7,4.0,4.6,1.65,3.9,4.2,1.7,4.2,4.33,1.7,4.2,4.33,1.8,3.75,4.33,1.81,3.75,4.25,1.83,3.7,4.0,1.83,3.75,4.2,1.83,3.7,4.0,2025-12-13,eintracht frankfurt,augsburg,market_average_open,1.68,4.06,4.39,market_average_close,1.83,3.69,4.08,market_average_close,1.83,3.69,4.08,closing,0.5464480874316939,0.2710027100271003,0.24509803921568626,1.0625488366744804,0.5142804439388815,0.2550496510591202,0.23066990500199835,0.7693300949980018,0.48571955606111855,0.7449503489408799,1.2998321611253196,2.0588011899487304,1.3423713424951509,H,1
D1,2025-12-13,14:30,Hoffenheim,Hamburg,4,1,H,2.0,0.0,H,10.0,14.0,6.0,5.0,16.0,10.0,3.0,3.0,1.0,3.0,0.0,0.0,1.7,4.33,4.2,1.75,4.2,4.0,,,,1.72,4.33,4.47,,,,,,,1.75,4.33,4.5,1.71,4.06,4.21,1.5,2.63,1.52,2.6,1.53,2.63,1.5,2.49,-0.75,1.88,1.98,1.91,2.0,1.94,1.98,1.88,1.89,1.7,4.2,4.33,1.68,4.2,4.4,,,,1.72,4.16,4.68,,,,,,,1.71,4.2,4.75,1.68,4.13,4.42,1.62,2.3,1.63,2.38,1.62,2.63,1.54,2.41,-0.75,1.9,1.95,1.93,1.99,1.9,1.95,1.85,1.92,2025,Football-Data.co.uk,https://www.football-data.co.uk/mmz4281/2526/D1.csv,,,,,,,1.75,4.3,4.9,1.57,2.68,1.93,2.04,,,,,,,1.75,4.5,4.8,1.66,2.5,1.96,2.03,1.73,4.0,4.2,1.75,3.95,4.35,1.65,3.9,4.2,1.75,4.2,4.0,1.75,4.2,4.0,1.7,4.2,4.33,1.68,4.2,4.5,1.67,4.1,4.5,1.7,4.2,4.4,1.67,4.2,4.33,2025-12-13,hoffenheim,hamburger sv,market_average_open,1.71,4.06,4.21,market_average_close,1.68,4.13,4.42,market_average_close,1.68,4.13,4.42,closing,0.5952380952380952,0.24213075060532688,0.22624434389140272,1.0636131897348249,0.5596377526932486,0.22764925533284688,0.21271299197390445,0.7872870080260954,0.44036224730675133,0.772350744667153,1.2701848116447694,2.2708576998050685,1.2947485412614617,H,1
D1,2025-12-13,14:30,M'gladbach,Wolfsburg,1,3,A,1.0,3.0,A,14.0,11.0,4.0,6.0,6.0,8.0,6.0,3.0,0.0,1.0,0.0,0.0,1.95,3.8,3.6,1.98,3.8,3.4,,,,1.98,3.85,3.69,,,,,,,2.0,3.9,3.66,1.96,3.75,3.47,1.57,2.38,1.61,2.42,1.62,2.38,1.56,2.33,-0.5,1.98,1.88,1.99,1.92,1.98,1.88,1.91,1.82,2.0,3.75,3.4,2.0,3.75,3.4,,,,2.05,3.8,3.62,,,,,,,2.02,3.8,3.6,1.99,3.67,3.46,1.62,2.3,1.65,2.36,1.66,2.38,1.6,2.26,-0.5,2.03,1.83,2.06,1.88,2.03,1.85,1.94,1.8,2025,Football-Data.co.uk,https://www.football-data.co.uk/mmz4281/2526/D1.csv,,,,,,,2.08,3.9,3.7,1.69,2.42,2.08,1.91,,,,,,,2.06,3.9,3.75,1.63,2.54,2.06,1.92,2.0,3.75,3.4,1.96,3.85,3.55,1.91,3.7,3.3,2.0,3.9,3.4,1.95,3.8,3.4,2.0,3.6,3.5,2.02,3.65,3.5,1.95,3.8,3.5,2.0,3.75,3.4,2.0,3.7,3.4,2025-12-13,borussia m gladbach,wolfsburg,market_average_open,1.96,3.75,3.47,market_average_close,1.99,3.67,3.46,market_average_close,1.99,3.67,3.46,closing,0.5025125628140703,0.2724795640326976,0.28901734104046245,1.0640094678872303,0.4722820406963986,0.25608753705336057,0.27163042225024087,0.7283695777497592,0.5277179593036014,0.7439124629466395,1.3729293898976695,1.8949516164271567,1.3442441816863735,H,0
D1,2025-12-13,14:30,St Pauli,Heidenheim,2,1,H,1.0,0.0,H,8.0,20.0,5.0,7.0,6.0,15.0,4.0,11.0,2.0,3.0,1.0,0.0,1.95,3.4,4.0,1.98,3.4,3.9,,,,1.98,3.45,4.18,,,,,,,2.0,3.5,4.2,1.94,3.33,3.96,2.2,1.67,2.19,1.74,2.2,1.73,2.11,1.68,-0.5,1.98,1.88,1.99,1.92,1.98,1.9,1.91,1.83,1.85,3.4,4.33,1.88,3.4,4.33,,,,1.88,3.54,4.65,,,,,,,1.91,3.5,4.6,1.85,3.39,4.37,2.2,1.67,2.25,1.71,2.2,1.7,2.16,1.66,-0.5,1.88,1.98,1.88,2.04,1.88,1.98,1.82,1.91,2025,Football-Data.co.uk,https://www.football-data.co.uk/mmz4281/2526/D1.csv,,,,,,,2.02,3.5,4.4,2.24,1.76,2.02,1.96,,,,,,,1.94,3.55,4.8,2.3,1.75,1.94,2.05,1.95,3.3,4.0,1.95,3.3,4.2,1.91,3.2,3.75,1.95,3.4,3.9,1.95,3.4,3.9,1.83,3.3,4.6,1.85,3.5,4.4,1.85,3.4,4.33,1.91,3.4,4.33,1.85,3.4,4.33,2025-12-13,st pauli,fc heidenheim,market_average_open,1.94,3.33,3.96,market_average_close,1.85,3.39,4.37,market_average_close,1.85,3.39,4.37,closing,0.5405405405405405,0.2949852507374631,0.22883295194508008,1.0643587432230837,0.5078555928461482,0.27714833237916653,0.21499607477468521,0.7850039252253147,0.49214440715385177,0.7228516676208334,1.2738789805579334,2.0319239342435216,1.3834096880364988,H,1
D1,2025-12-13,17:30,Leverkusen,FC Koln,2,0,H,0.0,0.0,D,17.0,6.0,6.0,4.0,8.0,6.0,8.0,3.0,2.0,1.0,0.0,0.0,1.55,4.33,5.25,1.52,4.6,5.5,,,,1.57,4.68,5.33,,,,,,,1.57,4.75,5.5,1.53,4.44,5.28,1.53,2.5,1.54,2.58,1.53,2.63,1.49,2.53,-1.0,1.88,1.98,1.93,1.96,1.9,1.98,1.86,1.92,1.75,4.1,4.0,1.73,4.2,4.1,,,,1.81,4.3,4.07,,,,,,,1.8,4.33,4.75,1.74,4.11,4.11,1.44,2.75,1.49,2.75,1.5,2.75,1.47,2.6,-0.75,2.0,1.85,2.03,1.89,2.0,1.88,1.92,1.85,2025,Football-Data.co.uk,https://www.football-data.co.uk/mmz4281/2526/D1.csv,,,,,,,1.62,4.6,5.9,1.57,2.68,1.98,1.99,,,,,,,1.82,4.3,4.4,1.54,2.82,2.0,1.98,1.53,4.33,5.5,1.56,4.4,5.4,1.5,4.2,5.0,1.53,4.6,5.5,1.5,4.6,5.5,1.8,4.0,4.0,1.73,4.1,4.35,1.75,4.1,4.0,1.75,4.2,4.0,1.73,4.2,4.0,2025-12-13,bayer leverkusen,fc cologne,market_average_open,1.53,4.44,5.28,market_average_close,1.74,4.11,4.11,market_average_close,1.74,4.11,4.11,closing,0.5747126436781609,0.24330900243309,0.24330900243309,1.0613306485443408,0.5415019762845851,0.22924901185770752,0.22924901185770752,0.7707509881422926,0.45849802371541504,0.7707509881422926,1.2974358974358973,2.1810344827586206,1.2974358974358973,H,1
D1,2025-12-14,14:30,Freiburg,Dortmund,1,1,D,0.0,1.0,A,21.0,9.0,6.0,4.0,11.0,10.0,6.0,0.0,3.0,2.0,0.0,1.0,3.25,3.5,2.15,3.3,3.5,2.1,,,,3.32,3.59,2.2,,,,,,,3.45,3.5,2.2,3.25,3.44,2.12,1.83,2.03,1.82,2.06,1.86,2.03,1.8,1.94,0.25,1.98,1.88,1.99,1.92,1.98,1.88,1.95,1.78,3.75,3.6,1.95,3.5,3.5,2.05,,,,3.95,3.59,2.01,,,,,,,3.8,3.6,2.2,3.65,3.5,1.99,1.8,2.0,1.86,2.05,1.85,2.0,1.81,1.95,0.5,1.88,1.98,1.91,2.02,1.88,1.98,1.81,1.92,2025,Football-Data.co.uk,https://www.football-data.co.uk/mmz4281/2526/D1.csv,,,,,,,3.5,3.6,2.24,1.85,2.1,2.05,1.93,,,,,,,4.0,3.65,2.08,1.92,2.08,1.91,2.06,3.25,3.4,2.15,3.45,3.5,2.1,3.1,3.3,2.1,3.3,3.5,2.1,3.3,3.5,2.1,3.6,3.5,2.0,3.75,3.55,2.0,3.7,3.6,1.93,3.6,3.5,2.05,3.5,3.4,2.05,2025-12-14,freiburg,dortmund,market_average_open,3.25,3.44,2.12,market_average_close,3.65,3.5,1.99,market_average_close,3.65,3.5,1.99,closing,0.273972602739726,0.2857142857142857,0.5025125628140703,1.0621994512680821,0.25792952765382265,0.2689836502675579,0.4730868220786194,0.5269131779213805,0.7420704723461773,0.731016349732442,1.897845872720245,1.3475809067544977,1.3679584599797368,A,0
D1,2025-12-14,16:30,Bayern Munich,Mainz,2,2,D,1.0,1.0,D,24.0,5.0,11.0,2.0,7.0,8.0,7.0,0.0,2.0,2.0,0.0,0.0,1.09,11.0,21.0,1.11,11.5,20.0,,,,1.09,12.74,21.79,,,,,,,1.11,11.5,21.0,1.09,10.18,19.25,1.22,4.33,,,1.23,4.33,1.21,4.11,-2.75,2.0,1.85,2.01,1.87,2.0,1.85,1.97,1.8,1.09,12.0,19.0,1.1,12.0,20.0,,,,1.08,14.25,24.0,,,,,,,1.1,13.0,26.0,1.08,11.44,21.72,1.17,5.0,,,1.22,5.4,1.18,4.65,-2.75,1.83,2.03,1.87,2.02,1.83,2.08,1.76,2.02,2025,Football-Data.co.uk,https://www.football-data.co.uk/mmz4281/2526/D1.csv,,,,,,,1.11,13.0,32.0,1.26,4.5,2.01,1.9,,,,,,,1.1,15.0,34.0,1.2,5.8,1.86,2.1,1.1,9.5,21.0,1.1,11.0,19.0,1.07,9.0,18.0,1.11,11.0,19.0,1.1,11.0,19.0,1.08,11.0,23.0,1.07,13.0,26.0,1.07,11.5,22.0,1.1,12.0,19.0,1.1,12.0,19.0,2025-12-14,bayern munich,mainz 05,market_average_open,1.09,10.18,19.25,market_average_close,1.08,11.44,21.72,market_average_close,1.08,11.44,21.72,closing,0.9259259259259258,0.08741258741258742,0.04604051565377532,1.0593790289922886,0.8740270484745132,0.08251304303780371,0.04345990848768298,0.9565400915123169,0.1259729515254867,0.9174869569621962,1.0454344871410164,7.938212035920117,1.0899337504600664,H,1
D1,2025-12-14,18:30,Werder Bremen,Stuttgart,0,4,A,0.0,2.0,A,9.0,24.0,3.0,12.0,11.0,6.0,0.0,9.0,2.0,0.0,1.0,0.0,2.9,3.8,2.25,2.9,3.8,2.2,,,,2.91,3.92,2.3,,,,,,,3.0,3.8,2.26,2.88,3.71,2.21,1.53,2.5,1.54,2.54,1.53,2.55,1.52,2.44,0.25,1.85,2.0,1.88,2.03,1.86,2.0,1.84,1.89,2.8,3.8,2.35,2.85,3.6,2.3,,,,2.9,3.75,2.4,,,,,,,2.88,3.8,2.38,2.81,3.63,2.31,1.57,2.38,1.6,2.42,1.6,2.45,1.55,2.37,0.25,1.8,2.05,1.84,2.1,1.8,2.05,1.77,1.97,2025,Football-Data.co.uk,https://www.football-data.co.uk/mmz4281/2526/D1.csv,,,,,,,3.05,3.9,2.36,1.62,2.58,1.92,2.07,,,,,,,2.96,3.85,2.48,1.63,2.56,1.86,2.14,3.0,3.6,2.2,2.95,3.8,2.23,2.8,3.6,2.15,2.9,3.8,2.2,2.87,3.8,2.2,2.88,3.6,2.3,2.8,3.65,2.38,2.8,3.7,2.3,2.87,3.6,2.3,2.8,3.6,2.3,2025-12-14,werder bremen,vfb stuttgart,market_average_open,2.88,3.71,2.21,market_average_close,2.81,3.63,2.31,market_average_close,2.81,3.63,2.31,closing,0.35587188612099646,0.27548209366391185,0.4329004329004329,1.0642544126853413,0.33438610343466246,0.25884984866429794,0.4067640479010396,0.5932359520989604,0.6656138965653375,0.7411501513357021,1.6856699201419698,1.5023724792408066,1.3492542613636365,A,0
D1,2025-12-19,19:30,Dortmund,M'gladbach,2,0,H,1.0,0.0,H,10.0,6.0,4.0,1.0,15.0,13.0,6.0,4.0,2.0,1.0,0.0,0.0,1.55,4.5,5.5,1.55,4.6,5.0,,,,1.56,4.56,5.68,,,,,,,1.56,4.6,5.75,1.53,4.47,5.41,1.5,2.63,1.52,2.66,1.5,2.7,1.48,2.57,-1.0,1.88,1.98,1.93,2.0,1.9,2.0,1.84,1.95,1.48,4.75,6.0,1.49,4.8,5.75,,,,1.52,4.72,6.1,,,,,,,1.5,4.8,6.33,1.48,4.64,5.92,1.5,2.63,1.51,2.68,1.5,2.7,1.47,2.59,-1.0,1.73,2.08,1.83,2.11,1.76,2.1,1.73,2.06,2025,Football-Data.co.uk,https://www.football-data.co.uk/mmz4281/2526/D1.csv,,,,,,,1.6,4.7,6.0,1.53,2.82,1.93,2.02,,,,,,,1.52,5.2,6.4,1.52,2.86,1.84,2.14,1.53,4.5,5.5,1.52,4.5,5.75,1.53,4.5,5.25,1.55,4.6,5.0,1.55,4.6,5.0,1.5,4.6,6.0,1.49,4.6,6.1,1.45,4.75,6.0,1.48,4.8,5.75,1.48,4.8,5.75,2025-12-19,dortmund,borussia m gladbach,market_average_open,1.53,4.47,5.41,market_average_close,1.48,4.64,5.92,market_average_close,1.48,4.64,5.92,closing,0.6756756756756757,0.21551724137931036,0.16891891891891891,1.060111835973905,0.6373626373626373,0.2032967032967033,0.15934065934065933,0.8406593406593406,0.3626373626373626,0.7967032967032966,1.189542483660131,2.757575757575758,1.2551724137931035,H,1
D1,2025-12-20,14:30,Augsburg,Werder Bremen,0,0,D,0.0,0.0,D,14.0,9.0,6.0,0.0,10.0,20.0,6.0,11.0,3.0,4.0,0.0,0.0,2.25,3.5,3.1,2.25,3.5,3.0,,,,2.28,3.56,3.19,,,,,,,2.3,3.65,3.1,2.24,3.48,3.01,1.73,2.1,1.8,2.09,1.77,2.14,1.72,2.06,-0.25,1.98,1.88,1.98,1.93,1.98,1.88,1.93,1.84,2.2,3.5,3.2,2.2,3.5,3.1,,,,2.33,3.53,3.17,,,,,,,2.25,3.5,3.33,2.21,3.44,3.13,1.8,2.0,1.84,2.06,1.81,2.05,1.76,2.01,-0.25,1.93,1.93,2.02,1.91,1.94,1.93,1.91,1.86,2025,Football-Data.co.uk,https://www.football-data.co.uk/mmz4281/2526/D1.csv,,,,,,,2.36,3.65,3.25,1.82,2.16,2.03,1.94,,,,,,,2.4,3.5,3.3,1.9,2.08,2.05,1.92,2.25,3.5,3.0,2.25,3.65,3.0,2.2,3.4,2.88,2.25,3.5,3.0,2.25,3.5,3.0,2.2,3.4,3.2,2.25,3.45,3.1,2.2,3.5,3.1,2.2,3.5,3.1,2.2,3.5,3.1,2025-12-20,augsburg,werder bremen,market_average_open,2.24,3.48,3.01,market_average_close,2.21,3.44,3.13,market_average_close,2.21,3.44,3.13,closing,0.45248868778280543,0.29069767441860467,0.3194888178913738,1.0626751800927838,0.4258015019634673,0.2735527091102508,0.30064578892628196,0.6993542110737181,0.5741984980365328,0.7264472908897492,1.4298905821482086,1.7415580211712363,1.376562363905583,H,0
D1,2025-12-20,14:30,FC Koln,Union Berlin,0,1,A,0.0,0.0,D,13.0,11.0,2.0,3.0,9.0,18.0,3.0,6.0,2.0,5.0,1.0,0.0,2.3,3.3,3.1,2.37,3.3,2.95,,,,2.37,3.4,3.15,,,,,,,2.38,3.35,3.2,2.32,3.28,3.02,1.98,1.88,2.0,1.89,2.0,1.88,1.93,1.83,-0.25,2.03,1.83,2.05,1.86,2.03,1.86,1.98,1.79,2.5,3.1,2.9,2.45,3.3,2.87,,,,2.69,3.27,2.86,,,,,,,2.71,3.3,2.9,2.52,3.19,2.83,2.1,1.73,2.15,1.78,2.1,1.75,2.06,1.73,0.0,1.78,2.1,1.9,2.03,1.9,2.1,1.8,1.97,2025,Football-Data.co.uk,https://www.football-data.co.uk/mmz4281/2526/D1.csv,,,,,,,2.44,3.45,3.25,2.06,1.9,2.08,1.89,,,,,,,2.72,3.3,3.0,2.2,1.8,1.89,2.09,2.38,3.25,3.0,2.38,3.35,3.05,2.25,3.25,2.88,2.37,3.3,3.0,2.37,3.3,3.0,2.5,3.2,2.88,2.55,3.2,2.85,2.5,3.25,2.8,2.45,3.3,2.87,2.45,3.25,2.87,2025-12-20,fc cologne,union berlin,market_average_open,2.32,3.28,3.02,market_average_close,2.52,3.19,2.83,market_average_close,2.52,3.19,2.83,closing,0.3968253968253968,0.31347962382445144,0.35335689045936397,1.0636619111092123,0.3730747455378728,0.29471735384183056,0.33220790062029665,0.6677920993797033,0.6269252544621272,0.7052826461581694,1.4974720439623006,1.5950864842060855,1.4178712682741044,H,0
D1,2025-12-20,14:30,Hamburg,Ein Frankfurt,1,1,D,1.0,1.0,D,9.0,9.0,3.0,3.0,8.0,12.0,5.0,5.0,0.0,0.0,0.0,0.0,2.6,3.6,2.55,2.6,3.5,2.55,,,,2.71,3.55,2.51,,,,,,,2.7,3.6,2.6,2.62,3.48,2.51,1.67,2.2,1.68,2.22,1.67,2.22,1.65,2.17,0.0,1.98,1.88,2.0,1.85,1.98,1.88,1.93,1.83,2.4,3.5,2.88,2.45,3.5,2.8,,,,2.52,3.43,2.95,,,,,,,2.5,3.5,2.9,2.44,3.39,2.78,1.85,2.0,1.9,2.01,1.85,2.05,1.79,1.98,0.0,1.73,2.08,1.81,2.13,1.83,2.08,1.75,2.01,2025,Football-Data.co.uk,https://www.football-data.co.uk/mmz4281/2526/D1.csv,,,,,,,2.88,3.65,2.6,1.71,2.34,2.09,1.89,,,,,,,2.6,3.4,3.05,1.93,2.04,1.84,2.16,2.63,3.5,2.5,2.63,3.5,2.6,2.55,3.4,2.4,2.6,3.5,2.5,2.6,3.5,2.5,2.4,3.4,2.8,2.5,3.4,2.7,2.4,3.5,2.75,2.45,3.5,2.8,2.4,3.4,2.75,2025-12-20,hamburger sv,eintracht frankfurt,market_average_open,2.62,3.48,2.51,market_average_close,2.44,3.39,2.78,market_average_close,2.44,3.39,2.78,closing,0.4098360655737705,0.2949852507374631,0.3597122302158274,1.064533546527061,0.3849912169614772,0.2771028228277299,0.337905960210793,0.6620940397892071,0.6150087830385229,0.7228971771722702,1.5103594654293717,1.6259930387650448,1.383322596322291,H,0
D1,2025-12-20,14:30,Stuttgart,Hoffenheim,0,0,D,0.0,0.0,D,10.0,4.0,3.0,1.0,10.0,17.0,4.0,2.0,3.0,2.0,0.0,0.0,2.0,3.8,3.4,1.98,3.9,3.3,,,,2.07,3.86,3.42,,,,,,,2.05,4.0,3.4,1.99,3.84,3.29,1.5,2.63,1.51,2.61,1.5,2.8,1.46,2.62,-0.5,2.03,1.83,2.08,1.84,2.03,1.85,1.95,1.79,1.95,3.8,3.7,1.95,3.9,3.4,,,,2.0,3.92,3.65,,,,,,,2.0,4.1,3.7,1.95,3.86,3.44,1.57,2.38,1.52,2.59,1.57,2.8,1.49,2.55,-0.5,1.95,1.9,2.01,1.92,1.96,1.9,1.91,1.82,2025,Football-Data.co.uk,https://www.football-data.co.uk/mmz4281/2526/D1.csv,,,,,,,2.1,4.0,3.5,1.53,2.78,2.1,1.89,,,,,,,2.06,4.0,3.7,1.57,2.7,2.06,1.92,2.0,3.75,3.4,2.0,4.0,3.35,1.95,3.75,3.13,2.0,3.9,3.3,2.0,3.9,3.3,2.0,3.75,3.4,1.93,4.1,3.5,1.95,3.9,3.4,1.95,3.9,3.4,1.95,3.9,3.4,2025-12-20,vfb stuttgart,hoffenheim,market_average_open,1.99,3.84,3.29,market_average_close,1.95,3.86,3.44,market_average_close,1.95,3.86,3.44,closing,0.5128205128205129,0.2590673575129534,0.29069767441860467,1.062585544752071,0.4826157436012998,0.24380847150842863,0.2735757848902716,0.7264242151097284,0.5173842563987002,0.7561915284915715,1.3766060921426568,1.9327994380049176,1.3224162957693675,H,0
D1,2025-12-20,14:30,Wolfsburg,Freiburg,3,4,A,1.0,1.0,D,13.0,15.0,6.0,8.0,16.0,8.0,2.0,6.0,1.0,1.0,0.0,0.0,2.5,3.6,2.75,2.45,3.5,2.75,,,,2.57,3.55,2.76,,,,,,,2.54,3.6,2.75,2.47,3.43,2.7,1.8,2.0,1.85,2.05,1.83,2.0,1.77,1.99,0.0,1.83,2.03,1.88,2.03,1.85,2.03,1.81,1.96,2.35,3.5,2.9,2.4,3.4,2.8,,,,2.48,3.49,2.96,,,,,,,2.5,3.55,2.9,2.41,3.39,2.83,1.88,1.98,1.88,2.03,1.91,2.0,1.83,1.92,0.0,1.7,2.1,1.79,2.13,1.83,2.1,1.72,2.05,2025,Football-Data.co.uk,https://www.football-data.co.uk/mmz4281/2526/D1.csv,,,,,,,2.6,3.6,2.92,1.87,2.08,1.88,2.11,,,,,,,2.52,3.55,3.0,1.96,2.0,1.81,2.19,2.5,3.4,2.75,2.48,3.5,2.75,2.4,3.3,2.6,2.45,3.5,2.75,2.45,3.5,2.7,2.4,3.3,2.88,2.38,3.55,2.85,2.38,3.4,2.88,2.4,3.4,2.8,2.4,3.4,2.8,2025-12-20,wolfsburg,freiburg,market_average_open,2.47,3.43,2.7,market_average_close,2.41,3.39,2.83,market_average_close,2.41,3.39,2.83,closing,0.41493775933609955,0.2949852507374631,0.35335689045936397,1.0632799005329268,0.3902432079531725,0.2774295372174472,0.3323272548293802,0.6676727451706197,0.6097567920468274,0.7225704627825527,1.4977397343730963,1.6399981321129804,1.3839480735886873,H,0
D1,2025-12-20,17:30,RB Leipzig,Leverkusen,1,3,A,1.0,2.0,A,19.0,15.0,7.0,8.0,10.0,12.0,2.0,8.0,1.0,2.0,0.0,0.0,2.1,3.8,3.2,2.05,3.8,3.2,,,,2.15,3.8,3.28,,,,,,,2.15,3.9,3.35,2.06,3.73,3.18,1.53,2.5,1.55,2.52,1.54,2.5,1.51,2.45,-0.25,1.85,2.0,1.88,2.02,1.85,2.0,1.82,1.95,2.15,3.9,3.1,2.05,3.9,3.2,,,,2.11,3.92,3.33,,,,,,,2.15,4.0,3.33,2.05,3.83,3.19,1.5,2.63,1.47,2.75,1.5,2.75,1.45,2.65,-0.25,1.88,1.98,1.86,2.07,1.88,2.05,1.81,1.98,2025,Football-Data.co.uk,https://www.football-data.co.uk/mmz4281/2526/D1.csv,,,,,,,2.24,3.9,3.3,1.62,2.58,1.95,2.03,,,,,,,2.16,4.0,3.4,1.5,2.96,1.89,2.09,2.05,3.75,3.25,2.1,3.8,3.2,2.05,3.6,3.0,2.05,3.9,3.2,2.05,3.8,3.2,2.05,3.75,3.2,2.08,3.8,3.25,2.05,3.9,3.1,2.05,3.9,3.2,2.05,3.8,3.2,2025-12-20,rasenballsport leipzig,bayer leverkusen,market_average_open,2.06,3.73,3.18,market_average_close,2.05,3.83,3.19,market_average_close,2.05,3.83,3.19,closing,0.48780487804878053,0.2610966057441253,0.31347962382445144,1.0623811076173573,0.4591618530781286,0.24576548271805834,0.29507266420381306,0.7049273357961869,0.5408381469218714,0.7542345172819417,1.4185859296696735,1.8489820026405395,1.325847567416738,H,0
D1,2025-12-21,14:30,Mainz,St Pauli,0,0,D,0.0,0.0,D,13.0,5.0,1.0,1.0,5.0,9.0,9.0,5.0,1.0,1.0,0.0,0.0,1.95,3.4,4.1,1.95,3.3,4.0,,,,1.98,3.5,4.11,,,,,,,1.95,3.5,4.25,1.92,3.34,4.02,2.1,1.73,2.18,1.74,2.15,1.73,2.1,1.68,-0.5,1.98,1.88,1.98,1.92,1.98,1.88,1.91,1.82,1.95,3.3,4.1,1.98,3.3,4.0,,,,2.04,3.39,4.12,,,,,,,2.0,3.45,4.1,1.96,3.31,3.99,2.2,1.67,2.28,1.69,2.25,1.7,2.16,1.66,-0.5,1.98,1.88,2.04,1.88,2.0,1.88,1.93,1.81,2025,Football-Data.co.uk,https://www.football-data.co.uk/mmz4281/2526/D1.csv,,,,,,,2.06,3.55,4.1,2.24,1.77,2.06,1.92,,,,,,,2.08,3.5,4.2,2.3,1.76,2.08,1.91,1.95,3.3,4.0,1.89,3.5,4.25,1.9,3.2,3.8,1.95,3.3,4.0,1.95,3.3,4.0,1.95,3.3,4.0,1.92,3.45,4.1,1.95,3.3,4.0,2.0,3.3,4.0,1.95,3.3,3.9,2025-12-21,mainz 05,st pauli,market_average_open,1.92,3.34,4.02,market_average_close,1.96,3.31,3.99,market_average_close,1.96,3.31,3.99,closing,0.5102040816326531,0.3021148036253776,0.2506265664160401,1.0629454516740708,0.4799908413259725,0.28422418398758487,0.2357849746864426,0.7642150253135573,0.5200091586740274,0.715775816012415,1.308532241419488,1.9230430528375737,1.3970854807179671,H,0
D1,2025-12-21,16:30,Heidenheim,Bayern Munich,0,4,A,0.0,2.0,A,8.0,23.0,1.0,11.0,8.0,6.0,0.0,6.0,0.0,0.0,0.0,0.0,13.0,9.5,1.14,13.0,8.5,1.17,,,,17.17,10.24,1.13,,,,,,,18.0,9.5,1.17,15.28,8.61,1.13,1.25,4.0,,,1.25,4.33,1.23,3.99,2.5,1.88,1.98,1.88,2.0,1.9,2.0,1.83,1.91,13.0,9.5,1.14,11.0,8.0,1.2,,,,15.87,9.2,1.15,,,,,,,16.0,9.5,1.2,13.06,8.12,1.16,1.25,4.0,,,1.29,4.0,1.25,3.74,2.25,1.85,2.0,1.93,1.97,1.95,2.0,1.88,1.89,2025,Football-Data.co.uk,https://www.football-data.co.uk/mmz4281/2526/D1.csv,,,,,,,19.5,11.0,1.16,1.26,4.4,1.9,2.02,,,,,,,17.0,9.6,1.19,1.3,4.1,1.92,2.04,17.0,8.5,1.13,17.0,9.0,1.13,15.0,8.0,1.1,13.0,8.5,1.17,13.0,8.0,1.17,13.0,8.0,1.17,16.0,8.5,1.15,13.0,8.0,1.15,11.0,8.0,1.2,11.0,8.0,1.2,2025-12-21,fc heidenheim,bayern munich,market_average_open,15.28,8.61,1.13,market_average_close,13.06,8.12,1.16,market_average_close,13.06,8.12,1.16,closing,0.07656967840735068,0.12315270935960593,0.8620689655172414,1.061791353284198,0.07211367673179395,0.11598579040852576,0.8119005328596803,0.18809946714031972,0.9278863232682061,0.8840142095914743,5.316336166194523,1.0777182235834608,1.1312035362668273,A,0
D1,2026-01-09,19:30,Ein Frankfurt,Dortmund,3,3,D,1.0,1.0,D,12.0,16.0,6.0,6.0,14.0,6.0,2.0,5.0,3.0,3.0,0.0,0.0,3.6,3.8,1.95,3.4,3.7,2.0,,,,3.62,3.85,2.03,,,,,,,3.6,3.8,2.05,3.47,3.67,1.99,1.62,2.3,1.63,2.4,1.63,2.4,1.6,2.27,0.5,1.85,2.0,1.88,2.04,1.85,2.0,1.8,1.93,3.25,3.75,2.05,3.3,3.7,2.05,,,,3.51,3.7,2.11,,,,,,,3.45,3.75,2.1,3.31,3.66,2.05,1.62,2.3,1.67,2.32,1.66,2.3,1.6,2.26,0.25,2.03,1.83,2.09,1.85,2.06,1.83,2.01,1.73,2025,Football-Data.co.uk,https://www.football-data.co.uk/mmz4281/2526/D1.csv,,,,,,,3.65,3.9,2.1,1.67,2.46,1.89,2.1,,,,,,,3.6,3.9,2.12,1.69,2.42,2.15,1.86,3.5,3.6,2.0,3.55,3.65,2.02,3.4,3.75,2.0,3.4,3.7,2.05,3.4,3.6,2.0,3.3,3.6,2.1,3.45,3.7,2.02,3.25,3.7,2.05,3.3,3.7,2.05,3.3,3.7,2.05,2026-01-09,eintracht frankfurt,dortmund,market_average_open,3.47,3.67,1.99,market_average_close,3.31,3.66,2.05,market_average_close,3.31,3.66,2.05,closing,0.3021148036253776,0.27322404371584696,0.48780487804878053,1.0631437253900051,0.28417117686938276,0.2569963375512724,0.4588324855793449,0.5411675144206551,0.7158288231306174,0.7430036624487277,1.84785666794975,1.3969820265501238,1.3458883859391564,A,0
D1,2026-01-10,14:30,Freiburg,Hamburg,2,1,H,0.0,0.0,D,20.0,10.0,7.0,5.0,13.0,11.0,0.0,3.0,3.0,5.0,0.0,1.0,1.8,3.6,4.5,1.8,3.6,4.4,,,,1.81,3.56,4.95,,,,,,,1.8,3.75,5.0,1.76,3.6,4.49,1.83,2.03,1.85,2.05,1.85,2.03,1.79,1.97,-0.75,2.03,1.83,2.05,1.86,2.03,1.9,1.97,1.81,1.8,3.5,4.75,1.75,3.7,4.6,,,,1.81,3.67,4.82,,,,,,,1.84,3.7,4.8,1.76,3.58,4.6,1.91,1.91,1.93,1.97,1.92,1.93,1.86,1.89,-0.75,2.03,1.83,2.06,1.87,2.03,1.84,1.98,1.81,2025,Football-Data.co.uk,https://www.football-data.co.uk/mmz4281/2526/D1.csv,,,,,,,1.83,3.8,5.1,1.87,2.1,2.06,1.91,,,,,,,1.87,3.7,5.0,1.98,2.0,2.12,1.86,1.8,3.75,4.33,1.78,3.65,4.6,1.73,3.6,4.1,1.8,3.6,4.4,1.8,3.6,4.4,1.8,3.6,4.5,1.77,3.65,4.75,1.75,3.5,4.75,1.75,3.7,4.6,1.75,3.7,4.6,2026-01-10,freiburg,hamburger sv,market_average_open,1.76,3.6,4.49,market_average_close,1.76,3.58,4.6,market_average_close,1.76,3.58,4.6,closing,0.5681818181818182,0.27932960893854747,0.2173913043478261,1.0649027314681918,0.5335527850496359,0.26230527980093826,0.20414193514942588,0.7958580648505742,0.4664472149503641,0.7376947201990618,1.2565054551375996,2.143865303400756,1.3555742946488176,H,1
D1,2026-01-10,14:30,Heidenheim,FC Koln,2,2,D,2.0,1.0,H,14.0,21.0,6.0,9.0,9.0,7.0,5.0,4.0,2.0,1.0,0.0,0.0,2.9,3.5,2.38,2.95,3.6,2.25,,,,2.95,3.58,2.41,,,,,,,2.95,3.6,2.38,2.88,3.48,2.3,1.8,2.0,1.8,2.09,1.8,2.1,1.73,2.04,0.25,1.8,2.05,1.83,2.1,1.83,2.05,1.8,1.92,2.75,3.4,2.5,2.75,3.4,2.5,,,,2.81,3.52,2.59,,,,,,,2.9,3.5,2.65,2.71,3.41,2.49,1.73,2.1,1.81,2.1,1.8,2.1,1.74,2.03,0.0,2.03,1.83,2.05,1.88,2.05,1.85,1.97,1.79,2025,Football-Data.co.uk,https://www.football-data.co.uk/mmz4281/2526/D1.csv,,,,,,,3.0,3.6,2.5,1.82,2.14,1.83,2.15,,,,,,,2.92,3.55,2.62,1.84,2.16,2.1,1.89,2.88,3.4,2.38,2.95,3.55,2.3,2.75,3.4,2.25,2.9,3.6,2.25,2.9,3.6,2.25,2.8,3.4,2.4,2.55,3.5,2.65,2.7,3.5,2.45,2.75,3.4,2.5,2.7,3.4,2.5,2026-01-10,fc heidenheim,fc cologne,market_average_open,2.88,3.48,2.3,market_average_close,2.71,3.41,2.49,market_average_close,2.71,3.41,2.49,closing,0.36900369003690037,0.29325513196480935,0.4016064257028112,1.063865247704521,0.3468519070747838,0.2756506358277607,0.3774974570974554,0.6225025429025446,0.6531480929252161,0.7243493641722392,1.6064191406147463,1.5310463443617488,1.3805492894202573,A,0
D1,2026-01-10,14:30,Union Berlin,Mainz,2,2,D,0.0,1.0,A,17.0,9.0,5.0,6.0,9.0,8.0,2.0,1.0,2.0,0.0,0.0,0.0,2.15,3.25,3.7,2.15,3.25,3.5,,,,2.14,3.2,3.92,,,,,,,2.16,3.25,3.8,2.12,3.17,3.57,2.2,1.65,2.27,1.68,2.2,1.67,2.18,1.64,-0.25,1.83,2.03,1.83,2.09,1.83,2.03,1.79,1.98,2.05,3.2,4.0,2.1,3.2,3.75,,,,2.12,3.29,3.97,,,,,,,2.2,3.25,4.0,2.1,3.17,3.72,2.3,1.6,2.26,1.71,2.3,1.68,2.19,1.64,-0.25,1.73,2.08,1.81,2.13,1.86,2.08,1.78,2.0,2025,Football-Data.co.uk,https://www.football-data.co.uk/mmz4281/2526/D1.csv,,,,,,,2.22,3.3,4.0,2.36,1.71,1.88,2.11,,,,,,,2.18,3.25,4.1,2.32,1.74,1.84,2.15,2.15,3.2,3.5,2.14,3.2,3.7,2.05,3.13,3.4,2.15,3.25,3.5,2.15,3.25,3.4,2.1,3.2,3.6,2.2,3.15,3.6,2.05,3.25,3.7,2.1,3.2,3.75,2.1,3.2,3.75,2026-01-10,union berlin,mainz 05,market_average_open,2.12,3.17,3.57,market_average_close,2.1,3.17,3.72,market_average_close,2.1,3.17,3.72,closing,0.47619047619047616,0.31545741324921134,0.26881720430107525,1.0604650937407627,0.44903927437227265,0.297470812675638,0.2534899129520894,0.7465100870479107,0.5509607256277274,0.702529187324362,1.339566627899859,1.815011403690649,1.4234284041757457,H,0
D1,2026-01-10,17:30,Leverkusen,Stuttgart,1,4,A,0.0,4.0,A,16.0,10.0,4.0,7.0,13.0,11.0,5.0,3.0,4.0,2.0,0.0,0.0,1.95,4.1,3.4,1.95,3.9,3.4,,,,1.95,4.05,3.63,,,,,,,1.95,4.1,3.6,1.92,3.88,3.47,1.5,2.63,1.49,2.67,1.5,2.7,1.48,2.57,-0.5,1.95,1.9,1.96,1.94,1.95,1.91,1.87,1.85,2.15,3.75,3.1,2.15,3.7,3.1,,,,2.23,3.75,3.19,,,,,,,2.2,3.85,3.2,2.14,3.68,3.09,1.62,2.3,1.65,2.32,1.63,2.5,1.57,2.35,-0.25,1.9,1.95,1.95,1.97,1.9,1.97,1.85,1.92,2025,Football-Data.co.uk,https://www.football-data.co.uk/mmz4281/2526/D1.csv,,,,,,,2.02,4.1,3.7,1.54,2.78,2.02,1.96,,,,,,,2.26,3.9,3.25,1.66,2.48,1.97,2.02,1.95,3.75,3.5,1.93,3.9,3.6,1.87,3.8,3.3,1.95,3.9,3.5,1.95,3.8,3.4,2.15,3.6,3.1,2.1,3.85,3.15,2.15,3.75,3.0,2.15,3.75,3.1,2.15,3.7,3.0,2026-01-10,bayer leverkusen,vfb stuttgart,market_average_open,1.92,3.88,3.47,market_average_close,2.14,3.68,3.09,market_average_close,2.14,3.68,3.09,closing,0.4672897196261682,0.2717391304347826,0.3236245954692557,1.0626534455302066,0.4397385823117676,0.25571754514869094,0.30454387253954135,0.6954561274604585,0.5602614176882323,0.744282454851309,1.4379052258143443,1.7848810723505293,1.3435759414747694,H,0
D1,2026-01-11,14:30,M'gladbach,Augsburg,4,0,H,3.0,0.0,H,12.0,17.0,7.0,2.0,16.0,9.0,2.0,2.0,0.0,1.0,0.0,0.0,1.85,3.8,4.0,1.93,3.6,3.8,,,,1.93,3.73,4.04,,,,,,,1.93,3.8,4.0,1.87,3.63,3.88,1.8,2.0,1.85,2.05,1.8,2.0,1.77,1.99,-0.5,1.88,1.98,1.93,1.97,1.88,1.98,1.83,1.91,1.9,3.7,3.8,1.93,3.6,3.8,,,,1.95,3.71,3.99,,,,,,,1.95,3.7,3.95,1.91,3.61,3.81,1.8,2.0,1.85,2.06,1.8,2.08,1.77,2.01,-0.5,1.9,1.95,1.97,1.95,1.91,1.95,1.86,1.87,2025,Football-Data.co.uk,https://www.football-data.co.uk/mmz4281/2526/D1.csv,,,,,,,1.97,3.8,4.2,1.89,2.06,1.97,2.0,,,,,,,1.97,3.8,4.2,1.88,2.1,1.97,2.01,1.9,3.6,4.0,1.87,3.75,3.95,1.83,3.5,3.7,1.91,3.7,3.8,1.91,3.6,3.75,1.95,3.5,3.75,1.88,3.7,3.95,1.87,3.7,3.8,1.95,3.6,3.8,1.95,3.5,3.75,2026-01-11,borussia m gladbach,augsburg,market_average_open,1.87,3.63,3.88,market_average_close,1.91,3.61,3.81,market_average_close,1.91,3.61,3.81,closing,0.5235602094240838,0.2770083102493075,0.26246719160104987,1.063035711274441,0.4925142249420797,0.2605823184596599,0.24690345659826043,0.7530965434017396,0.5074857750579204,0.7394176815403402,1.327851002320362,1.9704985817304297,1.352415589950216,H,0
D1,2026-01-11,16:30,Bayern Munich,Wolfsburg,8,1,H,2.0,1.0,H,16.0,8.0,10.0,3.0,7.0,6.0,6.0,2.0,0.0,1.0,0.0,0.0,1.11,11.0,17.0,1.11,10.5,15.0,,,,1.1,12.15,18.99,,,,,,,1.13,11.0,21.0,1.1,10.11,18.06,1.2,4.5,,,1.2,5.0,1.18,4.54,-2.75,1.98,1.88,1.96,1.91,1.98,1.95,1.88,1.89,1.13,9.5,17.0,1.13,9.5,13.5,,,,1.13,11.0,19.0,,,,,,,1.15,10.0,20.0,1.12,9.31,16.69,1.22,4.33,,,1.23,4.7,1.2,4.31,-2.5,1.93,1.93,1.9,2.01,1.93,1.93,1.86,1.86,2025,Football-Data.co.uk,https://www.football-data.co.uk/mmz4281/2526/D1.csv,,,,,,,1.13,12.0,23.0,1.2,5.2,1.98,1.93,,,,,,,1.14,12.0,23.0,1.23,5.0,1.94,2.02,1.11,9.5,19.0,1.09,11.0,21.0,1.07,9.5,17.0,1.13,10.0,15.0,1.13,10.0,15.0,1.13,9.0,17.0,1.11,9.5,20.0,1.11,9.5,17.0,1.15,9.5,13.0,1.14,9.0,13.0,2026-01-11,bayern munich,wolfsburg,market_average_open,1.1,10.11,18.06,market_average_close,1.12,9.31,16.69,market_average_close,1.12,9.31,16.69,closing,0.8928571428571428,0.10741138560687433,0.059916117435590166,1.0601846458996074,0.8421713578954156,0.1013138475663658,0.05651479453821843,0.9434852054617815,0.15782864210458422,0.898686152433634,1.059900032571849,6.335985576923077,1.1127355165004034,H,1
D1,2026-01-13,17:30,Stuttgart,Ein Frankfurt,3,2,H,2.0,1.0,H,20.0,12.0,11.0,5.0,8.0,15.0,10.0,2.0,2.0,2.0,0.0,0.0,1.73,4.2,4.2,1.73,4.1,4.2,,,,1.81,4.01,4.25,,,,,,,1.75,4.2,4.35,1.72,4.11,4.2,1.5,2.63,1.58,2.47,1.5,2.75,1.46,2.62,-0.75,1.9,1.95,2.05,1.86,1.9,1.95,1.87,1.9,1.65,4.33,4.5,1.66,4.33,4.5,,,,1.81,4.01,4.25,,,,,,,1.7,4.33,4.75,1.65,4.24,4.53,1.44,2.75,1.58,2.47,1.48,2.9,1.43,2.71,-0.75,1.83,2.03,2.05,1.86,1.83,2.03,1.8,1.99,2025,Football-Data.co.uk,https://www.football-data.co.uk/mmz4281/2526/D1.csv,,,,,,,1.79,4.3,4.6,1.52,2.86,1.98,2.0,,,,,,,1.75,4.4,4.9,1.49,3.0,1.91,2.08,1.73,4.0,4.2,1.71,4.2,4.35,1.7,4.2,4.2,1.73,4.2,4.2,1.73,4.0,4.2,1.67,4.2,4.5,1.65,4.3,4.6,1.65,4.33,4.5,1.67,4.33,4.5,1.65,4.2,4.4,2026-01-13,vfb stuttgart,eintracht frankfurt,market_average_open,1.72,4.11,4.2,market_average_close,1.65,4.24,4.53,market_average_close,1.65,4.24,4.53,closing,0.6060606060606061,0.23584905660377356,0.22075055187637968,1.0626602145407593,0.5703239829323261,0.22194211599960803,0.2077339010680658,0.7922660989319341,0.42967601706767383,0.7780578840003919,1.2622021835190413,2.3273349227739195,1.285251419673933,H,1
D1,2026-01-13,19:30,Dortmund,Werder Bremen,3,0,H,1.0,0.0,H,18.0,6.0,8.0,3.0,14.0,8.0,3.0,3.0,2.0,0.0,0.0,0.0,1.4,5.0,7.0,1.39,5.25,6.75,,,,1.36,5.64,7.94,,,,,,,1.4,5.4,8.0,1.37,5.18,7.28,1.5,2.63,1.44,2.82,1.5,2.8,1.44,2.68,-1.5,2.03,1.78,1.99,1.92,2.03,1.86,1.96,1.78,1.42,5.0,6.5,1.42,5.25,6.5,,,,1.36,5.64,7.94,,,,,,,1.44,5.25,7.5,1.4,5.02,6.92,1.53,2.5,1.44,2.82,1.55,2.63,1.5,2.5,-1.25,1.88,1.98,1.75,2.17,1.9,2.05,1.82,1.97,2025,Football-Data.co.uk,https://www.football-data.co.uk/mmz4281/2526/D1.csv,,,,,,,1.4,5.8,8.6,1.5,2.92,2.09,1.87,,,,,,,1.44,5.4,8.2,1.58,2.68,1.95,2.01,1.36,5.0,7.5,1.34,5.4,8.0,1.36,5.0,7.5,1.4,5.25,6.5,1.4,5.25,6.5,1.36,5.0,7.5,1.37,5.2,7.5,1.4,5.0,7.0,1.44,5.25,6.5,1.4,5.0,6.5,2026-01-13,dortmund,werder bremen,market_average_open,1.37,5.18,7.28,market_average_close,1.4,5.02,6.92,market_average_close,1.4,5.02,6.92,closing,0.7142857142857143,0.19920318725099603,0.14450867052023122,1.0579975720569417,0.6751298236885475,0.1882832177617463,0.13658695854970615,0.8634130414502937,0.32487017631145243,0.8117167822382536,1.1581942268561036,3.078152668102417,1.2319567882316886,H,1
D1,2026-01-13,19:30,Mainz,Heidenheim,2,1,H,1.0,0.0,H,13.0,15.0,6.0,4.0,11.0,10.0,4.0,1.0,2.0,2.0,0.0,0.0,1.75,3.8,4.33,1.73,3.75,4.6,,,,1.67,3.85,5.58,,,,,,,1.8,3.8,4.6,1.75,3.74,4.47,1.73,2.1,1.92,1.97,1.77,2.1,1.73,2.05,-0.75,2.0,1.85,1.86,2.05,2.0,1.85,1.95,1.83,1.73,3.8,4.5,1.75,3.75,4.5,,,,1.67,3.85,5.58,,,,,,,1.8,3.85,4.6,1.74,3.73,4.52,1.8,2.0,1.92,1.97,1.83,2.12,1.76,2.02,-0.75,1.95,1.9,1.86,2.05,2.0,1.9,1.93,1.85,2025,Football-Data.co.uk,https://www.football-data.co.uk/mmz4281/2526/D1.csv,,,,,,,1.84,3.9,4.9,1.79,2.24,2.07,1.9,,,,,,,1.85,3.85,4.9,1.86,2.14,2.06,1.92,1.73,3.75,4.5,1.75,3.75,4.6,1.75,3.8,4.4,1.75,3.75,4.6,1.73,3.7,4.6,1.73,3.75,4.6,1.73,3.85,4.6,1.73,3.8,4.5,1.75,3.75,4.5,1.75,3.7,4.5,2026-01-13,mainz 05,fc heidenheim,market_average_open,1.75,3.74,4.47,market_average_close,1.74,3.73,4.52,market_average_close,1.74,3.73,4.52,closing,0.5747126436781609,0.2680965147453083,0.22123893805309736,1.0640480964765664,0.5401190468562789,0.25195901917692365,0.20792193396679765,0.7920780660332025,0.4598809531437213,0.7480409808230766,1.2625018200643896,2.1744757924068265,1.3368251548193129,H,1
D1,2026-01-14,17:30,Wolfsburg,St Pauli,2,1,H,1.0,1.0,D,13.0,9.0,5.0,4.0,10.0,9.0,7.0,4.0,1.0,2.0,0.0,0.0,1.91,3.7,3.8,1.9,3.6,3.9,,,,1.9,3.75,4.14,,,,,,,1.95,3.8,4.2,1.87,3.58,3.93,1.93,1.93,1.86,2.03,1.93,1.97,1.84,1.91,-0.5,1.93,1.93,1.91,2.0,1.93,1.95,1.85,1.88,1.83,3.6,4.5,1.85,3.5,4.33,,,,1.9,3.75,4.14,,,,,,,1.87,3.6,4.55,1.84,3.49,4.34,2.2,1.67,1.86,2.03,2.2,1.75,2.1,1.7,-0.5,1.83,2.03,1.91,2.0,1.85,2.03,1.8,1.94,2025,Football-Data.co.uk,https://www.football-data.co.uk/mmz4281/2526/D1.csv,,,,,,,2.0,3.8,4.2,1.96,1.98,2.0,1.99,,,,,,,1.93,3.6,4.8,2.28,1.77,1.93,2.06,1.9,3.5,4.0,1.82,3.8,4.2,1.87,3.4,3.7,1.91,3.6,3.9,1.91,3.5,3.9,1.83,3.4,4.5,1.85,3.6,4.3,1.8,3.5,4.5,1.85,3.5,4.33,1.83,3.5,4.33,2026-01-14,wolfsburg,st pauli,market_average_open,1.87,3.58,3.93,market_average_close,1.84,3.49,4.34,market_average_close,1.84,3.49,4.34,closing,0.5434782608695652,0.28653295128939826,0.2304147465437788,1.0604259587027423,0.5125093896554758,0.2702055234859815,0.21728508685854273,0.7827149131414572,0.48749061034452423,0.7297944765140185,1.2776043783124822,2.0513215614415015,1.3702487922033364,H,1
D1,2026-01-14,19:30,FC Koln,Bayern Munich,1,3,A,1.0,1.0,D,8.0,19.0,3.0,8.0,3.0,4.0,4.0,6.0,0.0,0.0,0.0,0.0,10.5,7.5,1.22,8.25,7.0,1.27,,,,9.41,6.82,1.26,,,,,,,11.0,7.5,1.28,9.9,6.86,1.22,1.25,4.0,,,1.26,4.1,1.24,3.82,2.0,1.88,1.98,1.81,2.07,1.92,1.98,1.88,1.9,11.0,7.0,1.2,8.0,6.75,1.28,,,,9.41,6.82,1.26,,,,,,,12.0,7.0,1.28,9.66,6.79,1.23,1.22,4.33,,,1.25,4.5,1.22,4.04,2.0,1.83,2.03,1.81,2.07,1.96,2.03,1.87,1.91,2025,Football-Data.co.uk,https://www.football-data.co.uk/mmz4281/2526/D1.csv,,,,,,,12.0,7.8,1.26,1.28,4.3,1.96,1.98,,,,,,,12.5,7.4,1.26,1.26,4.7,1.92,2.04,11.0,6.5,1.22,11.0,7.0,1.22,10.0,6.5,1.18,8.5,7.0,1.28,8.0,7.0,1.28,10.0,7.0,1.22,12.0,7.0,1.21,9.5,7.0,1.22,8.0,6.5,1.28,8.0,6.5,1.28,2026-01-14,fc cologne,bayern munich,market_average_open,9.9,6.86,1.22,market_average_close,9.66,6.79,1.23,market_average_close,9.66,6.79,1.23,closing,0.10351966873706003,0.14727540500736377,0.8130081300813008,1.0638032038257246,0.09731092025740781,0.1384423401600235,0.7642467395825687,0.2357532604174313,0.9026890797425922,0.8615576598399766,4.241722885313959,1.1078011493006614,1.1606884212320012,A,0
D1,2026-01-14,19:30,Hoffenheim,M'gladbach,5,1,H,4.0,0.0,H,18.0,7.0,10.0,5.0,16.0,10.0,6.0,2.0,1.0,1.0,0.0,0.0,1.85,3.9,3.8,1.85,3.9,3.8,,,,1.85,4.05,4.05,,,,,,,1.85,4.0,4.1,1.81,3.86,3.87,1.57,2.38,1.6,2.42,1.6,2.4,1.56,2.34,-0.5,1.85,2.0,1.85,2.06,1.85,2.0,1.79,1.94,1.95,3.9,3.5,1.9,3.9,3.7,,,,1.85,4.05,4.05,,,,,,,2.0,3.95,3.8,1.9,3.81,3.65,1.62,2.3,1.6,2.42,1.62,2.5,1.55,2.36,-0.5,1.95,1.9,1.85,2.06,1.95,1.93,1.85,1.88,2025,Football-Data.co.uk,https://www.football-data.co.uk/mmz4281/2526/D1.csv,,,,,,,1.91,4.1,4.1,1.64,2.5,1.91,2.08,,,,,,,2.04,3.9,3.85,1.65,2.48,2.04,1.95,1.83,3.75,4.0,1.8,3.95,4.1,1.8,3.7,3.6,1.85,3.9,3.8,1.85,3.8,3.8,1.95,3.75,3.6,1.88,3.95,3.75,1.87,3.8,3.7,1.91,3.9,3.7,1.91,3.8,3.6,2026-01-14,hoffenheim,borussia m gladbach,market_average_open,1.81,3.86,3.87,market_average_close,1.9,3.81,3.65,market_average_close,1.9,3.81,3.65,closing,0.5263157894736842,0.26246719160104987,0.273972602739726,1.06275558381446,0.495236908174712,0.24696853688502698,0.25779455494026104,0.742205445059739,0.504763091825288,0.753031463114973,1.347335844349015,1.9811274163962185,1.3279657610366271,H,0
D1,2026-01-14,19:30,RB Leipzig,Freiburg,2,0,H,0.0,0.0,D,21.0,3.0,7.0,1.0,12.0,16.0,7.0,2.0,0.0,4.0,0.0,0.0,1.7,4.0,4.5,1.77,4.0,4.1,,,,1.72,4.16,4.63,,,,,,,1.78,4.0,4.75,1.72,3.93,4.3,1.57,2.38,1.62,2.39,1.6,2.4,1.57,2.33,-0.75,1.93,1.93,1.93,1.97,1.93,1.95,1.89,1.89,1.75,3.9,4.33,1.7,4.0,4.6,,,,1.72,4.16,4.63,,,,,,,1.76,4.0,4.7,1.71,3.9,4.55,1.67,2.2,1.62,2.39,1.68,2.3,1.63,2.2,-0.75,1.9,1.95,1.93,1.97,1.93,1.95,1.88,1.89,2025,Football-Data.co.uk,https://www.football-data.co.uk/mmz4281/2526/D1.csv,,,,,,,1.79,4.1,4.8,1.64,2.5,1.99,1.97,,,,,,,1.75,4.1,5.3,1.7,2.42,1.95,2.03,1.73,4.0,4.33,1.73,4.0,4.4,1.67,3.8,4.1,1.75,4.0,4.2,1.75,4.0,4.0,1.7,4.0,4.6,1.72,3.85,4.7,1.67,4.0,4.6,1.7,4.0,4.6,1.7,3.9,4.6,2026-01-14,rasenballsport leipzig,freiburg,market_average_open,1.72,3.93,4.3,market_average_close,1.71,3.9,4.55,market_average_close,1.71,3.9,4.55,closing,0.5847953216374269,0.25641025641025644,0.21978021978021978,1.060985797827903,0.5511811023622047,0.24167171411265906,0.2071471835251363,0.7928528164748638,0.44881889763779537,0.758328285887341,1.2612681436210846,2.228070175438596,1.3186900958466454,H,1
D1,2026-01-15,19:30,Augsburg,Union Berlin,1,1,D,1.0,0.0,H,9.0,16.0,5.0,3.0,9.0,18.0,3.0,3.0,1.0,0.0,0.0,1.0,2.6,3.2,2.8,2.5,3.2,2.9,,,,2.63,3.26,2.89,,,,,,,2.63,3.2,2.9,2.55,3.13,2.81,2.2,1.67,2.29,1.67,2.28,1.67,2.21,1.62,0.0,1.85,2.0,1.86,2.05,1.85,2.0,1.8,1.95,2.5,3.2,2.88,2.6,3.1,2.8,,,,,,,,,,,,,2.66,3.2,2.88,2.59,3.13,2.79,2.2,1.67,,,2.2,1.7,2.18,1.65,0.0,1.83,2.03,,,1.85,2.03,1.81,1.95,2025,Football-Data.co.uk,https://www.football-data.co.uk/mmz4281/2526/D1.csv,,,,,,,2.74,3.35,2.92,2.3,1.72,1.93,2.05,,,,,,,2.72,3.25,3.0,2.3,1.75,1.89,2.09,2.6,3.1,2.88,2.63,3.15,2.8,2.5,3.0,2.7,2.5,3.2,2.9,2.5,3.2,2.87,2.6,3.1,2.8,2.63,3.2,2.75,2.55,3.2,2.8,2.62,3.1,2.8,2.6,3.1,2.8,2026-01-15,augsburg,union berlin,market_average_open,2.55,3.13,2.81,market_average_close,2.59,3.13,2.79,market_average_close,2.59,3.13,2.79,closing,0.3861003861003861,0.3194888178913738,0.35842293906810035,1.0640121430598604,0.36287216139286527,0.3002680185327543,0.3368598200743803,0.6631401799256196,0.6371278386071346,0.6997319814672456,1.5079767902348549,1.5695437232599396,1.4291186146774828,H,0
D1,2026-01-16,19:30,Werder Bremen,Ein Frankfurt,3,3,D,1.0,1.0,D,13.0,8.0,4.0,4.0,8.0,15.0,4.0,1.0,1.0,4.0,0.0,0.0,2.7,3.5,2.5,2.6,3.5,2.55,,,,,,,,,,,,,2.7,3.6,2.6,2.65,3.5,2.49,1.67,2.2,,,1.68,2.3,1.63,2.22,0.0,2.0,1.85,,,2.0,1.85,1.93,1.83,2.63,3.6,2.5,2.5,3.5,2.65,,,,,,,,,,,,,2.75,3.6,2.7,2.57,3.45,2.58,1.73,2.1,,,1.75,2.23,1.69,2.11,0.0,1.88,1.98,,,1.96,1.98,1.88,1.89,2025,Football-Data.co.uk,https://www.football-data.co.uk/mmz4281/2526/D1.csv,,,,,,,2.84,3.75,2.6,1.71,2.36,2.08,1.91,,,,,,,2.66,3.7,2.8,1.8,2.22,1.95,2.04,2.63,3.5,2.5,2.7,3.6,2.48,2.63,3.6,2.45,2.62,3.5,2.5,2.6,3.5,2.5,2.6,3.4,2.6,2.6,3.55,2.6,2.55,3.5,2.6,2.5,3.5,2.7,2.4,3.3,2.5,2026-01-16,werder bremen,eintracht frankfurt,market_average_open,2.65,3.5,2.49,market_average_close,2.57,3.45,2.58,market_average_close,2.57,3.45,2.58,closing,0.38910505836575876,0.2898550724637681,0.38759689922480617,1.066557030054333,0.3648234903537571,0.2717670638287408,0.3634094458175022,0.6365905541824979,0.635176509646243,0.7282329361712593,1.5708684230858379,1.5743655264533365,1.3731869987336427,H,0
D1,2026-01-17,14:30,Dortmund,St Pauli,3,2,H,1.0,0.0,H,10.0,9.0,6.0,5.0,9.0,11.0,5.0,5.0,3.0,1.0,0.0,0.0,1.33,5.25,10.0,1.34,5.25,8.5,,,,,,,,,,,,,1.35,5.33,10.0,1.32,5.1,9.14,1.67,2.2,,,1.67,2.25,1.65,2.16,-1.5,1.95,1.9,,,1.95,1.9,1.91,1.83,1.33,4.75,10.0,1.33,5.25,9.25,,,,,,,,,,,,,1.33,5.5,12.0,1.3,5.1,10.27,1.85,2.0,,,1.87,2.14,1.78,1.99,-1.5,2.03,1.83,,,2.03,1.85,1.94,1.8,2025,Football-Data.co.uk,https://www.football-data.co.uk/mmz4281/2526/D1.csv,,,,,,,1.36,5.7,10.5,1.74,2.28,2.0,1.98,,,,,,,1.36,5.4,12.0,1.9,2.08,2.08,1.88,1.3,5.0,10.0,1.33,5.2,9.5,1.29,4.75,9.0,1.35,5.25,8.5,1.33,5.25,8.5,1.3,5.0,11.0,1.27,5.5,12.0,1.3,5.0,10.5,1.33,5.25,9.0,1.33,5.25,9.0,2026-01-17,dortmund,st pauli,market_average_open,1.32,5.1,9.14,market_average_close,1.3,5.1,10.27,market_average_close,1.3,5.1,10.27,closing,0.7692307692307692,0.19607843137254904,0.09737098344693282,1.0626801840502509,0.7238591448077615,0.18451311534315493,0.09162773984908375,0.9083722601509164,0.2761408551922387,0.8154868846568453,1.1008702531645567,3.6213402732595954,1.226261291033267,H,1
D1,2026-01-17,14:30,FC Koln,Mainz,2,1,H,0.0,1.0,A,20.0,11.0,6.0,7.0,6.0,10.0,9.0,5.0,4.0,4.0,0.0,0.0,2.15,3.5,3.25,2.15,3.7,3.1,,,,,,,,,,,,,2.2,3.7,3.3,2.15,3.53,3.14,1.73,2.1,,,1.75,2.1,1.71,2.07,-0.25,1.88,1.98,,,1.9,1.98,1.86,1.91,2.1,3.5,3.5,2.1,3.5,3.4,,,,,,,,,,,,,2.15,3.6,3.5,2.08,3.47,3.39,1.85,2.0,,,1.85,2.04,1.79,1.97,-0.25,1.8,2.05,,,1.83,2.05,1.79,2.0,2025,Football-Data.co.uk,https://www.football-data.co.uk/mmz4281/2526/D1.csv,,,,,,,2.26,3.65,3.4,1.79,2.22,1.95,2.01,,,,,,,2.18,3.65,3.6,1.9,2.08,1.9,2.08,2.15,3.5,3.2,2.18,3.55,3.2,2.1,3.4,3.0,2.15,3.7,3.1,2.15,3.7,3.1,2.05,3.5,3.4,2.07,3.6,3.45,2.1,3.5,3.3,2.1,3.5,3.4,2.05,3.5,3.4,2026-01-17,fc cologne,mainz 05,market_average_open,2.15,3.53,3.14,market_average_close,2.08,3.47,3.39,market_average_close,2.08,3.47,3.39,closing,0.4807692307692307,0.2881844380403458,0.2949852507374631,1.0639389195470397,0.4518767214323854,0.27086558518137227,0.2772576933862424,0.7227423066137577,0.5481232785676147,0.7291344148186278,1.3836190172473357,1.8244070980040366,1.3714892339140925,H,0
D1,2026-01-17,14:30,Hamburg,M'gladbach,0,0,D,0.0,0.0,D,25.0,6.0,12.0,0.0,16.0,18.0,2.0,5.0,1.0,2.0,0.0,0.0,2.45,3.5,2.8,2.4,3.6,2.75,,,,,,,,,,,,,2.5,3.6,2.9,2.39,3.44,2.79,1.73,2.1,,,1.8,2.1,1.73,2.03,0.0,1.8,2.05,,,1.83,2.05,1.76,2.0,2.45,3.5,2.8,2.4,3.4,2.87,,,,,,,,,,,,,2.5,3.6,2.9,2.41,3.41,2.81,1.73,2.1,,,1.77,2.15,1.7,2.08,0.0,1.8,2.05,,,1.83,2.08,1.77,2.01,2025,Football-Data.co.uk,https://www.football-data.co.uk/mmz4281/2526/D1.csv,,,,,,,2.54,3.65,3.0,1.81,2.16,1.84,2.17,,,,,,,2.54,3.55,3.0,1.8,2.22,1.83,2.17,2.4,3.4,2.8,2.38,3.45,2.9,2.3,3.4,2.7,2.4,3.6,2.75,2.4,3.6,2.7,2.4,3.4,2.8,2.43,3.45,2.85,2.38,3.5,2.75,2.4,3.4,2.87,2.37,3.4,2.87,2026-01-17,hamburger sv,borussia m gladbach,market_average_open,2.39,3.44,2.79,market_average_close,2.41,3.41,2.81,market_average_close,2.41,3.41,2.81,closing,0.41493775933609955,0.29325513196480935,0.35587188612099646,1.0640647774219054,0.3899553562344591,0.2755989467815385,0.33444569698400234,0.6655543030159976,0.6100446437655409,0.7244010532184615,1.5025070012596156,1.6392242932048937,1.3804507814518936,H,0
D1,2026-01-17,14:30,Hoffenheim,Leverkusen,1,0,H,1.0,0.0,H,19.0,8.0,8.0,2.0,17.0,7.0,3.0,5.0,2.0,1.0,0.0,0.0,2.4,3.8,2.7,2.35,3.8,2.7,,,,,,,,,,,,,2.43,3.8,2.71,2.37,3.74,2.65,1.5,2.63,,,1.5,2.7,1.47,2.6,0.0,1.8,2.05,,,1.83,2.05,1.77,1.99,2.35,3.8,2.8,2.3,3.75,2.8,,,,,,,,,,,,,2.38,3.8,2.88,2.31,3.71,2.77,1.5,2.63,,,1.52,2.8,1.48,2.59,-0.25,2.05,1.8,,,2.05,1.83,2.01,1.78,2025,Football-Data.co.uk,https://www.football-data.co.uk/mmz4281/2526/D1.csv,,,,,,,2.5,3.95,2.82,1.52,2.84,1.87,2.11,,,,,,,2.44,3.9,2.94,1.57,2.74,2.13,1.87,2.38,3.75,2.63,2.43,3.75,2.7,2.3,3.7,2.55,2.37,3.8,2.7,2.37,3.75,2.7,2.3,3.6,2.88,2.33,3.8,2.8,2.3,3.8,2.7,2.3,3.75,2.8,2.3,3.75,2.8,2026-01-17,hoffenheim,bayer leverkusen,market_average_open,2.37,3.74,2.65,market_average_close,2.31,3.71,2.77,market_average_close,2.31,3.71,2.77,closing,0.4329004329004329,0.2695417789757412,0.36101083032490977,1.063453042201084,0.4070705670317482,0.2534590323027866,0.33947040066546513,0.6605295993345348,0.5929294329682517,0.7465409676972133,1.5139366971706827,1.686541339319117,1.3395112167582826,H,0
D1,2026-01-17,14:30,Wolfsburg,Heidenheim,1,1,D,0.0,1.0,A,13.0,13.0,4.0,3.0,10.0,12.0,9.0,6.0,4.0,3.0,0.0,0.0,1.67,4.0,5.0,1.65,4.1,4.8,,,,,,,,,,,,,1.7,4.2,5.0,1.65,3.99,4.76,1.57,2.38,,,1.62,2.38,1.57,2.32,-0.75,1.73,2.08,,,1.83,2.1,1.75,2.02,1.67,4.1,4.75,1.65,4.2,4.75,,,,,,,,,,,,,1.72,4.2,5.0,1.67,4.01,4.75,1.62,2.3,,,1.63,2.35,1.59,2.29,-0.75,1.85,2.0,,,1.9,2.0,1.83,1.95,2025,Football-Data.co.uk,https://www.football-data.co.uk/mmz4281/2526/D1.csv,,,,,,,1.68,4.2,5.5,1.63,2.54,1.83,2.15,,,,,,,1.73,4.2,5.3,1.66,2.46,1.92,2.06,1.67,4.0,4.6,1.66,4.1,4.8,1.62,3.9,4.5,1.65,4.0,4.8,1.65,4.0,4.8,1.67,4.0,4.6,1.67,4.0,4.9,1.65,4.1,5.0,1.65,4.2,4.8,1.65,4.2,4.8,2026-01-17,wolfsburg,fc heidenheim,market_average_open,1.65,3.99,4.76,market_average_close,1.67,4.01,4.75,market_average_close,1.67,4.01,4.75,closing,0.5988023952095809,0.24937655860349128,0.21052631578947367,1.0587052696025459,0.5655987671001019,0.2355486137299676,0.19885261916993052,0.8011473808300695,0.4344012328998981,0.7644513862700324,1.248209785025945,2.3020192491728872,1.3081276559380366,H,1
D1,2026-01-17,17:30,RB Leipzig,Bayern Munich,1,5,A,1.0,0.0,H,17.0,19.0,4.0,12.0,7.0,6.0,5.0,9.0,1.0,0.0,0.0,0.0,5.0,4.75,1.55,4.75,4.8,1.57,,,,,,,,,,,,,5.2,5.0,1.57,4.9,4.69,1.54,1.3,3.5,,,1.33,3.5,1.3,3.32,1.0,2.0,1.85,,,2.0,1.85,1.95,1.82,4.0,4.33,1.73,3.9,4.33,1.75,,,,,,,,,,,,,4.35,4.4,1.75,4.12,4.33,1.7,1.36,3.2,,,1.37,3.45,1.34,3.17,0.75,1.93,1.93,,,2.0,1.93,1.94,1.83,2025,Football-Data.co.uk,https://www.football-data.co.uk/mmz4281/2526/D1.csv,,,,,,,5.4,5.1,1.6,1.35,3.75,2.06,1.9,,,,,,,4.6,4.5,1.77,1.39,3.45,2.03,1.95,5.0,4.6,1.53,5.0,4.75,1.56,4.75,4.5,1.5,4.8,4.8,1.57,4.6,4.8,1.55,4.2,4.33,1.7,4.3,4.4,1.68,4.1,4.33,1.7,3.9,4.33,1.75,3.9,4.33,1.75,2026-01-17,rasenballsport leipzig,bayern munich,market_average_open,4.9,4.69,1.54,market_average_close,4.12,4.33,1.7,market_average_close,4.12,4.33,1.7,closing,0.24271844660194175,0.23094688221709006,0.5882352941176471,1.0619006229366788,0.22856983163895844,0.21748445874191888,0.5539457096191228,0.4460542903808773,0.7714301683610417,0.7825155412580813,2.2418795683954054,1.296293612841939,1.277929890558161,A,0
D1,2026-01-18,14:30,Stuttgart,Union Berlin,1,1,D,0.0,0.0,D,13.0,20.0,4.0,3.0,6.0,11.0,3.0,8.0,1.0,1.0,0.0,0.0,1.65,3.9,5.25,1.66,3.8,5.0,,,,,,,,,,,,,1.67,4.0,5.3,1.64,3.86,4.98,1.8,2.0,,,1.83,2.0,1.79,1.95,-0.75,1.83,2.03,,,1.83,2.03,1.81,1.97,1.6,4.0,5.5,1.58,4.2,5.25,,,,,,,,,,,,,1.62,4.2,5.75,1.58,4.08,5.47,1.73,2.1,,,1.77,2.2,1.7,2.1,-1.0,2.03,1.83,,,2.05,1.85,1.97,1.81,2025,Football-Data.co.uk,https://www.football-data.co.uk/mmz4281/2526/D1.csv,,,,,,,1.69,4.0,5.6,1.86,2.1,1.87,2.1,,,,,,,1.67,4.2,5.9,1.77,2.28,2.12,1.85,1.67,3.75,5.0,1.66,4.0,5.0,1.6,3.7,4.8,1.67,3.8,5.0,1.67,3.8,5.0,1.57,4.2,5.5,1.57,4.2,5.75,1.57,4.1,5.5,1.6,4.2,5.25,1.57,4.2,5.25,2026-01-18,vfb stuttgart,union berlin,market_average_open,1.64,3.86,4.98,market_average_close,1.58,4.08,5.47,market_average_close,1.58,4.08,5.47,closing,0.6329113924050632,0.24509803921568626,0.18281535648994515,1.0608247881106947,0.5966219864943619,0.23104478888752253,0.1723332246181155,0.8276667753818845,0.40337801350563807,0.7689552111124774,1.208215709200845,2.4790642189674594,1.3004658601029064,H,1
D1,2026-01-18,16:30,Augsburg,Freiburg,2,2,D,0.0,0.0,D,13.0,12.0,5.0,5.0,11.0,14.0,9.0,6.0,3.0,2.0,0.0,0.0,2.9,3.3,2.45,2.85,3.4,2.4,,,,,,,,,,,,,3.0,3.4,2.5,2.83,3.29,2.44,1.98,1.88,,,1.98,1.91,1.9,1.85,0.0,2.1,1.78,,,2.1,1.83,2.01,1.75,2.55,3.25,2.8,2.6,3.3,2.7,,,,,,,,,,,,,2.66,3.3,2.8,2.59,3.2,2.75,2.0,1.8,,,2.05,1.83,1.96,1.8,0.0,1.83,2.03,,,1.86,2.03,1.81,1.95,2025,Football-Data.co.uk,https://www.football-data.co.uk/mmz4281/2526/D1.csv,,,,,,,3.1,3.35,2.54,2.0,1.94,2.19,1.8,,,,,,,2.74,3.35,2.94,2.06,1.91,1.92,2.07,2.88,3.25,2.5,2.8,3.4,2.48,2.7,3.25,2.38,2.87,3.4,2.4,2.87,3.4,2.4,2.6,3.25,2.75,2.6,3.2,2.8,2.55,3.2,2.8,2.62,3.3,2.7,2.6,3.25,2.7,2026-01-18,augsburg,freiburg,market_average_open,2.83,3.29,2.44,market_average_close,2.59,3.2,2.75,market_average_close,2.59,3.2,2.75,closing,0.3861003861003861,0.3125,0.36363636363636365,1.0622367497367498,0.36347865595506085,0.29419053716362736,0.34233080688131184,0.6576691931186882,0.6365213440449392,0.7058094628363727,1.52052127492542,1.5710392265014113,1.4168129681647939,H,0
D1,2026-01-23,19:30,St Pauli,Hamburg,0,0,D,0.0,0.0,D,8.0,5.0,3.0,2.0,15.0,13.0,5.0,4.0,1.0,1.0,0.0,0.0,2.88,2.9,2.75,2.87,2.9,2.75,,,,,,,,,,,,,2.9,3.0,2.8,2.85,2.89,2.72,2.63,1.5,,,2.7,1.5,2.59,1.47,0.0,2.0,1.85,,,2.0,1.85,1.94,1.82,2.8,2.9,2.8,2.75,2.95,2.8,,,,,,,,,,,,,2.9,3.0,2.88,2.81,2.91,2.75,2.63,1.5,,,2.63,1.53,2.54,1.49,0.0,1.93,1.93,,,1.95,1.93,1.9,1.86,2025,Football-Data.co.uk,https://www.football-data.co.uk/mmz4281/2526/D1.csv,,,,,,,3.0,3.05,2.86,2.84,1.53,2.05,1.93,,,,,,,2.96,3.0,2.98,2.72,1.56,1.98,2.0,2.8,2.88,2.75,2.85,2.9,2.8,2.88,3.0,2.63,2.87,2.9,2.75,2.75,2.75,2.6,2.8,2.88,2.75,2.9,2.95,2.7,2.75,3.0,2.7,2.75,2.9,2.8,2.75,2.9,2.8,2026-01-23,st pauli,hamburger sv,market_average_open,2.85,2.89,2.72,market_average_close,2.81,2.91,2.75,market_average_close,2.81,2.91,2.75,closing,0.35587188612099646,0.3436426116838488,0.36363636363636365,1.0631508614412088,0.3347331964144543,0.3232303374311397,0.342036466154406,0.657963533845594,0.6652668035855458,0.6767696625688604,1.5198410680228862,1.5031563195553486,1.477607604637939,A,0
D1,2026-01-24,14:30,Bayern Munich,Augsburg,1,2,A,1.0,0.0,H,15.0,16.0,6.0,6.0,10.0,5.0,9.0,3.0,1.0,1.0,0.0,0.0,1.1,12.0,17.0,1.12,10.5,18.5,,,,,,,,,,,,,1.12,13.0,26.0,1.09,10.35,20.62,1.25,4.0,,,1.25,4.33,1.22,4.06,-2.75,1.98,1.88,,,1.98,1.88,1.93,1.84,1.13,10.0,17.0,1.16,8.75,15.0,,,,,,,,,,,,,1.16,11.0,21.0,1.12,9.33,16.38,1.22,4.33,,,1.25,4.5,1.22,4.19,-2.5,1.95,1.9,,,1.95,1.9,1.9,1.83,2025,Football-Data.co.uk,https://www.football-data.co.uk/mmz4281/2526/D1.csv,,,,,,,1.11,13.5,27.0,1.26,4.6,1.98,1.95,,,,,,,1.14,11.5,21.0,1.25,4.8,2.02,1.94,1.09,10.0,23.0,1.09,11.0,25.0,1.06,9.5,19.0,,,,,,,1.13,9.0,17.0,1.09,11.0,21.0,1.11,9.5,17.0,,,,,,,2026-01-24,bayern munich,augsburg,market_average_open,1.09,10.35,20.62,market_average_close,1.12,9.33,16.38,market_average_close,1.12,9.33,16.38,closing,0.8928571428571428,0.10718113612004287,0.061050061050061055,1.0610883400272468,0.8414541081793584,0.10101056818444604,0.05753532363619546,0.9424646763638045,0.1585458918206415,0.8989894318155538,1.061047724205619,6.3073220536756125,1.1123601286173634,H,1
D1,2026-01-24,14:30,Ein Frankfurt,Hoffenheim,1,3,A,1.0,0.0,H,9.0,10.0,3.0,5.0,8.0,16.0,6.0,6.0,0.0,4.0,0.0,0.0,2.8,3.75,2.3,2.65,3.7,2.4,,,,,,,,,,,,,2.88,3.75,2.45,2.73,3.63,2.33,1.53,2.5,,,1.57,2.5,1.52,2.45,0.25,1.8,2.05,,,1.83,2.06,1.75,2.02,3.0,3.6,2.2,2.95,3.6,2.25,,,,,,,,,,,,,3.1,3.75,2.28,2.99,3.58,2.21,1.67,2.2,,,1.67,2.45,1.61,2.26,0.25,1.9,1.95,,,1.9,1.95,1.85,1.92,2025,Football-Data.co.uk,https://www.football-data.co.uk/mmz4281/2526/D1.csv,,,,,,,2.98,4.0,2.38,1.58,2.64,1.9,2.08,,,,,,,3.2,3.7,2.34,1.72,2.36,1.95,2.03,2.88,3.6,2.3,2.75,3.7,2.38,2.63,3.6,2.25,,,,,,,3.0,3.5,2.25,3.1,3.6,2.2,2.9,3.75,2.2,,,,,,,2026-01-24,eintracht frankfurt,hoffenheim,market_average_open,2.73,3.63,2.33,market_average_close,2.99,3.58,2.21,market_average_close,2.99,3.58,2.21,closing,0.33444816053511706,0.27932960893854747,0.45248868778280543,1.06626645725647,0.31366283564397257,0.26196979848477037,0.424367365871257,0.575632634128743,0.6863371643560274,0.7380302015152296,1.7372190885486614,1.4570098370503868,1.3549581005586593,A,0
D1,2026-01-24,14:30,Heidenheim,RB Leipzig,0,3,A,0.0,0.0,D,7.0,11.0,2.0,8.0,10.0,9.0,4.0,0.0,1.0,0.0,0.0,0.0,5.0,4.5,1.57,5.25,4.33,1.58,,,,,,,,,,,,,5.6,4.5,1.59,5.08,4.31,1.56,1.5,2.63,,,1.5,2.63,1.48,2.56,1.0,1.93,1.93,,,1.93,1.95,1.87,1.9,4.33,4.33,1.65,4.75,4.33,1.63,,,,,,,,,,,,,4.9,4.5,1.65,4.6,4.33,1.62,1.44,2.75,,,1.45,2.8,1.44,2.72,0.75,2.05,1.8,,,2.07,1.83,2.02,1.77,2025,Football-Data.co.uk,https://www.football-data.co.uk/mmz4281/2526/D1.csv,,,,,,,5.7,4.5,1.64,1.54,2.76,1.95,1.99,,,,,,,5.2,4.5,1.7,1.52,2.92,2.14,1.84,5.0,4.33,1.57,5.6,4.35,1.55,4.8,4.2,1.53,,,,,,,4.6,4.33,1.62,4.9,4.4,1.61,4.6,4.33,1.62,,,,,,,2026-01-24,fc heidenheim,rasenballsport leipzig,market_average_open,5.08,4.31,1.56,market_average_close,4.6,4.33,1.62,market_average_close,4.6,4.33,1.62,closing,0.2173913043478261,0.23094688221709006,0.6172839506172839,1.0656221371822001,0.20400411812264796,0.2167249291834135,0.5792709526939386,0.4207290473060614,0.795995881877352,0.7832750708165865,2.3768266213208356,1.2562879064669346,1.2766907019745586,A,0
D1,2026-01-24,14:30,Leverkusen,Werder Bremen,1,0,H,1.0,0.0,H,13.0,17.0,4.0,3.0,6.0,9.0,5.0,5.0,2.0,3.0,0.0,0.0,1.62,4.2,5.25,1.61,4.33,4.8,,,,,,,,,,,,,1.62,4.33,5.25,1.59,4.23,4.93,1.5,2.63,,,1.5,2.63,1.48,2.58,-1.0,2.0,1.85,,,2.0,1.85,1.95,1.81,1.57,4.33,5.5,1.55,4.6,5.25,,,,,,,,,,,,,1.57,4.6,5.75,1.54,4.41,5.32,1.5,2.63,,,1.5,2.7,1.47,2.62,-1.0,1.93,1.93,,,1.93,1.95,1.86,1.91,2025,Football-Data.co.uk,https://www.football-data.co.uk/mmz4281/2526/D1.csv,,,,,,,1.66,4.4,5.7,1.54,2.76,2.04,1.9,,,,,,,1.61,4.6,6.0,1.52,2.84,1.99,2.0,1.57,4.33,5.0,1.6,4.25,5.2,1.55,4.1,4.75,,,,,,,1.53,4.33,5.5,1.53,4.4,5.75,1.53,4.5,5.25,,,,,,,2026-01-24,bayer leverkusen,werder bremen,market_average_open,1.59,4.23,4.93,market_average_close,1.54,4.41,5.32,market_average_close,1.54,4.41,5.32,closing,0.6493506493506493,0.22675736961451246,0.18796992481203006,1.064077943777192,0.6102472597501912,0.21310221769054294,0.17665052255926586,0.8233494774407342,0.38975274024980877,0.7868977823094571,1.2145510835913311,2.5657292347939835,1.2708130871396177,H,1
D1,2026-01-24,14:30,Mainz,Wolfsburg,3,1,H,0.0,1.0,A,20.0,7.0,9.0,2.0,8.0,11.0,15.0,1.0,3.0,2.0,0.0,0.0,2.3,3.5,3.0,2.3,3.6,2.87,,,,,,,,,,,,,2.38,3.6,3.0,2.31,3.42,2.91,1.73,2.1,,,1.8,2.1,1.74,2.04,-0.25,2.03,1.83,,,2.03,1.83,1.97,1.8,2.25,3.4,3.2,2.3,3.3,3.0,,,,,,,,,,,,,2.36,3.4,3.2,2.29,3.33,3.06,1.93,1.93,,,1.93,1.93,1.88,1.88,-0.25,1.98,1.88,,,2.0,1.88,1.96,1.82,2025,Football-Data.co.uk,https://www.football-data.co.uk/mmz4281/2526/D1.csv,,,,,,,2.46,3.6,3.1,1.83,2.16,2.12,1.86,,,,,,,2.4,3.45,3.3,2.0,1.99,2.06,1.93,2.38,3.4,2.88,2.32,3.5,3.0,2.25,3.4,2.8,,,,,,,2.3,3.3,3.1,2.33,3.35,3.05,2.25,3.4,3.1,,,,,,,2026-01-24,mainz 05,wolfsburg,market_average_open,2.31,3.42,2.91,market_average_close,2.29,3.33,3.06,market_average_close,2.29,3.33,3.06,closing,0.4366812227074236,0.3003003003003003,0.32679738562091504,1.0637789086286389,0.41049998187157827,0.2822957833291034,0.3072042347993184,0.6927957652006816,0.5895000181284218,0.7177042166708967,1.4434268369269416,1.6963527892244294,1.3933316494064156,H,0
D1,2026-01-24,17:30,Union Berlin,Dortmund,0,3,A,0.0,1.0,A,10.0,15.0,3.0,5.0,10.0,16.0,7.0,2.0,0.0,1.0,0.0,0.0,3.6,3.5,2.05,3.7,3.5,2.0,,,,,,,,,,,,,3.75,3.5,2.1,3.57,3.4,2.03,1.91,1.91,,,1.95,1.91,1.91,1.84,0.5,1.8,2.05,,,1.83,2.05,1.77,1.97,3.2,3.3,2.3,3.2,3.25,2.25,,,,,,,,,,,,,3.35,3.33,2.3,3.21,3.25,2.25,2.1,1.73,,,2.1,1.78,2.06,1.73,0.25,1.88,1.98,,,1.9,1.98,1.85,1.91,2025,Football-Data.co.uk,https://www.football-data.co.uk/mmz4281/2526/D1.csv,,,,,,,3.8,3.55,2.16,2.0,1.96,1.84,2.16,,,,,,,3.5,3.35,2.36,2.14,1.85,1.97,2.01,3.75,3.4,2.0,3.65,3.45,2.06,3.4,3.3,2.0,,,,,,,3.2,3.2,2.3,3.35,3.3,2.23,3.13,3.3,2.25,,,,,,,2026-01-24,union berlin,dortmund,market_average_open,3.57,3.4,2.03,market_average_close,3.21,3.25,2.25,market_average_close,3.21,3.25,2.25,closing,0.3115264797507788,0.3076923076923077,0.4444444444444444,1.063663231887531,0.29288074496845895,0.2892760588765395,0.4178431961550015,0.5821568038449985,0.707119255031541,0.7107239411234605,1.7177502579979362,1.4141886151231944,1.4070160608622146,A,0
D1,2026-01-25,14:30,M'gladbach,Stuttgart,0,3,A,0.0,1.0,A,12.0,17.0,3.0,8.0,11.0,7.0,1.0,4.0,1.0,1.0,0.0,0.0,3.0,3.75,2.2,2.87,3.7,2.25,,,,,,,,,,,,,3.0,3.8,2.3,2.89,3.65,2.23,1.53,2.5,,,1.55,2.5,1.52,2.44,0.25,1.85,2.0,,,1.87,2.0,1.83,1.94,2.88,3.7,2.3,2.87,3.7,2.3,,,,,,,,,,,,,3.05,3.7,2.33,2.88,3.61,2.29,1.57,2.38,,,1.62,2.45,1.57,2.35,0.25,1.8,2.05,,,1.87,2.05,1.81,1.97,2025,Football-Data.co.uk,https://www.football-data.co.uk/mmz4281/2526/D1.csv,,,,,,,3.05,3.75,2.44,1.59,2.6,1.88,2.11,,,,,,,3.1,3.75,2.4,1.64,2.52,1.91,2.07,3.0,3.6,2.2,3.0,3.7,2.23,2.75,3.6,2.2,,,,,,,2.88,3.6,2.3,3.05,3.65,2.23,2.8,3.7,2.3,,,,,,,2026-01-25,borussia m gladbach,vfb stuttgart,market_average_open,2.89,3.65,2.23,market_average_close,2.88,3.61,2.29,market_average_close,2.88,3.61,2.29,closing,0.3472222222222222,0.2770083102493075,0.4366812227074236,1.0609117551789533,0.32728661976570633,0.26110400690449703,0.41160937332979664,0.5883906266702034,0.6727133802342937,0.738895993095503,1.6995512074336736,1.4865171845574388,1.353370446374513,A,0
D1,2026-01-25,16:30,Freiburg,FC Koln,2,1,H,2.0,1.0,H,13.0,19.0,5.0,4.0,5.0,9.0,5.0,5.0,1.0,2.0,0.0,0.0,1.9,3.75,3.8,1.93,3.6,3.8,,,,,,,,,,,,,1.95,3.75,4.0,1.9,3.59,3.78,1.8,2.0,,,1.82,2.05,1.78,1.99,-0.5,1.93,1.93,,,1.93,1.93,1.86,1.86,2.0,3.7,3.5,1.98,3.7,3.6,,,,,,,,,,,,,2.0,3.7,3.85,1.98,3.6,3.57,1.73,2.1,,,1.73,2.2,1.68,2.14,-0.5,2.03,1.83,,,2.03,1.85,1.94,1.8,2025,Football-Data.co.uk,https://www.football-data.co.uk/mmz4281/2526/D1.csv,,,,,,,2.0,3.8,4.0,1.82,2.14,2.0,1.97,,,,,,,2.06,3.75,3.95,1.77,2.28,2.06,1.92,1.95,3.6,3.75,1.92,3.55,4.0,1.87,3.5,3.6,,,,,,,2.0,3.6,3.5,1.92,3.65,3.85,2.0,3.7,3.4,,,,,,,2026-01-25,freiburg,fc cologne,market_average_open,1.9,3.59,3.78,market_average_close,1.98,3.6,3.57,market_average_close,1.98,3.6,3.57,closing,0.5050505050505051,0.2777777777777778,0.2801120448179272,1.06294032764621,0.4751447394689559,0.26132960670792577,0.26352565382311843,0.7364743461768817,0.5248552605310441,0.7386703932920744,1.357820547573868,1.905287181437809,1.3537837837837836,H,0
D1,2026-01-27,19:30,St Pauli,RB Leipzig,1,1,D,0.0,0.0,D,7.0,12.0,2.0,5.0,6.0,8.0,4.0,3.0,0.0,1.0,0.0,0.0,4.5,3.5,1.8,4.4,3.5,1.83,,,,,,,,,,,,,4.75,3.6,1.84,4.49,3.47,1.81,2.1,1.73,,,2.1,1.77,2.05,1.74,0.5,2.03,1.83,,,2.05,1.83,1.97,1.77,5.0,3.5,1.75,4.75,3.6,1.75,,,,,,,,,,,,,5.0,3.65,1.82,4.75,3.58,1.75,2.1,1.73,,,2.1,1.8,2.2,1.76,0.75,1.88,1.98,,,1.88,2.1,1.82,1.97,2025,Football-Data.co.uk,https://www.football-data.co.uk/mmz4281/2526/D1.csv,,,,,,,4.9,3.7,1.89,2.14,1.85,2.1,1.89,,,,,,,5.2,3.8,1.83,2.2,1.81,1.91,2.8,4.5,3.4,1.83,4.5,3.5,1.84,4.5,3.5,1.8,,,,,,,5.0,3.5,1.73,4.8,3.65,1.75,4.8,3.6,1.73,4.8,3.6,1.75,4.8,3.6,1.75,2026-01-27,st pauli,rasenballsport leipzig,market_average_open,4.49,3.47,1.81,market_average_close,4.75,3.58,1.75,market_average_close,4.75,3.58,1.75,closing,0.21052631578947367,0.27932960893854747,0.5714285714285714,1.0612844961565926,0.19836935011477874,0.26319955671653605,0.5384310931686852,0.4615689068313148,0.8016306498852213,0.736800443283464,2.1665237523580863,1.2474572923866891,1.3572195960464117,A,0
D1,2026-01-27,19:30,Werder Bremen,Hoffenheim,0,2,A,0.0,1.0,A,26.0,12.0,3.0,3.0,7.0,10.0,6.0,7.0,2.0,2.0,0.0,1.0,3.7,3.6,2.0,3.3,3.6,2.05,,,,,,,,,,,,,3.7,3.7,2.05,3.49,3.61,2.0,1.73,2.1,,,1.73,2.23,1.65,2.19,0.5,1.85,2.0,,,1.85,2.0,1.8,1.95,3.7,3.7,1.91,3.7,3.7,1.93,,,,,,,,,,,,,3.8,3.8,1.96,3.66,3.7,1.93,1.62,2.3,,,1.66,2.38,1.6,2.26,0.5,1.88,1.98,,,1.93,1.98,1.85,1.87,2025,Football-Data.co.uk,https://www.football-data.co.uk/mmz4281/2526/D1.csv,,,,,,,3.7,3.85,2.12,1.72,2.36,1.88,2.12,,,,,,,4.1,3.9,1.99,1.69,2.42,2.0,1.99,3.5,3.6,2.0,3.5,3.65,2.02,3.4,3.7,2.0,,,,,,,3.6,3.75,1.95,3.65,3.7,1.96,3.5,3.8,1.95,3.7,3.7,1.95,3.6,3.7,1.91,2026-01-27,werder bremen,hoffenheim,market_average_open,3.49,3.61,2.0,market_average_close,3.66,3.7,1.93,market_average_close,3.66,3.7,1.93,closing,0.27322404371584696,0.27027027027027023,0.5181347150259068,1.061629029012024,0.2573630112301238,0.2545807084060143,0.48805628036386184,0.511943719636138,0.7426369887698762,0.7454192915939857,1.9533397161522872,1.3465529122868318,1.3415268578059274,A,0
D1,2026-01-30,19:30,FC Koln,Wolfsburg,1,0,H,1.0,0.0,H,15.0,14.0,3.0,3.0,8.0,16.0,3.0,4.0,1.0,4.0,0.0,0.0,1.95,3.8,3.5,1.98,3.8,3.4,,,,,,,,,,,,,2.04,3.8,3.6,1.97,3.73,3.44,1.57,2.38,,,1.62,2.45,1.57,2.33,-0.5,2.0,1.85,,,2.0,1.87,1.92,1.82,2.05,3.7,3.3,2.0,3.7,3.4,,,,,,,,,,,,,2.1,3.7,3.55,2.03,3.62,3.4,1.67,2.2,,,1.68,2.3,1.63,2.22,-0.25,1.83,2.03,,,1.83,2.1,1.75,2.04,2025,Football-Data.co.uk,https://www.football-data.co.uk/mmz4281/2526/D1.csv,,,,,,,2.08,3.9,3.7,1.64,2.54,2.08,1.91,,,,,,,2.1,3.9,3.7,1.71,2.38,1.83,2.18,2.0,3.6,3.5,2.04,3.7,3.45,1.95,3.8,3.4,2.0,3.8,3.4,1.95,3.8,3.4,2.1,3.6,3.3,2.0,3.65,3.55,2.05,3.7,3.3,,,,,,,2026-01-30,fc cologne,wolfsburg,market_average_open,1.97,3.73,3.44,market_average_close,2.03,3.62,3.4,market_average_close,2.03,3.62,3.4,closing,0.4926108374384237,0.27624309392265195,0.29411764705882354,1.0629715784198992,0.4634280421407755,0.25987815622811444,0.27669380163111007,0.72330619836889,0.5365719578592245,0.7401218437718855,1.3825403435710566,1.8636829326484499,1.3511288829197319,H,0
D1,2026-01-31,14:30,Augsburg,St Pauli,2,1,H,1.0,1.0,D,12.0,17.0,6.0,5.0,15.0,13.0,5.0,5.0,3.0,1.0,0.0,0.0,2.0,3.3,4.1,2.0,3.25,4.0,,,,,,,,,,,,,2.0,3.33,4.2,1.97,3.22,4.02,2.3,1.62,,,2.3,1.66,2.21,1.62,-0.5,2.0,1.85,,,2.0,1.85,1.93,1.8,2.1,3.2,3.75,2.15,3.1,3.7,,,,,,,,,,,,,2.15,3.2,4.0,2.11,3.06,3.81,2.3,1.62,,,2.5,1.62,2.35,1.57,-0.25,1.8,2.05,,,1.83,2.05,1.78,2.01,2025,Football-Data.co.uk,https://www.football-data.co.uk/mmz4281/2526/D1.csv,,,,,,,2.06,3.4,4.4,2.44,1.66,2.06,1.91,,,,,,,2.24,3.15,4.1,2.48,1.65,1.88,2.09,1.95,3.25,4.2,1.98,3.25,4.2,1.93,3.13,3.8,2.0,3.25,4.0,2.0,3.2,4.0,2.1,3.1,3.75,2.12,3.05,4.0,2.1,3.13,3.7,,,,,,,2026-01-31,augsburg,st pauli,market_average_open,1.97,3.22,4.02,market_average_close,2.11,3.06,3.81,market_average_close,2.11,3.06,3.81,closing,0.47393364928909953,0.32679738562091504,0.26246719160104987,1.0631982265110644,0.4457622647136417,0.3073720191326092,0.24686571615374908,0.7531342838462509,0.5542377352863583,0.6926279808673907,1.3277844621453265,1.8042798898983834,1.4437764970853209,H,0
D1,2026-01-31,14:30,Ein Frankfurt,Leverkusen,1,3,A,0.0,2.0,A,11.0,11.0,4.0,4.0,11.0,10.0,8.0,3.0,3.0,1.0,1.0,0.0,3.0,3.8,2.2,2.87,3.75,2.25,,,,,,,,,,,,,3.0,3.8,2.28,2.92,3.67,2.21,1.53,2.5,,,1.55,2.5,1.52,2.43,0.25,1.93,1.93,,,1.93,1.97,1.86,1.92,3.4,3.75,2.0,3.4,3.5,2.05,,,,,,,,,,,,,3.6,3.75,2.1,3.38,3.6,2.04,1.67,2.2,,,1.68,2.3,1.64,2.21,0.5,1.78,2.03,,,1.83,2.03,1.76,1.98,2025,Football-Data.co.uk,https://www.football-data.co.uk/mmz4281/2526/D1.csv,,,,,,,3.15,3.9,2.3,1.58,2.66,1.96,2.0,,,,,,,3.7,3.75,2.14,1.76,2.28,1.86,2.14,3.0,3.6,2.2,2.95,3.65,2.28,2.88,3.6,2.1,2.87,3.75,2.25,2.87,3.7,2.25,3.3,3.6,2.1,3.25,3.7,2.1,3.3,3.7,2.05,,,,,,,2026-01-31,eintracht frankfurt,bayer leverkusen,market_average_open,2.92,3.67,2.21,market_average_close,3.38,3.6,2.04,market_average_close,3.38,3.6,2.04,closing,0.2958579881656805,0.2777777777777778,0.49019607843137253,1.063831844374831,0.2781059710987912,0.26111060619830956,0.4607834227028991,0.5392165772971007,0.7218940289012087,0.7388893938016903,1.8545423900219116,1.3852448696965884,1.3533825338253385,A,0
D1,2026-01-31,14:30,Hoffenheim,Union Berlin,3,1,H,2.0,0.0,H,9.0,16.0,4.0,3.0,11.0,18.0,3.0,10.0,2.0,2.0,0.0,0.0,1.8,3.8,4.33,1.78,3.7,4.4,,,,,,,,,,,,,1.83,3.8,4.5,1.78,3.69,4.3,1.8,2.0,,,1.83,2.0,1.79,1.96,-0.75,2.03,1.83,,,2.05,1.83,1.99,1.79,1.83,3.8,4.2,1.82,3.6,4.33,,,,,,,,,,,,,1.84,3.8,4.33,1.81,3.63,4.23,1.8,2.0,,,1.83,2.05,1.79,1.98,-0.5,1.83,2.03,,,1.83,2.03,1.79,1.96,2025,Football-Data.co.uk,https://www.football-data.co.uk/mmz4281/2526/D1.csv,,,,,,,1.85,3.9,4.7,1.88,2.08,2.08,1.89,,,,,,,1.9,3.7,4.7,1.88,2.1,1.9,2.09,1.8,3.75,4.33,1.78,3.7,4.5,1.73,3.6,4.2,1.8,3.7,4.4,1.8,3.7,4.33,1.83,3.6,4.2,1.82,3.65,4.3,1.8,3.75,4.1,,,,,,,2026-01-31,hoffenheim,union berlin,market_average_open,1.78,3.69,4.3,market_average_close,1.81,3.63,4.23,market_average_close,1.81,3.63,4.23,closing,0.5524861878453039,0.27548209366391185,0.23640661938534277,1.0643749008945584,0.5190710410222606,0.2588205466254247,0.2221084123523148,0.7778915876476853,0.48092895897773946,0.7411794533745755,1.2855261785565288,2.0793091813926026,1.3492009194899017,H,1
D1,2026-01-31,14:30,RB Leipzig,Mainz,1,2,A,1.0,1.0,D,15.0,11.0,4.0,4.0,4.0,13.0,5.0,4.0,0.0,4.0,0.0,0.0,1.55,4.5,5.5,1.55,4.6,5.25,,,,,,,,,,,,,1.55,4.75,6.0,1.52,4.44,5.41,1.53,2.5,,,1.53,2.55,1.5,2.5,-1.0,1.88,1.98,,,1.88,1.98,1.85,1.93,1.55,4.75,5.5,1.55,4.6,5.25,,,,,,,,,,,,,1.55,4.75,5.8,1.52,4.52,5.44,1.44,2.75,,,1.5,2.9,1.45,2.69,-1.0,1.85,2.0,,,1.85,2.0,1.82,1.95,2025,Football-Data.co.uk,https://www.football-data.co.uk/mmz4281/2526/D1.csv,,,,,,,1.58,4.7,6.2,1.55,2.74,1.9,2.04,,,,,,,1.58,4.7,6.0,1.5,2.94,1.93,2.04,1.5,4.5,6.0,1.53,4.4,5.75,1.5,4.2,5.0,1.55,4.6,5.25,1.53,4.6,5.0,1.53,4.5,5.5,1.53,4.4,5.8,1.5,4.6,5.5,,,,,,,2026-01-31,rasenballsport leipzig,mainz 05,market_average_open,1.52,4.44,5.41,market_average_close,1.52,4.52,5.44,market_average_close,1.52,4.52,5.44,closing,0.6578947368421053,0.22123893805309736,0.1838235294117647,1.0629572043069673,0.6189287152637939,0.208135320177205,0.1729359645590012,0.8270640354409989,0.3810712847362062,0.7918646798227951,1.2090962212699647,2.6241809342633693,1.2628420303122774,H,1
D1,2026-01-31,14:30,Werder Bremen,M'gladbach,1,1,D,0.0,0.0,D,18.0,7.0,6.0,2.0,10.0,14.0,7.0,3.0,0.0,1.0,0.0,0.0,2.45,3.6,2.75,2.2,3.3,2.7,,,,,,,,,,,,,2.45,3.6,2.9,2.35,3.49,2.79,1.67,2.2,,,1.7,2.2,1.66,2.15,0.0,1.8,2.05,,,1.83,2.14,1.75,2.03,2.15,3.6,3.25,2.05,3.25,3.1,,,,,,,,,,,,,2.2,3.6,3.3,2.14,3.48,3.21,1.73,2.1,,,1.78,2.16,1.71,2.09,-0.25,1.85,2.0,,,1.88,2.0,1.84,1.93,2025,Football-Data.co.uk,https://www.football-data.co.uk/mmz4281/2526/D1.csv,,,,,,,2.48,3.7,2.96,1.75,2.28,1.83,2.17,,,,,,,2.22,3.75,3.45,1.81,2.2,1.92,2.05,2.4,3.4,2.8,2.38,3.55,2.85,2.3,3.5,2.7,2.3,3.6,2.87,2.3,3.6,2.8,2.15,3.5,3.2,2.18,3.5,3.25,2.1,3.6,3.2,,,,,,,2026-01-31,werder bremen,borussia m gladbach,market_average_open,2.35,3.49,2.79,market_average_close,2.14,3.48,3.21,market_average_close,2.14,3.48,3.21,closing,0.4672897196261682,0.28735632183908044,0.3115264797507788,1.0661725212160276,0.4382871536523929,0.26952141057934503,0.29219143576826195,0.707808564231738,0.561712846347607,0.7304785894206549,1.4128113879003559,1.7802690582959644,1.3689655172413793,H,0
D1,2026-01-31,17:30,Hamburg,Bayern Munich,2,2,D,1.0,1.0,D,14.0,13.0,4.0,7.0,12.0,16.0,3.0,9.0,6.0,4.0,0.0,0.0,8.0,6.5,1.29,7.75,6.5,1.3,,,,,,,,,,,,,10.0,6.5,1.3,8.81,6.15,1.26,1.33,3.4,,,1.33,3.7,1.3,3.41,1.75,1.93,1.93,,,1.97,1.93,1.91,1.87,7.5,6.5,1.3,7.5,6.0,1.32,,,,,,,,,,,,,10.0,6.5,1.32,9.01,5.94,1.27,1.4,3.0,,,1.4,3.25,1.37,3.02,1.75,1.83,2.03,,,1.92,2.03,1.85,1.93,2025,Football-Data.co.uk,https://www.football-data.co.uk/mmz4281/2526/D1.csv,,,,,,,10.5,7.2,1.29,1.35,3.7,1.99,1.95,,,,,,,10.0,6.8,1.31,1.4,3.35,1.91,2.08,9.0,6.0,1.29,10.0,6.25,1.26,8.5,5.75,1.25,,,,,,,9.5,6.0,1.25,10.0,6.25,1.26,9.5,6.0,1.25,,,,,,,2026-01-31,hamburger sv,bayern munich,market_average_open,8.81,6.15,1.26,market_average_close,9.01,5.94,1.27,market_average_close,9.01,5.94,1.27,closing,0.11098779134295228,0.16835016835016833,0.7874015748031495,1.06673953449627,0.1040439467684699,0.1578175017481336,0.7381385514833966,0.26186144851660353,0.8959560532315302,0.8421824982518664,3.8188133673926203,1.1161261720295372,1.187391096437789,A,0
D1,2026-02-01,14:30,Stuttgart,Freiburg,1,0,H,0.0,0.0,D,18.0,11.0,7.0,2.0,14.0,14.0,6.0,2.0,3.0,1.0,0.0,0.0,1.67,4.1,4.75,1.68,4.1,4.5,,,,,,,,,,,,,1.72,4.2,4.9,1.67,3.99,4.53,1.62,2.3,,,1.62,2.3,1.6,2.27,-0.75,1.85,2.0,,,1.9,2.0,1.85,1.92,1.65,4.2,4.75,1.68,4.1,4.6,,,,,,,,,,,,,1.68,4.25,5.0,1.63,4.13,4.82,1.62,2.3,,,1.62,2.4,1.59,2.3,-1.0,2.05,1.8,,,2.1,1.81,2.04,1.75,2025,Football-Data.co.uk,https://www.football-data.co.uk/mmz4281/2526/D1.csv,,,,,,,1.73,4.2,5.1,1.66,2.44,1.92,2.06,,,,,,,1.7,4.3,5.4,1.65,2.48,2.17,1.82,1.67,4.0,4.6,1.68,3.95,4.9,1.62,3.9,4.4,,,,,,,1.67,4.0,4.6,1.64,4.2,4.9,1.62,4.2,4.8,,,,,,,2026-02-01,vfb stuttgart,freiburg,market_average_open,1.67,3.99,4.53,market_average_close,1.63,4.13,4.82,market_average_close,1.63,4.13,4.82,closing,0.6134969325153374,0.24213075060532688,0.20746887966804978,1.0630965627887141,0.5770848613281306,0.22775988473725253,0.19515525393461677,0.8048447460653831,0.4229151386718693,0.7722401152627474,1.2424756512217612,2.3645405627720466,1.2949340240629166,H,1
D1,2026-02-01,16:30,Dortmund,Heidenheim,3,2,H,1.0,1.0,D,19.0,12.0,5.0,3.0,11.0,11.0,12.0,3.0,2.0,2.0,0.0,0.0,1.22,6.5,12.0,1.25,6.5,10.0,,,,,,,,,,,,,1.25,6.5,12.5,1.22,6.22,11.13,1.44,2.75,,,1.44,2.88,1.42,2.76,-1.75,1.85,2.0,,,1.85,2.0,1.81,1.96,1.27,6.5,8.5,1.29,6.25,8.75,,,,,,,,,,,,,1.29,6.5,12.0,1.26,6.03,10.0,1.4,3.0,,,1.44,3.1,1.4,2.84,-1.75,1.93,1.93,,,1.93,1.93,1.88,1.89,2025,Football-Data.co.uk,https://www.football-data.co.uk/mmz4281/2526/D1.csv,,,,,,,1.25,7.0,14.0,1.47,2.96,1.88,2.07,,,,,,,1.29,7.0,12.0,1.47,3.05,2.0,1.95,1.22,6.0,12.0,1.23,6.25,12.5,1.2,5.75,10.5,1.25,6.5,10.0,1.25,6.5,10.0,1.25,6.0,11.0,1.24,6.0,12.0,1.25,6.0,10.0,,,,,,,2026-02-01,dortmund,fc heidenheim,market_average_open,1.22,6.22,11.13,market_average_close,1.26,6.03,10.0,market_average_close,1.26,6.03,10.0,closing,0.7936507936507936,0.16583747927031509,0.1,1.0594882729211088,0.7490887949732787,0.15652601686008807,0.09438518816663312,0.9056148118333668,0.2509112050267212,0.8434739831399118,1.1042222222222224,3.9854736654487124,1.1855730229845445,H,1
D1,2026-02-06,19:30,Union Berlin,Ein Frankfurt,1,1,D,0.0,0.0,D,11.0,3.0,3.0,1.0,9.0,11.0,5.0,2.0,4.0,3.0,0.0,1.0,2.0,3.5,3.6,2.05,3.4,3.5,,,,,,,,,,,,,2.08,3.5,3.6,2.04,3.46,3.52,1.91,1.91,,,1.92,1.93,1.87,1.88,-0.5,2.05,1.8,,,2.05,1.83,2.0,1.75,2.1,3.5,3.25,2.15,3.4,3.4,,,,,,,,,,,,,2.22,3.5,3.45,2.14,3.39,3.31,2.0,1.8,,,2.0,1.91,1.93,1.83,-0.25,1.85,2.0,,,1.9,2.0,1.83,1.94,2025,Football-Data.co.uk,https://www.football-data.co.uk/mmz4281/2526/D1.csv,,,,,,,2.16,3.65,3.75,1.98,2.0,2.16,1.84,,,,,,,2.22,3.6,3.6,2.08,1.91,1.91,2.07,2.05,3.5,3.5,2.06,3.45,3.6,2.05,3.5,3.5,,,,,,,2.1,3.4,3.4,2.12,3.4,3.45,2.15,3.4,3.3,,,,,,,2026-02-06,union berlin,eintracht frankfurt,market_average_open,2.04,3.46,3.52,market_average_close,2.14,3.39,3.31,market_average_close,2.14,3.39,3.31,closing,0.4672897196261682,0.2949852507374631,0.3021148036253776,1.064389773989009,0.43902124113322566,0.2771402525147796,0.2838385063519948,0.7161614936480052,0.5609787588667744,0.7228597474852205,1.3963331020579863,1.7825986887989957,1.3833942247841735,H,0
D1,2026-02-07,14:30,Freiburg,Werder Bremen,1,0,H,1.0,0.0,H,7.0,17.0,2.0,5.0,9.0,12.0,4.0,8.0,0.0,1.0,1.0,0.0,1.83,3.75,4.2,1.82,3.75,4.1,,,,,,,,,,,,,1.85,3.8,4.4,1.79,3.7,4.17,1.8,2.0,,,1.8,2.1,1.74,2.03,-0.75,2.05,1.75,,,2.05,1.83,2.0,1.76,2.1,3.4,3.5,2.15,3.3,3.4,,,,,,,,,,,,,2.15,3.5,3.75,2.1,3.34,3.47,1.98,1.88,,,2.0,1.93,1.92,1.85,-0.25,1.8,2.05,,,1.83,2.05,1.79,1.99,2025,Football-Data.co.uk,https://www.football-data.co.uk/mmz4281/2526/D1.csv,,,,,,,1.9,3.85,4.5,1.82,2.18,2.15,1.84,,,,,,,2.22,3.4,3.85,2.04,1.94,1.89,2.09,1.8,3.75,4.2,1.78,3.75,4.4,1.75,3.6,4.0,,,,,,,2.1,3.4,3.4,2.08,3.35,3.65,2.1,3.5,3.3,,,,,,,2026-02-07,freiburg,werder bremen,market_average_open,1.79,3.7,4.17,market_average_close,2.1,3.34,3.47,market_average_close,2.1,3.34,3.47,closing,0.47619047619047616,0.29940119760479045,0.2881844380403458,1.0637761118356124,0.4476416333214887,0.2814513263398582,0.27090704033865315,0.7290929596613469,0.5523583666785113,0.7185486736601419,1.3715672147821665,1.8104188518285433,1.3916941700082779,H,0
D1,2026-02-07,14:30,Heidenheim,Hamburg,0,2,A,0.0,1.0,A,20.0,14.0,4.0,5.0,6.0,11.0,10.0,8.0,0.0,2.0,0.0,0.0,2.88,3.5,2.45,2.8,3.4,2.45,,,,,,,,,,,,,2.9,3.6,2.5,2.78,3.41,2.41,1.8,2.0,,,1.8,2.0,1.77,1.99,0.0,2.1,1.78,,,2.1,1.83,2.02,1.74,2.8,3.4,2.45,2.85,3.4,2.4,,,,,,,,,,,,,2.92,3.4,2.5,2.87,3.37,2.4,1.88,1.98,,,1.91,1.98,1.85,1.91,0.25,1.7,2.1,,,1.83,2.1,1.74,2.05,2025,Football-Data.co.uk,https://www.football-data.co.uk/mmz4281/2526/D1.csv,,,,,,,2.98,3.6,2.56,1.86,2.1,2.16,1.84,,,,,,,3.05,3.5,2.56,1.94,2.04,1.82,2.19,2.75,3.6,2.4,2.8,3.4,2.48,2.7,3.4,2.3,,,,,,,2.88,3.4,2.38,2.88,3.4,2.43,2.88,3.4,2.38,,,,,,,2026-02-07,fc heidenheim,hamburger sv,market_average_open,2.78,3.41,2.41,market_average_close,2.87,3.37,2.4,market_average_close,2.87,3.37,2.4,closing,0.3484320557491289,0.29673590504451036,0.4166666666666667,1.0618346274603059,0.32814154552720515,0.2794558562798453,0.39240259819294954,0.6075974018070505,0.6718584544727948,0.7205441437201547,1.645826655982906,1.4884087464296283,1.3878400216217432,A,0
D1,2026-02-07,14:30,Mainz,Augsburg,2,0,H,1.0,0.0,H,10.0,14.0,6.0,6.0,12.0,10.0,6.0,4.0,2.0,2.0,0.0,0.0,2.05,3.6,3.5,2.05,3.5,3.5,,,,,,,,,,,,,2.1,3.66,3.55,2.04,3.51,3.41,1.8,2.0,,,1.83,2.0,1.8,1.95,-0.25,1.75,2.05,,,1.83,2.05,1.77,2.0,1.91,3.7,3.8,1.95,3.6,3.8,,,,,,,,,,,,,2.0,3.7,4.0,1.94,3.57,3.75,1.8,2.0,,,1.85,2.0,1.8,1.96,-0.5,1.93,1.93,,,1.93,1.93,1.87,1.86,2025,Football-Data.co.uk,https://www.football-data.co.uk/mmz4281/2526/D1.csv,,,,,,,2.14,3.65,3.7,1.9,2.08,1.85,2.14,,,,,,,2.04,3.75,4.0,1.87,2.12,2.04,1.94,2.05,3.5,3.5,2.07,3.45,3.55,2.0,3.4,3.3,,,,,,,1.95,3.6,3.75,2.0,3.5,3.75,1.93,3.6,3.75,,,,,,,2026-02-07,mainz 05,augsburg,market_average_open,2.04,3.51,3.41,market_average_close,1.94,3.57,3.75,market_average_close,1.94,3.57,3.75,closing,0.5154639175257733,0.2801120448179272,0.26666666666666666,1.062242629010367,0.48526005589325916,0.26369874185796155,0.25104120224877935,0.7489587977512207,0.5147399441067408,0.7363012581420385,1.3351869328493648,1.9427285786716244,1.3581397409578946,H,0
D1,2026-02-07,14:30,St Pauli,Stuttgart,2,1,H,1.0,0.0,H,15.0,7.0,7.0,3.0,9.0,10.0,5.0,5.0,0.0,2.0,0.0,0.0,4.33,3.75,1.8,4.33,3.6,1.82,,,,,,,,,,,,,4.5,3.75,1.85,4.2,3.63,1.8,1.93,1.93,,,1.93,1.95,1.87,1.89,0.5,2.05,1.8,,,2.05,1.83,1.96,1.77,5.0,3.9,1.67,4.75,3.7,1.73,,,,,,,,,,,,,5.0,3.9,1.73,4.79,3.77,1.7,1.85,2.0,,,1.88,2.0,1.82,1.94,0.75,1.98,1.88,,,1.98,1.93,1.89,1.89,2025,Football-Data.co.uk,https://www.football-data.co.uk/mmz4281/2526/D1.csv,,,,,,,4.6,3.75,1.9,1.96,2.0,2.08,1.9,,,,,,,5.1,4.1,1.77,1.91,2.08,1.99,1.99,4.0,3.75,1.83,4.5,3.55,1.82,4.1,3.5,1.75,,,,,,,5.0,3.75,1.7,5.0,3.7,1.72,4.8,3.8,1.7,,,,,,,2026-02-07,st pauli,vfb stuttgart,market_average_open,4.2,3.63,1.8,market_average_close,4.79,3.77,1.7,market_average_close,4.79,3.77,1.7,closing,0.20876826722338204,0.26525198938992045,0.5882352941176471,1.0622555507309497,0.19653299724320228,0.2497063811127159,0.5537606216440817,0.4462393783559182,0.8034670027567976,0.750293618887284,2.2409496976360637,1.2446061836626428,1.3328115484749035,A,0
D1,2026-02-07,14:30,Wolfsburg,Dortmund,1,2,A,0.0,1.0,A,12.0,21.0,2.0,4.0,13.0,10.0,4.0,8.0,1.0,1.0,0.0,0.0,4.2,4.2,1.73,4.4,4.0,1.73,,,,,,,,,,,,,4.5,4.2,1.74,4.24,4.01,1.71,1.57,2.38,,,1.6,2.4,1.56,2.36,0.75,1.93,1.93,,,1.93,1.93,1.88,1.9,4.2,4.33,1.7,4.33,4.1,1.72,,,,,,,,,,,,,4.8,4.35,1.72,4.46,4.16,1.67,1.5,2.63,,,1.53,2.65,1.49,2.55,0.75,1.98,1.88,,,2.04,1.88,1.96,1.81,2025,Football-Data.co.uk,https://www.football-data.co.uk/mmz4281/2526/D1.csv,,,,,,,4.6,4.2,1.82,1.61,2.56,1.95,2.02,,,,,,,4.9,4.3,1.76,1.58,2.7,2.03,1.95,4.2,4.0,1.73,4.4,4.0,1.74,4.1,3.9,1.67,,,,,,,4.33,4.2,1.7,4.8,4.35,1.63,4.4,4.2,1.67,,,,,,,2026-02-07,wolfsburg,dortmund,market_average_open,4.24,4.01,1.71,market_average_close,4.46,4.16,1.67,market_average_close,4.46,4.16,1.67,closing,0.2242152466367713,0.24038461538461536,0.5988023952095809,1.0634022572309676,0.21084706667880662,0.2260523839873744,0.5631005493338189,0.436899450666181,0.7891529333211933,0.7739476160126255,2.2888561623852066,1.2671815028190356,1.292077111306312,A,0
D1,2026-02-07,17:30,M'gladbach,Leverkusen,1,1,D,1.0,1.0,D,9.0,10.0,6.0,2.0,7.0,11.0,2.0,2.0,2.0,3.0,0.0,0.0,3.5,3.75,2.0,3.3,3.75,2.05,,,,,,,,,,,,,3.65,3.75,2.05,3.41,3.67,1.99,1.62,2.3,,,1.64,2.35,1.6,2.26,0.5,1.83,2.03,,,1.83,2.03,1.78,1.96,3.4,3.7,2.05,3.5,3.5,2.05,,,,,,,,,,,,,3.7,3.75,2.05,3.48,3.65,2.0,1.67,2.2,,,1.73,2.2,1.68,2.14,0.5,1.83,2.03,,,1.83,2.05,1.77,1.98,2025,Football-Data.co.uk,https://www.football-data.co.uk/mmz4281/2526/D1.csv,,,,,,,3.8,3.85,2.06,1.68,2.4,1.92,2.06,,,,,,,3.75,3.85,2.1,1.75,2.3,1.89,2.1,3.3,3.75,2.05,3.65,3.7,1.97,3.25,3.6,1.95,,,,,,,3.5,3.75,1.95,3.7,3.75,1.94,3.4,3.7,2.0,,,,,,,2026-02-07,borussia m gladbach,bayer leverkusen,market_average_open,3.41,3.67,1.99,market_average_close,3.48,3.65,2.0,market_average_close,3.48,3.65,2.0,closing,0.28735632183908044,0.273972602739726,0.5,1.0613289245788065,0.2707514279356131,0.2581410874564201,0.4711074846079668,0.5288925153920332,0.7292485720643869,0.7418589125435799,1.8907433380084153,1.37127453972129,1.3479652034796519,A,0
D1,2026-02-08,14:30,FC Koln,RB Leipzig,1,2,A,0.0,1.0,A,10.0,19.0,3.0,4.0,7.0,13.0,4.0,3.0,1.0,4.0,0.0,0.0,3.25,3.8,2.1,3.1,3.75,2.1,,,,,,,,,,,,,3.25,4.0,2.1,3.14,3.81,2.05,1.5,2.63,,,1.5,2.75,1.46,2.62,0.25,2.03,1.83,,,2.03,1.83,1.97,1.8,3.4,3.9,2.0,3.25,3.8,2.05,,,,,,,,,,,,,3.5,4.0,2.05,3.31,3.85,2.0,1.44,2.75,,,1.48,2.75,1.44,2.67,0.5,1.83,2.03,,,1.83,2.03,1.79,1.95,2025,Football-Data.co.uk,https://www.football-data.co.uk/mmz4281/2526/D1.csv,,,,,,,3.45,3.95,2.14,1.52,2.78,2.1,1.87,,,,,,,3.65,4.0,2.06,1.52,2.9,1.92,2.06,3.1,4.0,2.05,3.25,3.75,2.08,3.0,3.75,2.0,,,,,,,3.2,4.0,2.0,3.45,3.9,1.98,3.3,4.0,1.95,3.25,3.8,2.05,3.25,3.8,2.05,2026-02-08,fc cologne,rasenballsport leipzig,market_average_open,3.14,3.81,2.05,market_average_close,3.31,3.85,2.0,market_average_close,3.31,3.85,2.0,closing,0.3021148036253776,0.2597402597402597,0.5,1.0618550633656374,0.28451604559646754,0.24460989894137858,0.47087405546215383,0.5291259445378461,0.7154839544035324,0.7553901010586214,1.889909217877095,1.3976553825496425,1.3238193068701545,A,0
D1,2026-02-08,16:30,Bayern Munich,Hoffenheim,5,1,H,3.0,1.0,H,27.0,9.0,14.0,4.0,11.0,9.0,8.0,3.0,2.0,2.0,0.0,1.0,1.29,7.0,7.5,1.29,6.75,7.75,,,,,,,,,,,,,1.29,7.0,9.0,1.26,6.34,8.44,1.25,4.0,,,1.25,4.1,1.23,3.92,-1.75,1.85,2.0,,,1.85,2.0,1.82,1.95,1.2,8.0,10.0,1.25,7.25,9.0,,,,,,,,,,,,,1.25,8.0,11.0,1.22,7.03,9.82,1.22,4.33,,,1.23,4.5,1.21,4.19,-2.0,1.78,2.03,,,1.96,2.03,1.88,1.89,2025,Football-Data.co.uk,https://www.football-data.co.uk/mmz4281/2526/D1.csv,,,,,,,1.3,7.2,10.0,1.28,4.2,1.88,2.05,,,,,,,1.26,8.0,11.5,1.25,4.8,1.89,2.07,1.25,6.5,9.0,1.27,6.4,9.0,1.22,6.0,8.5,,,,,,,1.2,7.0,11.0,1.25,6.5,9.5,1.2,7.0,11.0,1.25,7.5,9.0,1.25,7.0,8.5,2026-02-08,bayern munich,hoffenheim,market_average_open,1.26,6.34,8.44,market_average_close,1.22,7.03,9.82,market_average_close,1.22,7.03,9.82,closing,0.819672131147541,0.14224751066856328,0.10183299389002036,1.0637526357061247,0.7705476852740659,0.1337223578996245,0.0957299568263096,0.9042700431736904,0.22945231472593408,0.8662776421003755,1.1058643461087452,4.358204018096027,1.1543643185519616,H,1
D1,2026-02-13,19:30,Dortmund,Mainz,4,0,H,3.0,0.0,H,14.0,10.0,8.0,5.0,10.0,5.0,7.0,2.0,3.0,2.0,0.0,0.0,1.53,4.5,5.5,1.57,4.4,5.25,,,,,,,,,,,,,1.57,4.6,6.1,1.52,4.35,5.52,1.53,2.5,,,1.54,2.55,1.52,2.45,-1.0,1.85,2.0,,,1.9,2.0,1.83,1.94,1.65,4.2,4.75,1.65,4.2,4.6,,,,,,,,,,,,,1.69,4.2,5.4,1.64,4.1,4.77,1.57,2.38,,,1.62,2.45,1.56,2.36,-0.75,1.8,2.05,,,1.85,2.1,1.77,2.02,2025,Football-Data.co.uk,https://www.football-data.co.uk/mmz4281/2526/D1.csv,,,,,,,1.56,4.9,6.2,1.57,2.68,1.86,2.12,,,,,,,1.71,4.2,5.5,1.65,2.5,1.9,2.09,1.5,4.33,6.0,1.52,4.4,6.1,1.5,4.1,5.25,,,,,,,1.67,4.0,4.6,1.58,4.2,5.4,1.62,4.2,4.8,,,,,,,2026-02-13,dortmund,mainz 05,market_average_open,1.52,4.35,5.52,market_average_close,1.64,4.1,4.77,market_average_close,1.64,4.1,4.77,closing,0.6097560975609756,0.24390243902439027,0.20964360587002098,1.0633021424553868,0.5734551574897812,0.22938206299591252,0.19716277951430636,0.8028372204856937,0.42654484251021885,0.7706179370040875,1.245582509733453,2.3444193912063134,1.2976599063962557,H,1
D1,2026-02-14,14:30,Ein Frankfurt,M'gladbach,3,0,H,2.0,0.0,H,12.0,20.0,9.0,3.0,11.0,11.0,2.0,8.0,3.0,2.0,0.0,0.0,1.95,3.5,4.0,1.93,3.7,3.6,,,,,,,,,,,,,1.96,3.75,4.0,1.92,3.58,3.71,1.73,2.1,,,1.75,2.1,1.72,2.06,-0.5,1.95,1.9,,,1.95,1.9,1.88,1.84,2.2,3.5,3.25,2.15,3.5,3.25,,,,,,,,,,,,,2.2,3.6,3.65,2.12,3.47,3.31,1.67,2.2,,,1.75,2.2,1.7,2.09,-0.25,1.93,1.93,,,1.93,2.08,1.8,1.99,2025,Football-Data.co.uk,https://www.football-data.co.uk/mmz4281/2526/D1.csv,,,,,,,2.0,3.8,4.0,1.8,2.2,2.0,1.96,,,,,,,2.28,3.55,3.5,1.76,2.28,1.97,2.01,1.95,3.6,3.75,1.92,3.6,3.9,1.87,3.5,3.6,,,,,,,2.15,3.5,3.2,2.02,3.55,3.65,2.15,3.6,3.1,2.15,3.5,3.25,2.15,3.5,3.25,2026-02-14,eintracht frankfurt,borussia m gladbach,market_average_open,1.92,3.58,3.71,market_average_close,2.12,3.47,3.31,market_average_close,2.12,3.47,3.31,closing,0.4716981132075471,0.2881844380403458,0.3021148036253776,1.0619973548732706,0.44416128820192347,0.2713607870282645,0.284477924769812,0.715522075230188,0.5558387117980765,0.7286392129717354,1.3975809197477154,1.7990830411309622,1.3724213330785848,H,0
D1,2026-02-14,14:30,Hamburg,Union Berlin,3,2,H,2.0,1.0,H,13.0,12.0,4.0,5.0,12.0,7.0,6.0,3.0,3.0,0.0,0.0,0.0,2.5,3.25,2.9,2.5,3.25,2.85,,,,,,,,,,,,,2.54,3.25,3.0,2.49,3.16,2.86,2.1,1.73,,,2.1,1.75,2.07,1.71,0.0,1.83,2.03,,,1.83,2.03,1.78,1.98,2.3,3.25,3.2,2.37,3.1,3.1,,,,,,,,,,,,,2.38,3.25,3.25,2.33,3.14,3.14,2.2,1.67,,,2.2,1.71,2.15,1.67,-0.25,1.98,1.88,,,2.02,1.88,1.97,1.81,2025,Football-Data.co.uk,https://www.football-data.co.uk/mmz4281/2526/D1.csv,,,,,,,2.64,3.3,3.05,2.2,1.82,1.84,2.12,,,,,,,2.42,3.25,3.5,2.34,1.72,2.05,1.93,2.5,3.2,2.88,2.5,3.2,2.95,2.45,3.13,2.7,,,,,,,2.38,3.1,3.2,2.38,3.2,3.1,2.3,3.2,3.13,2.37,3.1,3.1,2.37,3.1,3.1,2026-02-14,hamburger sv,union berlin,market_average_open,2.49,3.16,2.86,market_average_close,2.33,3.14,3.14,market_average_close,2.33,3.14,3.14,closing,0.4291845493562232,0.3184713375796178,0.3184713375796178,1.0661272245154587,0.40256410256410263,0.29871794871794877,0.29871794871794877,0.7012820512820515,0.5974358974358975,0.7012820512820515,1.4259597806215718,1.67381974248927,1.4259597806215718,H,0
D1,2026-02-14,14:30,Hoffenheim,Freiburg,3,0,H,0.0,0.0,D,25.0,13.0,7.0,3.0,8.0,6.0,6.0,6.0,3.0,1.0,0.0,0.0,1.73,3.9,4.5,1.78,3.9,4.2,,,,,,,,,,,,,1.78,4.0,4.5,1.72,3.85,4.4,1.67,2.2,,,1.67,2.23,1.66,2.17,-0.75,1.93,1.93,,,1.93,1.93,1.9,1.88,1.73,3.9,4.5,1.72,4.0,4.4,,,,,,,,,,,,,1.73,4.1,4.75,1.7,3.92,4.53,1.73,2.1,,,1.73,2.28,1.65,2.17,-0.75,1.98,1.88,,,1.98,1.96,1.88,1.9,2025,Football-Data.co.uk,https://www.football-data.co.uk/mmz4281/2526/D1.csv,,,,,,,1.79,4.1,4.7,1.74,2.28,2.0,1.96,,,,,,,1.79,4.1,5.0,1.75,2.28,2.0,1.98,1.73,3.75,4.5,1.73,3.95,4.5,1.67,3.7,4.33,,,,,,,1.73,3.75,4.5,1.68,4.1,4.7,1.7,3.9,4.5,1.73,4.0,4.4,1.7,4.0,4.4,2026-02-14,hoffenheim,freiburg,market_average_open,1.72,3.85,4.4,market_average_close,1.7,3.92,4.53,market_average_close,1.7,3.92,4.53,closing,0.5882352941176471,0.25510204081632654,0.22075055187637968,1.0640878868103534,0.5528070579591938,0.23973775472720138,0.2074551873136047,0.7925448126863952,0.44719294204080606,0.7602622452727985,1.2617583056413157,2.236171249564915,1.3153356045467948,H,1
D1,2026-02-14,14:30,Leverkusen,St Pauli,4,0,H,2.0,0.0,H,12.0,11.0,7.0,1.0,7.0,11.0,8.0,3.0,0.0,1.0,0.0,0.0,1.45,3.75,6.5,1.49,4.33,6.5,,,,,,,,,,,,,1.49,4.4,8.0,1.45,4.21,6.77,1.88,1.98,,,1.88,2.02,1.82,1.94,-1.0,1.83,2.03,,,1.83,2.14,1.76,2.02,1.53,4.33,6.0,1.53,4.33,5.75,,,,,,,,,,,,,1.54,4.35,6.5,1.51,4.23,6.14,1.91,1.91,,,1.91,2.0,1.82,1.94,-1.0,1.88,1.98,,,1.91,1.98,1.85,1.93,2025,Football-Data.co.uk,https://www.football-data.co.uk/mmz4281/2526/D1.csv,,,,,,,1.51,4.6,7.8,1.9,2.06,1.84,2.12,,,,,,,1.56,4.5,7.2,1.94,2.04,1.95,2.02,1.44,4.33,7.0,1.43,4.4,8.0,1.44,4.0,6.5,,,,,,,1.5,4.2,6.5,1.5,4.35,6.4,1.5,4.1,6.5,1.53,4.33,5.75,1.53,4.33,5.75,2026-02-14,bayer leverkusen,st pauli,market_average_open,1.45,4.21,6.77,market_average_close,1.51,4.23,6.14,market_average_close,1.51,4.23,6.14,closing,0.6622516556291391,0.23640661938534277,0.16286644951140067,1.0615247245258825,0.6238683285732474,0.2227047697743743,0.1534269016523784,0.8465730983476216,0.37613167142675275,0.7772952302256257,1.1812329046975905,2.658643437833281,1.28651246156461,H,1
D1,2026-02-14,14:30,Werder Bremen,Bayern Munich,0,3,A,0.0,2.0,A,14.0,11.0,3.0,8.0,10.0,6.0,2.0,4.0,3.0,1.0,0.0,0.0,8.0,6.0,1.3,7.5,6.0,1.33,,,,,,,,,,,,,8.5,6.1,1.33,8.06,5.79,1.29,1.33,3.4,,,1.33,3.5,1.31,3.34,1.75,1.88,1.98,,,1.88,2.0,1.82,1.95,8.0,6.25,1.3,6.5,6.25,1.35,,,,,,,,,,,,,9.0,6.25,1.35,7.88,5.83,1.31,1.3,3.5,,,1.3,3.6,1.29,3.43,1.75,1.83,2.03,,,1.9,2.1,1.8,1.99,2025,Football-Data.co.uk,https://www.football-data.co.uk/mmz4281/2526/D1.csv,,,,,,,9.4,6.6,1.33,1.34,3.7,1.9,2.02,,,,,,,9.6,6.4,1.34,1.33,3.9,1.88,2.09,8.5,5.5,1.3,8.5,6.1,1.29,8.0,5.75,1.25,,,,,,,8.5,5.5,1.3,8.5,5.8,1.3,8.0,5.75,1.3,6.5,6.0,1.35,6.5,6.0,1.35,2026-02-14,werder bremen,bayern munich,market_average_open,8.06,5.79,1.29,market_average_close,7.88,5.83,1.31,market_average_close,7.88,5.83,1.31,closing,0.12690355329949238,0.17152658662092624,0.7633587786259541,1.0617889185463727,0.11951862661481523,0.16154490183957873,0.7189364715456061,0.281063528454394,0.8804813733851848,0.8384550981604214,3.5579144882266798,1.135742368013195,1.1926697114657776,A,0
D1,2026-02-14,17:30,Stuttgart,FC Koln,3,1,H,1.0,0.0,H,13.0,10.0,4.0,3.0,10.0,10.0,2.0,5.0,4.0,1.0,0.0,0.0,1.45,4.75,6.5,1.47,4.75,6.0,,,,,,,,,,,,,1.48,5.0,6.75,1.43,4.77,6.21,1.44,2.75,,,1.46,2.88,1.43,2.72,-1.25,1.93,1.93,,,1.93,1.93,1.9,1.87,1.5,5.0,5.25,1.49,5.0,5.5,,,,,,,,,,,,,1.51,5.0,6.25,1.49,4.71,5.64,1.44,2.75,,,1.48,2.8,1.44,2.7,-1.0,1.8,2.05,,,1.83,2.1,1.75,2.04,2025,Football-Data.co.uk,https://www.football-data.co.uk/mmz4281/2526/D1.csv,,,,,,,1.48,5.2,6.8,1.47,2.96,1.96,1.97,,,,,,,1.53,5.1,6.6,1.51,2.92,1.84,2.17,1.4,5.0,6.5,1.44,4.8,6.75,1.4,4.6,6.0,1.48,4.8,6.0,1.48,4.8,6.0,1.5,4.6,6.0,1.47,4.7,6.25,1.5,4.6,5.5,1.5,5.0,5.5,1.48,4.8,5.5,2026-02-14,vfb stuttgart,fc cologne,market_average_open,1.43,4.77,6.21,market_average_close,1.49,4.71,5.64,market_average_close,1.49,4.71,5.64,closing,0.6711409395973155,0.21231422505307856,0.1773049645390071,1.060760129189401,0.6326981200831708,0.2001529084764171,0.16714897144041213,0.8328510285595879,0.3673018799168292,0.7998470915235829,1.2006949210706932,2.72255617157864,1.2502389651691517,H,1
D1,2026-02-15,14:30,Augsburg,Heidenheim,1,0,H,0.0,0.0,D,12.0,16.0,4.0,2.0,9.0,9.0,4.0,5.0,1.0,2.0,0.0,0.0,1.85,3.6,4.2,1.83,3.8,4.0,,,,,,,,,,,,,1.86,3.8,4.25,1.81,3.67,4.06,1.73,2.1,,,1.74,2.1,1.71,2.08,-0.5,1.83,2.03,,,1.83,2.03,1.77,1.96,1.9,3.75,3.8,1.88,3.8,3.8,,,,,,,,,,,,,1.91,3.8,4.2,1.87,3.7,3.85,1.67,2.2,,,1.75,2.25,1.68,2.15,-0.5,1.9,1.95,,,1.91,2.0,1.83,1.91,2025,Football-Data.co.uk,https://www.football-data.co.uk/mmz4281/2526/D1.csv,,,,,,,1.88,3.95,4.3,1.77,2.18,1.88,2.07,,,,,,,1.98,3.8,4.2,1.73,2.34,1.97,2.01,1.83,3.75,4.0,1.86,3.6,4.25,1.75,3.6,3.9,,,,,,,1.9,3.75,3.75,1.85,3.7,4.1,1.87,3.8,3.75,,,,,,,2026-02-15,augsburg,fc heidenheim,market_average_open,1.81,3.67,4.06,market_average_close,1.87,3.7,3.85,market_average_close,1.87,3.7,3.85,closing,0.53475935828877,0.27027027027027023,0.2597402597402597,1.0647698882993,0.5022299786697693,0.25382974597634284,0.24394027535388793,0.756059724646112,0.49777002133023074,0.7461702540236572,1.3226468325211593,2.008959875340865,1.340176715176715,H,1
D1,2026-02-15,16:30,RB Leipzig,Wolfsburg,2,2,D,0.0,0.0,D,20.0,10.0,10.0,3.0,6.0,10.0,6.0,2.0,1.0,2.0,0.0,0.0,1.44,4.75,6.5,1.49,4.8,5.75,,,,,,,,,,,,,1.49,5.0,6.5,1.44,4.81,6.03,1.4,3.0,,,1.4,3.1,1.38,2.93,-1.25,1.95,1.9,,,1.95,1.91,1.9,1.88,1.5,4.75,5.5,1.55,4.75,5.0,,,,,,,,,,,,,1.55,4.8,5.8,1.51,4.66,5.39,1.36,3.2,,,1.4,3.2,1.37,3.01,-1.0,1.78,2.03,,,1.83,2.04,1.77,2.01,2025,Football-Data.co.uk,https://www.football-data.co.uk/mmz4281/2526/D1.csv,,,,,,,1.48,5.2,6.6,1.43,3.15,1.97,1.96,,,,,,,1.56,5.1,6.0,1.43,3.3,1.87,2.11,1.4,5.0,6.5,1.44,4.9,6.5,1.4,4.75,5.75,1.48,4.8,5.75,1.48,4.8,5.75,1.5,4.6,5.5,1.5,4.75,5.8,1.5,4.75,5.5,,,,,,,2026-02-15,rasenballsport leipzig,wolfsburg,market_average_open,1.44,4.81,6.03,market_average_close,1.51,4.66,5.39,market_average_close,1.51,4.66,5.39,closing,0.6622516556291391,0.2145922746781116,0.1855287569573284,1.0623726872645791,0.6233703704622899,0.20199340330430424,0.17463622623340588,0.8253637737665942,0.3766296295377101,0.7980065966956958,1.2115869775050139,2.65512833185068,1.2531224730982147,H,1
D1,2026-02-20,19:30,Mainz,Hamburg,1,1,D,1.0,0.0,H,17.0,14.0,3.0,5.0,16.0,13.0,7.0,2.0,3.0,2.0,0.0,0.0,2.1,3.4,3.5,2.05,3.5,3.5,,,,,,,,,,,,,2.12,3.6,3.7,2.05,3.45,3.5,1.8,2.0,,,1.8,2.05,1.76,2.0,-0.25,1.8,2.05,,,1.83,2.07,1.76,2.03,2.1,3.4,3.6,2.05,3.5,3.5,,,,,,,,,,,,,2.12,3.6,3.6,2.06,3.45,3.48,1.73,2.1,,,1.77,2.1,1.72,2.07,-0.25,1.8,2.05,,,1.83,2.05,1.78,2.0,2025,Football-Data.co.uk,https://www.football-data.co.uk/mmz4281/2526/D1.csv,,,,,,,2.16,3.55,3.8,1.83,2.16,1.87,2.14,,,,,,,2.16,3.55,3.85,1.82,2.16,1.85,2.14,2.05,3.5,3.4,2.04,3.45,3.7,2.05,3.6,3.4,2.05,3.5,3.6,2.05,3.5,3.5,2.05,3.5,3.5,2.04,3.4,3.5,2.05,3.6,3.4,,,,,,,2026-02-20,mainz 05,hamburger sv,market_average_open,2.05,3.45,3.5,market_average_close,2.06,3.45,3.48,market_average_close,2.06,3.45,3.48,closing,0.4854368932038835,0.2898550724637681,0.28735632183908044,1.062648287506732,0.45681802616259165,0.2727667054767938,0.2704152683606146,0.7295847316393855,0.5431819738374084,0.7272332945232063,1.3706427185681205,1.841003656537637,1.3750745565845235,H,0
D1,2026-02-21,14:30,Bayern Munich,Ein Frankfurt,3,2,H,2.0,0.0,H,24.0,9.0,11.0,3.0,9.0,10.0,8.0,2.0,0.0,3.0,0.0,0.0,1.14,9.5,13.0,1.15,8.5,13.0,,,,,,,,,,,,,1.17,9.5,17.0,1.14,8.63,14.22,1.2,4.5,,,1.21,4.8,1.19,4.41,-2.5,1.93,1.93,,,1.95,1.93,1.89,1.85,1.08,12.0,19.0,1.1,11.0,16.0,,,,,,,,,,,,,1.1,12.0,23.0,1.08,10.88,19.31,1.17,5.0,,,1.17,6.0,1.14,5.45,-3.0,2.0,1.85,,,2.12,1.9,2.0,1.79,2025,Football-Data.co.uk,https://www.football-data.co.uk/mmz4281/2526/D1.csv,,,,,,,1.17,10.5,18.5,1.21,5.1,1.94,2.01,,,,,,,1.11,14.5,28.0,1.15,7.2,2.05,1.93,1.14,8.5,15.0,1.13,9.5,17.0,1.1,8.0,15.0,1.17,8.5,13.0,1.17,8.5,13.0,1.09,11.0,19.0,1.06,11.0,23.0,1.09,10.5,19.0,,,,,,,2026-02-21,bayern munich,eintracht frankfurt,market_average_open,1.14,8.63,14.22,market_average_close,1.08,10.88,19.31,market_average_close,1.08,10.88,19.31,closing,0.9259259259259258,0.09191176470588235,0.05178663904712585,1.0696243296789338,0.8656552587990014,0.085929014660195,0.04841572654080382,0.9515842734591964,0.13434474120099882,0.9140709853398052,1.0508790738678382,7.443536613791663,1.0940069382338513,H,1
D1,2026-02-21,14:30,FC Koln,Hoffenheim,2,2,D,1.0,1.0,D,9.0,18.0,4.0,6.0,6.0,12.0,3.0,10.0,1.0,3.0,0.0,0.0,3.3,3.8,2.05,3.2,3.8,2.05,,,,,,,,,,,,,3.35,3.8,2.1,3.22,3.7,2.05,1.57,2.38,,,1.6,2.4,1.56,2.34,0.25,2.05,1.8,,,2.05,1.8,1.99,1.78,3.25,3.8,2.05,3.5,3.7,2.0,,,,,,,,,,,,,3.65,3.8,2.05,3.43,3.71,1.99,1.57,2.38,,,1.62,2.4,1.58,2.33,0.5,1.78,2.03,,,1.83,2.03,1.78,1.96,2025,Football-Data.co.uk,https://www.football-data.co.uk/mmz4281/2526/D1.csv,,,,,,,3.5,3.9,2.16,1.62,2.52,2.1,1.88,,,,,,,3.8,3.85,2.06,1.66,2.48,1.92,2.06,3.2,3.75,2.05,3.3,3.8,2.06,3.1,3.6,2.0,3.2,3.8,2.05,3.2,3.75,2.05,3.25,3.75,2.05,3.65,3.7,1.89,3.5,3.8,1.95,,,,,,,2026-02-21,fc cologne,hoffenheim,market_average_open,3.22,3.7,2.05,market_average_close,3.43,3.71,1.99,market_average_close,3.43,3.71,1.99,closing,0.29154518950437314,0.2695417789757412,0.5025125628140703,1.0635995312941846,0.27411180705356447,0.25342412350235205,0.47246406944408353,0.5275359305559165,0.7258881929464356,0.746575876497648,1.8956054783722533,1.3776226279985677,1.3394485831650769,A,0
D1,2026-02-21,14:30,Union Berlin,Leverkusen,1,0,H,1.0,0.0,H,8.0,16.0,4.0,1.0,15.0,7.0,4.0,5.0,5.0,2.0,0.0,0.0,3.0,3.3,2.38,2.8,3.4,2.45,,,,,,,,,,,,,3.0,3.5,2.45,2.89,3.35,2.36,1.95,1.9,,,1.95,1.91,1.88,1.87,0.25,1.83,2.03,,,1.83,2.15,1.77,2.01,3.2,3.2,2.35,3.1,3.3,2.35,,,,,,,,,,,,,3.25,3.4,2.35,3.1,3.26,2.3,2.1,1.73,,,2.1,1.87,1.99,1.79,0.25,1.83,2.03,,,1.86,2.03,1.81,1.96,2025,Football-Data.co.uk,https://www.football-data.co.uk/mmz4281/2526/D1.csv,,,,,,,3.15,3.5,2.48,2.0,1.96,1.87,2.12,,,,,,,3.35,3.45,2.4,2.16,1.85,1.93,2.06,2.8,3.5,2.38,2.95,3.45,2.35,2.88,3.25,2.25,2.8,3.4,2.45,2.8,3.4,2.45,3.1,3.3,2.3,3.0,3.25,2.28,3.0,3.4,2.3,,,,,,,2026-02-21,union berlin,bayer leverkusen,market_average_open,2.89,3.35,2.36,market_average_close,3.1,3.26,2.3,market_average_close,3.1,3.26,2.3,closing,0.3225806451612903,0.3067484662576687,0.4347826086956522,1.064111720114611,0.3031454677771489,0.28826716261017227,0.408587369612679,0.5914126303873212,0.6968545322228512,0.711732837389828,1.6908668307355754,1.43501972615456,1.4050215860031807,A,0
D1,2026-02-21,14:30,Wolfsburg,Augsburg,2,3,A,1.0,0.0,H,10.0,15.0,4.0,6.0,10.0,16.0,4.0,10.0,3.0,4.0,0.0,0.0,2.05,3.4,3.75,2.0,3.6,3.6,,,,,,,,,,,,,2.1,3.6,3.8,2.04,3.41,3.52,1.73,2.1,,,1.73,2.2,1.68,2.12,-0.25,1.75,2.05,,,1.83,2.08,1.76,2.03,2.2,3.4,3.2,2.2,3.4,3.1,,,,,,,,,,,,,2.25,3.6,3.33,2.19,3.39,3.17,1.73,2.1,,,1.74,2.15,1.71,2.08,-0.25,1.95,1.9,,,1.95,1.93,1.88,1.89,2025,Football-Data.co.uk,https://www.football-data.co.uk/mmz4281/2526/D1.csv,,,,,,,2.14,3.55,3.9,1.76,2.24,1.84,2.16,,,,,,,2.3,3.55,3.45,1.78,2.26,1.98,2.0,2.1,3.5,3.3,2.04,3.4,3.75,2.0,3.5,3.2,2.0,3.6,3.6,2.0,3.5,3.5,2.25,3.4,3.1,2.2,3.25,3.15,2.15,3.6,3.13,,,,,,,2026-02-21,wolfsburg,augsburg,market_average_open,2.04,3.41,3.52,market_average_close,2.19,3.39,3.17,market_average_close,2.19,3.39,3.17,closing,0.4566210045662101,0.2949852507374631,0.31545741324921134,1.0670636685528845,0.42792292346103766,0.27644578241288276,0.29563129412607964,0.7043687058739204,0.5720770765389624,0.7235542175871172,1.4197110003052813,1.748016204477113,1.38206643772289,H,0
D1,2026-02-21,17:30,RB Leipzig,Dortmund,2,2,D,2.0,0.0,H,13.0,11.0,3.0,5.0,11.0,17.0,6.0,2.0,3.0,4.0,0.0,0.0,2.15,3.8,3.1,2.1,4.0,3.0,,,,,,,,,,,,,2.2,4.0,3.1,2.14,3.88,2.92,1.44,2.75,,,1.46,2.8,1.43,2.69,-0.25,1.9,1.95,,,1.91,1.95,1.89,1.89,1.91,3.9,3.5,1.95,4.0,3.4,,,,,,,,,,,,,2.05,4.0,3.5,1.97,3.88,3.32,1.53,2.5,,,1.53,2.75,1.49,2.52,-0.5,1.93,1.93,,,1.96,1.93,1.92,1.82,2025,Football-Data.co.uk,https://www.football-data.co.uk/mmz4281/2526/D1.csv,,,,,,,2.26,4.0,3.2,1.48,3.0,1.97,2.0,,,,,,,2.04,4.1,3.65,1.56,2.7,2.04,1.94,2.2,4.0,2.8,2.16,3.95,2.95,2.1,3.75,2.8,2.15,4.0,3.0,2.1,3.9,3.0,1.95,4.0,3.3,1.98,3.8,3.2,2.05,3.9,3.13,1.95,4.0,3.4,1.95,3.9,3.4,2026-02-21,rasenballsport leipzig,dortmund,market_average_open,2.14,3.88,2.92,market_average_close,1.97,3.88,3.32,market_average_close,1.97,3.88,3.32,closing,0.5076142131979695,0.2577319587628866,0.30120481927710846,1.0665509912379645,0.47593993851974464,0.2416499172381178,0.2824101442421377,0.7175898557578624,0.5240600614802555,0.7583500827618823,1.3935537019874369,1.9081782289904112,1.3186521934012823,H,0
D1,2026-02-22,14:30,Freiburg,M'gladbach,2,1,H,1.0,0.0,H,10.0,12.0,6.0,2.0,9.0,8.0,3.0,3.0,1.0,2.0,0.0,0.0,1.95,3.25,4.33,1.95,3.4,3.8,,,,,,,,,,,,,2.0,3.4,4.33,1.96,3.27,3.95,1.88,1.98,,,1.91,1.98,1.86,1.9,-0.5,1.98,1.88,,,1.98,1.88,1.91,1.82,2.1,3.25,3.7,2.1,3.4,3.5,,,,,,,,,,,,,2.15,3.5,3.7,2.06,3.34,3.58,1.83,2.03,,,1.83,2.03,1.8,1.96,-0.25,1.83,2.03,,,1.83,2.06,1.77,2.02,2025,Football-Data.co.uk,https://www.football-data.co.uk/mmz4281/2526/D1.csv,,,,,,,2.06,3.45,4.3,1.96,2.02,2.06,1.92,,,,,,,2.22,3.4,3.85,1.89,2.1,1.9,2.07,2.0,3.4,3.75,2.0,3.25,4.1,1.91,3.25,3.7,,,,,,,2.05,3.5,3.5,2.02,3.3,3.65,2.0,3.4,3.7,,,,,,,2026-02-22,freiburg,borussia m gladbach,market_average_open,1.96,3.27,3.95,market_average_close,2.06,3.34,3.58,market_average_close,2.06,3.34,3.58,closing,0.4854368932038835,0.29940119760479045,0.27932960893854747,1.0641676997472214,0.4561657841327006,0.28134775907585724,0.2624864567914422,0.7375135432085578,0.5438342158672995,0.7186522409241428,1.3559073039519967,1.8387956675458776,1.3914936085276255,H,0
D1,2026-02-22,16:30,St Pauli,Werder Bremen,2,1,H,0.0,0.0,D,5.0,13.0,4.0,4.0,6.0,10.0,1.0,5.0,2.0,6.0,0.0,0.0,2.75,3.1,2.75,2.75,3.1,2.7,,,,,,,,,,,,,2.85,3.2,2.75,2.7,3.08,2.67,2.3,1.62,,,2.33,1.62,2.27,1.6,0.0,1.93,1.93,,,1.93,1.93,1.88,1.88,2.63,3.2,2.75,2.65,3.1,2.75,,,,,,,,,,,,,2.71,3.25,2.8,2.65,3.11,2.73,2.1,1.73,,,2.16,1.75,2.08,1.72,0.0,1.88,1.98,,,1.91,1.98,1.86,1.9,2025,Football-Data.co.uk,https://www.football-data.co.uk/mmz4281/2526/D1.csv,,,,,,,2.84,3.25,2.9,2.42,1.68,1.97,2.0,,,,,,,2.8,3.25,2.94,2.18,1.84,1.94,2.04,2.63,3.2,2.75,2.85,3.15,2.63,2.6,3.0,2.6,,,,,,,2.63,3.2,2.75,2.65,2.95,2.75,2.6,3.25,2.7,,,,,,,2026-02-22,st pauli,werder bremen,market_average_open,2.7,3.08,2.67,market_average_close,2.65,3.11,2.73,market_average_close,2.65,3.11,2.73,closing,0.37735849056603776,0.3215434083601286,0.3663003663003663,1.0652022652265327,0.35425993999908206,0.30186136366481264,0.34387869633610524,0.6561213036638947,0.6457400600009179,0.6981386363351874,1.524108414733415,1.548610752132334,1.4323802579519238,H,0
D1,2026-02-22,18:30,Heidenheim,Stuttgart,3,3,D,2.0,2.0,D,10.0,12.0,6.0,8.0,13.0,7.0,3.0,4.0,1.0,2.0,0.0,0.0,4.5,4.0,1.7,4.2,4.1,1.72,,,,,,,,,,,,,4.7,4.2,1.72,4.4,4.06,1.68,1.57,2.38,,,1.57,2.5,1.53,2.43,0.75,1.98,1.88,,,1.98,1.88,1.94,1.83,4.33,4.33,1.67,4.33,4.2,1.7,,,,,,,,,,,,,4.5,4.33,1.7,4.42,4.21,1.67,1.5,2.63,,,1.5,2.63,1.49,2.55,0.75,2.03,1.83,,,2.03,1.85,1.97,1.82,2025,Football-Data.co.uk,https://www.football-data.co.uk/mmz4281/2526/D1.csv,,,,,,,5.0,4.3,1.74,1.59,2.6,2.04,1.92,,,,,,,5.1,4.5,1.7,1.55,2.8,2.11,1.87,4.33,4.2,1.7,4.7,4.2,1.67,4.2,3.9,1.65,,,,,,,4.5,4.2,1.67,4.5,4.2,1.63,4.5,4.2,1.65,4.33,4.2,1.7,4.33,4.2,1.7,2026-02-22,fc heidenheim,vfb stuttgart,market_average_open,4.4,4.06,1.68,market_average_close,4.42,4.21,1.67,market_average_close,4.42,4.21,1.67,closing,0.22624434389140272,0.23752969121140144,0.5988023952095809,1.062576430312385,0.21292053676071993,0.22354127612408126,0.5635381871151989,0.4364618128848012,0.7870794632392801,0.7764587238759189,2.2911511854622155,1.2705197463600824,1.287898466782896,A,0
D1,2026-02-27,19:30,Augsburg,FC Koln,2,0,H,0.0,0.0,D,14.0,10.0,4.0,3.0,15.0,4.0,6.0,9.0,4.0,1.0,0.0,0.0,2.2,3.5,3.25,2.2,3.4,3.2,,,,,,,,,,,,,2.25,3.5,3.33,2.19,3.4,3.18,1.88,1.98,,,1.88,2.04,1.81,1.96,-0.25,1.93,1.93,,,1.93,1.93,1.88,1.89,2.2,3.4,3.25,2.2,3.4,3.2,,,,,,,,,,,,,2.2,3.5,3.33,2.16,3.39,3.23,1.8,2.0,,,1.83,2.05,1.79,1.98,-0.25,1.93,1.93,,,1.93,1.94,1.87,1.9,2025,Football-Data.co.uk,https://www.football-data.co.uk/mmz4281/2526/D1.csv,,,,,,,2.3,3.65,3.4,1.92,2.08,1.99,1.98,,,,,,,2.3,3.5,3.5,1.87,2.14,1.97,2.02,2.2,3.4,3.1,2.16,3.3,3.2,2.2,3.5,3.1,,,,,,,2.15,3.4,3.2,2.12,3.3,3.3,2.15,3.5,3.13,,,,,,,2026-02-27,augsburg,fc cologne,market_average_open,2.19,3.4,3.18,market_average_close,2.16,3.39,3.23,market_average_close,2.16,3.39,3.23,closing,0.4629629629629629,0.2949852507374631,0.30959752321981426,1.0675457369202404,0.43367037771942535,0.2763209486353861,0.2900086736451885,0.7099913263548114,0.5663296222805746,0.7236790513646139,1.4084679106350935,1.7657561262168513,1.381828032902622,H,0
D1,2026-02-28,14:30,Hoffenheim,St Pauli,0,1,A,0.0,1.0,A,20.0,11.0,11.0,3.0,13.0,7.0,10.0,3.0,1.0,2.0,0.0,0.0,1.48,4.75,6.0,1.49,4.5,6.25,,,,,,,,,,,,,1.5,4.75,6.75,1.47,4.33,6.29,1.8,2.0,,,1.8,2.1,1.73,2.04,-1.0,1.8,2.05,,,1.83,2.05,1.78,1.99,1.5,4.33,6.0,1.52,4.33,6.0,,,,,,,,,,,,,1.53,4.5,6.5,1.51,4.2,6.11,1.91,1.91,,,1.91,2.0,1.82,1.94,-1.0,1.85,2.0,,,1.91,2.0,1.86,1.91,2025,Football-Data.co.uk,https://www.football-data.co.uk/mmz4281/2526/D1.csv,,,,,,,1.51,4.8,7.4,1.81,2.2,1.83,2.13,,,,,,,1.56,4.5,7.0,1.95,2.02,1.95,2.03,1.44,4.2,6.5,1.44,4.35,6.75,1.44,4.1,6.0,,,,,,,1.53,4.0,6.0,1.5,4.1,6.1,1.5,4.1,6.5,,,,,,,2026-02-28,hoffenheim,st pauli,market_average_open,1.47,4.33,6.29,market_average_close,1.51,4.2,6.11,market_average_close,1.51,4.2,6.11,closing,0.6622516556291391,0.23809523809523808,0.1636661211129296,1.0640130148373068,0.6224093562712679,0.22377098284990818,0.15381966087882395,0.8461803391211761,0.37759064372873213,0.7762290171500918,1.1817811804024867,2.6483707067657583,1.2882795900512436,H,1
D1,2026-02-28,14:30,Leverkusen,Mainz,1,1,D,0.0,0.0,D,12.0,8.0,5.0,4.0,9.0,13.0,6.0,2.0,1.0,2.0,0.0,0.0,1.7,4.0,4.5,1.71,4.1,4.4,,,,,,,,,,,,,1.71,4.2,4.75,1.67,3.97,4.54,1.67,2.2,,,1.67,2.25,1.64,2.19,-0.75,1.9,1.95,,,1.9,1.96,1.85,1.92,1.65,4.2,4.5,1.68,4.1,4.6,,,,,,,,,,,,,1.73,4.2,4.75,1.68,4.0,4.53,1.62,2.3,,,1.67,2.3,1.63,2.22,-0.75,1.85,2.0,,,1.91,2.0,1.86,1.91,2025,Football-Data.co.uk,https://www.football-data.co.uk/mmz4281/2526/D1.csv,,,,,,,1.76,4.2,5.1,1.72,2.34,1.96,2.02,,,,,,,1.73,4.3,5.1,1.7,2.4,1.93,2.06,1.67,4.0,4.6,1.63,4.0,4.75,1.65,3.8,4.33,,,,,,,1.73,3.75,4.33,1.65,3.9,4.7,1.67,4.0,4.6,,,,,,,2026-02-28,bayer leverkusen,mainz 05,market_average_open,1.67,3.97,4.54,market_average_close,1.68,4.0,4.53,market_average_close,1.68,4.0,4.53,closing,0.5952380952380952,0.25,0.22075055187637968,1.0659886471144748,0.5583906515790252,0.2345240736631906,0.2070852747577842,0.7929147252422158,0.4416093484209748,0.7654759263368094,1.2611696670086745,2.2644448166136324,1.306376811594203,H,1
D1,2026-02-28,14:30,M'gladbach,Union Berlin,1,0,H,0.0,0.0,D,21.0,6.0,7.0,2.0,5.0,18.0,6.0,2.0,4.0,5.0,0.0,0.0,2.38,3.3,3.0,2.4,3.3,2.95,,,,,,,,,,,,,2.45,3.3,3.1,2.36,3.22,2.97,2.0,1.8,,,2.02,1.8,2.0,1.77,-0.25,2.05,1.8,,,2.05,1.83,2.01,1.77,2.35,3.3,3.1,2.37,3.3,3.0,,,,,,,,,,,,,2.4,3.3,3.1,2.34,3.25,3.01,2.1,1.73,,,2.1,1.8,2.02,1.75,-0.25,2.03,1.83,,,2.03,1.83,1.99,1.79,2025,Football-Data.co.uk,https://www.football-data.co.uk/mmz4281/2526/D1.csv,,,,,,,2.42,3.4,3.3,2.1,1.86,2.06,1.9,,,,,,,2.5,3.3,3.25,2.16,1.84,2.13,1.86,2.38,3.3,2.88,2.35,3.25,2.95,2.3,3.13,2.88,,,,,,,2.38,3.3,2.88,2.32,3.15,3.05,2.3,3.3,3.0,,,,,,,2026-02-28,borussia m gladbach,union berlin,market_average_open,2.36,3.22,2.97,market_average_close,2.34,3.25,3.01,market_average_close,2.34,3.25,3.01,closing,0.4273504273504274,0.3076923076923077,0.33222591362126247,1.0672686486639975,0.4004150481562284,0.28829883467248446,0.3112861171712872,0.6887138828287129,0.5995849518437717,0.7117011653275156,1.4519817662056709,1.6678203762868298,1.4050841121495325,H,0
D1,2026-02-28,14:30,Werder Bremen,Heidenheim,2,0,H,0.0,0.0,D,17.0,9.0,6.0,0.0,14.0,9.0,3.0,2.0,1.0,0.0,0.0,0.0,1.75,4.0,4.33,1.82,3.8,4.0,,,,,,,,,,,,,1.82,4.0,4.33,1.77,3.82,4.1,1.67,2.2,,,1.71,2.2,1.67,2.14,-0.75,2.0,1.85,,,2.0,1.85,1.96,1.81,1.6,4.33,5.25,1.6,4.33,5.0,,,,,,,,,,,,,1.63,4.5,5.25,1.6,4.21,4.97,1.62,2.3,,,1.63,2.5,1.58,2.32,-1.0,2.0,1.85,,,2.05,1.85,2.0,1.78,2025,Football-Data.co.uk,https://www.football-data.co.uk/mmz4281/2526/D1.csv,,,,,,,1.82,4.1,4.7,1.73,2.28,2.04,1.92,,,,,,,1.66,4.6,5.4,1.67,2.48,2.11,1.88,1.8,3.75,4.0,1.73,3.8,4.25,1.73,3.7,4.0,,,,,,,1.6,4.2,4.6,1.57,4.2,5.0,1.62,4.1,5.0,,,,,,,2026-02-28,werder bremen,fc heidenheim,market_average_open,1.77,3.82,4.1,market_average_close,1.6,4.21,4.97,market_average_close,1.6,4.21,4.97,closing,0.625,0.23752969121140144,0.2012072434607646,1.0637369346721661,0.5875512823032879,0.22329739945018068,0.18915131824653134,0.8108486817534686,0.412448717696712,0.7767026005498192,1.2332757301121706,2.4245438453159043,1.2874940798345609,H,1
D1,2026-02-28,17:30,Dortmund,Bayern Munich,2,3,A,1.0,0.0,H,10.0,14.0,2.0,6.0,15.0,10.0,5.0,2.0,1.0,0.0,0.0,0.0,4.5,4.75,1.6,4.2,4.6,1.66,,,,,,,,,,,,,4.6,4.75,1.69,4.37,4.51,1.61,1.33,3.4,,,1.33,3.5,1.3,3.36,0.75,2.05,1.75,,,2.1,1.83,2.03,1.75,4.2,4.5,1.67,4.0,4.4,1.73,,,,,,,,,,,,,4.5,4.5,1.73,4.21,4.38,1.67,1.33,3.4,,,1.35,3.4,1.33,3.17,0.75,2.05,1.8,,,2.05,1.85,1.99,1.79,2025,Football-Data.co.uk,https://www.football-data.co.uk/mmz4281/2526/D1.csv,,,,,,,4.9,4.9,1.68,1.34,3.75,2.18,1.82,,,,,,,4.4,4.7,1.76,1.38,3.55,2.04,1.92,4.33,4.5,1.62,4.6,4.6,1.56,4.33,4.33,1.57,,,,,,,4.2,4.33,1.67,4.5,4.35,1.6,4.33,4.4,1.65,4.0,4.4,1.73,3.9,4.33,1.73,2026-02-28,dortmund,bayern munich,market_average_open,4.37,4.51,1.61,market_average_close,4.21,4.38,1.67,market_average_close,4.21,4.38,1.67,closing,0.23752969121140144,0.22831050228310504,0.5988023952095809,1.0646425887040873,0.22310744820055453,0.21444802669505356,0.5624445251043919,0.4375554748956081,0.7768925517994455,0.7855519733049464,2.285424494433717,1.287179285840482,1.2729902463268412,A,0
D1,2026-03-01,14:30,Stuttgart,Wolfsburg,4,0,H,3.0,0.0,H,24.0,10.0,11.0,3.0,5.0,17.0,7.0,3.0,1.0,0.0,0.0,0.0,1.5,4.75,5.25,1.55,4.75,5.0,,,,,,,,,,,,,1.55,4.8,5.5,1.51,4.56,5.24,1.44,2.75,,,1.44,2.88,1.42,2.74,-1.0,1.8,2.05,,,1.85,2.05,1.81,1.96,1.4,5.5,6.25,1.4,5.5,6.25,,,,,,,,,,,,,1.4,5.5,7.0,1.37,5.4,6.61,1.33,3.4,,,1.33,3.6,1.32,3.3,-1.5,2.0,1.85,,,2.0,1.87,1.93,1.81,2025,Football-Data.co.uk,https://www.football-data.co.uk/mmz4281/2526/D1.csv,,,,,,,1.55,4.9,6.0,1.46,3.0,1.84,2.11,,,,,,,1.42,5.9,7.6,1.37,3.6,2.07,1.9,1.53,4.5,5.0,1.5,4.4,5.5,1.45,4.4,5.25,1.55,4.8,5.0,1.53,4.6,5.0,1.36,5.5,6.5,1.33,5.5,7.0,1.36,5.25,7.0,,,,,,,2026-03-01,vfb stuttgart,wolfsburg,market_average_open,1.51,4.56,5.24,market_average_close,1.37,5.4,6.61,market_average_close,1.37,5.4,6.61,closing,0.7299270072992701,0.18518518518518517,0.151285930408472,1.0663981228929271,0.6844788936041284,0.1736548304143807,0.14186627598149104,0.8581337240185091,0.3155211063958717,0.8263451695856194,1.165319544041636,3.1693600831423936,1.2101480553234938,H,1
D1,2026-03-01,16:30,Ein Frankfurt,Freiburg,2,0,H,0.0,0.0,D,15.0,4.0,7.0,2.0,9.0,11.0,5.0,6.0,1.0,2.0,0.0,0.0,2.2,3.5,3.2,2.25,3.4,3.1,,,,,,,,,,,,,2.28,3.5,3.2,2.18,3.44,3.1,1.8,2.0,,,1.8,2.05,1.75,2.0,-0.25,1.93,1.93,,,1.95,1.95,1.88,1.9,2.25,3.5,3.1,2.25,3.4,3.1,,,,,,,,,,,,,2.3,3.6,3.14,2.22,3.45,3.06,1.73,2.1,,,1.8,2.1,1.73,2.05,-0.25,1.98,1.88,,,1.98,1.92,1.9,1.87,2025,Football-Data.co.uk,https://www.football-data.co.uk/mmz4281/2526/D1.csv,,,,,,,2.3,3.6,3.35,1.84,2.12,1.98,1.98,,,,,,,2.36,3.55,3.35,1.83,2.18,2.01,1.96,2.2,3.5,3.0,2.1,3.5,3.2,2.1,3.4,3.0,2.25,3.4,3.1,2.2,3.4,3.1,2.25,3.4,3.0,2.14,3.5,3.1,2.2,3.6,3.0,,,,,,,2026-03-01,eintracht frankfurt,freiburg,market_average_open,2.18,3.44,3.1,market_average_close,2.22,3.45,3.06,market_average_close,2.22,3.45,3.06,closing,0.4504504504504504,0.2898550724637681,0.32679738562091504,1.0671029085351336,0.4221246581258097,0.2716280408809558,0.3062473009932345,0.6937526990067655,0.5778753418741903,0.7283719591190442,1.4414358335926964,1.7304770207996014,1.3729249011857707,H,0
D1,2026-03-01,18:30,Hamburg,RB Leipzig,1,2,A,1.0,1.0,D,7.0,13.0,3.0,5.0,8.0,12.0,4.0,9.0,3.0,2.0,0.0,0.0,3.3,3.5,2.15,3.2,3.7,2.1,,,,,,,,,,,,,3.3,3.75,2.15,3.12,3.67,2.09,1.57,2.38,,,1.6,2.4,1.56,2.35,0.25,2.0,1.85,,,2.0,1.86,1.95,1.83,3.8,4.0,1.85,3.6,3.9,1.9,,,,,,,,,,,,,3.8,4.0,1.9,3.72,3.87,1.86,1.53,2.5,,,1.55,2.6,1.51,2.5,0.5,2.03,1.83,,,2.03,1.91,1.91,1.82,2025,Football-Data.co.uk,https://www.football-data.co.uk/mmz4281/2526/D1.csv,,,,,,,3.4,3.75,2.22,1.62,2.5,2.05,1.92,,,,,,,4.0,4.2,1.93,1.57,2.72,2.06,1.92,3.0,3.75,2.1,3.15,3.65,2.08,3.0,3.6,2.05,3.2,3.7,2.1,3.1,3.7,2.1,3.6,3.75,1.9,3.8,3.7,1.84,3.75,4.0,1.83,,,,,,,2026-03-01,hamburger sv,rasenballsport leipzig,market_average_open,3.12,3.67,2.09,market_average_close,3.72,3.87,1.86,market_average_close,3.72,3.87,1.86,closing,0.26881720430107525,0.25839793281653745,0.5376344086021505,1.0648495457197633,0.25244618395303325,0.24266144814090015,0.5048923679060665,0.4951076320939334,0.7475538160469667,0.7573385518590998,2.0197628458498027,1.337696335078534,1.3204134366925064,A,0
D1,2026-03-04,19:30,Hamburg,Leverkusen,0,1,A,0.0,0.0,D,10.0,14.0,3.0,4.0,12.0,11.0,2.0,7.0,0.0,2.0,0.0,0.0,3.5,3.6,2.05,3.4,3.6,2.05,,,,,,,,,,,,,3.6,3.66,2.1,3.35,3.57,2.03,1.73,2.1,,,1.75,2.12,1.7,2.09,0.5,1.75,2.05,,,1.83,2.05,1.74,1.99,3.6,3.7,2.0,3.5,3.6,2.05,,,,,,,,,,,,,3.7,3.7,2.05,3.54,3.63,1.97,1.67,2.2,,,1.7,2.25,1.66,2.17,0.5,1.85,2.0,,,1.85,2.0,1.8,1.93,2025,Football-Data.co.uk,https://www.football-data.co.uk/mmz4281/2526/D1.csv,,,,,,,3.55,3.7,2.2,1.78,2.24,1.81,2.2,,,,,,,3.95,3.75,2.06,1.74,2.32,1.92,2.07,3.3,3.6,2.05,3.35,3.65,2.0,3.2,3.5,2.0,,,,,,,3.4,3.6,2.0,3.6,3.6,1.93,3.5,3.7,1.95,,,,,,,2026-03-04,hamburger sv,bayer leverkusen,market_average_open,3.35,3.57,2.03,market_average_close,3.54,3.63,1.97,market_average_close,3.54,3.63,1.97,closing,0.2824858757062147,0.27548209366391185,0.5076142131979695,1.065582182568096,0.26510003670051274,0.2585273085178554,0.47637265478163193,0.5236273452183682,0.7348999632994873,0.7414726914821447,1.9097551133105362,1.3607294188861987,1.3486673366231194,A,0
D1,2026-03-06,19:30,Bayern Munich,M'gladbach,4,1,H,2.0,0.0,H,18.0,10.0,9.0,5.0,7.0,12.0,7.0,1.0,1.0,0.0,0.0,1.0,1.2,8.5,9.5,1.22,7.5,10.0,,,,,,,,,,,,,1.22,8.5,13.0,1.19,7.43,11.55,1.25,4.0,,,1.28,4.0,1.25,3.78,-2.0,1.83,2.03,,,1.85,2.06,1.78,2.0,1.22,8.0,9.0,1.24,7.25,9.5,,,,,,,,,,,,,1.25,8.0,13.0,1.21,7.08,10.63,1.3,3.5,,,1.3,3.75,1.28,3.53,-2.0,1.93,1.93,,,1.94,2.0,1.86,1.91,2025,Football-Data.co.uk,https://www.football-data.co.uk/mmz4281/2526/D1.csv,,,,,,,1.21,9.2,14.5,1.29,4.3,1.87,2.09,,,,,,,1.26,7.6,12.5,1.31,4.1,1.99,1.99,1.2,6.5,11.0,1.15,8.0,13.0,1.17,7.5,13.0,,,,,,,1.22,6.5,10.0,1.15,7.5,13.0,1.2,7.0,12.0,1.25,7.5,9.5,1.22,7.0,9.5,2026-03-06,bayern munich,borussia m gladbach,market_average_open,1.19,7.43,11.55,market_average_close,1.21,7.08,10.63,market_average_close,1.21,7.08,10.63,closing,0.8264462809917356,0.14124293785310735,0.09407337723424271,1.0617625960790857,0.7783720052332466,0.13302685400172717,0.08860114076502618,0.9113988592349738,0.22162799476675335,0.8669731459982728,1.097214452121871,4.5120653690542305,1.1534382634753397,H,1
D1,2026-03-07,14:30,Freiburg,Leverkusen,3,3,D,2.0,2.0,D,21.0,17.0,9.0,5.0,7.0,8.0,5.0,2.0,3.0,3.0,0.0,0.0,2.9,3.3,2.4,2.87,3.4,2.37,,,,,,,,,,,,,3.0,3.5,2.4,2.86,3.35,2.35,1.91,1.91,,,1.91,1.95,1.85,1.91,0.25,1.78,2.1,,,1.83,2.1,1.76,2.02,2.9,3.5,2.35,2.9,3.4,2.37,,,,,,,,,,,,,3.1,3.5,2.4,2.94,3.37,2.34,1.73,2.1,,,1.8,2.1,1.73,2.04,0.25,1.83,2.03,,,1.85,2.04,1.8,1.99,2025,Football-Data.co.uk,https://www.football-data.co.uk/mmz4281/2526/D1.csv,,,,,,,3.05,3.5,2.52,1.94,2.04,1.83,2.16,,,,,,,3.25,3.55,2.42,1.81,2.2,1.91,2.08,2.8,3.5,2.3,2.85,3.4,2.33,2.75,3.3,2.3,,,,,,,2.8,3.4,2.38,2.95,3.25,2.35,3.0,3.4,2.3,2.9,3.4,2.4,2.9,3.4,2.37,2026-03-07,freiburg,bayer leverkusen,market_average_open,2.86,3.35,2.35,market_average_close,2.94,3.37,2.34,market_average_close,2.94,3.37,2.34,closing,0.3401360544217687,0.29673590504451036,0.4273504273504274,1.0642223868167064,0.3196099411507222,0.27882885073683183,0.40156120811244594,0.598438791887554,0.6803900588492777,0.7211711492631682,1.6710146694298837,1.4697451660173702,1.3866333962773132,A,0
D1,2026-03-07,14:30,Heidenheim,Hoffenheim,2,4,A,0.0,2.0,A,8.0,16.0,2.0,7.0,7.0,15.0,4.0,3.0,0.0,0.0,0.0,0.0,5.0,4.5,1.57,4.75,4.4,1.62,,,,,,,,,,,,,5.0,4.5,1.62,4.87,4.31,1.58,1.5,2.63,,,1.5,2.7,1.47,2.6,1.0,1.9,1.95,,,1.9,2.0,1.82,1.94,5.5,4.75,1.5,5.0,4.6,1.57,,,,,,,,,,,,,5.8,4.75,1.57,5.44,4.57,1.51,1.44,2.75,,,1.48,2.88,1.43,2.72,1.0,2.0,1.85,,,2.05,1.85,1.99,1.8,2025,Football-Data.co.uk,https://www.football-data.co.uk/mmz4281/2526/D1.csv,,,,,,,5.3,4.7,1.67,1.53,2.8,1.91,2.05,,,,,,,6.4,4.8,1.56,1.5,2.94,2.09,1.9,5.0,4.33,1.57,4.9,4.25,1.58,4.8,4.2,1.53,,,,,,,5.5,4.6,1.5,5.75,4.6,1.47,5.5,4.6,1.5,5.0,4.6,1.57,5.0,4.6,1.55,2026-03-07,fc heidenheim,hoffenheim,market_average_open,4.87,4.31,1.58,market_average_close,5.44,4.57,1.51,market_average_close,5.44,4.57,1.51,closing,0.1838235294117647,0.2188183807439825,0.6622516556291391,1.0648935657848864,0.17262150445643498,0.2054838039919051,0.6218946915516599,0.3781053084483401,0.827378495543565,0.7945161960080949,2.644765830196294,1.2086366824690402,1.2586275837098373,A,0
D1,2026-03-07,14:30,Mainz,Stuttgart,2,2,D,1.0,0.0,H,18.0,11.0,6.0,4.0,7.0,12.0,5.0,6.0,0.0,2.0,0.0,0.0,3.2,3.6,2.15,3.0,3.75,2.15,,,,,,,,,,,,,3.2,3.75,2.16,3.05,3.65,2.12,1.62,2.3,,,1.62,2.38,1.58,2.3,0.25,2.0,1.85,,,2.0,1.9,1.93,1.84,3.5,3.8,1.95,3.4,3.8,1.98,,,,,,,,,,,,,3.6,4.0,2.0,3.47,3.77,1.95,1.57,2.38,,,1.6,2.5,1.54,2.39,0.5,1.88,1.98,,,1.9,1.98,1.83,1.9,2025,Football-Data.co.uk,https://www.football-data.co.uk/mmz4281/2526/D1.csv,,,,,,,3.35,3.8,2.22,1.64,2.5,2.04,1.93,,,,,,,3.75,4.0,2.04,1.62,2.58,1.93,2.06,2.88,3.75,2.15,3.1,3.65,2.08,3.0,3.6,2.05,,,,,,,3.4,4.0,1.91,3.45,3.75,1.92,3.5,3.8,1.95,3.4,3.8,2.0,3.4,3.75,2.0,2026-03-07,mainz 05,vfb stuttgart,market_average_open,3.05,3.65,2.12,market_average_close,3.47,3.77,1.95,market_average_close,3.47,3.77,1.95,closing,0.2881844380403458,0.26525198938992045,0.5128205128205129,1.066256940250779,0.27027672895856236,0.24876929694594466,0.48095397409549306,0.519046025904507,0.7297232710414377,0.7512307030540555,1.9266114180478822,1.370382499345035,1.3311490011451836,A,0
D1,2026-03-07,14:30,RB Leipzig,Augsburg,2,1,H,0.0,1.0,A,17.0,16.0,8.0,5.0,8.0,9.0,6.0,8.0,0.0,2.0,0.0,0.0,1.42,5.0,6.5,1.44,5.0,6.25,,,,,,,,,,,,,1.44,5.0,6.66,1.41,4.88,6.35,1.44,2.75,,,1.45,2.8,1.43,2.72,-1.25,1.9,1.95,,,1.9,1.95,1.86,1.9,1.33,5.5,8.0,1.35,5.75,7.5,,,,,,,,,,,,,1.36,5.75,8.5,1.33,5.42,7.63,1.4,3.0,,,1.4,3.1,1.38,2.96,-1.5,1.9,1.95,,,1.9,1.95,1.84,1.89,2025,Football-Data.co.uk,https://www.football-data.co.uk/mmz4281/2526/D1.csv,,,,,,,1.47,5.4,7.4,1.48,3.0,1.94,2.0,,,,,,,1.39,5.8,9.0,1.43,3.25,1.98,1.99,1.4,5.0,6.5,1.4,4.9,6.5,1.4,4.6,6.0,,,,,,,1.33,5.5,7.5,1.34,5.2,7.5,1.3,5.5,8.5,1.35,5.75,7.5,1.35,5.5,7.0,2026-03-07,rasenballsport leipzig,augsburg,market_average_open,1.41,4.88,6.35,market_average_close,1.33,5.42,7.63,market_average_close,1.33,5.42,7.63,closing,0.7518796992481203,0.18450184501845018,0.1310615989515072,1.0674431432180775,0.7043744709262815,0.17284465799482554,0.1227808710788931,0.877219128921107,0.29562552907371864,0.8271553420051746,1.1399660210669385,3.382657793910062,1.2089627536900367,H,1
D1,2026-03-07,14:30,Wolfsburg,Hamburg,1,2,A,1.0,1.0,D,14.0,10.0,4.0,7.0,18.0,6.0,7.0,3.0,3.0,3.0,1.0,0.0,2.3,3.5,3.0,2.35,3.6,2.85,,,,,,,,,,,,,2.35,3.6,3.0,2.3,3.52,2.82,1.73,2.1,,,1.73,2.2,1.67,2.13,-0.25,2.05,1.8,,,2.05,1.83,2.0,1.77,2.55,3.3,2.75,2.55,3.4,2.65,,,,,,,,,,,,,2.66,3.5,2.75,2.56,3.37,2.65,1.88,1.98,,,1.88,2.08,1.79,1.98,0.0,1.88,1.98,,,1.91,1.98,1.86,1.9,2025,Football-Data.co.uk,https://www.football-data.co.uk/mmz4281/2526/D1.csv,,,,,,,2.46,3.7,3.05,1.76,2.24,2.12,1.87,,,,,,,2.7,3.6,2.84,1.92,2.06,1.95,2.05,2.3,3.6,2.75,2.3,3.55,2.8,2.25,3.4,2.75,,,,,,,2.5,3.4,2.6,2.5,3.35,2.65,2.55,3.4,2.63,2.6,3.4,2.7,2.6,3.4,2.62,2026-03-07,wolfsburg,hamburger sv,market_average_open,2.3,3.52,2.82,market_average_close,2.56,3.37,2.65,market_average_close,2.56,3.37,2.65,closing,0.390625,0.29673590504451036,0.37735849056603776,1.064719395610548,0.3668807026625092,0.2786986940106895,0.35442060332680136,0.6455793966731986,0.6331192973374908,0.7213013059893105,1.5489961500524994,1.5794811565614617,1.3863831823074777,H,0
D1,2026-03-07,17:30,FC Koln,Dortmund,1,2,A,0.0,1.0,A,14.0,13.0,4.0,5.0,9.0,13.0,9.0,4.0,1.0,1.0,1.0,0.0,4.1,4.0,1.75,4.2,4.1,1.75,,,,,,,,,,,,,4.3,4.2,1.78,4.1,3.97,1.73,1.57,2.38,,,1.57,2.48,1.55,2.37,0.75,1.85,2.0,,,1.9,2.0,1.84,1.93,4.0,4.0,1.8,4.0,4.0,1.8,,,,,,,,,,,,,4.25,4.0,1.81,4.03,3.94,1.77,1.57,2.38,,,1.58,2.55,1.54,2.42,0.75,1.83,2.03,,,1.85,2.03,1.81,1.97,2025,Football-Data.co.uk,https://www.football-data.co.uk/mmz4281/2526/D1.csv,,,,,,,4.4,4.3,1.84,1.62,2.56,1.92,2.05,,,,,,,4.3,4.3,1.85,1.6,2.62,1.9,2.09,4.0,4.0,1.73,4.3,4.1,1.67,4.0,3.8,1.7,,,,,,,4.0,4.0,1.73,4.1,3.8,1.76,4.1,4.0,1.75,,,,,,,2026-03-07,fc cologne,dortmund,market_average_open,4.1,3.97,1.73,market_average_close,4.03,3.94,1.77,market_average_close,4.03,3.94,1.77,closing,0.24813895781637715,0.25380710659898476,0.5649717514124294,1.0669178158277912,0.23257551250454392,0.23788815111505382,0.5295363363804023,0.47046366361959774,0.7674244874954561,0.7621118488849462,2.125562667914283,1.3030598010542647,1.3121433572553824,A,0
D1,2026-03-08,14:30,St Pauli,Ein Frankfurt,0,0,D,0.0,0.0,D,11.0,8.0,2.0,2.0,13.0,8.0,6.0,5.0,2.0,1.0,0.0,0.0,2.63,3.4,2.6,2.6,3.4,2.65,,,,,,,,,,,,,2.71,3.4,2.65,2.64,3.3,2.56,2.0,1.85,,,2.0,1.85,1.96,1.79,0.0,1.98,1.88,,,1.98,1.88,1.93,1.82,2.5,3.4,2.8,2.5,3.3,2.8,,,,,,,,,,,,,2.6,3.4,2.88,2.54,3.28,2.74,2.0,1.8,,,2.05,1.8,1.99,1.78,0.0,1.8,2.05,,,1.85,2.05,1.8,1.97,2025,Football-Data.co.uk,https://www.football-data.co.uk/mmz4281/2526/D1.csv,,,,,,,2.88,3.4,2.68,2.04,1.92,2.05,1.91,,,,,,,2.62,3.5,2.96,2.12,1.88,1.88,2.11,2.63,3.3,2.6,2.6,3.3,2.55,2.63,3.2,2.45,,,,,,,2.6,3.3,2.63,2.55,3.2,2.7,2.5,3.3,2.75,,,,,,,2026-03-08,st pauli,eintracht frankfurt,market_average_open,2.64,3.3,2.56,market_average_close,2.54,3.28,2.74,market_average_close,2.54,3.28,2.74,closing,0.39370078740157477,0.3048780487804878,0.36496350364963503,1.0635423398316977,0.3701787626657879,0.2866628223082626,0.3431584150259494,0.6568415849740505,0.629821237334212,0.7133371776917373,1.522437103368701,1.5877521123813012,1.4018616038433112,H,0
D1,2026-03-08,16:30,Union Berlin,Werder Bremen,1,4,A,1.0,2.0,A,9.0,15.0,2.0,5.0,5.0,13.0,1.0,3.0,1.0,3.0,1.0,0.0,2.25,3.4,3.25,2.2,3.4,3.25,,,,,,,,,,,,,2.25,3.4,3.33,2.2,3.3,3.2,2.0,1.8,,,2.0,1.82,1.97,1.77,-0.25,1.95,1.9,,,1.95,1.9,1.9,1.87,2.45,3.25,3.0,2.37,3.2,3.1,,,,,,,,,,,,,2.45,3.25,3.15,2.37,3.18,3.04,2.2,1.67,,,2.2,1.73,2.13,1.69,-0.25,2.1,1.78,,,2.1,1.83,2.02,1.77,2025,Football-Data.co.uk,https://www.football-data.co.uk/mmz4281/2526/D1.csv,,,,,,,2.38,3.45,3.4,2.12,1.83,2.03,1.94,,,,,,,2.58,3.2,3.3,2.28,1.77,2.18,1.82,2.15,3.4,3.2,2.2,3.3,3.2,2.15,3.2,3.1,2.2,3.4,3.25,2.2,3.3,3.2,2.38,3.2,3.0,2.33,3.15,3.0,2.4,3.2,3.0,,,,,,,2026-03-08,union berlin,werder bremen,market_average_open,2.2,3.3,3.2,market_average_close,2.37,3.18,3.04,market_average_close,2.37,3.18,3.04,closing,0.42194092827004215,0.31446540880503143,0.32894736842105265,1.0653537054961262,0.3960571274059143,0.29517465155723804,0.3087682210368477,0.6912317789631524,0.6039428725940857,0.704825348442762,1.4466927453769558,1.6557857462656191,1.4187911972936211,H,0
D1,2026-03-13,19:30,M'gladbach,St Pauli,2,0,H,1.0,0.0,H,10.0,8.0,4.0,1.0,9.0,7.0,2.0,2.0,1.0,2.0,0.0,0.0,1.91,3.4,4.2,1.9,3.3,4.4,,,,,,,,,,,,,1.91,3.4,4.4,1.9,3.31,4.22,2.2,1.67,,,2.3,1.67,2.21,1.63,-0.5,1.93,1.93,,,1.93,1.93,1.85,1.86,1.91,3.4,4.2,1.93,3.3,4.2,,,,,,,,,,,,,1.95,3.4,4.3,1.91,3.3,4.17,2.2,1.67,,,2.25,1.67,2.18,1.65,-0.5,1.93,1.93,,,1.93,1.93,1.87,1.85,2025,Football-Data.co.uk,https://www.football-data.co.uk/mmz4281/2526/D1.csv,,,,,,,2.0,3.45,4.6,2.36,1.72,2.0,1.98,,,,,,,2.0,3.45,4.6,2.3,1.74,2.01,1.98,1.91,3.3,4.0,1.88,3.3,4.2,1.91,3.3,4.2,1.91,3.3,4.4,1.91,3.25,4.33,1.91,3.3,4.0,1.88,3.2,4.3,1.95,3.3,4.0,,,,,,,2026-03-13,borussia m gladbach,st pauli,market_average_open,1.9,3.31,4.22,market_average_close,1.91,3.3,4.17,market_average_close,1.91,3.3,4.17,closing,0.5235602094240838,0.30303030303030304,0.23980815347721823,1.0663986659316051,0.4909610506373823,0.28416230506587886,0.22487664429673868,0.7751233557032612,0.5090389493626175,0.715837694934121,1.2901172344274294,1.9644862171197883,1.3969647129186604,H,0
D1,2026-03-14,14:30,Dortmund,Augsburg,2,0,H,1.0,0.0,H,16.0,7.0,5.0,3.0,7.0,7.0,12.0,2.0,0.0,0.0,0.0,0.0,1.42,4.75,7.0,1.43,5.0,6.25,,,,,,,,,,,,,1.44,5.0,7.5,1.4,4.88,6.75,1.53,2.5,,,1.53,2.5,1.51,2.46,-1.25,1.9,1.95,,,1.9,1.98,1.85,1.93,1.55,4.5,5.0,1.55,4.75,5.0,,,,,,,,,,,,,1.57,4.75,5.6,1.53,4.47,5.31,1.57,2.38,,,1.57,2.5,1.53,2.44,-1.0,1.93,1.93,,,1.93,2.35,1.79,2.02,2025,Football-Data.co.uk,https://www.football-data.co.uk/mmz4281/2526/D1.csv,,,,,,,1.45,5.3,8.0,1.57,2.68,1.93,2.01,,,,,,,1.59,4.7,6.0,1.6,2.62,1.96,2.02,1.36,5.0,7.0,1.35,4.9,7.5,1.36,4.6,6.5,1.44,5.0,6.5,1.44,5.0,6.0,1.53,4.33,5.5,1.47,4.6,5.6,1.53,4.33,5.5,,,,,,,2026-03-14,dortmund,augsburg,market_average_open,1.4,4.88,6.75,market_average_close,1.53,4.47,5.31,market_average_close,1.53,4.47,5.31,closing,0.6535947712418301,0.2237136465324385,0.18832391713747648,1.0656323349117451,0.6133398451126769,0.20993511477011093,0.17672504011721202,0.8232749598827879,0.38666015488732297,0.7900648852298889,1.2146610169491527,2.5862504511006854,1.2657188272695163,H,1
D1,2026-03-14,14:30,Ein Frankfurt,Heidenheim,1,0,H,0.0,0.0,D,12.0,3.0,4.0,1.0,5.0,9.0,5.0,4.0,3.0,2.0,1.0,0.0,1.53,4.5,5.5,1.55,4.5,5.25,,,,,,,,,,,,,1.55,4.5,5.75,1.52,4.38,5.44,1.57,2.38,,,1.57,2.43,1.54,2.36,-1.0,1.88,1.98,,,1.88,1.98,1.83,1.95,1.65,4.33,4.75,1.63,4.33,4.6,,,,,,,,,,,,,1.65,4.5,5.1,1.61,4.26,4.77,1.5,2.63,,,1.53,2.63,1.51,2.5,-0.75,1.8,2.05,,,1.83,2.25,1.73,2.07,2025,Football-Data.co.uk,https://www.football-data.co.uk/mmz4281/2526/D1.csv,,,,,,,1.57,4.7,6.4,1.6,2.58,1.9,2.05,,,,,,,1.72,4.4,5.1,1.58,2.68,1.87,2.11,1.5,4.33,5.5,1.48,4.4,5.75,1.5,4.1,5.25,1.55,4.5,5.25,1.55,4.5,5.25,1.62,4.2,4.6,1.55,4.25,5.1,1.62,4.2,4.8,,,,,,,2026-03-14,eintracht frankfurt,fc heidenheim,market_average_open,1.52,4.38,5.44,market_average_close,1.61,4.26,4.77,market_average_close,1.61,4.26,4.77,closing,0.6211180124223602,0.2347417840375587,0.20964360587002098,1.06550340232994,0.5829338611816343,0.22031068462498388,0.19675545419338183,0.8032445458066182,0.41706613881836574,0.7796893153750161,1.244950874824553,2.3977012442995393,1.282562144024019,H,1
D1,2026-03-14,14:30,Hoffenheim,Wolfsburg,1,1,D,0.0,0.0,D,21.0,4.0,6.0,2.0,10.0,10.0,16.0,4.0,0.0,3.0,0.0,0.0,1.44,4.75,6.5,1.49,5.0,5.5,,,,,,,,,,,,,1.49,5.0,6.6,1.44,4.78,6.04,1.44,2.75,,,1.44,2.88,1.42,2.73,-1.25,1.93,1.93,,,1.95,1.93,1.91,1.87,1.45,4.75,6.25,1.43,5.25,6.0,,,,,,,,,,,,,1.45,5.25,7.0,1.41,4.97,6.46,1.4,3.0,,,1.41,3.1,1.39,2.94,-1.25,1.93,1.93,,,1.94,1.95,1.88,1.89,2025,Football-Data.co.uk,https://www.football-data.co.uk/mmz4281/2526/D1.csv,,,,,,,1.48,5.1,7.2,1.48,3.0,1.98,1.94,,,,,,,1.48,5.2,7.2,1.44,3.15,1.96,2.0,1.44,4.6,6.0,1.41,4.8,6.4,1.4,4.6,6.0,1.48,4.8,5.5,1.48,4.8,5.5,1.4,5.0,6.5,1.36,5.1,7.0,1.4,5.0,6.5,,,,,,,2026-03-14,hoffenheim,wolfsburg,market_average_open,1.44,4.78,6.04,market_average_close,1.41,4.97,6.46,market_average_close,1.41,4.97,6.46,closing,0.7092198581560284,0.2012072434607646,0.15479876160990713,1.0652258632267002,0.6657929389807662,0.188886930374825,0.1453201306444087,0.8546798693555913,0.3342070610192337,0.8111130696251749,1.1700287275444743,2.992157008742702,1.2328737354239798,H,1
D1,2026-03-14,14:30,Leverkusen,Bayern Munich,1,1,D,1.0,0.0,H,21.0,11.0,7.0,5.0,12.0,13.0,4.0,1.0,3.0,4.0,0.0,2.0,5.25,4.33,1.55,4.75,4.6,1.58,,,,,,,,,,,,,5.25,5.0,1.58,4.98,4.59,1.53,1.36,3.2,,,1.38,3.2,1.36,3.02,1.0,2.0,1.85,,,2.0,1.85,1.96,1.82,4.75,4.75,1.57,4.6,4.75,1.57,,,,,,,,,,,,,5.0,4.75,1.58,4.91,4.67,1.54,1.33,3.4,,,1.35,3.6,1.31,3.39,1.0,1.98,1.88,,,1.98,1.9,1.94,1.84,2025,Football-Data.co.uk,https://www.football-data.co.uk/mmz4281/2526/D1.csv,,,,,,,5.8,5.1,1.57,1.4,3.4,2.09,1.87,,,,,,,5.6,5.0,1.59,1.36,3.65,2.06,1.92,5.0,4.6,1.53,5.2,4.6,1.5,4.8,4.4,1.5,4.8,4.6,1.57,4.8,4.6,1.57,5.0,4.6,1.53,4.9,4.6,1.53,5.0,4.75,1.53,,,,,,,2026-03-14,bayer leverkusen,bayern munich,market_average_open,4.98,4.59,1.53,market_average_close,4.91,4.67,1.54,market_average_close,4.91,4.67,1.54,closing,0.20366598778004072,0.21413276231263384,0.6493506493506493,1.0671493994433239,0.19085049186766412,0.2006586541906276,0.6084908539417083,0.3915091460582917,0.8091495081323359,0.7993413458093724,2.554218745763631,1.2358655476516098,1.2510299951861628,A,0
D1,2026-03-14,17:30,Hamburg,FC Koln,1,1,D,1.0,1.0,D,5.0,10.0,1.0,2.0,11.0,12.0,1.0,8.0,2.0,4.0,0.0,0.0,2.1,3.6,3.25,2.1,3.6,3.3,,,,,,,,,,,,,2.15,3.6,3.4,2.09,3.52,3.21,1.8,2.0,,,1.8,2.1,1.74,2.03,-0.25,1.85,2.0,,,1.85,2.0,1.82,1.95,2.3,3.5,2.9,2.35,3.4,2.95,,,,,,,,,,,,,2.42,3.5,2.95,2.32,3.44,2.88,1.8,2.0,,,1.8,2.1,1.77,2.01,-0.25,2.03,1.83,,,2.05,1.98,1.94,1.84,2025,Football-Data.co.uk,https://www.football-data.co.uk/mmz4281/2526/D1.csv,,,,,,,2.28,3.65,3.45,1.84,2.12,1.96,2.02,,,,,,,2.44,3.55,3.15,1.87,2.12,2.12,1.88,2.1,3.6,3.1,2.08,3.55,3.2,2.05,3.4,3.13,,,,,,,2.3,3.5,2.8,2.28,3.4,2.9,2.3,3.5,2.9,,,,,,,2026-03-14,hamburger sv,fc cologne,market_average_open,2.09,3.52,3.21,market_average_close,2.32,3.44,2.88,market_average_close,2.32,3.44,2.88,closing,0.4310344827586207,0.29069767441860467,0.3472222222222222,1.0689543793994476,0.40323000781453505,0.2719458192237562,0.32482417296170873,0.6751758270382913,0.596769992185465,0.7280541807762437,1.4810956790123455,1.6756874727193365,1.3735241502683364,H,0
D1,2026-03-15,14:30,Werder Bremen,Mainz,0,2,A,0.0,1.0,A,16.0,11.0,3.0,2.0,7.0,7.0,9.0,4.0,2.0,1.0,0.0,0.0,2.2,3.5,3.2,2.25,3.5,3.1,,,,,,,,,,,,,2.25,3.6,3.2,2.2,3.46,3.05,1.73,2.1,,,1.78,2.1,1.73,2.03,-0.25,1.93,1.93,,,1.95,1.93,1.91,1.87,2.3,3.6,3.0,2.25,3.5,3.1,,,,,,,,,,,,,2.3,3.6,3.15,2.24,3.48,3.02,1.67,2.2,,,1.76,2.2,1.7,2.11,-0.25,2.0,1.85,,,2.0,1.86,1.94,1.83,2025,Football-Data.co.uk,https://www.football-data.co.uk/mmz4281/2526/D1.csv,,,,,,,2.3,3.65,3.3,1.8,2.18,1.99,1.98,,,,,,,2.34,3.6,3.3,1.78,2.24,2.03,1.95,2.2,3.6,2.88,2.23,3.4,3.05,2.1,3.4,3.0,2.25,3.5,3.1,2.25,3.4,3.1,2.25,3.5,2.88,2.16,3.4,3.15,2.25,3.6,2.9,,,,,,,2026-03-15,werder bremen,mainz 05,market_average_open,2.2,3.46,3.05,market_average_close,2.24,3.48,3.02,market_average_close,2.24,3.48,3.02,closing,0.4464285714285714,0.28735632183908044,0.33112582781456956,1.0649107210822213,0.4192169001499825,0.26984076331493123,0.3109423365350864,0.6890576634649137,0.5807830998500176,0.7301592366850689,1.4512573519196035,1.7218131868131865,1.3695642672960096,H,0
D1,2026-03-15,16:30,Freiburg,Union Berlin,0,1,A,0.0,0.0,D,19.0,9.0,6.0,4.0,6.0,19.0,6.0,2.0,0.0,2.0,0.0,0.0,2.15,3.3,3.5,2.2,3.2,3.5,,,,,,,,,,,,,2.2,3.4,3.55,2.11,3.26,3.45,2.1,1.73,,,2.2,1.73,2.1,1.68,-0.25,1.85,2.0,,,1.85,2.0,1.8,1.97,1.9,3.6,4.0,1.9,3.5,4.0,,,,,,,,,,,,,1.95,3.6,4.2,1.89,3.54,3.94,1.8,2.0,,,1.88,2.0,1.81,1.95,-0.5,1.9,1.95,,,1.91,1.95,1.85,1.87,2025,Football-Data.co.uk,https://www.football-data.co.uk/mmz4281/2526/D1.csv,,,,,,,2.24,3.3,3.7,2.22,1.77,1.91,2.04,,,,,,,1.98,3.7,4.3,1.91,2.06,1.98,2.01,2.1,3.3,3.4,2.07,3.25,3.55,2.05,3.2,3.3,2.2,3.2,3.5,2.15,3.2,3.4,1.9,3.6,3.75,1.87,3.5,3.9,1.87,3.6,4.0,,,,,,,2026-03-15,freiburg,union berlin,market_average_open,2.11,3.26,3.45,market_average_close,1.89,3.54,3.94,market_average_close,1.89,3.54,3.94,closing,0.5291005291005292,0.2824858757062147,0.25380710659898476,1.0653935114057287,0.49662450863100327,0.2651469834216373,0.2382285079473594,0.7617714920526406,0.5033754913689967,0.7348530165783627,1.3127296183077657,1.986588574823869,1.3608163502631043,H,0
D1,2026-03-15,18:30,Stuttgart,RB Leipzig,1,0,H,0.0,0.0,D,13.0,9.0,4.0,4.0,5.0,16.0,5.0,6.0,1.0,2.0,0.0,0.0,2.3,3.9,2.7,2.25,3.9,2.8,,,,,,,,,,,,,2.42,4.0,2.8,2.26,3.85,2.69,1.36,3.2,,,1.4,3.2,1.36,3.02,-0.25,2.05,1.8,,,2.05,1.85,2.0,1.77,2.45,3.9,2.5,2.37,3.9,2.6,,,,,,,,,,,,,2.5,4.0,2.62,2.4,3.91,2.54,1.33,3.4,,,1.33,3.5,1.31,3.31,0.0,1.9,1.95,,,1.9,1.96,1.84,1.92,2025,Football-Data.co.uk,https://www.football-data.co.uk/mmz4281/2526/D1.csv,,,,,,,2.46,4.0,2.82,1.41,3.2,2.15,1.83,,,,,,,2.52,4.1,2.76,1.37,3.6,1.9,2.08,2.25,4.0,2.63,2.28,3.75,2.7,2.2,3.8,2.6,,,,,,,2.38,4.0,2.5,2.4,3.85,2.5,2.4,4.0,2.5,2.37,3.9,2.62,2.37,3.9,2.6,2026-03-15,vfb stuttgart,rasenballsport leipzig,market_average_open,2.26,3.85,2.69,market_average_close,2.4,3.91,2.54,market_average_close,2.4,3.91,2.54,closing,0.4166666666666667,0.2557544757033248,0.39370078740157477,1.0661219297715663,0.390824590538105,0.23989233178809513,0.3692830776737999,0.6307169223262001,0.6091754094618951,0.7601076682119049,1.585497335812421,1.64156330749354,1.3156030939043457,H,0
D1,2026-03-20,19:30,RB Leipzig,Hoffenheim,5,0,H,4.0,0.0,H,14.0,8.0,9.0,2.0,8.0,16.0,1.0,3.0,1.0,1.0,0.0,0.0,1.91,4.0,3.5,1.9,4.1,3.4,,,,,,,,,,,,,1.93,4.2,3.55,1.9,4.09,3.4,1.36,3.2,,,1.39,3.3,1.36,3.05,-0.5,1.95,1.9,,,1.95,1.93,1.85,1.86,1.91,4.1,3.5,1.93,4.1,3.4,,,,,,,,,,,,,1.95,4.1,3.6,1.9,3.98,3.45,1.4,3.0,,,1.43,3.1,1.4,2.89,-0.5,1.93,1.93,,,1.93,1.93,1.86,1.86,2025,Football-Data.co.uk,https://www.football-data.co.uk/mmz4281/2526/D1.csv,,,,,,,2.0,4.2,3.7,1.41,3.3,2.0,1.98,,,,,,,1.99,4.1,3.9,1.44,3.2,1.98,2.01,1.91,4.2,3.25,1.85,4.0,3.55,1.93,4.1,3.3,,,,,,,1.9,4.0,3.4,1.89,4.0,3.4,1.91,4.0,3.4,,,,,,,2026-03-20,rasenballsport leipzig,hoffenheim,market_average_open,1.9,4.09,3.4,market_average_close,1.9,3.98,3.45,market_average_close,1.9,3.98,3.45,closing,0.5263157894736842,0.25125628140703515,0.2898550724637681,1.0674271433444875,0.4930695202528009,0.23538494685435218,0.2715455328928469,0.7284544671071531,0.5069304797471991,0.7646150531456477,1.3727693976141182,1.972657080116172,1.3078476494622648,H,0
D1,2026-03-21,14:30,Bayern Munich,Union Berlin,4,0,H,2.0,0.0,H,31.0,5.0,9.0,1.0,5.0,8.0,12.0,1.0,1.0,2.0,0.0,0.0,1.17,8.0,13.0,1.17,8.0,11.5,,,,,,,,,,,,,1.2,8.5,16.0,1.16,7.61,13.38,1.33,3.4,,,1.35,3.45,1.31,3.26,-2.25,1.98,1.88,,,1.98,1.93,1.92,1.85,1.14,9.0,13.0,1.14,9.0,12.5,,,,,,,,,,,,,1.17,9.5,18.0,1.13,8.67,15.22,1.29,3.75,,,1.3,4.0,1.27,3.62,-2.25,1.88,1.98,,,1.88,1.98,1.84,1.93,2025,Football-Data.co.uk,https://www.football-data.co.uk/mmz4281/2526/D1.csv,,,,,,,1.18,9.8,17.0,1.35,3.65,2.03,1.9,,,,,,,1.16,10.0,21.0,1.3,4.2,1.92,2.06,1.17,7.0,13.0,1.13,8.0,16.0,1.13,7.0,13.0,1.2,8.0,11.0,1.2,8.0,11.0,1.14,7.5,15.0,1.09,9.5,18.0,1.13,8.5,17.0,1.17,9.0,13.0,1.17,9.0,12.0,2026-03-21,bayern munich,union berlin,market_average_open,1.16,7.61,13.38,market_average_close,1.13,8.67,15.22,market_average_close,1.13,8.67,15.22,closing,0.8849557522123894,0.11534025374855825,0.0657030223390276,1.0659990282999752,0.8301656274712479,0.10819921096222723,0.061635161566524974,0.9383648384334751,0.16983437252875222,0.8918007890377728,1.0656835796079271,5.8880895846375525,1.1213266598238503,H,1
D1,2026-03-21,14:30,FC Koln,M'gladbach,3,3,D,2.0,2.0,D,12.0,9.0,5.0,3.0,8.0,14.0,5.0,3.0,8.0,2.0,1.0,0.0,2.25,3.5,3.1,2.3,3.5,2.95,,,,,,,,,,,,,2.3,3.5,3.1,2.25,3.44,2.99,1.8,2.0,,,1.8,2.06,1.74,2.01,-0.25,1.98,1.88,,,1.98,1.88,1.93,1.83,2.38,3.4,3.0,2.3,3.4,3.0,,,,,,,,,,,,,2.38,3.4,3.2,2.3,3.36,3.0,1.91,1.91,,,1.94,1.91,1.87,1.87,-0.25,2.05,1.8,,,2.05,1.87,1.96,1.82,2025,Football-Data.co.uk,https://www.football-data.co.uk/mmz4281/2526/D1.csv,,,,,,,2.38,3.6,3.25,1.83,2.16,2.05,1.92,,,,,,,2.44,3.5,3.2,2.02,1.94,2.09,1.89,2.2,3.5,3.0,2.23,3.5,2.95,2.2,3.4,2.88,2.3,3.5,3.0,2.25,3.5,3.0,2.3,3.4,2.88,2.23,3.3,3.1,2.38,3.4,2.9,2.3,3.4,3.0,2.3,3.3,3.0,2026-03-21,fc cologne,borussia m gladbach,market_average_open,2.25,3.44,2.99,market_average_close,2.3,3.36,3.0,market_average_close,2.3,3.36,3.0,closing,0.4347826086956522,0.2976190476190476,0.3333333333333333,1.065734989648033,0.40796503156872277,0.2792617775619233,0.31277319086935407,0.687226809130646,0.5920349684312773,0.7207382224380768,1.4551236749116605,1.6890894175553732,1.3874663072776279,H,0
D1,2026-03-21,14:30,Heidenheim,Leverkusen,3,3,D,0.0,2.0,A,9.0,14.0,5.0,5.0,11.0,12.0,2.0,5.0,4.0,4.0,0.0,0.0,5.25,4.5,1.57,5.0,4.5,1.58,,,,,,,,,,,,,5.33,4.5,1.6,5.1,4.32,1.56,1.53,2.5,,,1.55,2.5,1.52,2.44,1.0,1.88,1.98,,,1.91,1.98,1.87,1.91,5.0,4.5,1.55,5.25,4.6,1.55,,,,,,,,,,,,,5.5,4.75,1.57,5.25,4.58,1.52,1.44,2.75,,,1.45,2.9,1.42,2.74,1.0,2.03,1.83,,,2.03,1.91,1.93,1.85,2025,Football-Data.co.uk,https://www.football-data.co.uk/mmz4281/2526/D1.csv,,,,,,,5.7,4.7,1.62,1.57,2.7,1.96,2.0,,,,,,,6.0,4.9,1.57,1.47,3.05,2.09,1.89,5.0,4.33,1.57,5.3,4.25,1.54,5.0,4.1,1.53,5.0,4.5,1.6,4.8,4.4,1.57,5.5,4.5,1.5,5.2,4.6,1.5,5.5,4.6,1.5,5.25,4.6,1.55,5.25,4.5,1.53,2026-03-21,fc heidenheim,bayer leverkusen,market_average_open,5.1,4.32,1.56,market_average_close,5.25,4.58,1.52,market_average_close,5.25,4.58,1.52,closing,0.19047619047619047,0.2183406113537118,0.6578947368421053,1.0667115386720076,0.1785639168329631,0.2046857125268682,0.6167503706401687,0.3832496293598313,0.8214360831670369,0.7953142874731318,2.6092654066498904,1.2173801717408275,1.2573645610934445,A,0
D1,2026-03-21,14:30,Wolfsburg,Werder Bremen,0,1,A,0.0,0.0,D,11.0,8.0,4.0,3.0,16.0,6.0,8.0,4.0,3.0,0.0,1.0,0.0,2.35,3.6,2.8,2.37,3.6,2.75,,,,,,,,,,,,,2.38,3.65,2.85,2.32,3.56,2.77,1.73,2.1,,,1.73,2.25,1.66,2.14,-0.25,2.05,1.8,,,2.14,1.83,2.04,1.75,2.3,3.7,2.88,2.35,3.5,2.87,,,,,,,,,,,,,2.4,3.7,2.88,2.34,3.58,2.8,1.62,2.3,,,1.66,2.3,1.62,2.22,0.0,1.7,2.1,,,1.83,2.1,1.72,2.05,2025,Football-Data.co.uk,https://www.football-data.co.uk/mmz4281/2526/D1.csv,,,,,,,2.46,3.7,3.0,1.77,2.24,2.13,1.84,,,,,,,2.48,3.75,2.98,1.71,2.4,1.82,2.19,2.3,3.6,2.75,2.28,3.65,2.75,2.25,3.4,2.75,2.37,3.6,2.75,2.37,3.6,2.75,2.38,3.6,2.63,2.33,3.5,2.8,2.3,3.6,2.88,2.3,3.5,2.87,2.3,3.5,2.87,2026-03-21,wolfsburg,werder bremen,market_average_open,2.32,3.56,2.77,market_average_close,2.34,3.58,2.8,market_average_close,2.34,3.58,2.8,closing,0.4273504273504274,0.27932960893854747,0.35714285714285715,1.0638228934318321,0.4017120048731225,0.26257153391148225,0.33571646121539517,0.6642835387846047,0.5982879951268774,0.7374284660885176,1.5053812741312744,1.6714358438496373,1.3560637349738063,H,0
D1,2026-03-21,17:30,Dortmund,Hamburg,3,2,H,0.0,2.0,A,24.0,4.0,8.0,4.0,10.0,8.0,11.0,3.0,2.0,3.0,0.0,0.0,1.4,5.0,7.0,1.41,5.25,6.5,,,,,,,,,,,,,1.41,5.25,7.5,1.38,4.88,6.96,1.53,2.5,,,1.55,2.5,1.52,2.46,-1.25,1.88,1.98,,,1.88,1.98,1.82,1.94,1.44,4.75,7.0,1.42,5.0,6.5,,,,,,,,,,,,,1.44,5.0,7.5,1.41,4.78,6.89,1.62,2.3,,,1.62,2.5,1.57,2.34,-1.25,1.95,1.9,,,1.95,1.98,1.85,1.92,2025,Football-Data.co.uk,https://www.football-data.co.uk/mmz4281/2526/D1.csv,,,,,,,1.43,5.3,8.2,1.59,2.66,1.88,2.08,,,,,,,1.47,5.0,8.2,1.62,2.56,2.05,1.94,1.36,5.0,7.0,1.36,4.8,7.5,1.36,4.6,6.5,,,,,,,1.4,4.6,7.0,1.38,4.75,6.75,1.4,4.8,7.0,1.44,5.0,6.5,1.4,5.0,6.5,2026-03-21,dortmund,hamburger sv,market_average_open,1.38,4.88,6.96,market_average_close,1.41,4.78,6.89,market_average_close,1.41,4.78,6.89,closing,0.7092198581560284,0.20920502092050208,0.14513788098693758,1.063562760063468,0.6668340457066264,0.19670209298040653,0.1364638613129671,0.8635361386870329,0.3331659542933736,0.8032979070195935,1.1580291260542426,3.001507168164719,1.244868175631396,H,1
D1,2026-03-22,14:30,Mainz,Ein Frankfurt,2,1,H,1.0,1.0,D,8.0,12.0,5.0,4.0,12.0,5.0,5.0,3.0,2.0,1.0,0.0,0.0,2.1,3.7,3.25,2.1,3.7,3.25,,,,,,,,,,,,,2.15,3.75,3.4,2.08,3.58,3.19,1.73,2.1,,,1.73,2.14,1.7,2.1,-0.25,1.85,2.0,,,1.86,2.0,1.81,1.96,2.15,3.6,3.25,2.2,3.5,3.2,,,,,,,,,,,,,2.2,3.6,3.4,2.15,3.51,3.18,1.8,2.0,,,1.8,2.1,1.76,2.02,-0.25,1.88,1.98,,,1.9,1.98,1.85,1.92,2025,Football-Data.co.uk,https://www.football-data.co.uk/mmz4281/2526/D1.csv,,,,,,,2.18,3.7,3.45,1.8,2.2,1.9,2.08,,,,,,,2.24,3.6,3.55,1.85,2.16,1.94,2.05,2.1,3.6,3.1,2.1,3.6,3.1,2.05,3.4,3.13,,,,,,,2.15,3.5,3.1,2.15,3.45,3.1,2.15,3.6,3.13,,,,,,,2026-03-22,mainz 05,eintracht frankfurt,market_average_open,2.08,3.58,3.19,market_average_close,2.15,3.51,3.18,market_average_close,2.15,3.51,3.18,closing,0.46511627906976744,0.2849002849002849,0.31446540880503143,1.0644819727750838,0.436941433453512,0.26764218858263555,0.29541637796385245,0.7045836220361475,0.563058566546488,0.7323578114173644,1.4192779518634575,1.7760141829179268,1.365452766953705,H,0
D1,2026-03-22,16:30,St Pauli,Freiburg,1,2,A,1.0,0.0,H,12.0,15.0,5.0,6.0,9.0,6.0,3.0,2.0,1.0,1.0,0.0,0.0,2.7,3.1,2.8,2.7,3.0,2.8,,,,,,,,,,,,,2.83,3.2,2.8,2.66,3.05,2.7,2.3,1.62,,,2.3,1.66,2.23,1.61,0.0,1.93,1.93,,,1.93,1.93,1.88,1.88,2.75,3.1,2.88,2.65,2.9,2.95,,,,,,,,,,,,,2.75,3.1,2.95,2.66,3.0,2.8,2.38,1.57,,,2.4,1.62,2.32,1.58,0.0,1.88,1.98,,,1.88,1.98,1.83,1.93,2025,Football-Data.co.uk,https://www.football-data.co.uk/mmz4281/2526/D1.csv,,,,,,,2.82,3.2,2.88,2.34,1.71,1.94,1.98,,,,,,,2.84,3.15,2.98,2.48,1.66,1.95,2.04,2.75,3.1,2.63,2.5,3.2,2.7,2.6,3.0,2.63,,,,,,,2.6,3.0,2.8,2.65,2.95,2.75,2.63,3.1,2.75,,,,,,,2026-03-22,st pauli,freiburg,market_average_open,2.66,3.05,2.7,market_average_close,2.66,3.0,2.8,market_average_close,2.66,3.0,2.8,closing,0.37593984962406013,0.3333333333333333,0.35714285714285715,1.0664160401002507,0.3525264394829612,0.3125734430082256,0.33490011750881316,0.6650998824911868,0.6474735605170387,0.6874265569917744,1.5035335689045937,1.5444646098003632,1.4547008547008549,H,0
D1,2026-03-22,18:30,Augsburg,Stuttgart,2,5,A,0.0,3.0,A,13.0,13.0,7.0,8.0,11.0,14.0,2.0,5.0,1.0,3.0,0.0,0.0,3.5,3.8,2.0,3.4,3.8,2.0,,,,,,,,,,,,,3.5,4.0,2.0,3.36,3.75,1.97,1.57,2.38,,,1.6,2.38,1.56,2.34,0.5,1.85,2.0,,,1.85,2.0,1.79,1.92,3.5,3.8,2.0,3.25,3.7,2.05,,,,,,,,,,,,,3.75,3.8,2.05,3.37,3.74,1.99,1.57,2.38,,,1.57,2.5,1.55,2.39,0.5,1.85,2.0,,,1.85,2.0,1.79,1.94,2025,Football-Data.co.uk,https://www.football-data.co.uk/mmz4281/2526/D1.csv,,,,,,,3.65,3.9,2.08,1.65,2.48,1.89,2.08,,,,,,,3.75,3.9,2.08,1.62,2.6,1.89,2.1,3.25,3.75,2.0,3.45,3.7,1.94,3.3,3.6,1.93,,,,,,,3.25,3.75,2.0,3.3,3.65,1.98,3.3,3.8,2.0,,,,,,,2026-03-22,augsburg,vfb stuttgart,market_average_open,3.36,3.75,1.97,market_average_close,3.37,3.74,1.99,market_average_close,3.37,3.74,1.99,closing,0.29673590504451036,0.267379679144385,0.5025125628140703,1.0666281470029657,0.27819995738747866,0.2506775017101077,0.47112254090241357,0.5288774590975864,0.7218000426125213,0.7493224982898923,1.890797164443879,1.385425243784341,1.3345388698220129,A,0
D1,2026-04-04,14:30,Freiburg,Bayern Munich,2,3,A,0.0,0.0,D,13.0,21.0,4.0,9.0,9.0,13.0,5.0,8.0,3.0,3.0,0.0,0.0,6.5,5.5,1.4,6.25,5.5,1.41,,,,,,,,,,,,,7.5,5.5,1.41,6.66,5.26,1.37,1.36,3.2,,,1.38,3.2,1.36,3.03,1.5,1.83,2.03,,,1.83,2.03,1.77,1.95,5.25,4.75,1.53,5.0,4.75,1.55,,,,,,,,,,,,,6.0,4.75,1.55,5.43,4.61,1.5,1.44,2.75,,,1.48,2.88,1.44,2.71,1.25,1.73,2.08,,,1.83,2.08,1.73,2.04,2025,Football-Data.co.uk,https://www.football-data.co.uk/mmz4281/2526/D1.csv,,,,,,,7.4,5.8,1.44,1.4,3.35,1.85,2.13,,,,,,,5.9,4.9,1.58,1.5,2.96,1.81,2.18,7.0,5.5,1.36,7.5,5.2,1.33,6.5,5.0,1.33,,,,,,,5.5,4.6,1.5,5.8,4.6,1.45,5.5,4.6,1.5,,,,,,,2026-04-04,freiburg,bayern munich,market_average_open,6.66,5.26,1.37,market_average_close,5.43,4.61,1.5,market_average_close,5.43,4.61,1.5,closing,0.1841620626151013,0.21691973969631234,0.6666666666666666,1.0677484689780803,0.17247700930103785,0.20315621702920508,0.624366773669757,0.37563322633024293,0.8275229906989621,0.7968437829707948,2.662171314741036,1.2084256404228193,1.2549511226300816,A,0
D1,2026-04-04,14:30,Hamburg,Augsburg,1,1,D,0.0,1.0,A,18.0,18.0,4.0,3.0,12.0,12.0,9.0,2.0,2.0,3.0,1.0,0.0,2.25,3.5,3.2,2.25,3.5,3.0,,,,,,,,,,,,,2.3,3.5,3.2,2.22,3.41,3.07,1.8,2.0,,,1.83,2.0,1.78,1.98,-0.25,1.95,1.9,,,1.95,1.91,1.91,1.85,2.35,3.5,2.9,2.37,3.4,2.9,,,,,,,,,,,,,2.44,3.5,3.0,2.37,3.37,2.88,1.73,2.1,,,1.81,2.1,1.74,2.04,0.0,1.7,2.1,,,1.83,2.14,1.71,2.07,2025,Football-Data.co.uk,https://www.football-data.co.uk/mmz4281/2526/D1.csv,,,,,,,2.36,3.55,3.3,1.9,2.08,2.03,1.95,,,,,,,2.5,3.5,3.15,1.8,2.24,1.79,2.25,2.25,3.5,3.0,2.2,3.4,3.1,2.15,3.4,2.9,,,,,,,2.4,3.5,2.75,2.35,3.25,2.95,2.38,3.3,2.9,,,,,,,2026-04-04,hamburger sv,augsburg,market_average_open,2.22,3.41,3.07,market_average_close,2.37,3.37,2.88,market_average_close,2.37,3.37,2.88,closing,0.42194092827004215,0.29673590504451036,0.3472222222222222,1.0658990555367747,0.3958544911718282,0.27839025046802157,0.3257552583601503,0.6742447416398498,0.6041455088281719,0.7216097495319784,1.483140969802555,1.6552303797468353,1.3857905892327258,H,0
D1,2026-04-04,14:30,Hoffenheim,Mainz,1,2,A,1.0,1.0,D,16.0,9.0,5.0,5.0,11.0,5.0,7.0,3.0,4.0,1.0,0.0,0.0,1.7,4.0,4.75,1.72,4.0,4.5,,,,,,,,,,,,,1.72,4.33,4.75,1.67,4.05,4.41,1.57,2.38,,,1.57,2.5,1.53,2.42,-0.75,1.88,1.98,,,1.9,1.98,1.83,1.92,1.7,3.9,4.75,1.73,4.0,4.4,,,,,,,,,,,,,1.73,4.0,4.75,1.7,3.95,4.52,1.67,2.2,,,1.68,2.28,1.64,2.2,-0.75,1.88,1.98,,,1.9,1.98,1.85,1.91,2025,Football-Data.co.uk,https://www.football-data.co.uk/mmz4281/2526/D1.csv,,,,,,,1.74,4.4,5.0,1.6,2.6,1.92,2.06,,,,,,,1.78,4.1,5.0,1.73,2.34,1.98,2.0,1.7,4.2,4.33,1.66,4.0,4.5,1.62,3.9,4.33,,,,,,,1.73,4.0,4.33,1.7,3.9,4.35,1.67,4.0,4.6,,,,,,,2026-04-04,hoffenheim,mainz 05,market_average_open,1.67,4.05,4.41,market_average_close,1.7,3.95,4.52,market_average_close,1.7,3.95,4.52,closing,0.5882352941176471,0.2531645569620253,0.22123893805309736,1.0626387891327695,0.5535609090627229,0.23824140390041237,0.20819768703686484,0.7918023129631353,0.4464390909372772,0.7617585960995877,1.2629414989427519,2.239947218556844,1.312751841751801,H,1
D1,2026-04-04,14:30,Leverkusen,Wolfsburg,6,3,H,2.0,3.0,A,25.0,11.0,11.0,5.0,8.0,11.0,12.0,2.0,1.0,3.0,0.0,0.0,1.4,5.0,7.0,1.41,5.0,6.75,,,,,,,,,,,,,1.41,5.25,7.0,1.39,4.93,6.73,1.44,2.75,,,1.48,2.75,1.44,2.69,-1.25,1.85,2.0,,,1.85,2.0,1.81,1.94,1.45,4.75,6.25,1.46,5.0,6.0,,,,,,,,,,,,,1.47,5.2,7.5,1.42,4.88,6.39,1.5,2.63,,,1.5,2.8,1.46,2.65,-1.25,1.95,1.9,,,1.95,1.9,1.9,1.85,2025,Football-Data.co.uk,https://www.football-data.co.uk/mmz4281/2526/D1.csv,,,,,,,1.44,5.5,7.6,1.49,2.94,1.9,2.07,,,,,,,1.49,5.2,7.0,1.51,2.92,2.02,1.94,1.4,5.0,7.0,1.38,4.9,6.75,1.36,4.75,6.5,,,,,,,1.44,4.6,6.5,1.34,5.2,7.5,1.4,5.0,6.5,,,,,,,2026-04-04,bayer leverkusen,wolfsburg,market_average_open,1.39,4.93,6.73,market_average_close,1.42,4.88,6.39,market_average_close,1.42,4.88,6.39,closing,0.7042253521126761,0.20491803278688525,0.1564945226917058,1.0656379075912672,0.6608486307553415,0.19229611796569362,0.1468552512789648,0.8531447487210351,0.3391513692446584,0.8077038820343063,1.1721340388007055,2.9485359361135766,1.2380774962742176,H,1
D1,2026-04-04,14:30,M'gladbach,Heidenheim,2,2,D,1.0,1.0,D,15.0,15.0,7.0,7.0,12.0,11.0,2.0,3.0,4.0,0.0,0.0,0.0,1.57,4.33,5.25,1.58,4.33,5.25,,,,,,,,,,,,,1.6,4.5,5.6,1.56,4.22,5.2,1.62,2.3,,,1.62,2.38,1.59,2.29,-1.0,1.98,1.88,,,1.98,1.9,1.91,1.85,1.57,4.2,5.25,1.61,4.2,5.0,,,,,,,,,,,,,1.62,4.33,5.25,1.59,4.22,5.05,1.62,2.3,,,1.62,2.43,1.58,2.33,-1.0,1.98,1.88,,,2.0,1.88,1.96,1.82,2025,Football-Data.co.uk,https://www.football-data.co.uk/mmz4281/2526/D1.csv,,,,,,,1.6,4.6,6.0,1.65,2.46,1.98,1.97,,,,,,,1.66,4.4,5.7,1.67,2.44,2.1,1.89,1.6,4.2,5.0,1.52,4.2,5.6,1.53,4.0,5.0,,,,,,,1.62,4.2,5.0,1.54,4.3,5.2,1.57,4.2,5.25,,,,,,,2026-04-04,borussia m gladbach,fc heidenheim,market_average_open,1.56,4.22,5.2,market_average_close,1.59,4.22,5.05,market_average_close,1.59,4.22,5.05,closing,0.6289308176100629,0.23696682464454977,0.19801980198019803,1.0639174442348107,0.5911462595318208,0.22273046271459598,0.1861232777535832,0.8138767222464167,0.4088537404681792,0.7772695372854039,1.2286873093505566,2.4458624222317207,1.2865549877234055,H,1
D1,2026-04-04,14:30,Werder Bremen,RB Leipzig,1,2,A,0.0,1.0,A,13.0,7.0,5.0,2.0,13.0,14.0,1.0,0.0,2.0,1.0,0.0,0.0,3.6,4.0,1.91,3.6,3.8,1.93,,,,,,,,,,,,,3.6,4.0,2.0,3.42,3.85,1.93,1.5,2.63,,,1.5,2.63,1.48,2.58,0.5,1.93,1.93,,,1.93,1.95,1.84,1.89,3.75,4.1,1.85,3.6,3.9,1.93,,,,,,,,,,,,,4.0,4.2,1.93,3.74,3.96,1.84,1.5,2.63,,,1.5,2.8,1.46,2.65,0.5,2.03,1.83,,,2.03,1.85,1.92,1.8,2025,Football-Data.co.uk,https://www.football-data.co.uk/mmz4281/2526/D1.csv,,,,,,,3.8,4.1,1.99,1.53,2.8,2.0,1.99,,,,,,,4.1,4.2,1.92,1.53,2.84,2.07,1.93,3.3,4.0,1.95,3.4,3.8,1.93,3.3,3.8,1.87,,,,,,,3.6,4.2,1.83,3.8,3.9,1.8,3.7,4.0,1.83,,,,,,,2026-04-04,werder bremen,rasenballsport leipzig,market_average_open,3.42,3.85,1.93,market_average_close,3.74,3.96,1.84,market_average_close,3.74,3.96,1.84,closing,0.267379679144385,0.25252525252525254,0.5434782608695652,1.0633831925392028,0.2514424536896447,0.23747342848466446,0.5110841178256909,0.48891588217430915,0.7485575463103553,0.7625265715153355,2.045341614906832,1.3359026369168356,1.3114297092791716,A,0
D1,2026-04-04,17:30,Stuttgart,Dortmund,0,2,A,0.0,0.0,D,13.0,5.0,3.0,3.0,10.0,12.0,5.0,2.0,2.0,4.0,0.0,0.0,2.3,3.9,2.8,2.3,3.8,2.75,,,,,,,,,,,,,2.38,4.0,2.8,2.28,3.86,2.68,1.44,2.75,,,1.44,2.88,1.42,2.75,-0.25,2.05,1.8,,,2.05,1.83,1.98,1.78,2.35,3.9,2.63,2.3,3.8,2.75,,,,,,,,,,,,,2.38,4.0,2.75,2.33,3.85,2.65,1.5,2.63,,,1.5,2.88,1.46,2.67,-0.25,2.08,1.73,,,2.08,1.83,2.03,1.74,2025,Football-Data.co.uk,https://www.football-data.co.uk/mmz4281/2526/D1.csv,,,,,,,2.4,4.1,2.88,1.47,3.0,2.11,1.88,,,,,,,2.48,4.0,2.84,1.54,2.84,2.17,1.84,2.3,4.0,2.63,2.32,3.8,2.63,2.2,3.75,2.63,,,,,,,2.3,4.0,2.63,2.38,3.8,2.55,2.38,3.8,2.63,,,,,,,2026-04-04,vfb stuttgart,dortmund,market_average_open,2.28,3.86,2.68,market_average_close,2.33,3.85,2.65,market_average_close,2.33,3.85,2.65,closing,0.4291845493562232,0.2597402597402597,0.37735849056603776,1.0662832996625207,0.4025051780254463,0.24359404280501032,0.3539007791695434,0.6460992208304566,0.5974948219745537,0.7564059571949897,1.5477498931428224,1.6736546715087488,1.322041412402858,H,0
D1,2026-04-05,14:30,Union Berlin,St Pauli,1,1,D,0.0,1.0,A,16.0,9.0,8.0,2.0,10.0,8.0,7.0,2.0,0.0,2.0,0.0,1.0,2.1,3.25,3.75,2.1,3.2,3.6,,,,,,,,,,,,,2.1,3.25,4.0,2.08,3.13,3.67,2.5,1.53,,,2.6,1.57,2.46,1.51,-0.25,1.8,2.05,,,1.83,2.05,1.76,2.0,2.1,3.2,3.75,2.05,3.2,3.9,,,,,,,,,,,,,2.1,3.25,4.2,2.04,3.18,3.85,2.3,1.62,,,2.4,1.63,2.3,1.59,-0.5,2.08,1.73,,,2.08,1.83,1.99,1.74,2025,Football-Data.co.uk,https://www.football-data.co.uk/mmz4281/2526/D1.csv,,,,,,,2.18,3.35,4.0,2.62,1.59,1.85,2.14,,,,,,,2.1,3.35,4.3,2.4,1.69,2.1,1.9,2.1,3.2,3.6,2.08,3.1,3.7,2.05,3.0,3.6,,,,,,,2.05,3.25,3.75,2.02,3.15,3.8,2.1,3.2,3.6,,,,,,,2026-04-05,union berlin,st pauli,market_average_open,2.08,3.13,3.67,market_average_close,2.04,3.18,3.85,market_average_close,2.04,3.18,3.85,closing,0.49019607843137253,0.31446540880503143,0.2597402597402597,1.0644017469766638,0.46053670977497907,0.29543864400659037,0.24402464621843045,0.7559753537815694,0.5394632902250208,0.7045613559934095,1.322794446932378,1.8536942515270691,1.4193228048819555,H,0
D1,2026-04-05,16:30,Ein Frankfurt,FC Koln,2,2,D,0.0,0.0,D,20.0,14.0,7.0,9.0,10.0,7.0,8.0,0.0,1.0,2.0,0.0,0.0,2.0,3.5,3.6,2.0,3.7,3.4,,,,,,,,,,,,,2.06,3.7,3.66,2.01,3.55,3.4,1.73,2.1,,,1.73,2.1,1.7,2.09,-0.25,1.73,2.08,,,1.83,2.08,1.74,2.01,1.91,3.9,3.6,1.9,3.75,3.75,,,,,,,,,,,,,1.95,3.9,3.85,1.9,3.7,3.72,1.62,2.3,,,1.68,2.3,1.64,2.21,-0.5,1.93,1.93,,,1.93,1.93,1.85,1.86,2025,Football-Data.co.uk,https://www.football-data.co.uk/mmz4281/2526/D1.csv,,,,,,,2.12,3.7,3.7,1.77,2.24,1.84,2.14,,,,,,,2.0,3.85,4.0,1.69,2.4,1.99,2.0,2.05,3.6,3.4,2.02,3.5,3.35,1.95,3.5,3.3,,,,,,,1.95,3.75,3.6,1.83,3.7,3.85,1.9,3.75,3.7,,,,,,,2026-04-05,eintracht frankfurt,fc cologne,market_average_open,2.01,3.55,3.4,market_average_close,1.9,3.7,3.72,market_average_close,1.9,3.7,3.72,closing,0.5263157894736842,0.27027027027027023,0.26881720430107525,1.0654032640450297,0.4940061732826071,0.25367884573971716,0.2523149809776757,0.7476850190223243,0.5059938267173929,0.7463211542602828,1.3374615975422428,1.9763086962689742,1.3399057420409735,H,0
D1,2026-04-10,19:30,Augsburg,Hoffenheim,2,2,D,2.0,2.0,D,17.0,13.0,8.0,4.0,6.0,18.0,4.0,4.0,5.0,3.0,0.0,0.0,3.5,3.75,2.0,3.2,3.7,2.1,,,,,,,,,,,,,3.5,3.8,2.1,3.32,3.75,2.01,1.57,2.38,,,1.57,2.5,1.55,2.38,0.5,1.83,2.03,,,1.83,2.03,1.76,1.97,3.6,3.9,1.95,3.4,3.8,1.98,,,,,,,,,,,,,3.7,4.0,2.05,3.46,3.84,1.94,1.44,2.75,,,1.5,2.8,1.46,2.64,0.5,1.85,2.0,,,1.9,2.0,1.83,1.9,2025,Football-Data.co.uk,https://www.football-data.co.uk/mmz4281/2526/D1.csv,,,,,,,3.65,3.9,2.12,1.61,2.58,1.88,2.12,,,,,,,3.8,4.0,2.02,1.52,2.92,1.96,2.02,3.2,3.75,2.1,3.3,3.7,1.98,3.3,3.8,2.0,,,,,,,3.4,4.0,1.95,3.7,3.75,1.85,3.3,4.0,1.95,,,,,,,2026-04-10,augsburg,hoffenheim,market_average_open,3.32,3.75,2.01,market_average_close,3.46,3.84,1.94,market_average_close,3.46,3.84,1.94,closing,0.28901734104046245,0.2604166666666667,0.5154639175257733,1.0648979252329025,0.27140379767126677,0.244546130193381,0.4840500721353521,0.5159499278646478,0.7285962023287331,0.7554538698066189,1.9381725744951281,1.3725023501410085,1.323707561728395,A,0
D1,2026-04-11,14:30,Dortmund,Leverkusen,0,1,A,0.0,1.0,A,14.0,11.0,1.0,4.0,5.0,6.0,5.0,5.0,3.0,0.0,0.0,0.0,1.95,3.8,3.6,1.98,3.75,3.5,,,,,,,,,,,,,2.0,4.0,3.6,1.95,3.8,3.42,1.53,2.5,,,1.53,2.63,1.51,2.46,-0.5,1.98,1.88,,,1.98,1.88,1.91,1.82,2.15,3.8,3.1,2.1,3.8,3.1,,,,,,,,,,,,,2.15,4.0,3.33,2.06,3.79,3.19,1.53,2.5,,,1.53,2.75,1.48,2.57,-0.5,2.1,1.7,,,2.1,1.81,2.0,1.73,2025,Football-Data.co.uk,https://www.football-data.co.uk/mmz4281/2526/D1.csv,,,,,,,2.06,4.0,3.7,1.58,2.66,2.04,1.94,,,,,,,2.14,3.9,3.5,1.54,2.8,2.16,1.84,1.95,4.0,3.4,1.9,3.85,3.45,1.91,3.7,3.25,2.0,3.75,3.5,1.95,3.75,3.5,2.1,3.75,3.1,2.0,3.7,3.3,2.1,3.9,3.0,,,,,,,2026-04-11,dortmund,bayer leverkusen,market_average_open,1.95,3.8,3.42,market_average_close,2.06,3.79,3.19,market_average_close,2.06,3.79,3.19,closing,0.4854368932038835,0.2638522427440633,0.31347962382445144,1.0627687597723983,0.45676624264703103,0.2482687229163282,0.29496503443664074,0.7050349655633592,0.543233757352969,0.7517312770836717,1.418369370093508,1.8408281636854258,1.330262595803493,H,0
D1,2026-04-11,14:30,Heidenheim,Union Berlin,3,1,H,2.0,0.0,H,7.0,10.0,3.0,3.0,7.0,13.0,3.0,5.0,0.0,2.0,0.0,0.0,2.9,3.6,2.3,2.95,3.5,2.25,,,,,,,,,,,,,3.1,3.6,2.33,2.93,3.5,2.25,1.9,1.95,,,1.91,1.95,1.84,1.91,0.25,1.83,2.03,,,1.85,2.03,1.8,1.97,2.7,3.4,2.55,2.65,3.4,2.6,,,,,,,,,,,,,3.1,3.5,2.6,2.74,3.39,2.47,1.88,1.98,,,1.91,1.98,1.83,1.91,0.0,2.0,1.85,,,2.0,1.85,1.96,1.81,2025,Football-Data.co.uk,https://www.football-data.co.uk/mmz4281/2526/D1.csv,,,,,,,3.1,3.65,2.46,1.95,2.0,1.87,2.12,,,,,,,2.94,3.5,2.64,1.93,2.06,2.09,1.89,3.0,3.5,2.25,2.95,3.6,2.18,2.8,3.3,2.25,3.0,3.5,2.3,3.0,3.5,2.25,2.75,3.4,2.5,2.7,3.4,2.45,2.7,3.4,2.5,,,,,,,2026-04-11,fc heidenheim,union berlin,market_average_open,2.93,3.5,2.25,market_average_close,2.74,3.39,2.47,market_average_close,2.74,3.39,2.47,closing,0.36496350364963503,0.2949852507374631,0.4048582995951417,1.0648070539822398,0.3427508319791074,0.2770316459064172,0.3802175221144754,0.6197824778855245,0.6572491680208926,0.7229683540935827,1.6134692987959924,1.5214929872200493,1.3831864068984652,A,0
D1,2026-04-11,14:30,RB Leipzig,M'gladbach,1,0,H,0.0,0.0,D,24.0,15.0,11.0,3.0,9.0,6.0,11.0,4.0,4.0,1.0,0.0,0.0,1.53,4.75,5.5,1.52,4.6,5.5,,,,,,,,,,,,,1.53,5.0,6.0,1.49,4.58,5.57,1.44,2.75,,,1.46,2.85,1.43,2.7,-1.25,2.03,1.78,,,2.03,1.83,1.99,1.78,1.48,5.0,5.75,1.47,5.0,5.75,,,,,,,,,,,,,1.5,5.0,6.5,1.46,4.73,5.94,1.5,2.63,,,1.5,2.75,1.47,2.61,-1.25,2.0,1.85,,,2.0,1.86,1.93,1.82,2025,Football-Data.co.uk,https://www.football-data.co.uk/mmz4281/2526/D1.csv,,,,,,,1.55,5.0,6.4,1.5,2.9,2.09,1.85,,,,,,,1.49,5.1,7.4,1.52,2.88,2.04,1.95,1.5,4.6,5.5,1.47,4.6,5.6,1.45,4.4,5.5,1.53,4.6,5.5,1.53,4.5,5.5,1.44,4.6,6.5,1.45,4.6,6.0,1.44,4.75,6.0,,,,,,,2026-04-11,rasenballsport leipzig,borussia m gladbach,market_average_open,1.49,4.58,5.57,market_average_close,1.46,4.73,5.94,market_average_close,1.46,4.73,5.94,closing,0.684931506849315,0.2114164904862579,0.16835016835016833,1.0646981656857413,0.6433104976828531,0.19856941366109207,0.1581200886560548,0.8418799113439451,0.3566895023171469,0.801430586338908,1.1878178663315981,2.803558819375794,1.2477686989314896,H,1
D1,2026-04-11,14:30,Wolfsburg,Ein Frankfurt,1,2,A,0.0,2.0,A,22.0,10.0,7.0,4.0,9.0,8.0,7.0,7.0,2.0,1.0,0.0,0.0,2.55,3.6,2.55,2.55,3.6,2.55,,,,,,,,,,,,,2.55,3.75,2.6,2.48,3.58,2.57,1.57,2.38,,,1.6,2.4,1.56,2.33,0.0,1.93,1.93,,,1.93,1.93,1.87,1.89,2.5,3.6,2.63,2.45,3.6,2.65,,,,,,,,,,,,,2.5,3.75,2.66,2.46,3.62,2.6,1.53,2.5,,,1.58,2.55,1.53,2.42,0.0,1.88,1.98,,,1.88,1.98,1.83,1.93,2025,Football-Data.co.uk,https://www.football-data.co.uk/mmz4281/2526/D1.csv,,,,,,,2.66,3.8,2.68,1.62,2.56,1.98,1.98,,,,,,,2.62,3.8,2.78,1.6,2.64,1.93,2.05,2.4,3.75,2.6,2.45,3.55,2.6,2.5,3.4,2.5,2.5,3.6,2.6,2.5,3.6,2.6,2.5,3.75,2.5,2.43,3.65,2.6,2.5,3.6,2.6,,,,,,,2026-04-11,wolfsburg,eintracht frankfurt,market_average_open,2.48,3.58,2.57,market_average_close,2.46,3.62,2.6,market_average_close,2.46,3.62,2.6,closing,0.4065040650406504,0.27624309392265195,0.3846153846153846,1.0673625435786869,0.38084910088535684,0.2588090575077287,0.3603418416069145,0.6396581583930856,0.6191508991146433,0.7411909424922714,1.5633350202429146,1.6151151543669775,1.3491800056777237,H,0
D1,2026-04-11,17:30,St Pauli,Bayern Munich,0,5,A,0.0,1.0,A,6.0,20.0,3.0,8.0,9.0,7.0,3.0,4.0,1.0,2.0,0.0,0.0,8.0,5.0,1.36,7.25,5.25,1.38,,,,,,,,,,,,,8.6,5.33,1.38,7.83,5.06,1.34,1.53,2.5,,,1.53,2.63,1.5,2.51,1.5,1.83,2.03,,,1.85,2.03,1.79,1.93,8.0,6.0,1.3,7.25,5.5,1.36,,,,,,,,,,,,,9.0,6.0,1.36,8.22,5.53,1.31,1.4,3.0,,,1.44,3.0,1.41,2.82,1.5,2.0,1.85,,,2.0,1.9,1.9,1.82,2025,Football-Data.co.uk,https://www.football-data.co.uk/mmz4281/2526/D1.csv,,,,,,,9.2,5.5,1.4,1.54,2.74,1.89,2.08,,,,,,,10.0,6.2,1.35,1.44,3.25,2.05,1.92,8.5,5.0,1.33,8.5,5.2,1.3,7.5,4.8,1.33,,,,,,,8.5,5.5,1.3,8.5,5.5,1.29,9.0,5.75,1.29,,,,,,,2026-04-11,st pauli,bayern munich,market_average_open,7.83,5.06,1.34,market_average_close,8.22,5.53,1.31,market_average_close,8.22,5.53,1.31,closing,0.121654501216545,0.18083182640144665,0.7633587786259541,1.0658451062439458,0.11413900622507646,0.1696605119656652,0.7162004818092583,0.2837995181907417,0.8858609937749236,0.8303394880343348,3.5236141568355306,1.1288452782402072,1.204326681328023,A,0
D1,2026-04-12,14:30,FC Koln,Werder Bremen,3,1,H,1.0,0.0,H,25.0,6.0,8.0,2.0,16.0,7.0,8.0,5.0,3.0,2.0,0.0,1.0,2.2,3.5,3.2,2.2,3.6,3.0,,,,,,,,,,,,,2.23,3.6,3.33,2.18,3.45,3.08,1.73,2.1,,,1.75,2.1,1.7,2.09,-0.25,1.93,1.93,,,1.93,1.93,1.88,1.88,2.35,3.4,3.0,2.3,3.4,3.0,,,,,,,,,,,,,2.38,3.6,3.1,2.29,3.38,3.01,1.8,2.0,,,1.8,2.1,1.74,2.04,-0.25,2.03,1.83,,,2.03,1.83,1.98,1.79,2025,Football-Data.co.uk,https://www.football-data.co.uk/mmz4281/2526/D1.csv,,,,,,,2.3,3.55,3.4,1.8,2.18,1.98,2.0,,,,,,,2.42,3.55,3.25,1.85,2.16,2.06,1.91,2.2,3.6,3.0,2.23,3.35,3.05,2.1,3.4,3.0,,,,,,,2.38,3.5,2.88,2.23,3.35,3.05,2.3,3.4,3.0,,,,,,,2026-04-12,fc cologne,werder bremen,market_average_open,2.18,3.45,3.08,market_average_close,2.29,3.38,3.01,market_average_close,2.29,3.38,3.01,closing,0.4366812227074236,0.2958579881656805,0.33222591362126247,1.0647651244943666,0.4101197650653649,0.27786220769221465,0.31201802724242045,0.6879819727575796,0.589880234934635,0.7221377923077854,1.4535264579561369,1.6952593777121734,1.384777269174947,H,0
D1,2026-04-12,16:30,Stuttgart,Hamburg,4,0,H,2.0,0.0,H,23.0,9.0,11.0,5.0,10.0,14.0,8.0,2.0,2.0,1.0,0.0,0.0,1.4,4.75,7.0,1.42,5.0,6.5,,,,,,,,,,,,,1.42,5.0,7.0,1.39,4.88,6.75,1.44,2.75,,,1.44,2.75,1.44,2.7,-1.25,1.83,2.03,,,1.85,2.03,1.74,1.95,1.29,6.0,9.0,1.3,6.25,8.5,,,,,,,,,,,,,1.4,6.5,10.0,1.28,5.93,8.84,1.33,3.4,,,1.36,3.5,1.33,3.22,-1.75,1.93,1.93,,,1.93,1.93,1.87,1.89,2025,Football-Data.co.uk,https://www.football-data.co.uk/mmz4281/2526/D1.csv,,,,,,,1.42,5.5,8.2,1.48,2.92,1.84,2.16,,,,,,,1.33,6.4,10.5,1.37,3.6,2.02,1.96,1.4,5.0,7.0,1.37,5.0,7.0,1.36,4.75,6.5,,,,,,,1.29,6.0,9.0,1.25,6.0,9.5,1.25,6.5,9.5,,,,,,,2026-04-12,vfb stuttgart,hamburger sv,market_average_open,1.39,4.88,6.75,market_average_close,1.28,5.93,8.84,market_average_close,1.28,5.93,8.84,closing,0.78125,0.16863406408094436,0.11312217194570136,1.0630062360266457,0.734943948137306,0.15863882860299355,0.10641722325970042,0.8935827767402995,0.265056051862694,0.8413611713970064,1.1190905040134054,3.7727868991198372,1.1885502136253658,H,1
D1,2026-04-12,18:30,Mainz,Freiburg,0,1,A,0.0,0.0,D,10.0,8.0,3.0,3.0,10.0,13.0,6.0,4.0,1.0,3.0,0.0,0.0,2.25,3.1,3.5,2.2,3.25,3.4,,,,,,,,,,,,,2.33,3.3,3.5,2.23,3.14,3.3,1.88,1.98,,,1.91,1.98,1.85,1.9,-0.25,1.95,1.9,,,1.95,1.9,1.91,1.85,2.25,3.0,3.5,2.2,3.25,3.4,,,,,,,,,,,,,2.25,3.3,3.6,2.2,3.2,3.37,1.91,1.91,,,1.91,1.95,1.86,1.89,-0.25,1.95,1.9,,,1.95,1.94,1.89,1.87,2025,Football-Data.co.uk,https://www.football-data.co.uk/mmz4281/2526/D1.csv,,,,,,,2.36,3.3,3.55,1.92,2.04,2.0,1.95,,,,,,,2.3,3.45,3.55,1.97,2.0,1.97,2.0,2.3,3.2,3.2,2.2,3.05,3.45,2.15,3.3,3.0,,,,,,,2.25,3.3,3.2,2.2,3.1,3.4,2.2,3.25,3.3,,,,,,,2026-04-12,mainz 05,freiburg,market_average_open,2.23,3.14,3.3,market_average_close,2.2,3.2,3.37,market_average_close,2.2,3.2,3.37,closing,0.45454545454545453,0.3125,0.29673590504451036,1.063781359589965,0.4272921784610508,0.2937633726919724,0.2789444488469767,0.7210555511530232,0.5727078215389492,0.7062366273080275,1.3868556984283986,1.7460910474609106,1.4159560143626573,H,0
D1,2026-04-17,19:30,St Pauli,FC Koln,1,1,D,0.0,0.0,D,14.0,10.0,6.0,1.0,6.0,2.0,8.0,5.0,4.0,1.0,0.0,0.0,2.88,3.3,2.45,2.9,3.3,2.4,,,,,,,,,,,,,2.9,3.3,3.0,2.82,3.24,2.49,2.03,1.83,,,2.08,1.83,2.0,1.78,0.0,2.1,1.78,,,2.1,1.78,2.04,1.74,2.88,3.25,2.45,2.85,3.3,2.45,,,,,,,,,,,,,2.9,3.4,3.0,2.82,3.25,2.48,2.1,1.73,,,2.1,1.83,2.0,1.78,0.0,2.1,1.78,,,2.1,1.78,2.04,1.73,2025,Football-Data.co.uk,https://www.football-data.co.uk/mmz4281/2526/D1.csv,,,,,,,3.05,3.45,2.58,2.08,1.9,2.17,1.83,,,,,,,3.1,3.35,2.6,2.14,1.86,2.2,1.82,2.88,3.3,2.4,2.88,3.15,2.43,2.8,3.3,2.45,,,,,,,2.8,3.4,2.4,2.88,3.2,2.38,2.88,3.3,2.4,,,,,,,2026-04-17,st pauli,fc cologne,market_average_open,2.82,3.24,2.49,market_average_close,2.82,3.25,2.48,market_average_close,2.82,3.25,2.48,closing,0.3546099290780142,0.3076923076923077,0.40322580645161293,1.065528043221935,0.33280206122566947,0.28876978850965784,0.3784281502646726,0.6215718497353273,0.6671979387743304,0.711230211490342,1.608824467237073,1.498805589593158,1.4060145137880988,A,0
D1,2026-04-18,14:30,Hoffenheim,Dortmund,2,1,H,1.0,0.0,H,13.0,8.0,4.0,3.0,14.0,11.0,4.0,3.0,2.0,3.0,0.0,0.0,2.5,4.0,2.5,2.6,3.75,2.45,,,,,,,,,,,,,2.63,4.0,2.5,2.53,3.8,2.42,1.5,2.63,,,1.5,2.63,1.47,2.58,0.0,1.93,1.93,,,1.95,1.93,1.9,1.85,2.15,3.9,3.0,2.15,3.9,3.0,,,,,,,,,,,,,2.63,3.9,3.0,2.19,3.82,2.89,1.44,2.75,,,1.48,2.8,1.44,2.67,-0.25,1.93,1.93,,,1.93,1.93,1.88,1.87,2025,Football-Data.co.uk,https://www.football-data.co.uk/mmz4281/2526/D1.csv,,,,,,,2.64,4.0,2.66,1.54,2.8,1.98,1.99,,,,,,,2.28,4.0,3.15,1.52,2.92,2.0,1.99,2.5,4.0,2.4,2.6,3.7,2.4,2.45,3.6,2.4,,,,,,,2.2,3.75,2.88,2.2,3.75,2.8,2.15,3.9,2.88,2.15,3.9,3.0,2.1,3.9,3.0,2026-04-18,hoffenheim,dortmund,market_average_open,2.53,3.8,2.42,market_average_close,2.19,3.82,2.89,market_average_close,2.19,3.82,2.89,closing,0.4566210045662101,0.2617801047120419,0.3460207612456747,1.0644218705239266,0.42898498913917793,0.2459364204750784,0.32507859038574377,0.6749214096142564,0.5710150108608222,0.7540635795249218,1.481653990753588,1.7512674465290679,1.326148122191532,H,0
D1,2026-04-18,14:30,Leverkusen,Augsburg,1,2,A,1.0,1.0,D,35.0,11.0,10.0,5.0,5.0,8.0,11.0,4.0,2.0,1.0,0.0,0.0,1.4,5.0,7.0,1.42,4.8,6.75,,,,,,,,,,,,,1.44,5.0,7.0,1.4,4.86,6.64,1.44,2.75,,,1.46,2.8,1.44,2.68,-1.25,1.85,2.0,,,1.86,2.0,1.81,1.93,1.38,5.25,7.0,1.4,5.25,6.5,,,,,,,,,,,,,1.44,5.5,7.0,1.38,5.2,6.74,1.44,2.75,,,1.44,3.1,1.39,2.9,-1.5,2.0,1.85,,,2.0,1.85,1.95,1.77,2025,Football-Data.co.uk,https://www.football-data.co.uk/mmz4281/2526/D1.csv,,,,,,,1.43,5.5,7.6,1.48,2.96,1.89,2.08,,,,,,,1.42,5.6,8.0,1.44,3.15,2.08,1.87,1.4,5.0,7.0,1.4,4.8,6.75,1.36,4.75,6.5,,,,,,,1.36,5.5,7.0,1.37,5.1,6.75,1.36,5.25,7.0,1.4,5.25,6.5,1.4,5.25,6.5,2026-04-18,bayer leverkusen,augsburg,market_average_open,1.4,4.86,6.64,market_average_close,1.38,5.2,6.74,market_average_close,1.38,5.2,6.74,closing,0.7246376811594204,0.1923076923076923,0.14836795252225518,1.065313325989368,0.6802108482839465,0.18051749435227807,0.13927165736377536,0.8607283426362246,0.31978915171605343,0.8194825056477218,1.1618067518692559,3.1270604228873844,1.2202823039029935,H,1
D1,2026-04-18,14:30,Union Berlin,Wolfsburg,1,2,A,0.0,1.0,A,25.0,5.0,7.0,4.0,13.0,15.0,11.0,4.0,1.0,1.0,0.0,0.0,2.15,3.6,3.25,2.15,3.5,3.25,,,,,,,,,,,,,2.2,3.66,3.25,2.14,3.46,3.18,1.91,1.91,,,1.91,1.95,1.84,1.91,-0.25,1.88,1.98,,,1.9,1.98,1.83,1.91,2.15,3.75,3.2,2.15,3.6,3.1,,,,,,,,,,,,,2.2,3.75,3.25,2.14,3.56,3.15,1.73,2.1,,,1.79,2.15,1.73,2.04,-0.25,1.88,1.98,,,1.9,1.98,1.84,1.91,2025,Football-Data.co.uk,https://www.football-data.co.uk/mmz4281/2526/D1.csv,,,,,,,2.24,3.7,3.45,1.92,2.06,1.94,2.04,,,,,,,2.24,3.75,3.45,1.81,2.2,1.95,2.04,2.2,3.5,3.1,2.12,3.4,3.2,2.1,3.3,3.13,,,,,,,2.1,3.6,3.25,2.12,3.45,3.2,2.15,3.6,3.13,2.15,3.6,3.1,2.15,3.6,3.1,2026-04-18,union berlin,wolfsburg,market_average_open,2.14,3.46,3.18,market_average_close,2.14,3.56,3.15,market_average_close,2.14,3.56,3.15,closing,0.4672897196261682,0.2808988764044944,0.31746031746031744,1.0656489134909801,0.43850250651067124,0.26359420335192035,0.29790329013740835,0.7020967098625917,0.5614974934893286,0.7364057966480796,1.4243052074631022,1.7809518503558648,1.3579469425033455,H,0
D1,2026-04-18,14:30,Werder Bremen,Hamburg,3,1,H,1.0,1.0,D,18.0,11.0,10.0,3.0,14.0,14.0,7.0,3.0,4.0,3.0,0.0,1.0,1.95,3.6,3.75,2.0,3.75,3.5,,,,,,,,,,,,,2.05,3.75,3.8,1.97,3.55,3.55,1.73,2.1,,,1.73,2.1,1.7,2.09,-0.5,2.0,1.85,,,2.0,1.86,1.93,1.79,1.75,3.75,4.5,1.8,3.8,4.1,,,,,,,,,,,,,2.05,4.0,4.65,1.79,3.78,4.18,1.73,2.1,,,1.73,2.2,1.68,2.12,-0.5,1.78,2.03,,,1.78,2.05,1.74,1.99,2025,Football-Data.co.uk,https://www.football-data.co.uk/mmz4281/2526/D1.csv,,,,,,,2.02,3.8,4.0,1.78,2.22,2.02,1.94,,,,,,,1.88,3.9,4.7,1.76,2.28,1.88,2.13,2.0,3.6,3.5,1.98,3.55,3.4,1.93,3.5,3.4,,,,,,,1.8,4.0,4.0,1.78,3.75,4.1,1.75,3.9,4.2,1.8,3.8,4.2,1.8,3.8,4.0,2026-04-18,werder bremen,hamburger sv,market_average_open,1.97,3.55,3.55,market_average_close,1.79,3.78,4.18,market_average_close,1.79,3.78,4.18,closing,0.5586592178770949,0.2645502645502646,0.23923444976076558,1.062443932188125,0.5258246585554166,0.24900162402491954,0.22517371741966408,0.7748262825803361,0.4741753414445836,0.7509983759750807,1.2906118732443967,2.108924510822267,1.3315608022475691,H,1
D1,2026-04-18,17:30,Ein Frankfurt,RB Leipzig,1,3,A,1.0,1.0,D,16.0,19.0,5.0,8.0,7.0,7.0,4.0,6.0,0.0,1.0,0.0,0.0,3.4,4.0,2.0,3.25,3.9,2.05,,,,,,,,,,,,,3.4,4.0,2.05,3.28,3.91,1.97,1.44,2.75,,,1.45,2.75,1.43,2.71,0.5,1.85,2.0,,,1.85,2.0,1.79,1.92,2.9,3.9,2.2,2.8,4.0,2.2,,,,,,,,,,,,,3.1,4.0,2.28,2.9,3.89,2.16,1.36,3.2,,,1.4,3.2,1.37,3.01,0.25,1.88,1.98,,,1.9,1.98,1.84,1.91,2025,Football-Data.co.uk,https://www.football-data.co.uk/mmz4281/2526/D1.csv,,,,,,,3.6,4.2,2.04,1.49,2.94,1.93,2.04,,,,,,,3.15,4.0,2.3,1.42,3.3,1.97,2.01,3.2,4.0,2.0,3.4,3.85,1.91,3.2,3.8,1.91,,,,,,,2.88,4.0,2.15,2.95,3.85,2.08,2.8,4.0,2.2,,,,,,,2026-04-18,eintracht frankfurt,rasenballsport leipzig,market_average_open,3.28,3.91,1.97,market_average_close,2.9,3.89,2.16,market_average_close,2.9,3.89,2.16,closing,0.3448275862068966,0.2570694087403599,0.4629629629629629,1.0648599579102194,0.3238243523435875,0.24141147089881837,0.43476417675759416,0.5652358232424058,0.6761756476564125,0.7585885291011816,1.7691730758741067,1.4789056711313766,1.3182377028358923,A,0
D1,2026-04-19,14:30,Freiburg,Heidenheim,2,1,H,1.0,0.0,H,17.0,13.0,4.0,2.0,10.0,9.0,5.0,4.0,1.0,0.0,0.0,0.0,1.67,4.1,4.75,1.66,4.1,4.75,,,,,,,,,,,,,1.67,4.2,5.0,1.65,4.05,4.63,1.62,2.3,,,1.62,2.3,1.6,2.25,-0.75,1.85,2.0,,,1.85,2.0,1.8,1.94,1.65,4.2,5.0,1.63,4.2,4.75,,,,,,,,,,,,,1.67,4.2,5.0,1.62,4.12,4.87,1.62,2.3,,,1.63,2.4,1.58,2.32,-0.75,1.8,2.05,,,1.8,2.05,1.76,2.0,2025,Football-Data.co.uk,https://www.football-data.co.uk/mmz4281/2526/D1.csv,,,,,,,1.74,4.3,4.9,1.66,2.46,1.93,2.04,,,,,,,1.69,4.3,5.5,1.64,2.54,1.85,2.14,1.67,4.0,4.6,1.64,3.95,4.7,1.62,3.9,4.5,,,,,,,1.67,4.0,4.6,1.6,4.1,4.8,1.62,4.1,4.8,,,,,,,2026-04-19,freiburg,fc heidenheim,market_average_open,1.65,4.05,4.63,market_average_close,1.62,4.12,4.87,market_average_close,1.62,4.12,4.87,closing,0.6172839506172839,0.24271844660194175,0.2053388090349076,1.0653412062541332,0.5794237066899233,0.22783165165963004,0.19274464165044675,0.8072553583495533,0.4205762933100768,0.7721683483403701,1.2387653914673495,2.377689888627968,1.2950543779077595,H,1
D1,2026-04-19,16:30,Bayern Munich,Stuttgart,4,2,H,3.0,1.0,H,28.0,11.0,9.0,7.0,6.0,3.0,11.0,3.0,0.0,0.0,0.0,0.0,1.4,5.5,6.5,1.42,5.25,6.5,,,,,,,,,,,,,1.42,5.66,7.0,1.37,5.39,6.44,1.25,4.0,,,1.25,4.2,1.23,3.99,-1.5,2.0,1.85,,,2.0,1.9,1.88,1.83,1.5,5.25,5.25,1.5,5.25,5.0,,,,,,,,,,,,,1.5,5.33,7.0,1.46,5.16,5.45,1.22,4.33,,,1.25,4.5,1.22,4.14,-1.25,1.98,1.88,,,1.98,1.88,1.9,1.84,2025,Football-Data.co.uk,https://www.football-data.co.uk/mmz4281/2526/D1.csv,,,,,,,1.45,5.8,6.8,1.27,4.4,2.02,1.91,,,,,,,1.52,5.4,6.2,1.26,4.7,1.99,1.98,1.36,5.5,7.0,1.32,5.6,7.0,1.36,5.0,6.0,,,,,,,1.44,5.0,6.0,1.43,5.1,5.5,1.45,5.25,5.5,,,,,,,2026-04-19,bayern munich,vfb stuttgart,market_average_open,1.37,5.39,6.44,market_average_close,1.46,5.16,5.45,market_average_close,1.46,5.16,5.45,closing,0.684931506849315,0.19379844961240308,0.18348623853211007,1.0622161949938282,0.6448136547694931,0.18244727441152325,0.1727390708189835,0.8272609291810165,0.35518634523050674,0.8175527255884767,1.2088084481277197,2.8154235471834537,1.2231627009502015,H,1
D1,2026-04-19,18:30,M'gladbach,Mainz,1,1,D,1.0,0.0,H,9.0,17.0,4.0,7.0,12.0,8.0,0.0,6.0,5.0,2.0,0.0,0.0,2.35,3.5,2.9,2.45,3.4,2.75,,,,,,,,,,,,,2.45,3.5,2.9,2.39,3.4,2.79,1.9,1.95,,,1.91,1.95,1.84,1.91,0.0,1.7,2.1,,,1.8,2.1,1.71,2.03,2.2,3.5,3.2,2.25,3.4,3.1,,,,,,,,,,,,,2.38,3.6,3.2,2.22,3.48,3.04,1.8,2.0,,,1.87,2.05,1.79,1.98,-0.25,1.93,1.93,,,1.93,1.93,1.89,1.85,2025,Football-Data.co.uk,https://www.football-data.co.uk/mmz4281/2526/D1.csv,,,,,,,2.48,3.55,3.1,1.95,2.02,1.78,2.23,,,,,,,2.36,3.6,3.3,1.86,2.12,2.04,1.95,2.4,3.5,2.8,2.38,3.35,2.8,2.3,3.25,2.8,,,,,,,2.2,3.6,3.0,2.16,3.5,3.05,2.2,3.4,3.13,,,,,,,2026-04-19,borussia m gladbach,mainz 05,market_average_open,2.39,3.4,2.79,market_average_close,2.22,3.48,3.04,market_average_close,2.22,3.48,3.04,closing,0.4504504504504504,0.28735632183908044,0.32894736842105265,1.0667541407105836,0.4222626688380112,0.269374461155283,0.30836287000670565,0.6916371299932942,0.5777373311619887,0.7306255388447169,1.4458448753462607,1.7308903996020562,1.3686901796250164,H,0
